<?xml version="1.0" encoding="UTF-8"?>
<distributori>
	<distributor nazev="Cenega">
		<pusobiOd>1997</pusobiOd>
	</distributor>
	<distributor nazev="Eidos Interactive">
		<pusobiOd>1990</pusobiOd>
	</distributor>
	<distributor nazev="2K Czech">
		<pusobiOd>1997</pusobiOd>
	</distributor>	
	<distributor nazev="Ubisoft Entertainment S.A.">
		<pusobiOd>1986</pusobiOd>
	</distributor>
	<distributor nazev="Electronic Arts">
		<pusobiOd>1982</pusobiOd>
	</distributor>
</distributori>
