<?xml version="1.0" encoding="UTF-8"?>
<!DOCTYPE pivovar SYSTEM "data.dtd">
<pivovar>  <!-- databaze pivovaru, evidence zamestnancu a produktu-->
	<zamestnanci>
		<zamestnanec id="_00000001">
			<jmeno>
				Karel
			</jmeno>
			<primeni>
				Novák
			</primeni>
			<pozice>
				sládek
			</pozice>
			<pozice>
				manažer
			</pozice>
			<email mail="karel@novak.com" />
			<adresa>
				<mesto>Praha
					<cast>Praha 1</cast>
				</mesto>
				<ulice>malostranská</ulice>
				<psc>10</psc>
			</adresa>
		</zamestnanec>
		<zamestnanec id="_00000002">
			<jmeno>
				Magda
			</jmeno>
			<primeni>
				Nováková
			</primeni>
			<pozice>
				účetní
			</pozice>
			<email mail="magda@novakova.com" />
			<adresa>
				<mesto>Praha
					<cast>Praha 1</cast>
				</mesto>
				<ulice>malostranská</ulice>
				<psc>10</psc>
			</adresa>
		</zamestnanec>
	</zamestnanci>
	<produkty> <!--jaka piva vyrabime? -->
		<pivo pid="jedna">
			<nazev>
				Svetla 10&stupen;
			</nazev>
			<popis>
				Dobre pivo
			</popis>
			<skladem>
				<![CDATA[
					for (i=0; i < 10; i++)
					{ 
						document.writeln("Hi!");
					}
				]]>
				1500 litru 
				<sudu>164</sudu>
				<lahvi>974</lahvi>
			</skladem>
		</pivo>
		<pivo pid="dva">
			<nazev>
				Tmava 11&stupen;
			</nazev>
			<popis>
				<?php echo "Nase pivo s dlouholetou tradici"; ?>
			</popis>
			<skladem>
				cca 1999 litru 
				<sudu>241</sudu>
				<lahvi>5</lahvi>
			</skladem>
		</pivo>
		<pivo pid="tri">
			<nazev>
				Tmava 12&stupen;
			</nazev>
			<popis>
				<?php echo "Toto pivo nikdo nechce"; ?>
			</popis>
			<skladem>
				cca 4500 litru 
				<sudu>300</sudu>
				<lahvi>5</lahvi>
			</skladem>
		</pivo>
	</produkty>
	<zakaznici>
		<zakaznik zid="_123456789">
			<objednavka datum="1.1 2001"  pidr="jedna" preprava="sudy" pocet="15"/>
			<objednavka datum="11.5 2001" pidr="jedna" preprava="lahve" pocet="55"/>
			<objednavka datum="21.1 2002" pidr="jedna" preprava="sudy" pocet="1"/>
			<objednavka datum="8.1 2003" pidr="dva" preprava="sudy" pocet="11"/>
			<objednavka datum="12.4 2003" pidr="jedna" preprava="sudy" pocet="64"/>
			<objednavka datum="4.9 2003" pidr="dva" preprava="sudy" pocet="12"/>
			<objednavka datum="28.2 2004" pidr="jedna" preprava="lahve" pocet="34"/>
			<objednavka datum="6.6 2004" pidr="jedna" preprava="sudy" pocet="4"/>
			<objednavka datum="7.12 2004" pidr="jedna" preprava="sudy" pocet="5"/>
			<objednavka datum="8.3 2005" pidr="dva" preprava="lahve" pocet="46"/>
			<objednavka datum="16.8 2005" pidr="jedna" preprava="sudy" pocet="4"/>
			<objednavka datum="1.10 2005" pidr="dva" preprava="sudy" pocet="99"/>
		</zakaznik>
		<zakaznik zid="_923256789">
			<objednavka datum="18.10 2009" pidr="jedna" preprava="lahve" pocet="45"/>
		</zakaznik>
	</zakaznici>
</pivovar>
