<?xml version="1.0" encoding="UTF-8" ?>
<Recepty Comment="Priprava" xmlns:xsi="http://www.w3.org/2001/XMLSchema-instance" xsi:noNamespaceSchemaLocation="data.xsd">
	<!-- 
			Created by TuslaTom
	-->
	<?php echo "CreatedBy TuslaTom"?>
	<Kategorie idKat="kat_1">
		<NazevKategorie>Ostatni</NazevKategorie>
		<Recept idRec="R1">
			<Jmeno>Chleba s maslem</Jmeno>
			<Autor RefKuch="K1"/>
			<Ingredience>1ks chleba</Ingredience>
			<Ingredience>maslo</Ingredience>
			<PopisPostupu>Umistime maslo na chleb.</PopisPostupu>
			<DobaPripravy>
				<Minut>1</Minut>
			</DobaPripravy>
			<Slozitost>Snadna</Slozitost>
			<Hodnoceni>5</Hodnoceni>
			<Komentar>
				<Napsal RefKuch="K1"/>
				<Text>
					<Datum>2000-01-01</Datum>
					<![CDATA[
						Neni nic lepsiho >:)
					]]>
				</Text>
			</Komentar>
			<Specialni>Tento recept ma sanci na vyhru, pokud ziska hodnoceni &gt; nez <Hodnoceni>5</Hodnoceni></Specialni>
		</Recept>
		<Recept idRec="R3">
			<Jmeno>Chleba bez masla</Jmeno>
			<Zamitnut Duvod="NejakyDuvod"/>
			<Autor RefKuch="K2"/>
			<Ingredience>1ks chleba</Ingredience>
			<PopisPostupu>Nemusime umistovat maslo na chleb.</PopisPostupu>
			<DobaPripravy>
				<Minut>0.5</Minut>
			</DobaPripravy>
			<Slozitost>Snadna</Slozitost>
			<Hodnoceni>3.4</Hodnoceni>
			<Komentar>
				<Napsal RefKuch="K1"/>
				<Text>
					<Datum>2005-07-01</Datum>
					<![CDATA[
						Muj je lepsi.
					]]>
				</Text>
			</Komentar>
			<Komentar>
				<Napsal RefKuch="K2"/>
				<Text>
				<Datum>2006-08-01</Datum>
					<![CDATA[
						Neni.
					]]>
				</Text>
			</Komentar>
			<Komentar>
				<Napsal RefKuch="K1"/>
				<Text>
				<Datum>2001-01-01</Datum>
					<![CDATA[
						Pokud neni, proc ma lepsi hodnoceni.
					]]>
				</Text>
			</Komentar>
			<Komentar>
				<Napsal RefKuch="K2"/>
				<Text>
					<Datum>2013-01-01</Datum>
					<![CDATA[
						Kdo rika, ze vyssi cislo je lepsi.
					]]>
				</Text>
			</Komentar>
			<Specialni> <Napsal RefKuch="K2"/> Vzdy specialni. Vzdy do <Minut>10</Minut></Specialni>
		</Recept>
	</Kategorie>
	<Kategorie idKat="kat_2">
		<NazevKategorie>Buchty</NazevKategorie>
		<Recept idRec="R2">
			<Jmeno>Svestkove bochanky</Jmeno>
			<Schvalen/>
			<Autor RefKuch="K3"/>
			<Ingredience>500 g mouky</Ingredience>
			<Ingredience>2ks vanilkovy cukr</Ingredience>
			<Ingredience>1 lzice citronove kury</Ingredience>			
			<Ingredience>sůl</Ingredience>
			<Ingredience>1 kostka drozdi</Ingredience>		
			<Ingredience>250ml mleka</Ingredience>			
			<Ingredience>125g Hery</Ingredience>	
			<Ingredience>2 lžíce rumu</Ingredience>			
			<Ingredience>rozslehana vejce</Ingredience>
			<Ingredience>mouckovy cukr</Ingredience>
			<Ingredience>500g svestek</Ingredience>	
			<Ingredience>skorice</Ingredience>					
			<Ingredience>cukr krupice</Ingredience>	
			<Ingredience>makova napln</Ingredience>	
			<Ingredience>tvarohova napln</Ingredience>				
			<PopisPostupu>
				Polohrubou mouku v mise smichame s vanilkovym cukrem, soli a citronovou kurou. Ve stredu mouky udelame dolicek, do ktereho rozdrobime kostku drozdi, posypeme vanilkovym cukrem, zalijeme malym mnozstvim vlazneho mleka a mirne promichame.
				Az drozdi vzejde a udela kvasek, pridame do misy zloutky, rum, zbyle mleko a rozpustenou vlaznou Heru. Vypracujeme vlacne, hladke, nelepive testo, ktere nechame v mise zakryte uterkou na teplem miste kynout.
				Pote testo opet propracujeme, rozdelime na zhruba dvacet stejne vekych kousku. Kazdy kus promneme, zplostime, naplnime pokrajenymi svestkami ochucenymi skorici a pridame bud jen krupicovy cukr nebo do kazdeho pridame lzicku makove ci tvarohove naplne. Bochanky pevne uzavreme a dame na pomasteny plech nebo pecici papir spojem dolu jeste kratce odpocinout (kynout). Tesne pred pecenim potreme bochanky rozslehanym vajickem.
				Peceme v predehrate troube na 180 stupnu dozlatova. Po vychladnuti pocukrujeme a podavame.
			</PopisPostupu>
			<DobaPripravy>
				<Hodin>1.5</Hodin>
			</DobaPripravy>
			<Slozitost>Stredni</Slozitost>
			<Hodnoceni>4.3</Hodnoceni>
		</Recept>
	</Kategorie>
	<Kategorie idKat="kat_3">
		<NazevKategorie>Prilohy</NazevKategorie>
		<Recept idRec="R4">
			<Jmeno>Brambory</Jmeno>
			<Schvalen/>
			<Autor RefKuch="K4"/>
			<Ingredience>brambory</Ingredience>
			<Ingredience>sůl</Ingredience>			
			<PopisPostupu>
				Nakrajime brambory a dame je do vody, mirne osolime a varime.
			</PopisPostupu>
			<DobaPripravy>
				<Minut>20</Minut>
			</DobaPripravy>
			<Slozitost>Snadna</Slozitost>
			<Hodnoceni>4</Hodnoceni>
		</Recept>
		<Recept idRec="R5">
			<Jmeno>Makarony</Jmeno>
			<Schvalen/>
			<Autor RefKuch="K4"/>
			<Ingredience>makarony</Ingredience>
			<Ingredience>sůl</Ingredience>			
			<Ingredience>olej</Ingredience>						
			<PopisPostupu>
				Dame varit vodu v pomeru 1L na 100g, do vody pridame trochu oleje. Do varici vody vlozime makarony a varime 10-15minut.
			</PopisPostupu>
			<DobaPripravy>
				<Minut>20</Minut>
			</DobaPripravy>
			<Slozitost>Snadna</Slozitost>
			<Hodnoceni>3.8</Hodnoceni>
		</Recept>
		<Recept idRec="R6">
			<Jmeno>Ryze</Jmeno>
			<Schvalen/>
			<Autor RefKuch="K5"/>
			<Ingredience>ryze</Ingredience>
			<Ingredience>sůl</Ingredience>			
			<PopisPostupu>
				Dame varit vodu, jakmile se zacne varit, pridame sul a nasledne ryzi. Varime 10-15 minut.
			</PopisPostupu>
			<DobaPripravy>
				<Minut>18</Minut>
			</DobaPripravy>
			<Slozitost>Snadna</Slozitost>
			<Hodnoceni>4</Hodnoceni>
		</Recept>
		<Recept idRec="R7">
			<Jmeno>Americke brambory</Jmeno>
			<Schvalen/>
			<Autor RefKuch="K1"/>
			<Ingredience>cele brambory</Ingredience>
			<Ingredience>koreni</Ingredience>			
			<Ingredience>olej</Ingredience>						
			<PopisPostupu>
				Dame predehrat troubu na 200°C. Nakrajime brambory na mesicky a potreme olejem a nasledne vlozime do trouby.
				Jakmile budou hotove, pridame koreni.				
			</PopisPostupu>
			<DobaPripravy>
				<Minut>50</Minut>
			</DobaPripravy>
			<Slozitost>Snadna</Slozitost>
			<Hodnoceni>3.4</Hodnoceni>
		</Recept>
		<Recept idRec="R8">
			<Jmeno>Babicciny knedliky bez mouky</Jmeno>
			<Autor RefKuch="K1"/>
			<Ingredience>brambory</Ingredience>
			<Ingredience>sůl</Ingredience>
			<Ingredience>hladka mouka</Ingredience>						
			<PopisPostupu>
				Polovinu brambor nastrouhame na nejjemnejsim struhadle nebo umixujeme - ne na nudlicky. Vylisujeme co nejvice - skoro do sucha. Vodu nechame ustat, potom pouzijeme pouze skrob.
				Zbyle brambory uvarime ve slupce, oloupeme, prolisujeme. Obe casti smichame dohromady, osolime, utvorime knedliky velikosti tenisaku, obalime v hladke mouce a dame do varici slane vody.
			</PopisPostupu>
			<DobaPripravy>
				<Hodin>1</Hodin>
			</DobaPripravy>
			<Slozitost>Stredni</Slozitost>
			<Hodnoceni>2</Hodnoceni>
		</Recept>
		<Recept idRec="R9">
			<Jmeno>Fazole</Jmeno>
			<Schvalen/>
			<Autor RefKuch="K4"/>
			<Ingredience>fazole</Ingredience>
			<Ingredience>cibule</Ingredience>
			<Ingredience>cesnek</Ingredience>
			<Ingredience>sůl</Ingredience>
			<PopisPostupu>
				Cervene fazole proplachneme a namocime minimalne na 5 hodin, nejlepe pres noc. Cibulku nakrajime nadrobno, osmazime na oleji a pridame fazole. Ochutime rozdrcenym cesnekem, saturejkou a podle chuti osolime. Dusime do zmeknuti.
			</PopisPostupu>
			<DobaPripravy>
				<Minut>320</Minut>
			</DobaPripravy>
			<Slozitost>Snadna</Slozitost>
			<Hodnoceni>4</Hodnoceni>
		</Recept>
		<Recept idRec="R10">
			<Jmeno>Knedlik</Jmeno>
			<Autor RefKuch="K2"/>
			<Ingredience>koupeny knedlik</Ingredience>
			<PopisPostupu>
				Vybalime knedlik a mame hotovo.
			</PopisPostupu>
			<DobaPripravy>
				<Minut>1</Minut>
			</DobaPripravy>
			<Slozitost>Snadna</Slozitost>
			<Hodnoceni>1</Hodnoceni>
		</Recept>
		<Recept idRec="R11">
			<Jmeno>Bramboraky z cervene repy</Jmeno>
			<Schvalen/>
			<Autor RefKuch="K4"/>
			<Ingredience>400g cervene repy</Ingredience>
			<Ingredience>sůl</Ingredience>	
			<Ingredience>2ks vejce</Ingredience>			
			<Ingredience>1 cesnek</Ingredience>			
			<Ingredience>majoranka</Ingredience>
			<Ingredience>pepr</Ingredience>	
			<PopisPostupu>
				Repu nastrouhame do misy dle chuti najemno, nahrubo nebo pul na pul. Pridame vejce, nastrouhany cesnek, pepr, kmin, sul a dobre promichame. Korenime vice nez klasicke bramboraky, repa to „ma rada“, protoze je nasladla.
				Smes zahustime moukou nebo strouhankou (jak jsme zvykli) podle potreby. Lzici nabirame smes a v rozpalenem oleji smazime male placicky z obou stran dozlatova. Hotove nechame na ubrousku okapat od prebytecneho oleje.
				Podavame s bramborovou kasi, samotne nebo k bramborove polevce...
			</PopisPostupu>
			<DobaPripravy>
				<Hodin>0.8</Hodin>
			</DobaPripravy>
			<Slozitost>Vysoka</Slozitost>
			<Hodnoceni>4.3</Hodnoceni>
			<Komentar>
				<Napsal RefKuch="K1"/>
				<Text>
					<Datum>2013-01-01</Datum>
					<![CDATA[
						Komentar od prebornika
					]]>
				</Text>
			</Komentar>
		</Recept>
	</Kategorie>
	<Kuchar IDKuch="K1" typKuch="Cook">Prebornik</Kuchar>
	<Kuchar IDKuch="K2" typKuch="User">Prebornikuv Oponent</Kuchar>
	<Kuchar IDKuch="K3" typKuch="Cook">Kuchtik</Kuchar>
	<Kuchar IDKuch="K4" typKuch="Cook">Prvni</Kuchar>
	<Kuchar IDKuch="K5" typKuch="Cook">Druhy</Kuchar>
</Recepty>
