<?xml version="1.0" encoding="UTF-8"?>
<!DOCTYPE univerzita SYSTEM "data.dtd">
<univerzita>
	<!-- Informácie o univerzite -->
	<univerzitne_udaje>
		<nazov>Bachova univerzita</nazov>
		<zkratka>BU</zkratka>
		<logo logo_zdroj="bach.png"/>
		<zaradenie univerzita_typ="verejná"/>
		<zalozenie>1975</zalozenie>
		<adresa>
			<ulica>Molová</ulica>
			<cislo>10</cislo>
			<psc>98765</psc>
			<mesto>Klavírovo</mesto>
		</adresa>
		<telefon>+999 777666444</telefon>
		<fax>+49-69/450888</fax>
		<web>http://www.bachovauniverzita.bu</web>
		<email>studium@bachovauniverzita.bu</email>
	</univerzitne_udaje>
	
	<!-- Informácie o fakultách -->
	<fakulta id="F01">
		<nazov>Sláková fakulta</nazov>
		<!-- Informácie o fakultných budovách -->
		<budovy>
			<budova>
				<adresa>
					<ulica>Molová</ulica>
					<cislo>101</cislo>
					<psc>98765</psc>
					<mesto>Klavírovo</mesto>
				</adresa>
			</budova>
		</budovy>
		<!-- Informácie o fakultných katedrách -->
		<katedra id="K01">
			<zkratka>KHNK</zkratka>
			<nazov>Katedra hry na konrabas</nazov>
			<!-- Informácie katedrových zamestnancoch -->
			<zamestnanec id="Z01" uvazok="plný">
				<osobne_udaje>
					<titul>hkb.</titul>
					<meno_priezvisko>
						<meno>Pavol</meno>
						<priezvisko>Bass</priezvisko>
					</meno_priezvisko>
					<miestnost>A1000</miestnost>
				</osobne_udaje>
				<vyzkum>
					<projekt id="P01">
						<nazov>Kontrabas v súčasnosti</nazov>
						<popis>Konštrukcie súčasných kontrabasov</popis>
					</projekt>
				</vyzkum>
				<publikacie>
					<publikacia id="T01">
						<nazov>O kontrabase</nazov>
						<popis>Delenie kontrabasov a ich vlastnosti</popis>
					</publikacia>
				</publikacie>
			</zamestnanec>
			<zamestnanec id="Z02" uvazok="polovičný">
				<osobne_udaje>
					<titul>pkh.</titul>
					<meno_priezvisko>
						<meno>Zuzana</meno>
						<priezvisko>Violová</priezvisko>
					</meno_priezvisko>
					<miestnost>A1001</miestnost>
				</osobne_udaje>
				<vyzkum>
					<projekt id="P02">
						<nazov>Ideálna veľkosť kontrabasu</nazov>
						<popis>Porovnávanie vlastností rôznych veľkostí kontrabasov</popis>
					</projekt>
				</vyzkum>
				<publikacie>
					<publikacia id="T02">
						<nazov>Elektricky kontrabas</nazov>
						<popis>O piezo snímačoch</popis>
					</publikacia>
				</publikacie>
			</zamestnanec>
		</katedra>
		<!-- Informácie o fakultných predmetoch -->
		<predmet id="S01">
			<nazov>Kontrabas I</nazov>
			<pedagog>
				Pavol Bass<zamestnanec_ref ref_id="Z01"/>
			</pedagog>
		</predmet>
	</fakulta>
	
	<!-- Informácie o dokumente -->
	<dokument>
		<aktualnost>
			<?php echo Date("d.m.Y")?>
		</aktualnost>
		<upozornenie><![CDATA[
			document.writeln("Zneužitie informácií sa trestá!");]]></upozornenie>
		<prava>
			&bach; &motto2;
		</prava>
	</dokument>
</univerzita>
