<?xml version="1.0" encoding="UTF-8"?>
<!DOCTYPE library SYSTEM "data.dtd" [
  <!ENTITY hp "Harry Potter">
]>

<library>
	<book id="book-1" binding="paperback">
		<name>Harry Potter a kámen mudrců</name>
	</book>
	<book id="book-2" binding="paperback">
		<name>&hp; a tajemná komnata</name>
		<review>O trochu lepší než <link ref="book-1"/>.</review>
		<review>Kniha dobrá, ale vás spíš zajímá, že je dnes <?php echo date("j. n. Y") ?>.</review>
		<review><![CDATA[Moje recenze používá sekci CDATA zcela zbytečně.]]></review>
		<review>First post!</review>
		<review>Fake!</review>
		<review>Click here for a free iPhone!</review>
		<review>Click here for a free iPhone!</review>
		<review>Click here for a free iPhone!</review>
		<review>Click here for a free iPhone!</review>
	</book>
	<misc>
		<misc>
			<misc>
				<misc>
					<misc>
						<misc>This is pretty deep.</misc>
					</misc>
				</misc>
			</misc>
		</misc>
	</misc>
</library>