﻿<?xml version="1.0" encoding="UTF-8"?>
<!DOCTYPE tovarna SYSTEM "data.dtd"
  [<!ENTITY stat "Česká republika">]
>

<?xml-stylesheet href="styl.css" type="text/css" ?>
<tovarna>
  
 

  <!--Zeme ve ktere se auta vyrabi-->
  <zeme>&stat;</zeme>
  
  <!--url s dalšími informacemi-->
  <info>
  Bližší informace zde:
  <![CDATA[
    http://www.youtube.com/results?search_query=subaru+impreza&oq=subaru+impreza&aq=f&aqi=g10&aql=&gs_sm=3&gs_upl=715l6025l0l6504l14l14l0l7l7l0l79l455l7l7l0
    ]]>
  </info>  
  
    <!--Typy aut, ktere se v tovarne vyrabi-->
  <typy>
      <typ id="osobni">
        <nazev>Osobní</nazev>
        <pocet>548754</pocet>
      </typ>
      <typ id="nakladni">
        <nazev>Nákladní</nazev>
        <pocet>4855</pocet>
      </typ>
      <typ id="sportovni">
        <nazev>Sportovní</nazev>
        <pocet>487</pocet>
      </typ>
  </typy>
  
    <!--seznam vyrobenych aut a informace o aute-->
  <auta>
    <auto id="B1FW54">
        <typAuta id="osobni"/>
        <rokVyroby>2012</rokVyroby>
        <datumVyroby>24.2</datumVyroby>
        <vybava>
          <polozka>ABS <i>Anti-lock Brake System</i></polozka>
          <polozka>ESP <i>Electronic Stability Program</i></polozka>
          <polozka>AWD <i>All-wheel drive</i></polozka>
          <polozka>Kožené sedačky</polozka>
          <polozka>Navigace</polozka>
        </vybava>
        <motor>
          <palivo>Benzín</palivo>
          <obsah>2.5</obsah>
          <pocetValcu>4</pocetValcu>
          <vykon>230hp</vykon>
        </motor>
        <barva>stříbrná</barva>
        <objemKufru>435l</objemKufru>
        <pneumatiky>195/65R15, 15 x 6"</pneumatiky>
        <prevodovka stupne="6">Manualni</prevodovka>
        <spotreba>
          <mesto>11.4</mesto>
          <mimoMesto>9.2</mimoMesto>
          <kombinovana>10.0</kombinovana>
        </spotreba>
        <vProdeji stav="ano"/>
    </auto>
    
    <auto id="S7B214">
        <typAuta id="sportovni"/>
        <rokVyroby>2012</rokVyroby>
        <datumVyroby>28.12</datumVyroby>
        <vybava>
          <polozka>ABS <i>Anti-lock Brake System</i></polozka>
          <polozka>ESP <i>Electronic Stability Program</i></polozka>
          <polozka>AWD <i>All-wheel drive</i></polozka>
          <polozka>Kožené sedačky</polozka>
          <polozka>Kožený volant</polozka>
          <polozka>Sportovní koncovka výfuku</polozka>
        </vybava>
        <motor>
          <palivo>Benzín</palivo>
          <obsah>3.6</obsah>
          <pocetValcu>8</pocetValcu>
          <vykon>500hp</vykon>
        </motor>
        <barva>modrá</barva>
        <pneumatiky>195/75R19, 19 x 6"</pneumatiky>
        <prevodovka>Automat</prevodovka>
        <spotreba>
          <mesto>20.1</mesto>
          <mimoMesto>14.2</mimoMesto>
          <kombinovana>16.6</kombinovana>
        </spotreba>
        <vProdeji stav="ne"/>
    </auto>
    
    <auto id="B87ACC">
        <typAuta id="osobni"/>
        <rokVyroby>2011</rokVyroby>
        <datumVyroby>1.2</datumVyroby>
        <vybava>
          <polozka>ABS <i>Anti-lock Brake System</i></polozka>
          <polozka>ESP <i>Electronic Stability Program</i></polozka>
          <polozka>Vyhřívané sedačky</polozka>
          <polozka>Navigace</polozka>
        </vybava>
        <motor>
          <palivo>Nafta</palivo>
          <obsah>2.0</obsah>
          <pocetValcu>4</pocetValcu>
          <vykon>180hp</vykon>
        </motor>
        <barva>černá</barva>
        <objemKufru>365l</objemKufru>
        <pneumatiky>195/65R16, 16 x 6"</pneumatiky>
        <prevodovka>Automat</prevodovka>
        <spotreba>
          <mesto>10.2</mesto>
          <mimoMesto>8.1</mimoMesto>
          <kombinovana>9.6</kombinovana>
        </spotreba>
        <vProdeji stav="ano"/>
    </auto>
    
    <auto id="N22DS2">
        <typAuta id="nakladni"/>
        <rokVyroby>2012</rokVyroby>
        <datumVyroby>16.9</datumVyroby>
        <vybava>
          <polozka>ABS <i>Anti-lock Brake System</i></polozka>
        </vybava>
        <motor>
          <palivo>Nafta</palivo>
          <obsah>2.5</obsah>
          <pocetValcu>4</pocetValcu>
          <vykon>350hp</vykon>
        </motor>
        <pneumatiky>195/65R15, 15 x 6"</pneumatiky>
        <prevodovka>Automat</prevodovka>
        <spotreba>
          <mesto>24.0</mesto>
          <mimoMesto>18.1</mimoMesto>
          <kombinovana>20.0</kombinovana>
        </spotreba>
        <vProdeji stav="ano"/>
    </auto>  
  </auta>
</tovarna>