<?xml version="1.0" encoding="UTF-8"?>
<cinemas>
    <cinema id="c1">
        <nameOfCinema>Slovanskýdům</nameOfCinema>
        <film-list>
            <film name="Ghost Rider 2" ref="c1">
             
            </film>
            <film name="Ďábel v těle" ref="c1">
             
            </film>
            <film name="Železná lady" ref="c1">
                
            </film>
            <film name="Žena v černém" ref="c1">
                
            </film>
            <film name="Tohle je válka" ref="c1">
              
            </film>
            <film name="Válečný kůň" ref="c1">
             
            </film>
            <film name="Můj týden s Marilyn" ref="c1">
              
            </film>
            <film name="G-Force" ref="c1">
                
            </film>
            <film name="G-FORCE 3D" ref="c1">
             
            </film>
            <film name="Ghosts of Girlfriends Past" ref="c1">
                
            </film>
            <film name="Inglourious Basterds" ref="c1">
                
            </film>
            <film name="Titanik 3D" ref="c1">
              
            </film>
        </film-list>
    </cinema>
    <cinema id="c2">
        <name>Nový Smíchov</name>
        <film-list>
            <film name="Julie &amp; Julia" ref="c2">
              
            </film>
            <film name="Ulovit miliardáře" ref="c2">
               
            </film>
            <film name="A Film With Me In It" ref="c2">
               
            </film>
            <film name="District9" ref="c2">
                
            </film>
            <film name="Gamer" ref="c2">
                
            </film>
            <film name="G-Force" ref="c2">
              
            </film>
        </film-list>
        
        
    </cinema>
    
    <cinema id="c3">
        <name>Park Hostivař</name>
        <film-list>
            <film name="Ulovit miliardáře" ref="c1">
               
            </film>
            <film name="District 9" ref="c3">
            
            </film>
            <film name="Gamer" ref="c3">
               
            </film>
            <film name="G-Force" ref="c3">
             
            </film>
            <film name="Ghosts of Girlfriends Past" ref="c3">
             
            </film>
            <film name="Harry Potter and the Half-Blood Prince" ref="c3">
               
            </film>
            <film name="Ice Age: Dawn of the Dinosaurs" ref="c3">
               
            </film>
        </film-list> 
    </cinema>
    
    <cinema id="c4">
        
        
        <name>Letňany</name>
        <film-list>
        <film name="Ulovit miliardáře" ref="c4">
       
        </film>
        <film name="District 9" ref="c4">
          
        </film>
        <film name="Gamer" ref="c4">
            
        </film>
        <film name="G-Force" ref="c4">
        
        </film>
        <film name="Night of Living Dead 3D" ref="c4">
         
        </film>
        </film-list>
    </cinema>
    
    
    <film-list>
        <film name="Ghost Rider 2"> <soldTickets>300</soldTickets></film>
        <film name="Ďábel v těle">
            <soldTickets>200</soldTickets>
        </film>
        <film name="Železná lady">
            <soldTickets>100</soldTickets>
        </film>
        <film name="Ďábel v těle" ref="c1">
        </film>
        
    </film-list>
</cinemas>
    
