<?xml version="1.0" encoding="UTF-8"?>
<zamestnanci>
<zamestnanec>
<pozice>Hlavni vedouci</pozice>
<jmeno></jmeno>
     <zamestnanec>
     <pozice>Vedouci prodeje</pozice>
     <jmeno></jmeno>
         <zamestnanec>
         <pozice>Pokladni</pozice>
         <jmeno></jmeno>
         </zamestnanec>
         <zamestnanec>
         <pozice>Pokladni</pozice>
         <jmeno></jmeno>
         </zamestnanec>
         <zamestnanec>
         <pozice>Pokladni</pozice>
         <jmeno></jmeno>
         </zamestnanec>
     </zamestnanec>
     <zamestnanec>
     <pozice>Vedouci salu</pozice>
     <jmeno></jmeno>
         <zamestnanec>
         <pozice>Uklizec</pozice>       
         <jmeno></jmeno> 
         </zamestnanec>
          <zamestnanec>
         <pozice>Strazny</pozice>       
         <jmeno></jmeno> 
         </zamestnanec>
     </zamestnanec>
</zamestnanec>
</zamestnanci>