<?xml version="1.0" encoding="UTF-8"?>
<!DOCTYPE skuska SYSTEM "data.dtd">

<skuska>
	<predmet kod="NPRG005">
		<nazov> Neprocedularne programovanie </nazov>
		<rozsah>
			<prednasky> 2 </prednasky>
			<cvicenia> 2 </cvicenia>
		</rozsah>
		<fakulta> &mff; </fakulta>
		<kredity> 6 </kredity>		
		<!-- aspon jeden garant -->
		
		<garant> RNDr. Rudolf Kryl </garant>
		<garant> RNDr. Peter Mnozina PhD.</garant>
		<ucitel cislo="U33243"> 
			<meno>  Rudolf Kryl </meno>
			<titul> <?mysql SELECT titul FROM UCITEL WHERE id = 33243 ?>  </titul>
			<fakulta> MFF </fakulta>
			<ulica> Malostranke namesti 25 </ulica>
			<mesto> Praha </mesto>
			<sidlo>
				<miestnost> S208 </miestnost>
				<budova> Mala Strana </budova>
			</sidlo>
			<telefon> 22191 778 </telefon>
			<fax> 22191 779 </fax>
			<email> jakub.tomas@mff.cuni.cz </email>
			<web> http://uk.cuni.cz/~jaktom </web>
		</ucitel>
		<ucitel cislo="U33242"> 
			<meno> Peter Mnozina </meno>
			<titul> <?mysql SELECT titul FROM UCITEL WHERE id = 33242 ?>  </titul>
			<fakulta> &mff; </fakulta>
			<ulica> Malostranke namesti 25 </ulica>
			<mesto> Praha </mesto>
			<sidlo>
				<miestnost> S208 </miestnost>
				<budova> Mala Strana </budova>
			</sidlo>
			<telefon> 22191 778 </telefon>
			<fax> 22191 779 </fax>
			<email> jakub.tomas@mff.cuni.cz </email>
			<web> http://uk.cuni.cz/~jaktom </web>
		
		</ucitel>
		<ucitel cislo="U33240"> 
			<meno> Jakub Tomas </meno>
			<titul> <?mysql SELECT titul FROM UCITEL WHERE id = 33240 ?>  </titul>
			<fakulta> &mff; </fakulta>
			<ulica> Malostranke namesti 25 </ulica>
			<mesto> Praha </mesto>
			<sidlo>
				<miestnost> S208 </miestnost>
				<budova> Mala Strana </budova>
			</sidlo>
			<telefon> 22191 778 </telefon>
			<fax> 22191 779 </fax>
			<email> jakub.tomas@mff.cuni.cz </email>
			<web> http://uk.cuni.cz/~jaktom </web>		
		</ucitel>
		<zapsano> 178 </zapsano>
		<!-- cislo alebo neobmedzena -->
		<kapacita> 200 </kapacita>
		<!-- zimmy,letny, oba -->
		<semester typ="letny"/>
	</predmet>
	<termin>
		<cas> 13:17 </cas>
		<datum> Po 1.3. 2011 </datum>			
		<miestnost> S1 </miestnost>
		<budova> Mala Strana </budova>
		<skusajuci cislo="U33240"> Mgr. Jakub Tomas </skusajuci>
		<studenti>
			<student id="S37293223">
				<meno> Marek Poplach </meno>
				<pokusy>
					<pokus cislo="1">
						<datum> 21.2.2011 </datum>
						<skusajuci cislo="U33243"> RNDr. Rudolf Kryl </skusajuci>
						<vysledek znamka="4"/>
					</pokus>
					<pokus cislo="2">
						<datum> 28.2.2011 </datum>
						<skusajuci cislo="U33243"> RNDr. Rudolf Kryl </skusajuci>
						<vysledek znamka="4"/>
					</pokus>
				</pokusy>
				<login> poplachm </login>
				<fakulta> &mff; </fakulta>
				<program> Informatika </program>
				<obor> Programovanie </obor>
				<rocnik> 2 </rocnik>
				<studium druh="bakalarske" typ="prezencne" stav="studuje"/>
				<narodnost> slovenska </narodnost>
				<email> pozorhori@ohen.sk </email>
				<amulet> <![CDATA[ #$%^&*&Hhsk27ki782 ]]> </amulet>
			</student>
			<student id="S99112369">
				<meno> Jonas Hubeny </meno>
				<pokusy>					
				</pokusy>
				<login> hubenyj </login>
				<fakulta> &mff; </fakulta>
				<program> Matematika </program>
				<obor> Matematicke metody informacnej bezpecnosti </obor>
				<rocnik> 3 </rocnik>
				<studium druh="bakalarske" typ="prezencne" stav="studuje"/>
				<narodnost> ceska </narodnost>
				<email> jonas@priber.cz </email>
			</student>
		</studenti>
	</termin>				
</skuska>