<?xml version="1.0" encoding="UTF-8"?>

<!--Struktura dat pro školy základní,střední a vysoké-->
<Skoly>	
	<Skola name="cvut" typ="vysoka"  zalozeno="1902">
		<IDSkoly>1</IDSkoly>			
		<Adresa>
			<Nazev platny="true">České vysoké učení technické</Nazev>
			<Ulice>
				<JmenoSk>Technická</JmenoSk>
				<CisloPopisne>2</CisloPopisne>
			</Ulice>
			<Telefon>608224694</Telefon>
			<Fax>284659783</Fax>
			<Email>cvut@cvut.cz</Email>
			<Email>info@cvut.cz</Email>
			<Mesto>Praha</Mesto>
			<PSC>16000</PSC>
		</Adresa>					
		<Predmety>
			<Predmet id="p_1" nazev="Počítačové sítě"/>	
			<Predmet id="p_2" nazev="Kódy a bezpečnost"/>
			<Predmet id="p_3" nazev="Účetnictví a finance"/>
			<Predmet id="p_4" nazev="Datové struktury a algoritmy"/>
			<Predmet id="p_5" nazev="Java"/>		
			<Predmet id="p_6" nazev="Matematická analýza"/>		
		</Predmety>
		<Tridy>
			<Trida id="t_1">
				<Umisteni>Leve kridlo</Umisteni>
			</Trida>
			<Trida id="t_2">
				<Budova>G</Budova>
			</Trida>
		</Tridy>
	</Skola>
	<Skola name="czu" typ="vysoka">
		<IDSkoly>1</IDSkoly>
		<Adresa>
			<Nazev>České zemědělská univerzita</Nazev>
			<Ulice>
				<JmenoSk>Kamýcká</JmenoSk>
				<CisloPopisne>129</CisloPopisne>
			</Ulice>
			<Telefon>284659784</Telefon>
			<Fax>284659783</Fax>
			<Email>czu@czu.cz</Email>
			<Mesto>Praha</Mesto>
			<PSC>16000</PSC>
		</Adresa>				
			<Predmety>
				<Predmet id="czup_1" nazev="Věda filosofie a společnost"/>	
				<Predmet id="czup_2" nazev="Matematika"/>
				<Predmet id="czup_3" nazev="Zemědělský systémy"/>
				<Predmet id="czup_4" nazev="Ekonomicko matematický metody"/>
				<Predmet id="czup_5" nazev="Tělocvik"/>		
			</Predmety>
		<Tridy>
			<Trida id="czut_1">
				<Umisteni>Leve kridlo</Umisteni>
			</Trida>
			<Trida id="czut_2">
				<Budova>G</Budova>
			</Trida>
		</Tridy>
	</Skola>
</Skoly>
