<?xml version="1.0" encoding="windows-1250"?>
<Skoly>
	<Skola name="cvut">
		<Obor>
			<Nazev>STM</Nazev>
			<Vedouci><prijmeni>Vlasek</prijmeni></Vedouci>
			<Ucitele></Ucitele>
			<Obor>
				<Nazev>OI</Nazev>
				<Vedouci><prijmeni>Bobr</prijmeni></Vedouci>
				<Ucitele></Ucitele>
			</Obor>
			<Obor>
				<Nazev>MI</Nazev>
				<Vedouci><prijmeni>Uhlir</prijmeni></Vedouci>
				<Ucitele></Ucitele>
			</Obor>			
		</Obor>			
	</Skola>
	<Skola name="czu">
		<Obor>
			<Nazev>KPE</Nazev>
			<Vedouci><prijmeni>Mesek</prijmeni></Vedouci>
			<Ucitele></Ucitele>
			<Obor>
				<Nazev>PSO</Nazev>
				<Vedouci><prijmeni>Kecup</prijmeni></Vedouci>
				<Ucitele>Mesek</Ucitele>
			</Obor>			
			<Obor>
				<Nazev>NEM</Nazev>
				<Vedouci><prijmeni>Stul</prijmeni></Vedouci>
				<Ucitele></Ucitele>
			</Obor>
		</Obor>			
	</Skola>
</Skoly>