<Ucitele>
	<Ucitel id="u_1" refPredmetu="p_1" refHlavniTrida="t_1" skola="cvut">
		<KontaktniUdajeU>
			<Jmeno>Radim</Jmeno>
			<Prijmeni>Vlasek</Prijmeni>
			<Ulice>Uhlirova</Ulice>
			<CisloPopisne>1458</CisloPopisne>
			<PSC>14000</PSC>
			<Mesto>Praha</Mesto>
			<Telefon>269456715</Telefon>
			<Mobil>603896514</Mobil>
			<Email>radim.vlasek@seznam.cz</Email>
			<WWW>www.radimvlasek.cz</WWW>					
		</KontaktniUdajeU>
		<Plat>22000</Plat>
	</Ucitel>
	<Ucitel id="u_2" refPredmetu="p_1" refHlavniTrida="t_2" skola="cvut">
		<KontaktniUdajeU>
			<Jmeno>Petr</Jmeno>
			<Prijmeni>Bobr</Prijmeni>
			<Ulice>Uhlirova</Ulice>
			<CisloPopisne>1458</CisloPopisne>					
			<PSC>14000</PSC>
			<Mesto>Trebic</Mesto>
			<Telefon>269456715</Telefon>
			<Mobil>603896514</Mobil>
			<Email>radim.vlasek@seznam.cz</Email>
			<WWW>www.radimvlasek.cz</WWW>
		</KontaktniUdajeU>
		<Plat>21000</Plat>
	</Ucitel>
	<Ucitel id="u_3" refPredmetu="p_1" refHlavniTrida="t_2" skola="cvut">
		<KontaktniUdajeU>
			<Jmeno>Jan</Jmeno>
			<Prijmeni>Uhlir</Prijmeni>
			<Ulice>Uhlirova</Ulice>
			<CisloPopisne>1458</CisloPopisne>					
			<PSC>14000</PSC>
			<Mesto>Praha</Mesto>
			<Telefon>269456715</Telefon>
			<Mobil>603896514</Mobil>
			<Email>radim.vlasek@seznam.cz</Email>
			<WWW>www.radimvlasek.cz</WWW>
		</KontaktniUdajeU>
		<Plat>18000</Plat>
	</Ucitel>
	<Ucitel id="czuu_1" refPredmetu="czup_1" refHlavniTrida="czut_1" skola="czu">
		<KontaktniUdajeU>
			<Jmeno>Radim</Jmeno>
			<Prijmeni>Mesek</Prijmeni>
			<Ulice>Uhlirova</Ulice>
			<CisloPopisne>1458</CisloPopisne>					
			<PSC>14000</PSC>
			<Mesto>Praha</Mesto>
			<Telefon>269456715</Telefon>
			<Mobil>603896514</Mobil>
			<Email>radim.vlasek@seznam.cz</Email>
			<WWW>www.radimvlasek.cz</WWW>
		</KontaktniUdajeU>
		<Plat>26000</Plat>
	</Ucitel>
	<Ucitel id="czuu_2" refPredmetu="czup_1" refHlavniTrida="czut_2" skola="czu">
		<KontaktniUdajeU>
			<Jmeno>Petr</Jmeno>
			<Prijmeni>Stul</Prijmeni>
			<Ulice>Uhlirova</Ulice>
			<CisloPopisne>1458</CisloPopisne>					
			<PSC>14000</PSC>
			<Mesto>Praha</Mesto>
			<Telefon>269456715</Telefon>
			<Mobil>603896514</Mobil>
			<Email>radim.vlasek@seznam.cz</Email>
			<WWW>www.radimvlasek.cz</WWW>
		</KontaktniUdajeU>
		<Plat>30000</Plat>
	</Ucitel>
	<Ucitel id="czuu_3" refPredmetu="czup_1" refHlavniTrida="czut_2" skola="czu">
		<KontaktniUdajeU>
			<Jmeno>Jan</Jmeno>
			<Prijmeni>Kecup</Prijmeni>
			<Ulice>Uhlirova</Ulice>
			<CisloPopisne>1458</CisloPopisne>					
			<PSC>14000</PSC>
			<Mesto>Praha</Mesto>
			<Telefon>269456715</Telefon>
			<Mobil>603896514</Mobil>
			<Email>radim.vlasek@seznam.cz</Email>
			<WWW>www.radimvlasek.cz</WWW>
		</KontaktniUdajeU>
		<Plat>17000</Plat>
	</Ucitel>
</Ucitele>