<?xml version="1.0" encoding="utf-8"?>
<Fakturace>
	<Pobocka Jmeno="Praha" Kod="Pha">
		<VydanaFaktura ID="i1" Stav="Zaplacena" Zadal="Nováková" PouzitDph="true">
			<Hlavicka>
			<Cislo>2012001</Cislo>
				<Dodavatel ID="d14"/>
				<Zakaznik ID="z12" Poznamka="overit kontaktni telefon">
					<Firma IC="1243" DIC="CZ2312">UAM CZ</Firma>
					<KontaktniOsoba>Jan Novak</KontaktniOsoba>
					<Adresa>
						<Ulice>Ulice</Ulice>
						<Mesto>Praha</Mesto>
						<PSC>10000</PSC>
						<Zeme>Česká republika</Zeme>
					</Adresa>
					<Telefon/>
					<Mail>vlada@mysh.cz</Mail>
				</Zakaznik>
				<VariabilniSymbol>123</VariabilniSymbol>
				<SpecifickySymbol>32</SpecifickySymbol>
				<DatumSplatnosti>2012-02-01</DatumSplatnosti>
				<DatumVytvoreni>2012-01-01</DatumVytvoreni>
				<DatumUZP>2012-01-14</DatumUZP>
				<OznaceniZakaznika>Moje poznámka</OznaceniZakaznika>
				<Mena>CZK</Mena>
			</Hlavicka>
			<Polozky>
				<Polozka ID="p1">
					<Jmeno><![CDATA[
					Kabely velikosti < 5m
				]]></Jmeno>
					<Mnozstvi Jednotka="kus">10</Mnozstvi>
					<Popis>UTP cat5e</Popis>
					<Cena>15</Cena>
					<Dph>dph-zakladni</Dph>
				</Polozka>
				<Polozka ID="p2">
					<Jmeno>LCD Monitor</Jmeno>
					<Popis>22"</Popis>
					<Mnozstvi Jednotka="kus">1</Mnozstvi>
					<Cena>1500</Cena>
					<Dph>dph-zakladni</Dph>
				</Polozka>
				<Polozka ID="p3">
					<Jmeno>Napájecí zdroj</Jmeno>
					<Mnozstvi Jednotka="kus">1</Mnozstvi>
					<Cena>500</Cena>
					<Dph>dph-zakladni</Dph>
				</Polozka>
				<Polozka ID="p4">
					<Jmeno>Skříň</Jmeno>
					<Mnozstvi Jednotka="kus">1</Mnozstvi>
					<Cena>1500</Cena>
					<Dph>dph-zakladni</Dph>
				</Polozka>
				<Polozka ID="p5">
					<Jmeno>Audio kabel</Jmeno>
					<Popis>3metry</Popis>
					<Mnozstvi Jednotka="kus">10</Mnozstvi>
					<Cena>50</Cena>
					<Dph>dph-zakladni</Dph>
				</Polozka>
				<Polozka ID="p6">
					<Jmeno>CPU</Jmeno>
					<Popis>Intel Core i7</Popis>
					<Mnozstvi Jednotka="kus">1</Mnozstvi>
					<Cena>4500</Cena>
					<Dph>dph-zakladni</Dph>
				</Polozka>
				<Polozka ID="p7">
					<Jmeno>Paměť RAM</Jmeno>
					<Popis>DDR3 2GB</Popis>
					<Mnozstvi Jednotka="kus">1</Mnozstvi>
					<Cena>430</Cena>
					<Dph>dph-zakladni</Dph>
				</Polozka>
				<Polozka ID="p8">
					<Jmeno>Grafická karta</Jmeno>
					<Mnozstvi Jednotka="kus">1</Mnozstvi>
					<Cena>2500</Cena>
					<Dph>dph-zakladni</Dph>
				</Polozka>
				<Polozka ID="p9">
					<Jmeno>Zvuková karta</Jmeno>
					<Mnozstvi Jednotka="kus">1</Mnozstvi>
					<Cena>1500</Cena>
					<Dph>dph-zakladni</Dph>
				</Polozka>
				<Polozka ID="p10">
					<Jmeno>Montáž</Jmeno>
					<Mnozstvi Jednotka="hodina">3</Mnozstvi>
					<Cena>500</Cena>
					<Dph>dph-zakladni</Dph>
				</Polozka>
				<Polozka ID="p11">
					<Jmeno>Asistence</Jmeno>
					<Mnozstvi>1</Mnozstvi>
					<Cena>50</Cena>
					<Dph>dph-zadne</Dph>
				</Polozka>
			</Polozky>
		</VydanaFaktura>
		<VydanaFaktura ID="i2" Stav="Nezaplacena" Zadal="IS">
			<Hlavicka>
				<Cislo>2012002</Cislo>
				<Dodavatel ID="d1"/>
				<Zakaznik ID="z3">
					<KontaktniOsoba>Pavel Novák</KontaktniOsoba>
					<Adresa>
						<Ulice>Ulice</Ulice>
						<Mesto>Město</Mesto>
						<PSC>10100</PSC>
					</Adresa>
					<Telefon>123456789</Telefon>
					<Mail>info@domena.cz</Mail>
				</Zakaznik>
				<DatumSplatnosti>2012-06-01</DatumSplatnosti>
				<DatumVytvoreni>2012-03-07</DatumVytvoreni>
				<DatumUZP>2012-03-17</DatumUZP>
				<Mena>CZK</Mena>
			</Hlavicka>
			<Polozky>
				<Polozka ID="p23">
					<Jmeno>Pronájem automobilu</Jmeno>
					<Popis>RZ 1S1 2233</Popis>
					<Mnozstvi Jednotka="hodina">50</Mnozstvi>
					<Cena>1000</Cena>
					<Dph>dph-zakladni</Dph>
				</Polozka>
			</Polozky>
			<Poznamka>Vznikla rozdelenim faktury <Fav RefID="i1"/>
			</Poznamka>
			<Poznamka>Preje si dorucit fakturu postou.</Poznamka>
		</VydanaFaktura>
		<VydanaFaktura ID="i4" Stav="Zaplacena" Zadal="IS">
			<Hlavicka>
				<Cislo>2012003</Cislo>
				<Dodavatel ID="d1"/>
				<Zakaznik ID="z2"/>
				<DatumVytvoreni>2012-03-19</DatumVytvoreni>
				<Mena>USD</Mena>
			</Hlavicka>
			<Polozky>
				<Polozka ID="p23">
					<Jmeno>Vývoj sw</Jmeno>
					<Mnozstvi Jednotka="hodina">120</Mnozstvi>
					<Cena>600</Cena>
					<Dph>dph-zakladni</Dph>
				</Polozka>
			</Polozky>
		</VydanaFaktura>
	</Pobocka>
	<Pobocka Jmeno="Brno" Kod="Brn">
		<VydanaFaktura ID="i3" Stav="Nezaplacena" Zadal="IS">
			<Hlavicka>
				<Cislo>2012004</Cislo>
				<Dodavatel ID="d1"/>
				<Zakaznik ID="z2">
					<KontaktniOsoba>Jan Novotný</KontaktniOsoba>
					<Firma>Firma s.r.o.</Firma>
				</Zakaznik>
				<DatumVytvoreni>2012-03-17</DatumVytvoreni>
				<DatumUZP>2012-03-25</DatumUZP>
				<Mena>EUR</Mena>
			</Hlavicka>
			<Polozky>
				<Polozka ID="p24">
					<Jmeno>Pronájem</Jmeno>
					<Popis>1S1 2233</Popis>
					<Mnozstvi Jednotka="hodina">45</Mnozstvi>
					<Cena>1000</Cena>
					<Dph>dph-zakladni</Dph>
				</Polozka>
			</Polozky>
			<Poznamka>Spojeno z několika objednávek.</Poznamka>
		</VydanaFaktura>
		<VydanaFaktura ID="i5" Stav="Nezaplacena" Zadal="IS">
			<Hlavicka>
				<Cislo>2012005</Cislo>
				<Dodavatel ID="d1"/>
				<Zakaznik ID="z1">
					<KontaktniOsoba>Pavel Skoupý</KontaktniOsoba>
				</Zakaznik>
				<DatumVytvoreni>2012-03-20</DatumVytvoreni>
				<Mena>CZK</Mena>
			</Hlavicka>
			<Polozky>
				<Polozka ID="p25">
					<Jmeno>Konzultace</Jmeno>
					<Mnozstvi Jednotka="hodina">30</Mnozstvi>
					<Cena>900</Cena>
					<Dph>dph-zakladni</Dph>
				</Polozka>
			</Polozky>
		</VydanaFaktura>
		<PrijataFaktura Zadal="Mach" ID="v11">
			<Hlavicka>
				<Cislo>2012005</Cislo>
				<Dodavatel ID="s5"></Dodavatel>
				<Zakaznik ID="r5"></Zakaznik>
				<DatumVytvoreni>2012-04-11</DatumVytvoreni>
				<Mena>CZK</Mena>
			</Hlavicka>
			<Polozky>
				<Polozka ID="y55">
					<Jmeno>Plnící pero</Jmeno>
					<Mnozstvi>1</Mnozstvi>
					<Cena>150</Cena>
					<Dph>dph-zakladni</Dph>
				</Polozka>
			</Polozky>
			<Zakoupil>Mach</Zakoupil>
		</PrijataFaktura>
	</Pobocka>
	<DatumZobrazeni>
		<?php echo Date("d.m.Y")?>
	</DatumZobrazeni>
</Fakturace>
