<?xml version="1.0" encoding="UTF-8"?>
<departments>
  <department>
    <name>Manufacturing</name>
    <manager>
      <senior>
        <name>Peter Berg</name>
      </senior>
    </manager>
    <employee>
      <senior>
        <name>Martin Owen</name>
      </senior>
    </employee>
    <subdepartments>
      <department>
        <name>Development</name>
      </department>
      <department>
        <name>Engineering</name>
        <employee>
          <junior>
            <name>Kate Stone</name>  
          </junior>
        </employee>
      </department>
    </subdepartments>
  </department>
  <department>
    <name>PR</name>
    <manager>
      <junior>
        <name>Lucy Sheen</name>
      </junior>
    </manager>
    <employee>
      <junior>
        <name>Carla Banks</name>
      </junior>
    </employee>
    <employee>
      <senior>
        <name>Philip Stein</name>
      </senior>
    </employee>
  </department>
</departments>
