<?xml version="1.0" encoding="UTF-8"?>
<!DOCTYPE Softwares SYSTEM "data.dtd">
<Softwares> <!--Korenovy element. Oznacuje mnozinu vsech softwaru -->
	<ProgJazyk idJ="idJ_1">
		<nazevJazyka>Java</nazevJazyka>
		<miraAbstrakce ma="vyssi"></miraAbstrakce>
	</ProgJazyk>
	<ProgJazyk idJ="idJ_2">
		<nazevJazyka>C++</nazevJazyka>
		<miraAbstrakce ma="vyssi"></miraAbstrakce>
	</ProgJazyk>
	<ProgJazyk idJ="idJ_3">
		<nazevJazyka>C#</nazevJazyka>
		<miraAbstrakce ma="vyssi"></miraAbstrakce>
	</ProgJazyk>
	<ProgJazyk idJ="idJ_4">
		<nazevJazyka>NASM</nazevJazyka>
		<miraAbstrakce ma="nizsi"></miraAbstrakce>
	</ProgJazyk>
	<ProgJazyk idJ="idJ_5">
		<nazevJazyka>Python</nazevJazyka>
		<miraAbstrakce ma="vyssi"></miraAbstrakce>
	</ProgJazyk>
	
	<AktualniDatum><?php echo Date("d.m.Y")?></AktualniDatum>
	
	<Software idS="idS_1"> <!-- jednoznacny identifikator softwaru -->
		<printNazev><![CDATA[
				document.writeln("Toto je nazev programu</br>");]]>
		</printNazev>
		<Nazev>Spy Emergency </Nazev>
		<Popis> 
		&SpyEmergencyDes;
		 </Popis>
		<Vyrobce idV="idV_1" sidlo="Praha 6" jmenoSpolecnosti="Accenture" spolecnost="s.r.o"/> <!-- prazdný elemnt, urceni pouze pres atributy-->
		<Licence druh="freeware"/>
		<Developer idD="idD_1">  <!-- identifikator urcuje jednosznacne kazdeho vyvoajre, dale jsou podelemnty k jeho urceni -->
			<Jmeno>Josef</Jmeno>
			<Prijmeni>Novak</Prijmeni>
			<Titul>ING</Titul>
			<Jazyk>C++, C#</Jazyk>
			<Adresa>
				<Mesto>Praha 6</Mesto>
				<Ulice>
					<NazevUlice>Vanickova</NazevUlice>
					<cp>19000</cp>
				</Ulice>
				<PSC>54983</PSC>
			</Adresa>
		</Developer>
		<Developer idD="idD_2">
			<Jmeno>David</Jmeno>
			<Prijmeni>Obrsal</Prijmeni>
			<Titul>Bc</Titul>
			<Jazyk>C#, Java</Jazyk>
			<Adresa>
				<Mesto>Praha 5</Mesto>
				<Ulice>
					<NazevUlice>Jiraskova</NazevUlice>
					<cp>18065</cp>
				</Ulice>
				<PSC>54963</PSC>
			</Adresa>
		</Developer>
		<InLaguage>
				<ref id="idJ_1"></ref>
		</InLaguage>
		<Velikost>16MB</Velikost>
		<Verze>10.0.4</Verze>
	<!--	<Obrazek>
			<file>Picture/spyEmergency.png</file>
			<label>Spy Emegrenci1</label>
		</Obrazek>
		<Obrazek>
			<file>Picture/spyEmergency2.png</file>
			<label>Spy Emegrenci2</label>
		</Obrazek>-->
		<DatumVydani>17.2.2012</DatumVydani>
	</Software>
	
	<Software  idS ="idS_2">
		<printNazev><![CDATA[
				document.writeln("Toto je nazev programu</br>");]]>
		</printNazev>
		<Nazev>Room Arranger</Nazev>
		<Popis>
		&RoomArrangerDes;
		</Popis>
		<Vyrobce idV="idV_2" sidlo="Praha 6" jmenoSpolecnosti="SimpleWay" spolecnost="a.s"/>
		<Licence druh="GPL"/>
		<Developer idD="idD_3">
			<Jmeno>Roman</Jmeno>
			<Prijmeni>Fridrich</Prijmeni>
			<Titul>Mgr</Titul>
			<Jazyk>Java, C#, Delphi</Jazyk>
			<Adresa>
				<Mesto>Jihlava</Mesto>
				<Ulice>
					<NazevUlice>Vltavska</NazevUlice>
					<cp>564</cp>
				</Ulice>
				<PSC>54986</PSC>
			</Adresa>
			
		</Developer>
		<Developer idD="idD_4">
			<Jmeno>Martin</Jmeno>
			<Prijmeni>Hajek</Prijmeni>
			<Titul>ING</Titul>
			<Jazyk>C++, Java, C#</Jazyk>
			<Adresa>
				<Mesto>Praha 10</Mesto>
				<Ulice>
					<NazevUlice>K Verneraku</NazevUlice>
					<cp>18000</cp>
				</Ulice>
				<PSC>89563</PSC>
			</Adresa>
		</Developer>
		<InLaguage>
			<ref id="idJ_3"></ref>
		</InLaguage>
		<Velikost>2MB</Velikost>
		<Verze>1.0</Verze>
		<Verze>1.1</Verze>
		<!--<Obrazek>
			<file>picture/roomArranger.jpg</file>
			<label>room arranger</label>
		</Obrazek>-->
		<DatumVydani>10.10.2011</DatumVydani>
	</Software>
	<Software idS="idS_3">
		<printNazev><![CDATA[
				document.writeln("Toto je nazev programu</br>");]]>
		</printNazev>
		<Nazev>GIMP</Nazev>
		<Popis>
		&GimpDes;
		</Popis>
		<Vyrobce idV="idV_3" sidlo="Brno" jmenoSpolecnosti="NetDirect"></Vyrobce>
		<Licence druh="freeware"></Licence>
		<Developer idD="idD_5">
			<Jmeno>Josef</Jmeno>
			<Prijmeni>Navratil</Prijmeni>
			<Titul>ING</Titul>
			<Jazyk>Java, C++, C#</Jazyk>
			<Adresa>
				<Mesto>Brno</Mesto>
				<Ulice>
					<NazevUlice>Brneska</NazevUlice>
					<cp>568</cp>
				</Ulice>
				<PSC>86952</PSC>
			</Adresa>
		</Developer>
		<InLaguage>
			<ref id="idJ_3"></ref>
		</InLaguage>
		<Velikost>18MB</Velikost>
		<Verze>2.6</Verze>
		<DatumVydani>7.2.2011</DatumVydani>
		
	</Software>
	
</Softwares>
