<?xml version="1.0" encoding="UTF-8"?>
<!DOCTYPE library SYSTEM "data.dtd">
<library>
	<buildings>
	 	<building id="bd_1">
	 		<floor id="f_1">
	 			<room id="r_1">
	 				<section id="s_1" name="sci-fi" />
					<section id="s_2" name="beletrie" />
	 				<section id="s_3" name="biografie" />
	 			</room>
	 		</floor>
	 	</building>
	</buildings>
	<books>
		<book id="b_1" section="s_3">
			<title>Amadeus, Zivot mozartuv</title>
			<author>Casini, Claudio</author>
			<year>2004</year>
			<price>150</price>
			<genere>Biografie</genere>
		</book>
		<book id="b_2" section="s_2">
			<title>Sestra</title>
			<author>Topol, Jachym</author>
			<year>1985</year>
			<price>99</price>
			<genere>Beletrie</genere>
		</book>
		<book id="b_3" section="s_1">
			<title>Uzasna zemeplocha Kolekce</title>
			<author>Prachett, Terry</author>
			<year>1960</year>
			<price>1500</price>
			<genere>Sci-fi</genere>
			<loan_type type="prezencni"/>
		</book>
		<book id="b_4" section="s_2">
			<title>Idiot</title>
			<author>Dostojevsky, F.M.</author>
			<year>1994</year>
			<price>142</price>
			<genere>Beletrie</genere>
		</book>
		<book id="b_5" section="s_2">
			<title>Nesnesitelna lehkost byti</title>
			<author>Kundera, Milan</author>
			<year>1989</year>
			<price>85</price>
			<genere>Beletrie</genere>
		</book>
		<book id="b_6" section="s_1">
			<title>Duna</title>
			<author>Herbert, Frank</author>
			<year>1960</year>
			<price>200</price>
			<genere>Sci-fi</genere>
		</book>
		<book id="b_7" section="s_2">
			<title>Hrozny hnevu</title>
			<author>Steinbeck</author>
			<year>1987</year>
			<price>125</price>
			<genere>Socialni satyra</genere>
		</book>
		<book id="b_8" section="s_3">
			<title>Mengele - Andel smrti</title>
			<author>Posner, Gerald L.</author>
			<author>Ware, John</author>
			<year>2002</year>
			<price>145</price>
		</book>
		<book id="b_9" section="s_1">
			<title>Dobra znameni</title>
			<author>Prachett, Terry</author>
			<year>1996</year>
			<price>114</price>
			<genere>Sci-fi</genere>
		</book>
		<book id="b_10" section="s_2">
			<title>Uz horela, kdyz jsem do ni lehal</title>
			<author>Fulghum, Robert</author>
			<year>1991</year>
			<price>50</price>
			<genere>Beletrie</genere>
		</book>
	</books>
	<users>
		<user id="u_1">
			<name>Adam Kraken</name>
			<adress number="1" street="U Krizku" city="Praha"/>
		</user>
		<user id="u_2">
			<name>Bob Lev</name>
			<adress number="1" street="Nad struskou" city="Bratislava" state="SK" />
			<adress number="1" street="Nad okrajem" city="Kolin" state="CR" />
		</user>
	</users>

	<!--Reservations are empty for now-->
	<reservations>
	</reservations>
	<loans>
		<loan id="l_1" book="b_10" user="u_1">
			<from>28.2.2013</from>
			<to>28.3.2013</to>
		</loan>
		<loan id="l_2" book="b_5" user="u_2">
			<from>15.6.2012</from>
			<to>28.7.2012</to>
		</loan>
		<loan id="l_3" book="b_1" user="u_1">
			<from>28.2.2013</from>
			<to>28.3.2013</to>
		</loan>
		<loan id="l_4" book="b_2" user="u_1">
			<from>28.2.2013</from>
			<to>28.3.2013</to>
		</loan>
		<loan id="l_5" book="b_6" user="u_1">
			<from>5.2.2013</from>
			<to>5.3.2012</to>
		</loan>
	</loans>
	<messages>
		<message urgency="5">&asap; V koutu <p_ref place="b_1 f_1 r_1 s_3" /> dochazi casto k obscenostem, nainstalovat kameru.</message>
		<message urgency="2">Zakaznik <u_ref user="u_2"/> nevratil knihu <b_ref book="b_5" />. Prozatimni doplatek 13.45 Kc. <?php echo gregoriantojd(Date("m,d,Y")),gregoriantojd(7,28,2012)?>.</message>
		<message urgency="9">Mame nove logo knihovny: <image_entity src="logo"> </image_entity> <![CDATA[>-<Diky autorovi za toto logo>-<]]></message>
	</messages>
</library>
