
<noviHraci>
	<hrac id="_0020" status="aktivni" pohlavi="muz">
			<name>Milan Pavel</name>
			<age>25</age>
			<adress>
				<street>Prazska</street>
				<number>12</number>
				<town>Praha 1</town>
				<post-code>12100</post-code>
			</adress>
			<phone>773123666</phone>
		</hrac>
		<hrac id="_0021" status="aktivni" pohlavi="muz">
			<name>Ondra Dohnal</name>
			<age>25</age>
			<adress>
				<street>Nova</street>
				<number>215</number>
				<town>Praha 2</town>
			</adress>
			<phone>777145566</phone>
		</hrac>
</noviHraci>