<?xml version="1.0" encoding="UTF-8"?>
<!--<!DOCTYPE rezervace SYSTEM "data.dtd">-->
<!--///////////////////////////////////////////////////////////////////////////////////////////-->
<!--/////////////////////////// REZERVAČNÍ SYSTÉM ///////////////////////////-->
<!--///////////////////////////////////////////////////////////////////////////////////////////-->
<!--<ENTER_NAME_OF_ROOT_ELEMENT_HERE xmlns:xsi="http://www.w3.org/2001/XMLSchema-instance" xsi:noNamespaceSchemaLocation="file:///E:/School/CVUT/STM/4%20SEMESTR/A7B36XML%20-%20Technologie%20XML/projekty/semestralka/data.xsd"/>-->
<kino>
	<rezervace>
		<!--/////////////////////////////////////////////////////////////////////////////-->
		<!--///////////////////////////  VSTUPENKY ///////////////////////////-->
		<!--/////////////////////////////////////////////////////////////////////////////-->
		<vstupenky>
			<vstupenka id_vstupenky="v01" id_filmu="f01">
				<!--vstupenka na určitý film v určité datum-->
				<zakaznik>
					<jmeno>Jan</jmeno>
					<prijmeni>Janko</prijmeni>
				</zakaznik>
				<kino>
					<adresa>
						<nazev>CINEMA CITY Nový smíchov</nazev>
						<mesto>Praha</mesto>
					</adresa>
					<sal>4</sal>
					<rada>10</rada>
					<sedadlo>12</sedadlo>
				</kino>
				<cena>
					<castka>199</castka>
					<mena>kč</mena>
				</cena>
				<sleva/>
				<datum>8.03.2012</datum>
				<cas>18:00</cas>
				<letak src="./newsletter.pdf">Ano</letak>
			</vstupenka>
			<vstupenka id_vstupenky="v02" id_filmu="f01">
				<!--vstupenka na určitý film v určité datum-->
				<zakaznik>
					<jmeno>Tomáš</jmeno>
					<prijmeni>Nový</prijmeni>
				</zakaznik>
				<kino>
					<adresa>
						<nazev>CINEMA CITY Nový smíchov</nazev>
						<mesto>Praha</mesto>
					</adresa>
					<sal>4</sal>
					<rada>10</rada>
					<sedadlo>12</sedadlo>
				</kino>
				<cena>
					<castka>199</castka>
					<mena>kč</mena>
				</cena>
				<sleva/>
				<datum>8.03.2012</datum>
				<cas>18:00</cas>
				<letak src="./newsletter.pdf">Ano</letak>
			</vstupenka>
			<vstupenka id_vstupenky="v02" id_filmu="f03">
				<!--vstupenka na určitý film v určité datum-->
				<zakaznik>
					<jmeno>Karel</jmeno>
					<prijmeni>Drahoš</prijmeni>
				</zakaznik>
				<kino>
					<adresa>
						<nazev>CINEMA CITY Nový smíchov</nazev>
						<mesto>Praha</mesto>
					</adresa>
					<sal>3</sal>
					<rada>2</rada>
					<sedadlo>4</sedadlo>
				</kino>
				<cena>
					<castka>150</castka>
					<mena>kč</mena>
				</cena>
				<sleva/>
				<datum>12.03.2012</datum>
				<cas>19:00</cas>
				<letak src="./newsletter.pdf">Ano</letak>
			</vstupenka>
		</vstupenky>
		<!--///////////////////////////////////////////////////////////////////-->
		<!--///////////////////////////  FILMY ///////////////////////////-->
		<!--///////////////////////////////////////////////////////////////////-->
		<filmy>
			<film id_filmu="f01" tretiRozmer="ne">
				<!--informace o filmech na programu-->
				<nazev>Moneyball</nazev>
				<rok>2011</rok>
				<zeme>USA</zeme>
				<reziser>
					<jmeno>Bennett</jmeno>
					<prijmeni> Miller</prijmeni>
				</reziser>
				<hudba>
					<jmeno>Mychael</jmeno>
					<prijmeni> Danna</prijmeni>
				</hudba>
				<herci>
					<herec>
						<jmeno>Brad</jmeno>
						<prijmeni>Pitt</prijmeni>
					</herec>
					<herec>
						<jmeno>Jonah</jmeno>
						<prijmeni>Hill</prijmeni>
					</herec>
					<herecka>
						<jmeno>Robin</jmeno>
						<prijmeni>Wright</prijmeni>
					</herecka>
				</herci>
				<zanry>
					<zanr>dra</zanr>
					<zanr>spo</zanr>
					<zanr>živ</zanr>
				</zanry>
				<delka>
					<hodiny>2</hodiny>
					<minuty>13</minuty>
				</delka>
				<titulky>Ano</titulky>
				<dvd>Ne, k datumu <![CDATA[ <?php echo Date("d.m.Y")?> ]]></dvd>
				<popis>Snímek Moneyball společnosti Columbia Pictures je natočen podle skutečného příběhu Billyho Beaneho (Brad Pitt) – bývalého nadějného hráče baseballu s vyhlídkami na oslnivou kariéru, který se poté, co nedokázal splnit nadějná očekávání, se svou soutěživou povahou raději zaměřil na administrativní stránku tohoto sportu. Na počátku sezóny v roce 2002 se Billy ocitá v zapeklité situaci: jeho špatně financovaný tým Oakland Athletics, zvaný též lidově A's, přišel o své nejlepší hráče (znovu), kteří se nechali zlákat velkými týmy (a s tím souvisejícími nemalými platy) a on je nucen dát svůj tým znovu do pořádku a zahájit sezónu s třetinou původního rozpočtu. V touze po vítězství se Billy rozhodne jít proti klasickým zvyklostem, které v baseballu platí. Zaměří se zcela mimo baseballová hřiště na zneuznané teorie Billyho Jamese a najme Petera Branda (Jonah Hill), inteligentního ekonoma, který vystudoval univerzitu v Yale. Společně se postaví selskému rozumu vyzbrojeni odhodláním vše přehodnotit a vybaveni počítačovou statistickou analýzou, kterou baseballová administrativa dlouhodobě ignoruje. Dospějí k neuvěřitelným závěrům a začnou najímat hráče, které zbytek baseballového světa považuje za příliš nevhodné, příliš staré, příliš nemocné nebo příliš problematické, kteří jsou ale současně všichni velmi nedocenění. Jak se Billy a Peter neúnavně tlačí kupředu, vzbudí jejich nové metody a pozoruhodná sestava outsiderů pozornost ostatních týmů, médií, fanoušků i hlavního manažera jejich vlastního týmu (Philip Seymour Hoffman), který odmítá spolupracovat. Tento experiment ale nakonec vede nejenom ke změnám v tom, jak se baseball hraje, ale také k výsledku, který Billymu definitivně otevře oči a posune ho na zcela novou úroveň.
			</popis>
				<ohodnoceni>79%</ohodnoceni>
			</film>
			<film id_filmu="f02" tretiRozmer="ano">
				<!--informace o filmech na programu-->
				<nazev>Ocelová pěst</nazev>
				<rok>2011</rok>
				<zeme>USA</zeme>
				<reziser>
					<jmeno>Shawn</jmeno>
					<prijmeni> Levy</prijmeni>
				</reziser>
				<hudba>
					<jmeno>Danny</jmeno>
					<prijmeni> Elfman</prijmeni>
				</hudba>
				<herci>
					<herec>
						<jmeno>Hugh</jmeno>
						<prijmeni>Jackman</prijmeni>
					</herec>
					<herec>
						<jmeno>Dakota</jmeno>
						<prijmeni>Goyo</prijmeni>
					</herec>
					<herecka>
						<jmeno>Evangeline</jmeno>
						<prijmeni>Lilly</prijmeni>
					</herecka>
				</herci>
				<zanry>
					<zanr>akč</zanr>
					<zanr>dra</zanr>
					<zanr>sci</zanr>
					<zanr>spo</zanr>
				</zanry>
				<delka>
					<hodiny>2</hodiny>
					<minuty>7</minuty>
				</delka>
				<titulky>Ne</titulky>
				<dvd>Ne, k datumu <![CDATA[ <?php echo Date("d.m.Y")?> ]]></dvd>
				<popis>V akčním snímku z blízké budoucnosti Ocelová pěst představuje Hugh Jackman Charlieho Kentona, bývalého boxera, jehož milovaný sport ovládli dva a půl metru vysocí oceloví roboti a lidé jako Charlie už do něj nadále nijak nezapadají. Protože nemá s kým zápasit a nemá žádné vyhlídky na lepší budoucnost, je nucen přivydělávat si jako promotér robotických zápasů. Daří se mu jakž takž protloukat tím, že dává dohromady mizerné a vysloužilé roboty a cestuje od jednoho turnaje k druhému, kamkoliv, kde je schopen si nějak přivydělat. Když už se zdá, že situace nemůže být zoufalejší a komplikovanější, vpadne mu znenadání a proti jeho vůli do života jeho syn Max (Dakota Goyo), se kterým už delší dobu není v kontaktu. Oba společně spojí síly, aby postavili a vytrénovali nového robota a proměnili ho v boxerského šampiona. Zatímco si buduje jméno v brutálním a nemilosrdném světě robotických zápasů, zjišťuje Charlie, že se mu navzdory všem očekáváním nabízí poslední šance na boxerský comeback.
			</popis>
				<ohodnoceni>75%</ohodnoceni>
			</film>
			<film id_filmu="f03" tretiRozmer="ne">
				<!--informace o filmech na programu-->
				<nazev>Temný rytíř</nazev>
				<rok>2008</rok>
				<zeme>USA</zeme>
				<reziser>
					<jmeno>Christopher</jmeno>
					<prijmeni> Nolan</prijmeni>
				</reziser>
				<hudba>
					<jmeno>Hans</jmeno>
					<prijmeni> Zimmer</prijmeni>
				</hudba>
				<herci>
					<herec>
						<jmeno>Christian</jmeno>
						<prijmeni>Bale</prijmeni>
					</herec>
					<herec>
						<jmeno>Heath</jmeno>
						<prijmeni>Ledger</prijmeni>
					</herec>
					<herec>
						<jmeno>Aaron</jmeno>
						<prijmeni>Eckhart</prijmeni>
					</herec>
				</herci>
				<zanry>
					<zanr>akč</zanr>
					<zanr>thr</zanr>
					<zanr>kri</zanr>
					<zanr>dra</zanr>
				</zanry>
				<delka>
					<hodiny>2</hodiny>
					<minuty>38</minuty>
				</delka>
				<titulky>Ne</titulky>
				<dvd>Ne, k datumu <![CDATA[ <?php echo Date("d.m.Y")?> ]]></dvd>
				<popis>Akční dobrodružná fantasy v režii Christophera Nolana navazuje na film Batman začíná a Christian Bale si v ní zopakoval roli Batmana/Bruce Waynea v nekončícím boji se zločinem. Wayne v kostýmu netopýřího muže jde spolu s poručíkem Jamesem Gordonem (Gary Oldman) z Gothamské policie po králi zločinců Jokerovi známého podle symbolu - hrací karty s žolíkem - kterou zanechává na místech činu. Vtipálek s prořízlou tváří (Heath Ledger) má tentokrát v plánu Batmanovi dokázat, že slova Gotham a mír nikdy nebudou stát v jedné větě vedle sebe. Na uvolněné místo po bývalém králi místní mafie usedá Sal Maroni (Eric Roberts) a přebírá vládu nad většinou gangů v Gothamu. Na scéně se rovněž objevuje nový státní návladní Harvey Dent (Aaron Eckhart), který by rozdanými kartami (i s žolíkem v balíčku) mohl pořádně zamíchat.
			</popis>
				<ohodnoceni>90%</ohodnoceni>
			</film>
		</filmy>
	</rezervace>
</kino>
