<?xml version="1.0" encoding="UTF-8"?>
<filmy>
			<film nazev_filmu="Zelená míle " tretiRozmer="ne">
				<!--informace o filmech na programu-->
				<id>f01</id>				
				<rok>1999</rok>
				<zeme>USA</zeme>
				<reziser>
					<jmeno>Frank</jmeno>
					<prijmeni> Darabont</prijmeni>
				</reziser>
				<hudba>
					<jmeno>Thomas</jmeno>
					<prijmeni> Newman</prijmeni>
				</hudba>
				<herci>
					<herec>
						<jmeno>Tom</jmeno>
						<prijmeni>Hanks</prijmeni>
					</herec>
					<herec>
						<jmeno>David</jmeno>
						<prijmeni>Morse</prijmeni>
					</herec>
					<herecka>
						<jmeno>Bonnie</jmeno>
						<prijmeni>Hunt</prijmeni>
					</herecka>
				</herci>
				<zanry>
					<zanr>dra</zanr>
					<zanr>mys</zanr>
					<zanr>kri</zanr>
				</zanry>
				<delka>
					<hodiny>3</hodiny>
					<minuty>08</minuty>
				</delka>
				<titulky>Ne</titulky>
				<dvd>Aon, k datumu <![CDATA[ <?php echo Date("d.m.Y")?> ]]></dvd>
				<popis>Na začátku příběhu se potkáme se starým mužem Paulem Edgecombem (Dabbs Greer). Žije v domově s pečovatelskou službou a právě se dojatě dívá na starý film s Fredem Astairem. Snad až příliš dojatě, protože jedna ze sester ho musí zkontrolovat, když slyší všechny ty vzlyky. Paul je tak naměkko, že jí začne vypravovat svůj příběh starý 60 let, který ještě nikomu nevypravoval. Kolem roku 1935 v Louisianě, mladý Paul (teď už Tom Hanks) pracuje jako dozorce ve vězení pro těžké zločince, kteří jsou odsud posíláni na smrt. Paul není jen "zaměstnancem", ale bystrým pozorovatelem, který citlivě vnímá rázovité postavy těžkých zločinců i jejich osudy. Setkává se například s s černým obrem Johnem, který má ruce jako lopaty a je obviněn z vraždy dvou dětí. Nemůže uvěřit, že člověk, který se bojí spát potmě by byl schopen tak hrůzného činu. Je tu také hluboce věřící Arlen, a bláznivý psychopat zvaný Divoký Bill, ale je tu také ta hrůzostrašná chodba, natřená na zeleno, které všichni říkají "Zelená míle", je to cesta, na konci které čeká smrt, pokud se nestane zázrak.
			</popis>
				<ohodnoceni>84</ohodnoceni>
			</film>
			<film nazev_filmu="Shrek" tretiRozmer="ano">
				<!--informace o filmech na programu-->
				<id>f02</id>					
				<rok>2001</rok>
				<zeme>USA</zeme>
				<reziser>
					<jmeno>Vicky</jmeno>
					<prijmeni> Jenson</prijmeni>
				</reziser>
				<hudba>
					<jmeno>John</jmeno>
					<prijmeni> Powell</prijmeni>
				</hudba>
				<herci>
					<herec>
						<jmeno>Mike</jmeno>
						<prijmeni>Myers</prijmeni>
					</herec>
					<herec>
						<jmeno>Eddie</jmeno>
						<prijmeni>Murphy</prijmeni>
					</herec>
					<herecka>
						<jmeno>Cameron</jmeno>
						<prijmeni>Diaz</prijmeni>
					</herecka>
				</herci>
				<zanry>
					<zanr>ani</zanr>
					<zanr>dob</zanr>
					<zanr>rod</zanr>
					<zanr>kom</zanr>
				</zanry>
				<delka>
					<hodiny>1</hodiny>
					<minuty>30</minuty>
				</delka>
				<titulky>Ano</titulky>
				<dvd>Ne, k datumu <![CDATA[ <?php echo Date("d.m.Y")?> ]]></dvd>
				<popis>Shrek, zelený obr s tykadly mimozemšťanů, žije sice docela sám, ale šťastně ve svém domku na samotě u lesa až do chvíle, kdy je doslova přepaden nekonečným zástupem známých i méně známých pohádkových postaviček, které byly vyhoštěny z království nevzhledného a zakyslého Lorda Farquaada. Ve snaze zjednat pořádek a hlavně vrátit klid do svého příbytku Shrek Farquaadovi slíbí, že vysvobodí ze zajetí obávaného draka krásnou princeznu Fionu a přivede mu ji, aby se stala jeho ženou. S pomocí mazaného oslíka, ochotného pro Shreka udělat cokoli, jen ne zmlknout aspoň na okamžik, obr svůj slib splní, jenže pak se to nějak podivně zamotá, zaplete a zkomplikuje, takže je všechno nakonec úplně a docela jinak.
			</popis>
				<ohodnoceni>87</ohodnoceni>
			</film>
			<film nazev_filmu="Zdrojový kód" tretiRozmer="ne">
				<!--informace o filmech na programu-->
				<id>f03</id>						
				<rok>2011</rok>
				<zeme>USA</zeme>
				<reziser>
					<jmeno>Duncan</jmeno>
					<prijmeni> Jones</prijmeni>
				</reziser>
				<hudba>
					<jmeno>Chris</jmeno>
					<prijmeni> Bacon</prijmeni>
				</hudba>
				<herci>
					<herec>
						<jmeno>Jake</jmeno>
						<prijmeni>Gyllenhaal</prijmeni>
					</herec>
					<herec>
						<jmeno>Miichelle</jmeno>
						<prijmeni>Monaghan</prijmeni>
					</herec>
					<herec>
						<jmeno>Jeffrey</jmeno>
						<prijmeni>Wright</prijmeni>
					</herec>
				</herci>
				<zanry>
					<zanr>mys</zanr>
					<zanr>sci</zanr>
					<zanr>thr</zanr>					
				</zanry>
				<delka>
					<hodiny>1</hodiny>
					<minuty>39</minuty>
				</delka>
				<titulky>Ano</titulky>
				<dvd>Ano, k datumu <![CDATA[ <?php echo Date("d.m.Y")?> ]]></dvd>
				<popis>Když se kapitán Colter Stevens (Jake Gyllenhaal) probudí v sedadle příměstského vlaku, netuší, kde se tam vzal. Naproti němu sedí Christina (Michelle Monaghan). Colter ji vidí poprvé v životě, ale Christina ho očividně dobře zná. Colter Stevens zjišťuje, že se probudil v těle jiného člověka. Než se stihne z nastalé situace vzpamatovat, je vlak rozmetán silným výbuchem. V zápětí se Colter se objeví v podivném bunkru izolovaném od okolního světa. Přes obrazovku k němu mluví důstojnice Goodwin (Vera Farminga) a požaduje informace o všem, co právě viděl. Kapitán Colter Stevens se stal součástí náročné mise, jejímž cílem je odhalení útočníka, který má na svědomí výbuch vlaku, v němž se Colter ještě před chvílí nalézal. Atentátník plánuje mnohem větší výbuch přímo v srdci Chicaga a jeho dopadením tak může Colter zachránit tisíce životů. Tato vládní mise je založena na experimentu nazvaném Zdrojový kód, který Colterovi umožňuje na chvíli existovat v paralelní realitě - v těle Seana v chicagském příměstském vlaku. Seanovu identitu může využívat pouze osm minut, má tedy právě osm minut na odhalení bombového útočníka. Zdrojový kód zvládá poslat Coltera do stejného časového úseku vícekrát. Získává tak více času, ale situace se mu může snadno vymknout z rukou.
			</popis>
				<ohodnoceni>79</ohodnoceni>
			</film>
		</filmy>