<?xml version="1.0" encoding="UTF-8"?>
<!DOCTYPE universe SYSTEM "./data.dtd">

<universe>
	<galaxy id="GAL_1">
		<name>Milky Way
	<![CDATA[
		alert("nevim proc je nutne mit tady nejaky skript");
		]]>
		</name>
		<type value="SBc"></type>
		<solarSystem id="SOL_1">
			<name>Sun</name>
			<sun id="STA_1">
				<name>Sun</name>
				<classification>G2V</classification>
				<volume>1.412×10e18 km3</volume>
				<mass>1.9891×10e30 kg</mass>
				<escapeVelocity>617.7 km/s</escapeVelocity>
				<equatorialRadius>6.96342×10e5 km</equatorialRadius>
				<satellites>
					<satellite refid="PLA_1"></satellite>
					<satellite refid="PLA_2"></satellite>
					<satellite refid="PLA_3"></satellite>
					<satellite refid="PLA_4"></satellite>
				</satellites>
				<composition>
					<composite name="hydrogen" amount="73.46%"></composite>
					<composite name="helium" amount="24.85%"></composite>
					<composite name="oxygen" amount="0.77%"></composite>
					<composite name="carbon" amount="0.29%"></composite>
					<composite name="iron" amount="0.16%"></composite>
				</composition>
			</sun>
			<planet id="PLA_1">
				<name>Mercury</name>
				<volume>6.083×10e10 km3</volume>
				<mass>3.3022×10e23 kg</mass>
				<orbitalPeriod>87.969 day</orbitalPeriod>
				<escapeVelocity>4.25 km/s</escapeVelocity>
				<equatorialRadius>2439 km</equatorialRadius>
				<equatorialGravity>3.7 m/s2</equatorialGravity>
				<orbit>
					<aphelion>0.466 AU</aphelion>
					<perihelion>0.307 AU</perihelion>
				</orbit>
				<satellites>
				</satellites>
				<composition>
					<composite name="molecular oxygen" amount="42%"></composite>
					<composite name="sodium" amount="29%"></composite>
					<composite name="hydrogen" amount="22%"></composite>
					<composite name="helium" amount="6%"></composite>
					<composite name="potassium" amount="0.5%"></composite>
				</composition>
			</planet>
			<planet id="PLA_2">
				<name>Venus</name>
				<volume>9.28×10e11 km3</volume>
				<mass>4.868 5×10e24 kg</mass>
				<orbitalPeriod>224.698 day</orbitalPeriod>
				<escapeVelocity>10.36 km/s</escapeVelocity>
				<equatorialRadius>6,051.8 km</equatorialRadius>
				<equatorialGravity>8.87 m/s2</equatorialGravity>
				<orbit>
					<aphelion>0.728 AU</aphelion>
					<perihelion>0.718 AU</perihelion>
				</orbit>
				<satellites>
					<satellite name="VE68" type="asteroid"></satellite>
				</satellites>
				<composition>
					<composite name="carbon dioxide" amount="96.5%"></composite>
					<composite name="nitrogen" amount="3.5%"></composite>
					<composite name="sulfur dioxide" amount="0.015%"></composite>
				</composition>
			</planet>
			<planet id="PLA_3">
				<name>Earth</name>
				<volume>1.08321×10e12 km3</volume>
				<mass>5.9736×10e24 kg</mass>
				<orbitalPeriod>365.256363004 days</orbitalPeriod>
				<escapeVelocity>11.186 km/s</escapeVelocity>
				<equatorialRadius>6,378.1 km</equatorialRadius>
				<equatorialGravity>9.780327 m/s2</equatorialGravity>
				<orbit>
					<aphelion>1.016 AU</aphelion>
					<perihelion>0.983 AU</perihelion>
				</orbit>
				<satellites>
					<satellite name="Moon" type="moon"></satellite>
					<satellite name="ISS" type="station"></satellite>
				</satellites>
				<composition>
					<composite name="nitrogen" amount="78.08%"></composite>
					<composite name="oxygen" amount="20.95%"></composite>
					<composite name="argon" amount="0.93%"></composite>
				</composition>
			</planet>
			<planet id="PLA_4">
				<name>Saturn</name>
				<volume>8.2713×10e14 km3</volume>
				<mass>5.6846×10e26 kg</mass>
				<orbitalPeriod>10759.22 day</orbitalPeriod>
				<escapeVelocity>35.5 km/s</escapeVelocity>
				<equatorialRadius>60268 km</equatorialRadius>
				<equatorialGravity>10.44 m/s2</equatorialGravity>
				<orbit>
					<aphelion>10.11 AU</aphelion>
					<perihelion>9.05 AU</perihelion>
				</orbit>
				<satellites>
					<satellite name="Titan" type="moon"></satellite>
					<satellite name="Ring" description="ice ring around Saturn"></satellite>
				</satellites>
				<composition>
					<composite name="hydrogen" amount="96%"></composite>
					<composite name="helium" amount="3%"></composite>
					<composite name="methane" amount="0.4%"></composite>
					<composite name="ammonia" amount="0.01%"></composite>
				</composition>
			</planet>
		</solarSystem>
		<solarSystem id="SOL_2">
			<name>Alpha Centauri</name>
			<sun id="STA_2">
				<name>Alpha Centauri A</name>
				<classification>G2V</classification>
				<mass>1.100 M☉</mass>
				<equatorialRadius>1.227 R☉</equatorialRadius>
				<satellites>
					<satellite refid="PLA_5"></satellite>
					<satellite refid="STA_3"></satellite>
				</satellites>
			</sun>
			<sun id="STA_3">
				<name>Alpha Centauri B</name>
				<classification>K1V</classification>
				<mass>0.907 &Mo;</mass>
				<equatorialRadius>0.865 &Ro;</equatorialRadius>
			</sun>
			<planet id="PLA_5">
				<name>Alpha Centauri Bb</name>
				<mass>0.934 &Mo;</mass>
				<orbitalPeriod>3.2357 day</orbitalPeriod>
				<equatorialRadius>0.863 &Ro;</equatorialRadius>
				<orbit>
					<aphelion>0.04 AU</aphelion>
					<perihelion>0.03 AU</perihelion>
				</orbit>
			</planet>
		</solarSystem>
	</galaxy>
	<galaxy id="GAL_2">
		<name>Andromeda</name>
		<type value="S"></type>
		<solarSystem id="SOL_3">
			<name>Andromedae</name>
			<sun id="STA_4">
				<name>S Andromedae</name>
				<classification>K1V</classification>
				<mass>1.907 &Mo;</mass>
				<equatorialRadius>1.865 &Ro;</equatorialRadius>
				<satellites>
					<satellite refid="PLA_6"></satellite>
					<satellite refid="PLA_7"></satellite>
					<satellite refid="PLA_8"></satellite>
				</satellites>
			</sun>
			<planet id="PLA_6">
				<name>Andromedae A</name>
				<mass>0.434 &Mo;</mass>
				<orbitalPeriod>12.2357 day</orbitalPeriod>
				<equatorialRadius>0.563 &Ro;</equatorialRadius>
				<orbit>
					<aphelion>0.04 AU</aphelion>
					<perihelion>0.04 AU</perihelion>
				</orbit>
			</planet>
			<planet id="PLA_7">
				<name>Andromedae B</name>
				<mass>1.934 &Mo;</mass>
				<orbitalPeriod>93.2357 day</orbitalPeriod>
				<equatorialRadius>1.863 &Ro;</equatorialRadius>
				<orbit>
					<aphelion>0.5 AU</aphelion>
					<perihelion>0.4 AU</perihelion>
				</orbit>
			</planet>
			<planet id="PLA_8">
				<name>Andromedae C</name>
				<mass>3.934 &Mo;</mass>
				<orbitalPeriod>160.2357 day</orbitalPeriod>
				<equatorialRadius>3.863 &Ro;</equatorialRadius>
				<orbit>
					<aphelion>1.04 AU</aphelion>
					<perihelion>1.0 AU</perihelion>
				</orbit>
			</planet>
		</solarSystem>
	</galaxy>
	<?php
		foreach($galaxies as $galaxy){
			$galaxy->print();
		}
	?>
</universe>