<?xml version="1.0" encoding="UTF-8"?>
<!DOCTYPE videopujcovna SYSTEM "data.dtd">
<videopujcovna jmeno="Videopujcovna s.r.o.">
	<kdy><datum><?php echo Date("d.m.Y") ?></datum></kdy>
	<zakaznici>
		<zakaznik id="zak1">
			<jmeno>Pepa</jmeno>
			<prijmeni>Sdepa</prijmeni>
			<narozeni><datum>1.1.1990</datum></narozeni>
			<tel mobil="N" predvolba="+420">12345689</tel>
			<email spam="A">sdepak@depov.bigbrother.cz</email>
			<adresa>
				<ulice>U Depa 4</ulice>
				<mesto>Depov</mesto>
				<PSC>40111</PSC>
				<stat>ČR</stat>
			</adresa>
			<registrace zam="zam1">
				<datum>1.3.2013 19:40</datum>
			</registrace>
			<poznamka>Bezproblémový zákazník, jen poškrábal <link ref="n1">King Konga</link>.</poznamka>
			<vypujcky>
				<vypujcka nosic="n1">
					<pujceni zam="zam1">
						<datum>1.3.2013 19:45</datum>
					</pujceni>
					<vraceni zam="zam2">
						<datum>2.3.2013 8:35</datum>
						<cena>50</cena>
						<pokuta>25</pokuta>
					</vraceni>
					<poznamka>Poškrábáno! &gt;:-(</poznamka>
				</vypujcka>
			</vypujcky>
		</zakaznik>
		<!-- zbytek zakazniku -->
	</zakaznici>
	<zamestnanci>
		<zamestnanec id="zam1">
			<jmeno>Franta</jmeno>
			<prijmeni>Jouda</prijmeni>
			<narozeni><datum>1.7.1985</datum></narozeni>
			<tel mobil="A" predvolba="+420">987654321</tel>
			<email spam="N">jouda@videopujcovna.cz</email>
			<adresa>
				<ulice>Lenošná 8</ulice>
				<mesto>Františkovy Lázně</mesto>
				<PSC>35002</PSC>
			</adresa>
			<zamestnani>
				<od><datum>1.1.2013</datum></od>
				<!-- kdybychom ho chteli vyhodit -->
				<!--<do><datum>1.1.2014</datum></do>-->
			</zamestnani>
			<poznamka>Lenoch, pořád chodí pozdě!</poznamka>
		</zamestnanec>
		<zamestnanec id="zam2">
			<jmeno>Wanda</jmeno>
			<prijmeni>Wnadná</prijmeni>
			<narozeni><datum>16.8.1994</datum></narozeni>
			<tel mobil="A" predvolba="+420">123987456</tel>
			<email spam="N">wanda@videopujcovna.cz</email>
			<adresa>
				<ulice>Hluboká 16</ulice>
				<mesto>Krásná Hora</mesto>
				<PSC>26256</PSC>
			</adresa>
			<zamestnani>
				<od><datum>1.1.2013</datum></od>
			</zamestnani>
			<!-- nenapadl me rozumnej obsah pro cdata sekci, tak prikladam ASCII art, kde by to myslim mohlo mit smysl -->
			<!-- webovy prohlizece to ale stejne neumi poradne zobrazit? -->
			<poznamka><![CDATA[
              .:WMZ;:
           ZMMMMMMMMMMZ
          aMaBBMM@.  ZMM
          MWSZaZ2      MM
          M07rZB.      BMM
         iMZSXWB. S2.,87aMM
         rM2a2@@7r@i     MM
         :MSZXSM2      ; MM
          M087Sa@: . rZM MM
          MMMS8@MM       MB
          rMMWMM;;XZXX,.S@;
          ZWMM@7   ,,: 78
          ,aW    iSr:77,
            i  ;8r.... 7aSMM
              Z7  .,.:.Xr   MM
            X2:     i7:: .,  MM
           SX,.,. .7a,      @MMM.
          ai  ,,.i07       MMBWMM;
        ,Zi  . .X2      .MMMWBOWMM
       XS,,iXS;M,     2MMMWBWBBBM@
      ;;, .Si  WM .8MMMM@WWBWWWMM
     i : ..a    MMMMMMWBBBWBWBBMM
     i r . Si    BWOOWBBBBBBBBWMZ
     : r:  77     M88BWBBBWBBBOMS
     . ii. rX     MMBOWWBBWWBWBMW
      S.i, ;X      8@W@@WVVWWWVMZ
      S,:: ,S    M,,8a8OBWWWBOOMi
      Xr .. 8    MMYO2808Z0BW0BM
      ,r; , a   : MMMWWWMMWIBBBM
      .SS , 7r  ; M088880B0WW8WM
       88:.  ;. MMMBW@WBB8ZZZZMX
       ,:   .:.   ,Z22aaZ0WWWMM
    7a:  7;  .. 7  aZ20WW82ZaM,
         M;  ,, MMMM@WWW088BMM
            M i XM8BB000BBBZ0W
            M   BM000BWWWW@WMM
            MMMMM88080BBB0W@MMM
            MMB@MMMMMMMMMMMMMMZ
]]></poznamka>
		</zamestnanec>
		<!-- zbytek zamestnancu -->
	</zamestnanci>
	<polozky>
		<polozka id="p1" jmeno="King Kong" typ="film" zanr="akce" rok="2005">
			<stab>
				<ucastnik funkce="reziser" osoba="f1"/>
				<ucastnik funkce="herec" osoba="f2"/>
				<!-- zbytek ucastniku nataceni -->
			</stab>
			<nosice>
				<nosic id="n1" typ="DVD">
					<poznamka>Poškrábáno <link ref="zak1">Pepou Sdepa</link>!</poznamka>
				</nosic>
				<!-- zbytek nosicu -->
			</nosice>
		</polozka>
		<polozka id="p2" jmeno="Hvězdná brána" typ="film" zanr="sci-fi" rok="1994">
			<stab>
				<ucastnik funkce="reziser" osoba="f3"/>
				<ucastnik funkce="herec" osoba="f4"/>
				<!-- zbytek ucastniku nataceni -->
			</stab>
			<nosice>
				<nosic id="n2" typ="DVD"/>
				<nosic id="n3" typ="DVD"/>
				<nosic id="n4" typ="DVD"/>
				<nosic id="n5" typ="DVD"/>
				<nosic id="n6" typ="VHS"/>
				<nosic id="n7" typ="VHS"/>
				<nosic id="n8" typ="VHS"/>
				<nosic id="n9" typ="BR"/>
				<nosic id="n10" typ="BR"/>
				<nosic id="n11" typ="BR"/>
			</nosice>
		</polozka>
		<!-- zbytek filmu -->
	</polozky>
	<filmari>
		<filmar id="f1" pohlavi="M">
			<jmeno>Peter</jmeno>
			<prijmeni>Jackson</prijmeni>
			<narozeni><datum>31.10.1961</datum></narozeni>
		</filmar>
		<filmar id="f2" pohlavi="Z">
			<jmeno>Naomi</jmeno>
			<prijmeni>Watts</prijmeni>
			<narozeni><datum>28.9.1968</datum></narozeni>
		</filmar>
		<filmar id="f3" pohlavi="M">
			<jmeno>Roland</jmeno>
			<prijmeni>Emmerich</prijmeni>
			<narozeni><datum>10.11.1955</datum></narozeni>
		</filmar>
		<filmar id="f4" pohlavi="M">
			<jmeno>Kurt</jmeno>
			<prijmeni>Russell</prijmeni>
			<narozeni><datum>17.3.1951</datum></narozeni>
		</filmar>
		<!-- zbytek hercu a prislusniku stabu -->
	</filmari>
</videopujcovna>