<?xml version="1.0" encoding="UTF-8"?>
<zamestnanci>
<zamestnanec>
<pozice>Hlavni vedouci</pozice>
<jmeno>Jana</jmeno>
     <zamestnanec>
     <pozice>Vedouci prodeje</pozice>
     <jmeno>Anna</jmeno>
         <zamestnanec>
         <pozice>Pokladni</pozice>
         <jmeno>Monika</jmeno>
         </zamestnanec>
         <zamestnanec>
         <pozice>Pokladni</pozice>
         <jmeno>Pavel</jmeno>
         </zamestnanec>
         <zamestnanec>
         <pozice>Pokladni</pozice>
         <jmeno>Tomas</jmeno>
         </zamestnanec>
     </zamestnanec>
     <zamestnanec>
     <pozice>Vedouci salu</pozice>
     <jmeno>Karel</jmeno>
         <zamestnanec>
         <pozice>Uklizec</pozice>       
         <jmeno>Igor</jmeno> 
         </zamestnanec>
          <zamestnanec>
         <pozice>Strazny</pozice>       
         <jmeno>Milos</jmeno> 
         </zamestnanec>
     </zamestnanec>
</zamestnanec>
</zamestnanci>