<?xml version="1.0" encoding="UTF-8"?>
<kina>
    <kino>
    <id>1</id>
        <nazev>Slovansky dum</nazev>
        
        <adresa>
            <mesto>Praha</mesto>
            <obec>Praha 1</obec>
            <ulice>Na Prikope 22</ulice>
            <psc>110 00</psc>
        </adresa>
        <telefon>840 200 240</telefon>
        <email>palace.info@palacecinemas.cz</email>
    </kino>
    <kino>
    <id>2</id>
        <nazev>Novy smichov</nazev>
        
        <adresa>
            <mesto>Praha</mesto>
            <obec>Praha 5</obec>
            <ulice>Plzenska 8</ulice>
            <psc>156 00</psc>
        </adresa>
        <telefon>840 200 240</telefon>
        <email>palace.info@palacecinemas.cz</email>
    </kino>
    <kino>
    <id>3</id>
        <nazev>Usti nad Labem</nazev>
       
        <adresa>
             <mesto>Usti nad Labem</mesto>
            <obec>Usti nad Labem</obec>
            <ulice>Blinska 6</ulice>
            <psc>234 50</psc>
        </adresa>
        <telefon>840 200 240</telefon>
        <email>palace.info@palacecinemas.cz</email>
    </kino>
    <kino>
    <id>4</id>
        <nazev>Letnany</nazev>
         
        <adresa>
           <mesto>Praha</mesto>
            <obec>Praha 9</obec>
            <ulice>Veselska 663</ulice>
            <psc>190 00</psc>
        </adresa>
        <telefon>840 200 240</telefon>
        <email>palace.info@palacecinemas.cz</email>
    </kino>
</kina>
