<?xml version="1.0" encoding="UTF-8"?>
<kina>
    <kino id="1" nazev="Cinestar CB">
            <mesto>Ceske Budejovice</mesto>
            <adresa>Jaroslava Bendy</adresa>
            <telefon>783 342 042</telefon>
    </kino>
   <kino id="2" nazev="Cinestar Praha">
            <mesto>Praha</mesto>
            <adresa>Radlicka 3179</adresa>
            <telefon>251 115 111</telefon>
    </kino>
    <kino id="3" nazev="Cinestar Liberec">
            <mesto>Liberec</mesto>
            <adresa>Ceske Mladeze 456</adresa>
            <telefon>482 411 999</telefon>
    </kino>
     <kino id="4" nazev="Park Hostivar">
            <mesto>Praha</mesto>
            <adresa>Svehlova 32</adresa>
            <telefon>840 200 240</telefon>
    </kino>
</kina>