<?xml version="1.0" encoding="UTF-8" ?>
	<!DOCTYPE knihkupectvi SYSTEM "data.dtd">
	<knihkupectvi>
		<autor id_a="1">
			<jmeno>Jaroslav Foglar</jmeno>
			<jazyk>cs</jazyk>
			<cv>
				<narozeni>
					<datum>
						<den>6</den>
						<mesic>7</mesic>
						<rok>1907</rok>
					</datum>
					<misto>Praha</misto>
				</narozeni>
				<umrti>
					<datum>
						<den>23</den>
						<mesic>1</mesic>
						<rok>1999</rok>
					</datum>
					<misto>Praha</misto>
				</umrti>
			</cv>
		</autor>
		
		<autor id_a="2">
			<jmeno>Heinrich Böll</jmeno>
			<jazyk>de</jazyk>
			<cv>
				<narozeni>
					<datum>
						<rok>1917</rok>
					</datum>
					<misto>Kolín nad Rýnem</misto>
				</narozeni>
				<umrti>
					<datum>
						<rok>1985</rok>
					</datum>
				</umrti>
			</cv>
		</autor>
				
		<nakladatelstvi id_n="1">
			<nazev>Albatros</nazev>
			<adresa>
				<mesto>Praha 4</mesto>
				<ulice>Na Pankráci</ulice>
				<cp>30/1618</cp>
				<psc>140 00</psc>
			</adresa>
		</nakladatelstvi>
		<nakladatelstvi id_n="2">
			<nazev>Garamond</nazev>
			<adresa>
				<mesto>Praha 1</mesto>
				<ulice>Soukenická</ulice>
				<cp>8</cp>
				<psc>110 00</psc>
			</adresa>
		</nakladatelstvi>
		
		<kniha isbn="123">
			<titul>Ztracená čest</titul>
			<autorRef ref="2"/>
			<naklRef ref="2"/>
			<cena>250</cena>
		</kniha>
		<kniha isbn="987">
			<titul>Hoši od Bobří řeky</titul>
			<cena>180</cena>
			<autorRef ref="1"/>
			<naklRef ref="1"/>
			<poznamka> Další informace k nalezeni <odkaz href="http://www.musteraddresse.cz">zde</odkaz>.</poznamka>
		</kniha>
		<kniha isbn="124">
			<titul>Strach nad Bobří řekou</titul>
			<cena>180</cena>
			<autorRef ref="1"/>
			<naklRef ref="1"/>	
			<rokVydani>1990</rokVydani>
			<poznamka> Další informace k nalezeni <odkaz href="http://www.musteraddresse.cz">zde</odkaz>.</poznamka>		
		</kniha>
	</knihkupectvi>