<?xml version="1.0" encoding="UTF-8"?>
<exportKategorii>
	<kategorie id="prace">
		<nazev>Prace</nazev>
		<description>Ukoly a jine povinnosti v praci</description>
		<aktivity>
			<aktivita>
				<nazev>Vytvorit sablonu</nazev>
				<description/>
				<delka>120</delka>
				<pravidla>
					<dokoncenoPred procent="100" kdy="2012-04-01T15:00:00Z"/>
					<neprerusitelne/>
				</pravidla>
			</aktivita>
			<aktivita>
				<nazev>Oprava chyb v systemu</nazev>
				<description>Viz bugzilla</description>
				<!-- delka aktivity v minutach, tj sirka na casove ose pro rozvrzeni -->
				<delka>480</delka>
				<!-- aktivita muze definovat pravidla, kdy ma byt rozvrzena. Pro jednoduchost pouze "hard" podminky -->
				<pravidla>
					<zacatek kdy="2012-03-19T18:00:00Z"/>
					<neprerusitelne/>
				</pravidla>
			</aktivita>
			<aktivita>
				<nazev>Deployment</nazev>
				<description>Hledat reseni deploymentu pro novy system</description>
				<delka>960</delka>
				<pravidla>
					<dokoncenoPred procent="100" kdy="2012-05-25T12:00:00Z"/>
					<dokoncenoPred procent="50" kdy="2012-04-25T12:00:00Z"/>
					<dokoncenoPred procent="25" kdy="2012-04-01T02:00:00Z"/>
				</pravidla>
			</aktivita>
		</aktivity>
	</kategorie>
	<kategorie id="skola">
		<nazev>Skola</nazev>
		<description>Ukoly a jine povinnosti do skoly</description>
		<aktivity>
			<aktivita>
			<nazev>Zapoctak Pokrocili C#</nazev>
			<description/>
			<delka>300</delka>
			<pravidla>
				<dokoncenoPred procent="100" kdy="2012-03-25T12:00:00Z"/>
			</pravidla>
		</aktivita>
		</aktivity>
	</kategorie>
</exportKategorii>