<?xml version="1.0" encoding="UTF-8"?>
<!--
    Author: Bc. CHOMUT Miroslav 11070237
    First homework
-->

<!-- root element -->
<finswimming
	xmlns:xsi="http://www.w3.org/2001/XMLSchema-instance"
	xsi:noNamespaceSchemaLocation="data.xsd">

    <!-- Physical people -->
    <!-- Contains data specific for phzsical people -->
    <people>
        <person id="per1" name="Xerxes" surname="FastSwim" avatar="avatGodLike">
            <address>
                <street number="50">My street</street>
                <city>Utopia</city>
                <state>Imaginary</state>
            </address>
            <biometrics>
                <height>
                    <SI_meter>2</SI_meter>
                    <SI_centimeter>10</SI_centimeter>
                </height>
                <weight>
                    <SI_kilogram>100</SI_kilogram>
                </weight>
            </biometrics>
            <HTMLSignature>
                <![CDATA[
                <b>Hello</b> <h2>WORLD</h2>
                ]]>
            </HTMLSignature>
        </person>
        <person id="per2" name="John" surname="the first" middlename="Van falubert &apos; s">
            <address>
                <street>My street</street>
                <city>Utopia</city>
                <state>Imaginary</state>
            </address>
            <biometrics>
                <height>
                    <NonSI_feet>4</NonSI_feet>
                </height>
                <weight>
                    <NonSI_pound>100</NonSI_pound>
                </weight>
            </biometrics>
            <HTMLSignature>
                <![CDATA[
                <b>Hello</b> <h2>WORLD</h2> <small>and NUMA CPUs</small>
                ]]>
            </HTMLSignature>
            <ANYSignature>
                AHOJ
            </ANYSignature>
            <ANYSignature>
                Can I Have Multiple of these (sure I can):
                <HTMLSignature>
                    <![CDATA[
                    <big>GOTCHA!!! Second HTML signature<big>
                    ]]>
            </HTMLSignature>
            </ANYSignature>
        </person>
        <person id="per3" name="Anna" surname="KArenina" avatar="avatThick">
            <address>
                <city>Literature</city>
                <state>HardToLearnOne</state>
            </address>
            <biometrics>
                <height>
                    <SI_meter>1</SI_meter>
                    <SI_centimeter>70</SI_centimeter>
                </height>
                <weight>
                    <SI_kilogram>78</SI_kilogram>
                </weight>
            </biometrics>
            <HTMLSignature>
                <![CDATA[
                <a href="mailto:me@here.now">Write me :)</a>
                ]]>
            </HTMLSignature>
        </person>
    </people>
    
    <!-- CMAS Region -->
    <!-- Contains CMAS Licences and CMAS Championships -->
    <CMAS>
        <CMAS_Competitors>
            <CMAS_Competitor id="CMASCom1" person="per1">
                <CMAS_PP>
                    <Licence year="2010" id="CMASLic51" />
                    <Licence year="2011" id="CMASLic53" />
                    <Licence year="2012" id="CMASLic56" />
                </CMAS_PP>
                <CMAS_OP>
                    <Licence year="2010" id="CMASLic52" />
                    <Licence year="2012" id="CMASLic57" />
                </CMAS_OP>
                <CMAS_DPP>
                    <Licence year="2011" id="CMASLic54" />
                    <Licence year="2012" id="CMASLic58" />
                </CMAS_DPP>
            </CMAS_Competitor>
            <CMAS_Competitor id="CMASCom2" person="per2">
                <CMAS_PP>
                    <Licence year="2005" id="CMASLic24" />
                    <Licence year="2006" id="CMASLic31" />
                    <Licence year="2007" id="CMASLic47" />
                </CMAS_PP>
                <CMAS_OP>
                    <Licence year="2006" id="CMASLic33" />
                    <Licence year="2007" id="CMASLic48" />
                </CMAS_OP>
                <CMAS_DPP>
                    <Licence year="2004" id="CMASLic12" />
                    <Licence year="2005" id="CMASLic25" />
                </CMAS_DPP>
            </CMAS_Competitor>
            <CMAS_Competitor id="CMASCom3" person="per2">
                <CMAS_PP>
                    <Licence year="2011" id="CMASLic55" />
                    <Licence year="2012" id="CMASLic59" />
                </CMAS_PP>
                <CMAS_OP>
                    <Licence year="2012" id="CMASLic60" />
                </CMAS_OP>
                <CMAS_DPP>
                    <Licence year="2012" id="CMASLic61" />
                </CMAS_DPP>
            </CMAS_Competitor>
        </CMAS_Competitors>
     </CMAS>
    
</finswimming>