<?xml version="1.0" encoding="utf-8" ?>
<?xml-stylesheet href="data.xsl"  type="text/xsl" ?>
<programátorské-úlohy cesta="ulohy" xmlns="http://ms.mff.cuni.cz/~dortv/problems"
xmlns:xsi="http://www.w3.org/2001/XMLSchema-instance"
xsi:schemaLocation="http://ms.mff.cuni.cz/~dortv/problems data.xsd">

	<skupina název="SPOJ" cesta="spoj">
		<úloha název="Key Task">
			<klíčové-slovo>průchod do šířky</klíčové-slovo>
			<zadání>
<![CDATA[
The Czech Technical University is rather old - you already know that it celebrates 300 years of its existence in 2007. Some of the university buildings are old as well. And the navigation in old buildings can sometimes be a little bit tricky, because of strange long corridors that fork and join at absolutely unexpected places.

The result is that some first-graders have often difficulties finding the right way to their classes. Therefore, the Student Union has developed a computer game to help the students to practice their orientation skills. The goal of the game is to find the way out of a labyrinth. Your task is to write a verification software that solves this game.

The labyrinth is a 2-dimensional grid of squares, each square is either free or filled with a wall. Some of the free squares may contain doors or keys. There are four different types of keys and doors: blue, yellow, red, and green. Each key can open only doors of the same color. You can move between adjacent free squares vertically or horizontally, diagonal movement is not allowed. You may not go across walls and you cannot leave the labyrinth area. If a square contains a door, you may go there only if you have stepped on a square with an appropriate key before. 
]]>
				<nadpis style="color:green;">Input</nadpis>
<![CDATA[
The input consists of several maps. Each map begins with a line containing two integer numbers R and C (1 <= R, C <= 100) specifying the map size. Then there are R lines each containing C characters. Each character is one of the following:
Hash mark '#' Wall
Dot '.' Free square
Asterisk '*' Your position
Uppercase letter 'B','Y','R','G' Blue, yellow, red or green door
Uppercase X 'X' Exit

Note that it is allowed to have * more than one exit,
* no exit at all,
* more doors and/or keys of the same color, and
* keys without corresponding doors and vice versa.

You may assume that the marker of your position ("*") will appear exactly once in every map. There is one blank line after each map. The input is terminated by two zeros in place of the map size. 
]]>
				<nadpis style="color:red;">Output</nadpis>
<![CDATA[
For each map, print one line containing the sentence "Escape possible in S steps.", where S is the smallest possible number of step to reach any of the exits. If no exit can be reached, output the string "The poor student is trapped!" instead. One step is defined as a movement between two adjacent cells. Grabbing a key or unlocking a door does not count as a step. 
]]>
			</zadání>
			<hodnocení příkaz="diff" />
			<běh>
				<vstup id="cerc07k-ex-in">
<![CDATA[
1 10
*........X

1 3
*#X

3 20
####################
#XY.gBr.*.Rb.G.GG.y#
####################

0 0
]]>
				</vstup>
				<výstup>
<![CDATA[
Escape possible in 9 steps.
The poor student is trapped!
Escape possible in 45 steps.
]]>
				</výstup>
			</běh>
		</úloha>
		<úloha název="Bishops">
			<klíčové-slovo>dlouhá čísla</klíčové-slovo>
			<zadání>
<![CDATA[
Yesterday was Sam's birthday. The most interesting gift was definitely the chessboard. Sam quickly learned the rules of chess and defeated his father, all his friends, his little sister, and now no one wants to play with him any more.

So he decided to play with another birthday gift – a Book of Math Problems for Young Mathematicians. He opened the book somewhere in the middle and read the following problem: "How many knights can be placed on a chessboard without threatening each other?" After a while he realized that this was trivial and moved on to the next problem: "How many bishops can be placed on a chessboard without threatening each other?". Sam is in trouble here. He is not able to solve this problem and needs your help.

Sam's chessboard has size ]]><vzorec style="color:blue">N x N</vzorec><![CDATA[. A bishop can move to any distance in any of the four diagonal directions. A bishop threatens another bishop if it can move to the other bishop's position. Your task is to compute the maximum number of bishops that can be placed on a chessboard in such a way that no two bishops threaten each other. 
]]>
				<nadpis>Input</nadpis>
The input file consists of several lines. The line number i contains a single number N representing the size of the i-th chessboard. <vzorec><![CDATA[N <= 10^100]]></vzorec>
				<nadpis>Output</nadpis>
The output file should contain the same number of lines as the input file. The i-th line should contain one number – the maximum number of bishops that can be placed on i-th chessboard without threatening each other.
				<nadpis>Example</nadpis>
				<vzorový-vstup id="bishops-ex-in" />			
				<vzorový-výstup id="bishops-ex-out" />			
			</zadání>
			<!-- Řešení v jazyce C++ -->
			<řešení>
				<kód soubor="bishops.cpp" />
			</řešení>
			<!-- Řešení v jazyce C# -->
			<řešení>
				<kód soubor="bishops.cs" />
			</řešení>
			<!-- Řešení v jazyce Java -->
			<řešení>
				<kód soubor="bishops.java" />
			</řešení>
			<hodnocení příkaz="diff" />
			<!-- Kontrolní vstupy -->
			<běh limit-čas="1s">
				<vstup soubor="bishops.in" />
				<výstup soubor="bishops.out" />
			</běh>
			<!-- Kontrolní vstupy pro zadání -->
			<běh>
				<vstup id="bishops-ex-in">
<![CDATA[
2
3
]]>
				</vstup>
				<výstup id="bishops-ex-out">
<![CDATA[
2
4
]]>
				</výstup>
			</běh>
			<!-- Generování kontrolních vstupů -->
			<běh>
				<vstup>
<?php
for($i=2;$i<30000;++$i)
	echo $i, '\n';
?>
				</vstup>
				<výstup>
<?php
for($i=2;$i<30000;++$i)
	echo 2*$i-2, '\n';
?>
				</výstup>
			</běh>
		</úloha>
	</skupina>
	<skupina název="Codeforces" cesta="codeforces">
	</skupina>
	<skupina název="Challenge 24" cesta="ch24">
		<skupina název="2012" cesta="2012">
			<skupina název="Pre-EC" cesta="preec">
				<úloha název="Squares">
					<klíčové-slovo>grafika</klíčové-slovo>
					<!-- Dvě různá řešení -->
					<řešení program="R1.exe" />
					<řešení program="R2.exe" />
					<!-- Úkolem je minimalizovat velikost výstupu a projít programem check -->
					<hodnocení příkaz="wc -b" hodnota="výstup" cíl="minimum"/>
					<hodnocení příkaz="./check"/>
					<běh><vstup soubor="inputs/R/1.png"/></běh>
					<běh><vstup soubor="inputs/R/2.png"/></běh>
					<běh><vstup soubor="inputs/R/3.png"/></běh>
					<běh><vstup soubor="inputs/R/4.png"/></běh>
					<běh><vstup soubor="inputs/R/5.png"/></běh>
					<běh><vstup soubor="inputs/R/6.png"/></běh>
					<běh><vstup soubor="inputs/R/7.png"/></běh>
					<běh><vstup soubor="inputs/R/8.png"/></běh>
					<běh><vstup soubor="inputs/R/9.png"/></běh>
					<běh><vstup soubor="inputs/R/10.png"/></běh>
				</úloha>
				<úloha název="Independent">
					<klíčové-slovo>DFS</klíčové-slovo>
					<hodnocení příkaz="diff" />
				</úloha>
				<úloha název="Soundplot">
					<klíčové-slovo>Fourierova transformace</klíčové-slovo>
					<klíčové-slovo>grafika</klíčové-slovo>
					<hodnocení příkaz="diff" />
				</úloha>
			</skupina>
			<skupina název="EC" cesta="ec">
				<úloha název="Bombs">
					<klíčové-slovo>geometrie</klíčové-slovo>
					<klíčové-slovo>silně souvislé komponenty</klíčové-slovo>
					<řešení program="B.exe" />
					<hodnocení příkaz="diff" />
					<!-- Deset testovacích vstupů -->
					<běh><vstup soubor="inputs/B/1.in" /><výstup soubor="B1.out" /></běh>
					<běh><vstup soubor="inputs/B/2.in" /><výstup soubor="B2.out" /></běh>
					<běh><vstup soubor="inputs/B/3.in" /><výstup soubor="B3.out" /></běh>
					<běh><vstup soubor="inputs/B/4.in" /><výstup soubor="B4.out" /></běh>
					<běh><vstup soubor="inputs/B/5.in" /><výstup soubor="B5.out" /></běh>
					<běh><vstup soubor="inputs/B/6.in" /><výstup soubor="B6.out" /></běh>
					<běh><vstup soubor="inputs/B/7.in" /><výstup soubor="B7.out" /></běh>
					<běh><vstup soubor="inputs/B/8.in" /><výstup soubor="B8.out" /></běh>
					<běh><vstup soubor="inputs/B/9.in" /><výstup soubor="B9.out" /></běh>
					<běh><vstup soubor="inputs/B/10.in" /><výstup soubor="B10.out" /></běh>
				</úloha>
				<úloha název="Echo">
					<klíčové-slovo>zvuk</klíčové-slovo>
					<klíčové-slovo>Fourierova transformace</klíčové-slovo>
					<řešení program="E.exe" />
					<hodnocení příkaz="cut -f 3" hodnota="výstup" cíl="minimum" />
					<běh><vstup soubor="inputs/E/1.wav" /></běh>
					<běh><vstup soubor="inputs/E/2.wav" /></běh>
					<běh><vstup soubor="inputs/E/3.wav" /></běh>
					<běh><vstup soubor="inputs/E/4.wav" /></běh>
					<běh><vstup soubor="inputs/E/5.wav" /></běh>
					<běh><vstup soubor="inputs/E/6.wav" /></běh>
					<běh><vstup soubor="inputs/E/7.wav" /></běh>
					<běh><vstup soubor="inputs/E/8.wav" /></běh>
					<běh><vstup soubor="inputs/E/9.wav" /></běh>
					<běh><vstup soubor="inputs/E/10.wav" /></běh>
				</úloha>
			</skupina>
		</skupina>
	</skupina>
</programátorské-úlohy>
