<?xml version="1.0" encoding="UTF-8"?>
<!DOCTYPE svet SYSTEM "data.dtd">

<svet>
    <seznam-zemi>
        <zeme id="zeme-cz">
            <jmeno>Česká republika</jmeno>
            <hlavni-mesto id="mesto-praha" />
            <jazyk>čeština</jazyk>
            <pocet-lidi>10 501 197</pocet-lidi>
            <hustota-lidi>133</hustota-lidi>
            <rozloha>78 867</rozloha>
            <hlavni-nabozenstvi id="nab-ateismus" />
            <web>portal.gov.cz</web>

            <seznam-mest>
                <mesto id="mesto-praha" souradnice="50°05′N 14°25′E">
                    <jmeno>Praha</jmeno>
                    <pocet-lidi>1000000</pocet-lidi>
                    <hlavni-nabozenstvi id="nab-ateismus" />
                    <web>www.praha.eu</web>
                </mesto>
            </seznam-mest>

            <seznam-hor>
                <hora id="hora-snezka">
                    <jmeno>Sněžka</jmeno>
                    <vyska>1602</vyska>
                </hora>
            </seznam-hor>

            <pisen typ="hymna">
                <jmeno>Kde domov můj?</jmeno>
                <text>
                    Kde domov můj,
                    kde domov můj?
                    Voda hučí po lučinách,
                    bory šumí po skalinách,
                    v sadě skví se jara květ,
                    zemský ráj to na pohled!
                    A to je ta krásná země,
                    <odkaz-zeme id="zeme-cz">země česká</odkaz-zeme>, domov můj,
                    <odkaz-zeme id="zeme-cz">země česká</odkaz-zeme>, domov můj!
                </text>
            </pisen>

            <text>
                Česká republika (nebo Česko), je vnitrozemský stát ležící ve střední Evropě.
                Sousedí na západě s <odkaz-zeme id="zeme-de">Německem</odkaz-zeme> (délka hranice 810 km),
                na severu s <odkaz-zeme id="zeme-pl">Polskem</odkaz-zeme> (762 km),
                na východě se <odkaz-zeme id="zeme-sk">Slovenskem</odkaz-zeme> (252 km)
                a na jihu s <odkaz-zeme id="zeme-at">Rakouskem</odkaz-zeme> (466 km).
                Víte že ?
                <?php echo getInterestingFact('cz'); ?>
                A víte že ?
                <![CDATA[
                V Česku se v matematice používá pro značení uzavřeného intervalu
                značek < a > (například <-3,6>), na rozdíl od většiny světa, kde se používá
                značek [ a ] (například [-3,6]).
                ]]>
            </text>

        </zeme>
        <zeme id="zeme-de">
            <jmeno>&de;</jmeno>
            <!-- to musíme dodělat přátelé -->
        </zeme>
        <zeme id="zeme-pl">
            <jmeno>&pl;</jmeno>
            <!-- to také -->
        </zeme>
        <zeme id="zeme-sk">
            <jmeno>&sk;</jmeno>
            <!-- to jak by smet -->
        </zeme>
        <zeme id="zeme-at">
            <jmeno>Rakousko</jmeno>
            <!-- a toto je také komentář -->
        </zeme>

    </seznam-zemi>


    <seznam-nabozenstvi>

        <nabozenstvi id="nab-zen">
            <jmeno>Zen</jmeno>
            <web>www.zenguide.com</web>
        </nabozenstvi>

        <nabozenstvi id="nab-ateismus">
            <jmeno>Ateismus</jmeno>
            <web>en.wikipedia.org/wiki/Atheism</web>
        </nabozenstvi>


    </seznam-nabozenstvi>


</svet>


