<?xml version="1.0" encoding="UTF-8"?>


<pujcovana>
	<pobočka>
		<nazev>První Mobilní</nazev>
		<adresa>
			<ulice>Jeremiášova</ulice>
			<č.p>1825</č.p>
			<PSČ>156 00</PSČ>
			<město>Praha</město>
			<stat>čr</stat>
		</adresa>
		<telefon>732578994</telefon>
		<seznamTelefonů>
			<značka id="nokia">
				<telefon>
					<pouzival vid_ref="id_1"/>
					<model>5110</model>

					<imei>549841684169841</imei>
					<procesor>X28</procesor>
					<rozlišení>50x50</rozlišení>
					<výdrž>8 dní</výdrž>
					<fotoaparat>true</fotoaparat>
					<java>false</java>
					<mp3>true</mp3>
					<video>3gp</video>
					<cena>7886</cena>
				</telefon>
				<telefon>
					<pouzival vid_ref="id_2"/>
					<model>6220</model>

					<imei>561686146516</imei>
					<procesor>DX99</procesor>
					<rozlišení>320x240</rozlišení>
					<výdrž>3 dní</výdrž>
					<fotoaparat>true</fotoaparat>
					<java>true</java>
					<mp3>true</mp3>
					<video>3gp</video>
					<cena>10000</cena>
				</telefon>
			</značka>
		</seznamTelefonů>
	</pobočka>
	<seznam>
		<zakaznik>
			<firma oid="id_1">
				<nazev>alza</nazev>
				<IČ>156</IČ>
				<DIČ>64516</DIČ>
				<adresa>
					<ulice>belušova</ulice>
					<č.p>1825</č.p>
					<PSČ>156 00</PSČ>
					<město>Praha</město>
					<stat>čr</stat>
				</adresa>
				<telefon>732578994</telefon>
			</firma>
		</zakaznik>
		<zakaznik>
			<firma oid="id_2">
				<nazev>beta</nazev>
				<IČ>15625</IČ>
				<DIČ>645156</DIČ>
				<adresa>
					<ulice>belušovaaa</ulice>
					<č.p>182</č.p>
					<PSČ>156 05</PSČ>
					<město>Praha 5</město>
					<stat>čr</stat>
				</adresa>
				<telefon>732578394</telefon>
			</firma>
		</zakaznik>
	</seznam>
	<osoby>
		<zamestnanec>
			<jmeno>
				<krestni>Karel</krestni>
				<prijmeni>novák</prijmeni>
			</jmeno>
			<kontakt>733698854</kontakt>
			<plat>32400</plat>
			<email>neco@cvut.cz</email>
		</zamestnanec>
		<zamestnanec>
			<jmeno>
				<krestni>Martina</krestni>
				<prijmeni>Procházková</prijmeni>
			</jmeno>
			<kontakt>603654484</kontakt>
			<plat>11200</plat>
			<email>mproch@seznam.cz</email>
		</zamestnanec>
		<zamestnanec>
			<jmeno>
				<krestni>Martina</krestni>
				<prijmeni>Kyselá</prijmeni>
			</jmeno>
			<kontakt>66565554</kontakt>
			<plat>61200</plat>
			<email>mkys@seznam.cz</email>
		</zamestnanec>
		<zamestnanec>
			<jmeno>
				<krestni>Jana</krestni>
				<prijmeni>slaná</prijmeni>
			</jmeno>
			<kontakt>652654484</kontakt>
			<plat>36200</plat>
			<email>slanka@seznam.cz</email>
		</zamestnanec>
	</osoby>
</pujcovana>
