<?xml version="1.0" encoding="windows-1250" ?>
<servis xmlns:xsi="http://www.w3.org/2001/XMLSchema-instance" xsi:noNamespaceSchemaLocation="data.xsd">
	<employees>
		<employee name="Max Power" position="manager" employeeId="e1" />
		<employee name="Helga Pretty" position="secretary" employeeId="e2" />
		<employee name="Greg Diode" position="repairman" employeeId="e3" />
		<employee name="Ivan Strong" position="warehouseman" employeeId="e4" salary="21000" />
	</employees>
	<orders>
		<order state="onWay" contact="+420 754 752 201" orderId="o1" customer="Random Guy" priceLimit="1200">
			<dates>
					<date type="open">2012-03-06</date>
			</dates>
			<items>
				<item>
					<model>plasma_2000</model>
					<error>Does not start up.</error>
				</item>
			</items>
		</order>
		<order state="canceled" contact="not given" orderId="o2" customer="Another Guy" priceLimit="2500">
			<dates></dates>
			<items>
				<item>
					<model>galaxy_2</model>
					<error>Broken display.</error>
				</item>
			</items>
		</order>
		<order state="diagnostic" contact="roop@coop.com" orderId="o3" customer="Next Guy" priceLimit="800">
			<dates>
				<date type="arrival">2014-02-04</date>
			</dates>
			<items>
				<item>
					<model>scooba</model>
					<error>Ate my dog.</error>
				</item>
			</items>
		</order>
		<order state="waiting" contact="my@gmail.com" orderId="o4" customer="First Girl" priceLimit="500">
			<dates></dates>
			<items>
				<item>
					<model>iCrap</model>
					<error>Too expensive</error>
				</item>
				<item>
					<model>iTile</model>
					<error>Even more expensive than previous item.</error>
				</item>
			</items>
		</order>
		<order state="onWay" contact="fake@mail.com" orderId="o5" customer="Fake Name" priceLimit="10000">
			<dates>
					<date type="arrival">2013-11-10</date>
					<date type="diagnose">2013-11-14</date>
					<date type="solution">2013-11-15</date>
					<date type="shipping">2013-11-16</date>
			</dates>
			<items>
				<item>
					<model>galaxy_2</model>
					<error>Too shiny.</error>
				</item>
			</items>
		</order>
				<order state="onWay" contact="+420 754 752 123" orderId="o6" customer="Random Gal" priceLimit="1500">
			<dates>
					<date type="open">2014-03-07</date>
			</dates>
			<items>
				<item>
					<model>plasma_2400</model>
					<error>Dead.</error>
				</item>
			</items>
		</order>
		<order state="service" contact="not given" orderId="o7" customer="Second Girl" priceLimit="800">
			<dates></dates>
			<items>
				<item>
					<model>lcd_22</model>
					<error>Crushed by a space ship.</error>
				</item>
			</items>
		</order>
		<order state="diagnostic" contact="roop@coop.com" orderId="o8" customer="The God" priceLimit="1999">
			<dates>
				<date type="arrival">2014-01-10</date>
			</dates>
			<items>
				<item>
					<model>iTile</model>
					<error>Too flat.</error>
				</item>
			</items>
		</order>
		<order state="service" contact="my@gmail.com" orderId="o9" customer="Amazing Jerk" priceLimit="900">
			<dates></dates>
			<items>
				<item>
					<model>lcd_22</model>
					<error>Too small. Please enlarge it.</error>
				</item>
			</items>
		</order>
		<order state="finished" contact="fake@mail.com" orderId="o10" customer="Firstname Surname" priceLimit="120">
			<dates>
					<date type="arrival">2013-10-08</date>
					<date type="diagnose">2013-10-20</date>
					<date type="solution">2013-10-25</date>
					<date type="shipping">2013-10-30</date>
			</dates>
			<items>
				<item>
					<model>galaxy_2</model>
					<error>Battery is empty. Please recharge it.</error>
				</item>
			</items>
		</order>
	</orders>
	<types>
		<type typeName="tv">
			<brand brandName="samsung">
				<model modelId="plasma_2000" />
				<model modelId="plasma_2400" />
				<model modelId="lcd_22" />
				<model modelId="lcd_22i" />
			</brand>
		</type>
		<type typeName="phone">
			<brand brandName="samsung">
				<model modelId="galaxy_2" />
				<model modelId="galaxy_3" />
				<model modelId="galaxy_4" />
			</brand>
			<brand brandName="apple">
				<model modelId="iPhone" />
				<model modelId="iCrap" />
				<model modelId="iTile" />
			</brand>
		</type>
		<type typeName="vacuumRobot">
			<brand brandName="iRobot">
				<model modelId="roomba" />
				<model modelId="scooba" />
			</brand>
		</type>
	</types>
</servis>