<?xml version="1.0" encoding="UTF-8"?>

<!--
    Document   : ukol1.xml
    Created on : 4. březen 2012, 11:11
    Author     : Lukas Hnizdo
    Description:
        Purpose of the document follows.
-->
<!DOCTYPE KNIHOVNA SYSTEM "ukol1.dtd" >
<KNIHOVNA>
    <SEZNAM_CTENARU>
        <CTENAR ID_CTENARE="c1" >
            <OSOBNI_UDAJE POHLAVI="Muz" >
                <JMENO>Jan</JMENO>
                <PRIJMENI>Novak</PRIJMENI>
                <DATUM_NAROZENI>1.4.1967</DATUM_NAROZENI>
                <RC><![CDATA[670401/1234]]></RC>
                <OBCANSTVI>&CR;</OBCANSTVI>
            </OSOBNI_UDAJE>
            <KONTAKTNI_UDAJE>
                <ADRESA>
                    <ULICE>Prazska 123</ULICE>
                    <MESTO>Praha 1</MESTO>
                    <PSC>110 00</PSC>
                </ADRESA>
                <TELEFON>734657890</TELEFON>
            </KONTAKTNI_UDAJE>
            <POZNAMKY></POZNAMKY>
        </CTENAR>
    </SEZNAM_CTENARU>
    <SEZNAM_KNIH>
        <KNIHA ID_KNIHY="k1" >
            <NAZEV>Babicka</NAZEV>
            <AUTOR>Bozena Nemcova</AUTOR>
            <ROK>1855</ROK>
            <ZANR>Novela</ZANR>
            <JAZYK>&CZ;</JAZYK>
        </KNIHA>
    </SEZNAM_KNIH>
    <SEZNAM_EXEMPLARU>
        <EXEMPLAR ID_EXEMPLARE="e1" ID_KNIHY="k1" >
            <KOUPENO>12.3.2001</KOUPENO>
        </EXEMPLAR>
    </SEZNAM_EXEMPLARU>
    <SEZNAM_REZERVACI>
        <REZERVACE ID_REZERVACE="r1" ID_CTENARE="c1" ID_KNIHY="k1" >
            <DATUM_REZERVACE>2.3.2012</DATUM_REZERVACE>
        </REZERVACE>
    </SEZNAM_REZERVACI>
    <SEZNAM_PUJCENYCH_KNIH>
        <PUJCENI ID_PUJCENI="p1" ID_CTENARE="c1" ID_EXEMPLARE="e1" >
            <DATUM_PUJCENI>4.3.2012</DATUM_PUJCENI>
        </PUJCENI>
    </SEZNAM_PUJCENYCH_KNIH>    
</KNIHOVNA>
