<?xml version="1.0" encoding="UTF-8"?>
<databaza-banky>
	<uzivatelia>
		<uzivatel id="u_0000007" pohlavie="muz">
			<meno>
				<krstne>
					 Tomas
				</krstne>
				<priezvisko>Novella</priezvisko>
			</meno>
			<email>tomasnovella@gmail.com</email>
			<adresa>
				<ulica>Chemicka</ulica>
				<cislo-ulice>954</cislo-ulice>
				<psc>14828</psc>
				<mesto>Praha</mesto>
				<stat>Ceska republika</stat>
			</adresa>
			<ucty>
				<ucet typ-uctu="studentsky" cislo-uctu="cu_123456789">
					<zostatok>5000</zostatok>
					<precerpany-limit tyzdenne="100" mesacne="256"/>
					<!-- nastaveny-limit mi uchovava, kolko mozem mesacne minut -->
					<nastaveny-limit tyzdenne="200" mesacne="800"/>
				</ucet>
				<ucet typ-uctu="business" cislo-uctu="cu_987654321">
					<zostatok>89168</zostatok>
					<precerpany-limit tyzdenne="2100" mesacne="8256"/>
					<nastaveny-limit tyzdenne="20000" mesacne="80000"/>
				</ucet>
			</ucty>
		</uzivatel>
		<uzivatel id="u_0000149" pohlavie="zena">
			<meno>
				<krstne>
					 Zuzka  
				</krstne>
				<priezvisko>Faktorova</priezvisko>
			</meno>
			<email>zuzfak@gmail.com</email>
			<adresa>
				<ulica>Chemicka</ulica>
				<cislo-ulice>954</cislo-ulice>
				<psc>14828</psc>
				<mesto>Praha</mesto>
				<stat>Ceska republika</stat>
			</adresa>
			<ucty>
				<ucet typ-uctu="studentsky" cislo-uctu="cu_123456789">
					<zostatok>540</zostatok>
					<precerpany-limit tyzdenne="10" mesacne="256"/>
					<!-- nastaveny-limit mi uchovava, kolko mozem mesacne minut -->
					<nastaveny-limit tyzdenne="200" mesacne="800"/>
				</ucet>
				<ucet typ-uctu="business" cislo-uctu="cu_987654321">
					<zostatok>460</zostatok>
					<precerpany-limit tyzdenne="210" mesacne="825"/>
					<nastaveny-limit tyzdenne="2000" mesacne="8000"/>
				</ucet>
			</ucty>
		</uzivatel>
	</uzivatelia>
	<typy-uctov>
		<typ-uctu typ="studentsky">
			<mesacne-poplatky>0</mesacne-poplatky>
			<cena-transakcie>
				<vnutrobankovna-transakcia>0</vnutrobankovna-transakcia>
				<mimo-banky>6</mimo-banky>
			</cena-transakcie>
			<cena-vyberu>
				<nasa-banka>
					<nbankomat>0</nbankomat>
					<npobocka>5</npobocka>
				</nasa-banka>
				<ina-banka>
					<ibankomat>15</ibankomat>
					<ipobocka>35</ipobocka>
				</ina-banka>
			</cena-vyberu>
		</typ-uctu>
		<typ-uctu typ="business">
			<mesacne-poplatky>1000</mesacne-poplatky>
			<cena-transakcie>
				<vnutrobankovna-transakcia>1</vnutrobankovna-transakcia>
				<mimo-banky>1</mimo-banky>
			</cena-transakcie>
			<cena-vyberu>
				<nasa-banka>
					<nbankomat>1</nbankomat>
					<npobocka>1</npobocka>
				</nasa-banka>
				<ina-banka>
					<ibankomat>115</ibankomat>
					<ipobocka>135</ipobocka>
				</ina-banka>
			</cena-vyberu>
		</typ-uctu>
	</typy-uctov>
	<transakcie>
		<!-- protiucet moze byt v uplne inej banke -->
		<transakcia id-transakcie="t_000145547" cislo-uctu="cu_123456789" protiucet="787654321">
			<obnos>2000</obnos>
			<unixovy-cas>22215215664</unixovy-cas>
			<!-- UNIX timestamp -->
		</transakcia>
		<transakcia id-transakcie="t_100145547" cislo-uctu="cu_123456789" protiucet="977654321">
			<obnos>2800</obnos>
			<unixovy-cas>22215215664</unixovy-cas>
			<!-- UNIX timestamp -->
		</transakcia>
		<transakcia id-transakcie="t_200145547" cislo-uctu="cu_123456789" protiucet="988654321">
			<obnos>6500</obnos>
			<unixovy-cas>22215215664</unixovy-cas>
			<!-- UNIX timestamp -->
		</transakcia>
		<transakcia id-transakcie="t_300145547" cislo-uctu="cu_123456789" protiucet="987554321">
			<obnos>1200</obnos>
			<unixovy-cas>22215215664</unixovy-cas>
			<!-- UNIX timestamp -->
		</transakcia>
		<transakcia id-transakcie="t_400145547" cislo-uctu="cu_123456789" protiucet="987664321">
			<obnos>  90</obnos>
			<unixovy-cas>22215215664</unixovy-cas>
			<!-- UNIX timestamp -->
		</transakcia>
		<transakcia id-transakcie="t_500145547" cislo-uctu="cu_123456789" protiucet="987652321">
			<obnos>   1</obnos>
			<unixovy-cas>22215215664</unixovy-cas>
			<!-- UNIX timestamp -->
		</transakcia>
		<transakcia id-transakcie="t_600145547" cislo-uctu="cu_123456789" protiucet="987654521">
			<obnos>4810</obnos>
			<unixovy-cas>22215215664</unixovy-cas>
			<!-- UNIX timestamp -->
		</transakcia>
		<transakcia id-transakcie="t_700145547" cislo-uctu="cu_123456789" protiucet="987654371">
			<obnos>7000</obnos>
			<unixovy-cas>22215215664</unixovy-cas>
			<!-- UNIX timestamp -->
		</transakcia>
		<transakcia id-transakcie="t_800145547" cislo-uctu="cu_123456789" protiucet="987654329">
			<obnos>77000</obnos>
			<unixovy-cas>22215215664</unixovy-cas>
			<!-- UNIX timestamp -->
		</transakcia>
		<transakcia id-transakcie="t_900145547" cislo-uctu="cu_123456789" protiucet="987654321">
			<obnos>99810</obnos>
			<unixovy-cas>22215215664</unixovy-cas>
			<!-- UNIX timestamp -->
		</transakcia>
		<transakcia id-transakcie="t_088885547" cislo-uctu="cu_123456789" protiucet="987654321">
			<obnos>3690</obnos>
			<unixovy-cas>22215215664</unixovy-cas>
			<!-- UNIX timestamp -->
		</transakcia>
	</transakcie>
	<poznamka pre="spravca">
		Hele, aktualizuj ty <a href="http://microsoft.com"> Windowsy </a> !!!!
		</poznamka>
</databaza-banky>