<?xml version="1.0" encoding="UTF-8"?>
<!DOCTYPE data SYSTEM "data.dtd">
<data>
	<adresar>
		<!--skupiny kontaktov-->
		<skupiny>
			<!--najblizsia rodina-->
			<skupina nazov="rodina">
				<kontakt kid="o1"/>
				<kontakt kid="o2"/>
				<kontakt kid="o3"/>
			</skupina>
			<!--spolubyvajuci v Prahe-->
			<skupina nazov="spolubyvajuci">
				<kontakt kid="o7"/>
				<kontakt kid="o8"/>
				<kontakt kid="o9"/>
			</skupina>
			<!--kamarati z Kosic-->
			<skupina nazov="kosice">
				<kontakt kid="o4"/>
				<kontakt kid="o5"/>
				<kontakt kid="o6"/>
			</skupina>
			<!--spoluziaci na MFF UK-->
			<skupina nazov="spoluziaci">
				<kontakt kid="o10"/>
				<kontakt kid="o7"/>
				<kontakt kid="o8"/>
			</skupina>
		</skupiny>
		<osoby>
			<!--jednotlive kontakty-->
			<osoba oid="o1" pohlavie="m">
				<meno>Ondrej</meno>
				<priezvisko>Záhumenský</priezvisko>
				<narodeniny>
					<den>1</den>
					<mesiac>12</mesiac>
					<rok>1967</rok>
				</narodeniny>
				<adresa>
					<ulica>&doma;</ulica>
					<poschodie>11</poschodie>
					<psc>04013</psc>
					<mesto>Košice</mesto>
					<stat>Slovensko</stat>
				</adresa>
				<kontakty>
					<telefon>555-329-471</telefon>
					<mail>abc@extel.sk</mail>
					<icq cislo="299-352-632">
						<nick>hoover</nick>
					</icq>
				</kontakty>
				<poznamky>
					<poznamka>
						<datum>
							<?php echo Date("d.m.Y")?>
						</datum>
						<text>Zavolať kvôli <it>poisteniu</it>. <br>Nezabudnúť!</br>
						</text>
					</poznamka>
					<poznamka>
						<datum>
							<?php echo Date("d.m.Y")?>
						</datum>
						<text><![CDATA[Pomôcť vybaviť >>dovolenku<< a pracovnú pozíciu v J&T]]></text>
					</poznamka>
				</poznamky>
			</osoba>
			<osoba oid="o2" pohlavie="z">
				<meno>Katarína</meno>
				<priezvisko>Záhumenská</priezvisko>
				<prezyvka>katka</prezyvka>
				<adresa>
					<ulica>&doma;</ulica>
					<poschodie>11</poschodie>
					<psc>04013</psc>
					<mesto>Košice</mesto>
					<stat>Slovensko</stat>
				</adresa>
				<kontakty>
					<telefon>555-243-189</telefon>
					<mail>katka@extel.sk</mail>
					<icq cislo="392-182-738">
						<nick>maminka</nick>
					</icq>
				</kontakty>
			</osoba>
			<osoba oid="o3" pohlavie="z">
				<meno>Barbara</meno>
				<priezvisko>Záhumenská</priezvisko>
				<prezyvka>babula</prezyvka>
				<adresa>
					<ulica>&doma;</ulica>
					<poschodie>11</poschodie>
					<psc>04013</psc>
					<mesto>Košice</mesto>
					<stat>Slovensko</stat>
				</adresa>
				<kontakty>
					<telefon>555-243-190</telefon>
					<mail>kengurka@azet.sk</mail>
					<icq cislo="392-182-738">
						<nick>maminka</nick>
					</icq>
					<skype mail="kengurka2@azet.sk" nick="babula"/>
					<msn mail="kengurka2@azet.sk" nick="hadaj"/>
				</kontakty>
			</osoba>
			<osoba oid="o4" pohlavie="m">
				<meno>Tomáš</meno>
				<priezvisko>Matta</priezvisko>
				<prezyvka>tomiq</prezyvka>
				<adresa>
					<ulica>Havanská 11</ulica>
					<poschodie>3</poschodie>
					<psc>04013</psc>
					<mesto>Košice</mesto>
					<stat>Slovensko</stat>
				</adresa>
				<kontakty>
					<telefon>555-309-117</telefon>
					<mail>fesak@azet.sk</mail>
					<icq cislo="392-174-552">
						<nick>krasavec</nick>
					</icq>
				</kontakty>
			</osoba>
			<osoba oid="o5" pohlavie="m">
				<meno>Pavol</meno>
				<priezvisko>Regula</priezvisko>
				<prezyvka>pali</prezyvka>
				<adresa>
					<ulica>Jesenského 8</ulica>
					<poschodie>2</poschodie>
					<psc>04001</psc>
					<mesto>Košice</mesto>
					<stat>Slovensko</stat>
				</adresa>
				<kontakty>
					<telefon>555-244-621</telefon>
					<mail>kpali@aol.com</mail>
					<icq cislo="392-134-223">
						<nick>regulator</nick>
					</icq>
					<skype mail="mail@aol.com" nick="reg4reg"/>
				</kontakty>
			</osoba>
			<osoba oid="o6" pohlavie="z">
				<meno>Martina</meno>
				<priezvisko>Janitorová</priezvisko>
				<prezyvka>matulka</prezyvka>
				<adresa>
					<ulica>Na záhumní 395</ulica>
					<psc>04457</psc>
					<mesto>Haniska</mesto>
					<stat>Slovensko</stat>
				</adresa>
				<kontakty>
					<telefon>555-666-777</telefon>
					<mail>matulka@gmail.com</mail>
					<icq cislo="220-536-862">
						<nick>sestrička</nick>
					</icq>
				</kontakty>
			</osoba>
			<osoba oid="o7" pohlavie="m">
				<meno>Michal</meno>
				<priezvisko>Mižišin</priezvisko>
				<prezyvka>mišo</prezyvka>
				<adresa>
					<ulica>&praha;</ulica>
					<poschodie>0</poschodie>
					<psc>16200</psc>
					<mesto>Praha</mesto>
					<stat>&cr;</stat>
				</adresa>
				<kontakty>
					<telefon>555-232-098</telefon>
					<telefon>555-232-099</telefon>
					<telefon>555-232-100</telefon>
					<mail>mizisin@gmail.com</mail>
					<icq cislo="392-182-265">
						<nick>mišom</nick>
					</icq>
					<skype mail="mail@gmail.com" nick="volajmi"/>
				</kontakty>
			</osoba>
			<osoba oid="o8" pohlavie="m">
				<meno>Matej</meno>
				<priezvisko>Ferenc</priezvisko>
				<prezyvka>maľučky</prezyvka>
				<adresa>
					<ulica>&praha;</ulica>
					<poschodie>0</poschodie>
					<psc>16200</psc>
					<mesto>Praha</mesto>
					<stat>&cr;</stat>
				</adresa>
				<kontakty>
					<telefon>555-229-242</telefon>
					<mail>ferenc@gmail.com</mail>
					<icq cislo="187-245-098">
						<nick>matej.ferenc</nick>
					</icq>
				</kontakty>
			</osoba>
			<osoba oid="o9" pohlavie="z">
				<meno>Lenka</meno>
				<priezvisko>Lukšíková</priezvisko>
				<adresa>
					<ulica>&praha;</ulica>
					<poschodie>0</poschodie>
					<psc>16200</psc>
					<mesto>Praha</mesto>
					<stat>&cr;</stat>
				</adresa>
				<kontakty>
					<telefon>555-222-111</telefon>
					<mail>luksikova@centrum.sk</mail>
				</kontakty>
			</osoba>
			<osoba oid="o10" pohlavie="m">
				<meno>Lukáš</meno>
				<priezvisko>Tomasy</priezvisko>
				<adresa>
					<ulica>Hlavá 86</ulica>
					<psc>19876</psc>
					<mesto>Rymaně</mesto>
					<stat>&cr;</stat>
				</adresa>
				<kontakty>
					<telefon>555-666-666</telefon>
					<mail>wholoooloo@gmail.com</mail>
					<icq cislo="187-245-100">
						<nick>wholooolooo</nick>
					</icq>
				</kontakty>
			</osoba>
		</osoby>
	</adresar>
</data>
