<?xml version="1.0" encoding="utf-8"?>
<rad>
    <transport typ="bus">
        <linka cislo="355">
            <zastavka>
                <nazev>Autobusova</nazev>
                <na_znameni>false</na_znameni>
                <cas_dalsi_zastavku>2</cas_dalsi_zastavku>
            </zastavka>
            <zastavka>
                <nazev>Fandova</nazev>
                <na_znameni>true</na_znameni>
                <cas_dalsi_zastavku>5</cas_dalsi_zastavku>
            </zastavka>
            <zastavka>
                <nazev>Hlavni</nazev>
                <na_znameni>false</na_znameni>
                <cas_dalsi_zastavku>3</cas_dalsi_zastavku>
            </zastavka>
            <poc_casy>
                <cas>8:05</cas>
                <cas>8:25</cas>
                <cas>8:35</cas>
                <cas>8:45</cas>
            </poc_casy>
        </linka>
        <linka cislo="226">
            <zastavka>
                <nazev>Na sportovisti</nazev>
                <na_znameni>false</na_znameni>
                <cas_dalsi_zastavku>7</cas_dalsi_zastavku>
            </zastavka>
            <zastavka>
                <nazev>Pod kopcem</nazev>
                <na_znameni>true</na_znameni>
                <cas_dalsi_zastavku>3</cas_dalsi_zastavku>
            </zastavka>
            <zastavka>
                <nazev>Na kruhaku</nazev>
                <na_znameni>false</na_znameni>
                <cas_dalsi_zastavku>3</cas_dalsi_zastavku>
            </zastavka>
            <poc_casy>
                <cas>8:10</cas>
                <cas>8:20</cas>
                <cas>8:30</cas>
                <cas>8:40</cas>
            </poc_casy>
        </linka>
        <linka cislo="10">
            <zastavka>
                <nazev>Vaclavova</nazev>
                <na_znameni>false</na_znameni>
                <cas_dalsi_zastavku>2</cas_dalsi_zastavku>
            </zastavka>
            <zastavka>
                <nazev>Ruska</nazev>
                <na_znameni>true</na_znameni>
                <cas_dalsi_zastavku>5</cas_dalsi_zastavku>
            </zastavka>
            <zastavka>
                <nazev>Pod sluncem</nazev>
                <na_znameni>false</na_znameni>
                <cas_dalsi_zastavku>3</cas_dalsi_zastavku>
            </zastavka>
            <poc_casy>
                <cas>8:10</cas>
                <cas>8:20</cas>
                <cas>8:30</cas>
                <cas>8:40</cas>
            </poc_casy>
        </linka>
        <linka cislo="322">
            <zastavka>
                <nazev>Blazinec</nazev>
                <na_znameni>false</na_znameni>
                <cas_dalsi_zastavku>4</cas_dalsi_zastavku>
            </zastavka>
            <zastavka>
                <nazev>U hospody</nazev>
                <na_znameni>false</na_znameni>
                <cas_dalsi_zastavku>2</cas_dalsi_zastavku>
            </zastavka>
            <zastavka>
                <nazev>Na prikope</nazev>
                <na_znameni>false</na_znameni>
                <cas_dalsi_zastavku>1</cas_dalsi_zastavku>
            </zastavka>
            <poc_casy>
                <cas>8:20</cas>
                <cas>8:25</cas>
                <cas>8:30</cas>
                <cas>8:35</cas>
            </poc_casy>
        </linka>
        <linka cislo="38">
            <zastavka>
                <nazev>Bohemska</nazev>
                <na_znameni>false</na_znameni>
                <cas_dalsi_zastavku>2</cas_dalsi_zastavku>
            </zastavka>
            <zastavka>
                <nazev>Sparta</nazev>
                <na_znameni>true</na_znameni>
                <cas_dalsi_zastavku>5</cas_dalsi_zastavku>
            </zastavka>
            <zastavka>
                <nazev>Letni</nazev>
                <na_znameni>false</na_znameni>
                <cas_dalsi_zastavku>3</cas_dalsi_zastavku>
            </zastavka>
            <zastavka>
                <nazev>Druha</nazev>
                <na_znameni>true</na_znameni>
                <cas_dalsi_zastavku>5</cas_dalsi_zastavku>
            </zastavka>
            <poc_casy>
                <cas>8:00</cas>
                <cas>8:10</cas>
                <cas>8:20</cas>
                <cas>8:30</cas>
            </poc_casy>
        </linka>
    </transport>
</rad>