<?xml version="1.0" encoding="UTF-8"?>
<departments>    
    <department id="D1">        
        <name>Production</name>
        <manager>
            <firstName>John</firstName>
            <lastName>Smith</lastName>
        </manager>
        <reportsTo>D2</reportsTo>
        <subdepartments>
            <department id="D1.1">
                <name>Development</name> 
                <reportsTo>D1.2</reportsTo>
                <reportsTo>D1</reportsTo>
            </department>
            <department id="D1.2">
                <name>Engineering</name>
                <manager>
                    <firstName>Arthur</firstName>
                    <lastName>Taylor</lastName>
                </manager>   
                <reportsTo>D1.1</reportsTo>
            </department>
        </subdepartments>
    </department>
    <department id="D2">
        <name>Accounting</name>
    </department>
</departments>

