<?xml version="1.0" encoding="utf-8"?>
<rad>
	<transport typ="tram">
		<linka cislo="55">
			<zastavka>
				<nazev>Prvni</nazev>
				<na_znameni>false</na_znameni>
				<cas_dalsi_zastavku>2</cas_dalsi_zastavku>
			</zastavka>
			<zastavka>
				<nazev>Druha</nazev>
				<na_znameni>true</na_znameni>
				<cas_dalsi_zastavku>5</cas_dalsi_zastavku>
			</zastavka>	
			<zastavka>
				<nazev>Treti</nazev>
				<na_znameni>false</na_znameni>
				<cas_dalsi_zastavku>3</cas_dalsi_zastavku>
			</zastavka>
			<poc_casy>
				<cas>8:05</cas>
				<cas>8:25</cas>
				<cas>8:35</cas>
				<cas>8:45</cas>
		   </poc_casy>	
		</linka>
		<linka cislo="26">
			<zastavka>
				<nazev>Na hroude</nazev>
				<na_znameni>false</na_znameni>
				<cas_dalsi_zastavku>7</cas_dalsi_zastavku>
			</zastavka>
			<zastavka>
				<nazev>Pod hradem</nazev>
				<na_znameni>true</na_znameni>
				<cas_dalsi_zastavku>3</cas_dalsi_zastavku>
			</zastavka>
            <zastavka>
                <nazev>Treti</nazev>
                <na_znameni>false</na_znameni>
                <cas_dalsi_zastavku>3</cas_dalsi_zastavku>
            </zastavka>
			<zastavka>
				<nazev>Prazska</nazev>
				<na_znameni>false</na_znameni>
				<cas_dalsi_zastavku>3</cas_dalsi_zastavku>
			</zastavka>
			<poc_casy>
				<cas>8:10</cas>
				<cas>8:20</cas>
				<cas>8:30</cas>
				<cas>8:40</cas>
			</poc_casy>
		</linka>
		<linka cislo="10">
			<zastavka>
				<nazev>Krasna</nazev>
				<na_znameni>false</na_znameni>
				<cas_dalsi_zastavku>2</cas_dalsi_zastavku>
			</zastavka>
			<zastavka>
				<nazev>Duhova</nazev>
				<na_znameni>true</na_znameni>
				<cas_dalsi_zastavku>5</cas_dalsi_zastavku>
			</zastavka>	
			<zastavka>
				<nazev>Pod Janacem</nazev>
				<na_znameni>false</na_znameni>
				<cas_dalsi_zastavku>3</cas_dalsi_zastavku>
			</zastavka>	
			<poc_casy>
				<cas>8:10</cas>
				<cas>8:20</cas>
				<cas>8:30</cas>
				<cas>8:40</cas>
			</poc_casy>	
		</linka>
		<linka cislo="22">
			<zastavka>
				<nazev>Strasnicka</nazev>
				<na_znameni>false</na_znameni>
				<cas_dalsi_zastavku>4</cas_dalsi_zastavku>
			</zastavka>
			<zastavka>
				<nazev>U skolky</nazev>
				<na_znameni>false</na_znameni>
				<cas_dalsi_zastavku>2</cas_dalsi_zastavku>
			</zastavka>	
			<zastavka>
				<nazev>U Frantisku</nazev>
				<na_znameni>false</na_znameni>
				<cas_dalsi_zastavku>1</cas_dalsi_zastavku>
			</zastavka>
			<poc_casy>
				<cas>8:20</cas>
				<cas>8:25</cas>
				<cas>8:30</cas>
				<cas>8:35</cas>
			</poc_casy>
		</linka>
		<linka cislo="38">
			<zastavka>
				<nazev>Alzbetinska</nazev>
				<na_znameni>false</na_znameni>
				<cas_dalsi_zastavku>2</cas_dalsi_zastavku>
			</zastavka>
			<zastavka>
				<nazev>Vac. nam.</nazev>
				<na_znameni>true</na_znameni>
				<cas_dalsi_zastavku>5</cas_dalsi_zastavku>
			</zastavka>	
			<zastavka>
				<nazev>Hromova</nazev>
				<na_znameni>false</na_znameni>
				<cas_dalsi_zastavku>3</cas_dalsi_zastavku>
			</zastavka>	
			<poc_casy>
				<cas>8:00</cas>
				<cas>8:10</cas>
				<cas>8:20</cas>
				<cas>8:30</cas>
			</poc_casy>	
		</linka>
	</transport>
</rad>	