
<?xml version="1.0" encoding="utf-8" ?>
 <music>
    <band band_id="0">
            <name>Walk The Dog</name>
            <date_of_creation>
                <year>2001</year>
                <month>9</month>
                <day>22</day>
            </date_of_creation>
            <artists>
                <artist artist_id="0" type="vocal">
                    <first_name>Jerry</first_name>
                    <last_name>Rotman</last_name>
                    <date_of_birth>
                        <year>1980</year>
                        <month>6</month>
                        <day>23</day>
                        <time>12:11:33</time>
                    </date_of_birth>
                </artist>
                <artist artist_id="1" type="lead">
                    <first_name>Dan</first_name>
                    <last_name>Mether</last_name>
                    <date_of_birth>
                        <year>1975</year>
                        <month>4</month>
                        <day>5</day>
                        <time>16:13:44</time>
                    </date_of_birth>
                </artist>
                <artist artist_id="2" type="drum">
                    <first_name>Anthony</first_name>
                    <last_name>Woodman</last_name>
                    <date_of_birth>
                        <year>1972</year>
                        <month>2</month>
                        <day>16</day>
                        <time>11:20:50</time>
                    </date_of_birth>
                </artist>
                <artist artist_id="3" type="piano">
                    <first_name>Bonnie</first_name>
                    <last_name>Konn</last_name>
                    <date_of_birth>
                        <year>1982</year>
                        <month>7</month>
                        <day>29</day>
                        <time>16:10:51</time>
                    </date_of_birth>
                </artist>
            </artists>
            <albums>
                <album album_id="0">
                    <title>mus. Proin vel arcu</title>
                    <date_of_release>a
                        <year>2002</year>
                        <month>4</month>
                        <day>12</day>
                    </date_of_release>
                    <genre>Pop</genre>
                    <songs>
                        <song song_id="0">
                            <title>Quisque purus sapien, gravida</title>
                            <length>10</length>
                        </song>
                        <song song_id="1">
                            <title>Aenean gravida</title>
                            <length>3</length>
                        </song>
                        <song song_id="2">
                            <title cover="true">Duis risus odio,</title>
                            <length>3</length>
                        </song>
                        <song song_id="3">
                            <title>erat vel pede</title>
                            <length>3</length>
                        </song>
                        <song song_id="4">
                            <title cover="true">dolor vitae dolor.</title>
                            <length>9</length>
                        </song>
                        <song song_id="5">
                            <title cover="true">Nulla semper tellus id</title>
                            <length>5</length>
                        </song>
                        <song song_id="6">
                            <title>tellus lorem eu</title>
                            <length>7</length>
                        </song>
                    </songs>
                </album>
                <album album_id="1">
                    <title>Aliquam</title>
                    <date_of_release>
                        <year>2004</year>
                        <month>6</month>
                        <day>12</day>
                    </date_of_release>
                    <genre>Pop</genre>
                    <songs>
                        <song song_id="7">
                            <title>Proin dolor. Nulla</title>
                            <length>3</length>
                        </song>
                        <song song_id="8">
                            <title>risus. Quisque libero lacus,</title>
                            <length>5</length>
                        </song>
                        <song song_id="9">
                            <title>nec, cursus a,</title>
                            <length>7</length>
                        </song>
                        <song song_id="10">
                            <title>velit</title>
                            <length>8</length>
                        </song>
                        <song song_id="11">
                            <title>erat.</title>
                            <length>3</length>
                        </song>
                        <song song_id="12">
                            <title cover="true">dapibus id, blandit</title>
                            <length>9</length>
                        </song>
                        <song song_id="13">
                            <title>ipsum</title>
                            <length>2</length>
                        </song>
                    </songs>
                </album>
                <album album_id="2">
                    <title>Nunc mauris. Morbi</title>
                    <date_of_release>
                        <year>2005</year>
                        <month>2</month>
                        <day>14</day>
                    </date_of_release>
                    <genre>Metal</genre>
                    <songs>
                        <song song_id="14">
                            <title>gravida nunc sed pede.</title>
                            <length>10</length>
                        </song>
                        <song song_id="15">
                            <title>convallis</title>
                            <length>9</length>
                        </song>
                        <song song_id="16">
                            <title>Etiam imperdiet dictum magna.</title>
                            <length>5</length>
                        </song>
                        <song song_id="17">
                            <title>ultrices.</title>
                            <length>10</length>
                        </song>
                        <song song_id="18">
                            <title>auctor</title>
                            <length>1</length>
                        </song>
                        <song song_id="19">
                            <title cover="true">Curabitur</title>
                            <length>9</length>
                        </song>
                        <song song_id="20">
                            <title>faucibus lectus, a</title>
                            <length>6</length>
                        </song>
                        <song song_id="21">
                            <title>orci, adipiscing non,</title>
                            <length>5</length>
                        </song>
                        <song song_id="22">
                            <title>erat volutpat. Nulla dignissim.</title>
                            <length>4</length>
                        </song>
                    </songs>
                </album>
            </albums>

        </band>

        <band band_id="1">
            <name>Cosmic Wolfies</name>
            <date_of_creation>
                <year>1999</year>
                <month>5</month>
                <day>13</day>
            </date_of_creation>
            <artists>
                <artist artist_id="4" type="lead">
                    <first_name>Pinky</first_name>
                    <last_name>Juice</last_name>
                    <date_of_birth>
                        <year>1975</year>
                        <month>1</month>
                        <day>30</day>
                        <time>08:44:12</time>
                    </date_of_birth>
                </artist>
                <artist artist_id="5" type="lead">
                    <first_name>Nicolas</first_name>
                    <last_name>Browning</last_name>
                    <date_of_birth>
                        <year>1979</year>
                        <month>7</month>
                        <day>15</day>
                        <time>17:21:22</time>
                    </date_of_birth>
                </artist>
                <artist artist_id="6" type="vocal">
                    <first_name>Flin</first_name>
                    <last_name>Anderson</last_name>
                    <date_of_birth>
                        <year>1979</year>
                        <month>6</month>
                        <day>11</day>
                        <time>03:02:50</time>
                    </date_of_birth>
                </artist>
            </artists>
            <albums>
                <album album_id="3">
                    <title>mus. Proin vel arcu</title>
                    <date_of_release>
                        <year>2002</year>
                        <month>4</month>
                        <day>12</day>
                    </date_of_release>
                    <genre>Dubstep</genre>
                    <songs>
                        <song song_id="23">
                            <title>Quisque purus sapien, gravida</title>
                            <length>10</length>
                        </song>
                        <song song_id="24">
                            <title cover="true">Aenean gravida</title>
                            <length>3</length>
                        </song>
                        <song song_id="25">
                            <title cover="true">Duis risus odio,</title>
                            <length>3</length>
                        </song>
                        <song song_id="26">
                            <title>erat vel pede</title>
                            <length>3</length>
                        </song>
                        <song song_id="27">
                            <title>dolor vitae dolor.</title>
                            <length>9</length>
                        </song>
                        <song song_id="28">
                            <title cover="true">Nulla semper tellus id</title>
                            <length>5</length>
                        </song>
                        <song song_id="29">
                            <title>tellus lorem eu</title>
                            <length>7</length>
                        </song>
                    </songs>
                </album>
                <album album_id="4">
                    <title>Aliquam</title>
                    <date_of_release>
                        <year>2004</year>
                        <month>6</month>
                        <day>12</day>
                    </date_of_release>
                    <genre>Classic</genre>
                    <songs>
                        <song song_id="30">
                            <title>Proin dolor. Nulla</title>
                            <length>3</length>
                        </song>
                        <song song_id="31">
                            <title cover="true">risus. Quisque libero lacus,</title>
                            <length>5</length>
                        </song>
                        <song song_id="32">
                            <title cover="true">nec, cursus a,</title>
                            <length>7</length>
                        </song>
                        <song song_id="33">
                            <title>velit</title>
                            <length>8</length>
                        </song>
                        <song song_id="34">
                            <title>erat.</title>
                            <length>3</length>
                        </song>
                        <song song_id="35">
                            <title cover="true">dapibus id, blandit</title>
                            <length>9</length>
                        </song>
                        <song song_id="36">
                            <title>ipsum</title>
                            <length>2</length>
                        </song>
                    </songs>
                </album>
                <album album_id="5">
                    <title>Nunc mauris. Morbi</title>
                    <date_of_release>
                        <year>2005</year>
                        <month>2</month>
                        <day>14</day>
                    </date_of_release>
                    <genre>Funk</genre>
                    <songs>
                        <song song_id="37">
                            <title cover="true">gravida nunc sed pede.</title>
                            <length>10</length>
                        </song>
                        <song song_id="38">
                            <title>convallis</title>
                            <length>9</length>
                        </song>
                        <song song_id="39">
                            <title>Etiam imperdiet dictum magna.</title>
                            <length>5</length>
                        </song>
                        <song song_id="40">
                            <title cover="true">ultrices.</title>
                            <length>10</length>
                        </song>
                        <song song_id="41">
                            <title>auctor</title>
                            <length>1</length>
                        </song>
                        <song song_id="42">
                            <title>Curabitur</title>
                            <length>9</length>
                        </song>
                        <song song_id="43">
                            <title>faucibus lectus, a</title>
                            <length>6</length>
                        </song>
                        <song song_id="44">
                            <title cover="true">orci, adipiscing non,</title>
                            <length>5</length>
                        </song>
                        <song song_id="45">
                            <title>erat volutpat. Nulla dignissim.</title>
                            <length>4</length>
                        </song>
                    </songs>
                </album>
            </albums>


        </band>

        <band band_id="2">
            <name>Boom Of The Doom</name>
            <date_of_creation>
                <year>1988</year>
                <month>8</month>
                <day>23</day>
            </date_of_creation>
            <artists>
                <artist artist_id="7" type="vocal">
                    <first_name>Claudie</first_name>
                    <last_name>Misfield</last_name>
                    <date_of_birth>
                        <year>1969</year>
                        <month>1</month>
                        <day>5</day>
                        <time>23:52:23</time>
                    </date_of_birth>
                </artist>
                <artist artist_id="8" type="vocal">
                    <first_name>Robert</first_name>
                    <last_name>Joombert</last_name>
                    <date_of_birth>
                        <year>1972</year>
                        <month>5</month>
                        <day>22</day>
                        <time>06:05:11</time>
                    </date_of_birth>
                </artist>
                <artist artist_id="9" type="vocal">
                    <first_name>Betty</first_name>
                    <last_name>Mates</last_name>
                    <date_of_birth>
                        <year>1978</year>
                        <month>9</month>
                        <day>27</day>
                        <time>18:21:53</time>
                    </date_of_birth>
                </artist>
            </artists>
            <albums>
                <album album_id="6">
                    <title>mus. Proin vel arcu</title>
                    <date_of_release>
                        <year>2002</year>
                        <month>4</month>
                        <day>12</day>
                    </date_of_release>
                    <genre>Pop</genre>
                    <songs>
                        <song song_id="46">
                            <title>Quisque purus sapien, gravida</title>
                            <length>10</length>
                        </song>
                        <song song_id="47">
                            <title>Aenean gravida</title>
                            <length>3</length>
                        </song>
                        <song song_id="48">
                            <title>Duis risus odio,</title>
                            <length>3</length>
                        </song>
                        <song song_id="49">
                            <title cover="true">erat vel pede</title>
                            <length>3</length>
                        </song>
                        <song song_id="50">
                            <title>dolor vitae dolor.</title>
                            <length>9</length>
                        </song>
                        <song song_id="51">
                            <title>Nulla semper tellus id</title>
                            <length>5</length>
                        </song>
                        <song song_id="52">
                            <title cover="true">tellus lorem eu</title>
                            <length>7</length>
                        </song>
                    </songs>
                </album>
                <album album_id="7">
                    <title>Aliquam</title>
                    <date_of_release>
                        <year>2004</year>
                        <month>6</month>
                        <day>12</day>
                    </date_of_release>
                    <genre>Single</genre>
                    <songs>
                        <song song_id="53">
                            <title>Proin dolor. Nulla</title>
                            <length>3</length>
                        </song>
                        <song song_id="54">
                            <title cover="true">risus. Quisque libero lacus,</title>
                            <length>5</length>
                        </song>
                        <song song_id="55">
                            <title cover="true">nec, cursus a,</title>
                            <length>7</length>
                        </song>
                        <song song_id="56">
                            <title>velit</title>
                            <length>8</length>
                        </song>
                        <song song_id="57">
                            <title>erat.</title>
                            <length>3</length>
                        </song>
                        <song song_id="58">
                            <title>dapibus id, blandit</title>
                            <length>9</length>
                        </song>
                        <song song_id="59">
                            <title>ipsum</title>
                            <length>2</length>
                        </song>
                    </songs>
                </album>
                <album album_id="8">
                    <title>Nunc mauris. Morbi</title>
                    <date_of_release>
                        <year>2005</year>
                        <month>2</month>
                        <day>14</day>
                    </date_of_release>
                    <genre>Hip-hop</genre>
                    <songs>
                        <song song_id="60">
                            <title>gravida nunc sed pede.</title>
                            <length>10</length>
                        </song>
                        <song song_id="61">
                            <title>convallis</title>
                            <length>9</length>
                        </song>
                        <song song_id="62">
                            <title>Etiam imperdiet dictum magna.</title>
                            <length>5</length>
                        </song>
                        <song song_id="63">
                            <title>ultrices.</title>
                            <length>10</length>
                        </song>
                        <song song_id="64">
                            <title>auctor</title>
                            <length>1</length>
                        </song>
                        <song song_id="65">
                            <title>Curabitur</title>
                            <length>9</length>
                        </song>
                        <song song_id="66">
                            <title>faucibus lectus, a</title>
                            <length>6</length>
                        </song>
                        <song song_id="67">
                            <title>orci, adipiscing non,</title>
                            <length>5</length>
                        </song>
                        <song song_id="68">
                            <title>erat volutpat. Nulla dignissim.</title>
                            <length>4</length>
                        </song>
                    </songs>
                </album>
            </albums>


        </band>

</music>