<?xml version="1.0" encoding="UTF-8"?>
<tv xmlns:xsi="http://www.w3.org/2001/XMLSchema-instance"
    xsi:noNamespaceSchemaLocation="data.xsd">
    <channel id="ct1">
        <name lang="cs">ČT1</name>
        <web>http://www.ceskatelevize.cz/ct1/</web>
    </channel>
    <channel id="ct2">
        <name lang="cs">ČT2</name>
        <web>http://www.ceskatelevize.cz/ct2/</web>
    </channel>
    <channel id="nova">
        <name lang="cs">Nova</name>
        <web>http://tv.nova.cz/</web>
    </channel>
    <channel id="prima">
        <name lang="cs">Prima</name>
        <web>http://www.iprima.cz/</web>
    </channel>
    <channel id="ct24">
        <name lang="cs">ČT24</name>
        <web>http://www.ceskatelevize.cz/ct24/</web>
    </channel>
    <channel id="ct4sport">
        <name lang="cs">ČT4 Sport</name>
        <web>http://www.ceskatelevize.cz/ct4/</web>
    </channel>
    <channel id="ocko">
        <name lang="cs">Óčko</name>
        <web>http://ocko.idnes.cz/</web>
    </channel>
    <channel id="cinema.nova">
        <name lang="cs">Nova Cinema</name>
        <web>http://cinema.nova.cz/</web>
    </channel>
    <date>
        <?php echo Date("d.m.Y")?>
        <![CDATA[document.writeln("<p>Vítejte</p>");]]>
    </date>
    <programme start="20090501071500" stop="20090501074500" channel="ct1">
        <title lang="cs">Kouzelná školka</title>
        <desc lang="cs">Pohádky a povídání pro nejmenší k podívání</desc>
        <icon src="http://img4.ceskatelevize.cz/program/porady/10209221979/foto/program.jpg"/>
        <country>CS;</country>
        <csfd>
            http://www.csfd.cz/film/256966-kouzelna-skolka/
            <rating>46%</rating>
            <genres>
                <genre>Pohádka</genre>
                <genre>Hudební</genre>
                <genre>Loutkový</genre>
            </genres>
            <provenance>CS</provenance>
            <year>1999</year>
            <cast>
                <actors>
                    <actress>Libuše Havelková</actress>
                    <actor>Lubomír Kostelka</actor>
                    <actor>Stanislav Zindulka</actor>
                    <actress>Magda Reifová</actress>
                </actors>
            </cast>
        </csfd>
    </programme>
    <programme start="20090501184500" stop="20090501185500" channel="ct1">
        <title lang="cs">Večerníček</title>
        <sub-title lang="cs">Jak Ťuk a Bzuk putovali za sluníčkem</sub-title>
        <country>CS</country>
        <csfd>
            http://www.csfd.cz/film/312144-vecernicek/
            <rating>87%</rating>
            <genres>
                <genre>Poetický</genre>
                <genre>Pohádka</genre>
            </genres>
            <provenance>CS</provenance>
            <year>1963</year>
            <cast>
                <director>Václav Bedřich</director>
            </cast>
        </csfd>
    </programme>
    <programme start="20090501190000" stop="20090501194000" channel="ct1">
        <title lang="cs">Události</title>
        <desc lang="cs">Hlavní zpravodajská relace České televize. Souhrn nejdůležitějších událostí dne v ČR i ve světě.</desc>
        <country>CS</country>
        <premiere/>
    </programme>
    <programme start="20090501195000" stop="20090501195500" channel="ct1">
        <title lang="cs">Losování Euromiliony</title>
        <country>CS</country>
        <premiere/>
    </programme>
    <programme start="20090501195500" stop="20090501200000" channel="ct1">
        <title lang="cs">Předpověď počasí</title>
        <desc lang="cs">Souhrn meteorologických informací uplynulých 24 hodin a prognóza vývoje počasí na příští dny.</desc>
        <country>CS</country>
        <premiere/>
    </programme>
    <programme start="20090501200000" stop="20090501205500" channel="ct1">
        <title lang="cs">Ranč U Zelené sedmy</title>
        <desc lang="cs">Komediální seriál o rodině Kudrnových a jejich životě na venkovském statku (2005). Hrají: J. Štěpánková, M. Steinmasslová, M. Noga, L. Kostelka, M. Beník, P. Zedníček, I. Škarková, P. Solaříková, S. Stašová, R. Jašków, R. Novák ml. a další. Scénář E. a I. Pelantovi. Kamera R. Pavlíček. Režie M. Balajka</desc>
        <icon src="http://img4.ceskatelevize.cz/program/porady/1103194868/foto/program.jpg"/>
        <country>CS</country>
        <episode-num>0.16/21.</episode-num>
        <csfd>
            http://www.csfd.cz/film/69050-ranc-u-zelene-sedmy/
            <rating>61%</rating>
            <genres>
                <genre>Komedie</genre>
                <genre>Rodinný</genre>
            </genres>
            <provenance>CS</provenance>
            <year>1998</year>
            <cast>
                <director>Miroslav Balajka</director>
                <actors>
                    <actress>Milena Steinmasslová</actress>
                    <actor>Miro Noga</actor>
                    <actress>Jana Štěpánková</actress>
                    <actor>Lubomír Kostelka</actor>
                </actors>
            </cast>
        </csfd>
    </programme>
   
    <programme start="20090501053000" stop="20090501055500" channel="ct2">
        <title lang="cs">Správy STV</title>
        <desc lang="cs">Hlavní zpravodajská relace veřejnoprávní slovenské televize. Služba nejpočetnější národnostní menšině v ČR.</desc>
        <country>CS</country>
        <premiere/>
    </programme>
    <programme start="20090501064500" stop="20090501071000" channel="ct2">
        <title lang="cs">Na plovárně</title>
        <sub-title lang="cs">s Ivanou Trumpovou</sub-title>
        <desc lang="cs">Rozhovor Marka Ebena s americkou podnikatelkou českého původu. Režie J. Hojtaš</desc>
        <icon src="http://img4.ceskatelevize.cz/program/porady/1093836883/foto/program.jpg"/>
        <country>CS</country>
        <csfd>
            http://www.csfd.cz/film/189581-na-plovarne/
            <rating>81%</rating>
            <genres>
                <genre>Talk-show</genre>
            </genres>
            <provenance>CS</provenance>
            <year>1998</year>
            <cast>
                <director>Jan Hojtaš</director>
                <actors>
                    <actor>Marek Eben</actor>
                    <actress>Hana Maciuchová</actress>
                    <actor>Robert Redford</actor>
                    <actor>Karel Gott</actor>
                </actors>
            </cast>
        </csfd>
    </programme>
    <programme start="20090501083000" stop="20090501091000" channel="ct2">
        <title lang="cs">Panorama</title>
        <desc lang="cs">Aktuální povětrnostní zpravodajství prostřednictvím panoramatických kamer</desc>
        <country>CS</country>
        <premiere/>
    </programme>
    <programme start="20090501130500" stop="20090501134000" channel="ct2">
        <title lang="cs">Byla jednou jedna planeta</title>
        <sub-title lang="cs">Následky</sub-title>
        <desc lang="cs">Další nová série francouzského animovaného projektu "Byl jednou jeden..." je tentokrát věnována problémům ekologie a trvale udržitelného života</desc>
        <country>CS</country>
        <episode-num>0.16/26.</episode-num>
        <csfd>
            http://www.csfd.cz/film/252508-byla-jednou-jedna-planeta/
            <rating>48%</rating>
            <genres>
                <genre>Animovaný</genre>
            </genres>
            <provenance>FR</provenance>
            <year>2008</year>
            <cast>
                <director>Albert Barillé</director>
            </cast>
        </csfd>
    </programme>
    <programme start="20090501170000" stop="20090501171500" channel="ct2">
        <title lang="cs">Chcete mě?</title>
        <desc lang="cs">Pořad na pomoc zvířatům. Uvádí Marta Kubišová</desc>
        <icon src="http://img4.ceskatelevize.cz/program/porady/10214254240/foto/program.gif"/>
        <country>CS</country>
        <premiere/>
        <csfd>
            http://www.csfd.cz/film/251055-chcete-me/
            <rating>50%</rating>
            <genres>
                <genre>Rodinný</genre>
                <genre>Krátkometrážní</genre>
            </genres>
            <provenance>CS</provenance>
            <year>1992</year>
            <cast>
                <actors>
                    <actress>Marta Kubišová</actress>
                    <actor>Zdeněk Srstka</actor>
                </actors>
            </cast>
        </csfd>
    </programme>

    <programme start="20090501013000" stop="20090501015000" channel="nova">
        <title lang="cs">Novashopping</title>
        <country>CS</country>
    </programme>
    <programme start="20090501091000" stop="20090501105500" channel="nova">
        <title lang="cs">Kouzelný měšec</title>
        <country>CS</country>
        <csfd>
            http://www.csfd.cz/film/9431-kouzelny-mesec/
            <rating>57%</rating>
            <genres>
                <genre>Pohádka</genre>
                <genre>Dobrodružný</genre>
            </genres>
            <provenance>CS/DEU</provenance>
            <year>1996</year>
            <cast>
                <director>Václav Vorlíček</director>
                <actors>
                    <actress>Mahulena Bočanová</actress>
                    <actress>Stella Zázvorková</actress>
                    <actress>Gabriela Wilhelmová</actress>
                    <actor>Ondřej Vetchý</actor>
                </actors>
            </cast>
        </csfd>
    </programme>
    <programme start="20090501183000" stop="20090501193000" channel="nova">
        <title lang="cs">Ulice</title>
        <country>CS</country>
        <episode-num>0.1308.</episode-num>
        <episode-num>0.1309.</episode-num>
        <csfd>
            http://www.csfd.cz/film/215263-ulice/
            <rating>24%</rating>
            <genres>
                <genre>Rodinný</genre>
                <genre>Seriál</genre>
            </genres>
            <provenance>CS</provenance>
            <year>2005</year>
            <cast>
                <director>Dušan Klein</director>
                <director>Otakar Kosek</director>
                <director>Juraj Deák</director>
                <actors>
                    <actor>Radoslav Brzobohatý</actor>
                    <actress>Alena Vránová</actress>
                    <actress>Tereza Brodská</actress>
                    <actor>Petr Vacek</actor>
                </actors>
            </cast>
        </csfd>
    </programme>
    <programme start="20090501193000" stop="20090501200000" channel="nova">
        <title lang="cs">Televizní noviny</title>
        <country>CS</country>
        <csfd>
            http://www.csfd.cz/film/259340-televizni-noviny/
            <rating>30%</rating>
            <genres>
                <genre>Publicistický</genre>
            </genres>
            <provenance>CS</provenance>
            <year>1994</year>
        </csfd>
    </programme>
    <programme start="20090501200000" stop="2009050121550" channel="nova">
        <title lang="cs">Hříšný tanec</title>
        <country>CS</country>
        <csfd>
            http://www.csfd.cz/film/16366-hrisny-tanec/
            <rating>75%</rating>
            <genres>
                <genre>Romantický</genre>
                <genre>Drama</genre>
                <genre>Hudební</genre>
            </genres>
            <provenance>USA</provenance>
            <year>1987</year>
            <cast>
                <director>Emile Ardolino</director>
                <actors>
                    <actress>Jennifer Grey</actress>
                    <actor>Patrick Swayze</actor>
                    <actor>Jerry Orbach</actor>
                    <actress>Cynthia Rhodes</actress>
                </actors>
            </cast>
        </csfd>
    </programme>
  
    <programme start="20090501034000" stop="20090501043000" channel="prima">
        <title lang="cs">Nikdo není dokonalý</title>
        <desc lang="cs">Zpěvačka Věra Martinová a pilíř Kamelotu Roman Horký jako zpívající kytaristé a vypravěči v pořadu Jiřího Krampola. Režie E. Sedlář</desc>
        <country>CS</country>
        <csfd>
            http://www.csfd.cz/film/227024-nikdo-neni-dokonaly/
            <rating>50%</rating>
            <genres>
                <genre>Talk-show</genre>
                <genre>Komedie</genre>
            </genres>
            <provenance>CS</provenance>
            <year>1997</year>
            <cast>
                <director>Vojtěch Nouzák</director>
                <actors>
                    <actor>Jiří Krampol</actor>
                    <actor>Jiří Sovák</actor>
                    <actor>Vlastimil Brodský</actor>
                    <actress>Stella Zázvorková</actress>
                </actors>
            </cast>
        </csfd>
    </programme>
    <programme start="20090501063000" stop="20090501064000" channel="prima">
        <title lang="cs">Teleshopping</title>
        <country>CS</country>
    </programme>
    <programme start="20090501070500" stop="20090501082500" channel="prima">
        <title lang="cs">Alvin a Chipmunkové</title>
        <sub-title lang="cs">Setkání s Frankensteinem</sub-title>
        <desc lang="cs">Animovaný (S) Alvin a jeho bráškové tentokrát prozkoumávají největší atrakci zábavního parku - tajemný hrad. Objeví tam doktora Frankensteina i s jeho monstrem, které všem nahání hrůzu. Pro tyhle rošťáky je to ale láska na první „leknutí“… Americký animovaný film (1999). Režie K. Castillo (75 min) (Premiéra)</desc>
        <country>CS</country>
        <csfd>
            http://www.csfd.cz/film/233167-alvin-a-chipmunkove/
            <rating>53%</rating>
            <genres>
                <genre>Animovaný</genre>
                <genre>Komedie</genre>
                <genre>Rodinný</genre>
                <genre>Hudební</genre>
            </genres>
            <provenance>USA</provenance>
            <year>2007</year>
            <cast>
                <director>Tim Hill</director>
                <actors>
                    <actor>Jason Lee</actor>
                    <actor>David Cross</actor>
                    <actress>Cameron Richardson</actress>
                    <actress>Jane Lynch</actress>
                </actors>
            </cast>
        </csfd>
    </programme>
    <programme start="20090501171000" stop="20090501185500" channel="prima">
        <title lang="cs">Hrátky s čertem</title>
        <desc lang="cs">Komedie, Pohádka (-ST-) Nebojácný vysloužilý voják musí zachránit duše dvou nevinných dívek z moci pekelné! Česká filmová pohádka (1956) podle J. Drdy. Hrají J. Bek, E. Klepáčová, A. Vránová, F. Smolík, J. Vojta, L. Pešek, F. Filipovský a další. Režie J. Mach (97 min)</desc>
        <country>CS</country>
        <csfd>
            http://www.csfd.cz/film/6290-hratky-s-certem/
            <rating>77%</rating>
            <genres>
                <genre>Pohádka</genre>
                <genre>Komedie</genre>
            </genres>
            <provenance>CS</provenance>
            <year>1956</year>
            <cast>
                <director>Josef Mach</director>
                <actors>
                    <actor>Josef Bek</actor>
                    <actress>Eva Klepáčová</actress>
                    <actress>Alena Vránová</actress>
                    <actor>František Smolík</actor>
                </actors>
            </cast>
        </csfd>
    </programme>
    <programme start="20090501185500" stop="20090501193500" channel="prima">
        <title lang="cs">Zprávy TV Prima</title>
        <desc lang="cs">Sport TV Prima Počasí</desc>
        <country>CS</country>
    </programme>
    <programme start="20090501193500" stop="20090501200000" channel="prima">
        <title lang="cs">Přátelé</title>
        <desc lang="cs">Sitkom (S) Sukničkář Joey, pošahaná Phoebe, ukecaný Chandler, pořádkem posedlá Monica, nejistý Ross a naivní Rachel - povedená šestice kamarádů z New Yorku řeší životní trable s humorem sobě vlastním v nejpopulárnějším komediálním seriálu všech dob. Americký sitcom (1994). Hrají L. Kudrowová, C. Coxová, J. Anistonová, M. LeBlanc, M. Perry, D. Schwimmer a další</desc>
        <country>CS</country>
        <episode-num>4.18.</episode-num>
        <csfd>
            http://www.csfd.cz/film/256966-kouzelna-skolka/
            <rating>89%</rating>
            <genres>
                <genre>Komedie</genre>
                <genre>Romantický</genre>
                <genre>Seriál</genre>
            </genres>
            <provenance>USA</provenance>
            <year>1994</year>
            <cast>
                <director>Kevin Bright</director>
                <director>Gary Halvorson</director>
                <director>Michael Lembeck</director>
                <actors>
                    <actress>Jennifer Aniston</actress>
                    <actor>Courteney Cox</actor>
                    <actress>Lisa Kudrow</actress>
                    <actor>Matt LeBlanc</actor>
                </actors>
            </cast>
        </csfd>
    </programme>
  
    <programme start="20090501030000" stop="20090501030500" channel="ct24">
        <title lang="cs">Zprávy</title>
        <country>CS</country>
        <premiere/>
    </programme>
    <programme start="20090501080500" stop="20090501083100" channel="ct24">
        <title lang="cs">Toulavá kamera</title>
        <desc lang="cs">Mozaika z regionů.</desc>
        <country>CS</country>
        <csfd>
            http://www.csfd.cz/film/252346-toulava-kamera/
            <rating>68%</rating>
            <genres>
                <genre>Dokumentární</genre>
            </genres>
            <provenance>CS</provenance>
            <year>2003</year>
            <cast>
                <actors>
                    <actress>Iveta Toušlová</actress>
                    <actor>Josef Maršál</actor>
                </actors>
            </cast>
        </csfd>
    </programme>
    <programme start="20090501090500" stop="20090501093100" channel="ct24">
        <title lang="cs">Objektiv</title>
        <desc lang="cs">Magazín zahraničních zajímavostí.</desc>
        <country>CS</country>
        <csfd>
            http://www.csfd.cz/film/250932-objektiv/
            <rating>77%</rating>
            <genres>
                <genre>Publicistický</genre>
                <genre>Dokumentární</genre>
            </genres>
            <provenance>CS</provenance>
            <year>1987</year>
            <cast>

                <director>Ivan Bareš</director>
                <actors>
                    <actor>Richard Honzovič</actor>
                    <actress>Kamila Moučková</actress>
                    <actor>Juraj Lukáč</actor>
                </actors>
            </cast>
        </csfd>
    </programme>
    <programme start="20090501190000" stop="20090501194000" channel="ct24">
        <title lang="cs">Události</title>
        <desc lang="cs">Hlavní zpravodajská relace České televize. Souhrn nejdůležitějších událostí dne v ČR i ve světě.</desc>
        <country>CS</country>
        <csfd>
            http://www.csfd.cz/film/264758-udalosti/
            <rating>72%</rating>
            <genres>
                <genre>Publicistický</genre>
            </genres>
            <provenance>CS</provenance>
            <year>1993</year>
            <cast>
                <actors>
                    <actress>Marcela Augustová</actress>
                    <actress>Iveta Toušlová</actress>
                    <actress>Jolana Voldánová</actress>
                </actors>
            </cast>
        </csfd>
    </programme>
    <programme start="20090501195500" stop="20090501200000" channel="ct24">
        <title lang="cs">Předpověď počasí</title>
        <desc lang="cs">Souhrn meteorologických informací uplynulých 24 hodin a prognóza vývoje počasí na příští dny.</desc>
        <country>CS</country>
    </programme>
    <programme start="20090501203300" stop="20090501210000" channel="ct24">
        <title lang="cs">Retro</title>
        <desc lang="cs">Móda je tématem, které v každé době vyvolává spoustu debat. Tentokrát se zaměříme na to, co nosili mladí lidé za socialismu. A podíváme se i na to, jak si svoje vytoužené oblečení sháněli nebo šili.</desc>
        <icon src="http://img4.ceskatelevize.cz/program/porady/10176269182/foto/program.jpg"/>
        <country>CS</country>
        <csfd>
            http://www.csfd.cz/film/252056-retro/
            <rating>76%</rating>
            <genres>
                <genre>Dokumentární</genre>
            </genres>
            <provenance>CS</provenance>
            <year>2008</year>
            <cast>
                <director>Roman Šantúr</director>
                <actors>
                    <actress>Martina Vrbová</actress>
                    <actress>Alena Činčerová</actress>
                </actors>
            </cast>
        </csfd>
    </programme>

    <programme start="20090501000000" stop="20090501003000" channel="ct4sport">
        <title lang="cs">Sport v regionech</title>
        <country>CS</country>
    </programme>
    <programme start="20090501003000" stop="20090501004500" channel="ct4sport">
        <title lang="cs">Maxtreme</title>
        <desc lang="cs">Magazín extrémních sportů</desc>
        <country>CS</country>
    </programme>
    <programme start="20090501041000" stop="20090501050000" channel="ct4sport">
        <title lang="cs">Goalissimo</title>
        <desc lang="cs">Magazín světového fotbalu</desc>
        <country>CS</country>
    </programme>
    <programme start="20090501143000" stop="20090501145000" channel="ct4sport">
        <title lang="cs">Paralympijský magazín</title>
        <desc lang="cs">Měsíčník o sportu handicapovaných</desc>
        <country>CS</country>
    </programme>
    <programme start="20090501152000" stop="20090501155500" channel="ct4sport">
        <title lang="cs">V šachu</title>
        <desc lang="cs">Magazín o dění na šachovnicích i za nimi. Královská hra, její hráči i turnaje</desc>
        <country>CS</country>
        <premiere/>
    </programme>
   
    <programme start="20090501090000" stop="20090501100000" channel="ocko">
        <title lang="cs">akcelerace</title>
        <desc lang="cs"> klipy pro dobrou náladu</desc>
        <country>CS</country>
    </programme>
    <programme start="20090501100000" stop="20090501110000" channel="ocko">
        <title lang="cs">inbox</title>
        <desc lang="cs"> rozhovory, reportáže</desc>
        <country>CS</country>
    </programme>
    <programme start="20090501120000" stop="20090501140000" channel="ocko">
        <title lang="cs">jízda</title>
        <desc lang="cs"> klipy na odpoledne</desc>
        <country>CS</country>
    </programme>
    <programme start="20090501180000" stop="20090501190000" channel="ocko">
        <title lang="cs">loap česká hitparáda</title>
        <country>CS</country>
    </programme>
    <programme start="20090501200000" stop="20090501210000" channel="ocko">
        <title lang="cs">novinky</title>
        <desc lang="cs"> žhavé klipové novinky pěkně pohromadě</desc>
        <country>CS</country>
    </programme>
    <programme start="20090501210000" stop="20090501220000" channel="ocko">
        <title lang="cs">party ride</title>
        <desc lang="cs"> klipy na každou párty</desc>
        <country>CS</country>
    </programme>
   
    <programme start="20090501100000" stop="20090501110000" channel="cinema.nova">
        <title lang="cs">Andílci</title>
        <country>CS</country>
        <episode-num>0.35.</episode-num>
        <csfd>
            http://www.csfd.cz/film/255034-andilci/
            <rating>3%</rating>
            <genres>
                <genre>Komedie</genre>
                <genre>Seriál</genre>
            </genres>
            <provenance>ROM</provenance>
            <year>2008</year>
            <cast>
             
                <director>Bogdan Dumitrescu</director>
                <director>Mihai Bratila</director>
                <actors>
                    <actor>Mihai Petre</actor>
                    <actress>Adela Popescu</actress>
                </actors>
            </cast>
        </csfd>
    </programme>
    <programme start="20090501110000" stop="20090501113000" channel="cinema.nova">
        <title lang="cs">Teleshopping</title>
        <country>CS</country>
    </programme>
    <programme start="20090501171500" stop="20090501181500" channel="cinema.nova">
        <title lang="cs">Dva a půl chlapa</title>
        <country>CS</country>
        <episode-num>3.13.</episode-num>
        <episode-num>3.14.</episode-num>
        <csfd>
            http://www.csfd.cz/film/135284-dva-a-pul-chlapa/
            <rating>75%</rating>
            <genres>
                <genre>Komedie</genre>
                <genre>Seriál</genre>
            </genres>
            <provenance>USA</provenance>
            <year>2003</year>
            <cast>
                <director>Gary Halvorson</director>
                <actors>
                    <actor>Charlie Sheen</actor>
                    <actor>Jon Cryer</actor>
                    <actor>Angus T. Jones</actor>
                    <actor>Holland Taylor</actor>
                </actors>
            </cast>
        </csfd>
    </programme>
    <programme start="20090501202000" stop="20090501221000" channel="cinema.nova">
        <title lang="cs">24 hodin</title>
        <country>CS</country>
        <episode-num>3.18.</episode-num>
        <episode-num>3.19.</episode-num>
        <csfd>
            http://www.csfd.cz/film/69584-24-hodin/
            <rating>68%</rating>
            <genres>
                <genre>Akční</genre>
                <genre>Thriller</genre>
                <genre>Krimi</genre>
                <genre>Drama</genre>
                <genre>Seriál</genre>
            </genres>
            <provenance>USA</provenance>
            <year>2001</year>
            <cast>
                <director>Winrich Kolbe</director>
                <actors>
                    <actress>Kiefer Sutherland</actress>
                    <actress>Mary Lynn Rajskub</actress>
                    <actor>Carlos Bernard</actor>
                </actors>
            </cast>
        </csfd>
    </programme>
</tv>
