<?xml version="1.0" encoding="UTF-8"?>
<!DOCTYPE schema SYSTEM "data.dtd">

<schema>
	<!-- identification due to current rules of ČD and ZSSK -->
	<identification>
		<classID id="CD_classID">043</classID>
		<classVersion id="CD_classVersion">0</classVersion>
	</identification>

	<!-- process variables definition -->
	<process_variables>
		<variable id="RADA" type="BCD4">
			<location>
				<port id="0" offset="0" size="3" />
			</location>
			<description>Obsahuje konstantni hodnotu <ref id="CD_classID">043</ref> kodovanou v BCD kódu.</description>
		</variable>

		<variable id="VR" type="BCD4">
			<location>
				<port id="0" offset="3" size="1" />
			</location>
			<description>Obsahuje konstantni hodnotu <ref id="CD_classVersion">0</ref> kodovanou v BCD kódu.</description>
		</variable>

		<variable id="CISLO" type="BCD4">
			<location>
				<port  id="0" offset="4" size="3" />
			</location>
			<description>Obsahuje identifikační číslo vozu v rámci dané řady.</description>
		</variable>

		<variable id="nextStation" type="CHAR8">
			<location>
				<port id="14" offset="0" size="30" />
			</location>
			<description>Obsahuje název příští zástávky na cestě.</description>
		</variable>

		<variable id="mimText" type="CHAR8">
			<location>
				<port id="15" offset="0" size="30" />
			</location>
			<description>TODO:KDO VI</description>
		</variable>

		<variable id="importantRouteStations" type="CHAR8">
			<location>
				<port id="16" offset="0" size="30" />
			</location>
			<description>Obsahuje seznam stanic přes které se jede na cestě.</description>
		</variable>

		<variable id="finalStation" type="CHAR8">
			<location>
				<port id="17" offset="0" size="30" />
			</location>
			<description>Obsahuje název cílové stanice na cestě.</description>
		</variable>

		<variable id="VST1A" type="BOOLEAN1">
			<location>
				<port id="20" offset="0" size="8" />
			</location>
			<composite_variable>
				<composite position="6" name="XM2" />
				<composite position="7" name="XM1" />
			</composite_variable>
			<description>TODO:KDO VI</description>
		</variable>

		<variable id="VST1C" type="CHAR8">
			<location>
				<port id="20" offset="1" size="1" />
			</location>
			<description>RESERVED</description>
		</variable>

		<variable id="VST1B" type="BOOLEAN1">
			<location>
				<port id="20" offset="16" size="8" />
			</location>
			<composite_variable>
				<composite position="0" name="VS4" />
				<composite position="1" name="VS3" />
				<composite position="2" name="VS2" />
				<composite position="3" name="VS1" />
				<composite position="4" name="VS6" />
				<composite position="5" name="DNZ" />
				<composite position="6" name="DLZ" />
				<composite position="7" name="DPZ" />
			</composite_variable>
			<description>TODO:KDO VI</description>
		</variable>

		<variable id="VST2A" type="BOOLEAN1">
			<location>
				<port id="20" offset="24" size="8" />
			</location>
			<composite_variable>
				<composite position="0" name="OSC4" />
				<composite position="1" name="OSC3" />
				<composite position="2" name="OSC2" />
				<composite position="3" name="OSC1" />
			</composite_variable>
			<description>TODO:KDO VI</description>
		</variable>

		<variable id="VST2C" type="CHAR8">
			<location>
				<port id="20" offset="4" size="1" />
			</location>
			<description>RESERVED</description>
		</variable>

		<variable id="VST2B" type="BOOLEAN1">
			<location>
				<port id="20" offset="32" size="8" />
			</location>
			<composite_variable>
				<composite position="0" name="PTSM" />
				<composite position="1" name="!DVE" />
				<composite position="3" name="!PTS" />
				<composite position="4" name="!WC" />
				<composite position="5" name="RUCB" />
				<composite position="7" name="CHG1" />
			</composite_variable>
			<description>TODO:KDO VI</description>
		</variable>
		
		<variable id="R0" type="CHAR8">
			<location>
				<port id="20" offset="6" size="2" />
			</location>
			<description>RESERVED</description>
		</variable>

		<variable id="R1" type="CHAR8">
			<location>
				<port id="20" offset="8" size="1" />
			</location>
			<description>RESERVED</description>
		</variable>

		<variable id="VYST1R" type="BOOLEAN1">
			<location>
				<port id="20" offset="72" size="8" />
			</location>
			<composite_variable>
				<composite position="0" name="SG1" />
				<composite position="1" name="SG2" />
				<composite position="2" name="SG3" />
				<composite position="3" name="SG4" />
				<composite position="4" name="SGC" />
				<composite position="5" name="DNZ" />
				<composite position="6" name="DPZ" />
				<composite position="7" name="DLZ" />
			</composite_variable>
			<description>TODO:KDO VI</description>
		</variable>

		<variable id="VYST1V" type="BOOLEAN1">
			<location>
				<port id="20" offset="80" size="8" />
			</location>
			<composite_variable>
				<composite position="0" name="SG1" />
				<composite position="1" name="SG2" />
				<composite position="2" name="SG3" />
				<composite position="3" name="SG4" />
				<composite position="4" name="SGC" />
				<composite position="5" name="DNZ" />
				<composite position="6" name="DPZ" />
				<composite position="7" name="DLZ" />
			</composite_variable>
			<description>TODO:KDO VI</description>
		</variable>

		<variable id="VYST1Z" type="BOOLEAN1">
			<location>
				<port id="20" offset="88" size="8" />
			</location>
			<composite_variable>
				<composite position="0" name="SG1" />
				<composite position="1" name="SG2" />
				<composite position="2" name="SG3" />
				<composite position="3" name="SG4" />
				<composite position="4" name="SGC" />
				<composite position="5" name="DNZ" />
				<composite position="6" name="DPZ" />
				<composite position="7" name="DLZ" />
			</composite_variable>
			<description>TODO:KDO VI</description>
		</variable>

		<variable id="VYST2R" type="BOOLEAN1">
			<location>
				<port id="20" offset="96" size="8" />
			</location>
			<composite_variable>
				<composite position="5" name="XM7" />
				<composite position="6" name="XM4" />
				<composite position="7" name="XM3" />
			</composite_variable>
			<description>TODO:KDO VI</description>
		</variable>

		<variable id="VYST2V" type="BOOLEAN1">
			<location>
				<port id="20" offset="104" size="8" />
			</location>
			<composite_variable>
				<composite position="5" name="XM7" />
				<composite position="6" name="XM4" />
				<composite position="7" name="XM3" />
			</composite_variable>
			<description>TODO:KDO VI</description>
		</variable>

		<variable id="VYST2Z" type="BOOLEAN1">
			<location>
				<port id="20" offset="112" size="8" />
			</location>
			<composite_variable>
				<composite position="5" name="XM7" />
				<composite position="6" name="XM4" />
				<composite position="7" name="XM3" />
			</composite_variable>
			<description>TODO:KDO VI</description>
		</variable>

		<variable id="VYST3R" type="BOOLEAN1">
			<location>
				<port id="20" offset="120" size="8" />
			</location>
			<composite_variable>
				<composite position="4" name="NAP1" />
				<composite position="5" name="NAP2" />
				<composite position="7" name="CHG1" />
			</composite_variable>
			<description>TODO:KDO VI</description>
		</variable>

		<variable id="VYST3V" type="CHAR8">
			<location>
				<port id="20" offset="16" size="1" />
			</location>
			<description>RESERVED</description>
		</variable>

		<variable id="VYST3Z" type="BOOLEAN1">
			<location>
				<port id="20" offset="136" size="8" />
			</location>
			<composite_variable>
				<composite position="4" name="NAP1" />
				<composite position="5" name="NAP2" />
				<composite position="7" name="CHG1" />
			</composite_variable>
			<description>TODO:KDO VI</description>
		</variable>

		<variable id="UBAT" type="CHAR8">
			<location>
				<port id="20" offset="18" size="1" />
			</location>
			<description>Napětí baterky</description>
		</variable>

		<variable id="DVE1LA" type="BOOLEAN1">
			<location>
				<port id="25" offset="0" size="8" />
			</location>
			<composite_variable>
				<composite position="0" name="ZK1" />
				<composite position="1" name="PR1" />
				<composite position="2" name="ZK2" />
				<composite position="3" name="PR2" />
				<composite position="4" name="ZK3" />
				<composite position="5" name="PR3" />
				<composite position="6" name="ZK4" />
				<composite position="7" name="PR4" />
			</composite_variable>
			<description>TODO:KDO VI</description>
		</variable>

		<variable id="DVE1LB" type="BOOLEAN1">
			<location>
				<port id="25" offset="8" size="8" />
			</location>
			<composite_variable>
				<composite position="0" name="TLMAN" />
				<composite position="1" name="POSUV" />
				<composite position="2" name="ZAPAD" />
				<composite position="3" name="SPIMZ" />
				<composite position="4" name="OPTZA" />
			</composite_variable>
			<description>TODO:KDO VI</description>
		</variable>

		<variable id="DVE1LC" type="BOOLEAN1">
			<location>
				<port id="25" offset="16" size="8" />
			</location>
			<composite_variable>
				<composite position="0" name="P=0" />
				<composite position="1" name="NOUZ" />
				<composite position="2" name="ZAMC" />
				<composite position="3" name="CENZA" />
				<composite position="4" name="NEODJ" />
				<composite position="5" name="NEZAV" />
				<composite position="6" name="V>5" />
			</composite_variable>
			<description>TODO:KDO VI</description>
		</variable>

		<variable id="DVE1PA" type="BOOLEAN1">
			<location>
				<port id="25" offset="24" size="8" />
			</location>
			<composite_variable>
				<composite position="0" name="ZK1" />
				<composite position="1" name="PR1" />
				<composite position="2" name="ZK2" />
				<composite position="3" name="PR2" />
				<composite position="4" name="ZK3" />
				<composite position="5" name="PR3" />
				<composite position="6" name="ZK4" />
				<composite position="7" name="PR4" />
			</composite_variable>
			<description>TODO:KDO VI</description>
		</variable>

		<variable id="DVE1PB" type="BOOLEAN1">
			<location>
				<port id="25" offset="32" size="8" />
			</location>
			<composite_variable>
				<composite position="0" name="TLMAN" />
				<composite position="1" name="POSUV" />
				<composite position="2" name="ZAPAD" />
				<composite position="3" name="SPIMZ" />
				<composite position="4" name="OPTZA" />
			</composite_variable>
			<description>TODO:KDO VI</description>
		</variable>

		<variable id="DVE1PC" type="BOOLEAN1">
			<location>
				<port id="25" offset="40" size="8" />
			</location>
			<composite_variable>
				<composite position="0" name="P=0" />
				<composite position="1" name="NOUZ" />
				<composite position="2" name="ZAMC" />
				<composite position="3" name="CENZA" />
				<composite position="4" name="NEODJ" />
				<composite position="5" name="NEZAV" />
				<composite position="6" name="V>5" />
			</composite_variable>
			<description>TODO:KDO VI</description>
		</variable>

		<variable id="DVE2LA" type="BOOLEAN1">
			<location>
				<port id="25" offset="48" size="8" />
			</location>
			<composite_variable>
				<composite position="0" name="ZK1" />
				<composite position="1" name="PR1" />
				<composite position="2" name="ZK2" />
				<composite position="3" name="PR2" />
				<composite position="4" name="ZK3" />
				<composite position="5" name="PR3" />
				<composite position="6" name="ZK4" />
				<composite position="7" name="PR4" />
			</composite_variable>
			<description>TODO:KDO VI</description>
		</variable>

		<variable id="DVE2LB" type="BOOLEAN1">
			<location>
				<port id="25" offset="56" size="8" />
			</location>
			<composite_variable>
				<composite position="0" name="TLMAN" />
				<composite position="1" name="POSUV" />
				<composite position="2" name="ZAPAD" />
				<composite position="3" name="SPIMZ" />
				<composite position="4" name="OPTZA" />
			</composite_variable>
			<description>TODO:KDO VI</description>
		</variable>

		<variable id="DVE2LC" type="BOOLEAN1">
			<location>
				<port id="25" offset="64" size="8" />
			</location>
			<composite_variable>
				<composite position="0" name="P=0" />
				<composite position="1" name="NOUZ" />
				<composite position="2" name="ZAMC" />
				<composite position="3" name="CENZA" />
				<composite position="4" name="NEODJ" />
				<composite position="5" name="NEZAV" />
				<composite position="6" name="V>5" />
			</composite_variable>
			<description>TODO:KDO VI</description>
		</variable>

		<variable id="DVE2PA" type="BOOLEAN1">
			<location>
				<port id="25" offset="72" size="8" />
			</location>
			<composite_variable>
				<composite position="0" name="ZK1" />
				<composite position="1" name="PR1" />
				<composite position="2" name="ZK2" />
				<composite position="3" name="PR2" />
				<composite position="4" name="ZK3" />
				<composite position="5" name="PR3" />
				<composite position="6" name="ZK4" />
				<composite position="7" name="PR4" />
			</composite_variable>
			<description>TODO:KDO VI</description>
		</variable>

		<variable id="DVE2PB" type="BOOLEAN1">
			<location>
				<port id="25" offset="80" size="8" />
			</location>
			<composite_variable>
				<composite position="0" name="TLMAN" />
				<composite position="1" name="POSUV" />
				<composite position="2" name="ZAPAD" />
				<composite position="3" name="SPIMZ" />
				<composite position="4" name="OPTZA" />
			</composite_variable>
			<description>TODO:KDO VI</description>
		</variable>

		<variable id="DVE2PC" type="BOOLEAN1">
			<location>
				<port id="25" offset="88" size="8" />
			</location>
			<composite_variable>
				<composite position="0" name="P=0" />
				<composite position="1" name="NOUZ" />
				<composite position="2" name="ZAMC" />
				<composite position="3" name="CENZA" />
				<composite position="4" name="NEODJ" />
				<composite position="5" name="NEZAV" />
				<composite position="6" name="V>5" />
			</composite_variable>
			<description>TODO:KDO VI</description>
		</variable>

		<variable id="VODA_WC" type="BOOLEAN1">
			<location>
				<port id="26" offset="0" size="16" />
			</location>
			<composite_variable>
				<composite position="0" name="ZK1" />
				<composite position="1" name="PR1" />
				<composite position="2" name="ZK2" />
				<composite position="3" name="PR2" />
				<composite position="4" name="ZK3" />
				<composite position="5" name="PR3" />
				<composite position="6" name="ZK4" />
				<composite position="7" name="PR4" />
				<composite position="8" name="MYTI" description="indikátor tekoucí vody na ruce" />
				<composite position="9" name="OVLWC" description="indikátor spustění splachování" />
				<composite position="10" name="TPVYP" />
				<composite position="11" name="SENZO" />
				<composite position="12" name="TERMO" />
				<composite position="13" name="VODA0" />
				<composite position="14" name="UBAT" />
				<composite position="15" name="T5C" />
			</composite_variable>
			<description>Pole obsahujicí status zásoby vody na WC.</description>
		</variable>

		<variable id="FRIED" type="BOOLEAN1">
			<location>
				<port id="26" offset="16" size="16" />
			</location>
			<composite_variable>
				<composite position="0" name="VOLIC" />
				<composite position="1" name="F70" />
				<composite position="2" name="KM7" />
				<composite position="3" name="KM6" />
				<composite position="4" name="HORAK" />
				<composite position="5" name="ZARIZ" />
				<composite position="7" name="!FRIE" />
				<composite position="8" name="HLIDAC" />
				<composite position="9" name="TERMO" />
				<composite position="10" name="C_KAN" />
				<composite position="11" name="C_VEN" />
				<composite position="12" name="CID3" />
				<composite position="13" name="CID2" />
				<composite position="14" name="CID1" />
				<composite position="15" name="OSLV" />
			</composite_variable>
			<description>TODO: KDO VI</description>
		</variable>

		<variable id="ODDIL" type="BOOLEAN1">
			<location>
				<port id="26" offset="32" size="16" />
			</location>
			<composite_variable>
				<composite position="0" name="ZK1-1" />
				<composite position="1" name="PR1-1" />
				<composite position="2" name="ZK2-1" />
				<composite position="3" name="PR2-1" />
				<composite position="4" name="ZK1-2" />
				<composite position="5" name="PR1-2" />
				<composite position="6" name="ZK2-2" />
				<composite position="7" name="PR2-2" />
				<composite position="8" name="ZK1-3" />
				<composite position="9" name="PR1-3" />
				<composite position="10" name="ZK2-3" />
				<composite position="11" name="PR2-3" />
				<composite position="12" name="ZK1-4" />
				<composite position="13" name="PR1-4" />
				<composite position="14" name="ZK2-4" />
				<composite position="15" name="PR2-4" />
			</composite_variable>
			<description>TODO: KDO VI</description>
		</variable>

		<variable id="KOMUNI" type="BOOLEAN1">
			<location>
				<port id="26" offset="48" size="16" />
			</location>
			<composite_variable>
				<composite position="0" name="DVE1" />
				<composite position="1" name="DVE2" />
				<composite position="5" name="VODA" />
				<composite position="8" name="ODD1" />
				<composite position="9" name="ODD2" />
				<composite position="10" name="ODD3" />
				<composite position="11" name="ODD4" />
				<composite position="12" name="FRIE" />
			</composite_variable>
			<description>TODO: KDO VI</description>
		</variable>
	</process_variables>
	
	<document_info>
		<version>0.0.2</version>
		<created>2011-03-16</created>
		<last_modified>2011-04-06</last_modified>
		<copyright>&a;Petr Lasák, Matematicko-fyzikální fakulta, Karlova Univerzita v Praze<![CDATA[(c)]]></copyright>
		<copyright>&a;Aleš Lieskovský, AŽD Praha s.r.o.<![CDATA[(c)]]></copyright>
	</document_info>
</schema>