<?xml version="1.0" encoding="UTF-8"?>

<schema>
	<!-- identification due to current rules of ČD and ZSSK -->
	<identification>
		<classID id="CD_classID">843</classID>
		<classVersion id="CD_classVersion">0</classVersion>
	</identification>
	
	<process_variables>
		<variable>
			<id>LOKO</id>
			<type>CHAR8</type>
			<port>
				<id>1</id>
				<offset>0</offset>
				<size>2</size>
			</port>
	
			<composite_variable>
				<variable>
					<id>TRA1</id>
					<type>BOOLEAN1</type>
					<description>Indikace startu prvni trakce</description>
				</variable>

				<variable>
					<id>TRA2</id>
					<type>BOOLEAN1</type>
					<description>Indikace startu druhe trakce</description>
				</variable>

				<variable>
					<id>POR1</id>
					<type>BOOLEAN1</type>
					<description>Porucha prvni trakce napajeni</description>
				</variable>
				
				<variable>
					<id>POR2</id>
					<type>BOOLEAN1</type>
					<description>Porucha druhe trakce napajeni</description>
				</variable>	

				<variable>
					<id>OTA1</id>
					<type>INT6</type>
					<description>Otacky prvni trakce</description>
				</variable>

				<variable>
					<id>OTA2</id>
					<type>INT6</type>
					<description>Otacky druhe trakce</description>
				</variable>
			</composite_variable>
		</variable>

		<variable>
			<id>RYCHL</id>
			<type>CHAR8</type>
			<port>
				<id>1</id>
				<offset>2</offset>
				<size>4</size>
			</port>
	
			<composite_variable>
				<variable>
					<id>UTRAL</id>
					<type>BOOLEAN1</type>
				</variable>
				
				<variable>
					<id>TAH</id>
					<type>BOOLEAN1</type>
				</variable>
				
				<variable>
					<id>STUPEN</id>
					<type>BCD4</type>
				</variable>
				
				<variable>
					<id>SRYCHL</id>
					<type>INT13</type>
					<description>Skutecna rychlost vlaku udavana v 1/16</description>
				</variable>

				<variable>
					<id>PRYCH</id>
					<type>INT13</type>
					<description>Pozadovana rychlost vlaku udavana v 1/16</description>
				</variable>
			</composite_variable>
		</variable>

		<variable>
			<id>BRZDA</id>
			<type>CHAR8</type>
			<port>
				<id>1</id>
				<offset>6</offset>
				<size>2</size>
			</port>
	
			<composite_variable>
				<variable>
					<id>STUPEN</id>
					<type>BCD2</type>
					<description>Zarazeny brzdny stupen</description>
				</variable>

				<variable>
					<id>SBRZDA</id>
					<type>INT7</type>
					<description>Skutecna brzda vlaku udavana v procentech (0-100%)</description>
				</variable>

				<variable>
					<id>PBRZDA</id>
					<type>INT7</type>
					<description>Pozadovana brzda vlaku udavana v procentech (0-100%)</description>
				</variable>
			</composite_variable>
		</variable>
	</process_variables>

	<document_info>
		<version>0.0.2</version>
		<created>2011-04-24</created>
		<last_modified>2011-04-24</last_modified>
		<copyright>Copyright: Petr Lasák, Matematicko-fyzikální fakulta, Karlova Univerzita v Praze<![CDATA[(c)]]></copyright>
	</document_info>
</schema>
