﻿<?xml version="1.0" encoding="UTF-8" standalone="no" ?>

<!DOCTYPE databáze SYSTEM "lidi.dtd">

<databáze>
  <osoby>
    <osoba id_osoby="alois1">
      <jméno>Alois</jméno>
      <příjmení>Žemlička</příjmení>
      <přezdívka>Kulička</přezdívka>
      
      <bydliště druh="stálé" ref_mista="aloisuv_byt" />
      
      <kontakt>
        <telefon>123456789</telefon>
        <email>alois&at;kulicka.cz</email>
      </kontakt>
      
      <kamarád id_osoby="beata1" />

      <dluh id_osoby="beata1">
        <co>5 000 Kč</co>
        <datum>
          <den>8</den>
          <měsíc>5</měsíc>
          <rok>2011</rok>
        </datum>
      </dluh>
    </osoba>
  
    <osoba id_osoby="beata1">
      <jméno>Beáta</jméno>
      <příjmení>Záhorská</příjmení>
      <přezdívka>Lama</přezdívka>
      
      <bydliště druh="stálé" ref_mista="beaty_byt" />
      <bydliště druh="přechodné" ref_mista="aloisuv_byt" />
      
      <kontakt>
        <telefon>147258369</telefon>
        <im typ="ICQ">159357258</im>
        <im typ="MSN">beata&at;microsoft.com</im>
        <email>beata&at;microsoft.com</email>
      </kontakt>
      
      <kamarád id_osoby="alois1" />
      <kamarád id_osoby="cyril1" />
      <kamarád id_osoby="dana1" />
      
      <poznámka>
        Labilní dítě.
      </poznámka>
    </osoba>
    
    <osoba id_osoby="cyril1">
      <jméno>Cyril</jméno>
      <příjmení>Toman</příjmení>
      
      <bydliště druh="stálé" ref_mista="cyriluv_dum" />
      
      <kamarád id_osoby="beata1" />
      <kamarád id_osoby="dana1" />
    </osoba>
    
    <osoba id_osoby="dana1">
      <jméno>Dana</jméno>
      <příjmení>Staňková</příjmení>
      
      <bydliště druh="stálé" ref_mista="cyriluv_dum" />
      
      <kamarád id_osoby="beata1" />
      <kamarád id_osoby="cyril1" />
      
      <poznámka>
        <ref_osoby id_osoby="cyril1">Cyrilova</ref_osoby> žena.
      </poznámka>
    </osoba>
  </osoby>
  
  <místa>                   
    <místo id_místa="aloisuv_byt">
      <adresa>
        <město>Praha</město>
        <psč>102 00</psč>
        <ulice>Mokrá</ulice>
        <cp>108</cp>
      </adresa>
    </místo>
    
    <místo id_místa="beaty_byt">
      <adresa>
        <město>Paříž</město>
        <psč>456 87</psč>
        <ulice>Rue aquatique</ulice>
        <cp>576</cp>
        <stát>Francie</stát>
      </adresa>
      <popis>
        Polorozpadlý sdílený byteček v Paříži.
      </popis>
    </místo>
    
    <místo id_místa="cyriluv_dum">
      <adresa>
        <město>Ostrava</město>
        <psč>747 64</psč>
        <ulice>Zakouřená</ulice>
        <cp>178</cp>
      </adresa>
    </místo>
  </místa>
</databáze>
