<?xml version="1.0" encoding="UTF-8"?>
<firma xmlns:xsi="http://www.w3.org/2001/XMLSchema-instance">
<pobocka id="p1">
<zamestnanec stav="zenaty" id="z1">
<prijmeni>
Vlasak
</prijmeni>
<hodnoceni hodnotil="z2">
	Je to borec.
</hodnoceni>
</zamestnanec>
<zamestnanec stav="zenaty" id="z2">
<prijmeni>
Rizek
</prijmeni>
<hodnoceni hodnotil="z1">
	Neni <b>to</b> borec.
</hodnoceni>
</zamestnanec>
</pobocka>
<pobocka id="p2">
<zamestnanec stav="zenaty" id="z3">
<prijmeni>
Joska
</prijmeni>
<hodnoceni hodnotil="z4">
	Stramak.
</hodnoceni>
</zamestnanec>
<zamestnanec stav="svobodny" id="z4">
<prijmeni>
Pejchar
</prijmeni>
</zamestnanec>
</pobocka>
</firma>