<?xml version="1.0" encoding="windows-1250"?>
<os-filesystem>
	<folder identifikator="id_D001" name="Windows">
		<folder name="system32" identifikator="id_D345">
			<file identifikator="id_F001" size="320000" type="executable">cmd.exe</file>
			<file identifikator="id_F002" size="69886" type="executable">edit.com</file>
			<file identifikator="id_F003" size="41984" type="executable">ftp.exe</file>
			<file identifikator="id_F004" size="145184" type="executable">java.exe</file>
			<file identifikator="id_F005" size="874496">kernel32.dll</file>
			<file identifikator="id_F006" size="2000">keyboard.drv</file>
			<file identifikator="id_F007" size="42537">keyboard.sys</file>
			<file identifikator="id_F008" size="151040" type="executable">notepad.exe</file>
			<file identifikator="id_F009" size="2032">mouse.drv</file>
			<file identifikator="id_F010" size="11315200">shell32.dll</file>
			<file identifikator="id_F011" size="10617344">wmp.dll</file>
		</folder>
		<file identifikator="id_F012" size="2923520">explorer.exe</file>
		<file identifikator="id_F013" size="333082">DirectX.log</file>
	</folder>
	<file identifikator="id_F555" size="24">autoexec.bat</file>
</os-filesystem>