<?xml version="1.0" encoding="UTF-8"?>
<zakazka xmlns:xsi="http://www.w3.org/2001/XMLSchema-instance" xsi:noNamespaceSchemaLocation="data.xsd">
	<objednavka>
		<zakaznik>
			<osoba xsi:type="typeFyzicka" cislo="OS1">
					<adresa>
						<ulice>Hradební 5</ulice>
						<psc>53110</psc>
						<mesto>Plzeň</mesto>
					</adresa>
					<telefon>729699899</telefon>
					<email>petr@novak.cz</email>
					<jmeno>Petr</jmeno>
					<prijmeni>Novák</prijmeni>
					<vek>20</vek>
					<pohlavi>muz</pohlavi>
			</osoba>
		</zakaznik>
		<vyrobek refid="OS1">
			<novy_vyrobek id="VIR1">
				<nazev>Název vssssssssssssssssssssssýrobku</nazev>
				<popis pole="s">Tento výrobek patří do kategorie</popis>
				<priloha>d</priloha>
				<datum_zadani>2012-02-12</datum_zadani>
			</novy_vyrobek>
		</vyrobek>
		<vyrobek refid="OS1">
			<novy_vyrobek id="VIR2">
				<nazev>Název výrobku</nazev>
				<popis pole="s">Tento výrobek patří do kategorie</popis>
				<priloha>d</priloha>
				<datum_zadani>2011-02-12</datum_zadani><cena>50000</cena>
			</novy_vyrobek>
		</vyrobek>
		<vyrobek refid="OS1">
			<novy_vyrobek id="VIR3">
				<nazev>Název výrobku</nazev>
				<popis pole="s">Tento výrobek patří do kategorie</popis>
				<priloha>d</priloha>
				<datum_zadani>2011-02-12</datum_zadani><cena>50000</cena>
			</novy_vyrobek>
		</vyrobek>
		<vyrobek refid="OS1">
			<novy_vyrobek id="VIR4">
				<nazev>Název výrobku</nazev>
				<popis pole="s">Tento výrobek patří do kategorie</popis>
				<priloha>d</priloha>
				<datum_zadani>2011-02-12</datum_zadani><cena>50000</cena>
			</novy_vyrobek>
		</vyrobek>
	</objednavka>
	<objednavka>
		<zakaznik>
			<osoba xsi:type="typeFyzicka" cislo="OS3">
				<adresa>
						<ulice>Hradební 56</ulice>
						<psc>53110</psc>
						<mesto>Plzeň</mesto>
					</adresa>
					<telefon>729699899</telefon>
					<email>petr@novak.cz</email>
					<jmeno>Petr</jmeno>
					<prijmeni>Novák</prijmeni>
					<vek>20</vek>
					<pohlavi>muz</pohlavi>
			</osoba>
		</zakaznik>
		<vyrobek refid="OS3">
			<novy_vyrobek id="VIR18">
				<nazev>Název výrobku</nazev>
				<popis pole="s">Tento výrobek patří do kategorie</popis>
				<priloha>d</priloha>
				<datum_zadani>2011-02-12</datum_zadani><cena>50000</cena>
			</novy_vyrobek>
		</vyrobek>
		<vyrobek refid="OS3">
			<novy_vyrobek id="VIR80">
				<nazev>Název výrobku</nazev>
				<popis pole="s">Tento výrobek patří do kategorie</popis>
				<priloha>d</priloha>
				<datum_zadani>2011-02-12</datum_zadani><cena>50000</cena>
			</novy_vyrobek>
		</vyrobek>
		<vyrobek refid="OS3">
			<novy_vyrobek id="VIR11">
				<nazev>Název výrobku</nazev>
				<popis pole="s">Tento výrobek patří do kategorie</popis>
				<priloha>d</priloha>
				<datum_zadani>2011-02-12</datum_zadani><cena>50000</cena>
			</novy_vyrobek>
		</vyrobek>
		<vyrobek refid="OS3">
			<novy_vyrobek id="VIR12">
				<nazev>Název výrobku</nazev>
				<popis pole="s">Tento výrobek patří do kategorie</popis>
				<priloha>d</priloha>
				<datum_zadani>2011-02-12</datum_zadani><cena>50000</cena>
			</novy_vyrobek>
		</vyrobek>
	</objednavka>
	<objednavka>
		<zakaznik>
			<osoba xsi:type="typeFyzicka" cislo="OS3">
				<adresa>
						<ulice>Hradební 55</ulice>
						<psc>53110</psc>
						<mesto>Plzeň</mesto>
					</adresa>
					<telefon>729699899</telefon>
					<email>petr@novak.cz</email>
					<jmeno>Petr</jmeno>
					<prijmeni>Novák</prijmeni>
					<vek>20</vek>
					<pohlavi>muz</pohlavi>
			</osoba>
		</zakaznik>
		<vyrobek refid="OS1">
			<novy_vyrobek id="VIR12">
				<nazev>Název výrobku</nazev>
				<popis pole="s">Tento výrobek patří do kategorie</popis>
				<priloha>d</priloha>
				<datum_zadani>2011-02-12</datum_zadani><cena>50000</cena>
			</novy_vyrobek>
		</vyrobek>
		<vyrobek refid="OS1">
			<novy_vyrobek id="VIR121">
				<nazev>Název výrobku</nazev>
				<popis pole="s">Tento výrobek patří do kategorie</popis>
				<priloha>d</priloha>
				<datum_zadani>2011-02-12</datum_zadani><cena>50000</cena>
			</novy_vyrobek>
		</vyrobek>
		<vyrobek refid="OS1">
			<novy_vyrobek id="VIR122">
				<nazev>Název výrobku</nazev>
				<popis pole="s">Tento výrobek patří do kategorie</popis>
				<priloha>d</priloha>
				<datum_zadani>2011-02-12</datum_zadani><cena>50000</cena>
			</novy_vyrobek>
		</vyrobek>
		<vyrobek refid="OS1">
			<novy_vyrobek id="VIR123">
				<nazev>Název výrobku</nazev>
				<popis pole="s">Tento výrobek patří do kategorie</popis>
				<priloha>d</priloha>
				<datum_zadani>2011-02-12</datum_zadani><cena>50000</cena>
			</novy_vyrobek>
		</vyrobek>
	</objednavka>
	<objednavka>
		<zakaznik>
			<osoba xsi:type="typeFyzicka" cislo="OS3">
				<adresa>
						<ulice>Hradební 5</ulice>
						<psc>53110</psc>
						<mesto>Plzeň</mesto>
					</adresa>
					<telefon>729699899</telefon>
					<email>petr@novak.cz</email>
					<jmeno>Petr</jmeno>
					<prijmeni>Novák</prijmeni>
					<vek>20</vek>
					<pohlavi>muz</pohlavi>
			</osoba>
		</zakaznik>
		<vyrobek refid="OS1">
			<novy_vyrobek id="VIR12">
				<nazev>Název výrobku</nazev>
				<popis pole="s">Tento výrobek patří do kategorie</popis>
				<priloha>d</priloha>
				<datum_zadani>2011-02-12</datum_zadani><cena>50000</cena>
			</novy_vyrobek>
		</vyrobek>
		<vyrobek refid="OS1">
			<novy_vyrobek id="VIR124">
				<nazev>Název výrobku</nazev>
				<popis pole="s">Tento výrobek patří do kategorie</popis>
				<priloha>d</priloha>
				<datum_zadani>2011-02-12</datum_zadani><cena>50000</cena>
			</novy_vyrobek>
		</vyrobek>
		<vyrobek refid="OS1">
			<novy_vyrobek id="VIR125">
				<nazev>Název výrobku</nazev>
				<popis pole="s">Tento výrobek patří do kategorie</popis>
				<priloha>d</priloha>
				<datum_zadani>2011-02-12</datum_zadani><cena>50000</cena>
			</novy_vyrobek>
		</vyrobek>
		<vyrobek refid="OS1">
			<novy_vyrobek id="VIR126">
				<nazev>Název výrobku</nazev>
				<popis pole="s">Tento výrobek patří do kategorie</popis>
				<priloha>d</priloha>
				<datum_zadani>2011-02-12</datum_zadani><cena>50000</cena>
			</novy_vyrobek>
		</vyrobek>
	</objednavka>
	<objednavka>
		<zakaznik>
			<osoba xsi:type="typeFyzicka" cislo="OS3">
				<adresa>
						<ulice>Hradební 5</ulice>
						<psc>53110</psc>
						<mesto>Plzeň</mesto>
					</adresa>
					<telefon>729699899</telefon>
					<email>petr@novak.cz</email>
					<jmeno>Petr</jmeno>
					<prijmeni>Novák</prijmeni>
					<vek>20</vek>
					<pohlavi>muz</pohlavi>
			</osoba>
		</zakaznik>
		<vyrobek refid="OS1">
			<novy_vyrobek id="VIR12">
				<nazev>Název výrobku</nazev>
				<popis pole="s">Tento výrobek patří do kategorie</popis>
				<priloha>d</priloha>
				<datum_zadani>2011-02-12</datum_zadani><cena>50000</cena>
			</novy_vyrobek>
		</vyrobek>
		<vyrobek refid="OS1">
			<novy_vyrobek id="VIR127">
				<nazev>Název výrobku</nazev>
				<popis pole="s">Tento výrobek patří do kategorie</popis>
				<priloha>d</priloha>
				<datum_zadani>2011-02-12</datum_zadani><cena>50000</cena>
			</novy_vyrobek>
		</vyrobek>
		<vyrobek refid="OS1">
			<novy_vyrobek id="VIR30">
				<nazev>Název výrobku</nazev>
				<popis pole="s">Tento výrobek patří do kategorie</popis>
				<priloha>d</priloha>
				<datum_zadani>2011-02-12</datum_zadani><cena>50000</cena>
			</novy_vyrobek>
		</vyrobek>
		<vyrobek refid="OS1">
			<novy_vyrobek id="VIR40">
				<nazev>Název výrobku</nazev>
				<popis pole="s">Tento výrobek patří do kategorie</popis>
				<priloha>d</priloha>
				<datum_zadani>2011-02-12</datum_zadani><cena>50000</cena>
			</novy_vyrobek>
		</vyrobek>
	</objednavka>
	<objednavka>
		<zakaznik>
			<osoba xsi:type="typeFyzicka" cislo="OS3">
				<adresa>
						<ulice>Hradební 5</ulice>
						<psc>53110</psc>
						<mesto>Plzeň</mesto>
					</adresa>
					<telefon>729699899</telefon>
					<email>petr@novak.cz</email>
					<jmeno>Petr</jmeno>
					<prijmeni>Novák</prijmeni>
					<vek>20</vek>
					<pohlavi>muz</pohlavi>
			</osoba>
		</zakaznik>
		<vyrobek refid="OS1">
			<novy_vyrobek id="VIR12">
				<nazev>Název výrobku</nazev>
				<popis pole="s">Tento výrobek patří do kategorie</popis>
				<priloha>d</priloha>
				<datum_zadani>2011-02-12</datum_zadani><cena>50000</cena>
			</novy_vyrobek>
		</vyrobek>
		<vyrobek refid="OS1">
			<novy_vyrobek id="VIR1203">
				<nazev>Název výrobku</nazev>
				<popis pole="s">Tento výrobek patří do kategorie</popis>
				<priloha>d</priloha>
				<datum_zadani>2011-02-12</datum_zadani><cena>50000</cena>
			</novy_vyrobek>
		</vyrobek>
		<vyrobek refid="OS1">
			<novy_vyrobek id="VIR35">
				<nazev>Název výrobku</nazev>
				<popis pole="s">Tento výrobek patří do kategorie</popis>
				<priloha>d</priloha>
				<datum_zadani>2011-02-12</datum_zadani><cena>50000</cena>
			</novy_vyrobek>
		</vyrobek>
		<vyrobek refid="OS1">
			<novy_vyrobek id="VIR102">
				<nazev>Název výrobku</nazev>
				<popis pole="s">Tento výrobek patří do kategorie</popis>
				<priloha>d</priloha>
				<datum_zadani>2011-02-12</datum_zadani><cena>50000</cena>
			</novy_vyrobek>
		</vyrobek>
	</objednavka>
</zakazka>
