<?xml version="1.0" encoding="UTF-8"?>
<!DOCTYPE divadlo SYSTEM "data.dtd">

<!-- v divadle evidujeme hry a herce -->
<divadlo>
<!-- hry, ktere se v divadle hraji -->
	<hry><!-- mozno 1-n her -->
		<hra nazev="Král Lear" reziser="Jan Nebeský"><!-- kazda hra ma nazev a rezisera, dale v ni ucinkuji urcite postavy a ma 1-n dejstvi  -->
			<postavy><!-- mozno 1-n postav -->
				<!-- idHerce je pouzito u elementu postava == Petr Kosina hraje postavu kral Lear -->
				<postava jmeno="Lear" herec="h7" idPostavy="lear1" /><!-- herec je reference na herce(=idHerce) a idPostavy je jedinecne id postavy, vse povinne -->
				<postava jmeno="Oswald" herec="h4" idPostavy="lear2" />
				<postava jmeno="Vévoda z Albany" herec="h2" idPostavy="lear3" />
				<postava jmeno="Cordelie" herec="h5" idPostavy="lear4" />
				<postava jmeno="Kent" herec="h8" idPostavy="lear5" />
				<postava jmeno="Regan" herec="h9" idPostavy="lear6"/>
			</postavy>
			<dejstvi typ="prvni"><!-- kazde dejstvi ma atribut typ typu, ktery nabyva hodnot prvni az treti -->
				<dialog><!-- dialogu muze byt 0-n a musi obsahovat alespon 1 promluvu a libovolne mnozstvi poznamek -->
					<promluva mluvci="lear1">Does thou know me, fellow?</promluva>
					<promluva mluvci="lear5">No, sir; but you have that in your countenance which I would fain call master.</promluva>
					<promluva mluvci="lear1">What's that?</promluva>
					<promluva mluvci="lear5">Authority</promluva>
					<poznamka><?php $today = getdate(); print_r($today); ?> - Text hry je potřeba celý přepracovat.</poznamka><!--instrukce pro zpracovani - vim, jak je pouzit, ale bohuzel mne nenapadlo zadne smysluplne vyuziti v mem projektu, v pripade potreby rad doimplementuji -->
				</dialog>
			</dejstvi>
			<dejstvi typ="druhe">
				<dialog>
					<promluva mluvci="lear1">
						Hear, Nature, hear! Dear goddess, hear! Suspend thy purpose, if thou dist intend to make this creature fruitful! Into her womb convey sterility! Dry up in her the organs of increase;</promluva>
					<promluva mluvci="lear6">Tis the infirmity of his age: yet he hath ever but slenderly known himself.</promluva>
					<promluva mluvci="lear1">Ingratitude, thou marble-hearted fiend, 
More hideous, when thou show'st thee in a child 
Than the sea-monster!</promluva>
					<promluva mluvci="lear3">Why dost thou use me thus? I know thee not.</promluva>
					<promluva mluvci="lear5">Fellow, I know thee. </promluva>
					<promluva mluvci="lear3">What dost thou know me for? </promluva>
					<promluva mluvci="lear5"> A knave; a rascal; an eater of broken meats; a base, proud, shallow, beggarly, three-suited, hundred-pound, filthy, worsted-stocking knave; a lily-livered, action-taking whoreson, glass-gazing, superserviceable, finical rogue; one-trunk-inheriting slave; one that wouldst be a bawd, in way of good service, and art nothing but the composition of a knave, beggar, coward, pander, and the son and heir of a mongrel bitch: one whom I will beat into clamorous whining, if thou deniest the least syllable of thy addition.</promluva>
				</dialog>
			</dejstvi>
			<dejstvi typ="treti">
				<dialog>
					<promluva mluvci="lear1">Let me alone.</promluva>
					<promluva mluvci="lear5">Good my lord, enter here.</promluva>
					<poznamka>Lear se otáčí a odchází k oknu.</poznamka>
					<promluva mluvci="lear1">Wilt break my heart?</promluva>
					<promluva mluvci="lear5">I had rather break mine own. Good my lord, enter.</promluva>
					<poznamka>Kent tasí meč.</poznamka>
				</dialog>
			</dejstvi>
		</hra>
	</hry>
<!-- seznam vsech hercu, kteri hraji v divadle, eviduje se pohlavi, id a volitelne i fotka -->
	<herci>
		<herec pohlavi="zena" idHerce="h1">Novotná Naděžda</herec>
		<herec pohlavi="muz" idHerce="h2">Šedivý Luboš</herec>
		<herec pohlavi="muz" idHerce="h3" foto="renner.jpg">Renner Richard</herec><!-- volitelne zadana url fotky -->
		<herec pohlavi="muz" idHerce="h4">Kriško Miroslav</herec>
		<herec pohlavi="zena" idHerce="h5">Trnková Kateřina</herec>
		<herec pohlavi="zena" idHerce="h6">Krišková Zdeňka</herec>
		<herec pohlavi="muz" idHerce="h7">Kosina Petr</herec>
		<herec pohlavi="muz" idHerce="h8">Chrbolka Václav</herec>
		<herec pohlavi="muz" idHerce="h9">Hajduch Václav</herec>
		<herec pohlavi="muz" idHerce="h10">Frýbert Petr</herec>
		<herec pohlavi="zena" idHerce="h11" foto="charvatova2.jpg">Charvátová Eva</herec>
		<herec pohlavi="zena" idHerce="h12">Čapková Dana</herec>
		<herec pohlavi="zena" idHerce="h13">Brücklerová Barbora</herec>
	</herci>
	<script><!-- sekce s CDATA, stejne jako s instrukcemi pro zpracovani jsem zatim nenalezl smysluplne pouziti... -->
	<![CDATA[
	function isOutdated(date)
	{
	today = new Date();
	difference = today - date;
	if (difference > 30) then
	  {
	  return 1;
	  }
	else
	  {
	  return 0;
	  }
	}
	]]>
	</script>
</divadlo>
