<?xml version="1.0" encoding="UTF-8"?>
<hearthstone xmlns:xsi="http://www.w3.org/2001/XMLSchema-instance" xsi:noNamespaceSchemaLocation="data.xsd">
	<heroes>
		<hero id="h1">
			<name>Jaina Proudmoore</name>
			<ability>
				<name>Fireblast</name>
				<description>Deal 1 damage.</description>
			</ability>
		</hero>
		<hero id="h2">
			<name>Uther Lightbringer</name>
			<ability>
				<name>Reinforce</name>
				<description><mref mech-id="m6">Summon</mref> a 1/1 Silver Hand Recruit.</description>
			</ability>
		</hero>
		<hero id="h3">
			<name>Malfurion Stormrage</name>
			<ability>
				<name>Shapeshift</name>
				<description>+1 Attack this turn. +1 Armor.</description>
			</ability>
		</hero>
		<hero id="h4">
			<name>Rexxar</name>
			<ability>
				<name>Steady Shot</name>
				<description>Deal 2 damage to the enemy hero.</description>
			</ability>
		</hero>
		<hero id="h5">
			<name>Anduin Wrynn</name>
			<ability>
				<name>Lesser Heal</name>
				<description>Restore 2 Health.</description>
			</ability>
		</hero>
		<hero id="h6">
			<name>Valeera Sanguinar</name>
			<ability>
				<name>Dagger Mastery</name>
				<description>Equip a 1/2 Dagger.</description>
			</ability>
		</hero>
		<hero id="h7">
			<name>Thrall</name>
			<ability>
				<name>Totemic Call</name>
				<description>Summon a random Totem.</description>
			</ability>
		</hero>
		<hero id="h8">
			<name>Gul'dan</name>
			<ability>
				<name>Life Tap</name>
				<description>Draw a card and take 2 damage.</description>
			</ability>
		</hero>
		<hero id="h9">
			<name>Garrosh Hellscream</name>
			<ability>
				<name>Armor Up!</name>
				<description>Gain 2 Armor.</description>
			</ability>
		</hero>
	</heroes>
	<cards>
		<spell id="c1" quality="epic">
			<name>Pyroblast</name>
			<class id="h1"/>
			<cost>10</cost>
			<description>Deal 10 damage.</description>
		</spell>
		<weapon id="c2" quality="basic">
			<name>Truesilver Champion</name>
			<class id="h2"/>
			<cost>4</cost>
			<description>Whenever your hero attacks, restore 2 Health to it.</description>
			<attack>4</attack>
			<durability>2</durability>			
		</weapon>
		<minion id="c3" quality="basic">
			<name>Ironbark Protector</name>
			<class id="h3"/>
			<cost>8</cost>
			<description><mref mech-id="m4">Taunt</mref></description>
			<attack>8</attack>
			<health>8</health>			
		</minion>
		<spell id="c4" quality="common">
			<name>Unleash the Hounds</name>
			<class id="h4"/>
			<cost>2</cost>
			<description>For each enemy minion, summon a 1/1 Hound with <mref mech-id="m2">Charge</mref>.</description>
		</spell>
		<minion id="c5" quality="epic">
			<name>Cabal Shadow Priest</name>
			<class id="h5"/>
			<cost>6</cost>
			<description><mref mech-id="m3">Battlecry</mref>: Take control of an enemy minion that has 2 or less Attack.</description>
			<attack>4</attack>
			<health>5</health>			
		</minion>
		<spell id="c6" quality="rare">
			<name>Blade Flurry</name>
			<class id="h6"/>
			<cost>2</cost>
			<description>Destroy your weapon and deal its damage to all enemies.</description>
		</spell>
		<minion id="c7" quality="basic">
			<name>Fire Elemental</name>
			<class id="h7"/>
			<cost>6</cost>
			<description><mref mech-id="m3">Battlecry</mref>: Deal 3 damage.</description>
			<attack>6</attack>
			<health>5</health>			
		</minion>
		<spell id="c8" quality="rare">
			<name>Shadowflame</name>
			<class id="h8"/>
			<cost>4</cost>
			<description>Destroy a friendly minion and deal its Attack damage to all enemy minions.</description>
		</spell>
		<minion id="c9" quality="legendary">
			<name>Grommash Hellscream</name>
			<class id="h9"/>
			<cost>8</cost>
			<description><mref mech-id="m2">Charge</mref>.  <mref mech-id="m4">Enrage</mref>: +6 Attack</description>
			<attack>4</attack>
			<health>9</health>			
		</minion>
		<minion id="c10" quality="common">
			<name>Spellbreaker</name>
			<cost>4</cost>
			<description><mref mech-id="m3">Battlecry</mref>: <mref mech-id="m1">Silence</mref> a minion.</description>
			<attack>4</attack>
			<health>3</health>			
		</minion>
		<minion id="c11" quality="epic" type="Murloc">
			<name>Murloc Warleader</name>
			<cost>3</cost>
			<description>ALL other Murlocs have +2/+1.</description>
			<attack>3</attack>
			<health>3</health>			
		</minion>
		<minion id="c12" quality="basic" type="Beast">
			<name>Bloodfen Raptor</name>
			<cost>2</cost>
			<description/>
			<attack>3</attack>
			<health>2</health>			
		</minion>
	</cards>
	<mechanics>
		<mechanic id="m1">
			<name>Silence</name>
			<description>Removes all card text and enchantments.</description>
		</mechanic>
		<mechanic id="m2">
			<name>Charge</name>
			<description>Can attack immediately.</description>
		</mechanic>
		<mechanic id="m3">
			<name>Battlecry</name>
			<description>Does something when you play it from your hand.</description>
		</mechanic>
		<mechanic id="m4">
			<name>Enrage</name>
			<description>While damaged, this minion has a new power.</description>
		</mechanic>
		<mechanic id="m5">
			<name>Taunt</name>
			<description>Enemies must attack this minion.</description>
		</mechanic>
		<mechanic id="m6">
			<name>Summon</name>
			<description>Places another minion on the battlefield.</description>
		</mechanic>		
	</mechanics>
</hearthstone>
