<?xml version="1.0" encoding="UTF-8"?>

<employees>
	<employee id="e01">
		<name>Dvorak</name>
		<salary>25000</salary>
		<subordinates>
			<employee id="e04">
				<name>Jakl</name>
				<salary>14000</salary>
				<subordinates/>
			</employee>
			<employee id="e05">
				<name>Brukner</name>
				<salary>13000</salary>
				<subordinates/>
			</employee>
		</subordinates>
	</employee>
	<employee id="e02">
		<name>Vokal</name>
		<salary>24000</salary>
		<subordinates>
			<employee id="e06">
				<name>Nemcova</name>
				<salary>15000</salary>
				<subordinates/>
			</employee>
		</subordinates>
	</employee>
	<employee id="e03">
		<name>Jech</name>
		<salary>20000</salary>
		<subordinates/>
	</employee>
</employees>	