<?xml version="1.0" encoding="UTF-8"?>
<!DOCTYPE kniznica>
<kniznica>
	<autor>
		<meno>
		Ted Mosby
		</meno>	
		<kniha cislo="k122">
			<nazov>Programovani v C++</nazov>
			<originalny_nazov>Programing in C++</originalny_nazov>
			<stav>ok</stav>
		</kniha>
		</autor>
	<autor>
		<meno>
		Sheldon Cooper
		</meno>	
		<kniha cislo="k82">
			<nazov>Programovani v Php</nazov>
			<originalny_nazov>Programing in Php</originalny_nazov>
			<stav>ok</stav>
		</kniha>
		<kniha cislo="k8202">
			<nazov>Webove technologie</nazov>
			<originalny_nazov>Web Technologies</originalny_nazov>
			<stav>ok</stav>
		</kniha>
		<kniha cislo="k122">
			<nazov>Programovani v C++</nazov>
			<originalny_nazov>Programing in C++</originalny_nazov>
			<stav>ok</stav>
		</kniha>
	</autor>
	
</kniznica> 