<?xml version="1.0" encoding="UTF-8"?>

<!-- 
	Zajemci o praci
-->

<zajemci-o-praci>
    <zajemce jmeno="Aleš" prijmeni="Novák" titul="">
        <o-praci id="prace2"/>
        <kontakt>
            <email>novak.ales@gmail.com</email>
            <telefon>+420 775 023 531</telefon>    
        </kontakt>
        <text-zpravy>Dobrý den, mám zájem o Vaši nabídku práce na pozici <pozice>PHP programátor</pozice></text-zpravy>
    </zajemce>
    <zajemce jmeno="Miroslav" prijmeni="Tulák" titul="Bc.">
        <o-praci id="prace1"/>
        <kontakt>
            <email>tulak.m@gmail.com</email>
            <telefon>+420 777 022 931</telefon>    
        </kontakt>
        <text-zpravy/>
    </zajemce><zajemce jmeno="Marek" prijmeni="Boulala" titul="Ing.">
        <o-praci id="prace3"/>
        <kontakt>
            <email>boulala@centrum.cz</email>
            <telefon>+420 603 129 854</telefon>    
        </kontakt>
        <text-zpravy>Vaše nabídka zní velmi lákavě, mám o ni velký zájem.</text-zpravy>
    </zajemce>
</zajemci-o-praci>  