<?xml version="1.0" encoding="utf-8" standalone="no"?><?xml-stylesheet type="text/xsl" href="data.xsl"?>
<cinemas xmlns:xsi="http://www.w3.org/2001/XMLSchema-instance" xsi:noNamespaceSchemaLocation="data.xsd">

<booking byPhone="yes"/>
<payment type="cash"/>
  
    <cinema id="c1" kod="ABC">
        <name>Slovanskýdům</name>
        <address>
            <house-number>22</house-number>
            <street>Na Příkopě</street>
            <urban-area> Praha 1</urban-area>
        </address>
        <telephone>840 200 240</telephone>
        <film-list>
            <film name="Ghost Rider 2" ref="c1">
                <screen>3</screen>
                <rating>10</rating>
                <lang>EN</lang>
                
            </film>
            <film name="Ďábel v těle" ref="c1">
                <screen>8</screen>
                <rating>12</rating>
                <lang>Sub</lang>
                
            </film>
            <film name="Železná lady" ref="c1">
                <screen>9</screen>
                <rating>12</rating>
                <lang>Sub</lang>
                
            </film>
            <film name="Žena v černém" ref="c1">
                <screen>10</screen>
                <rating>15</rating>
                <lang>Sub</lang>
                
            </film>
            <film name="Tohle je válka" ref="c1">
                <screen>8</screen>
                <rating>12</rating>
                <lang>Sub</lang>
                
            </film>
            <film name="Válečný kůň" ref="c1">
                <screen>2</screen>
                <rating>15</rating>
                <lang>Sub</lang>
                
            </film>
            <film name="Můj týden s Marilyn" ref="c1">
                <screen>5</screen>
                <rating>15</rating>
                <lang>Sub</lang>
                
            </film>
            <film name="G-Force" ref="c1">
                <screen>9</screen>
                <rating>2</rating>
                <lang>Dub</lang>
                
            </film>
            <film name="G-FORCE 3D" ref="c1">
                <screen>1</screen>
                <rating>3</rating>
                <lang>DD</lang>
                
            </film>
            <film name="Ghosts of Girlfriends Past" ref="c1">
                <screen>6</screen>
                <rating>5</rating>
                <lang>Sub</lang>
                
            </film>
            <film name="Inglourious Basterds" ref="c1">
                <screen>4</screen>
                <rating>15</rating>
                <lang>Sub</lang>
                
            </film>
            <film name="Titanik 3D" ref="c1">
                <screen>9</screen>
                <rating>15</rating>
                <lang>CZ</lang>
                
            </film>
        </film-list>
    <city/></cinema>
    <cinema id="c2" kod="CDE">
        <name>Nový Smíchov</name>
        <address>
            <house-number>8</house-number>
            <street>Plzeňská</street>
            <urban-area>Praha 5</urban-area>
         
        </address>
        <telephone>840 200 240</telephone>
        <film-list>
            <film name="Julie &amp; Julia" ref="c2">
                <screen>10</screen>
                <rating>5</rating>
                <lang>CZ</lang>
                
            </film>
            <film name="Ulovit miliardáře" ref="c2">
                <screen>1</screen>
                <screen>8</screen>
                <rating>4</rating>
                <lang>CZ</lang>
                
            </film>
            <film name="A Film With Me In It" ref="c2">
                <screen>9</screen>
                <rating>12</rating>
                <lang>Sub</lang>
                
            </film>
            <film name="District9" ref="c2">
                <screen>2</screen>
                <rating>15</rating>
                <lang>Sub</lang>
                
            </film>
            <film name="Gamer" ref="c2">
                <screen>6</screen>
                <rating>15</rating>
                <lang>Sub</lang>
                
            </film>
            <film name="G-Force" ref="c2">
                <screen>6</screen>
                <rating>4</rating>
                <lang>Dub</lang>
                
            </film>
        </film-list>
    <city/></cinema>
    <cinema id="c3" kod="ABD">
        <name>Park Hostivař</name>
        <address>
            <house-number>32</house-number>
            <street>Švehlova</street>
            <urban-area> Praha 10</urban-area>
      
        </address>
        <telephone>840 200 240</telephone>
        <film-list>
            <film name="Ulovit miliardáře" ref="c1">
                <screen>2</screen>
                <rating>4</rating>
                <lang>CZ</lang>
                
            </film>
            <film name="District 9" ref="c3">
                <screen>3</screen>
                <rating>15</rating>
                <lang>Sub</lang>
                
            </film>
            <film name="Gamer" ref="c3">
                <screen>4</screen>
                <rating>15</rating>
                <lang>Sub</lang>
                
            </film>
            <film name="G-Force" ref="c3">
                <screen>4</screen>
                <rating>4</rating>
                <lang>Dub</lang>
                
            </film>
            <film name="Ghosts of Girlfriends Past" ref="c3">
                <screen>7</screen>
                <rating>3</rating>
                <lang>Dub</lang>
                
            </film>
            <film name="Harry Potter and the Half-Blood Prince" ref="c3">
                <screen>6</screen>
                <rating>10</rating>
                <lang>Dub</lang>
                
            </film>
            <film name="Ice Age: Dawn of the Dinosaurs" ref="c3">
                <screen>5</screen>
                <rating>15</rating>
                <lang>CZ</lang>
                
            </film>
        </film-list>
    <city/></cinema>
    <cinema id="c4" kod="DAB">
        <name>Letňany</name>
        <address>
            <house-number>663</house-number>
            <street>Veselská</street>
            <urban-area>Praha 9</urban-area>
          
        </address>
        <telephone>840 200 240</telephone>
        <film-list>
            <film name="Ulovit miliardáře" ref="c4">
                <screen>8</screen>
                <rating>10</rating>
                <lang>CZ</lang>
                
            </film>
            <film name="District 9" ref="c4">
                <screen>5</screen>
                <rating>15</rating>
                <lang>Sub</lang>
                
            </film>
            <film name="Gamer" ref="c4">
                <screen>4</screen>
                <rating>15</rating>
                <lang>Sub</lang>
                
            </film>
            <film name="G-Force" ref="c4">
                <screen>3</screen>
                <rating>10</rating>
                <lang>Dub</lang>
                
            </film>
            <film name="Night of Living Dead 3D" ref="c4">
                <screen>6</screen>
                <rating>12</rating>
                <lang>DS</lang>
                
            </film>
        </film-list>
    <city/></cinema>
    
    <cinemaC country="Czech Republic">true</cinemaC> 
</cinemas>