<?xml version="1.0" encoding="UTF-8"?>
<!DOCTYPE pneumatiky SYSTEM "data.dtd">
<pneumatiky>
	<vyrobce nazev="Aurora">
		<letni kategorie="off-road">
			<pneumatika id="p1" sirka="305" profil="45" rozmer="R22">
				<nazev>305/45 VR22 TL      AURORA RH08 XL</nazev>
				<dezen>RH08XL</dezen>
				<cena>5273</cena>
			</pneumatika>
			<pneumatika id="p2" sirka="255" profil="55" rozmer="R18">
				<nazev>255/55 VR18 TL      AURORA RH08 XL</nazev>
				<dezen>RH08XL</dezen>
				<cena>2594</cena>
			</pneumatika>
			<pneumatika id="p3" sirka="285" profil="35" rozmer="R22">
				<nazev>285/35 VR22 TL      AURORA RH08 XL</nazev>
				<dezen>RH08XL</dezen>
				<cena>6479</cena>
			</pneumatika>
		</letni>
	</vyrobce>
	<vyrobce nazev="Barum">
		<letni kategorie="osobni">
			<pneumatika id="p4" sirka="215" profil="55" rozmer="R16">
				<nazev>215/55ZR16 97W Barum Bravuris 2</nazev>	
				<dezen>Bravuris 2</dezen>
				<cena>3006</cena>
			</pneumatika>
			<pneumatika id="p5" sirka="255" profil="40" rozmer="R19" rychlostni_index="Y">
				<nazev>255/40ZR19 100Y XL Barum Bravuris 2</nazev>
				<dezen>Bravuris 2</dezen>
				<cena>5570</cena>
				<nosnost>100</nosnost>
				<zeme_puvodu>D</zeme_puvodu>
				<skladem>4</skladem>
			</pneumatika>
		</letni>
		<zimni kategorie="osobni">
			<pneumatika id="p6" sirka="165" profil="70" rozmer="R15" rychlostni_index="T">
				<nazev>165/70 R15 83T Barum Pol2</nazev>
				<dezen>Polaris 2</dezen>
				<cena>990</cena>
				<nosnost>83</nosnost>
			</pneumatika>
		</zimni>
	</vyrobce>
	<vyrobce nazev="Bridgestone">
		<letni kategorie="uzitkove">
			<pneumatika id="p7" sirka="215" profil="65" rozmer="R16">
				<nazev>215/65  R16 TL      BR RD410 E</nazev>
				<dezen>RD410</dezen>
				<cena>2497</cena>
				<nosnost>106</nosnost>
			</pneumatika>
		</letni>
		<zimni kategorie="osobni">
			<pneumatika id="p8" sirka="225" profil="50" rozmer="R17" rychlostni_index="H">
				<nazev>225/50 HR17 TL      BR LM-22 RUNFLAT</nazev>
				<dezen>LM-22</dezen>
				<cena>5078</cena>
				<nosnost>94</nosnost>
				<zeme_puvodu>D</zeme_puvodu>
				<skladem>20</skladem>
				<runflat/>
			</pneumatika>
		</zimni>
	</vyrobce>
	<vyrobce nazev="Continental">
		<letni kategorie="osobni">
			<pneumatika id="p9" sirka="205" profil="55" rozmer="R16">
				<nazev>205/55 WR16 TL 91W  CO CSC 2 MO E</nazev>
				<dezen>CSC2MOE</dezen>
				<cena>2400</cena>
			</pneumatika>
			<pneumatika id="p10" sirka="165" profil="70" rozmer="R14">
				<nazev>165/70 TR14 TL 81T  CO ECO CONTACT 3 EU</nazev>
				<dezen>ECO3EU</dezen>
				<cena>1322</cena>
			</pneumatika>
			<pneumatika id="p11" sirka="215" profil="55" rozmer="R16">
				<nazev>215/55 HR16 TL 93H  CO PROCONTACT</nazev>
				<dezen>PROCON</dezen>
				<cena>2735</cena>
			</pneumatika>
			<pneumatika id="p12" sirka="215" profil="55" rozmer="R16">
				<nazev>215/55 HR16 TL 93H  CO PREMIUM CONT 2</nazev>
				<dezen>PRECON2</dezen>
				<cena>3396</cena>
			</pneumatika>
			<pneumatika id="p13" sirka="225" profil="60" rozmer="R16">
				<nazev>225/60 VR16 TL 98V  CO PREMIUM CONT 2</nazev>
				<dezen>PRECON2</dezen>
				<cena>3398</cena>
			</pneumatika>
			<pneumatika id="p14" sirka="215" profil="45" rozmer="R17">
				<nazev>215/45 WR17 TL 87W  CO CSC EU</nazev>
				<dezen>CSCEU</dezen>
				<cena>3043</cena>
			</pneumatika>
			<pneumatika id="p15" sirka="165" profil="70" rozmer="R14">
				<nazev>165/70 SR14 TL 85S  CO ECO EP EU RFD</nazev>
				<dezen>ECOEPREU</dezen>
				<cena>1472</cena>
			</pneumatika>
			<pneumatika id="p16" sirka="215" profil="55" rozmer="R16">
				<doporuceni id_ref="p4" />
			</pneumatika>
			<pneumatika id="p17" sirka="255" profil="40" rozmer="R19" rychlostni_index="Y">
				<doporuceni id_ref="p5" />
				<poznamka>Pokud vlastnite off-road, doporucujeme 
							<doporuceni id_ref="p2">pneu Aurora</doporuceni>. &doporuceni;
					<![CDATA[ alert("test"); ]]>
					<?php echo("Produkt ukoncen dne ". getProductDeceaseDate("p17")); ?>
				</poznamka>
			</pneumatika>
			<pneumatika id="p18" sirka="165" profil="70" rozmer="R14" rychlostni_index="T">
				<nazev>165/70 TR14 TL 81T  CO ECO CONTACT 3 EU</nazev>
				<dezen>ECO3EU</dezen>
				<cena>1220</cena>
			</pneumatika>
		</letni>
	</vyrobce>
</pneumatiky>
