<?xml version="1.0" encoding="UTF-8"?>
<!DOCTYPE katalog-vin SYSTEM "data.dtd"
[
    <!ENTITY CR "Česká republika">
]
>
<katalog-vin>
    <!--<![CDATA[
    author     : Tomas Mano <tomasmano@gmail.com>
    date       : Feb 25, 2013 10:33:02 PM
    subject    : A7B36XML Ukol 01 - Katalog Vin
    ]]>-->
    <!-- Vina -->
    <vina>
        <vino kod-vina="_chard_habanske_2011">
            <!-- ref na vinarstvi -->
            <vinarstvi-ref id-vinarstvi-ref="_habanske_sklepy"/>
            <puvod>
                <stat>
                    &CR;
                <![CDATA[Česká republika]]>
                <?PITarget PIContent?>
                </stat>
                <oblast>Morava</oblast>
            </puvod>
            <sklizen>
                <rok>2011</rok>
                <mesic>zari</mesic>
            </sklizen>
            <hrozny>
                <plod>reva vinna</plod>
                <barva jmeno-barvy="bila"/>
                <odruda>
                    <synonymum>Pinot Chardonnay</synonymum>
                    <synonymum>Morillon</synonymum>
                    <puvod-odrudy>Pinot noir</puvod-odrudy>
                    <puvod-odrudy>Heunisch</puvod-odrudy>
                    <oblast-pestovani>
                        <stat-pestovani>Francie</stat-pestovani>
                        <region>Burgundsko</region>
                        <region>Champagne</region>
                    </oblast-pestovani>
                    <oblast-pestovani>
                        <stat-pestovani>Italie</stat-pestovani>
                    </oblast-pestovani>
                    <zapis>1989</zapis>
                </odruda>
            </hrozny>
            <trieda jmeno-tridy="privlastkove">
                <stupne-cukernatosti>18</stupne-cukernatosti>
                <privlastok jmeno-privlastku="pozdni-sber"/>
            </trieda>
            <zbytkovy-cukr>
                <klasifikace jmeno-klasifikace="suche"/>
                <g-na-litr>4</g-na-litr>
            </zbytkovy-cukr>
            <alkohol>12.5</alkohol>
            <odporucena-teplota-podavani od="9" do="11"/>
            <siricitany obsahuje="ano"/>
            <popis>Je pro neho charakteristická vůně s tóny oříšků a citrusových plodů. Chuť je plná a jemně kořenitá. Výborně doplní plody moře, uzenou rybu, maso na rožni nebo steaky. Výtečné je k měkkým sýrům.</popis>
        </vino>
    </vina>
    <!-- Vinarstva -->
    <vinarstva>
        <vinarstvi id-vinarstvi="_habanske_sklepy">
            <jmeno>habanske sklepy</jmeno>
            <rok-zalozeni>1664</rok-zalozeni>
        </vinarstvi>
    </vinarstva>
</katalog-vin>