<?xml version="1.0" encoding="UTF-8"?>
<!-- kořenový element -->
<Autopujcovna xmlns:xsi="http://www.w3.org/2001/XMLSchema-instance" xsi:noNamespaceSchemaLocation="data.xsd">
	<Pobocka pid="p12">
		<Vedouci>Jakub Krutina</Vedouci>
		<Adresa>
			<Ulice>Vlaska</Ulice>
			<Mesto>Praha</Mesto>
			<PSC>155 00</PSC>
		</Adresa>
		<Auta aid="b5">
			<SPZ>A3 XLL</SPZ>
			<Vyrobce>Opel</Vyrobce>
			<Typ>Astra</Typ>
			<Skupina>
				<B>do 3,5t</B>
			</Skupina>
			<Barva>Cervena</Barva>
			<Stav_km>18000</Stav_km>
			<Vybava class="classic">
				<Autoradio>Bluepunkt</Autoradio>
				<Kola>NFSU</Kola>
				<Motor>
					<Palivo>Benzin</Palivo>
					<Objem>2.0</Objem>
				</Motor>
			</Vybava>
		</Auta>
		<Auta aid="b2">
			<SPZ>A3 XLL</SPZ>
			<Vyrobce>Opel</Vyrobce>
			<Typ>Astra</Typ>
			<Skupina>
				<B>do 3,5t</B>
			</Skupina>
			<Barva>Cervena</Barva>
			<Stav_km>18000</Stav_km>
			<Vybava class="ultra">
				<Autoradio>Bluepunkt</Autoradio>
				<Kola>NFSU</Kola>
				<Klimatizace>Tropico</Klimatizace>
				<Motor>
					<Palivo>Benzin</Palivo>
					<Objem>2.0</Objem>
				</Motor>
			</Vybava>
		</Auta>
		<Auta aid="b8">
			<SPZ>A7 XML</SPZ>
			<Vyrobce>Ford</Vyrobce>
			<Typ>Focus</Typ>
			<Skupina>
				<B>do 3,5t</B>
			</Skupina>
			<Barva>Modra</Barva>
			<Stav_km>288000</Stav_km>
			<Vybava class="elegance">
				<Kola>OZ</Kola>
				<Motor>
					<Palivo>Nafta</Palivo>
					<Objem>1.6</Objem>
				</Motor>
			</Vybava>
		</Auta>
	</Pobocka>
	<Zakaznik zid="a7">
		<Jmeno>Jan</Jmeno>
		<Prijmeni>Kopriva</Prijmeni>
		<Kontakt>
			<Tel>65654654654</Tel>
			<Adresa>
				<Ulice>Ludova</Ulice>
				<Mesto>Kladno</Mesto>
				<PSC>322 85</PSC>
			</Adresa>
		</Kontakt>
	</Zakaznik>
	<Zakaznik zid="a8">
		<Jmeno>Jana</Jmeno>
		<Prijmeni>Kova</Prijmeni>
		<Kontakt>
			<Tel>65654654654</Tel>
			<Adresa>
				<Ulice>Ludova</Ulice>
				<Mesto>Kladno</Mesto>
				<PSC>322 85</PSC>
			</Adresa>
		</Kontakt>
	</Zakaznik>
	<Vypujcka vid="v15">
		<Od>2010-03-15</Od>
		<Do>
			2010-03-19
		</Do>
		<Pujcil Pozice="Prodejce">Lolek</Pujcil>
		<Cena_km>30</Cena_km>
		<Cena_den>20</Cena_den>
		<Sleva>20</Sleva>
		
	</Vypujcka>
	<Vypujcka vid="v16">
		<Od>2001-02-13</Od>
		<Do>
			2001-03-01
		</Do>
		<Pujcil>Bolek</Pujcil>
		<Cena_km>30</Cena_km>
		<Cena_den>20</Cena_den>
		<Sleva>20</Sleva>

	</Vypujcka>
</Autopujcovna>
