<?xml version="1.0" encoding="UTF-8"?>

<!-- Database of packages that a client may download and install. -->

<packages>

<!-- list of packagers -->

<!-- package that is always present - for purposes of generation -->
<packager id="packager0" name="computer" email="computer@mail.com"/>

<packager id="packager1" name="jirka" email="jirka@mail.com"/>

<packager id="packager2" name="honza" email="honza@mail.com"/>

<packager id="packager3" name="jana" email="jana@mail.com"/>

<!-- list of packages -->

<package id="pkg1" name="glibc" packager="packager1">

  <version primary="4" secondary="3"/>
  
  <description>
  	Library for C programs. <web_reference url="http://glibc.org/doc">Link to library documentation.</web_reference> Hello.
  </description>
  
  <date day="12" month="3" year="2012"/>
  
  <author>GNU</author>
  
  <webpage>http://glibc.org</webpage>
  
  <files>
    <file name="libc.so" directory="/lib">
      <description>Shared library file.</description>
    </file>
    
    <file name="libc.a" directory="/lib">
      <description>Static library file.</description>
    </file>
    
    <file name="readme" directory="/var/doc/glibc/">
      <description>Documentation.</description>
      <content>
      	Generated documentation.
      </content>
    </file>
  </files>
  
</package>


<package id="pkg2" name="sdl" packager="packager2">

  <version primary="2" secondary="3"/>
  
  <description>Game library.<web_reference url="http://sdl.org/doc">Link to library documentation.</web_reference></description>
  
  <date day="12" month="4" year="2012"/>
  
  <author>Sam Lantinga</author>
  
  <webpage>http://sdl.org</webpage>
  
  <files>
    <file name="libsdl.so" directory="/lib">
      <description>Shared library file.</description>
    </file>
  </files>
  
  <dependencies>
    <pkg_ref idref="pkg1" />
  </dependencies>
  
</package>


<package id="pkg8" name="vim" packager="packager3">

  <version primary="6" secondary="4"/>
  
  <description>Text editor.</description>
  
  <date day="13" month="8" year="2012"/>
  
  <webpage>http://vim.org</webpage>
  
  <files>
    <file name="vim" directory="/bin"/>
  </files>
  
  <dependencies>
    <pkg_ref idref="pkg1" />
  </dependencies>
  
</package>


<package id="pkg6" name="vim" packager="packager3">

  <version primary="5" secondary="6"/>
  
  <description>Text editor.</description>
  
  <date day="13" month="8" year="2012"/>
  
  <webpage>http://vim.org</webpage>
  
  <files>
    <file name="vim" directory="/bin"/>
  </files>
  
  <dependencies>
    <pkg_ref idref="pkg1" />
  </dependencies>
  
</package>

<package id="pkg3" name="vim" packager="packager3">

  <version primary="5" secondary="1"/>
  
  <description>Text editor.</description>
  
  <date day="13" month="8" year="2011"/>
  
  <webpage>http://vim.org</webpage>
  
  <files>
    <file name="vim" directory="/bin"/>
  </files>
  
  <dependencies>
    <pkg_ref idref="pkg1" />
  </dependencies>
  
</package>

<package id="pkg4" name="emacs" packager="packager4">

  <version primary="1" secondary="4"/>
  
  <description>Text editor.</description>
  
  <date day="13" month="5" year="2012"/>
  
  <author>GNU</author>
  
  <webpage>http://emacs.org</webpage>
  
  <files>
    <file name="emacs" directory="/bin"/>
    <file name="emacs-settings" directory="/etc/">
	    <description>Default settings file for the emacs.
	    	<web_reference url="http://emacs.org/doc/settings-file">See documentaion of the format of this file.</web_reference>
	    </description>
	    <content>
<![CDATA[
<?xml version="1.0" encoding="UTF-8"?>
<setttings>
<bkg_color>blue</bkg_color>
</settings>
]]>
	    </content>
    </file>
  </files>
  
  <dependencies>
    <pkg_ref idref="pkg1" />
  </dependencies>
  
</package>


<!-- Composite package -->

<package id="pkg5" name="text editors" packager="packager5">

  <version primary="5" secondary="4"/>
  
  <description>All text editors</description>
  
  <date day="13" month="5" year="2012"/>
  
  <pkg_list>
    <pkg_ref idref="pkg3"/>
    <pkg_ref idref="pkg4"/>
  </pkg_list>
</package>



<packager id="packager4" name="pepa" email="pepa@mail.com"/>

<packager id="packager5" name="lucka" email="lucka@mail.com"/>

</packages>
