<?xml version="1.0" encoding="UTF-8"?>
<!DOCTYPE cestovni-kancelar SYSTEM "cestovni-kancelar.dtd">
<cestovni-kancelar>
	<zajezdy>
		<zajezd id_zajezd="zajezd_1" druh_zajezdu="pobytovy">
			<nazev></nazev>
			<zeme></zeme>
			<lokalita></lokalita>
			<ubytovani></ubytovani>			
			<popis><![CDATA[
			for (i=0; i < 10; ů++)
			{
			document.writeln("<p>Ahoj</p>");
			}
			]]></popis>
			<terminy>
				<termin id_termin="termin_1_1">
					<od></od>
					<do></do>
					<pocet-dni></pocet-dni>
					<strava></strava>
					<doprava></doprava>
					<odjezd></odjezd>
					<cena-za-osobu></cena-za-osobu>
					<cena-zahrnuje></cena-zahrnuje>
					<cena-nezahrnuje></cena-nezahrnuje>
					<dostupnost></dostupnost>
				</termin>
			</terminy>
		</zajezd>
	</zajezdy>
	
	<seznam-klientu>
		<klient id_klient="klient_1">
			<jmeno></jmeno>
			<prijmeni></prijmeni>
			<adresa>
				<ulice></ulice>
				<mesto></mesto>
				<PSC></PSC>
			</adresa>
			<telefon></telefon>
			<email></email>
		</klient>
	</seznam-klientu>
	
	<seznam-rezervaci>
		<rezervace id_rezervace="rezervace_1" id_klient="klient_1" id_zajezd="zajezd_1"  id_termin="termin_1_1">
			<pocet-osob></pocet-osob>
			<cena-celkem><?php echo Date("d.m.Y")?></cena-celkem>
			<platba zpusob_platby="hotove"/>
			<poznamka></poznamka>
		</rezervace>
	</seznam-rezervaci>
</cestovni-kancelar>