<?xml version="1.0" encoding="UTF-8"?>
	
<!DOCTYPE root-element SYSTEM "data.dtd">
	
<root-element>
<head>Concerts</head>
<date><?php echo Date("d.m.Y")?></date>
<line/>
<body>
<concert id="id_2" name="MusicNight">
	<description>&company; presents...</description>
	<band>
		<name>Nirvana</name>
		<country>USA</country>
		<manager>Goldberg</manager>
	</band>
	<band>
		<name>Led Zeppelin</name>
		<country>Great Britain</country>
	</band>
	<club id="id_1" pivo="Svijany">Vagon
		<address>
			<street>Narodni</street>
			<number>37</number>
			<city>Praha</city>
		</address>
	</club>
</concert>
</body>
<line/>
<body>
<concert id="id_3" name="MusicNight">
	<description>&company; presents...</description>
	<band>
		<name><![CDATA[ 4 < 10 ]]></name>
		<country>Spain</country>
	</band>
	<band>
		<name>Kabat</name>
		<country>Czech Republic</country>
	</band>
	<club id="id_4" pivo="Staropramen">Kain
		<address>
			<street>Konevova</street>
			<number>15</number>
			<city>Praha</city>
		</address>
	</club>
</concert>
</body>
<line/>
<!--obednavky-->
<order concertID="id_2" count="2">
	<name>Franta Novak</name>
	<address>
		<street>ulice</street>
		<number>5</number>
		<city>praha</city>
	</address>
</order>

<order concertID="id_3" count="5">
	<name>Jan Jan</name>
	<address>
		<street>ulice2</street>
		<number>7</number>
		<city>praha</city>
	</address>
</order>

<order concertID="id_3" count="4">
	<name>Pepa Koudelka</name>
	<address>
		<street>ulice3</street>
		<number>8</number>
		<city>praha</city>
	</address>
</order>

</root-element>

