<?xml version="1.0" encoding="UTF-8"?>
<airplanes>
	<airplane id="A6">
		<label>Aš</label>
		<manufacturer>Boeing</manufacturer>
		<model>F-22</model>
		<seats classes="1">1</seats>
		<year>2010</year>
		<flotila>F1</flotila>
	</airplane>
	<airplane id="A7">
		<label>Ústí nad Labem</label>
		<manufacturer>Boeing</manufacturer>
		<model>F-22</model>
		<seats classes="1">1</seats>
		<year>2010</year>
		<flotila>F2</flotila>
	</airplane>
	<airplane id="A1">
		<label>Karlovy Vary</label>
		<manufacturer>Boeing</manufacturer>
		<model>737-800</model>
		<seats classes="1">189</seats>
		<year>1998</year>
		<flotila>F3</flotila>
		<nehody>
			<zaznam>
				<id>N1</id>
				<popis>Náraz</popis>
				<datum>1.1.2009</datum>
				<Cokoliv>Treba SVG nebo XHTML nebo neco jineho</Cokoliv>
			</zaznam>
		</nehody>
	</airplane>
	<airplane id="A3">
		<label>Liberec</label>
		<manufacturer>Airbus</manufacturer>
		<model>A320-200</model>
		<seats classes="1">150</seats>
		<year>2007</year>
		<flotila>F3</flotila>
		<description>
			<para>Short range passanger jet</para>
			<note>
				<para>Left wing is a bit loose</para>
			</note>
			<note>
				Airbus didn't send the replacement engine yet
			</note>
		</description>
	</airplane>
	<airplane id="A4">
		<label>Zlín</label>
		<manufacturer>Airbus</manufacturer>
		<model>A319CJ</model>
		<seats classes="1">39</seats>
		<year>2003</year>
		<flotila>F4</flotila>
		<description>
			<note>
				<para>Don't flush the rear toilet</para>
			</note>
		</description>
	</airplane>
	<airplane id="A2">
		<label>České Budějovice</label>
		<manufacturer>Boeing</manufacturer>
		<model>737-800</model>
		<seats classes="2">162</seats>
		<year>2004</year>
		<flotila>F5</flotila>
	</airplane>
	<airplane id="A5">
		<label>Jičín</label>
		<manufacturer>Airbus</manufacturer>
		<model>A380</model>
		<seats classes="3">525</seats>
		<year>2009</year>
		<flotila>F5</flotila>
		<nehody>
			<zaznam>
				<id>N1</id>
				<popis>Náraz</popis>
				<datum>1.1.2010</datum>
				<Cokoliv>Treba SVG nebo XHTML nebo neco jineho</Cokoliv>
			</zaznam>
			<zaznam>
				<id>N2</id>
				<popis>Srazka</popis>
				<datum>1.1.2010</datum>
				<Cokoliv>Treba SVG nebo XHTML nebo neco jineho</Cokoliv>
			</zaznam>
		</nehody>
	</airplane>
</airplanes>
