<?xml version="1.0" encoding="UTF-8"?>
<flotilas>
	<flotila id="F1">
		<description>7th flotila</description>
	</flotila>
	<flotila id="F2"/>
	<flotila id="F3">
		<description>Main flotila</description>
		<chief-pilot>
			<firstname>John</firstname>
			<lastname>Doe</lastname>
		</chief-pilot>
	</flotila>
	<flotila id="F4">
		<description>Corporate jet flotila</description>
		<chief-pilot>
			<firstname>James</firstname>
			<lastname>Bond</lastname>
		</chief-pilot>
	</flotila>
	<flotila id="F5">
		<description>Backup flotila</description>
	</flotila>
	<flotila id="F9">
		<chief-pilot>
			<firstname>Mr.</firstname>
			<lastname>Bean</lastname>
		</chief-pilot>
		<description>Empty flotila</description>
	</flotila>
</flotilas>