<?xml version="1.0" encoding="UTF-8"?>
<prodej>
	<zakaznik id="1">
		<kolo vyrobce="author" cena="12000">Traction</kolo>
		<kolo vyrobce="merida" cena="35000">Nine t</kolo>
	</zakaznik>	
	<zakaznik id="2">
		<kolo vyrobce="author" cena="60000">Egoist</kolo>
	</zakaznik>
	<zakaznik id="3">
		<kolo vyrobce="author" cena="12000">Traction</kolo>
		<kolo vyrobce="superior" cena="120000">Silnice</kolo>
		<kolo vyrobce="superior" cena="52000">Test</kolo>
	</zakaznik>
	<zakaznik id="4">
		<kolo vyrobce="author" cena="12000" >Traction</kolo>
		<kolo vyrobce="author" cena="24000" >Revolt</kolo>
	</zakaznik>
</prodej>