<?xml version="1.0" encoding="UTF-8"?>
<zakaznici>
	<zakaznik id="1">
		<jmeno>Petr</jmeno>
		<prijmeni>Novak</prijmeni>
		<bydliste>Praha</bydliste>
		<email>novak@novak.cz</email>
	</zakaznik>
	<zakaznik id="2">
		<jmeno>Jana</jmeno>
		<prijmeni>Cechova</prijmeni>
		<bydliste>Zlin</bydliste>
		<email>cechova@cechova.cz</email>
	</zakaznik>
	<zakaznik id="3">
		<jmeno>Vaclav</jmeno>
		<prijmeni>Klas</prijmeni>
		<bydliste>Praha</bydliste>
		<email>klas@klas.cz</email>
	</zakaznik>
	<zakaznik id="4">
		<jmeno>Petr</jmeno>
		<prijmeni>Vasek</prijmeni>
		<bydliste>Ostrava</bydliste>
		<email>vasek@vasek.cz</email>
	</zakaznik>
</zakaznici>