﻿<?xml version="1.0" encoding="utf-8"?>
<!DOCTYPE movieDatabase SYSTEM "data.dtd">
<movieDatabase>

  <actors>
    <actor id="aid_1">
      <name>
        <first>John</first>
        <last>Travolta</last>
      </name>
    </actor>
    <actor id="aid_2">
      <name>
        <last>Jackson</last>
        <first>Samuel L.</first>
      </name>
    </actor>
  </actors>

  <directors>
    <director id="did_1">
      <name>
        <last>Tarantino</last>
        <first>Quentin</first>
      </name>
      <birth>
        <date>27. 3. 1963</date>
        <place>USA</place>
      </birth>
    </director>
  </directors>

  <movies>
    <movie id="mid_1">
      <movieName>Pulp Fiction</movieName>
      <year>1994</year>
      <genre>Crime/Thriller</genre>
      <country>USA</country>
      <length>154</length>
      <actorsList actors="aid_1 aid_2"/>
      <directorsList director="did_1"/>

      <description>
        The <u>best</u> movie from 90. - stories about <i>Vincent Vega</i>, <i>Jules Winnfield</i> and others.
        <![CDATA[
        for (i = 0; i < 10; ++i)
          document.writeln("<b>Pulp Fiction is the best!</b>);
        ]]>
        <?php getDescription("mid_1") ?>
      </description>
      <ranking value="5" />
      
      <reviews>
        <review>
          <comment>
            I <b>really</b> enjoyed this movie!
        </comment>
        </review>
      </reviews>

    </movie>
  </movies>
  
</movieDatabase>