<?xml version="1.0" encoding="UTF-8"?>
<!-- Domácí úkol 2 na NPRG036 -->
<bike-rental>
	<customer id="cust1">
		<address>
			<street>Na břehu 1</street>
			<post-code>123 45</post-code>
			<city>Praha</city>
			<country>Czech Republic</country>
		</address>
		<phone-number>+420123456789</phone-number>
	</customer>
	<customer id="cust2">
		<address>
			<street>Nebeská stovka 95</street>
			<post-code>234 56</post-code>
			<city>Kyjev</city>
			<country>Ukraine</country>
		</address>
		<phone-number>+380123456789</phone-number>
	</customer>
	<customer id="cust3">
		<address>
			<street>Václavské náměstí 63</street>
			<post-code>123 45</post-code>
			<city>Praha</city>
			<country>Czech Republic</country>
		</address>
		<phone-number>+420234567890</phone-number>
	</customer>

	<reservations cust-id="cust1">
		<reservation id="res1" price-class="C" bike-type="offroad">
			<rental-code>123456</rental-code>
			<pick-up-time>2013-09-24 18:00</pick-up-time>
			<return-time>2013-10-01 18:00</return-time>
			<paid-before />
			<identity-card-number>7987879877</identity-card-number>
			<biker-name>Adam Novák</biker-name>
			<bike-reg-number>456</bike-reg-number>
			<bike-maker>Merida</bike-maker>
			<derailleur />
			<mudguards />
		</reservation>
		<reservation id="res2" price-class="A" bike-type="road">
			<rental-code>4645646</rental-code>
			<pick-up-time>2014-01-24 16:00</pick-up-time>
			<return-time>2014-02-01 19:00</return-time>
			<identity-card-number>7454879877</identity-card-number>
			<biker-name>Bára Basiková</biker-name>
			<bike-reg-number>4444</bike-reg-number>
			<bike-maker>Favorit</bike-maker>
			<mudguards />
		</reservation>
	</reservations>
	<reservations cust-id="cust2">
		<reservation id="res3" price-class="F" bike-type="freestyle">
			<rental-code>4646</rental-code>
			<pick-up-time>2014-02-14 08:00</pick-up-time>
			<return-time>2014-02-28 12:00</return-time>
			<paid-before />
			<identity-card-number>77832355357</identity-card-number>
			<biker-name>Cecil Svach</biker-name>
			<bike-reg-number>1221244</bike-reg-number>
			<bike-maker>Laurin &amp; Klement</bike-maker>
		</reservation>
	</reservations>
	<reservations cust-id="cust3">
		<reservation id="res4" price-class="D" bike-type="freestyle">
			<rental-code>44545</rental-code>
			<pick-up-time>2014-03-14 08:00</pick-up-time>
			<return-time>2014-03-18 12:00</return-time>
			<paid-before />
			<identity-card-number>786454545411</identity-card-number>
			<biker-name>Dan Landa</biker-name>
			<bike-reg-number>12787878</bike-reg-number>
			<bike-maker>Author</bike-maker>
		</reservation>
	</reservations>
	<employee-messages>
		<message><ref res-id="res1" />Prosím o kolo se stojánkem délky 182 cm.</message>
		<message><ref res-id="res3" />Prosím o kolo červené barvy.</message>
	</employee-messages>
</bike-rental>