<?xml version="1.0" encoding="UTF-8"?>
<bikes>
	<bike type="road" bik_ID="b_001" price-class="A" branch-id="branch1a">
		<gender>male</gender>
		<manufacturer company="Colnago"/>
		<model>M60</model>
		<size units="cm">54</size>
		<wheelsize>28</wheelsize>
		<components>
			<set>
				<derailleur>Campagnolo Record</derailleur>
				<levers>Campagnolo Record</levers>
				<brakes>Campagnolo Record</brakes>
			</set>
			<wheels>Campagnolo Bora Two</wheels>
			<fork>Colnago</fork>
		</components>
		<color>black</color>
		<problems></problems>
		<frame-material>Carbon</frame-material>
		<price>150000</price>
	</bike>

	<bike type="MTB" bik_ID="b_002" price-class="B" branch-id="branch1a">
		<gender>male</gender>
		<manufacturer company="Trek"/>
		<model>Superfly</model>
		<size units="inch">18</size>
		<wheelsize>29</wheelsize>
		<components>
			<set>
				<derailleur>Sram X.0</derailleur>
				<levers>Sram X.0 Gripshift</levers>
				<brakes>Formula X1</brakes>
			</set>
			<wheels>American Classic</wheels>
			<fork>Fox</fork>
		</components>
		<color>Navy/Orange</color>
		<problems>Minor Cosmetic Defects</problems>
		<frame-material>Carbon</frame-material>
		<price>100000</price>
	</bike>

	<bike type="MTB" bik_ID="b_003" price-class="D" branch-id="branch1b">
		<gender>female</gender>
		<manufacturer company="Specialized"/>
		<model>Fate</model>
		<size units="inch">17</size>
		<wheelsize>29</wheelsize>
		<components>
			<set>
				<derailleur>XTR</derailleur>
				<levers>XT</levers>
				<brakes>XT</brakes>
			</set>
			<wheels>DT Swiss X1800</wheels>
			<fork>Specialized</fork>
		</components>
		<color>Red/Black</color>
		<problems></problems>
		<frame-material>Aluminium</frame-material>
		<price>60000</price>
	</bike>

	<bike type="fixie" bik_ID="b_004" price-class="E" branch-id="branch2a">
		<gender>Unisex</gender>
		<manufacturer company="Bianchi"/>
		<model>Pista Sei Giorni</model>
		<size units="inch">19</size>
		<wheelsize>28</wheelsize>
		<components>
			<set>
				<derailleur>None</derailleur>
				<levers>None</levers>
				<brakes>Reparto Corse</brakes>
			</set>
			<wheels>Maddux F10 DRX3000</wheels>
			<fork>Carbon/Alu 1.1/8"</fork>
		</components>
		<color>White/Aqua</color>
		<problems></problems>
		<frame-material>Aluminium</frame-material>
		<price>40000</price>
	</bike>
</bikes>