<?xml version="1.0" encoding="UTF-8"?>
<bike-rental>
    <branches>
        <branch id="branch1">
            <location>Germany</location>
            <subbranches>
                <branch id="branch1a">
                    <location>Kolhn</location>
                </branch>
                <branch id="branch1b">
                    <location>Berlin</location>
                </branch>
            </subbranches>
        </branch>
        <branch id="branch2">
            <location>Austria</location>
            <subbranches>
                <branch id="branch2a">
                    <location>Wiena</location>
                </branch>
                <branch id="branch2b">
                    <location>Linz</location>
                </branch>
            </subbranches>
        </branch>
    </branches>
 </bike-rental>