﻿<?xml version="1.0" encoding="UTF-8" standalone="no"?>
<!DOCTYPE encyclopedia SYSTEM "data.dtd">

<!-- Fictional PI. The css does not exist but you get the idea ... -->
<?xml-stylesheet href="enc.css" type="text/css"?>

<encyclopedia>

	<introduction>
		<disclamer>
    <![CDATA[
    Encyclopedia of metal music. <mff@tripsis.cz>. Based on http://www.bnrmetal.com.
    ]]>  
    </disclamer>

		<changelog>
			<entry>
				<date>8.3.2012</date>
				<text>Update</text>
			</entry>
			<entry>
				<date>9.3.2012</date>
				<text>New bands</text>
			</entry>
		</changelog>
	</introduction>

	<bands>
	
  	<!-- Virgin Black -->
		<band id="ART1">
			<info>
				<name>Virgin Black</name>
				<origin>Australia</origin>
			
			
				<about>
					<description>Australian Doom/Black band</description>
					<description-long>
					Long description of this great band. Core members are <ref id="PER5">Samantha Escabre</ref> and <ref id="PER8">Rowan London</ref>
					</description-long>
				</about>
			
				<genre-ref>
					<ref id="GEN1"/>
					<ref id="GEN2"/>
				</genre-ref>
			
				<members>
					<active>
						<ref id="PER5">vocals/keyboards</ref>
						<ref id="PER6">lead guitar/cello</ref>
						<ref id="PER7">bass</ref>
						<ref id="PER8">drums</ref>
					</active>
					<past>
						<ref id="PER9">guitars/vocals</ref>
						<ref id="PER10">bass</ref>
						<ref id="PER11">drums</ref>
					</past>
				</members>
			</info>
			
			<albums>
				<album id="ALB1">
					<title>Sombre Romantic</title>
					<year>2001</year>
					<comment> 
					<!-- Empty comment --></comment>
					<songs>
						<song track="1">Opera de Romanci</song>
						<song track="2">Walk Without Limbs</song>
						<song track="3">Of Your Beauty</song>
						<song track="4">Drink the Midnight Hymn</song>
						<song track="5">Museum of Iscariot</song>
						<song track="6">Lamenting Kiss</song>
						<song track="7">Weep for Me</song>
						<song track="8">I Sleep with the Emperor</song>
						<song track="9">A Poet's Tears of Porcelain</song>
					</songs>
					<lineup>
						<ref id="PER5"/>
						<ref id="PER8"/>
						<ref id="PER9"/>
						<ref id="PER10"/>
						<ref id="PER11"/>
					</lineup>
				</album>
				
				<album id="ALB2">
					<title>Elegant ... And Dying</title>
					<year>2003</year>
					<songs>
						<song track="1">Adorned In Ashes</song>
						<song track="2">Velvet Tongue</song>
						<song track="3">And The Kiss Of God.s Mouth (Part 1)</song>
						<song track="4">And The Kiss Of God.s Mouth (Part 2)</song>
						<song track="5">Renaissance</song>
						<song track="6">The Everlasting</song>
						<song track="7">Cult Of Crucifixion</song>
						<song track="8">Beloved</song>
						<song track="8">Our Wings Are Burning</song>
					</songs>
					<lineup>
						<ref id="PER5"/>
						<ref id="PER8"/>
						<ref id="PER9"/>
						<ref id="PER10"/>
						<ref id="PER11"/>
					</lineup>
				</album>
				
				<album id="ALB3">
					<title>Requiem - Fortissimo</title>
					<year>2008</year>
					<comment>&quot;Silent&quot; is one of the best songs from Virgin Black</comment>
					<songs>
						<song track="1">The Fragile Breath</song>
						<song track="2">In Winters Ash</song>
						<song track="3">Silent</song>
						<song track="4">God in Dust</song>
						<song track="5">Lacrimosa (Gather Me)</song>
						<song track="6">Darkness</song>
						<song track="7">Forever</song>
					</songs>
					<lineup>
						<ref id="PER5"/>
						<ref id="PER6"/>
						<ref id="PER7"/>
						<ref id="PER8"/>
					</lineup>
				</album>
			</albums>
		</band>
		
		
		<!-- Alchemist-->
		<band id="ART2">
			<info>
				<name>Alchemist</name>
				<origin>Australia</origin>
				<links>
					<link type="official">http://www.alchemist.com.au/</link>
				</links>
				<about>
					<description>Absolutely brilliant. </description>
					<description-long>One of few exceptional bands combining metal with external influences.</description-long>
				</about>
				<genre-ref>
					<ref id="GEN0"/>
				</genre-ref>
				<members>
					<active>
						<ref id="PER1">vocals/guitars/keyboards</ref>
						<ref id="PER2">guitars</ref>
						<ref id="PER3">bass/keyboards/samples</ref>
						<ref id="PER4">drums</ref>
					</active>
				</members>
			</info>
			
			<albums>
				<album id="ALB4">
					<title>Spiritech</title>
					<year>1997</year>
					<comment></comment>
					<songs>
						<song track="1">Chinese Whispers</song>
						<song track="2">Road To Ubar</song>
						<song track="3">Staying Consious</song>
						<song track="4">Beyond Genesis</song>
						<song track="5">Spiritechnology</song>
						<song track="6">Inertia</song>
						<song track="7">Hermaphroditis</song>
						<song track="8">Dancing To Life</song>
						<song track="9">Figments</song>
					</songs>
					<lineup>
						<ref id="PER1"/>
						<ref id="PER2"/>
						<ref id="PER3"/>
						<ref id="PER4"/>
					</lineup>
				</album>
				
				<album id="ALB5">
					<title>Organasm</title>
					<year>2000</year>
					<comment></comment>
					<songs>
						<song track="1">Austral Spectrum</song>
						<song track="2">Bio Approach</song>
						<song track="3">Rampant Micro Life</song>
						<song track="4">Warring Tribes (Eventual Demise)</song>
						<song track="5">Single Sided</song>
						<song track="6">Surreality</song>
						<song track="7">New Beginning</song>
						<song track="8">Tide In, Mind Out</song>
						<song track="9">Eclectic</song>
						<song track="10">Escape From The Black Hole</song>
					</songs>
					<lineup>
						<ref id="PER1"/>
						<ref id="PER2"/>
						<ref id="PER3"/>
						<ref id="PER4"/>
					</lineup>
				</album>
				
				<album id="ALB6">
					<title>Austral Alien</title>
					<year>2003</year>
					<comment></comment>
					<songs>
						<song track="1">First Contact</song>
						<song track="2">Great Southern Wasteland</song>
						<song track="3">Solarburn</song>
						<song track="4">Alpha Cappella Nova Vega</song>
						<song track="5">Older Than The Ancients</song>
						<song track="6">Backward Journey</song>
						<song track="7">Nature On A Leash</song>
						<song track="8">Grief Barrier</song>
						<song track="9">Epsilon</song>
						<song track="10">Speed Of Life</song>
						<song track="11">Letter To The Future</song>
					</songs>
					<lineup>
						<ref id="PER1"/>
						<ref id="PER2"/>
						<ref id="PER3"/>
						<ref id="PER4"/>
					</lineup>
				</album>
				
				<album id="ALB7">
					<title>Tripsis</title>
					<year>2003</year>
					<comment>Great album!</comment>
					<songs>
						<song track="1">Wrapped in Guilt</song>
						<song track="2">Tongues and Knives</song>
						<song track="3">Nothing in No Time</song>
						<song track="4">Anticipation of a High</song>
						<song track="5">Grasp the Air</song>
						<song track="6">CommunicHate</song>
						<song track="7">Substance for Shadow</song>
						<song track="8">God Shaped Hole</song>
						<song track="9">Degenerative Breeding</song>
					</songs>
					<lineup>
						<ref id="PER1"/>
						<ref id="PER2"/>
						<ref id="PER3"/>
						<ref id="PER4"/>
					</lineup>
				</album>
			</albums>
		</band>
		
		<!-- Neurosis -->
		<band id="ART3">
			<info>
				<name>Neurosis</name>
				<origin>USA</origin>
				<links>
					
				</links>
				<about>
					<description>Truly unique bands.</description>
					<description-long>One of the best band in extreme music.</description-long>
				</about>
				<genre-ref>
					<ref id="GEN9"/>
				</genre-ref>
				<members>
					<active>
						<ref id="PER12">guitars/vocals</ref>
						<ref id="PER13">guitars/vocals</ref>
						<ref id="PER14">bass</ref>
						<ref id="PER15">keyboards/samples</ref>
						<ref id="PER16">drums</ref>
					</active>
					<past>
						<ref id="PER17">keyboards</ref>
					</past>
				</members>
			</info>
			
			<albums>
				<album id="ALB8">
					<title>Souls At Zero  </title>
					<year>1992</year>
					<comment>One of the best extreme music album of all time. Created a genre 
					of its own. Highly reccommended!</comment>
					<songs>
						<song track="1">To Crawl Under One's Skin</song>
						<song track="2">Souls At Zero</song>
						<song track="3">Zero</song>
						<song track="4">Flight</song>
						<song track="5">The Web Sterile Vision</song>
						<song track="6">A Chronology For Surviva</song>
						<song track="7">Stripped</song>
						<song track="8">Takeahnase</song>
						<song track="9">Empty</song>
					</songs>
					<lineup>
						<ref id="PER12"/>
						<ref id="PER13"/>
						<ref id="PER14"/>
						<ref id="PER16"/>
						<ref id="PER17"/>
					</lineup>
				</album>
				
				<album id="ALB9">
					<title>Through Silver In Blood  </title>
					<year>1993</year>
					<comment>&quot;Through Silver In Blood>&quot; and &quot;Locust Star&quot; are great live songs!</comment>
					<songs>
						<song track="1">Through silver in blood</song>
						<song track="2">Rehumanize</song>
						<song track="3">Eye</song>
						<song track="4">Purify</song>
						<song track="5">Locust star</song>
						<song track="6">Strength of fates</song>
						<song track="7">Become the ocean</song>
						<song track="8">Aeon</song>
						<song track="9">Enclosure in flame</song>
					</songs>
					<lineup>
						<ref id="PER12"/>
						<ref id="PER13"/>
						<ref id="PER14"/>
						<ref id="PER15"/>
						<ref id="PER16"/>
					
					</lineup>
				</album>
				
				<album id="ALB10">
					<title>Given To The Rising</title>
					<year>2007</year>
					<comment>Back to roots album.</comment>
					<songs>
						<song track="1">Given to the Rising</song>
						<song track="2"><![CDATA[Fear & Sickness]]>  </song>
						<song track="3">To the Wind</song>
						<song track="4">At the End of the Road</song>
						<song track="5">Shadow</song>
						<song track="6">Hidden Faces</song>
						<song track="7">Water Is not Enough</song>
						<song track="8">Distill (Watching the Swarm)</song>
						<song track="9">Nine</song>
						<song track="10">Origin</song>
					</songs>
					<lineup>
						<ref id="PER12"/>
						<ref id="PER13"/>
						<ref id="PER14"/>
						<ref id="PER15"/>
						<ref id="PER16"/>
					</lineup>
				</album>

				<album id="ALB11">
					<title>A Sun That Never Sets</title>
					<year>2001</year>
					<comment>Accompanied by great DVD.</comment>
					<songs>
						<song track="1">Erode</song>
						<song track="2">The Tide</song>
						<song track="3">From the Hill</song>
						<song track="4">A Sun That Never Sets</song>
						<song track="5">Falling Unknow</song>
						<song track="6">From Where Its Roots Run</song>
						<song track="7">Crawl Back In</song>
						<song track="8">Watchfire</song>
						<song track="9">Resound</song>
						<song track="10">Stones From the Sky</song>
					</songs>
					<lineup>
						<ref id="PER12"/>
						<ref id="PER13"/>
						<ref id="PER14"/>
						<ref id="PER15"/>
						<ref id="PER16"/>
					</lineup>
				</album>
			
			</albums>
		</band>
		
		<!-- Agalloch -->
		<band id="ART4">
			<info>
				<name>Agalloch</name>
				<origin>USA</origin>
				<links>
					<link type="official">http://www.agalloch.com/</link>
				</links>
				<about>
					<description>So called Gray Metal from Portland, USA.</description>
					<description-long>Combining several influences ranging from Black Metal to Post-Rock. Truly amazing!</description-long>
				</about>
				<genre-ref>
					<ref id="GEN1"/>
					<ref id="GEN2"/>
				</genre-ref>
				<members>
					<active>
						<ref id="PER18">vocals/guitars/drums</ref>
						<ref id="PER19">guitars</ref>
						<ref id="PER20">bass</ref>
						<ref id="PER21">drums</ref>
					</active>
				
				</members>
			</info>
				
			<albums>
				<album id="ALB12">
					<title>Pale Folklore  </title>
					<year>1999</year>
					<comment>More Black Metalic</comment>
					<songs>
						<song track="1">The painted fire across the skyline</song>
						<song track="2">The misshapen steed</song>
						<song track="3">Hallways of enchanted ebony</song>
						<song track="4">Dead winter days</song>
						<song track="5">As embers dress the sky</song>
						<song track="6">The melancholy spirit</song>
					</songs>
					<lineup>
						<ref id="PER18"/>
						<ref id="PER19"/>
						<ref id="PER20"/>
						<ref id="PER21"/>
					</lineup>
				</album>
      

				<album id="ALB13">
					<title>The Mantle  </title>
					<year>2002</year>
					<comment>Folk influences.</comment>
					<songs>
						<song track="1">A Celebration For The Death Of Man</song>
						<song track="2">In The Shadow Of Our Pale Companion</song>
						<song track="3">Odal</song>
						<song track="4">I Am The Wooden Doors</song>
						<song track="5">The Lodge</song>
						<song track="6">You Were But A Ghost In My Arms</song>
						<song track="7">The Hawthorne Passage</song>
						<song track="8">... And The Great Cold Death Of The Earth</song>
						<song track="9">A Desolation Song</song>
					</songs>
					<lineup>
						<ref id="PER18"/>
						<ref id="PER19"/>
						<ref id="PER20"/>
						<ref id="PER21"/>
					</lineup>
				</album>
				
				<album id="ALB14">
					<title>Ashes Against The Grain  </title>
					<year>2006</year>
					<comment>Personal favorite.</comment>
					<songs>
						<song track="1">Limbs</song>
						<song track="2">Falling Snow</song>
						<song track="3">This White Mountain on Which You Will Die</song>
						<song track="4">Fire Above, Ice Below</song>
						<song track="5">Not Unlike the Waves</song>
						<song track="6">Our Fortress Is Burning ... I</song>
						<song track="7">Our Fortress Is Burning ... II - Bloodbirds</song>
						<song track="8">Our Fortress Is Burning ... III - The Grain</song>
					</songs>
					<lineup>
						<ref id="PER18"/>
						<ref id="PER19"/>
						<ref id="PER20"/>
						<ref id="PER21"/>
					</lineup>
				</album>
			
			</albums>
		</band>
	</bands>
	

	
	<performers>
		<performer id="PER1">
			<name>Adam Agius</name>
			<membership>
				<refToBand id="ART3"/>
			</membership>
			<bio>Optional boigraphy ... </bio>
		</performer>
		
		<performer id="PER2">
			<name>Roy Torkington</name>
			<membership>
				<refToBand id="ART3"/>
			</membership>
		</performer>
		<performer id="PER3">
			<name>John Bray</name>
			<membership>
				<refToBand id="ART3"/>
			</membership>
		</performer>
		<performer id="PER4">
			<name>Rodney Holder</name>
			<membership>
				<refToBand id="ART3"/>
			</membership>
		</performer>
		
		<performer id="PER5">
			<name>Samantha Escabre</name>
			<membership>
				<refToBand id="ART1"/>
			</membership>
		</performer>
		<performer id="PER6">
			<name>Grayh</name>
			<membership>
				<refToBand id="ART1"/>
			</membership>
		</performer>
		<performer id="PER7">
			<name>Luk Faz</name>
			<membership>
				<refToBand id="ART1"/>
			</membership>
		</performer>
		<performer id="PER8">
			<name>Rowan London</name>
			<membership>
				<refToBand id="ART1"/>
			</membership>
		</performer>
		
		<performer id="PER9">
			<name>Craig Edis</name>
			<membership></membership>
		</performer>
		<performer id="PER10">
			<name>Ian Miller</name>
			<membership>
				<refToBand id="ART1"/>
			</membership>
		</performer>
		<performer id="PER11">
			<name>Dino Cielo</name>
			<membership>
				<refToBand id="ART1"/>
			</membership>
		</performer>
		
		<performer id="PER12">
			<name>Scott Kelly</name>
			<membership>
				<refToBand id="ART3"/>
			</membership>
		</performer>
		
		<performer id="PER13">
			<name>Steve Von Till</name>
			<membership>
				<refToBand id="ART3"/>
			</membership>
		</performer>
		
		<performer id="PER14">
			<name>Dave Edwardson</name>
			<membership>
				<refToBand id="ART3"/>
			</membership>
		</performer>
		
		<performer id="PER15">
			<name>Noah Landis</name>
			<membership>
				<refToBand id="ART3"/>
			</membership>
		</performer>
			
		<performer id="PER16">
			<name>Jason Roeder</name>
			<membership>
				<refToBand id="ART3"/>
			</membership>
		</performer>
			
		<performer id="PER17">
			<name>Simon McIlroy</name>
			<membership>
				<refToBand id="ART3"/>
			</membership>
		</performer>
		
		<performer id="PER18">
			<name>John Haughm</name>
			<membership>
				<refToBand id="ART4"/>
			</membership>
		</performer>
		<performer id="PER19">
			<name>Don Anderson</name>
			<membership>
				<refToBand id="ART4"/>
			</membership>
		</performer>
		<performer id="PER20">
			<name>Jason William Walton</name>
			<membership>
				<refToBand id="ART4"/>
			</membership>
		</performer>
		<performer id="PER21">
			<name>Aesop Dekker</name>
			<membership>
				<refToBand id="ART4"/>
			</membership>
		</performer>
		
		<performer id="PER22">
			<name>Martin Sixta</name>
		</performer>
	
	</performers>


	<genres>
		<genre id="GEN0">
			<name>Metal</name>
			<description> </description>
		</genre>

		<genre id="GEN1">
			<name>Black Metal</name>
			<description>Extreme form of metal.</description>
		</genre>
		<genre id="GEN2">
			<name>Doom Metal</name>
		</genre>
		<genre id="GEN3">
			<name>Death Metal</name>
		</genre>
		<genre id="GEN4">
			<name>Trash Metal</name>
		</genre>
		<genre id="GEN5">
			<name>Doomdeath</name>
		</genre>
		<genre id="GEN6">
			<name>Industrial Metal</name>
		</genre>
		<genre id="GEN7">
			<name>Instrumental</name>
		</genre>
		<genre id="GEN8">
			<name>Gothic Metal</name>
		</genre>
		<genre id="GEN9">
			<name>Atmospheric Hardcore</name>
		</genre>
		<genre id="GEN10">
			<name>Alternative Metal</name>
		</genre>
	</genres>
</encyclopedia>
