<?xml version="1.0" encoding="UTF-8"?>
<videopujcovna>
	<oPujcovne>
		<nazev>Nova pujcovna</nazev>
		<kontakt>
			<adresa>
				<ulice>Slana 89</ulice>
				<mesto>Praha</mesto>
				<psc>18500</psc>				
			</adresa>
			<spojeni>				
				<telefony>
					<telefon id = "t1">606965758</telefon>
					<telefon id = "t2">723984561</telefon>
					<info>
						<![CDATA[Muze zde byt kolik chcete telefonu]]>	
					</info>				
				</telefony>
				<email>novaPujcovna@google.cz</email>
				<www>www.novaPujcovna.cz</www>
			</spojeni>
		</kontakt>
		<popis>
			Mame vse na videokazetach, CD , DVD a Blue-ray discich, at uy chcete film, serial ci hru.
			Recenze her muzete cist na nasem spratelenem webu <odkaz>www.recenzeHer.cz</odkaz> nebo na <odkaz>www.recenze.cz</odkaz>.
			Nebo si muzete zavolat napriklad na <cislo id = "t1" />.
			
		</popis>		
	</oPujcovne>
	<zakaznik id = "z1" zlataKarta = "ne" zamestnanec = "ne" castyZakaznik = "ano">
		<jmeno>David</jmeno>
		<prijmeni>Rozenberg</prijmeni>
		<telefonZak>604165895</telefonZak>
		<email>x@x.cz</email>
		<username>Darg</username>
		<heslo>******</heslo>
		<platnostClenstviDo>1.1.2015</platnostClenstviDo>
		<vypujcky>
			<vypujcka>
				<cisloDisku typ = "DVD">498498496</cisloDisku>
				<titul originalni = "Pulp Fiction">Pulp Fiction</titul>
				<od>25.2.2012</od>
				<do>1.3.2012</do>
			</vypujcka>
			<vypujcka>
				<cisloDisku typ = "BlueRay">6161616</cisloDisku>
				<titul>Doom</titul>
				<od>25.2.2012</od>
				<do>1.3.2012</do>
			</vypujcka>
		</vypujcky>
		<stareVypujcky>
			<vypujcka>
				<cisloDisku typ = "CD">198984</cisloDisku>
				<titul>Tmavomodry svet</titul>
				<vraceno>1.8.2011</vraceno>
			</vypujcka>
			<vypujcka>
				<cisloDisku typ = "BlueRay">1196499</cisloDisku>
				<titul>Hory maji oci</titul>
				<vraceno>26.7.2011</vraceno>
			</vypujcka>
		</stareVypujcky>
		<dluh></dluh>
	</zakaznik> 
	<zakaznik id = "z2" zlataKarta = "ne" zamestnanec = "ne">
		<jmeno>John</jmeno>
		<prijmeni>Fair</prijmeni>
		<telefonZak>879654165</telefonZak>
		<email>a@a.cz</email>
		<username>Johny</username>
		<heslo>******</heslo>
		<platnostClenstviDo>1.1.2017</platnostClenstviDo>
		<vypujcky>			
		</vypujcky>
		<stareVypujcky>
			<vypujcka>
				<cisloDisku typ = "DVD">64156085</cisloDisku>
				<titul>Saxana</titul>
				<vraceno>25.9.2011</vraceno>
			</vypujcka>
		</stareVypujcky>
		<dluh></dluh>
	</zakaznik> 
	<zakaznik id = "z3" zlataKarta = "ne" zamestnanec = "ne" castyZakaznik="ano">
		<jmeno>Pepe</jmeno>
		<prijmeni>Tom</prijmeni>
		<telefonZak>564684654</telefonZak>
		<email>d@d.com</email>
		<platnostClenstviDo>1.1.2020</platnostClenstviDo>
		<vypujcky>	
			<vypujcka>
				<cisloDisku typ="CD">961916165</cisloDisku>
				<titul>Assasin Creed3</titul>
				<od>9.4.2012</od>
				<do>9.5.2012</do>
			</vypujcka>		
		</vypujcky>
		<stareVypujcky>
		</stareVypujcky>
		<dluh></dluh>
	</zakaznik> 
</videopujcovna>