<?xml version="1.0" encoding="UTF-8"?>
<uctenky>
		<doklad did="d10">
			<text/>
			<datum>
				<den>2</den>
				<mesiac>2</mesiac>
				<rok>2013</rok>
			</datum>
			<polozka>
				<nazov>Staropramen světlýv</nazov>
				<ks>20</ks>
				<cena>10.90</cena>
			</polozka>
			<polozka>
				<nazov>Château Valtice Dornfelder</nazov>
				<ks>2</ks>
				<cena>205.00</cena>
			</polozka>
		</doklad>
		<doklad did="d11">
			<text/>
			<datum>
				<den>2</den>
				<mesiac>2</mesiac>
				<rok>2013</rok>
			</datum>
			<polozka>
				<nazov>Heineken plech.</nazov>
				<ks>10</ks>
				<cena>15.50</cena>
			</polozka>
			<polozka>
				<nazov>Staropramen světlý</nazov>
				<ks>2</ks>
				<cena>10.90</cena>
			</polozka>
		</doklad>
		<doklad did="d12">
			<text/>
			<datum>
				<den>7</den>
				<mesiac>3</mesiac>
				<rok>2013</rok>
			</datum>
			<polozka>
				<nazov>Heineken</nazov>
				<ks>10</ks>
				<cena>20.90</cena>
			</polozka>
			<polozka>
				<nazov>Bacardi Black Rum</nazov>
				<ks>1</ks>
				<cena>399.00</cena>
			</polozka>
			<polozka>
				<nazov>Ballantine's Fin. Skot. whisky</nazov>
				<ks>1</ks>
				<cena>375.00</cena>
			</polozka>
			<polozka>
				<nazov>Absolut Vodka</nazov>
				<ks>1</ks>
				<cena>749.00</cena>
			</polozka>
		</doklad>
		<doklad did="d13">
			<text/>
			<datum>
				<den>10</den>
				<mesiac>2</mesiac>
				<rok>2013</rok>
			</datum>
			<polozka>
				<nazov>Heineken</nazov>
				<ks>5</ks>
				<cena>20.90</cena>
			</polozka>
			<polozka>
				<nazov>Spišská Borovička</nazov>
				<ks>4</ks>
				<cena>259.00</cena>
			</polozka>
			<polozka>
				<nazov>Château Valtice Dornfelder</nazov>
				<ks>2</ks>
				<cena>205.00</cena>
			</polozka>
			<polozka>
				<nazov>Staropramen světlý</nazov>
				<ks>2</ks>
				<cena>10.90</cena>
			</polozka>
		</doklad>
	</uctenky>