<?xml version="1.0" encoding="UTF-8"?>
<kategorie>
	<kategoria id="k1">
		<nazov>pivo</nazov>
		<podkategorie>
			<kategoria id="k1.1">
				<nazov>svetle</nazov>
				<podkategorie>
					<kategoria id="k1.1.1">
						<nazov>sklo</nazov>
						<vyrobky>
							<vyrobok vid="alk1">Staropramen světlý</vyrobok>
							<vyrobok vid="alk3">Heineken</vyrobok>
						</vyrobky>
					</kategoria>
					<kategoria id="k1.1.2">
						<nazov>plech</nazov>
						<vyrobky>
							<vyrobok vid="alk4">Heineken plech.</vyrobok>
						</vyrobky>
					</kategoria>
				</podkategorie>
			</kategoria>
			<kategoria id="k1.2">
				<nazov>tmave</nazov>
				<podkategorie>
					<kategoria id="k1.2.1">
						<nazov>sklo</nazov>
						<vyrobky>
							<vyrobok vid="alk2">Staropramen Černý</vyrobok>
						</vyrobky>
					</kategoria>
					<kategoria id="k1.2.2">
						<nazov>plech</nazov>
					</kategoria>
				</podkategorie>
			</kategoria>
		</podkategorie>
	</kategoria>
	<kategoria id="k2">
		<nazov>vino</nazov>
		<podkategorie>
			<kategoria id="k2.1">
				<nazov>biele</nazov>
				<vyrobky>
					<vyrobok vid="alk5">Château Valtice Dornfelder</vyrobok>
				</vyrobky>
			</kategoria>
			<kategoria id="k2.2">
				<nazov>cervene</nazov>
				<vyrobky>
					<vyrobok vid="alk6">Château Valtice Frankovka</vyrobok>
				</vyrobky>
			</kategoria>
		</podkategorie>
	</kategoria>
	<kategoria id="k3">
		<nazov>destilat</nazov>
		<vyrobky>
			<vyrobok vid="alk7">Božkov Original tuzemský</vyrobok>
			<vyrobok vid="alk8">Bacardi Black Rum</vyrobok>
			<vyrobok vid="alk9">Absolut Vodka</vyrobok>
			<vyrobok vid="alk10">Finlandia Vodka</vyrobok>
			<vyrobok vid="alk11">Spišská Borovička</vyrobok>
			<vyrobok vid="alk12">Ballantine's Fin. Skot. whisky</vyrobok>
		</vyrobky>
	</kategoria>
</kategorie>