<?xml version="1.0" encoding="iso-8859-2"?>
<!DOCTYPE CarRental SYSTEM "data.dtd">
<CarRental>
	<?php $hodina=Date("H" , Time());
if (("2"<=$hodina) and ("8">=$hodina))
{
echo "Dobre rano";
}
elseif (("9"<=$hodina) and ("11">=$hodina))
{
echo "Dobre dopoledne";
}
elseif (("12"<=$hodina) and ("17">=$hodina))
{
echo "Dobre odpoledne";
}
elseif (("18"<=$hodina) and ("1">=$hodina))
{
echo "Dobry vecer";
}
else
{
echo "Dobry den";
}
?>
	<CustomerList>
		<Customer personalNumber="_8008081111">
			<Name>
				<FirstName>
			Jan
			</FirstName>
				<LastName>
			Novak
			</LastName>
			</Name>
			<Address>
				<City>
			Praha
			</City>
				<Street>
			Karlovo Namesti
			</Street>
				<Number>
			13
			</Number>
			</Address>
		</Customer>
		<Customer personalNumber="_9009091111">
			<Name>
				<FirstName>
			Josef
			</FirstName>
				<LastName>
			Svoboda
			</LastName>
			</Name>
			<Address>
				<City>
			Praha
			</City>
				<Street>
			Zikova
			</Street>
				<Number>
			2
			</Number>
			</Address>
		</Customer>
	</CustomerList>
	<CarList>
		<Car carNumber="AAA0000" year="2010">
			<Type brand="Skoda">Octavia</Type>
			<img src="octavia2010.png"/>
		</Car>
		<Car carNumber="AAA0001" year="2011">
			<Type brand="Skoda">Fabia</Type>
			<img src="fabia2011.png"/>
		</Car>
		<Car carNumber="AAA0002" year="2009">
			<Type brand="Skoda">Superb</Type>
			<img src="superb2009.png"/>
		</Car>
		<Car carNumber="AAA0003" year="2013">
			<Type brand="Volkswagen">Passat</Type>
			<img src="passat2013.png"/>
		</Car>
		<Car carNumber="AAA0004" year="2012">
			<Type brand="Volkswagen">Transporter</Type>
			<img src="transporter2012.png"/>
		</Car>
		<Car carNumber="AAA0005" year="2014">
			<Type brand="Volkswagen">Up</Type>
			<img src="Up2014.png"/>
		</Car>
		<Car carNumber="AAA0006" year="2013">
			<Type brand="Skoda">Citigo</Type>
			<img src="citigo2013.png"/>
		</Car>
		<Car carNumber="AAA0007" year="2012">
			<Type brand="Skoda">Superb</Type>
			<img src="superb2012.png"/>
		</Car>
		<Car carNumber="AAA0008" year="2013">
			<Type brand="Volkswagen">Touareg</Type>
			<img src="touareg2013.png"/>
		</Car>
		<Car carNumber="AAA0009" year="2009">
			<Type brand="Volkswagen">Golf</Type>
			<img src="golf2009.png"/>
		</Car>
		<Car carNumber="AAA0010" year="2013">
			<Type brand="Skoda">Rapid</Type>
			<img/>
		</Car>
	</CarList>
	<ReservationList>
		<Reservation carNumber="AAA0001" personalNumber="_9009091111">
			<Date>
				<From>
					<Day>09</Day>
					<Month>3</Month>
					<Year>2014</Year>
					<Time>8:51</Time>
				</From>
				<To>
					<Day>12</Day>
					<Month>3</Month>
					<Year>2014</Year>
					<Time>8:51</Time>
				</To>
			</Date>
			<Message><![CDATA[
					Muzete pouzit nasledujici html tagy <b></b> a <i></i>
				]]></Message>
		</Reservation>
		<Reservation personalNumber="_8008081111" carNumber="AAA0010">
			<Date>
				<From>
					<Day>7</Day>
					<Month>4</Month>
					<Year>2014</Year>
					<Time>8:12</Time>
				</From>
				<To/>
			</Date>
			<Message/>
		</Reservation>
		<Reservation personalNumber="_8008081111" carNumber="AAA0001">
			<Date>
				<From>
					<Day>13</Day>
					<Month>3</Month>
					<Year>2014</Year>
					<Time>9:16</Time>
				</From>
				<To>
					<Day>15</Day>
					<Month>3</Month>
					<Year>2014</Year>
					<Time>16:10</Time>
				</To>
			</Date>
			<Message/>
		</Reservation>
	</ReservationList>
	<Contact>
		&owner;
		<Address>
			<City>
			Praha
			</City>
			<Street>
			Technicka
			</Street>
			<Number>
			2
			</Number>
		</Address>
	</Contact>
</CarRental>
