<?xml version="1.0" encoding="UTF-8"?>
<!DOCTYPE electronicStore SYSTEM "data.dtd" >

<!-- Electronic Store representation -->

<electronicStore systemId="&ID_GENERIC;SYSTEM_0000001">
	<goodsDatabase goodsDatabaseId="&ID_DATABASE;GOODS_0000001"
		system="&ID_GENERIC;SYSTEM_0000001">

		<categoryDatabase categoryDatabaseId="&ID_DATABASE;CATEGORY_0000001"
			goodsDatabase="&ID_DATABASE;GOODS_0000001">
			<category categoryId="&ID_CATEGORY;null" superiorCategory="&ID_CATEGORY;null">
				<name>dummy</name>
			</category>
			<category categoryId="&ID_CATEGORY;0000001"
				superiorCategory="&ID_CATEGORY;null">
				<name>Chips</name>
				<category categoryId="&ID_CATEGORY;0000002"
					superiorCategory="&ID_CATEGORY;0000001">
					<name>Microprocessors</name>
				</category>
			</category>
			<category categoryId="&ID_CATEGORY;0000003"
				superiorCategory="&ID_CATEGORY;null">
				<name>Batteries</name>
				<category categoryId="&ID_CATEGORY;0000004"
					superiorCategory="&ID_CATEGORY;0000003">
					<name>AA</name>
				</category>
				<category categoryId="&ID_CATEGORY;0000005"
					superiorCategory="&ID_CATEGORY;0000003">
					<name>AAA</name>
				</category>
				<category categoryId="&ID_CATEGORY;0000006"
					superiorCategory="&ID_CATEGORY;0000003">
					<name>9V</name>
				</category>
			</category>
			<category categoryId="&ID_CATEGORY;0000007"
				superiorCategory="&ID_CATEGORY;null">
				<name>Lighting</name>
				<category categoryId="&ID_CATEGORY;0000008"
					superiorCategory="&ID_CATEGORY;0000007">
					<name>Light bulbs</name>
				</category>
			</category>
		</categoryDatabase>
    
    <?lazyFetch?>
		<articleDatabase articleDatabaseId="&ID_DATABASE;ARTICLE_0000001"
			goodsDatabase="&ID_DATABASE;GOODS_0000001">
      <?lazyFetch?>
			<article articleId="&ID_ARTICLE;0000001" category="&ID_CATEGORY;0000004">
				<name>Alcaline Energizer AA, 4-pack</name>
				<relatedArticles>
      		<?lazyFetch?>
					<articleReference article="&ID_ARTICLE;0000002" />
      		<?lazyFetch?>
					<articleReference article="&ID_ARTICLE;0000003" />
				</relatedArticles>
			</article>
      <?lazyFetch?>
			<article articleId="&ID_ARTICLE;0000002" category="&ID_CATEGORY;0000004">
				<name>Alcaline Philips AA, 4-pack</name>
				<relatedArticles>
      		<?lazyFetch?>
					<articleReference article="&ID_ARTICLE;0000001" />
				</relatedArticles>
			</article>
      <?lazyFetch?>
			<article articleId="&ID_ARTICLE;0000003" category="&ID_CATEGORY;0000004">
				<name>Alcaline Philips AA, 40-box</name>
				<relatedArticles>
      		<?lazyFetch?>
					<articleReference article="&ID_ARTICLE;0000001" />
				</relatedArticles>
			</article>
      <?lazyFetch?>
			<article articleId="&ID_ARTICLE;0000004" category="&ID_CATEGORY;0000005">
				<name>Alcaline Energizer AAA, 4-pack</name>
				<relatedArticles>
      		<?lazyFetch?>
					<articleReference article="&ID_ARTICLE;0000005" />
      		<?lazyFetch?>
					<articleReference article="&ID_ARTICLE;0000006" />
				</relatedArticles>
			</article>
      <?lazyFetch?>
			<article articleId="&ID_ARTICLE;0000005" category="&ID_CATEGORY;0000005">
				<name>Alcaline Philips AAA, 4-pack</name>
				<relatedArticles>
      		<?lazyFetch?>
					<articleReference article="&ID_ARTICLE;0000004" />
				</relatedArticles>
			</article>
      <?lazyFetch?>
			<article articleId="&ID_ARTICLE;0000006" category="&ID_CATEGORY;0000005">
				<name>Alcaline Energizer AAA, 40-box</name>
				<relatedArticles>
      		<?lazyFetch?>
					<articleReference article="&ID_ARTICLE;0000004" />
				</relatedArticles>
			</article>
      <?lazyFetch?>
			<article articleId="&ID_ARTICLE;0000007" category="&ID_CATEGORY;0000006">
				<name>Energizer 9V, single pack</name>
				<relatedArticles>
      		<?lazyFetch?>
					<articleReference article="&ID_ARTICLE;0000007" />
				</relatedArticles>
			</article>
      <?lazyFetch?>
			<article articleId="&ID_ARTICLE;0000008" category="&ID_CATEGORY;0000006">
				<name>Philips 9V, single pack</name>
				<relatedArticles>
      		<?lazyFetch?>
					<articleReference article="&ID_ARTICLE;0000008" />
				</relatedArticles>
			</article>
      <?lazyFetch?>
			<article articleId="&ID_ARTICLE;0000009" category="&ID_CATEGORY;0000008">
				<name><![CDATA[OSRAM <Economic>, 50W]]></name>
				<relatedArticles>
      		<?lazyFetch?>
					<articleReference article="&ID_ARTICLE;0000010" />
				</relatedArticles>
			</article>
      <?lazyFetch?>
			<article articleId="&ID_ARTICLE;0000010" category="&ID_CATEGORY;0000008">
				<name><![CDATA[OSRAM <Standard>, 50W]]></name>
				<relatedArticles>
      		<?lazyFetch?>
					<articleReference article="&ID_ARTICLE;0000009" />
				</relatedArticles>
			</article>
		</articleDatabase>

	</goodsDatabase>
	<shopDatabase shopDatabaseId="&ID_DATABASE;SHOP_0000001"
		system="&ID_GENERIC;SYSTEM_0000001">
		<shop shopId="&ID_SHOP;0000001">
			<name>Phil's electronics</name>
			<address>
				<country countryCode="&ID_COUNTRY;UK" />
				<province zipCode="56534">Westminster</province>
				<street>Baker</street>
				<streetNo>36</streetNo>
			</address>
			<stockDatabase shop="&ID_SHOP;0000001" stockDatabaseId="&ID_DATABASE;STOCK_0000001">
				<stockInfo availability="active" stock="15">
          <?lazyFetch?>
					<articleReference article="&ID_ARTICLE;0000004" />
				</stockInfo>
				<stockInfo availability="active" stock="13">
          <?lazyFetch?>
					<articleReference article="&ID_ARTICLE;0000005" />
				</stockInfo>
			</stockDatabase>
		</shop>
	</shopDatabase>
</electronicStore>
