<?xml version="1.0" encoding="UTF-8" standalone="no"?><?php echo Date("d.m.Y")?>
<sportovni_oddil>
	<uvitani>
		<![CDATA[
	 		system.out.println("Vitej v prehledu clenu naseho klubu");
		
		]]>
	</uvitani>
	<sportovec sport_id="s01" tren_ref="t01">
		<jmeno>Karel</jmeno>
		<prijmeni>Novotny</prijmeni>
		<vek>22</vek>
		<adresa>
			<ulice>Prazska</ulice>
			<mesto psc="45678">Kladno</mesto>
		</adresa>
		<telefon>777656987</telefon>
		<plat>20000kc</plat>
		<vaha>73kg</vaha>
		<vyska>183cm</vyska>
		<seznam_veci> 
		<dres velikost="M"/>
		<kratasy velikost="M"/>
		<boty>
			<nike>
				<cislo>44</cislo>
			</nike>
		</boty>
		</seznam_veci>
		<disciplina druh="sprinter"/>
	</sportovec>
	
	<sportovec sport_id="s02" tren_ref="t01">
		<jmeno>Josef</jmeno>
		<prijmeni>Kadlec</prijmeni>
		<vek>34</vek>
		<adresa>
			<ulice>Dobrovolc?</ulice>
			<mesto psc="45636">Brno</mesto>
		</adresa>
		<telefon>897567287</telefon>
		<plat>23000kc</plat>
		<vaha>71kg</vaha>
		<vyska>182cm</vyska>
		<seznam_veci> 
		<dres velikost="L"/>
		<kratasy velikost="L"/>
		<boty>
			<nike>
				<cislo>45</cislo>
			</nike>
		</boty>
		</seznam_veci>
		<disciplina druh="vytrvalec"/>
	</sportovec>
	
	
	
	<trener tren_id="t01">
		<jmeno>Pepa</jmeno>
		<prijmeni>Novak</prijmeni>
		<moto>sportem ku zdravi</moto>
	</trener>
	
	<trener tren_id="t02">
		<jmeno>Radek</jmeno>
		<prijmeni>Proch?zka</prijmeni>
		<moto>sportem ku zdravi</moto>
	</trener>
	
	<trener tren_id="t03">
		<jmeno>Ond?ej</jmeno>
		<prijmeni>Bl?ha</prijmeni>
		<moto>sportem ku zdravi</moto>
	</trener>
<sportovec sport_id="s_04" tren_ref="t03"><jmeno>Roman</jmeno><prijmeni>Furst</prijmeni><vek>23</vek><adresa><ulice>Mostecka</ulice><mesto psc="41501">Teplice</mesto></adresa><telefon>602765488</telefon><plat>26000kc</plat><vaha>73kg</vaha><vyska>182cm</vyska><seznam_veci><dres velikost="XL"/><kratasy velikost="XL"/><boty><cislo>42</cislo></boty></seznam_veci><disciplina druh="vytrvalec"/></sportovec></sportovni_oddil>