<?xml version="1.0" encoding="UTF-8"?>
<software_database xmlns:xsi="http://www.w3.org/2001/XMLSchema-instance" xsi:noNamespaceSchemaLocation="data.xsd">
	<vendors>
		<vendor id="v1">
			<name>Microsoft Corporation</name>
			<stockCode>MSFT</stockCode>
		</vendor>
		<vendor id="v2">
			<name>Apple Inc.</name>
			<stockCode>AAPL</stockCode>
		</vendor>
		<vendor id="v3">
			<name>JetBrains</name>
		</vendor>
	</vendors>
	<categories>
		<category id="c1">
			<name>Operating System</name>
		</category>
		<category id="c2">
			<name>Utility</name>
		</category>
		<category id="c3">
			<name>Office Suite</name>
		</category>
	</categories>
	<products>
		<product id="p1">
			<name>Microsoft Windows</name>
			<category_ref id="c1" />
			<vendor_ref id="v1" />
			<versions>
				<version>
					<name>XP</name>
					<publishDate>2003-05-07</publishDate>
					<size>300 MB</size>
				</version>
				<version>
					<name>Vista</name>
					<publishDate>2007-11-07</publishDate>
					<size>1700 MB</size>
				</version>
				<version>
					<name>7</name>
					<publishDate>2011-03-21</publishDate>
				</version>
			</versions>
		</product>
		<product id="p2">
			<name>Microsoft Office</name>
			<category_ref id="c3" />
			<vendor_ref id="v1" />
			<versions>
				<version>
					<name>2007</name>
					<publishDate>2006-07-10</publishDate>
				</version>
			</versions>
		</product>
		<product id="p3">
			<name>Mac OS X</name>
			<category_ref id="c1" />
			<vendor_ref id="v2" />
			<versions>
				<version>
					<name>10.8</name>
					<publishDate>2012-04-01</publishDate>
				</version>
			</versions>
		</product>
	</products>
	<users>
		<user gender="male">
			<username>jdoe</username>
			<name>John Doe</name>
			<email>john.doe@yahoo.com</email>
			<email>john.doe@gmail.com</email>
			<email>jd@mycompany.com</email>
			<phone>+001 0348 5413</phone>
			<city>New Address</city>
			<country>US</country>
			<uses>
				<product_ref id="p1" />
				<product_ref id="p2" />
			</uses>
			<comment>
				A big fan of <product_ref id="p1" version="XP">Windows</product_ref> operating system with &lt;5 years of experience.
			</comment>
		</user>
	</users>
	
	<!-- The following info contains the license this document is distributed under -->
	<info>
		<copyright><?php echo "Copyright (c) " . date("Y")?></copyright>
		<legal><![CDATA[
			        DO WHAT THE F*** YOU WANT TO PUBLIC LICENSE
							   Version 2, December 2004
			
			Copyright (C) 2004 Sam Hocevar <sam@hocevar.net>
			
			Everyone is permitted to copy and distribute verbatim or modified
			copies of this license document, and changing it is allowed as long
			as the name is changed.
			
					   DO WHAT THE F*** YOU WANT TO PUBLIC LICENSE
			  TERMS AND CONDITIONS FOR COPYING, DISTRIBUTION AND MODIFICATION
			
			 0. You just DO WHAT THE F*** YOU WANT TO.
		]]></legal>
	</info>
</software_database>
