<?xml version="1.0" encoding="UTF-8"?>
<!DOCTYPE catalog SYSTEM "data.dtd">
<?php ob_flush(); ?>
<catalog xmlns:xsi="http://www.w3.org/2001/XMLSchema-instance" xsi:noNamespaceSchemaLocation="data.xsd">
<softwares>
	<software sid="sid1" serial_number="1111" in_use="archived">
		<name>Visual Studio 2008</name>
		<year>2008</year>
		<systems>
			<system>
			<sname>&win;XP</sname>
			<bit>32</bit>
			</system>
		</systems>
		<size>2GB</size>
		<medium>DVD</medium>
		<software_publisher>
		<pref prefid="pid1" />Microsoft</software_publisher>
		<version>2008</version>
		<license>Unlimited</license>
		<documentation>Book</documentation>
		<description>Developing tool</description>
		<note>Good software<![CDATA[Special note]]></note>
		<opensource />
	</software>
	<software sid="sid2" serial_number="22222">
		<name>XMLSpy 2011</name>
		<year>2011</year>
		<systems>
			<system>
				<sname>Windows 7</sname>
				<bit>64</bit>
			</system>
		</systems>
		<size>50MB</size>
		<medium>CD</medium>
		<software_publisher>Altova</software_publisher>
		<version>2011</version>
		<license>Trial</license>
		<documentation>Online</documentation>
		<description>XML editor</description>
		<note></note>
	</software>
	<software sid="sid3" serial_number="3">
		<name>Microsoft Office</name>
		<year>2007</year>
		<systems>
			<system>
				<sname>Windows</sname>
				<bit>64</bit>
			</system>
		</systems>
		<size>1GB</size>
		<medium>DVD</medium>
		<software_publisher>Microsoft</software_publisher>
		<version>2007</version>
		<license>OEM</license>
		<documentation>Help</documentation>
		<description>Office software</description>
		<note></note>
	</software>
</softwares>

<publishers>
	<publisher pid="pid1">
		<pname>Microsoft</pname>
		<psoftwares>
			<psoftware psid="sid1">Visual Studio 2008</psoftware>
			<psoftware psid="sid3">Microsoft Office 2007</psoftware>
		</psoftwares>
	</publisher>
	<publisher pid="pid2">
		<pname>Altova</pname>
		<psoftwares>
			<psoftware psid="sid2">XMLSpy 2011</psoftware>
		</psoftwares>
	</publisher>
</publishers>


</catalog>
