<?xml version="1.0" encoding="UTF-8"?>
<!-- VŠRK Skrypta -->
<kmen id="skrypta" xmlns:xsi="http://www.w3.org/2001/XMLSchema-instance" xsi:noNamespaceSchemaLocation="data.xsd">
	<nazev>Skrypta</nazev>
	<popis>Skrypta si dává za cíl sdružovat pražské studující skauty, nabízet jim smysluplnou náplň volného času a možnost pokračovat na cestě skautským životem.</popis>
	<clenove>
		<clen id="terka" jmeno="Tereza Zábojníková" pohlavi="holka"/>
		<clen id="bohdan" jmeno="Bohdan Maslowski" pohlavi="kluk"/>
		<clen id="neznalek" prezdivka="Neználek" jmeno="Ondřej Filip" pohlavi="kluk"/>
		<clen id="seby" prezdivka="Šeby" jmeno="Jan Šebetovský" pohlavi="kluk"/>
		<clen id="dovile" jmeno="Dovilė Barcytė" pohlavi="holka"/>
		<clen id="kecal" prezdivka="Kecal" jmeno="Radek Halaška" pohlavi="kluk"/>
		<clen id="ana_" prezdivka="Áňa" jmeno="Anna Samcová" pohlavi="holka"/>
		<clen id="veverka" prezdivka="Veverka" jmeno="Hana Kuhnová" pohlavi="holka"/>
		<clen id="jola" prezdivka="Jola" jmeno="Zdeňka Lišková" pohlavi="holka"/>
		<clen id="martin" jmeno="Martin Tumpach" pohlavi="kluk"/>
		<clen id="kobliha" prezdivka="Kobliha" jmeno="Tomáš Knobloch" pohlavi="kluk"/>
		<clen id="betka" prezdivka="Bětka" jmeno="Alžběta Reitmaierová" pohlavi="holka"/>
		<clen id="fida" prezdivka="Fíďa" jmeno="Filip Děchtěrenko" pohlavi="kluk"/>
		<clen id="bzii" prezdivka="Bzíí" jmeno="Ivana Čurdová" pohlavi="holka"/>
		<clen id="vektor" prezdivka="Vektor" jmeno="Jakub Vaník" pohlavi="kluk"/>
		<clen id="suku" prezdivka="Suku" jmeno="Markéta Petrů" pohlavi="holka"/>
	</clenove>
	<skupiny>
		<!-- Kapytola -->
		<skupina id="kapytola">
			<nazev>Kapytola</nazev>
			<popis>Skupina Skrypta která vznikla v říjnu 2011.</popis>
			<clenove>
				<clen idref="terka"/>
				<clen idref="bohdan"/>
				<clen idref="neznalek"/>
				<clen idref="seby"/>
				<clen idref="dovile"/>
				<clen idref="kecal"/>
				<clen idref="ana_"/>
				<clen idref="veverka"/>
				<clen idref="jola"/>
				<clen idref="martin"/>
			</clenove>
			<schuzky>
				<!-- Improvizační schuzka -->
				<schuzka datum="2012-03-22T18:30:00" misto="Klubovna v Zelené">
					<tema>Improvizace</tema>
					<garant idref="jola"/>
					<pozvanka pocet_klicovych_slov="2"><![CDATA[
						Čeká nás schuzka plná <b>improvizačních her</b>.
						]]><klicove_slovo>improvizace</klicove_slovo>
						<klicove_slovo>hry</klicove_slovo>
					</pozvanka>
					<dochazka>
						<pritomni>
							<pritomny idref="ana_"/>
							<pritomny idref="martin"/>
							<pritomny idref="terka"/>
							<pritomny idref="dovile"/>
							<pritomny idref="jola"/>
						</pritomni>
						<omluveni>
							<omluveny idref="veverka"/>
						</omluveni>
					</dochazka>
					<kronikar idref="terka"/>
				</schuzka>
				<!-- Batikovací schuzka -->
				<schuzka datum="2012-02-29T18:30:00" misto="Domeček v bažině">
					<tema>Batikovací schuzka</tema>
					<garant idref="seby"/>
					<pozvanka pocet_klicovych_slov="2"><![CDATA[
						Tentokrát na bažině budeme vyrábět skryptí trika.
						]]><klicove_slovo>skryptí triko</klicove_slovo>
						<klicove_slovo>batikování</klicove_slovo>
					</pozvanka>
					<dochazka>
						<pritomni>
							<pritomny idref="dovile"/>
							<pritomny idref="seby"/>
							<pritomny idref="martin"/>
							<pritomny idref="veverka"/>
							<pritomny idref="neznalek"/>
							<pritomny idref="kecal"/>
							<pritomny idref="ana_"/>
							<pritomny idref="jola"/>
						</pritomni>
					</dochazka>
					<kronikar idref="ana_"/>
				</schuzka>
				<!-- Esperanto (academic level) -->
				<schuzka datum="2012-03-07T18:30:00" misto="Klubovna v Zelené">
					<tema>Esperanto</tema>
					<garant idref="seby"/>
					<pozvanka pocet_klicovych_slov="2"><![CDATA[
							<i><b>Esperanto</b></i> je umělý jazyk, který si klade za cíl zrovnoprávnit mezinárodní komunikaci. Navíc je velice snadné se ho naučit. Přijďte se o tom přesvědčit.
							]]><klicove_slovo>esperanto</klicove_slovo>
						<klicove_slovo>academic level</klicove_slovo>
					</pozvanka>
				</schuzka>
			</schuzky>
		</skupina>
		<!-- Stará skupina -->
		<skupina id="skrypta2008">
			<popis>Skupina Skrypty sdružující lidi, kteří přišli mezi lety 2008 a 2011.</popis>
			<clenove>
				<clen idref="neznalek"/>
				<clen idref="seby"/>
				<clen idref="veverka"/>
				<clen idref="martin"/>
				<clen idref="kobliha"/>
				<clen idref="betka"/>
				<clen idref="fida"/>
				<clen idref="bzii"/>
				<clen idref="vektor"/>
				<clen idref="suku"/>
			</clenove>
			<schuzky>
				<!-- Plánovací schuzka -->
				<schuzka datum="2012-03-07T18:30:00" misto="Klubovna v Zelené">
					<tema>Plánovací</tema>
					<garant idref="kobliha"/>
					<pozvanka pocet_klicovych_slov="1"><![CDATA[
							Je třeba si naplánovat schuzky na letní semestr. Přijďte v co nejhojnějším počtu!
							]]><klicove_slovo>plánování</klicove_slovo>
					</pozvanka>
				</schuzka>
				<!-- Problémy dneška (academic level) -->
				<schuzka datum="2012-03-14T18:30:00" misto="Klubovna v Zelené">
					<tema>Problémy dneška: Krize EU</tema>
					<garant idref="betka"/>
					<pozvanka pocet_klicovych_slov="2"><![CDATA[
							S hostem, odborníkem na Evropskou unii, si budeme povídat o problematice politické krize v Evropě.
							]]><klicove_slovo>academic level</klicove_slovo>
						<klicove_slovo>problémy dneška</klicove_slovo>
					</pozvanka>
				</schuzka>
			</schuzky>
		</skupina>
	</skupiny>
</kmen>
