<?xml version="1.0" encoding="UTF-8"?>
<!DOCTYPE autoservis SYSTEM "data.dtd">

<autoservis>
	<zakaznici>
		<zakaznik id="Z-1">
			<vuz id="V-1" typ="automobil" znacka="Lada" model="Niva" VIN="1M8GDM9AXKP042788"/>
			<vuz id="V-2" typ="automobil" znacka="Moskvic" model="423" VIN="1A8GDM9AXKP042788"/>
		</zakaznik>
	</zakaznici>

	<faktury>
		<faktura id="F-1" zaplacena="ANO">
			<ref_zakaznik id="Z-1"/>
			
			<polozky>
				<ref_zakazka id="O-1" cena="1000"/>
			</polozky>
		</faktura>
	</faktury>

	<zakazky>
		<oprava id="O-1">
			<ref_zakaznik id="Z-1"/>
			<ref_vuz id="V-2"/>

			<popis>
			    <![CDATA[
				    Nestartuje! Nelze ani roztlacit.
				]]>
			</popis>

			<log>
				<zprava datum="2012-01-01 16:32">
					Prijato od zakaznika.
				</zprava>
				<zprava datum="2012-01-02 16:32">
					Po inspekci zjisteno, ze uplne chybi motor.
				</zprava>
				<zprava datum="2012-02-03 11:22">
					Zakaznik dodal krabici, o ktere tvrdi, ze je v ni motor. <?dil "123ABCD"?>
				</zprava>
				<zprava datum="2012-02-04 08:33">
					Po inspekci zjisteno, ze to sice je motor, ale z uplne jineho vozu.
				</zprava>
				<zprava datum="2012-02-04 08:36">
					Motor se nepodarilo osadit.
				</zprava>
				<zprava datum="2012-02-04 08:45">
					Zakaznikovi sdeleno, aby si vuz odvezl na vlastni naklady.
				</zprava>
				<zprava datum="2012-02-07 09:01">
					Zakaznik pozadal o sesrotovani vozu na jeho naklady.
				</zprava>
				<zprava datum="2012-02-09 09:01">
					Vuz sesrotovan.
				</zprava>
				<zprava datum="2012-02-10 13:37">
					Vystavena faktura se standardni splatnosti. <faktura_ref id="F-1"/>
				</zprava>
				<zprava datum="2012-02-13 13:13">
					Castka prevedena na ucet. Zakazka uzavrena. 
				</zprava>

				<!-- to by ale ale fuska vymyslet 10 podelementu... :-D -->
			</log>
		</oprava>
		<kontrola id="P-1">
			<ref_zakaznik id="Z-1"/>
			<ref_vuz id="V-1"/>
			
			<popis>
				Pravidelna kontrola pri 500 &kkm;. 
			</popis>

			<log>
				<zprava datum="2012-03-01 09:33">
					Prijato od zakaznika.
				</zprava>
				<zprava datum="2012-03-02 11:11">
					Vymeneny rozvody a brzdove desticky.
				</zprava>
			</log>
		</kontrola>
	</zakazky>
</autoservis>
