<?xml version="1.0" encoding="UTF-8"?>
<firma>
	<Zamestnanci>
		<Zamestnanec Jmeno="Jan" Prijmeni="Novak">
			<Funkce>Reditel</Funkce>
			<Plat>30000</Plat>
			<Hodnoceni>1</Hodnoceni>
		</Zamestnanec>
		<Zamestnanec Jmeno="Emilie" Prijmeni="Krakova">
			<Funkce>PR</Funkce>
			<Plat>20000</Plat>
			<Hodnoceni>2</Hodnoceni>
		</Zamestnanec>
		<Zamestnanec Jmeno="Karel" Prijmeni="Volny">
			<Funkce>PR</Funkce>
			<Plat>25000</Plat>
			<Hodnoceni>2</Hodnoceni>
		</Zamestnanec>
		<Zamestnanec Jmeno="Pepa" Prijmeni="Pan">
			<Funkce>Uklizec</Funkce>
			<Plat>15000</Plat>
			<Hodnoceni>3</Hodnoceni>
		</Zamestnanec>
		<Zamestnanec Jmeno="Tereza" Prijmeni="Mala">
			<Funkce>Delnik</Funkce>
			<Plat>18000</Plat>
			<Hodnoceni>1</Hodnoceni>			
		</Zamestnanec>
		<Zamestnanec Jmeno="Jiri" Prijmeni="Jancik">
			<Funkce>Delnik</Funkce>
			<Plat>18500</Plat>
			<Hodnoceni>2</Hodnoceni>			
		</Zamestnanec>
	</Zamestnanci>
	<Vyrobky>		
		<Vyrobek Nazev="Antilopa">
			<Popis>Stroj na upravu obleceni</Popis>
		</Vyrobek>		
		<Vyrobek Nazev="Zebra">
			<Popis>Stroj na vyrobu obleceni</Popis>
		</Vyrobek>
	</Vyrobky>
</firma>