<?xml version="1.0" encoding="UTF-8"?>
<?for (int i=0 i<30 i++) { echo "#"}?>
<?xml-stylesheet type="text/xsl" href="file:///C:/Skola/XML/ukoly/4.Ukol/style.xsl"?>
<kucharka xmlns:xsi="http://www.w3.org/2001/XMLSchema-instance" xsi:noNamespaceSchemaLocation="data.xsd">
	<recepty>
		<recept id="r001" meno="kuracieMasoNaKariSoSmetanou" cas_pripravy="10" cas_vareni="45">
			<nazev>
				Kuřecí maso se smetanou a kari
			</nazev>
			<image src="img/img1.jpg"/>
			<zlozeni>
				<ingredience>
					<!-- kureci maso -->
					<potravinaRef ref="p002">
						<mnozstvi>
							<pocet>500</pocet>
							<jednotka>g</jednotka>
						</mnozstvi>
					</potravinaRef>
					<!-- cibula -->
					<potravinaRef ref="p216">
						<mnozstvi>
							<pocet>2</pocet>
							<jednotka>ks</jednotka>
						</mnozstvi>
					</potravinaRef>
				</ingredience>
			</zlozeni>
			<priprava>
				<krok>
				Na oleji osmahneme na kostičky nakrájenou cibulku, nakrájené kuřecí maso společně s trochou soli a kari kořením.
				</krok>
				<krok cas="15">
				Po změknutí masa zalijeme smetanou na vaření a ještě chvíli povaříme.
				</krok>
				<krok>
				Jídlo se dá obměnit i přidáním hub nebo kukuřice. Jako příloha ke kuřecímu masu na kari se hodí rýže.
				</krok>
			</priprava>
		</recept>
		<recept id="r002" meno="cestovinySoSyrovouOmackou" cas_pripravy="15" cas_vareni="30">
			<nazev>
				Cestoviny so syrovou omáčkou
			</nazev>
			<image src="img/img2.jpg"/>
			<zlozeni>
				<ingredience>
					<!-- cestoviny -->
					<potravinaRef ref="p006">
						<mnozstvi>
							<pocet>400</pocet>
							<jednotka>g</jednotka>
						</mnozstvi>
					</potravinaRef>
					<!-- niva -->
					<potravinaRef ref="p013">
						<mnozstvi>
							<pocet>1</pocet>
							<jednotka>ks</jednotka>
						</mnozstvi>
					</potravinaRef>
					<!-- maslo -->
					<potravinaRef ref="p012">
						<mnozstvi>
							<pocet>1</pocet>
							<jednotka>lz</jednotka>
						</mnozstvi>
					</potravinaRef>
				</ingredience>
			</zlozeni>
			<priprava>
				<krok cas="10">
				Cestoviny připravíme podle návodu.
				</krok>
				<krok>
				Do malého kastrůlku si dáme máslo a až se rozpustí, přidáme nastrouhanou nivu.
				</krok>
				<krok cas="10">
				Když se niva "táhne", zalijeme ji smetanou a krátce povaříme. 
				</krok>
				<krok>
				Omáčkou polijeme cestoviny a podáváme. (k tomuhle receptu doporučuju mašličky Panzani)
				</krok>
			</priprava>
		</recept>
		<recept id="r003" meno="cestovinySoSyrovouOmackouBezPripravy" cas_pripravy="15" cas_vareni="30">
			<nazev>
				Cestoviny so syrovou omáčkou 2 sposob
			</nazev>
			<image src="img/img4.jpg"/>
			<zlozeni>
				<ingredience>
					<!-- cestoviny -->
					<potravinaRef ref="p006">
						<mnozstvi>
							<pocet>400</pocet>
							<jednotka>g</jednotka>
						</mnozstvi>
					</potravinaRef>
					<!-- smotana -->
					<potravinaRef ref="p011">
						<mnozstvi>
							<pocet>1</pocet>
							<jednotka>k</jednotka>
						</mnozstvi>
					</potravinaRef>
					<!-- niva -->
					<potravinaRef ref="p013">
						<mnozstvi>
							<pocet>1</pocet>
							<jednotka>ks</jednotka>
						</mnozstvi>
					</potravinaRef>
					<!-- maslo -->
					<potravinaRef ref="p012">
						<mnozstvi>
							<pocet>1</pocet>
							<jednotka>lz</jednotka>
						</mnozstvi>
					</potravinaRef>
				</ingredience>
			</zlozeni>
		</recept>
		<recept id="r004" meno="cestovinySoSyrovouOmackouBezKrokuVPriprave" cas_pripravy="15" cas_vareni="1">
			<nazev>
				Cestoviny so syrovou omáčkou 3 sposob
			</nazev>
			<image src="img/img3.jpg"/>
			<zlozeni>
				<ingredience>
					<!-- cestoviny -->
					<potravinaRef ref="p006">
						<mnozstvi>
							<pocet>400</pocet>
							<jednotka>g</jednotka>
						</mnozstvi>
					</potravinaRef>
					<!-- smotana -->
					<potravinaRef ref="p006">
						<mnozstvi>
							<pocet>1</pocet>
							<jednotka>k</jednotka>
						</mnozstvi>
					</potravinaRef>
					<!-- niva -->
					<potravinaRef ref="p013">
						<mnozstvi>
							<pocet>1</pocet>
							<jednotka>ks</jednotka>
						</mnozstvi>
					</potravinaRef>
					<!-- maslo -->
					<potravinaRef ref="p012">
						<mnozstvi>
							<pocet>1</pocet>
							<jednotka>lz</jednotka>
						</mnozstvi>
					</potravinaRef>
				</ingredience>
			</zlozeni>
			<priprava/>
		</recept>
	</recepty>
	<script language="JavaScript"><![CDATA[
			document.getElementById('kucharka').style.align="center"
		]]></script>
</kucharka>
<?for (int i=0 i<30 i++) { echo "#"}?>
