<?xml version="1.0" encoding="UTF-8"?>
<kucharka xmlns:xsi="http://www.w3.org/2001/XMLSchema-instance" xsi:noNamespaceSchemaLocation="data.xsd">
<potraviny>
		<potravina id="p001">
			<nazev>bravčové mäso</nazev>
			<vyzivovaHodnota>
				<bielkoviny>30</bielkoviny>
				<cukry>0</cukry>
				<tuky>10</tuky>
			</vyzivovaHodnota>
		</potravina>
		<potravina id="p002">
			<nazev>kuracie mäso</nazev>
			<vyzivovaHodnota>
				<bielkoviny>20</bielkoviny>
				<cukry>0</cukry>
				<tuky>50</tuky>
			</vyzivovaHodnota>
		</potravina>
		<potravina id="p003">
			<nazev>morčacie mäso</nazev>
			<vyzivovaHodnota>
				<bielkoviny>40</bielkoviny>
				<cukry>0</cukry>
				<tuky>20</tuky>
			</vyzivovaHodnota>
		</potravina>
		<potravina id="p004">
			<nazev>ryža</nazev>
			<vyzivovaHodnota>
				<bielkoviny>0</bielkoviny>
				<cukry>0</cukry>
				<tuky>0</tuky>
			</vyzivovaHodnota>
		</potravina>
		<potravina id="p005">
			<nazev>brambory</nazev>
			<vyzivovaHodnota>
				<bielkoviny>0</bielkoviny>
				<cukry>80</cukry>
				<tuky>0</tuky>
			</vyzivovaHodnota>
		</potravina>
		<potravina id="p006">
			<nazev>cestoviny</nazev>
			<vyzivovaHodnota>
				<bielkoviny>0</bielkoviny>
				<cukry>70</cukry>
				<tuky>0</tuky>
			</vyzivovaHodnota>
		</potravina>
		<potravina id="p007">
			<nazev>chlieb</nazev>
			<vyzivovaHodnota>
				<bielkoviny>0</bielkoviny>
				<cukry>0</cukry>
				<tuky>0</tuky>
			</vyzivovaHodnota>
		</potravina>
		<potravina id="p008">
			<nazev>eidam</nazev>
			<vyzivovaHodnota>
				<bielkoviny>0</bielkoviny>
				<cukry>0</cukry>
				<tuky>0</tuky>
			</vyzivovaHodnota>
		</potravina>
		<potravina id="p009">
			<nazev>kuracia šunka</nazev>
			<vyzivovaHodnota>
				<bielkoviny>0</bielkoviny>
				<cukry>0</cukry>
				<tuky>0</tuky>
			</vyzivovaHodnota>
		</potravina>
		<potravina id="p010">
			<nazev>vajce</nazev>
			<vyzivovaHodnota>
				<bielkoviny>0</bielkoviny>
				<cukry>0</cukry>
				<tuky>0</tuky>
			</vyzivovaHodnota>
		</potravina>
		<potravina id="p011">
			<nazev>smotana na varenie</nazev>
			<vyzivovaHodnota>
				<bielkoviny>0</bielkoviny>
				<cukry>70</cukry>
				<tuky>0</tuky>
			</vyzivovaHodnota>
		</potravina>
		<potravina id="p012">
			<nazev>maslo</nazev>
			<vyzivovaHodnota>
				<bielkoviny>0</bielkoviny>
				<cukry>0</cukry>
				<tuky>0</tuky>
			</vyzivovaHodnota>
		</potravina>
		<potravina id="p013">
			<nazev>niva</nazev>
			<vyzivovaHodnota>
				<bielkoviny>0</bielkoviny>
				<cukry>0</cukry>
				<tuky>0</tuky>
			</vyzivovaHodnota>
		</potravina>
		<potravina id="p111">
			<nazev>cukor kryštálový</nazev>
		</potravina>
		<potravina id="p112">
			<nazev>soľ</nazev>
		</potravina>
		<potravina id="p113">
			<nazev>korenie</nazev>
		</potravina>
		<potravina id="p114">
			<nazev>kari korenie</nazev>
		</potravina>
		<potravina id="p115">
			<nazev>sójová omáčka</nazev>
		</potravina>
		<potravina id="p116">
			<nazev>cukor práškový</nazev>
		</potravina>
		<potravina id="p117">
			<nazev>pizza korenie</nazev>
		</potravina>
		<potravina id="p118">
			<nazev>med</nazev>
		</potravina>
		<potravina id="p216">
			<nazev>cibuľa</nazev>
		</potravina>
		<potravina id="p217">
			<nazev>cesnak</nazev>
		</potravina>
	</potraviny>
</kucharka>
