<?xml version="1.0" encoding="ISO-8859-2"?>
<kucharka xmlns:xsi="http://www.w3.org/2001/XMLSchema-instance" xsi:noNamespaceSchemaLocation="file:///C:/Skola/XML/ukoly/5.Ukol/data.xsd">
	<sekce meno="vsetky" id="s001">
		<sekce meno="maso" id="s003">
			<sekce meno="kureci maso" id="s004">
			</sekce>
			<sekce meno="kruti maso" id="s005">
			</sekce>
		</sekce>
		<sekce meno="testoviny" id="s002">
			<sekce meno="italske testoviny" id="s006">
			</sekce>
			<sekce meno="francouzske testoviny" id="s007">
			</sekce>
		</sekce>
	</sekce>
</kucharka>
