<?xml version="1.1" encoding="UTF-8"?>

<?textinfo alpha-ascending?>
<!-- XML Data -->
<Database xmlns:xsi="http://www.w3.org/2001/XMLSchema-instance" xsi:noNamespaceSchemaLocation="data.xsd">
	<Software>
		<Name softName="Photoshop" abbreviation="PS" latestVersion="CS5"></Name>
		<SoftwareNumber>1</SoftwareNumber>
		<SoftNumber>1</SoftNumber>
		<Type></Type>
		<Developer></Developer>
		<Licence>Free</Licence>
		<OS>
			<MacOS>Yes</MacOS>
			<Windows>
				<WinXP>Yes</WinXP>
				<Vista>Yes</Vista>
				<Win7>No</Win7>
				<Win8>Yes</Win8>
			</Windows>
			<Linux>Yes</Linux>
		</OS>
		<Describe>Nejznamejsi a nejpouzivanejsi graficky software na trhu.</Describe>
		<Publication publication="2011"></Publication>
		<Website>http://www.adobe.com/photoshop.html</Website>
		<Size>500</Size>
		<Rank>10</Rank>
	</Software>
	
	<Company>
		<CompanyName></CompanyName>
		<Seat>
			<Street>Technicka</Street>
			<Number number="250" secondNumber="15"></Number>
			<City>Los Angeles</City>
			<Country>California</Country>
		</Seat>
		<CompanyID id="Adobe"></CompanyID>
		<Specification>Specification</Specification>
	</Company>
</Database>