<?xml version="1.0" encoding="UTF-8"?>
<moon-gallery
    xmlns:xsi="http://www.w3.org/2001/XMLSchema-instance"
    xsi:noNamespaceSchemaLocation="data.xsd">
    <photos>
        <photo id="1" size="2234">
            <name>Image 1</name>
            <file>abcd.jpeg</file>
            <description>Lorem ipsum dolor sit amet</description>
        </photo>
        <photo id="6" size="1800" author="1">
            <name>Image X</name>
            <file>abcdX.jpeg</file>
            <description>Lorem ipsum dolor sit amet XX</description>
        </photo>
    </photos>
    <galleries>
        <gallery id="1">
            <name>First gallery</name>
            <contains type="gallery" id="2"/>
            <contains type="photo" id="1" />
        </gallery>
        <gallery id="2">
            <name>Another gallery</name>
            <contains type="photo" id="1" />
        </gallery>
    </galleries>
    <person id="1">
        <name>Martin Indra</name>
        <description>The only photographer!</description>
    </person>
    <person id="2">
        <name>Adam Smith</name>
        <description>Economist!</description>
    </person>
    <person id="3">
        <name>Adam Smith junior</name>
        <description>Economist's son!</description>
    </person>
    <user id="1" person="1">
        <login nick="Indy" password="password" />
    </user>
    <user id="2" person="2">
        <login nick="Adam" password="password" />
    </user>
</moon-gallery>
