<?xml version="1.0" encoding="UTF-8"?>
<news>
	<documents>
		<articles>
			<article>
				<authorRef ref="A14"/>
				<authorSign>
				Marek Janecek
				</authorSign>
				<themeRef ref="T91"/>
				<themeString>
				sport
				</themeString>
				<date>
					<day>
					23
					</day>
					<month>
					3
					</month>
					<year>
					2011
					</year>
				</date>
				<firstValidDate>
					<day>
					23
					</day>
					<month>
					3
					</month>
					<year>
					2011
					</year>
				</firstValidDate>
				<lastValidDate>
					<day>
					23
					</day>
					<month>
					5
					</month>
					<year>
					2011
					</year>
				</lastValidDate>
				<identifier>
				plo36
				</identifier>
				<title>
				Horkovzdusne balony v Hradci
				</title>
				<text language="czech">
				Cely vikend probiha v Hradci Kralove akce pri ktere si kdokoliv muze zkusit zdarma let horkovzdusnym balonem.
				</text>
				<reservation type="newspaper"/>
				<?renderer standard?>
			</article>
			<article>
				<authorRef ref="A14"/>
				<authorSign>
				Marek Janecek
				</authorSign>
				<themeRef ref="T91"/>
				<themeString>
				sport
				</themeString>
				<date>
					<day>
					30
					</day>
					<month>
					3
					</month>
					<year>
					2010
					</year>
				</date>
				<firstValidDate>
					<day>
					30
					</day>
					<month>
					5
					</month>
					<year>
					2011
					</year>
				</firstValidDate>
				<lastValidDate>
					<day>
					30
					</day>
					<month>
					6
					</month>
					<year>
					2011
					</year>
				</lastValidDate>
				<identifier>
				plo54
				</identifier>
				<title>
				Silnicni zavody.
				</title>
				<text language="slovakian">
				Svetova jednicka se zucastnila exhibice v Presove.
				</text>
				<reservation type="internet"/>
				<?renderer standard?>
			</article>
		</articles>
	</documents>
</news>
