<?xml version="1.0" encoding="UTF-8" standalone="no"?>

<dokument xmlns:xsi="http://www.w3.org/2001/XMLSchema-instance" xsi:noNamespaceSchemaLocation="data.xsd">
	
	<seznam_aukcí>
		<aukce id="24654" zaplacená="ne" stav="nevyzvednutá">
			<název>Katalog razítek Německých kolonií</název>
			<datum_od>2012-03-25T16:45:20.00</datum_od>
			<datum_do>2012-04-13T22:00:00.00</datum_do>			
			<kategorie>Literatura a Pomůcky</kategorie>
			<cena kolik="918">CZK</cena>
		</aukce>
		
		<aukce id="43136" zaplacená="ano" stav="zasláno poštou">
			<název>Partie celistvostí</název>
			<datum_od>2012-02-08T15:38:19.00</datum_od>
			<datum_do>2012-02-25T22:00:00.00</datum_do>			
			<kategorie>Celistvostí a Listiny</kategorie>
			<cena kolik="224">CZK</cena>
		</aukce>
				
		<aukce id="44146" zaplacená="ano" stav="nevyzvednutá">
			<název>ČSR I, 47 PFalzum</název>
			<datum_od>2012-03-17T09:17:10.00</datum_od>
			<datum_do>2012-04-01T22:00:00.00</datum_do>			
			<kategorie>Celistvostí a Listiny</kategorie>
			<cena kolik="100">CZK</cena>
		</aukce>
		
	</seznam_aukcí>

	<příhozy>
		<příhoz id="id_1" výše="950">
			<zákazník>
				<jméno>Pavel Zajíček</jméno>
				<adresa>Hopsálkova 23, Ušálkov, 35442, ČR</adresa>
			</zákazník>
			<id_aukce idfk="43136" />
		</příhoz>
		
		<příhoz id="id_2" výše="100">
			<zákazník>
				<jméno titul="Doc.">Jenda Všeználek</jméno>
				<adresa>Chytrákova 5, Praha 5, 15500, ČR</adresa>
			</zákazník>
			<id_aukce idfk="44146" />
		</příhoz>
		
		<příhoz id="id_3" výše="150">
			<zákazník>
				<jméno>Bonifác Všetečka</jméno>
				<adresa>Sněžných mužů 12, Sibiř, 69715, Rusko</adresa>
			</zákazník>
			<id_aukce idfk="44146" />
		</příhoz>
		
	</příhozy>
</dokument>