<?xml version="1.0"?>

<legie xmlns:xsi="http://www.w3.org/2001/XMLSchema-instance" xsi:noNamespaceSchemaLocation="data.xsd">
	<jmeno>Augusta</jmeno>
	<cislo>II.</cislo>
	<provincie><jmeno>britanie</jmeno></provincie>
	
	<text autor="Tiberius Cornelius Felix">
		ukxhwukasgdukdbeask
	</text>
	
	<vojak narodnost="rimska" cislo="1">
		<vek>18</vek>
		<jmenorimske>
			<praenomen>Marcus</praenomen>
			<nomen>Iunius</nomen>
			<cognomen>Brutus</cognomen>
		</jmenorimske>
	</vojak>
	
	<vojak narodnost="helenska" cislo="2">
		<vek>18</vek>
		<jmenohelenske>
			<jmeno>Nikias</jmeno>
			<jmenootce>Nikerat</jmenootce>
		</jmenohelenske>
	</vojak>
</legie>