<?xml version="1.0" encoding="UTF-8"?>
<!DOCTYPE football_club SYSTEM "data.dtd">
<football_club>
	<club_name>FC Barcelona</club_name>
	<nickname>Barca</nickname>
	<capital>1000000000</capital>
	<address>
		<street>Macba</street>
		<street_no>1</street_no>
		<city>Barcelona</city>
		<postal_no>11111</postal_no>
	</address>
	<contact>
		<email>fcb@fcb.com</email>
		<phone>123456789</phone>
		<url>www.fcb.com</url>
	</contact>
	<!-- stadion -->
	<stadion>
		<st_name>Camp Nou</st_name>
		<seats>100000</seats>
		<address>
			<street>Macba</street>
			<street_no>1</street_no>
			<city>Barcelona</city>
			<postal_no>11111</postal_no>		
		</address>
		<contact>
			<email>fcb@fcb.com</email>
			<phone>123456789</phone>
			<url>www.fcb.com</url>
		</contact>
	</stadion>
	<!-- team -->
	<team id="t0" name="A team">
		<members>
			<!--PLAYERS-->
			<player_list>
				<!--Player0-->
				<player id="p0" photo="" injury="no" position="forward">
					<name>
						<first_name>Lionel</first_name>
						<surname>Messi</surname>				
					</name>
					<phone></phone>
					<age>25</age>
					<statistics>
						<goals>200</goals>
					</statistics>
				</player>
				<!--Player1-->
				<player id="p1" photo="" injury="no" position="midfielder">
					<name>
						<first_name>Xavi</first_name>
						<surname>Hernandez</surname>				
					</name>
					<phone>456789123</phone>
					<age>30</age>
					<statistics>
						<goals>20</goals>
					</statistics>
				</player>
				<!--Player2-->
				<player id="p2" photo="abc" injury="yes" position="forward">
					<name>
						<first_name>Cesc</first_name>
						<surname>Fabregas</surname>				
					</name>
					<phone></phone>
					<age>24</age>
					<statistics>
						<goals>32</goals>
					</statistics>
				</player>
				<!--Player3-->
				<player id="p3" photo="" injury="no" position="defender">
					<name>
						<first_name>Carles</first_name>
						<surname>Puyol</surname>				
					</name>
					<phone></phone>
					<age>35</age>
					<statistics>
						<goals>5</goals>
					</statistics>
				</player>
				<!--Player4-->
				<player id="p4" photo="" injury="no" position="midfielder">
					<name>
						<first_name>Andres</first_name>
						<surname>Iniesta</surname>				
					</name>
					<phone>987654321</phone>
					<age>23</age>
					<statistics>
						<goals>43</goals>
					</statistics>
				</player>
				<!--Player5-->
				<player id="p5" photo="" injury="yes" position="forward">
					<name>
						<first_name>David</first_name>
						<surname>Villa</surname>				
					</name>
					<phone></phone>
					<age>27</age>
					<statistics>
						<goals>123</goals>
					</statistics>
				</player>
				<!--Player6-->
				<player id="p6" photo="" injury="no" position="defender">
					<name>
						<first_name>Dani</first_name>
						<surname>Alves</surname>				
					</name>
					<phone></phone>
					<age>31</age>
					<statistics>
						<goals>12</goals>
					</statistics>
				</player>
				<!--Player7-->
				<player id="p7" photo="" injury="no" position="goalkeeper">
					<name>
						<first_name>Victor</first_name>
						<surname>Valdes</surname>				
					</name>
					<phone></phone>
					<age>34</age>
					<statistics>
						<goals>1</goals>
					</statistics>
				</player>
				<!--Player8-->
				<player id="p8" photo="jalba" injury="no" position="defender">
					<name>
						<first_name>Jordi</first_name>
						<surname>Alba</surname>				
					</name>
					<phone></phone>
					<age>20</age>
					<statistics>
						<goals>3</goals>
					</statistics>
				</player>
				<!--Player9-->
				<player id="p9" photo="" injury="no" position="defender">
					<name>
						<first_name>Gerard</first_name>
						<surname>Pique</surname>				
					</name>
					<phone>123154645</phone>
					<age>33</age>
					<statistics>
						<goals>5</goals>
					</statistics>
				</player>
			</player_list>
			<!--COACHES-->
			<coach_list>
				<!--Coach0-->
				<coach id="c0" photo="">
					<name>
						<first_name>Pep</first_name>
						<surname>Guardiola</surname>				
					</name>
					<phone>777777777</phone>
					<age>50</age>
				</coach>
				<!--Coach1-->
				<coach id="c1" photo="">
					<name>
						<first_name>Aureli</first_name>
						<surname>Altimiraz</surname>				
					</name>
					<phone>888888888</phone>
					<age>60</age>
				</coach>
			</coach_list>
			<!--OTHERS-->
			<other_list>
				
			</other_list>
			<injured_players>
				<i_player id="p5"/>
				<i_player id="p2"/>
			</injured_players>				
		</members>
		<training_days>
			<day>Monday</day>
			<day>Wednesday</day>
			<day>Friday</day>
		</training_days> 
	</team>
	<message>
		The best player is <playerr id="p0"/>!!! &slogan;
	</message>
	<message>
		<?php echo "Hello";?>
	</message>
	<![CDATA[
	Here is Messi XML:
	<player id="p0" photo="" injury="no" position="forward">
					<name>
						<first_name>Lionel</first_name>
						<surname>Messi</surname>				
					</name>
					<phone></phone>
					<age>25</age>
					<statistics>
						<goals>200</goals>
					</statistics>
				</player>
	]]>

	
	 
</football_club>