<?xml version="1.0" encoding="utf8"?>
<!DOCTYPE eshop SYSTEM "data.dtd">

<eshop>
	<!-- Company which owns this eshop -->
	<company>
		&company_name;
	</company>
	
	<!-- Table of permissions that can be attached to roles -->
	<permissions>
		<permission id="p_1" description="access administration"/>
		<permission id="p_2" description="modify orders"/>
		<permission id="p_3" description="modify employees"/>
		<permission id="p_4" description="modify categories"/>
		<permission id="p_5" description="modify products"/>					
	</permissions>
	
	<!-- Roles for employees --> 
	<roles>
		<role id="r_admin" attached_permissions="p_1 p_2 p_3 p_4 p_5">Administrator</role>
		<role id="r_owner" attached_permissions="p_2 p_3 p_4 p_5">Shop owner</role>
		<role id="r_order_assistant" attached_permissions="p_2">Orders assistant</role>
		<role id="r_shop_assistant" attached_permissions="p_4 p_5">Shop assistant</role>
	</roles>
	
	<!-- Employees of the eshop -->
	<employees>
		<employee id="e_1" role_id="r_admin">
			<name>Clark Kent</name>
			<email>admin@eshop.com</email>
		</employee>
		<employee id="e_2" role_id="r_owner">
			<name>John Carter</name>
			<email>john@eshop.com</email>
		</employee>
		<employee id="e_3" role_id="r_order_assistant">
			<name>Tony Stark</name>
			<email>ironman@eshop.com</email>
		</employee>
		<employee id="e_4" role_id="r_shop_assistant">
			<name>Natalie Cook</name>
			<email>naty@eshop.com</email>
		</employee>
		<employee id="e_5" role_id="r_shop_assistant">
			<name>Dylan Sanders</name>
			<email>sanders@eshop.com</email>
		</employee>
		<employee id="e_6" role_id="r_shop_assistant">
			<name>Alex Munday</name>
			<email>lex@eshop.com</email>
		</employee>
	</employees>
	
	<!-- Categories where products are organized -->
	<categories>
		<category id="c_root" name="root">
		
			<category id="c_1" name="Mobile phones">
				<category id="c_1_1" name="Android">	
					<item product_id="i_4"/>
					<item product_id="i_5"/>
				</category>
				
				<category id="c_1_2" name="Windows">				
					<item product_id="i_6"/>
				</category>
				
				<category id="c_1_3" name="Apple iOS">				
					<item product_id="i_7"/>
				</category>				
			</category>
			
			<category id="c_2" name="Computers">
				<category id="c_2_1" name="Notebooks">
					<item product_id="i_1"/>
					<item product_id="i_2"/>
				</category> 
				
				<category id="c_2_2" name="Desktops">
					<item product_id="i_3"/>
				</category>				
			</category>
			
		</category>  
	</categories>
	
	<!-- Products that are available in eshop -->
	<products>
		<product id="i_1" name="Acer Aspire E1" price="9500">
			<description>
				<![CDATA[
					<cpu>2.2Ghz</cpu>
					<ram>4GB</ram>
				]]>
				Moderní notebook pro kancelářské nasazení.
			</description>			
		</product>
		<product id="i_2" name="HP ProBook 4740s" price="20000">			
			<description>
				<![CDATA[
					<cpu>2.6Ghz</cpu>
					<ram>6GB</ram>
				]]>
				Kvalitní notebook pro náročné.
			</description>	
		</product>
		<product id="i_3" name="DELL Precision T1650" price="37330">
			<description>
				<![CDATA[
					<cpu>3.8Ghz</cpu>
					<ram>8GB</ram>
				]]>
				Výkonná pracovní stanice.
			</description>	
		</product>
		<product id="i_4" name="Samsung GALAXY S III" price="12400"/>
		<product id="i_5" name="HTC One X" price="14500"/>
		<product id="i_6" name="Windows Phone 8X" price="13200"/>
		<product id="i_7" name="Apple iPhone 5" price="21000"/>
	</products>
	 
	<!-- Orders which were made by customers -->
	<orders> 
		<order id="o_1" date="4-3-2013" customer_id="m_1">
			<entry product_id="i_3" count="3"/>
			<entry product_id="i_1"/>
		</order>
		
		<order id="o_2" date="2-3-2013" customer_id="m_2">
			<entry product_id="i_7" count="15"/>			
		</order>
	</orders> 
	 
	<!-- Customers that has been registered -->
	<customers>
		<customer id="m_1"> 
			<name>Peter Parker</name>
			<city>New York</city>
			<phone>489789465</phone>
			<email>parker@gmail.com</email> 
		</customer>
		
		<customer id="m_2">
			<name>Bruce Wayne</name>
			<city>Gotham city</city> 
			<phone>256432899</phone>
		</customer>
	</customers> 
	
	<!-- Newsletters which were sent to customers -->
	<newsletters>	
		<newsletter id="n_1" duration="1-1-2012 25-3-2012">
			Zimní výprodej, slevy 10% na vše!!!
		</newsletter>
		<newsletter id="n_2" duration="1-1-2013 25-9-2013">
			Vyberte si z našeho širokého sortimentu spotřební elektroniky.
		</newsletter>
	</newsletters>
	
	<!-- Imports where product data came from -->
	<imports>
		<import name="localhost">	
			<?php importFromLocal("/imports"); ?>
		</import>
		<import name="friendsEshop">
			<?php importFromXML("http://friendsEshop.com/exportXML.php?auth=2323adf23r"); ?>
		</import>
	</imports>
	
	<!-- Rules for exporting products data -->
	<exports>
		<export bot="heureka" output="catalog/xml"/>
		<export bot="google" output="site-map/xml"/>
		<export bot="quest" output="no-permission/html"/>
	</exports>	 
	
</eshop>