﻿<?xml version="1.0" encoding="UTF-8"?>
<!DOCTYPE document SYSTEM "data.dtd">
<document>
        <knihovna id="knihovna1">
                <nazev>
                        Knihovna A
                </nazev>
                <knihy>
                        <zanr typ="sci-fi" /> <!-- rozdeleni knih podle zanr2u-->
                        <autor> <!-- autori -->
                                <jmeno> Isaac</jmeno>
                                <prijmeni>Asimov</prijmeni>
                                <datumNarozeni>
                                        <den>1</den>
                                        <mesic>1</mesic>
                                        <rok>1920</rok>
                                </datumNarozeni>
                                
                                <!-- seznam knih od daneho autora-->
                                <kniha elektronicky="ano"> 
                                        <nazevKnihy>A zrodí se nadace</nazevKnihy>
                                        <isbn>80-7094-237-1</isbn>
                                        <obal cesta="nadace1.jpg" />
                                        <rokVydaniKnihy>1947</rokVydaniKnihy>
                                        <popis>Pribeh z budoucnosti, s hlavními hrdiny <?php echo $postavy; ?></popis>
                                </kniha>
                                
                                <kniha elektronicky="ne"> 
                                        <nazevKnihy>Předehra k nadaci</nazevKnihy>
                                        <isbn>80-7094-237-2</isbn>
                                        <obal cesta="nadace2.jpg" />
                                        <rokVydaniKnihy>1948</rokVydaniKnihy>
                                        <popis>&stav;</popis>
                                </kniha>
                                
                                <kniha elektronicky="ano"> 
                                        <nazevKnihy>Nadace</nazevKnihy>
                                        <isbn>80-7094-237-3</isbn>
                                        <obal cesta="nadace3.jpg" />
                                        <rokVydaniKnihy>1949</rokVydaniKnihy>
                                        <popis>Pribeh z budoucnosti, s hlavními hrdiny <?php echo $postavy; ?></popis>
                                </kniha>
                                
                                <kniha elektronicky="ne"> 
                                        <nazevKnihy>Nadace a říše</nazevKnihy>
                                        <isbn>80-7094-237-4</isbn>
                                        <obal cesta="nadace4.jpg" />
                                        <rokVydaniKnihy>1950</rokVydaniKnihy>
                                        <popis>Pribeh z budoucnosti, s hlavními hrdiny <?php echo $postavy; ?></popis>
                                </kniha>
                                
                                <kniha elektronicky="ano"> 
                                        <nazevKnihy>Já, robot</nazevKnihy>
                                        <isbn>80-7094-237-5</isbn>
                                        <obal cesta="jarobot.jpg" />
                                        <rokVydaniKnihy>1951</rokVydaniKnihy>
                                        <popis>Pribeh z budoucnosti, s hlavními hrdiny <?php echo $postavy; ?></popis>
                                </kniha>
                                
                                <kniha elektronicky="ne"> 
                                        <nazevKnihy>Nadace a Země</nazevKnihy>
                                        <isbn>80-7094-237-6</isbn>
                                        <obal cesta="nadace6.jpg" />
                                        <rokVydaniKnihy>1952</rokVydaniKnihy>
                                        <popis>Pribeh z budoucnosti, s hlavními hrdiny <?php echo $postavy; ?></popis>
                                </kniha>
                                
                                <kniha elektronicky="ne"> 
                                        <nazevKnihy>Druhá nadace</nazevKnihy>
                                        <isbn>80-7094-237-7</isbn>
                                        <obal cesta="nadace7.jpg" />
                                        <rokVydaniKnihy>1953</rokVydaniKnihy>
                                        <popis>&stav;</popis>
                                </kniha>
                                
                                <kniha elektronicky="ne"> 
                                        <nazevKnihy>Mluvící kámen</nazevKnihy>
                                        <isbn>80-7094-237-8</isbn>
                                        <obal cesta="nadace8.jpg" />
                                        <rokVydaniKnihy>1954</rokVydaniKnihy>
                                        <popis>Pribeh z budoucnosti, s hlavními hrdiny <?php echo $postavy; ?></popis>
                                </kniha>
                                
                                <kniha elektronicky="ne"> 
                                        <nazevKnihy>Atom</nazevKnihy>
                                        <isbn>80-7094-237-9</isbn>
                                        <obal cesta="nadace9.jpg" />
                                        <rokVydaniKnihy>1955</rokVydaniKnihy>
                                        <popis>Pribeh z budoucnosti, s hlavními hrdiny <?php echo $postavy; ?></popis>
                                </kniha>
                                
                                <kniha elektronicky="ne"> 
                                        <nazevKnihy>Na hranicich nadace</nazevKnihy>
                                        <isbn>80-7094-238-1</isbn>
                                        <obal cesta="nadace10.jpg" />
                                        <rokVydaniKnihy>1956</rokVydaniKnihy>
                                        <popis>Pribeh z budoucnosti, s hlavními hrdiny <?php echo $postavy; ?></popis>
                                </kniha>
                        </autor>
                        
                        <!-- novy autor-->
                        <autor>
                                <jmeno> Karel</jmeno>
                                <prijmeni>Capek</prijmeni>
                                <datumNarozeni>
                                        <den>9</den>
                                        <mesic>1</mesic>
                                        <rok>1890</rok>
                                </datumNarozeni>
                                
                                <kniha elektronicky="ne"> 
                                        <nazevKnihy>RUR</nazevKnihy>
                                        <isbn>99-4594-237-4</isbn>
                                        <obal cesta="rur.jpg" />
                                        <rokVydaniKnihy>1939</rokVydaniKnihy>
                                        <popis>&stav;</popis>
                                </kniha>
                                
                        </autor>
                </knihy>
                <spravceKnihovny>
                        <jmeno>Jaroslav</jmeno>
                        <prijmeni>Medek</prijmeni>
                        <email><![CDATA[medek.jaro@gmail.com]]></email>
                </spravceKnihovny>
        </knihovna>
        
        <knihovna id="knihovna2">
                <nazev>
                        Knihovna B
                </nazev>
                <knihy>
                        <zanr typ="sci-fi" /> <!-- rozdeleni knih podle zanr2u-->
                        <autor> <!-- autori -->
                                <jmeno> Philip</jmeno>
                                <prijmeni>Kindred Dick</prijmeni>
                                <datumNarozeni>
                                        <den>1</den>
                                        <mesic>1</mesic>
                                        <rok>1948</rok>
                                </datumNarozeni>
                                
                                <!-- seznam knih od daneho autora-->
                                <kniha elektronicky="ano"> 
                                        <nazevKnihy>Temny obraz</nazevKnihy>
                                        <isbn>80-7094-237-1</isbn>
                                        <obal cesta="obraz.jpg" />
                                        <rokVydaniKnihy>1947</rokVydaniKnihy>
                                        <popis>Pribeh z budoucnosti, s hlavními hrdiny <?php echo $postavy; ?></popis>
                                </kniha>
                                <kniha elektronicky="ano"> 
                                        <nazevKnihy>Blade runner</nazevKnihy>
                                        <isbn>80-7094-267-1</isbn>
                                        <obal cesta="blade.jpg" />
                                        <popis>Pribeh z budoucnosti, s hlavními hrdiny <?php echo $postavy; ?></popis>
                                </kniha>
                        </autor>
              </knihy>
        </knihovna>
        
        <zprava>
                Kolik knih je v knihvne
                <ref id="knihovna1">A</ref>?
        </zprava>
        
</document>
