<?xml version="1.0" encoding="UTF-8"?>
<!--
    Document   : [01]cviceni.xml
    Created on : February 
    Author     : Luis Moreno, morenlui (a7b36xml)
    Description:
        Tento xml dokument reprezentuje podanou
        zadost o registraci noveho turnaje v kulecniku v kulecnikove
        herne. Zadost lze podat online.
-->

<!DOCTYPE poolTournament SYSTEM "data.dtd">
<poolTournament>

	<skript>
    <![CDATA[
    window.alert("Vyplnte prosim vsechna pole oznacena *");
    ]]>
	</skript>
	
    <!-- datum podani formulare -->
    <deliveryDate><?php echo Date("d.m.Y")?></deliveryDate>

    <!-- registrovany organizator turnaje-->
    <organizer id = "CK59976" gender = "male">
        <name>Luis</name>
        <surname>Moreno</surname>
        <age>23</age>
        
        <address>
            <street>Vanickova</street>
            <streetNumber>7</streetNumber>
            <city>Prague</city>
            <postcode>169 00</postcode>
            <country>Czech Republic</country>
            <tel>
                <code>420</code>
                <number>723 978 789</number>
            </tel>
            
            <tel>
                <code>420</code>
                <number>724 554 365</number>
            </tel>
            
        </address>
        <picture src="FacePicture.jpg"/>
    </organizer>

    <!-- parametry registrovaneho turnaje, ligovy (ano|ne), IDREF organizatora -->
    <tournamentParameters league="yes" organizer_id="CK59976">

        <!-- turnaj muze byt otevreny verejnosti nebo pouze pro cleny -->
        <privacy>public</privacy>

        <!-- zpusob vyrazovani -->
        <strikeOutType>spider</strikeOutType>

        <!-- genderove omezeni -->
        <genderFilter>mix</genderFilter>

        <!-- trvani turnaje -->
        <duration>
            <start>15.3.2012</start>
            <end>25.3.2012</end>
        </duration>

        <!-- misto odehrani turnaje -->
        <tournamentLocation>
            <street>Dlouha</street>
            <streetNumber>8</streetNumber>
            <city>Prague</city>
        </tournamentLocation>

        <!-- startovne -->
        <startingFee>
            <required>yes</required>
            <amount>250</amount>
            <currency>Czech Crowns</currency>
        </startingFee>

        <!-- pozadavky na hrace -->
        <playerRestrictions>
            <minimumAge>15</minimumAge>
            <rank>15</rank>
            <maxPlayers>150</maxPlayers>
        </playerRestrictions>

        <!-- parametry odmeny za vyhru -->
        <prix id="A1">
			<type>cup</type>
            <value>1500</value>
            <currency>Czech Crowns</currency>
        </prix>
        
                <!-- parametry odmeny za vyhru -->
        <prix id="A2">
            <type>cash</type>
            <value>3000</value>
            <currency>Czech Crowns</currency>
        </prix>
        
        <prix id="B2">
			<type>cash</type>
            <value>2000</value>
            <currency>Czech Crowns</currency>
        </prix>
        
        <prix id="B1">
			<type>cup</type>
            <value>1450</value>
            <currency>CzechCrowns</currency>
        </prix>                
        
        <web>&www;</web>

        <!-- parametry hry -->
        <gameInfo>
            <gameType>8-ball</gameType>

            <!-- kdo ma 1. stouch -->
            <startStroke>last winner</startStroke>

            <!-- rozhodci -->
            <referee licence="AKT-750649" age="51">
                <name>Jan</name>
                <surname>Rozhodci</surname>
                <rank>51</rank>
                <tel>
					<code>420</code>
					<number>724 597 315</number>
				</tel>
            </referee>
            
            <!--  rozhodci -->
            <referee licence="AKC-750598" age="35">
                <name>Petr</name>
                <surname>Janosik</surname>
                <rank>45</rank>
                <tel>
					<code>420</code>
					<number>721 477 115</number>
				</tel>                
            </referee>
            
            <!--  rozhodci -->
            <referee licence="APC-850491" age="29">
                <name>Roman</name>
                <surname>Jandak</surname>
                <rank>55</rank>
                <tel>
					<code>420</code>
					<number>721 477 115</number>
				</tel>                
            </referee>            
            
         </gameInfo>

        <note>Prosim o rezervaci baru po celou dobu trvani turnaje</note>
    </tournamentParameters>
</poolTournament>