<?xml version="1.0" ?>
	<!--<!DOCTYPE TYM SYSTEM "data.dtd"> -->
	
	
	<TYM NAZEV="ZDAR NAD SAZAVOU" ID_TYMU="_001">
		<!-- TRENERI -->
	<TRENER JMENO="PAVEL" PRIJMENI="VESELY" VEK="39" LICENCE="A" TYM="_001"></TRENER>
	<TRENER JMENO="PETR" PRIJMENI="VESELY" VEK="42" LICENCE="C"  TELEFON="735872314" TYM="_001"></TRENER>
	
	<!-- HRACI -->
<HRACI>
<HRAC JMENO="JAN" PRIJMENI="CIRKA" ID_HRACE="_1" VEK="22" POZICE="LIB" TYM="_001"></HRAC>
<HRAC JMENO="MIROSLAV" PRIJMENI="HUBL" ID_HRACE="_2" VEK="22" POZICE="BLOK" TYM="_001"></HRAC>
<HRAC JMENO="TOMAS" PRIJMENI="CHLADEK" ID_HRACE="_3" VEK="25" POZICE="BLOK" TYM="_001"></HRAC>
<HRAC JMENO="ONDREJ" PRIJMENI="TROJANEK" ID_HRACE="_4" VEK="30" POZICE="SMEC" TYM="_001"></HRAC>
<HRAC JMENO="MICHAL" PRIJMENI="MASA" ID_HRACE="_5" VEK="34" TYM="_001"></HRAC>
<HRAC JMENO="PETR" PRIJMENI="KADLEC" ID_HRACE="_6" VEK="24" TYM="_001"></HRAC>
<HRAC JMENO="JAKUB" PRIJMENI="TROJANEK" ID_HRACE="_7" VEK="22" TYM="_001"></HRAC>
<HRAC JMENO="VIT" PRIJMENI="SAMEK" ID_HRACE="_8" VEK="21" TYM="_001"></HRAC>
<HRAC JMENO="FILIP" PRIJMENI="NOVOTNY" ID_HRACE="_9" VEK="25" TYM="_001"></HRAC>
<HRAC JMENO="PETR" PRIJMENI="POCHOP" ID_HRACE="_10" VEK="30" TYM="_001"></HRAC>
<HRAC JMENO="TOMAS" PRIJMENI="SVOBODA" ID_HRACE="_11" VEK="30" TYM="_001"></HRAC>
</HRACI>



<VZKAZ_FANOUSKUM>
DNES JE: <?php echo Date("d.m.Y")?>
	
PRIJDTE NAS VSICHNI PODPORIT V SOBOTU DO HALY NA BOUCHALKACH
<![CDATA[
"!!!! dekujeme za podoru !!!"
]]>

<!--&AKTUALNE;-->
</VZKAZ_FANOUSKUM>

<!-- ZAPASY -->
<ZAPASY>
<ZAPAS DATUM="12-01-2013" ID_ZAPASU="_1001" >
<HRAJICI_HRACI>
<HRAJICI_HRAC ID_HRACE="_2" CISLO_DRESU="1" ID_TYMU="_001" >
    <POZNAMKA>VYSTRIDAN</POZNAMKA>
</HRAJICI_HRAC>
<HRAJICI_HRAC ID_HRACE="_3" CISLO_DRESU="2" ID_TYMU="_001" >
    <POZNAMKA>100% UTOK</POZNAMKA>
</HRAJICI_HRAC>
<HRAJICI_HRAC ID_HRACE="_4" CISLO_DRESU="3" ID_TYMU="_001" >
    <POZNAMKA>ZRANEN</POZNAMKA>
</HRAJICI_HRAC>
<HRAJICI_HRAC ID_HRACE="_5" CISLO_DRESU="4" ID_TYMU="_001" >
    <POZNAMKA>ZRANEN</POZNAMKA>
</HRAJICI_HRAC>
<HRAJICI_HRAC ID_HRACE="_7" CISLO_DRESU="5" ID_TYMU="_001" >
    <POZNAMKA>CHYBI LICENCNI KARTA</POZNAMKA>
</HRAJICI_HRAC>
<HRAJICI_HRAC ID_HRACE="_6" CISLO_DRESU="6" ID_TYMU="_001" >
    <POZNAMKA></POZNAMKA>
</HRAJICI_HRAC>
</HRAJICI_HRACI>
</ZAPAS>
<ZAPAS DATUM="12-02-2013" ID_ZAPASU="_1002" >
<HRAJICI_HRACI>
<HRAJICI_HRAC ID_HRACE="_2" CISLO_DRESU="1" ID_TYMU="_001" ><POZNAMKA>VYSTRIDAN</POZNAMKA></HRAJICI_HRAC>
<HRAJICI_HRAC ID_HRACE="_3" CISLO_DRESU="2" ID_TYMU="_001" ><POZNAMKA>VYSTRIDAN</POZNAMKA></HRAJICI_HRAC>
<HRAJICI_HRAC ID_HRACE="_4" CISLO_DRESU="3" ID_TYMU="_001" ><POZNAMKA>ZRANEN</POZNAMKA></HRAJICI_HRAC>
<HRAJICI_HRAC ID_HRACE="_5" CISLO_DRESU="4" ID_TYMU="_001" ><POZNAMKA>ZLOMENY PRST</POZNAMKA></HRAJICI_HRAC>
<HRAJICI_HRAC ID_HRACE="_9" CISLO_DRESU="5" ID_TYMU="_001" ><POZNAMKA></POZNAMKA></HRAJICI_HRAC>
<HRAJICI_HRAC ID_HRACE="_10" CISLO_DRESU="6" ID_TYMU="_001" ><POZNAMKA>ZLOMENE ZAPESTI</POZNAMKA></HRAJICI_HRAC>
</HRAJICI_HRACI>
</ZAPAS>

</ZAPASY>


<!-- SPONZORI -->

    <SPONZORI>
        <SPONZOR NAZEV="PKS" ID_SPONZORA="_4001" ROCNI_CASTKA="250000">
            <LOGO_NA_DRESU>PKS STAVBY</LOGO_NA_DRESU>
        </SPONZOR>
        <SPONZOR NAZEV="SPOMAT A&amp;Z" ID_SPONZORA="_4002" ROCNI_CASTKA="100000">
            <LOGO_NA_DRESU>SPOMAT - SPOJOVACI MATERIAL</LOGO_NA_DRESU>
        </SPONZOR>
    </SPONZORI>

<VYSLEDKY>
	<PORADI BODY="25" UMISTENI="_4"></PORADI>
</VYSLEDKY>
	</TYM>
	
	