<?xml version="1.0" encoding="UTF-8"?>

<letiste nazev="Letiste Naima vysněného">
	<adresa>
		<stat>CZE</stat>
		<mesto><?php echo "Praha"?></mesto>
		<ulice>Cihlarska</ulice>
		<cisloPopisne>13</cisloPopisne>
		<smerovaciCislo>190 01</smerovaciCislo>
	</adresa>
	<terminaly>
		<terminal cislo="_1">
			<popis><![CDATA[
				>>>>>Terminál pro vnitrostátní lety<<<<<<<
				]]></popis>
			<!-- 
			     Vzhledem k tomu, že Odlety a Přílety se liší pouze tím, jestli je to odlet nebo přílet
			     a všechny ostatní sbírané informace jsou stejné, tak jsem si vymyslel nové slovo 
			     PRIDLETY, kterým označuji oboje, přílety i odlety. 
			     Každý "pridlet" má atribut, který rozliši mezi příletem a odletem.
			     -->
			<pridlety>
				<!-- Prilet Miami -> Praha -->
				<pridlet prilet="ANO" cisloLetu="IOS2134" cas="23:00:00" datum="21.3.2014" spozdeni="0" destinace="Miami" terminal="_1">
					<letadlo cislo="CzechAirlines;3165" typ="Boing 747" kodPosadky="72514"/>
					<pasazeri>
						<pasazer jmeno="David Conka" zavazadlo="NE"/>
						<pasazer jmeno="Petr Mikulec" zavazadlo="ANO"/>
						<pasazer jmeno="David Riha" zavazadlo="ANO"/>
						<pasazer jmeno="Adam Maly" zavazadlo="NE"/>
						<pasazer jmeno="Nina Zajicova" zavazadlo="NE"/>
						<pasazer jmeno="Zdena Zwingerova" zavazadlo="ANO"/>
					</pasazeri>
				</pridlet>
				<!-- Prilet Berlin -> Praha -->
				<pridlet prilet="ANO" cisloLetu="IOS8764" cas="12:16:00" datum="23.3.2014" spozdeni="0" destinace="Berlin" terminal="_1">
					<letadlo cislo="Lufthanza;7206" typ="Boing 747" kodPosadky="82524"/>
					<pasazeri>
						<pasazer jmeno="Josef Samek" zavazadlo="ANO"/>
						<pasazer jmeno="Naim Ashhab" zavazadlo="NE"/>
                        <pasazer jmeno="Naim Ashhab" zavazadlo="NE"/>
                        <pasazer jmeno="Naim Ashhab" zavazadlo="NE"/>
						<pasazer jmeno="Marie Fialova" zavazadlo="ANO"/>
						<pasazer jmeno="David Prokop" zavazadlo="ANO"/>
					</pasazeri>
				</pridlet>
				<!-- Odlet Praha -> Viden -->
				<pridlet prilet="NE" cisloLetu="IOS527" cas="09:05:00" datum="13.3.2014" spozdeni="60" destinace="Viden" terminal="_1">
					<letadlo cislo="BritishAirways;7654" typ="Boing 777" kodPosadky="31739"/>
					<pasazeri>
						<pasazer jmeno="Petr Sykora" zavazadlo="NE"/>
						<pasazer jmeno="Matej Zajic" zavazadlo="ANO"/>
						<pasazer jmeno="Lubos Marinak" zavazadlo="NE"/>
						<pasazer jmeno="Tomasso Pravenec" zavazadlo="ANO"/>
						<pasazer jmeno="Lubos Bludistak" zavazadlo="ANO"/>
						<pasazer jmeno="Michal Stanek" zavazadlo="NE"/>
						<pasazer jmeno="Lubin Bankovka" zavazadlo="ANO"/>
						<pasazer jmeno="Mars Tribitka" zavazadlo="ANO"/>
						<pasazer jmeno="Bobin Fajfka" zavazadlo="NE"/>
						<pasazer jmeno="Lada Zeman" zavazadlo="ANO"/>
						<pasazer jmeno="Pepa Kalensky" zavazadlo="ANO"/>
					</pasazeri>
				</pridlet>
			</pridlety>
		</terminal>
		<terminal cislo="_2">
			<popis><![CDATA[
				>>>>>Terminál pro mezinárodní lety<<<<<<<
				]]></popis>
			<pridlety>
            </pridlety>
		</terminal>
		<terminal cislo="_3">
			<popis><![CDATA[
				>>>>>Terminál pro osobní lety<<<<<<<
				]]></popis>
			<pridlety/>
		</terminal>
	</terminaly>
</letiste>
