<?xml version="1.0" encoding="UTF-8"?>
<!DOCTYPE events SYSTEM "data.dtd">
<events>
	<artists> <!-- The definitions of the artists used -->
		<artist id="artist_1">
			<name>Horkyze Slize</name>
			<country>Slovakia</country>
		</artist>
		<artist id="artist_2">
			<name>Chiki liki tu-a</name>
			<country>Slovakia</country>
		</artist>
		<artist id="artist_3">
			<name>Polemic</name>
			<country>Slovakia</country>
		</artist>
		<artist id="artist_4">
			<name>Kabat</name>
			<country>Czech rep.</country>
		</artist>
		<artist id="artist_5">
			<name>Chinaski</name>
			<country>Czech rep.</country>
		</artist>
		<artist id="artist_6">
			<name>Karel Plihal</name>
			<country>Czech republic</country>
		</artist>
		<artist id="artist_7">
			<name>Guns &apos;n Roses</name> <!-- entity usage -->
			<country>USA</country>
		</artist>
		<artist id="artist_8">
			<name>Avenged Sevenfold</name>
			<country>USA</country>
		</artist>
		<artist id="artist_9">
			<name>The Beatles</name>
			<country>England</country>
		</artist>
		<artist id="artist_10">
			<name>No Name</name>
			<country>Slovakia</country>
		</artist>
	</artists>

	<concerts>
	
		<concert id="concert_1">
			<title>Horkye Slize &amp; Chiki liki</title> <!-- entity usage -->
			<artist_list>
				<artist_ref a_id="artist_1"/>
				<artist_ref a_id="artist_2"/>
			</artist_list>
			<venue>
				<name>Lucerna Music Bar</name>
				<address>
					<street></street>
					<city>Prague</city>
				</address>
			</venue>
			<annotation>
				Artists <ref artist_ref="artist_1"/> is performing for the first time in Prague.
			</annotation>
			<description>
				<![CDATA[
					a longer description
					a longer description part 2

				]]>
				
				&work;
			</description>
			<internal_message>
				<?php echo Date("d.m.Y"); aGreatFunctionCall(); ?>
			</internal_message>
		</concert>
		
		<concert id="concert_2" isFestival="yes">
			<title>Summer Festival</title>
			<headliners>
				<artist_ref a_id="artist_4"></artist_ref>
			</headliners>
			<artist_list>
				<artist_ref a_id="artist_4"/>
				<artist_ref a_id="artist_6"/>
				<artist_ref a_id="artist_7"/>
				<artist_ref a_id="artist_8"/>
				<artist_ref a_id="artist_9"/>
			</artist_list>
			<venue>
				<name>Vypich</name>
				<address>
					<street></street>
					<city>Prague</city>
				</address>
			</venue>
			<annotation>
				A great festival.
			</annotation>
			<description>
				<![CDATA[
					a longer description
					a longer description part 2
					...
				]]>
				&work;
			</description>
			<internal_message>m</internal_message>
			<x1/>
			<x2/>
			<x3/>
		</concert>
		
	</concerts>
	
	<expositions>
	</expositions>

</events>