<?xml version="1.0" encoding="utf-8"?>
<!-- korenovy element -->
<videopujcovna>
    <!-- seznam vypujcek -->
    <vypujcky>
        <vypujcka vid="1">
            <polozka fid_ref="2" />
            <polozka fid_ref="4" />
            <polozka fid_ref="5" />
        </vypujcka>
    </vypujcky>
    
    <!-- seznam filmu-->
    <filmy>
        <!-- film 1 -->
        <film fid="1" barevny="true">
            <titul>Vykoupení z věznice Shawshank</titul>
            <rok>1994</rok>
            <zanry>
                <zanr>Drama</zanr>
            </zanry>
            <staty>
                <stat>USA</stat>
                <stat>ČR</stat>
            </staty>
            <delka>142 min</delka>
            <rezie>
                <reziser>Frank Darabont</reziser>
            </rezie>
            <herci>
                <herec>
                    <jmeno>Tim</jmeno>
                    <prijmeni>Robbins</prijmeni>
                </herec>
                <herec>
                    <jmeno>Morgan</jmeno>
                    <prijmeni>Freeman</prijmeni>
                </herec>
                <herec>
                    <jmeno>Bob</jmeno>
                    <prijmeni>Gunton</prijmeni>
                </herec>
                <herec>
                    <jmeno>William</jmeno>
                    <prijmeni>Sadler</prijmeni>
                </herec>
                <herec>
                    <jmeno>Clancy</jmeno>
                    <prijmeni>Brown</prijmeni>
                </herec>
                <!-- ... -->
            </herci>
            <dabing value="cz" />
        </film>
        <!-- film 2 -->
        <film fid="2" barevny="true">
            <titul>Forrest Gump</titul>
            <rok>1994</rok>
            <zanry>
                <zanr>Drama</zanr>
                <zanr>Komedie</zanr>
                <zanr>Romantický</zanr>
            </zanry>
            <staty>
                <stat>USA</stat>
                <stat>Brazílie</stat>
                <stat>Kanada</stat>
            </staty>
            <delka>142 min</delka>
            <rezie>
                <reziser>Robert Zemeckis</reziser>
            </rezie>
            <herci>
                <herec>
                    <jmeno>Tom</jmeno>
                    <prijmeni>Hanks</prijmeni>
                </herec>
                <herec>
                    <jmeno>Robin</jmeno>
                    <prijmeni>Wright</prijmeni>
                </herec>
                <herec>
                    <jmeno>Gary</jmeno>
                    <prijmeni>Sinise</prijmeni>
                </herec>
                <herec>
                    <jmeno>Mykelti</jmeno>
                    <prijmeni>Williamson</prijmeni>
                </herec>
                <herec>
                    <jmeno>Sally</jmeno>
                    <prijmeni>Field</prijmeni>
                </herec>
                <!-- ... -->
            </herci>
            <dabing value="cz" />
        </film>
        <!-- film 3 -->
        <film fid="3" barevny="true">
            <titul>Přelet nad kukaččím hnízdem</titul>
            <rok>1975</rok>
            <zanry>
                <zanr>Drama</zanr>
            </zanry>
            <staty>
                <stat>USA</stat>
            </staty>
            <delka>133 min</delka>
            <rezie>
                <reziser>Milos Forman</reziser>
            </rezie>
            <herci>
                <herec>
                    <jmeno>Jack</jmeno>
                    <prijmeni>Nicholson</prijmeni>
                </herec>
                <herec>
                    <jmeno>Louise</jmeno>
                    <prijmeni>Fletcher</prijmeni>
                </herec>
                <herec>
                    <jmeno>Michael</jmeno>
                    <prijmeni>Berryman</prijmeni>
                </herec>
                <herec>
                    <jmeno>Scatman</jmeno>
                    <prijmeni>Crothers</prijmeni>
                </herec>
                <herec>
                    <jmeno>Danny</jmeno>
                    <prijmeni>DeVito</prijmeni>
                </herec>
                <!-- ... -->
            </herci>
            <dabing value="en" />
        </film>
        <!-- film 4 -->
        <film fid="4" barevny="true">
            <titul>Schindlerův seznam</titul>
            <rok>1993</rok>
            <zanry>
                <zanr>Drama</zanr>
                <zanr>Historický</zanr>
                <zanr>Válečný</zanr>
                <zanr>Životopisný</zanr>
            </zanry>
            <staty>
                <stat>USA</stat>
            </staty>
            <delka>195 min</delka>
            <rezie>
                <reziser>Steven Spielberg</reziser>
            </rezie>
            <herci>
                <herec>
                    <jmeno>Liam</jmeno>
                    <prijmeni>Neeson</prijmeni>
                </herec>
                <herec>
                    <jmeno>Ben</jmeno>
                    <prijmeni>Kingsley</prijmeni>
                </herec>
                <herec>
                    <jmeno>Ralph</jmeno>
                    <prijmeni>Fiennes</prijmeni>
                </herec>
                <herec>
                    <jmeno>Caroline</jmeno>
                    <prijmeni>Goodall</prijmeni>
                </herec>
                <herec>
                    <jmeno>Embeth</jmeno>
                    <prijmeni>Davidtz</prijmeni>
                </herec>
                <!-- ... -->
            </herci>
            <dabing value="cz" />
        </film>
        <!-- film 5 -->
        <film fid="5" barevny="true">
            <titul>Zelená míle</titul>
            <rok>1999</rok>
            <zanry>
                <zanr>Drama</zanr>
                <zanr>Mysteriózní</zanr>
                <zanr>Krimi</zanr>
            </zanry>
            <staty>
                <stat>USA</stat>
            </staty>
            <delka>188 min</delka>
            <rezie>
                <reziser>Frank Darabont</reziser>
            </rezie>
            <herci>
                <herec>
                    <jmeno>Tim</jmeno>
                    <prijmeni>Robbins</prijmeni>
                </herec>
                <herec>
                    <jmeno>Morgan</jmeno>
                    <prijmeni>Freeman</prijmeni>
                </herec>
                <herec>
                    <jmeno>Bob</jmeno>
                    <prijmeni>Gunton</prijmeni>
                </herec>
                <herec>
                    <jmeno>William</jmeno>
                    <prijmeni>Sadler</prijmeni>
                </herec>
                <herec>
                    <jmeno>Clancy</jmeno>
                    <prijmeni>Brown</prijmeni>
                </herec>
                <!-- ... -->
            </herci>
            <dabing value="cz" />
        </film>
        <!-- film 6 -->
        <film fid="6" barevny="true">
            <titul>Vykoupení z věznice Shawshank</titul>
            <rok>1994</rok>
            <staty>
                <stat>USA</stat>
            </staty>
            <delka>142 min</delka>
            <rezie>
                <reziser>Frank Darabont</reziser>
            </rezie>
            <herci>
                <herec>
                    <jmeno>Tom</jmeno>
                    <prijmeni>Hanks</prijmeni>
                </herec>
                <herec>
                    <jmeno>David</jmeno>
                    <prijmeni>Morse</prijmeni>
                </herec>
                <herec>
                    <jmeno>Bonnie</jmeno>
                    <prijmeni>Hunt</prijmeni>
                </herec>
                <herec>
                    <jmeno>Michael</jmeno>
                    <prijmeni>Clarke Duncan</prijmeni>
                </herec>
                <herec>
                    <jmeno>James</jmeno>
                    <prijmeni>Cromwell</prijmeni>
                </herec>
                <!-- ... -->
            </herci>
            <dabing value="en" />
        </film>
        <!-- film 7 -->
        <film fid="7" barevny="true">
            <titul>Kmotr</titul>
            <rok>1972</rok>
            <zanry>
                <zanr>Krimi</zanr>
                <zanr>Drama</zanr>
            </zanry>
            <staty>
                <stat>USA</stat>
            </staty>
            <delka>142 min</delka>
            <herci>
                <herec>
                    <jmeno>Marlon</jmeno>
                    <prijmeni>Brando</prijmeni>
                </herec>
                <herec>
                    <jmeno>Al</jmeno>
                    <prijmeni>Pacino</prijmeni>
                </herec>
                <herec>
                    <jmeno>James</jmeno>
                    <prijmeni>Caan</prijmeni>
                </herec>
                <herec>
                    <jmeno>Richard S.</jmeno>
                    <prijmeni>Castellano</prijmeni>
                </herec>
                <herec>
                    <jmeno>Robert</jmeno>
                    <prijmeni>Duvall</prijmeni>
                </herec>
                <!-- ... -->
            </herci>
            <dabing value="cz" />
        </film>
        <!-- film 8 -->
        <film fid="8" barevny="true">
            <titul>Sedm</titul>
            <rok>1995</rok>
            <zanry>
                <zanr>Thriller</zanr>
                <zanr>Krimi</zanr>
                <zanr>Drama</zanr>
                <zanr>Psychologický</zanr>
            </zanry>
            <staty>
                <stat>USA</stat>
            </staty>
            <delka>127 min</delka>
            <rezie>
                <reziser>David Fincher</reziser>
            </rezie>
            <herci>
                <herec>
                    <jmeno>Brad</jmeno>
                    <prijmeni>Pitt</prijmeni>
                </herec>
                <herec>
                    <jmeno>Morgan</jmeno>
                    <prijmeni>Freeman</prijmeni>
                </herec>
                <herec>
                    <jmeno>Gwyneth</jmeno>
                    <prijmeni>Paltrow</prijmeni>
                </herec>
                <herec>
                    <jmeno>R.</jmeno>
                    <prijmeni>Lee Ermey</prijmeni>
                </herec>
                <herec>
                    <jmeno>Andrew Kevin</jmeno>
                    <prijmeni>Walker</prijmeni>
                </herec>
                <!-- ... -->
            </herci>
            <dabing value="cz" />
        </film>
        <!-- film 9 -->
        <film fid="9" barevny="true">
            <titul>Dvanáct rozhněvaných mužů</titul>
            <rok>1957</rok>
            <zanry>
                <zanr>Drama</zanr>
                <zanr>Krimi</zanr>
            </zanry>
            <staty>
                <stat>USA</stat>
            </staty>
            <delka>96 min</delka>
            <rezie>
                <reziser>Sidney Lumet</reziser>
                <reziser>Edward Binns</reziser>
            </rezie>
            <herci>
                <herec>
                    <jmeno>Henry</jmeno>
                    <prijmeni>Fonda</prijmeni>
                </herec>
                <herec>
                    <jmeno>John</jmeno>
                    <prijmeni>Fiedler</prijmeni>
                </herec>
                <herec>
                    <jmeno>Lee J.</jmeno>
                    <prijmeni>Cobb</prijmeni>
                </herec>
                <herec>
                    <jmeno>Ed</jmeno>
                    <prijmeni>Begley</prijmeni>
                </herec>
                <herec>
                    <jmeno>E. G.</jmeno>
                    <prijmeni>Marshall</prijmeni>
                </herec>
                <!-- ... -->
            </herci>
            <dabing value="en" />
        </film>
        <!-- film 10 -->
        <film fid="10" barevny="false">
            <titul>Tenkrát na Západě</titul>
            <rok>1968</rok>
            <zanry>
                <zanr>Western</zanr>
            </zanry>
            <staty>
                <stat>Italie</stat>
                <stat>USA</stat>
            </staty>
            <delka>175 min</delka>
            <rezie>
                <reziser>Sergio Leone</reziser>
            </rezie>
            <herci>
                <herec>
                    <jmeno>Henry</jmeno>
                    <prijmeni>Fonda</prijmeni>
                </herec>
                <herec>
                    <jmeno>Claudia</jmeno>
                    <prijmeni>Cardinale</prijmeni>
                </herec>
                <herec>
                    <jmeno>Jason</jmeno>
                    <prijmeni>Robards</prijmeni>
                </herec>
                <herec>
                    <jmeno>Charles</jmeno>
                    <prijmeni>Bronson</prijmeni>
                </herec>
                <herec>
                    <jmeno>Gabriele</jmeno>
                    <prijmeni>Ferzetti</prijmeni>
                </herec>
                <!-- ... -->
            </herci>
            <dabing value="cz" />
        </film>
        <!-- ... -->
    </filmy>
</videopujcovna>