<?xml version="1.0" encoding="UTF-8"?>
<football_club xmlns:xsi="http://www.w3.org/2001/XMLSchema-instance"
xsi:noNamespaceSchemaLocation="data.xsd">
	<club_name>FC Barcelona</club_name>
	<nickname>Barca</nickname>
	<capital>1000000000</capital>
	<address>
		<street>Macba</street>
		<street_no>1</street_no>
		<city>Barcelona</city>
		<postal_no>11111</postal_no>
	</address>
	<contact>
		<email>fcb@fcb.com</email>
		<phone>123456789</phone>
		<url>www.fcb.com</url>
	</contact>
	<!-- stadion -->
	<stadion>
		<st_name>Camp Nou</st_name>
		<seats>100000</seats>
		<address>
			<street>Macba</street>
			<street_no>1</street_no>
			<city>Barcelona</city>
			<postal_no>11111</postal_no>		
		</address>
		<contact>
			<email>fcb@fcb.com</email>
			<phone>123456789</phone>
			<url>www.fcb.com</url>
		</contact>
	</stadion>
	<!-- team -->
	<team id="t0" name="A team">
		<members>
			<!--PLAYERS-->
			<player_list>
				<!--Player0-->
				<player id="p0" photo="" injury="no" position="forward">
					<name>
						<first_name>Lionel</first_name>
						<surname>Messi</surname>				
					</name>
					<age>25</age>
					<statistics>
						<numberOfMatches>300</numberOfMatches>
						<goals>200</goals>
					</statistics>
				</player>
				<!--Player1-->
				<player id="p1" photo="" injury="no" position="midfielder">
					<name>
						<first_name>Xavi</first_name>
						<surname>Hernandez</surname>				
					</name>
					<phone>456789123</phone>
					<age>30</age>
					<statistics>
						<numberOfMatches>333</numberOfMatches>
						<goals>20</goals>
					</statistics>
				</player>
				<!--Player2-->
				<player id="p2" photo="abc" injury="yes" position="forward">
					<name>
						<first_name>Cesc</first_name>
						<surname>Fabregas</surname>				
					</name>
					<age>24</age>
					<statistics>
						<numberOfMatches>50</numberOfMatches>
						<goals>32</goals>
					</statistics>
				</player>
				<!--Player3-->
				<player id="p3" photo="" injury="no" position="defender">
					<name>
						<first_name>Carles</first_name>
						<surname>Puyol</surname>				
					</name>
					<age>35</age>
					<statistics>
						<numberOfMatches>444</numberOfMatches>
						<goals>5</goals>
					</statistics>
				</player>
				<!--Player4-->
				<player id="p4" injury="no" position="midfielder">
					<name>
						<first_name>Andres</first_name>
						<surname>Iniesta</surname>				
					</name>
					<phone>987654321</phone>
					<age>23</age>
					<statistics>
						<numberOfMatches>255</numberOfMatches>
						<goals>43</goals>
					</statistics>
				</player>
				<!--Player5-->
				<player id="p5" photo="" injury="yes" position="forward">
					<name>
						<first_name>David</first_name>
						<surname>Villa</surname>				
					</name>
					<age>27</age>
					<statistics>
						<numberOfMatches>111</numberOfMatches>
						<goals>400</goals>
					</statistics>
				</player>
				<!--Player6-->
				<player id="p6" photo="" injury="no" position="defender">
					<name>
						<first_name>Dani</first_name>
						<surname>Alves</surname>				
					</name>
					<age>31</age>
					<statistics>
						<numberOfMatches>123</numberOfMatches>
						<goals>12</goals>
					</statistics>
				</player>
				<!--Player7-->
				<player id="p7" photo="" injury="no" position="goalkeeper">
					<name>
						<first_name>Victor</first_name>
						<surname>Valdes</surname>				
					</name>
					<age>34</age>
					<statistics>
						<numberOfMatches>321</numberOfMatches>
						<goals>1</goals>
					</statistics>
				</player>
				<!--Player8-->
				<player id="p8" photo="jalba" injury="no" position="defender">
					<name>
						<first_name>Jordi</first_name>
						<surname>Alba</surname>				
					</name>
					<age>20</age>
					<statistics>
						<numberOfMatches>33</numberOfMatches>
						<goals>3</goals>
					</statistics>
				</player>
				<!--Player9-->
				<player id="p9" photo="" injury="no" position="defender">
					<name>
						<first_name>Gerard</first_name>
						<surname>Pique</surname>				
					</name>
					<phone>123154645</phone>
					<age>33</age>
					<statistics>
						<numberOfMatches>213</numberOfMatches>
						<goals>5</goals>
					</statistics>
				</player>
			</player_list>
			<!--COACHES-->
			<coach_list>
				<!--Coach0-->
				<coach id="c0" photo="">
					<name>
						<first_name>Pep</first_name>
						<surname>Guardiola</surname>				
					</name>
					<phone>777777777</phone>
					<age>50</age>
				</coach>
				<!--Coach1-->
				<coach id="c1" photo="">
					<name>
						<first_name>Aureli</first_name>
						<surname>Altimiraz</surname>				
					</name>
					<phone>888888888</phone>
					<age>60</age>
				</coach>
			</coach_list>
			<injured_players>
				<i_player id="p5"/>
				<i_player id="p2"/>
			</injured_players>				
		</members>
		<training_days>
			<day>Monday</day>
			<day>Wednesday</day>
			<day>Friday</day>
		</training_days> 
	</team>
	<matches>
		<match id="m0">
			<playing id="p0"/>
			<playing id="p1"/>
			<playing id="p2"/>
			<playing id="p3"/>
			<alternating id="p5"/>			
		</match>
		<match id="m1">
			<playing id="p0"/> 
			<playing id="p2"/>
			<playing id="p4"/>
			<playing id="p6"/>
			<alternating id="p9"/>			
		</match>
		<match id="m2">
			<playing id="p0"/>
			<playing id="p3"/>
			<playing id="p6"/>
			<playing id="p9"/>
			<alternating id="p1"/>
			<alternating id="p2"/>			
		</match>
	</matches>
	<info number="1">hsdahsak</info>
	<info number="2">hsdaasdsaddsadsasak</info>	
	
	 
</football_club>