<?xml version="1.0" encoding="utf-8"?>

<branches>
	<branch bid="b1">
		<manager>
			<name>Jiri Klika</name>
		</manager>
		<city>Praha-Muzeum</city>
		<rooms>20</rooms>
		<subbranches>
			<branch bid="b1a">
				<manager>
					<name>Jan Jedlicka</name>
				</manager>
				<city>Praha-Vinohrady</city>
				<rooms>10</rooms>
			</branch>
				<branch bid="b1b">
				<manager>
					<name>Pavel Petr</name>
				</manager>
				<city>Praha-Smichov</city>
				<rooms>8</rooms>
			</branch>
		</subbranches>
	</branch>
	<branch bid="b2">
		<manager>
			<name>Ondrej Siska</name>
		</manager>
		<city>Brno</city>
		<rooms>15</rooms>
		<subbranches>
			<branch bid="b2a">
				<manager>
					<name>Lenka Jankova</name>
				</manager>
				<city>Brno-Venkov</city>
				<rooms>10</rooms>
			</branch>
		</subbranches>
	</branch>
	<branch bid="b3">
		<manager>
			<name>Jana Zarubova</name>
		</manager>
		<city>Zlin</city>
		<rooms>17</rooms>
	</branch>
</branches>
	