<?xml version="1.0" encoding="UTF-8"?>


<!DOCTYPE obchod [
	<!ELEMENT obchod (zamestnance, produkty, sklady)>
	<!ELEMENT zamestnance (zamestnanec*)>
	<!ELEMENT zamestnanec (osobni_udaje, plat, premium?)>
	<!ATTLIST zamestnanec zid ID #REQUIRED>
	<!ELEMENT osobni_udaje (c_jmeno, adresa+, rodne_cislo)>
	<!ELEMENT plat (#PCDATA)>
	<!ELEMENT premium (#PCDATA)>
	<!ELEMENT c_jmeno (jmeno, prijmeni)>
	<!ELEMENT adresa (cislo_domu, ulice, mesto, stat)>
	<!ELEMENT rodne_cislo (#PCDATA)>
	<!ELEMENT jmeno (#PCDATA)>
	<!ELEMENT prijmeni (#PCDATA)>
	<!ELEMENT cislo_domu (#PCDATA)>
	<!ELEMENT ulice (#PCDATA)>
	<!ELEMENT mesto (#PCDATA)>
	<!ELEMENT stat (#PCDATA)>	
	<!ELEMENT produkty (produkt*)>
	<!ELEMENT produkt (nazev, cena)>
	<!ATTLIST produkt pid ID #REQUIRED
		typ (mlecny|pekarsky|masovy|neoznaceny|ovoce|zelenina) "neoznaceny">
	<!ELEMENT nazev (#PCDATA)>
	<!ELEMENT cena (#PCDATA)>
	<!ELEMENT mnozstvi (#PCDATA)>
	<!ELEMENT sklady (sklad*)>
	<!ELEMENT sklad (nazev?, adresa, polozka*)>  
	<!ELEMENT polozka EMPTY>
	<!ATTLIST polozka pid_ref IDREF #REQUIRED
		mnozstvi CDATA #REQUIRED>
	
	<!ENTITY CR "Ceska republika">
	<!ENTITY SR "Slovenska republika">	
]>

<obchod>
	<zamestnance>
		<zamestnanec zid="z_01">
			<osobni_udaje>
				<c_jmeno>
					<jmeno>John</jmeno>
					<prijmeni>Smith</prijmeni>
				</c_jmeno>
				<adresa>
					<cislo_domu>7</cislo_domu>
					<ulice>Vanickova</ulice>
					<mesto>Praha</mesto>
					<stat>&CR;</stat>
				</adresa>
				<rodne_cislo>850512/7512</rodne_cislo>
			</osobni_udaje>
			<plat>150</plat>
		</zamestnanec>
		<zamestnanec zid="z_02">
			<osobni_udaje>
				<c_jmeno>
					<jmeno>Jack</jmeno>
					<prijmeni>Daniels</prijmeni>
				</c_jmeno>
				<adresa>
					<cislo_domu>58</cislo_domu>
					<ulice>Hlavna</ulice>
					<mesto>Bratislava</mesto>
					<stat>&SR;</stat>
				</adresa>
				<rodne_cislo>660817/7462</rodne_cislo>
			</osobni_udaje>
			<plat>170</plat>
		</zamestnanec>
	</zamestnance>
	<produkty>
		<produkt pid="p_01" typ="mlecny">
			<nazev>mleko</nazev>
			<cena>20</cena>
		</produkt>
		<produkt pid="p_02" typ="pekarsky">
			<nazev>chleb</nazev>
			<cena>32</cena>
		</produkt>
		<produkt pid="p_03" typ="masovy">
			<nazev>klobása</nazev>
			<cena>152</cena>
		</produkt>
		<produkt pid="p_04">
			<nazev>zarovka</nazev>
			<cena>13</cena>
		</produkt>
		<produkt pid="p_05" typ="mlecny">
			<nazev>cokolada</nazev>
			<cena>25</cena>
		</produkt>
		<produkt pid="p_06" typ="pekarsky">
			<nazev>rohlik</nazev>
			<cena>2</cena>
		</produkt>
		<produkt pid="p_07" typ="masovy">
			<nazev>kureci stehno</nazev>
			<cena>67</cena>
		</produkt>
		<produkt pid="p_08" typ="ovoce">
			<nazev>jablko</nazev>
			<cena>31</cena>
		</produkt>
		<produkt pid="p_09" typ="zelenina">
			<nazev>rajce</nazev>
			<cena>22</cena>
		</produkt>
		<produkt pid="p_10">
			<nazev>pizza</nazev>
			<cena>54</cena>
		</produkt>
	</produkty>	
	<sklady>
		<sklad>
			<nazev>Sklad v Praze</nazev>
			<adresa>
				<cislo_domu>12</cislo_domu>
				<ulice>Dlouha</ulice>
				<mesto>Praha</mesto>
				<stat>&CR;</stat>
			</adresa>
			<polozka pid_ref="p_01" mnozstvi="100"></polozka>
			<polozka pid_ref="p_02" mnozstvi="82"></polozka>
			<polozka pid_ref="p_03" mnozstvi="122"></polozka>
			<polozka pid_ref="p_04" mnozstvi="42"></polozka>
		</sklad>	
		<sklad>
			<nazev>Sklad v Brne</nazev>
			<adresa>
				<cislo_domu>22</cislo_domu>
				<ulice>Prazska</ulice>
				<mesto>Brno</mesto>
				<stat>&CR;</stat>
			</adresa>
			<polozka pid_ref="p_05" mnozstvi="71"></polozka>
			<polozka pid_ref="p_06" mnozstvi="222"></polozka>
			<polozka pid_ref="p_07" mnozstvi="31"></polozka>
			<polozka pid_ref="p_08" mnozstvi="112"></polozka>
		</sklad>
	</sklady>
</obchod>