<?xml version="1.0" encoding="UTF-8"?>
<patterns>
   <group name="Creational">
      <pattern>
         <name>Abstract Factory</name>
         <class xmlns:xsi="http://www.w3.org/2001/XMLSchema-instance"
                assembly="Patterns4Net.Core.dll"
                full-name="Patterns4Net.Core.Patterns.AbstractFactory"/>
         <roles-count>3</roles-count>
      </pattern>
      <pattern>
         <name>Simple Factory Method</name>
         <class xmlns:xsi="http://www.w3.org/2001/XMLSchema-instance"
                assembly="Patterns4Net.Core.dll"
                full-name="Patterns4Net.Core.Patterns.SimpleFactoryMethod"/>
         <roles-count>1</roles-count>
      </pattern>
   </group>
   <group name="Structural">
      <pattern>
         <name>Adapter</name>
         <class xmlns:xsi="http://www.w3.org/2001/XMLSchema-instance"
                assembly="Patterns4Net.Core.dll"
                full-name="Patterns4Net.Core.Patterns.Adapter"/>
         <roles-count>2</roles-count>
      </pattern>
      <pattern>
         <name>Bridge</name>
         <class xmlns:xsi="http://www.w3.org/2001/XMLSchema-instance"
                assembly="Patterns4Net.Core.dll"
                full-name="Patterns4Net.Core.Patterns.Bridge"/>
         <roles-count>1</roles-count>
      </pattern>
      <pattern>
         <name>Proxy</name>
         <class xmlns:xsi="http://www.w3.org/2001/XMLSchema-instance"
                assembly="Patterns4Net.Core.dll"
                full-name="Patterns4Net.Core.Patterns.Proxy"/>
         <roles-count>1</roles-count>
      </pattern>
   </group>
   <group name="Behavioral">
      <pattern>
         <name>Command</name>
         <class xmlns:xsi="http://www.w3.org/2001/XMLSchema-instance"
                assembly="Patterns4Net.Core.dll"
                full-name="Patterns4Net.Core.Patterns.Command"/>
         <roles-count>0</roles-count>
      </pattern>
   </group>
   <group name="Additional Patterns">
      <pattern>
         <name>Immutable</name>
         <class xmlns:xsi="http://www.w3.org/2001/XMLSchema-instance"
                assembly="Patterns4Net.Core.dll"
                full-name="Patterns4Net.Core.Patterns.Immutable"/>
         <roles-count>0</roles-count>
      </pattern>
   </group>
</patterns>