<html>
   <head>
      <meta http-equiv="Content-Type" content="text/html; charset=UTF-8">
      <title>Dokumentace vzoru</title>
   </head>
   <body>
      <div>
         <h1>Abstract Factory</h1>
         <h2>Skupina: Creational</h2>
         <h2>Role</h2>
         <ul>
            <li>Concrete Factories</li>
            <li>Concrete Products</li>
            <li>Abstract Products</li>
         </ul>
      </div>
      <div>
         <h1>Adapter</h1>
         <h2>Skupina: Structural</h2>
         <h2>Role</h2>
         <ul>
            <li>Adaptee</li>
            <li>Adapted Interface</li>
         </ul>
      </div>
      <div>
         <h1>Bridge</h1>
         <h2>Skupina: Structural</h2>
         <h2>Role</h2>
         <ul>
            <li>Wrapped object</li>
         </ul>
      </div>
      <div>
         <h1>Command</h1>
         <h2>Skupina: Behavioral</h2>
         <h2>Role</h2>
         <ul></ul>
      </div>
      <div>
         <h1>Immutable</h1>
         <h2>Skupina: Additional Patterns</h2>
         <h2>Role</h2>
         <ul></ul>
      </div>
      <div>
         <h1>Null Object</h1>
         <h2>Skupina: </h2>
         <h2>Role</h2>
         <ul></ul>
      </div>
      <div>
         <h1>Proxy</h1>
         <h2>Skupina: Structural</h2>
         <h2>Role</h2>
         <ul>
            <li>Wrapped object</li>
         </ul>
      </div>
      <div>
         <h1>Simple Factory Method</h1>
         <h2>Skupina: Creational</h2>
         <h2>Role</h2>
         <ul>
            <li>Product</li>
         </ul>
      </div>
      <div>
         <h1>Strategy</h1>
         <h2>Skupina: </h2>
         <h2>Role</h2>
         <ul></ul>
      </div>
   </body>
</html>