<?xml version="1.0" encoding="UTF-8"?>

<!-- 
    hypotetická evidence vlastníků ve virtuálním katastru
    - model reálné situace
-->



<parcely>
    
    <parcela id="p1.1">
        <cislo>1</cislo>
        <vymera>1.2584</vymera>
        <kultura typ="orná" />
        
        <sousedni id="p1.2" />
        
        <vlastnik id="v8808275007" />
        <vlastnik id="v55162355" />
       
        <zmeneno>12.12.2011</zmeneno>
        <poznamka><![CDATA[přímý vstup operátora databáze, prostor pro poznámku]]></poznamka>
    </parcela>   
    
    <parcela id="p1.3">
        <cislo>3</cislo>
        <vymera>2.0000</vymera>
        <kultura typ="orná" />
        
        <sousedni id="p1.1" />
        
        <vlastnik id="v8808275007" />
        
        <zmeneno>12.12.2012</zmeneno>
        <poznamka><![CDATA[přímý vstup operátora databáze, prostor pro poznámku]]></poznamka>
    </parcela>     
    
    <parcela id="p1.2">
        <cislo>2</cislo>
        <vymera>2.3655</vymera>
        <kultura typ="les" />
        
        <vlastnik id="v55162355" />

        <zmeneno>12.12.2011</zmeneno>
        <poznamka><![CDATA[přímý vstup operátora databáze, prostor pro poznámku]]></poznamka>
    </parcela>  
    
    <parcela id="p1.55">
        <cislo>55</cislo>
        <vymera>0.3655</vymera>
        <kultura typ="les" />
        
        <vlastnik id="v55162355" />
        <vlastnik id="v8808275007" />
        
        <zmeneno>12.12.2011</zmeneno>
        <poznamka><![CDATA[přímý vstup operátora databáze, prostor pro poznámku]]></poznamka>
    </parcela> 
    
    <parcela id="p1.44">
        <cislo>44</cislo>
        <vymera>2.5535</vymera>
        <kultura typ="pastvina" />
        
        <vlastnik id="v8808275007" />
        
        <zmeneno>12.12.2011</zmeneno>
        <poznamka><![CDATA[přímý vstup operátora databáze, prostor pro poznámku]]></poznamka>
    </parcela>  
</parcely>