<?xml version="1.0" encoding="UTF-8"?>

<!-- 
    hypotetická evidence vlastníků ve virtuálním katastru
    - model reálné situace
-->


<vlastnici>    
        
    <vlastnik id="v8808275007">
        <jmeno>Adam</jmeno>
        <prijmeni>Nováček</prijmeni>
        <adresa>
            <ulice>Nová</ulice>
            <cp>15</cp>
            <mesto>Přímětín</mesto>
            <psc>22532</psc>
        </adresa>
        <zmeneno>12.12.2011</zmeneno>
        <aktualni />
    </vlastnik>
    
    <vlastnik id="v0012455">
        <firma>Obec Přímětín</firma>
        <ico>0012455</ico>
        <adresa>
            <ulice>Náměstí</ulice>
            <cp>1</cp>
            <mesto>Přímětín</mesto>
            <psc>22532</psc>
        </adresa>
        <zmeneno>12.2.1911</zmeneno>
    </vlastnik>
    
    <vlastnik id="v55162355">
        <firma>Chromotix s.r.o.</firma>
        <ico>55162355</ico>
        <adresa>
            <ulice>Náměstí</ulice>
            <cp>2</cp>
            <mesto>Přímětín</mesto>
            <psc>22532</psc>
        </adresa>
        <zmeneno>12.4.2011</zmeneno>
        <aktualni />
    </vlastnik>        
    
</vlastnici>