<artists  xmlns="http://www.tripsis.cz/other-encyclopedia">
  	<artist>
		<name>Green Carnation</name>
		<origin>Norway</origin>

		<link type="official">http://www.greencarnation.no</link>

		<about>Green Carnation is a band from Kristiansand, Norway formed in 1990 that has created songs from both the progressive rock and progressive metal genres.d</about>
			
		<genre>Progressive/Black</genre>
		<members>
			<member active="yes">Tchort</member>

				
			<member active="no">Kjetil Nordhus</member>
			<member active="no">Bjørn Harstads</member>
			<member active="no">Stein Roger Sordal</member>
			<member active="no">Anders Kobro</member>
					
			
			
		</members>
			
		<albums>
		
			<album>
				<title>Journey To The End Of The Night  </title>
				<year>1999</year>
				<songs>
						<song>Falling into darkness</song>
						<song>In the realm of the midnight sun</song>
						<song>My dark reflections of life and death</song>
						<song>Under eternal stars</song>
						<song>Journey to the end of night (Part I)</song>
						<song>Echoes of despair (Part II)</song>
						<song>End of journey? (Part III)</song>
						<song>Shattered (Part IV)</song>
				</songs>
				<lineup>
				   Tchort,X. Botteri,Christopher Botteri,Alf Tore Rasmussen
				</lineup>
			</album>
			
			<album>
				<title>Light Of Day, Day Of Darkness </title>
				<year>2001</year>
				<songs>
						<song>Light of day, day of darkness</song>
				</songs>
				<lineup>
				    Kjetil Nordhus, Tchort, Bjørn Harstad, Stein Roger Sordal, Anders Kobro
				</lineup>
			</album>
			

				
		
			</albums>
		</artist>
		
</artists>
