<?xml version="1.0" encoding="UTF-8" standalone="no"?><katalog-vin>
    <!--<![CDATA[
    author     : Tomas Mano <tomasmano@gmail.com>
    date       : Feb 25, 2013 10:33:02 PM
    subject    : A7B36XML Ukol 01 - Katalog Vin
    ]]>-->
    <!-- Vina -->
    <vina>
        <vino kod-vina="_chard_habanske_2011">
            <!-- ref na vinarstvi -->
            <vinarstvi-ref id-vinarstvi-ref="_habanske_sklepy"/>
            <puvod>
                <stat>
                    Česká republika
                <![CDATA[Česká republika]]>
                    <?PITarget PIContent?>
                </stat>
                <oblast>Morava</oblast>
            </puvod>
            <sklizen>
                <rok>2011</rok>
                <mesic>zari</mesic>
            </sklizen>
            <hrozny>
                <plod>reva vinna</plod>
                <barva jmeno-barvy="bila"/>
                <odruda>
                    <synonymum>Pinot Chardonnay</synonymum>
                    <synonymum>Morillon</synonymum>
                    <puvod-odrudy>Pinot noir</puvod-odrudy>
                    <puvod-odrudy>Heunisch</puvod-odrudy>
                    <oblast-pestovani>
                        <stat-pestovani>Francie</stat-pestovani>
                        <region>Burgundsko</region>
                        <region>Champagne</region>
                    </oblast-pestovani>
                    <oblast-pestovani>
                        <stat-pestovani>Italie</stat-pestovani>
                    </oblast-pestovani>
                    <zapis>1989</zapis>
                </odruda>
            </hrozny>
            <trieda jmeno-tridy="jakostni">
                <stupne-cukernatosti>18</stupne-cukernatosti>
            </trieda>
            <zbytkovy-cukr>
                <klasifikace jmeno-klasifikace="suche"/>
                <g-na-litr>4</g-na-litr>
            </zbytkovy-cukr>
            <alkohol percent="12.5"/>
            <odporucena-teplota-podavani do="11" od="9"/>
            <siricitany obsahuje="ano"/>
            <popis>Je pro neho charakteristická vůně s tóny oříšků a citrusových plodů. Chuť je plná a jemně kořenitá. Výborně doplní plody moře, uzenou rybu, maso na rožni nebo steaky. Výtečné je k měkkým sýrům.</popis>
        </vino>
        <vino kod-vina="_ryzlink_vlassky_valtice_2011">
            <!-- ref na vinarstvi -->
            <vinarstvi-ref id-vinarstvi-ref="_valtice"/>
            <puvod>
                <stat>
                    Česká republika
                <![CDATA[Česká republika]]>
                </stat>
                <oblast>Morava</oblast>
            </puvod>
            <sklizen>
                <rok>2011</rok>
                <mesic>listopad</mesic>
            </sklizen>
            <hrozny>
                <plod>reva vinna</plod>
                <barva jmeno-barvy="bila"/>
                <odruda>
                    <synonymum>Aminea Gemela</synonymum>
                    <synonymum>Rakusky Rizling</synonymum>
                    <puvod-odrudy>Romanic Riesling</puvod-odrudy>
                    <puvod-odrudy>Italian Riesling</puvod-odrudy>
                    <oblast-pestovani>
                        <stat-pestovani>Ceska Republika</stat-pestovani>
                        <region>Morava</region>
                    </oblast-pestovani>
                    <oblast-pestovani>
                        <stat-pestovani>Slovensko</stat-pestovani>
                        <region>Modra</region>
                        <region>Nitra</region>
                    </oblast-pestovani>
                    <zapis>1941</zapis>
                </odruda>
            </hrozny>
            <trieda jmeno-tridy="privlastkove">
                <stupne-cukernatosti>24</stupne-cukernatosti>
                <privlastok jmeno-privlastku="pozdni-sber"/>
            </trieda>
            <zbytkovy-cukr>
                <klasifikace jmeno-klasifikace="suche"/>
                <g-na-litr>2.5</g-na-litr>
            </zbytkovy-cukr>
            <alkohol percent="13"/>
            <odporucena-teplota-podavani do="12" od="8"/>
            <siricitany obsahuje="ano"/>
            <popis>Nádherná ovocná vůně připomínající sušené meruňky a žlutý meloun. Chuť je plná, harmonická se šťavnatou kyselinkou. Doporučujeme ke grilovaným rybám a tvrdým sýrům.</popis>
        </vino>
        
    <vino kod-vina="_rulandske_bile_valtice_2008"><vinarstvi-ref id-vinarstvi-ref="_valtice"/><puvod><stat>Česká republika</stat><oblast>Novosedly</oblast></puvod><sklizen><rok>2008</rok><mesic>rijen</mesic></sklizen><hrozny><plod>reva vinna</plod><barva jmeno-barvy="bila"/><odruda><synonymum>Pinot blanc</synonymum><synonymum>Burgundske bile</synonymum><puvod-odrudy>Pinot noir</puvod-odrudy><oblast-pestovani><stat-pestovani>Francie</stat-pestovani><region>Alsace</region></oblast-pestovani><zapis>1993</zapis></odruda></hrozny><trieda jmeno-tridy="privlastkove"><stupne-cukernatosti>26</stupne-cukernatosti><privlastok jmeno-privlastku="vyber-z-hroznu"/></trieda><zbytkovy-cukr><klasifikace jmeno-klasifikace="polosuche"/><g-na-litr>8.7</g-na-litr></zbytkovy-cukr><alkohol percent="12"/><odporucena-teplota-podavani do="12" od="10"/><siricitany obsahuje="ano"/><popis>Vůně vína připomíná kandované ovoce s nádechem zralého kiwi. Chuť je plná a extraktivní. Víno doporučujeme k pikantní úpravě drůbežích jater a k extra tvrdým sýrům.</popis></vino></vina>
    <!-- Vinarstva -->
    <vinarstva>
        <vinarstvi id-vinarstvi="_habanske_sklepy">
            <jmeno>Habanske sklepy</jmeno>
            <rok-zalozeni>1664</rok-zalozeni>
        </vinarstvi>
        <vinarstvi id-vinarstvi="_valtice">
            <jmeno>Vinne sklepy Valtice</jmeno>
            <rok-zalozeni>1430</rok-zalozeni>
        </vinarstvi>
        <vinarstvi id-vinarstvi="_kobyli">
            <jmeno>Patria Kobyli</jmeno>
            <rok-zalozeni>1430</rok-zalozeni>
        </vinarstvi>
    </vinarstva>
</katalog-vin>