<?xml version="1.0" encoding="UTF-8"?>
<!DOCTYPE crm PUBLIC "crm" "data.dtd">

<!--
System modelujici jednoduche CRM pokryva
* kontaktni informace o zakaznicich (nazev firmy, kontaktni osoba, adresa, email, atd.)
* historie kontaktu se zakaznikem, tj. prehled problemu ve vztahu k zakaznikovi nebo jinych pozadavku zakaznika a stav jejich reseni
* uzivatele systemu, tj. osoby pracujici se systemem a tito jsou referencovani napr. u konkretniho problemu, tj. jako osoba, ktera danemu zakaznikovi napriklad telefonovala
-->
<crm>
	<zakaznici>
		<zakaznik vip="ano" typ="pravnicka">
			<nazev>První realitní, a.s.</nazev>
			<ico>123456789</ico>
			<dic>&diccz;123456789</dic>
			<adresa typ="sidlo">
				<ulice>Údolní 12</ulice>
				<psc>18000</psc>
				<obec>Praha 8</obec>
			</adresa>
			<kontaktniosoba>
				<jmeno>Jan</jmeno>
				<prijmeni>Novák</prijmeni>
				<funkce kod="f001"/>
				<kontakt>
					<telefon>+420123456789</telefon>
					<email>jan.novak@prvnirealitni.tld</email>
					<skype>bafala</skype>
				</kontakt>
			</kontaktniosoba>
		</zakaznik>
	</zakaznici>
	<historie>
		<zaznam id="z1">
			<den>5.3.2011</den>
			<hodina>17:34</hodina>
			<prijeti zpusob="email"/>
			<pozadavek>Objednávka na tiskárnu Canon</pozadavek>
			<stav>k odeslání</stav>
			<poznamka/>
			<poridil uzivatel="uz1"/>
			<vytvari_objednavku>ano</vytvari_objednavku>
			<kontaktovat stav="ne"/>
			<archivovat>ne</archivovat>
		</zaznam>
		<zaznam id="z2">
			<den>10.3.2011</den>
			<hodina>12:15</hodina>
			<prijeti zpusob="telefon"/>
			<pozadavek>Zákazník reklamuje zásilku <ref id="z1"/></pozadavek>
			<stav>vyřízeno</stav>
			<poznamka>Zapomněli jsme mu to odeslat.</poznamka>
			<poridil uzivatel="uz1"/>
			<vytvari_objednavku>ne</vytvari_objednavku>
			<kontaktovat stav="ano" kdy="15.3.2011"/>
			<archivovat>ne</archivovat>
		</zaznam>
	</historie>
	<uzivatele>
		<uzivatel id="uz1" povolen="ano">
			<plne_jmeno>Jan Novák</plne_jmeno>
			<login>jannovak</login>
			<!-- hash z hesla se soli -->
			<heslo><![CDATA[abcdefg]]></heslo>
			<uz_email><?php check_email(jan.novak@crm.tld) ?></uz_email>
		</uzivatel>
		<uzivatel id="uz2">
			<plne_jmeno>Ivana Šikovná</plne_jmeno>
			<login>ivanasikovna</login>
			<!-- hash z hesla se soli -->
			<heslo><![CDATA[iopodfa]]></heslo>
			<uz_email><?php check_email(ivana.sikovna@crm.tld) ?></uz_email>
		</uzivatel>
	</uzivatele>
	<funkcevycet>
		<pozice id="f001" jmeno="Ředitel"/>
		<pozice id="f002" jmeno="Programátor"/>
		<pozice id="f003" jmeno="Operátor callcentra"/>
	</funkcevycet>
</crm>