<?xml version="1.0" encoding="UTF-8"?>
<vypujcky>
<vypujcka id="V5" kniha="K4E3" stav="aktivni">
    <datumvypujceni>
        <den>15</den>
        <mesic>12</mesic>
        <rok>2013</rok>
    </datumvypujceni>	
    <vypujcnidoba>
        <doba>60</doba>
    </vypujcnidoba>
    <uzivatel>
        <username>
           test23 
        </username>
        <jmeno>
          Jan Koksa
        </jmeno>
            
            
    </uzivatel>    
</vypujcka>
    
<vypujcka id="V6" kniha="K1E1" stav="aktivni">
        <datumvypujceni>
            <den>15</den>
            <mesic>12</mesic>
            <rok>2013</rok>
        </datumvypujceni>	
        <vypujcnidoba>
            <doba>60</doba>
        </vypujcnidoba>
        <uzivatel>
            <username>
                test48
            </username>
            <jmeno>
              Petr Lolak
            </jmeno>
            
            
        </uzivatel>    
    </vypujcka>
</vypujcky>