<?xml version="1.0" encoding="UTF-8" standalone="no"?>
<!DOCTYPE kalendar SYSTEM "data.dtd" [
	<!-- Nejaka entita pro pouziti -->
	<!ENTITY harmonogram "http://www.mff.cuni.cz/studium/obecne/harm1011.htm">
	<!ENTITY wiki "http://en.wikipedia.org/w/index.php?title=Unix_time&amp;oldid=419057856">

	<!-- Cil instrukce pro zpracovani -->
	<!NOTATION time-machine SYSTEM "/usr/bin/timemachine">
]>

<kalendar
	xmlns:xsi="http://www.w3.org/2001/XMLSchema-instance"
	xsi:noNamespaceSchemaLocation="data.xsd">

	<!-- Informace ke vsem udajum v kalendari -->
	<jmeno>Ukazka kalendare</jmeno>
	<popis>
		Ruzne veci, co mohou byt poznamenany v kalendari,
		jako napr. <odkaz-na-udalosti ref="Svatky">jmeniny a svatky</odkaz-na-udalosti>
		nebo <odkaz-na-udalosti ref="HarmonogramLS2011">harmonogram</odkaz-na-udalosti>
		akademickeho roku na MFF.

		<nadpis>Priklad pouziti</nadpis>
		<odstavec>
			<![CDATA[
				<kalendar>
					<udalosti>
						<v-roce cislo="2011">
							<v-mesici jmenem="brezen">
								<ve-dni cislo="16">
									<udalost>
										<jmeno>Odevzdat 1. domaci ukol
			]]>
			atd.
		</odstavec>
	</popis>

	<!-- Ukazka pravidelne se opakujicich udalosti -->
	<udalosti>
		<jmeno>Denni program</jmeno>
		<kazdorocne>
			<v-mesici jmenem="leden">
				<ve-dni cislo="1">
					<udalost>
						<jmeno>Novy rok</jmeno>
						<popis>Je potreba sundat ze zdi stary mesicni kalendar a povesit novy.</popis>
					</udalost>
				</ve-dni>
			</v-mesici>
			<kazdomesicne>
				<krome>
					<mesice jmenem="leden"/>
				</krome>
				<ve-dni cislo="1">
					<udalost>
						<jmeno>Novy mesic</jmeno>
						<popis>Je potreba otocit mesicni kalendar na novou stranku.</popis>
					</udalost>
				</ve-dni>
			</kazdomesicne>
			<kazdomesicne>
				<od>
					<dne cislo="1"/>
				</od>
				<do>
					<dne cislo="3"/>
				</do>
				<kazdodenne>
					<udalost>
						<jmeno>Je novy mesic</jmeno>
						<popis>Pripomenout si, ze je novy mesic a nemyslet si, ze je treba 32. brezna.</popis>
					</udalost>
				</kazdodenne>
			</kazdomesicne>
			<kazdomesicne>
				<kazdodenne>
					<udalost>
						<jmeno>Obed</jmeno>
						<interval od="12:00" do="12:30"/>
					</udalost>
				</kazdodenne>
			</kazdomesicne>
		</kazdorocne>
	</udalosti>

	<!-- Neco, v cem je element s mnoha syny a nejaky smiseny obsah -->
	<udalosti id="Svatky">
		<jmeno>Jmeniny a jine svatky</jmeno>
		<popis>
			<nadpis>Jmeniny a jine svatky</nadpis>
			<odstavec>
				Jmeniny a jine svatky jsou kazdy rok stejne a tak staci jednou;
				zde uvedeny <odkaz-na-datum mesic="brezen">breznove</odkaz-na-datum>
				a <odkaz-na-datum mesic="duben">dubnove</odkaz-na-datum>.
			</odstavec>
			<odstavec>
				Jenom Velikonoce jsou pohyblivy svatek a tak jsou tu jenom pro
				<odkaz-na-udalost ref="Velikonoce2011">rok 2011</odkaz-na-udalost>
				a <odkaz-na-udalost ref="Velikonoce2012">2012</odkaz-na-udalost>.
			</odstavec>
		</popis>
		<v-roce cislo="2011">
			<v-mesici jmenem="duben">
				<ve-dni cislo="25">
					<udalost id="Velikonoce2011">
						<jmeno>Velikonocni pondeli 2011</jmeno>
					</udalost>
				</ve-dni>
			</v-mesici>
		</v-roce>
		<v-roce cislo="2012">
			<v-mesici jmenem="duben">
				<ve-dni cislo="9">
					<udalost id="Velikonoce2012">
						<jmeno>Velikonocni pondeli 2012</jmeno>
					</udalost>
				</ve-dni>
			</v-mesici>
		</v-roce>
		<kazdorocne>
			<v-mesici jmenem="brezen">
				<ve-dni cislo="1"><udalost><jmeno>Bedrich</jmeno></udalost></ve-dni>
				<ve-dni cislo="2"><udalost><jmeno>Anezka</jmeno></udalost></ve-dni>
				<ve-dni cislo="3"><udalost><jmeno>Kamil</jmeno></udalost></ve-dni>
				<ve-dni cislo="4"><udalost><jmeno>Stela</jmeno></udalost></ve-dni>
				<ve-dni cislo="5"><udalost><jmeno>Kazimir</jmeno></udalost></ve-dni>
				<ve-dni cislo="6"><udalost><jmeno>Miroslav</jmeno></udalost></ve-dni>
				<ve-dni cislo="7"><udalost><jmeno>Tomas</jmeno></udalost></ve-dni>
				<ve-dni cislo="8">
					<udalost><jmeno>Gabriela</jmeno></udalost>
					<udalost>
						<jmeno>MDz</jmeno>
						<popis>
							<nadpis>Mezinarodni den zen</nadpis>
							(vyznamny den)
						</popis>
					</udalost>
				</ve-dni>
				<ve-dni cislo="9"><udalost><jmeno>Frantiska</jmeno></udalost></ve-dni>
				<ve-dni cislo="10"><udalost><jmeno>Viktorie</jmeno></udalost></ve-dni>
				<ve-dni cislo="11"><udalost><jmeno>Andela</jmeno></udalost></ve-dni>
				<ve-dni cislo="12">
					<udalost><jmeno>rehor</jmeno></udalost>
					<udalost>
						<jmeno>Vstup do NATO</jmeno>
						<popis>
							<nadpis>Vstup ceske republiky do NATO (1999)</nadpis>
							(vyznamny den)
						</popis>
					</udalost>
				</ve-dni>
				<ve-dni cislo="13"><udalost><jmeno>Ruzena</jmeno></udalost></ve-dni>
				<ve-dni cislo="14">
					<udalost><jmeno>Rut</jmeno></udalost>
					<udalost><jmeno>Matylda</jmeno></udalost>
				</ve-dni>
				<ve-dni cislo="15"><udalost><jmeno>Ida</jmeno></udalost></ve-dni>
				<ve-dni cislo="16">
					<udalost><jmeno>Elena</jmeno></udalost>
					<udalost><jmeno>Herbert</jmeno></udalost>
				</ve-dni>
				<ve-dni cislo="17"><udalost><jmeno>Vlastimil</jmeno></udalost></ve-dni>
				<ve-dni cislo="18"><udalost><jmeno>Eduard</jmeno></udalost></ve-dni>
				<ve-dni cislo="19"><udalost><jmeno>Josef</jmeno></udalost></ve-dni>
				<ve-dni cislo="20"><udalost><jmeno>Svetlana</jmeno></udalost></ve-dni>
				<ve-dni cislo="21"><udalost><jmeno>Radek</jmeno></udalost></ve-dni>
				<ve-dni cislo="22">
					<udalost><jmeno>Leona</jmeno></udalost>
					<udalost><jmeno>Lea</jmeno></udalost>
				</ve-dni>
				<ve-dni cislo="23"><udalost><jmeno>Ivona</jmeno></udalost></ve-dni>
				<ve-dni cislo="24"><udalost><jmeno>Gabriel</jmeno></udalost></ve-dni>
				<ve-dni cislo="25"><udalost><jmeno>Marian</jmeno></udalost></ve-dni>
				<ve-dni cislo="26"><udalost><jmeno>Emanuel</jmeno></udalost></ve-dni>
				<ve-dni cislo="27"><udalost><jmeno>Dita</jmeno></udalost></ve-dni>
				<ve-dni cislo="28"><udalost><jmeno>Sona</jmeno></udalost></ve-dni>
				<ve-dni cislo="29"><udalost><jmeno>Tatana</jmeno></udalost></ve-dni>
				<ve-dni cislo="30"><udalost><jmeno>Arnost</jmeno></udalost></ve-dni>
				<ve-dni cislo="31"><udalost><jmeno>Kvido</jmeno></udalost></ve-dni>
			</v-mesici>
			<v-mesici jmenem="duben">
				<ve-dni cislo="1"><udalost><jmeno>Hugo</jmeno></udalost></ve-dni>
				<ve-dni cislo="2"><udalost><jmeno>Erika</jmeno></udalost></ve-dni>
				<ve-dni cislo="3"><udalost><jmeno>Richard</jmeno></udalost></ve-dni>
				<ve-dni cislo="4"><udalost><jmeno>Ivana</jmeno></udalost></ve-dni>
				<ve-dni cislo="5"><udalost><jmeno>Miroslava</jmeno></udalost></ve-dni>
				<ve-dni cislo="6"><udalost><jmeno>Vendula</jmeno></udalost></ve-dni>
				<ve-dni cislo="7">
					<udalost><jmeno>Herman</jmeno></udalost>
					<udalost><jmeno>Hermina</jmeno></udalost>
					<udalost>
						<jmeno>Den vzdelanosti</jmeno>
						<popis>(vyznamny den)</popis>
					</udalost>
				</ve-dni>
				<ve-dni cislo="8"><udalost><jmeno>Ema</jmeno></udalost></ve-dni>
				<ve-dni cislo="9"><udalost><jmeno>Dusan</jmeno></udalost></ve-dni>
				<ve-dni cislo="10"><udalost><jmeno>Darja</jmeno></udalost></ve-dni>
				<ve-dni cislo="11"><udalost><jmeno>Izabela</jmeno></udalost></ve-dni>
				<ve-dni cislo="12"><udalost><jmeno>Julius</jmeno></udalost></ve-dni>
				<ve-dni cislo="13"><udalost><jmeno>Ales</jmeno></udalost></ve-dni>
				<ve-dni cislo="14"><udalost><jmeno>Vincenc</jmeno></udalost></ve-dni>
				<ve-dni cislo="15"><udalost><jmeno>Anastazie</jmeno></udalost></ve-dni>
				<ve-dni cislo="16"><udalost><jmeno>Irena</jmeno></udalost></ve-dni>
				<ve-dni cislo="17"><udalost><jmeno>Rudolf</jmeno></udalost></ve-dni>
				<ve-dni cislo="18"><udalost><jmeno>Valerie</jmeno></udalost></ve-dni>
				<ve-dni cislo="19"><udalost><jmeno>Rostislav</jmeno></udalost></ve-dni>
				<ve-dni cislo="20"><udalost><jmeno>Marcela</jmeno></udalost></ve-dni>
				<ve-dni cislo="21"><udalost><jmeno>Alexandra</jmeno></udalost></ve-dni>
				<ve-dni cislo="22"><udalost><jmeno>Evzenie</jmeno></udalost></ve-dni>
				<ve-dni cislo="23"><udalost><jmeno>Vojtech</jmeno></udalost></ve-dni>
				<ve-dni cislo="24"><udalost><jmeno>Jiri</jmeno></udalost></ve-dni>
				<ve-dni cislo="25"><udalost><jmeno>Marek</jmeno></udalost></ve-dni>
				<ve-dni cislo="26"><udalost><jmeno>Oto</jmeno></udalost></ve-dni>
				<ve-dni cislo="27"><udalost><jmeno>Jaroslav</jmeno></udalost></ve-dni>
				<ve-dni cislo="28"><udalost><jmeno>Vlastislav</jmeno></udalost></ve-dni>
				<ve-dni cislo="29"><udalost><jmeno>Robert</jmeno></udalost></ve-dni>
				<ve-dni cislo="30"><udalost><jmeno>Blahoslav</jmeno></udalost></ve-dni>
			</v-mesici>
		</kazdorocne>
	</udalosti>

	<!-- Neco, do ceho jde strcit nesmyslna instrukce pro zpracovani -->
	<udalosti>
		<jmeno>Historicke udalosti</jmeno>
		<v-roce cislo="1970">
			<v-mesici jmenem="leden">
				<ve-dni cislo="1">
					<udalost>
						<jmeno>Zacatek "Unixoveho letopoctu"</jmeno>
						<cas>0:00</cas>
						<?time-machine --target-timestamp=0 ?>
					</udalost>
				</ve-dni>
			</v-mesici>
		</v-roce>
		<v-roce cislo="2009">
			<v-mesici jmenem="unor">
				<ve-dni cislo="13">
					<udalost>
						<jmeno>Pekny cas</jmeno>
						<popis>(podle <odkaz href="&wiki;">Wikipedie</odkaz>)</popis>
						<cas>23:31:30</cas>
						<?time-machine --target-timestamp=1234567890 ?>
					</udalost>
				</ve-dni>
			</v-mesici>
		</v-roce>
	</udalosti>

	<!-- Neco, v cem jsem si vymyslel prerusovanou udalost -->
	<udalosti id="HarmonogramLS2011">
		<jmeno>Harmonogram LS akad. roku 2010/2011</jmeno>
		<popis>
			Vybrano z <odkaz href="&harmonogram;">oficialni stranky</odkaz>.
		</popis>
		<v-roce cislo="2011">
			<v-mesici jmenem="leden">
				<ve-dni cislo="17">
					<zacatek-udalosti id="Zapis">
						<jmeno>Zapis</jmeno>
						<popis>Elektronicky zapis predmetu vyucovanych v LS</popis>
					</zacatek-udalosti>
				</ve-dni>
			</v-mesici>
			<v-mesici jmenem="unor">
				<ve-dni cislo="21">
					<zacatek-udalosti id="Vyuka">
						<jmeno>Vyuka v letnim semestru</jmeno>
					</zacatek-udalosti>
				</ve-dni>
			</v-mesici>
			<v-mesici jmenem="brezen">
				<ve-dni cislo="18">
					<konec-udalosti ref="Zapis" />
				</ve-dni>
			</v-mesici>
			<v-mesici jmenem="kveten">
				<ve-dni cislo="17">
					<preruseni-udalosti id="RekDen" udalost="Vyuka">
						<jmeno>Rektorsky a dekansky den</jmeno>
						<popis>Dne <odkaz-na-datum rok="2011" mesic="kveten" den="18">18.5.</odkaz-na-datum> vyuka neni.</popis>
					</preruseni-udalosti>
				</ve-dni>
				<ve-dni cislo="19">
					<pokracovani-udalosti preruseni="RekDen" />
				</ve-dni>
				<ve-dni cislo="27">
					<konec-udalosti ref="Vyuka" />
				</ve-dni>
			</v-mesici>
		</v-roce>
	</udalosti>
</kalendar>