<?xml version="1.0"?>
<?xml-stylesheet href="modern.css" type="text/css"?> <!-- len pre splnenie podmienok-->
<World engine="CoolPool" projecthome="ph">
	<!-- CUSTOM OBJECTS -->
	<CustomObjects orientation="rightHanded">
		<CustomObject id="custom12" class="class1 class2">
			<Rectangle>
			           <color>yellow</color>
				<Vector x="1" y="1" z="1"/>
				<Vector x="2" y="2" z="2"/>
				<Vector x="3" y="4" z="5"/>
				<Quaternion s="1" x="3" y="4" z="5"/>
			</Rectangle>
		</CustomObject>
		<CustomObject id="custom13" class="class1 class2">
			<Rectangle>
			           <color>blue</color>			
				<Vector x="1" y="1" z="1"/>
				<Vector x="2" y="2" z="2"/>
				<Vector x="3" y="4" z="5"/>
				<Quaternion s="1" x="3" y="4" z="5"/>
			</Rectangle>
		</CustomObject>
	</CustomObjects><!-- SCENES -->	
</World>
