<?xml version="1.0" encoding="windows-1250" ?>
<!--<!DOCTYPE hokej SYSTEM "data.dtd">-->
<!--<hokej
  xmlns:xsi="http://www.w3.org/2001/XMLSchema-instance"
  xsi:noNamespaceSchemaLocation="data.xsd">
-->
<hokej>
	<nazev_tymu>HC Slavia Praha</nazev_tymu>
	<stadion>

		<historie>
			<otevreno kdy="2004-03-24" />
			<byvaly_nazev>Sazka Arena</byvaly_nazev>
		</historie>
		<vyuziti>
			<udalost akce="hokej" />
			<udalost akce="atletika" />
			<udalost akce="tenis" />
			<udalost akce="koncerty" />
		</vyuziti>
		<nazev>o2 Arena</nazev>
		<kapacita>17123</kapacita>
		<poloha>
			<adresa>
				<ulice>Ocelarska 460/2</ulice>
				<mestska_cast>Liben</mestska_cast>
				<mesto>Praha 9</mesto>
				<stat>Ceska republika</stat>
			</adresa>
			<stanice_metra>Ceskomoravska</stanice_metra>
		</poloha>
	</stadion>
	<stadion>	
		<historie>
			<otevreno kdy="1975" />
		</historie>
		<vyuziti>
			<udalost akce="hokej" />
		</vyuziti>
		<nazev>Zimni stadion Eden</nazev>
		<kapacita>5000</kapacita>
		<poloha>
			<adresa>
				<ulice>Vladivostocka 1460/10</ulice>
				<mestska_cast>Vrsovice</mestska_cast>
				<mesto>Praha 10</mesto>
				<stat>Ceska republika</stat>
			</adresa>
			<stanice_metra>Strasnicka</stanice_metra>
		</poloha>
	</stadion>
	<tym>
		<muzstvo soutez="a_muzstvo">
			<vedeni>
				<treneri>
					<trener pozice="hlavni">Vladimir Ruzicka</trener>
					<trener pozice="asistent">Frantisek Beranek</trener>
					<trener pozice="asistent2">Ondrej Weismann</trener>
				</treneri>
			</vedeni>
			<hraci>
				<golmani>
					
					<golman name="Miroslav_Kopriva" hul="leva" />
					<golman name="Dominik_Furch" hul="prava" />
					
				</golmani>
				<obranci>
					<obrance name="Jan_Dresler" hul="leva" />
					<obrance name="Petr_Kadlec" hul="leva" />
					<obrance name="Pavel_Kolarik" hul="leva" />
					<obrance name="Daniel_Krejci" hul="leva" />
					<obrance name="Jakub_Krejcik" hul="leva" />
					<obrance name="Petr_Kubos" hul="prava" />
					<obrance name="Jakub_Sulc" hul="leva" />
					<obrance name="Juraj_Valach" hul="prava" />
				</obranci>
				<utocnici>
					<utocnik name="Michal_Vondrka" hul="leva" pozice="kridlo" />
					<utocnik name="Jan_Alinc" hul="leva" pozice="kridlo" />
					<utocnik name="Antonin_Dusek" hul="leva" pozice="kridlo" />
					<utocnik name="Dmitrij_Jaskin" hul="leva" pozice="kridlo" />
					<utocnik name="Vladimir_Ruzicka_ml" hul="leva" pozice="centr" />
					<utocnik name="Tomas_Pospisil" hul="prava" pozice="kridlo" />
					<utocnik name="Tomas_Micka" hul="leva" pozice="centr" />
					<utocnik name="Petr_Jelinek" hul="leva" pozice="centr" />
					<utocnik name="Jakub_Sklenar" hul="leva" pozice="centr" />
					<utocnik name="Lukas_Krenzelok" hul="leva" pozice="kridlo" />
				</utocnici>
				
				<kapitan name_ref="Petr_Kadlec" />
				<asistent name_ref="Michal_Vondrka" />
				<asistent name_ref="Tomas_Pospisil" />
				
			</hraci>

		</muzstvo>
		
		<muzstvo soutez="juniori">
			<vedeni>
				<treneri>
					<trener pozice="hlavni_juniorka">Pan A</trener>
					<trener pozice="asistent_juniorka">Pan B</trener>
					<trener pozice="asistent2_juniorka">Pan C</trener>
				</treneri>
			</vedeni>
			<hraci>
				
				<golmani>
					<golman name="golman_1" hul="leva" />
				</golmani>
				<obranci>
					<obrance name="Obrance_A" hul="leva" />
					<obrance name="Obrance_B" hul="prava" />
				</obranci>
				<utocnici>
					<utocnik name="Utocnik_A" hul="leva" pozice="kridlo" />
					<utocnik name="Utocnik_B" hul="prava" pozice="kridlo" />
				</utocnici>
				<kapitan name_ref="Obrance_A" />
				<asistent name_ref="Utocnik_B" />
				<asistent name_ref="Utocnik_A" />
			</hraci>
		</muzstvo>
		
	</tym>
	
	<hist>
		<datum><?php echo Date("d.m.Y")?></datum>
		Tym <b>HC Slavia Praha</b> vznikl v roce 1900 a je nejstarsim klubem v Cesku. Za 110 let dokazal pod vedenim 
		<osoba pozice_ref="hlavni">Vladimira Ruzicky</osoba> vyhrat 2 mistrovske tituly v letech 2003, 2008.
		<!-- Sekce CDATA -->
		<![CDATA[
		Ma rozpocet v intervalu <0, 10 miliard>
		]]>
		Vygenerovano dne: 8.3.2011, dnes je <?php echo Date("d.m.Y")?>
	</hist>
</hokej>