<?xml version="1.0" encoding="UTF-8"?>
<stocks>
	<company code="AAPL">
		<item>
			<date>2013-01-01</date>
			<value>175.5</value>
		</item>
		<item>
			<date>2013-01-02</date>
			<value>170.3</value>
		</item>
		<item>
			<date>2013-01-03</date>
			<value>167.4</value>
		</item>
	</company>
	<company code="MSFT">
		<item>
			<date>2013-01-01</date>
			<value>67.0</value>
		</item>
		<item>
			<date>2013-01-02</date>
			<value>67.7</value>
		</item>
		<item>
			<date>2013-01-03</date>
			<value>62.1</value>
		</item>
	</company>
</stocks>