<?xml version="1.0" encoding="utf-8"?>
<biathlonDiary xmlns:xsi="http://www.w3.org/2001/XMLSchema-instance">
	<?xml-stylesheet type="text/css" href="style.css"?>
	<!-- activities declaration -->
	<activities>
		<activity name="Beh" abb="Be" km="ano" vn="ne">do behu se zahrnuje i beh s holemi</activity>
		<activity name="Beh se strelbou" abb="BeStr" km="ano" vn="ano"/>
		<activity name="Kolo" abb="Kolo" km="ano" vn="ne">horske kolo se do cyklickych km deli dvema, silnicni trema</activity>
		<activity name="Obecna sila" abb="Osi" km="ne" vn="ne"/>
		<activity name="Specialni sila" abb="Ssi" km="ne" vn="ne">specialni sila se nepocita jako samostatna jednotka zatizeni</activity>
		<activity name="Imitace" abb="Imv" km="ne" vn="ne"/>
		<activity name="Koleckove lyze" abb="Kl" km="ano" vn="ne"/>
		<activity name="Koleckove lyze se strelbou" abb="KlStr" km="ano" vn="ano"/>
		<activity name="Lyze" abb="Ly" km="ano" vn="ne">klasika i skate</activity>
		<activity name="Lyze se str" abb="LyStr" km="ano" vn="ne"/>
	</activities>
	<!-- coaches list -->
	<coaches>
		<!-- headcoach men -->
		<coach id-coach="RybarO">
			<personal-info>
				<name>Ondrej</name>
				<surname>Rybar</surname>
				<club>skp jbc</club>
			</personal-info>
			<employer>mvcr</employer>
		</coach>
		<!-- headcoach women -->
		<coach id-coach="SikolaJ">
			<personal-info>
				<name>Jindrich</name>
				<surname>Sikola</surname>
				<e-mail>sikola.j@seznam.cz</e-mail>
				<phone>+420739547382</phone>
				<club>KB Jilemnice</club>
			</personal-info>
			<employer>mvcr</employer>
		</coach>
		<!-- assistent coach women -->
		<coach id-coach="LejsekA">
			<personal-info>
				<name>Ales</name>
				<surname>Lejsek</surname>
				<birthday>6.9.1982</birthday>
				<club>skp jbc</club>
			</personal-info>
			<employer>mvcr</employer>
		</coach>
		<!-- assistent coach men -->
		<coach id-coach="LejsekM">
			<personal-info>
				<name>Marek</name>
				<surname>Lejsek</surname>
				<club>skp jbc</club>
			</personal-info>
			<employer>mvcr</employer>
		</coach>
	</coaches>
	<!-- training groups -->
	<groups>
		<group name="Reprezentacni A druzstvo muzu" id-group="zenyA" head-coach="RybarO"/>
		<group name="Reprezentacni A druzstvo zen" id-group="muziA" head-coach="SikolaJ"/>
	</groups>
	<athletes>
		<athlete id-athlete="VitkovaV" my-group="zenyA">
			<personal-info>
				<name>Veronika</name>
				<surname>Vitkova</surname>
				<birthday>9.12.1988</birthday>
				<e-mail>verca.vitkova@centrum.cz</e-mail>
				<phone>+420739547405</phone>
				<club>skp jbc, KB Jilemnice</club>
				<rifle>Anschutz</rifle>
			</personal-info>
			<my-coaches id-coaches="SikolaJ LejsekA"/>
			<training-records>
				<training-record date="20.6.2010" phase="dopoledni" time="4:30">
					<heading>VT Ramsau</heading>
					<description>
						<part activity="Kolo" intensity="II" km="110" time="4:30"/>
						<text>Prvni etapa Alpintour z Ramsau do Tauplitz.</text>
					</description>
					<note><![CDATA[Trasa znacena dvojtymi sipkami << nebo >> s cervenym napisem ve spicatych zavorkach <AlpinTour>]]></note>
				</training-record>
				<training-record date="20.6.2010" phase="odpoledni" time="0:45">
					<heading>VT Ramsau</heading>
					<description>
						<part activity="Kl" intensity="I" time="0:45"/>
						<text>Volne jeti.</text>
					</description>
				</training-record>
				<training-record date="21.6.2010" phase="ranni" time="0:30">
					<heading>VT Ramsau</heading>
					<description>
						<part activity="Be" intensity="I" time="0:15" km="3"/>
						<part activity="Osi" time="0:15"/>
						<text>Rozcvicka, sila ruce + bricho</text>
					</description>
				</training-record>
				<training-record date="21.6.2010" phase="dopoledni" time="1:30">
					<heading>VT Ramsau</heading>
					<description>
						<part activity="Kl" intensity="III" time="1:30" km="15"/>
						<text>Vyjezd v ANP</text>
					</description>
				</training-record>
				<training-record date="3.8.2010" phase="dopoledni" time="2:00">
					<heading>Trenink v jbc</heading>
					<description>
						<part activity="Kl" intensity="I" time="0:50" km="10"/>
						<part activity="KlStr" intensity="III" time="1:10" km="13"/>
						<text>25'Rj, 1:10 rychlejsi tempo se strelbou - 10 polozek, 25' Vj</text>
					</description>
					<note>Jezdilo se mi blbe, celkova unava.</note>
				</training-record>
				<training-record date="3.8.2010" phase="odpoledni" time="1:00">
					<heading/>
					<description>
						<part activity="Imv" intensity="II" time="1:00"/>
						<text>Beh s holemi + imitacni chuze sjezdovky</text>
					</description>
					<note>
            Vubec jsem nemohla. <for-coach> Po dopolednim treninku uz to bylo prilis tezke. </for-coach>
					</note>
				</training-record>
				<training-record date="28.12.2010" phase="ranni" time="0:20">
					<heading>VT Obertilliach</heading>
					<description>
						<part activity="Osi" time="0:20"/>
						<text>Rozcvicka - gumy + fukary.</text>
					</description>
				</training-record>
				<training-record date="29.12.2010" phase="dopoledni" time="2:00">
					<heading>VT Obertilliach</heading>
					<description>
						<part activity="Ly" intensity="II" km="30" time="2:00"/>
						<part activity="Ssi" time="0:50"/>
						<text>Skate - Rj, specialni sila - HK, DK, SPOLU, Vj</text>
					</description>
					<heart-rate url="/VitkovaV/heartrate/291210-1.tf"/>
				</training-record>
				<training-record date="29.12.2010" phase="odpoledni" time="1:00">
					<heading>VT Obertilliach</heading>
					<description>
						<part activity="Ly" intensity="I" km="15" time="1:00"/>
						<text>Klasika - volne jeti</text>
					</description>
				</training-record>
			</training-records>
		</athlete>
		<athlete id-athlete="SlesingrM" my-group="muziA">
			<personal-info>
				<name>Michal</name>
				<surname>Slesingr</surname>
				<club>skp jbc, OEZ Letohrad</club>
				<rifle>Anschutz</rifle>
			</personal-info>
			<my-coaches id-coaches="RybarO LejsekM"/>
			<training-records>
				<training-record date="31.12.2010" phase="dopoledni" time="2:30">
					<heading>VT Obertilliach</heading>
					<description>
						<part activity="LyStr" intensity="II" time="1:30"/>
						<part activity="LyStr" intensity="III" time="0:40"/>
						<part activity="LyStr" intensity="IV" time="0:20"/>
						<text>Skate - Rj, nastrel, 4x(3'ZT s durazem na kopec - strelba - 3'ZT s durazem na kopec - strelba, vyjeti), Vj</text>
					</description>
					<heart-rate url="/SlesingrM/heartrate/311210-1.tf"/>
				</training-record>
			</training-records>
		</athlete>
	</athletes>
</biathlonDiary>
