<?xml version="1.0" encoding="UTF-8" ?>
<?xml-stylesheet type="text/xsl" href="data.xsl"?>
<!-- toto je komentář vytvořený za účelem naplnění zadání -->
<root>
	<projects>
		<project id="proj_1">
			<title>Domácí úkol</title>
			<description>
				První domácí úkol z předmětu <a href="http://is.cuni.cz/studium/">Technologie XML</a>.
			</description>
			<milestones>
				<milestone mid="ms_1">
					<title> XML soubor</title>
					<description/>
					<tasks>
						<task tid="task_1">
							<title>Napsat značku záhlaví XML</title>
							<description><![CDATA[Značka se píše <?xml (...)?>]]></description>
							<team>
								<team-member id="staff_1"/>
							</team>
						</task>
						<task tid="task_2">
							<title>Napsat DOCTYPE</title>
							<team>
								<team-member id="staff_1"/>
							</team>
						</task>
						<task tid="task_3">
							<title> element s hloubkou 5</title>
							<team>
								<team-member id="staff_1"/>
							</team>
						</task>
						<task tid="task_4">
							<title> první z 10 úkolů</title>
							<team>
								<team-member id="staff_1"/>
							</team>
						</task>
						<task tid="task_5">
							<title> druhý z 10 úkolů</title>
							<team>
								<team-member id="staff_1"/>
							</team>
						</task>
						<task tid="task_6">
							<title> třetí z 10 úkolů</title>
							<team>
								<team-member id="staff_1"/>
							</team>
						</task>
						<task tid="task_7">
							<title> čtvrtý z 10 úkolů</title>
							<team>
								<team-member id="staff_1"/>
							</team>
						</task>
						<task tid="task_8">
							<title> pátý z 10 úkolů</title>
							<team>
								<team-member id="staff_1"/>
							</team>
						</task>
						<task tid="task_9">
							<title> šestý z 10 úkolů</title>
							<team>
								<team-member id="staff_1"/>
							</team>
						</task>
						<task tid="task_10">
							<title> další čtyři úkoly</title>
							<team>
								<team-member id="staff_1"/>
								<team-member id="staff_2"/>
							</team>
						</task>
					</tasks>
				</milestone>
				<milestone mid="ms_2">
					<title> DTD soubor</title>
					<description>Vytvoření souboru, proti němuž se bude toto XML validovat</description>
					<tasks>
						<task tid="task_11">
							<title> další čtyři úkoly</title>
							<team>
								<team-member id="staff_1"/>
								<team-member id="staff_2"/>
							</team>
						</task>
					</tasks>
				</milestone>
			</milestones>
		</project>
		<project id="proj_2">
			<title>Webový portál</title>
			<description>
				Webová prezentace firmy Firma.
			</description>
			<milestones>
				<milestone mid="ms_3">
					<title>Grafika</title>
					<description/>
					<tasks>
						<task tid="task_12">
							<title>Napsat značku záhlaví XML</title>
							<description><![CDATA[Značka se píše <?xml (...)?>]]></description>
							<team>
								<team-member id="staff_5"/>
							</team>
						</task>
					</tasks>
				</milestone>
				<milestone mid="ms_4">
					<title>PHP kód</title>
					<description>Vytvoření souboru, proti němuž se bude toto XML validovat</description>
					<tasks>
						<task tid="task_13">
							<title> další čtyři úkoly</title>
							<team>
								<team-member id="staff_1"/>
								<team-member id="staff_6"/>
							</team>
						</task>
					</tasks>
				</milestone>
			</milestones>
		</project>
		<project id="proj_3">
			<title>E-shop</title>
			<description>
				E-shop firmy Akciovka
			</description>
			<milestones>
				<milestone mid="ms_5">
					<title>Šablona</title>
					<description/>
					<tasks>
						<task tid="task_14">
							<title>CSS, HTML</title>
							<description></description>
							<team>
								<team-member id="staff_2"/>
								<team-member id="staff_3"/>
								<team-member id="staff_5"/>
							</team>
						</task>
					</tasks>
				</milestone>
				<milestone mid="ms_6">
					<title>Administrace</title>
					<description>Správa e-shopu - správa zboží, ceníků, zaměstnanců, uživatelů</description>
					<tasks>
						<task tid="task_15">
							<title>...</title>
							<team>
								<team-member id="staff_1"/>
								<team-member id="staff_6"/>
							</team>
						</task>
					</tasks>
				</milestone>
			</milestones>
		</project>
		<project id="proj_3">
			<title>E-shop</title>
			<description>
				E-shop firmy Akciovka
			</description>
			<milestones>
				<milestone mid="ms_5">
					<title>Šablona</title>
					<description/>
					<tasks>
						<task tid="task_14">
							<title>CSS, HTML</title>
							<description></description>
							<team>
								<team-member id="staff_2"/>
								<team-member id="staff_3"/>
								<team-member id="staff_5"/>
							</team>
						</task>
					</tasks>
				</milestone>
				<milestone mid="ms_6">
					<title>Administrace</title>
					<description>Správa e-shopu - správa zboží, ceníků, zaměstnanců, uživatelů</description>
					<tasks>
						<task tid="task_15">
							<title>...</title>
							<team>
								<team-member id="staff_1"/>
								<team-member id="staff_6"/>
							</team>
						</task>
					</tasks>
				</milestone>
			</milestones>
		</project>
	</projects>
	<staff>
		<member id="staff_1">
			<name>Dominik Janata</name>
			<sislogin value="JANATAD"/>
		</member>
		<member id="staff_2" real="no">
			<name>Uživatel Pokusný</name>
		</member>
		<member id="staff_3" real="no">
			<name>Uživatel Třetí</name>
		</member>
		<member id="staff_4" real="no">
			<name>Uživatel Čtvrtý</name>
		</member>
		<member id="staff_5" real="no">
			<name>Uživatel Pátý</name>
		</member>
		<member id="staff_6" real="no">
			<name>Uživatel Šestý</name>
		</member>
	</staff>
</root>
