<?xml version="1.0" encoding="UTF-8"?>
<labels>
	<label id="label-1">
		<label-name>American Recordings</label-name>
		<label-country>USA</label-country>
	</label>
	<label id="label-2">
		<label-name>On and On Records</label-name>
		<label-country>France</label-country>
	</label>
	<label id="label-3">
		<label-name>Reprise Records</label-name>
		<label-country>USA</label-country>
	</label>
	<label id="label-4">
		<label-name>Interscope Records</label-name>
		<label-country>USA</label-country>
	</label>
</labels>