<?xml version="1.0" encoding="UTF-8"?>
<politickeStrany
 xmlns:xsi="http://www.w3.org/2001/XMLSchema-instance"
  xsi:noNamespaceSchemaLocation="data.xsd">
<politickaStrana id="1" orientace="leva">
  <name>strana1</name>
  <abbrevation>str1</abbrevation>
  <nrMembers>25000</nrMembers>
  <datumVzniku>1989</datumVzniku>
  <leaders>
     <leader gender="male">xxxxx</leader>
     <leader gender="female">xxxxx</leader>
  </leaders>
  <members>
   <member>
      <mnr>1</mnr>
      <mname>xx</mname>
   </member>
  </members>   
</politickaStrana>

<politickaStrana id="2">
  <name>strana2</name>
  <abbrevation>str2</abbrevation>
  <nrMembers>25000</nrMembers>
  <datumVzniku>2000</datumVzniku>
  <leaders>
     <leader gender="male">xxxxx</leader>
     <leader gender="female">xxxxx</leader>
  </leaders>
  <members>
   <member>
      <mnr>1</mnr>
      <mname>xx</mname>
   </member>
  </members> 
</politickaStrana>

<politickaStrana id="3">
  <name>strana3</name>
  <abbrevation>str3</abbrevation>
  <nrMembers>25000</nrMembers>
  <datumVzniku>2001</datumVzniku>
</politickaStrana>

<politickaStrana id="4">
  <name>strana4</name>
  <abbrevation>str4</abbrevation>
  <nrMembers>25000</nrMembers>
  <datumVzniku>2002</datumVzniku>
</politickaStrana>

</politickeStrany>