﻿<?xml version="1.0" encoding="utf-8" ?>
<!DOCTYPE kniznica SYSTEM "data.dtd"[
  <!ENTITY rom "Romance">
  <!ENTITY war "War">
  <!ENTITY com "Comedy">
  <!ENTITY scf "Science Fiction">
  <!ENTITY fan "Fantasy">
]>
<!-- xml je fiktivny report z fiktivnej databazi fiktivnej kniznice-->
<!--obsahuje:
kratky zoznam dostupnych publikacii (knih)
kratky zoznam citatelov-->
<kniznica datum="21.2.2012">
  <titulok>
    <?dbfo bgcolor="#FFCC66" ?>
    <![CDATA[
    <div class="header">Zoznam citatelov</div>
    ]]>
    <?php 
    echo "Vitajte na strankach anonymnej kniznice";
    ?>
    V Nasledujucej casti je mozne najst publikacie &amp; citatelov
  </titulok>
  <publikacie>
    <?dbfo bgcolor="#FFFFCC" ?>
    
    <publikacia id="p1">
      <publikacia-info>
        <nazov>Úžasná Zeměplocha - Barva kouzel</nazov>
        <autor>Terry Pratchett</autor>
        <originalny-nazov>The Colour of Magic</originalny-nazov>
        <rok-vydania>2007</rok-vydania>
        <vydavatelstvo>Talpress</vydavatelstvo>
      </publikacia-info>
      <publikacia-detail>
        <isbn>8085609282</isbn>
        <katalogove-cislo>8152</katalogove-cislo>
        <pocet-stran>290</pocet-stran>
        <hmotnost>180 g</hmotnost>
        <jazyk>český jazyk</jazyk>
        <rozmer>110×180 mm</rozmer>
        <vazba>brožovaná väzba</vazba>
	<about>&fan;
          Barva kouzel je 1. díl ze Zeměplošského cyklu. Ve světě, který leží na krunýři obrovské želvy, se vydává na cestu rozverná, temperamentní a neuvěřitelně výstřední výprava. Setkáte se s lakomým a naprosto neschopným čarodějem Mrakoplašem, naivním turistou Dvoukvítkem, jehož Zavazadlo za ním běhá jako pes na stovce malých nožiček, s draky, kteří existují pokud na ně opravdu věříte, a samozřejmě dojdete až na okraj této podivné planety.
          <obrazky>
            <obrazok filename="barva_kouze.jpeg" url="/cosi/cosi"/>
          </obrazky>
        </about>
        <zaner>&fan;</zaner>
        <zaner>&scf;</zaner>  
      </publikacia-detail>
      <publikacia-komentare>
        <komentar>
          <komentar-autor>Jozef Mak</komentar-autor>
          <komentar-datum>22.2.2011</komentar-datum>
          <komentar-text></komentar-text>
          <komentar-hodnotenie>5/5</komentar-hodnotenie>
        </komentar>
      </publikacia-komentare>
    </publikacia>
    <publikacia id="p2">
      <publikacia-info>
        <nazov>Zločin a trest</nazov>
        <autor>Fiodor Michajlovič Dostojevskij</autor>
        <rok-vydania>2007</rok-vydania>
        <vydavatelstvo>Academia</vydavatelstvo>
      </publikacia-info>
      <publikacia-detail>
        <isbn>8020015136</isbn>
        <katalogove-cislo>35470</katalogove-cislo>
        <pocet-stran>511</pocet-stran>
        <hmotnost>720 g</hmotnost>
        <jazyk>český jazyk</jazyk>
        <rozmer>135×205 mm</rozmer>
        <vazba>pevná s prebalom väzba</vazba>
        <about>
          Zločin, o kterém vypráví Dostojevského román, je všeobecně znám i těm, kteří román (ještě) nečetli: třiadvacetiletý student jménem Rodion Romanovič Raskolnikov zabil starou lichvářku Aljonu Ivanovnu, protože ji považoval za zlou a neužitečnou, navíc její smrt měla umožnit financování jeho studia a zamezit zničujícím obětem včetně prostituce, motivovaným nedostatkem peněz...
          <obrazky>
            <obrazok filename="Zlocin_a_trest.jpg" url="/cosi/cosi"/>
            <obrazok filename="zlocin_a_trest_back.jpg" url="/cosi/cosi"/>
          </obrazky>
        </about>
        <zaner>&rom;</zaner>
      </publikacia-detail>
      <publikacia-komentare>
      </publikacia-komentare>
    </publikacia>
    <publikacia id="p3">
      <publikacia-info>
        <nazov>Uražení a ponížení</nazov>
        <autor>Fiodor Michajlovič Dostojevskij</autor>
        <rok-vydania>2004</rok-vydania>
        <vydavatelstvo>Academia</vydavatelstvo>
      </publikacia-info>
      <publikacia-detail>
        <isbn>8020012710</isbn>
        <katalogove-cislo>18093</katalogove-cislo>
        <pocet-stran>385</pocet-stran>
        <hmotnost>390 g</hmotnost>
        <jazyk>český jazyk</jazyk>
        <rozmer>140×210 mm</rozmer>
        <vazba>pevná väzba</vazba>
        <about>
          Z ponurých, sychravých zákoutí města na Něvě, ze zatuchlých příbytků, které jsou sídlem prostopášnosti, neřesti a utajených zločinů, jako by se vynořily i postavy románu Uražení a ponížení, jejichž osudy autor spojil s osudy obyvatel petrohradských paláců. A jako v ostatních románech Dostojevského, ani zde nenajdeme nekomplikovaný vztah dvou bytostí, nýbrž složitý obrazec mučivých milostných vztahu a propletenců, kterých nejsou ušetřeny ani děti. Dostojevskij měl klíč k osudu svých románových postav ve svém vlastním životě, odtud pramení jeho citovost, vášnivost a zaujetí pro všechny "uražené a ponížené", kteří byli jeho blíženci.
          <obrazky>
            <obrazok filename="urazeni_a_ponizeni_front.jpg" url="cosi/cosi/1/"/>
            <obrazok filename="urazeni_a_ponizeni_back.jpg" url="cosi/cosi/1/"/>
          </obrazky>
        </about>
        <zaner>&rom;</zaner>
      </publikacia-detail>
      <publikacia-komentare>
      </publikacia-komentare>
    </publikacia>
    <publikacia id="p4">
      <publikacia-info>
        <nazov>1984</nazov>
        <autor>George Orwell</autor>
        <rok-vydania>2000</rok-vydania>
        <vydavatelstvo>Slovart</vydavatelstvo>
      </publikacia-info>
      <publikacia-detail>
        <isbn>80451524935</isbn>
        <katalogove-cislo>11979</katalogove-cislo>
        <pocet-stran>256</pocet-stran>
        <hmotnost>330 g</hmotnost>
        <jazyk>slovenský jazyk</jazyk>
        <rozmer>130×210 mm</rozmer>
        <vazba>pevná väzba</vazba>
        <about>
          Jedno z najznámejších diel svetovej literatúry nášho storočia spája v sebe prvky spoločensko-politického a vedecko-fantastického románu. Je obžalobou komunistickej diktatúry, ktorá v roku 1984 ovláda všetko, vrátane ľudského myslenia. V centre románu sú osudy čestného, citlivého a uvažujúceho jedinca (Winstona Smitha), ktorý sa vzoprie systému, za čo platí krutú daň. Orwell touto knihou už v roku 1948 ponúkol svetu víziu, ktorá sa neskôr stala realitou.
        </about>
        <zaner>&rom;</zaner>
      </publikacia-detail>
      <publikacia-komentare>
      </publikacia-komentare>
    </publikacia>
    <publikacia id="p5">
      <publikacia-info>
        <nazov>Zvieracia farma</nazov>
        <autor>George Orwell</autor>
        <rok-vydania>2007</rok-vydania>
        <vydavatelstvo>Slovart</vydavatelstvo>
      </publikacia-info>
      <publikacia-detail>
        <isbn>8080852986</isbn>
        <katalogove-cislo>34303</katalogove-cislo>
        <pocet-stran>101</pocet-stran>
        <hmotnost>210 g</hmotnost>
        <jazyk>slovenský jazyk</jazyk>
        <rozmer>137×217 mm</rozmer>
        <vazba>pevná s prebalom väzba</vazba>
        <about>
          Zvieracia farma je politickou satirou na revolúciu, ktorá sa vymkla z rúk. Zvieratá sa zbavia nadvlády nenávidených ľudí a zavedú si svoj vlastný režim, v ktorom si všetci majú byť rovní. Z nádherných ideálov revolúcie sa však postupne stáva nočná mora. Prasce sa zmocnili koryta, a teda aj vlády, postupne si začali prispôsobovať zákony a legendárny slogan "Všetky zvieratá sú si rovné" sa čoskoro mení na "Všetky zvieratá sú si rovné, ale niektoré sú si rovnejšie". Aby sa prasce udržali pri moci, zavedú teror, šíria strach a hrôzu, poštvú proti sebe zvieratá, zavedú kasty.
        </about>
        <zaner>&rom;</zaner>
      </publikacia-detail>
      <publikacia-komentare>
      </publikacia-komentare>
    </publikacia>
    <publikacia id="p6">
      <publikacia-info>
        <nazov>Gateway</nazov>
        <autor>Frederik Pohl</autor>
        <rok-vydania>2004</rok-vydania>
        <vydavatelstvo>Laser-books</vydavatelstvo>
      </publikacia-info>
      <publikacia-detail>
        <isbn>8071931705</isbn>
        <katalogove-cislo>16553</katalogove-cislo>
        <pocet-stran>136</pocet-stran>
        <jazyk>český jazyk</jazyk>
        <rozmer>105×165 mm</rozmer>
        <vazba>brožovaná väzba</vazba>
        <about>
          Lidstvo nachází ve Sluneční soustavě zařízení a stavby tajemné cizí rasy, která dostane jméno Heechee. Jejich technologie byla velmi rozvinutá a některé artefakty se ukázaly jako velmi přínosné a lidmi dobře využité. Nikdo ovšem neví, jak Heechee vypadali ani kam odletěli.
          Největším objevem je asteroid Gateway, cosi jako kosmická stanice s přibližně tisícovkou funkčních mezihvězdných lodí. Každá je naprogramovaná k nadsvětelnému letu na vzdálené místo kdesi v neprobádaném vesmíru. Není možné je řídit, ale přesto se hlásí dobrovolníci, prospektoři, kteří se těmito loděmi vydávají do neznáma.
          Někdy najdou poklad, jindy - smrt.
          Robinette Broadhead je jedním z nich...
        </about>
        <zaner>&scf;</zaner>
      </publikacia-detail>
      <publikacia-komentare>
      </publikacia-komentare>
    </publikacia>
    <publikacia id="p7">
      <publikacia-info>
        <nazov>Rozpoznání vzorů</nazov>
        <autor>William Gibson</autor>
        <rok-vydania>2011</rok-vydania>
        <vydavatelstvo>Laser-books</vydavatelstvo>
      </publikacia-info>
      <publikacia-detail>
        <isbn>9788071933267</isbn>
        <katalogove-cislo>104069</katalogove-cislo>
        <pocet-stran>370</pocet-stran>
        <hmotnost>240 g</hmotnost>
        <jazyk>český jazyk</jazyk>
        <rozmer>106×165 mm</rozmer>
        <vazba>brožovaná väzba</vazba>
        <about>
          Nemáme budoucnost, protože naše přítomnost je příliš nestabilní. Máme jen rizikový management. Vymýšlení scénářů pro daný okamžik. Rozpoznávání vzorů...
          Cayce Pollardová je prorokem nové éry – světově uznávaná lovkyně trendů, analytička jevů trhu a módních směrů. Když přijíždí do Londýna, aby ocenila změnu loga jisté nadnárodní firmy, dostává úkol daleko těžší než všechny dosavadní: má nalézt tvůrce enigmatických videoklipů, které se objevují na netu a staly se objektem rostoucího kultu. Pronásledována vzpomínkami na otce – gurua bezpečnostních systémů a pravděpodobně zaměstnance CIA, který zmizel během útoku na WTC v září 2001 – se Cayce vydává na nebezpečnou cestu po paralelních světech marketingu, globalizace a teroru, a ponenáhlu míří k místu, ve kterém se protínají všechny tyto tři sféry...
          Ačkoli Gibsonův česky dosud nevydaný román postrádá prvky science fiction, stále ho můžeme do žánru počítat. Popisuje totiž současnost jako vratký mezistav, kterým všude prosakují věci příští.
        </about>
        <zaner>&scf;</zaner>
      </publikacia-detail>
      <publikacia-komentare>
        
      </publikacia-komentare>
    </publikacia>
    <publikacia id="p8">
      <publikacia-info>
        <nazov>Lehké fantastično</nazov>
        <autor>Terry Pratchett</autor>
        <rok-vydania>2007</rok-vydania>
        <vydavatelstvo>Talpress</vydavatelstvo>
      </publikacia-info>
      <publikacia-detail>
        <isbn>8085609290</isbn>
        <katalogove-cislo>57308</katalogove-cislo>
        <pocet-stran>272</pocet-stran>
        <hmotnost>180</hmotnost>
        <jazyk>český jazyk</jazyk>
        <rozmer>105×175</rozmer>
        <vazba>brožovaná bez prebalu lesklá väzba</vazba>
        <about>
          Zeměplocha se řítí k nevyhnutelné srážce se škodolibou rudou hvězdou a zachránit ji může pouze jediný člověk - neschopný a zbabělý čaroděj, který byl naposledy spatřen v okamžiku, kdy přepadl přes okraj světa...
        </about>
        <zaner>&scf;</zaner>
      </publikacia-detail>
      <publikacia-komentare>
      </publikacia-komentare>
    </publikacia>
    <publikacia id="p9">
      <publikacia-info>
        <nazov>Mort</nazov>
        <autor>Terry Pratchett</autor>
        <rok-vydania>1994</rok-vydania>
        <vydavatelstvo>Talpress</vydavatelstvo>
      </publikacia-info>
      <publikacia-detail>
        <isbn>808560955X</isbn>
        <katalogove-cislo>77209</katalogove-cislo>
        <pocet-stran>306</pocet-stran>
        <hmotnost>180</hmotnost>
        <jazyk>český jazyk</jazyk>
        <rozmer>110×175 mm</rozmer>
        <vazba>brožovaná väzba</vazba>
        <about>
          Smrť si dříve nebo později najde každého. Když ovšem přijde k Mortovi, nabídne mu zaměstnání. Ten zjistí, že kvůli tomu nemusí zemřít, a nabídku přijímá. Netrvá však dlouho a pochopí, že se jeho romantické touhy jen málo snášejí s vážnou úlohou Smrťova asistenta, a když pozná překrásnou princeznu Keli, která má být zavražděna a kterou má právě Mort dopravit na onen svět, začnou se věci rychle zeplétat...
        </about>
        <zaner>
          &scf;
        </zaner>
      </publikacia-detail>
      <publikacia-komentare>
      </publikacia-komentare>
    </publikacia>
    <publikacia id="p10">
      <publikacia-info>
        <nazov>Ohňové moře</nazov>
        <autor>Margaret Weis, Tracy Hickman</autor>
        <rok-vydania>1999</rok-vydania>
        <vydavatelstvo>Návrat</vydavatelstvo>
      </publikacia-info>
      <publikacia-detail>
        <isbn>8071741787</isbn>
        <katalogove-cislo>8099</katalogove-cislo>
        <pocet-stran>408</pocet-stran>
        <jazyk>český jazyk</jazyk>
        <rozmer>neuvedený</rozmer>
        <vazba>brožovaná väzba</vazba>
        <about></about>
        <zaner>&fan;</zaner>
      </publikacia-detail>
      <publikacia-komentare>
      </publikacia-komentare>
    </publikacia>
  </publikacie>
  <citatelia>
    <citatel id="rc8701037767-1" zaujem="&scf; &fan;">
      <osobne-udaje>
        <meno>Tomáš</meno>
        <priezvisko>Kriška</priezvisko>
        <adresa>
          <ulica>
            <meno-ulice>Tatranská</meno-ulice>
            <cislo-domu>2</cislo-domu>
          </ulica>
          <psc>94622</psc>
          <obec>Banská Bystrica</obec>
        </adresa>
        <telefonne-cislo>+421915915915</telefonne-cislo>
        <telefonne-cislo>048/4144142</telefonne-cislo>
      </osobne-udaje>
      <pozicane>
        <poz-publikacia ref="p1" stav="vrátené">
          <datum-prevzatia>21.4.2011</datum-prevzatia>
          <termin-vratenia>3.5.2011</termin-vratenia>
        </poz-publikacia>
        <poz-publikacia ref="p2" stav="požičané">
          <datum-prevzatia>1.1.2011</datum-prevzatia>
          <termin-vratenia>1.2.2011</termin-vratenia>
        </poz-publikacia>
      </pozicane>
      <pohladavky/>
    </citatel>
    <citatel id="rc9012247201-1" zaujem=" &rom; &war;">
      <osobne-udaje>
        <meno>Jan</meno>
        <priezvisko>Novák</priezvisko>
        <adresa>
          <ulica>
            <meno-ulice>Petrinského</meno-ulice>
            <cislo-domu>23</cislo-domu>
          </ulica>
          <psc>43223</psc>
          <obec>Rožňava</obec>
        </adresa>
        <telefonne-cislo>1234/12341234</telefonne-cislo>
      </osobne-udaje>
      <pozicane>
        <poz-publikacia ref="p3" stav="vrátené">
          <datum-prevzatia>3.3.2011</datum-prevzatia>
          <termin-vratenia>4.4.2011</termin-vratenia>
        </poz-publikacia>
      </pozicane>
      <pohladavky/>
    </citatel>
    <citatel id="rc8403123443-1" zaujem="&com;">
      <osobne-udaje>
        <meno>Michal</meno>
        <priezvisko>Kvet</priezvisko>
        <adresa>
          <ulica>
            <meno-ulice>Kvetoslavova</meno-ulice>
            <cislo-domu>1</cislo-domu>
          </ulica>
          <psc>32201</psc>
          <obec>Harmanec</obec>
        </adresa>
        <telefonne-cislo>032/123321123</telefonne-cislo>
      </osobne-udaje>
      <pozicane>
      </pozicane>
      <pohladavky/>
    </citatel>
  </citatelia>
</kniznica>
