<?xml version="1.0" encoding="UTF-8"?>
<adventurePlayers xmlns:xsi="http://www.w3.org/2001/XMLSchema-instance" xsi:noNamespaceSchemaLocation="data.xsd">
<player id="jnovak123">
	<identification>
		<name>Jan</name>
		<surname>Novák</surname>	
		<email>jnovak@seznam.cz</email>
	</identification>
	<played when="2012-01-01T15:30:20Z" finished="lost">
		<opinion aspect="entertainment" rating="8">I've had much fun playing this game, however the ending was a bit stupid...</opinion>
		<opinion aspect="playability" rating="6">Sometimes it wasn't obvious what I should do, but it wasn't so bad still.</opinion>
	</played>
</player>
<player id="jstary456">
	<identification xsi:type="T_admin_identification">
		<name>Jan</name>
		<surname>Starý</surname>
		<email>jstary@seznam.cz</email>
		<password>kocicka</password>
	</identification>
</player>
</adventurePlayers>