<!-- element pisne - obsahuje podelementy pisen -->
    <pisne>
        <!-- element pisen - atribut interpret odkaz k interpretovi, album k nazvu alba (media) - pisen muze byt soucasti vice alb -->
        <pisen interpret="bryada" album="m1">
            <titul>I'm Ready</titul>
            <delka jednotka="sec">265</delka><!-- element delka - informuje o delce pisne, atribut udava jednotku casu  -->
            <vydani>1983</vydani><!-- element vydani - urcuje rok vydani pisne -->
        </pisen>
        <pisen interpret="bryada" album="m1">
            <titul>Back To You</titul>
            <delka jednotka="sec">235</delka><!-- element delka - informuje o delce pisne, atribut udava jednotku casu  -->
            <vydani>1986</vydani><!-- element vydani - urcuje rok vydani pisne -->
        </pisen>
        <pisen interpret="bryada" album="m1">
            <titul>Summer Of '69</titul>
            <delka jednotka="sec">213</delka>
            <vydani>1985</vydani>
            <soubor umisteni="mp3/summer_off_'69" />
        </pisen>
        <pisen interpret="bryada" album="m3">
            <titul>Let's Make A Night To Remember</titul>
            <delka jednotka="sec">240</delka>
            <vydani>1995</vydani>
            <soubor umisteni="mp3/Let's_Make_A_Night_To_Remember" />
        </pisen>
        <pisen interpret="bobsin" album="m4">
            <titul>Love Generation</titul>
            <delka jednotka="sec">243</delka>
            <vydani>2005</vydani>
        </pisen>
        <pisen interpret="bobsin" album="m4">
            <titul>Sing my song</titul>
            <delka jednotka="sec">285</delka>
            <vydani>2004</vydani>
        </pisen>   
    </pisne>                