<?xml version="1.0" encoding="UTF-8"?>
<?xml-stylesheet type="text/xsl" href="data.xsl"?>
<prodejna-potravin id="ID_1">

	<prodejna>
		<ulice>
			<nazev-ulice>Vaclavske namesti</nazev-ulice>
			<cislo-orientaci>23</cislo-orientaci>
			<cislo-popisne>12</cislo-popisne>
		</ulice>
		<psc>18002</psc>
		<mesto>Praha</mesto>
		<stat>Czech Republic</stat>
		<nazev-prodejna>U zelene lisky</nazev-prodejna>
		<majitel>
			<jmeno>Karel</jmeno>
			<prijmeni>Vosovsky</prijmeni>
			<adresa-domu>
				<ulice>
					<nazev-ulice>U pruhonu</nazev-ulice>
					<cislo-orientaci>212</cislo-orientaci>
					<cislo-popisne>887</cislo-popisne>
				</ulice>
				<psc>35912</psc>
				<mesto>Brno</mesto>
				<stat>String</stat>
			</adresa-domu>
			<ico>159742314</ico>
			<vlastnicky-podil>2</vlastnicky-podil>
		</majitel>
	</prodejna>
	
	<potraviny>
		<zbozi zid="ID_2">
			<nazev>Coca cola</nazev>
			<cena>33</cena>
			<mnozstvi>1000</mnozstvi>
		</zbozi>
		<zbozi zid="ID_3">
			<nazev>Herbal</nazev>
			<cena>109</cena>
			<mnozstvi>900</mnozstvi>
		</zbozi>
	</potraviny>
	
	<zakaznici>
		<zakaznik>
			<jmeno>Dominik</jmeno>
			<prijmeni>Taborsky</prijmeni>
			<adresa-domu>
				<ulice>
					<nazev-ulice>Karlova</nazev-ulice>
					<cislo-orientaci>12</cislo-orientaci>
					<cislo-popisne>298</cislo-popisne>
				</ulice>
				<psc>19801</psc>
				<mesto>Praha</mesto>
				<stat>Czech Republic</stat>
			</adresa-domu>
			<kosik>
				<zbozi zrid="ID_1">
					<mnozstvi>33</mnozstvi>
				</zbozi>
			</kosik>
		</zakaznik>
		<zakaznik>
			<jmeno>Manas</jmeno>
			<prijmeni>Velky</prijmeni>
			<adresa-domu>
				<ulice>
					<nazev-ulice>Vaclavske namesti</nazev-ulice>
					<cislo-orientaci>2</cislo-orientaci>
					<cislo-popisne>2</cislo-popisne>
				</ulice>
				<psc>11200</psc>
				<mesto>Brno</mesto>
				<stat>Morava</stat>
			</adresa-domu>
			<kosik>
				<zbozi zrid="ID_1">
					<mnozstvi>33</mnozstvi>
				</zbozi>
			</kosik>
		</zakaznik>
		
	</zakaznici>
	
</prodejna-potravin>
