<?xml version="1.0" encoding="UTF-8"?>
<!DOCTYPE vysetreni SYSTEM "data.dtd">

<!-- Dokument zprávy z lékařského vyšetření. -->

<vysetreni>
	<pacient rodne_cislo="_1234567890" kod_zp="111">
		<jmeno jmeno="Václav" prijmeni="Novák" />
		<adresa mesto="Praha" ulice="Evropská" cp="1" />
		<telefon>+420123456789</telefon>
	</pacient>
	<datum rok="1990" mesic="1" den="1" />
	<pracoviste id="_123">
		<nazev_pracoviste>3.LF UK a ÚVN Praha</nazev_pracoviste>
		<adresa mesto="Praha" ulice="U Vojenské nemocnice" cp="1200" psc="16902" />
		<oddeleni><?php jmenoOddeleni(); ?></oddeleni>
	</pracoviste>
	<vysetrujici_lekar>
		<lekar id="_1">
			<jmeno titul="MUDr." jmeno="Jan" prijmeni="Novák" />
		</lekar>
	</vysetrujici_lekar>
		<zprava>Přichází ke zvážení SPL.
S: chron rýma, zhoršené dýchání nosem více sin.
Alergolog. vyš: pozit, zprávu nemám k disp. Ter bez efektu, již dlouho nebere.
Proveden amb. zákrok <odkaz_na_zakrok id="_Z63" />
ORL KO za 3 měsíce.
Uhrazen poplatek 30,-Kč.
Při odchodu z ORL kliniky pacient(ka) <odkaz_na_pacienta rodne_cislo="_1234567890" /> informován(a) a odchází ve stabilizovaném stavu.</zprava>
	<asistenti>
		<lekar id="_2">
			<jmeno titul="MUDr." jmeno="Aleš" prijmeni="Novák" />
		</lekar>
		<sestra id="_3">
			<jmeno jmeno="Jana" prijmeni="Nováková" />
		</sestra>
		<lekar id="_4">
			<jmeno titul="MUDr." jmeno="Petr" prijmeni="Souček" />
		</lekar>
	</asistenti>
	<diagnozy>
		<diagnoza kod_diagnozy="J310">Chronická rýma - &quot;Rhinitis chronica&quot;</diagnoza>
		<diagnoza kod_diagnozy="J342" />
	</diagnozy>
	<zakroky>
		<zakrok kod_zakroku="_Z63"><poznamka>Zákrok provedl <odkaz_na_lekare id="_2" /> za asistence <odkaz_na_lekare id="_3" /></poznamka></zakrok>
		<zakrok kod_zakroku="_Z2"></zakrok>
	</zakroky>
	<doporuceni>
		Užívání předepsaných léků až do příští kontroly.
		<predepsane_leky>
			<lek>
				<nazev_leku>Nasonex spray</nazev_leku>
				<davkovani>
					<mnozstvi>2 vstřiky bilat.</mnozstvi>
					<cetnost>1x denně</cetnost>
				 </davkovani>
			</lek>
			<lek>
				<nazev_leku>Analergin tablety</nazev_leku>
				<davkovani>
					<cetnost>1x denně</cetnost>
					<mnozstvi>1 tableta</mnozstvi>
				</davkovani>
			</lek>
		</predepsane_leky>
	</doporuceni>
	<laboratorni_testy>
		<laboratorni_test kod_testu="T72" stav_testu="proveden">
			<datum rok="1990" mesic="1" den="1"></datum>
			<odkaz_na_pracoviste id="_123" />
			<vysledek_testu>negativní</vysledek_testu>
		</laboratorni_test>
		<laboratorni_test kod_testu="T34" stav_testu="zadán">
			<datum rok="1990" mesic="1" den="1"></datum>
			<odkaz_na_pracoviste id="_123" />
		</laboratorni_test>
	</laboratorni_testy>
	<footer>
	<![CDATA[
	<div id="footer">
	<p>Elektronická lékařská zpráva, 3.LF UK a ÚVN Praha</p>
	</div>]]>
	</footer>
</vysetreni>
