<?xml version="1.0" encoding="utf-8"?>
<objects>
	<sectors>
		<sector id="S1">
		</sector>
		<sector id="S2">
		</sector>
		<sector id="S3">
		</sector>
		<sector id="S4">
		</sector>
	</sectors>
	<birthplaces>
		<birthplace id="B1"/>
		<birthplace id="B2"/>
		<birthplace id="B3"/>
		<birthplace id="B4"/>
		<birthplace id="B5"/>
		<birthplace id="B6"/>
		<birthplace id="B7"/>
		<birthplace id="B8"/>
	</birthplaces>
	<!-- seznam portalu sveta, kterymi agenti mohou prechazet mezi sektory -->
	<portals>
		<portal id="P1"/>
		<portal id="P2"/>
		<portal id="P3"/>
	</portals>
	<!-- seznam agentu -->
	<agents>
		<agent id="A1">
			<name>Pepan</name>
			<gender>muz</gender>
			<email>pepan@world.com</email>
		</agent>
		<agent id="A2">
			<name>Fanous</name>
			<email>fanous@world.com</email>
		</agent>
		<agent id="A3">
			<name>Mana</name>
			<gender>zena</gender>
			<email>mana@world.com</email>
		</agent>
		<agent id="A4">
			<name>Jarda</name>
			<gender>muz</gender>
			<email>jarda@world.com</email>
		</agent>
	</agents>
</objects>
