<?xml version="1.0" encoding="UTF-8"?>
<pivovar>
	<!-- databaze pivovaru, evidence zamestnancu a produktu-->
	<zamestnanci>
		<zamestnanec id="_00000001">
			<jmeno>
				Karel
			</jmeno>
			<primeni>
				Novák
			</primeni>
			<pozice vicepozic="ano">manažer</pozice>
			<email mail="karel@novak.com"/>
			<adresa>
				<mesto>Praha
					<cast>Praha 1</cast>
				</mesto>
				<ulice>malostranská</ulice>
				<psc>10</psc>
			</adresa>
		</zamestnanec>
		<zamestnanec id="_00000002">
			<jmeno>
				Magda
			</jmeno>
			<primeni>
				Nováková
			</primeni>
			<pozice>
				účetní
			</pozice>
			<email mail="magda@novakova.com"/>
			<adresa>
				<mesto>Praha
					<cast>Praha 1</cast>
				</mesto>
				<ulice>malostranská</ulice>
				<psc>10</psc>
			</adresa>
		</zamestnanec>
		<zamestnanec id="_00000003">
			<jmeno>
				Josef
			</jmeno>
			<primeni>
				Novák
			</primeni>
			<pozice>
				rozvážeč
			</pozice>
			<email mail="josef@maly.com"/>
			<adresa>
				<mesto>Praha
					<cast>Praha 5</cast>
				</mesto>
				<ulice>Kováků</ulice>
				<psc>20</psc>
			</adresa>
		</zamestnanec>
		<zamestnanec id="_00000004">
			<jmeno>
				Jitka
			</jmeno>
			<primeni>
				Nevečeřelová
			</primeni>
			<pozice>
				pomocnice sládka
			</pozice>
			<email mail="jitka@bezvecere.cz"/>
			<adresa>
				<mesto>Praha
					<cast>Praha 6</cast>
				</mesto>
				<ulice>Dejvická</ulice>
				<psc>4</psc>
			</adresa>
		</zamestnanec>
		<zamestnanec id="_00000005">
			<jmeno>
				Martin
			</jmeno>
			<primeni>
				Lev
			</primeni>
			<pozice>
				vrátný
			</pozice>
			<adresa>
				<mesto>
					Kladno
				</mesto>
				<ulice>Kladenská</ulice>
				<psc>1</psc>
			</adresa>
		</zamestnanec>
	</zamestnanci>
	<produkty>
		<!--jaka piva vyrabime? -->
		<pivo pid="jedna">
			<nazev>
				Svetla 10
			</nazev>
			<popis>
				Dobre pivo
			</popis>
			<skladem>
				1500 litru 
				<sudu>164</sudu>
				<lahvi>974</lahvi>
			</skladem>
		</pivo>
		<pivo pid="dva">
			<nazev>
				Tmava 11
			</nazev>
			<popis>
				<?php echo "Nase pivo s dlouholetou tradici"; ?>
			</popis>
			<skladem>
				cca 1999 litru 
				<sudu>241</sudu>
				<lahvi>5</lahvi>
			</skladem>
		</pivo>
		<pivo pid="tri">
			<nazev>
				Tmava 12
			</nazev>
			<popis>
				Toto pivo nikdo nechce
			</popis>
			<skladem>
				cca 4500 litru 
				<sudu>300</sudu>
				<lahvi>5</lahvi>
			</skladem>
		</pivo>
		<ovocne_pivo pid="ctyri">
			<nazev>
				Boruvkovy mls
			</nazev>
			<popis>
				Nahrada pro ridice
			</popis>
			<skladem>
				cca 45 litru 
				<sudu>3</sudu>
				<lahvi>5</lahvi>
			</skladem>
			<prichut>boruvka</prichut>
		</ovocne_pivo>
	</produkty>
	
</pivovar>
