<?xml version="1.0" encoding="UTF-8"?>
<ext_zamestnanci>

<zamestnanec firma="prepravci" >
			<jmeno>
				1
			</jmeno>
			<primeni>
				Treti
			</primeni>
			<pozice>manažer</pozice>
			
			<zamestnanec>
				<jmeno>
					2
				</jmeno>
				<primeni>
					Treti
				</primeni>
				<pozice>manažer</pozice>
			</zamestnanec>
			<zamestnanec>
						<jmeno>
							3
						</jmeno>
						<primeni>
							Treti
						</primeni>
						<pozice>manažer</pozice>
						<zamestnanec>
							<jmeno>
								4
							</jmeno>
							<primeni>
								Treti
							</primeni>
							<pozice>manažer</pozice>
						</zamestnanec>
			</zamestnanec>

</zamestnanec>

<zamestnanec firma="medved" >
			<jmeno>
				1
			</jmeno>
			<primeni>
				Druhy
			</primeni>
			<pozice>manažer</pozice>
</zamestnanec>

<zamestnanec firma="buh" >
			<jmeno>
				1
			</jmeno>
			<primeni>
				Prvni
			</primeni>
			<pozice>manažer</pozice>
			
			<zamestnanec>
				<jmeno>
					2
				</jmeno>
				<primeni>
					Prvni
				</primeni>
				<pozice>manažer</pozice>
			</zamestnanec>
</zamestnanec>	
</ext_zamestnanci>