<?xml version="1.0" encoding="UTF-8"?>
<zakaznici>
		<zakaznik zid="_123456789">
			<objednavka datum="1.1 2001" pidr="jedna" preprava="sudy" pocet="15"/>
			<objednavka datum="11.5 2001" pidr="jedna" preprava="lahve" pocet="55"/>
			<objednavka datum="21.1 2002" pidr="jedna" preprava="sudy" pocet="1"/>
			<objednavka datum="8.1 2003" pidr="dva" preprava="sudy" pocet="11"/>
			<objednavka datum="12.4 2003" pidr="jedna" preprava="sudy" pocet="64"/>
			<objednavka datum="4.9 2003" pidr="dva" preprava="sudy" pocet="12"/>
			<objednavka datum="28.2 2004" pidr="jedna" preprava="lahve" pocet="34"/>
			<objednavka datum="6.6 2004" pidr="jedna" preprava="sudy" pocet="4"/>
			<objednavka datum="7.12 2004" pidr="jedna" preprava="sudy" pocet="5"/>
			<objednavka datum="8.3 2005" pidr="dva" preprava="lahve" pocet="46"/>
			<objednavka datum="16.8 2005" pidr="jedna" preprava="sudy" pocet="4"/>
			<objednavka datum="1.10 2005" pidr="dva" preprava="sudy" pocet="99"/>
		</zakaznik>
		<zakaznik zid="_923256789" zahranicni="true">
			<objednavka datum="18.10 2009" pidr="jedna" preprava="lahve" pocet="45"/>
		</zakaznik>
	</zakaznici>