<?xml version="1.0" encoding="UTF-8"?>
<Companies xmlns:xsi="http://www.w3.org/2001/XMLSchema-instance" xsi:noNamespaceSchemaLocation="data.xsd">
<Company>
		<CompanyName>Ceske Drahy</CompanyName>
		<Contact>
			<WebAddress>www.cd.cz</WebAddress>
			<PhoneNumber>+420840112113</PhoneNumber>
		</Contact>
		<!-- zamestnanci -->
		<Employee EmployerID="e_1">
			<EmployerName>
				<FirstName>Honza</FirstName>
				<LastName>Novak</LastName>
			</EmployerName>
			<Birthday Year="1906" Month="1" Day="1"/>
			<PhoneNumber>777222111</PhoneNumber>
			<PhoneNumber>555878771</PhoneNumber>
			<Posision>
				<!--Manager/-->
			</Posision>
			
		</Employee>
		<Employee EmployerID="e_2">
			<EmployerName>
				<FirstName>Horst</FirstName>
				<LastName>Fuchs</LastName>
			</EmployerName>
			<Birthday Year="1991" Month="12" Day="31"/>
			<PhoneNumber>722111181</PhoneNumber>
			<Posision>
				<!---Operator trainID="t_1"/-->
			</Posision>
		</Employee>
		<Employee EmployerID="e_3">
			<EmployerName>
				<FirstName>Kamila</FirstName>
				<LastName>Petrů</LastName>
			</EmployerName>
			<Birthday Year="1961" Month="4" Day="1"/>
			<PhoneNumber>777111111</PhoneNumber>
			<Posision>
				<!--Driver/-->
			</Posision>
		</Employee>
		<Employee EmployerID="e_4">
			<EmployerName>
				<FirstName>Stepan</FirstName>
				<LastName>Stiplistek</LastName>
			</EmployerName>
			<Birthday Year="1979" Month="10" Day="19"/>
			<PhoneNumber>777123455</PhoneNumber>
			<Posision>
				<!--Dispatcher/-->
			</Posision>
		</Employee>
		<Employee EmployerID="e_5">
			<EmployerName>
				<FirstName>Ondrej</FirstName>
				<LastName>Hora</LastName>
			</EmployerName>
			<Birthday Year="1981" Month="7" Day="2"/>
			<PhoneNumber>121234678</PhoneNumber>
			<Posision>
				<!--Driver/-->
			</Posision>
		</Employee>
		
	</Company>
	<!-- instrukce zpracovani -->
	<?do "something" ?>
	<Company>
		<CompanyName>DB</CompanyName>
		<Contact>
			<PhoneNumber>11233123</PhoneNumber>
		</Contact>
		<Employee EmployerID="db_1" SalaryBonus="10000000">
			<EmployerName>
				<FirstName>Hanz</FirstName>
				<LastName>Friezs</LastName>
			</EmployerName>
			<Birthday Year="1958" Month="11" Day="9"/>
			<PhoneNumber>NA</PhoneNumber>
			<Posision>
				<!--Manager/-->
			</Posision>
		</Employee>
	</Company>
</Companies>
