<?xml version="1.0" encoding="UTF-8"?>
<courseSystem xmlns:xsi="http://www.w3.org/2001/XMLSchema-instance"
	xsi:noNamespaceSchemaLocation="data.xsd">
	<xmlCreated><?php echo Date("d.m.Y")?></xmlCreated>
	<user>
		<orders>1 2 3</orders>
		<script>
			<![CDATA[
				function getUserName(user) {
			 		return user.name;
			 	}
			]]>
		</script>
		<shoppingCart>
			<created date="29.9.2013"></created>
			<!-- each shopping cart has multiple items-->
			<shoppingCartItem>
				 <course id="id_1">
				 	<name>Kurz instruktora lyžování</name>
				 	<price currency="CZK">1000</price>
				 </course>
			</shoppingCartItem>
		</shoppingCart>
	</user>
</courseSystem>