<?xml version="1.0" encoding="UTF-8"?>
<ucitelia>
	<ucitel>
		<meno>Stanislav Prisny</meno>
		<vek>37</vek>
		<titul>Prof.</titul>
		<poznamky>
			<poznamka>Titul nadobudol v roku 1998</poznamka>
			<poznamky>
				<poznamka>
					Titul Prof. ziskal pod vedenim Prof. Jana Novaka
				</poznamka>
			</poznamky>
		</poznamky>
		<predmety>
			<predmet>
				<nazov>Matematicka Analyza I</nazov>
				<rozsah>5</rozsah>
			</predmet>
			<predmet>
				<nazov>Matematicka Analyza II</nazov>
				<rozsah>5</rozsah>
			</predmet>
			<predmet>
				<nazov>Linearna Algebra I</nazov>
				<rozsah>5</rozsah>
			</predmet>
		</predmety>
		
	</ucitel>
	<ucitel>
		<meno>Tomas Novotny</meno>
		<vek>50</vek>
		<titul>Doc</titul>
		<poznamky>
			<poznamka>Titul Doc.nadobudol v roku 2005</poznamka>
			<poznamky>
				<poznamka>
					Titul Doc. ziskal pod vedenim Prof. Jana Novaka
				</poznamka>
			</poznamky>
		</poznamky>
		<predmety>
			<predmet>
				<nazov>Linerana Algebra I</nazov>
				<rozsah>5</rozsah>
			</predmet>
			<predmet>
				<nazov>Linearna Algebra II</nazov>
				<rozsah>6</rozsah>
			</predmet>
		</predmety>
		
	</ucitel>
	<ucitel>
		<meno>Ivan Kuceravy</meno>
		<vek>32</vek>
		<titul>Mgr.</titul>
		<poznamky>
			<poznamka>Titul nadobudol v roku 2007</poznamka>
			<poznamky>
				<poznamka>
					Titul Mgr. ziskal pod vedenim Prof. Vojtu Bokrosa
				</poznamka>
			</poznamky>
		</poznamky>
		<predmety>
			<predmet>
				<nazov>Matematicka Analyza I</nazov>
				<rozsah>5</rozsah>
			</predmet>
			<predmet>
				<nazov>Matematicka Analyza II</nazov>
				<rozsah>5</rozsah>
			</predmet>
		</predmety>
		
	</ucitel>
</ucitelia>
