<?xml version="1.0" encoding="UTF-8"?>
<herci>
		<herec id="lewis">
			<jmeno>
				<krestni>Damian</krestni>
				<prijmeni>Lewis</prijmeni>
			</jmeno>
			<datumNarozeni>11.2.1971</datumNarozeni>>
			<adresa>St. John´s Wood, Londýn, Anglie, Velká Británie</adresa>
		</herec>
		<herec id="grimes">
			<jmeno>
				<krestni>Scott</krestni>
				<prijmeni>Grimes</prijmeni>
			</jmeno>
			<datumNarozeni>9.7.1971</datumNarozeni>>
			<adresa>Lowell, Massachusetts, USA</adresa>
		</herec>
		<herec id="grimes">
			<jmeno>
				<krestni>Scott</krestni>
				<prijmeni>Grimes</prijmeni>
			</jmeno>
			<datumNarozeni>9.7.1971</datumNarozeni>>
			<adresa>Lowell, Massachusetts, USA</adresa>
		</herec>
		<herec id="livingston">
			<jmeno>
				<krestni>Ron</krestni>
				<prijmeni>Livingston</prijmeni>
			</jmeno>
			<datumNarozeni>5.6.1967</datumNarozeni>>
			<adresa>Cedar Rapids, Iowa, USA</adresa>
		</herec>
	</herci>