<?xml version="1.0" encoding="UTF-8"?>
<?use-parser level-parser?>
<!DOCTYPE level SYSTEM "data.dtd">
<level>
	<units>
		<unit id="unit1" type="ranged">
			<name>Mage</name>
			<stats>
				<str>50</str>
				<int>100</int>
				<dex>20</dex>
				<hp>200</hp>
				<stam>150</stam>
				<mana>100</mana>
				<specials>
					<special name="intbonus" value="5" />
				</specials>
			</stats>
			<scripts>
				<script language="JavaScript">
					<![CDATA[
						//tady muzou byt jakekoliv specialni znaky v libovolnem mnozstvi
						function min(b,c)
						{
							if (a < b)
								return a;
							else
								retunr b;
						}						
					]]>
				</script>
			</scripts>
		</unit>
		<unit id="unit2" type="melee">
			<name>Paladin</name>
			<stats>
				<str>100</str>
				<int>60</int>
				<dex>40</dex>
				<hp>200</hp>
				<stam>200</stam>
				<mana>50</mana>
			</stats>
		</unit>
	</units>
	<map>
		<hightmap  src="map.jpg" />
		<respawns>
			<respawn x="50" y="5" unit_id_ref="unit1" />
			<respawn x="55" y="10" unit_id_ref="unit1" />
			<respawn x="60" y="30" unit_id_ref="unit1" />
			<respawn x="70" y="40" unit_id_ref="unit1" />
			<respawn x="560" y="86" unit_id_ref="unit2" />
			<respawn x="550" y="65" unit_id_ref="unit1" />
			<respawn x="¨65" y="32" unit_id_ref="unit2" />
			<respawn x="568" y="90" unit_id_ref="unit2" />
			<respawn x="50" y="80" unit_id_ref="unit1" />
			<respawn x="564" y="60" unit_id_ref="unit1" />
		</respawns>
		<statics>
			<static x="0" y="0" texture="stone.jpg" walkable="false" />
			<static x="5" y="5" texture="stone.jpg" walkable="false" />
			<static x="10" y="10" texture="stone.jpg" walkable="false" />
			<static x="15" y="15" texture="stone.jpg" walkable="false" />
			<static x="20" y="20" texture="stone.jpg" walkable="false" />
			<static x="15" y="15" texture="stone.jpg" walkable="false" />
			<static x="30" y="30" texture="stone.jpg" walkable="false" />
		</statics>		
	</map>
	<comment>
		Cilem teto urovne je znicit vsechny <ref unit_id_ref="unit1"/> a dojit do cile.
		
		Dale je potreba dojit pro naboje.  &x;		
	</comment>
</level>

