﻿<?xml version="1.0" encoding="utf-8"?>
<vehicles>
  <vehicle>
    <type>Aircraft</type>
    <power>25</power>
    <cost>1000000</cost>
    <counters>Strong Tank</counters>
    <counters>Heavy Tank</counters>
  </vehicle>
  <vehicle>
    <type>Strong Tank</type>
    <power>50</power>
    <cost>500000</cost>
    <weakness>Aircraft</weakness>
    <counters>Light Tank</counters>
    <counters>Mine Layer</counters>
  </vehicle>
  <vehicle>
    <type>Repair Drone</type>
    <power>0</power>
    <cost>25000</cost>
  </vehicle>
  <vehicle>
    <type>Indestructible Tank</type>
    <power>100</power>
    <cost>2000000</cost>
    <counters>Heavy Tank</counters>
    <counters>Strong Tank</counters>
    <counters>Medium Tank</counters>
    <counters>Light Tank</counters>
    <counters>Mine Layer</counters>
  </vehicle>
  <vehicle>
    <type>Mine Layer</type>
    <power>35</power>
    <cost>300000</cost>
    <weakness>Aircraft</weakness>
    <weakness>Indestructible Tank</weakness>
    <counters>Light Tank</counters>
    <counters>Medium Tank</counters>
    <counters>Heavy Tank</counters>
  </vehicle>
  <vehicle>
    <type>Heavy Tank</type>
    <power>50</power>
    <cost>500000</cost>
    <weakness>Aircraft</weakness>
    <counters>Mine Layer</counters>
    <counters>Light Tank</counters>
  </vehicle>
  <vehicle>
    <type>Medium Tank</type>
    <power>25</power>
    <cost>200000</cost>
  </vehicle>
  <vehicle>
    <type>Light Tank</type>
    <power>10</power>
    <cost>70000</cost>
    <weakness>Medium Tank</weakness>
    <weakness>Mine Layer</weakness>
    <counters>Aircraft</counters>
  </vehicle>
</vehicles>
