<?xml version="1.0" encoding="UTF-8"?>
<!DOCTYPE sezona[
	<!-- Hlavni element -->
	<!ELEMENT sezona (rocnik, (zapas)*, (tym)*)>
	<!ELEMENT rocnik EMPTY>
	<!ELEMENT tym (nazev, (soupiska|sestava))>
	<!ELEMENT nazev (#PCDATA)>
	<!ELEMENT soupiska ((hrac)+)>
	<!ELEMENT hrac (#PCDATA)>
	<!ATTLIST hrac 
		id ID #REQUIRED
		cislo CDATA #IMPLIED
		>
	<!ELEMENT zapas (datum, domaci, hoste, score_domaci, score_hoste, strely_domaci, strely_hoste, fauly_domaci?, fauly_hoste?, rozhodci,	divaci)>
	<!ELEMENT datum (#PCDATA)>
	<!ELEMENT score_domaci (#PCDATA)>
	<!ELEMENT score_hoste (#PCDATA)>
	<!ELEMENT strely_domaci (#PCDATA)>
	<!ELEMENT strely_hoste (#PCDATA)>
	<!ELEMENT fauly_domaci (#PCDATA)>
	<!ELEMENT fauly_hoste (#PCDATA)>
	<!ELEMENT rozhodci (#PCDATA)>
	<!ELEMENT divaci (#PCDATA)>
	<!ELEMENT domaci (tym)>
	<!ELEMENT hoste (tym)>
	<!ELEMENT sestava ((hrac)+)>
	<!ATTLIST rocnik rok CDATA #REQUIRED>
	<!ATTLIST tym id ID #REQUIRED>
	]
	>
<sezona>
	<rocnik rok="2011"></rocnik>
	<zapas>
		<datum></datum>
		<domaci>
			<tym id="1">
				<nazev>Sparta Praha</nazev>
				<sestava>
					<hrac id="1" cislo="3">
						Tomáš Řepka
					</hrac>
					<hrac id="2">
						Jan Kušnír
					</hrac>
					<hrac id="3">
						Radek Matějovský
					</hrac>
					<hrac id="4">
						Libor Sionko
					</hrac>
					<hrac id="5">
						Václav Kadlec
					</hrac>
				</sestava>
			</tym>
		</domaci>
		<hoste>
			<tym id="2">
				<nazev>Slavia Praha</nazev>
				<sestava>
					<hrac id="10">
						Martin Vaniak	
					</hrac>
					<hrac id="11">
						Radek Čelůstka	
					</hrac>
					<hrac id="12">
						Karol Kisel	
					</hrac>
					<hrac id="13">
						Milan Černý	
					</hrac>
					<hrac id="13">
						Zbynek Pospěch	
					</hrac>
				</sestava>
			</tym>
		</hoste>
		<score_domaci>2</score_domaci>
		<score_hoste>2</score_hoste>
		<strely_domaci>10</strely_domaci>
		<strely_hoste>12</strely_hoste>
		<fauly_domaci>15</fauly_domaci>
		<fauly_hoste>17</fauly_hoste>
		<rozhodci>Jan Novák</rozhodci>
		<divaci>
			<?php echo "Počet diváků je 524."; ?>
		</divaci>
	</zapas>
	<tym id="1">
		<nazev>Sparta Praha</nazev>
		<soupiska>
			<hrac id="1" cislo="3">
				Tomáš Řepka
			</hrac>
			<hrac id="2">
				Jan Kušnír
			</hrac>
			<hrac id="3">
				Radek Matějovský
			</hrac>
			<hrac id="4">
				Libor Sionko
			</hrac>
			<hrac id="5">
				Václav Kadlec
			</hrac>
			<hrac id="6">Leonard Kweuke</hrac>
			<hrac id="7">Jakub Podaný</hrac>
			<hrac id="8">Jan Zeman</hrac>
		</soupiska>
	</tym>
	<tym id="2">
		<nazev>Slavia Praha</nazev>
		<soupiska>
			<hrac id="10">Martin Vaniak</hrac>
			<hrac id="11">Radek Čelůstka</hrac>
			<hrac id="12">Karol Kisel</hrac>
			<hrac id="13">Milan Černý</hrac>
			<hrac id="14">Zbynek Pospěch</hrac>
			<hrac id="15">Michal Hubáček</hrac>
			<hrac id="16">Lukáš Jarolím</hrac>
		</soupiska>
	</tym>	
</sezona>