<?xml version="1.0" encoding="UTF-8"?>
<!--
<!DOCTYPE network SYSTEM "data.dtd">
-->

<!-- 
 Dokument modeluje zapojení bezdrátových sítí. 
 Formát je schopen zachytit jenom hvězdicovou struktur.
-->

<network
    xmlns:xsi="http://www.w3.org/2001/XMLSchema-instance"
    xsi:noNamespaceSchemaLocation="data.xsd">
   <point name="Vydlakov">
       <radio channal="10" type="b" ssid="ap01">
           <point name="Hospudka">
               <radio ssid="client01">
                   <clients/>
               </radio> 
           </point> 
       </radio>
       <radio channal="12" type="b" ssid="ap02">
           <point name="Restaurace">
               <radio ssid="client02">
                   <point name="sklep">
                       <radio ssid="client002">
                           <clients/>
                       </radio> 
                   </point> 
                   <clients/>
               </radio> 
           </point> 
           <clients />
       </radio>
       <radio channal="12" type="b" ssid="ap03">
           <clients />
       </radio>
       <radio channal="8" type="b" ssid="ap04">
           <clients />
       </radio>
       <radio channal="1" type="b" ssid="ap05">
           <clients />
       </radio>
       <radio channal="3" type="g" ssid="ap06">
           <clients />
       </radio>
       <radio channal="1" type="b" ssid="ap07">      
           <point name="Kacerov">  
               <radio ssid="ap11" type="n"></radio>
           </point>
       </radio>
       
       <radio channal="5" type="b" ssid="ap08">
           <clients />
       </radio>
       <radio channal="8" type="b" ssid="ap09">
           <clients />
       </radio>
       <radio channal="5" type="b" ssid="ap10">
           <clients />
       </radio>
   </point>
   
    <description>
        Rozložení síte v Králíkově je do Hvězdice, protože tenhle formát jiné rozložení nepodporuje.
        V kořenu je <ref point="Vydlakov" >ap</ref> s 10 radiovymi jednotkamy.
    
        &lt; Problémy &gt;
        Jedna <ref ssid="ap05">Wifi karta</ref> zlobý.   
        <![CDATA[
 nevim k cemu CDATA smyslu plne v tomhle dokumente vyuzit
 <<<<>>><
 ]]>
 
        <?php echo "ahoj"?>
    </description>
    
</network>