<?xml version="1.0" encoding="UTF-8"?>
<!DOCTYPE pozicovna SYSTEM "data.dtd">
<!-- databaza videopozicovne -->
<pozicovna>
	<aktualnyDatum><?php echo Date("d&bodka;m&bodka;Y")?></aktualnyDatum>
	<zakaznici>
		<zakaznik id="z1">
			<meno>Jan Novak</meno>
			<datumNarodenia>1987-05-01</datumNarodenia>
			<datumRegistracie>2012-03-10</datumRegistracie>
			<kontakt>
				<email>jan&bodka;novak@vymysleny&bodka;eml</email>
				<telefon>+420123456789</telefon>
				<adresa>
					<ulicacp>Namesti Miru 35</ulicacp>
					<psc>123 45</psc>
					<mesto>Praha</mesto>
					<stat>Ceska Republika</stat>
				</adresa>
			</kontakt>
			<zakaznikPoznamka/>
		</zakaznik>
		<zakaznik id="z2">
			<meno>Peter Modry</meno>
			<datumNarodenia>1975-01-26</datumNarodenia>
			<datumRegistracie>2012-03-10</datumRegistracie>
			<kontakt>
				<email>modryp@vymysleny&bodka;eml</email>
				<telefon>+420123456798</telefon>
				<adresa>
					<ulicacp>Zelena 2</ulicacp>
					<psc>123 45</psc>
					<mesto>Praha</mesto>
					<stat>Ceska Republika</stat>
				</adresa>
			</kontakt>
			<zakaznikPoznamka><![CDATA[
<b>CASTO VRACIA FILMY NESKORO!</b>
]]></zakaznikPoznamka>
		</zakaznik>
		<zakaznik id="z3">
			<meno>Monika Tepla</meno>
			<datumNarodenia>1991-06-06</datumNarodenia>
			<datumRegistracie>2012-03-10</datumRegistracie>
			<kontakt>
				<email>monicka123@vymysleny&bodka;eml</email>
				<telefon>+420123456987</telefon>
				<adresa>
					<ulicacp>Pri Letisku 2</ulicacp>
					<psc>132 54</psc>
					<mesto>Banska Bystrica</mesto>
					<stat>Slovenska Republika</stat>
				</adresa>
			</kontakt>
			<zakaznikPoznamka><![CDATA[
<i>Vzorny zakaznik&bodka;</i>
]]></zakaznikPoznamka>
		</zakaznik>
		<zakaznik id="z4">
			<meno>Frantisek Kusy</meno>
			<datumNarodenia>1988-02-29</datumNarodenia>
			<datumRegistracie>2012-03-11</datumRegistracie>
			<kontakt>
				<email>frku@vymysleny&bodka;eml</email>
				<telefon>+420123546789</telefon>
				<adresa>
					<ulicacp>Lastovicia 15</ulicacp>
					<psc>123 45</psc>
					<mesto>Piestany</mesto>
					<stat>Slovenska Republika</stat>
				</adresa>
			</kontakt>
			<zakaznikPoznamka></zakaznikPoznamka>
		</zakaznik>
	</zakaznici>
	<filmy>
		<film id="f1">
			<nazov nazov="Smrtonosna pasca" originalnyNazov="DieHard"></nazov>
			<zaner>Akčný</zaner> <!-- moze byt viac-->
			<zaner>Thriller</zaner>
			<zaner>Krimi</zaner>
			<rokVydania>1988</rokVydania>
			<dlzka>131</dlzka>
			<krajinaPovodu>USA</krajinaPovodu><!-- moze byt viac-->
			<rezia>John McTiernan</rezia>
			<zvuk typ="5&bodka;1">Anglicke</zvuk> <!-- jazyk dubbingu a typ zvuku, moze byt viac-->
			<zvuk typ="5&bodka;1">Cesky</zvuk>
			<zvuk typ="5&bodka;1">Slovensky</zvuk>
			<titulky>Ceske</titulky>
			<titulky>Slovenske</titulky>
			<titulky>Nemecke</titulky>
			<titulky>Anglicke</titulky>
			<nosic medium="DVD"></nosic>
			<herci>
				<herec>Bruce Willis</herec>
				<herec>Bonnie Bedelia</herec><!-- herci v hlavnej ulohe-->
			</herci>
			<pristupnost uroven="12"/> <!-- hodnotenie pristupunosti-->
		</film>
		<film id="f2">
			<nazov nazov="Pearl Harbor" originalnyNazov="Pearl Harbor"></nazov>
			<zaner>Vojnový</zaner> <!-- moze byt viac-->
			<zaner>Akčný</zaner>
			<zaner>Romantický</zaner>
			<zaner>Dráma</zaner>
			<rokVydania>2001</rokVydania>
			<dlzka>176</dlzka>
			<krajinaPovodu>USA</krajinaPovodu><!-- moze byt viac-->
			<rezia>Michael Bay</rezia>
			<zvuk typ="7&bodka;1">Anglicke</zvuk> <!-- jazyk dubbingu a typ zvuku, moze byt viac-->
			<zvuk typ="5&bodka;1">Cesky</zvuk>
			<titulky>Bulharske</titulky> <!-- jazyk tituliek, moze byt viac-->
			<titulky>Ceske</titulky>
			<titulky>Slovenske</titulky>
			<titulky>Nemecke</titulky>
			<titulky>Spanielske</titulky>
			<nosic medium="BD"></nosic>
			<herci>
				<herec>Ben Affleck</herec>
				<herec>Josh Hartnett</herec><!-- herci v hlavnej ulohe-->
				<herec> Kate Beckinsale</herec>
			</herci>
			<pristupnost uroven="12"/> <!-- hodnotenie pristupunosti-->
		</film>
		<film id="f3">
			<nazov nazov="Anglicke Jahody" originalnyNazov="Anglicke Jahody"></nazov>
			<zaner>Vojnový</zaner> <!-- moze byt viac-->
			<zaner>Romantický</zaner>
			<zaner>Dráma</zaner>
			<rokVydania>2008</rokVydania>
			<dlzka>114</dlzka>
			<krajinaPovodu>Ceska Republika</krajinaPovodu><!-- moze byt viac-->
			<krajinaPovodu>Slovensko</krajinaPovodu>
			<krajinaPovodu>Ukrajina</krajinaPovodu>
			<rezia>Vladimír Drha</rezia>
			<zvuk typ="Stereo">Slovensky</zvuk> <!-- jazyk dubbingu a typ zvuku, moze byt viac-->
			<zvuk typ="5&bodka;1">Cesky</zvuk>
			<titulky>Bulharske</titulky> <!-- jazyk tituliek, moze byt viac-->
			<titulky>Ceske<poznamka>Pre nepocujucich</poznamka></titulky>
			<titulky>Slovenske</titulky>
			<titulky>Nemecke</titulky>
			<titulky>Spanielske</titulky>
			<nosic medium="DVD"></nosic>
			<herci>
				<herec>Viktor Preiss</herec>
				<herec>Pavla Tomicová</herec><!-- herci v hlavnej ulohe-->
			</herci>
			<pristupnost uroven="12"/> <!-- hodnotenie pristupunosti-->
		</film>
		<film id="f4">
			<nazov nazov="Krstny otec" originalnyNazov="The Godfather"></nazov>
			<zaner>Krimi</zaner> <!-- moze byt viac-->
			<zaner>Dráma</zaner>
			<rokVydania>1972</rokVydania>
			<dlzka>175</dlzka>
			<krajinaPovodu>USA</krajinaPovodu><!-- moze byt viac-->
			<rezia>Francis Ford Coppola</rezia>
			<zvuk typ="7&bodka;1">Anglicke</zvuk> <!-- jazyk dubbingu a typ zvuku, moze byt viac-->
			<zvuk typ="5&bodka;1">Cesky</zvuk>
			<titulky>Ceske</titulky><!-- jazyk tituliek, moze byt viac-->
			<titulky>Slovenske</titulky>
			<titulky>Anglicke<poznamka>Pre nepocujucich</poznamka></titulky>
			<titulky>Nemecke</titulky>
			<titulky>Spanielske</titulky>
			<nosic medium="BD"></nosic>
			<herci>
				<herec>Marlon Brando</herec>
				<herec>Al Pacino</herec><!-- herci v hlavnej ulohe-->
			</herci>
			<pristupnost uroven="12"/> <!-- hodnotenie pristupunosti-->
		</film>
		<film id="f5">
			<nazov nazov="Auta" originalnyNazov="Cars"></nazov>
			<zaner>Animovany</zaner> <!-- moze byt viac-->
			<zaner>Rodinny</zaner>
			<zaner>Komedia</zaner>
			<zaner>Sportovy</zaner>
			<rokVydania>2006</rokVydania>
			<dlzka>116</dlzka>
			<krajinaPovodu>USA</krajinaPovodu><!-- moze byt viac-->
			<rezia>John Lasseter</rezia>
			<rezia>Joe Ranft</rezia>
			<zvuk typ="5&bodka;1">Anglicke</zvuk> <!-- jazyk dubbingu a typ zvuku, moze byt viac-->
			<zvuk typ="5&bodka;1">Cesky</zvuk>
			<zvuk typ="5&bodka;1">Slovensky</zvuk>
			<titulky>Ceske</titulky><!-- jazyk tituliek, moze byt viac-->
			<titulky>Slovenske</titulky>
			<titulky>Nemecke</titulky>
			<titulky>Spanielske</titulky>
			<nosic medium="DVD"></nosic>
			<herci>
				<herec>Owen Wilson</herec>
				<herec>Paul Newman</herec><!-- herci v hlavnej ulohe-->
			</herci>
			<pristupnost uroven="6"/> <!-- hodnotenie pristupunosti-->
		</film>
	</filmy>
	<rezervacie>
		<rezervacia id="r1" stav="uzavreta">
			<datumVypozicania>2012-03-10</datumVypozicania>
			<datumVratenia>2012-03-12</datumVratenia><!-- datum, do ktoreho ma byt film vrateny -->
			<vypozicanyFilm id="f1" />
			<vypozicalZakaznik id="z2" />
		</rezervacia>
		<rezervacia id="r2" stav="uzavreta">
			<datumVypozicania>2012-03-10</datumVypozicania>
			<datumVratenia>2012-03-12</datumVratenia><!-- datum, do ktoreho ma byt film vrateny -->
			<vypozicanyFilm id="f2" />
			<vypozicalZakaznik id="z2" />
		</rezervacia>
		<rezervacia id="r3" stav="uzavreta">
			<datumVypozicania>2012-03-10</datumVypozicania>
			<datumVratenia>2012-03-12</datumVratenia><!-- datum, do ktoreho ma byt film vrateny -->
			<vypozicanyFilm id="f3" />
			<vypozicalZakaznik id="z2" />
		</rezervacia>
		<rezervacia id="r4" stav="otvorena">
			<datumVypozicania>2012-03-11</datumVypozicania>
			<vratitDo>2012-03-20</vratitDo><!-- datum, do ktoreho ma byt film vrateny -->
			<vypozicanyFilm id="f5" />
			<vypozicalZakaznik id="z1" />
		</rezervacia>
		<rezervacia id="r5" stav="uzavreta">
			<datumVypozicania>2012-03-12</datumVypozicania>
			<datumVratenia>2012-03-13</datumVratenia><!-- datum, do ktoreho ma byt film vrateny -->
			<vypozicanyFilm id="f1" />
			<vypozicalZakaznik id="z4" />
		</rezervacia>
		<rezervacia id="r6" stav="uzavreta">
			<datumVypozicania>2012-03-12</datumVypozicania>
			<datumVratenia>2012-03-13</datumVratenia><!-- datum, do ktoreho ma byt film vrateny -->
			<vypozicanyFilm id="f4" />
			<vypozicalZakaznik id="z1" />
		</rezervacia>
		<rezervacia id="r7" stav="otvorena">
			<datumVypozicania>2012-03-13</datumVypozicania>
			<vratitDo>2012-03-20</vratitDo><!-- datum, do ktoreho ma byt film vrateny -->
			<vypozicanyFilm id="f2" />
			<vypozicalZakaznik id="z3" />
		</rezervacia>
		<rezervacia id="r8" stav="otvorena">
			<datumVypozicania>2012-03-13</datumVypozicania>
			<vratitDo>2012-03-20</vratitDo><!-- datum, do ktoreho ma byt film vrateny -->
			<vypozicanyFilm id="f3" />
			<vypozicalZakaznik id="z4" />
		</rezervacia>
		<rezervacia id="r9" stav="otvorena">
			<datumVypozicania>2012-03-13</datumVypozicania>
			<vratitDo>2012-03-20</vratitDo><!-- datum, do ktoreho ma byt film vrateny -->
			<vypozicanyFilm id="f3" />
			<vypozicalZakaznik id="z2" />
		</rezervacia>
		<rezervacia id="r10" stav="otvorena">
			<datumVypozicania>2012-03-13</datumVypozicania>
			<vratitDo>2012-03-20</vratitDo><!-- datum, do ktoreho ma byt film vrateny -->
			<vypozicanyFilm id="f4" />
			<vypozicalZakaznik id="z2" />
		</rezervacia>
	</rezervacie>
</pozicovna>
