<?xml version="1.0" encoding="UTF-8"?>
<obchod>
	<zbozi>
		<typ id="101">
			<nazev>ovoce</nazev>
			<druh id="1">
				<nazev>citron</nazev>
				<jakost value="1"/>
				<barva>zluta</barva>
				<cena value="200"/>
				<trvanlivost>
					<rok>2020</rok>
					<mesic>12</mesic>
					<den>24</den>
				</trvanlivost>
			</druh>
			<druh id="2">
				<nazev>limetka</nazev>
				<jakost value="3"/>
				<barva>zelena</barva>
				<cena value="30"/>
				<trvanlivost>
					<rok>2014</rok>
					<mesic>4</mesic>
					<den>22</den>
				</trvanlivost>
			</druh>
			<druh id="3">
				<nazev>pomeranc</nazev>
				<jakost value="2"/>
				<barva>oranzova</barva>
				<cena value="20"/>
				<trvanlivost>
					<rok>2014</rok>
					<mesic>5</mesic>
					<den>13</den>
				</trvanlivost>
			</druh>
			<druh id="5">
				<nazev>banan</nazev>
				<jakost value="1"/>
				<barva>zluta</barva>
				<cena value="17"/>
				<trvanlivost>
					<rok>2014</rok>
					<mesic>4</mesic>
					<den>23</den>
				</trvanlivost>
				<vyprodano/>
			</druh>
			<druh id="6">
				<nazev>hruska</nazev>
				<jakost value="2"/>
				<barva>zluta</barva>
				<cena value="24"/>
				<trvanlivost>
					<rok>2014</rok>
					<mesic>6</mesic>
					<den>11</den>
				</trvanlivost>
			</druh>
			<druh id="7">
				<nazev>jablko</nazev>
				<jakost value="3"/>
				<barva>cervena</barva>
				<cena value="10"/>
				<trvanlivost>
					<rok>2014</rok>
					<mesic>7</mesic>
					<den>7</den>
				</trvanlivost>
			</druh>
			<druh id="8">
				<nazev>hroznove vino</nazev>
				<jakost value="1"/>
				<barva>zelena</barva>
				<cena value="40"/>
				<trvanlivost>
					<rok>2014</rok>
					<mesic>4</mesic>
					<den>25</den>
				</trvanlivost>
			</druh>
			<druh id="9">
				<nazev>boruvka</nazev>
				<jakost value="2"/>
				<barva>modra</barva>
				<cena value="35"/>
				<trvanlivost>
					<rok>2014</rok>
					<mesic>4</mesic>
					<den>12</den>
				</trvanlivost>
			</druh>
			<druh id="10">
				<nazev>mandarinka</nazev>
				<jakost value="3"/>
				<barva>oranzova</barva>
				<cena value="26"/>
				<trvanlivost>
					<rok>2014</rok>
					<mesic>4</mesic>
					<den>30</den>
				</trvanlivost>
				<vyprodano/>
			</druh>
			<druh id="11">
				<nazev>kiwi</nazev>
				<jakost value="3"/>
				<barva>zelena</barva>
				<cena value="32"/>
				<trvanlivost>
					<rok>2014</rok>
					<mesic>4</mesic>
					<den>15</den>
				</trvanlivost>
			</druh>
		</typ>
		<typ id="102">
			<nazev>zelenina</nazev>
			<druh id="12">
				<nazev>redkvicka</nazev>
				<jakost value="1"/>
				<barva>cervena</barva>
				<cena value="10"/>
				<trvanlivost>
					<rok>2014</rok>
					<mesic>3</mesic>
					<den>28</den>
				</trvanlivost>
			</druh>
			<druh id="13">
				<nazev>rajce</nazev>
				<jakost value="2"/>
				<barva>cervena</barva>
				<cena value="26"/>
				<trvanlivost>
					<rok>2014</rok>
					<mesic>4</mesic>
					<den>30</den>
				</trvanlivost>
			</druh>
			<druh id="14">
				<nazev>okurka</nazev>
				<jakost value="3"/>
				<barva>zelena</barva>
				<cena value="35"/>
				<trvanlivost>
					<rok>2014</rok>
					<mesic>5</mesic>
					<den>17</den>
				</trvanlivost>
			</druh>
			<druh id="15">
				<nazev>dyne</nazev>
				<jakost value="2"/>
				<barva>oranzova</barva>
				<cena value="50"/>
				<trvanlivost>
					<rok>2014</rok>
					<mesic>5</mesic>
					<den>20</den>
				</trvanlivost>
			</druh>
			<druh id="16">
				<nazev>brambora</nazev>
				<jakost value="1"/>
				<barva>zluta</barva>
				<cena value="18"/>
				<trvanlivost>
					<rok>2014</rok>
					<mesic>5</mesic>
					<den>27</den>
				</trvanlivost>
			</druh>
			<druh id="17">
				<nazev>paprika</nazev>
				<jakost value="2"/>
				<barva>zelena</barva>
				<cena value="24"/>
				<trvanlivost>
					<rok>2014</rok>
					<mesic>5</mesic>
					<den>22</den>
				</trvanlivost>
			</druh>
		</typ>
		<typ id="103">
			<nazev>uzeniny</nazev>
			<druh id="15">
				<nazev>videnske parky</nazev>
				<jakost value="1"></jakost>
				<barva>hneda</barva>
				<cena value="150"/>
				<trvanlivost>
					<rok>2015</rok>
					<mesic>1</mesic>
					<den>1</den>
				</trvanlivost>
			</druh>
		</typ>
		<typ id="104">
			<nazev>syry</nazev>
			<druh id="16">
				<nazev>eidam</nazev>
				<jakost value="2"/>
				<barva>zluta</barva>
				<cena value="160"/>
				<trvanlivost>
					<rok>2014</rok>
					<mesic>4</mesic>
					<den>6</den>
				</trvanlivost>
			</druh>
		</typ>
	</zbozi>
	<zamestnanci>
		<zamestnanec ID="_001" nadrizeny="_001">
			<jmeno>Zacharias</jmeno>
			<prijmeni>Hruska</prijmeni>
			<datumnarozeni den="13" mesic="9" rok="2010"/>
			<bydliste>
				<ulice>Limetkova</ulice>
				<cislo>284</cislo>
				<mesto>Hrdejovice</mesto>
				<PSC>373 61</PSC>
			</bydliste>
			<telefon>720 682 632</telefon>
			<telefon>387 220 123 </telefon>
			<mail>zacharijas@imejl.cz</mail>
			<mail>zach@zach.ru</mail>
			<mzda>0</mzda>
			<pozice>superboss</pozice>
		</zamestnanec>
		<zamestnanec ID="_999" nadrizeny="_001">
			<jmeno>Evzenie</jmeno>
			<prijmeni>Svestkova</prijmeni>
			<datumnarozeni  den="6" mesic="7" rok="2011"/>
			<bydliste>
				<ulice>Pomelova</ulice>
				<cislo>20</cislo>
				<mesto>Praha</mesto>
				<PSC>140 00</PSC>
			</bydliste>
			<mzda>5</mzda>
			<pozice>uklizecka na toaletach</pozice>
		</zamestnanec>
		<zamestnanec ID="_072" nadrizeny="_001">
			<jmeno>Martin</jmeno>
			<prijmeni>Cokolada</prijmeni>
			<datumnarozeni  den="21" mesic="4" rok="2014"/>
			<bydliste>
				<ulice>Cokoladova</ulice>
				<cislo>21</cislo>
				<mesto>Cokoladov</mesto>
				<PSC>123 45</PSC>
			</bydliste>
			<mzda>20</mzda>
			<pozice>ochutnavac cokolad</pozice>
		</zamestnanec>
	</zamestnanci>
	<mottoprodejny>
		<![CDATA[
			<< Mame radi citrony >>
		]]>
	</mottoprodejny>
	<casposledniupravy><?php echo Date("d.m.Y") ?></casposledniupravy>
</obchod>
