<?xml version="1.0" encoding="UTF-8"?>
<hledani xmlns:xsi="http://www.w3.org/2001/XMLSchema-instance" xsi:noNamespaceSchemaLocation="data.xsd">
		<osoba id="o7" pohlavi="muz">
			<jmeno>Vilem</jmeno>
			<prijmeni>Matternich</prijmeni>
			<titul dedicny="true">aus Říčany</titul>
			<datum_narozeni>
				<den>7</den>
				<mesic>12</mesic>
				<rok>1655</rok>
			</datum_narozeni>
<!--			<dite>o13</dite>
			<dite>o14</dite> -->
			<dite>o15</dite>
		</osoba>
		<osoba pohlavi="muz" id="o15">
				<jmeno>Jakub</jmeno>
				<prijmeni>Matternich</prijmeni>
				<titul dedicny="true">aus Říčany</titul>
				<datum_narozeni>
					<den>9</den>
					<mesic>7</mesic>
					<rok>1686</rok>
				</datum_narozeni>
			<dite>o17</dite>
		</osoba>
		<osoba pohlavi="muz" id="o17">
			<jmeno>Karel</jmeno>
			<prijmeni>Matternich</prijmeni>
			<titul dedicny="true">aus Říčany</titul>
			<rok_narozeni>
				<den></den>
				<mesic></mesic>
				<rok>1712</rok>
			</rok_narozeni>
		</osoba>
</hledani>