﻿<?xml version="1.0" encoding="UTF-8"?>
<!DOCTYPE kalendar SYSTEM "data.dtd">
<kalendar>

<!-- osoby, ktere jezdi na akce -->
<skupina>
  <osoba id="OndraT" role="vedoucí">
    <jmeno>Ondřej</jmeno>
    <prijmeni>Triebenekl</prijmeni>
    <rocnik>1987</rocnik>
  </osoba>
  <osoba id="VojtaS" role="vedoucí">
    <jmeno>Vojtěch</jmeno>
    <prijmeni>Skružný</prijmeni>
    <rocnik>1994</rocnik>
  </osoba>
  <osoba id="Kmochy" role="vedoucí">
    <jmeno>Petr</jmeno>
    <prijmeni>Zelinka</prijmeni>
  </osoba>
  <osoba id="Franta" role="účastník">
    <jmeno>František</jmeno>
    <prijmeni>Čapla</prijmeni>
    <rocnik>2000</rocnik>
  </osoba>
  <osoba id="Dan" role="účastník">
    <jmeno>Daniel</jmeno>
    <prijmeni>Blažek</prijmeni>
    <rocnik>2000</rocnik>
  </osoba>
  <osoba id="Vlasta" role="účastník">
    <jmeno>Vlasta</jmeno>
    <prijmeni>Lisák</prijmeni>
    <rocnik>2001</rocnik>
  </osoba>
  <osoba id="VojtaK" role="účastník">
    <jmeno>Vojtěch</jmeno>
    <prijmeni>Kučera</prijmeni>
    <rocnik>2001</rocnik>
  </osoba>
  <osoba id="OndraM" role="účastník">
    <jmeno>Ondřej</jmeno>
    <prijmeni>Mošnička</prijmeni>
    <rocnik>1999</rocnik>
  </osoba>
</skupina>

<!-- udalosti jsou bud akce nebo porady; na porady chodi jen vedouci -->
<udalosti rok="2010/2011">
<akce id="a01">
  <nazev>Oslava svátku Dona Boska</nazev>
  <misto>
    <adresa>
      <ulice>Kobyliské náměstí</ulice>
      <cislo>1</cislo>
      <PSC>18200</PSC>
      <mesto>Praha 8</mesto>
    </adresa>
  </misto>
  <sraz>
    <datum>31.1.</datum>
    <hodina>18:00</hodina>
  </sraz>
  <navrat>
    <datum>31.1.</datum>
    <hodina>21:30</hodina>
  </navrat>
  <vedouci ids="OndraT VojtaS Kmochy" />
  <ucastnici ids="Franta  Vlasta VojtaK" />
  <popis>Na konci ledna se sejdeme 31.1. v 18h na společnou oslavu. Od 20h začne program v divadle, skončí kolem půl desáté.</popis>
  <organizace jmeno="&skm;"/>
</akce>
<porada typ="pravidelná">
    <datum>7.2.</datum>
    <hodina>19:30</hodina>
    <vedouci ids="OndraT VojtaS Kmochy" />
    <poznamka>Příští pravidelná porada odpadá, protože jedeme <ref id="a02">na víkend</ref> do Brna.</poznamka>
    <poznamka>Porada byla dlouhá a ke konci jsem přemýšlel, jestli můžu vložit php do xml. Mělo by to jít takhle: <?php echo "<?php ?>"?></poznamka>
</porada>
<porada typ="na_akci" idakce="a02">
    <datum>7.3.</datum>
    <hodina>19:30</hodina>
    <vedouci ids="VojtaS Kmochy" />
</porada>
<akce id="a02">
  <nazev>Duchovní obnova v Brně</nazev>
  <misto>Brno</misto>
  <sraz>
    <datum>11.3.</datum>
    <hodina>16:00</hodina>
  </sraz>
  <navrat>
    <datum>13.3.</datum>
    <hodina>16:30</hodina>
  </navrat>
  <vedouci ids="VojtaS Kmochy" />
  <ucastnici ids="Franta Dan Vlasta" />
  <popis>V březnu vyrazíme na duchovní obnovu do Brna.</popis>
  <cena>400Kč</cena>
  <vybava>&zakladniVybaveni;, 400Kč na vlak a ubytování, teplé oblečení</vybava>
  <organizace jmeno="&skm;"/>
</akce>
<porada typ="na_akci" idakce="a10">
    <datum>17.3.</datum>
    <hodina>19:30</hodina>
    <vedouci ids="OndraT Kmochy" />
    <poznamka>Měli bychom udělat přihlášky, <ref id="Kmochy">Petr</ref> je vytiskne. Měly by vypadat asi takhle:
      <![CDATA[
          Přihlašuji své dítě na letní tábor 31.7.-7.8.2011 ve Zdicích.
          JMENO:                         PRIJMENI:                           
          ADRESA:                                                                 
          DATUM NAROZENI:                                                
          ZDRAVOTNI PROBLEMY:                                        
          KONTAKT (tel.):                   PODPIS:                      
          Cena je 2000Kč.
          ]]>
    </poznamka>
</porada>
<akce id="a10">
  <nazev>Letní chaloupka ve Zdicích</nazev>
  <misto>fara Zdice</misto>
  <sraz>
    <datum>31.7.</datum>
    <hodina>16:00</hodina>
  </sraz>
  <navrat>
    <datum>7.8.</datum>
    <hodina>15:30</hodina>
  </navrat>
  <popis>O prázdninách vyjedeme na týden do Zdic.</popis>
  <cena>2000Kč</cena>
  <vybava>&zakladniVybaveni;, oblečení do lesa a na hry, plavky, pláštěnku, ...</vybava>
  <organizace jmeno="&skm;"/>
</akce>
</udalosti>
</kalendar>