<?xml version="1.0" encoding="utf-8"?>
<articles>
  <article>
    <article-title>Extern article 1</article-title>
    <article-author>Author 1</article-author>
    <article-content>...</article-content>
  </article>
  <article>
    <article-title>New article 2</article-title>
    <article-author>Author 1</article-author>
    <article-content>...</article-content>
  </article>
  <article>
    <article-title>Another article 3</article-title>
    <article-author>Author 1</article-author>
    <article-content>...</article-content>
  </article>
  <article>
    <article-title>And another article 4</article-title>
    <article-author>Author 2</article-author>
    <article-content>...</article-content>
  </article>
</articles>
