<?xml version="1.0" encoding="UTF-8"?>
<!DOCTYPE musicdb SYSTEM "G:\Study\XML\music.dtd">
<musicdb>
	<artist id="a2" name="Ensiferum" genre="Metal" country="Finland" beginyear="1991" type="Group">
		<personref idref="p111" from="1991" to="2001"/>
		<personref idref="p112" from="1991"/>
		<releases>
			<release id="r222" title="Ensiferum" year="1999" type="Album" length="32:00">
				<track id="t1" title="Intro" order="1" length="2:00"/>
				<track id="t2" title="Hero in a dream" order="2" length="5:00"/>
				<track id="t3" title="Token Of Time" order="3" length="5:00"/>
				<track id="t4" title="Guardians Of Fate" order="4" length="5:00"/>
				<track id="t5" title="Old Man" order="5" length="5:00"/>
				<track id="t6" title="Little Dreamer" order="6" length="5:00"/>
				<track id="t7" title="Battle Song" order="7" length="5:00"/>
			</release>
			<release id="r223" title="Dragonheads" year="2005" type="EP" length="45:15">
				<track id="t8" title="Dragonheads" order="1" length="6:00"/>
				<track id="t9" title="Into Hiding" order="2" length="7:00"/>
			</release>
		</releases>
		<description>
			They have never performed anything with <artistref id="a1">Lady Gaga</artistref>
		</description>
	</artist>
	<!-- Best artist ever -->
	<artist id="a1" name="Lady Gaga" genre="Pop" country="USA" beginyear="2002" type="Person">
		<releases>
			<release id="r221" title="The Cherrytree Seasons" type="EP">
				<track id="t10" title="Poker Face" order="1" length="5:00"/>
				<track id="t11" title="Just Dance" order="2" length="5:00"/>
				<track id="t12" title="Eh, eh" order="3" length="5:00"/>
			</release>
		</releases>
	</artist>
	<person id="p111" name="Jari Maenpaa" birthday="11.11.1964"/>
	<person id="p112" name="Sammi Hinkka" birthday="12.12.1974"/>
	<genre name="Metal" description="http://en.wikipedia.org/wiki/Metal"/>
	<genre name="Pop" description="http://en.wikipedia.org/wiki/Pop_music"/>
</musicdb>
