<?xml version="1.0" encoding="UTF-8"?>
<!DOCTYPE readers SYSTEM "data2.dtd">
<readers>
	<reader>
		<name>
			<first>Stanislav</first>
			<last>Vomáčka</last>
		</name>
		<id>019289</id>
		<borrowed-books>
			<book isbn-code="80-86732-57-6" day="2" month="5" year="2011"/>
		</borrowed-books>
	</reader>
	<reader>
		<name>
			<first>Růžena</first>
			<last>Nováková</last>
		</name>
		<id>048172</id>
		<borrowed-books>
		</borrowed-books>
	</reader>
	<reader>
		<name>
			<first>Petra</first>
			<last>Kratochvílová</last>
		</name>
		<id>098218</id>
		<borrowed-books>
			<book isbn-code="978-0-755-3415-5" day="23" month="4" year="2011"/>
			<book isbn-code="978-80-7332-098-0" day="12" month="4" year="2011"/>
		</borrowed-books>
	</reader>
	<reader>
		<name>
			<first>Růžena</first>
			<last>Nováková</last>
		</name>
		<id>048172</id>
		<borrowed-books>
		</borrowed-books>
	</reader>
	<reader>
		<name>
			<first>Libor</first>
			<last>Korouhvička</last>
		</name>
		<id>0912622</id>
		<borrowed-books>
			<book isbn-code="80-7196-195-7" day="2" month="5" year="2011"/>
			<book isbn-code="80-86815-25-0" day="1" month="3" year="2011"/>
		</borrowed-books>
	</reader>
	<reader>
		<name>
			<first>Daniela</first>
			<last>Klárová</last>
		</name>
		<id/>
		<borrowed-books>
			<book isbn-code="80-7196-195-7" day="2" month="5" year="2011"/>
		</borrowed-books>
	</reader>
</readers>
<!-- všechna jména jsou smyšlená, jakákoliv podobnost se skutečnými osobami je čistě náhodná -->