<?xml version="1.0" encoding="UTF-8"?>

<!DOCTYPE pujcovna [
<!ENTITY jmenoFirmy "Lode praha">
<!ELEMENT vypujcka ANY>
<!ATTLIST vypujcka zarezervovano CDATA #REQUIRED>
<!ELEMENT adresa ( ulice, cp, mesto, psc ) >

<!ELEMENT aktualniDatum EMPTY >

<!ELEMENT bydliste ( ulice, cp, mesto, psc ) >

<!ELEMENT cisloFaktury ( #PCDATA ) >

<!ELEMENT cp ( #PCDATA ) >

<!ELEMENT datumVypujcky ( den, mesic, rok ) >

<!ELEMENT den ( #PCDATA ) >

<!ELEMENT faktura ( zakaznik, datumVypujcky, lod ) >

<!ELEMENT jmeno ( krestniJmeno, prijmeni ) >

<!ELEMENT kapacita ( #PCDATA ) >

<!ELEMENT komentar ( #PCDATA ) >

<!ELEMENT krestniJmeno ( #PCDATA ) >

<!ELEMENT lod ( vyrobce, kapacita ) >
<!ATTLIST lod typ NMTOKEN #REQUIRED >

<!ELEMENT mesic ( #PCDATA ) >

<!ELEMENT mesto ( #PCDATA ) >

<!ELEMENT nazev ( #PCDATA ) >

<!ELEMENT pocetLidi ( #PCDATA ) >

<!ELEMENT prijmeni ( #PCDATA ) >

<!ELEMENT psc ( #PCDATA ) >

<!ELEMENT rok ( #PCDATA ) >

<!ELEMENT sidlo ( adresa ) >

<!ELEMENT ulice ( #PCDATA ) >

<!ELEMENT vek EMPTY >

<!ELEMENT vypujcka ( faktura, komentar ) >
<!ATTLIST vypujcka zarezervovano NMTOKEN #REQUIRED >

<!ELEMENT vyrobce ( nazev, sidlo ) >
<!ATTLIST vyrobce komentar CDATA #REQUIRED >

<!ELEMENT zakaznickeCislo ( #PCDATA | cisloFaktury )* >

<!ELEMENT zakaznik ( aktualniDatum, zakaznickeCislo, jmeno, bydliste, vek, pocetLidi ) >
<!ATTLIST zakaznik typ NMTOKEN #REQUIRED >

]>

<!--
    Document   : newXMLDocument.xml
    Created on : 1. březen 2012, 10:09
    Author     : Tomas
    Description:
        Purpose of the document follows.
-->

<vypujcka zarezervovano="ano">
    <faktura>
    <zakaznik typ="osoba">
        <aktualniDatum>
            <?php echo Date("d.m.Y")?>
        </aktualniDatum>
        
        <zakaznickeCislo>654231<cisloFaktury>321</cisloFaktury></zakaznickeCislo>
        
        <jmeno>
            <krestniJmeno>
          Adam
            </krestniJmeno>  
      
            <prijmeni>
          Vondra
            </prijmeni>
        </jmeno>
    
        <bydliste>
            <ulice>Modra</ulice>
            <cp>34</cp>
            <mesto>Praha </mesto>
            <psc>16798</psc>
    
        </bydliste>
        
        <vek></vek>        
        
        <pocetLidi>3</pocetLidi>
              
    </zakaznik>
    <datumVypujcky>
        <den>3.-5.</den>    
        <mesic>8</mesic>
        <rok>2012</rok>
    </datumVypujcky>
    
    <lod typ="kanoe">
        <vyrobce komentar="hlavni dodavatel">
            <nazev>Samba</nazev>    
            <sidlo>
                <adresa>
                    <ulice>Oranzova</ulice>
                    <cp>32</cp>
                    <mesto>Brno</mesto>
                    <psc>34521</psc>
                </adresa>
            </sidlo>
        </vyrobce>   
        
        <kapacita>3</kapacita>
        
    
    
    </lod>
    
</faktura>
    
<komentar>
<![CDATA[
    
        { 
        document.writeln("<p>Dobry den, rad bych si objednal lod pro 3 lidi v terminu 1.-3. 8.</p>");
        }   
    ]]>
    
</komentar>

<zpravaProZakaznika>
Dobry den, dekujeme ze jste si objednal lod u &jmenoFirmy; , doufame ze s nami budete spokojeni.
Za &jmenoFirmy;

Petr Pan

</zpravaProZakaznika>
</vypujcka>
