<?xml version="1.1" encoding="UTF-8" standalone="no"?><?textinfo alpha-ascending?>
<!--vytvoreny dve budovy + oddil s 10ti detmi--><tabor>
	<!--Na tabore dve chatky, v kazde 5 deti-->
	<budova>
		<cislo>	<![CDATA[1]]></cislo>
		<typ type="drevo"/>
		<kapacita>5</kapacita>
		<kuchynka kuch="ano"/>
		<umisteni place="les"/>
		<obyvatele>
			<dite_v_chatce obyv_chatky="i1"/>
			<dite_v_chatce obyv_chatky="i2"/>
			<dite_v_chatce obyv_chatky="i3"/>
			<dite_v_chatce obyv_chatky="i4"/>
			<dite_v_chatce obyv_chatky="i5"/>
		 </obyvatele>
	</budova>
		
	<!--1 oddil  s 10ti detmi, z toho i1 a i2 jsou sourozenci-->
	<oddil>
		<cislo_odd>5</cislo_odd>
		<dite id="i1" souroz="i2">
			<jmenoD>Tomas</jmenoD>
			<prijmeniD>Hoge</prijmeniD>
			<trida rank="5"/>
			<plavec plave="ano"/>
			<vyska>175</vyska>
			<vaha>56</vaha>
			<vegetarian veget="ne"/>
			<prasky pras="ne"/>
	
			<rodic>
				<jmenoR>Petr</jmenoR>
				<prijmeniR>Novak</prijmeniR>
				<telephone telnumber="752456753"/>
				<adresa>
					<ulice>Pod Lipami 4</ulice>
					<mesto>Praha 3</mesto>
					<psc>130 00</psc>
				</adresa>
			</rodic>
		</dite>
		<!--******************************************-->
		<dite id="i2" souroz="i1">
			<jmenoD>Tomas</jmenoD>
			<prijmeniD>Novy</prijmeniD>
			<trida rank="5"/>
			<plavec plave="ano"/>
			<vyska>125</vyska>
			<vaha>36</vaha>
			<vegetarian veget="ne"/>
			<prasky pras="ne"/>
			<rodic>
				<jmenoR>Petr</jmenoR>
				<prijmeniR>Novak</prijmeniR>
				<telephone telnumber="752456753"/>
				<adresa>
					<ulice>Pod Lipami 4</ulice>
					<mesto>Praha 3</mesto>
					<psc>130 00</psc>
				</adresa>
			</rodic>
		</dite>
		<!--******************************************-->
		<dite id="i3">
			<jmenoD>Petr</jmenoD>
			<prijmeniD>Filip</prijmeniD>
			<trida rank="5"/>
			<plavec plave="ano"/>
			<vyska>185</vyska>
			<vaha>56</vaha>
			<vegetarian veget="ano"/>
			<prasky pras="ne"/>
			<rodic>
				<jmenoR>Petr</jmenoR>
				<prijmeniR>Novak</prijmeniR>
				<telephone telnumber="752456753"/>
				<adresa>
					<ulice>Pod Lipami 4</ulice>
					<mesto>Praha 5</mesto>
					<psc>130 00</psc>
				</adresa>
			</rodic>
		</dite>
		<!--******************************************-->
		<dite id="i4">
			<jmenoD>Michal</jmenoD>
			<prijmeniD>Novotny</prijmeniD>
			<trida rank="5"/>
			<plavec plave="ne"/>
			<vyska>165</vyska>
			<vaha>56</vaha>
			<vegetarian veget="ne"/>
			<prasky pras="ano"/>
			<rodic>
				<jmenoR>Petr</jmenoR>
				<prijmeniR>Novak</prijmeniR>
				<telephone telnumber="752456753"/>
				<adresa>
					<ulice>Pod Lipami 4</ulice>
					<mesto>Praha 7</mesto>
					<psc>130 00</psc>
				</adresa>
			</rodic>
		</dite>
		<!--******************************************-->
		<dite id="i5">
			<jmenoD>Michal</jmenoD>
			<prijmeniD>Novak</prijmeniD>
			<trida rank="5"/>
			<plavec plave="ano"/>
			<vyska>175</vyska>
			<vaha>56</vaha>
			<vegetarian veget="ne"/>
			<prasky pras="ne"/>
			<rodic>
				<jmenoR>Petr</jmenoR>
				<prijmeniR>Novak</prijmeniR>
				<telephone telnumber="752456753"/>
				<adresa>
					<ulice>Pod Lipami 4</ulice>
					<mesto>Praha 4</mesto>
					<psc>130 00</psc>
				</adresa>
			</rodic>
		</dite>
		<!--******************************************-->
		<dite id="i6">
			<jmenoD>Tomas</jmenoD>
			<prijmeniD>Kajak</prijmeniD>
			<trida rank="5"/>
			<plavec plave="ano"/>
			<vyska>175</vyska>
			<vaha>56</vaha>
			<vegetarian veget="ano"/>
			<prasky pras="ne"/>
			<rodic>
				<jmenoR>Petr</jmenoR>
				<prijmeniR>Novak</prijmeniR>
				<telephone telnumber="752456753"/>
				<adresa>
					<ulice>Pod Lipami 4</ulice>
					<mesto>Praha 3</mesto>
					<psc>130 00</psc>
				</adresa>
			</rodic>
		</dite>
		<!--******************************************-->
		<dite id="i7">
			<jmenoD>David</jmenoD>
			<prijmeniD>Kropy</prijmeniD>
			<trida rank="5"/>
			<plavec plave="ne"/>
			<vyska>185</vyska>
			<vaha>80</vaha>
			<vegetarian veget="ne"/>
			<prasky pras="ne"/>
			<rodic>
				<jmenoR>Petr</jmenoR>
				<prijmeniR>Novak</prijmeniR>
				<telephone telnumber="752456753"/>
				<adresa>
					<ulice>Pod Lipami 4</ulice>
					<mesto>Praha 4</mesto>
					<psc>130 00</psc>
				</adresa>
			</rodic>
		</dite>
		<!--******************************************-->
		<dite id="i8">
			<jmenoD>Milan</jmenoD>
			<prijmeniD>krajci</prijmeniD>
			<trida rank="5"/>
			<plavec plave="ne"/>
			<vyska>175</vyska>
			<vaha>56</vaha>
			<vegetarian veget="ne"/>
			<prasky pras="ano"/>
			<rodic>
				<jmenoR>Petr</jmenoR>
				<prijmeniR>Novak</prijmeniR>
				<telephone telnumber="752456753"/>
				<adresa>
					<ulice>Pod Lipami 4</ulice>
					<mesto>Praha 3</mesto>
					<psc>130 00</psc>
				</adresa>
			</rodic>
		</dite>
		<!--******************************************-->
		<dite id="i9">
			<jmenoD>Filip</jmenoD>
			<prijmeniD>Danko</prijmeniD>
			<trida rank="5"/>
			<plavec plave="ano"/>
			<vyska>175</vyska>
			<vaha>56</vaha>
			<vegetarian veget="ne"/>
			<prasky pras="ne"/>
			<rodic>
				<jmenoR>Petr</jmenoR>
				<prijmeniR>Novak</prijmeniR>
				<telephone telnumber="752456753"/>
				<adresa>
					<ulice>Pod Lipami 4</ulice>
					<mesto>Praha 3</mesto>
					<psc>130 00</psc>
				</adresa>
			</rodic>
		</dite>
		<!--******************************************-->
		<dite id="i10">
			<jmenoD>Martin</jmenoD>
			<prijmeniD>Stefan</prijmeniD>
			<trida rank="5"/>
			<plavec plave="ano"/>
			<vyska>175</vyska>
			<vaha>56</vaha>
			<vegetarian veget="ano"/>
			<prasky pras="ano"/>
			<rodic>
				<jmenoR>Petr</jmenoR>
				<prijmeniR>Novak</prijmeniR>
				<telephone telnumber="752456753"/>
				<adresa>
					<ulice>Pod Lipami 4</ulice>
					<mesto>Praha 3</mesto>
					<psc>130 00</psc>
				</adresa>
			</rodic>
		</dite>
	</oddil>
</tabor>