<?xml version="1.0" encoding="UTF-8"?>
<!DOCTYPE databaze SYSTEM "data.dtd">
<databaze>
	<datum><?php echo Date("d.m.Y")?></datum> <!-- instrukce pro zpracovani -->
	<filmy>
		<film id="f1">
			<originalniNazev>The Lord of the Rings: The Fellowship of the Ring</originalniNazev>
			<ceskyNazev>Pán prstenů: Společenstvo Prstenu</ceskyNazev>
			<obsazeni>
				<reziser>Peter Jackson</reziser>
				<herci>
					<herec role="star1">Elijah Wood</herec> <!-- 1 - star role, 2 - 2nd star role, ...; neni nutne zadat -->
					<herec role="star2">Ian McKellen</herec>
					<herec role="star3">Orlando Bloom</herec>
					<herec>Viggo Mortensen</herec>
				</herci>
			</obsazeni>
			<delka>172</delka>
			<zeme>USA, New Zeeland</zeme>
			<rok>2001</rok>
			<zarnr>Fantasy, Dobrodružný, Akční</zarnr>
			<obsah>Pribeh hobita, ktery ...</obsah>
			<premieravCR>10.1.2002</premieravCR>
			<oscar>4</oscar>
		</film>
		<film id="f2">
			<originalniNazev>The Lord of the Rings: The Two Towers</originalniNazev>
			<ceskyNazev>Pán prstenů: Dvě věže</ceskyNazev>
			<obsazeni>
				<reziser>Peter Jackson</reziser>
				<herci>
					<herec role="star1">Elijah Wood</herec>
					<herec role="star2">Ian McKellen</herec>
					<herec role="star3">Orlando Bloom</herec>
					<herec>Viggo Mortensen</herec>
				</herci>
			</obsazeni>
			<delka>172</delka>
			<zeme>USA, New Zeeland, Německo</zeme>
			<rok>2002</rok>
			<zarnr>Fantasy, Dobrodružný, Akční</zarnr>
			<obsah>Pribeh hobita, ktery dal nekam jde...</obsah>
			<premieravCR/>
			<oscar>2</oscar>
		</film>
		<film id="f3">
			<originalniNazev>Shrek</originalniNazev>
			<ceskyNazev>Shrek</ceskyNazev>
			<obsazeni>
				<reziser>Vicky Jenson, Andrew Adamson</reziser>
				<herci>
					<herec role="star1">Mike Myers</herec>
					<herec role="star2">Eddie Murphy</herec>
					<herec>Cameron Diaz</herec>
				</herci>
			</obsazeni>
			<delka>90</delka>
			<zeme>USA</zeme>
			<rok>2001</rok>
			<zarnr>Animovaný, Dobrodružný, Rodinný, Komedie</zarnr>
			<obsah>Sam zijici zeleny zlobr se vydava na dobrodruzstvi...</obsah>
			<premieravCR/>
			<oscar>0</oscar>
		</film>
	</filmy>
	<hodnoceni>
		<hod filmID="f1" h="2" /><!-- jako ve skole -->
		<hod filmID="f2" h="1" />
	</hodnoceni>
	<komentare>
		<komentar filmID="f1">líbil se mi víc než <komentar filmID="f2"> druhý díl</komentar>
		</komentar>
		<komentar filmID="f3">
			<![CDATA[
				V tomhle filmu se mozna nekde vyskytuje reseni nerovnic: x + y < 3, y + 2 > 8
			]]>
		</komentar>
	</komentare>
</databaze>
