<?xml version="1.0" encoding="UTF-8"?>
<!DOCTYPE dvd_rental SYSTEM "data.dtd">
<dvd_rental>
    <dvds>
        <dvd id="dvd_id_0" cz_name="3000 mil na útěku" orig_name="3000 Miles to Graceland" genre="action">
            <description>
            	<cast>
            		<actor name="Kurt Russel">
            			<character name="Michael Zane" />
            		</actor>
            		<actor name="Kevin Costner" />
            	</cast>
                A gang of ex-cons rob a casino during Elvis convention week.
            </description>
            <hrefs>
                <href type="imdb" url="http://www.imdb.com/title/tt0233142/" />
                <href type="csfd" url="http://www.csfd.cz/film/11557" />
            </hrefs>
            <recommendations>
                <recommendation dvd_id="dvd_id_1" />
                <recommendation dvd_id="dvd_id_2" />
            </recommendations>
        </dvd>
        <dvd id="dvd_id_1" cz_name="16 bloků" orig_name="16 Blocks" genre="action">
            <description>
            	<cast>
            		<actor name="Bruce Willis" />
            		<actor name="Mos Def">
            			<character name="Eddie Bunker" />
            		</actor>
            	</cast>
                An aging cop is assigned the ordinary task of escorting a fast-talking witness from police custody to a courthouse. There are however forces at work trying to stop prevent them from making it.
            </description>
            <hrefs>
                <href type="imdb" url="http://www.imdb.com/title/tt0450232/" />
            </hrefs>
            <recommendations>
                <recommendation dvd_id="dvd_id_4" />
            </recommendations>
        </dvd>
        <dvd id="dvd_id_2" cz_name="3:15 zemřeš" orig_name="Amytville Horor" genre="horor">
            <hrefs>
                <href type="unspecified" url="http://www.amityvillehorrormovie.com/" />
            </hrefs>
            <recommendations>
                <recommendation dvd_id="dvd_id_4" />
            </recommendations>
        </dvd>
        <dvd id="dvd_id_3" cz_name="300 Bitva u Thermopyl" orig_name="300 Thermopyl's" genre="fantasy">
            <hrefs>
                <href type="csfd" url="http://www.csfd.cz/film/221337" />
            </hrefs>
        </dvd>
        <dvd id="dvd_id_4" cz_name="5. element" orig_name="5th element" genre="sci-fi">
            <description>
            	<cast>
    	    		<actor name="Bruce Willis" />
	            </cast>
                In the colorful future, a cab driver unwittingly becomes the central figure in the search for a legendary cosmic weapon to keep Evil and Mr Zorg at bay.
            </description>
            <recommendations>
                <recommendation dvd_id="dvd_id_10" />
                <recommendation dvd_id="dvd_id_9" />
            </recommendations>
        </dvd>
        <dvd id="dvd_id_5" cz_name="6. Batalion" orig_name="Great Raid" genre="war">
            <description>
                <short_description>
                    Taking place towards the end of WWII, 500 American Soldiers have been entrapped in a camp for 3 years. Beginning to give up hope they will ever be rescued, a group of Rangers goes on a dangerous mission to try and save them.
                </short_description>
                <full_description>
                    Set in the Philippines in 1945 towards the end of WWII, under the command of Lieutenant Colonel Henry Mucci and Captain Robert Prince, the 6th Ranger Battalion undertake a daring rescue mission against all odds. Traveling thirty miles behind enemy lines, they intend to liberate over 500 American Soldiers from the notorious Cabanatuan Japanese POW camp in the most audacious rescue ever.
                </full_description>
            </description>
        </dvd>
        <dvd id="dvd_id_6" cz_name="60 sekund" orig_name="Gone in Sixty Seconds" genre="action">
            <description>
                <director name="Dominic Sena" />
                <cast>
                    <actor name="Nicolas Cage">
                        <character name="Memphis Raines" />
                    </actor>
                    <actor name="Angelina Jolie">
                        <character name="Sara 'Sway' Wayland" />
                    </actor>
                    <actor name="Christopher Eccleston" />
                </cast>
                <short_description>
                    A retired master car thief must come back to the industry and steal 50 cars with his crew in one night to save his brother's life.
                </short_description>
            </description>
        </dvd>
        <dvd id="dvd_id_7" cz_name="Sedmý hřích" orig_name="Original Sin" genre="drama">
            <description>
                <![CDATA[<div style='float:left;width:425px;padding-top:10px;font-weight:normal'>Kuba, devatenácté století. Bohatý obchodník Luis Vargas (Antonio Banderas) hodlá upevnit své společenské postavení sňatkem s Američankou. Nehledá skutečnou lásku a dohoda je uzavřena čistě na obchodním základě. O to víc je pak překvapen, když mu do života místo prosté ženy vstoupí svůdná Julia (Angelina Jolie). Netrvá dlouho a Vargas se do ní zamiluje. Zanedlouho se objeví i tajemný a podezřívavý Walter Downs (Thomas Jane), který tvrdí, že Julia není tím, kým se být zdá. Vargas sice zpočátku odmítá uvěřit, ale když manželka zmizí i s jeho penězi, rozhodne se zjistit, jak se věci doopravdy mají. Vydává se na pouť temnou stránou ...&nbsp;</div>]]>
            </description>
            <hrefs>
                <href type="csfd" url="http://www.csfd.cz/film/18430" />
            </hrefs>
        </dvd>
        <dvd id="dvd_id_8" cz_name="Aeon Flux" orig_name="Aeon Flux" genre="sci-fi">
            <description>
                <full_description>
                    400 years in the future, set in the year 2415, Aeon Flux is a mysterious assassin. Four centuries after a virus nearly decimated the human race, leaving only five million survivors in a utopian city called Bregna. Aeon is struggling to destroy the Goodchild regime led by its namesake, Trevor Goodchild, the ruler of Bregna and a descendant of the man who found a cure for the deadly virus. As instructed by the Handler, Aeon is assigned to assassinate Goodchild, but there are deeper secrets to be discovered, and conspiracies to be foiled.
                </full_description>
                <cast>
                    <actor name="Charlize Theron">
                        <character name="Æon Flux" />
                    </actor>
                </cast>
            </description>
        </dvd>
        <dvd id="dvd_id_9" cz_name="Agent v sukni 2" orig_name="Big Momma's House 2" genre="comedy">
            <description>
                Big Momma's House 2 is a 2006 comedy starring Martin Lawrence and co-starring Nia Long, Emily Procter, Zachary Levi and Mark Moses. It is the sequel to 2000's Big Momma's House. It was released on January 27, 2006. The movie was critically panned as critics felt that a sequel was unnecessary. For some time the movie had been placed in IMDB's bottom 100. However, it had a decent showing at the box office. The film was released on DVD on May 9.
            </description>
            <hrefs>
                <href type="unspecified" url="http://en.wikipedia.org/wiki/Big_Momma%27s_House_2" />
            </hrefs>
        </dvd>
        <dvd id="dvd_id_10" cz_name="Andrew - člen naší rodiny" orig_name="Bicenntial Man" genre="sci-fi">
            <description>
                <director name="Chris Columbus" />
                <short_description>
                    An android endeavors to become human as he gradually acquires emotions.
                </short_description>
                <cast>
                	<actor name="Robin Williams" />
                </cast>
            </description>
            <hrefs>
                <href type="imdb" url="http://www.imdb.com/title/tt0182789/" />
            </hrefs>
        </dvd>
        <dvd id="dvd_id_11" cz_name="Já, robot" orig_name="I, Robot" genre="sci-fi">
            <description>
                <director name="Alex Proyas" />
                <cast>
                    <actor name="Will Smith">
                        <character name="Del Spooner" />
                    </actor>
                    <actor name="Alan Tudyk">
                        <character name="Sonny" />
                    </actor>
                </cast>
                Will Smith, v hlavnej úlohe tohto akčného thrilleru, ktorý je inšpirovaný zbierkou krátkych poviedok Isaaca Asimova, natočil režisér AlexProyas (Dark City, Vrana). V roku 2035, sú roboty súčasťou každej domácnosti a ľudia im dôverujú, okrem jedného trochu paranoidného detektíva Del Spoonera (Will Smith) , ktorý je presvedčený, že zločin, ktorý práve vyšetruje spáchal robot. Vyšetrovanie ho privedie, k objaveniu desivej hrozby pre ľudskú rasu...
            </description>
            <hrefs>
                <href type="imdb" url="http://www.imdb.com/title/tt0343818/" />
                <href type="csfd" url="http://www.csfd.cz/film/91975" />
            </hrefs>
        </dvd>
    </dvds>
    
    <films>
        <film id="film_id_0" name="Crow" genre="fantasy">
            <director name="Alex Proyas" />
            <hrefs>
                <href type="csfd" url="http://www.csfd.cz/film/16745" />
                <href type="imdb" url="http://www.imdb.com/title/tt0109506/" />
            </hrefs>
            <type>
                <release version="dvd_rip" />
                <size size="697 MB" />
            </type>
            <type>
                <release version="dvd_rip" />
                <size size="705 MB" />
            </type>
            <type>
                <release version="dvd_rip" />
                <size size="1154 MB" />
            </type>
        </film>
        <film id="film_id_1" name="Dark City" genre="sci-fi">
            <director name="Alex Proyas" />
            <hrefs>
                <href type="csfd" url="http://www.csfd.cz/film/18233" />
            </hrefs>
            <type>
                <release version="dvd_rip" />
                <size size="718 MB" />
            </type>
            <type>
                <release version="dvd_rip" />
                <size size="518 MB" />
            </type>
        </film>
        <film id="film_id_2" name="Iron Man" genre="sci-fi">
            <director name="Jon Favreau" />
            <hrefs>
                <href type="csfd" url="http://www.csfd.cz/film/223262" />
                <href type="imdb" url="http://www.imdb.com/title/tt0371746/" />
            </hrefs>
            <type>
                <release version="cam_rip" />
                <size size="725 MB" />
            </type>
        </film>
    </films>
    
    <borrowings>
        <borrowing dvd_id="dvd_id_8" date="12.3.2009">
            <user name="Pepa Kulda">
                <contact>
                    <email address="pepa@seznam.cz"/>
                </contact>
            </user>
            <instructions>
                <?echo "Pepa Kulda - dvd_id_8" >> 12_3_2009_borrovings ?>
            </instructions>
            <note>
                Prodloužená výpůjčka.
            </note>
        </borrowing>
        <borrowing dvd_id="dvd_id_10" date="14.3.2009">
            <user name="Petr Vonásek">
                <contact>
                    U Potoka 13, 284 15 Kocourkov
                    <email address="&EMPTY_MAIL_ADDRESS;"/>
                    <phone number="123456789" />
                </contact>
            </user>
            <instructions>
                <?echo "Petr Vonásek - dvd_id_10" >> 14_3_2009_borrovings ?>
            </instructions>
        </borrowing>
        <borrowing dvd_id="dvd_id_1" date="15.3.2009">
            <user name="Majda Šilhavá">
                <contact>
                    <email address="majda@centrum.cz"/>
                    <phone number="&EMPTY_PHONE_NUMBER;" />
                </contact>
            </user>
            <instructions>
                <?echo "Majda Šilhavá - dvd_id_1" >> 15_3_2009_borrovings ?>
            </instructions>
        </borrowing>
        <borrowing dvd_id="dvd_id_5" date="15.3.2009">
            <user name="Luděk Vokurka">
                <contact>
                    <phone number="321654987" />
                    Za Návsí 23, 456 12 Psíkov
                </contact>
            </user>
            <instructions>
                <?echo "Luděk Vokurka - dvd_id_5" >> 15_3_2009_borrovings ?>
            </instructions>
            <note>
                Výpujčka bude pravděpodobně prodloužena o týden.
            </note>
        </borrowing>
    </borrowings>
</dvd_rental>