<?xml version="1.0" encoding="UTF-8"?>
<ns:database xsi:schemaLocation="http://www.example.com/database data.xsd" xmlns:ns="http://www.example.com/database" xmlns:xsi="http://www.w3.org/2001/XMLSchema-instance">
	<ns:people>
		<ns:person id="ID_cameronj">
			<ns:name>James Cameron</ns:name>
			<ns:born>
				<ns:date>1954-08-16</ns:date>
				<ns:place>Kapuskasing, Ontario, Canada</ns:place>
			</ns:born>
			<ns:work as="Writer"/>
			<ns:work as="Producer"/>
			<ns:work as="Director"/>
		</ns:person>
	</ns:people>
	<ns:movies>
		<ns:movie title="Avatar" id="ID_avatar">
			<ns:base_info>
				<ns:title>Avatar</ns:title>
				<ns:title>Avatar: An IMAX 3D Experience</ns:title>
				<ns:genre>Action Adventure Fantasy</ns:genre>
				<ns:director director_id="ID_cameronj">James Cameron</ns:director>
				<ns:duration time="02:42:00.0Z"/>
				<ns:duration time="02:51:00.0Z">
					<ns:note>Special edition</ns:note>
				</ns:duration>
				<ns:rating of_10="8.0"/>
				<ns:year>2009</ns:year>
			</ns:base_info>
			<ns:link href="http://www.imdb.com/title/tt0499549/">IMDb</ns:link>
			<ns:more_info>A paraplegic Marine dispatched to the moon Pandora on a unique mission becomes torn between following his orders and protecting the world he feels is his home.</ns:more_info>
			<ns:catalog_number num="76" cat="D"/>
		</ns:movie>
	</ns:movies>
</ns:database>
