<?xml version="1.0" encoding="UTF-8"?>

<!--
*****************************************************************************************
*** Jaroslav Kubát, jk.kubat@seznam.cz, 2012										  ***
*** Pro účely cvičení z předmětu 'Technologie XML' na MFF UK.						  ***
*****************************************************************************************
*****************************************************************************************
*** Toto je databáze prodejen oblečení. Jedná se o stromovou organizaci - vnitřní	  ***
*** uzly jsou divize a listy jsou konkrétní prodejny.								  ***
*****************************************************************************************
-->

<databaze>
	<divize>
		<oblast>Praha</oblast>
		<vedouci>
			<jmeno>Jonáš</jmeno>
			<prijmeni>Brekeke</prijmeni>
			<id>213</id>
		</vedouci>
		<zamestnanci>
			<zamestnanec>
				<jmeno>Alexandr</jmeno>
				<prijmeni>Veliký</prijmeni>
				<id>111</id>
			</zamestnanec>
			<zamestnanec>
				<jmeno>Marcus</jmeno>
				<prijmeni>Aurelius</prijmeni>
				<id>000</id>
			</zamestnanec>
		</zamestnanci>
		<subdivize>
			<divize>
				<oblast>Praha - Sever + Východ</oblast>
				<vedouci>
					<jmeno>Albert</jmeno>
					<prijmeni>Ajnštajn</prijmeni>
					<id>mc2</id>
				</vedouci>
				<zamestnanci>
					<zamestnanec>
						<jmeno>Ajsek</jmeno>
						<prijmeni>Njůtn</prijmeni>
						<id>989</id>
					</zamestnanec>
				</zamestnanci>
				<prodejny>
					<prodejna id="X67987">
						<adresa>Vinohradská 90</adresa>
					</prodejna>
					<prodejna id="X67988">
						<adresa>Malostranské náměstí 1</adresa>
					</prodejna>
				</prodejny>
			</divize>
			<divize>
				<oblast>Praha - Jih + Západ</oblast>
				<vedouci>
					<jmeno>Bohuslav</jmeno>
					<prijmeni>Bakule</prijmeni>
					<id>5634</id>
				</vedouci>
				<zamestnanci>
					<zamestnanec>
						<jmeno>Stanislav</jmeno>
						<prijmeni>Tyčka</prijmeni>
						<id>898</id>
					</zamestnanec>
					<zamestnanec>
						<jmeno>Olda</jmeno>
						<prijmeni>Bajza</prijmeni>
						<id>911</id>
					</zamestnanec>
				</zamestnanci>
				<prodejny>
					<prodejna id="X57987">
						<adresa>Solnohradská 25</adresa>
					</prodejna>
					<prodejna id="X57988">
						<adresa>Dolní 15</adresa>
					</prodejna>
				</prodejny>
			</divize>
		</subdivize>
	</divize>
	<divize>
		<oblast>Ostravsko</oblast>
		<vedouci>
			<jmeno>Al</jmeno>
			<prijmeni>Hliník</prijmeni>
			<id>765</id>
		</vedouci>
		<zamestnanci>
			<zamestnanec>
				<jmeno>Tomáš</jmeno>
				<prijmeni>Plekanec</prijmeni>
				<id>14</id>
			</zamestnanec>
		</zamestnanci>
		<subdivize>
			<divize>
				<oblast>Karviná</oblast>
				<vedouci>
					<jmeno>Miroslav</jmeno>
					<prijmeni>Horníček</prijmeni>
					<id>4</id>
				</vedouci>
				<prodejny>
					<prodejna id="X5873">
						<adresa>K jámě 67</adresa>
					</prodejna>
				</prodejny>
			</divize>
		</subdivize>
	</divize>
	<divize>
		<oblast>Karlovarsko</oblast>
		<vedouci>
			<jmeno>Jan</jmeno>
			<prijmeni>Becher</prijmeni>
			<id>09</id>
		</vedouci>
		<zamestnanci>
			<zamestnanec>
				<jmeno>James</jmeno>
				<prijmeni>Bond</prijmeni>
				<id>007</id>
			</zamestnanec>
			<zamestnanec>
				<jmeno>Viktor</jmeno>
				<prijmeni>Kožený</prijmeni>
				<id>1258</id>
			</zamestnanec>
			<zamestnanec>
				<jmeno>Radovan</jmeno>
				<prijmeni>Krejčíř</prijmeni>
				<id>008</id>
			</zamestnanec>
		</zamestnanci>
		<prodejny>
			<prodejna id="Z987">
				<adresa>Kolonáda 5</adresa>
			</prodejna>
		</prodejny>
	</divize>
</databaze>