<?xml version="1.0" encoding="UTF-8"?>

<!--
*****************************************************************************************
*** Jaroslav Kubát, jk.kubat@seznam.cz, 2012										  ***
*** Pro účely cvičení z předmětu 'Technologie XML' na MFF UK.						  ***
*****************************************************************************************
*****************************************************************************************
*** Toto je objednávka oblečení. Souvisí se souborem data.xml, ve kterém je databáze  ***
*** dostupného oblečení. 															  ***
*****************************************************************************************
-->

<obednavky>
	<prodejna id="X67987">
		<obednavka kodKusu="D_B_08732">
			<vzor kod="Y3467"/>
			<kus velikost="XL" pocet="10"/>
		</obednavka>
		<obednavka kodKusu="D_B_08732">
			<vzor kod="Y3467"/>
			<kus velikost="L" pocet="6"/>
		</obednavka>
		<obednavka kodKusu="D_B_08732">
			<vzor kod="X1134"/>
			<kus velikost="S" pocet="8"/>
		</obednavka>
		<obednavka kodKusu="D_B_29740">
			<vzor kod="X1134"/>
			<kus velikost="XXL" pocet="6"/>
		</obednavka>
		<obednavka kodKusu="D_B_29740">
			<vzor kod="X1134"/>
			<kus velikost="XS" pocet="8"/>
		</obednavka>
	</prodejna>
	<prodejna id="X5873">
		<obednavka kodKusu="D_B_08732">
			<vzor kod="Y3467"/>
			<kus velikost="XL" pocet="1"/>
		</obednavka>
		<obednavka kodKusu="D_B_08732">
			<vzor kod="Y3467"/>
			<kus velikost="L" pocet="3"/>
		</obednavka>
		<obednavka kodKusu="D_B_29740">
			<vzor kod="X1134"/>
			<kus velikost="L" pocet="3"/>
		</obednavka>
	</prodejna>
	<prodejna id="Z987">
		<obednavka kodKusu="D_B_08732">
			<vzor kod="Y3467"/>
			<kus velikost="L" pocet="3"/>
		</obednavka>
		<obednavka kodKusu="D_B_29740">
			<vzor kod="Y3467"/>
			<kus velikost="XL" pocet="1"/>
		</obednavka>
		<obednavka kodKusu="D_B_29740">
			<vzor kod="X1134"/>
			<kus velikost="L" pocet="3"/>
		</obednavka>
	</prodejna>
</obednavky>