<?xml version="1.0" encoding="UTF-8"?>
<my:faculty xmlns:my="http://mff.cuni.cz/ostUkol" xmlns:xsi="http://www.w3.org/2001/XMLSchema-instance" xsi:schemaLocation="http://mff.cuni.cz/ostUkol data.xsd">
	<my:people>
		<my:student id="5">
			<my:name></my:name>
			<my:surname></my:surname>
		</my:student>
		<my:student id="5">
			<my:name></my:name>
			<my:surname></my:surname>
		</my:student>
		<my:teacher id="5">
			<my:name></my:name>
			<my:surname></my:surname>
			<my:bio authorized="false">
				jsem z Prahy
			</my:bio>
		</my:teacher>
		<my:teacher id="5">
			<my:name></my:name>
			<my:surname></my:surname>
			<my:bio authorized="false">
				jsem z Prahy
			</my:bio>
		</my:teacher>
	</my:people>
	<my:departments>
		<my:department name="KSI">
			<my:teachers>
				<my:personRef refid="5"></my:personRef>
			</my:teachers>
			<my:subjects>
				<my:subject mandatory="true" name="xml technologies">
					<my:lecture place="S3" teacher="4">
						<my:time>
							<my:dayOfWeek>1</my:dayOfWeek>
							<my:startHours>14</my:startHours>
							<my:startMinutes>0</my:startMinutes>
						</my:time>
						<my:students>
							<my:personRef refid="5"></my:personRef>
						</my:students>
					</my:lecture>
					<my:practice place="SW2">
						<my:time>
							<my:dayOfWeek>5</my:dayOfWeek>
							<my:startHours>9</my:startHours>
							<my:startMinutes>0</my:startMinutes>
						</my:time>
						<my:students>
							<my:personRef refid="5"></my:personRef>
						</my:students>
					</my:practice>
				</my:subject>
			</my:subjects>
		</my:department>
	</my:departments>
</my:faculty>
