<?xml version="1.0" encoding="UTF-8"?>

<faculty>
	<!-- List of all people in faculty -->
	<people>
		<student id="_123">
			<name>Jan</name>
			<surname>Novák</surname>
		</student>
		<student id="_124">
			<name>Josef</name>
			<surname>Novotný</surname>			
		</student>
		<teacher id="_125">
			<name>Jára</name>
			<surname>Cimrman</surname>
			<bio>Přední český vynálezce, více info na <a href="http://www.jarmara.at">jarmara.at</a>.</bio>
		</teacher>
		<teacher id="_126">
			<name>Petr</name>
			<surname>Kratochvíl</surname>			
		</teacher>
		<student id="_127">
			<name>Jiří</name>
			<surname>Hubený</surname>			
		</student>
		<student id="_128">
			<name>Karel</name>
			<surname>Velký</surname>			
		</student>
		<teacher id="_129">
			<name>Petr</name>
			<surname>Kratochvíl</surname>			
		</teacher>
		<teacher id="_130">
			<name>Pavel</name>
			<surname>Malý</surname>		
			<bio>
				<![CDATA[ 
					document.write("Vítejte!");
				]]>
			</bio>
		</teacher>
		<teacher id="_131">
			<name>Marek</name>
			<surname>Čech</surname>			
		</teacher>
		<teacher id="_132" phone="26546465">
			<name>Vojtěch</name>
			<surname>Tlustý</surname>		
			<bio>Dnes je <?php echo Date("%Y %m %d"); ?></bio>	
		</teacher>
	</people>
	<departments>
		<department name="KSI">
			<!-- List of department members -->
			<teachers>
				<personRef refid="_130"/>
				<personRef refid="_131"/>
				<personRef refid="_132"/>				
			</teachers>
			<subjects>
				<subject name="XML Technologies" mandatory="false">
					<lecture place="S3" teacher="_129">
						<time>
							<dayOfWeek>1</dayOfWeek>
							<startHours>14</startHours>
							<startMinutes>0</startMinutes>
						</time>
						<students>
							<personRef refid="_128"/>
							<personRef refid="_127"/>
						</students>
					</lecture>
					<practices>
						<practice place="SW2" teacher="_129">
							<time>
								<dayOfWeek>5</dayOfWeek>
								<startHours>9</startHours>
								<startMinutes>0</startMinutes>
							</time>
							<students>
								<personRef refid="_123"/>
								<personRef refid="_129"/>
							</students>
						</practice>
						<practice place="SW1" teacher="_130">
							<time>
								<dayOfWeek>3</dayOfWeek>
								<startHours>17</startHours>
								<startMinutes>20</startMinutes>
							</time>
							<students>
								<personRef refid="_132"/>
								<personRef refid="_131"/>
							</students>
						</practice>
					</practices>
				</subject>
				<subject mandatory="true" name="Software Engineering">
					<lecture place="S5">
						<time>
							<dayOfWeek>1</dayOfWeek>
							<startHours>15</startHours>
							<startMinutes>40</startMinutes>
						</time>
						<students>
							<personRef refid="_127"/>
							<personRef refid="_128"/>
						</students>
					</lecture>
					<practices>
						<practice place="SW1">
							<time>
								<dayOfWeek>2</dayOfWeek>
								<startHours>14</startHours>
								<startMinutes>0</startMinutes>
							</time>
							<students>
								<personRef refid="_123"/>
								<personRef refid="_124"/>
							</students>
						</practice>
					</practices>
				</subject>
				
				<subject mandatory="true" name="Java">
					<lecture place="S8">
						<time>
							<dayOfWeek>3</dayOfWeek>
							<startHours>12</startHours>
							<startMinutes>10</startMinutes>
						</time>
						<students>
							<personRef refid="_127"/>
							<personRef refid="_128"/>
						</students>
					</lecture>
					<practices>
						<practice place="SU1">
							<time>
								<dayOfWeek>2</dayOfWeek>
								<startHours>17</startHours>
								<startMinutes>10</startMinutes>
							</time>
							<students>
								<personRef refid="_127"/>
								<personRef refid="_128"/>
							</students>
						</practice>
					</practices>
				</subject>
			</subjects>
		</department>
	</departments>
</faculty>