<?xml version="1.0" encoding="UTF-8"?>
<pujcovana>
	<pobocka>
		<nazev>První Mobilní</nazev>
		<penize>29300</penize>
		<adresa>
			<ulice>Jeremiášova</ulice>
			<c.p>1825</c.p>
			<PSc>156 00</PSc>
			<mesto>Praha</mesto>
			<stat>cr</stat>
		</adresa>
		<telefon>732578994</telefon>
		<seznamTelefonu>
			<znacka id="nokia">
				<telefon>
					<pouzival vid_ref="id_1"/>
					<model>5110</model>
					<imei>549841684169841</imei>
					<procesor>X28</procesor>
					<rozliseni>50x50</rozliseni>
					<vydrz>8 dní</vydrz>
					<fotoaparat>true</fotoaparat>
					<java>false</java>
					<mp3>true</mp3>
					<video>3gp</video>
					<cena>7886</cena>
				</telefon>
				<telefon>
					<pouzival vid_ref="id_2"/>
					<model>6220</model>
					<imei>561686146516</imei>
					<procesor>DX99</procesor>
					<rozliseni>320x240</rozliseni>
					<vydrz>3 dní</vydrz>
					<fotoaparat>true</fotoaparat>
					<java>true</java>
					<mp3>true</mp3>
					<video>3gp</video>
					<cena>10000</cena>
				</telefon>
			</znacka>
		</seznamTelefonu>
	</pobocka>
	<pobocka>
		<nazev>Druhá Mobilní</nazev>
		<penize>10000000000</penize>
		<adresa>
			<ulice>Jeremiášova</ulice>
			<c.p>1825</c.p>
			<PSc>156 00</PSc>
			<mesto>Praha</mesto>
			<stat>cr</stat>
		</adresa>
		<telefon>732578994</telefon>
		<seznamTelefonu>
			<znacka id="nokia">
				<telefon>
					<pouzival vid_ref="id_1"/>
					<model>5110</model>
					<imei>5498416841698451</imei>
					<procesor>X28</procesor>
					<rozliseni>50x50</rozliseni>
					<vydrz>8 dní</vydrz>
					<fotoaparat>true</fotoaparat>
					<java>false</java>
					<mp3>true</mp3>
					<video>3gp</video>
					<cena>7886</cena>
				</telefon>
				<telefon>
					<pouzival vid_ref="id_2"/>
					<model>6220</model>
					<imei>561686146516</imei>
					<procesor>DX99</procesor>
					<rozliseni>320x240</rozliseni>
					<vydrz>3 dní</vydrz>
					<fotoaparat>true</fotoaparat>
					<java>true</java>
					<mp3>true</mp3>
					<video>3gp</video>
					<cena>10000</cena>
				</telefon>
			</znacka>
		</seznamTelefonu>
	</pobocka>
	<seznam>
		<zakaznik>
			<firma oid="id_1">
				<nazev>alza</nazev>
				<Ic>156</Ic>
				<DIc>64516</DIc>
				<adresa>
					<ulice>belušova</ulice>
					<c.p>1825</c.p>
					<PSc>156 00</PSc>
					<mesto>Praha</mesto>
					<stat>cr</stat>
				</adresa>
				<telefon>732578994</telefon>
			</firma>
		</zakaznik>
		<zakaznik>
			<firma oid="id_2">
				<nazev>beta</nazev>
				<Ic>15625</Ic>
				<DIc>645156</DIc>
				<adresa>
					<ulice>belušovaaa</ulice>
					<c.p>182</c.p>
					<PSc>156 05</PSc>
					<mesto>Praha 5</mesto>
					<stat>cr</stat>
				</adresa>
				<telefon>732578394</telefon>
			</firma>
		</zakaznik>
	</seznam>
	<osoby>
		<zamestnanec>
			<jmeno>
				<krestni>Karel</krestni>
				<prijmeni>novák</prijmeni>
			</jmeno>
			<kontakt>733698854</kontakt>
			<plat>32400</plat>
			<email>neco@cvut.cz</email>
		</zamestnanec>
		<zamestnanec>
			<jmeno>
				<krestni>Martina</krestni>
				<prijmeni>Procházková</prijmeni>
			</jmeno>
			<kontakt>603654484</kontakt>
			<plat>11200</plat>
			<email>mproch@seznam.cz</email>
		</zamestnanec>
		<zamestnanec>
			<jmeno>
				<krestni>Martina</krestni>
				<prijmeni>Kyselá</prijmeni>
			</jmeno>
			<kontakt>66565554</kontakt>
			<plat>61200</plat>
			<email>mkys@seznam.cz</email>
		</zamestnanec>
		<zamestnanec>
			<jmeno>
				<krestni>Jana</krestni>
				<prijmeni>slaná</prijmeni>
			</jmeno>
			<kontakt>652654484</kontakt>
			<plat>36200</plat>
			<email>slanka@seznam.cz</email>
		</zamestnanec>
	</osoby>
</pujcovana>
