<?xml version="1.0" encoding="utf-8"?>
<!-- xml je fiktivny report z fiktivnej databazi fiktivnej kniznice-->
<!--obsahuje:
kratky zoznam dostupnych publikacii (knih)
kratky zoznam citatelov-->
<kniznica datum="2009-01-11">
	<titulok>
		<?dbfo bgcolor="#FFCC66" ?><![CDATA[
    <div class="header">Zoznam citatelov</div>
  ]]><?php echo "Vitajte na strankach anonymnej kniznice";
    ?>
	</titulok>
	<publikacie>
		<?dbfo bgcolor="#FFFFCC" ?>
		<publikacia id="1">
			<publikacia-info>
				<nazov>Úžasná Zeměplocha - Barva kouzel</nazov>
				<meno-autora>Terry Pratchett</meno-autora>
				<originalny-nazov>The Colour of Magic</originalny-nazov>
				<rok-vydania>2007</rok-vydania>
				<vydavatelstvo>Talpress</vydavatelstvo>
			</publikacia-info>
			<publikacia-detail>
				<isbn>80856092827</isbn>
				<katalogove-cislo>8152</katalogove-cislo>
				<pocet-stran>290</pocet-stran>
				<hmotnost>180 g</hmotnost>
				<jazyk>český jazyk</jazyk>
				<rozmer>110×180 mm</rozmer>
				<vazba>brožovaná väzba</vazba>
				<about>
          Barva kouzel je 1. díl ze Zeměplošského cyklu. Ve světě, který leží na krunýři obrovské želvy, se vydává na cestu rozverná, temperamentní a neuvěřitelně výstřední výprava. Setkáte se s lakomým a naprosto neschopným čarodějem Mrakoplašem, naivním turistou Dvoukvítkem, jehož Zavazadlo za ním běhá jako pes na stovce malých nožiček, s draky, kteří existují pokud na ně opravdu věříte, a samozřejmě dojdete až na okraj této podivné planety.
          <obrazky>
						<obrazok filename="barva_kouze.jpeg" url="/cosi/cosi"/>
					</obrazky>
				</about>
				<zaner>Fantasy</zaner>
			</publikacia-detail>
			<publikacia-komentare>
				<komentar kom-id="1">
					<meno-autora>Jozef Mak</meno-autora>
					<komentar-datum>22.2.2011</komentar-datum>
					<komentar-text>Dobra knizka</komentar-text>
					<komentar-hodnotenie>5</komentar-hodnotenie>
				</komentar>
				<komentar kom-id="2">
					<meno-autora>Peter Mak</meno-autora>
					<komentar-datum>22.3.2011</komentar-datum>
					<komentar-text>Velmi podarene</komentar-text>
					<komentar-hodnotenie>4</komentar-hodnotenie>
				</komentar>
				<komentar kom-id="3">
					<meno-autora>Tomas Kriska</meno-autora>
					<komentar-datum>25.3.2011</komentar-datum>
					<komentar-text>Najlepsia aku som kedy cital</komentar-text>
					<komentar-hodnotenie>5</komentar-hodnotenie>
				</komentar>
				<komentar kom-id="4">
					<meno-autora>Michal Vrtiak</meno-autora>
					<komentar-datum>12.4.2011</komentar-datum>
					<komentar-text>No mal som uz aj lepsie...</komentar-text>
					<komentar-hodnotenie>1</komentar-hodnotenie>
				</komentar>
			</publikacia-komentare>
		</publikacia>
		<publikacia id="2">
			<publikacia-info>
				<nazov>Zločin a trest</nazov>
				<meno-autora>Fiodor Michajlovič Dostojevskij</meno-autora>
				<rok-vydania>2007</rok-vydania>
				<vydavatelstvo>Academia</vydavatelstvo>
			</publikacia-info>
			<publikacia-detail>
				<isbn>80200151364</isbn>
				<katalogove-cislo>35470</katalogove-cislo>
				<pocet-stran>511</pocet-stran>
				<hmotnost>720 g</hmotnost>
				<jazyk>český jazyk</jazyk>
				<rozmer>135×205 mm</rozmer>
				<vazba>pevná s prebalom väzba</vazba>
				<about>
          Zločin, o kterém vypráví Dostojevského román, je všeobecně znám i těm, kteří román (ještě) nečetli: třiadvacetiletý student jménem Rodion Romanovič Raskolnikov zabil starou lichvářku Aljonu Ivanovnu, protože ji považoval za zlou a neužitečnou, navíc její smrt měla umožnit financování jeho studia a zamezit zničujícím obětem včetně prostituce, motivovaným nedostatkem peněz...
          <obrazky>
						<obrazok filename="Zlocin_a_trest.jpg" url="/cosi/cosi"/>
						<obrazok filename="zlocin_a_trest_back.jpg" url="/cosi/cosi"/>
					</obrazky>
				</about>
				<zaner>Klasika</zaner>
			</publikacia-detail>
			<publikacia-komentare>
				<komentar kom-id="1">
					<meno-autora>Tomas Kriska</meno-autora>
					<komentar-datum>2.4.2011</komentar-datum>
					<komentar-text>Nudna kniha ale lepsie ako..</komentar-text>
					<komentar-hodnotenie>2</komentar-hodnotenie>
				</komentar>
				<komentar kom-id="2">
					<meno-autora>Michal Vrtiak</meno-autora>
					<komentar-datum>11.4.2011</komentar-datum>
					<komentar-text>Ani tu s tebou nemozem suhlasit, prave naopak!</komentar-text>
					<komentar-hodnotenie>5</komentar-hodnotenie>
				</komentar>
			</publikacia-komentare>
		</publikacia>
		<publikacia id="3">
			<publikacia-info>
				<nazov>Uražení a ponížení</nazov>
				<meno-autora>Fiodor Michajlovič Dostojevskij</meno-autora>
				<rok-vydania>2004</rok-vydania>
				<vydavatelstvo>Academia</vydavatelstvo>
			</publikacia-info>
			<publikacia-detail>
				<isbn>80200127100</isbn>
				<katalogove-cislo>18093</katalogove-cislo>
				<pocet-stran>385</pocet-stran>
				<hmotnost>390 g</hmotnost>
				<jazyk>český jazyk</jazyk>
				<rozmer>140×210 mm</rozmer>
				<vazba>pevná väzba</vazba>
				<about>
          Z ponurých, sychravých zákoutí města na Něvě, ze zatuchlých příbytků, které jsou sídlem prostopášnosti, neřesti a utajených zločinů, jako by se vynořily i postavy románu Uražení a ponížení, jejichž osudy autor spojil s osudy obyvatel petrohradských paláců. A jako v ostatních románech Dostojevského, ani zde nenajdeme nekomplikovaný vztah dvou bytostí, nýbrž složitý obrazec mučivých milostných vztahu a propletenců, kterých nejsou ušetřeny ani děti. Dostojevskij měl klíč k osudu svých románových postav ve svém vlastním životě, odtud pramení jeho citovost, vášnivost a zaujetí pro všechny "uražené a ponížené", kteří byli jeho blíženci.
          <obrazky>
						<obrazok filename="urazeni_a_ponizeni_front.jpg" url="cosi/cosi/1/"/>
						<obrazok filename="urazeni_a_ponizeni_back.jpg" url="cosi/cosi/1/"/>
					</obrazky>
				</about>
				<zaner>Klasika</zaner>
			</publikacia-detail>
			<publikacia-komentare>
				<komentar kom-id="1">
					<meno-autora>Tomas Kriska</meno-autora>
					<komentar-datum>24.4.2011</komentar-datum>
					<komentar-text>Toto som precital a ani neviem o com to je</komentar-text>
					<komentar-hodnotenie>1</komentar-hodnotenie>
				</komentar>
			</publikacia-komentare>
		</publikacia>
		<publikacia id="4">
			<publikacia-info>
				<nazov>1984</nazov>
				<meno-autora>George Orwell</meno-autora>
				<rok-vydania>2000</rok-vydania>
				<vydavatelstvo>Slovart</vydavatelstvo>
			</publikacia-info>
			<publikacia-detail>
				<isbn>80451524935</isbn>
				<katalogove-cislo>11979</katalogove-cislo>
				<pocet-stran>256</pocet-stran>
				<hmotnost>330 g</hmotnost>
				<jazyk>slovenský jazyk</jazyk>
				<rozmer>130×210 mm</rozmer>
				<vazba>pevná väzba</vazba>
				<about>
          Jedno z najznámejších diel svetovej literatúry nášho storočia spája v sebe prvky spoločensko-politického a vedecko-fantastického románu. Je obžalobou komunistickej diktatúry, ktorá v roku 1984 ovláda všetko, vrátane ľudského myslenia. V centre románu sú osudy čestného, citlivého a uvažujúceho jedinca (Winstona Smitha), ktorý sa vzoprie systému, za čo platí krutú daň. Orwell touto knihou už v roku 1948 ponúkol svetu víziu, ktorá sa neskôr stala realitou.
        </about>
				<zaner>Klasika</zaner>
			</publikacia-detail>
			<publikacia-komentare>
      </publikacia-komentare>
		</publikacia>
		<publikacia id="5">
			<publikacia-info>
				<nazov>Dokonalý kód</nazov>
				<meno-autora>Steve McConnell</meno-autora>
				<rok-vydania>2006</rok-vydania>
				<vydavatelstvo>Computer Press</vydavatelstvo>
			</publikacia-info>
			<publikacia-detail>
				<isbn>802510849X</isbn>
				<katalogove-cislo>24387</katalogove-cislo>
				<pocet-stran>986</pocet-stran>
				<hmotnost>1530 g</hmotnost>
				<jazyk>český jazyk</jazyk>
				<rozmer>176×230 mm</rozmer>
				<vazba>pevná väzba</vazba>
				<about>Vytvářet kvalitní software vyžaduje mimo jiné znalost postupů jeho tvorby a vývoje. Jedna z nejuznávanějších knih světové počítačové literatury, Code Complete od Steveho McConnella, pomáhá vývojářům ve světě již druhé desetiletí zlepšovat styl, jakým píší programový kód – a vytvářet tak dokonalejší software! Český překlad druhého vydání, inovovaného a doplněného o nejmodernější novinky a zkušenosti na poli tvorby software vám pomůže dosáhnout v programování lepších výsledků. Vaše práce bude navíc rychlejší a efektivnější, a vyhnete se spoustě běžných i méně zřetelných chyb, jichž se programátoři při vývoji softwaru dopouštějí.
        </about>
				<zaner>Pocitace-internet</zaner>
			</publikacia-detail>
			<publikacia-komentare>
      </publikacia-komentare>
		</publikacia>
		<publikacia id="6">
			<publikacia-info>
				<nazov>Gateway</nazov>
				<meno-autora>Frederik Pohl</meno-autora>
				<rok-vydania>2004</rok-vydania>
				<vydavatelstvo>Laser-books</vydavatelstvo>
			</publikacia-info>
			<publikacia-detail>
				<isbn>80071931705</isbn>
				<katalogove-cislo>16553</katalogove-cislo>
				<pocet-stran>136</pocet-stran>
				<jazyk>český jazyk</jazyk>
				<rozmer>105×165 mm</rozmer>
				<vazba>brožovaná väzba</vazba>
				<about>
          Lidstvo nachází ve Sluneční soustavě zařízení a stavby tajemné cizí rasy, která dostane jméno Heechee. Jejich technologie byla velmi rozvinutá a některé artefakty se ukázaly jako velmi přínosné a lidmi dobře využité. Nikdo ovšem neví, jak Heechee vypadali ani kam odletěli.
          Největším objevem je asteroid Gateway, cosi jako kosmická stanice s přibližně tisícovkou funkčních mezihvězdných lodí. Každá je naprogramovaná k nadsvětelnému letu na vzdálené místo kdesi v neprobádaném vesmíru. Není možné je řídit, ale přesto se hlásí dobrovolníci, prospektoři, kteří se těmito loděmi vydávají do neznáma.
          Někdy najdou poklad, jindy - smrt.
          Robinette Broadhead je jedním z nich...
        </about>
				<zaner>Sci-fi</zaner>
			</publikacia-detail>
			<publikacia-komentare>
      </publikacia-komentare>
		</publikacia>
		<publikacia id="7">
			<publikacia-info>
				<nazov>C# (návrhové vzory)</nazov>
				<meno-autora>Judith Bishopová </meno-autora>
				<rok-vydania>2010</rok-vydania>
				<vydavatelstvo>Zoner Press</vydavatelstvo>
			</publikacia-info>
			<publikacia-detail>
				<isbn>9788074130762</isbn>
				<katalogove-cislo>82157</katalogove-cislo>
				<pocet-stran>328</pocet-stran>
				<hmotnost>510 g</hmotnost>
				<jazyk>český jazyk</jazyk>
				<rozmer>106×165 mm</rozmer>
				<vazba>brožovaná väzba</vazba>
				<about>Kniha C# – návrhové vzory je užitečná pro všechny vývojáře, kteří chtějí urychlit vývoj svých .NET aplikací, protože obsahuje sbírku elegantních, všeobecně akceptovaných a osvědčených způsobů, jak řešit běžné programovací problémy. Tento praktický průvodce vám nabízí úvod do klasických objektově orientovaných návrhových vzorů v C#. Při čtení této knihy se naučíte programovat s návrhovými vzory, získáte základy UML modelování pro reprezentaci vzorů, naučíte se vybírat vzory vhodné pro dané scénáře a srovnávat alternativní implementace. Také vám nebude činit problémy využívat pokročilé vlastnosti C# k efektivní a elegantní realizaci vzorů...
        </about>
				<zaner>Pocitace-internet</zaner>
			</publikacia-detail>
			<publikacia-komentare>
      </publikacia-komentare>
		</publikacia>
		<publikacia id="8">
			<publikacia-info>
				<nazov>Lehké fantastično</nazov>
				<meno-autora>Terry Pratchett</meno-autora>
				<rok-vydania>2007</rok-vydania>
				<vydavatelstvo>Talpress</vydavatelstvo>
			</publikacia-info>
			<publikacia-detail>
				<isbn>80856092901</isbn>
				<katalogove-cislo>57308</katalogove-cislo>
				<pocet-stran>272</pocet-stran>
				<hmotnost>180</hmotnost>
				<jazyk>český jazyk</jazyk>
				<rozmer>105×175</rozmer>
				<vazba>brožovaná bez prebalu lesklá väzba</vazba>
				<about>
          Zeměplocha se řítí k nevyhnutelné srážce se škodolibou rudou hvězdou a zachránit ji může pouze jediný člověk - neschopný a zbabělý čaroděj, který byl naposledy spatřen v okamžiku, kdy přepadl přes okraj světa...
        </about>
				<zaner>Fantasy</zaner>
			</publikacia-detail>
			<publikacia-komentare>
      </publikacia-komentare>
		</publikacia>
		<publikacia id="9">
			<publikacia-info>
				<nazov>Učebnice jazyka C</nazov>
				<meno-autora>Pavel Herout</meno-autora>
				<rok-vydania>2009</rok-vydania>
				<vydavatelstvo>Kopp</vydavatelstvo>
			</publikacia-info>
			<publikacia-detail>
				<isbn>9788072323838</isbn>
				<katalogove-cislo>74741</katalogove-cislo>
				<pocet-stran>271</pocet-stran>
				<hmotnost>330</hmotnost>
				<jazyk>český jazyk</jazyk>
				<rozmer>110×175 mm</rozmer>
				<vazba>brožovaná väzba</vazba>
				<about>Pokud to myslíte s jazykem C opravdu vážně, pak by vám Učebnice jazyka C neměla v knihovně chybět!
Výhodou této knížky je, že je to opravdu učebnice a ne manuál. Krůček po krůčku vás provede úskalími jazyka C a nabídne vám postupně stále širší pohled na možnosti, které vám jazyk C může poskytnout.
Kromě podrobného výkladu všech rysů jazyka C ilustrovaných na řadě příkladů se zde mimo jiné dočtete i o nejčastějších chybách, které dělají začínající programátoři. Také zde naleznete návody, jak psát přehledné programy nebo jak spolupracovat na velkém programu se svými kolegy bez rizika zbytečných nepříjemností...
        </about>
				<zaner>Pocitace-internet</zaner>
			</publikacia-detail>
			<publikacia-komentare>
      </publikacia-komentare>
		</publikacia>
		<publikacia id="10">
			<publikacia-info>
				<nazov>Ohňové moře</nazov>
				<meno-autora>Margaret Weis, Tracy Hickman</meno-autora>
				<rok-vydania>1999</rok-vydania>
				<vydavatelstvo>Návrat</vydavatelstvo>
			</publikacia-info>
			<publikacia-detail>
				<isbn>80717417873</isbn>
				<katalogove-cislo>8099</katalogove-cislo>
				<pocet-stran>408</pocet-stran>
				<jazyk>český jazyk</jazyk>
				<rozmer>neuvedený</rozmer>
				<vazba>brožovaná väzba</vazba>
				<about/>
				<zaner>Fantasy</zaner>
			</publikacia-detail>
			<publikacia-komentare>
				<komentar kom-id="1">
					<meno-autora>Franta</meno-autora>
					<komentar-datum>11.5.2011</komentar-datum>
					<komentar-text>otras</komentar-text>
					<komentar-hodnotenie>5</komentar-hodnotenie>
				</komentar>
				<komentar kom-id="2">
					<meno-autora>Joseph</meno-autora>
					<komentar-datum>12.5.2011</komentar-datum>
					<komentar-text>super</komentar-text>
					<komentar-hodnotenie>1</komentar-hodnotenie>
				</komentar>
			</publikacia-komentare>
		</publikacia>
	</publikacie>
	<citatelia>
		<citatel id="870103/6767" zaujem="Fantasy">
			<osobne-udaje>
				<meno>Tomáš</meno>
				<priezvisko>Kriška</priezvisko>
				<adresa>
					<ulica cislo-domu="2">
          	Tatranská
          </ulica>
					<psc>94622</psc>
					<obec>Banská Bystrica</obec>
				</adresa>
				<telefonne-cislo>+421915915915</telefonne-cislo>
				<telefonne-cislo>048/4144142</telefonne-cislo>
			</osobne-udaje>
			<pozicane>
				<poz-publikacia pub-ref="1" stav="vrátené">
					<datum-prevzatia>1.1.2011</datum-prevzatia>
					<termin-vratenia>20.1.2011</termin-vratenia>
				</poz-publikacia>
				<poz-publikacia pub-ref="4" stav="požičané">
					<datum-prevzatia>1.2.2011</datum-prevzatia>
					<termin-vratenia>20.2.2011</termin-vratenia>
				</poz-publikacia>
			</pozicane>
			<pohladavky/>
		</citatel>
		<citatel id="901224/7201" zaujem="Romance">
			<osobne-udaje>
				<meno>Jan</meno>
				<priezvisko>Novák</priezvisko>
				<adresa>
					<ulica cislo-domu="23">
          	Petrinského
          </ulica>
					<psc>43223</psc>
					<obec>Rožňava</obec>
				</adresa>
				<telefonne-cislo>1234/12341234</telefonne-cislo>
			</osobne-udaje>
			<pozicane>
				<poz-publikacia pub-ref="3" stav="požičané">
					<datum-prevzatia>3.3.2011</datum-prevzatia>
					<termin-vratenia>4.4.2011</termin-vratenia>
				</poz-publikacia>
				<poz-publikacia pub-ref="6" stav="vrátené">
					<datum-prevzatia>3.5.2011</datum-prevzatia>
					<termin-vratenia>5.5.2011</termin-vratenia>
				</poz-publikacia>
			</pozicane>
			<pohladavky/>
		</citatel>
		<citatel id="840312/3443" zaujem="Comedy">
			<osobne-udaje>
				<meno>Michal</meno>
				<priezvisko>Kvet</priezvisko>
				<adresa>
					<ulica cislo-domu="1">
          	Kvetoslavova
          </ulica>
					<psc>32201</psc>
					<obec>Harmanec</obec>
				</adresa>
				<telefonne-cislo>032/123321123</telefonne-cislo>
			</osobne-udaje>
			<pozicane>
				<poz-publikacia pub-ref="6" stav="vrátené">
					<datum-prevzatia>5.1.201</datum-prevzatia>
					<termin-vratenia>4.4.2011</termin-vratenia>
				</poz-publikacia>
			</pozicane>
			<pohladavky/>
		</citatel>
	</citatelia>
</kniznica>
