<?xml version="1.0" encoding="UTF-8"?>
<publikacie-podla-zanrov>
	<kategoria zaner="Proza">
		<kategoria zaner="Klasika">
			<publikacia id="1">
				<nazov>Tiene v raji</nazov>
				<autor>Erich Maria Remarque</autor>
				<detaily>
					<rok-vydania>2001</rok-vydania>
					<isbn>8022010901</isbn>
					<jazyk>slovenský jazyk</jazyk>
					<pocet-stran>359</pocet-stran>
				</detaily>
			</publikacia>
			<publikacia id="2">
				<nazov>Starec a more</nazov>
				<autor>Ernest Hemingway</autor>
				<detaily>
					<rok-vydania>2004</rok-vydania>
					<isbn>8022012858</isbn>
					<jazyk>slovenský jazyk</jazyk>
					<pocet-stran>96</pocet-stran>
				</detaily>
			</publikacia>
		</kategoria>
		<kategoria zaner="Fantasy">
			<publikacia id="3">
				<nazov>Mort</nazov>
				<autor>Terry Pratchett</autor>
				<detaily>
					<rok-vydania>1989</rok-vydania>
					<isbn>0552131067</isbn>
					<jazyk>anglický jazyk</jazyk>
					<pocet-stran>298</pocet-stran>
				</detaily>
			</publikacia>
		</kategoria>
	</kategoria>
	<kategoria zaner="Odborna-literatura">
		<kategoria zaner="Pocitace-internet">
			<publikacia id="4">
				<nazov>Základy databázových systémov</nazov>
				<autor>Tomáš Delikát</autor>
				<detaily>
					<rok-vydania>2006</rok-vydania>
					<isbn>809694844X</isbn>
					<jazyk>slovenský jazyk</jazyk>
					<pocet-stran>209</pocet-stran>
				</detaily>
			</publikacia>
		</kategoria>
		<kategoria zaner="Prirodne-vedy">
			<publikacia id="5">
				<nazov>Nočná obloha </nazov>
				<autor>Kevin Tildsley</autor>
				<detaily>
					<rok-vydania>2007</rok-vydania>
					<isbn>9788080852863</isbn>
					<jazyk>slovenský jazyk</jazyk>
					<pocet-stran>224</pocet-stran>
				</detaily>
			</publikacia>
		</kategoria>
	</kategoria>
</publikacie-podla-zanrov>
