<?xml version="1.0" encoding="UTF-8"?>
<!DOCTYPE listek SYSTEM "data.dtd">
<!-- Jidelni a napojovy listek pro nejakou restauraci -->
<listek>
	<!-- Provozovatel, oteviraci doba, dalsi informace, videa z restaurace. -->
	<info>
		<provozovatel IC="1234567890" DIC="CZ1234567890">
			<jmeno>Rudolf Pivrnec</jmeno>
			<adresa>
				<ulice>Pivní 22</ulice>
				<mesto>Chmelov</mesto>
				<psc>54321</psc>
			</adresa>
		</provozovatel>
		<otviracka>
			<kdy>
				<den>Pondělí</den>
				<co>
					<otevreno>
						<!-- Tady si nejsem jisty, tak to radeji vypisu pres PHP. -->
						<od><?php $date = new DateTime('10:00'); echo $date->format('H:i:s');  ?></od>
						<do><?php $date = new DateTime('23:00'); echo $date->format('H:i:s');  ?></do>
					</otevreno>
				</co>
			</kdy>
			<kdy>
				<den>Úterý</den>
				<co>
					<zavreno/>
				</co>
			</kdy>
			<kdy>
				<den>Středa</den>
				<co>
					<zavreno/>
				</co>
			</kdy>
			<kdy>
				<den>Čtvrtek</den>
				<co>
					<otevreno>
						<!-- U tech dalsich uz to vim jiste, tak pres PHP to vypisovat uz nebudu. -->
						<od>10:00:00</od>
						<do>23:59:59</do>
					</otevreno>
				</co>
			</kdy>
			<kdy>
				<den>Pátek</den>
				<co>
					<otevreno>
						<od>10:00:00</od>
						<do>03:00:00</do>
					</otevreno>
				</co>
			</kdy>
			<kdy>
				<den>Sobota</den>
				<co>
					<otevreno>
						<od>10:00:00</od>
						<do>03:00:00</do>
					</otevreno>
				</co>
			</kdy>
			<kdy>
				<den>Neděle</den>
				<co>
					<otevreno>
						<od>10:00:00</od>
						<do>23:59:59</do>
					</otevreno>
				</co>
			</kdy>
		</otviracka>
		<upozorneni>Všechny ceny jsou včetně DPH. Není bohužel možnost platit kartou.</upozorneni>
		<upozorneni>Své stížnosti posílejte na email obsluhujícího zaměstnance, který je ve tvaru: <![CDATA[ document.writeln("<jmeno-zamestnance><at><restaurace>.cz")]]>, např. <![CDATA[ document.writeln("karel@chmelnice.cz")]]></upozorneni>
		<videogalerie>
			<video src="video1">Video</video>
			<video src="video2">Video hostů</video>
			<video src="video3">Reklama</video>
		</videogalerie>
	</info>
	<!-- Napojovy listek -->
	<napoje>
		<piva>
			<svetle>
				<pivo id="p1">
					<nazev>Radegast Premium</nazev>
					<stupen>12</stupen>
					<mnozstvi>0.5 &objem;</mnozstvi>
					<cena>25 &mena;</cena>
				</pivo>
				<pivo id="p2">
					<nazev>Radegast Original</nazev>
					<stupen>10</stupen>
					<mnozstvi>0.5 &objem;</mnozstvi>
					<cena>20 &mena;</cena>
				</pivo>
				<pivo id="p3">
					<nazev>Pilsner Urquell</nazev>
					<stupen>12</stupen>
					<mnozstvi>0.5 &objem;</mnozstvi>
					<cena>30 &mena;</cena>
				</pivo>
				<pivo id="p4">
					<nazev>Svijanská Desítka</nazev>
					<stupen>10</stupen>
					<mnozstvi>0.5 &objem;</mnozstvi>
					<cena>22 &mena;</cena>
				</pivo>
				<pivo id="p5">
					<nazev>Svijanský Máz</nazev>
					<stupen>11</stupen>
					<mnozstvi>0.5 &objem;</mnozstvi>
					<cena>22 &mena;</cena>
				</pivo>
				<pivo id="p6">
					<nazev>Svijanský Rytíř</nazev>
					<stupen>12</stupen>
					<mnozstvi>0.5 &objem;</mnozstvi>
					<cena>24 &mena;</cena>
				</pivo>
				<pivo id="p7">
					<nazev>Svijanský Kníže</nazev>
					<stupen>13</stupen>
					<mnozstvi>0.5 &objem;</mnozstvi>
					<cena>26 &mena;</cena>
				</pivo>
				<pivo id="p8">
					<nazev>Ostravar Original</nazev>
					<stupen>10</stupen>
					<mnozstvi>0.5 &objem;</mnozstvi>
					<cena>20 &mena;</cena>
				</pivo>
				<pivo id="p9">
					<nazev>Ostravar Premium</nazev>
					<stupen>12</stupen>
					<mnozstvi>0.5 &objem;</mnozstvi>
					<cena>25 &mena;</cena>
				</pivo>
				<pivo id="p10">
					<nazev>Ostravar Bazal</nazev>
					<stupen>11</stupen>
					<mnozstvi>0.5 &objem;</mnozstvi>
					<cena>22 &mena;</cena>
				</pivo>
				<pivo id="p11">
					<nazev>Kozel Premium</nazev>
					<stupen>12</stupen>
					<mnozstvi>0.5 &objem;</mnozstvi>
					<cena>25 &mena;</cena>
				</pivo>
			</svetle>
			<tmave>
				<pivo id="p12">
					<nazev>Kozel Černý</nazev>
					<stupen>12</stupen>
					<mnozstvi>0.5 &objem;</mnozstvi>
					<cena>25 &mena;</cena>
				</pivo>
				<pivo id="p13">
					<nazev>Svijanská Kněžna</nazev>
					<stupen>13</stupen>
					<mnozstvi>0.5 &objem;</mnozstvi>
					<cena>26 &mena;</cena>
				</pivo>
			</tmave>
			<specialni>
				<pivo id="p14">
					<nazev>Kvasničák</nazev>
					<stupen>13</stupen>
					<mnozstvi>0.5 &objem;</mnozstvi>
					<cena>26 &mena;</cena>
				</pivo>
				<pivo id="p15">
					<nazev>Baron</nazev>
					<stupen>15</stupen>
					<mnozstvi>0.4 &objem;</mnozstvi>
					<cena>28 &mena;</cena>
				</pivo>
				<pivo id="p16">
					<nazev>Weizen</nazev>
					<stupen>12</stupen>
					<mnozstvi>0.4 &objem;</mnozstvi>
					<cena>30 &mena;</cena>
				</pivo>
			</specialni>
		</piva>
		<nealko>
			<caje>
				<caj typ="sáčkový">
					<druh>černý</druh>
					<mnozstvi/>
					<cena>10 &mena;</cena>
				</caj>
				<caj typ="sáčkový">
					<druh>zelený</druh>
					<mnozstvi/>
					<cena>10 &mena;</cena>
				</caj>
				<caj typ="sypaný">
					<druh>bílý</druh>
					<mnozstvi/>
					<cena>10 &mena;</cena>
				</caj>
				<caj typ="sáčkový">
					<druh>červený</druh>
					<mnozstvi/>
					<cena>15 &mena;</cena>
				</caj>
				<caj typ="sáčkový">
					<druh>ovocný</druh>
					<mnozstvi/>
					<cena>10 &mena;</cena>
				</caj>
				<caj typ="sypaný">
					<druh>bylinkový</druh>
					<mnozstvi/>
					<cena>15 &mena;</cena>
				</caj>
				<caj typ="sypaný">
					<druh>Earl grey</druh>
					<mnozstvi/>
					<cena>20 &mena;</cena>
				</caj>
				<caj typ="sypaný">
					<druh>Pu-erh</druh>
					<mnozstvi/>
					<cena>20 &mena;</cena>
				</caj>
				<caj typ="sáčkový">
					<druh>mátový</druh>
					<mnozstvi/>
					<cena>15 &mena;</cena>
				</caj>
				<caj typ="sypaný">
					<druh>Maté</druh>
					<mnozstvi/>
					<cena>20 &mena;</cena>
				</caj>
				<caj typ="sypaný">
					<druh>Roibos</druh>
					<mnozstvi/>
					<cena>20 &mena;</cena>
				</caj>
				<caj typ="sypaný">
					<druh>kvetoucí</druh>
					<mnozstvi/>
					<cena>25 &mena;</cena>
				</caj>
			</caje>
			<dzusy>
				<dzus>
					<prichut>pomerančový</prichut>
					<mnozstvi>0.33 &objem;</mnozstvi>
					<cena>15 &mena;</cena>
				</dzus>
				<dzus>
					<prichut>ananasový</prichut>
					<mnozstvi>0.33 &objem;</mnozstvi>
					<cena>15 &mena;</cena>
				</dzus>
				<dzus>
					<prichut>brusinkový</prichut>
					<mnozstvi>0.4 &objem;</mnozstvi>
					<cena>20 &mena;</cena>
				</dzus>
			</dzusy>
			<sodovky>
				<sodovka>
					<nazev>Kofola</nazev>
					<mnozstvi>0.5 &objem;</mnozstvi>
					<cena>25 &mena;</cena>
				</sodovka>
				<sodovka>
					<nazev>Coca Cola</nazev>
					<mnozstvi>0.33 &objem;</mnozstvi>
				</sodovka>
				<sodovka>
					<nazev>Sprite</nazev>
					<mnozstvi>0.33 &objem;</mnozstvi>
					<cena>30 &mena;</cena>
				</sodovka>
				<sodovka>
					<nazev>Mirinda</nazev>
					<mnozstvi>0.33 &objem;</mnozstvi>
				</sodovka>
				<sodovka>
					<nazev>Schweppes Tonic</nazev>
					<mnozstvi>0.33 &objem;</mnozstvi>
					<cena>30 &mena;</cena>
				</sodovka>
				<sodovka>
					<nazev>Korunní</nazev>
					<mnozstvi>0.33 &objem;</mnozstvi>
					<cena>20 &mena;</cena>
				</sodovka>
			</sodovky>
		</nealko>
		<alko>
			<vina>
				<vino>
					<nazev>Rulandské bílé</nazev>
					<rocnik>2002</rocnik>
					<cena>130 &mena;</cena>
				</vino>
				<vino>
					<nazev>Veltlínské zelené</nazev>
					<rocnik>2004</rocnik>
					<cena>140 &mena;</cena>
				</vino>
				<vino>
					<nazev>Modrý portugal</nazev>
					<rocnik>2003</rocnik>
					<cena>200 &mena;</cena>
				</vino>
			</vina>
			<destilaty>
				<destilat id2="d1">
					<nazev>Tuzemák</nazev>
					<alkohol>40</alkohol>
					<mnozstvi>0.04 &objem;</mnozstvi>
					<cena>20 &mena;</cena>
				</destilat>
				<destilat id2="d2">
					<nazev>Vodka</nazev>
					<alkohol>40</alkohol>
					<mnozstvi>0.04 &objem;</mnozstvi>
					<cena>20 &mena;</cena>
				</destilat>
				<destilat id2="d3">
					<nazev>Whiskey Irská</nazev>
					<alkohol>40</alkohol>
					<mnozstvi>0.04 &objem;</mnozstvi>
					<cena>40 &mena;</cena>
				</destilat>
				<destilat id2="d4">
					<nazev>Vodka Finská</nazev>
					<alkohol>40</alkohol>
					<mnozstvi>0.04 &objem;</mnozstvi>
					<cena>40 &mena;</cena>
				</destilat>
				<destilat id2="d5">
					<nazev>Rum Jamajský</nazev>
					<alkohol>40</alkohol>
					<mnozstvi>0.04 &objem;</mnozstvi>
					<cena>50 &mena;</cena>
				</destilat>
			</destilaty>
		</alko>
	</napoje>
	<!-- Jidelni listek / pochutiky -->
	<pochutiny>
		<pochutina>
			<nazev>Brambůrky</nazev>
			<mnozstvi>250 &vaha;</mnozstvi>
			<cena>25 &mena;</cena>
		</pochutina>
		<pochutina>
			<nazev>Tyčinky</nazev>
			<mnozstvi>100 &vaha;</mnozstvi>
			<cena>20 &mena;</cena>
		</pochutina>
		<pochutina>
			<nazev>Pistácie</nazev>
			<mnozstvi>100 &vaha;</mnozstvi>
			<cena>25 &mena;</cena>
		</pochutina>
		<pochutina>
			<nazev>Oříšky</nazev>
			<mnozstvi>100 &vaha;</mnozstvi>
			<cena>20 &mena;</cena>
		</pochutina>
		<pochutina>
			<nazev>Čokoláda</nazev>
			<mnozstvi>150 &vaha;</mnozstvi>
			<cena>25 &mena;</cena>
		</pochutina>
	</pochutiny>
	<!-- Specialni nabidky -->
	<akce>
		<nabidka>
				  Při koupi třech piv <ref id="p15">Baron</ref> Vám přineseme tři panáky <ref id="d5">jamajského rumu</ref> zdarma!
		 </nabidka>
		<nabidka>
				 Ke každému pivu <ref id="p1">Radegast</ref> dostanete druhé zdarma!
		 </nabidka>
		<nabidka>
				 Ke dvěma pivům <ref id="p13">Svijanská Kněžna</ref> dostanete zdarma pivo <ref id="p7">Svijanský Kníže</ref>!
		 </nabidka>
	</akce>
</listek>
