<?xml version="1.0" encoding="UTF-8"?>


<alcoholShop>  									<!-- Kompletní předávací data webového obchodu s alkoholem -->
	    	
	   		<zbozi>
	   			
	   			<polozka pid="id_2" typ="pivo" cena="9">
	   				<jmeno> Kozlik 11  </jmeno>
	   				<popis> Vyborne pivo od pivovaru <vyrobce> Plzeňský prazdroj </vyrobce>  </popis>
					<dostupnost>
					  	<pocet> 452 </pocet>
					</dostupnost>	
	   			</polozka>
	   			
	   			<polozka pid="id_3" typ="liker" cena="250">
	   				<jmeno> Baileys </jmeno>
	   				<popis> Sladký tlamolep <vyrobce> Gilbeys </vyrobce>  </popis>
					<dostupnost>
					  	<dodani>
					  		<date>
								<rok value="2001"/>
					  			<mesic value="1"/>
					  			<day value="2"/>
					  		</date>
					  		<ocekavanyPocet> 45 </ocekavanyPocet>
					  	</dodani>
					</dostupnost>	
	   			</polozka>	
	   			
	   			<polozka pid="id_8" typ="vino" cena="850">
	   				<jmeno> Slámové víno </jmeno>
	   				<popis> Luxusní víno <vyrobce>  Vinné sklepy Valtice, a.s. </vyrobce>  </popis>
					<dostupnost>
					  	<pocet> 42 </pocet>
					</dostupnost>	
	   			</polozka>
	   			
	   			<polozka pid="id_10" typ="destilat" cena="350">
	   				<jmeno> Nemiroff </jmeno>
	   				<popis> Nejlepší vodka, co jsem pil <vyrobce> Nemyriv, Hungary </vyrobce>  </popis>
					<dostupnost>
					  	<pocet> 25 </pocet>
					</dostupnost>	
	   			</polozka>	
	   			
	   			<polozka pid="id_12" typ="liker" cena="250">
	   				<jmeno> Metaxa </jmeno>
	   				<popis> Dotkni se slunce <vyrobce>  Spyros Metaxas </vyrobce>  </popis>
					<dostupnost>
					  	<dodani>
					  		<date>
					  			<rok value="2014"></rok>
					  			<mesic value="4"></mesic>
					  			<day value="2"></day>
					  		</date>
					  		<ocekavanyPocet> 15 </ocekavanyPocet>
					  	</dodani>
					</dostupnost>	
	   			</polozka>	
	   			
	   			<polozka pid="id_15" typ="destilat" cena="100">
	   				<jmeno> Pražská vodka </jmeno>
	   				<popis> Ideální volba, pokud chcete oslepnout <vyrobce> Dynybyl </vyrobce>  </popis>
					<dostupnost>
					  	<pocet> 74 </pocet>
					</dostupnost>	
	   			</polozka>	
	   			
	   		
	   			<zlevnene>
	   				<sleva ref_pid="id_2" neomezeno="ANO" akcnicena="7"/>
	   				<sleva ref_pid="id_8" akcnicena="750"/>
	   				<sleva ref_pid="id_15" akcnicena="70"/>
	   			</zlevnene>	
	   		</zbozi>
	   		
	   		<zakaznici>
	
	   			
	   			<zakaznik rodnecislo="55421/12557" zid="zid_002">
	   				<osobniUdaje>
	   				<name>
	   					<fname> Petr </fname>
	   					<sname>Příhoda</sname>
	   				</name>
	   				<kontakt>
	   				  <telefon number="+42054544246"/>
	   				  <email acc="alkac@gmail.com"/>
	   				</kontakt>
	   				</osobniUdaje>
	   			</zakaznik>
	   			
	   			<zakaznik rodnecislo="55544/125" zid="zid_003">
	   				<osobniUdaje>
	   				<name>
		   				<fname> Milan </fname>
		   				<sname>Buriánek</sname>
	   				</name>
	   				<kontakt>
	   				  <telefon number="+42054544246"/>
	   				  <email acc="buris@gmail.com"/>
	   				</kontakt>
	   				</osobniUdaje>
	   			</zakaznik>
	   			
	   			<zakaznik rodnecislo="154054/1121" zid="zid_004">
	   				<osobniUdaje>
	   				<name>
		   				<fname> Karel </fname>
		   				<sname>Pelikán</sname>
	   				</name>
	   				<kontakt>
	   				  <telefon number="+42051211246"/>
	   				</kontakt>
	   				</osobniUdaje>
	   			</zakaznik>
	   			
	   			
	   			<zakaznik rodnecislo="101044/125" zid="zid_005">
	   				<osobniUdaje>
	   				<name>
		   				<fname> Dominik </fname>
		   				<sname> Šafrata </sname>
	   				</name>
	   				<kontakt>
	   				  <telefon number="+42054124246"/>
	   				  <email acc="minka@gmail.com"/>
	   				</kontakt>
	   				</osobniUdaje>
	   			</zakaznik>
	   			
	   			
	   			<zakaznik rodnecislo="11212/2112" zid="zid_006">
	   				<osobniUdaje>
	   				<name>
		   				<fname>Michal </fname>
		   				<sname>Houska</sname>
	   				</name>
	   				<kontakt>
	   				  <telefon number="+42014545454"/>
	   				  <telefon number="+42011154522"/>
	   				  <email acc="houser@seznam.cz"/>
	   				</kontakt>
	   				</osobniUdaje>
	   			</zakaznik>
	   			
	   			<zakaznik rodnecislo="55422/1225" zid="zid_007">
	   				<osobniUdaje>
	   				<name>
		   				<fname> Franta </fname>
		   				<sname>Nádvorník</sname>
	   				</name>
	   				<kontakt>
	   				  <telefon number="+4205454446"/>
	   				  <email acc="napravnik@gmail.com"/>
	   				</kontakt>
	   				</osobniUdaje>
	   			</zakaznik>
	   			
	   			<zakaznik rodnecislo="8451481/1267" zid="zid_008">
	   				<osobniUdaje>
	   				<name>
		   				<fname> Karel </fname>
		   				<sname>Novák</sname>
	   				</name>
	   				<kontakt>
	   				  <telefon number="+4207854246"/>
	   				  <email acc="Karel@gmail.com"/>
	   				</kontakt>
	   				</osobniUdaje>
	   			</zakaznik>
	   			
	   			<zakaznik rodnecislo="421541/1267" zid="zid_009">
	   				<osobniUdaje>
	   				<name>
		   				<fname> Oskar </fname>
		   				<sname>Lehotský</sname>
	   				</name>
	   				<kontakt>
	   				  <telefon number="+4207854246"/>
	   				</kontakt>
	   				</osobniUdaje>
	   			</zakaznik>
	   			
	   			<zakaznik rodnecislo="154054/1121" zid="zid_0010">
	   				<osobniUdaje>
	   				<name>
		   				<fname> Karel </fname>
		   				<sname>Pelikán</sname>
	   				</name>
	   				<kontakt>
	   				  <telefon number="+42051211246"/>
	   				</kontakt>
	   				</osobniUdaje>
	   			</zakaznik>
	   			
	   			<zakaznik rodnecislo="000001/0001" zid="zid_0011">
	   				<osobniUdaje>
	   				<name>
		   				<fname> Chuck </fname>
		   				<sname>Norris</sname>
	   				</name>
	   				<kontakt>
	   				  <telefon number="+420123456789"/>
	   				  <email acc="gmail@chucknorris.com"/>            <!-- Chuck Norris has a Gmail account -->
	   				  <email acc="The@one.com"/>
	   				</kontakt>
	   				</osobniUdaje>
	   			</zakaznik>
	   			
	   		</zakaznici>
	   		
	   		
	   		<financniPohledavky>
	   			<faktura ref_pid="id_12" castka="14000" splatnost="14.2.2012" odeslana="ANO" upominka="ANO"/>
	   			<faktura ref_pid="id_8" castka="1250" splatnost="1.8.2013" odeslana="ANO" upominka="ANO"/>
	   			<faktura ref_pid="id_2" castka="12000" splatnost="4.12.2012" odeslana="ANO"/>   <!-- Upominka připravena pro tisk-->
	   			<faktura ref_pid="id_2" castka="14000" splatnost="1.1.2013" odeslana="ANO"/>
	   			<faktura ref_pid="id_3" castka="14000" splatnost="27.5.2013" odeslana="ANO" upominka="ANO"/>
	   		</financniPohledavky>
	   		
	   		
</alcoholShop>