<?xml version="1.0" encoding="UTF-8"?>
<NHL>
	<teams>
		<conference name="Eastern">
			<division name="Atlantic">
				<team id="ea1" name="New Jersey Devils">
					<state name="NJ">
						<city>Newark</city>
					</state>
					<stadium name="Prudential Center">
						<capacity>17625</capacity>
					</stadium>
					<founded year="1974"/>
				</team>
				<team id="ea2" name="New York Islanders">
					<state name="NY">
						<city>Uniondale</city>
					</state>
					<stadium name="Nassau Veterans Memorial Coliseum">
						<capacity>16170</capacity>
					</stadium>
					<founded year="1972"/>
				</team>
				<team id="ea3" name="New York Rangers">
					<state name="NY">
						<city>New York City</city>
					</state>
					<stadium name="Madison Square Garden">
						<capacity>17200</capacity>
					</stadium>
					<founded year="1926"/>
				</team>
				<team id="ea4" name="Philadelphia Flyers">
					<state name="PA">
						<city>Philadelphia</city>
					</state>
					<stadium name="Wells Fargo Center">
						<capacity>19537</capacity>
					</stadium>
				</team>
				<team id="ea5" name="Pittsburgh Penguins">
					<state name="PA">
						<city>Pittsburgh</city>
					</state>
					<stadium name="Consol Energy Center">
						<capacity>18387</capacity>
					</stadium>
					<founded year="1967"/>
				</team>
			</division>
			<division name="Northeast">
    </division>
			<division name="Southeast">
    </division>
		</conference>
		<conference name="Western">
  </conference>
	</teams>
	<matches>
		<match id="m1" date="1.1.2013">
			<homeTeam teamID="ea1">
				<goals>6</goals>
			</homeTeam>
			<awayTeam teamID="ea2">
				<goals>4</goals>
			</awayTeam>
			<officials>
				<referee>George White</referee>
				<referee>Joe Pitziani</referee>
				<linesman>Michael Di Pietro</linesman>
				<linesman>Steve Gordon</linesman>
			</officials>
			<end type="REG"/>
		</match>
		<match id="m2" date="2.1.2013">
			<homeTeam teamID="ea3">
				<goals>2</goals>
			</homeTeam>
			<awayTeam teamID="ea4">
				<goals>4</goals>
			</awayTeam>
			<end type="REG"/>
		</match>
		<match id="m3" date="3.1.2013">
			<homeTeam teamID="ea1">
				<goals>1</goals>
			</homeTeam>
			<awayTeam teamID="ea3">
				<goals>0</goals>
			</awayTeam>
			<officials>
				<referee>George White</referee>
				<referee>Steve Gordon</referee>
				<linesman>John Walk</linesman>
				<linesman>Michael Di Pietro</linesman>
			</officials>
			<end type="OT"/>
		</match>
		<match id="m4" date="3.1.2013">
			<homeTeam teamID="ea2">
				<goals>5</goals>
			</homeTeam>
			<awayTeam teamID="ea4">
				<goals>3</goals>
			</awayTeam>
			<officials>
				<referee>Joe Pitziani</referee>
				<referee>Frank Black</referee>
				<linesman>John Walk</linesman>
				<linesman>James Green</linesman>
			</officials>
			<end type="REG"/>
		</match>
		<match id="m5" date="5.1.2013">
			<homeTeam teamID="ea1">
				<goals>6</goals>
			</homeTeam>
			<awayTeam teamID="ea5">
				<goals>4</goals>
			</awayTeam>
			<end type="REG"/>
		</match>
		<match id="m6" date="5.1.2013">
			<homeTeam teamID="ea2">
				<goals>6</goals>
			</homeTeam>
			<awayTeam teamID="ea3">
				<goals>5</goals>
			</awayTeam>
			<end type="SO"/>
		</match>
		<match id="m7" date="6.1.2013">
			<homeTeam teamID="ea2">
				<goals>0</goals>
			</homeTeam>
			<awayTeam teamID="ea5">
				<goals>4</goals>
			</awayTeam>
			<end type="REG"/>
		</match>
		<match id="m8" date="6.1.2013">
			<homeTeam teamID="ea1">
				<goals>5</goals>
			</homeTeam>
			<awayTeam teamID="ea4">
				<goals>2</goals>
			</awayTeam>
			<end type="REG"/>
		</match>
		<match id="m9" date="7.1.2013">
			<homeTeam teamID="ea5">
				<goals>6</goals>
			</homeTeam>
			<awayTeam teamID="ea3">
				<goals>4</goals>
			</awayTeam>
			<end type="REG"/>
		</match>
		<match id="m10" date="7.3.2013">
			<homeTeam teamID="ea5">
				<goals>4</goals>
			</homeTeam>
			<awayTeam teamID="ea4">
				<goals>1</goals>
			</awayTeam>
			<end type="REG"/>
		</match>
	</matches>
</NHL>
