<?xml version="1.0" encoding="UTF-8"?>
<ammunition>
	<centerfire name="Centerfire">
		<ammo id="a556N">
			<name>5.56x45 mm NATO</name>
			<origin>
				<place>USA</place>
				<designer>Remington Arms</designer>
			</origin>
			<shape>
				<bullet>
					<diameter>
						<mm>5.70</mm>
						<in>0.224</in>
					</diameter>
				</bullet>
				<case bottleneck="yes">
					<neck_diameter>
						<mm>6.43</mm>
						<in>0.253</in>
					</neck_diameter>
					<length>
						<mm>44.70</mm>
						<in>1.760</in>
					</length>
				</case>
			</shape>
			<comment>Similar to <ref id="a223R">.223 Remington</ref> but not identical.</comment>
			<picture src="http://anderson-arms.com/images/i-5.56-FMJBT.jpg"/>
			<related>
				<id>a762x54</id>
			</related>
		</ammo>
		<ammo id="a223R">
			<name>.223 Remington</name>
			<origin>
				<place>USA</place>
				<designer>Remington Arms</designer>
				<designed>1964</designed>
			</origin>
			<shape>
				<bullet>
					<diameter>
						<mm>5.70</mm>
						<in>0.224</in>
					</diameter>
				</bullet>
				<case bottleneck="yes">
					<neck_diameter>
						<mm>6.43</mm>
						<in>0.253</in>
					</neck_diameter>
					<length>
						<mm>44.70</mm>
						<in>1.760</in>
					</length>
				</case>
			</shape>
			<comment>Similar to <ref id="a556N">5.56x45 mm NATO</ref> but not identical.</comment>
			<picture src="http://deuce45s.com/images/308%20Win%20M-118%20Match%20Ammo.jpg"/>
		</ammo>
		<ammo id="a25ACP">
			<name>.25 ACP</name>
			<synonyms>
				<synonym>.25 Auto</synonym>
				<synonym>6.35 mm</synonym>
				<synonym>6.35 mm Browning</synonym>
				<synonym>6.35x16 mm SR</synonym>
			</synonyms>
			<origin>
				<place>USA</place>
				<designer>John Browning</designer>
				<designed>1905</designed>
			</origin>
			<shape>
				<bullet>
					<diameter>
						<mm>6.4</mm>
						<in>0.251</in>
					</diameter>
				</bullet>
				<case rim="semi-rimmed">
					<neck_diameter>
						<mm>7.0</mm>
						<in>0.276</in>
					</neck_diameter>
					<length>
						<mm>15.6</mm>
						<in>0.615</in>
					</length>
				</case>
			</shape>
			<comment>The smallest centerfire pistol round in production, commonly chambered in small, so-called "vest pocket" pistols. "ACP" stands for "Automatic Colt Pistol", "SR" for "semi-rimmed".</comment>
			<picture src="http://upload.wikimedia.org/wikipedia/commons/e/ec/.25_ACP.jpg"/>
			<related>
				<id>a40SW</id>
			</related>
		</ammo>
		<ammo id="a308W">
			<name>.308 Winchester</name>
			<origin>
				<place>USA</place>
				<designed>1952</designed>
			</origin>
			<shape>
				<bullet>
					<diameter>
						<mm>7.8</mm>
						<in>0.308</in>
					</diameter>
				</bullet>
				<case bottleneck="yes">
					<neck_diameter>
						<mm>8.72</mm>
						<in>0.343</in>
					</neck_diameter>
					<length>
						<mm>51.18</mm>
						<in>2.015</in>
					</length>
				</case>
			</shape>
			<comment>Commercial version of the military <ref id="a762x51">7.62x51 mm NATO</ref> cartridge (not identical but interchangeable).</comment>
			<picture src="http://upload.wikimedia.org/wikipedia/commons/0/03/308_Winchester.jpg"/>
		</ammo>
		<ammo id="a762x51">
			<name>7.62x51 mm NATO</name>
			<origin>
				<place>USA</place>
			</origin>
			<shape>
				<bullet>
					<diameter>
						<mm>7.8</mm>
						<in>0.308</in>
					</diameter>
				</bullet>
				<case bottleneck="yes">
					<neck_diameter>
						<mm>8.72</mm>
						<in>0.343</in>
					</neck_diameter>
					<length>
						<mm>51.18</mm>
						<in>2.015</in>
					</length>
				</case>
			</shape>
			<comment>Although not identical, it is similar enough to the commercial <ref id="a308W">.308 Winchester</ref> to be considered interchangeable.</comment>
			<picture src="http://upload.wikimedia.org/wikipedia/commons/d/df/NATO_7.62x51.jpg"/>
			<related>
				<id>a223R</id>
			</related>
		</ammo>
		<ammo id="a762x54">
			<name>7.62x54 mm R</name>
			<origin>
				<place>Russian Empire</place>
				<designed>1891</designed>
			</origin>
			<shape>
				<bullet>
					<diameter>
						<mm>7.92</mm>
						<in>0.312</in>
					</diameter>
				</bullet>
				<case rim="rimmed" bottleneck="yes">
					<neck_diameter>
						<mm>8.53</mm>
						<in>0.336</in>
					</neck_diameter>
					<length>
						<mm>53.72</mm>
						<in>2.115</in>
					</length>
				</case>
			</shape>
			<comment>Historically known as the "7.62mm Russian", but the "R" in the modern designation (7.62x54R) stands for "rimmed".</comment>
			<picture src="http://upload.wikimedia.org/wikipedia/commons/5/59/76254Rvariety.jpg"/>
			<related>
				<id>a22LR</id>
				<id>a25ACP</id>
			</related>
		</ammo>
		<ammo id="a9Para">
			<name>9x19 mm Parabellum</name>
			<synonyms>
				<synonym>9 mm</synonym>
				<synonym>9 mm Para</synonym>
				<synonym>9 mm Luger</synonym>
				<synonym>9 mm NATO</synonym>
			</synonyms>
			<origin>
				<place>German Empire</place>
				<designer>Georg Luger</designer>
				<designed>1901</designed>
			</origin>
			<shape>
				<bullet>
					<diameter>
						<mm>9.03</mm>
						<in>0.356</in>
					</diameter>
				</bullet>
				<case>
					<neck_diameter>
						<mm>9.65</mm>
						<in>0.380</in>
					</neck_diameter>
					<length>
						<mm>19.15</mm>
						<in>0.754</in>
					</length>
				</case>
			</shape>
			<comment>The name Parabellum is derived from the Latin: Si vis pacem, para bellum ("If you seek peace, prepare for war").</comment>
			<picture src="http://upload.wikimedia.org/wikipedia/commons/9/96/9mmLuger.jpg"/>
			<related>
				<id>a308W</id>
			</related>
		</ammo>
		<ammo id="a40SW">
			<name>.40 S&amp;W</name>
			<origin>
				<place>USA</place>
				<designer>Smith &amp; Wesson</designer>
				<designed>1990</designed>
			</origin>
			<shape>
				<bullet>
					<diameter>
						<mm>10.2</mm>
						<in>0.400</in>
					</diameter>
				</bullet>
				<case>
					<neck_diameter>
						<mm>10.7</mm>
						<in>0.423</in>
					</neck_diameter>
					<length>
						<mm>21.6</mm>
						<in>0.850</in>
					</length>
				</case>
			</shape>
			<picture src="http://upload.wikimedia.org/wikipedia/commons/8/89/40_S%26W_-_FMJ_-_2.jpg"/>
			<related>
				<id>a22LR</id>
				<id>a308W</id>
				<id>a9Para</id>
			</related>
		</ammo>
		<ammo id="a45ACP">
			<name>.45 ACP</name>
			<synonyms>
				<synonym>.45 Auto</synonym>
			</synonyms>
			<origin>
				<place>USA</place>
				<designer>John Browning</designer>
				<designed>1904</designed>
			</origin>
			<shape>
				<bullet>
					<diameter>
						<mm>11.5</mm>
						<in>0.452</in>
					</diameter>
				</bullet>
				<case>
					<neck_diameter>
						<mm>12.0</mm>
						<in>0.473</in>
					</neck_diameter>
					<length>
						<mm>22.8</mm>
						<in>0.898</in>
					</length>
				</case>
			</shape>
			<comment>"ACP" stands for "Automatic Colt Pistol".</comment>
			<picture src="http://upload.wikimedia.org/wikipedia/commons/0/01/45caliberACP.jpg"/>
			<related>
				<id>a762x51</id>
				<id>a762x54</id>
			</related>
		</ammo>
		<ammo id="a45C">
			<name>.45 Colt</name>
			<synonyms>
				<synonym>.45 Long Colt</synonym>
			</synonyms>
			<origin>
				<place>USA</place>
				<designer>U. S. Army</designer>
				<designed>1872</designed>
			</origin>
			<shape>
				<bullet>
					<diameter>
						<mm>11.5</mm>
						<in>0.454</in>
					</diameter>
				</bullet>
				<case rim="rimmed">
					<neck_diameter>
						<mm>12.2</mm>
						<in>0.480</in>
					</neck_diameter>
					<length>
						<mm>32.6</mm>
						<in>1.285</in>
					</length>
				</case>
			</shape>
			<picture src="http://upload.wikimedia.org/wikipedia/commons/e/e5/45_Colt_-_1.jpg"/>
		</ammo>
	</centerfire>
	<rimfire name="Rimfire">
		<ammo id="a22LR">
			<name>.22 Long Rifle</name>
			<synonyms>
				<synonym>.22 LR</synonym>
			</synonyms>
			<origin>
				<place>USA</place>
				<designed>1887</designed>
			</origin>
			<shape>
				<bullet>
					<diameter>
						<mm>5.7</mm>
						<in>0.224</in>
					</diameter>
				</bullet>
				<case rim="rimmed">
					<neck_diameter>
						<mm>5.7</mm>
						<in>0.224</in>
					</neck_diameter>
					<length>
						<mm>15.0</mm>
						<in>0.590</in>
					</length>
				</case>
			</shape>
			<comment>Uses a heeled bullet (the bullet is the same diameter as the case, and has a narrower "heel" portion that fits in the case).</comment>
			<picture src="http://upload.wikimedia.org/wikipedia/commons/6/61/.22_LR.jpg"/>
			<related>
				<id>a9Para</id>
			</related>
		</ammo>
	</rimfire>
</ammunition>
