<?xml version="1.0" encoding="UTF-8"?>
<firearms>
	<pistols name="Pistols">
		<gun id="gB92">
			<name>Beretta 92</name>
			<origin>
				<place>Italy</place>
				<designer>Fabbrica d'Armi Pietro Beretta</designer>
				<logo>
					<?viewer "use monospaced font"?><![CDATA[
                __gg@@@@@@N@@@pgy_                
            _g@##@#P~~"~^^^~"TP#@Bg@g_            
         _gB##P^                  ^5#N@g_         
       y@M@F^           __           `?M@#y       
     _@BB"    _        y@#L        _    ^@W@_     
    g#B"     /WL      /M@@Mk      J@L     "##g    
   @@#      g@@@k      J@@       g@@ML     `#M@   
  g@#        @@$`      J@M       `#@K`       @@B  
 g@#         @@#       JM@        #@6         @@E 
 W@F       __@@K__     J@@      __#@$__       J@@ 
f#@      y@#F#g8?#@y   J@@    y#M"#M#?#@y      N@E
#@K     @P^  @@$  `%@  J@@   #P   ##$  ^#@     !@g
#@F    g#    #@$    @g J@#  @#    #BK    #g    ]@#
B@K    @K    #@$    g# J@#  @E    #@K    $#    I@@
7@@    )@_   #@K   _MF_J#@__3#_   #@$   y#F    @@!
 @@L    "5g_y@#B__g@@@#M@#P#@@@g_y@#@__g#^    J@W 
 7#B      ~4B#@@@P$@F @@#@@@ M@D4M@#M@P^      @MF 
  #@g       M@#NN @F  _yN@y_  3@ #@@@@       g##  
   #@@      _#@#_]W   #MN@M#   @F^#W#_     _#@B   
    ##By    MP~MN @\  g@BN@g  J@ #F~M#    y@@F    
     ^@@@_        `#g_F`  ^"_g#`        _8@#`     
       ^#@@y_       ~#@@gg@@P^       _y@@8~       
         ^MN@@g__       ``       __g@@@P^         
            ^M@@#@#gyy_______yg@@@@BP^            
                ^"PN#NM@@@#BNBMF~`                
				]]></logo>
				<designed>1975</designed>
			</origin>
			<cartridge id="a9Para"/>
			<construction>
				<type>semi-automatic</type>
				<trigger>DA/SA</trigger>
				<action>short recoil</action>
				<feed_system>
					<magazine detachable="yes" capacity="17"/>
				</feed_system>
				<dimensions>
					<length>
						<mm>217</mm>
						<in>8.5</in>
					</length>
					<weight>
						<g>950</g>
					</weight>
				</dimensions>
			</construction>
			<performance>
				<muzzle_velocity>
					<mps>380</mps>
				</muzzle_velocity>
				<effective_range>
					<m>50</m>
				</effective_range>
			</performance>
			<picture src="http://upload.wikimedia.org/wikipedia/commons/6/61/M9-pistolet.jpg"/>
		</gun>
		<gun id="gG18">
			<name>Glock 18</name>
			<origin>
				<place>Austria</place>
				<designer>Gaston Glock</designer>
				<designed>1982</designed>
			</origin>
			<cartridge id="a9Para"/>
			<construction>
				<type selective_fire="yes">automatic</type>
				<trigger>pre-set</trigger>
				<action>short recoil</action>
				<feed_system>
					<magazine detachable="yes" capacity="17"/>
				</feed_system>
				<dimensions>
					<length>
						<mm>186</mm>
						<in>7.32</in>
					</length>
					<weight>
						<g>625</g>
					</weight>
				</dimensions>
			</construction>
			<performance>
				<muzzle_velocity>
					<mps>375</mps>
				</muzzle_velocity>
				<effective_range>
					<m>50</m>
				</effective_range>
				<rate_of_fire>
					<rpm>1100</rpm>
				</rate_of_fire>
			</performance>
			<comment>Selective fire variant of Glock 17.</comment>
			<picture src="http://www.autoweapons.com/photosv/glock18t.jpg"/>
		</gun>
		<gun id="gSMA1">
			<name>Steyr M40-A1</name>
			<origin>
				<place>Austria</place>
				<designed>1999</designed>
			</origin>
			<cartridge id="a40SW"/>
			<construction>
				<type>semi-automatic</type>
				<trigger>DAO</trigger>
				<action>short recoil</action>
				<feed_system>
					<magazine detachable="yes" capacity="12"/>
				</feed_system>
				<dimensions>
					<length>
						<mm>176</mm>
						<in>6.9</in>
					</length>
					<weight>
						<g>851</g>
					</weight>
				</dimensions>
			</construction>
			<picture src="http://upload.wikimedia.org/wikipedia/commons/a/ac/Steyr_M-A1_1.jpg"/>
		</gun>
		<gun id="gA1911">
			<name>Armscor 1911A1</name>
			<origin>
				<place>Philippines</place>
			</origin>
			<cartridge id="a45ACP"/>
			<construction>
				<type>semi-automatic</type>
				<trigger>SA</trigger>
				<action>short recoil</action>
				<feed_system>
					<magazine detachable="yes" capacity="7"/>
				</feed_system>
				<dimensions>
					<length>
						<mm>210</mm>
						<in>8.25</in>
					</length>
					<weight>
						<g>1105</g>
					</weight>
				</dimensions>
			</construction>
			<performance>
				<muzzle_velocity>
					<mps>255</mps>
				</muzzle_velocity>
				<effective_range>
					<m>50</m>
				</effective_range>
			</performance>
			<comment>A copy of M1911.</comment>
			<picture src="http://www.guncenter.cz/img/zbrane/Armscor1911A1.jpg"/>
		</gun>
	</pistols>
	<revolvers name="Revolvers">
		<gun id="gH361">
			<name>Alfa-Proj Holek 361</name>
			<origin>
				<place>Czech Republic</place>
			</origin>
			<cartridge id="a22LR"/>
			<construction>
				<type>repeater</type>
				<trigger>SA</trigger>
				<action>revolver</action>
				<feed_system>
					<cylinder capacity="8"/>
				</feed_system>
				<dimensions>
					<length>
						<mm>287</mm>
						<in>11.3</in>
					</length>
					<weight>
						<g>960</g>
					</weight>
				</dimensions>
			</construction>
			<picture src="http://www.alfa-proj.cz/picture/Katalog/zbrane/ostre-zbrane/revolvery/22wmr_22lr_holek/model_361_big.jpg"/>
		</gun>
	</revolvers>
	<sub_machine_guns name="Submachine guns">
		<gun id="gTommy">
			<name>Thompson M1928A1</name>
			<origin>
				<place>USA</place>
				<designer>John T. Thompson</designer>
				<designed>1919</designed>
			</origin>
			<cartridge id="a45ACP"/>
			<construction>
				<type selective_fire="yes">automatic</type>
				<trigger>SA</trigger>
				<action>blowback</action>
				<feed_system>
					<magazine detachable="yes" capacity="30"/>
				</feed_system>
				<dimensions>
					<length>
						<mm>851</mm>
						<in>33.5</in>
					</length>
					<weight>
						<g>4900</g>
					</weight>
				</dimensions>
			</construction>
			<performance>
				<muzzle_velocity>
					<mps>285</mps>
				</muzzle_velocity>
				<effective_range>
					<m>50</m>
				</effective_range>
				<rate_of_fire>
					<rpm>720</rpm>
				</rate_of_fire>
			</performance>
			<comment>Earlier model M1921 gained fame from its' use by criminals during Prohibition, and was nicknamed "tommy gun".</comment>
			<picture src="http://upload.wikimedia.org/wikipedia/commons/f/f4/Submachine_gun_M1928_Thompson.jpg"/>
		</gun>
	</sub_machine_guns>
	<rifles name="Rifles">
		<gun id="gAR15">
			<name>AR-15</name>
			<origin>
				<place>USA</place>
				<designer>Eugene Stoner</designer>
				<designed>1957</designed>
			</origin>
			<cartridge id="a556N"/>
			<construction>
				<type>semi-automatic</type>
				<trigger>SA</trigger>
				<action>gas-operated</action>
				<feed_system>
					<magazine detachable="yes" capacity="30"/>
				</feed_system>
				<dimensions>
					<length>
						<vary/>
					</length>
					<weight>
						<vary/>
					</weight>
				</dimensions>
			</construction>
			<performance>
				<muzzle_velocity>
					<mps>975</mps>
				</muzzle_velocity>
				<effective_range>
					<m>500</m>
				</effective_range>
			</performance>
			<comment>Available in a wide range of configurations from a large number of manufacturers, the most famous derivative is the selective fire M16-series assault rifle used by the United States military.</comment>
			<picture src="http://upload.wikimedia.org/wikipedia/commons/e/e0/AR15_A3_Tactical_Carbine_pic1.jpg"/>
		</gun>
		<gun id="gNorinco">
			<name>Norinco JW 21</name>
			<origin>
				<place>China</place>
			</origin>
			<cartridge id="a22LR"/>
			<construction>
				<type>repeater</type>
				<trigger>SA</trigger>
				<action>lever-action</action>
				<feed_system>
					<magazine detachable="no" capacity="15"/>
				</feed_system>
				<dimensions>
					<length>
						<mm>955</mm>
						<in>37.6</in>
					</length>
					<weight>
						<g>2750</g>
					</weight>
				</dimensions>
			</construction>
			<picture src="http://www.guncenter.cz/img/zbrane/NorincoJW21.22LR.jpg"/>
		</gun>
		<gun id="gSaiga">
			<name>Saiga</name>
			<origin>
				<place>Russia</place>
				<designer>Mikhail Kalashnikov</designer>
				<designed>1990</designed>
			</origin>
			<cartridge id="a308W"/>
			<construction>
				<type>semi-automatic</type>
				<trigger>SA</trigger>
				<action>gas-operated</action>
				<feed_system>
					<magazine detachable="yes" capacity="8"/>
				</feed_system>
				<dimensions>
					<length>
						<mm>1100</mm>
						<in>43.3</in>
					</length>
					<weight>
						<g>3860</g>
					</weight>
				</dimensions>
			</construction>
			<performance>
				<muzzle_velocity>
					<mps>800</mps>
				</muzzle_velocity>
				<effective_range>
					<m>300</m>
				</effective_range>
			</performance>
			<picture src="http://www.guncenter.cz/img/zbrane/Saiga.308WIN.jpg"/>
		</gun>
	</rifles>
	<assault_rifles name="Assault rifles">			
	</assault_rifles>
	<sniper_rifles name="Sniper rifles">
		<gun id="gSVD">
			<name>Snayperskaya Vintovka Dragunova</name>
			<synonyms>
				<synonym>SVD</synonym>
				<synonym>Dragunov</synonym>
			</synonyms>
			<origin>
				<place>Soviet Union</place>
				<designer>Yevgeny Dragunov</designer>
				<designed>1963</designed>
			</origin>
			<cartridge id="a762x54"/>
			<construction>
				<type>semi-automatic</type>
				<trigger>SA</trigger>
				<action>gas-operated</action>
				<feed_system>
					<magazine detachable="yes" capacity="10"/>
				</feed_system>
				<dimensions>
					<length>
						<mm>1225</mm>
						<in>48.2</in>
					</length>
					<weight>
						<g>4300</g>
					</weight>
				</dimensions>
			</construction>
			<performance>
				<muzzle_velocity>
					<mps>830</mps>
				</muzzle_velocity>
				<effective_range>
					<m>800</m>
				</effective_range>
			</performance>
			<picture src="http://upload.wikimedia.org/wikipedia/commons/1/11/Svd_1_russian.jpg"/>
		</gun>
	</sniper_rifles>
	<machine_guns name="Machine guns">
	</machine_guns>
</firearms>