<?xml version="1.0" encoding="UTF-8"?>
<firearms>
	<gun name="CZ DUO">
		<id>gCZDUO</id>
		<category>Pistols</category>
		<origin place="Czechoslovakia" year="1938" author="František Dušek"/>
		<ammo>a25ACP</ammo>
		<note>"DUO" was an abbreviation of "Dušek, Opočno".</note>
		<image>http://www.littlegun.info/arme%20tchecoslovaque/cz%20duo%20cal%20635-02.jpg</image>
		<construction>
			<type>semi-automatic</type>
			<trigger>SA</trigger>
			<action>blowback</action>
			<feed_system>
				<magazine detachable="yes" capacity="6"/>
			</feed_system>
			<dimensions>
				<length>
					<mm>110</mm>
					<in>4.33</in>
				</length>
				<weight>
					<g>399</g>
				</weight>
			</dimensions>
		</construction>
	</gun>
	<gun name="CZ 75">
		<id>gCZ75</id>
		<category>Pistols</category>
		<origin place="Czech Republic" year="1975" author="František Koucký"/>
		<ammo>a9Para</ammo>
		<note>The second most copied pistol (after M1911).</note>
		<image>http://upload.wikimedia.org/wikipedia/commons/8/81/Cz75.jpg</image>
		<construction>
			<type>semi-automatic</type>
			<trigger>DA/SA</trigger>
			<action>short recoil</action>
			<feed_system>
				<magazine detachable="yes" capacity="17"/>
			</feed_system>
			<dimensions>
				<length>
					<mm>206</mm>
					<in>8.1</in>
				</length>
				<weight>
					<g>1120</g>
				</weight>
			</dimensions>
		</construction>
	</gun>
	<gun name="Grand Power K100">
		<id>gGPK100</id>
		<category>Pistols</category>
		<origin place="Slovakia" year="1994" author="Jaroslav Kuracina"/>
		<ammo>a9Para</ammo>
		<note>Letter "K" in "K100" stands for the designer's surname, number 100 is said to denote his weight.</note>
		<image>http://upload.wikimedia.org/wikipedia/commons/f/fa/GP_K100_MARK6.jpg</image>
		<construction>
			<type>semi-automatic</type>
			<trigger>DA/SA</trigger>
			<action>short recoil</action>
			<feed_system>
				<magazine detachable="yes" capacity="17"/>
			</feed_system>
			<dimensions>
				<length>
					<mm>202.5</mm>
					<in>8</in>
				</length>
				<weight>
					<g>740</g>
				</weight>
			</dimensions>
		</construction>
	</gun>
	<gun name="Steyr MPi 69">
		<id>gSMPi</id>
		<category>Submachine guns</category>
		<origin place="Austria" year="1960" author="Steyr"/>
		<ammo>a9Para</ammo>
		<image>http://world.guns.ru/userfiles/images/smg/austria/1287828710.jpg</image>
		<construction>
			<type selective_fire="yes">automatic</type>
			<trigger>SA</trigger>
			<action>blowback</action>
			<feed_system>
				<magazine detachable="yes" capacity="32"/>
			</feed_system>
			<dimensions>
				<length>
					<mm>465</mm>
					<in>18.3</in>
				</length>
				<weight>
					<g>3130</g>
				</weight>
			</dimensions>
		</construction>
	</gun>
	<gun name="GSG-5">
		<id>gGSG5</id>
		<category>Rifles</category>
		<origin place="Germany" year="2007"/>
		<ammo>a22LR</ammo>
		<note>Copy of the Heckler &amp; Koch MP5 submachine gun.</note>
		<image>http://upload.wikimedia.org/wikipedia/commons/4/45/GSG-5_rifle.jpg</image>
		<construction>
			<type>semi-automatic</type>
			<trigger>SA</trigger>
			<action>blowback</action>
			<feed_system>
				<magazine detachable="yes" capacity="22"/>
			</feed_system>
			<dimensions>
				<length>
					<mm>855</mm>
					<in>33.66</in>
				</length>
				<weight>
					<g>3160</g>
				</weight>
			</dimensions>
		</construction>
	</gun>
	<gun name="Henry 1860">
		<id>gHenry</id>
		<category>Rifles</category>
		<origin place="USA" year="1850" author="Benjamin Tyler Henry"/>
		<ammo>a45C</ammo>
		<note>Nowadays replicas by A. Uberti Firearms.</note>
		<image>http://www.guncenter.cz/img/zbrane/Henry1860.45LC.jpg</image>
		<construction>
			<type>repeater</type>
			<trigger>SA</trigger>
			<action>lever-action</action>
			<feed_system>
				<magazine detachable="no" capacity="13"/>
			</feed_system>
			<dimensions>
				<length>
					<mm>947</mm>
					<in>37.3</in>
				</length>
				<weight>
					<g>4082</g>
				</weight>
			</dimensions>
		</construction>
	</gun>
	<gun name="Pulemyot Maxima M1910">
		<id>gMaxim</id>
		<category>Machine guns</category>
		<origin place="Russian Empire" year="1910"/>
		<ammo>a762x54</ammo>
		<note>Russian derivation from Maxim gun, the first self-powered machine gun invented by the American-born British inventor Sir Hiram Maxim in 1884.</note>
		<image>http://upload.wikimedia.org/wikipedia/commons/1/1b/Maxim_Maschinengewehr_1910.jpg</image>
		<construction>
			<type>automatic</type>
			<trigger>SA</trigger>
			<action>short recoil</action>
			<feed_system>
				<belt/>
			</feed_system>
			<dimensions>
				<length>
					<mm>1067</mm>
					<in>42</in>
				</length>
				<weight>
					<g>64300</g>
				</weight>
			</dimensions>
		</construction>
	</gun>
</firearms>