<?xml version="1.0" encoding="UTF-8"?>
<news>
	<people>
		<authors>
			<author id="A14">
				<name>
				Marek
				</name>
				<surname>
				Janecek
				</surname>
				<rank>administrator</rank>
				<fulladdress>
					<street>Petrova</street>
					<number>15</number>
					<city>Bratislava</city>
					<state>SR</state>
				</fulladdress>
				<clearance><![CDATA[ jlk325bkjhhlu23 ]]></clearance>
				<note type="zakladni pravomoci &amp; napln prace">
				sprava slovenske pobocky - 
					<fulladdress>
						<street>Petrova</street>
						<number>15</number>
						<city>Bratislava</city>
						<state>SR</state>
					</fulladdress>
				a spravce clanku
				</note>
				<!-- main admin and editor -->
			</author>
			<author id="A16">
				<name>
				Michal
				</name>
				<surname>
				Novak
				</surname>
				<rank>editor</rank>
				<craddress>
					<street>Markovova</street>
					<number>334</number>
					<city>Praha</city>
				</craddress>
				<clearance><![CDATA[ jlk3254ffbkjhds8723 ]]></clearance>
				<!-- second admin -->
			</author>
		</authors>
	</people>
	<documents>
		<articles>
			<article>
				<authorRef ref="A14"/>
				<authorSign>
				Marek Janecek
				</authorSign>
				<themeRef ref="T91"/>
				<themeString>
				sport
				</themeString>
				<date>
					<day>
					23
					</day>
					<month>
					3
					</month>
					<year>
					2011
					</year>
				</date>
				<firstValidDate>
					<day>
					23
					</day>
					<month>
					3
					</month>
					<year>
					2011
					</year>
				</firstValidDate>
				<lastValidDate>
					<day>
					23
					</day>
					<month>
					5
					</month>
					<year>
					2011
					</year>
				</lastValidDate>
				<identifier>
				plo34
				</identifier>
				<title>
				Novy bazen!
				</title>
				<text language="czech">
				Novy bazen byl otevren v Presove.
				</text>
				<reservation type="newspaper"/>
				<?renderer standard?>
			</article>
			<article>
				<authorRef ref="A14"/>
				<authorSign>
				Marek Janecek
				</authorSign>
				<themeRef ref="T91"/>
				<themeString>
				sport
				</themeString>
				<date>
					<day>
					30
					</day>
					<month>
					3
					</month>
					<year>
					2011
					</year>
				</date>
				<firstValidDate>
					<day>
					30
					</day>
					<month>
					5
					</month>
					<year>
					2011
					</year>
				</firstValidDate>
				<lastValidDate>
					<day>
					30
					</day>
					<month>
					6
					</month>
					<year>
					2011
					</year>
				</lastValidDate>
				<identifier>
				plo52
				</identifier>
				<title>
				Tradicni vylet.
				</title>
				<text language="slovakian">
				Mnoho obyvetl Kosic vyslo na tradicni vylet do hor.
				</text>
				<reservation type="internet"/>
				<?renderer standard?>
			</article>
			<article>
				<authorRef ref="A16"/>
				<authorSign>
				Michal Novak
				</authorSign>
				<themeRef ref="T91"/>
				<themeString>
				sport
				</themeString>
				<date>
					<day>
					30
					</day>
					<month>
					3
					</month>
					<year>
					2011
					</year>
				</date>
				<firstValidDate>
					<day>
					30
					</day>
					<month>
					5
					</month>
					<year>
					2011
					</year>
				</firstValidDate>
				<lastValidDate>
					<day>
					30
					</day>
					<month>
					6
					</month>
					<year>
					2011
					</year>
				</lastValidDate>
				<identifier>
				plo52
				</identifier>
				<title>
				Velka Pardubicka
				</title>
				<text language="czech">
				Tradicni dostihy v Cechach.
				</text>
				<reservation type="internet"/>
				<?renderer standard?>
			</article>
		</articles>
	</documents>
	<themes>
		<theme id="T91">
			<string>
			sport
			</string>
			<accessibility>
					Everyone
			</accessibility>
		</theme>
	</themes>
</news>
