<?xml version="1.0" encoding="UTF-8"?>
<!--xml dokument
-->

<!DOCTYPE zakaznik SYSTEM "data.dtd">
    
<zakaznik id="id_1">
    <kontakt>
        <adresa>
            <nazev>nejaka firma</nazev>
            <ulice>nejaka ulice</ulice>
            <mesto>nejake mesto</mesto>
            <telefon>490809</telefon>   
            <telefon>490809</telefon>   
            <telefon>490809</telefon>   
            <cp>0303</cp>
            <psc>77799</psc>
        </adresa>
        <ico>349508034509</ico>
        <dic>43050990</dic>
    </kontakt>    
    <seznam_rezervaci>
        <rezervace r_id="rid_0248">
            <misto_vyzvednuti>
                <adresa>
                    <nazev>nejaka firma</nazev>
                    <ulice>nejaka ulice</ulice>
                    <mesto>nejake mesto</mesto>
                    <telefon>490809</telefon>   
                    <telefon>490809</telefon>   
                    <telefon>490809</telefon>   
                    <cp>0303</cp>
                    <psc>77799</psc>
                </adresa>
            </misto_vyzvednuti>
            <misto_vraceni>
                <adresa>
                    <nazev>nejaka firma</nazev>
                    <ulice>nejaka ulice</ulice>
                    <mesto>nejake mesto</mesto>
                    <telefon>490809</telefon>   
                    <telefon>490809</telefon>   
                    <telefon>490809</telefon>   
                    <cp>0303</cp>
                    <psc>77799</psc>
                </adresa>
            </misto_vraceni>
            <trida_vozidla>A</trida_vozidla>
            <spz>a90409</spz>
            <cas_vyzvednuti>20.3.2002</cas_vyzvednuti>
            <cas_vraceni>21.3.2002</cas_vraceni>
            <ridic rp="890202438">nejaky ridic</ridic>
            <palivo>benal</palivo>
            <pobocka>praha</pobocka>
            <telefon>798482540</telefon>
        </rezervace>
        <rezervace r_id="rid_034">
            <misto_vyzvednuti>
                <adresa>
                    <nazev>nejaka firma</nazev>
                    <ulice>nejaka ulice</ulice>
                    <mesto>nejake mesto</mesto>
                    <telefon>490809</telefon>   
                    <telefon>490809</telefon>   
                    <telefon>490809</telefon>   
                    <cp>0303</cp>
                    <psc>77799</psc>
                </adresa>
            </misto_vyzvednuti>
            <misto_vraceni>
                <adresa>
                    <nazev>nejaka firma</nazev>
                    <ulice>nejaka ulice</ulice>
                    <mesto>nejake mesto</mesto>
                    <telefon>490809</telefon>   
                    <telefon>490809</telefon>   
                    <telefon>490809</telefon>   
                    <cp>0303</cp>
                    <psc>77799</psc>
                </adresa></misto_vraceni>
            <trida_vozidla>B</trida_vozidla>
            <spz>a2342</spz>
            <cas_vyzvednuti>20.3.2002</cas_vyzvednuti>
            <cas_vraceni>21.3.2020</cas_vraceni>
            <ridic rp="892438">jiny ridic</ridic>
            <palivo>naftacek</palivo>
            <pobocka>praha</pobocka>
            <telefon>798482540</telefon>
        </rezervace>
        <rezervace r_id="rid_022">
            <misto_vyzvednuti>
                <adresa>
                    <nazev>nejaka firma</nazev>
                    <ulice>nejaka ulice</ulice>
                    <mesto>nejake mesto</mesto>
                    <telefon>490809</telefon>   
                    <telefon>490809</telefon>   
                    <telefon>490809</telefon>   
                    <cp>0303</cp>
                    <psc>77799</psc>
                </adresa></misto_vyzvednuti>
            <misto_vraceni>
                <adresa>
                    <nazev>nejaka firma</nazev>
                    <ulice>nejaka ulice</ulice>
                    <mesto>nejake mesto</mesto>
                    <telefon>490809</telefon>   
                    <telefon>490809</telefon>   
                    <telefon>490809</telefon>   
                    <cp>0303</cp>
                    <psc>77799</psc>
                </adresa>
            </misto_vraceni>
            <trida_vozidla>A</trida_vozidla>
            <spz>a90409</spz>
            <cas_vyzvednuti>20.4.2002</cas_vyzvednuti>
            <cas_vraceni>21.4.2020</cas_vraceni>
            <ridic rp="890202438">nejaky ridic</ridic>
            <palivo>benal</palivo>
            <pobocka>praha</pobocka>
            <telefon>798482540</telefon>
        </rezervace>
    </seznam_rezervaci>
    
    <zprava>nejaka zprava<odkaz rez_id="rid_022"/></zprava>
    
    <pracovnik>&mojejmeno;</pracovnik>
    
    <zaznam cislo="1000"><?php echo Date("d.m.Y")?>
        <![CDATA[for(System.out.println("Hezky den");]]> 
    </zaznam>
    
    
</zakaznik>
