<?xml version="1.0" encoding="UTF-8"?>
<?display table-view?>
<!DOCTYPE bike-rental SYSTEM "C:\Users\student\Downloads\du1.dtd">
<bike-rental>
	<!-- NEXT SECTION MUST BE UPDATED ONLY BY ADMINISTRATOR -->
	<bikes>
		<bike type="street" bik_ID="b_001">
			<gender>male</gender>
			<manufacturer company="Colnago"/>
			<model>M60</model>
			<size>58</size>
			<wheelsize>28</wheelsize>
			<components>
				<set>
					<derailleur>Campagnolo Record</derailleur>
					<levers>Campagnolo Record</levers>
					<brakes>Campagnolo Record</brakes>
				</set>
				<wheels>Campagnolo Bora Two</wheels>
				<fork>Colnago</fork>
			</components>
			<color>black</color>
			<problems/>
			<frame-material>carbon</frame-material>
		</bike>
		<bike type="MTB" bik_ID="b_002">
			<gender>male</gender>
			<manufacturer company="Trek"/>
			<model>Superfly</model>
			<size>18.5</size>
			<wheelsize>29</wheelsize>
			<components>
				<set>
					<derailleur>Sram X.0</derailleur>
					<levers>Sram X.0 Gripshift</levers>
					<brakes>Formula X1</brakes>
				</set>
				<wheels>American Classic</wheels>
				<fork>Fox</fork>
			</components>
			<color>Navy/Orange</color>
			<problems>Minor Cosmetic Defects</problems>
			<frame-material>Carbon</frame-material>
		</bike>
		<bike type="MTB" bik_ID="b_003">
			<gender>female</gender>
			<manufacturer company="Specialized"/>
			<model>Fate</model>
			<size>17</size>
			<wheelsize>29</wheelsize>
			<components>
				<set>
					<derailleur>XTR</derailleur>
					<levers>XT</levers>
					<brakes>XT</brakes>
				</set>
				<wheels>DT Swiss X1800</wheels>
				<fork>Specialized</fork>
			</components>
			<color>Red/Black</color>
			<problems/>
			<frame-material>Aluminium</frame-material>
		</bike>
		<bike type="fixie" bik_ID="b_004">
			<gender>Unisex</gender>
			<manufacturer company="Bianchi"/>
			<model>Pista Sei Giorni</model>
			<size>19</size>
			<wheelsize>28</wheelsize>
			<components>
				<set>
					<derailleur>None</derailleur>
					<levers>None</levers>
					<brakes>Reparto Corse</brakes>
				</set>
				<wheels>Maddux F10 DRX3000</wheels>
				<fork>Carbon/Alu 1.1/8"</fork>
			</components>
			<color>White/Aqua</color>
			<problems/>
			<frame-material>Aluminium</frame-material>
		</bike>
	</bikes>
	<customers>
		<customer>
			<name>Jan Horký</name>
			<cardID cus_ID="c_001"/>
			<email><![CDATA[jan.horky666@gmail.cz]]></email>
			<notes/>
		</customer>
		<customer>
			<name>Viktor Rytíř</name>
			<cardID cus_ID="c_002"/>
			<email><![CDATA[vitorio.palladino@itmail.it]]></email>
			<notes>Váha 95kg, pozor na komponentový limit</notes>
		</customer>
		<customer>
			<name>Irena Malá</name>
			<cardID cus_ID="c_003"/>
			<email><![CDATA[ir.petit@gmail.com]]></email>
			<notes>Výška 155cm, vzít v úvahu</notes>
		</customer>
		<customer>
			<name>Květoslav Salát</name>
			<cardID cus_ID="c_004"/>
			<email><![CDATA[flowercabage666@gmail.coom]]></email>
			<notes/>
		</customer>
	</customers>
	<rentals>
		<rent>
			<biker cus="c_003"/>
			<rented_bike bik="b_003"/>
			<pickup>20130415</pickup>
			<dropin>20130515</dropin>
		</rent>
		<rent>
			<biker cus="c_004"/>
			<rented_bike bik="b_002"/>
			<pickup>20130614</pickup>
			<dropin>20130618</dropin>
			<message>Bike returned damaged</message>
		</rent>
		<rent>
			<biker cus="c_002"/>
			<rented_bike bik="b_001"/>
			<pickup>20130321</pickup>
			<dropin>20130823</dropin>
		</rent>
		<rent>
			<biker cus="c_001"/>
			<rented_bike bik="b_004"/>
			<pickup>20130707</pickup>
			<dropin>20130715</dropin>
		</rent>
	</rentals>
</bike-rental>
