<?xml version="1.0" encoding="UTF-8" standalone="no"?>
<?xml-stylesheet href="classic.xsl" type="text/xml"?>
<!DOCTYPE poistenie SYSTEM "data.dtd">

<poistenie>

    <!-- zmluvy -->
  
    <zoznamzmluv>
  
        <zmluva id_zmluvy="A0123456789">
      			<typ>zivotne</typ>
            <platnost_od>1.1.2010</platnost_od>
            <platnost_do>1.5.2011</platnost_do>
        </zmluva>
        
        <zmluva id_zmluvy="A1234567890">
      			<typ>zivotne</typ>
            <platnost_od>1.1.2010</platnost_od>
            <platnost_do>1.5.2011</platnost_do>
        </zmluva>
        
        <zmluva id_zmluvy="A2345678901">
      			<typ>zivotne</typ>
            <platnost_od>1.1.2010</platnost_od>
            <platnost_do>1.5.2011</platnost_do>
        </zmluva>
        
        <zmluva id_zmluvy="A3456789012">
      			<typ>zivotne</typ>
            <platnost_od>1.1.2010</platnost_od>
            <platnost_do>1.5.2011</platnost_do>
        </zmluva>
        
        <zmluva id_zmluvy="A4567890123">
      			<typ>zivotne</typ>
            <platnost_od>1.1.2010</platnost_od>
            <platnost_do>1.5.2011</platnost_do>
        </zmluva>
        
        <zmluva id_zmluvy="A5678901234">
      			<typ>zivotne</typ>
            <platnost_od>1.1.2010</platnost_od>
            <platnost_do>1.5.2011</platnost_do>
        </zmluva>
        
        <zmluva id_zmluvy="A6789123456">
      			<typ>zivotne</typ>
            <platnost_od>1.1.2010</platnost_od>
            <platnost_do>1.5.2011</platnost_do>
        </zmluva>
        
        <zmluva id_zmluvy="A7890123456">
      			<typ>zivotne</typ>
            <platnost_od>1.1.2010</platnost_od>
            <platnost_do>1.5.2011</platnost_do>
        </zmluva>
        
        <zmluva id_zmluvy="A8901234567">
      			<typ>zivotne</typ>
            <platnost_od>1.1.2010</platnost_od>
            <platnost_do>1.5.2011</platnost_do>
        </zmluva>
        
        <zmluva id_zmluvy="A9012345678">
      			<typ>zivotne</typ>
            <platnost_od>1.1.2010</platnost_od>
            <platnost_do>1.5.2011</platnost_do>
        </zmluva>
        
    </zoznamzmluv>
  
    <!-- klienti -->
    
    <zoznamklientov>
  
        <klient>
      			<rc>0123456789</rc>
            <doklad typ="op" cislo="1122334455"/>
            <meno>Peter</meno>
            <priezvisko>Sufliarsky</priezvisko>
            <adresa>
                <ulica>Patkova 3</ulica>
                <mesto>Praha 8</mesto>
                <psc>182 00</psc>
            </adresa>
            <zmluvy ref="A0123456789"/>
            <zmluvy ref="A2345678901"/>
        </klient>
        
        <klient>
      			<rc>9876543210</rc>
            <doklad typ="op" cislo="6677889900"/>
            <meno>Jan</meno>
            <priezvisko>Nepoisteny</priezvisko>
            <adresa>
                <ulica>Dlha 5</ulica>
                <mesto>Praha</mesto>
                <psc>123 00</psc>
            </adresa>
        </klient>
        
    </zoznamklientov>
    
    <verzia>&lu; 13.03.2011 23:58:42</verzia>
    
    <poznamky><![CDATA[ a > b ]]></poznamky>
		
</poistenie>