<?xml version="1.0" encoding="UTF-8"?>
<!DOCTYPE vystava SYSTEM "data.dtd">
<vystava nazev="DUO_CACIB_BRNO" datum="23.2.2014">
	<rozhodci jmeno="Adam_Ostrowski" narodnost="PL"/>
	<rozhodci jmeno="Antonin_Mudra"/>
	<rozhodci jmeno="Lenka_Frncova"/>
	<rozhodci jmeno="Peter_Mazura"/>
	<rozhodci jmeno="Piotr_Krol"/>
	<kruh cislo="P30" rozhodci="Adam_Ostrowski">
		<rasa jmeno="tibetsky_spanel">
			<trida nazev="mlady">
				<pes registracni_cislo="CMKU_TS_1562_13" poradi="8500" jmeno="Angelic_flas_pearl_of_the_moon" datum_narozeni="23.2.2013" otec="Allister_Bohemian_by_Birth" matka="Ximicca_Perla_Mahagon" majitel="Petra_Dockalova" chovatel="Sarka_Hajkova">
					<posudek>
					</posudek>					
				</pes>
				<pes registracni_cislo="CMKU_TS_1530_12" poradi="8501" jmeno="Kale_Zlaty_Klondike" datum_narozeni="23.10.2012" otec="Bergrabbens_Zhaman_Rocky" matka="Eve_Zlaty_Klondike" majitel="Jana_Zajicova" chovatel="Jama_Zajicova">
					<posudek hodnoceni="Vyborna">
						<![CDATA[Mohl by být < než ostatní psi.]]>
					</posudek>
				</pes>
			</trida>
			<trida nazev="mezitrida">
				<fena registracni_cislo="CMKU_TS_1533_12" poradi="8515" jmeno="Karkulka_Zlaty_Klondike" datum_narozeni="23.10.2012" otec="Bergrabbens_Zhaman_Rocky" matka="Eve_Zlaty_Klondike" majitel="Milada_Papikova" chovatel="Jama_Zajicova">
					<posudek hodnoceni="Velmi_dobra">
						Dobrá hlava a postoj.
					</posudek>
				</fena>
			</trida>
		</rasa>
	</kruh>
	<kruh cislo="P31" rozhodci="Antonin_Mudra">
		<rasa jmeno="Cinsky_chocholaty_pes_bez_srsti">
			<trida>
				<pes registracni_cislo="CMKU_CIN_4919_12_13" poradi="8003" jmeno="Fan_fan_tulip_queen_malverne" datum_narozeni="10.1.2012" otec="Sea_fire_yabba_dabba_doo" matka="Ginger_plysovy_pritel" majitel="Miriam_Stolcova" chovatel="Eva Nutzova">
					<posudek>
					</posudek>
				</pes>
			</trida>
		</rasa>
	</kruh>
	<kruh cislo="P10" rozhodci="Lenka_Frncova">
		<rasa jmeno="Beagle">
			<trida nazev="sampioni">
				<fena registracni_cislo="CLP_BEA_6619" poradi="7121" jmeno="Anda_z_kamenskych_vrchu" datum_narozeni="5.9.2010" otec="Original_tergy" matka="Cammie_mantis" majitel="Vaclav_Sicha" chovatel="Vaclav_Sicha">
					<posudek>
					</posudek>
				</fena>
			</trida>
		</rasa>
	</kruh>
	<kruh cislo="F41" rozhodci="Piotr_Krol">
		<rasa jmeno="Tibetska_doga">
			<trida>
				<pes registracni_cislo="REG_TD_2159_10" poradi="6201" jmeno="Archie_z_bileckeho_lesa" datum_narozeni="9.12.2010" otec="Bill_board_z_kaskay" matka="Cedra_grags_pa" majitel="Zdenek_Krajicek" chovatel="Zdenek_Krajicek">
					<posudek>
						ošklivý pes, ale pěkný postoj
					</posudek>
				</pes>
			</trida>
		</rasa>
	</kruh>
	<poznamka>
		Údaje jsou platné k <datum><?php echo Date("d.m.Y")?></datum>.
	</poznamka>
</vystava>