<?xml version="1.0" encoding="UTF-8" ?>
<?xml-stylesheet type="text/xsl" href="data.xsl"?>
<!DOCTYPE OBzavody SYSTEM "data.dtd">
<OBzavody>
	<zavod zid="i110326004" typ="OZ">
		<datum>26.03.2011</datum>
		<misto>Prostejov</misto>
		<start>9:00</start>
		<poradajici_oddil zkratka="JPV">Zelezarny Prostejov</poradajici_oddil>
		<vzdalenosti>Start 1km, Cil 0,5km</vzdalenosti>
		<funkcionari>
			<reditel>ing. Pepa Novodvorsky</reditel>
			<stavitel>Tomas Raketa</stavitel>
			<rozhodci>Jozo Chlup - R2</rozhodci>
		</funkcionari>
		<delky_trati>
			<muzi>
				<H14>
					<delka>2.8</delka>
					<prevyseni>90</prevyseni>
				</H14>
				<H18>
					<delka>4.1</delka>
					<prevyseni>140</prevyseni>
				</H18>
				<H21>
					<delka>6.2</delka>
					<prevyseni>235</prevyseni>
				</H21>
				<H35>
					<delka>4.3</delka>
					<prevyseni>135</prevyseni>
				</H35>
			</muzi>
			<zeny>
				<D14>
					<delka>2.1</delka>
					<prevyseni>70</prevyseni>
				</D14>
				<D18>
					<delka>3.3</delka>
					<prevyseni>100</prevyseni>
				</D18>
				<D21>
					<delka>4.2</delka>
					<prevyseni>155</prevyseni>
				</D21>
				<D35>
					<delka>3.3</delka>
					<prevyseni>120</prevyseni>
				</D35>
			</zeny>
		</delky_trati>
		<poradatele>
			<poradatel oddil="JPV">Marek Velky</poradatel>
			<poradatel oddil="JPV">Tonda Bonda</poradatel>
			<poradatel oddil="JPV">Juraj Kukura</poradatel>
			<poradatel oddil="UOL">Jana Dlouha</poradatel>
		</poradatele>
		<pomocnici>
			Drsnej typan		<pomocnik jmeno="Luke" />
			Parkourista		<pomocnik jmeno="Bouraghe" />
			Hacker			<pomocnik jmeno="Ilu5ion" />
			Duchodce		<pomocnik jmeno="Josef Dobrovolny" />
		</pomocnici>
		<prezentace>Bude otevrena od 7:30 do 8:30 - cerveny stanek.</prezentace>
		<mapa>Rakosnik 1:10000, stav 06/2010, e=2,5m</mapa>
		<!-- Nejaka blbost :-) -->
		<ostatni>
			<![CDATA[
				function min(a,b)
				{
					if (a < b) then
					{
					  return a;
					}
					else
					{
					  return b;
					}
				}
			]]>
		</ostatni>
	</zavod>
	<zavod zid="i110327010" typ="VOZ">
		<datum>27.03.2011</datum>
		<misto>Boskovice</misto>
		<start>10:30</start>
		<poradajici_oddil zkratka="KON">Konice</poradajici_oddil>
		<vzdalenosti>Start 1,5km, Cil 0,2km</vzdalenosti>
		<funkcionari>
			<reditel>dr. Jirka Nosek</reditel>
			<stavitel>Pavel Sova</stavitel>
			<rozhodci>Roman Kloucek - R1</rozhodci>
		</funkcionari>
		<delky_trati>
			<muzi>
				<H10>
					<delka>1.6</delka>
					<prevyseni>80</prevyseni>
				</H10>
				<H12>
					<delka>3.0</delka>
					<prevyseni>100</prevyseni>
				</H12>
				<H14>
					<delka>4.2</delka>
					<prevyseni>180</prevyseni>
				</H14>
				<H18>
					<delka>7.8</delka>
					<prevyseni>310</prevyseni>
				</H18>
				<H21>
					<delka>12.9</delka>
					<prevyseni>490</prevyseni>
				</H21>
				<H35>
					<delka>9.0</delka>
					<prevyseni>340</prevyseni>
				</H35>
				<H50>
					<delka>6.9</delka>
					<prevyseni>280</prevyseni>
				</H50>
			</muzi>
			<zeny>
				<D12>
					<delka>1.6</delka>
					<prevyseni>80</prevyseni>
				</D12>
				<D14>
					<delka>3.3</delka>
					<prevyseni>120</prevyseni>
				</D14>
				<D16>
					<delka>4.0</delka>
					<prevyseni>140</prevyseni>
				</D16>
				<D18>
					<delka>4.8</delka>
					<prevyseni>180</prevyseni>
				</D18>
				<D20>
					<delka>6.0</delka>
					<prevyseni>200</prevyseni>
				</D20>
				<D21>
					<delka>9.2</delka>
					<prevyseni>350</prevyseni>
				</D21>
				<D35>
					<delka>6.9</delka>
					<prevyseni>280</prevyseni>
				</D35>				
			</zeny>
			<prichozi>
				<delka>5.0</delka>
				<prevyseni>200</prevyseni>
			</prichozi>
		</delky_trati>
		<poradatele>
			<poradatel oddil="KON">Igor Bednar</poradatel>
			<poradatel oddil="KON">Katka Slunecna</poradatel>
			<poradatel oddil="KON">Tomas Ruzny</poradatel>
			<poradatel oddil="KON">Jonatan Votruba</poradatel>
			<poradatel oddil="KON">Kamil Karnik</poradatel>
			<poradatel oddil="TZL">Lidie Kolomaznikova</poradatel>
			<poradatel oddil="ZPV">Leos Batalion</poradatel>
		</poradatele>
		<prezentace>V modrobilem stanu vedle parkoviste, 8:00-10:00.</prezentace>
		<mapa>Zloutenka 1:15000, stav 08/2008, e=5m</mapa>
	</zavod>
	<zavod zid="i110514006" typ="OZ">
		<datum>14.05.2011</datum>
		<misto>Kostelec nad Orlici</misto>
		<start>10:00</start>
		<poradajici_oddil zkratka="VAM">Vamberk</poradajici_oddil>
		<vzdalenosti>Start 2,1km, Cil 0,6km</vzdalenosti>
		<funkcionari>
			<reditel>ing. Jozo Kastelan</reditel>
			<stavitel>Jarda Pecena</stavitel>
			<rozhodci>Servac Kalich - R2</rozhodci>
		</funkcionari>
		<delky_trati>
			<muzi>
				<H10>
					<delka>1.1</delka>
					<prevyseni>80</prevyseni>
				</H10>
				<H12>
					<delka>2.8</delka>
					<prevyseni>120</prevyseni>
				</H12>
				<H14>
					<delka>3.8</delka>
					<prevyseni>180</prevyseni>
				</H14>
				<H20>
					<delka>6.5</delka>
					<prevyseni>380</prevyseni>
				</H20>
				<H21>
					<delka>10.1</delka>
					<prevyseni>650</prevyseni>
				</H21>
				<H35>
					<delka>7.0</delka>
					<prevyseni>410</prevyseni>
				</H35>
				<H50>
					<delka>5.2</delka>
					<prevyseni>310</prevyseni>
				</H50>
			</muzi>
			<zeny>
				<D12>
					<delka>1.0</delka>
					<prevyseni>70</prevyseni>
				</D12>
				<D14>
					<delka>3.0</delka>
					<prevyseni>110</prevyseni>
				</D14>
				<D21>
					<delka>7.1</delka>
					<prevyseni>440</prevyseni>
				</D21>
				<D35>
					<delka>5.9</delka>
					<prevyseni>270</prevyseni>
				</D35>	
				<D50>
					<delka>4.6</delka>
					<prevyseni>170</prevyseni>
				</D50>				
			</zeny>
			<prichozi>
				<delka>4.0</delka>
				<prevyseni>250</prevyseni>
			</prichozi>
		</delky_trati>
		<poradatele>
			<poradatel oddil="VAM">Jitka Posepna</poradatel>
			<poradatel oddil="VAM">Kamil Arnost</poradatel>
			<poradatel oddil="VAM">Vaclav Tarota</poradatel>
			<poradatel oddil="VAM">Alexandr Janatansky</poradatel>
		</poradatele>
		<pomocnici>
			Student		<pomocnik jmeno="Lukas Machuta" />
		</pomocnici>
		<prezentace>Vestibul u hospudky Na Vejminku, 8:30-10:00.</prezentace>
		<mapa>Karolinska obora 1:7500, stav 03/2010, e=5m</mapa>
	</zavod>
	<zavod zid="i110620012" typ="OZ">
		<datum>20.06.2011</datum>
		<misto>Potstejn</misto>
		<start>09:00</start>
		<poradajici_oddil zkratka="VAM">Vamberk</poradajici_oddil>
		<vzdalenosti>Start 1,5km, Cil 1,0km</vzdalenosti>
		<funkcionari>
			<reditel>ing. Jozo Kastelan</reditel>
			<stavitel>Tonda Bojan</stavitel>
			<rozhodci>Servac Kalich - R2</rozhodci>
		</funkcionari>
		<delky_trati>
			<muzi>
				<H10>
					<delka>1.4</delka>
					<prevyseni>80</prevyseni>
				</H10>
				<H12>
					<delka>2.6</delka>
					<prevyseni>100</prevyseni>
				</H12>
				<H14>
					<delka>3.0</delka>
					<prevyseni>120</prevyseni>
				</H14>
				<H16>
					<delka>4.0</delka>
					<prevyseni>150</prevyseni>
				</H16>
				<H20>
					<delka>6.9</delka>
					<prevyseni>320</prevyseni>
				</H20>
				<H21>
					<delka>9.9</delka>
					<prevyseni>500</prevyseni>
				</H21>
				<H35>
					<delka>7.2</delka>
					<prevyseni>350</prevyseni>
				</H35>
				<H50>
					<delka>5.2</delka>
					<prevyseni>310</prevyseni>
				</H50>
			</muzi>
			<zeny>
				<D14>
					<delka>3.0</delka>
					<prevyseni>110</prevyseni>
				</D14>
				<D20>
					<delka>6.0</delka>
					<prevyseni>300</prevyseni>
				</D20>
				<D21>
					<delka>7.1</delka>
					<prevyseni>400</prevyseni>
				</D21>
				<D35>
					<delka>5.9</delka>
					<prevyseni>270</prevyseni>
				</D35>	
				<D50>
					<delka>4.6</delka>
					<prevyseni>170</prevyseni>
				</D50>				
			</zeny>
			<prichozi>
				<delka>4.5</delka>
				<prevyseni>200</prevyseni>
			</prichozi>
		</delky_trati>
		<poradatele>
			<poradatel oddil="VAM">Jitka Posepna</poradatel>
			<poradatel oddil="VAM">Kamil Tetrev</poradatel>
			<poradatel oddil="VAM">Vaclav Tarota</poradatel>
			<poradatel oddil="SRK">Bohdan Galeon</poradatel>
			<poradatel oddil="VAM">Alexandr Janatansky</poradatel>
		</poradatele>
		<prezentace>Velky stan u cesty na hrad, 7:30-08:45.</prezentace>
		<mapa>Hrad Potstejn 1:10000, stav 03/2007, e=5m</mapa>
	</zavod>
	<nej_vysledky>
		<!-- Odkaz na id zavodu -->
		<vysledek kod="i110326004">
			<H>
				<kat_H21>
					<Misto1>Ivan Frajer</Misto1>
					<Misto2>John Iron</Misto2>
					<Misto3>Vladan Kanec</Misto3>
				</kat_H21>	
			</H>
		</vysledek>
		<!-- Odkaz na id zavodu -->
		<vysledek kod="i110327010">
			<D>
				<kat_D21>
					<Misto1>Bara Buclata</Misto1>
					<Misto2>Karla Ticha</Misto2>
					<Misto3>Valerie Burinkova</Misto3>
				</kat_D21>
			</D>
		</vysledek>
		<vysledek kod="i110514006">
			<H>
				<kat_H21>
					<Misto1>Jakub Malota</Misto1>
					<Misto2>Ivan Frajer</Misto2>
					<Misto3>Karel Bumbac</Misto3>
				</kat_H21>
			</H>
		</vysledek>
		<vysledek kod="i110620012">
			<H>
				<kat_H21>
					<Misto1>Vaclav Vydra</Misto1>
					<Misto2>Tomas Prokes</Misto2>
					<Misto3>Ivan Frajer</Misto3>
				</kat_H21>
			</H>
			<D>
				<kat_D21>
					<Misto1>Kamila Vetrna</Misto1>
					<Misto2>Ludmila Skakava</Misto2>
					<Misto3>Kata Sklozskova</Misto3>
				</kat_D21>
			</D>
		</vysledek>
	</nej_vysledky>
</OBzavody>
