<?xml version="1.0" encoding="UTF-8"?>
<!-- Databaze pocitacovych programu -->
<!-- Druha verze databaze -->
<!-- Milan Rybář -->
<databaze>
	<!-- Kategorie  -->
	<kategorie id="PC">
		<nazev>PC</nazev>
		<kategorie id="PodnikáníADomácnost">
			<nazev>Podnikání A Domácnost</nazev>
			<kategorie id="Ostatní">
				<nazev>Ostatní</nazev>
			</kategorie>
			<kategorie id="cad">
				<nazev>CAD a technika</nazev>
			</kategorie>
		</kategorie>
		<kategorie id="Komunikace">
			<nazev>Komunikace</nazev>
			<kategorie id="InstantMessengers">
				<nazev>Instant Messengers</nazev>
			</kategorie>
			<kategorie id="E-mail">
				<nazev>E-mail</nazev>
			</kategorie>
			<kategorie id="MobilníTelefony">
				<nazev>Mobilní telefony</nazev>
			</kategorie>
		</kategorie>
		<kategorie id="GrafikaADesign">
			<nazev>Grafika a design</nazev>
		</kategorie>
		<kategorie id="Grafika">
			<nazev>Grafika</nazev>
		</kategorie>
	</kategorie>
	
	<!-- Vyrobci a programy-->
	<vyrobci>
		<vyrobce id="google">
			<nazev>Google Inc.</nazev>
			<stranka>www.google.com</stranka>
			<program id="googleEarth">
				<nazev>Google Earth</nazev>
				<licence typ="freeware"/>
				<kategorie id="Ostatní"/>
				<stranka>http://earth.google.com</stranka>
				<os windowsXP="ano" windows7="ano"/>
				<velikost>716 kB</velikost>
				<stazeno>
					<celkem>1099462</celkem>
					<tyden>3324</tyden>
				</stazeno>
			</program>
			<program id="gmail">
				<nazev>GMail</nazev>
				<licence typ="freeware"/>
				<kategorie id="E-mail"/>
				<os windowsXP="ano" windows7="ano"/>
				<velikost>3 MB</velikost>
				<stazeno>
					<celkem>22070</celkem>
					<tyden>119</tyden>
				</stazeno>
			</program>
		</vyrobce>
		<vyrobce id="icq">
			<nazev>ICQ</nazev>
			<stranka>www.icq.com</stranka>
			<program id="icqProgram">
				<nazev>ICQ</nazev>
				<licence typ="freeware"/>
				<kategorie id="InstantMessengers"/>
				<os windowsXP="ano" windows7="ano"/>
				<velikost>16,0 MB</velikost>
				<stazeno>
					<celkem>8023759</celkem>
					<tyden>3675</tyden>
				</stazeno>
				<aktualizace>9. listopadu 2011</aktualizace>
			</program>
		</vyrobce>
		<vyrobce id="NCHswiftSound">
			<nazev>NCHswiftSound</nazev>
			<stranka>www.nch.com.au</stranka>
			<program id="toneGenerator">
				<nazev>Tone Generator</nazev>
				<licence typ="shareware"/>
				<kategorie id="Ostatní"/>
				<stranka>http://www.nch.com.au</stranka>
				<os windowsXP="ano" windows7="ano"/>
				<velikost>233,7 kB</velikost>
				<stazeno>
					<celkem>4319</celkem>
					<tyden>30</tyden>
				</stazeno>
				<aktualizace>3. března 2007</aktualizace>
			</program>
		</vyrobce>
		<vyrobce id="mozilla">
			<nazev>Mozilla.org</nazev>
			<stranka>www.mozilla.org</stranka>
			<program id="mozillaThunderbird">
				<nazev>Mozilla Thunderbird</nazev>
				<licence typ="freeware"/>
				<kategorie id="E-mail"/>
				<os windows7="ano" windowsXP="ano" linux="ano"/>
				<velikost>
					<os linux="ano">15,8 MB</os>; 
						<os windowsXP="ano">17,5 MB</os>
				</velikost>
				<stazeno>
					<celkem>258473</celkem>
					<tyden>533</tyden>
				</stazeno>
			</program>
		</vyrobce>
		<vyrobce id="Sunnysoft">
			<nazev>Sunnysoft, s. r. o.</nazev>
			<stranka>www.sunnysoft.cz</stranka>
			<program id="sunnysoftDictionary">
				<nazev>Sunnysoft Dictionary</nazev>
				<licence typ="demo">30 dní</licence>
				<kategorie id="MobilníTelefony"/>
				<stranka>http://www.sunnysoft.cz</stranka>
				<os windowsMobile="ano">Windows Mobile 5.0/Mobile 6.0 (1.3 PDA)</os>
				<velikost>3,9 MB</velikost>
				<stazeno>
					<celkem>6097</celkem>
					<tyden>20</tyden>
				</stazeno>
				<aktualizace>11. září 2008</aktualizace>
			</program>
		</vyrobce>
		<vyrobce id="Autodesk">
			<nazev>Autodesk</nazev>
			<stranka>www.autodesk.cz</stranka>
			<program id="autoCADLT">
				<nazev>AutoCAD LT</nazev>
				<licence typ="demo">30 dní</licence>
				<kategorie id="cad"/>
				<cena>od 34208,- Kč</cena>
				<stranka>http://www.autocadlt.cz</stranka>
				<os windowsXP="ano" windows7="ano"/>
				<velikost>916,0 MB</velikost>
				<stazeno>
					<celkem>12214</celkem>
					<tyden>83</tyden>
				</stazeno>
				<aktualizace>22. listopadu 2009</aktualizace>
			</program>
		</vyrobce>
	</vyrobci>
</databaze>
