<?xml version="1.0" encoding="UTF-8"?>
<!-- importovane faktury z jineho systemu, pouze vystavené -->
<faktury>
	<faktura cislo="2012351" zaplacena="ne">
		<pobocka>Pha</pobocka>
		<odberatel>s5</odberatel>
		<polozka>
			<popisek>Moje polozka</popisek>
			<cena>150</cena>
			<kusu>2</kusu>
			<dan>20</dan>
		</polozka>
		<polozka>
			<popisek>Moje druhá</popisek>
			<cena>200</cena>
			<kusu>1</kusu>
			<dan>20</dan>
		</polozka>
	</faktura>
	<faktura cislo="2012352" zaplacena="ne">
		<pobocka>Pha</pobocka>
		<odberatel>z12</odberatel>
		<polozka>
			<popisek>polozka</popisek>
			<cena>470</cena>
			<kusu>2</kusu>
			<dan>20</dan>
		</polozka>
	</faktura>
</faktury>