<?xml version="1.0" encoding="utf-8"?>
<!-- Detailni kontaktni informace z faktur -->
<Fakturace>
	<Kontakty>
		<Kontakt ID="z12">
			<KontaktniOsoba>Pavel Chytrý</KontaktniOsoba>
		</Kontakt>
		<Kontakt ID="z1">
			<KontaktniOsoba>Pavel Skoupý</KontaktniOsoba>
		</Kontakt>
		<Kontakt ID="z3">
			<KontaktniOsoba>Pavel Novák</KontaktniOsoba>
			<Adresa>
				<Ulice>Ulice</Ulice>
				<Mesto>Město</Mesto>
				<PSC>10100</PSC>
			</Adresa>
			<Telefon>123456789</Telefon>
			<Mail>info@domena.cz</Mail>		
		</Kontakt>
		<Kontakt ID="z5">
			<KontaktniOsoba>Pavel Novák</KontaktniOsoba>
			<Adresa>
				<Ulice>Ulice</Ulice>
				<Mesto>Město</Mesto>
				<PSC>10100</PSC>
			</Adresa>
			<Telefon>123456789</Telefon>
			<Mail>info@domena.cz</Mail>		
		</Kontakt>
		<Kontakt ID="z2">
			<KontaktniOsoba>Jan Novotný</KontaktniOsoba>
			<Firma>Firma s.r.o.</Firma>
			<Adresa>
				<Ulice>Ulice</Ulice>
				<Mesto>Město</Mesto>
				<PSC>10100</PSC>
			</Adresa>
			<Telefon>123456789</Telefon>
			<Mail>info@domena.cz</Mail>		
		</Kontakt>
		<Kontakt ID="z14">
			<Firma IC="1243" DIC="CZ2312">UAM CZ</Firma>
			<KontaktniOsoba>Jan Novak</KontaktniOsoba>
			<Adresa>
				<Ulice>Ulice</Ulice>
				<Mesto>Praha</Mesto>
				<PSC>10000</PSC>
				<Zeme>Česká republika</Zeme>
			</Adresa>
			<Telefon/>
			<Mail>vlada@mysh.cz</Mail>
		</Kontakt>
		<Kontakt ID="s5">
			<Firma>Alza.cz a.s.</Firma>
		</Kontakt>
		<Kontakt ID="d1">
			<Firma>Brno</Firma>
		</Kontakt>
		<Kontakt ID="d2">
			<Firma>Praha</Firma>
		</Kontakt>
	</Kontakty>
</Fakturace>
