<?xml version="1.0" encoding="UTF-8"?>
<Info>
	<sell datum="01.02.2014">
		<category>
			<name>Soup</name>
			<count_in_time>
				<breakfest>3</breakfest>
				<lunch>5</lunch>
				<dinner>2</dinner>
			</count_in_time>
		</category>
		<category>
			<name>Meat</name>
			<count/>
			<allergens/>
			<count_in_time>
				<breakfest>5</breakfest>
				<lunch>20</lunch>
				<dinner>45</dinner>
			</count_in_time>
		</category>
		<category>
			<name>Meatless</name>
			<count/>
			<allergens/>
			<count_in_time>
				<breakfest>15</breakfest>
				<lunch>50</lunch>
				<dinner>13</dinner>
			</count_in_time>
		</category>
		<category>
			<name>Fish</name>
			<count/>
			<allergens/>
			<count_in_time>
				<breakfest>22</breakfest>
				<lunch>5</lunch>
				<dinner>56</dinner>
			</count_in_time>
		</category>
	</sell>

</Info>
