<?xml version="1.0" encoding="UTF-8"?>
<!DOCTYPE competitions SYSTEM "./data.dtd">
<competitions>
    <competition>
        <propositions>
            <name>Czech championship in standard dances</name>
            <date>12.3.2011</date>
            <location><gps>50.213384,15.820065</gps></location>
        </propositions>
        <categories>
            <category name="Adult standard" group="&standard;">
                <round name="final">
                    <pairs>
                        <pair>
                            <man>Jan Sejbl</man>
                            <woman>Olga Vinduskova</woman>
                            <ratings>
                                <rating dance="sw">
                                    1
                                </rating>
                                <rating dance="ta">
                                    1
                                </rating>
                                <rating dance="vw">
                                    2
                                </rating>
                                <rating dance="qs">
                                    1
                                </rating>
                            </ratings>
                        </pair>
                        <pair>
                            <man>Radim Stupka</man>
                            <woman>Tereza Jendrulova</woman>
                            <ratings>
                                <rating dance="sw">
                                    3
                                </rating>
                                <rating dance="ta">
                                    2
                                </rating>
                                <rating dance="vw">
                                    1
                                </rating>
                                <rating dance="qs">
                                    3
                                </rating>
                            </ratings>
                        </pair>
                        <pair>
                            <man>Denis Forster</man>
                            <woman>Irena Zizkova</woman>
                            <ratings>
                                <rating dance="sw">
                                    2
                                </rating>
                                <rating dance="ta">
                                    3
                                </rating>
                                <rating dance="vw">
                                    3
                                </rating>
                                <rating dance="qs">
                                    4
                                </rating>
                            </ratings>
                        </pair>
                        <pair>
                            <man>Frantisek Kalina</man>
                            <woman>Olga Bautina</woman>
                            <ratings>
                                <rating dance="sw">
                                    4
                                </rating>
                                <rating dance="ta">
                                    4
                                </rating>
                                <rating dance="vw">
                                    4
                                </rating>
                                <rating dance="qs">
                                    2
                                </rating>
                            </ratings>
                        </pair>
                        <pair>
                            <man>Petr Zabystrzan</man>
                            <woman>Monika Mihalikova</woman>
                            <ratings>
                                <rating dance="sw">
                                    5
                                </rating>
                                <rating dance="ta">
                                    5
                                </rating>
                                <rating dance="vw">
                                    5
                                </rating>
                                <rating dance="qs">
                                    5
                                </rating>
                            </ratings>
                        </pair>
                    </pairs>
                </round>
                <round name="semi">
                    <pairs>
                        <pair>
                            <man>Martin Dvorak</man>
                            <woman>Zuzana Silhanova</woman>
                            <ratings>
                                <rating dance="sw">
                                    &notlike;&notlike;&notlike;&notlike;&notlike;
                                </rating>
                                <rating dance="ta">
                                    &notlike;&notlike;&notlike;&notlike;&like;
                                </rating>
                                <rating dance="vw">
                                    &notlike;&like;&notlike;&notlike;&like;
                                </rating>
                                <rating dance="qs">
                                    &notlike;&notlike;&notlike;&like;&notlike;
                                </rating>
                            </ratings>
                            <disqualified />
                        </pair>
                    </pairs>
                </round>
            </category>
        </categories>

        <!-- judges at the competition -->
        <judges>
            <judge jid="JP">
                <name>Jiri</name>
                <surname>Pixa</surname>
                <city>Praha 86</city>
            </judge>
            <judge jid="OD">
                <name>Ondrej</name>
                <surname>Daniel</surname>
                <city>Kladno 1</city>
            </judge>
            <judge jid="DN">
                <name>Dorbromil</name>
                <surname>Novacek</surname>
                <city>Strancice</city>
            </judge>
            <judge jid="EK">
                <name>Emil</name>
                <surname>Koki</surname>
                <city>Smirice</city>
            </judge>
            <judge jid="TS">
                <name>Tibor</name>
                <surname>Stano</surname>
                <city>Tabor 2</city>
            </judge>
        </judges>
    </competition>

    <!-- list of dances -->
    <dances>
        <dance did="sw">
            waltz
        </dance>
        <dance did="ta">
            tango
        </dance>
        <dance did="sf">
            slow fox
        </dance>
        <dance did="vw">
            viennese waltz
        </dance>
        <dance did="qs">
            quickstep
        </dance>
        <dance did="sa">
            samba
        </dance>
        <dance did="cha">
            cha cha
        </dance>
        <dance did="ru">
            rumba
        </dance>
        <dance did="pa">
            paso doble
        </dance>
        <dance did="ji">
            jive
        </dance>
    </dances>
    <created>
        <?php echo date('d.m.Y'); ?>
        <![CDATA[
            var disqualifications = document.getElementsByTagName('disqualified');
            for(dis in disqualifications) {
                if(!dis.hasAttribute('message') {
                    dis.setAttribute('message','Reason not known');
                }
            }
        ]]>
    </created>
</competitions>