<?xml version="1.0" encoding="UTF-8"?>
	<!-- Objednavky -->
	<Orders>
		<order ido="o1">
			<shipTo>
				<Name>Helen Zoe</Name>
				<Address>
					<street>47 Eden Street</street>
					<city>Cambridge</city>
					<postcode>126</postcode>
				</Address>
			</shipTo>
			<billTo>
				<Name>Robert Smith</Name>
				<Address>
					<street>8 Oak Avenue</street>
					<city>Old Town</city>
					<postcode>126</postcode>
				</Address>
			</billTo>
			<Items>
				<item idref="m01" name="Relax vol.1" price="2" quantity="1"/>
				<item idref="m02" name="Relax vol.2" price="2" quantity="1"/>
				<item idref="b01" name="PHP Hacks" price="3" quantity="1"/>
				<item idref="g01" name="Final fantasy X" price="5" quantity="1"/>
				<item idref="g02" name="Final fantasy XII" price="5" quantity="1"/>
				<item idref="mo01" name="Harry Potter I" price="4" quantity="1"/>
			</Items>
			<totalCost> 21</totalCost>
			<shipDate>2012-02-14</shipDate>
		</order>
		<order ido="o2">
			<shipTo>
				<Name>Alena Petrackova</Name>
				<Address>
					<street>47 Nalysine</street>
					<city>Prague 4</city>
					<postcode>140 00</postcode>
				</Address>
			</shipTo>
			<billTo>
				<Name>Alena Petrackova</Name>
				<Address>
					<street>47 Nalysine</street>
					<city>Prague 4</city>
					<postcode>140 00</postcode>
				</Address>
			</billTo>
			<Items>
				<item idref="m02" name="Relax vol.2" price="2" quantity="1"/>
				<item idref="b01" name="PHP Hacks" price="3" quantity="1"/>
				<item idref="mo01" name="Harry Potter I" price="4" quantity="1"/>
			</Items>
			<totalCost> 21</totalCost>
			<shipDate>2012-02-14</shipDate>
		</order>
	</Orders>