<?xml version="1.0" encoding="UTF-8"?>

<!-- LEKARSKY DOTAZNIK DIABETES -->
<!-- vypracovala Kristina Bartova -->
<!-- dotaznik popisuje pacientovu diagnostiku a narizenou lecbu -->

<!DOCTYPE dotazniky SYSTEM "data.dtd">

<dotazniky>
	<dotaznik typ="diabetes" form_id="d001">
		<pacient person_id="p001" mother_id="p002" father_id="p003">
			<jmeno>Jean</jmeno>
			<prijmeni>Smith</prijmeni>
			<titul/>
			<foto/>
			<pohlavi typ="zena"/>
			<postava>
				<vaha>89</vaha>
				<vyska>162</vyska>
			</postava>
			<dat_narozeni>
				<den>1</den>
				<mesic>2</mesic>
				<rok>1985</rok>
			</dat_narozeni>
			<adresa>
				<ulice>Sepotalova 18</ulice>
				<mesto>Havlickuv Brod</mesto>
				<psc>58001</psc>
				<stat>CR</stat>
			</adresa>
			<anamneza>
				<matka person_id="p002">
					<jmeno>Parker</jmeno>
					<prijmeni>Smith</prijmeni>
					<choroby>cukrovka, infarkt</choroby>
				</matka>
				<otec person_id="p003">
					<jmeno>Livia</jmeno>
					<prijmeni>Smith</prijmeni>
					<choroby/>
				</otec>				
			</anamneza>
			<pojistovna>VZP</pojistovna>
		</pacient>
		
		<nemoc>
			<vysetreni>
				<lekar>&lekar;</lekar>
				<dat_vysetreni>
					<den>22</den>
					<mesic>2</mesic>
					<rok>2012</rok>
				</dat_vysetreni>				
			</vysetreni>
			<diagnostika>
				<potize>
					<priznaky>zizen, unava</priznaky>
					<dat_hypoglyk>
						<den>19</den>
						<mesic>2</mesic>
						<rok>2012</rok>
					</dat_hypoglyk>				
					<hodn_hypoglyk>4,0 mmol/l</hodn_hypoglyk>
				</potize>
				<nalez>A</nalez>
			</diagnostika>
			<lecba>
				<inzulin>BD-812</inzulin>
				<mnozstvi>2 mmol<sup>-1</sup></mnozstvi>
				<dieta>A</dieta>
			</lecba>
			<poznamka>
				<p><![CDATA[
				  for (i=0; i < 10; $++)
				  {
				    document.writeln("<p>Byly naměřeny hodnoty 2x > je normál & pacientka má příliš rozšířené zornice.</p>");
				  
				]]></p>
				<p>Prohlidku provedl lekar &lekar; dne <?php echo Date("d.m.y")?>.</p>
			</poznamka>
		</nemoc>
	</dotaznik>
</dotazniky>