<?xml version="1.0" encoding="UTF-8"?>
<!DOCTYPE DatabazeFilmu SYSTEM "data.dtd">

<DatabazeFilmu>
    
        <!-- nasleduje vycet FILMU -->
     
  <seznamFilmu>   
    <film id="idf_1" nazev="I Robot">
        <ucinkuje id="idh_1" />
        <ucinkuje id="idh_2" />
        <rok>1990</rok>
        <reziser jmeno="Alex Pryas">
            <pocetFilmu>15</pocetFilmu>
            <rating>5.3</rating>
        </reziser>
        <zanr>Sci-fi</zanr>
        <delka>94</delka>

    </film>

    <film id="idf_2" nazev="Star Wars">
        <ucinkuje id="idh_2" />
        <ucinkuje id="idh_3" />
        <rok>1982</rok>
        <reziser jmeno="Stephen Spielberg">
            <pocetFilmu>27</pocetFilmu>
            <rating>7.3</rating>
        </reziser>
        <zanr>Sci-fi</zanr>
        <zeme>USA</zeme>
        <delka>106</delka>
        <hodnoceni>95%</hodnoceni>
        <rozpocet>95 milionu</rozpocet>
        <vydelek>230 milionu</vydelek>
        <obsah>Epicke vypraveni z galaxie far,far away</obsah>
    
    </film>

    <film id="idf_3" nazev="The Cube">
        <ucinkuje id="idh_1" />
        <rok>1995</rok>
        <reziser jmeno="Vincenzo Natali">
            <pocetFilmu>12</pocetFilmu>
            <rating>4.2</rating>
        </reziser>
        <zanr>Thriller</zanr>
        <delka>120</delka>
    </film>
 </seznamFilmu>

        <!-- nasleduje vycet HERCU -->
 <seznamHercu>
    <herec id="idh_1" jmeno="Robert De Niro" pohlavi="muz">
        <adresa>
            <stat>Uzbekistan</stat>
            <mesto>Los Angeles</mesto>
            <PSC>27000</PSC>
            <ulice>Rimmanova</ulice>
        </adresa>
        <datumNarozeni>24.5.1980</datumNarozeni>
        <vyska>198</vyska>
        <obdrzeneCeny>
            <hlavniRole>
                <vKomercnimFilmu>Zabijak z predmesti</vKomercnimFilmu>
                <vNezavislemFilmu>Jedna noha netleska</vNezavislemFilmu>
            </hlavniRole>
            <vedlejsiRole>
                <vKomercnimFilmu>Dve nohy a pes</vKomercnimFilmu>
                <vNezavislemFilmu>Dve nohy v ceste</vNezavislemFilmu>                
            </vedlejsiRole>
        </obdrzeneCeny>
    </herec>

    <herec id="idh_2" jmeno="Keanu Reeves" pohlavi="muz">
        <adresa>
            <stat>Gruzie</stat>
            <mesto>Brno</mesto>
            <PSC>13000</PSC>
            <ulice>Adlerstrasse</ulice>
        </adresa>
        <datumNarozeni>24.8.1982</datumNarozeni>
        <vyska>179</vyska>
    </herec>

    <herec id="idh_3" jmeno="Nice Kidman" pohlavi="zena">
        <adresa>
            <stat>Ceska Republika</stat>
            <mesto>Pragl</mesto>
            <PSC>15000</PSC>
            <ulice>Ceskobratrska</ulice>
        </adresa>
        <datumNarozeni>24.9.1960</datumNarozeni>
        <vyska>170</vyska>
        <webpodpis><![CDATA[
                document.writeln("<font color="blue">Jsem strasna frajerka<p>Nicole Kidman</p></font>");
            ]]>
        </webpodpis>
    </herec>
 </seznamHercu>

<aktualniDatum><?php echo Date("d.m.Y")?></aktualniDatum>
</DatabazeFilmu>
