<?xml version="1.0"?>
<!-- XML odpovida JEDNOMU zkracenemu pozadavku na rezervacni system nejakeho hotelu. -->

<rezervace rid="R042">	
	<pokoje>
		<pokoj>A26</pokoj>
	</pokoje>
	
	<osoby>				
		<osoba cislo_pasu="204740412-4" pohlavi="M" tarif="dospely" vek="42">
			<jmeno>Ned</jmeno>
			<prijmeni>Flanders</prijmeni>
			<narodnost>Canada</narodnost>
			<jednatel/>
			<deti>
				<osoba cislo_pasu="578134418-3" pohlavi="M" tarif="dite" vek="12">
					<jmeno>Rod</jmeno>
					<prijmeni>Flanders</prijmeni>
					<narodnost>Canada</narodnost>
					<deti />
				</osoba>
				
				<osoba cislo_pasu="578133070-9" pohlavi="M" tarif="dite" vek="14">
					<jmeno>Todd</jmeno>
					<prijmeni>Flanders</prijmeni>
					<narodnost>Canada</narodnost>
					<deti />
				</osoba>
			</deti>
		</osoba>
		
		<osoba cislo_pasu="204740418-4" pohlavi="Z" tarif="dospely" vek="39">
			<jmeno>Maude</jmeno>
			<prijmeni>Flanders</prijmeni>
			<narodnost>Canada</narodnost>
			<deti />
		</osoba>
	</osoby>
</rezervace>