<?xml version="1.0" encoding="UTF-8"?>
<!--
*********** NOTE ***************************************************************

All relevant files are inside the xquery directory.
-->
<hearthstone xmlns:xsi="http://www.w3.org/2001/XMLSchema-instance" xsi:noNamespaceSchemaLocation="data.xsd">
	<heroes>
		<hero id="8">
			<name>Jaina Proudmoore</name>
			<class>Mage</class>
			<ability>
				<name>Fireblast</name>
				<description>Deal 1 damage.</description>
			</ability>
		</hero>
		<hero id="2">
			<name>Uther Lightbringer</name>
			<class>Paladin</class>
			<ability>
				<name>Reinforce</name>
				<description><mref mech-id="m6"/> a 1/1 Silver Hand Recruit.</description>
			</ability>
		</hero>
		<hero id="11">
			<name>Malfurion Stormrage</name>
			<class>Druid</class>
			<ability>
				<name>Shapeshift</name>
				<description>+1 Attack this turn. +1 Armor.</description>
			</ability>
		</hero>
		<hero id="3">
			<name>Rexxar</name>
			<class>Hunter</class>
			<ability>
				<name>Steady Shot</name>
				<description>Deal 2 damage to the enemy hero.</description>
			</ability>
		</hero>
		<hero id="5">
			<name>Anduin Wrynn</name>
			<class>Priest</class>
			<ability>
				<name>Lesser Heal</name>
				<description>Restore 2 Health.</description>
			</ability>
		</hero>
		<hero id="4">
			<name>Valeera Sanguinar</name>
			<class>Rogue</class>
			<ability>
				<name>Dagger Mastery</name>
				<description>Equip a 1/2 Dagger.</description>
			</ability>
		</hero>
		<hero id="7">
			<name>Thrall</name>
			<class>Shaman</class>
			<ability>
				<name>Totemic Call</name>
				<description>Summon a random Totem.</description>
			</ability>
		</hero>
		<hero id="9">
			<name>Gul'dan</name>
			<class>Warlock</class>
			<ability>
				<name>Life Tap</name>
				<description>Draw a card and take 2 damage.</description>
			</ability>
		</hero>
		<hero id="1">
			<name>Garrosh Hellscream</name>
			<class>Warrior</class>
			<ability>
				<name>Armor Up!</name>
				<description>Gain 2 Armor.</description>
			</ability>
		</hero>
	</heroes>
	<cards>
		<spell id="c1" quality="epic">
			<img>EX1_279</img>
			<name>Pyroblast</name>
			<class id="8"/>
			<cost>10</cost>
			<description>Deal 10 damage.</description>
		</spell>
		<weapon id="c2" quality="basic">
			<img>CS2_097</img>
			<name>Truesilver Champion</name>
			<class id="2"/>
			<cost>4</cost>
			<description>Whenever your hero attacks, restore 2 Health to it.</description>
			<attack>4</attack>
			<durability>2</durability>
		</weapon>
		<minion id="c3" quality="basic">
			<img>CS2_232</img>
			<name>Ironbark Protector</name>
			<class id="11"/>
			<cost>8</cost>
			<description><mref mech-id="m5"/></description>
			<attack>8</attack>
			<health>8</health>
		</minion>
		<spell id="c4" quality="common">
			<img>EX1_538</img>
			<name>Unleash the Hounds</name>
			<class id="3"/>
			<cost>2</cost>
			<description>For each enemy minion, summon a 1/1 Hound with <mref mech-id="m2"/>.</description>
		</spell>
		<minion id="c5" quality="epic">
			<img>EX1_091</img>
			<name>Cabal Shadow Priest</name>
			<class id="5"/>
			<cost>6</cost>
			<description><mref mech-id="m3"/>: Take control of an enemy minion that has 2 or less Attack.</description>
			<attack>4</attack>
			<health>5</health>
		</minion>
		<spell id="c6" quality="rare">
			<img>CS2_233</img>
			<name>Blade Flurry</name>
			<class id="4"/>
			<cost>2</cost>
			<description>Destroy your weapon and deal its damage to all enemies.</description>
		</spell>
		<minion id="c7" quality="basic">
			<img>CS2_042</img>
			<name>Fire Elemental</name>
			<class id="7"/>
			<cost>6</cost>
			<description><mref mech-id="m3"/>: Deal 3 damage.</description>
			<attack>6</attack>
			<health>5</health>
		</minion>
		<spell id="c8" quality="rare">
			<img>EX1_303</img>
			<name>Shadowflame</name>
			<class id="9"/>
			<cost>4</cost>
			<description>Destroy a friendly minion and deal its Attack damage to all enemy minions.</description>
		</spell>
		<minion id="c9" quality="legendary">
			<img>EX1_414</img>
			<name>Grommash Hellscream</name>
			<class id="1"/>
			<cost>8</cost>
			<description><mref mech-id="m2"/>. <mref mech-id="m4"/>: +6 Attack</description>
			<attack>4</attack>
			<health>9</health>
		</minion>
		<minion id="c10" quality="common">
			<img>EX1_048</img>
			<name>Spellbreaker</name>
			<cost>4</cost>
			<description><mref mech-id="m3"/>: <mref mech-id="m1"/> a minion.</description>
			<attack>4</attack>
			<health>3</health>
		</minion>
		<minion id="c11" quality="epic" type="Murloc">
			<img>EX1_507</img>
			<name>Murloc Warleader</name>
			<cost>3</cost>
			<description>ALL other Murlocs have +2/+1.</description>
			<attack>3</attack>
			<health>3</health>
		</minion>
		<minion id="c12" quality="basic" type="Beast">
			<img>CS2_172</img>
			<name>Bloodfen Raptor</name>
			<cost>2</cost>
			<description/>
			<attack>3</attack>
			<health>2</health>
		</minion>
	</cards>
	<mechanics>
		<mechanic id="m1">
			<name>Silence</name>
			<description>Removes all card text and enchantments.</description>
		</mechanic>
		<mechanic id="m2">
			<name>Charge</name>
			<description>Can attack immediately.</description>
		</mechanic>
		<mechanic id="m3">
			<name>Battlecry</name>
			<description>Does something when you play it from your hand.</description>
		</mechanic>
		<mechanic id="m4">
			<name>Enrage</name>
			<description>While damaged, this minion has a new power.</description>
		</mechanic>
		<mechanic id="m5">
			<name>Taunt</name>
			<description>Enemies must attack this minion.</description>
		</mechanic>
		<mechanic id="m6">
			<name>Summon</name>
			<description>Places another minion on the battlefield.</description>
		</mechanic>
	</mechanics>
</hearthstone>
