<?xml version="1.0"?>
<!DOCTYPE seznamAkci SYSTEM "data.dtd">

<?xml-stylesheet href="style.css" type="text/css"?>

<!--instrukce pro zpracování - použití CSS stylů pro zobrazení-->
<seznamAkci>
	<udalost typ="koncert" id="birds">
		<skupina><![CDATA["Noel Gallagher & the High Flying Birds"]]></skupina>
		<poradatel>
			<jmeno>Michal Holy</jmeno>
			<telefon cislo="723 342 421">
				<mobilni/>
			</telefon>
			<adresa>
				<ulice>Liberecka</ulice>
				<cp>320</cp>
				<mesto nazev="Plzen">
					<psc>26432</psc>
					<kraj/>
				</mesto>
			</adresa>
		</poradatel>
		<misto>
			<nazev>Seagul arena</nazev>
			<adresa>
				<ulice>Cernohorska</ulice>
				<cp>520</cp>
				<mesto nazev="Plzen">
					<psc>26432</psc>
					<kraj/>
				</mesto>
			</adresa>
		</misto>
		<textPoradatele>
			&text;
		</textPoradatele>
		<pocetMist>450</pocetMist>
		<termin>
			<den>13.5.2013</den>
			<od>18:00</od>
			<do>20:00</do>
		</termin>
		<sponzor>
			<jmeno>Behringer a.s.</jmeno>
			<telefon cislo="643 853 256"/>
		</sponzor>
		<sponzor>
			<jmeno>Festina</jmeno>
			<telefon cislo="625342532"/>
		</sponzor>
		<sponzor>
			<jmeno>Karel Novy</jmeno>
			<telefon cislo="742315984"/>
		</sponzor>
	</udalost>
		<udalost typ="festival" id="usti_fest">
		<!--Vyuziti sekce CDATA - znak '&' je specialni znak-->
		<skupina><![CDATA["Noel Gallagher & the High Flying Birds"]]></skupina>
		<skupina>The Stereophonics</skupina>
		<skupina>Bald Bear</skupina>
		<poradatel>
			<jmeno>Frantisek Straka</jmeno>
			<telefon cislo="723 347 352">
				<mobilni/>
			</telefon>
			<adresa>
				<ulice>Palachova</ulice>
				<cp>313</cp>
				<mesto nazev="Praha">
					<psc>26432</psc>
					<kraj/>
				</mesto>
			</adresa>
		</poradatel>
		<misto>
			<nazev>White Socks Stadium</nazev>
			<adresa>
				<ulice>Palachova</ulice>
				<cp>520</cp>
				<mesto nazev="Usti nad Labem">
					<psc>25634</psc>
					<kraj/>
				</mesto>
			</adresa>
		</misto>
		<textPoradatele>
			Po koncertu v Plzni (<odkaz id="birds"></odkaz>) je ocekavan specialni host - <![CDATA["Noel Gallagher & the High Flying Birds"]]>
		</textPoradatele>
		<pocetMist>800</pocetMist>
		<termin>
			<denOd>5. 6. 2013</denOd>
			<denDo>8. 6. 2013</denDo>
		</termin>
		<sponzor>
			<jmeno>ATT a.s.</jmeno>
			<telefon cislo="643 134 256"/>
		</sponzor>
		<sponzor>
			<jmeno>Volkswagen</jmeno>
			<telefon cislo="245 342 532"/>
		</sponzor>
		<sponzor>
			<jmeno>Karel Novy</jmeno>
			<telefon cislo="742 315 984"/>
		</sponzor> 
	</udalost>
</seznamAkci>