<?xml version="1.0" encoding="UTF-8"?>
<database>
<GeocodeResponse id="1" >
 <status>OK</status>
 <result>
  <type>street_address</type>
  <formatted_address>Machkova 2127/3, 149 00 Praha 4-Chodov, Česká republika</formatted_address>
  <address_component>
   <long_name>3</long_name>
   <short_name>3</short_name>
   <type>street_number</type>
  </address_component>
  <address_component>
   <long_name>2127</long_name>
   <short_name>2127</short_name>
   </address_component>
  <address_component>
   <long_name>Machkova</long_name>
   <short_name>Machkova</short_name>
   <type>route</type>
  </address_component>
  <address_component>
   <long_name>Chodov</long_name>
   <short_name>Chodov</short_name>
   <type>neighborhood</type>
   <type>political</type>
  </address_component>
  <address_component>
   <long_name>Praha 4</long_name>
   <short_name>Praha 4</short_name>
   <type>sublocality</type>
   <type>political</type>
  </address_component>
  <address_component>
   <long_name>Praha</long_name>
   <short_name>Praha</short_name>
   <type>locality</type>
   <type>political</type>
  </address_component>
  <address_component>
   <long_name>Hlavní město Praha</long_name>
   <short_name>Hlavní město Praha</short_name>
   <type>administrative_area_level_2</type>
   <type>political</type>
  </address_component>
  <address_component>
   <long_name>Hlavní město Praha</long_name>
   <short_name>Hlavní město Praha</short_name>
   <type>administrative_area_level_1</type>
   <type>political</type>
  </address_component>
  <address_component>
   <long_name>Česká republika</long_name>
   <short_name>CZ</short_name>
   <type>country</type>
   <type>political</type>
  </address_component>
  <address_component>
   <long_name>149 00</long_name>
   <short_name>149 00</short_name>
   <type>postal_code</type>
  </address_component>
  <address_component>
   <long_name>Praha 415</long_name>
   <short_name>Praha 415</short_name>
   <type>postal_town</type>
  </address_component>
  <geometry>
   <location>
    <lat>50.0333005</lat>
    <lng>14.5122734</lng>
   </location>
   <location_type>ROOFTOP</location_type>
   <viewport>
    <southwest>
     <lat>50.0319515</lat>
     <lng>14.5109244</lng>
    </southwest>
    <northeast>
     <lat>50.0346495</lat>
     <lng>14.5136224</lng>
    </northeast>
   </viewport>
  </geometry>
 </result>
</GeocodeResponse>
<GeocodeResponse id="2">
 <status>OK</status>
 <result>
  <type>neighborhood</type>
  <type>political</type>
  <formatted_address>Chodov, Praha 4, Česká republika</formatted_address>
  <address_component>
   <long_name>Chodov</long_name>
   <short_name>Chodov</short_name>
   <type>neighborhood</type>
   <type>political</type>
  </address_component>
  <address_component>
   <long_name>Praha 4</long_name>
   <short_name>Praha 4</short_name>
   <type>sublocality</type>
   <type>political</type>
  </address_component>
  <address_component>
   <long_name>Praha</long_name>
   <short_name>Praha</short_name>
   <type>locality</type>
   <type>political</type>
  </address_component>
  <address_component>
   <long_name>Hlavní město Praha</long_name>
   <short_name>Hlavní město Praha</short_name>
   <type>administrative_area_level_2</type>
   <type>political</type>
  </address_component>
  <address_component>
   <long_name>Hlavní město Praha</long_name>
   <short_name>Hlavní město Praha</short_name>
   <type>administrative_area_level_1</type>
   <type>political</type>
  </address_component>
  <address_component>
   <long_name>Česká republika</long_name>
   <short_name>CZ</short_name>
   <type>country</type>
   <type>political</type>
  </address_component>
  <geometry>
   <location>
    <lat>50.0328897</lat>
    <lng>14.5006477</lng>
   </location>
   <location_type>APPROXIMATE</location_type>
   <viewport>
    <southwest>
     <lat>50.0185529</lat>
     <lng>14.4686329</lng>
    </southwest>
    <northeast>
     <lat>50.0472222</lat>
     <lng>14.5326625</lng>
    </northeast>
   </viewport>
   <bounds>
    <southwest>
     <lat>50.0212951</lat>
     <lng>14.4694783</lng>
    </southwest>
    <northeast>
     <lat>50.0444843</lat>
     <lng>14.5318171</lng>
    </northeast>
   </bounds>
  </geometry>
 </result>
</GeocodeResponse>
<GeocodeResponse id="3">
 <status>OK</status>
 <result>
  <type>street_address</type>
  <formatted_address>1600 Amphitheatre Pkwy, Mountain View, Kalifornie 94043, Spojené státy americké</formatted_address>
  <address_component>
   <long_name>1600</long_name>
   <short_name>1600</short_name>
   <type>street_number</type>
  </address_component>
  <address_component>
   <long_name>Amphitheatre Pkwy</long_name>
   <short_name>Amphitheatre Pkwy</short_name>
   <type>route</type>
  </address_component>
  <address_component>
   <long_name>Mountain View</long_name>
   <short_name>Mountain View</short_name>
   <type>locality</type>
   <type>political</type>
  </address_component>
  <address_component>
   <long_name>Santa Clara County</long_name>
   <short_name>Santa Clara County</short_name>
   <type>administrative_area_level_2</type>
   <type>political</type>
  </address_component>
  <address_component>
   <long_name>Kalifornie</long_name>
   <short_name>CA</short_name>
   <type>administrative_area_level_1</type>
   <type>political</type>
  </address_component>
  <address_component>
   <long_name>Spojené státy americké</long_name>
   <short_name>US</short_name>
   <type>country</type>
   <type>political</type>
  </address_component>
  <address_component>
   <long_name>94043</long_name>
   <short_name>94043</short_name>
   <type>postal_code</type>
  </address_component>
  <geometry>
   <location>
    <lat>37.4221656</lat>
    <lng>-122.0830063</lng>
   </location>
   <location_type>ROOFTOP</location_type>
   <viewport>
    <southwest>
     <lat>37.4208166</lat>
     <lng>-122.0843553</lng>
    </southwest>
    <northeast>
     <lat>37.4235146</lat>
     <lng>-122.0816573</lng>
    </northeast>
   </viewport>
  </geometry>
 </result>
</GeocodeResponse>
</database>
