<?xml version="1.0" encoding="UTF-8"?>
<?xml-stylesheet href="beatles.xsl" type="text/xsl"?>

<!DOCTYPE database SYSTEM "data.dtd">

<database>
    <!--beginning of database-->
    <band id="b01">
        <name bandID="b01">Imelda May</name>
        <leader>Imelda May</leader>
        <members>
            <member>
                <fullname>Imelda May</fullname>
                <instrument>vocal</instrument>
            </member>
            <member>
                <fullname>Darrel Higham</fullname>
                <instrument>guitar</instrument>
            </member>
            <member>
                <fullname>Steve Rushton</fullname>
                <instrument>drums</instrument>
            </member>
        </members>
        <nationality>Irish</nationality>
        <genre spec="rock" note="rock mixed with rock'n'roll"/>
        <albums bandID="b01">Mayhem (2010), Love Tattoo (2008)</albums>
        <rating>8.4</rating>
        <contact>hugh@soundadvice.uk.com</contact>
        <events>
            Planning tour in summer!
            &cs;
            <event>
                <date>24/04/2012</date>
                <time>7:30</time>
                <place>UK De La Warr Pavillion</place>
            </event>
            <event>
                <date>04/05/2012</date>
                <time>8:30</time>
                <place>
                    <adress>
                        <street>Annenstraße 8</street>
                        <city>Berlin</city> 
                        <country>Deutschland</country>
                    </adress>
                </place>
            </event>
        </events>
        <bio>
            Imelda May was born on 10 July 1974.
        </bio>
        <links>http://www.imeldamay.co.uk/</links>
    </band>
    
    <band id="b02">
        <name>Us3</name>
        <leader>Geoff Wilkinson</leader>
        <members>
            <member>
                <fullname>Geoff Wilkinson</fullname>
                <instrument>beats</instrument>
            </member>
            <member>
                <fullname>Bryan Corbett</fullname>
                <instrument>trumpet</instrument>
            </member>
            <member>
                <fullname>Ed Jones</fullname>
                <instrument>sax</instrument>
            </member>
        </members>
        <nationality>British</nationality>
        <genre spec="jazz-rap"/>
        <albums>Lie, Cheat &amp; Steal, new album &cs;</albums>
        <rating>8.7</rating>
        <contact>booking@Us3.com</contact>
        <events>
            We don't have any incoming events, sorry...
        </events>
        <bio><![CDATA[
            Us3 is the brainchild of London-based producer Geoff Wilkinson. 
            Formed in 1992, alongside production partner Mel Simpson, Us3 rose 
            from the ashes of 2 previous incarnations. The first was a limited 
            edition white label 12” release in 1990 called “Where Will We Be 
            In The 21st Century” featuring rapper MC Honey B and jazz pianist 
            Jessica Lauren.
	]]>
        </bio>
        <links>http://www.us3.com/</links>
        
    </band>
    
    <band id="b03">
        <name>Lana Del Rey</name>
        <leader>Lana Del Rey</leader>
        <members>
            <member>
                <fullname>Elizabeth Grant</fullname>
                <instrument>vocals</instrument>
            </member>
        </members>
        <nationality>USA</nationality>
        <genre spec="unspecified"/>
        <albums bandID="b03">Born to Die(2012)</albums>
        <contact>http://twitter.com/#!/lanadelrey</contact>
        <bio>Elizabeth Woolridge Grant(born June 21, 1986), better known by her stage name 
            Lana Del Rey, is an American singer-songwriter. She has been described as a "
            self-styled gangsta Nancy Sinatra", and cites Britney Spears, Elvis Presley and 
            Kurt Cobain amongst her musical influences. Del Rey possesses a contralto vocal range.
            Del Rey's major-label debut album, Born to Die, debuted at number one in seven 
            countries, including the United Kingdom and Australia, and at number two in six countries, 
            including the United States. The album has spawned two worldwide top 10 hits: "Video Games" 
            and "Born to Die".
        </bio>
        <links>http://www.lanadelrey.com/</links>
    </band>
    
    
    <!--the end of database-->
</database>
