<?xml version="1.0" encoding="UTF-8" standalone="no"?>

<bookstore xmlns:xsi="http://www.w3.org/2001/XMLSchema-instance" xsi:noNamespaceSchemaLocation="data.xsd">
	<!-- catalog of books -->
	<catalog>
		<book isbn="i9788055123622" instock="yes">
			<title>Nákaza</title>
			<title_original>The Fall</title_original>
			<authors>
				<author>Guillermo del Toro</author>
				<author>Chuck Hogan</author>
			</authors>
			<categories>
				<category>Adventure</category>
				<category>Thriller</category>
			</categories>
			<price amount="11.12">EUR</price>
		</book>
		<book isbn="i9780340896969" instock="yes">
			<title>One day</title>
			<title_original>One day</title_original>
			<authors>
				<author>David Nicholls</author>
			</authors>
			<categories>
				<category>Drama</category>
			</categories>
			<price amount="7.40">EUR</price>
		</book>
		<book isbn="i9788073461249" instock="no">
			<title>Místa české historie</title>
			<title_original>Místa české historie</title_original>
			<categories>
				<category>History</category>
			</categories>
			<price amount="11.29">EUR</price>
		</book>
		<book isbn="i9788024736754" instock="no">
			<title>Lektorské finty</title>
			<title_original>Lektorské finty</title_original>
			<categories>
				<category>Coursebook</category>
			</categories>
			<price amount="5.68">EUR</price>
		</book>
		<book isbn="i9788080856816" instock="no">
			<title>Prekliate miesto</title>
			<authors>
				<author>Fred Vargas</author>
			</authors>
			<categories>
				<category>Fantasy</category>
			</categories>
			<price amount="8.86">EUR</price>
		</book>
		<book isbn="i9788020611833" instock="yes">
			<title>Ruská elita</title>
			<categories>
				<category>History</category>
			</categories>
			<price amount="7.79">EUR</price>
		</book>
		<book isbn="i9788022013932" instock="yes">
			<title>Ohlásená vražda</title>
			<authors>
				<author>Agatha Christie</author>
			</authors>
			<categories>
				<category>Crime</category>
			</categories>
			<price amount="3.62">EUR</price>
		</book>
	</catalog>
	<!-- list of orders -->
	<orders>
		<order orderid="id_1" state="pending">
			<customer>
				<meno titul="None">Janko Mrkvička</meno>
				<address>Záhradnícka 123, Konopná 987 65,SR</address>
			</customer>
			<shopping_cart>
				<item isbnfk="i9788073461249" />
			</shopping_cart>
		</order>
		<order orderid="id_2" state="pending">
			<customer>
				<meno titul="Doc.">Sonička Učená</meno>
				<address>
					Východná 123 45, SR
				</address>
			</customer>
			<shopping_cart>
				<item isbnfk="i9780340896969" />
			</shopping_cart>
		</order>
		<order orderid="id_3" state="completed">
			<customer>
				<meno titul="None">Adam Šangala</meno>
				<address>Písmenková 5, Piešťany 921 01, SR</address>
			</customer>
			<shopping_cart>
				<item isbnfk="i9788055123622" />
			</shopping_cart>
		</order>
	</orders>
</bookstore>