<?xml version="1.1" encoding="iso-8859-2"?>
<!DOCTYPE kvetinarstvi SYSTEM "data.dtd">
<!--6.3.2013-->
<kvetinarstvi>
	<dovolena mame_dovolenou="ano"></dovolena>
	<zprava>Autorem je &autor;</zprava>
	<zbozi>
		<rezane_kvetiny>
			<ruze id="k01" dodavatel="do02">
					anglicka velka
					<barva>cervena</barva>
			</ruze>
			<ruze id="k02" dodavatel="do01">
					mala zihana
					<barva>bilo-cervena</barva>
			</ruze>

			<tulipan id="k03" dodavatel="do02">
				  	holandsky zluty
					<barva>zluta</barva>
			</tulipan>
			<tulipan id="k07" dodavatel="do02">
				  	holandsky cerveny
					<barva>cervena</barva>
			</tulipan>
			<orchidej id="k04" dodavatel="do01">
				  	sem patri nazev
					<barva>bila</barva>
			</orchidej>
			<orchidej id="k05" dodavatel="do01">
				  	sem patri nazev
					<barva>cerna</barva>
			</orchidej>
		</rezane_kvetiny>
		<hrnkove_kvetiny>
			<kaktus id="k06" dodavatel="do01">
				  	sem patri nazev
					<barva>zelena s bodlinama</barva>
			</kaktus>
		</hrnkove_kvetiny>
	</zbozi>
	<odberatele>
		<odberatel id="od01">
			<jmeno>Antonin Novak</jmeno>
			<telefon>123456789</telefon>
			<adresa/>			
		</odberatel>
			<odberatel id="od02">
			<jmeno>Teal&apos;c z Chulaku</jmeno>
			<telefon>123400789</telefon>
			<adresa/>			
		</odberatel>
	</odberatele>
	<dodavatele>
		<dodavatel id="do01">
			<jmeno>Bedrich Mach</jmeno>
			<telefon>123456798</telefon>
			<telefon>120345067</telefon>
			<adresa/>	
		</dodavatel>
		<dodavatel id="do02">
			<jmeno>Cyril Metodej</jmeno>
			<telefon>123456897</telefon>
			<adresa/>	
		</dodavatel>
	</dodavatele>
</kvetinarstvi>