<?xml version="1.0" encoding="UTF-8"?>
<!DOCTYPE database SYSTEM "data.dtd">
<database>
	<movie id="_avatar" title="Avatar">
		<base_info>
			<title>Avatar</title>
			<title>Avatar: An IMAX 3D Experience</title>
			<genre>
				<Action/>
				<Adventure/>
				<Fantasy/>
			</genre>
			<director name="James Cameron"/>
			<duration time="162"/>
			<duration time="171" note="special edition"/>
			<rating of_10="8.1"/>
			<year yr="2009"/>
		</base_info>
		<link href="http://www.imdb.com/title/tt0499549/">IMDb</link>
		<more_info>
			A paraplegic Marine dispatched to the moon Pandora on a unique mission becomes torn between following his orders and protecting the world he feels is his home.		
		</more_info>
		<catalog_number cat="D" num="76"/>
	</movie>	
	
	<!-- testovaci film -->
	<movie id="_test" title="Test">
		<base_info>
			<title>Avatar</title>
			<genre>
				<Action/><Adventure/><Animation/><Biography/><Comedy/><Crime/><Documentary/><Drama/><Family/><Fantasy/><Film-Noir/><Game-Show/><History/><Horror/><Music/><Musical/><Mystery/><News/><Reality-TV/><Romance/><Sci-Fi/><Sport/><Talk-Show/><Thriller/><War/><Western/>
			</genre>
			<director name="Bratr Samo"/>
			<duration time="349"/>
			<duration time="480" note="all night edition"/>
			<rating of_10="0"/>
			<year yr="2013"/>
		</base_info>
		<link href="http://www.youtube.com/watch?v=oHg5SJYRHA0">Full movie</link>
		<more_info>
			<![CDATA[
				for (i=0; i < 10; i++)
				{
				document.writeln("<p>Ahoj</p>");
				}
			]]>
			<?php echo Date("d.m.Y")?>
		</more_info>
		<catalog_number cat="D" num="76"/>
	</movie>	
</database>