<?xml version="1.0" encoding="utf-8" ?>
<blog>
	<articles>
		<article id="article-1">
			<auhtor idref="author-1" />
			<posted-on day="2014-05-01" time="23:05:21" />
			<views>256</views>
			<content>
				<title>The very first article</title>
				<text>
					Bla bla bal.
				</text>
			</content>
		</article>
		<article id="article-2">
			<auhtor idref="author-1" />
			<posted-on day="2014-05-01" time="23:25:21" />
			<views>4</views>
			<content>
				<title>What I forgot to metion</title>
				<text>
					Bla bla bal once more.
				</text>
			</content>
		</article>
		<article id="article-3">
			<auhtor idref="author-2" />
			<posted-on day="2014-05-02" time="12:13:14" />
			<views>128</views>
			<content>
				<title>I do not agree</title>
				<text>
					Bla!
				</text>
			</content>
		</article>
		<article id="article-4">
			<auhtor idref="author-3" />
			<posted-on day="2014-05-06" time="01:47:21" />
			<views>64</views>
			<content>
				<title>I am confused</title>
				<text>
					So lame.
				</text>
			</content>
		</article>
		<article id="article-5">
			<auhtor idref="author-3" />
			<posted-on day="2014-05-06" time="01:47:21" />
			<views>32</views>
			<content>
				<title>I quit</title>
				<text>
					See you later...
				</text>
			</content>
		</article>
		<article id="article-6">
			<auhtor idref="author-1" />
			<posted-on day="2014-05-24" time="10:06:55" />
			<views>1</views>
			<content>
				<title>I would like to know</title>
				<text>
					If somebody ever reads this.
				</text>
			</content>
		</article>
	</articles>
</blog>