<?xml version="1.0" encoding="utf-8"?>
<blog>
	<article id="article-1">
		<comment id="comment-1" censored="false">
			<posted-on date="2014-05-01 23:55:21" />
			<content>
				<title>The very first comment</title>
				<text>
					Bla bla bal.
				</text>
			</content>
			<replies>
				<comment id="comment-8" censored="false">
					<posted-on date="2014-05-01 23:56:21" />
					<content>
						<title>So uncool</title>
						<text>
							Welcome Captain Obvious.
						</text>
					</content>
					<replies>						
						<comment id="comment-4" censored="false">
							<posted-on date="2014-05-06 01:57:21" />
							<content>
								<title>That aricle</title>
								<text>
									does not make any sense.
								</text>
							</content>
						</comment>
					</replies>
				</comment>
			</replies>
		</comment>
		<comment id="comment-2" censored="false">
			<posted-on date="2014-05-01 23:35:21" />
			<content>
				<title>What you forgot to mention</title>
				<text>
					Bla bla bal once more.
				</text>
			</content>
		</comment>
		<comment id="comment-3" censored="true">
			<posted-on date="2014-05-02 12:43:14" />
			<content>
				<title>I do not agree too</title>
				<text>
					Bla!
				</text>
			</content>
		</comment>
	</article>
</blog>
