<?xml version="1.0" encoding="UTF-8"?>
<?sort alpha-ascending?>
<!DOCTYPE SceneRoot SYSTEM "data.dtd">

<SceneRoot>
	<meshes>
		<mesh mid="m_01" name="mesh01" visible="TRUE" >
			<vertices>
				<vertex vid="v_01" x="0" y="0" z="0">
					<color col="red"></color></vertex>
				<vertex vid="v_02" x="-1" y="0" z="0">
					<color col="red"></color></vertex>
				<vertex vid="v_03" x="-1" y="0" z="1">
					<color col="red"></color></vertex>
				<vertex vid="v_04" x="0" y="1" z="0">
					<color col="red"></color></vertex>
				<vertex vid="v_05" x="0" y="0" z="0">
					<color col="blue"></color></vertex>
				<vertex vid="v_06" x="0" y="-1" z="1">
					<color col="red"></color></vertex>
				<vertex vid="v_07" x="1" y="0" z="-1">
					<color col="white"></color></vertex>
				<vertex vid="v_08" x="0" y="1" z="-1"></vertex>
				<vertex vid="v_09" x="0" y="0" z="-1"></vertex>
				<vertex vid="v_10" x="0" y="-1" z="1"></vertex>
			</vertices>
			<triangles>
				<triangle tid="t01" refv0="v_01" refv1="v_02" refv2="v_03"></triangle>
				<triangle tid="t02" refv0="v_04" refv1="v_06" refv2="v_05"></triangle>
				<triangle tid="t03" refv0="v_01" refv1="v_06" refv2="v_08"></triangle>
				<triangle tid="t04" refv0="v_05" refv1="v_03" refv2="v_09"></triangle>
				<triangle tid="t05" refv0="v_06" refv1="v_04" refv2="v_10"></triangle>
			</triangles>
			<note>
				<![CDATA[ <<>> !! ]]>
				prolog	   ::=   	XMLDecl? Misc* (doctypedecl Misc*)?
			</note>
		</mesh>
	</meshes>
	
	<cameras>
		<camera>
			<cam_name>"Cam01"</cam_name>
			<fov>45</fov>
			
			<position>
				<c_x value="10"></c_x>
				<c_y value="0"></c_y>
				<c_z value="50"></c_z>
			</position>
			<target>
				<t_x value="1"></t_x>
				<t_y value="0"></t_y>
				<t_z value="0"></t_z>
			</target>
		</camera>
	</cameras>
	
	<lights>
		<light>
			<l_name>KeyLight</l_name> <!--  ================key light================   -->
			<intensity>0.8</intensity>
			<l_position>
				<l_x value="25"></l_x>
				<l_y value="10"></l_y>
				<l_z value="5"></l_z>
			</l_position>
			<clr col="white"></clr>
		</light>	
		<light>
			<l_name>FillLight01</l_name> <!--  ================fill light 01================   -->
			<intensity>0.4</intensity>
			<l_position>
				<l_x value="-25"></l_x>
				<l_y value="0"></l_y>
				<l_z value="-5"></l_z>
			</l_position>
			<clr col="red"></clr>
		</light>	
		<light>
			<l_name>FillLight02</l_name> <!--  ================fill light 02================   -->
			<intensity>0.2</intensity>
			<l_position>
				<l_x value="0"></l_x>
				<l_y value="-5"></l_y>
				<l_z value="5"></l_z>
			</l_position>
			<clr col="blue"></clr>
		</light>	
	</lights>
</SceneRoot>