<?xml version="1.0" encoding="utf-8"?>
<!--
<!DOCTYPE database [
	<!ENTITY copy "Copyright David Nohejl Photography, all rights reserved">
]>
-->
<database xmlns:xsi="http://www.w3.org/2001/XMLSchema-instance"
 xsi:noNamespaceSchemaLocation="data.xsd">
  <album name="a1">
    <photo>
      <description>Sunset over Vltava</description>
      <taken>
        <camera model="cam1" lens="lens1" />
        <date>
          <day>10</day>
          <month>12</month>
          <year>2010</year>
        </date>
        <photographer>Pepa Novak</photographer>
        <tripod used="no" />        
        <resolution>
          <pixelHeight>5184</pixelHeight>
          <pixelWidth>3456</pixelWidth>
        </resolution>
        <iso>800</iso>
        <focalLenght>40</focalLenght>
        <exposureComp>0</exposureComp>       
      </taken>
      <edit>
        <app name="DPP" />
        <app name="Paint.net" />
      </edit>
      <path>/images/sunset.jpg</path>
      <size>11511944</size>
      <hash>
        <?hashgen /img/sunset.jpg ?>
      </hash>
      <thumbnail>
        <![CDATA[
          *(&*%HUFJF&U%(yughhit>8;647656$%@#@%&*&()(IYR%^$#$&*(**&*(
        ]]>
      </thumbnail>
    </photo>       
  </album> 
   <cameraCollection>
    <body id="cam1" manufacturer="Canon" model="EOS 550D" comment="Great quality" />
    <body id="cam2" manufacturer="Sony" model="DSC-" comment="Very portable" />
  </cameraCollection>
  <lensCollection>
    <lens id="lens1" manufacturer="Canon" model="18-55mm IS" />
  </lensCollection>
  <flashesCollection>
    <flash id="flash1" manufacturer="Canon" model="builtin" />
  </flashesCollection>
</database>