<?xml version="1.0"?>

<!--instrukce pro zpracování - použití CSS stylů pro zobrazení-->
<seznamAkci xmlns:xsi="http://www.w3.org/2001/XMLSchema-instance" xsi:noNamespaceSchemaLocation="data.xsd">
	<udalost typ="koncert" id="birds">
		<skupina><![CDATA["Noel Gallagher & the High Flying Birds"]]></skupina>
		<poradatel>
			<jmeno>Michal Holy</jmeno>
			<telefon cislo="723 342 421"/>
			<telefon cislo="254 252 565"/>
			<adresa>
				<ulice>Liberecka</ulice>
				<cp>320</cp>
				<mesto nazev="Plzen">
					<psc>264 32</psc>
					<kraj/>
				</mesto>
			</adresa>
		</poradatel>
		<misto>
			<nazev>Seagul arena</nazev>
			<adresa>
				<ulice>Cernohorska</ulice>
				<cp>520</cp>
				<mesto nazev="Plzen">
					<psc>264 32</psc>
					<kraj/>
				</mesto>
			</adresa>
		</misto>
		<popis autor="JK">Prvni koncert Noella Gallaghera v Plzni</popis>
		<pocetMist>450</pocetMist>
		<termin>
			<den>13.5.2013</den>
			<od>18:00</od>
			<do>20:00</do>
		</termin>
		<sponzor>
			<jmeno>Behringer a.s.</jmeno>
			<telefon cislo="243 853 256"/>
		</sponzor>
		<sponzor>
			<jmeno>Festina</jmeno>
			<telefon cislo="625342532"/>
		</sponzor>
		<sponzor>
			<jmeno>Karel Novy</jmeno>
			<telefon cislo="742315984"/>
		</sponzor>
	</udalost>
	<udalost typ="festival" id="usti_fest">
		<!--Vyuziti sekce CDATA - znak '&' je specialni znak-->
		<skupina><![CDATA["Noel Gallagher & the High Flying Birds"]]></skupina>
		<skupina>The Stereophonics</skupina>
		<skupina>Bald Bear</skupina>
		<poradatel>
			<jmeno>Frantisek Straka</jmeno>
			<telefon cislo="723 347 352"/>
			<adresa>
				<ulice>Palachova</ulice>
				<cp>313</cp>
				<mesto nazev="Praha">
					<psc>264 32</psc>
					<kraj/>
				</mesto>
			</adresa>
		</poradatel>
		<misto>
			<nazev>White Socks Stadium</nazev>
			<adresa>
				<ulice>Palachova</ulice>
				<cp>520</cp>
				<mesto nazev="Usti nad Labem">
					<psc>256 34</psc>
					<kraj/>
				</mesto>
			</adresa>
		</misto>
		<popis autor="BD">Po koncertu v Plzni je ocekavan specialni host -<![CDATA["Noel Gallagher & the High Flying Birds"]]></popis>
		<pocetMist>800</pocetMist>
		<termin>
			<denOd>5. 6. 2013</denOd>
			<denDo>8. 6. 2013</denDo>
		</termin>
		<sponzor>
			<jmeno>ATT a.s.</jmeno>
			<telefon cislo="343 134 256"/>
		</sponzor>
		<sponzor>
			<jmeno>Volkswagen</jmeno>
			<telefon cislo="245 342 532" predcisli="+240"/>
		</sponzor>
		<sponzor>
			<jmeno>Karel Novy</jmeno>
			<telefon cislo="742315984"/>
		</sponzor>
	</udalost>
	<udalost typ="koncert" id="u2">
		<skupina>U2</skupina>
		<poradatel>
			<jmeno>Jiri Vosyka</jmeno>
			<telefon cislo="632 135 895"/>
			<telefon cislo="323 145 523"/>
			<adresa>
				<ulice>Masarykova</ulice>
				<cp>154</cp>
				<mesto nazev="Brno">
					<psc>613 92</psc>
					<kraj/>
				</mesto>
			</adresa>
		</poradatel>
		<misto>
			<nazev>Namesti Svobody</nazev>
			<adresa>
				<ulice>Zamecnicka</ulice>
				<cp/>
				<mesto nazev="Brno">
					<psc>613 92</psc>
					<kraj/>
				</mesto>
			</adresa>
		</misto>
		<popis autor="SP">Teprve druhy koncert skupiny U2 v CR</popis>
		<pocetMist>5000</pocetMist>
		<termin>
			<den>26.8.2013</den>
			<od>20:00</od>
			<do>23:00</do>
		</termin>
		<hlavniSponzor>
			<jmeno>Skoda auto</jmeno>
			<telefon cislo="243853256"/>
		</hlavniSponzor>
		<sponzor>
			<jmeno>E-ON</jmeno>
			<telefon cislo="325342532"/>
		</sponzor>
		<sponzor>
			<jmeno>Aero Vodochody</jmeno>
			<telefon cislo="742315984"/>
		</sponzor>
		<sponzor>
			<jmeno>Jan Vyskocil</jmeno>
			<telefon cislo="225139442"/>
		</sponzor>
		<sponzor>
			<jmeno>Karel Novy</jmeno>
			<telefon cislo="742315984"/>
		</sponzor>
	</udalost>
</seznamAkci>