<?xml version="1.0"?>
<configuration xmlns="http://d3s.mff.cuni.cz/teaching/programming_practices/ukol2/" root="EmailsSection">
  
  <version language="cs-CZ" build="1897">Beta release pro zakaznika 123.</version>
  <note language="cs-CZ">Schema konfiguracniho souboru aplikace pro spravu emailu.</note>
  
  <enumeration name="Colors">
    <value>red</value>
    <value>green</value>
    <value>blue</value>
  </enumeration>
  <enumeration name="Priorities">
    <value>low</value>
    <value>medium</value>
    <value>high</value>
  </enumeration>
  
  <section name="TasksSection" use="optional">
    <option name="Caption" use="required">
      <string/>
    </option>
    <option name="Caption-Color" use="optional">
      <enum name="Colors" />
    </option>
    <option name="Copyright-Years" use="required">
      <list separator=":">
        <unsigned />
      </list>
    </option>
  </section>
  
  <section name="EmailsSection" use="required">
    <option name="Visible" use="required">
      <boolean />
    </option>
    <option name="Left" use="optional">
      <float />
    </option>
    <option name="Left-Margin" use="optional">
      <signed />
    </option>
  </section>
  
</configuration>