<?xml version="1.0" encoding="UTF-8"?>
<obchod xmlns:xsi="http://www.w3.org/2001/XMLSchema-instance"
		xsi:noNamespaceSchemaLocation="file:/D:/Norek/Škola/2.ročník/Technologie XML/du3/data.xsd">
  <info>
    <nazev>
      Potraviny všeho druhu
    </nazev>
    <popis>
      <!--popis se nacte z externiho souboru-->
      <?php include "description.php"; ?>
      <![CDATA[
        if ($zobrazit_ikonu)
        {
          $ikona->zobraz();
        }
      ]]>
    </popis>
    <kontakty>
      <adresa>
        <ulice>
          <nazev_ulice>
            Příčná
          </nazev_ulice>
          <cp>
            1558
          </cp>
        </ulice>
        <obec>
          Kocourkov
        </obec>
        <psc>
          10101
        </psc>
      </adresa>
      <email>potraviny@vsechno.cz</email>
      <telefon>+4202123123132</telefon>
      <fax>+4202321321321</fax>
    </kontakty>
  </info>
  <seznam_kategorii>
    <kategorie kid="kid_001" nazev="Mléčné výrobky" />
    <kategorie kid="kid_002" nazev="Pečivo" />
    <kategorie kid="kid_003" nazev="Ovoce" />
  </seznam_kategorii>
  <dodavatele>
    <dodavatel did="did_001" nazev="TESCO" tuzemsky="ano" />
    <dodavatel did="did_002" nazev="Pekárna Cvrčovice" tuzemsky="ano" />
    <dodavatel did="did_003" nazev="Ovoce nejen na Vánoce" tuzemsky="ano" />
  </dodavatele>
  <produkty>
    <produkt pid="pid_001" kategorie="kid_001" dodavatel="did_001" nazev="Máslo" />
    <produkt pid="pid_002" kategorie="kid_002" dodavatel="did_002" nazev="Chléb" />
    <produkt pid="pid_003" kategorie="kid_002" dodavatel="did_002" nazev="Rohlík" />
    <produkt pid="pid_004" kategorie="kid_002" dodavatel="did_002" nazev="Houska" />
    <produkt pid="pid_005" kategorie="kid_001" dodavatel="did_001" nazev="Mléko" />
    <produkt pid="pid_006" kategorie="kid_002" dodavatel="did_002" nazev="Ovocný jogurt Yogobella - jahodový" />
    <produkt pid="pid_007" kategorie="kid_002" dodavatel="did_002" nazev="Ovocný jogurt Yogobella - malinový" />
    <produkt pid="pid_008" kategorie="kid_002" dodavatel="did_002" nazev="Ovocný jogurt Yogobella - banánový" />
    <produkt pid="pid_009" kategorie="kid_003" dodavatel="did_003" nazev="Banán" />
    <produkt pid="pid_010" kategorie="kid_003" dodavatel="did_003" nazev="Jablko" />
  </produkty>
</obchod>