<?xml version="1.0" encoding="UTF-8"?>
<!DOCTYPE CG SYSTEM "data.dtd">
<!-- 3D grafika ... programy: -->
<CG>
	<license>
		<type id="L1">
			Trial
		</type>
		<type id="L2">
			Free
		</type>
		<type id="L3">
			Shareware
		</type>
	</license>
	<TwoD>
		<program id="P2_1" license="L1">
			<name>
					Photoshop
				</name>
			<created>
				<company>
					<name>
							Adobe
						</name>
					<website><![CDATA[
							<www.adobe.com>
							]]>
						</website>
					<founded state="USA">
							California
						</founded>
					<founders>
							Charles Geschke
						</founders>
					<founders>
							John Warnock
						</founders>
				</company>
			</created>
			<last_release>
				<version>
						CS5
					</version>
				<year>
						2010
					</year>
				<code_name>
						White Rabbit
					</code_name>
			</last_release>
			<first_release>
				<version>
						0.63
					</version>
				<year>
						1988
					</year>
			</first_release>
			<website><![CDATA[
					<www.adobe.com/photoshop>
					]]>
				</website>
			<type_of_editor>
				Raster
			</type_of_editor>
			<extension>
					psd
				</extension>
			<written_in>
					C++
				</written_in>
			<procesor>
					Both
				</procesor>
		</program>
		<program id="P2_2" license="L2">
			<name>
				Gimp
			</name>
			<created>
				<company>
					<name>
						The GIMP Development Team
					</name>
					<website><![CDATA[
						<www.gimp.org>
						]]></website>
				</company>
			</created>
			<last_release>
				<version>
					2.6.11
				</version>
				<year>
					2010
				</year>
			</last_release>
			<first_release>
				<version>
					0.54
				</version>
				<year>
					1996
				</year>
			</first_release>
			<website><![CDATA[
				<www.gimp.org>
				]]>
			</website>
			<type_of_editor>
				Raster
			</type_of_editor>
			<written_in>
				C
			</written_in>
			<written_in>
				GTK+
			</written_in>
			<procesor>
				Both
			</procesor>
			<on_unix/>
		</program>
	</TwoD>
	<ThreeD>
		<program id="P3_1" license="L1">
			<name>
				3D Studio Max
			</name>
			<created>
				<company>
					<name>
						Autodesk
					</name>
					<website><![CDATA[
						<www.autodesk.com>
						]]>
					</website>
					<founded state="USA">
							California
						</founded>
					<founders>
							John Walker
						</founders>
				</company>
			</created>
			<last_release>
				<version>
					2012
				</version>
				<year>
					2011
				</year>
			</last_release>
			<first_release>
				<version>
					1.0
				</version>
				<year>
					1995
				</year>
			</first_release>
			<website><![CDATA[
				<http://usa.autodesk.com/3ds-max/>
				]]>
			</website>
			<procesor>
				Both
			</procesor>
		</program>
		<program id="P3_2" license="L2">
			<name>
				Blender
			</name>
			<created>
				<company>
					<name>
						NeoGeo
					</name>
					<website><![CDATA[
						<www.blender.org>
						]]>
					</website>
				</company>
			</created>
			<last_release>
				<version>
					2.56 Beta
				</version>
				<year>
					2011
				</year>
			</last_release>
			<first_release>
				<version>
					1.0
				</version>
				<year>
					1995
				</year>
			</first_release>
			<website><![CDATA[
				<www.blender.org>
				]]>
			</website>
			<procesor>
				Both
			</procesor>
			<on_unix/>
		</program>
	</ThreeD>
</CG>
