<?xml version="1.0" encoding="UTF-8"?>
<knihovna>
	<knihy>
		<kniha knihovni_kod="k1" typ_publikace="kniha">
			<nazev>Stopařův průvodce po galaxii</nazev>
			<autor>
				<jmeno>Douglas</jmeno>
				<prijmeni>Adams</prijmeni>
				<vytisknul>
					<spolecnost>
						<nazev_s>Kitty s.r.o.</nazev_s>
					</spolecnost>
					<tel>6477544412</tel>
				</vytisknul>
			</autor>
			<do_zanru zanr_i="z1"/>
			<isbn>9797877</isbn>
			<cena>112</cena>
			<pocet_s>150</pocet_s>
			<rok_v>2010</rok_v>
		</kniha>
		<kniha knihovni_kod="k2" typ_publikace="kniha">
			<nazev>Bible</nazev>
			<do_zanru zanr_i="z2"/>
			<do_zanru zanr_i="z1"/>
			<isbn>0123456788</isbn>
			<pocet_s>650</pocet_s>
			<rok_v>2001</rok_v>
		</kniha>
		<kniha knihovni_kod="k3" typ_publikace="magazin">
			<nazev>Computer</nazev>
			<autor>
				<jmeno>Roy</jmeno>
				<prijmeni>Crowd</prijmeni>
				<vytisknul>
					<spolecnost>
						<nazev_s>Express a.s.</nazev_s>
					</spolecnost>
					<tel>13647501</tel>
				</vytisknul>
			</autor>
			<autor>
				<jmeno>Moss</jmeno>
				<prijmeni>Crowd</prijmeni>
				<vytisknul>
					<spolecnost>
						<nazev_s>Express a.s.</nazev_s>
					</spolecnost>
					<tel>13647501</tel>
				</vytisknul>
			</autor>
			<do_zanru zanr_i="z3"/>
			<isbn>1123456789</isbn>
			<cena>59</cena>
			<pocet_s>81</pocet_s>
			<rok_v>2007</rok_v>
		</kniha>
		<kniha knihovni_kod="k4" typ_publikace="clanek">
			<nazev>Fejeton o ničem</nazev>
			<autor>
				<jmeno>Jarda</jmeno>
				<prijmeni>Carda</prijmeni>
				<vytisknul>
					<spolecnost>
						<nazev_s>Tetra s.r.o.</nazev_s>
					</spolecnost>
					<tel>9763133</tel>
				</vytisknul>
			</autor>
			<do_zanru zanr_i="z5"/>
			<isbn>0122226789</isbn>
			<cena>9</cena>
			<pocet_s>10</pocet_s>
			<rok_v>2001</rok_v>
		</kniha>
		<kniha knihovni_kod="k5" typ_publikace="clanek">
			<nazev>Výhružka všem kapitalistům</nazev>
			<do_zanru zanr_i="z8"/>
			<isbn>0123336789</isbn>
			<cena>99</cena>
			<pocet_s>100</pocet_s>
			<rok_v>2004</rok_v>
		</kniha>
		<kniha knihovni_kod="k6" typ_publikace="kniha">
			<nazev>Gateway</nazev>
			<autor>
				<jmeno>Frederik</jmeno>
				<prijmeni>Pohl</prijmeni>
				<vytisknul>
					<spolecnost>
						<nazev_s>ABC a.s.</nazev_s>
					</spolecnost>
					<tel>73354654</tel>
				</vytisknul>
			</autor>
			<do_zanru zanr_i="z1"/>
			<isbn>0123336777</isbn>
			<cena>199</cena>
			<pocet_s>250</pocet_s>
			<rok_v>2003</rok_v>
		</kniha>
	</knihy>
	<seznam_zanru>
		<zanr zanr_id="z1">
			<ulozen_v_databazi day="23" month="march" year="2012"/>
			<popis>Sci-fi</popis>
		</zanr>
		<zanr zanr_id="z2">
			<ulozen_v_databazi day="23" month="march" year="2012"/>
			<popis>Teologie</popis>
		</zanr>
		<zanr zanr_id="z3">
			<ulozen_v_databazi day="23" month="march" year="2012"/>
			<popis>IT</popis>
		</zanr>
		<zanr zanr_id="z4">
			<ulozen_v_databazi day="23" month="march" year="2012"/>
			<popis>Drama</popis>
		</zanr>
		<zanr zanr_id="z5">
			<ulozen_v_databazi day="23" month="march" year="2012"/>
			<popis>Psycho</popis>
		</zanr>
		<zanr zanr_id="z6">
			<ulozen_v_databazi day="23" month="march" year="2012"/>
			<popis>Romance</popis>
		</zanr>
		<zanr zanr_id="z7">
			<ulozen_v_databazi day="23" month="march" year="2012"/>
			<popis>Pohádka</popis>
		</zanr>
		<zanr zanr_id="z8">
			<ulozen_v_databazi day="23" month="march" year="2012"/>
			<popis>Komiks</popis>
		</zanr>
	</seznam_zanru>
	<seznam_ctenaru>
		<ctenar ctenar_id="c1">
			<jmeno>Adolf</jmeno>
			<prijmeni>Maňas</prijmeni>
			<dat_nar>
				<den>1</den>
				<mesic>12</mesic>
				<rok>1987</rok>
			</dat_nar>
			<adresa>
				<zeme>Česká Republika</zeme>
				<ulice>Velkoveská</ulice>
				<cislo_pop>23</cislo_pop>
				<mesto>Zapadakov</mesto>
				<psc>12345</psc>
			</adresa>
			<datum_registrace day="23" month="march" year="2012"/>
		</ctenar>
		<ctenar ctenar_id="c2">
			<jmeno>Peter</jmeno>
			<prijmeni>Novak</prijmeni>
			<dat_nar>
				<den>3</den>
				<mesic>2</mesic>
				<rok>1967</rok>
			</dat_nar>
			<adresa>
				<zeme>Česká Republika</zeme>
				<ulice>Washington ave.</ulice>
				<cislo_pop>11</cislo_pop>
				<mesto>New York</mesto>
				<psc>66666</psc>
			</adresa>
			<datum_registrace day="21" month="march" year="2012"/>
		</ctenar>
		<ctenar ctenar_id="c3">
			<jmeno>Vladimir</jmeno>
			<prijmeni>Iljic</prijmeni>
			<prijmeni>Lenin</prijmeni>
			<dat_nar>
				<den>4</den>
				<mesic>6</mesic>
				<rok>1900</rok>
			</dat_nar>
			<datum_registrace day="24" month="march" year="2012"/>
		</ctenar>
		<ctenar ctenar_id="c4">
			<jmeno>Junior</jmeno>
			<prijmeni>Bush</prijmeni>
			<dat_nar>
				<den>13</den>
				<mesic>4</mesic>
				<rok>1961</rok>
			</dat_nar>
			<adresa>
				<zeme>Česká Republika</zeme>
				<ulice>U pomníku</ulice>
				<cislo_pop>154</cislo_pop>
				<mesto>Praha</mesto>
				<psc>11221</psc>
			</adresa>
			<datum_registrace day="2" month="march" year="2012"/>
		</ctenar>
	</seznam_ctenaru>
	<seznam_vypujcek>
		<vypujcka id_vypujcky="v1" id_ctenare="c1">
			<datum_od day="10" month="january" year="2012"/>
			<datum_do day="10" month="january" year="2012"/>
			<pujcena_kniha kod="k1"/>
			<pujcena_kniha kod="k2"/>
		</vypujcka>
	</seznam_vypujcek>
	<languages>
		<!--System knihovny lze pouzivat v techto jazycich-->
		<language>Czech</language>
		<language>English</language>
		<language>Russian</language>
		<language>German</language>
		<language>Slovak</language>
		<language>French</language>
		<language>Italian</language>
		<language>Spanish</language>
		<language>Polish</language>
		<language>Swedish</language>
	</languages>
	<polozka>
		<cena>1200</cena>
	</polozka>
</knihovna>
