<?xml version="1.0" encoding="UTF-8"?>

<!--
    Document   : data.xml
    Created on : 4. březen 2012, 11:11
    Author     : Lukas Hnizdo
    Description:
        Purpose of the document follows.
-->
<!DOCTYPE KNIHOVNA SYSTEM "data.dtd" >
<KNIHOVNA>
    <SEZNAM_CTENARU>
        <CTENAR ID_CTENARE="c1" POZNAMKA="" >
            <UDAJE>
                <OSOBNI_UDAJE>
                    <JMENO>Jan</JMENO>
                    <PRIJMENI>Novak</PRIJMENI>
                    <DATUM_NAROZENI>1.4.1967</DATUM_NAROZENI>
                    <RC><![CDATA[670401/1234]]></RC>
                    <OBCANSTVI>&CR;</OBCANSTVI>
                    <POHLAVI HODNOTA="Muz" />
                    <ULICE>Prazska 123</ULICE>
                    <MESTO>Praha 1</MESTO>
                    <PSC>110 00</PSC>
                    <TELEFON>255212254</TELEFON>
                    <TELEFON>734657890</TELEFON>
                </OSOBNI_UDAJE>
                <HISTORIE_KNIH>
                    <PUJCENA_KNIHA ID_EXEMPLARE="e1">
                        <PUJCENO>2.3.2011</PUJCENO>
                        <VRACENO>4.3.2001</VRACENO>
                    </PUJCENA_KNIHA>
                </HISTORIE_KNIH>
            </UDAJE>
            <TEXT><?php date("d.m.Y");?></TEXT>
        </CTENAR>
        <CTENAR ID_CTENARE="c2" POZNAMKA="" >
            <UDAJE>
                <OSOBNI_UDAJE>
                    <JMENO>Daniel</JMENO>
                    <PRIJMENI>Kindl</PRIJMENI>
                    <DATUM_NAROZENI>11.8.1987</DATUM_NAROZENI>
                    <RC><![CDATA[870821/1234]]></RC>
                    <OBCANSTVI>&CR;</OBCANSTVI>
                    <POHLAVI HODNOTA="Muz" />
                    <ULICE>U Potucku 2</ULICE>
                    <MESTO>Praha 3</MESTO>
                    <PSC>310 00</PSC>
                    <TELEFON>222212254</TELEFON>
                    <TELEFON>744632890</TELEFON>
                </OSOBNI_UDAJE>
                <HISTORIE_KNIH>
                    <PUJCENA_KNIHA ID_EXEMPLARE="e2">
                        <PUJCENO>2.3.2011</PUJCENO>
                        <VRACENO>4.3.2001</VRACENO>
                    </PUJCENA_KNIHA>
                    <PUJCENA_KNIHA ID_EXEMPLARE="e3">
                        <PUJCENO>12.2.2011</PUJCENO>
                        <VRACENO>21.2.2001</VRACENO>
                    </PUJCENA_KNIHA>
                    <PUJCENA_KNIHA ID_EXEMPLARE="e1">
                        <PUJCENO>2.1.2011</PUJCENO>
                        <VRACENO>8.1.2001</VRACENO>
                    </PUJCENA_KNIHA>
                </HISTORIE_KNIH>
            </UDAJE>
            <TEXT><?php date("d.m.Y");?></TEXT>
        </CTENAR>
        <CTENAR ID_CTENARE="c3" POZNAMKA="" >
            <UDAJE>
                <OSOBNI_UDAJE>
                    <JMENO>Jan</JMENO>
                    <PRIJMENI>Kindl</PRIJMENI>
                    <DATUM_NAROZENI>11.8.1967</DATUM_NAROZENI>
                    <RC><![CDATA[870821/1234]]></RC>
                    <OBCANSTVI>&CR;</OBCANSTVI>
                    <POHLAVI HODNOTA="Muz" />
                    <ULICE>U Potucku 2</ULICE>
                    <MESTO>Praha 1</MESTO>
                    <PSC>110 00</PSC>
                </OSOBNI_UDAJE>
                <HISTORIE_KNIH>
                </HISTORIE_KNIH>
            </UDAJE>
            <TEXT><?php date("d.m.Y");?></TEXT>
        </CTENAR>
    </SEZNAM_CTENARU>
    <SEZNAM_KNIH>
        <KNIHA ID_KNIHY="k1">
            <NAZEV>V zamku a v podzamci</NAZEV>
            <AUTOR>Bozena Nemcova</AUTOR>
            <ROK>1858</ROK>
            <ZANR>Povidka</ZANR>
            <JAZYK>&CZ;</JAZYK>
        </KNIHA>
        <KNIHA ID_KNIHY="k2">
            <NAZEV>Babicka</NAZEV>
            <AUTOR>Bozena Nemcova</AUTOR>
            <ROK>1855</ROK>
            <ZANR>Novela</ZANR>
            <JAZYK>&CZ;</JAZYK>
        </KNIHA>
    </SEZNAM_KNIH>
    <SEZNAM_EXEMPLARU>
        <EXEMPLAR ID_EXEMPLARE="e1" ID_KNIHY="k1" >
            <KOUPENO>2.3.2008</KOUPENO>
        </EXEMPLAR>
        <EXEMPLAR ID_EXEMPLARE="e2" ID_KNIHY="k2" >
            <KOUPENO>8.8.2008</KOUPENO>
        </EXEMPLAR>
        <EXEMPLAR ID_EXEMPLARE="e3" ID_KNIHY="k2" >
            <KOUPENO>8.6.2005</KOUPENO>
        </EXEMPLAR>
    </SEZNAM_EXEMPLARU>
    <SEZNAM_REZERVACI>
        <REZERVACE ID_REZERVACE="r1" ID_CTENARE="c1" ID_KNIHY="k2" >
            <DATUM_REZERVACE>2.3.2012</DATUM_REZERVACE>
        </REZERVACE>
    </SEZNAM_REZERVACI>
    <SEZNAM_PUJCENYCH_KNIH>
        <PUJCENI ID_PUJCENI="p1" ID_CTENARE="c2" ID_EXEMPLARE="e2" >
            <DATUM_PUJCENI>2.3.2012</DATUM_PUJCENI>
        </PUJCENI>
        <PUJCENI ID_PUJCENI="p2" ID_CTENARE="c1" ID_EXEMPLARE="e1" >
            <DATUM_PUJCENI>4.3.2012</DATUM_PUJCENI>
        </PUJCENI>
        <PUJCENI ID_PUJCENI="p3" ID_CTENARE="c2" ID_EXEMPLARE="e3" >
            <DATUM_PUJCENI>5.3.2012</DATUM_PUJCENI>
        </PUJCENI>
    </SEZNAM_PUJCENYCH_KNIH>    
</KNIHOVNA>
