<?xml version="1.0" encoding="utf-8"?>
<?HearthStone ?>
<Cards xmlns:xsi="http://www.w3.org/2001/XMLSchema-instance" xsi:noNamespaceSchemaLocation="data.xsd">
	<Minion Title="Al'Akir the Windlord" Subtype="General" Class="Shaman" Rarity="Legendary" Cost="8" Attack="3" Health="5" Id="id_AlAkir" IsCard="true">
		<Description>Windfury, Charge, Divine Shield, Taunt</Description>
		<Abilities>
			<Windfury/>
			<Charge/>
			<DivineShield/>
			<Taunt/>
		</Abilities>
	</Minion>
	<Minion Title="Ironforge Rifleman" Subtype="General" Rarity="Common" Cost="3" Attack="2" Health="2" Id="id_Rifleman" IsCard="true">
		<Description>Ready! Aim! Drink!</Description>
		<Abilities>
			<Battlecry>
				<Action>
					<Damage Amount="1">
						<Target Type="Choose" Scope="All"/>
					</Damage>
				</Action>
			</Battlecry>
		</Abilities>
	</Minion>
	<Spell Title="Blizzard" Cost="6" Id="id_Blizzard" Rarity="Common" IsCard="true" Class="Mage">
		<Description>Deal <i>2</i> damage to all enemy minions and Freeze them.</Description>
		<Action>
			<Damage Amount="2">
				<Target Type="All" Scope="EnemyMinions"/>
			</Damage>
		</Action>
	</Spell>
	<Minion Title="Faerie Dragon" Subtype="Dragon" Rarity="Common" Cost="2" Attack="3" Health="2" Id="id_FaerieDragon" IsCard="true">
		<Description>Can't be targeted by Spells or Hero Powers.</Description>
		<Abilities>
			<ImmuneToMagic/>
		</Abilities>
	</Minion>
	<Minion Id="id_FlameOfAzzinoth" Title="Flame of Azzinoth" Cost="1" Rarity="None" Attack="2" Health="1" Subtype="General">
		<Description>
		</Description>
	</Minion>
	<Minion Id="id_Illidan" Cost="6" Title="Illidan Stormrage" Rarity="Legendary" Attack="7" Health="5" Subtype="General" IsCard="true">
		<Description>Whenever you play a card, summon a 2/1 Flame of Azzinoth.</Description>
		<Abilities>
			<Event Trigger="CardPlayed">
				<Action>
					<Summon Id="id_FlameOfAzzinoth"/>
				</Action>
			</Event>
		</Abilities>
	</Minion>
	<Minion Id="id_Frog" Cost="0" Title="Frog" Rarity="None" Attack="0" Health="1" Subtype="General">
		<Description>Taunt.</Description>
		<Abilities>
			<Taunt/>
		</Abilities>
	</Minion>
	<Spell Id="id_Hex" Cost="3" Title="Hex" Rarity="Free" IsCard="true">
		<Description>Transform a minion into a 0/1 Frog with Taunt.</Description>
		<Action>
			<Destroy>
				<Target Type="Choose" Scope="Minions"/>
			</Destroy>
			<Summon Id="id_Frog" Friendly="false"/>
		</Action>
	</Spell>
	<Minion Id="id_EmperorCobra" Cost="3" Title="Emperor Cobra" Rarity="Rare" Attack="2" Health="3" Subtype="Beast" IsCard="true">
		<Description>Destroy any minion damaged by this minion.</Description>
		<Abilities>
			<Battlecry>
				<Action>
					<Code Language="C#"><![CDATA[
				this.Attack += (sender, event) => {
					if (event.Target.ElementName=="Minion")
						if(!event.Target.Buffs.Any(b=>b is DivineShield))
							event.Target.Health = 0;
				};
			]]>
					</Code>
				</Action>
			</Battlecry>
		</Abilities>
	</Minion>
	<Minion Id="id_RagingWorgen" Cost="3" Title="Raging Worgen" Rarity="Common" Attack="3" Health="3" Subtype="General" IsCard="true">
		<Description>
			<b>Enrage: Windfury</b>and +1 Attack <i>If he's raging now, just wait until he gets nerfed.</i></Description>
		<Abilities>
			<Enrage>
				<Action>
					<Buff BuffAttack="1">
						<Target Scope="Self" Type="One"/>
						<Abilities>
							<Windfury/>
						</Abilities>
					</Buff>
				</Action>
			</Enrage>
		</Abilities>
	</Minion>
	<Minion Id="id_Ysera" Cost="9" Title="Ysera" Attack="4" Class="All" Health="12" IsCard="true" Rarity="Legendary" Subtype="Dragon">
		<Description>At the end of your turn draw a Dream Card.</Description>
		<Abilities>
			<Event Trigger="TurnEnd">
				<Action>
					<Random>
						<Action>
						</Action>
						<Action>
						</Action>
						<Action>
						</Action>
						<Action>
						</Action>
					</Random>
				</Action>
			</Event>
		</Abilities>
	</Minion>
</Cards>