<?xml version="1.0" encoding="UTF-8"?>
<comments_list>
	<comment>
		<author>
			<name>František</name>
			<surname>Mařil</surname>
		</author>
		<for>Mnk0BEfaacs</for>
		<text>For a composer who preferred short forms, Grieg wrote some wonderful sonatas, not to﻿ mention a string quartet and a certain, rather popular piano concerto!</text>
	</comment>
	<comment>
		<author>
			<name>Pepa</name>
			<surname>Kolář</surname>
		</author>
		<for>8Q1O_FPN4II</for>
		<text>This is totally a masterpiece. Like no one.</text>
	</comment>
	<comment>
		<author>
			<name>Josef</name>
			<surname>Puldis</surname>
		</author>
		<for>8Q1O_FPN4II</for>
		<text>The ending of the A-minor cello sonata, uses the same﻿ theme as the ending of the A-minor concerto. Go Grieg!</text>
	</comment>
	<comment>
		<author>
			<name>Karel</name>
			<surname>Kobrač</surname>
		</author>
		<for>IoS1_CRS5fA</for>
		<text>So addicted to this performance and work.</text>
	</comment>
	<comment>
		<author>
			<name>Jan</name>
			<surname>Osvětlil</surname>
		</author>
		<for>zGBXA1tBiLw</for>
		<text>I can't play the piano, even the easiest piece, i would like it, but﻿ i can't, that's why for me is a consolation to be able to play these videos.</text>
	</comment>
	<comment>
		<author>
			<name>Martin</name>
			<surname>Pekař</surname>
		</author>
		<for>zGBXA1tBiLw</for>
		<text>He was depressed because his loved ones died, therefore he expressed his﻿ feelings through music, iirc.</text>
	</comment>
	<comment>
		<author>
			<name>Josef</name>
			<surname>Krátil</surname>
		</author>
		<for>V1i-RKqOFxQ</for>
		<text>I just listened to this song thirteen consecutive times just to﻿ reach the end of my seven hour shift faster, and it worked. thank you pink floyd.</text>
	</comment>
	<comment>
		<author>
			<name>Pavel</name>
			<surname>Řezník</surname>
		</author>
		<for>V1i-RKqOFxQ</for>
		<text>This is the song no matter how many times ive listened to it, or what was going on in my﻿ life, i've gotten something different from it everytime i hear it.</text>
	</comment>
</comments_list>
