<?xml version="1.0" encoding="UTF-8"?>
<pieces>
	<piece>
		<name>Partita No. 2</name>
		<author>J. S. Bach</author>
		<categories_list>
			<category>Baroko</category>
			<category>Klasická hudba</category>
		</categories_list>
	</piece>
	<piece>
		<name>Piano Concerto In G Major</name>
		<author>Maurice Ravel</author>
		<categories_list>
			<category>Klasická hudba</category>
		</categories_list>
	</piece>
	<piece>
		<name>Dark Side Of The Moon</name>
		<author>Pink Floyd</author>
		<categories_list>
			<category>Pink Floyd</category>
			<category>Rock</category>
		</categories_list>
	</piece>
	<piece>
		<name>Fragile</name>
		<author>Yes</author>
		<categories_list>
			<category>Rock</category>
		</categories_list>
	</piece>
	<piece>
		<name>Close to the Edge</name>
		<author>Yes</author>
		<categories_list>
			<category>Rock</category>
		</categories_list>
	</piece>
</pieces>
