<?xml version="1.0" encoding="UTF-8"?>
<!DOCTYPE knihovnicka SYSTEM "data.dtd">
<!-- databaze knih v domácí knihovně a přehled, které jsou půjčené kamarádům-->
<knihovnicka>
	<status>Stav k <?php echo Date("d.m.Y")?></status>
	<SeznamKnih>
		<kniha id="k001" state="doma">
			<autor>	
				<jmenoAutora>
					<jmeno>David</jmeno>
					<prijmeni>Weber</prijmeni>
				</jmenoAutora>
					
			</autor>
			<nazev>Krátká vítězná válka</nazev>
		</kniha>
		<kniha id="k002" state="doma">
			<autor>
					&pratchett;
				
			</autor>
			<nazev>Zimoděj</nazev>
		</kniha>
		<kniha id="k003" state="pujcenoKomu">
			<autor>	
					&bujold;
			</autor>
			<nazev>Kryokomby</nazev>
			<jazyk>cz</jazyk>
		</kniha>
		<kniha id="k004" state="pujcenoKomu">
			<autor>
					&pratchett;
			</autor>
			<nazev>Pravda</nazev>
		</kniha>
		<kniha id="k005" state="doma">
			<autor>
					&pratchett;
			</autor>
			<nazev>Otec Prasátek</nazev>
		</kniha>
		<kniha id="k006" state="doma">
			<autor>	
					&bujold;
			</autor>
			<nazev>Vorova hra</nazev>
			<jazyk>cz</jazyk>
		</kniha>
		<kniha id="k007" state="doma">
			<autor>	
					&bujold;
			</autor>
			<nazev>Cetaganda</nazev>
			<jazyk>cz</jazyk>
		</kniha>
		<kniha id="k008" state="doma">
			<autor>	
					&bujold;
			</autor>
			<nazev>Paměť</nazev>
			<jazyk>cz</jazyk>
		</kniha>
		<kniha id="k009" state="pujcenoOd">
			<autor>	
				<jmenoAutora>
					<jmeno>Jiří</jmeno>
					<prijmeni>Pavlovský</prijmeni>
				</jmenoAutora>
			</autor>
			<nazev>Magie pro každého</nazev>
			<jazyk>cz</jazyk>
		</kniha>
		<kniha id="k010" state="pujcenoOd">
			<autor>	
				<jmenoAutora>
					<jmeno>Jiří</jmeno>
					<prijmeni>Pavlovský</prijmeni>
				</jmenoAutora>
			</autor>
			<nazev>Město mrtvých</nazev>
			<jazyk>cz</jazyk>
		</kniha>
		<kniha id="k011" state="doma">
			<autor>	
				<jmenoAutora>
					<jmeno>Sonia</jmeno>
					<prijmeni>Leong</prijmeni>
				</jmenoAutora>
			</autor>
			<nazev><![CDATA[Romeo & Julie]]></nazev>
			<jazyk>cz</jazyk>
		</kniha>
	</SeznamKnih>
	
	<SeznamVypujcek>
		<vypujcka rid="k003" kdo="Honza"></vypujcka>
		<vypujcka rid="k004" kdo="Šelesta"></vypujcka>
	</SeznamVypujcek> 
	
</knihovnicka>
