<?xml version="1.0" encoding="utf-8"?>

<xml xmlns:xsi="http://www.w3c.org/2001/XMLSchema-instance:noNamespaceSchemaLocation" xsi:noNamespaceSchemaLocation="data.xsd">
<materialy>
	<material id="ocel1" non-ferrit="no">
		<oznaceni>
			<oznaceni-CSN>11 343</oznaceni-CSN>
			<oznaceni-EN>S 235 JRG 1</oznaceni-EN>
		</oznaceni>
		<chemicke-vlastnosti>
			<obsah-uhliku>0.24<jednotka>%</jednotka></obsah-uhliku>
			<obsah-zeleza><jednotka></jednotka></obsah-zeleza>
			<obsah-siry><jednotka></jednotka></obsah-siry>
			<obsah-legujicich-prvku>
				<wolfram><jednotka></jednotka></wolfram>
				<chrom><jednotka></jednotka></chrom>
			</obsah-legujicich-prvku>
		</chemicke-vlastnosti>
		<mechanicke-vlastnosti>
			<mez-pevnosti-v-tahu>320<jednotka>MPa</jednotka></mez-pevnosti-v-tahu>
			<mez-kluzu-v-tahu>180<jednotka>MPa</jednotka></mez-kluzu-v-tahu>
			<mez-unavy-v-ohybu>120<jednotka>MPa</jednotka></mez-unavy-v-ohybu>
			<mez-unavy-v-krutu>85<jednotka>MPa</jednotka></mez-unavy-v-krutu>
			<dovolena-napeti>
				<tah>
					<staticky low="90" high="125"/>
					<mijivy low="75" high="105"/>
					<stridavy low="60" high="80"/>
				</tah>
				<tlak>
					<staticky low="90" high="125"/>
					<mijivy low="75" high="105"/>
					<stridavy low="60" high="80"/>
				</tlak>
				<ohyb>
					<staticky low="100" high="135"/>
					<mijivy low="85" high="115"/>
					<stridavy low="65" high="85"/>
				</ohyb>
				<krut-smyk>
					<staticky low="55" high="80"/>
					<mijivy low="45" high="70"/>
					<stridavy low="35" high="50"/>
				</krut-smyk>
			</dovolena-napeti>
			<modul-pruznosti>210000<jednotka>MPa</jednotka></modul-pruznosti>
			<modul-pruznosti-ve-smyku>81000<jednotka>MPa</jednotka></modul-pruznosti-ve-smyku>
			<poissonovo-cislo>0.3</poissonovo-cislo>
			<hustota>7850<jednotka>kg/m^3</jednotka></hustota>
			<merna-tepelna-kapacita>469<jednotka><![CDATA[J*kg^-1*K^-1]]></jednotka></merna-tepelna-kapacita>
			<teplota-tání>1539<jednotka>C</jednotka></teplota-tání>		
		</mechanicke-vlastnosti>
		<popis>Neušlechtilá konstrukční ocel. Vhodná ke svařování.</popis>
	</material>
	
	<material id="ocel2" non-ferrit="no">
		<oznaceni>
			<oznaceni-CSN>11 368</oznaceni-CSN>
			<oznaceni-EN></oznaceni-EN>
		</oznaceni>
		<chemicke-vlastnosti>
			<obsah-uhliku>0.24<jednotka>%</jednotka></obsah-uhliku>
			<obsah-zeleza><jednotka></jednotka></obsah-zeleza>
			<obsah-siry><jednotka></jednotka></obsah-siry>
			<obsah-legujicich-prvku>
				<wolfram><jednotka></jednotka></wolfram>
				<chrom><jednotka></jednotka></chrom>
			</obsah-legujicich-prvku>
		</chemicke-vlastnosti>
		<mechanicke-vlastnosti>
			<mez-pevnosti-v-tahu>370<jednotka>MPa</jednotka></mez-pevnosti-v-tahu>
			<mez-kluzu-v-tahu>200<jednotka>MPa</jednotka></mez-kluzu-v-tahu>
			<mez-unavy-v-ohybu>130<jednotka>MPa</jednotka></mez-unavy-v-ohybu>
			<mez-unavy-v-krutu>90<jednotka>MPa</jednotka></mez-unavy-v-krutu>
			<dovolena-napeti>
				<tah>
					<staticky low="100" high="140"/>
					<mijivy low="85" high="120"/>
					<stridavy low="65" high="90"/>
				</tah>
				<tlak>
					<staticky low="100" high="140"/>
					<mijivy low="85" high="120"/>
					<stridavy low="65" high="90"/>
				</tlak>
				<ohyb>
					<staticky low="110" high="155"/>
					<mijivy low="95" high="120"/>
					<stridavy low="70" high="100"/>
				</ohyb>
				<krut-smyk>
					<staticky low="65" high="90"/>
					<mijivy low="55" high="75"/>
					<stridavy low="40" high="60"/>
				</krut-smyk>
			</dovolena-napeti>
			<modul-pruznosti>210000<jednotka>MPa</jednotka></modul-pruznosti>
			<modul-pruznosti-ve-smyku>81000<jednotka>MPa</jednotka></modul-pruznosti-ve-smyku>
			<poissonovo-cislo>0.3</poissonovo-cislo>
			<hustota>7850<jednotka>kg/m^3</jednotka></hustota>
			<merna-tepelna-kapacita>469<jednotka><![CDATA[J*kg^-1*K^-1]]></jednotka></merna-tepelna-kapacita>
			<teplota-tání>1539<jednotka>C</jednotka></teplota-tání>		
		</mechanicke-vlastnosti>
		<popis></popis>
	</material>
	
	<material id="ocel3" non-ferrit="no">
		<oznaceni>
			<oznaceni-CSN>11 373</oznaceni-CSN>
			<oznaceni-EN>S 235 JRG 1</oznaceni-EN>
		</oznaceni>
		<chemicke-vlastnosti>
			<obsah-uhliku>0.24<jednotka>%</jednotka></obsah-uhliku>
			<obsah-zeleza><jednotka></jednotka></obsah-zeleza>
			<obsah-siry><jednotka></jednotka></obsah-siry>
			<obsah-legujicich-prvku>
				<wolfram><jednotka></jednotka></wolfram>
				<chrom><jednotka></jednotka></chrom>
			</obsah-legujicich-prvku>
		</chemicke-vlastnosti>
		<mechanicke-vlastnosti>
			<mez-pevnosti-v-tahu>340<jednotka>MPa</jednotka></mez-pevnosti-v-tahu>
			<mez-kluzu-v-tahu>186<jednotka>MPa</jednotka></mez-kluzu-v-tahu>
			<mez-unavy-v-ohybu>130<jednotka>MPa</jednotka></mez-unavy-v-ohybu>
			<mez-unavy-v-krutu>95<jednotka>MPa</jednotka></mez-unavy-v-krutu>
			<dovolena-napeti>
				<tah>
					<staticky low="100" high="150"/>
					<mijivy low="65" high="95"/>
					<stridavy low="45" high="70"/>
				</tah>
				<tlak>
					<staticky low="100" high="150"/>
					<mijivy low="65" high="95"/>
					<stridavy low="45" high="70"/>
				</tlak>
				<ohyb>
					<staticky low="110" high="165"/>
					<mijivy low="70" high="105"/>
					<stridavy low="50" high="75"/>
				</ohyb>
				<krut-smyk>
					<staticky low="65" high="95"/>
					<mijivy low="40" high="60"/>
					<stridavy low="30" high="45"/>
				</krut-smyk>
			</dovolena-napeti>
			<modul-pruznosti>210000<jednotka>MPa</jednotka></modul-pruznosti>
			<modul-pruznosti-ve-smyku>81000<jednotka>MPa</jednotka></modul-pruznosti-ve-smyku>
			<poissonovo-cislo>0.3</poissonovo-cislo>
			<hustota>7850<jednotka>kg/m^3</jednotka></hustota>
			<merna-tepelna-kapacita>469<jednotka><![CDATA[J*kg^-1*K^-1]]></jednotka></merna-tepelna-kapacita>
			<teplota-tání>1539<jednotka>C</jednotka></teplota-tání>		
		</mechanicke-vlastnosti>
		<popis>Neušlechtilá konstrukční ocel obvyklé jakosti. Svařitelnost zaručená.</popis>
	</material>
	
	<material id="ocel4" non-ferrit="no">
		<oznaceni>
			<oznaceni-CSN>11 423</oznaceni-CSN>
			<oznaceni-EN></oznaceni-EN>
		</oznaceni>
		<chemicke-vlastnosti>
			<obsah-uhliku>0.24<jednotka>%</jednotka></obsah-uhliku>
			<obsah-zeleza><jednotka></jednotka></obsah-zeleza>
			<obsah-siry><jednotka></jednotka></obsah-siry>
			<obsah-legujicich-prvku>
				<wolfram><jednotka></jednotka></wolfram>
				<chrom><jednotka></jednotka></chrom>
			</obsah-legujicich-prvku>
		</chemicke-vlastnosti>
		<mechanicke-vlastnosti>
			<mez-pevnosti-v-tahu>420<jednotka>MPa</jednotka></mez-pevnosti-v-tahu>
			<mez-kluzu-v-tahu>226<jednotka>MPa</jednotka></mez-kluzu-v-tahu>
			<mez-unavy-v-ohybu>145<jednotka>MPa</jednotka></mez-unavy-v-ohybu>
			<mez-unavy-v-krutu>105<jednotka>MPa</jednotka></mez-unavy-v-krutu>
			<dovolena-napeti>
				<tah>
					<staticky low="115" high="170"/>
					<mijivy low="75" high="105"/>
					<stridavy low="55" high="80"/>
				</tah>
				<tlak>
					<staticky low="115" high="170"/>
					<mijivy low="75" high="105"/>
					<stridavy low="55" high="80"/>
				</tlak>
				<ohyb>
					<staticky low="120" high="175"/>
					<mijivy low="80" high="125"/>
					<stridavy low="60" high="85"/>
				</ohyb>
				<krut-smyk>
					<staticky low="70" high="105"/>
					<mijivy low="45" high="70"/>
					<stridavy low="35" high="50"/>
				</krut-smyk>
			</dovolena-napeti>
			<modul-pruznosti>210000<jednotka>MPa</jednotka></modul-pruznosti>
			<modul-pruznosti-ve-smyku>81000<jednotka>MPa</jednotka></modul-pruznosti-ve-smyku>
			<poissonovo-cislo>0.3</poissonovo-cislo>
			<hustota>7850<jednotka>kg/m^3</jednotka></hustota>
			<merna-tepelna-kapacita>469<jednotka><![CDATA[J*kg^-1*K^-1]]></jednotka></merna-tepelna-kapacita>
			<teplota-tání>1539<jednotka>C</jednotka></teplota-tání>		
		</mechanicke-vlastnosti>
		<popis></popis>
	</material>
	
	<material id="ocel5" non-ferrit="no">
		<oznaceni>
			<oznaceni-CSN>11 500</oznaceni-CSN>
			<oznaceni-EN>E 295</oznaceni-EN>
		</oznaceni>
		<chemicke-vlastnosti>
			<obsah-uhliku>0.5<jednotka>%</jednotka></obsah-uhliku>
			<obsah-zeleza><jednotka></jednotka></obsah-zeleza>
			<obsah-siry><jednotka></jednotka></obsah-siry>
			<obsah-legujicich-prvku>
				<wolfram><jednotka></jednotka></wolfram>
				<chrom><jednotka></jednotka></chrom>
			</obsah-legujicich-prvku>
		</chemicke-vlastnosti>
		<mechanicke-vlastnosti>
			<mez-pevnosti-v-tahu>470<jednotka>MPa</jednotka></mez-pevnosti-v-tahu>
			<mez-kluzu-v-tahu>245<jednotka>MPa</jednotka></mez-kluzu-v-tahu>
			<mez-unavy-v-ohybu>175<jednotka>MPa</jednotka></mez-unavy-v-ohybu>
			<mez-unavy-v-krutu>125<jednotka>MPa</jednotka></mez-unavy-v-krutu>
			<dovolena-napeti>
				<tah>
					<staticky low="140" high="210"/>
					<mijivy low="90" high="135"/>
					<stridavy low="65" high="95"/>
				</tah>
				<tlak>
					<staticky low="140" high="210"/>
					<mijivy low="90" high="135"/>
					<stridavy low="65" high="95"/>
				</tlak>
				<ohyb>
					<staticky low="150" high="220"/>
					<mijivy low="100" high="150"/>
					<stridavy low="70" high="105"/>
				</ohyb>
				<krut-smyk>
					<staticky low="85" high="125"/>
					<mijivy low="55" high="85"/>
					<stridavy low="40" high="60"/>
				</krut-smyk>
			</dovolena-napeti>
			<modul-pruznosti>210000<jednotka>MPa</jednotka></modul-pruznosti>
			<modul-pruznosti-ve-smyku>81000<jednotka>MPa</jednotka></modul-pruznosti-ve-smyku>
			<poissonovo-cislo>0.3</poissonovo-cislo>
			<hustota>7850<jednotka>kg/m^3</jednotka></hustota>
			<merna-tepelna-kapacita>469<jednotka><![CDATA[J*kg^-1*K^-1]]></jednotka></merna-tepelna-kapacita>
			<teplota-tání>1539<jednotka>C</jednotka></teplota-tání>		
		</mechanicke-vlastnosti>
		<popis>Neušlechtilá konstrukční ocel obvyklé jakosti s vyšším obsahem uhlíku. Svařitelnost obtížná.</popis>
	</material>
	
	<material id="ocel6" non-ferrit="no">
		<oznaceni>
			<oznaceni-CSN>11 600</oznaceni-CSN>
			<oznaceni-EN>E 335</oznaceni-EN>
		</oznaceni>
		<chemicke-vlastnosti>
			<obsah-uhliku>0.5<jednotka>%</jednotka></obsah-uhliku>
			<obsah-zeleza><jednotka></jednotka></obsah-zeleza>
			<obsah-siry><jednotka></jednotka></obsah-siry>
			<obsah-legujicich-prvku>
				<wolfram><jednotka></jednotka></wolfram>
				<chrom><jednotka></jednotka></chrom>
			</obsah-legujicich-prvku>
		</chemicke-vlastnosti>
		<mechanicke-vlastnosti>
			<mez-pevnosti-v-tahu>590<jednotka>MPa</jednotka></mez-pevnosti-v-tahu>
			<mez-kluzu-v-tahu>295<jednotka>MPa</jednotka></mez-kluzu-v-tahu>
			<mez-unavy-v-ohybu>210<jednotka>MPa</jednotka></mez-unavy-v-ohybu>
			<mez-unavy-v-krutu>150<jednotka>MPa</jednotka></mez-unavy-v-krutu>
			<dovolena-napeti>
				<tah>
					<staticky low="150" high="230"/>
					<mijivy low="110" high="165"/>
					<stridavy low="75" high="115"/>
				</tah>
				<tlak>
					<staticky low="150" high="230"/>
					<mijivy low="110" high="165"/>
					<stridavy low="75" high="115"/>
				</tlak>
				<ohyb>
					<staticky low="170" high="250"/>
					<mijivy low="125" high="180"/>
					<stridavy low="85" high="115"/>
				</ohyb>
				<krut-smyk>
					<staticky low="105" high="145"/>
					<mijivy low="65" high="105"/>
					<stridavy low="50" high="70"/>
				</krut-smyk>
			</dovolena-napeti>
			<modul-pruznosti>210000<jednotka>MPa</jednotka></modul-pruznosti>
			<modul-pruznosti-ve-smyku>81000<jednotka>MPa</jednotka></modul-pruznosti-ve-smyku>
			<poissonovo-cislo>0.3</poissonovo-cislo>
			<hustota>7850<jednotka>kg/m^3</jednotka></hustota>
			<merna-tepelna-kapacita>469<jednotka><![CDATA[J*kg^-1*K^-1]]></jednotka></merna-tepelna-kapacita>
			<teplota-tání>1539<jednotka>C</jednotka></teplota-tání>		
		</mechanicke-vlastnosti>
		<popis>Neušlechtilá konstrukční ocel obvyklé jakosti s vyšším obsahem uhlíku. Svařitelnost obtížná.</popis>
	</material>
	
	<material id="ocel7" non-ferrit="no">
		<oznaceni>
			<oznaceni-CSN>11 700</oznaceni-CSN>
			<oznaceni-EN>E 360</oznaceni-EN>
		</oznaceni>
		<chemicke-vlastnosti>
			<obsah-uhliku>0.5<jednotka>%</jednotka></obsah-uhliku>
			<obsah-zeleza><jednotka></jednotka></obsah-zeleza>
			<obsah-siry><jednotka></jednotka></obsah-siry>
			<obsah-legujicich-prvku>
				<wolfram><jednotka></jednotka></wolfram>
				<chrom><jednotka></jednotka></chrom>
			</obsah-legujicich-prvku>
		</chemicke-vlastnosti>
		<mechanicke-vlastnosti>
			<mez-pevnosti-v-tahu>685<jednotka>MPa</jednotka></mez-pevnosti-v-tahu>
			<mez-kluzu-v-tahu>345<jednotka>MPa</jednotka></mez-kluzu-v-tahu>
			<mez-unavy-v-ohybu>245<jednotka>MPa</jednotka></mez-unavy-v-ohybu>
			<mez-unavy-v-krutu>175<jednotka>MPa</jednotka></mez-unavy-v-krutu>
			<dovolena-napeti>
				<tah>
					<staticky low="210" high="310"/>
					<mijivy low="135" high="200"/>
					<stridavy low="90" high="140"/>
				</tah>
				<tlak>
					<staticky low="210" high="310"/>
					<mijivy low="135" high="200"/>
					<stridavy low="90" high="140"/>
				</tlak>
				<ohyb>
					<staticky low="230" high="345"/>
					<mijivy low="150" high="220"/>
					<stridavy low="105" high="125"/>
				</ohyb>
				<krut-smyk>
					<staticky low="125" high="190"/>
					<mijivy low="80" high="125"/>
					<stridavy low="60" high="90"/>
				</krut-smyk>
			</dovolena-napeti>
			<modul-pruznosti>210000<jednotka>MPa</jednotka></modul-pruznosti>
			<modul-pruznosti-ve-smyku>81000<jednotka>MPa</jednotka></modul-pruznosti-ve-smyku>
			<poissonovo-cislo>0.3</poissonovo-cislo>
			<hustota>7850<jednotka>kg/m^3</jednotka></hustota>
			<merna-tepelna-kapacita>469<jednotka><![CDATA[J*kg^-1*K^-1]]></jednotka></merna-tepelna-kapacita>
			<teplota-tání>1539<jednotka>C</jednotka></teplota-tání>		
		</mechanicke-vlastnosti>
		<popis>Neušlechtilá konstrukční ocel obvyklé jakosti s vyšším obsahem uhlíku.</popis>
	</material>
	
	<material id="ocel8" non-ferrit="no">
		<oznaceni>
			<oznaceni-CSN>12 020</oznaceni-CSN>
			<oznaceni-EN></oznaceni-EN>
		</oznaceni>
		<chemicke-vlastnosti>
			<obsah-uhliku>0.2<jednotka>%</jednotka></obsah-uhliku>
			<obsah-zeleza><jednotka></jednotka></obsah-zeleza>
			<obsah-siry><jednotka></jednotka></obsah-siry>
			<obsah-legujicich-prvku>
				<wolfram><jednotka></jednotka></wolfram>
				<chrom><jednotka></jednotka></chrom>
			</obsah-legujicich-prvku>
		</chemicke-vlastnosti>
		<mechanicke-vlastnosti>
			<mez-pevnosti-v-tahu>380<jednotka>MPa</jednotka></mez-pevnosti-v-tahu>
			<mez-kluzu-v-tahu>235<jednotka>MPa</jednotka></mez-kluzu-v-tahu>
			<mez-unavy-v-ohybu>140<jednotka>MPa</jednotka></mez-unavy-v-ohybu>
			<mez-unavy-v-krutu>100<jednotka>MPa</jednotka></mez-unavy-v-krutu>
			<dovolena-napeti>
				<tah>
					<staticky low="115" high="135"/>
					<mijivy low="95" high="115"/>
					<stridavy low="75" high="87"/>
				</tah>
				<tlak>
					<staticky low="115" high="135"/>
					<mijivy low="95" high="115"/>
					<stridavy low="75" high="87"/>
				</tlak>
				<ohyb>
					<staticky low="125" high="150"/>
					<mijivy low="105" high="125"/>
					<stridavy low="80" high="95"/>
				</ohyb>
				<krut-smyk>
					<staticky low="70" high="85"/>
					<mijivy low="45" high="55"/>
					<stridavy low="33" high="40"/>
				</krut-smyk>
			</dovolena-napeti>
			<modul-pruznosti>210000<jednotka>MPa</jednotka></modul-pruznosti>
			<modul-pruznosti-ve-smyku>81000<jednotka>MPa</jednotka></modul-pruznosti-ve-smyku>
			<poissonovo-cislo>0.3</poissonovo-cislo>
			<hustota>7850<jednotka>kg/m^3</jednotka></hustota>
			<merna-tepelna-kapacita>469<jednotka><![CDATA[J*kg^-1*K^-1]]></jednotka></merna-tepelna-kapacita>
			<teplota-tání>1539<jednotka>C</jednotka></teplota-tání>		
		</mechanicke-vlastnosti>
		<popis>Konstrukční ocel k cementování.</popis>
	</material>
	
	<material id="ocel9" non-ferrit="no">
		<oznaceni>
			<oznaceni-CSN>12 060</oznaceni-CSN>
			<oznaceni-EN>C 55</oznaceni-EN>
		</oznaceni>
		<chemicke-vlastnosti>
			<obsah-uhliku>0.6<jednotka>%</jednotka></obsah-uhliku>
			<obsah-zeleza><jednotka></jednotka></obsah-zeleza>
			<obsah-siry><jednotka></jednotka></obsah-siry>
			<obsah-legujicich-prvku>
				<wolfram><jednotka></jednotka></wolfram>
				<chrom><jednotka></jednotka></chrom>
			</obsah-legujicich-prvku>
		</chemicke-vlastnosti>
		<mechanicke-vlastnosti>
			<mez-pevnosti-v-tahu>600<jednotka>MPa</jednotka></mez-pevnosti-v-tahu>
			<mez-kluzu-v-tahu>345<jednotka>MPa</jednotka></mez-kluzu-v-tahu>
			<mez-unavy-v-ohybu>215<jednotka>MPa</jednotka></mez-unavy-v-ohybu>
			<mez-unavy-v-krutu>150<jednotka>MPa</jednotka></mez-unavy-v-krutu>
			<dovolena-napeti>
				<tah>
					<staticky low="175" high="205"/>
					<mijivy low="150" high="175"/>
					<stridavy low="115" high="135"/>
				</tah>
				<tlak>
					<staticky low="175" high="205"/>
					<mijivy low="150" high="175"/>
					<stridavy low="115" high="135"/>
				</tlak>
				<ohyb>
					<staticky low="190" high="225"/>
					<mijivy low="120" high="140"/>
					<stridavy low="85" high="100"/>
				</ohyb>
				<krut-smyk>
					<staticky low="110" high="130"/>
					<mijivy low="70" high="80"/>
					<stridavy low="50" high="60"/>
				</krut-smyk>
			</dovolena-napeti>
			<modul-pruznosti>210000<jednotka>MPa</jednotka></modul-pruznosti>
			<modul-pruznosti-ve-smyku>81000<jednotka>MPa</jednotka></modul-pruznosti-ve-smyku>
			<poissonovo-cislo>0.3</poissonovo-cislo>
			<hustota>7850<jednotka>kg/m^3</jednotka></hustota>
			<merna-tepelna-kapacita>469<jednotka><![CDATA[J*kg^-1*K^-1]]></jednotka></merna-tepelna-kapacita>
			<teplota-tání>1539<jednotka>C</jednotka></teplota-tání>		
		</mechanicke-vlastnosti>
		<popis>Konstrukční ocel nelegovaná, jakostní k zušlechťování. Svařitelnost obtížná.</popis>
	</material>
	
	<material id="slitinovaocel1" non-ferrit="no">
		<oznaceni>
			<oznaceni-CSN></oznaceni-CSN>
			<oznaceni-EN></oznaceni-EN>
		</oznaceni>
		<chemicke-vlastnosti>
			<obsah-uhliku><jednotka>%</jednotka></obsah-uhliku>
			<obsah-zeleza><jednotka></jednotka></obsah-zeleza>
			<obsah-siry><jednotka></jednotka></obsah-siry>
			<obsah-legujicich-prvku>
				<wolfram><jednotka></jednotka></wolfram>
				<chrom><jednotka></jednotka></chrom>
			</obsah-legujicich-prvku>
		</chemicke-vlastnosti>
		<mechanicke-vlastnosti>
			<mez-pevnosti-v-tahu>800<jednotka>MPa</jednotka></mez-pevnosti-v-tahu>
			<mez-kluzu-v-tahu>500<jednotka>MPa</jednotka></mez-kluzu-v-tahu>
			<mez-unavy-v-ohybu>280<jednotka>MPa</jednotka></mez-unavy-v-ohybu>
			<mez-unavy-v-krutu>200<jednotka>MPa</jednotka></mez-unavy-v-krutu>
			<dovolena-napeti>
				<tah>
					<staticky low="400" high="700"/>
					<mijivy low="340" high="595"/>
					<stridavy low="260" high="455"/>
				</tah>
				<tlak>
					<staticky low="400" high="700"/>
					<mijivy low="340" high="595"/>
					<stridavy low="260" high="455"/>
				</tlak>
				<ohyb>
					<staticky low="440" high="770"/>
					<mijivy low="375" high="655"/>
					<stridavy low="285" high="500"/>
				</ohyb>
				<krut-smyk>
					<staticky low="250" high="440"/>
					<mijivy low="210" high="375"/>
					<stridavy low="160" high="285"/>
				</krut-smyk>
			</dovolena-napeti>
			<modul-pruznosti>210000<jednotka>MPa</jednotka></modul-pruznosti>
			<modul-pruznosti-ve-smyku>81000<jednotka>MPa</jednotka></modul-pruznosti-ve-smyku>
			<poissonovo-cislo>0.3</poissonovo-cislo>
			<hustota>7850<jednotka>kg/m^3</jednotka></hustota>
			<merna-tepelna-kapacita>469<jednotka><![CDATA[J*kg^-1*K^-1]]></jednotka></merna-tepelna-kapacita>
			<teplota-tání>1539<jednotka>C</jednotka></teplota-tání>		
		</mechanicke-vlastnosti>
		<popis>Litina s lupínkovým grafitem.</popis>
	</material>
	
	
</materialy>
<polotovary>
	<polotovar id="tyc1">
		<druh-polotovaru>KR 20</druh-polotovaru>
		<rozmer><jmenovity-rozmer>20<jednotka>mm</jednotka></jmenovity-rozmer><tolerance>0.05<jednotka>mm</jednotka></tolerance></rozmer>
		<item id_ref="ocel1" />
		<item id_ref="ocel2" />		
		<item id_ref="ocel3" />
		<popis>Kruhová tyč.</popis>
	</polotovar>
	<polotovar id="tyc2">
		<druh-polotovaru>KR 30</druh-polotovaru>
		<rozmer><jmenovity-rozmer>30<jednotka>mm</jednotka></jmenovity-rozmer><tolerance>0.1<jednotka>mm</jednotka></tolerance></rozmer>
		<item id_ref="ocel4" />
		<item id_ref="ocel9" />
		<popis>Kruhová tyč.</popis>
	</polotovar>
</polotovary>
</xml>