<?xml version="1.0" encoding="UTF-8"?>
<!DOCTYPE videopujcovna SYSTEM "data.dtd">
<!--
    Toto je dokument pro realitu videopujcovna eviduje jednotlive filmy a udaje o nich a dale pak zakaznika a co si kdy jaky zakaznik pujcil
-->
<videopujcovna>
    <inventar>
        <film id="f1">
            <nazev lang="cz">Transformers</nazev>
            <nazev lang="en">Transformers</nazev>
            <zanr>Akční</zanr>
            <zanr>Sci-Fi</zanr>
            <zanr>Thriller</zanr>
            <hraji>
                <herec gender="muz">
                    <jmeno>Shia</jmeno>
                    <prijmeni>LaBeouf</prijmeni> 
                </herec>
                <herec gender="zena">
                    <jmeno>Megan</jmeno>
                    <prijmeni>Fox</prijmeni>  
                </herec>
                <herec gender="muz">
                    <jmeno>Josh</jmeno>
                    <prijmeni>Duhamel</prijmeni>  
                </herec>
                <herec gender="zena">
                    <jmeno>Rachael</jmeno>
                    <prijmeni>Taylor</prijmeni>  
                </herec>
                <herec gender="muz">
                    <jmeno>Tyrese</jmeno>
                    <prijmeni>Gibson</prijmeni>
                </herec>
            </hraji>
            <rezie>Michael Bay</rezie>
            <hudba>Steve Jablonsky</hudba>
            <vydano>2007</vydano>
            <zemepuvodu>USA</zemepuvodu>
            <delka jednotka="min">144</delka>
            <popis>
                Transformers patří k nejúspěšnějším hračkám v historii. Roboti, kteří se dokážou přetransformovat v libovolný dopravní prostředek, jsou populární natolik, že se stali hrdiny akčního animovaného seriálu. Mohli by ale být také předlohou pro hraný celovečerní akční film? Pochybnosti hravě rozmetají dva argumenty – úspěšné snímky se v současnosti natáčejí podle mnohem podivnějších námětů (třeba podle atrakcí v zábavních parcích, viz Piráti z Karibiku) a Transformers se navíc mohou opřít o dva velikány světového filmu, produkujícího Stevena Spielberga a režírujícího Michaela Baye (Mizerové 1 + 2, Skála, Armageddon). Ti dva mají dostatečný kredit na to, aby se z projektu, který by jinak doprovázely pochyby, stal jeden ze nejočekávanějších filmů léta.

                Prakticky odnepaměti ve vesmíru kolem nás zuří válka dvou vyspělých mimozemských civilizaci, „hodných“ Autobots a „zlých“ Decepticons. Dousd se nám vyhýbala, ale když tito vyspělí mechanoidi objeví na Zemi zdroj energie, jehož ovládnutí může jedné či druhé straně přinést konečné vítězství, promění se naše planeta v peklo na zemi (nebo spíš ve vesmíru). Jejich invazi prožíváme společně s teenagerem Samem (Shia LaBeouf), kterého doposud trápila pouze škola, absence pořádné káry a slečna jménem Mikaela (Megan Fox), jež dává přednost jeho spolužákům. Ve chvíli, kdy se v televizi objeví první zprávy o ničivých robotech, začne mít o jeden problém navíc. Je to právě on, kdo nevědomky ukrývá klíč k onomu životně důležitému energetickému zdroji, proto má nárok na první místo na seznamu ohrožených druhů. Hned za ním figuruje zbytek naší civilizace…

                Spojením Stevena Spielberga s Michaelem Bayem vznikl z dětské hračky silný epický příběh, který úspěšně kombinuje dramatičnost Války světů s diváckou vstřícností Dne nezávislosti. Přestože příběhu dominují velkolepé akční sekvence, o které se starali mistři oboru, specialisté z trikového studia George Lucase Industrial Light and Magic, je v něm dostatek prostoru i pro humor a pro originální zápletku. „Nejdůležitější bude přesvědčit lidi o tom, že film, který se inspiroval dětskou hračkou, může být pro dospělé. Stačí ale pár vteřin libovolné akční sekvence a vaše předsudky budou ty tam,“ tvrdí producent filmu Lorenzo di Bonaventura. (oficiální text distributora)
            </popis>
        </film>
        <film id="f2">
            <nazev lang="cz">Rychlí a zběsilý</nazev>
            <nazev lang="en">Fast &amp; Furious</nazev>
            <zanr>Akční</zanr>
            <zanr>Krimi</zanr>
            <zanr>Drama</zanr>
            <zanr>Thriller</zanr>
            <hraji>
                <herec gender="muz">
                    <jmeno>Vin</jmeno>
                    <prijmeni>Diesel</prijmeni> 
                </herec>
                <herec gender="muz">
                    <jmeno>Paul</jmeno>
                    <prijmeni>Walker</prijmeni>
                </herec>
                <herec gender="zena">
                    <jmeno>Jordana</jmeno>
                    <prijmeni>Brewster</prijmeni> 
                </herec>
                <herec gender="zena">
                    <jmeno>Michelle</jmeno>
                    <prijmeni>Rodriguez</prijmeni> 
                </herec>
                <herec gender="muz">
                    <jmeno>John</jmeno>
                    <prijmeni>Ortiz</prijmeni>
                </herec>
            </hraji>
            <rezie>Justin Lin</rezie>
            <hudba>Brian Tyler</hudba>
            <vydano>2009</vydano>
            <zemepuvodu>USA</zemepuvodu>
            <delka jednotka="min">102</delka>
            <popis>
                Dokonale poladěný model. Luxusní vybavení, nablýskaná kapota a pod ní osvědčené součástky, které mu dodávají punc výjimečnosti. Tak nějak by fanoušek rychlých kol popsal čtvrtý díl slavné akční série, jehož název je tentokrát modifikovaný do podoby Rychlí a zběsilí. S předchozí částí, která se odehrávala v Tokiu, v prostředí vyznavačů školy smyku, čtyřku spojuje jenom jméno režiséra Justina Lina a hlavní hvězda Vin Diesel, která si půdu pro návrat v Tokijské jízdě připravila cameo roličkou.
                Ocitáme se v Dominikánské republice, kde hodlá Torrettova skupina rychle a zběsile ukrást „pár litrů“ benzínu z jedoucího konvoje. Velkolepá akční sekvence jen předjímá tempo, jaké bude Justin Lin po zbytek filmu diktovat. Po ostrém střihu se ocitáme v Los Angeles, kde narazíme na druhého „ztraceného syna“. Brian O´Conner (Paul Walker, který se objevil v prvním a druhém dílu) zůstal věrný policejní placce. Právě se snaží rozkrýt drogový kartel, jehož členové pašují drogy do Spojených států přes mexickou hranici nebezpečnými spanilými jízdami podzemními tunely. Mistr volantu O´Conner získá od nadřízených oficiální posvěcení oprášit své řidičské umění a proniknout do tohoto gangu coby jeden z řidičů. Stejný záměr, nicméně mnohem osobnější cíl, který se nesluší prozrazovat, má i Dominic Toretto. A tak se oba sejdou na startu nelegálního závodu, jehož vítězové získají pochybné právo stát se členy gangu a pracovat pro něj jako námezdní jezdci. Znovu tak budou řvát motory, pneumatiky trhat asfalt a proteče i pár litrů krve. Tahle jízda rozhodně není pro čajíčky. (oficiální text distributora)
            </popis>
        </film>
    </inventar>
    <zakaznici>
        <zakaznik id="z1">
            <jmeno>Jan</jmeno>
            <prijmeni>Kubat</prijmeni>
            <narozen>26.08.1988</narozen>
            <registrovan>           
                <?php date("d.m.Y");?>
            </registrovan>
            <adresa>
                <ulice>Pod Zemankou</ulice>
                <cislo popisne="273" orientacni="21" />
                <psc>14700</psc>
                <mesto>Praha 4 - Braník</mesto>
            </adresa>
            <telefon>728780116</telefon>
            <email>jan.kubat@release.cz</email>
            <poznamka>
                <![CDATA[
                    <strong>nevraci obaly</strong>
                ]]>
            </poznamka>
        </zakaznik>
    </zakaznici>
    <vypujcky>
        <pujcka id="p1" ref="f1">
            <vypujcil ref="z1" />
            <vypujceno datum="10.01.2012" />
            <vraceno datum="12.01.2012" />
        </pujcka>
    </vypujcky>
</videopujcovna>
