<?xml version="1.0" encoding="UTF-8"?>
<eshop>
	<employee>
		<person PERID="1">
			<name>The BOSS</name>
			<rank>director</rank>
			<trust>5000000</trust>
		</person>
		<person PERID="2">
			<name>Jon Doe</name>
			<rank>storekeeper</rank>
			<trust>5000</trust>
			<manager>1</manager>
		</person>
		<person PERID="3">
			<name>Unnamed worker</name>
			<rank>storekeeper</rank>
			<trust>500</trust>
			<manager>1</manager>
		</person>
		<person PERID="4">
			<name>Jon Doe</name>
			<rank>storekeeper</rank>
			<trust>5000</trust>
			<manager>2</manager>
		</person>
		<person PERID="5">
			<name>Unnamed worker</name>
			<rank>storekeeper</rank>
			<trust>500</trust>
			<manager>2</manager>
		</person>
		<person PERID="6">
			<name>Jon Doe</name>
			<rank>storekeeper</rank>
			<trust>5000</trust>
			<manager>2</manager>
		</person>
		<person PERID="7">
			<name>Unnamed worker</name>
			<rank>storekeeper</rank>
			<trust>500</trust>
			<manager>5</manager>
		</person>
		<person PERID="8">
			<name>Jon Doe</name>
			<rank>storekeeper</rank>
			<trust>5000</trust>
			<manager>1</manager>
		</person>
		<person PERID="9">
			<name>Unnamed worker</name>
			<rank>storekeeper</rank>
			<trust>500</trust>
			<manager>3</manager>
		</person>		
	</employee>
</eshop>