<?xml version="1.0" encoding="utf-8" standalone="no"?>
<football_club xmlns:xsi="http://www.w3.org/2001/XMLSchema-instance" xsi:noNamespaceSchemaLocation="data.xsd">
  <info>
    <name>Arsenal</name>
    <fullname>Arsenal Football Club</fullname>
    <nickname>The Gunners</nickname>
    <founded>1886</founded>
    <ground id="emiratesstadium">Emirates Stadium</ground>
    <training_ground>London Colney</training_ground>
    <city>London</city>
    <nation>England</nation>
    <league>Premier League</league>
    <last_season_standing>4</last_season_standing>
  </info>
  <staff>
    <management>
      <chairman id="chr01">
        <name>Sir Chips Keswick</name>
        <nation>England</nation>
        <date_of_birth>1940-02-02</date_of_birth>
      </chairman>
      <chief_executive_officer id="ceo01">
        <name>Ivan Gazidis</name>
        <nation>South Africa</nation>
        <date_of_birth>1964-09-13</date_of_birth>
      </chief_executive_officer>
      <manager id="mgr01">
        <name>Arsène Wenger</name>
        <nation>France</nation>
        <date_of_birth>1949-10-22</date_of_birth>
        <contract type="full_time">
          <started>2010-08-14</started>
          <expires>2014-06-30</expires>
          <wage>115000</wage>
        </contract>
      </manager>
    </management>
    <coaches>
      <coach id="cch01" job="assistant_manager">
        <name>Steve Bould</name>
        <nation>England</nation>
        <contract type="full_time">
          <started>2012-07-01</started>
          <expires>2015-06-30</expires>
          <wage>19999</wage>
        </contract>
      </coach>
      <coach id="cch02" job="coach">
        <name>Boro Primorac</name>
        <nation>Bosnia &amp; Herzegovina</nation>
        <contract type="full_time">
          <started>2011-05-15</started>
          <expires>2014-06-30</expires>
          <wage>30000</wage>
        </contract>
      </coach>
      <coach id="cch03" job="fitness_coach">
        <name>Tony Colbert</name>
        <nation>England</nation>
        <contract type="full_time">
          <started>2010-07-01</started>
          <expires>2013-06-30</expires>
          <wage>2199</wage>
        </contract>
      </coach>
      <coach id="cch04" job="goalkeeper_coach">
        <name>Gerry Peyton</name>
        <nation>Ireland</nation>
        <contract type="full_time">
          <started>2010-07-01</started>
          <expires>2013-06-30</expires>
          <wage>3000</wage>
        </contract>
      </coach>
    </coaches>
    <physiotherapists>
      <physiotherapist id="phs01">
        <name>Colin Lewin</name>
        <nation>England</nation>
        <contract type="full_time">
          <started>2009-07-01</started>
          <expires>2013-06-30</expires>
          <wage>2999</wage>
        </contract>
      </physiotherapist>
    </physiotherapists>
    <scouts>
      <scout id="sct01">
        <name>Steve Rowley</name>
        <nation>England</nation>
        <contract type="full_time">
          <started>2010-07-01</started>
          <expires>2013-06-30</expires>
          <wage>5199</wage>
        </contract>
      </scout>
      <scout id="sct02">
        <name>Gilles Grimandi</name>
        <nation>France</nation>
        <contract type="full_time">
          <started>2010-07-01</started>
          <expires>2014-06-30</expires>
          <wage>1799</wage>
        </contract>
      </scout>
    </scouts>
  </staff>
  <players>
    <player id="p1" number="1" position="goalkeeper">
      <name>Wojciech Szczesny</name>
      <nation>Poland</nation>
      <date_of_birth>1990-04-18</date_of_birth>
      <squad>first_team</squad>
      <contract type="full_time">
        <started>2010-11-11</started>
        <expires>2015-06-30</expires>
        <wage>30000</wage>
      </contract>
      <homegrown/>
    </player>
    <player id="p21" number="21" position="goalkeeper">
      <name>Lukasz Fabianski</name>
      <nation>Poland</nation>
      <date_of_birth>1985-04-18</date_of_birth>
      <squad>first_team</squad>
      <contract type="full_time">
        <started>2009-06-12</started>
        <expires>2013-06-30</expires>
        <wage>20000</wage>
      </contract>
    </player>
    <player id="p36" number="36" position="goalkeeper">
      <name>Damián Martínez</name>
      <nation>Argentina</nation>
      <date_of_birth>1992-09-02</date_of_birth>
      <squad>reserve_team</squad>
      <contract type="full_time">
        <started>2010-09-02</started>
        <expires>2014-06-30</expires>
        <wage>1999</wage>
      </contract>
      <homegrown/>
    </player>
    <player id="p6" number="6" position="defender">
      <name>Laurent Koscielny</name>
      <nation>France</nation>
      <date_of_birth>1985-09-10</date_of_birth>
      <squad>first_team</squad>
      <contract type="full_time">
        <started>2012-07-24</started>
        <expires>2017-06-30</expires>
        <wage>60000</wage>
      </contract>
    </player>
    <player id="p4" number="4" position="defender">
      <name>Per Mertesacker</name>
      <nation>Germany</nation>
      <date_of_birth>1984-09-29</date_of_birth>
      <squad>first_team</squad>
      <contract type="full_time">
        <started>2011-08-31</started>
        <expires>2015-06-30</expires>
        <wage>80000</wage>
      </contract>
    </player>
    <player id="p25" number="25" position="defender">
      <name>Carl Jenkinson</name>
      <nation>England</nation>
      <date_of_birth>1992-02-08</date_of_birth>
      <squad>first_team</squad>
      <contract type="full_time">
        <started>2012-11-12</started>
        <expires>2018-06-30</expires>
        <wage>24999</wage>
      </contract>
      <homegrown/>
    </player>
    <player id="p5" number="5" position="defender">
      <name>Thomas Vermaelen</name>
      <nation>Belgium</nation>
      <date_of_birth>1985-11-14</date_of_birth>
      <squad>first_team</squad>
      <contract type="full_time">
        <started>2011-10-18</started>
        <expires>2015-06-30</expires>
        <wage>69999</wage>
      </contract>
    </player>
    <player id="p17" number="17" position="defender">
      <name>Natxo Monreal</name>
      <nation>Spain</nation>
      <date_of_birth>1986-02-26</date_of_birth>
      <squad>first_team</squad>
      <contract type="full_time">
        <started>2013-01-31</started>
        <expires>2017-06-30</expires>
        <wage>34782</wage>
      </contract>
    </player>
    <player id="p3" number="3" position="defender">
      <name>Bacary Sagna</name>
      <nation>France</nation>
      <date_of_birth>1983-02-14</date_of_birth>
      <squad>first_team</squad>
      <contract type="full_time">
        <started>2008-05-10</started>
        <expires>2014-06-30</expires>
        <wage>40000</wage>
      </contract>
    </player>
    <player id="p28" number="28" position="defender">
      <name>Kieran Gibbs</name>
      <nation>England</nation>
      <date_of_birth>1989-09-26</date_of_birth>
      <squad>first_team</squad>
      <contract type="full_time">
        <started>2012-12-19</started>
        <expires>2018-06-30</expires>
        <wage>39999</wage>
      </contract>
      <homegrown/>
    </player>
    <player id="p10" number="10" position="midfielder">
      <name>Jack Wilshere</name>
      <nation>England</nation>
      <date_of_birth>1992-01-01</date_of_birth>
      <squad>first_team</squad>
      <contract type="full_time">
        <started>2012-12-09</started>
        <expires>2018-06-30</expires>
        <wage>79999</wage>
      </contract>
      <homegrown/>
    </player>
    <player id="p8" number="8" position="midfielder">
      <name>Mikel Arteta</name>
      <nation>Spain</nation>
      <date_of_birth>1982-03-28</date_of_birth>
      <squad>first_team</squad>
      <contract type="full_time">
        <started>2011-08-31</started>
        <expires>2015-06-30</expires>
        <wage>65000</wage>
      </contract>
    </player>
    <player id="p16" number="16" position="midfielder">
      <name>Aaron Ramsey</name>
      <nation>Wales</nation>
      <date_of_birth>1990-12-26</date_of_birth>
      <squad>first_team</squad>
      <contract type="full_time">
        <started>2012-12-19</started>
        <expires>2018-06-30</expires>
        <wage>59999</wage>
      </contract>
      <homegrown/>
    </player>
    <player id="p47" number="47" position="midfielder">
      <name>Serge Gnabry</name>
      <nation>Germany</nation>
      <date_of_birth>1995-07-14</date_of_birth>
      <squad>u20</squad>
      <contract type="youth">
        <started>2011-07-01</started>
        <expires>2014-06-30</expires>
        <wage>0</wage>
      </contract>
      <homegrown/>
    </player>
    <player id="p7" number="7" position="midfielder">
      <name>Tomáš Rosický</name>
      <nation>Czech Republic</nation>
      <date_of_birth>1980-10-04</date_of_birth>
      <squad>first_team</squad>
      <contract type="full_time">
        <started>2012-03-12</started>
        <expires>2014-06-30</expires>
        <wage>49999</wage>
      </contract>
    </player>
    <player id="p19" number="19" position="midfielder">
      <name>Santi Cazorla</name>
      <nation>Spain</nation>
      <date_of_birth>1984-12-13</date_of_birth>
      <squad>first_team</squad>
      <contract type="full_time">
        <started>2012-08-07</started>
        <expires>2016-06-30</expires>
        <wage>70000</wage>
      </contract>
    </player>
    <player id="p15" number="15" position="midfielder">
      <name>Alex Oxlade-Chaimberlain</name>
      <nation>England</nation>
      <date_of_birth>1993-08-15</date_of_birth>
      <squad>first_team</squad>
      <contract type="full_time">
        <started>2012-12-19</started>
        <expires>2018-06-30</expires>
        <wage>51999</wage>
      </contract>
      <homegrown/>
    </player>
    <player id="p11" number="11" position="midfielder">
      <name>Mesut Özil</name>
      <nation>Germany</nation>
      <date_of_birth>1988-10-15</date_of_birth>
      <squad>first_team</squad>
      <contract type="full_time">
        <started>2013-08-17</started>
        <expires>2019-06-30</expires>
        <wage>83326</wage>
      </contract>
    </player>
    <player id="p32" number="32" position="midfielder">
      <name>Ryô Miyaichi</name>
      <nation>Japan</nation>
      <date_of_birth>1992-12-14</date_of_birth>
      <squad>reserve_team</squad>
      <contract type="full_time">
        <started>2011-01-01</started>
        <expires>2016-06-30</expires>
        <wage>4999</wage>
      </contract>
      <homegrown/>
    </player>
    <player id="p14" number="14" position="forward">
      <name>Theo Walcott</name>
      <nation>England</nation>
      <date_of_birth>1989-03-16</date_of_birth>
      <squad>first_team</squad>
      <contract type="full_time">
        <started>2013-01-18</started>
        <expires>2016-06-30</expires>
        <wage>99999</wage>
      </contract>
      <homegrown/>
    </player>
    <player id="p9" number="9" position="forward">
      <name>Lukas Podolski</name>
      <nation>Germany</nation>
      <date_of_birth>1985-06-04</date_of_birth>
      <squad>first_team</squad>
      <contract type="full_time">
        <started>2012-07-01</started>
        <expires>2016-06-30</expires>
        <wage>100000</wage>
      </contract>
    </player>
    <player id="p12" number="12" position="forward">
      <name>Olivier Giroud</name>
      <nation>France</nation>
      <date_of_birth>1986-09-30</date_of_birth>
      <squad>first_team</squad>
      <contract type="full_time">
        <started>2012-07-01</started>
        <expires>2016-06-30</expires>
        <wage>50000</wage>
      </contract>
    </player>
  </players>
  <fixtures>
    <match id="m01" referee="Mark Webb" squad="p1 p6 p4 p25 p17 p8 p10 p7 p11 p14 p12">
      <opponent>Tottenham Hotspur</opponent>
      <date>2013-09-01</date>
      <place stadiumRef="emiratesstadium"/>
      <competition>Premier League</competition>
      <captain playerRef="p10"/>
    </match>
    <match id="m02" referee="Andree Marriner" squad="p1 p6 p4 p28 p3 p16 p10 p7 p11 p19 p9">
      <opponent>Borussia Dortmund</opponent>
      <date>2013-10-22</date>
      <place stadiumRef="emiratesstadium"/>
      <competition>Premier League</competition>
      <captain playerRef="p7"/>
    </match>
  </fixtures>
</football_club>