<clenove>
  <clen>
    <jmeno>
      <krestni>Jan</krestni>
      <prijmeni>Frank</prijmeni>
    </jmeno>
    <reg_cislo>
      c-1203-871
    </reg_cislo>
  </clen>
  <clen>
    <jmeno>
      <krestni>Lubomir</krestni>
      <prijmeni>Neumitka</prijmeni>
    </jmeno>
    <reg_cislo>
      c-1203-324
    </reg_cislo>
  </clen>
  <clen>
    <jmeno>
      <krestni>Bohuslav</krestni>
      <prijmeni>Skoda</prijmeni>
    </jmeno>
    <reg_cislo>
      c-1203-763
    </reg_cislo>
  </clen>
  <clen>
    <jmeno>
      <krestni>Matej</krestni>
      <prijmeni>Sykora</prijmeni>
    </jmeno>
    <reg_cislo>
      c-1203-514
    </reg_cislo>
  </clen>
  <clen>
    <jmeno>
      <krestni>Martin</krestni>
      <prijmeni>Kyval</prijmeni>
    </jmeno>
    <reg_cislo>
      c-1203-197
    </reg_cislo>
  </clen>
</clenove>