<?xml version="1.0"?>
<!DOCTYPE lodenice SYSTEM "data.dtd">
<lodenice>
  <lodni_tridy>
    <!-- Lodenice poskytuje prostory pro tyto lodni tridy -->
    <lodni_trida nazev="fireball" posadka="2" spinaker="ano" celkova_plocha_plachet="24" pozadovane_opravneni="S80" />
    <lodni_trida nazev="cadet" posadka="2" spinaker="ano" celkova_plocha_plachet="10" />
    <lodni_trida nazev="optimist" posadka="1" spinaker="ne" celkova_plocha_plachet="3.3" />
    <lodni_trida nazev="laser" posadka="1" spinaker="ne" celkova_plocha_plachet="7" />
    <lodni_trida nazev="vaurien" posadka="2" spinaker="ano" celkova_plocha_plachet="20" pozadovane_opravneni="S20" />
    <lodni_trida nazev="finn" posadka="1" spinaker="ne" celkova_plocha_plachet="10.6" />
    <lodni_trida nazev="europe" posadka="1" spinaker="ne" celkova_plocha_plachet="7" />
    <lodni_trida nazev="melges24" posadka="5" spinaker="ano" celkova_plocha_plachet="93" pozadovane_opravneni="S" />
    <lodni_trida nazev="rs700" posadka="1" spinaker="ano" celkova_plocha_plachet="28" pozadovane_opravneni="S80" />
    <lodni_trida nazev="tornado" posadka="2" spinaker="ano" celkova_plocha_plachet="47" pozadovane_opravneni="S80" />
  </lodni_tridy>
  <lode>
    <!-- Lode uskladnene v lodenici -->
    <jachta trida="fireball" majitel="YCNeratovice" registracni_cislo="l-14084" promereni="2012" konstrukce="drevena">
      <posadka kormidelnik="c-1203-491" kosatnik="c-1203-486" />
    </jachta>
    <jachta trida="fireball" majitel="YCNeratovice" registracni_cislo="l-14084" promereni="2012" konstrukce="drevena">
      <posadka kormidelnik="c-1203-491" kosatnik="c-1203-486" />
    </jachta>
    <jachta trida="cadet" majitel="YCNeratovice" registracni_cislo="l-9128" promereni="2001" konstrukce="kompozitni">
      <posadka kormidelnik="c-1203-491" kosatnik="c-1203-501" />
    </jachta>
    <jachta trida="laser" majitel="c-1203-444" registracni_cislo="l-14567" promereni="2009" konstrukce="kompozitni">
      <posadka kormidelnik="c-1203-444" />
    </jachta>
    <jachta trida="melges24" majitel="YCNeratovice" registracni_cislo="l-11024" promereni="2011" konstrukce="kompozitni">
      <posadka kormidelnik="c-1203-315" kosatnik="c-1203-491 c-1203-501 c-1203-486 c-1203-444" />
    </jachta>
    <clun registracni_cislo="l-M40900101" pozadovane_opravneni="M100" />
  </lode>
</lodenice>
