<oddily>
  <!-- Oddily vyuzivajici prostory lodenice (lze sdilet) -->
  <oddil nazev="YCNeratovice" predseda="c-1203-001" pokladnik="c-1203-002">
    <clenove>
      <!-- Registrovani clenove -->
      <clen jmeno="Jan Novak" registracni_cislo="c-1203-001" datum_narozeni="1950" pohlavi="muz" telefon="733-123-456">
        <!-- Pro zajisteni dostatecneho zanoreni u clenu evidujeme, na kdy maji rezevovane zdroje lodenice (dilnu) -->
        <rezervace_dilny>
          <datum den="10" mesic="4" rok="2012" />
        </rezervace_dilny>
      </clen>
      <clen jmeno="Ales Novotny" registracni_cislo="c-1203-002" datum_narozeni="1960" pohlavi="muz" telefon="723-512-256" />
      <clen jmeno="Lenka Mala" registracni_cislo="c-1203-315" datum_narozeni="1970" pohlavi="zena" />
      <clen jmeno="Jitka Navratilova" registracni_cislo="c-1203-444" datum_narozeni="1980" pohlavi="zena" />
      <clen jmeno="David Kohout" registracni_cislo="c-1203-486" datum_narozeni="1989" pohlavi="muz" />
      <clen jmeno="Petr Zita" registracni_cislo="c-1203-491" datum_narozeni="1989" pohlavi="muz" />
      <clen jmeno="Alena Kroutilova" registracni_cislo="c-1203-501" datum_narozeni="1993" pohlavi="zena" />
    </clenove>

    <!-- Osoby zodpovedne za stav lodenice po ukonceni treningu -->
    <trener lodni_trida="fireball" registracni_cislo="c-1203-444" />
    <trener lodni_trida="laser" registracni_cislo="c-1203-315" />

    <!-- Staticky obsah nastenky -->
    <nastenka>
      Vypsani MCR neleznete na strankach <odkaz url="http://sailing.cz">ceskeho svazu jachtingu</odkaz>.

      za obsah je zodpovedny spravce.
    </nastenka>

    <!-- Dynamicky nacitany obsah -->
    <vysledky>
      <?php /* ZDE BUDE KOD PRO IMPORTOVANI VYSLEDKU */ ?>
      <![CDATA[
               Vyznamne uspechy clenu oddilu:

               Mistrovstvi CR - Lipno
               1. & Jakub Daniel
               2. & Jan Novak
               3. & Jiri Adamec
      ]]>
    </vysledky>
  </oddil>
</oddily>
