<?xml version="1.0" encoding="UTF-8"?>
<!DOCTYPE container SYSTEM "data2.dtd">
<container>
		<company name="company1">
			<member id="_0001">
				<name>
					<surname>Frank</surname>
					<lastname>Sharp</lastname>
				</name>
				<age>39</age>
			</member>
			<member id="_0002">
				<name>
					<surname>Joeseph</surname>
					<lastname>Dart</lastname>
				</name>
				<age>48</age>
			</member>
			<member id="_0003">
				<name>
					<surname>Johnny</surname>
					<lastname>Mahony</lastname>
				</name>
				<age>22</age>
			</member>
			<member id="_0004">
				<name>
					<surname>Peter</surname>
					<lastname>Dart</lastname>
				</name>
				<age>21</age>
			</member>
		</company>
		
		<company name="company3">
			<member id="_0020">
				<name>
					<surname>Michael</surname>
					<lastname>Jordan</lastname>
				</name>
				<age>39</age>
			</member>
		</company>
		
</container>
