<?xml version="1.0" encoding="UTF-8"?>
<!DOCTYPE DatabazeFilmu SYSTEM "DatabazeFilmu.dtd">

<DatabazeFilmu>

<film>
<nazev>Avatar  </nazev>

<rok>2010</rok>
<typ>Akcni</typ>
<cas> 2  </cas>
<popis> Pribeh o Avatari   </popis>
<stat>USA </stat>
</film>

<distributor>
<nazevSpolecnost>DREAMS TEAM</nazevSpolecnost> 
<adresa>
<ulice>   Konevova 183</ulice>
<PSČ> 130 00 </PSČ>
<mesto>Praha</mesto>
<stat> CZ</stat>
</adresa>

</distributor>


<herec>

<jmeno> Worthington</jmeno>
<prijmeni>Sam</prijmeni>
<role>Hlavni</role>
<adresa>
<ulice>   Konevova 183</ulice>
<PSČ> 130 00 </PSČ>
<mesto>Praha</mesto>
<stat> CZ</stat>
</adresa>
</herec>

<reziser>
 <rodneCislo >1290927293</rodneCislo>
<jmenoReziser> 
James Cameron
</jmenoReziser>


</reziser>

<kino>
<nazev> Palace Cinema</nazev>
<premier> 12.12.2012</premier>
<cas>  12 :3-</cas>

<otviraciDoba>od 9h do 22h </otviraciDoba>

<adresa>
<ulice>   Konevova 183</ulice>
<PSČ> 130 00 </PSČ>
<mesto>Praha</mesto>
<stat> CZ</stat>
</adresa>

</kino>

</DatabazeFilmu>





