<?xml version="1.0" encoding="UTF-8"?>
<?xml-stylesheet href="styl.css" type="text/css"?>
<!DOCTYPE restaurace SYSTEM "data.dtd">
<restaurace>
	<script>
	<![CDATA[
function countwo(a,b)
{
	return a+b;
}
]]>
	</script>
	<!-- zoznam jedal -->
	<menu>
		<jedlo id="j1" kateg="Polievky">
			<nazov>Slepačí vývar</nazov>
			<cena>1,20</cena>
			<hmotnost>0,33<jednotka>l</jednotka></hmotnost>
			<doporucene>
			    <priloha>Chlieb</priloha>
			    <napoj>
			        <alk/>
			        <nealk/>
			     </napoj>
			</doporucene>
			<pozn/>
		</jedlo>
		<jedlo id="j2" kateg="Polievky">
			<nazov>Kapustnica</nazov>
			<cena></cena>
			<hmotnost>0,33<jednotka>l</jednotka></hmotnost>
			<doporucene>
			    <priloha>Chlieb</priloha>
			    <napoj>
			        <alk/>
			        <nealk/>
			     </napoj>
			</doporucene>
			<pozn/>
		</jedlo>
		<jedlo id="j3" kateg="Ryby">
			<nazov>Pstruh na rošte s bylinkovým maslom</nazov>
			<cena></cena>
			<hmotnost>200<jednotka>g</jednotka></hmotnost>
			<doporucene>
			    <priloha>Dusená ryža</priloha>
			    <napoj>
			        <alk>Malibu</alk>
			        <nealk>Mlieko</nealk>
			     </napoj>
			</doporucene>
			<pozn/>
		</jedlo>
		<jedlo id="j4" kateg="Ryby">
			<nazov>Pstruh na mlynarsky sposob</nazov>
			<cena></cena>
			<hmotnost>180<jednotka>g</jednotka></hmotnost>
			<doporucene>
			    <priloha>Otvorený zemiak s tsatzikami</priloha>
			    <napoj>
			        <alk>Fernet stock</alk>
			        <nealk>Ice tea</nealk>
			     </napoj>
			</doporucene>
			<pozn/>
		</jedlo>
		<jedlo id="j5" kateg="Ryby">
			<nazov>Losos steak na grile s bylinkami</nazov>
			<cena></cena>
			<hmotnost>200<jednotka>g</jednotka></hmotnost>
			<doporucene>
			    <priloha>Chlieb</priloha>
			    <napoj>
			        <alk>Slivovica Bošácka</alk>
			        <nealk>Džús Toma</nealk>
			     </napoj>
			</doporucene>
			<pozn/>
		</jedlo>
		<jedlo id="j6" kateg="Bezmasite">
			<nazov>Bryndzove halusky</nazov>
			<cena>7,50</cena>
			<hmotnost>300<jednotka>g</jednotka></hmotnost>
			<doporucene>
			    <priloha>Zemiakové hranolky</priloha>
			    <napoj>
			        <alk>Borovička zlatá</alk>
			        <nealk>Kapucín</nealk>
			     </napoj>
			</doporucene>
			<pozn/>
		</jedlo>
		<jedlo id="j7" kateg="Bezmasite">
			<nazov>Lekvárové pirohy so strúhankou a maslom</nazov>
			<cena></cena>
			<hmotnost>250<jednotka>g</jednotka></hmotnost>
			<doporucene>
			    <priloha>Anglická zelenina</priloha>
			    <napoj>
			        <alk>Hruškovica spišská</alk>
			        <nealk>Mlieko</nealk>
			     </napoj>
			</doporucene>
			<pozn>&lt;</pozn>
		</jedlo>
		<jedlo id="j8" kateg="Bezmasite">
			<nazov>Vyprazany syr</nazov>
			<cena>6,00</cena>
			<hmotnost>300<jednotka>g</jednotka></hmotnost>
			<doporucene>
			    <priloha>Zemiakové hranolky</priloha>
			    <napoj>
			        <alk>Borovička zlatá</alk>
			        <nealk>Kapucín</nealk>
			     </napoj>
			</doporucene>
			<pozn/>
		</jedlo>
		<jedlo id="j9" kateg="Bezmasite">
			<nazov>Loksa plnena hydinovou pecenou</nazov>
			<cena>6,25</cena>
			<hmotnost>300<jednotka>g</jednotka></hmotnost>
			<doporucene>
			    <priloha>Dusená ryža</priloha>
			    <napoj>
			        <alk>Vodka Puschkin</alk>
			        <nealk>Mirinda orange</nealk>
			     </napoj>
			</doporucene>
			<pozn/>
		</jedlo>
		<jedlo id="j10" kateg="Masite">
			<nazov>Bravčový rezeň so syrom</nazov>
			<cena>5,20</cena>
			<hmotnost>300<jednotka>g</jednotka></hmotnost>
			<doporucene>
			    <priloha>Varené zemiaky s maslom</priloha>
			    <napoj>
			        <alk>Veľkopopovický kozel 10°</alk>
			        <nealk>Radegast – nealko</nealk>
			     </napoj>
			</doporucene>
			<pozn/>
		</jedlo>
		<jedlo id="j11" kateg="Masite">
			<nazov>Pandurska zivanska</nazov>
			<cena>5,50</cena>
			<hmotnost>1250<jednotka>g</jednotka></hmotnost>
			<doporucene>
			    <priloha>Gazdovske zemiaky</priloha>
			    <napoj>
			        <alk>Smädný mních 10°</alk>
			        <nealk>Cappuccino</nealk>
			     </napoj>
			</doporucene>
			<pozn/>
		</jedlo>
		<jedlo id="j12" kateg="Masite">
			<nazov>Steak na polovnicky sposob</nazov>
			<cena>10,70</cena>
			<hmotnost>250<jednotka>g</jednotka></hmotnost>
			<doporucene>
			    <priloha>Opekane zemiaky</priloha>
			    <napoj>
			        <alk>Šariš sv. 12°</alk>
			        <nealk>Horúca čokoláda</nealk>
			     </napoj>
			</doporucene>
			<pozn/>
		</jedlo>
   </menu>
	<!-- statistika predaja -->
	<statistika>
			<mesiac m="januar">
				<jedlo_s id_ref="j1"/>
				<pocet>52</pocet>
		   </mesiac>
		   <mesiac m="februar">
				<jedlo_s id_ref="j2"/>
				<pocet>12</pocet>
		   </mesiac>
		   <mesiac m="marec">
				<jedlo_s id_ref="j3"/>
				<pocet>13</pocet>
		   </mesiac>
		   <mesiac m="april">
				<jedlo_s id_ref="j4"/>
				<pocet>14</pocet>
		   </mesiac>
		   <mesiac m="maj">
				<jedlo_s id_ref="j5"/>
				<pocet>51</pocet>
		   </mesiac>
		   <mesiac m="jun">
				<jedlo_s id_ref="j4"/>
				<pocet>42</pocet>
		   </mesiac>
		   <mesiac m="jul">
				<jedlo_s id_ref="j9"/>
				<pocet>34</pocet>
		   </mesiac>
		   <mesiac m="august">
				<jedlo_s id_ref="j9"/>
				<pocet>71</pocet>
		   </mesiac>
		   <mesiac m="september">
				<jedlo_s id_ref="j1"/>
				<pocet>14</pocet>
		   </mesiac>
		   <mesiac m="oktober">
				<jedlo_s id_ref="j2"/>
				<pocet>41</pocet>
		   </mesiac>
		   <mesiac m="november">
				<jedlo_s id_ref="j3"/>
				<pocet>31</pocet>
		   </mesiac>
		   <mesiac m="december">
				<jedlo_s id_ref="j4"/>
				<pocet>24</pocet>	
		   </mesiac>
	</statistika>
</restaurace>
