<?xml version="1.0" encoding="UTF-8"?>
<?sort alpha-ascending?>
<!--Reprezentace basketbalovych soutezi!-->
<Basketball xmlns:xsi="http://www.w3.org/2001/XMLSchema-instance" xsi:noNamespaceSchemaLocation="data.xsd">
	<Leagues>
		<League name="MBL" position="1" id="l_01">
		<Info country="Czech Republic" system="Spider"/>
			<Teams/>
			<Players/>
		</League>
		<League name="Jina Liga" position="2" id="l_02">
		<Info country="Czech Republic" system="Top 8"/>
			<Teams/>
			<Players/>
		</League>
		<League name="La Liga" position="3" id="l_03">
		<Info country="Spain" system="Top 8"/>
			<Teams>
				<Team id="t_00">
					<Name>AC Sparta</Name>
					<Address>Prague</Address>
				</Team>
				<Team id="t_01">
					<Name>BC Slavia</Name>
					<Address>Prague</Address>
				</Team>
				<Team id="t_02">
					<Name>BC Solo</Name>
					<Address>Brno</Address>
				</Team>
				<Team id="t_03">
					<Name>ČEZ Nymburk</Name>
					<Address>Nymburk</Address>
				</Team>
			</Teams>
			<Players>
				<Player name="The First" team_id="t_00">
					<Age>22</Age>
					<Phone>123456789</Phone>
					<Email>mark@basket.com</Email>
					<Height>200</Height>
				</Player>
				<Player name="The Second" team_id="t_00">
					<Age>34</Age>
					<Phone>789654412</Phone>
					<Email>sec@xml.net</Email>
					<Height>197</Height>
				</Player>
				<Player name="The Third" team_id="t_00">
					<Age>40</Age>
					<Phone>645120654</Phone>
					<Email>3rd@mff.cz</Email>
					<Height>189</Height>
				</Player>
				<Player name="The Fourth" team_id="t_00">
					<Age>27</Age>
					<Phone>452154878</Phone>
					<Email>dfors@bball.cz</Email>
					<Height>204</Height>
				</Player>
				<Player name="Fifth" team_id="t_00">
					<Age>17</Age>
					<Phone>154720359</Phone>
					<Email>element@nope.com</Email>
					<Height>193</Height>
				</Player>
				<Player name="The Sixer" team_id="t_00">
					<Age>36</Age>
					<Phone>452154789</Phone>
					<Email>6@6.sx</Email>
					<Height>195</Height>
				</Player>
				<Player name="The Seventh" team_id="t_00">
					<Age>26</Age>
					<Phone>875201874</Phone>
					<Email>seven@nba.com</Email>
					<Height>173</Height>
				</Player>
				<Player name="The Eighth" team_id="t_00">
					<Age>18</Age>
					<Phone/>
					<Email>88@pool.com</Email>
					<Height>187</Height>
				</Player>
				<Player name="Number Nine" team_id="t_00">
					<Age>19</Age>
					<Phone>729999999</Phone>
					<Email/>
					<Height>199</Height>
				</Player>
				<Player name="The Last One" team_id="t_00">
					<Age>75</Age>
					<Phone>248745235</Phone>
					<Phone>724874236</Phone>
					<Email>last@earth.com</Email>
					<Email>tlo@standing.net</Email>
					<Height>179</Height>
				</Player>
				<Player name="The Almighty" team_id="t_01">
					<Age>22</Age>
					<Phone>726542347</Phone>
					<Email>thealmighty@heaven.com</Email>
					<Height>235</Height>
				</Player>
				<Player name="The Solo" team_id="t_02">
					<Age>21</Age>
					<Phone>765213546</Phone>
					<Height>150</Height>
				</Player>
				<Player name="Jiří Welsch" team_id="t_03">
					<Age>34</Age>
					<Phone/>
					<Email>welsch@nymburk.cz</Email>
					<Height>199</Height>
				</Player>
				<Player name="Martin Kříž" team_id="t_03">
					<Age>20</Age>
					<Phone>604155155</Phone>
					<Email>kriz@nymburk.cz</Email>
					<Height>200</Height>
				</Player>
				<Player name="Thomas Massamba" team_id="t_03">
					<Age>28</Age>
					<Phone>248748532</Phone>
					<Email>tmass@nymburk.cz</Email>
					<Height>185</Height>
				</Player>
			</Players>
		</League>
	</Leagues>
	<Referees>
		<Referee league_id="l_01">Thomas Jaros</Referee>
		<Referee league_id="l_02">The Dean</Referee>
	</Referees>
	<Note>Hráč <Name>Jiři Welsch</Name> vede tabulku!</Note>
</Basketball>
