<?xml version="1.0" encoding="UTF-8"?>
<LeagueOfLegends>
	<StatEntries>
		<StatEntry>
			<ChampionId>cLux</ChampionId>
			<GamesTotal>1056</GamesTotal>
			<GamesWon>640</GamesWon>
			<GamesLost>230</GamesLost>
			<AverageKills>10</AverageKills>
			<AverageDeaths>6</AverageDeaths>
		</StatEntry>
		<StatEntry>
			<ChampionId>cCaitlyn</ChampionId>
			<GamesTotal>975</GamesTotal>
			<GamesWon>426</GamesWon>
			<GamesLost>400</GamesLost>
			<AverageKills>16</AverageKills>
			<AverageDeaths>7</AverageDeaths>
		</StatEntry>
		<StatEntry>
			<ChampionId>cGragas</ChampionId>
			<GamesTotal>1330</GamesTotal>
			<GamesWon>752</GamesWon>
			<GamesLost>506</GamesLost>
			<AverageKills>13</AverageKills>
			<AverageDeaths>3</AverageDeaths>
		</StatEntry>
	</StatEntries>
</LeagueOfLegends>