<?xml version="1.0"?>
<Prodejna>
	<Pokladna>
		<Polozka PID="polozka1">
			<Zamestnanec ZamId="zamestnanec1"/>
			<Datum hodnota="2011-10-05"/>
			<Zbozi Id="zbozi_3" pocet="2"/>
		</Polozka>
		<Polozka PID="polozka2">
			<Zamestnanec ZamId="zamestnanec1"/>
			<Datum hodnota="2011-11-05"/>
			<Zbozi Id="zbozi_4" pocet="1"/>
		</Polozka>
		<Polozka PID="polozka3">
			<Zamestnanec ZamId="zamestnanec5"/>
			<Datum hodnota="2011-11-05"/>
			<Zbozi Id="zbozi_14" pocet="4"/>
		</Polozka>
		<Polozka PID="polozka4">
			<Zamestnanec ZamId="zamestnanec3"/>
			<Datum hodnota="2011-11-04"/>
			<Zbozi Id="zbozi_4" pocet="1"/>
			<Zbozi Id="zbozi_2" pocet="1"/>
		</Polozka>
		<Polozka PID="polozka5">
			<Zamestnanec ZamId="zamestnanec2"/>
			<Datum hodnota="2011-11-04"/>
			<Zbozi Id="zbozi_5" pocet="1"/>
		</Polozka>
		<Polozka PID="polozka6">
			<Zamestnanec ZamId="zamestnanec2"/>
			<Datum hodnota="2011-11-05"/>
			<Zbozi Id="zbozi_1" pocet="1"/>
		</Polozka>
	</Pokladna>
</Prodejna>