<?xml version="1.0" encoding="UTF-8"?>
<knizni_databaze xmlns:xsi="http://www.w3.org/2001/XMLSchema-instance" xsi:noNamespaceSchemaLocation="data.xsd">
<autori>
		<autor id="23061">
			<prijmeni>Heller</prijmeni>
			<jmeno>Joseph</jmeno>
			<puvod>USA</puvod>
			<narozen>1923</narozen>
			<zemrel typ="stari">1999</zemrel>					<!--typ umrti-->
			<knihy pocet="3">												<!--pocet knih v databazi-->
				<kniha id="_2306101"
				vazba="pevna">
					<nazev>Hlava 22</nazev>
					<vydana>
						<rok>2005</rok>
						<eng>ne</eng>
						<cze>ano</cze>
					</vydana>
					<vydana>
						<rok>1982</rok>
						<eng>ano</eng>
						<cze>ano</cze>
					</vydana>
					<typ>Roman</typ>
					<zanr>komedie</zanr>
					<zanr> valecna</zanr>
					<zanr>filosoficka</zanr>
					<pocetStran>365</pocetStran>
					<hl_postava>
						<jmeno>Yossarian</jmeno>
						<povolani>vojak</povolani>
						<povaha>zbabelec</povaha>
					</hl_postava>				
				</kniha>
				<kniha id="_2306102">
					<nazev>zavirame</nazev>
					<vydana>
						<rok>1979</rok>
						<eng>ne</eng>
						<cze>ne</cze>
					</vydana>
					<typ>povidka</typ>
					<zanr>komedie</zanr>
					<pocetStran>270</pocetStran>
					<hl_postava>
						<jmeno>Yossarian</jmeno>
						<povolani>vojak</povolani>
						<povaha>zbabelec</povaha>
					</hl_postava>
				</kniha>
				<kniha id="_2306102">
					<nazev>buh_vi</nazev>
					<vydana>
						<rok>2005</rok>
						<eng>ano</eng>
						<cze>ano</cze>
					</vydana>
					<typ>Roman</typ>
					<zanr>komedie</zanr>
					<pocetStran>312</pocetStran>
					<hl_postava>
						<jmeno>Buh</jmeno>
						<povolani>stvoritel</povolani>
					</hl_postava>
				</kniha>	
			</knihy>
		</autor>
		<autor id="23065">
			<prijmeni>Irving</prijmeni>
			<jmeno>John</jmeno>
			<puvod>USA</puvod>
			<narozen>1921</narozen>
			<zemrel typ="vrazda">1973</zemrel>
			<knihy pocet="2">
				<kniha id="_2306501"
				vazba="paperback">
					<nazev>Svet podle Garpa</nazev>
					<typ>Roman</typ>
					<zanr>komedie</zanr>
					<pocetStran>318</pocetStran>
					<hl_postava>
						<jmeno>Garp</jmeno>
						<povolani>spisovatel</povolani>
					</hl_postava>
				</kniha>
				<kniha id="_2306502" vazba="pevna">
					<nazev>Pravidla Mostarny</nazev>
					<typ>Roman</typ>
					<pocetStran>479</pocetStran>
				</kniha>
			</knihy>
		</autor>
		<autor id="23062">
			<prijmeni>Sapkowski</prijmeni>
			<jmeno>Andrzej</jmeno>
			<puvod>Polsko</puvod>
			<narozen>1948</narozen>
			<knihy pocet="1">
				<kniha id="_2306201"
				vazba="pevna">
					<serie>
					<![CDATA[
						document.writeln("<p>Kniha je 		 soucasti pentalogie legenda o Ciri</p>")
						]]>
					</serie>
					<nazev>krev_elfu</nazev>
					<vydana>
						<rok>1995</rok>
						<eng>ne</eng>
						<cze>ano</cze>
					</vydana>
					<typ>Roman</typ>
					<zanr>fantasy</zanr>
					<pocetStran>306</pocetStran>
					<hl_postava>
						<jmeno>Geralt</jmeno>
						<povolani>zaklinac</povolani>
						<povaha>realista</povaha>
					</hl_postava>
				</kniha>
			</knihy>
		</autor>
		<autor id="23063">
			<prijmeni>Pratchett</prijmeni>
			<jmeno>Terry</jmeno>
			<puvod>USA</puvod>
			<narozen>1951</narozen>
			<knihy pocet="5">
			<kniha id="_2306301">
			<serie>Uzasna Zemeplocha</serie>
				<nazev>Lehke fantasticno</nazev>
					<vydana>
						<rok>1990</rok>
						<eng>ano</eng>
						<cze>ne</cze>
					</vydana>
				<typ>Roman</typ>
				<pocetStran>295</pocetStran>
			</kniha>
			<kniha id="_2306302" vazba="paperback">
				<nazev>Mort</nazev>
				<typ>Novela</typ>
				<pocetStran>317</pocetStran>
			</kniha>
						<kniha id="_2306303">
			<serie>Uzasna Zemeplocha</serie>
				<nazev>Caroprazdno</nazev>
					<vydana>
						<rok>2001</rok>
						<eng>ne</eng>
						<cze>ano</cze>
					</vydana>
				<typ>Roman</typ>
				<pocetStran>295</pocetStran>
			</kniha>
						<kniha id="_2306304">
			<serie>Uzasna Zemeplocha</serie>
				<nazev>posledni svetadil</nazev>
					<vydana>
						<rok>1997</rok>
						<eng>ne</eng>
						<cze>ano</cze>
					</vydana>
				<typ>Roman</typ>
				<pocetStran>271</pocetStran>
			</kniha>
						<kniha id="_2306305">
			<serie>Uzasna Zemeplocha</serie>
				<nazev>Bum</nazev>
					<vydana>
						<rok>2007</rok>
						<eng>ne</eng>
						<cze>ano</cze>
					</vydana>
					<vydana>
						<rok>2004</rok>
						<eng>ano</eng>
						<cze>ne</cze>
					</vydana>
				<typ>Roman</typ>
				<pocetStran>280</pocetStran>
			</kniha>
			</knihy>
		</autor>
		<autor id="23007">
			<prijmeni>Orwel</prijmeni>
			<jmeno>George</jmeno>
			<puvod>Anglie</puvod>
			<narozen>1931</narozen>
			<knihy pocet="2">
			<kniha id="_2300701" vazba="pevna">
				<nazev>1984</nazev>
					<vydana>
						<rok>1985</rok>
						<eng>ano</eng>
						<cze>ne</cze>
					</vydana>
				<typ>Roman</typ>
				<pocetStran>412</pocetStran>
			</kniha>
			<kniha id="_2300702">
				<nazev>Farma zvirat</nazev>
				<typ>povidka</typ>
				<pocetStran>170</pocetStran>
			</kniha>
			</knihy>
			
		</autor>
	</autori>
</knizni_databaze>
