<?xml version="1.0" encoding="UTF-8"?>
<Objednavky>
	<Objednavka Nazev="ObjA" UID="O100">
		<Pracovnici>
			<Pracovnik UID="Z100"/>
		</Pracovnici>
		<Material>
			<Zbozi pocet="8" UID="S101"/>
		</Material>
	</Objednavka>
	<Objednavka Nazev="Oprava" UID="O101">
		<Pracovnici>
			<Pracovnik UID="Z102"/>
			<Pracovnik UID="Z101"/>
			<Pracovnik UID="Z100"/>
		</Pracovnici>
		<Material>
			<Zbozi pocet="1" UID="S101"/>
			<Zbozi pocet="15" UID="S100"/>
			<Zbozi pocet="8" UID="S102"/>
		</Material>
	</Objednavka>
	<Objednavka Nazev="D11" UID="O102">
		<Pracovnici>
			<Pracovnik UID="Z102"/>
			<Pracovnik UID="Z101"/>
		</Pracovnici>
	</Objednavka>
</Objednavky>