<?xml version="1.0" encoding="UTF-8"?>



<alcoholShop xmlns:xsi="http://www.w3.org/2001/XMLSchema-instance" xsi:noNamespaceSchemaLocation="file:/C:/Users/Bidak/Documents/Skola/PC/XML/data.xsd">  									<!-- Kompletní předávací data webového obchodu s alkoholem -->
	    	
	   		<zbozi>
	   			
	   			<polozka pid="id_2" typ="pivo" cena="9">
	   				<jmeno> Kozlik 11  </jmeno>
	   				<popis> Vyborne pivo od pivovaru <vyrobce> Plzeňský prazdroj </vyrobce>  </popis>
					<dostupnost>
					  	<pocet> 452 </pocet>
					</dostupnost>	
	   			</polozka>
	   			
	   			<polozka pid="id_3" typ="liker" cena="250">
	   				<jmeno> Baileys </jmeno>
	   				<popis> Sladký tlamolep <vyrobce> Gilbeys </vyrobce>  </popis>
					<dostupnost>
					  	<dodani>
					  		<date>
					  			<rok>2013</rok>
					  			<mesic>1</mesic>
					  			<day>3</day>
					  		</date>
					  		<ocekavanyPocet> 45 </ocekavanyPocet>
					  	</dodani>
					</dostupnost>	
	   			</polozka>	
	   			
	   			<polozka pid="id_8" typ="vino" cena="850">
	   				<jmeno> Slámové víno </jmeno>
	   				<popis> Luxusní víno <vyrobce>  Vinné sklepy Valtice, a.s. </vyrobce>  </popis>
					<dostupnost>
					  	<pocet> 42 </pocet>
					</dostupnost>	
	   			</polozka>
	   			
	   			<polozka pid="id_10" typ="destilat" cena="350">
	   				<jmeno> Nemiroff </jmeno>
	   				<popis> Nejlepší vodka, co jsem pil <vyrobce> Nemyriv, Hungary </vyrobce>  </popis>
					<dostupnost>
					  	<pocet> 25 </pocet>
					</dostupnost>	
	   			</polozka>	
	   			
	   			<polozka pid="id_12" typ="liker" cena="250">
	   				<jmeno> Metaxa </jmeno>
	   				<popis> Dotkni se slunce <vyrobce>  Spyros Metaxas </vyrobce>  </popis>
					<dostupnost>
					  	<dodani>
					  		<date>
					  			<rok>2013</rok>
					  			<mesic>12</mesic>
					  			<day>1</day>
					  		</date>
					  		<ocekavanyPocet> 15 </ocekavanyPocet>
					  	</dodani>
					</dostupnost>	
	   			</polozka>	
	   			
	   			<polozka pid="id_15" typ="destilat" cena="100">
	   				<jmeno> Pražská vodka </jmeno>
	   				<popis> Ideální volba, pokud chcete oslepnout <vyrobce> Dynybyl </vyrobce>  </popis>
					<dostupnost>
					  	<pocet> 74 </pocet>
					</dostupnost>	
	   			</polozka>	
	   			
	   		
	   			<zlevnene>
	   				<sleva ref_pid="id_2" neomezeno="ANO" akcnicena="7"/>
	   				<sleva ref_pid="id_8" akcnicena="750"/>
	   				<sleva ref_pid="id_15" akcnicena="70"/>
	   			</zlevnene>	
	   		</zbozi>
	   		
	   		<zakaznici>
	   			
	   			<zakaznik rodnecislo="454512/2310" zid="zid_001">
	   				<osobniUdaje>
		   				<name>
			   				<fname> David </fname>
			   				<sname>Svatek</sname>
		   				</name>
		   				<kontakt>
		   				  <telefon number="14425446"/>
		   				  <telefon number="552215646"/>
		   				  <email acc="svatekd@gmail.com"/>
		   				</kontakt>
	   				</osobniUdaje>
	   			</zakaznik>
	   			
	   			<zakaznik rodnecislo="55421/12557" zid="zid_002">
	   				<osobniUdaje>
	   				<name>
	   					<fname> Petr </fname>
	   					<sname>Příhoda</sname>
	   				</name>
	   				<kontakt>
	   				  <telefon number="54544246"/>
	   				  <email acc="alkac@gmail.com"/>
	   				</kontakt>
	   				</osobniUdaje>
	   			</zakaznik>
	   			
	   			<zakaznik rodnecislo="55544/125" zid="zid_003">
	   				<osobniUdaje>
	   				<name>
		   				<fname> Milan </fname>
		   				<sname>Buriánek</sname>
	   				</name>
	   				<kontakt>
	   				  <telefon number="54544246"/>
	   				  <email acc="buris@gmail.com"/>
	   				</kontakt>
	   				</osobniUdaje>
	   			</zakaznik>
	   			
	   			<zakaznik rodnecislo="154054/1121" zid="zid_004">
	   				<osobniUdaje>
	   				<name>
		   				<fname> Karel </fname>
		   				<sname>Pelikán</sname>
	   				</name>
	   				<kontakt>
	   				  <telefon number="51211246"/>
	   				</kontakt>
	   				</osobniUdaje>
	   			</zakaznik>
	   			
	   			
	   			<zakaznik rodnecislo="101044/125" zid="zid_005">
	   				<osobniUdaje>
	   				<name>
		   				<fname> Dominik </fname>
		   				<sname> Šafrata </sname>
	   				</name>
	   				<kontakt>
	   				  <telefon number="54124246"/>
	   				  <email acc="minka@gmail.com"/>
	   				</kontakt>
	   				</osobniUdaje>
	   			</zakaznik>
	   			
	   			
	   			<zakaznik rodnecislo="11212/2112" zid="zid_006">
	   				<osobniUdaje>
	   				<name>
		   				<fname>Michal </fname>
		   				<sname>Houska</sname>
	   				</name>
	   				<kontakt>
	   				  <telefon number="14545454"/>
	   				  <telefon number="11154522"/>
	   				  <email acc="houser@seznam.cz"/>
	   				</kontakt>
	   				</osobniUdaje>
	   			</zakaznik>
	   			
	   			<zakaznik rodnecislo="55422/1225" zid="zid_007">
	   				<osobniUdaje>
	   				<name>
		   				<fname> Franta </fname>
		   				<sname>Nádvorník</sname>
	   				</name>
	   				<kontakt>
	   				  <telefon number="5454446"/>
	   				  <email acc="napravnik@gmail.com"/>
	   				</kontakt>
	   				</osobniUdaje>
	   			</zakaznik>
	   			
	   			<zakaznik rodnecislo="8451481/1267" zid="zid_008">
	   				<osobniUdaje>
	   				<name>
		   				<fname> Karel </fname>
		   				<sname>Novák</sname>
	   				</name>
	   				<kontakt>
	   				  <telefon number="7854246"/>
	   				  <email acc="Karel@gmail.com"/>
	   				</kontakt>
	   				</osobniUdaje>
	   			</zakaznik>
	   			
	   			<zakaznik rodnecislo="421541/1267" zid="zid_009">
	   				<osobniUdaje>
	   				<name>
		   				<fname> Oskar </fname>
		   				<sname>Lehotský</sname>
	   				</name>
	   				<kontakt>
	   				  <telefon number="7854246"/>
	   				</kontakt>
	   				</osobniUdaje>
	   			</zakaznik>
	   			
	   			<zakaznik rodnecislo="154054/1121" zid="zid_0010">
	   				<osobniUdaje>
	   				<name>
		   				<fname> Karel </fname>
		   				<sname>Pelikán</sname>
	   				</name>
	   				<kontakt>
	   				  <telefon number="51211246"/>
	   				</kontakt>
	   				</osobniUdaje>
	   			</zakaznik>
	   			
	   			<zakaznik rodnecislo="000001/0001" zid="zid_0011">
	   				<osobniUdaje>
	   				<name>
		   				<fname> Chuck </fname>
		   				<sname>Norris</sname>
	   				</name>
	   				<kontakt>
	   				  <telefon number="123456789"/>
	   				  <email acc="gmail@chucknorris.com"/>            <!-- Chuck Norris has a Gmail account -->
	   				  <email acc="The@one.com"/>
	   				</kontakt>
	   				</osobniUdaje>
	   			</zakaznik>
	   			
	   		</zakaznici>
	   		
	   		<dodavatele>
	   			
	   			<firma fid="fid_001" jmeno="Fruko" ico="5445554" dico="54545121">
	   				<jednatel>
	   						<name>
				   				<fname> Chuck </fname>
				   				<sname>Norris</sname>
			   				</name>
			   				<kontakt>
			   				  <telefon number="123456789"/>
			   				  <email acc="gmail@chucknorris.com"/>            <!-- Chuck Norris has a Gmail account -->
			   				  <email acc="The@one.com"/>
			   				</kontakt>
			   				<cisloOP>11111111</cisloOP>
	   					
	   				
	   				</jednatel>	
	   			</firma>
	   				
	   			<firma fid="fid_002" jmeno="Blanice" ico="544545">
	   				<jednatel>
	   						<name>
				   				<fname> Bruce </fname>
				   				<sname> Lee</sname>
			   				</name>
			   				<kontakt>
			   				  <telefon number="9999999"/>
			   				  <email acc="lee@brusli.com"/>            <!-- Chuck Norris has a Gmail account -->
			   				</kontakt>
			   				<cisloOP>2222222222</cisloOP>
	   				
	   				</jednatel>
	   			</firma>
	   			
	   		</dodavatele>
	   		
	   		<financniPohledavky>
	   			<faktura ref_fid="fid_001" castka="14000" splatnost="14.2.2012" odeslana="ANO" upominka="ANO"/>
	   			<faktura ref_fid="fid_001" castka="1250" splatnost="1.8.2013" odeslana="ANO" upominka="ANO"/>
	   			<faktura ref_fid="fid_001" castka="12000" splatnost="4.12.2012" odeslana="ANO"/>   <!-- Upominka připravena pro tisk-->
	   			<faktura ref_fid="fid_001" castka="14000" splatnost="1.1.2013" odeslana="ANO"/>
	   			<faktura ref_fid="fid_001" castka="14000" splatnost="27.5.2013" odeslana="ANO" upominka="ANO"/>
	   		</financniPohledavky>
	   		
	   		
	   		
	    </alcoholShop>