<?xml version="1.0" encoding="UTF-8" ?>
<!DOCTYPE library SYSTEM "./data.dtd">

<library>
	<!-- příslušná sekce knihovny -->
	<section>Fantasy sbírka v pracovně</section>
	
	<!-- datum vygenerování seznamu -->
	<date><?php date(); ?></date>
	
	<!-- seznam autorů, jejichž alespoň jedna kniha je v dané sekci -->
	<authors>
		<author id="A1">
			<name>
				<firstname>John Ronald Reuel</firstname>
				<surname>Tolkien</surname>
			</name>
			<data>
				<date_born>
					<year>1892</year>
					<month>1</month>
					<day>3</day>
				</date_born>
				<date_died>
					<year>1973</year>
					<month>9</month>
					<day>8</day>
				</date_died>
			</data>
		</author>
		<author id="A2">
			<name>
				<firstname>Andrzej</firstname>
				<surname>Sapkowski</surname>
			</name>
			<inspired_by>A1</inspired_by>
		</author>
		<author id="A3">
			<name>
				<firstname>Joanne</firstname>
				<surname>Rowling</surname>
			</name>
			<inspired_by>A4</inspired_by>
		</author>
		<author id="A4">
			<name>
				<firstname>Pavel</firstname>
				<surname>Renčín</surname>
			</name>
			<data>
				<date_born>
					<year>1977</year>
					<month>6</month>
					<day>8</day>
				</date_born>
			</data>
			<inspired_by>A1</inspired_by>
			<inspired_by>A2</inspired_by>
		</author>
		<author id="A5">
			<name>
				<firstname>Stephen</firstname>
				<surname>King</surname>
			</name>
			<data>
				<date_born>
					<year>1947</year>
					<month>9</month>
					<day>21</day>
				</date_born>
			</data>
		</author>
	</authors>
	
	<!-- seznam knih v dané sekci -->
	<books>
		<book author_id="A1" state="v_knihovně">
			<title>Silmarillion</title>
			<pages>270</pages>
			<distributor>Argo</distributor>
			<description>Silmarillion je jedna z trojice nejznámějších knih 
				britského spisovatele <em>Johna Ronalda Reuela Tolkiena</em>. 
				Obsahuje výňatky z archetypálních dějin Země, zasazených do zde
				konkrétního světa <em>Ardy</em> a zejména jeho kontinentu 
				<em>Středozemě</em>. Obsahuje základní informace o světě jeho 
				příběhů a dějiny jeho nejstarších období.
				<![CDATA[ <http://cs.wikipedia.org/wiki/Silmarillion> ]]></description>
		</book>
		<book author_id="A1" state="v_knihovně">
			<title>Húrinovy děti</title>
			<pages>270</pages>
			<distributor>Argo</distributor>
			<image src="&album;tolkien/hurinovy_deti/cover.jpg" />
			<image src="&album;tolkien/hurinovy_deti/back.jpg" />
		</book>
		<book author_id="A1" state="v_knihovně">
			<title>Hobit aneb Cesta tam a zase zpátky</title>
			<pages>270</pages>
			<distributor>Argo</distributor>
			<image src="&album;tolkien/hobit/cover.jpg" />
		</book>
		<book author_id="A1" state="v_knihovně">
			<title>Pán prstenů - Společenství prstenu</title>
			<pages>270</pages>
			<distributor>Argo</distributor>
		</book>
		<book author_id="A1" state="v_knihovně">
			<title>Pán prstenů - Dvě věže</title>
			<pages>270</pages>
			<distributor>Argo</distributor>
		</book>		
		<book author_id="A1" state="v_knihovně">
			<title>Pán prstenů - Návrat krále</title>
			<pages>270</pages>
			<distributor>Argo</distributor>
		</book>
		
		<book author_id="A2" state="půjčeno">
			<title>Magické střípky</title>
			<pages>315</pages>
			<distributor>Leonardo</distributor>
			<image src="&album;sapkowski/magicke_stripky/cover.jpg" />
			<image src="&album;sapkowski/magicke_stripky/back.jpg" />
		</book>
		<book author_id="A2" state="v_knihovně">
			<title>Zaklínač - Poslední přání</title>
			<pages>273</pages>
			<distributor>Leonardo</distributor>
		</book>
		<book author_id="A2" state="v_knihovně">
			<title>Zaklínač - Meč osudu</title>
			<pages>342</pages>
			<distributor>Leonardo</distributor>
		</book>
		
		<book author_id="A3" state="v_knihovně">
			<title>Harry Potter a Kámen mudrců</title>
			<pages>284</pages>
			<distributor>Albatros</distributor>
		</book>
		<book author_id="A3" state="půjčeno">
			<title>Harry Potter a Tajemná komnata</title>
			<pages>286</pages>
			<distributor>Albatros</distributor>
		</book>
		<book author_id="A3" state="v_knihovně">
			<title>Harry Potter a Vězeň z Azkabanu</title>
			<pages>383</pages>
			<distributor>Albatros</distributor>
		</book>
		<book author_id="A3" state="v_knihovně">
			<title>Harry Potter a Ohnivý pohár</title>
			<pages>512</pages>
			<distributor>Albatros</distributor>
		</book>
		
		<book author_id="A4" state="v_knihovně">
			<title>Labyrint</title>
			<pages>362</pages>
			<distributor>Argo</distributor>
		</book>
	</books>
</library>
