<?xml version="1.0" encoding="UTF-8"?>
<!DOCTYPE posta SYSTEM "data.dtd">
<posta>
	<ukon id="U001">
		<sluzby>
			<platbaslozenkou zpusob="hotove">
				<hodnota>100Kč</hodnota>
				<prijemceplatby ucet="123456789">
					<jmeno>Jaroslav</jmeno>
					<prijmeni>Mladý</prijmeni>
				</prijemceplatby>
			</platbaslozenkou>
			<poukazka>
				<hodnota>1800Kč</hodnota>
				<platnost>
					<den>30</den>
					<mesic>3</mesic>
					<rok>2011</rok>
				</platnost>
				<prijemcepoukazky>
					<jmeno>Karel</jmeno>
					<prijmeni>Plachý</prijmeni>
					<cisloOP>8939997766</cisloOP>
				</prijemcepoukazky>
			</poukazka>
			<!-- tato polozka ma vice jak deset podelementu -->
			<zasilka>
				<typ>Balík</typ>
				<hmotnost>1.435Kg</hmotnost>
				<hodnotazasilky>950Kč</hodnotazasilky>
				<krehke/>
				<doporucene/>
				<pojisteni>950Kč</pojisteni>
				<odpovedni/>
				<obchodnibalik/>
				<adresat>
					<titul>Ing</titul>
					<jmeno>Radek</jmeno>
					<prijmeni>Rychlý</prijmeni>
					<ulice>Pod Dálnicí</ulice>
					<cislopopisne>5566</cislopopisne>
					<cisloorientacni>1</cisloorientacni>
					<obec>Praha</obec>
					<psc>12000</psc>
				</adresat>
				<prijemce>
					<titul>Ing</titul>
					<jmeno>Adolf</jmeno>
					<prijmeni>Krátký</prijmeni>
					<ulice>Pod Zatáčkou</ulice>
					<cislopopisne>3344</cislopopisne>
					<cisloorientacni>12</cisloorientacni>
					<obec>Praha</obec>
					<psc>12000</psc>
				</prijemce>
			</zasilka>
			<czechpoint typpozadavku="vypiszobchodnihorejstriku">
				<data>
					<vstupni>Firma: Oracle</vstupni>
					<vystupni/>
				</data>
			</czechpoint>
		</sluzby>
		<zakaznik>
			<spolecnost>Autocont a.s.</spolecnost>
			<kontakt>
				<telefon>606112233</telefon>
				<adresa>
					<ulice>Poděbradská</ulice>
					<cisloorientacni>5533</cisloorientacni>
					<cislopopisne>55</cislopopisne>
					<obec>Praha</obec>
					<psc>18000</psc>
				</adresa>
			</kontakt>
		</zakaznik>
		<odpovednypracovnik id="P00101"/>
		<datum>
			<prijeti>
				<hodina>12</hodina>
				<minuta>34</minuta>
				<den>13</den>
				<mesic>3</mesic>
				<rok>2011</rok>
			</prijeti>
			<zpracovani>
				<hodina><?php echo Date("G")?></hodina>
				<minuta><?php echo Date("i")?></minuta>
				<den><?php echo Date("d")?></den>
				<mesic><?php echo Date("m")?></mesic>
				<rok><?php echo Date("Y")?></rok>
			</zpracovani>
		</datum>
		<platba id="T00001">
			<typplatby>hotove</typplatby>
			<cena>77Kč</cena>
		</platba>
		<komentar>
		Úkon zpracoval pro &post; brigádník &b0010;, dohlížející 	 pracovník <ref typ="pracovnik" id="P00101"/>; poznámka zákazníka:
		<![CDATA[ <<<A345&889 ]]></komentar>
	</ukon>
	<ukon id="U002">
		<sluzby>
			<czechpoint typpozadavku="vypiszobchodnihorejstriku">
				<data>
					<vstupni>Firma: Microsoft</vstupni>
					<vystupni/>
				</data>
			</czechpoint>
		</sluzby>
		<zakaznik>
			<jmeno>Radek</jmeno>
			<prijmeni>Chytrý</prijmeni>
			<kontakt>
				<telefon>608009933</telefon>
				<adresa>
					<ulice>Sokolovská</ulice>
					<cisloorientacni>5533</cisloorientacni>
					<cislopopisne>55</cislopopisne>
					<obec>Praha</obec>
					<psc>18000</psc>
				</adresa>
			</kontakt>
		</zakaznik>
		<odpovednypracovnik id="P00103"/>
		<datum>
			<prijeti>
				<hodina>10</hodina>
				<minuta>34</minuta>
				<den>14</den>
				<mesic>3</mesic>
				<rok>2011</rok>
			</prijeti>
			<zpracovani>
				<hodina><?php echo Date("G")?></hodina>
				<minuta><?php echo Date("i")?></minuta>
				<den><?php echo Date("d")?></den>
				<mesic><?php echo Date("m")?></mesic>
				<rok><?php echo Date("Y")?></rok>
			</zpracovani>
		</datum>
		<platba id="T00002">
			<typplatby>hotove</typplatby>
			<cena>50Kč</cena>
		</platba>
		<komentar />
	</ukon>
	<ukon id="U003">
		<sluzby>
			<poukazka>
				<hodnota>18000Kč</hodnota>
				<platnost>
					<den>30</den>
					<mesic>3</mesic>
					<rok>2011</rok>
				</platnost>
				<prijemcepoukazky>
					<jmeno>Karel</jmeno>
					<prijmeni>Odvážný</prijmeni>
					<cisloOP>8939997755</cisloOP>
				</prijemcepoukazky>
			</poukazka>
		</sluzby>
		<zakaznik>
			<spolecnost>Poklopy a kanály a.s.</spolecnost>
			<kontakt>
				<telefon>777111222</telefon>
				<adresa>
					<ulice>Zenklova</ulice>
					<cisloorientacni>2233</cisloorientacni>
					<cislopopisne>5</cislopopisne>
					<obec>Praha</obec>
					<psc>18000</psc>
				</adresa>
			</kontakt>
		</zakaznik>
		<odpovednypracovnik id="P00104"/>
		<datum>
			<prijeti>
				<hodina>1</hodina>
				<minuta>34</minuta>
				<den>17</den>
				<mesic>3</mesic>
				<rok>2011</rok>
			</prijeti>
			<zpracovani>
				<hodina><?php echo Date("G")?></hodina>
				<minuta><?php echo Date("i")?></minuta>
				<den><?php echo Date("d")?></den>
				<mesic><?php echo Date("m")?></mesic>
				<rok><?php echo Date("Y")?></rok>
			</zpracovani>
		</datum>
		<platba id="T00003">
			<typplatby>prevod</typplatby>
			<cena>101Kč</cena>
		</platba>

	</ukon>
</posta>
