<?xml version="1.0" encoding="UTF-8"?>
<!-- uživatelé -->
<usersAdditionalInformation>
    <additionalInformation userRef="user_1">
        <sex>Male</sex>
        <dateOfBirth>1993-02-01</dateOfBirth>
        <phoneNumbers>
            <phoneNumber id="phoneNumber_1">603147899</phoneNumber>
            <phoneNumber id="phoneNumber_2">384263885</phoneNumber>
        </phoneNumbers>
    </additionalInformation>
    
    <additionalInformation userRef="user_2">
        <sex>Male</sex>
    </additionalInformation>
    
    <additionalInformation userRef="user_3">
        <sex>Female</sex>
    </additionalInformation>
    
</usersAdditionalInformation>