<?xml version="1.0" encoding="UTF-8"?>
<!-- uživatelé -->
<users>
    <user id="user_1">
        <firstName>Jakub</firstName>
        <lastName>Chalupa</lastName>
        <email>chaluja7@fel.cvut.cz</email>
        <timeOfRegistration>2014-03-06 14:33:55</timeOfRegistration>
        <addresses>
            <address id="address_1">
                <street>Ulička</street>
                <city>Tábor</city>
                <postCode>35699</postCode>
                <region>Jihočeský</region>
                <country>ČR</country>
            </address>
            <address id="address_2">
                <street>Ječná 39</street>
                <city>Praha</city>
                <postCode>13000</postCode>
                <region>Praha</region>
                <country>ČR</country>
            </address>
        </addresses>
        <additionalInformation>
            <sex type="M" />
            <dateOfBirth>1993-02-01</dateOfBirth>
            <phoneNumbers>
                <phoneNumber id="phoneNumber_1">603147899</phoneNumber>
                <phoneNumber id="phoneNumber_2">384263885</phoneNumber>
            </phoneNumbers>
        </additionalInformation>
    </user>
    <user id="user_2">
        <firstName>Tomáš</firstName>
        <lastName>Fuk</lastName>
        <timeOfRegistration>2014-03-07 12:55:06</timeOfRegistration>
        <addresses>
            <address id="address_2">
                <street>Příčná 15</street>
                <city>Praha</city>
                <postCode>15000</postCode>
                <region>Praha</region>
                <country>ČR</country>
            </address>
        </addresses>
        <additionalInformation>
            <sex type="M" />
        </additionalInformation>
    </user>
    <user id="user_3">
        <firstName>Jarka</firstName>
        <lastName>Novotná</lastName>
        <email>jarka.novotna@neco.cz</email>
        <timeOfRegistration>2014-03-19 12:55:06</timeOfRegistration>
        <addresses>
            <address id="address_3">
                <street>Ječná 17</street>
                <city>Praha</city>
                <postCode>16000</postCode>
                <region>Praha</region>
                <country>ČR</country>
            </address>
        </addresses>
        <additionalInformation>
            <sex type="F" />
        </additionalInformation>
    </user>
</users>