<?xml version="1.0" encoding="UTF-8"?>
<!DOCTYPE listrezervace SYSTEM "data.dtd">
<!-- toto je priklad jak z hodiny -->
<listrezervace>
	<rezervace firma="idfirmy1" id="idrezervace">
		<voz trida="a" gps="true">
			<predavani>
				<vyzvednuti>
					<misto>&hlmestosr;</misto>
					<datum>15. 11. 2012</datum>
				</vyzvednuti>
				<vraceni>
					<misto>Petrzalka</misto>
					<datum><?php echo "15. 12. 2012"; ?></datum>
				</vraceni>
			</predavani>
			<paramvozu>
				<spz>SED-88-48</spz>
				<motor typ="benzin"/>
			</paramvozu>
		</voz>
		<ridic>
			<jmeno>&autor; &lt;petoju@gmail.com&gt;</jmeno>
			<vp cislo="asd"/>
		</ridic>
		<zprava>
			Nazdar! Mas tu rezervaci <rezervaceref id="idrezervace"/>. <![CDATA[Zevraj je to clovek od <html>]]>
		</zprava>
	</rezervace>
	<firma id="idfirmy1">
		<nazev>Firma XY</nazev>
		<ic>IC4564</ic>
		<dic>123456</dic>
		<adresa>
			<ulice>Kratka</ulice>
			<cislo>123</cislo>
			<psc>90501</psc>
			<mesto>Senica</mesto>
			<stat>Slovensko</stat>
		</adresa>
		<telefon>0900123456</telefon>
		<telefon>0901123456</telefon>
		<telefon>0902123456</telefon>
		<telefon>0903123456</telefon>
		<telefon>0904123456</telefon>
		<telefon>0905123456</telefon>
		<telefon>0906123456</telefon>
		<telefon>0907123456</telefon>
	</firma>
	<firma id="idfirmy2">
		<nazev>Firma Z</nazev>
		<ic>IC456q</ic>
		<dic>12345S</dic>
		<adresa>
			<ulice>Dlha</ulice>
			<cislo>743</cislo>
			<psc>90844</psc>
			<mesto>Gbely</mesto>
			<stat>Slovensko</stat>
		</adresa>
		<fax>0800112112</fax>
	</firma>
</listrezervace>
