<?xml version="1.0" encoding="UTF-8"?>
<tovarna>
	<vyrobky>
		<cokolada id="CH101">
			<jmeno>Extra cokoladova cokolada</jmeno>
			<typ value="horka"/>
			<velikost hmotnost="100"/>
			<slozeni podilkakaa="101%">
				<slozka hmotnost="101">cokolada</slozka>
				<slozka hmotnost="-1">antigravitacni prisada</slozka>
			</slozeni>
			<cenavyrobku>
				<vyroba value="712"/>
				<maloobchodni value="999"/>
				<velkoobchodni value="845"/>
			</cenavyrobku>
		</cokolada>
		<cokolada id="CB25">
			<jmeno>Byla cokolada</jmeno>
			<typ value="bila"/>
			<velikost hmotnost="100"/>
			<slozeni podilkakaa="25%">
				<slozka>cukr</slozka>
				<slozka>kakaove maslo</slozka>
				<slozka>susene odstredene mleko</slozka>
				<slozka>susena syrovatka</slozka>
				<slozka>mlecny tuk</slozka>
				<slozka>emulgator (sojovy lecitin)</slozka>
				<slozka>aroma</slozka>
			</slozeni>
			<cenavyrobku>
				<vyroba value="10"/>
				<maloobchodni value="25"/>
				<velkoobchodni value="20"/>
			</cenavyrobku>
		</cokolada>
		<cokolada id="CM00">
			<jmeno>Hnusna cokolada</jmeno>
			<typ value="mlecna"/>
			<velikost hmotnost="500"/>
			<slozeni podilkakaa="0%">
				<slozka hmotnost="100">cukr</slozka>
				<slozka>univerzalni hnede barvivo E12345</slozka>
				<slozka hmotnost="50">brouci</slozka>
				<slozka hmotnost="200">rostlinny tuk</slozka>
			</slozeni>
			<cenavyrobku>
				<vyroba value="1"/>
				<maloobchodni value="79"/>
				<velkoobchodni value="65"/>
			</cenavyrobku>
		</cokolada>
		<rum id="RA40">
			<jmeno>Nejlepsi rum</jmeno>
			<velikost objem="0,5"/>
			<objemalkoholu value="40%"/>
			<cenavyrobku>
				<vyroba value="45"/>
				<maloobchodni value="1999"/>
				<velkoobchodni value="1600"/>
			</cenavyrobku>
		</rum>
		<rum id="RZ35">
			<jmeno>Rhum</jmeno>
			<velikost objem="0,45"/>
			<objemalkoholu value="35%"/>
			<cenavyrobku>
				<vyroba value="50"/>
				<maloobchodni value="30"/>
				<velkoobchodni value="40"/>
			</cenavyrobku>
		</rum>
		<cokolada id="CH55">
			<jmeno>Proste horka cokolada</jmeno>
			<typ value="horka"/>
			<velikost hmotnost="100"/>
			<slozeni podilkakaa="55%">
				<slozka>cukr</slozka>
				<slozka>kakaova hmota</slozka>
				<slozka>kakaove maslo</slozka>
				<slozka>mlecny tuk</slozka>
				<slozka>emulgator (sojovy lecitin)</slozka>
			</slozeni>
			<cenavyrobku>
				<vyroba value="12"/>
				<maloobchodni value="34"/>
				<velkoobchodni value="25"/>
			</cenavyrobku>
		</cokolada>
		<cokolada id="CH35">
			<jmeno>Tmava cokolada</jmeno>
			<typ value="horka"/>
			<velikost hmotnost="100"/>
			<slozeni podilkakaa="35%">
				<slozka>cukr</slozka>
				<slozka hmotnost="14">kakaovy prasek se snizenym obsahem tuku</slozka>
				<slozka>susena syrovatka</slozka>
				<slozka>ztuzeny rostlinny tuk</slozka>
				<slozka>emulgator (sojovy lecitin)</slozka>
				<slozka>aroma</slozka>
			</slozeni>
			<cenavyrobku>
				<vyroba value="7"/>
				<maloobchodni value="21"/>
				<velkoobchodni value="15"/>
			</cenavyrobku>
		</cokolada>
	</vyrobky>
	<odberatele>
		<odberatel>
			<nazev>Cokolada pro vsechny a.s.</nazev>
			<kontakt>
				<mesto>cokoland</mesto>
				<ulice>cokoladova</ulice>
				<cislopopisne>1</cislopopisne>
				<PSC>123 45</PSC>
				<stat>cokoladov</stat>
				<telefon>26565898</telefon>
				<email>cokolada@cokolada.coko</email>
				<email>mnam@cokolada.coko</email>
			</kontakt>
			<odber>
				<polozka id="CB25">
					<mnozstvi value="1000ks"/>
					<cena value="20 000"/>
				</polozka>
				<polozka id="CH101">
					<mnozstvi value="100ks"/>
					<cena value="84 500"/>
				</polozka>
				<polozka id="CM00">
					<mnozstvi value="5ks"/>
					<cena value="325"/>
				</polozka>
				<celkovacena value="104825"/>
			</odber>
		</odberatel>
		<odberatel>
			<nazev>Nabytek s.r.o.</nazev>
			<kontakt>
				<mesto>Pchjongjang</mesto>
				<ulice>Takova ta dlouha</ulice>
				<cislopopisne>12345</cislopopisne>
				<cisloorientacni>devjet</cisloorientacni>
				<PSC>999 00</PSC>
				<stat>KLDR</stat>
				<telefon>ruzovej</telefon>
				<email>tento.email@je.neplatny.kp</email>
				<fax>Co to je?</fax>
				<facebook>nabytekkldr</facebook>
			</kontakt>
			<odber>
				<polozka id="CH101">
					<mnozstvi value="1ks"/>
					<cena value="999"/>
				</polozka>
				<polozka id="RA40">
					<mnozstvi value="3ks"/>
					<cena value="5997"/>
				</polozka>
				<celkovacena value="6996"/>
			</odber>
			<poznamka><![CDATA[
					Tento odberatel je velmi <b>neduveryhodny</b> !!!
				]]></poznamka>
		</odberatel>
	</odberatele>
	<datumposledniupravy>
		<?php echo Date("d.m.Y"); ?>
	</datumposledniupravy>
</tovarna>
