<?xml version="1.0" encoding="UTF-8"?>
<tasks 	xmlns="http://foo.bar.tld"
		xmlns:xsi="http://www.w3.org/2001/XMLSchema-instance"
		xsi:schemaLocation="http://foo.bar.tld 
							data.xsd">
	<userland>
		<users>
			<user id="u1">
				<name>
					<displayname>Franta</displayname>
					<firstname>František</firstname>
					<lastname>Novák</lastname>
				</name>
				<passwd>hashhesla</passwd>
				<i18n>
					<lang>cs</lang>
					<country>CZ</country>
				</i18n>
				<devices>
					<device>iOS
					</device>
					<device>web
					</device>
					<device>mac
					</device>
				</devices>
			</user>
			<user id="u2">
				<name>
					<displayname>Pepa</displayname>
					<lastname>Novák</lastname>
				</name>
				<passwd>hashhesla12345</passwd>
				<i18n>
					<lang>cs</lang>
					<country>CZ</country>
				</i18n>
				<devices>
					<device>iOS
					</device>
					<device>web
					</device>
				</devices>
			</user>
		</users>
		<groups>
			<group id="g1" name="Prdeláři z MFF">
				<members>
					<member id="u1" />
				</members>
				<admins>
					<admin id="u1" />
				</admins>
			</group>
		</groups>
	</userland>
	<taskland>
		<tasklist>
			<task user="u1" area="a0" difficulty="1">Koupit mléko</task>
			<task user="u1" area="a0" difficulty="1">Koupit vejce</task>
			<task user="u1" area="a0" difficulty="1">Koupit chléb</task>
			<task user="u1" area="a0" difficulty="1">Koupit salám</task>
			<task user="u1" area="a0" difficulty="2" tags="t1 t3">Koupit sýr &amp; ementál</task>
			<task user="u1" area="a0" difficulty="2">Koupit rohlíky</task>
			<task user="u1" area="a0" difficulty="1">Koupit hřebíky</task>
			<task user="u1" area="a0" difficulty="2">Koupit kolíky</task>
			<task user="u1" area="a0" difficulty="5" tags="t1 t2">Koupit auto</task>
			<task user="u1" area="a0" difficulty="2">Koupit sazeničky</task>
			<task user="u2" area="a2" difficulty="3">Napsat úkol na lineární algebru #2</task>
			<task user="u2" area="a2" difficulty="10">Napsat úkol na matematickou analýzu #3</task>
			<task user="u2" area="a2" difficulty="5">Napsat úkol na technologie XML #4</task>
			<task user="u2" area="a2" difficulty="3">Sehnat literaturu na ročníkový projekt</task>
			<task user="u2" area="a2" difficulty="10">Napsat úkol na pokročilé C++</task>
			<task user="u2" area="a3" difficulty="10" tags="t8">Najít si přítelkyni</task>
			<task user="u2" area="a3" difficulty="9" tags="t5">Postavit syna</task>
			<task user="u2" area="a3" difficulty="9">Zasadit dům</task>
			<task user="u2" area="a3" difficulty="8">Zplodit strom</task>
			<task user="u2" area="a3" difficulty="9" tags="t7">Zajít si k psychologovi</task>
		</tasklist>
		<projectlist>
			<project id="p0" user="u1">Výchozí projekt</project>
		</projectlist>
		<aorlist>
			<area id="a0" user="u1">Doma</area>
			<area id="a1" user="u1">Práce</area>
			<area id="a2" user="u2">Škola</area>
			<area id="a3" user="u2">Osobní</area>
		</aorlist>
		<taglist>
			<tag id="t1" user="u1" type="normal">challenge</tag>
			<tag id="t2" user="u1" type="normal">long time</tag>
			<tag id="t3" user="u1" type="normal">short time</tag>
			<tag id="t4" user="u1" type="normal">errand</tag>
			<tag id="t5" user="u2" type="normal">challenge</tag>
			<tag id="t6" user="u2" type="normal">easy</tag>
			<tag id="t7" user="u2" type="normal">hard</tag>
			<tag id="t8" user="u2" type="normal">important</tag>
		</taglist>
	</taskland>
</tasks>