<?xml version="1.0" encoding="UTF-8"?>
<!DOCTYPE Zaznam SYSTEM "data.dtd">
<Zaznam>
	<CasKonani>
		<Start>
			<Datum>10.3.2011</Datum>
			<Cas>19:00</Cas>
		</Start>
		<Konec>
			<Datum>11.3.2011</Datum>
			<Cas>2:23</Cas>
		</Konec>
		<Prestavky/>
	</CasKonani>
	
	<MistoKonani>
		<Nazev>Casino ENZO</Nazev>
		<Adresa>
			<Ulice>Smyslena ulice 65</Ulice>
			<Mesto>Praha</Mesto>
		</Adresa>
	</MistoKonani>	
	
	<!-- Seznam ucastniku -->
	<Hraci>
		<Hrac cislo="hrac_1" zkusenosti="Amater">
			<Jmeno>Jan <Prezdivka>Ark </Prezdivka>Forst</Jmeno>
			<DatumNarozeni>28.3.1987</DatumNarozeni>								
		</Hrac>
		<Hrac cislo="hrac_2" zkusenosti="Amater">
			<Jmeno>Tomas <Prezdivka> Lucker</Prezdivka> Hejl</Jmeno>
			<DatumNarozeni>18.4.1987</DatumNarozeni>			
			<OsobniPoznamka>Nemel jsem stesti</OsobniPoznamka>					
		</Hrac>
		<Hrac cislo="hrac_3" zkusenosti="Amater">
			<Jmeno>Vojtech <Prezdivka> Vigi</Prezdivka> Vigner</Jmeno>
			<DatumNarozeni>7.9.1985</DatumNarozeni>	
			<PoznamkaPoradatele>Podezreni na podvod</PoznamkaPoradatele>			
		</Hrac>
		<Hrac cislo="hrac_4" zkusenosti="Amater">
			<Jmeno>Radim Horak</Jmeno>
			<DatumNarozeni>5.12.1989</DatumNarozeni>								
		</Hrac>
		<Hrac cislo="hrac_5" zkusenosti="Poloprofesional">
			<Jmeno>Tomas Kolomaznik</Jmeno>
			<DatumNarozeni>10.10.1986</DatumNarozeni>			
			<OsobniPoznamka>Ostatni jsou lamy</OsobniPoznamka>					
		</Hrac>
		<Hrac cislo="hrac_6" zkusenosti="Poloprofesional">
			<Jmeno>Lukas <Prezdivka>All-in </Prezdivka>Jirotka</Jmeno>
			<DatumNarozeni>14.1.1985</DatumNarozeni>					
			<PoznamkaPoradatele>Umyslne zdrzuje hry</PoznamkaPoradatele>			
		</Hrac>
		<Hrac cislo="hrac_7" zkusenosti="Amater">
			<Jmeno>Michal Hanzlik</Jmeno>
			<DatumNarozeni>24.6.1990</DatumNarozeni>				
		</Hrac>
		<Hrac cislo="hrac_8" zkusenosti="Amater">
			<Jmeno>Jakub Hrabacek</Jmeno>
			<DatumNarozeni>17.4.1990</DatumNarozeni>			
			<OsobniPoznamka>
				<![CDATA[
					/\/\/\/\/\
					| ()  ()  |
					| \__/  |
					\____/
				]]>
			</OsobniPoznamka>		
		</Hrac>
		<Hrac cislo="hrac_9" zkusenosti="Poloprofesional">
			<Jmeno>Zaneta Knotkova</Jmeno>
			<DatumNarozeni>29.5.1987</DatumNarozeni>						
		</Hrac>
		<Hrac cislo="hrac_10" zkusenosti="Profesional">
			<Jmeno>Fake <Prezdivka>Nikdo</Prezdivka> Name</Jmeno>
			<DatumNarozeni>4.4.1973</DatumNarozeni>					
			<PoznamkaPoradatele>Neustale si stezuje na neschopnost dealera</PoznamkaPoradatele>			
		</Hrac>
	</Hraci>
	
	<!--Seznam odehranych turnaju-->
	<Hry>
		<Hra>
			<Typ>
				<Styl>Texas Holdem</Styl>
				<StartBlind time="10">
					<Small>1</Small>
					<Big>2</Big>
					<Ante>0</Ante>
				</StartBlind>
				<BuyIn>50</BuyIn>
				<ReBuy max="2">50</ReBuy>				
			</Typ>
			<Ucastnici>
				<Ucastnik hrac="hrac_1" poradi="1" rebuy="1"/>
				<Ucastnik hrac="hrac_2" poradi="4" rebuy="2" />
				<Ucastnik hrac="hrac_3" poradi="2" />
				<Ucastnik hrac="hrac_4" poradi="3" />				
			</Ucastnici>			
		</Hra>
		<Hra>
			<Typ>
				<Styl>Texas Holdem</Styl>
				<StartBlind time="10">
					<Small>1</Small>
					<Big>2</Big>					
				</StartBlind>
				<BuyIn>50</BuyIn>								
			</Typ>
			<Ucastnici>
				<Ucastnik hrac="hrac_1" poradi="2" />
				<Ucastnik hrac="hrac_2" poradi="6" />
				<Ucastnik hrac="hrac_3" poradi="3" />
				<Ucastnik hrac="hrac_4" poradi="4" />
				<Ucastnik hrac="hrac_5" poradi="1" />
				<Ucastnik hrac="hrac_6" poradi="7" />
				<Ucastnik hrac="hrac_7" poradi="5" />								
			</Ucastnici>			
		</Hra>
		<Hra>
			<Typ>
				<Styl>Omaha</Styl>
				<StartBlind time="10">
					<Small>1</Small>
					<Big>2</Big>					
				</StartBlind>
				<BuyIn>100</BuyIn>
				<ReBuy max="2">50</ReBuy>				
			</Typ>
			<Ucastnici>
				<Ucastnik hrac="hrac_1" poradi="1" />
				<Ucastnik hrac="hrac_2" poradi="8" rebuy="2" />
				<Ucastnik hrac="hrac_3" poradi="3" rebuy="1" />
				<Ucastnik hrac="hrac_5" poradi="2" />
				<Ucastnik hrac="hrac_6" poradi="7" rebuy="2"/>
				<Ucastnik hrac="hrac_8" poradi="6" />
				<Ucastnik hrac="hrac_9" poradi="4" rebuy="1" />
				<Ucastnik hrac="hrac_10" poradi="5" rebuy="2" />					
			</Ucastnici>			
		</Hra>
	</Hry>
	<Ostatni>
		<Autor>Tento dokument vytvoril &autor;</Autor>
		<Datum><?php echo Date("d.m.Y")?></Datum>
	</Ostatni>
</Zaznam>