<?xml version="1.0" encoding="UTF-8"?>
	<skupiny>
		<!--najblizsia rodina-->
		<skupina nazov="Rodina">
			<kontakt kid="o1"/>
			<kontakt kid="o2"/>
			<kontakt kid="o3"/>
		</skupina>
		<!--spolubyvajuci v Prahe-->
		<skupina nazov="Spolubyvajuci">
			<kontakt kid="o7"/>
			<kontakt kid="o8"/>
			<kontakt kid="o9"/>
		</skupina>
		<!--kamarati z Kosic-->
		<skupina nazov="Kosice">
			<kontakt kid="o4"/>
			<kontakt kid="o5"/>
			<kontakt kid="o6"/>
		</skupina>
		<!--spoluziaci na MFF UK-->
		<skupina nazov="Spoluziaci">
			<kontakt kid="o10"/>
			<kontakt kid="o7"/>
			<kontakt kid="o8"/>
		</skupina>
	</skupiny>