<?xml version="1.0" encoding="UTF-8"?>
<!DOCTYPE kancelar SYSTEM "data.dtd">
<kancelar>
	<firma>
		<nazev>Pat &amp; Mat s.r.o.</nazev>
		<ICO>123456</ICO>
		<DIC>CZ123456</DIC>
		<o_firme>&o_firme;</o_firme>
	</firma>
	<misto>
		<adresa>U Ulice 123, Praha 10000, Česká Republika</adresa>
		<patro>-1</patro>
	</misto>
	<lide>
		<zamestnanec id="z1">
			<titul>Všeuměl</titul>
			<jmeno>Pat</jmeno>
			<prijmeni>kdoví</prijmeni>
			<datum_narozeni>1.1.1976</datum_narozeni>
			<prirazeni>
				<aktualni>
					<pozice>Řiditel Světa</pozice>
				</aktualni>
				<predchozi>
					<pozice>Senior Central Security Infrastructure Specialist and Implementation Manager</pozice> <!-- http://www.bullshitjob.com/title/ -->
					<pozice>komparz v animovaných filmech</pozice>
				</predchozi>
			</prirazeni>
			<datum_nastupu>2.1.1976</datum_nastupu>
			<smlouva_vyprsi>20.12.2012</smlouva_vyprsi>
			<pocet_znicenych_predmetu>86493423</pocet_znicenych_predmetu>
			<pracuje_o_vikendu value="ano"></pracuje_o_vikendu>
			<dalsi_info>
				Postavy Pat a Mat se poprvé objevily v roce 1976 ve filmu <url><?php echo($film_url); ?></url>. Svých jmen Pat a Mat se kutilové dočkali až v roce 1989. 
			</dalsi_info>
			<nadrizeny id="z2"></nadrizeny>
		</zamestnanec>
		<zamestnanec id="z2">
			<titul></titul>
			<jmeno>Mat</jmeno>
			<prijmeni>kdoví</prijmeni>
			<datum_narozeni>1.1.1976</datum_narozeni>
			<prirazeni>
				<aktualni>
					<pozice>Dohled nade vším</pozice>
				</aktualni>
				<predchozi>
				</predchozi>
			</prirazeni>
			<datum_nastupu>2.1.1976</datum_nastupu>
			<smlouva_vyprsi>20.12.2012</smlouva_vyprsi>
			<pocet_znicenych_predmetu>5468723</pocet_znicenych_predmetu>
			<pracuje_o_vikendu value="ne"></pracuje_o_vikendu>
			<dalsi_info>
<![CDATA[
	hacked by
	^ ^
	 @
	<=>
]]>
			</dalsi_info>
			<nadrizeny id="z1"></nadrizeny> <!-- Pat a Mat jsou vzajemne jeden druhemu nadrizeni a vyhovuje jim to :)-->
		</zamestnanec>
	</lide>
</kancelar>