<?xml version="1.0" encoding="UTF-8"?>
<!DOCTYPE courseSystem SYSTEM "data.dtd">	
<courseSystem>
	<xmlCreated><?php echo Date("d.m.Y")?></xmlCreated>
	<user>
		<script>
			<![CDATA[
				function getUserName(user) {
			 		return user.name;
			 	}
			]]>
		</script>
		<shoppingCart>
			<created date="29.9.2013" />
			<!-- each shopping cart has multiple items-->
			<shoppingCartItem>
				 <course id="id_1">
				 	<name>Kurz instruktora lyžování</name>
				 	<lecturer refId="id_1" />
				 	<category>sportCategory;</category>
				 	<dateStart>1.10.2013</dateStart>
				 	<dateEnd>5.10.2013</dateEnd>
				 	<freePlaces>5</freePlaces>
				 	<totalPlaces>10</totalPlaces>
				 	<rating>5</rating>
				 	<price currency="CZK">1000</price>
				 	<description>Kurz lyžování s nejlepší cvičící ever, za který dostanete certifikát: <certificate refId="id_1" />. Více informací na <link url="http://seznam.cz">seznamu</link></description>
				 	<keywords>
				 		<keyword>lyže</keyword>
				 		<keyword>sport</keyword>
				 		<keyword>fel</keyword>
				 	</keywords>
				 </course>
			</shoppingCartItem>
      <shoppingCartItem>
				 <course id="id_5">
				 	<name>Kurz instruktora snowboardingu</name>
				 	<lecturer refId="id_1" />
				 	<category>sportCategory;</category>
				 	<dateStart>4.11.2013</dateStart>
				 	<dateEnd>7.10.2013</dateEnd>
				 	<freePlaces>2</freePlaces>
				 	<totalPlaces>8</totalPlaces>
				 	<rating>1</rating>
				 	<price currency="CZK">9000</price>
				 	<description>Kurz snowaboardingu s nejlepší cvičící ever, za který dostanete certifikát: <certificate refId="id_1" />. Více informací na <link url="http://seznam.cz">seznamu</link></description>
				 	<keywords>
				 		<keyword>snowboard</keyword>
				 		<keyword>sport</keyword>
				 		<keyword>fel</keyword>
				 	</keywords>
				 </course>
			</shoppingCartItem>
		</shoppingCart>
	</user>
	<certificates>
		<certificate>
			<id>id_1</id>
			<name>Certifikát instruktora lyžování</name>
		</certificate>
	</certificates>
	<lecturer id="id_2">
		<name>Irena Holubová</name>
		<email>holubova@fel.cvut.cz</email>
	</lecturer>
  <lecturer id="id_7">
		<name>Karel tasd</name>
		<email>karl@fel.cvut.cz</email>
	</lecturer>
  <lecturer id="id_10">
		<name>michal</name>
		<email>holubova@fel.cvut.cz</email>
	</lecturer>
</courseSystem>