<?xml version="1.0" encoding="utf-8"?>
<!DOCTYPE world SYSTEM "data.dtd">

<world>
  <!-- seznam sektoru sveta -->
  <sectors>
    <sector id="S1">
      <!-- seznam rodist daneho sektoru -->
      <local_birthplaces>
        <birthplace_ref id="B1"></birthplace_ref>
      </local_birthplaces>
      <!-- seznam portalu daneho sektoru -->
      <local_portals>
        <portal_ref id="P1"></portal_ref>
      </local_portals>
      <!-- seznam agentu v danem sektoru -->
      <local_agents>
        <agent_ref id="A1"></agent_ref>
      </local_agents>
      <!-- sit dlazdic sektoru -->
      <grid>
        <tile x="1" y="1"/>
        <tile x="1" y="2"/>
        <tile x="1" y="3"/>
        <tile x="1" y="4"/>
        <tile x="2" y="1"/>
        <tile x="2" y="2"/>
        <tile x="2" y="3"/>
        <tile x="2" y="4"/>
        <tile x="3" y="1"/>
        <tile x="3" y="2"/>
        <tile x="3" y="3"/>
        <tile x="3" y="4"/>
      </grid>
      <!-- kod pro vykresleni sektoru -->
      <draw>
        <![CDATA[
          for(i = 0; i != this->grid.width; i++)
          {
            for(j = 0; j != this->grid.height; j++)
            {
              grid.draw(i,j);
            }
          }
        ]]>
      </draw>
    </sector>
  </sectors>

  <!-- seznam rodist sveta, kde se rodi agenti -->
  <birthplaces>
    <birthplace id="B1">

    </birthplace>
  </birthplaces>

  <!-- seznam portalu sveta, kterymi agenti mohou prechazet mize sektory -->
  <portals>
    <portal id="P1">

    </portal>
  </portals>

  <!-- seznam agentu -->
  <agents>
    <agent id="A1" gender="muz">
      <name>&quote;Pepan&quote;</name>
    </agent>
  </agents>

  <!-- instrukce pro vypsani sveta -->
  <to_string>
    <?php
        $xml=simplexml_load_file($root."data.xml");

        foreach($xml->sector as $sector){
          echo $sector.id
          echo "<br/>"
        }
        ?>
  </to_string>
</world>