<?xml version="1.0" encoding="UTF-8" standalone="yes"?>
<forum>
	<topic id="cid1">
		<description>O nesmrtelnosti brouka</description>
		<thread id="tid2">
			<label>Já, já, já, jenom já</label>
			<post id="pid100" user="hax0r">
				<datetime>2011-03-20 15:13:00</datetime>
				<heading>Já, já, já, jenom já</heading>
				<![CDATA[Jenom já jsem nesmrtelný brouk. A to mi může na hlavu spadnout jablek celý vagón!]]>
				<!-- texty všech postů jsou v CDATA, protože mohou obsahovat vlastní markup, který na úrovni reprezentace fóra nechci řešit -->
			</post>
			<post id="pid101" user="jamie007" in-reply-to="pid100">
				<datetime>2011-03-20 15:16:00</datetime>
				<heading>Nemáte pravdu</heading>
				<![CDATA[Příteli, obávám se, že nemáte tak úplně pravdu.]]>
			</post>
			<post id="pid102" user="hax0r" in-reply-to="pid101">
				<datetime>2011-03-20 15:19:00</datetime>
				<heading>Důkaz!</heading>
				<![CDATA[Podejte důkaz, jinak mě nepřesvědčíte.]]>
			</post>
			<post id="pid103" user="hax0r/m2" in-reply-to="pid102">
				<datetime>2011-03-20 15:28:00</datetime>
				<heading>Protipříklad</heading>
				<![CDATA[Myslím, že si hraješ s ohněm, Newtone. Abychom tu brzy neměli protipříklad k tvému tvrzení.]]>
			</post>
			<post id="pid104" user="hax0r" in-reply-to="pid103">
				<datetime>2011-03-20 15:32:00</datetime>
				<heading>Dva důkazy</heading>
				<![CDATA[Protipříklad mi nevadí. Mám dva důkazy!]]>
			</post>
			<post id="pid105" user="jamie007" in-reply-to="pid102">
				<datetime>2011-03-20 15:36:00</datetime>
				<heading>Mám povolení zabíjet</heading>
				<![CDATA[BANG! Asi jste si spletl casino. Tohle je Casino Royale a hrajeme tu trochu vyšší hru.]]>
			</post>
			<post id="pid106" user="hax0r/m2" in-reply-to="pid105">
				<datetime>2011-03-20 15:39:00</datetime>
				<heading>Já mu to říkal</heading>
				<![CDATA[Nemusel jste ho rovnou zastřelit...]]>
			</post>
			<post id="pid107" user="M&amp;M">
				<datetime>2010-03-20 15:44:00</datetime>
				<heading>Spam, spam, spam, lovely spam</heading>
				<![CDATA[Nechte si zvětšit přirození, kupte si viagru, přijeďte na naše soustředění! <link>http://mam.mff.cuni.cz/</link>]]>
			</post>
			<post id="pid108" user="hax0r/m2" in-reply-to="pid107">
				<datetime>2011-03-20 15:56:00</datetime>
				<heading>Nesnáším prejt</heading>
				<![CDATA[Tady už všichni řešíme Fykos. Jděte jinam.]]>
			</post>
			<post id="pid109" user="M&amp;M" in-reply-to="pid108">
				<datetime>2011-03-20 15:58:00</datetime>
				<heading>OK</heading>
				<![CDATA[OK, to bylo stejně jen preventivně. Spousta ŠMFáků se ještě pořád fláká, ti se budou lovit lépe.]]>
			</post>
		</thread>
		<thread id="tid5">
			<label>R. I. P. Newton</label>
			<post id="pid110" user="hax0r/m2">
				<datetime>2011-03-20 16:05:00</datetime>
				<heading>Minuta ticha</heading>
				<![CDATA[Uctěme minutou ticha všechny, kdo kdy odripovali a na RapidShare vystavili nějaký hudební disk. Autorské organizace je brzy dostanou.
				
				(Zároveň si můžete vzpomenout na nešťastnou náhodou zastřeleného kolegu Newtona -- aka hax0r.)]]>
			</post>
		</thread>
	</topic>
	<topic id="cid2"><!-- oblíbený topic čtenářů sci-fi -->
		<description>Odpověď na otázku života, vesmíru a vůbec</description>
		<thread id="tid1">
			<announcement id="pid1" user="jamie007">
				<datetime>2011-03-20 16:11:42</datetime>
				<heading>42</heading>
				<![CDATA[Odpověď je konečně známa. O otázce ale dosud nic nevíme.]]>
			</announcement>
		</thread>
		<thread id="tid3">
			<label>Stopařův průvodce</label>
			<post id="pid2" user="jamie007">
				<datetime>2011-03-20 16:26:42</datetime>
				<heading>Stopařův průvodce po galaxii</heading>
				<![CDATA[Viděli jste už ten film? Co si o něm myslíte?]]>
			</post>
		</thread>
		<thread id="tid4">
			<label>Douglas Adams</label>
			<post id="pid3" user="hax0r/m2">
				<datetime>2011-03-20 16:27:42</datetime>
				<heading>Douglas Adams</heading>
				<![CDATA[Tanhle pán sice napsal nemalé množství vážně dobrých knih, ale také stvořil scénář k Hyparlandu: <link>http://en.wikipedia.org/wiki/Hyperland</link>
				Doporučuju si prohlédnout. Má asi dvacet minut a je na Google Video.]]>
			</post>
		</thread>
	</topic>
	<users>
		<!-- "password hashe" jsou ve skutečnosti MD5 loginů -->
		<user permission-level="owner" login="jamie007">
			<password hash="48049b9523314467caa7b51689c3e3d0" />
			<name>
				<first>James</first>
				<last>Bond</last>
			</name>
		</user>
		<user login="doe">
			<password hash="4c604a4431bf49c1bdcd3b1f458efdd4" />
			<name>
				<first>John</first>
				<last>Doe</last>
			</name>
			<email>john@doe.com</email>
		</user>
		<user login="probst">
			<password hash="2734b9ab9efaf9ed355f2a275f24ffef" />
			<name>
				<last>Probst</last>
			</name>
		</user>
		<user permission-level="mod" login="hax0r">
			<password hash="05b72dcbcfd7fb4114a8f9cae166a572" />
			<name>
				<last>Newton</last>
			</name>
			<email>newton@mff.cuni.cz</email>
		</user>
		<user permission-level="virtual" login="M&amp;M">
			<name>
				<last>M&amp;M</last>
			</name>
			<url>http://mam.mff.cuni.cz/</url>
		</user>
		<user login="hax0r/m2">
			<password hash="727d455356d0e62a94a3418472fce377" />
			<name>
				<first>Blaise</first>
				<last>Pascal</last>
			</name>
		</user>
	</users>
	<rss version="2.0" xmlns:atom="http://www.w3.org/2005/Atom">
		<?php
			require('RSSGenerator.inc');
			$Generator = new RSSGenerator();
			$Generator->Fetch('forum');
			$Generator->PrintChannel();
			unset($Generator);
		?>
	</rss>
</forum>
