<?xml version="1.0" encoding="UTF-8"?>
<meshes xmlns:xs="http://www.w3.org/2001/XMLSchema-instance" xs:noNamespaceSchemaLocation="data.xsd">
		<mesh mid="m_01" name="mesh01" visible="TRUE" >
			<vertices>
				<vertex vid="v_01" x="0" y="0" z="0">
					<color col="red"></color></vertex>
				<vertex vid="v_02" x="-1" y="0" z="0">
					<color col="red"></color></vertex>
				<vertex vid="v_03" x="-1" y="0" z="1">
					<color col="red"></color></vertex>
				<vertex vid="v_04" x="0" y="1" z="0">
					<color col="red"></color></vertex>
				<vertex vid="v_05" x="0" y="0" z="0">
					<color col="blue"></color></vertex>
				<vertex vid="v_06" x="0" y="-1" z="1">
					<color col="red"></color></vertex>
				<vertex vid="v_07" x="1" y="0" z="-1">
					<color col="white"></color></vertex>
				<vertex vid="v_08" x="0" y="1" z="-1"></vertex>
				<vertex vid="v_09" x="0" y="0" z="-1"></vertex>
				<vertex vid="v_10" x="0" y="-1" z="1"></vertex>
			</vertices>
			<triangles>
				<triangle tid="t01" refv0="v_01" refv1="v_02" refv2="v_03"></triangle>
				<triangle tid="t02" refv0="v_04" refv1="v_06" refv2="v_05"></triangle>
				<triangle tid="t03" refv0="v_01" refv1="v_06" refv2="v_08"></triangle>
				<triangle tid="t04" refv0="v_05" refv1="v_03" refv2="v_09"></triangle>
				<triangle tid="t05" refv0="v_06" refv1="v_04" refv2="v_10"></triangle>
			</triangles>
			<note>
				<![CDATA[ <<>> !! ]]>
				prolog	   ::=   	XMLDecl? Misc* (doctypedecl Misc*)?
			</note>
		</mesh>
		<mesh mid="m_02" name="Odd Looking Thing" visible="TRUE" >
			<vertices>
				<vertex vid="v_11" x="0" y="0" z="0">
					<color col="red"></color></vertex>
				<vertex vid="v_12" x="-1" y="0" z="0">
					<color col="red"></color></vertex>
				<vertex vid="v_13" x="-1" y="0" z="5">
					<color col="red"></color></vertex>
				<vertex vid="v_14" x="0" y="6" z="0">
					<color col="red"></color></vertex>
				<vertex vid="v_15" x="0" y="0" z="0">
					<color col="blue"></color></vertex>
				<vertex vid="v_16" x="0" y="-1" z="1">
					<color col="red"></color></vertex>
				<vertex vid="v_17" x="1" y="0" z="-1">
					<color col="white"></color></vertex>
				<vertex vid="v_18" x="0" y="1" z="-1"></vertex>
				<vertex vid="v_19" x="0" y="10" z="-1"></vertex>
				<vertex vid="v_20" x="0" y="-10" z="1"></vertex>
				<vertex vid="v_28" x="0" y="-10" z="1"></vertex>
			</vertices>
			<triangles>
				<triangle tid="t06" refv0="v_11" refv1="v_12" refv2="v_13"></triangle>
				<triangle tid="t07" refv0="v_14" refv1="v_16" refv2="v_15"></triangle>
				<triangle tid="t08" refv0="v_11" refv1="v_16" refv2="v_18"></triangle>
				<triangle tid="t09" refv0="v_15" refv1="v_13" refv2="v_19"></triangle>
				<triangle tid="t10" refv0="v_16" refv1="v_14" refv2="v_20"></triangle>
			</triangles>
			<note>
			</note>
		</mesh>
		<mesh mid="m_03" name="No triangle" visible="TRUE" >
			<vertices>
				<vertex vid="v_21" x="0" y="0" z="0">
					<color col="red"></color></vertex>
				<vertex vid="v_22" x="-1" y="0" z="0">
					<color col="red"></color></vertex>
			</vertices>
			<triangles>
			</triangles>
			<note>
			</note>
		</mesh>
		<mesh mid="m_04" name="One triangle" visible="TRUE" >
			<vertices>
				<vertex vid="v_23" x="0" y="0" z="0">
					<color col="red"></color></vertex>
				<vertex vid="v_24" x="-1" y="0" z="0">
					<color col="red"></color></vertex>
				<vertex vid="v_25" x="-5" y="0" z="10">
					<color col="red"></color></vertex>
			</vertices>
			<triangles>
				<triangle tid="t11" refv0="v_23" refv1="v_24" refv2="v_25"></triangle>
				<triangle tid="t12" refv0="v_23" refv1="v_23" refv2="v_25"></triangle>
			</triangles>
			<note>
			</note>
		</mesh>
		<mesh mid="m_05" name="Nothing" visible="TRUE" >
			<vertices>
			</vertices>
			<triangles>
			</triangles>
			<note>
			</note>
		</mesh>
	</meshes>
	
	