﻿<?xml version="1.1" encoding="UTF-8" ?>
<!DOCTYPE RailDef SYSTEM "data.dtd">
<RailDef>
    <Attributes>
        <Name>MU2</Name>
        <Description>Trať odpovídající Multikon-2</Description>
        <Version>0</Version>
        <Author>&copy; Zaantar</Author>
        <Type value ="testing" />
        <PrimaryPath begin="ep_1" end="ep_39"></PrimaryPath>
    </Attributes>
    <IntroPage>
      <![CDATA[
        <html>
          <head>
            <title>Definice železniční trati pro Multikon-player</title>
          </head>
          <body>
            <h1>Definice železniční trati pro Multikon-player</h2>
            <p>Tento soubor obsahuje definici struktury testovací železniční tratě pro program Multikon-player. Na tomto místě může být umístěn napriklad podrobnější popis trati apod.</p>
          </body>
        </html>
      ]]>
    </IntroPage>
    <RailElements>
        <StationDef name="Křimice" id="st_7" entrypoint_count="4" platform_count="5" shortname="KRI">
            <Entrypoint id="tr_3"></Entrypoint>
            <Entrypoint id="tr_6"></Entrypoint>
            <Entrypoint id="tr_8"></Entrypoint>
            <Entrypoint id="tr_10"></Entrypoint>
        </StationDef>
        <StationDef name="Kozolupy" id="st_12" entrypoint_count="3" platform_count="6" shortname="KOZ">
            <Entrypoint id="tr_9"></Entrypoint>
            <Entrypoint id="tr_11"></Entrypoint>
            <Entrypoint id="tr_13"></Entrypoint>
        </StationDef>
        <StationDef name="Plešnice" id="st_16" entrypoint_count="2" platform_count="3" shortname="PLE">
            <Entrypoint id="tr_15"></Entrypoint>
            <Entrypoint id="tr_17"></Entrypoint>
        </StationDef>
        <StationDef name="Pňovany" id="st_20" entrypoint_count="3" platform_count="4" shortname="PNO">
            <Entrypoint id="tr_19"></Entrypoint>
            <Entrypoint id="tr_21"></Entrypoint>
            <Entrypoint id="tr_23"></Entrypoint>
        </StationDef>
        <StationDef name="Vranov u S." id="st_27" entrypoint_count="2" platform_count="2" shortname="VRA">
            <Entrypoint id="tr_26"></Entrypoint>
            <Entrypoint id="tr_28"></Entrypoint>
        </StationDef>
        <StationDef name="Stříbro" id="st_30" entrypoint_count="2" platform_count="4" shortname="STR">
            <Entrypoint id="tr_29"></Entrypoint>
            <Entrypoint id="tr_31"></Entrypoint>
        </StationDef>
        <StationDef name="Milíkov" id="st_33" entrypoint_count="2" platform_count="2" shortname="MIL">
            <Entrypoint id="tr_32"></Entrypoint>
            <Entrypoint id="tr_34"></Entrypoint>
        </StationDef>
        <StationDef name="Svojšín" id="st_36" entrypoint_count="2" platform_count="4" shortname="SVO">
            <Entrypoint id="tr_35"></Entrypoint>
            <Entrypoint id="tr_37"></Entrypoint>
        </StationDef>
        <TrackDef name="plj-kri-a-1" id="tr_2" entrypoint_count="2" length="1400" max_speed="0" inclination="-0,03">
            <Entrypoint id="ep_1"></Entrypoint>
            <Entrypoint id="tr_3"></Entrypoint>
        </TrackDef>
        <TrackDef name="plj-kri-a-2" id="tr_3" entrypoint_count="2" length="1400" max_speed="0" inclination="0,08">
            <Entrypoint id="tr_2"></Entrypoint>
            <Entrypoint id="st_7"></Entrypoint>
        </TrackDef>
        <TrackDef name="plj-kri-b-1" id="tr_5" entrypoint_count="2" length="1400" max_speed="0" inclination="-0,03">
            <Entrypoint id="ep_4"></Entrypoint>
            <Entrypoint id="tr_6"></Entrypoint>
        </TrackDef>
        <TrackDef name="plj-kri-b-2" id="tr_6" entrypoint_count="2" length="1400" max_speed="0" inclination="0,08">
            <Entrypoint id="tr_5"></Entrypoint>
            <Entrypoint id="st_7"></Entrypoint>
        </TrackDef>
        <TrackDef name="kri-koz-a-1" id="tr_8" entrypoint_count="2" length="1400" max_speed="0" inclination="0,05">
            <Entrypoint id="st_7"></Entrypoint>
            <Entrypoint id="tr_9"></Entrypoint>
        </TrackDef>
        <TrackDef name="kri-koz-a-2" id="tr_9" entrypoint_count="2" length="1400" max_speed="0" inclination="0,05">
            <Entrypoint id="tr_8"></Entrypoint>
            <Entrypoint id="st_12"></Entrypoint>
        </TrackDef>
        <TrackDef name="kri-koz-b-1" id="tr_10" entrypoint_count="2" length="1400" max_speed="0" inclination="0,05">
            <Entrypoint id="st_7"></Entrypoint>
            <Entrypoint id="tr_11"></Entrypoint>
        </TrackDef>
        <TrackDef name="kri-koz-b-2" id="tr_11" entrypoint_count="2" length="1400" max_speed="0" inclination="0,05">
            <Entrypoint id="tr_10"></Entrypoint>
            <Entrypoint id="st_12"></Entrypoint>
        </TrackDef>
        <TrackDef name="koz-ple-1" id="tr_13" entrypoint_count="2" length="1400" max_speed="0" inclination="0,05">
            <Entrypoint id="st_12"></Entrypoint>
            <Entrypoint id="tr_14"></Entrypoint>
        </TrackDef>
        <TrackDef name="koz-ple-2" id="tr_14" entrypoint_count="2" length="1300" max_speed="0" inclination="0,07">
            <Entrypoint id="tr_13"></Entrypoint>
            <Entrypoint id="tr_15"></Entrypoint>
        </TrackDef>
        <TrackDef name="koz-ple-3" id="tr_15" entrypoint_count="2" length="1500" max_speed="0" inclination="0,05">
            <Entrypoint id="tr_14"></Entrypoint>
            <Entrypoint id="st_16"></Entrypoint>
        </TrackDef>
        <TrackDef name="ple-pno-1" id="tr_17" entrypoint_count="2" length="1500" max_speed="0" inclination="0,03">
            <Entrypoint id="st_16"></Entrypoint>
            <Entrypoint id="tr_18"></Entrypoint>
        </TrackDef>
        <TrackDef name="ple-pno-2" id="tr_18" entrypoint_count="2" length="1700" max_speed="0" inclination="0,05">
            <Entrypoint id="tr_17"></Entrypoint>
            <Entrypoint id="tr_19"></Entrypoint>
        </TrackDef>
        <TrackDef name="ple-pno-3" id="tr_19" entrypoint_count="2" length="1600" max_speed="0" inclination="0,08">
            <Entrypoint id="tr_18"></Entrypoint>
            <Entrypoint id="st_20"></Entrypoint>
        </TrackDef>
        <TrackDef name="pno-vra-1" id="tr_21" entrypoint_count="2" length="1000" max_speed="0" inclination="-0,02">
            <Entrypoint id="st_20"></Entrypoint>
            <Entrypoint id="tr_22"></Entrypoint>
        </TrackDef>
        <TrackDef name="pno-vra-2" id="tr_22" entrypoint_count="2" length="1400" max_speed="0" inclination="0">
            <Entrypoint id="tr_21"></Entrypoint>
            <Entrypoint id="tr_26"></Entrypoint>
        </TrackDef>
        <TrackDef name="pno-trp-1" id="tr_23" entrypoint_count="2" length="1100" max_speed="0" inclination="-0,05">
            <Entrypoint id="st_20"></Entrypoint>
            <Entrypoint id="tr_24"></Entrypoint>
        </TrackDef>
        <TrackDef name="pno-trp-2" id="tr_24" entrypoint_count="2" length="1600" max_speed="0" inclination="-0,1">
            <Entrypoint id="tr_23"></Entrypoint>
            <Entrypoint id="ep_25"></Entrypoint>
        </TrackDef>
        <TrackDef name="pno-vra-3" id="tr_26" entrypoint_count="2" length="1500" max_speed="0" inclination="-0,03">
            <Entrypoint id="tr_22"></Entrypoint>
            <Entrypoint id="st_27"></Entrypoint>
        </TrackDef>
        <TrackDef name="vra-str-1" id="tr_28" entrypoint_count="2" length="1400" max_speed="0" inclination="-0,05">
            <Entrypoint id="st_27"></Entrypoint>
            <Entrypoint id="tr_29"></Entrypoint>
        </TrackDef>
        <TrackDef name="vra-str-2" id="tr_29" entrypoint_count="2" length="1800" max_speed="0" inclination="-0,05">
            <Entrypoint id="tr_28"></Entrypoint>
            <Entrypoint id="st_30"></Entrypoint>
        </TrackDef>
        <TrackDef name="str-mil-1" id="tr_31" entrypoint_count="2" length="1500" max_speed="0" inclination="0,02">
            <Entrypoint id="st_30"></Entrypoint>
            <Entrypoint id="tr_32"></Entrypoint>
        </TrackDef>
        <TrackDef name="str-mil-2" id="tr_32" entrypoint_count="2" length="1400" max_speed="0" inclination="0,05">
            <Entrypoint id="tr_31"></Entrypoint>
            <Entrypoint id="st_33"></Entrypoint>
        </TrackDef>
        <TrackDef name="mil-svo-1" id="tr_34" entrypoint_count="2" length="1500" max_speed="0" inclination="-0,02">
            <Entrypoint id="st_33"></Entrypoint>
            <Entrypoint id="tr_35"></Entrypoint>
        </TrackDef>
        <TrackDef name="mil-svo-2" id="tr_35" entrypoint_count="2" length="1500" max_speed="0" inclination="0,05">
            <Entrypoint id="tr_34"></Entrypoint>
            <Entrypoint id="st_36"></Entrypoint>
        </TrackDef>
        <TrackDef name="svo-bor-1" id="tr_37" entrypoint_count="2" length="1100" max_speed="0" inclination="0,1">
            <Entrypoint id="st_36"></Entrypoint>
            <Entrypoint id="tr_38"></Entrypoint>
        </TrackDef>
        <TrackDef name="svo-bor-2" id="tr_38" entrypoint_count="2" length="1500" max_speed="0" inclination="0,15">
            <Entrypoint id="tr_37"></Entrypoint>
            <Entrypoint id="ep_39"></Entrypoint>
        </TrackDef>
        <EndpointDef name="plj-a" id="ep_1" entrypoint_count="1" direction="PLJ">
            <Entrypoint id="tr_2"></Entrypoint>
        </EndpointDef>
        <EndpointDef name="plj-b" id="ep_4" entrypoint_count="1" direction="PLJ">
            <Entrypoint id="tr_5"></Entrypoint>
        </EndpointDef>
        <EndpointDef name="trp" id="ep_25" entrypoint_count="1" direction="TRP">
            <Entrypoint id="tr_24"></Entrypoint>
        </EndpointDef>
        <EndpointDef name="bor" id="ep_39" entrypoint_count="1" direction="BOR">
            <Entrypoint id="tr_38"></Entrypoint>
        </EndpointDef>
    </RailElements>
    <LineDefinitions>
        <LineDef id="line_650" type="5" max_speed="100" dispatch_days="127" label="TESTTRAIN">
            <TimeTableEntry element="ep_1" is_authoritative="1">
              <Arrival>604801</Arrival>
              <Departure>22680</Departure>
              <MinStay>0</MinStay>
            </TimeTableEntry>
            <TimeTableEntry element="tr_2" is_authoritative="0">
              <Arrival>604801</Arrival>
              <Departure>604801</Departure>
              <MinStay>0</MinStay>
            </TimeTableEntry>
            <TimeTableEntry element="tr_3" is_authoritative="0">
              <Arrival>604801</Arrival>
              <Departure>604801</Departure>
              <MinStay>0</MinStay>
            </TimeTableEntry>
            <TimeTableEntry element="st_7" is_authoritative="1">
              <Arrival>604801</Arrival>
              <Departure>22920</Departure>
              <MinStay>0</MinStay>
            </TimeTableEntry>
            <TimeTableEntry element="tr_8" is_authoritative="0">
              <Arrival>604801</Arrival>
              <Departure>604801</Departure>
              <MinStay>0</MinStay>
            </TimeTableEntry>
            <TimeTableEntry element="tr_9" is_authoritative="0">
              <Arrival>604801</Arrival>
              <Departure>604801</Departure>
              <MinStay>0</MinStay>
            </TimeTableEntry>
            <TimeTableEntry element="st_12" is_authoritative="1">
              <Arrival>604801</Arrival>
              <Departure>23100</Departure>
              <MinStay>0</MinStay>
            </TimeTableEntry>
            <TimeTableEntry element="tr_13" is_authoritative="0">
              <Arrival>604801</Arrival>
              <Departure>604801</Departure>
              <MinStay>0</MinStay>
            </TimeTableEntry>
            <TimeTableEntry element="tr_14" is_authoritative="0">
              <Arrival>604801</Arrival>
              <Departure>604801</Departure>
              <MinStay>0</MinStay>
            </TimeTableEntry>
            <TimeTableEntry element="tr_15" is_authoritative="0">
              <Arrival>604801</Arrival>
              <Departure>604801</Departure>
              <MinStay>0</MinStay>
            </TimeTableEntry>
            <TimeTableEntry element="st_16" is_authoritative="1">
              <Arrival>604801</Arrival>
              <Departure>23400</Departure>
              <MinStay>0</MinStay>
            </TimeTableEntry>
            <TimeTableEntry element="tr_17" is_authoritative="0">
              <Arrival>604801</Arrival>
              <Departure>604801</Departure>
              <MinStay>0</MinStay>
            </TimeTableEntry>
            <TimeTableEntry element="tr_18" is_authoritative="0">
              <Arrival>604801</Arrival>
              <Departure>604801</Departure>
              <MinStay>0</MinStay>
            </TimeTableEntry>
            <TimeTableEntry element="tr_19" is_authoritative="0">
              <Arrival>604801</Arrival>
              <Departure>604801</Departure>
              <MinStay>0</MinStay>
            </TimeTableEntry>
            <TimeTableEntry element="st_20" is_authoritative="1">
              <Arrival>23700</Arrival>
              <Departure>23760</Departure>
              <MinStay>60</MinStay>
            </TimeTableEntry>
            <TimeTableEntry element="tr_21" is_authoritative="0">
              <Arrival>604801</Arrival>
              <Departure>604801</Departure>
              <MinStay>0</MinStay>
            </TimeTableEntry>
            <TimeTableEntry element="tr_22" is_authoritative="0">
              <Arrival>604801</Arrival>
              <Departure>604801</Departure>
              <MinStay>0</MinStay>
            </TimeTableEntry>
            <TimeTableEntry element="tr_26" is_authoritative="0">
              <Arrival>604801</Arrival>
              <Departure>604801</Departure>
              <MinStay>0</MinStay>
            </TimeTableEntry>
            <TimeTableEntry element="st_27" is_authoritative="1">
              <Arrival>604801</Arrival>
              <Departure>604801</Departure>
              <MinStay>24000</MinStay>
            </TimeTableEntry>
            <TimeTableEntry element="tr_28" is_authoritative="0">
              <Arrival>604801</Arrival>
              <Departure>604801</Departure>
              <MinStay>0</MinStay>
            </TimeTableEntry>
            <TimeTableEntry element="tr_29" is_authoritative="0">
              <Arrival>604801</Arrival>
              <Departure>604801</Departure>
              <MinStay>0</MinStay>
            </TimeTableEntry>
            <TimeTableEntry element="st_30" is_authoritative="1">
              <Arrival>24180</Arrival>
              <Departure>24240</Departure>
              <MinStay>0</MinStay>
            </TimeTableEntry>
            <TimeTableEntry element="tr_31" is_authoritative="0">
              <Arrival>604801</Arrival>
              <Departure>604801</Departure>
              <MinStay>0</MinStay>
            </TimeTableEntry>
            <TimeTableEntry element="tr_32" is_authoritative="0">
              <Arrival>604801</Arrival>
              <Departure>604801</Departure>
              <MinStay>0</MinStay>
            </TimeTableEntry>
            <TimeTableEntry element="st_33" is_authoritative="1">
              <Arrival>604801</Arrival>
              <Departure>24480</Departure>
              <MinStay>0</MinStay>
            </TimeTableEntry>
            <TimeTableEntry element="tr_34" is_authoritative="0">
              <Arrival>604801</Arrival>
              <Departure>604801</Departure>
              <MinStay>0</MinStay>
            </TimeTableEntry>
            <TimeTableEntry element="tr_35" is_authoritative="0">
              <Arrival>604801</Arrival>
              <Departure>604801</Departure>
              <MinStay>0</MinStay>
            </TimeTableEntry>
            <TimeTableEntry element="st_36" is_authoritative="1">
              <Arrival>604801</Arrival>
              <Departure>24660</Departure>
              <MinStay>0</MinStay>
            </TimeTableEntry>
            <TimeTableEntry element="tr_37" is_authoritative="0">
              <Arrival>604801</Arrival>
              <Departure>604801</Departure>
              <MinStay>0</MinStay>
            </TimeTableEntry>
            <TimeTableEntry element="tr_38" is_authoritative="0">
              <Arrival>604801</Arrival>
              <Departure>604801</Departure>
              <MinStay>0</MinStay>
            </TimeTableEntry>
            <TimeTableEntry element="ep_39" is_authoritative="1">
              <Arrival>604801</Arrival>
              <Departure>26400</Departure>
              <MinStay>0</MinStay>
            </TimeTableEntry>
        </LineDef>
    </LineDefinitions>
</RailDef>