<?xml version="1.0" encoding="UTF-8"?>
<!DOCTYPE document SYSTEM "data.dtd">
<document>
	<casZpracovani><?php echo date('l jS \of F Y h:i:s A'); ?></casZpracovani>
	<hry>
		<zanr>
		 <adventura genreName="Adventura">
			 <textovka genreName="Textová adventura">
			 </textovka>
			 <grafickaTextovka genreName="Grafická textová adventura">
			 </grafickaTextovka>
			 <pointAndClick genreName="Point and click adventura">
			 </pointAndClick>
			 <triDeAdventura genreName="3D adventura">
				 <triDeAkcniAdventura genreName="3D akční adventura">
				 </triDeAkcniAdventura>
			 </triDeAdventura> 
		 </adventura>
		 <akcni genreName="Akční">
			 <triDeAkcni genreName="3D akční">
			 	<!-- first-person shooter -->
				 <fps genreName="FPS">
				 </fps>
				 <!-- third-person shooter -->
				 <tps genreName="TPS">
					 <titul>
						 <nazevTitulu>Max Payne</nazevTitulu>
						 <vydano>
							 <datum>23.6.</datum>
							 <rok>2001</rok>
						 </vydano>
						 <vyvojarRef id="vyv_1" />
						 <vyvojarRef id="vyv_2" />
						 <vydavatelRef id="vyd_1" />
						 <vydavatelRef id="vyd_2" />
						 <distributorRef id="dis_1" />
						 <distributorRef id="dis_2" />
						 <medium typ="CD" pocet="1" />
						 <herniMody singleplayer="ano" hotseat="ne" lanMultiplayer="ne" netMultiplayer="ne" />
						 <engine>MAX-FX &tm;</engine>
						 <hardwarovePozadavky>
						 	Windows:
							<cpuFreq>450 MHz</cpuFreq> CPU,
							<ram>96 MB</ram> RAM,
							grafická karta s <videoRam>16 MB</videoRam> RAM,
							mechanika <drive>CD-ROM 4X</drive>,
							<software>Windows 95, DirectX 8.0</software>
						 </hardwarovePozadavky>
					 </titul>
					 <titul>
							<nazevTitulu>BloodRayne</nazevTitulu>
							<vydano>
								<rok>2002</rok>
							</vydano>
							<vyvojarRef id="vyv_3"></vyvojarRef>
							<medium />
							<herniMody />
							<engine></engine>
							<hardwarovePozadavky></hardwarovePozadavky>
						</titul>
				 </tps>
				 <survivalHorror genreName="Survival horror">
				 </survivalHorror>
				 <taktickySimulator genreName="Taktický simulátor">
				 </taktickySimulator>
			 </triDeAkcni>
		 </akcni>
		 <arkada genreName="Arkáda">
			 <plosinovka genreName="Plošinovka">
			 </plosinovka>
			 <bojovka genreName="Bojovka">
			 </bojovka>
			 <logicka genreName="Logická arkáda">
			 </logicka>
			 <sportovni genreName="Sportovní arkáda">
			 </sportovni>
			 <zavodni genreName="Závodní arkáda">
			 	<titul>
					<nazevTitulu>Death rally</nazevTitulu>
					<vydano>
						<datum></datum>
						<rok>1996</rok>
					</vydano>
					<vyvojarRef id="vyv_1"></vyvojarRef>
					<medium></medium>
					<herniMody></herniMody>
					<engine></engine>
					<hardwarovePozadavky></hardwarovePozadavky>						
				</titul>
			 </zavodni>
			 <arkanoidLike genreName="Arkanoid-like arkáda">
			 </arkanoidLike>
		 </arkada>
		 <strategie genreName="Strategie">
			 <tahova genreName="Tahová strategie">
			 </tahova>
			 <realtime genreName="Realtime strategie">
			 </realtime>
			 <budovatelska genreName="Budovatelská strategie">
			 </budovatelska>
			 <towerDefense genreName="Tower defense">
			 </towerDefense>
		 </strategie>
		 <simulator genreName="Simulátor">
			 <zivota genreName="Simulátor života">
			 </zivota>
			 <letecky genreName="Letecký simulátor">
			 </letecky>
			 <zavodu genreName="Závodní simulátor">
			 </zavodu>
			 <deskoveHry genreName="Simulátor deskové hry">
			 </deskoveHry>
			 <sport genreName="Sportovní simulátor">
			 </sport>
			 <sportovniManager genreName="Sportovní manager">
			 </sportovniManager>
		 </simulator>
		 <rpg genreName="RPG">
			 <dungeon genreName="Dungeon">
			 </dungeon>
			 <mmorpg genreName="MMORPG">
			 </mmorpg>
		 </rpg>
		</zanr>
	</hry>
	<vyvojari>
		<vyvojar id="vyv_1">
			<nazev>Remedy Entertainment</nazev>		
		</vyvojar>
		<vyvojar id="vyv_2">
			<nazev>3D Realms</nazev>		
		</vyvojar>
		<vyvojar id="vyv_3">
			<nazev>Terminal Reality</nazev>
		</vyvojar>
	</vyvojari>
	<vydavatele>
		<vydavatel id="vyd_1">
			<nazev>Gathering of Developers</nazev>
		</vydavatel>
		<vydavatel id="vyd_2">
			<nazev>Valve Corporation</nazev>
		</vydavatel>
	</vydavatele>
	<distributori>
		<distributor id="dis_1">
			<nazev>Take 2</nazev>
		</distributor>
		<distributor id="dis_2">
			<nazev>Cenega</nazev>
		</distributor>
	</distributori>
	<komentar><![CDATA[< >]]>Stav dokumentu je: &stav;.<![CDATA[< >]]></komentar>
	<komentar><![CDATA[
			Do <vyvojar>, <vydavatel> a <distributor> je třeba přidat nějaká další data – samozřejmě po příšlušných úpravách DTD.
	]]></komentar>
</document>
