<?xml version="1.0" encoding="UTF-8"?> <!--prolog-->
<!DOCTYPE recepty SYSTEM "data.dtd">

<recepty>
	<recept autor="U1" kategorie="desert" hodnoceni="1"> 
		<titulek>bananova zmrzlina</titulek>
		<doba-pripravy doba="1 hodina" />
		<suroviny>
			<surovina>
				<nazev>banan</nazev>
				<mnozstvi>2ks</mnozstvi>
				<puvod>
					<stat>Ekvádor</stat>
					<mesto>Tena</mesto>
				</puvod>
			</surovina>
			<surovina>
				<nazev>smetana</nazev>
				<mnozstvi>200ml</mnozstvi>
			</surovina>
		</suroviny>
		<popis>
			<![CDATA[
				Neprve udelane to a to a potom to a to. Muzu pouzit >= 2 banany & cukr. 	
			]]>
			A máme <tucne>hotovo</tucne>
		</popis>
		<obtiznost>Tento recept je $tag;</obtiznost>
	</recept>
	
	<uzivatel uid="U1">
		<jmeno>michal</jmeno>
		<prijmeni>rezabek</prijmeni>
		<email>mail@mail.com</email>
		<pozdrav><?php echo "ahoj"; ?></pozdrav>
	</uzivatel>
</recepty>