<?xml version="1.0" encoding="UTF-8"?>

<!-- Číselné hodnocení alb. -->

<hodnoceni>
	<album skupina="The Gathering" jmeno="Always..." hodnoceni="6.9"/>
	<album skupina="The Gathering" jmeno="Almost A Dance" hodnoceni="7.1"/>
	<album skupina="The Gathering" jmeno="Mandylion" hodnoceni="9.5"/>
	<album skupina="The Gathering" jmeno="Nighttime Birds" hodnoceni="8.8"/>
	<album skupina="The Gathering" jmeno="How To Measure A Planet?" hodnoceni="9.1"/>
	<album skupina="The Gathering" jmeno="Superheat" hodnoceni="8.9"/>
	<album skupina="The Gathering" jmeno="If Then Else" hodnoceni="9.4"/>
	<album skupina="The Gathering" jmeno="Souvenirs" hodnoceni="9.3"/>
	<album skupina="The Gathering" jmeno="Sleepy Buildings - A Semi Acoustic Evening"  hodnoceni="8.6"/>
	<album skupina="The Gathering" jmeno="Home" hodnoceni="9.2"/>
	<album skupina="The Gathering" jmeno="A Noise Severe" hodnoceni="8.4"/>
	<album skupina="The Gathering" jmeno="The West Pole" hodnoceni="8.1"/>
	<album skupina="Agua de Annique" jmeno="Air"  hodnoceni="7.6"/>
	<album skupina="Agua de Annique" jmeno="Pure Air" hodnoceni="6.8"/>
	<album skupina="Agua de Annique" jmeno="In Your Room" hodnoceni="7.2"/>
</hodnoceni>
