<?xml version="1.0" encoding="UTF-8"?>
<?php header('Content-type: application/xml');  ?>
<!DOCTYPE hudba SYSTEM "data.dtd">
<hudba>
  <muzikanti>
    <!-- profily muzikantů -->
    <profil pid="p1">
      <jmeno>Anneke Van Giersbergen</jmeno> se narodila <narozeni>8. 3. 1973</narozeni> v Nizozemsku.
      Dříve byla zpěvačkou v Nizozemské skupině <sref>The Gathering</sref>, nyní se věnuje sólovému projektu nazvaném <sref>Agua de Annique</sref>. 
      Spolupracovala také s kapelami jako <sref>Lawn</sref>, <sref>Farmer Boys</sref>, <sref>Ayreon</sref>, <sref>Napalm Death</sref> a <sref>Moonspell</sref>.
      Zpěvu se věnuje od dětství.
    </profil>
    <profil pid="p2">
    <jmeno>Hans Rutten</jmeno>, narozen <narozeni>3. 6. 1969</narozeni> v Nijmegenu je Nizozemský bubeník.
    Spolu se svým bratrem založil v roce 1989 kapelu <sref>The Gathering</sref>.
    </profil>
    <profil pid="p3">
    <jmeno>Frank Boeijen</jmeno>, který se narodil <narozeni>4. 12. 1973</narozeni> v Berghemu je klávesistou skupiny <sref>The Gathering</sref>.
    Od roku 2005 se věnuje také svému vedlejšímu projektu <sref>Grimm Limbo</sref>.
    </profil>
  </muzikanti>
  <skupiny>
    <!-- informace o skupinách -->
    <skupina nazev="The Gathering">
      <clenove status="soucasni">
        <clen jmeno="Hans Rutten" pref="p2" od="1989" role="bubeník"/>
        <clen jmeno="Frank Boeijen" pref="p3" od="1989" role="klávesista"/>
        <clen jmeno="René Rutten" od="1989" role="kytarista"/>
        <clen jmeno="Marjolein Kooijman" od="2004" role="basák"/>
        <clen jmeno="Silje Wergeland" od="2009" role="zpěvačka"/>
      </clenove>
      <clenove status="byvali">
        <clen jmeno="Bart Smits" od="1989" do="1992" role="zpěvák"/>
        <clen jmeno="Jelmer Wiersma" od="1989" do="1997" role="kytarista"/>
        <clen jmeno="Hugo Prinsen Geerligs" od="1989" do="2004" role="basák"/>
        <clen jmeno="Niels Duffhues" od="1992" do="1992" role="zpěvák"/>
        <clen jmeno="Marike Groot" od="1992" do="1992" role="zpěvačka"/>
        <clen jmeno="Martine van Loon" od="1992" do="1993" role="zpěvačka"/>
        <clen jmeno="Anneke van Giersbergen" pref="p1" od="1994" do="2007" role="zpěvačka"/>
      </clenove>
      <diskografie>
        <album nazev="Always..." vydano="1992">
          <skladba>The Mirror Waters</skladba>
          <skladba>Subzero</skladba>
          <skladba>In Sickness And Health</skladba>
          <skladba>King For A Day</skladba>
          <skladba>Second Sunrise</skladba>
          <skladba>Stonegarden</skladba>
          <skladba>Always...</skladba>
          <skladba>Gaya's Dream</skladba>
        </album>
        <album nazev="Almost A Dance" vydano="1993">
          <skladba>On A Wave</skladba>
          <skladba>The Blue Vessel</skladba>
          <skladba>Her Last Flight</skladba>
          <skladba>The Sky People</skladba>
          <skladba>Nobody Dares</skladba>
          <skladba>Like Fountains</skladba>
          <skladba>Proof</skladba>
          <skladba>Heartbeat Amplifier</skladba>
          <skladba>A Passage To Desire</skladba>
        </album>
        <album nazev="Mandylion" vydano="1995">
          <skladba>Strange Machines</skladba>
          <skladba>Eléanor</skladba>
          <skladba>In Motion # 1</skladba>
          <skladba>Leaves</skladba>
          <skladba>Fear The Sea</skladba>
          <skladba>Mandylion</skladba>
          <skladba>Sand And Mercury</skladba>
          <skladba>In Motion # 2</skladba>
        </album>
        <album nazev="Nighttime Birds" vydano="1997">
          <skladba>On Most Surfaces (Inuït)</skladba>
          <skladba>Confusion</skladba>
          <skladba>The May Song</skladba>
          <skladba>The Earth Is My Witness</skladba>
          <skladba>New Moon, Different Day</skladba>
          <skladba>Third Chance</skladba>
          <skladba>Kevin's Telescope</skladba>
          <skladba>Nighttime Birds</skladba>
          <skladba>Shrink</skladba>
        </album>
        <album nazev="How To Measure A Planet?" vydano="1998">
          <disk>
            <skladba>Frail</skladba>
            <skladba>Great Ocean Road</skladba>
            <skladba>Rescue Me</skladba>
            <skladba>My Electricity</skladba>
            <skladba>Liberty Bell</skladba>
            <skladba>Red Is A Slow Color</skladba>
            <skladba>The Big Sleep</skladba>
            <skladba>Marooned</skladba>
            <skladba>Travel</skladba>
          </disk>
          <disk>
            <skladba>South American Ghost Ride</skladba>
            <skladba>Illuminating</skladba>
            <skladba>Locked Away</skladba>
            <skladba>Probably Built In The Fifties</skladba>
            <skladba>How To Measure A Planet?</skladba>
          </disk>
        </album>
        <album nazev="Superheat" typ="zive" vydano="2000">
          <skladba>The Big Sleep</skladba>
          <skladba>On Most Surfaces (Inuït)</skladba>
          <skladba>Probably Built In The Fifties</skladba>
          <skladba>Liberty Bell</skladba>
          <skladba>Marooned</skladba>
          <skladba>Rescue Me</skladba>
          <skladba>Strange Machines</skladba>
          <skladba>Nighttime Birds</skladba>
          <skladba>My Electricity</skladba>
          <skladba><![CDATA[Sand & Mercury]]></skladba>
          <skladba>Eléanor (Video)</skladba>
        </album>
        <album nazev="If Then Else" vydano="2000">
          <skladba>Rollercoaster</skladba>
          <skladba>Shot To Pieces</skladba>
          <skladba>Amity</skladba>
          <skladba>Bad Movie Scene</skladba>
          <skladba>Colorado Incident</skladba>
          <skladba>Beautiful War</skladba>
          <skladba>Analog Park</skladba>
          <skladba>Herbal Movement</skladba>
          <skladba>Saturnine</skladba>
          <skladba>Morphia's Waltz</skladba>
          <skladba>Pathfinder</skladba>
        </album>
        <album nazev="Souvenirs" vydano="2003">
          <skladba>These Good People</skladba>
          <skladba>Even The Spirits Are Afraid</skladba>
          <skladba>Broken Glass</skladba>
          <skladba>You Learn About It</skladba>
          <skladba>Souvenirs</skladba>
          <skladba>We Just Stopped Breathing</skladba>
          <skladba>Monsters</skladba>
          <skladba>Golden Grounds</skladba>
          <skladba>Jelena</skladba>
          <skladba>A Life All Mine</skladba>
        </album>
        <album nazev="Sleepy Buildings - A Semi Acoustic Evening" typ="zive" vydano="2004">
          <skladba>Locked Away</skladba>
          <skladba>Saturnine</skladba>
          <skladba>Amity</skladba>
          <skladba>The Mirror Waters (v2003)</skladba>
          <skladba>Red Is A Slow Colour</skladba>
          <skladba>Sleepy Buildings</skladba>
          <skladba>Travel</skladba>
          <skladba>Shrink</skladba>
          <skladba>In Motion # 2</skladba>
          <skladba>Stonegarden (v2003)</skladba>
          <skladba>My Electricity</skladba>
          <skladba>Eléanor</skladba>
          <skladba>Marooned</skladba>
          <skladba>Like Fountains (v2003)</skladba>
        </album>
        <album nazev="Home" vydano="2006">
          <skladba>Shortest Day</skladba>
          <skladba>In Between</skladba>
          <skladba>Alone</skladba>
          <skladba>Waking Hour</skladba>
          <skladba>Fatigue</skladba>
          <skladba>A Noise Severe</skladba>
          <skladba>Forgotten</skladba>
          <skladba>Solace</skladba>
          <skladba>Your Troubles Are Over</skladba>
          <skladba>Box</skladba>
          <skladba>The Quiet One</skladba>
          <skladba>Home</skladba>
          <skladba>Forgotten Reprise</skladba>
        </album>
        <album nazev="A Noise Severe" typ="zive" vydano="2007">
          <disk>
            <skladba>Shortest Day</skladba>
            <skladba>In Between</skladba>
            <skladba>Liberty Bell</skladba>
            <skladba>Probably Built In The Fifties</skladba>
            <skladba>Even The Spirits Are Afraid</skladba>
            <skladba>Saturnine</skladba>
            <skladba>Monsters</skladba>
            <skladba>Alone</skladba>
            <skladba>A Noise Severe</skladba>
            <skladba>Leaves</skladba>
            <skladba>Eléanor</skladba>
            <skladba>In Motion #I</skladba>
          </disk>
          <disk>
            <skladba>Waking Hour</skladba>
            <skladba>On Most Surfaces</skladba>
            <skladba>Strange Machines</skladba>
            <skladba>Adrenaline</skladba>
            <skladba>Third Chance</skladba>
            <skladba>Black Light District</skladba>
            <skladba>Travel</skladba>
          </disk>
        </album>
        <album nazev="The West Pole" vydano="2009">
          <skladba>When Trust Becomes Sound</skladba>
          <skladba>Treasure</skladba>
          <skladba>All You Are</skladba>
          <skladba>The West Pole</skladba>
          <skladba>No Bird Call</skladba>
          <skladba>Capital Of Nowhere</skladba>
          <skladba>You Promised Me A Symphony</skladba>
          <skladba>Pale Traces</skladba>
          <skladba>No One Spoke</skladba>
          <skladba>A Constant Run</skladba>
        </album>
      </diskografie>
    </skupina>
    <skupina nazev="Agua de Annique">
      <clenove status="soucasni">
        <clen jmeno="Anneke van Giersbergen" pref="p1" role="zpěvačka, pianistka"/>
        <clen jmeno="Joris Dirks" role="kytarista, zpěvák"/>
        <clen jmeno="Jacques de Haard" role="basák"/>
        <clen jmeno="Rob Snijders" role="bubeník"/>
      </clenove>
      <diskografie>
        <album nazev="Air" vydano="2007">
          <skladba>Beautiful One</skladba>
          <skladba>Witnesses</skladba>
          <skladba>Yalin</skladba>
          <skladba>Day After Yesterday</skladba>
          <skladba>My Girl</skladba>
          <skladba>Take Care of Me</skladba>
          <skladba>Ice Water</skladba>
          <skladba>You Are Nice!</skladba>
          <skladba>Trail of Grief</skladba>
          <skladba>Come Wander With Me" (Jeff Alexander)</skladba>
          <skladba>Sunken Soldiers Ball" (Kristin Fjelltseth)</skladba>
          <skladba>Lost And Found"</skladba>
          <skladba>Asleep</skladba>
        </album>
        <album nazev="Pure Air" vydano="2009">
          <skladba>The Blower's Daughter</skladba>
          <skladba>Beautiful One</skladba>
          <skladba puvodne="Frank Boeijen">Wild Flowers</skladba>
          <skladba>Day after Yesterday</skladba>
          <skladba puvodne="Jeff Alexandre">Come Wander With Me</skladba>
          <skladba puvodne="Ayreon">Valley of the Queens</skladba>
          <skladba puvodne="John Wetton &amp; Geoff Downes">To Catch a Thief</skladba>
          <skladba puvodne="Alanis Morissette">Ironic</skladba>
          <skladba puvodne="Silkstone">What's the reason?</skladba>
          <skladba>Yalin</skladba>
          <skladba puvodne="Within Temptation">Somewhere</skladba>
          <skladba>Witnesses</skladba>
          <skladba puvodne="Frankie Goes to Hollywood">The Power of Love</skladba>
        </album>
        <album nazev="In Your Room" vydano="2009">
          <skladba>Pearly</skladba>
          <skladba>Hey Okay!</skladba>
          <skladba>I Want</skladba>
          <skladba>Wonder</skladba>
          <skladba>The World</skladba>
          <skladba>Sunny Side Up</skladba>
          <skladba>Physical</skladba>
          <skladba>Home Again</skladba>
          <skladba>Wide Open</skladba>
          <skladba>Longest Day</skladba>
          <skladba>Just Fine</skladba>
          <skladba>Adore</skladba>
        </album>
      </diskografie>
    </skupina>
    <skupina nazev="Dream Theater">
     	<clenove status="soucasni"> 
     		<clen jmeno="John Myung" role="basák"/>
     		<clen jmeno="John Petrucci" role="kytarista"/>   
     		<clen jmeno="James LaBrie" role="zpěvák"/>   
     		<clen jmeno="Jordan Rudess" role="klávesista"/>   
     	</clenove>
     	<clenove status="byvali">
     		<clen jmeno="Chris Collins" role="zpěvák"/>   
     		<clen jmeno="Kevin Moore" role="klávesista"/>   
     		<clen jmeno="Mike Portnoy" role="bubeník"/>        
     		<clen jmeno="Charlie Dominici" role="zpěvák"/>   
     		<clen jmeno="Derek Sherinian" role="klávesista"/>   	
     	</clenove>
     	<diskografie></diskografie>
    </skupina>
    <skupina nazev="Transatlantic">
     	<clenove status="soucasni"> 
     		<clen jmeno="Mike Portnoy" role="bubeník"/>
     		<clen jmeno="Pete Trewavas" role="basák"/>   
     		<clen jmeno="Roine Stolt" role="kytarista"/>   
     		<clen jmeno="Neal Morse" role="klávesista, kytarista, zpěvák"/>   
     	</clenove>
     	<diskografie></diskografie>
    </skupina>
    <skupina nazev="Marillion">
     	<clenove status="soucasni"> 
     		<clen jmeno="Steve Rothery" role="kytarista"/>
     		<clen jmeno="Mark Kelly" role="klávesista"/>   
     		<clen jmeno="Pete Trewavas" role="basák"/>   
     		<clen jmeno="Ian Mosley" role="bubeník"/>
     		<clen jmeno="Steve Hogarth" role="zpěvák, klávesista, kytarista"/>    
     	</clenove>
     	<clenove status="byvali">
     		<clen jmeno="Doug Irvine" role="basák"/>   
     		<clen jmeno="Brian Jelliman" role="klávesista"/>   
     		<clen jmeno="Mick Pointer" role="bubeník"/> 
     		<clen jmeno="Fish" role="zpěvák"/>   
     		<clen jmeno="Diz Minitt" role="basák"/>          	
     	</clenove>
     	<diskografie></diskografie>
    </skupina>
  </skupiny>
</hudba>
