<?xml version="1.0" encoding="utf-8"?>
<root xmlns:xsi="http://www.w3.org/2001/XMLSchema-instance" xsi:noNamespaceSchemaLocation="data.xsd">
    <welcomer>
        <hello>Hello</hello>
        <world>World</world>
    </welcomer>
    <stutterer>I'm sorry, but I s</stutterer>
    <stutterer>s</stutterer>
    <stutterer>s</stutterer>
    <stutterer>stutter a little bit.</stutterer>
    <created x_or_y="y">2002-05-30T09:00:00</created>
    <alfa>beta</alfa>
    <author z="blah" />
    <is>
        <i key="1">v1</i>
        <i key="2">v2</i>
        <i key="3">v3</i>
        <i key="4">v4</i>
        <i key="5">v5</i>
    </is>
</root>