<?xml version="1.0" encoding="UTF-8"?>
<!DOCTYPE pekarna SYSTEM "data.dtd">
<pekarna>
	<!-- nejprve informace o majiteli -->
	<vlastnik>
		<jmeno><![CDATA[ document.writeln("Anicka Vomackova"); ]]></jmeno>
		<telefon>
			<?php echo "00420 123 456 789" ?>
		</telefon>
	</vlastnik>
	<!-- nabizeny sortiment - pecivo ma vzdy nejaky druh, ale muze se lisit v pouzitych surovinach -->
	<sortiment>
		<vyrobek druh="kobliha" hmotnost="100" cena="10">
			<nazev>Ovocna kobliha</nazev>
			<suroviny napln="jahodova marmelada" mouka="60g"/>
		</vyrobek>
		<vyrobek druh="kobliha" hmotnost="120" cena="15">
			<nazev>Cokoladova kobliha</nazev>
			<suroviny napln="cokoladova" mouka="60g"/>
		</vyrobek>
		<vyrobek druh="rohlik" hmotnost="60" cena="1">
			<nazev>Rohlik tukovy</nazev>
			<suroviny druhmouky="hladka" mouka="40g"/>
		</vyrobek>
		<vyrobek druh="rohlik" hmotnost="100" cena="5">
			<nazev>Celozrnny rohlik</nazev>
			<suroviny druhmouky="celozrnna" mouka="60g"/>
		</vyrobek>
		<vyrobek druh="rohlik" hmotnost="60" cena="10">
			<nazev>Makovy rohlik</nazev>
			<suroviny druhmouky="hladka" mouka="50g"/>
		</vyrobek>
		<vyrobek druh="rohlik" hmotnost="60" cena="5">
			<nazev>Slany rohlik</nazev>
			<suroviny druhmouky="hladka" mouka="40g"/>
		</vyrobek>
		<vyrobek druh="chleba" hmotnost="1000" cena="30">
			<nazev>Chleb Sumava</nazev>
			<suroviny druhmouky="hruba" mouka="700g"/>
		</vyrobek>
		<vyrobek druh="chleba" hmotnost="800" cena="35">
			<nazev>Kovarky chleb</nazev>
			<suroviny druhmouky="polohruba" mouka="500g"/>
		</vyrobek>
		<vyrobek druh="chleba" hmotnost="500" cena="30">
			<nazev>Slunecnicovy chleb</nazev>
			<suroviny druhmouky="hruba" mouka="300g"/>
		</vyrobek>
		<vyrobek druh="vanocka" hmotnost="500" cena="40">
			<nazev>Vanocka</nazev>
			<suroviny druhmouky="hladka" mouka="300g"/>
		</vyrobek>
	</sortiment>
	<!--odberatele nasi pekarny-->
	<odberatele>
		<odberatel ico="421342432" dic="4263535">
			<spolecnost>Pecivo na rohu</spolecnost>
			<adresa>
				<ulice>Hlavni</ulice>
				<cp>123</cp>
				<mesto vzdalenost="0" dobaJizdy="0">Praha</mesto>
				<psc>123 45</psc>
				<stat>Ceska republika</stat>
			</adresa>
			<email>info@pecivonarohu.cz</email>

			<odberatel ico="421342432" dic="4263535">
				<spolecnost>Pecivo na rohu - prodejna 2</spolecnost>
				<adresa>
					<ulice>Vedlejsi</ulice>
					<cp>123</cp>
					<mesto vzdalenost="0" dobaJizdy="0">Praha</mesto>
					<psc>123 45</psc>
					<stat>Ceska republika</stat>
				</adresa>
				<email>info@pecivonarohu.cz</email>
				
					<odberatel ico="421342432" dic="4263535">
						<spolecnost>Pecivo na rohu - prodejna 2.1</spolecnost>
						<adresa>
							<ulice>Jeste vic vedlejsi</ulice>
							<cp>123</cp>
							<mesto vzdalenost="0" dobaJizdy="0">Praha</mesto>
							<psc>123 45</psc>
							<stat>Ceska republika</stat>
						</adresa>
						<email>info@pecivonarohu.cz</email>
					</odberatel>
				
			</odberatel>
			
		</odberatel>
		<odberatel ico="241235613">
			<spolecnost>Pecivo na rohu - Prodejna 2</spolecnost>
			<adresa>
				<ulice>Vedlejsi</ulice>
				<cp>123</cp>
				<mesto vzdalenost="0" dobaJizdy="0">Praha</mesto>
				<psc>123 45</psc>
				<stat>Ceska republika</stat>
			</adresa>
		</odberatel>
		<odberatel ico="4237453" dic="64342317254">
			<spolecnost>Hociktere pecivo</spolecnost>
			<adresa>
				<ulice>Vedlejsi</ulice>
				<cp>321</cp>
				<mesto vzdalenost="800">Kosice</mesto>
				<psc>54 321</psc>
				<stat>Slovenska republika</stat>
			</adresa>
		</odberatel>
		<odberatel ico="423532" dic="128565123">
			<spolecnost>Varmuzova pekarna</spolecnost>
			<adresa>
				<ulice>Dlouha</ulice>
				<cp>222</cp>
				<mesto vzdalenost="200" dobaJizdy="2.5">Brno</mesto>
				<psc>321 45</psc>
				<stat>Ceska republika</stat>
			</adresa>
			<email>varmuzova@pekarna.info</email>
		</odberatel>
	</odberatele>
</pekarna>
