<?xml version="1.0" encoding="UTF-8" standalone="no"?>
<units>
	<military_units>
		<military_unit id="mu1">
			<name>Legionář - puška</name>
			<image/>
			<unit_type type="troop"/>
			<faction faction="Říše_Alexis"/>
			<price>
				<relekit>5</relekit>
				<recruits>1</recruits>
			</price>
			<requirements>
				<weapons_industry level="1">125</weapons_industry>
				<machinery_industry level="0">0</machinery_industry>
				<electronics_industry level="0">0</electronics_industry>
			</requirements>
			<crew>1</crew>
			<upkeep>2</upkeep>
			<cargo>
				<cargo_bullet>120</cargo_bullet>
				<cargo_grenade>3</cargo_grenade>
			</cargo>
			<battle_stats>
				<health>1</health>
				<movement>
					<speed>1</speed>
				</movement>
				<armor>
					<armor_type type="homogenic"/>
					<armor_value>2</armor_value>
				</armor>
				<arment>
					<unit_equipment id="me1">
						<equipment_quantity>1</equipment_quantity>
					</unit_equipment>
					<unit_equipment id="me2">
						<equipment_quantity>1</equipment_quantity>
					</unit_equipment>
				</arment>
			</battle_stats>
			<description>
				<b>Legionáři</b> jsou základní vojenskou jednotkou Říše, ale i přes to patří k těm nejlepším, co vyšli z vojenské akademie.
			</description>
		</military_unit>
		<military_unit id="mu2">
			<name>Legionář - raketomet</name>
			<image/>
			<unit_type type="troop"/>
			<faction faction="Říše_Alexis"/>
			<price>
				<relekit>5</relekit>
				<deralit>1</deralit>
				<recruits>1</recruits>
			</price>
			<requirements>
				<weapons_industry level="2">125</weapons_industry>
				<machinery_industry level="1">5</machinery_industry>
				<electronics_industry level="0">0</electronics_industry>
			</requirements>
			<crew>1</crew>
			<upkeep>3</upkeep>
			<cargo>
				<cargo_bullet>24</cargo_bullet>
				<cargo_missile>6</cargo_missile>
			</cargo>
			<battle_stats>
				<health>1</health>
				<movement>
					<speed>1</speed>
				</movement>
				<armor>
					<armor_type type="homogenic"/>
					<armor_value>3</armor_value>
				</armor>
				<arment>
					<unit_equipment id="me3">
						<equipment_quantity>1</equipment_quantity>
					</unit_equipment>
					<unit_equipment id="me4">
						<equipment_quantity>1</equipment_quantity>
					</unit_equipment>
				</arment>
			</battle_stats>
			<description/>
		</military_unit>
		<military_unit id="mu3">
			<name>Centurion</name>
			<image/>
			<unit_type type="troop"/>
			<faction faction="Říše_Alexis"/>
			<price>
				<relekit>7</relekit>
				<deralit>2</deralit>
				<recruits>1</recruits>
			</price>
			<requirements>
				<weapons_industry level="3">175</weapons_industry>
				<machinery_industry level="2">10</machinery_industry>
				<electronics_industry level="0">0</electronics_industry>
			</requirements>
			<crew>1</crew>
			<upkeep>5</upkeep>
			<cargo>
				<cargo_bullet>240</cargo_bullet>
				<cargo_grenade>3</cargo_grenade>
			</cargo>
			<battle_stats>
				<health>2</health>
				<movement>
					<speed>1</speed>
				</movement>
				<armor>
					<armor_type type="composite"/>
					<armor_value>4</armor_value>
				</armor>
				<arment>
					<unit_equipment id="me5">
						<equipment_quantity>1</equipment_quantity>
					</unit_equipment>
					<unit_equipment id="me2">
						<equipment_quantity>1</equipment_quantity>
					</unit_equipment>
				</arment>
			</battle_stats>
			<description/>
		</military_unit>
		<military_unit id="mu4">
			<name>Pretorián</name>
			<image/>
			<unit_type type="troop"/>
			<faction faction="Říše_Alexis"/>
			<price>
				<relekit>5</relekit>
				<deralit>5</deralit>
				<arixon>1</arixon>
				<recruits>1</recruits>
			</price>
			<requirements>
				<weapons_industry level="4">125</weapons_industry>
				<machinery_industry level="3">25</machinery_industry>
				<electronics_industry level="4">50</electronics_industry>
			</requirements>
			<crew>1</crew>
			<upkeep>8</upkeep>
			<cargo>
				<cargo_grenade>6</cargo_grenade>
				<cargo_plasma>30</cargo_plasma>
			</cargo>
			<battle_stats>
				<health>3</health>
				<movement>
					<speed>2</speed>
				</movement>
				<armor>
					<armor_type type="composite"/>
					<armor_value>5</armor_value>
				</armor>
				<shield>
					<shield_type type="deflector"/>
					<shield_value>15</shield_value>
				</shield>
				<arment>
					<unit_equipment id="me6">
						<equipment_quantity>1</equipment_quantity>
					</unit_equipment>
					<unit_equipment id="me7">
						<equipment_quantity>1</equipment_quantity>
					</unit_equipment>
				</arment>
			</battle_stats>
			<description/>
		</military_unit>
		<military_unit id="mu5">
			<name>Vznášedlo Ignis</name>
			<image/>
			<unit_type type="car"/>
			<faction faction="Říše_Alexis"/>
			<price>
				<relekit>50</relekit>
				<deralit>225</deralit>
				<recruits>2</recruits>
			</price>
			<requirements>
				<weapons_industry level="3">1 250</weapons_industry>
				<machinery_industry level="3">1 125</machinery_industry>
				<electronics_industry level="0">0</electronics_industry>
			</requirements>
			<crew>2</crew>
			<upkeep>65</upkeep>
			<cargo>
				<cargo_bullet>600</cargo_bullet>
			</cargo>
			<battle_stats>
				<health>35</health>
				<movement>
					<speed>5</speed>
				</movement>
				<armor>
					<armor_type type="composite"/>
					<armor_value>9</armor_value>
				</armor>
				<arment>
					<unit_equipment id="me8">
						<equipment_quantity>1</equipment_quantity>
					</unit_equipment>
				</arment>
			</battle_stats>
			<description/>
		</military_unit>
		<military_unit id="mu6">
			<name>Modifikované vznášedlo Luceo</name>
			<image/>
			<unit_type type="car"/>
			<faction faction="Říše_Alexis"/>
			<price>
				<relekit>50</relekit>
				<deralit>285</deralit>
				<arixon>5</arixon>
				<recruits>3</recruits>
			</price>
			<requirements>
				<weapons_industry level="4">1 250</weapons_industry>
				<machinery_industry level="5">1 425</machinery_industry>
				<electronics_industry level="4">250</electronics_industry>
			</requirements>
			<crew>3</crew>
			<upkeep>70</upkeep>
			<cargo>
				<cargo_bullet>600</cargo_bullet>
				<cargo_missile>12</cargo_missile>
			</cargo>
			<battle_stats>
				<health>60</health>
				<movement>
					<speed>6</speed>
				</movement>
				<armor>
					<armor_type type="composite"/>
					<armor_value>12</armor_value>
				</armor>
				<shield>
					<shield_type type="deflector"/>
					<shield_value>45</shield_value>
				</shield>
				<arment>
					<unit_equipment id="me8">
						<equipment_quantity>1</equipment_quantity>
					</unit_equipment>
					<unit_equipment id="me9">
						<equipment_quantity>1</equipment_quantity>
					</unit_equipment>
				</arment>
			</battle_stats>
			<description/>
		</military_unit>
		<military_unit id="mu7">
			<name>Modifikované vznášedlo Candor</name>
			<image/>
			<unit_type type="car"/>
			<faction faction="Říše_Alexis"/>
			<price>
				<relekit>55</relekit>
				<deralit>350</deralit>
				<arixon>15</arixon>
				<recruits>4</recruits>
			</price>
			<requirements>
				<weapons_industry level="5">1 375</weapons_industry>
				<machinery_industry level="6">1 750</machinery_industry>
				<electronics_industry level="5">750</electronics_industry>
			</requirements>
			<crew>4</crew>
			<upkeep>80</upkeep>
			<cargo>
				<cargo_bullet>300</cargo_bullet>
				<cargo_grenade>30</cargo_grenade>
				<cargo_missile>12</cargo_missile>
			</cargo>
			<battle_stats>
				<health>75</health>
				<movement>
					<speed>6</speed>
				</movement>
				<armor>
					<armor_type type="reactive"/>
					<armor_value>16</armor_value>
				</armor>
				<shield>
					<shield_type type="deflector"/>
					<shield_value>125</shield_value>
				</shield>
				<arment>
					<unit_equipment id="me10">
						<equipment_quantity>1</equipment_quantity>
					</unit_equipment>
					<unit_equipment id="me11">
						<equipment_quantity>1</equipment_quantity>
					</unit_equipment>
					<unit_equipment id="me9">
						<equipment_quantity>2</equipment_quantity>
					</unit_equipment>
				</arment>
			</battle_stats>
			<description/>
		</military_unit>
		<military_unit id="mu8">
			<name>Modifikované vznášedlo Flamma</name>
			<image/>
			<unit_type type="car"/>
			<faction faction="Říše_Alexis"/>
			<price>
				<relekit>60</relekit>
				<deralit>275</deralit>
				<arixon>45</arixon>
				<recruits>3</recruits>
			</price>
			<requirements>
				<weapons_industry level="6">1 500</weapons_industry>
				<machinery_industry level="6">1 375</machinery_industry>
				<electronics_industry level="6">2 250</electronics_industry>
			</requirements>
			<crew>3</crew>
			<upkeep>95</upkeep>
			<cargo>
				<cargo_missile>24</cargo_missile>
				<cargo_plasma>450</cargo_plasma>
			</cargo>
			<battle_stats>
				<health>90</health>
				<movement>
					<speed>5</speed>
				</movement>
				<armor>
					<armor_type type="electromagnetic"/>
					<armor_value>21</armor_value>
				</armor>
				<shield>
					<shield_type type="deflector"/>
					<shield_value>250</shield_value>
				</shield>
				<arment>
					<unit_equipment id="me12">
						<equipment_quantity>2</equipment_quantity>
					</unit_equipment>
					<unit_equipment id="me13">
						<equipment_quantity>2</equipment_quantity>
					</unit_equipment>
				</arment>
			</battle_stats>
			<description/>
		</military_unit>
		<military_unit id="mu9">
			<name>Stíhačka Aegis</name>
			<image/>
			<unit_type type="fighter"/>
			<faction faction="Říše_Alexis"/>
			<price>
				<relekit>25</relekit>
				<deralit>485</deralit>
				<arixon>5</arixon>
				<recruits>1</recruits>
			</price>
			<requirements>
				<weapons_industry level="3">625</weapons_industry>
				<machinery_industry level="4">2 425</machinery_industry>
				<electronics_industry level="4">250</electronics_industry>
			</requirements>
			<crew>1</crew>
			<upkeep>280</upkeep>
			<cargo>
				<cargo_bullet>360</cargo_bullet>
				<cargo_grenade>36</cargo_grenade>
				<cargo_missile>6</cargo_missile>
			</cargo>
			<battle_stats>
				<health>45</health>
				<movement>
					<speed>7</speed>
				</movement>
				<armor>
					<armor_type type="composite"/>
					<armor_value>15</armor_value>
				</armor>
				<shield>
					<shield_type type="deflector"/>
					<shield_value>375</shield_value>
				</shield>
				<arment>
					<unit_equipment id="me14">
						<equipment_quantity>3</equipment_quantity>
					</unit_equipment>
					<unit_equipment id="me15">
						<equipment_quantity>3</equipment_quantity>
					</unit_equipment>
					<unit_equipment id="me16">
						<equipment_quantity>3</equipment_quantity>
					</unit_equipment>
				</arment>
			</battle_stats>
			<description/>
		</military_unit>
		<military_unit id="mu10">
			<name>Modifikovaná stíhačka Fylaxis</name>
			<image/>
			<unit_type type="fighter"/>
			<faction faction="Říše_Alexis"/>
			<price>
				<relekit>25</relekit>
				<deralit>525</deralit>
				<arixon>50</arixon>
				<recruits>2</recruits>
			</price>
			<requirements>
				<weapons_industry level="4">625</weapons_industry>
				<machinery_industry level="5">2 625</machinery_industry>
				<electronics_industry level="5">2 500</electronics_industry>
			</requirements>
			<crew>2</crew>
			<upkeep>310</upkeep>
			<cargo>
				<cargo_missile>36</cargo_missile>
				<cargo_plasma>450</cargo_plasma>
			</cargo>
			<battle_stats>
				<health>70</health>
				<movement>
					<speed>6</speed>
				</movement>
				<armor>
					<armor_type type="electromagnetic"/>
					<armor_value>21</armor_value>
				</armor>
				<shield>
					<shield_type type="deflector"/>
					<shield_value>550</shield_value>
				</shield>
				<arment>
					<unit_equipment id="me17">
						<equipment_quantity>3</equipment_quantity>
					</unit_equipment>
					<unit_equipment id="me18">
						<equipment_quantity>3</equipment_quantity>
					</unit_equipment>
				</arment>
			</battle_stats>
			<description/>
		</military_unit>
		<military_unit id="mu11">
			<name>Modifikovaná stíhačka Agitare</name>
			<image/>
			<unit_type type="fighter"/>
			<faction faction="Říše_Alexis"/>
			<price>
				<relekit>25</relekit>
				<deralit>495</deralit>
				<arixon>125</arixon>
				<recruits>2</recruits>
			</price>
			<requirements>
				<weapons_industry level="5">625</weapons_industry>
				<machinery_industry level="6">2 475</machinery_industry>
				<electronics_industry level="6">6 250</electronics_industry>
			</requirements>
			<crew>2</crew>
			<upkeep>350</upkeep>
			<cargo>
				<cargo_plasma>1 200</cargo_plasma>
			</cargo>
			<battle_stats>
				<health>85</health>
				<movement>
					<speed>8</speed>
				</movement>
				<armor>
					<armor_type type="composite"/>
					<armor_value>19</armor_value>
				</armor>
				<shield>
					<shield_type type="deflector"/>
					<shield_value>895</shield_value>
				</shield>
				<arment>
					<unit_equipment id="me19">
						<equipment_quantity>3</equipment_quantity>
					</unit_equipment>
				</arment>
			</battle_stats>
			<description/>
		</military_unit>
		<military_unit id="mu12">
			<name>Bitevní loď Victoria</name>
			<image/>
			<unit_type type="ship"/>
			<faction faction="Říše_Alexis"/>
			<price>
				<relekit>800</relekit>
				<deralit>5 500</deralit>
				<arixon>300</arixon>
				<recruits>64</recruits>
			</price>
			<requirements>
				<weapons_industry level="6">20 000</weapons_industry>
				<machinery_industry level="6">27 500</machinery_industry>
				<electronics_industry level="6">15 000</electronics_industry>
			</requirements>
			<crew>64</crew>
			<upkeep>6 000</upkeep>
			<cargo>
				<cargo_bullet>25 000</cargo_bullet>
				<cargo_grenade>3 500</cargo_grenade>
				<cargo_missile>120</cargo_missile>
				<cargo_plasma>48 000</cargo_plasma>
			</cargo>
			<battle_stats>
				<health>950</health>
				<movement>
					<speed>3</speed>
				</movement>
				<armor>
					<armor_type type="reactive"/>
					<armor_value>95</armor_value>
				</armor>
				<arment>
					<unit_equipment id="me20">
						<equipment_quantity>25</equipment_quantity>
					</unit_equipment>
					<unit_equipment id="me21">
						<equipment_quantity>7</equipment_quantity>
					</unit_equipment>
					<unit_equipment id="me22">
						<equipment_quantity>3</equipment_quantity>
					</unit_equipment>
					<unit_equipment id="me23">
						<equipment_quantity>12</equipment_quantity>
					</unit_equipment>
				</arment>
			</battle_stats>
			<description/>
		</military_unit>
		<military_unit id="mu13">
			<name>Bitevní loď Imperium</name>
			<image/>
			<unit_type type="ship"/>
			<faction faction="Říše_Alexis"/>
			<price>
				<relekit>15 000</relekit>
				<deralit>95 000</deralit>
				<arixon>15 000</arixon>
				<recruits>7 500</recruits>
			</price>
			<requirements>
				<weapons_industry level="7">375 000</weapons_industry>
				<machinery_industry level="7">475 000</machinery_industry>
				<electronics_industry level="7">750 000</electronics_industry>
			</requirements>
			<crew>7 500</crew>
			<upkeep>35 000</upkeep>
			<cargo>
				<cargo_missile>2 400</cargo_missile>
				<cargo_plasma>900 000</cargo_plasma>
			</cargo>
			<battle_stats>
				<health>6 900</health>
				<movement>
					<speed>4</speed>
				</movement>
				<armor>
					<armor_type type="reactive"/>
					<armor_value>145</armor_value>
				</armor>
				<arment>
					<unit_equipment id="me24">
						<equipment_quantity>60</equipment_quantity>
					</unit_equipment>
					<unit_equipment id="me25">
						<equipment_quantity>6</equipment_quantity>
					</unit_equipment>
					<unit_equipment id="me26">
						<equipment_quantity>12</equipment_quantity>
					</unit_equipment>
				</arment>
			</battle_stats>
			<description/>
		</military_unit>
		<military_unit id="mu14">
			<name>Žoldák - samopal</name>
			<image/>
			<unit_type type="troop"/>
			<faction faction="Federativní_spolek"/>
			<price>
				<relekit>2</relekit>
				<recruits>1</recruits>
			</price>
			<requirements>
				<weapons_industry level="1">50</weapons_industry>
				<machinery_industry level="0">0</machinery_industry>
				<electronics_industry level="0">0</electronics_industry>
			</requirements>
			<crew>1</crew>
			<upkeep>1</upkeep>
			<cargo>
				<cargo_bullet>150</cargo_bullet>
			</cargo>
			<battle_stats>
				<health>1</health>
				<movement>
					<speed>1</speed>
				</movement>
				<armor>
					<armor_type type="homogenic"/>
					<armor_value>1</armor_value>
				</armor>
				<arment>
					<unit_equipment id="me27">
						<equipment_quantity>1</equipment_quantity>
					</unit_equipment>
				</arment>
			</battle_stats>
			<description/>
		</military_unit>
		<military_unit id="mu15">
			<name>Žoldák - protitanková puška</name>
			<image/>
			<unit_type type="troop"/>
			<faction faction="Federativní_spolek"/>
			<price>
				<relekit>4</relekit>
				<recruits>1</recruits>
			</price>
			<requirements>
				<weapons_industry level="2">100</weapons_industry>
				<machinery_industry level="0">0</machinery_industry>
				<electronics_industry level="0">0</electronics_industry>
			</requirements>
			<crew>1</crew>
			<upkeep>2</upkeep>
			<cargo>
				<cargo_bullet>60</cargo_bullet>
				<cargo_grenade>5</cargo_grenade>
			</cargo>
			<battle_stats>
				<health>1</health>
				<movement>
					<speed>1</speed>
				</movement>
				<armor>
					<armor_type type="homogenic"/>
					<armor_value>2</armor_value>
				</armor>
				<arment>
					<unit_equipment id="me28">
						<equipment_quantity>1</equipment_quantity>
					</unit_equipment>
					<unit_equipment id="me29">
						<equipment_quantity>1</equipment_quantity>
					</unit_equipment>
				</arment>
			</battle_stats>
			<description/>
		</military_unit>
		<military_unit id="mu16">
			<name>Elitní voják JZN</name>
			<image/>
			<unit_type type="troop"/>
			<faction faction="Federativní_spolek"/>
			<price>
				<relekit>3</relekit>
				<deralit>3</deralit>
				<recruits>1</recruits>
			</price>
			<requirements>
				<weapons_industry level="3">75</weapons_industry>
				<machinery_industry level="1">15</machinery_industry>
				<electronics_industry level="0">0</electronics_industry>
			</requirements>
			<crew>1</crew>
			<upkeep>5</upkeep>
			<cargo>
				<cargo_bullet>300</cargo_bullet>
				<cargo_grenade>5</cargo_grenade>
			</cargo>
			<battle_stats>
				<health>2</health>
				<movement>
					<speed>1</speed>
				</movement>
				<armor>
					<armor_type type="homogenic"/>
					<armor_value>4</armor_value>
				</armor>
				<arment>
					<unit_equipment id="me30">
						<equipment_quantity>1</equipment_quantity>
					</unit_equipment>
					<unit_equipment id="me29">
						<equipment_quantity>2</equipment_quantity>
					</unit_equipment>
				</arment>
			</battle_stats>
			<description/>
		</military_unit>
		<military_unit id="mu17">
			<name>Lehký tank LT-55</name>
			<image/>
			<unit_type type="car"/>
			<faction faction="Federativní_spolek"/>
			<price>
				<relekit>175</relekit>
				<deralit>75</deralit>
				<recruits>3</recruits>
			</price>
			<requirements>
				<weapons_industry level="2">4 375</weapons_industry>
				<machinery_industry level="2">375</machinery_industry>
				<electronics_industry level="0">0</electronics_industry>
			</requirements>
			<crew>3</crew>
			<upkeep>85</upkeep>
			<cargo>
				<cargo_bullet>300</cargo_bullet>
				<cargo_grenade>30</cargo_grenade>
			</cargo>
			<battle_stats>
				<health>44</health>
				<movement>
					<speed>5</speed>
				</movement>
				<armor>
					<armor_type type="homogenic"/>
					<armor_value>10</armor_value>
				</armor>
				<arment>
					<unit_equipment id="me31">
						<equipment_quantity>1</equipment_quantity>
					</unit_equipment>
					<unit_equipment id="me32">
						<equipment_quantity>1</equipment_quantity>
					</unit_equipment>
				</arment>
			</battle_stats>
			<description/>
		</military_unit>
		<military_unit id="mu18">
			<name>Střední tank ST-75</name>
			<image/>
			<unit_type type="car"/>
			<faction faction="Federativní_spolek"/>
			<price>
				<relekit>35</relekit>
				<deralit>395</deralit>
				<recruits>4</recruits>
			</price>
			<requirements>
				<weapons_industry level="3">875</weapons_industry>
				<machinery_industry level="3">1 975</machinery_industry>
				<electronics_industry level="0">0</electronics_industry>
			</requirements>
			<crew>4</crew>
			<upkeep>105</upkeep>
			<cargo>
				<cargo_bullet>250</cargo_bullet>
				<cargo_grenade>50</cargo_grenade>
			</cargo>
			<battle_stats>
				<health>72</health>
				<movement>
					<speed>4</speed>
				</movement>
				<armor>
					<armor_type type="composite"/>
					<armor_value>15</armor_value>
				</armor>
				<arment>
					<unit_equipment id="me32">
						<equipment_quantity>1</equipment_quantity>
					</unit_equipment>
					<unit_equipment id="me33">
						<equipment_quantity>1</equipment_quantity>
					</unit_equipment>
				</arment>
			</battle_stats>
			<description/>
		</military_unit>
		<military_unit id="mu19">
			<name>Těžký tank TT-95</name>
			<image/>
			<unit_type type="car"/>
			<faction faction="Federativní_spolek"/>
			<price>
				<relekit>150</relekit>
				<deralit>895</deralit>
				<arixon>5</arixon>
				<recruits>6</recruits>
			</price>
			<requirements>
				<weapons_industry level="4">3 750</weapons_industry>
				<machinery_industry level="4">4 475</machinery_industry>
				<electronics_industry level="4">250</electronics_industry>
			</requirements>
			<crew>6</crew>
			<upkeep>150</upkeep>
			<cargo>
				<cargo_bullet>500</cargo_bullet>
				<cargo_grenade>100</cargo_grenade>
				<cargo_missile>8</cargo_missile>
			</cargo>
			<battle_stats>
				<health>105</health>
				<movement>
					<speed>3</speed>
				</movement>
				<armor>
					<armor_type type="reactive"/>
					<armor_value>30</armor_value>
				</armor>
				<shield>
					<shield_type type="deflector"/>
					<shield_value>180</shield_value>
				</shield>
				<arment>
					<unit_equipment id="me33">
						<equipment_quantity>2</equipment_quantity>
					</unit_equipment>
					<unit_equipment id="me35">
						<equipment_quantity>1</equipment_quantity>
					</unit_equipment>
					<unit_equipment id="me36">
						<equipment_quantity>1</equipment_quantity>
					</unit_equipment>
				</arment>
			</battle_stats>
			<description/>
		</military_unit>
		<military_unit id="mu20">
			<name>Těžký tank TT-135</name>
			<image/>
			<unit_type type="car"/>
			<faction faction="Federativní_spolek"/>
			<price>
				<relekit>475</relekit>
				<deralit>2 700</deralit>
				<arixon>35</arixon>
				<recruits>8</recruits>
			</price>
			<requirements>
				<weapons_industry level="6">11 875</weapons_industry>
				<machinery_industry level="6">13 500</machinery_industry>
				<electronics_industry level="5">1 750</electronics_industry>
			</requirements>
			<crew>8</crew>
			<upkeep>175</upkeep>
			<cargo>
				<cargo_grenade>100</cargo_grenade>
				<cargo_missile>16</cargo_missile>
				<cargo_plasma>80</cargo_plasma>
			</cargo>
			<battle_stats>
				<health>135</health>
				<movement>
					<speed>2</speed>
				</movement>
				<armor>
					<armor_type type="electromagnetic"/>
					<armor_value>35</armor_value>
				</armor>
				<shield>
					<shield_type type="deflector"/>
					<shield_value>590</shield_value>
				</shield>
				<arment>
					<unit_equipment id="me37">
						<equipment_quantity>1</equipment_quantity>
					</unit_equipment>
					<unit_equipment id="me38">
						<equipment_quantity>1</equipment_quantity>
					</unit_equipment>
					<unit_equipment id="me39">
						<equipment_quantity>1</equipment_quantity>
					</unit_equipment>
				</arment>
			</battle_stats>
			<description/>
		</military_unit>
		<military_unit id="mu21">
			<name>Stíhací letoun LSL-35/4</name>
			<image/>
			<unit_type type="fighter"/>
			<faction faction="Federativní_spolek"/>
			<price>
				<relekit>300</relekit>
				<deralit>300</deralit>
				<arixon>10</arixon>
				<recruits>2</recruits>
			</price>
			<requirements>
				<weapons_industry level="3">7 500</weapons_industry>
				<machinery_industry level="4">1 500</machinery_industry>
				<electronics_industry level="4">500</electronics_industry>
			</requirements>
			<crew>2</crew>
			<upkeep>250</upkeep>
			<cargo>
				<cargo_bullet>800</cargo_bullet>
				<cargo_missile>4</cargo_missile>
			</cargo>
			<battle_stats>
				<health>30</health>
				<movement>
					<speed>8</speed>
				</movement>
				<armor>
					<armor_type type="composite"/>
					<armor_value>10</armor_value>
				</armor>
				<shield>
					<shield_type type="deflector"/>
					<shield_value>120</shield_value>
				</shield>
				<arment>
					<unit_equipment id="me40">
						<equipment_quantity>4</equipment_quantity>
					</unit_equipment>
					<unit_equipment id="me41">
						<equipment_quantity>1</equipment_quantity>
					</unit_equipment>
				</arment>
			</battle_stats>
			<description/>
		</military_unit>
		<military_unit id="mu22">
			<name>Stíhací letoun SSL-55/4 "Interceptor"</name>
			<image/>
			<unit_type type="fighter"/>
			<faction faction="Federativní_spolek"/>
			<price>
				<relekit>335</relekit>
				<deralit>425</deralit>
				<arixon>15</arixon>
				<recruits>1</recruits>
			</price>
			<requirements>
				<weapons_industry level="4">8 375</weapons_industry>
				<machinery_industry level="5">2 125</machinery_industry>
				<electronics_industry level="4">750</electronics_industry>
			</requirements>
			<crew>1</crew>
			<upkeep>310</upkeep>
			<cargo>
				<cargo_grenade>120</cargo_grenade>
				<cargo_missile>8</cargo_missile>
			</cargo>
			<battle_stats>
				<health>60</health>
				<movement>
					<speed>7</speed>
				</movement>
				<armor>
					<armor_type type="electromagnetic"/>
					<armor_value>20</armor_value>
				</armor>
				<shield>
					<shield_type type="deflector"/>
					<shield_value>240</shield_value>
				</shield>
				<arment>
					<unit_equipment id="me42">
						<equipment_quantity>4</equipment_quantity>
					</unit_equipment>
					<unit_equipment id="me43">
						<equipment_quantity>2</equipment_quantity>
					</unit_equipment>
				</arment>
			</battle_stats>
			<description/>
		</military_unit>
		<military_unit id="mu23">
			<name>Stíhací letoun TSL-105/2</name>
			<image/>
			<unit_type type="fighter"/>
			<faction faction="Federativní_spolek"/>
			<price>
				<relekit>395</relekit>
				<deralit>950</deralit>
				<arixon>65</arixon>
				<recruits>3</recruits>
			</price>
			<requirements>
				<weapons_industry level="5">9 875</weapons_industry>
				<machinery_industry level="6">4 750</machinery_industry>
				<electronics_industry level="5">3 250</electronics_industry>
			</requirements>
			<crew>3</crew>
			<upkeep>390</upkeep>
			<cargo>
				<cargo_missile>40</cargo_missile>
				<cargo_plasma>800</cargo_plasma>
			</cargo>
			<battle_stats>
				<health>80</health>
				<movement>
					<speed>5</speed>
				</movement>
				<armor>
					<armor_type type="reactive"/>
					<armor_value>30</armor_value>
				</armor>
				<shield>
					<shield_type type="deflector"/>
					<shield_value>360</shield_value>
				</shield>
				<arment>
					<unit_equipment id="me44">
						<equipment_quantity>2</equipment_quantity>
					</unit_equipment>
					<unit_equipment id="me45">
						<equipment_quantity>4</equipment_quantity>
					</unit_equipment>
				</arment>
			</battle_stats>
			<description/>
		</military_unit>
		<military_unit id="mu24">
			<name>Křižník X-105 "Mírotvůrce"</name>
			<image/>
			<unit_type type="ship"/>
			<faction faction="Federativní_spolek"/>
			<price>
				<relekit>750</relekit>
				<deralit>7 950</deralit>
				<arixon>175</arixon>
				<recruits>48</recruits>
			</price>
			<requirements>
				<weapons_industry level="6">18 750</weapons_industry>
				<machinery_industry level="6">39 750</machinery_industry>
				<electronics_industry level="5">8 750</electronics_industry>
			</requirements>
			<crew>48</crew>
			<upkeep>7 500</upkeep>
			<cargo>
				<cargo_bullet>30 000</cargo_bullet>
				<cargo_grenade>3 600</cargo_grenade>
				<cargo_missile>80</cargo_missile>
			</cargo>
			<battle_stats>
				<health>1 200</health>
				<movement>
					<speed>3</speed>
				</movement>
				<armor>
					<armor_type type="composite"/>
					<armor_value>100</armor_value>
				</armor>
				<arment>
					<unit_equipment id="me45">
						<equipment_quantity>50</equipment_quantity>
					</unit_equipment>
					<unit_equipment id="me46">
						<equipment_quantity>12</equipment_quantity>
					</unit_equipment>
					<unit_equipment id="me47">
						<equipment_quantity>4</equipment_quantity>
					</unit_equipment>
				</arment>
			</battle_stats>
			<description/>
		</military_unit>
		<military_unit id="mu25">
			<name>Křižník X-106</name>
			<image/>
			<unit_type type="ship"/>
			<faction faction="Federativní_spolek"/>
			<price>
				<relekit>750</relekit>
				<deralit>9 200</deralit>
				<arixon>375</arixon>
				<recruits>52</recruits>
			</price>
			<requirements>
				<weapons_industry level="6">18 750</weapons_industry>
				<machinery_industry level="6">46 000</machinery_industry>
				<electronics_industry level="6">18 750</electronics_industry>
			</requirements>
			<crew>52</crew>
			<upkeep>7 800</upkeep>
			<cargo>
				<cargo_bullet>35 000</cargo_bullet>
				<cargo_missile>80</cargo_missile>
				<cargo_plasma>72 000</cargo_plasma>
			</cargo>
			<battle_stats>
				<health>1 180</health>
				<movement>
					<speed>4</speed>
				</movement>
				<armor>
					<armor_type type="reactive"/>
					<armor_value>95</armor_value>
				</armor>
				<arment>
					<unit_equipment id="me48">
						<equipment_quantity>50</equipment_quantity>
					</unit_equipment>
					<unit_equipment id="me49">
						<equipment_quantity>8</equipment_quantity>
					</unit_equipment>
					<unit_equipment id="me47">
						<equipment_quantity>4</equipment_quantity>
					</unit_equipment>
				</arment>
			</battle_stats>
			<description/>
		</military_unit>
		<military_unit id="mu26">
			<name>Experimentální křižník X-205</name>
			<image/>
			<unit_type type="ship"/>
			<faction faction="Federativní_spolek"/>
			<price>
				<relekit>22 500</relekit>
				<deralit>125 000</deralit>
				<arixon>25 000</arixon>
				<recruits>12 000</recruits>
			</price>
			<requirements>
				<weapons_industry level="7">562 500</weapons_industry>
				<machinery_industry level="7">625 000</machinery_industry>
				<electronics_industry level="7">1 250 000</electronics_industry>
			</requirements>
			<crew>12 000</crew>
			<upkeep>42 500</upkeep>
			<cargo>
				<cargo_bullet>120 000</cargo_bullet>
				<cargo_grenade>40 000</cargo_grenade>
				<cargo_missile>4 000</cargo_missile>
				<cargo_plasma>720 000</cargo_plasma>
			</cargo>
			<battle_stats>
				<health>8 000</health>
				<movement>
					<speed>2</speed>
				</movement>
				<armor>
					<armor_type type="electromagnetic"/>
					<armor_value>220</armor_value>
				</armor>
				<arment>
					<unit_equipment id="me50">
						<equipment_quantity>120</equipment_quantity>
					</unit_equipment>
					<unit_equipment id="me51">
						<equipment_quantity>40</equipment_quantity>
					</unit_equipment>
					<unit_equipment id="me52">
						<equipment_quantity>40</equipment_quantity>
					</unit_equipment>
					<unit_equipment id="me53">
						<equipment_quantity>8</equipment_quantity>
					</unit_equipment>
				</arment>
			</battle_stats>
			<description/>
		</military_unit>
		<military_equipment id="me1">
			<name>Automatická puška Kinesis</name>
			<equipment_effect>
				<damage penetration="3" type="bullet" value="2"/>
			</equipment_effect>
			<range>2</range>
			<rate_of_fire>5</rate_of_fire>
			<consumption>
				<consumption_bullet>5</consumption_bullet>
			</consumption>
			<description/>
		</military_equipment>
		<military_equipment id="me2">
			<name>Útočný granát Maceria</name>
			<equipment_effect>
				<damage penetration="1" type="grenade" value="4"/>
			</equipment_effect>
			<range>1</range>
			<rate_of_fire>1</rate_of_fire>
			<consumption>
				<consumption_grenade>1</consumption_grenade>
			</consumption>
			<description/>
		</military_equipment>
		<military_equipment id="me3">
			<name>Pistole Formido</name>
			<equipment_effect>
				<damage penetration="1" type="bullet" value="0,25"/>
			</equipment_effect>
			<range>1</range>
			<rate_of_fire>2,5</rate_of_fire>
			<consumption>
				<consumption_bullet>2</consumption_bullet>
			</consumption>
			<description/>
		</military_equipment>
		<military_equipment id="me4">
			<name>Ruční raketomet Pungus</name>
			<equipment_effect>
				<damage penetration="10" type="missile" value="5"/>
			</equipment_effect>
			<range>4</range>
			<rate_of_fire>1</rate_of_fire>
			<consumption>
				<consumption_missile>1</consumption_missile>
			</consumption>
			<description/>
		</military_equipment>
		<military_equipment id="me5">
			<name>Ruční kulomet Trichinela</name>
			<equipment_effect>
				<damage penetration="2" type="bullet" value="3"/>
			</equipment_effect>
			<range>3</range>
			<rate_of_fire>5</rate_of_fire>
			<consumption>
				<consumption_bullet>3</consumption_bullet>
			</consumption>
			<description/>
		</military_equipment>
		<military_equipment id="me6">
			<name>Plasmová puška Phantasma</name>
			<equipment_effect>
				<damage penetration="10" type="plasma" value="10"/>
			</equipment_effect>
			<range>4</range>
			<rate_of_fire>2,5</rate_of_fire>
			<consumption>
				<consumption_plasma>5</consumption_plasma>
			</consumption>
			<description/>
		</military_equipment>
		<military_equipment id="me7">
			<name>Pulzní granát Marus</name>
			<equipment_effect>
				<damage penetration="5" type="grenade" value="25"/>
			</equipment_effect>
			<range>1</range>
			<rate_of_fire>0,833333333333333</rate_of_fire>
			<consumption>
				<consumption_grenade>1</consumption_grenade>
			</consumption>
			<description/>
		</military_equipment>
		<military_equipment id="me8">
			<name>Lafetovaný dvojtý kulomet Cicatrix</name>
			<equipment_effect>
				<damage penetration="6" type="bullet" value="10"/>
			</equipment_effect>
			<range>3</range>
			<rate_of_fire>5</rate_of_fire>
			<consumption>
				<consumption_bullet>25</consumption_bullet>
			</consumption>
			<description/>
		</military_equipment>
		<military_equipment id="me9">
			<name>Řízená střela Vulnus</name>
			<equipment_effect>
				<damage penetration="15" type="missile" value="25"/>
			</equipment_effect>
			<range>5</range>
			<rate_of_fire>1</rate_of_fire>
			<consumption>
				<consumption_missile>3</consumption_missile>
			</consumption>
			<description/>
		</military_equipment>
		<military_equipment id="me10">
			<name>Lafetovaný kulomet Ictus</name>
			<equipment_effect>
				<damage penetration="5" type="bullet" value="15"/>
			</equipment_effect>
			<range>4</range>
			<rate_of_fire>5</rate_of_fire>
			<consumption>
				<consumption_bullet>25</consumption_bullet>
			</consumption>
			<description/>
		</military_equipment>
		<military_equipment id="me11">
			<name>Lafetované dělo Celeritas</name>
			<equipment_effect>
				<damage penetration="18" type="grenade" value="50"/>
			</equipment_effect>
			<range>5</range>
			<rate_of_fire>1,25</rate_of_fire>
			<consumption>
				<consumption_grenade>1</consumption_grenade>
			</consumption>
			<description/>
		</military_equipment>
		<military_equipment id="me12">
			<name>Plasmový kanón Ianus</name>
			<equipment_effect>
				<damage penetration="95" type="plasma" value="95"/>
			</equipment_effect>
			<range>5</range>
			<rate_of_fire>1</rate_of_fire>
			<consumption>
				<consumption_plasma>20</consumption_plasma>
			</consumption>
			<description/>
		</military_equipment>
		<military_equipment id="me13">
			<name>Řízená střela Vulnus Mk.II</name>
			<equipment_effect>
				<damage penetration="25" type="missile" value="50"/>
			</equipment_effect>
			<range>6</range>
			<rate_of_fire>0,833333333333333</rate_of_fire>
			<consumption>
				<consumption_missile>3</consumption_missile>
			</consumption>
			<description/>
		</military_equipment>
		<military_equipment id="me14">
			<name>Lafetovaný kulomet Petitio</name>
			<equipment_effect>
				<damage penetration="10" type="bullet" value="25"/>
			</equipment_effect>
			<range>4</range>
			<rate_of_fire>5</rate_of_fire>
			<consumption>
				<consumption_bullet>45</consumption_bullet>
			</consumption>
			<description/>
		</military_equipment>
		<military_equipment id="me15">
			<name>Lafetované dělo Mibilitas</name>
			<equipment_effect>
				<damage penetration="35" type="grenade" value="78"/>
			</equipment_effect>
			<range>5</range>
			<rate_of_fire>2,5</rate_of_fire>
			<consumption>
				<consumption_grenade>2</consumption_grenade>
			</consumption>
			<description/>
		</military_equipment>
		<military_equipment id="me16">
			<name>Odpalovač raket Plaga</name>
			<equipment_effect>
				<damage penetration="35" type="missile" value="175"/>
			</equipment_effect>
			<range>5</range>
			<rate_of_fire>0,5</rate_of_fire>
			<consumption>
				<consumption_missile>5</consumption_missile>
			</consumption>
			<description/>
		</military_equipment>
		<military_equipment id="me17">
			<name>Plasmové dělo Valvae</name>
			<equipment_effect>
				<damage penetration="90" type="plasma" value="90"/>
			</equipment_effect>
			<range>6</range>
			<rate_of_fire>1,66666666666667</rate_of_fire>
			<consumption>
				<consumption_plasma>40</consumption_plasma>
			</consumption>
			<description/>
		</military_equipment>
		<military_equipment id="me18">
			<name>Odpalovač raket Plaga Mk.II</name>
			<equipment_effect>
				<damage penetration="55" type="missile" value="175"/>
			</equipment_effect>
			<range>6</range>
			<rate_of_fire>0,555555555555556</rate_of_fire>
			<consumption>
				<consumption_missile>5</consumption_missile>
			</consumption>
			<description/>
		</military_equipment>
		<military_equipment id="me19">
			<name>Plasmové dělo Valvae Mk.II</name>
			<equipment_effect>
				<damage penetration="150" type="plasma" value="150"/>
			</equipment_effect>
			<range>7</range>
			<rate_of_fire>2,5</rate_of_fire>
			<consumption>
				<consumption_plasma>60</consumption_plasma>
			</consumption>
			<description/>
		</military_equipment>
		<military_equipment id="me20">
			<name>Čtyřranný kulomet Sauciatio</name>
			<equipment_effect>
				<damage penetration="12" type="bullet" value="35"/>
			</equipment_effect>
			<range>4</range>
			<rate_of_fire>5</rate_of_fire>
			<consumption>
				<consumption_bullet>120</consumption_bullet>
			</consumption>
			<description/>
		</military_equipment>
		<military_equipment id="me21">
			<name>Hvězdný dělostřelecký kanón Velocitas</name>
			<equipment_effect>
				<damage penetration="95" type="grenade" value="204"/>
			</equipment_effect>
			<range>9</range>
			<rate_of_fire>0,833333333333333</rate_of_fire>
			<consumption>
				<consumption_grenade>10</consumption_grenade>
			</consumption>
			<description/>
		</military_equipment>
		<military_equipment id="me22">
			<name>Těžký odpalovač raket Accuratus</name>
			<equipment_effect>
				<damage penetration="65" type="missile" value="525"/>
			</equipment_effect>
			<range>8</range>
			<rate_of_fire>0,333333333333333</rate_of_fire>
			<consumption>
				<consumption_missile>45</consumption_missile>
			</consumption>
			<description/>
		</military_equipment>
		<military_equipment id="me23">
			<name>Plasmové dělo Energia Mk.IV</name>
			<equipment_effect>
				<damage penetration="200" type="plasma" value="200"/>
			</equipment_effect>
			<range>8</range>
			<rate_of_fire>1</rate_of_fire>
			<consumption>
				<consumption_plasma>150</consumption_plasma>
			</consumption>
			<description/>
		</military_equipment>
		<military_equipment id="me24">
			<name>Plasmové dělo Energia Mk.VI</name>
			<equipment_effect>
				<damage penetration="210" type="plasma" value="210"/>
			</equipment_effect>
			<range>10</range>
			<rate_of_fire>1,66666666666667</rate_of_fire>
			<consumption>
				<consumption_plasma>210</consumption_plasma>
			</consumption>
			<description/>
		</military_equipment>
		<military_equipment id="me25">
			<name>Těžké plasmové dělo Erastia Mk.II</name>
			<equipment_effect>
				<damage penetration="700" type="plasma" value="700"/>
			</equipment_effect>
			<range>11</range>
			<rate_of_fire>0,714285714285714</rate_of_fire>
			<consumption>
				<consumption_plasma>280</consumption_plasma>
			</consumption>
			<description/>
		</military_equipment>
		<military_equipment id="me26">
			<name>Těžký odpalovač raket Abyssus</name>
			<equipment_effect>
				<damage penetration="100" type="missile" value="1500"/>
			</equipment_effect>
			<range>10</range>
			<rate_of_fire>0,333333333333333</rate_of_fire>
			<consumption>
				<consumption_missile>90</consumption_missile>
			</consumption>
			<description/>
		</military_equipment>
		<military_equipment id="me27">
			<name>Samopal PZ-7/v16</name>
			<equipment_effect>
				<damage penetration="2" type="bullet" value="2"/>
			</equipment_effect>
			<range>1</range>
			<rate_of_fire>5</rate_of_fire>
			<consumption>
				<consumption_bullet>6</consumption_bullet>
			</consumption>
			<description/>
		</military_equipment>
		<military_equipment id="me28">
			<name>Protitanková puška PZ-15/Vv6</name>
			<equipment_effect>
				<damage penetration="6" type="bullet" value="4"/>
			</equipment_effect>
			<range>2</range>
			<rate_of_fire>2,5</rate_of_fire>
			<consumption>
				<consumption_bullet>2</consumption_bullet>
			</consumption>
			<description/>
		</military_equipment>
		<military_equipment id="me29">
			<name>Obranný granát PZG/v4</name>
			<equipment_effect>
				<damage penetration="1" type="grenade" value="4"/>
			</equipment_effect>
			<range>1</range>
			<rate_of_fire>1</rate_of_fire>
			<consumption>
				<consumption_grenade>1</consumption_grenade>
			</consumption>
			<description/>
		</military_equipment>
		<military_equipment id="me30">
			<name>Rychlopalný samopal PZ-8/v18</name>
			<equipment_effect>
				<damage penetration="3" type="bullet" value="4"/>
			</equipment_effect>
			<range>2</range>
			<rate_of_fire>5</rate_of_fire>
			<consumption>
				<consumption_bullet>8</consumption_bullet>
			</consumption>
			<description/>
		</military_equipment>
		<military_equipment id="me31">
			<name>Kulomet TZK-15/v3</name>
			<equipment_effect>
				<damage penetration="5" type="bullet" value="10"/>
			</equipment_effect>
			<range>3</range>
			<rate_of_fire>5</rate_of_fire>
			<consumption>
				<consumption_bullet>12</consumption_bullet>
			</consumption>
			<description/>
		</military_equipment>
		<military_equipment id="me32">
			<name>Rychlopalné dělo TZD-55/v35</name>
			<equipment_effect>
				<damage penetration="15" type="grenade" value="21"/>
			</equipment_effect>
			<range>4</range>
			<rate_of_fire>2,5</rate_of_fire>
			<consumption>
				<consumption_grenade>4</consumption_grenade>
			</consumption>
			<description/>
		</military_equipment>
		<military_equipment id="me33">
			<name>Kulomet TZK-15/v5</name>
			<equipment_effect>
				<damage penetration="6" type="bullet" value="13"/>
			</equipment_effect>
			<range>3</range>
			<rate_of_fire>5</rate_of_fire>
			<consumption>
				<consumption_bullet>15</consumption_bullet>
			</consumption>
			<description/>
		</military_equipment>
		<military_equipment id="me34">
			<name>Tankové dělo TZD-75/v38</name>
			<equipment_effect>
				<damage penetration="20" type="grenade" value="50"/>
			</equipment_effect>
			<range>5</range>
			<rate_of_fire>1,25</rate_of_fire>
			<consumption>
				<consumption_grenade>2</consumption_grenade>
			</consumption>
			<description/>
		</military_equipment>
		<military_equipment id="me35">
			<name>Dvojité dělo TZD-95/Dv36</name>
			<equipment_effect>
				<damage penetration="35" type="grenade" value="60"/>
			</equipment_effect>
			<range>5</range>
			<rate_of_fire>1,66666666666667</rate_of_fire>
			<consumption>
				<consumption_grenade>6</consumption_grenade>
			</consumption>
			<description/>
		</military_equipment>
		<military_equipment id="me36">
			<name>Řízená střela TZR-38/v12</name>
			<equipment_effect>
				<damage penetration="28" type="missile" value="38"/>
			</equipment_effect>
			<range>5</range>
			<rate_of_fire>0,625</rate_of_fire>
			<consumption>
				<consumption_missile>4</consumption_missile>
			</consumption>
			<description/>
		</military_equipment>
		<military_equipment id="me37">
			<name>Plasmové dělo TZD-37/Pv74</name>
			<equipment_effect>
				<damage penetration="70" type="plasma" value="70"/>
			</equipment_effect>
			<range>6</range>
			<rate_of_fire>2,5</rate_of_fire>
			<consumption>
				<consumption_plasma>15</consumption_plasma>
			</consumption>
			<description/>
		</military_equipment>
		<military_equipment id="me38">
			<name>Dvojité dělo TZD-135/Dv43</name>
			<equipment_effect>
				<damage penetration="55" type="grenade" value="90"/>
			</equipment_effect>
			<range>6</range>
			<rate_of_fire>1,66666666666667</rate_of_fire>
			<consumption>
				<consumption_grenade>6</consumption_grenade>
			</consumption>
			<description/>
		</military_equipment>
		<military_equipment id="me39">
			<name>Řízená střela TZR-38/v18</name>
			<equipment_effect>
				<damage penetration="36" type="missile" value="54"/>
			</equipment_effect>
			<range>6</range>
			<rate_of_fire>0,625</rate_of_fire>
			<consumption>
				<consumption_missile>4</consumption_missile>
			</consumption>
			<description/>
		</military_equipment>
		<military_equipment id="me40">
			<name>Těžký kulomet VZK-35/Cv56</name>
			<equipment_effect>
				<damage penetration="10" type="bullet" value="30"/>
			</equipment_effect>
			<range>4</range>
			<rate_of_fire>5</rate_of_fire>
			<consumption>
				<consumption_bullet>35</consumption_bullet>
			</consumption>
			<description/>
		</military_equipment>
		<military_equipment id="me41">
			<name>Raketomet VZR-48/v33</name>
			<equipment_effect>
				<damage penetration="28" type="missile" value="70"/>
			</equipment_effect>
			<range>5</range>
			<rate_of_fire>0,714285714285714</rate_of_fire>
			<consumption>
				<consumption_missile>7</consumption_missile>
			</consumption>
			<description/>
		</military_equipment>
		<military_equipment id="me42">
			<name>Rychlopalné dělo VZD-55/Cv65</name>
			<equipment_effect>
				<damage penetration="70" type="grenade" value="100"/>
			</equipment_effect>
			<range>5</range>
			<rate_of_fire>2,5</rate_of_fire>
			<consumption>
				<consumption_grenade>10</consumption_grenade>
			</consumption>
			<description/>
		</military_equipment>
		<military_equipment id="me43">
			<name>Raketomet VZR-48/v45</name>
			<equipment_effect>
				<damage penetration="32" type="missile" value="90"/>
			</equipment_effect>
			<range>5</range>
			<rate_of_fire>0,833333333333333</rate_of_fire>
			<consumption>
				<consumption_missile>12</consumption_missile>
			</consumption>
			<description/>
		</military_equipment>
		<military_equipment id="me44">
			<name>Rychlopalné plasmové dělo VZD-105/Dv94</name>
			<equipment_effect>
				<damage penetration="150" type="plasma" value="150"/>
			</equipment_effect>
			<range>6</range>
			<rate_of_fire>2,5</rate_of_fire>
			<consumption>
				<consumption_plasma>60</consumption_plasma>
			</consumption>
			<description/>
		</military_equipment>
		<military_equipment id="me45">
			<name>Kulometné hnízdo XK-55/4v48</name>
			<equipment_effect>
				<damage penetration="15" type="bullet" value="40"/>
			</equipment_effect>
			<range>5</range>
			<rate_of_fire>5</rate_of_fire>
			<consumption>
				<consumption_bullet>125</consumption_bullet>
			</consumption>
			<description/>
		</military_equipment>
		<military_equipment id="me46">
			<name>Dělová baterie XD-175/2v126</name>
			<equipment_effect>
				<damage penetration="110" type="grenade" value="160"/>
			</equipment_effect>
			<range>8</range>
			<rate_of_fire>2,5</rate_of_fire>
			<consumption>
				<consumption_grenade>12</consumption_grenade>
			</consumption>
			<description/>
		</military_equipment>
		<military_equipment id="me47">
			<name>Těžký raketomet XR-78/v92</name>
			<equipment_effect>
				<damage penetration="90" type="missile" value="200"/>
			</equipment_effect>
			<range>7</range>
			<rate_of_fire>1</rate_of_fire>
			<consumption>
				<consumption_missile>25</consumption_missile>
			</consumption>
			<description/>
		</military_equipment>
		<military_equipment id="me48">
			<name>Kulometné hnízdo XK-58/4v69</name>
			<equipment_effect>
				<damage penetration="20" type="bullet" value="36"/>
			</equipment_effect>
			<range>5</range>
			<rate_of_fire>5</rate_of_fire>
			<consumption>
				<consumption_bullet>160</consumption_bullet>
			</consumption>
			<description/>
		</military_equipment>
		<military_equipment id="me49">
			<name>Plasmová dělová baterie XP-137/2v105</name>
			<equipment_effect>
				<damage penetration="175" type="plasma" value="175"/>
			</equipment_effect>
			<range>9</range>
			<rate_of_fire>2,5</rate_of_fire>
			<consumption>
				<consumption_plasma>160</consumption_plasma>
			</consumption>
			<description/>
		</military_equipment>
		<military_equipment id="me50">
			<name>Rychlopalné kulometné hnízdo XK-58/10v12</name>
			<equipment_effect>
				<damage penetration="25" type="bullet" value="90"/>
			</equipment_effect>
			<range>5</range>
			<rate_of_fire>5</rate_of_fire>
			<consumption>
				<consumption_bullet>400</consumption_bullet>
			</consumption>
			<description/>
		</military_equipment>
		<military_equipment id="me51">
			<name>Rychlopalná dělová baterie XD-175/3v143</name>
			<equipment_effect>
				<damage penetration="65" type="grenade" value="200"/>
			</equipment_effect>
			<range>9</range>
			<rate_of_fire>2,5</rate_of_fire>
			<consumption>
				<consumption_grenade>21</consumption_grenade>
			</consumption>
			<description/>
		</military_equipment>
		<military_equipment id="me52">
			<name>Rychlopalný raketomet XR-68/Rv183</name>
			<equipment_effect>
				<damage penetration="120" type="missile" value="300"/>
			</equipment_effect>
			<range>8</range>
			<rate_of_fire>1,25</rate_of_fire>
			<consumption>
				<consumption_missile>92</consumption_missile>
			</consumption>
			<description/>
		</military_equipment>
		<military_equipment id="me53">
			<name>Těžké plasmové dělo XP-527/x512</name>
			<equipment_effect>
				<damage penetration="1200" type="plasma" value="1200"/>
			</equipment_effect>
			<range>10</range>
			<rate_of_fire>0,5</rate_of_fire>
			<consumption>
				<consumption_plasma>600</consumption_plasma>
			</consumption>
			<description/>
		</military_equipment>
	</military_units>
</units>
