<?xml version="1.0" encoding="UTF-8"?>
<!DOCTYPE tanceni_skola SYSTEM "data.dtd">

<!-- Vetsina udaju primo ze stranek http://www.vavruska.info/  :-) -->
<tanceni_skola>
	<nazev>Taneční škola Vavruška Praha</nazev>
	<web>http://www.vavruska.info/</web>
	<kontakty>
		<telefon>226 258 262</telefon>
		<email>mail@vavruska.info</email>
		<telefon>774 826 321</telefon>
		<adresa>
			Taneční škola Vavruška
			Palác Charitas
			Karlovo náměstí 5
			120 00  Praha 2
		</adresa>
	</kontakty>
	<popis>
Vážení a milí příznivci tance,
chtěli bychom Vás co nejsrdečněji pozvat do našich tanečních.
Nabízíme Vám komfortní taneční sály, skvělou cenu kurzů a přátelské učitele, kteří Vám dokážou vysvětlit, jak správně tančit a kteří se Vám budou naplno věnovat.
Spojujeme tradici starých mistrů s moderními tanečními trendy. Staňte se s námi i Vy hvězdami tanečních parketů!
Na shledanou s Vámi se těší Monika Polenová a Jakub Vavruška
	<![CDATA[
	for (i=0; i < 20; $++)
	{
		document.write("*");
	}
	
	document.writeln();
	]]>
	<?php echo Date("d.m.Y") ?>
	</popis>
	
	<saly>
		<sal>
			<sal_id id="sal1" />
			<nazev>Palác Charitas</nazev>
			<adresa>Karlovo náměstí</adresa>
		</sal>
		<sal>
			<sal_id id="sal2" />
			<nazev>Slovanský dům</nazev>
			<adresa>Příkopy - Nám. Republiky</adresa>
		</sal>
		<sal>
			<sal_id id="sal3" />
			<nazev>Zrcadlový sál Paláce Charitas</nazev>
			<adresa>Karlovo náměstí</adresa>
		</sal>
	</saly>
	
	<lektori>
		<lektor pohlavi="zena">
			<lektor_id id="lek1" />
			<jmeno>Monika Polenová</jmeno>
			<kontakty>
				<email>e1</email>
				<telefon>t1</telefon>
				<adresa>a1</adresa>
			</kontakty>
		</lektor>
		<lektor pohlavi="muz">
			<lektor_id id="lek2" />
			<jmeno>Jakub Vavruška</jmeno>
			<kontakty>
				<email>e2</email>
				<adresa>a2</adresa>
			</kontakty>
		</lektor>
		<lektor pohlavi="zena">
			<lektor_id id="lek3" />
			<jmeno>Veronika Musilová</jmeno>
			<kontakty>
				<email>e3</email>
				<adresa>a3</adresa>
			</kontakty>
		</lektor>
		<lektor pohlavi="muz">
			<lektor_id id="lek4" />
			<jmeno>Tomáš Sedlecký</jmeno>
			<kontakty>
				<email>e4</email>
				<adresa>a4</adresa>
			</kontakty>
		</lektor>
		<lektor pohlavi="zena">
			<lektor_id id="lek5" />
			<jmeno>Tereza Bufková</jmeno>
			<kontakty>
				<email>e5</email>
				<adresa>a5</adresa>
			</kontakty>
		</lektor>
		<lektor pohlavi="zena">
			<lektor_id id="lek6" />
			<jmeno>Iveta Prchalová</jmeno>
			<kontakty>
				<email>e6</email>
				<telefon>t6</telefon>
				<adresa>a6</adresa>
			</kontakty>
		</lektor>
		<lektor pohlavi="muz">
			<lektor_id id="lek7" />
			<jmeno>Ondřej Rydl</jmeno>
			<kontakty>
				<email>e7</email>
				<adresa>a7</adresa>
			</kontakty>
		</lektor>
		<lektor pohlavi="zena">
			<lektor_id id="lek8" />
			<jmeno>Anna Kraupnerová</jmeno>
			<kontakty>
				<email>e8</email>
				<adresa>a8</adresa>
			</kontakty>
		</lektor>
		<lektor pohlavi="zena">
			<lektor_id id="lek9" />
			<jmeno>Eva Nečesalová</jmeno>
			<kontakty>
				<email>e9</email>
				<adresa>a9</adresa>
			</kontakty>
		</lektor>
		<lektor pohlavi="zena">
			<lektor_id id="lek10" />
			<jmeno>Jana Krausová</jmeno>
			<kontakty>
				<telefon>t10</telefon>
				<email>e10</email>
				<adresa>a10</adresa>
			</kontakty>
		</lektor>
		<lektor pohlavi="muz">
			<lektor_id id="lek11" />
			<jmeno>Angelo Repilado</jmeno>
			<kontakty>
				<email>e11</email>
				<telefon>t11</telefon>
				<adresa>a11</adresa>
			</kontakty>
		</lektor>
		<!-- atd... -->
	</lektori>
	
	<studenti_tance>
		<student_tance pohlavi="zena">
			<student_id id="stu1" />
			<jmeno>Kateřina Veselá</jmeno>
			<kontakty>
				<email>se1</email>
				<adresa>sa1</adresa>
			</kontakty>
		</student_tance>
		<student_tance pohlavi="muz">
			<student_id id="stu2" />
			<jmeno>Josef Novotný</jmeno>
			<kontakty>
				<email>se1</email>
				<adresa>sa1</adresa>
			</kontakty>
		</student_tance>
	</studenti_tance>
	
	<kurzy>
	
		<kurz pro_skupinu="obecne" uroven="zacatecnici" sal_id="sal3">
			<kurz_id id="kur1" />
			<cas_zacatek>20:30</cas_zacatek>
			<cas_konec>21:50</cas_konec>
			<den>pondělí</den>
			<termin_zacatek>18. 4. 2011</termin_zacatek>
			<termin_konec>20. 6. 2011</termin_konec>
			<cena>1750</cena>
			<popis>Kurz albánské salsy</popis>
			<mistri>
				<lektor_ref lektor_id="lek10" />
				<lektor_ref lektor_id="lek11" />
			</mistri>			
			<ucastnici>
				<ucastnik>
					<student_ref student_id="stu1" />
					<tanpartner_ref student_id="stu2" />
				</ucastnik>
				<ucastnik>
					<student_ref student_id="stu2" />
					<tanpartner_ref student_id="stu1" />
				</ucastnik>
			</ucastnici>		
		</kurz>
		
		<kurz pro_skupinu="obecne" uroven="mirne_pokrocili" sal_id="sal3">
			<kurz_id id="kur2" />
			<cas_zacatek>19:00</cas_zacatek>
			<cas_konec>20:20</cas_konec>
			<den>pondělí </den>
			<termin_zacatek>18. 4. 2011</termin_zacatek>
			<termin_konec>20. 6. 2011</termin_konec>
			<cena>3500</cena>
			<mistri>
				<lektor_ref lektor_id="lek10" />
				<lektor_ref lektor_id="lek11" />
			</mistri>
			<ucastnici>
				<ucastnik>
					<student_ref student_id="stu1" />
					<tanpartner_ref student_id="stu2" />
				</ucastnik>
				<ucastnik>
					<student_ref student_id="stu2" />
					<tanpartner_ref student_id="stu1" />
				</ucastnik>
			</ucastnici>	
		</kurz>
		
		<kurz pro_skupinu="obecne" uroven="mirne_pokrocili" sal_id="sal3">
			<kurz_id id="kur3" />
			<cas_zacatek>20:30</cas_zacatek>
			<cas_konec>21:50</cas_konec>
			<den>čtvrtek</den>
			<termin_zacatek>21. 4. 2011</termin_zacatek>
			<termin_konec>23. 6. 2011</termin_konec>
			<cena>1750</cena>
			<mistri>
				<lektor_ref lektor_id="lek10" />
				<lektor_ref lektor_id="lek11" />
			</mistri>	
			<ucastnici>
				<ucastnik>
					<student_ref student_id="stu1" />
					<tanpartner_ref student_id="stu2" />
				</ucastnik>
				<ucastnik>
					<student_ref student_id="stu2" />
					<tanpartner_ref student_id="stu1" />
				</ucastnik>
			</ucastnici>				
		</kurz>
		
		<!-- atd... -->
	</kurzy>
</tanceni_skola>
