<?xml version="1.0" encoding="UTF-8"?>
<!DOCTYPE obchod SYSTEM "data.dtd">

<!--Databaze obchodu-->
<obchod>
	<sklad>
		<polozky>
			<polozka idPolozky="_6811858" sazbaDPH="20">
				<ceny>
					<cena mena="CZK">8980</cena>
				</ceny>
				<nazev>Thinkpad Edge E520</nazev>
				<znacka idZnacky="_12684">Lenovo</znacka>
				<dodavatel idDodavatele="_18456551">Lenovo CR s.r.o.</dodavatel>
				<popis><![CDATA[ Sedmnáctipalcový notebook z řady Lenovo IdeaPad díky modernímu hardwaru poskytne masivní porci výkonu a to za velmi lákavou cenu. Model Lenovo IdeaPad G770 je určený pro náročná multimédia a počítačové hry, ale s hmotností 3 kg a výdrží až 4,5 hodin na dodávanou baterii nebude žádný ... ]]> <?php echo GenerateLink(6811858); ?></popis>
				<zaruka>24</zaruka>
				<parametry>
					<parametr idParametru="_125">
						<hodnota idHodnoty="_326">500</hodnota>
						<hodnota idHodnoty="_327">7200</hodnota>
					</parametr>
				</parametry>
				<slevy>
					<sleva procenta="15" konec="18.5.2012">
						<textSlevy>&textJarnichSlev;</textSlevy>
					</sleva>
				</slevy>
				<skladem>
					<kusy pocet="20" stav="OK"/>
					<kusy pocet="1" stav="Rozbaleno"/>
					<kusy pocet="50" stav="NaCeste"/>
				</skladem>
				<interniKomentar>Tento produkt se od znacky <ref id="_12684">Lenovo</ref> prodava nejvice</interniKomentar>
			</polozka>
		</polozky>
	</sklad>
	<dodavatele>
		<dodavatelZaznam idDodavatele="_18456551">
			<kontakt>
				<adresa>
					<ulice>Dlouhá 28</ulice>
					<mesto>Praha</mesto>
					<psc>120 01</psc>
				</adresa>
				<telefony>
					<pevna>312284884</pevna>
					<mobil>727135968</mobil>
					<mobil>727198416</mobil>
				</telefony>
			</kontakt>
			<ic>29268326</ic>
			<dic>CZ29268326</dic>
		</dodavatelZaznam>
	</dodavatele>
	<znacky>
		<znackaZaznam idZnacky="_12684">Lenovo</znackaZaznam>
		<znackaZaznam idZnacky="_12685">HP</znackaZaznam>
	</znacky>
	<parametryZbozi>
		<definiceParametru idParametru="_125" nazev="Pevný disk">
			<hodnota idHodnoty="_326" nazev="Velikost disku"/>
			<hodnota idHodnoty="_327" nazev="Ryhlost otáček"/>
		</definiceParametru>
	</parametryZbozi>
</obchod>
