<?xml version="1.0" encoding="UTF-8"?>
<!DOCTYPE tournament SYSTEM "data.dtd">
<tournament>
	<name>
		World chess tournament 2011
	</name>
	<date>
		01.01.2011
	</date>
	<takeplace>
		London, England
	</takeplace>
	<players>
		<player id="P01">
			<name>
				Lionel Kieseritzky
			</name>
			<personal_info>
				<address>
					<street num="123">
						Street_1
					</street>
					<city>
						Berlin, Germany
					</city>
				</address>
				<phone>
					
				</phone>
			</personal_info>
			<chess_info>
				<rating>
					2658
				</rating>
				<worldRanking>
					1
				</worldRanking>
				<title name = "GM" />
			</chess_info>
		</player>
		<player id="P02">
			<name>
				Adolf Anderssen
			</name>
			<personal_info>
				<address>
					<street num="249">
						Street_2
					</street>
					<city>
						Paris, France
					</city>
				</address>
			</personal_info>
			<chess_info>
				<rating>
					2484
				</rating>
				<worldRanking>
					6
				</worldRanking>
				<title name="IM" />
			</chess_info>
		</player>
		<player id="P03">
			<name>
				Jozsef Szen
			</name>
			<personal_info>
				<address>
					<street num="58">
						Street_3
					</street>
					<city>
						Budapest, Hungary
					</city>
				</address>
			</personal_info>
			<chess_info>
				<rating>
					2493
				</rating>
				<worldRanking>
					4
				</worldRanking>
				<title name="GM"/>
			</chess_info>
		</player>

		<player id="P04">
			<name>
				 William Newham
			</name>
			<personal_info>
				<address>
					<street num="845">
						Street_4
					</street>
					<city>
						Washington, USA
					</city>
				</address>
			</personal_info>
			<chess_info>
				<rating>
					2424
				</rating>
				<worldRanking>
					22
				</worldRanking>
				<title name="CM"/>
			</chess_info>
		</player>
		
		<player id="P05">
			<name>
				Bernhard Horwitz
			</name>
			<personal_info>
				<address>
					<street num="1">
						Street_5
					</street>
					<city>
						Bremen, Germany
					</city>
				</address>
			</personal_info>
			<chess_info>
				<rating>
					2439
				</rating>
				<worldRanking>
					11
				</worldRanking>
				<title name="FM" />
			</chess_info>
		</player>
		<player id="P06">
			<name>
				 Henry Eduard Bird
			</name>
			
<personal_info>
				<address>
					<street num="934">
						Street_6
					</street>
					<city>
						London, UK
					</city>
				</address>
			</personal_info>
			<chess_info>
				<rating>
					2377
				</rating>
				<worldRanking>
					14
				</worldRanking>
			</chess_info>

		</player>
		<player id="P07">
			<name>
				Hugh Brodie
			</name>
			
<personal_info>
				<address>
					<street num="86">
						Street_6
					</street>
					<city>
						Toronto, Canada
					</city>
				</address>
			</personal_info>
			<chess_info>
				<rating>
					1978
				</rating>
				<worldRanking>
					62
				</worldRanking>
			</chess_info>
		</player>
		<player id="P08">
			<name>
				 Howard Staunton
			</name>
			
<personal_info>
				<address>
					<street num="92">
						Street_6
					</street>
					<city>
						Birmingham, UK
					</city>
				</address>
			</personal_info>
			<chess_info>
				<rating>
					2534
				</rating>
				<worldRanking>
					3
				</worldRanking>
				<title name="GM"/>
			</chess_info>
		</player>
	</players>
	<matches>
		<match id="M01">
			<player1 id="P01" />
			<player2  id="P02" />
			<result>
				2.5:0.5
			</result>
		</match>
		
		<match id="M02">
			<player1 id="P03" />
			<player2  id="P04" />
			<result>
				2:0
			</result>
		</match>
		
		<match id="M03">
			<player1 id="P05" />
			<player2  id="P06" />
			<result>
				2.5:1.5
			</result>
		</match>
		<match id="M04">
			<player1 id="P07" />
			<player2  id="P08" />
			<result>
				0:2
			</result>
		</match>
	</matches>
</tournament>
