<?xml version="1.0" encoding="UTF-8"?>
<!--Sample XML file generated by XMLSpy v2011 sp1 (http://www.altova.com)-->
<prodejna-potravin id="ID_1" xsi:noNamespaceSchemaLocation="Untitled1.xsd" xmlns:xsi="http://www.w3.org/2001/XMLSchema-instance">
	<prodejna>
		<ulice>
			<cislo-orientaci>2</cislo-orientaci>
			<cislo-popisne>2</cislo-popisne>
		</ulice>
		<cislo>2</cislo>
		<psc>10000</psc>
		<mesto>String</mesto>
		<stat>String</stat>
		<nazev-prodejna>String</nazev-prodejna>
		<majitel>
			<jmeno>String</jmeno>
			<prijmeni>String</prijmeni>
			<rodne-prijmeni>String</rodne-prijmeni>
			<adresa-domu>
				<ulice>
					<cislo-orientaci>2</cislo-orientaci>
					<cislo-popisne>2</cislo-popisne>
				</ulice>
				<cislo>2</cislo>
				<psc>10000</psc>
				<mesto>String</mesto>
				<stat>String</stat>
			</adresa-domu>
			<ico>String</ico>
			<rodne-prijmeni>String</rodne-prijmeni>
			<vlastnicky-podil>2</vlastnicky-podil>
		</majitel>
	</prodejna>
	<potraviny>
		<zbozi zid="ID_2">
			<zbozi>String</zbozi>
			<cena>2</cena>
			<mnozstvi>2</mnozstvi>
		</zbozi>
		<zbozi zid="ID_3">
			<zbozi>String</zbozi>
			<cena>2</cena>
			<mnozstvi>2</mnozstvi>
		</zbozi>
	</potraviny>
	<zakaznici>
		<jmeno>String</jmeno>
		<prijmeni>String</prijmeni>
		<rodne-prijmeni>String</rodne-prijmeni>
		<adresa-domu>
			<ulice>
				<cislo-orientaci>2</cislo-orientaci>
				<cislo-popisne>2</cislo-popisne>
			</ulice>
			<cislo>2</cislo>
			<psc>10000</psc>
			<mesto>String</mesto>
			<stat>String</stat>
		</adresa-domu>
		<jmeno>String</jmeno>
		<prijmeni>String</prijmeni>
		<rodne-prijmeni>String</rodne-prijmeni>
		<adresa-domu>
			<ulice>
				<cislo-orientaci>2</cislo-orientaci>
				<cislo-popisne>2</cislo-popisne>
			</ulice>
			<cislo>2</cislo>
			<psc>10000</psc>
			<mesto>String</mesto>
			<stat>String</stat>
		</adresa-domu>
		<kosik zrid="ID_1">
			<mnozstvi>text</mnozstvi>
		</kosik>
	</zakaznici>
	<hlasenichyb>String</hlasenichyb>
</prodejna-potravin>
