<?xml version="1.0" encoding="UTF-8"?>
<!DOCTYPE LeagueOfLegends SYSTEM "data.dtd">
<LeagueOfLegends>
	<AbilityEntries>
		<AbilityEntry id="aLightBinging" target="line">
			<Name>Light Binding</Name>
			<Description><ChampionRef ref="cLux"/>Lux releases a sphere of light in a line.</Description>
			<Effects>
				<Damage type="magical">60</Damage>
				<Modify property="speed" duration="2" change="absolute">0</Modify>
			</Effects>
		</AbilityEntry>
		<AbilityEntry id="aPrismaticBarrier" target="line">
			<Name>Prismatic Barrier</Name>
			<Description><ChampionRef ref="cLux"/>Lux shields herself for up to 3 seconds and throws out her wand in a line, applying the same shield to champions in its path.</Description>
			<Effects>
				<Modify property="shield" duration="3" change="relative">80</Modify>
			</Effects>
		</AbilityEntry>
		<AbilityEntry id="aLucentSingularity" target="area">
			<Name>Lucent Singularity</Name>
			<Description><ChampionRef ref="cLux"/>Lux sends an anomaly of twisted light to a target area, the zone will detonate and deal magic damage to enemies in the area.</Description>
			<Effects>
				<Damage type="magical">60</Damage>
				<Modify property="speed" duration="1.5" change="percentage">50</Modify>
			</Effects>
		</AbilityEntry>
		<AbilityEntry id="aFinalSpark" target="line">
			<Name>Final Spark</Name>
			<Description><ChampionRef ref="cLux"/>Lux fires a broad and long-range beam of light in a line that deals magic damage to all enemies in the area.</Description>
			<Effects>
				<Damage type="magical">300</Damage>
			</Effects>
		</AbilityEntry>
		<AbilityEntry id="aPiltoverPeacemaker" target="line">
			<Name>Piltover Peacemaker</Name>
			<Description><ChampionRef ref="cCaitlyn"/>Caitlyn fires a projectile that deals physical damage to all targets it passes through.</Description>
			<Effects>
				<Damage type="physical">20</Damage>
			</Effects>
		</AbilityEntry>
		<AbilityEntry id="aYordleSnapTrap" target="area">
			<Name>Yordle Snap Trap</Name>
			<Description><ChampionRef ref="cCaitlyn"/>Caitlyn sets a trap at target location that arms after a brief delay. Enemy champions who come within 67.5 range of the trap will detonate it, becoming rooted and taking magic damage over 1.5 seconds.</Description>
			<Effects>
				<Damage type="magical">80</Damage>
				<Modify property="speed" duration="1.5" change="absolute">0</Modify>
			</Effects>
		</AbilityEntry>
		<AbilityEntry id="a90CaliberNet" target="line">
			<Name>90 Caliber Net</Name>
			<Description><ChampionRef ref="cCaitlyn"/>Caitlyn fires a net, knocking herself back 400 units in the opposite direction. The net will deal magic damage and slow the first enemy hit by 50%. </Description>
			<Effects>
				<Damage type="magical">80</Damage>
				<Modify property="speed" duration="1" change="percentage">50</Modify>
				<Modify property="knockback">400</Modify>
			</Effects>
		</AbilityEntry>
		<AbilityEntry id="aAceInTheHole" target="target">
			<Name>Ace in the Hole</Name>
			<Description><ChampionRef ref="cCaitlyn"/>Caitlyn locks onto a target enemy champion and fire a 3200-speed that deals physical damage to the champion. </Description>
			<Effects>
				<Damage type="physical">250</Damage>
			</Effects>
		</AbilityEntry>
		<AbilityEntry id="aBarrelRoll" target="area">
			<Name>Barrel Roll</Name>
			<Description><ChampionRef ref="cGragas"/>Gragas rolls his cask to a location which will explode.</Description>
			<Effects>
				<Damage type="magical">85</Damage>
				<Modify property="attackspeed" duration="1.5" change="percentage">20</Modify>
			</Effects>
		</AbilityEntry>
		<AbilityEntry id="aDrunkenRage" target="self">
			<Name>Drunken Rage</Name>
			<Description><ChampionRef ref="cGragas"/>Gragas guzzles down brew from his cask, gaining mana and starting a 1 second channel. If the channel is completed he becomes empoweref, increasing attack damage and refucing physical and magic damage taken for 20 seconds.</Description>
			<Effects>
				<Modify property="mana" change="relative">15</Modify>
				<Modify property="attackdamage" duration="20" change="relative">30</Modify>
				<Modify property="damagerefuction" duration="20" change="percentage">10</Modify>
			</Effects>
		</AbilityEntry>
		<AbilityEntry id="aBodySlam" target="line">
			<Name>Body Slam</Name>
			<Description><ChampionRef ref="cGragas"/>Gragas charges forward, dealing magic damage and slowing enemies.</Description>
			<Effects>
				<Damage type="magical">80</Damage>
				<Modify property="speed" duration="2.5" change="percentage">35</Modify>
			</Effects>
		</AbilityEntry>
		<AbilityEntry id="aExplosiveCask" target="area">
			<Name>Explosive Cask</Name>
			<Description><ChampionRef ref="cGragas"/>Gragas throws his cask to a target 400-radius area, dealing magic damage to enemy units in the area and knocking them back.</Description>
			<Effects>
				<Damage type="magical">200</Damage>
				<Modify property="knockback">600</Modify>
			</Effects>
		</AbilityEntry>
	</AbilityEntries>
	<ChampionEntries>
		<ChampionEntry id="cLux">
			<Name>Lux</Name>
			<Description>The Lady of Luminosity</Description>
			<Abilities>
				<Ability ability_id="aLightBinging"/>
				<Ability ability_id="aPrismaticBarrier"/>
				<Ability ability_id="aLucentSingularity"/>
				<Ability ability_id="aFinalSpark"/>
			</Abilities>
			<Attributes>
				<Health>345</Health>
				<Defense>
					<Armor>8</Armor>
					<MagicResistance>30</MagicResistance>
				</Defense>
				<Offense>
					<AbilityPower>0</AbilityPower>
					<AttackDamage>50</AttackDamage>
				</Offense>
				<Speed>330</Speed>
			</Attributes>
		</ChampionEntry>
		<ChampionEntry id="cCaitlyn">
			<Name>Caitlyn</Name>
			<Description>The Sheriff of Piltover</Description>
			<Abilities>
				<Ability ability_id="aPiltoverPeacemaker"/>
				<Ability ability_id="aYordleSnapTrap"/>
				<Ability ability_id="a90CaliberNet"/>
				<Ability ability_id="aAceInTheHole"/>
			</Abilities>
			<Attributes>
				<Health>390</Health>
				<Defense>
					<Armor>13</Armor>
					<MagicResistance>30</MagicResistance>
				</Defense>
				<Offense>
					<AbilityPower>0</AbilityPower>
					<AttackDamage>47</AttackDamage>
				</Offense>
				<Speed>325</Speed>
			</Attributes>
		</ChampionEntry>
		<ChampionEntry id="cGragas">
			<Name>Gragas</Name>
			<Description>The Rabble Rouser</Description>
			<Abilities>
				<Ability ability_id="aBarrelRoll"/>
				<Ability ability_id="aDrunkenRage"/>
				<Ability ability_id="aBodySlam"/>
				<Ability ability_id="aExplosiveCask"/>
			</Abilities>
			<Attributes>
				<Health>434</Health>
				<Defense>
					<Armor>16</Armor>
					<MagicResistance>30</MagicResistance>
				</Defense>
				<Offense>
					<AbilityPower>0</AbilityPower>
					<AttackDamage>55.78</AttackDamage>
				</Offense>
				<Speed>340</Speed>
			</Attributes>
		</ChampionEntry>
	</ChampionEntries>
	<AssignmentRequirements>
		<![CDATA[ <?php echo 'Hello World'; ?> will yield: ]]>
		<?php echo 'Hello World'; ?> 
	</AssignmentRequirements>
</LeagueOfLegends>