<?xml version="1.1" encoding="UTF-8" standalone="no"?><!-- Definice dat pomoci DTD --><?textinfo alpha-ascending?>
<!-- XML Data --><Database>	
	
	<Person>
		<firstName>
			<![CDATA[
		for (i=5; i < 6; i++)
			{
				document.writeln("<p>Pepik!</p>");
			}
		]]></firstName>
		<lastName>Nov?k</lastName>
		<telephone secondtelnumber="732456851" telnumber="756321548"/>
		<emailAdress>novak3521@seznam.cz</emailAdress>		
		<adressP>
			<streetP streetP="Hnevkovskeho"/>
			<cityP cityP="Praha"/>
			<pscP pscP="1452"/>		
		</adressP>
		<Objednavka>
			<Name>prvni</Name>
			<BookForBuying bookforbuying="i356"/>
		</Objednavka>	
		
	</Person>
	
	<Library>
	<NameL>"Chodovska knihovna"</NameL>
	<AdressL>
		<streetL streetL="Hnevkovskeho"/>
		<pscL pscL="14590"/>
		<cityL cityL="Praha"/>
	</AdressL>
	
		<book id="i352">
			<NameB>Radkova cesta do pekel</NameB>
			<Typeofbind tob="sita"/>
			<Popis>Super kruta kniha</Popis>
		
			<Author>
				<firstNameA>Radek</firstNameA>
				<lastNameA>Sakrovic</lastNameA>
				<PopisA>uspesny poeta</PopisA>
				<bornPlaceA>
					<CountryA>?eska republika</CountryA>
					<CityA>Praha</CityA>
				</bornPlaceA>
			</Author>
			<Sequel/>
			<Popularity Popularity="8" negativeComments="Obcas nudne" positiveComments="velice zazivne cteni"/>		
		<Author><firstNameA>Pepik</firstNameA><lastNameA>Novak</lastNameA><PopisA>Znamy ilustrator</PopisA><bornPlaceA><CountryA>Czech Republic</CountryA><CityA>Prague</CityA></bornPlaceA></Author></book>
		<book id="i353">
			<NameB>R.U.R.</NameB>
			<Typeofbind tob="lepena"/>
			<Popis>Super kruta kniha</Popis>
		
			<Author>
				<firstNameA>Radek</firstNameA>
				<lastNameA>Sakrovic</lastNameA>
				<PopisA>uspesny poeta</PopisA>
				<bornPlaceA>
					<CountryA>?eska republika</CountryA>
					<CityA>Praha</CityA>
				</bornPlaceA>
			</Author>
			<Sequel/>
			<Popularity Popularity="8" negativeComments="Obcas nudne" positiveComments="velice zazivne cteni"/>		
		</book>
		<book id="i354">
			<NameB>R.U.R.</NameB>
			<Typeofbind tob="lepena"/>
			<Popis>Super kruta kniha</Popis>
		
			<Author>
				<firstNameA>Radek</firstNameA>
				<lastNameA>Sakrovic</lastNameA>
				<PopisA>uspesny poeta</PopisA>
				<bornPlaceA>
					<CountryA>?eska republika</CountryA>
					<CityA>Praha</CityA>
				</bornPlaceA>
			</Author>
			<Sequel/>
			<Popularity Popularity="8" negativeComments="Obcas nudne" positiveComments="velice zazivne cteni"/>		
		</book>
		<book id="i355">
			<NameB>Blecha</NameB>
			<Typeofbind tob="lepena"/>
			<Popis>Super kruta kniha</Popis>
		
			<Author>
				<firstNameA>Radek</firstNameA>
				<lastNameA>Sakrovic</lastNameA>
				<PopisA>uspesny poeta</PopisA>
				<bornPlaceA>
					<CountryA>?eska republika</CountryA>
					<CityA>Praha</CityA>
				</bornPlaceA>
			</Author>
			<Sequel/>
			<Popularity Popularity="8" negativeComments="Obcas nudne" positiveComments="velice zazivne cteni"/>		
		</book>
		<book id="i356">
			<NameB>R.U.R.</NameB>
			<Typeofbind tob="lepena"/>
			<Popis>Super kruta kniha</Popis>
		
			<Author>
				<firstNameA>Radek</firstNameA>
				<lastNameA>Sakrovic</lastNameA>
				<PopisA>uspesny poeta</PopisA>
				<bornPlaceA>
					<CountryA>?eska republika</CountryA>
					<CityA>Praha</CityA>
				</bornPlaceA>
			</Author>
			<Sequel/>
			<Popularity Popularity="8" negativeComments="Obcas nudne" positiveComments="velice zazivne cteni"/>		
		</book>
		<book id="i357">
			<NameB>R.U.R.</NameB>
			<Typeofbind tob="sita"/>
			<Popis>Super kruta kniha</Popis>
		
			<Author>
				<firstNameA>Michal</firstNameA>
				<lastNameA>Sakrovic</lastNameA>
				<PopisA>uspesny poeta</PopisA>
				<bornPlaceA>
					<CountryA>?eska republika</CountryA>
					<CityA>Praha</CityA>
				</bornPlaceA>
			</Author>
			<Sequel/>
			<Popularity Popularity="5" negativeComments="Obcas nudne" positiveComments="velice zazivne cteni"/>		
		</book>
		<book id="i358">
			<NameB>R.U.R.</NameB>
			<Typeofbind tob="sita"/>
			<Popis>Super kruta kniha</Popis>
		
			<Author>
				<firstNameA>Lukas</firstNameA>
				<lastNameA>Sakrovic</lastNameA>
				<PopisA>uspesny poeta</PopisA>
				<bornPlaceA>
					<CountryA>?eska republika</CountryA>
					<CityA>Praha</CityA>
				</bornPlaceA>
			</Author>
			<Sequel/>
			<Popularity Popularity="8" negativeComments="Obcas nudne" positiveComments="velice zazivne cteni"/>		
		</book>
		<book id="i359">
			<NameB>Kniha krale Petrika 70</NameB>
			<Typeofbind tob="lepena"/>
			<Popis>Super kruta kniha</Popis>
		
			<Author>
				<firstNameA>Radek</firstNameA>
				<lastNameA>Sakrovic</lastNameA>
				<PopisA>uspesny poeta</PopisA>
				<bornPlaceA>
					<CountryA>?eska republika</CountryA>
					<CityA>Praha</CityA>
				</bornPlaceA>
			</Author>
			<Sequel/>
			<Popularity Popularity="7" negativeComments="Obcas nudne" positiveComments="velice zazivne cteni"/>		
		</book>
		<book id="i360">
			<NameB>R.U.R.</NameB>
			<Typeofbind tob="lepena"/>
			<Popis>Super kruta kniha</Popis>
		
			<Author>
				<firstNameA>Radek</firstNameA>
				<lastNameA>Sakrovic</lastNameA>
				<PopisA>uspesny poeta</PopisA>
				<bornPlaceA>
					<CountryA>?eska republika</CountryA>
					<CityA>Praha</CityA>
				</bornPlaceA>
			</Author>
			<Sequel/>
			<Popularity Popularity="9" negativeComments="Obcas nudne" positiveComments="velice zazivne cteni"/>		
		</book>
		<book id="i361">
			<NameB>R.U.R.</NameB>
			<Typeofbind tob="lepena"/>
			<Popis>Super kruta kniha</Popis>
		
			<Author>
				<firstNameA>Radek</firstNameA>
				<lastNameA>Sakrovic</lastNameA>
				<PopisA>uspesny poeta</PopisA>
				<bornPlaceA>
					<CountryA>?eska republika</CountryA>
					<CityA>Praha</CityA>
				</bornPlaceA>
			</Author>
			<Sequel/>
			<Popularity Popularity="8" negativeComments="Obcas nudne" positiveComments="velice zazivne cteni"/>		
		</book>
		<book id="i362">
			<NameB>Bojove umeni</NameB>
			<Typeofbind tob="lepena"/>
			<Popis>Super kruta kniha</Popis>
		
			<Author>
				<firstNameA>Radek</firstNameA>
				<lastNameA>Sakrovic</lastNameA>
				<PopisA>uspesny poeta</PopisA>
				<bornPlaceA>
					<CountryA>?eska republika</CountryA>
					<CityA>Praha</CityA>
				</bornPlaceA>
			</Author>
			<Sequel/>
			<Popularity Popularity="8" negativeComments="Obcas nudne" positiveComments="velice zazivne cteni"/>		
		</book>
	</Library>	












</Database>