<?xml version="1.0" encoding="utf-8"?>
<!DOCTYPE tournament SYSTEM "data.dtd">
<tournament>
  <categories>
    <age age-id="age-pupils" min="1999" max="2000">
      <male>
        <name>&cat-pupils-male;</name>
        <category max="26"/>
        <category min="26" max="30"/>
        <category min="30" max="33"/>
        <category min="33" max="36"/>
        <category min="36" max="40"/>
        <category min="40" max="45"/>
        <category min="45" max="50"/>
        <category min="50"/>
      </male>
    </age>
  </categories>
  <teams>
    <team team-id="team-kangsim">
      <name>SK Kangsim Dojang</name>
      <chairman>Marek Doxanský</chairman>
      <contact>
        <phone>+420497562483</phone>
        <mail>info@kangsim.cz</mail>
      </contact>
    </team>
    <team team-id="team-cobra">
      <name>SK Cobra Dojang</name>
      <chairman>Ing. Bohuslav Hybrant</chairman>
      <contact>
        <phone>+420584394158</phone>
      </contact>
    </team>
    <team team-id="team-sejong">
      <name>Sejong Dojang</name>
      <chairman>Ing. Ondřej Havlíček</chairman>
      <contact>
        <mail>shou@sejong.cz</mail>
      </contact>
    </team>
  </teams>
  <contestants>
    <contestant contestant-id="cont-husakr" team="team-kangsim" pin="9009132159" proficiency-level="1-kup">
      <name>Robert Husák</name>
      <born-year>1990</born-year>
      <weight>86</weight>
    </contestant>
  </contestants>
</tournament>