<?xml version="1.0" encoding="UTF-8"?>
<reservations >
	<reservation passIdref="A2013298403" resId="A0123">
		<info_guests>
			<pass passId="A2013298403"/>
			<name firstname="Ondrej" surname=" Kanka"/>
			<mail>ondrej.kanka@seznam.cz</mail>
		</info_guests>
		<info_reservation>
			<country_list>
				<country>Afghanistan</country>
				<country>Akrotiri</country>
				<country>Albania</country>
				<country>Algeria</country>
				<country>American Samoa</country>
				<country>Andorra</country>
				<country>Angola</country>
				<country>Anguilla</country>
				<country>Antarctica</country>
				<country>Antigua and Barbuda</country>
				<country>Argentina</country>
				<country>Armenia</country>
				<country>Aruba</country>
				<country>other</country>
			</country_list>
			<rooms>
				<room>
					<beds> double </beds>
					<chairs> 3 </chairs>
					<lockers>
						<bedside> 2</bedside>
						<hanger>1</hanger>
					</lockers>
				</room>
			</rooms>
			<category type="standard"/>
			<check-in>2012-03-01</check-in>
			<check-out>2012-03-10</check-out>
			<services>breakfast tv internet</services>
			<price>3000</price>
			<signature> 
        
            </signature>
		</info_reservation>
		<payments>
			<name firstname="Bozena" surname="Minova"/>
			<card_info> visa </card_info>
		</payments>
		<confirmations>
			<tel>123 456 789</tel>
		</confirmations>
		<p_infos>
			<mail>bozena.minova@seznam.cz</mail>
			<p_tel>775178107</p_tel>
		</p_infos>
	</reservation>
	<!-- ======================= other================================ -->
	<reservation passIdref="A5679298403" resId="A0124">
		<info_guests>
			<pass passId="A5679298403"/>
			<name firstname="Marek" surname=" Smid"/>
			<mail>marek@seznam.cz</mail>
		</info_guests>
		<info_reservation>
			<country_list>
				<country>Afghanistan</country>
				<country>Akrotiri</country>
				<country>Albania</country>
				<country>Algeria</country>
				<country>American Samoa</country>
				<country>Andorra</country>
				<country>Angola</country>
				<country>Anguilla</country>
				<country>Antarctica</country>
				<country>Antigua and Barbuda</country>
				<country>Argentina</country>
				<country>Armenia</country>
				<country>Aruba</country>
				<country>other</country>
			</country_list>
			<rooms>
				<room>
					<beds> single </beds>
					<chairs> 1 </chairs>
					<lockers>
						<bedside> 2</bedside>
						<hanger>1</hanger>
					</lockers>
				</room>
			</rooms>
			<category type="standard"/>
			<check-in>2012-03-20</check-in>
			<check-out>2012-04-11</check-out>
			<services>breakfast minibar internet</services>
			<price>1700</price>
			<signature> 
            </signature>
		</info_reservation>
		<payments>
			<name firstname="Bozena" surname="Minova"/>
			<card_info> visa </card_info>
		</payments>
		<confirmations>
			<tel>123 456 789</tel>
		</confirmations>
		<p_infos>
			<mail>bozena.minova@seznam.cz</mail>
			<p_tel>775178107</p_tel>
		</p_infos>
	</reservation>
	<!--========================= other======================= -->
	<reservation passIdref="A3433298403" resId="A0121">
		<info_guests>
			<pass passId="A3433298403"/>
			<name firstname="Tomas" surname=" Tkadlec"/>
			<mail>tomas.t@seznam.cz</mail>
		</info_guests>
		<info_reservation>
			<country_list>
				<country>Afghanistan</country>
				<country>Akrotiri</country>
				<country>Albania</country>
				<country>Algeria</country>
				<country>American Samoa</country>
				<country>Andorra</country>
				<country>Angola</country>
				<country>Anguilla</country>
				<country>Antarctica</country>
				<country>Antigua and Barbuda</country>
				<country>Argentina</country>
				<country>Armenia</country>
				<country>Aruba</country>
				<country>other</country>
			</country_list>
			<rooms>
				<room>
					<beds> double </beds>
					<chairs> 5 </chairs>
					<lockers>
						<bedside> 2</bedside>
						<hanger>1</hanger>
					</lockers>
				</room>
			</rooms>
			<category type="suite" />
			<check-in>2012-03-15</check-in>
			<check-out>2012-03-20</check-out>
			<services>breakfast internet</services>
			<price>2400</price>
			<signature> 
            </signature>
		</info_reservation>
		<payments>
			<name firstname="Tomas" surname="Tkadlec"/>
			<card_info> master </card_info>
		</payments>
		<confirmations>
			<mail>tomas.t@seznam.cz</mail>
			<tel>123 323 789</tel>
		</confirmations>
		<p_infos>
			<mail>tomas.t@seznam.cz</mail>
			<p_tel>123 323 789</p_tel>
		</p_infos>
	</reservation>
	<!-- ============= other ================ -->
	<reservation passIdref="A3433248403" resId="A0126">
		<info_guests>
			<pass passId="A3433248403"/>
			<name firstname="Stanislav" surname=" Lantora"/>
			<mail>first@stanislav.cz</mail>
		</info_guests>
		<info_reservation>
			<country_list>
				<country>Afghanistan</country>
				<country>Akrotiri</country>
				<country>Albania</country>
				<country>Algeria</country>
				<country>American Samoa</country>
				<country>Andorra</country>
				<country>Angola</country>
				<country>Anguilla</country>
				<country>Antarctica</country>
				<country>Antigua and Barbuda</country>
				<country>Argentina</country>
				<country>Armenia</country>
				<country>Aruba</country>
				<country>other</country>
			</country_list>
			<rooms>
				<room>
					<beds> double </beds>
					<chairs> 2 </chairs>
					<lockers>
						<bedside> 2</bedside>
						<hanger>1</hanger>
					</lockers>
				</room>
			</rooms>
			<category type="deluxe"/>
			<check-in>2012-03-25</check-in>
			<check-out>2012-03-27</check-out>
			<services>breakfast tv minibar internet</services>
			<price>4400</price>
			<signature> 
            </signature>
		</info_reservation>
		<payments>
			<name firstname="Milos" surname="Baros"/>
			<card_info> master </card_info>
		</payments>
		<confirmations>
			<mail>cinestar@mail.cz</mail>
			<address> Černý Most, Chlumecká 8</address>
			<tel>111 111 111</tel>
			<company>CineStar</company>
		</confirmations>
		<p_infos>
			<mail>milos@milos.cz</mail>
			<p_tel>243 323 789</p_tel>
		</p_infos>
	</reservation>
	<!-- ================ other =================== -->
	<reservation passIdref="A3490273982" resId="A0130">
		<info_guests>
			<pass passId="A3490273982"/>
			<name firstname="Vera" surname=" Karafova"/>
			<mail>kar@vera.cz</mail>
		</info_guests>
		<info_reservation>
			<country_list>
				<country>Afghanistan</country>
				<country>Akrotiri</country>
				<country>Albania</country>
				<country>Algeria</country>
				<country>American Samoa</country>
				<country>Andorra</country>
				<country>Angola</country>
				<country>Anguilla</country>
				<country>Antarctica</country>
				<country>Antigua and Barbuda</country>
				<country>Argentina</country>
				<country>Armenia</country>
				<country>Aruba</country>
				<country>other</country>
			</country_list>
			<rooms>
				<room>
					<beds> single </beds>
					<beds>child</beds>
					<chairs> 2 </chairs>
					<lockers>
						<bedside> 3</bedside>
						<hanger>2</hanger>
					</lockers>
				</room>
			</rooms>
			<category type="standard" />
			<check-in>2012-04-25</check-in>
			<check-out>2012-04-28</check-out>
			<services>breakfast internet</services>
			<price>3200</price>
			<signature> 
            </signature>
		</info_reservation>
		<payments>
			<name firstname="Vera" surname="Karafova"/>
			<card_info> master </card_info>
		</payments>
		<confirmations>
			<mail>kar@vera.cz</mail>
			<tel>123 685 789</tel>
		</confirmations>
		<p_infos>
			<mail>kar@vera.cz</mail>
			<p_tel>123 685 789</p_tel>
		</p_infos>
	</reservation>
	<!-- =============== other ================== -->
	<reservation passIdref="A3433291234" resId="A0131">
		<info_guests>
			<pass passId="A3433291234"/>
			<name firstname="Martin" surname=" Antonov"/>
			<mail>martin@antonov.cz</mail>
		</info_guests>
		<info_reservation>
			<country_list>
				<country>Afghanistan</country>
				<country>Akrotiri</country>
				<country>Albania</country>
				<country>Algeria</country>
				<country>American Samoa</country>
				<country>Andorra</country>
				<country>Angola</country>
				<country>Anguilla</country>
				<country>Antarctica</country>
				<country>Antigua and Barbuda</country>
				<country>Argentina</country>
				<country>Armenia</country>
				<country>Aruba</country>
				<country>other</country>
			</country_list>
			<rooms>
				<room>
					<beds> single </beds>
					<chairs> 2 </chairs>
					<lockers>
						<bedside> 1</bedside>
						<hanger>1</hanger>
					</lockers>
				</room>
			</rooms>
			<category type="standard"/>
			<check-in>2012-07-15</check-in>
			<check-out>2012-08-20</check-out>
			<services>breakfast internet</services>
			<price>10500</price>
			<signature> 
            </signature>
		</info_reservation>
		<payments>
			<name firstname="Martin" surname=" Antonov"/>
			<card_info> master </card_info>
		</payments>
		<confirmations>
			<mail>tomas.t@seznam.cz</mail>
			<tel>123 323 789</tel>
		</confirmations>
		<p_infos>
			<mail>tomas.t@seznam.cz</mail>
			<p_tel>123 323 789</p_tel>
		</p_infos>
	</reservation>
	<!-- delivery address -->
	<reservation passIdref="A3433212345" resId="A0134">
		<!--============= other ==================== -->
		<info_guests>
			<pass passId="A3433212345"/>
			<name firstname="Dagmar" surname=" Krejckova"/>
			<mail>dagmar@dagmar</mail>
		</info_guests>
		<info_reservation>
			<country_list>
				<country>Afghanistan</country>
				<country>Akrotiri</country>
				<country>Albania</country>
				<country>Algeria</country>
				<country>American Samoa</country>
				<country>Andorra</country>
				<country>Angola</country>
				<country>Anguilla</country>
				<country>Antarctica</country>
				<country>Antigua and Barbuda</country>
				<country>Argentina</country>
				<country>Armenia</country>
				<country>Aruba</country>
				<country>other</country>
			</country_list>
			<rooms>
				<room>
					<beds> single </beds>
					<chairs> 2 </chairs>
					<lockers>
						<bedside> 2</bedside>
						<hanger>1</hanger>
					</lockers>
				</room>
			</rooms>
			<category type="standard"/>
			<check-in>2012-05-15</check-in>
			<check-out>2012-05-16</check-out>
			<services>breakfast internet</services>
			<price>400</price>
			<signature> 
            </signature>
		</info_reservation>
		<payments>
			<name firstname="Daniela" surname="Krejckova"/>
			<card_info> master </card_info>
		</payments>
		<confirmations>
			<mail>dagmar@dagmar.cz</mail>
			<tel>123 323 534</tel>
		</confirmations>
		<p_infos>
			<mail>daniela@krejckova.cz</mail>
			<p_tel>123 323 781</p_tel>
		</p_infos>
		<!-- ================ other ================ -->
	</reservation>
	<!-- delivery address -->
	<reservation passIdref="A3412398403" resId="A0136">
		<info_guests>
			<pass passId="A3412398403"/>
			<name firstname="Kveta" surname=" Cejka"/>
			<mail>kveta@seznam.cz</mail>
		</info_guests>
		<info_reservation>
			<country_list>
				<country>Afghanistan</country>
				<country>Akrotiri</country>
				<country>Albania</country>
				<country>Algeria</country>
				<country>American Samoa</country>
				<country>Andorra</country>
				<country>Angola</country>
				<country>Anguilla</country>
				<country>Antarctica</country>
				<country>Antigua and Barbuda</country>
				<country>Argentina</country>
				<country>Armenia</country>
				<country>Aruba</country>
				<country>other</country>
			</country_list>
			<rooms>
				<room>
					<beds> single </beds>
					<chairs> 2 </chairs>
					<lockers>
						<bedside> 1</bedside>
						<hanger>1</hanger>
					</lockers>
				</room>
			</rooms>
			<category type="standard" />
			<check-in>2012-03-17</check-in>
			<check-out>2012-03-20</check-out>
			<services>breakfast internet</services>
			<price>1400</price>
			<signature> 
            </signature>
		</info_reservation>
		<payments>
			<name firstname="Josef" surname="Cejka"/>
			<card_info> visa </card_info>
		</payments>
		<confirmations>
			<mail>kveta@seznam.cz</mail>
			<tel>123 303 789</tel>
		</confirmations>
		<p_infos>
			<mail>josef@seznam.cz</mail>
			<p_tel>123 777 789</p_tel>
		</p_infos>
	</reservation>
</reservations>
