<?xml version="1.0" encoding="UTF-8"?>
<?xml-stylesheet type="text/xml" href="data.xsl"?>

<!DOCTYPE playoff SYSTEM "data.dtd">
<playoff>
	<teams>
		<team id="wc">
			<city>Washington</city>
			<name>Capitals</name>
		</team>
		<team id="mc">
			<city>Montreal</city>
			<name>Canadiens</name>
		</team>
		<team id="njd">
			<city>New Jersey</city>
			<name>Devils</name>
		</team>
		<team id="pf">
			<city>Philadelphia</city>
			<name>Flyers</name>
		</team>
		<team id="bs">
			<city>Buffalo</city>
			<name>Sabres</name>
		</team>
		<team id="bb">
			<city>Boston</city>
			<name>Bruins</name>
		</team>
		<team id="pp">
			<city>Pittsburgh</city>
			<name>Penguins</name>
		</team>
		<team id="os">
			<city>Ottawa</city>
			<name>Senators</name>
		</team>
		<team id="sjs">
			<city>San Jose</city>
			<name>Sharks</name>
		</team>
		<team id="ca">
			<city>Colorado</city>
			<name>Avalanche</name>
		</team>
		<team id="cb">
			<city>Chicago</city>
			<name>Blackhawks</name>
		</team>
		<team id="np">
			<city>Nashville</city>
			<name>Predators</name>
		</team>
		<team id="vc">
			<city>Vancouver</city>
			<name>Canucks</name>
		</team>
		<team id="lak">
			<city>Los Angeles</city>
			<name>Kings</name>
		</team>
		<team id="pc">
			<city>Phoenix</city>
			<name>Coyotes</name>
		</team>
		<team id="drw">
			<city>Detroit</city>
			<name>Red Wings</name>
		</team>
	</teams>
	<!--********************************************************************************************
		************************                 čtvrtfinále               *********************************
		********************************************************************************************-->
	<quarter-finals>
		<series id="_01" winner_advance_to="_05">
			<seed id="pp"/>
			<seed id="mc"/>
			<round home_team="pp">
				<goal side="pp" time="12:33"/>
				<goal side="pp" time="14:21"/>
				<goal side="mc" time="33:57"/>
				<penalty player="Jamie Langenbrunner" minutes="5" type="roughing" time="34:32"/>
				<goal side="mc" time="45:00"/>
				<goal side="mc" time="58:02"/>
				<result>
					<home>2</home>
					<away>3</away>
					<end type="full_time"/>
				</result>
				<winner id="mc"/>
			</round>
			<round home_team="pp">
				<goal side="pp" time="17:18"/>
				<goal side="pp" time="44:21"/>
				<result>
					<home>2</home>
					<away>0</away>
					<end type="full_time"/>
				</result>
				<winner id="mc"/>
			</round>
			<round home_team="mc">
				<goal side="pp" time="12:33"/>
				<goal side="pp" time="14:21"/>
				<goal side="mc" time="33:57"/>
				<goal side="mc" time="45:00"/>
				<goal side="pp" time="69:02"/>
				<result>
					<home>2</home>
					<away>3</away>
					<end type="over_time"/>
				</result>
				<winner id="mc"/>
			</round>
			<round home_team="mc">
				<goal side="pp" time="12:33"/>
				<goal side="pp" time="14:21"/>
				<goal side="mc" time="33:57"/>
				<goal side="mc" time="45:00"/>
				<goal side="pp" time="58:02"/>
				<result>
					<home>2</home>
					<away>3</away>
					<end type="full_time"/>
				</result>
				<winner id="mc"/>
			</round>
			<summary>&mc; &goes_into; &sf;</summary>
			<winner id="mc"/>
		</series>
		<series id="_02" winner_advance_to="_05">
			<seed id="bb"/>
			<seed id="pf"/>
			<round home_team="bb">
				<goal side="bb" time="12:45"/>
				<goal side="pf" time="55:02"/>
				<goal side="bb" time="55:48"/>
				<result>
					<home>2</home>
					<away>1</away>
					<end type="full_time"/>
				</result>
				<winner id="bb"/>
			</round>
			<round home_team="bb">
				<goal side="bb" time="15:45"/>
				<goal side="bb" time="25:52"/>
				<goal side="pf" time="35:18"/>
				<result>
					<home>2</home>
					<away>1</away>
					<end type="full_time"/>
				</result>
				<winner id="bb"/>
			</round>
			<round home_team="pf">
				<goal side="bb" time="1:02"/>
				<result>
					<home>0</home>
					<away>1</away>
					<end type="full_time"/>
				</result>
				<winner id="bb"/>
			</round>
			<summary>&bb; &goes_into; &sf;</summary>
			<winner id="bb"/>
		</series>
		<series id="_03" winner_advance_to="_06">
			<seed id="sjs"/>
			<seed id="drw"/>
			<round home_team="sjs">
				<goal side="sjs" time="59:59"/>
				<result>
					<home>1</home>
					<away>0</away>
					<end type="full_time"/>
				</result>
				<winner id="sjs"/>
			</round>
			<round home_team="sjs">
				<goal side="sjs" time="12:12"/>
				<goal side="sjs" time="12:25"/>
				<goal side="drw" time="13:57"/>
				<goal side="sjs" time="14:29"/>
				<goal side="sjs" time="16:17"/>
				<goal side="drw" time="18:25"/>
				<goal side="drw" time="19:57"/>
				<goal side="sjs" time="23:29"/>
				<goal side="sjs" time="26:17"/>
				<result>
					<home>6</home>
					<away>3</away>
					<end type="full_time"/>
				</result>
				<winner id="sjs"/>
			</round>
			<round home_team="drw">
				<goal side="drw" time="33:21"/>
				<goal side="drw" time="45:22"/>
				<goal side="drw" time="55:23"/>
				<goal side="drw" time="59:24"/>
				<result>
					<home>4</home>
					<away>0</away>
					<end type="full_time"/>
				</result>
				<winner id="drw"/>
			</round>
			<round home_team="drw">
				<goal side="sjs" time="24:45"/>
				<result>
					<home>0</home>
					<away>1</away>
					<end type="full_time"/>
				</result>
				<winner id="sjs"/>
			</round>
			<round home_team="sjs">
				<goal side="sjs" time="24:45"/>
				<goal side="drw" time="44:45"/>
				<goal side="drw" time="55:45"/>
				<goal side="sjs" time="58:45"/>
				<goal side="sjs" time="63:45"/>
				<result>
					<home>3</home>
					<away>2</away>
					<end type="over_time"/>
				</result>
				<winner id="sjs"/>
			</round>
			<summary>&sjs; &goes_into; &sf;</summary>
			<winner id="sjs"/>
		</series>
		<series id="_04" winner_advance_to="_06">
			<seed id="cb"/>
			<seed id="vc"/>
			<round home_team="cb">
				<goal side="cb" time="11:11"/>
				<goal side="cb" time="52:01"/>
				<result>
					<home>2</home>
					<away>0</away>
					<end type="full_time"/>
				</result>
				<winner id="cb"/>
			</round>
			<round home_team="cb">
				<goal side="vc" time="39:59"/>
				<result>
					<home>0</home>
					<away>1</away>
					<end type="full_time"/>
				</result>
				<winner id="vc"/>
			</round>
			<round home_team="vc">
				<goal side="cb" time="23:23"/>
				<goal side="cb" time="25:23"/>
				<goal side="cb" time="26:23"/>
				<goal side="vc" time="46:23"/>
				<result>
					<home>1</home>
					<away>3</away>
					<end type="full_time"/>
				</result>
				<winner id="cb"/>
			</round>
			<round home_team="vc">
				<goal side="cb" time="11:52"/>
				<goal side="cb" time="24:55"/>
				<goal side="vc" time="31:00"/>
				<goal side="vc" time="35:20"/>
				<goal side="cb" time="44:29"/>
				<goal side="cb" time="59:00"/>
				<result>
					<home>2</home>
					<away>4</away>
					<end type="full_time"/>
				</result>
				<winner id="cb"/>
			</round>
			<summary>&cb; &goes_into; &sf;</summary>
			<winner id="cb"/>
		</series>
	</quarter-finals>
	<!--********************************************************************************************
		************************                 semifinále                 *********************************
		********************************************************************************************-->
	<semi-finals>
		<series id="_05" winner_advance_to="_07">
			<seed id="pf"/>
			<seed id="mc"/>
			<round home_team="pf">
				<goal side="pf" time="2:23"/>
				<goal side="pf" time="4:09"/>
				<goal side="mc" time="49:00"/>
				<penalty player="Simon Gagne" minutes="2" type="slashing" time="24:37"/>
				<result>
					<home>2</home>
					<away>1</away>
					<end type="full_time"/>
				</result>
				<winner id="pf"/>
			</round>
			<round home_team="pf">
				<goal side="pf" time="6:23"/>
				<goal side="pf" time="54:09"/>
				<goal side="pf" time="59:00"/>
				<penalty player="Mike Richards" minutes="2" type="holding" time="49:47"/>
				<result>
					<home>3</home>
					<away>0</away>
					<end type="full_time"/>
				</result>
				<winner id="pf"/>
			</round>
			<round home_team="mc">
				<goal side="pf" time="43:23"/>
				<goal side="pf" time="45:09"/>
				<goal side="mc" time="49:00"/>
				<goal side="mc" time="49:50"/>
				<goal side="pf" time="64:20"/>
				<penalty player="Simon Gagne" minutes="2" type="slashing" time="24:37"/>
				<penalty player="Glen Michaels" minutes="4" type="inteference" time="5:09"/>
				<result>
					<home>2</home>
					<away>1</away>
					<end type="over_time"/>
				</result>
				<winner id="pf"/>
			</round>
			<summary>&pf; &goes_into; &f;</summary>
			<winner id="pf"/>
		</series>
		<series id="_06" winner_advance_to="_07">
			<seed id="sjs"/>
			<seed id="cb"/>
			<round home_team="sjs">
				<goal side="cb" time="34:55"/>
				<goal side="cb" time="43:22"/>
				<goal side="cb" time="45:21"/>
				<goal side="sjs" time="57:09"/>
				<result>
					<home>1</home>
					<away>3</away>
					<end type="full_time"/>
				</result>
				<winner id="cb"/>
			</round>
			<round home_team="sjs">
				<goal side="cb" time="34:55"/>
				<goal side="cb" time="43:22"/>
				<goal side="sjs" time="57:09"/>
				<result>
					<home>1</home>
					<away>2</away>
					<end type="full_time"/>
				</result>
				<winner id="cb"/>
			</round>
			<round home_team="cb">
				<goal side="cb" time="6:55"/>
				<goal side="cb" time="12:22"/>
				<goal side="cb" time="44:21"/>
				<result>
					<home>0</home>
					<away>3</away>
					<end type="full_time"/>
				</result>
				<winner id="cb"/>
			</round>
			<summary>&cb; &goes_into; &f;</summary>
			<winner id="cb"/>
		</series>
	</semi-finals>
	<!--********************************************************************************************
		************************                 finále                    *********************************
		********************************************************************************************-->
	<final>
		<series id="_07">
			<seed id="cb"/>
			<seed id="pf"/>
			<round home_team="cb">
				<goal side="cb" time="14:51"/>
				<goal side="cb" time="24:33"/>
				<goal side="cb" time="34:52"/>
				<goal side="pf" time="44:26"/>
				<result>
					<home>3</home>
					<away>1</away>
					<end type="full_time"/>
				</result>
				<winner id="cb"/>
			</round>
			<round home_team="cb">
				<goal side="cb" time="14:51"/>
				<goal side="cb" time="24:33"/>
				<goal side="pf" time="34:52"/>
				<goal side="pf" time="44:26"/>
				<goal side="cb" time="64:41"/>
				<result>
					<home>3</home>
					<away>2</away>
					<end type="over_time"/>
				</result>
				<winner id="cb"/>
			</round>
			<round home_team="pf">
				<goal side="cb" time="14:51"/>
				<goal side="cb" time="34:52"/>
				<goal side="pf" time="44:26"/>
				<result>
					<home>1</home>
					<away>2</away>
					<end type="full_time"/>
				</result>
				<winner id="cb"/>
			</round>
			<summary>&cb; &has_won;</summary>
			<winner id="cb"/>
		</series>
	</final>
	
<misc>
<![CDATA[
	Please feel free to send any questions to faq<at>nhl<dot>com.
]]>
</misc>	
	
</playoff>
