<?xml version="1.0" encoding="UTF-8"?>
	
<!DOCTYPE vojaci SYSTEM "data2.dtd">

<vojaci>
	<vojak id="v1" hodnost="h2">
		<jmeno>
			<praenomen>as</praenomen>
			<nomen>Fs</nomen>
			<cognomen>Veanus</cognomen>
		</jmeno>
		<vestanu>
			<s vojakem="v2"/>
		</vestanu>
	</vojak>
	
	<vojak id="v2" hodnost="h3">
		<jmeno>
			<praenomen>esf</praenomen>
			<nomen>afws</nomen>
			<cognomen>Vefefasnus</cognomen>
		</jmeno>
	</vojak>
	
	<vojak id="v3" hodnost="h4">
		<jmeno>
			<praenomen>eaf</praenomen>
			<nomen>efs</nomen>
			<cognomen>Vaefenus</cognomen>
		</jmeno>
		<vestanu>
			<s vojakem="v4"/>
			<s vojakem="v5"/>
		</vestanu>
	</vojak>
	
	<vojak id="v4" hodnost="h5">
		<jmeno>
			<praenomen>ef</praenomen>
			<nomen>efaf</nomen>
			<cognomen>Vefefs</cognomen>
		</jmeno>
	</vojak>
	
	<vojak id="v5" hodnost="h6">
		<jmeno>
			<praenomen>aefT</praenomen>
			<nomen>Fwafs</nomen>
			<cognomen>Veanueafas</cognomen>
		</jmeno>
	</vojak>
</vojaci>