<?xml version="1.0" encoding="UTF-8"?>
	
<!DOCTYPE legie SYSTEM "data.dtd">

<!-- XML II. legie -->
<legie cislo="II" nazev="Augusta" provincie="Britanie">
	<kohorta cislo="I">
		<centurie cislo="I">
			<vojak narodnost="rimska" hodnost="h1" stav="jezdec">
				<jmeno> <!-- legat II. legie pozdeji cisar -->
					<praenomen>Titus</praenomen>
					<nomen>Flavius</nomen>
					<cognomen>Vespasianus</cognomen>
				</jmeno>
			</vojak>
			
			<vojak narodnost="rimska" hodnost="h6" stav="senator">
				<jmeno> <!-- dusledny obrance republiky -->
					<praenomen>Marcus</praenomen>
					<nomen>Porcius</nomen>
					<cognomen>Cato</cognomen>
				</jmeno>
			</vojak>
			
			<vojak narodnost="rimska" hodnost="h2" stav="senator">
				<jmeno> <!-- nejvetsi obrance republiky -->
					<praenomen>Marcus</praenomen>
					<nomen>Iunius</nomen>
					<cognomen>Brutus</cognomen>
				</jmeno>
			</vojak>
			
			<vojak narodnost="rimska" hodnost="h3">
				<jmeno> <!-- nejlepsi vychodo-rimsky general -->
					<praenomen>Flavius</praenomen>
					<nomen>Belisarius</nomen>
				</jmeno>
			</vojak>
			
			<vojak narodnost="helenska" hodnost="h4">
				<jmeno> <!-- antensky strategos -->
					<praenomen>Nikias</praenomen>
					<nomen>syn Nikeratuv</nomen>
				</jmeno>
			</vojak>
		</centurie>
		<centurie cislo="II">
			<vojak narodnost="rimska" hodnost="h2" stav="senator">
				<jmeno> <!-- nejvetsi obrance republiky -->
					<praenomen>Quintus</praenomen>
					<nomen>Fabius</nomen>
					<cognomen>Maximus</cognomen>
				</jmeno>
			</vojak>
			<vojak narodnost="helenska" hodnost="h2" stav="plebej">
				<jmeno> 
					<nomen>A</nomen>
					<cognomen>Flavius</cognomen>
				</jmeno>
			</vojak>
		</centurie>
	</kohorta>
</legie>