<?xml version="1.0" encoding="UTF-8"?>
	
<!DOCTYPE hodnosti SYSTEM "hodnosti.dtd">

<hodnosti>
	<hodnost id="h0"><![CDATA[<b>cisar</b>]]></hodnost>
	<hodnost id="h1">legat</hodnost>
	<hodnost id="h2">tribun</hodnost>
	<hodnost id="h3">centurion</hodnost>
	<hodnost id="h4">legionar</hodnost>
	<hodnost id="h5">nosic standarty</hodnost>
	<hodnost id="h6">prvni tribun</hodnost>
	<hodnost id="h7">optio</hodnost>
	<hodnost id="h8">prefekt tábora</hodnost>
	<hodnost id="h9">nosic orla</hodnost>
</hodnosti>