<?xml version="1.0" encoding="UTF-8"?>

<databaze
    xmlns:xsi="http://www.w3.org/2001/XMLSchema-instance"
    xsi:noNamespaceSchemaLocation="data.xsd">
  <osoby>
    <osoba id_osoby="alois1">
      <jmeno>Alois</jmeno>
      <prijmeni>Žemlička</prijmeni>
      <prezdivka>Kulička</prezdivka>
      
      <bydliste druh="stálé" ref_mista="aloisuv_byt" />
      
      <kontakt>
        <telefon>123456789</telefon>
        <telefon zeme="nl">415783127</telefon>
        <email>alois@kulicka.cz</email>
      </kontakt>
      
      <kamarad id_osoby="beata1" />

      <zamestnani>
        <zamestnavatel>Initrode intl.</zamestnavatel>
        <pozice>Účetní</pozice>
      </zamestnani>

      <dluh id_osoby="beata1">
        <co>5 000 Kč</co>
        <datum>
          <den>8</den>
          <mesic>5</mesic>
          <rok>2011</rok>
        </datum>
        <poznamka>
          Algoritmus pro určení celkové částky vč. úroků:
<![CDATA[
s <- 5000
d <- "den vzniku dluhu -- 8. kvetna 2011"
while d - now() > "mesic":
  s <- s * 1.02
  d <- d + "mesic"
]]>
        </poznamka>
      </dluh>
    </osoba>
  
    <osoba id_osoby="beata1">
      <jmeno>Beáta</jmeno>
      <prijmeni>Záhorská</prijmeni>
      <prezdivka>Lama</prezdivka>
      
      <bydliste druh="stálé" ref_mista="beaty_byt" />
      <bydliste druh="přechodné" ref_mista="aloisuv_byt" />
      
      <kontakt>
        <telefon>147258369</telefon>
        <?php if (working()) echo "<telefon>456720706</telefon>"; ?>  <!-- Pracovní telefon jen pokud ještě pracuje -->
        <im typ="ICQ">159357258</im>
        <im typ="MSN">beata@microsoft.com</im>
        <email>beata@microsoft.com</email>
      </kontakt>
      
      <kamarad id_osoby="alois1" />
      <kamarad id_osoby="cyril1" />
      <kamarad id_osoby="dana1" />

      <zamestnani>
        <zamestnavatel>Acme</zamestnavatel>
        <pozice>Sekretářka</pozice>
      </zamestnani>
      
      <poznamka>
        Labilní dítě.
      </poznamka>
    </osoba>
    
    <osoba id_osoby="cyril1">
      <jmeno>Cyril</jmeno>
      <prijmeni>Toman</prijmeni>
      
      <bydliste druh="stálé" ref_mista="cyriluv_dum" />
      
      <kamarad id_osoby="beata1" />
      <kamarad id_osoby="dana1" />

      <zamestnani>
        <zamestnavatel>Acme</zamestnavatel>
        <pozice>Skladník</pozice>
      </zamestnani>

      <poznamka>
        Má rád Comic Sans a HTML 2.
      </poznamka>
    </osoba>
    
    <osoba id_osoby="dana1">
      <jmeno>Dana</jmeno>
      <prijmeni>Staňková</prijmeni>
      
      <bydliste druh="stálé" ref_mista="cyriluv_dum" />
      
      <kamarad id_osoby="beata1" />
      <kamarad id_osoby="cyril1" />

      <zamestnani>
        <zamestnavatel>Initrode intl.</zamestnavatel>
        <pozice>Brigádnice</pozice>
      </zamestnani>
      <zamestnani>
        <zamestnavatel>Acme</zamestnavatel>
        <pozice>Brigádnice</pozice>
      </zamestnani>
      
      <poznamka>
        <ref_osoby id_osoby="cyril1">Cyrilova</ref_osoby> žena.
      </poznamka>
    </osoba>
  </osoby>
  
  <mista>                   
    <misto id_mista="aloisuv_byt">
      <adresa>
        <mesto>Praha</mesto>
        <psc>102 00</psc>
        <ulice>Mokrá</ulice>
        <cp>108</cp>
      </adresa>
    </misto>
    
    <misto id_mista="beaty_byt">
      <adresa>
        <mesto>Paříž</mesto>
        <psc>456 87</psc>
        <ulice>Rue aquatique</ulice>
        <cp>576</cp>
        <stat>Francie</stat>
      </adresa>
      <popis>
        Polorozpadlý sdílený byteček v Paříži.
      </popis>
    </misto>
    
    <misto id_mista="cyriluv_dum">
      <adresa>
        <mesto>Ostrava</mesto>
        <psc>747 64</psc>
        <ulice>Zakouřená</ulice>
        <cp>178</cp>
      </adresa>
    </misto>
  </mista>
</databaze>
