<?xml version="1.0"?>

<kurzy>
	<kategorie id="c1" jmeno="Fotbal">
		<kategorie id="c1.1" jmeno="Česko">
			<kategorie id="c1.1.1" jmeno="1. liga">
				<sazkova-prilezitost id="sp1.1.1-1">
					<domaci>Sparta</domaci>
					<hoste>Slavia</hoste>
					<zacatek-zapasu>2012-03-25 16:00:00</zacatek-zapasu>
					<uzaverka-sazek>2012-03-25 16:00:00</uzaverka-sazek>
					<dostupne-tipy>
						<tip typ="1" kurz="1.45"/>
						<tip typ="0" kurz="2"/>
						<tip typ="2" kurz="3.15"/>
					</dostupne-tipy>
				</sazkova-prilezitost>
				<sazkova-prilezitost id="sp1.1.1-2">
					<domaci>Plzeň</domaci>
					<hoste>Ostrava</hoste>
					<zacatek-zapasu>2012-03-25 17:00:00</zacatek-zapasu>
					<uzaverka-sazek>2012-03-25 17:00:00</uzaverka-sazek>
					<dostupne-tipy>
						<tip typ="1" kurz="1.45"/>
						<tip typ="0" kurz="2"/>
						<tip typ="2" kurz="3.15"/>
					</dostupne-tipy>
				</sazkova-prilezitost>
			</kategorie>
			<kategorie id="c1.1.2" jmeno="2. liga"/>
		</kategorie>
		<kategorie id="c1.2" jmeno="Anglie">
			<sazkova-prilezitost id="sp1.2-1">
				<domaci>Chelsea</domaci>
				<hoste>Manchester</hoste>
				<zacatek-zapasu>2012-03-26 15:00:00</zacatek-zapasu>
				<uzaverka-sazek>2012-03-26 15:00:00</uzaverka-sazek>
				<dostupne-tipy>
					<tip typ="1" kurz="1.45"/>
					<tip typ="0" kurz="2"/>
					<tip typ="2" kurz="3.15"/>
				</dostupne-tipy>
			</sazkova-prilezitost>
			<sazkova-prilezitost id="sp1.2-2">
				<domaci>Liverpool</domaci>
				<hoste>Blackburn</hoste>
				<zacatek-zapasu>2012-03-27 15:00:00</zacatek-zapasu>
				<uzaverka-sazek>2012-03-27 15:00:00</uzaverka-sazek>
				<dostupne-tipy>
					<tip typ="1" kurz="1.45"/>
					<tip typ="0" kurz="2"/>
					<tip typ="2" kurz="3.15"/>
				</dostupne-tipy>
			</sazkova-prilezitost>
		</kategorie>
	</kategorie>
	<kategorie id="c2" jmeno="Hokej">
		<kategorie id="c2.1" jmeno="Česko">
			<kategorie id="c2.1.1" jmeno="Extraliga">
				<sazkova-prilezitost id="sp2.1.1-1">
					<domaci>Vítkovice</domaci>
					<hoste>Brno</hoste>
					<zacatek-zapasu>2012-03-20 18:00:00</zacatek-zapasu>
					<uzaverka-sazek>2012-03-20 18:00:00</uzaverka-sazek>
					<dostupne-tipy>
						<tip typ="1" kurz="1.45"/>
						<tip typ="0" kurz="2"/>
						<tip typ="2" kurz="3.15"/>
					</dostupne-tipy>
				</sazkova-prilezitost>
				<sazkova-prilezitost id="sp2.1.1-2">
					<domaci>Plzeň</domaci>
					<hoste>Liberec</hoste>
					<zacatek-zapasu>2012-03-20 18:00:00</zacatek-zapasu>
					<uzaverka-sazek>2012-03-20 18:00:00</uzaverka-sazek>
					<dostupne-tipy>
						<tip typ="1" kurz="1.45"/>
						<tip typ="0" kurz="2"/>
						<tip typ="2" kurz="3.15"/>
					</dostupne-tipy>
				</sazkova-prilezitost>
				<sazkova-prilezitost id="sp2.1.1-3">
					<domaci>Pardubice</domaci>
					<hoste>Slavia</hoste>
					<zacatek-zapasu>2012-03-20 18:00:00</zacatek-zapasu>
					<uzaverka-sazek>2012-03-20 18:00:00</uzaverka-sazek>
					<dostupne-tipy>
						<tip typ="1" kurz="1.45"/>
						<tip typ="0" kurz="2"/>
						<tip typ="2" kurz="3.15"/>
					</dostupne-tipy>
				</sazkova-prilezitost>
				<sazkova-prilezitost id="sp2.1.1-4">
					<domaci>Kladno</domaci>
					<hoste>Mladá Boleslav</hoste>
					<zacatek-zapasu>2012-03-20 18:00:00</zacatek-zapasu>
					<uzaverka-sazek>2012-03-20 18:00:00</uzaverka-sazek>
					<dostupne-tipy>
						<tip typ="1" kurz="1.45"/>
						<tip typ="0" kurz="2"/>
						<tip typ="2" kurz="3.15"/>
					</dostupne-tipy>
				</sazkova-prilezitost>
			</kategorie>
			<kategorie id="c2.1.2" jmeno="1. liga">
				<sazkova-prilezitost id="sp2.1.2-1">
					<domaci>Chomutov</domaci>
					<hoste>Ústí nad Labem</hoste>
					<zacatek-zapasu>2012-04-01 18:00:00</zacatek-zapasu>
					<uzaverka-sazek>2012-04-01 18:00:00</uzaverka-sazek>
					<dostupne-tipy>
						<tip typ="1" kurz="1.45"/>
						<tip typ="0" kurz="2"/>
						<tip typ="2" kurz="3.15"/>
					</dostupne-tipy>
				</sazkova-prilezitost>
				<sazkova-prilezitost id="sp2.1.2-2">
					<domaci>Šumperk</domaci>
					<hoste>Olomouc</hoste>
					<zacatek-zapasu>2012-04-01 17:00:00</zacatek-zapasu>
					<uzaverka-sazek>2012-04-01 17:00:00</uzaverka-sazek>
					<dostupne-tipy>
						<tip typ="1" kurz="1.45"/>
						<tip typ="0" kurz="2"/>
						<tip typ="2" kurz="3.15"/>
					</dostupne-tipy>
				</sazkova-prilezitost>
			</kategorie>
		</kategorie>
		<kategorie id="c2.2" jmeno="Rusko"/>
		<kategorie id="c2.3" jmeno="Švédsko"/>
		<kategorie id="c2.4" jmeno="Finsko"/>
	</kategorie>
	<kategorie id="c4" jmeno="Společenské sázky">
		<sazkova-prilezitost id="sp2-1">
			<nazev>Na kolik let odsoudí Ratha?</nazev>
			<uzaverka-sazek>2012-06-30 01:00:00</uzaverka-sazek>
			<dostupne-tipy>
				<tip typ="0 let" kurz="1.05"/>
				<tip typ="nejvýše 5 let" kurz="7"/>
				<tip typ="nejvýše 10 let" kurz="10"/>
				<tip typ="více než 10 let" kurz="15"/>
			</dostupne-tipy>
		</sazkova-prilezitost>
	</kategorie>
</kurzy>