<?xml version="1.0"?>

<sazky>
	<sazka id="s1" uid="u1">
		<datum-vlozeni>2012-01-01 22:56:00</datum-vlozeni>
		<vsazena-castka>500</vsazena-castka>
		<tipy>
			<tip tid="sp1.1.1-1" typ="1" />
			<tip tid="sp1.2-1" typ="0"/>
			<tip tid="sp2-1" typ="0 let"/>
		</tipy>
	</sazka>
	<sazka id="s2" uid="u1">
		<datum-vlozeni>2012-01-01 22:57:00</datum-vlozeni>
		<vsazena-castka>1500</vsazena-castka>
		<tipy>
			<tip tid="sp2.1.2-2" typ="2" />
		</tipy>
	</sazka>
	<sazka id="s3" uid="u2">
		<datum-vlozeni>2012-01-01 22:58:00</datum-vlozeni>
		<vsazena-castka>10000</vsazena-castka>
		<tipy>
			<tip tid="sp2-1" typ="nejvýše 10 let" />
		</tipy>
	</sazka>
	<sazka id="s4" uid="u1">
		<datum-vlozeni>2012-01-01 22:58:00</datum-vlozeni>
		<vsazena-castka>200</vsazena-castka>
		<tipy>
			<tip tid="sp2.1.1-4" typ="2" />
			<tip tid="sp2.1.1-3" typ="2" />
		</tipy>
	</sazka>
</sazky>