<?xml version="1.0"?>

<uzivatele>
	<uzivatel id="u1">
		<platebni-karty>
			<platebni-karta id="pk1">
				<cislo-platebni-karty>12345</cislo-platebni-karty>
				<datum-platnosti-platebni-karty>10/14</datum-platnosti-platebni-karty>
				<kontrolni-kod-platebni-karty>000</kontrolni-kod-platebni-karty>
				<banka>
					<nazev-banky>Československá obchodní banka</nazev-banky>
					<cislo-uctu>168659686</cislo-uctu>
					<kod-banky>0300</kod-banky>
				</banka>
			</platebni-karta>
		</platebni-karty>
	</uzivatel>
	<uzivatel id="u2">
		<platebni-karty>
			<platebni-karta id="pk2">
				<cislo-platebni-karty>456123</cislo-platebni-karty>
				<datum-platnosti-platebni-karty>10/15</datum-platnosti-platebni-karty>
				<kontrolni-kod-platebni-karty>000</kontrolni-kod-platebni-karty>
				<banka>
					<nazev-banky>Komerční banka</nazev-banky>
					<cislo-uctu>165-765301985</cislo-uctu>
					<kod-banky>0800</kod-banky>
				</banka>
			</platebni-karta>
			<platebni-karta id="pk3">
				<cislo-platebni-karty>800000</cislo-platebni-karty>
				<datum-platnosti-platebni-karty>01/20</datum-platnosti-platebni-karty>
				<kontrolni-kod-platebni-karty>000</kontrolni-kod-platebni-karty>
				<banka>
					<nazev-banky>HSBC Bank plc</nazev-banky>
					<iban>800000-644-225424-2243834-244254</iban>
				</banka>
			</platebni-karta>
		</platebni-karty>
	</uzivatel>
	<uzivatel id="u3">
		<platebni-karty>
			<platebni-karta id="pk4">
				<cislo-platebni-karty>123456789</cislo-platebni-karty>
				<datum-platnosti-platebni-karty>10/14</datum-platnosti-platebni-karty>
				<kontrolni-kod-platebni-karty>000</kontrolni-kod-platebni-karty>
				<banka>
					<nazev-banky>Československá obchodní banka</nazev-banky>
					<cislo-uctu>168659136</cislo-uctu>
					<kod-banky>0300</kod-banky>
				</banka>
			</platebni-karta>
		</platebni-karty>
	</uzivatel>
	<uzivatel id="u4">
		<platebni-karty/>
	</uzivatel>
</uzivatele>