<?xml version="1.0" encoding="UTF-8"?>
<!DOCTYPE pekarna SYSTEM "data.dtd">
<pekarna>
	<!-- nejprve informace o majiteli -->
	<vlastnik>
		<jmeno><![CDATA[ document.writeln("Anicka Vomackova"); ]]></jmeno>
		<telefon>
			<?php echo "00420 123 456 789" ?>
		</telefon>
	</vlastnik>
	<!-- nabizeny sortiment - pecivo ma vzdy nejaky druh, ale muze se lisit v pouzitych surovinach -->
	<sortiment>
		<vyrobek druh="kobliha" idreceptu="rec_1" hmotnost="100" cena="10">
			<nazev>Ovocna kobliha</nazev>
			<suroviny napln="jahodova marmelada" mouka="60g"/>
		</vyrobek>
		<vyrobek druh="kobliha" idreceptu="rec_1" hmotnost="120" cena="15">
			<nazev>Cokoladova kobliha</nazev>
			<suroviny napln="cokoladova" mouka="60g"/>
		</vyrobek>
		<vyrobek druh="rohlik" idreceptu="rec_2" hmotnost="60" cena="1">
			<nazev>Rohlik tukovy</nazev>
			<suroviny druhmouky="hladka" mouka="40g"/>
		</vyrobek>
		<vyrobek druh="rohlik" idreceptu="rec_2" hmotnost="100" cena="5">
			<nazev>Celozrnny rohlik</nazev>
			<suroviny druhmouky="celozrnna" mouka="60g"/>
		</vyrobek>
		<vyrobek druh="rohlik" idreceptu="rec_2" hmotnost="60" cena="10">
			<nazev>Makovy rohlik</nazev>
			<suroviny druhmouky="hladka" mouka="50g"/>
		</vyrobek>
		<vyrobek druh="rohlik" idreceptu="rec_2" hmotnost="60" cena="5">
			<nazev>Slany rohlik</nazev>
			<suroviny druhmouky="hladka" mouka="40g"/>
		</vyrobek>
		<vyrobek druh="chleba" idreceptu="rec_3" hmotnost="1000" cena="30">
			<nazev>Chleb Sumava</nazev>
			<suroviny druhmouky="hruba" mouka="700g"/>
		</vyrobek>
		<vyrobek druh="chleba" idreceptu="rec_3" hmotnost="800" cena="35">
			<nazev>Kovarky chleb</nazev>
			<suroviny druhmouky="polohruba" mouka="500g"/>
		</vyrobek>
		<vyrobek druh="chleba" idreceptu="rec_3" hmotnost="500" cena="30">
			<nazev>Slunecnicovy chleb</nazev>
			<suroviny druhmouky="hruba" mouka="300g"/>
		</vyrobek>
		<vyrobek druh="vanocka" idreceptu="rec_4" hmotnost="500" cena="40">
			<nazev>Vanocka</nazev>
			<suroviny druhmouky="hladka" mouka="300g"/>
		</vyrobek>
	</sortiment>
	<!--seznam receptu, na ktere se odkazuji jednotlive vyrobky-->
	<recepty>
		<recept id="rec_1">
      Suroviny smichame dohromady, dame napln a smazime pet minut po obou stranach
    </recept>
		<recept id="rec_2">
      Suroviny smichame dohromady, nechame vykynout a peceme 20 minut pri 200 stupnich.
    </recept>
		<recept id="rec_3">
      Suroviny smichame dohromady, nechame vykynout a peceme 30 minut pri 200 stupnich.
    </recept>
		<recept id="rec_4">
      Suroviny smichame dohromady, nechame vykynout, rozdelime na dily, zapleteme je do sebe a peceme 30 minut pri 220 stupnich.
    </recept>
	</recepty>
	
	<!--odberatele nasi pekarny-->
	<odberatele>
		<korporace>
			<nazev>Prvni pekarenska korporace</nazev>
			<odberatel>
				<spolecnost>Pecivo na rohu</spolecnost>
				<adresa>
					<ulice>Hlavni</ulice>
					<cp>123</cp>
					<mesto>Praha</mesto>
					<psc>123 45</psc>
					<stat>&cz;</stat>
				</adresa>
				<email>info@pecivonarohu.cz</email>
				<odber>10000</odber>
				<odberatel>
					<spolecnost>Pecivo na rohu - Prodejna 1</spolecnost>
					<adresa>
						<ulice>Vedlejsi</ulice>
						<cp>123</cp>
						<mesto>Praha</mesto>
						<psc>123 45</psc>
						<stat>&cz;</stat>
					</adresa>
					<odber>1000</odber>
					<odberatel>
						<spolecnost>Pecivo na rohu - Prodejna 1.1</spolecnost>
						<adresa>
							<ulice>Vedlejsi</ulice>
							<cp>123/1</cp>
							<mesto>Praha</mesto>
							<psc>123 45</psc>
							<stat>&cz;</stat>
						</adresa>
						<odber>300</odber>
					</odberatel>
					<odberatel>
						<spolecnost>Pecivo na rohu - Prodejna 1.2</spolecnost>
						<adresa>
							<ulice>Vedlejsi</ulice>
							<cp>123/2</cp>
							<mesto>Praha</mesto>
							<psc>123 45</psc>
							<stat>&cz;</stat>
						</adresa>
						<odber>1000</odber>
					</odberatel>
				</odberatel>
				<odberatel>
					<spolecnost>Pecivo na rohu - Prodejna 2</spolecnost>
					<adresa>
						<ulice>Vedlejsi</ulice>
						<cp>321</cp>
						<mesto>Praha</mesto>
						<psc>123 45</psc>
						<stat>&cz;</stat>
					</adresa>
					<odber>500</odber>
				</odberatel>
			</odberatel>
			<odberatel>
				<spolecnost>Hociktere pecivo</spolecnost>
				<adresa>
					<ulice>Vedlejsi</ulice>
					<cp>321</cp>
					<mesto>Kosice</mesto>
					<psc>54 321</psc>
					<stat>&sk;</stat>
				</adresa>
				<odber>2000</odber>
			</odberatel>
		</korporace>
		<korporace>
			<nazev>Varmuzova korporace</nazev>
			<odberatel>
				<spolecnost>Varmuzova pekarna</spolecnost>
				<adresa>
					<ulice>Dlouha</ulice>
					<cp>222</cp>
					<mesto>Brno</mesto>
					<psc>321 45</psc>
					<stat>&cz;</stat>
				</adresa>
				<email>varmuzova@pekarna.info</email>
				<odber>8000</odber>
			</odberatel>
		</korporace>
	</odberatele>
</pekarna>
