<?xml version="1.0" encoding="UTF-8"?>
<zoznam
xmlns:xsi="http://www.w3.org/2001/XMLSchema-instance"
xsi:noNamespaceSchemaLocation="data.xsd">
<student foto="fotografia.png" id="i012456" videoprofil="video">
	<cisloosoby>546464656</cisloosoby>
	<!-- osobne udate -->
	<meno>Frantisek</meno>
	<priezvisko rodenny="Mrkvicka">Prizvucny</priezvisko>
		<narodenie>1990-07-24</narodenie>
	<!-- kontakt -->
	<telefon predvolba="0421">77564656</telefon>
	<telefon>77545641</telefon>
	<mail>franta@gmail.com</mail>
	<mail>prizvucny@ymail.com</mail>
	<!-- adresa -->
	<adresa>
		<ulica>Krasna</ulica>
		<cislo>5</cislo>
		<mesto>Myjava</mesto>
		<PSC>08225</PSC>
		<stat>SK</stat>
	</adresa>
	<adresa kolej="Kolej 17. Listopadu">
		<ulica>Patkova</ulica>
		<cislo>3</cislo>
		<mesto>Praha</mesto>
		<PSC>18200</PSC>
		<stat>CZ</stat>
	</adresa>
	<login>prizvucnyp</login>
	<status>studuje</status>
	<!-- popis studia v danom akademickom roku -->
	<studium forma="prezencna">
		<skola>Univerzita Karlova</skola>
		<fakulta>Matematicko Fyzikalna Fakulta</fakulta>
		<obor>Matematika</obor>
		<program>Finacna Matematika</program>
		<typ>Bakalarske</typ>
		<rocnik>1</rocnik>
		<studuje/>
		<predmety>
			<predmet p_id="NNLA">
				<nazov>Linearna Algebra I </nazov>
				<garant>Tomas Novotny</garant>
				<vyuka>
					<rozsah>2+2</rozsah>
					<exeminacia>Zk+Z</exeminacia>
				</vyuka>
				<semester>letny</semester>
				<akreditacia>6</akreditacia>
				<vyucujuci>
					<vmeno>Stanislav</vmeno>
					<vpriezvisko>Prisny</vpriezvisko>
					<titul>Prof.</titul>
				</vyucujuci>
				<rozvrh>
					<den>utorok</den>
					<cas>13:30:00</cas>
					<dlzka>90</dlzka>
				</rozvrh>
				<vyucovany/>
				<historia rok="2010">
					<vyucba>Stanislav Prisny</vyucba>
					<priemznamka>2.8</priemznamka>
					<priemusptermin>2</priemusptermin>
				</historia>
				<historia rok="2009">
					<vyucba>Stanislav Prisny</vyucba>
					<priemznamka>2</priemznamka>
					<priemusptermin>2</priemusptermin>
				</historia>
				<historia rok="2008">
					<vyucba>Stanislav Prisny</vyucba>
					<priemznamka>2.1</priemznamka>
					<priemusptermin>2</priemusptermin>
				</historia>
				<historia rok="2007">
					<vyucba>Stanislav Prisny</vyucba>
					<priemznamka>2.3</priemznamka>
					<priemusptermin>2</priemusptermin>
				</historia>
				<historia rok="2006">
					<vyucba>Stanislav Prisny</vyucba>
					<priemznamka>2</priemznamka>
					<priemusptermin>2</priemusptermin>
				</historia>
				<historia rok="2005">
					<vyucba>Stanislav Prisny</vyucba>
					<priemznamka>2</priemznamka>
					<priemusptermin>2</priemusptermin>
				</historia>
				<historia rok="2004">
					<vyucba>Stanislav Prisny</vyucba>
					<priemznamka>2</priemznamka>
					<priemusptermin>2</priemusptermin>
				</historia>
				<historia rok="2003">
					<vyucba>Stanislav Prisny</vyucba>
					<priemznamka>2</priemznamka>
					<priemusptermin>2</priemusptermin>
				</historia>
				<historia rok="2002">
					<vyucba>Stanislav Prisny</vyucba>
					<priemznamka>2</priemznamka>
					<priemusptermin>2</priemusptermin>
				</historia>
				<historia rok="2001">
					<vyucba >Stanislav Prisny</vyucba>
					<priemznamka>2</priemznamka>
					<priemusptermin>2</priemusptermin>
				</historia>
			</predmet>
			<predmet p_id="NNMI">
				<nazov>Matematicka Analyza I </nazov>
				<garant>Stanislav Prisny</garant>
				<vyuka>
					<rozsah>4+2</rozsah>
					<exeminacia>Zk+Z</exeminacia>
				</vyuka>
				<semester>letny</semester>
				<akreditacia>6</akreditacia>
				<vyucujuci>
					<vmeno>Jiri</vmeno>
					<vpriezvisko>Mraz</vpriezvisko>
					<titul>Doc.</titul>
				</vyucujuci>
				<rozvrh>
					<den>pondelok</den>
					<cas>12:20:00</cas>
					<dlzka>90</dlzka>
				</rozvrh>
				<vyucovany/>
				<historia rok="2010">
					<vyucba >Stanislav Prisny</vyucba>
					<priemznamka>2.3</priemznamka>
					<priemusptermin>2</priemusptermin>
				</historia>
				<historia rok="2009">
					<vyucba >Stanislav Prisny</vyucba>
					<priemznamka>1.8</priemznamka>
					<priemusptermin>2</priemusptermin>
				</historia>
				
			</predmet>
			<predmet p_id="NNMII">
				<nazov>Matematicka analyza II </nazov>
				<garant>Stanislav Prisny</garant>
				<vyuka>
					<rozsah>4+2</rozsah>
					<exeminacia>Zk+Z</exeminacia>
				</vyuka>
				<semester>zimny</semester>
				<akreditacia>6</akreditacia>
				<vyucujuci>
					<vmeno>Vojtech</vmeno>
					<vpriezvisko>Tkac</vpriezvisko>
					<titul>Phd.</titul>
				</vyucujuci>
				<rozvrh>
					<den>pondelok</den>
					<cas>12:20:00</cas>
					<dlzka>90</dlzka>
				</rozvrh>
				<vyucovany/>
				<historia rok="2010">
					<vyucba >Vojtech Tkac</vyucba>
					<priemznamka>2.8</priemznamka>
					<priemusptermin>3</priemusptermin>
				</historia>
				<historia rok="2009">
					<vyucba >Vojtech Tkac</vyucba>
					<priemznamka>1.9</priemznamka>
					<priemusptermin>2</priemusptermin>
				</historia>
				
			</predmet>
		</predmety>
	</studium>
	<identifikacia>DB/CAS</identifikacia>
	<!-- sprava dat-->
	<sprava>Igor Novotny</sprava>
</student>
</zoznam>