<?xml version="1.0" ?>
<vypujcky>
<vypujcka><kniha>k43</kniha><zakaznik>zk23</zakaznik><datumVypujceni>2004-07-20</datumVypujceni><datumVraceni>2004-08-05</datumVraceni></vypujcka>

<vypujcka><kniha>k36</kniha><zakaznik>zk22</zakaznik><datumVypujceni>2000-05-16</datumVypujceni><datumVraceni>2000-07-05</datumVraceni></vypujcka>
<vypujcka><kniha>k36</kniha><zakaznik>zk02</zakaznik><datumVypujceni>2006-12-20</datumVypujceni><datumVraceni>2007-02-01</datumVraceni></vypujcka>
<vypujcka><kniha>k38</kniha><zakaznik>zk32</zakaznik><datumVypujceni>2005-05-13</datumVypujceni><datumVraceni>2005-07-06</datumVraceni></vypujcka>
<vypujcka><kniha>k38</kniha><zakaznik>zk02</zakaznik><datumVypujceni>2012-08-03</datumVypujceni><datumVraceni>2012-08-19</datumVraceni></vypujcka>
<vypujcka><kniha>k11</kniha><zakaznik>zk234</zakaznik><datumVypujceni>2006-04-06</datumVypujceni><datumVraceni>2006-04-16</datumVraceni></vypujcka>
<vypujcka><kniha>k43</kniha><zakaznik>zk324</zakaznik><datumVypujceni>2010-07-23</datumVypujceni><datumVraceni>2010-07-26</datumVraceni></vypujcka>

<vypujcka><kniha>k11</kniha><zakaznik>zk490</zakaznik><datumVypujceni>2009-10-26</datumVypujceni><datumVraceni>2009-11-26</datumVraceni></vypujcka>
<vypujcka><kniha>k36</kniha><zakaznik>zk234</zakaznik><datumVypujceni>2002-11-21</datumVypujceni><datumVraceni>2003-01-02</datumVraceni></vypujcka>
<vypujcka><kniha>k92</kniha><zakaznik>zk324</zakaznik><datumVypujceni>2013-12-21</datumVypujceni></vypujcka>
<vypujcka><kniha>k92</kniha><zakaznik>zk324</zakaznik><datumVypujceni>2013-12-21</datumVypujceni></vypujcka>
<vypujcka><kniha>k92</kniha><zakaznik>zk324</zakaznik><datumVypujceni>2013-12-21</datumVypujceni></vypujcka>
<vypujcka><kniha>k11</kniha><zakaznik>zk32</zakaznik><datumVypujceni>2002-02-04</datumVypujceni><datumVraceni>2002-03-29</datumVraceni></vypujcka>
<vypujcka><kniha>k36</kniha><zakaznik>zk324</zakaznik><datumVypujceni>2002-06-05</datumVypujceni><datumVraceni>2002-06-15</datumVraceni></vypujcka>
<vypujcka><kniha>k35</kniha><zakaznik>zk490</zakaznik><datumVypujceni>2002-11-20</datumVypujceni><datumVraceni>2002-12-15</datumVraceni></vypujcka>
<vypujcka><kniha>k34</kniha><zakaznik>zk03</zakaznik><datumVypujceni>2006-10-11</datumVypujceni><datumVraceni>2006-12-02</datumVraceni></vypujcka>
<vypujcka><kniha>k34</kniha><zakaznik>zk32</zakaznik><datumVypujceni>2011-09-02</datumVypujceni><datumVraceni>2011-10-08</datumVraceni></vypujcka>
<vypujcka><kniha>k99</kniha><zakaznik>zk03</zakaznik><datumVypujceni>2008-05-05</datumVypujceni><datumVraceni>2008-06-04</datumVraceni></vypujcka>
<vypujcka><kniha>k92</kniha><zakaznik>zk03</zakaznik><datumVypujceni>2002-04-07</datumVypujceni><datumVraceni>2002-04-16</datumVraceni></vypujcka>
<vypujcka><kniha>k92</kniha><zakaznik>zk490</zakaznik><datumVypujceni>2007-04-30</datumVypujceni><datumVraceni>2007-05-29</datumVraceni></vypujcka>
<vypujcka><kniha>k43</kniha><zakaznik>zk03</zakaznik><datumVypujceni>2004-12-08</datumVypujceni><datumVraceni>2005-01-17</datumVraceni></vypujcka>


<vypujcka><kniha>k36</kniha><zakaznik>zk02</zakaznik><datumVypujceni>2012-10-10</datumVypujceni><datumVraceni>2012-11-17</datumVraceni></vypujcka>
<vypujcka><kniha>k35</kniha><zakaznik>zk324</zakaznik><datumVypujceni>2005-01-25</datumVypujceni><datumVraceni>2005-03-04</datumVraceni></vypujcka>
<vypujcka><kniha>k234</kniha><zakaznik>zk05</zakaznik><datumVypujceni>2006-03-26</datumVypujceni><datumVraceni>2006-05-16</datumVraceni></vypujcka>
<vypujcka><kniha>k92</kniha><zakaznik>zk234</zakaznik><datumVypujceni>2006-05-15</datumVypujceni><datumVraceni>2006-06-25</datumVraceni></vypujcka>
<vypujcka><kniha>k99</kniha><zakaznik>zk03</zakaznik><datumVypujceni>2001-06-17</datumVypujceni><datumVraceni>2001-07-12</datumVraceni></vypujcka>

<vypujcka><kniha>k34</kniha><zakaznik>zk23</zakaznik><datumVypujceni>2001-10-01</datumVypujceni><datumVraceni>2001-10-30</datumVraceni></vypujcka>
<vypujcka><kniha>k92</kniha><zakaznik>zk02</zakaznik><datumVypujceni>2005-02-14</datumVypujceni><datumVraceni>2005-03-01</datumVraceni></vypujcka>

<vypujcka><kniha>k38</kniha><zakaznik>zk490</zakaznik><datumVypujceni>2003-07-24</datumVypujceni><datumVraceni>2003-08-31</datumVraceni></vypujcka>

<vypujcka><kniha>k11</kniha><zakaznik>zk234</zakaznik><datumVypujceni>2001-07-12</datumVypujceni><datumVraceni>2001-07-29</datumVraceni></vypujcka>
<vypujcka><kniha>k36</kniha><zakaznik>zk02</zakaznik><datumVypujceni>2004-11-06</datumVypujceni><datumVraceni>2004-11-15</datumVraceni></vypujcka>
<vypujcka><kniha>k92</kniha><zakaznik>zk234</zakaznik><datumVypujceni>2003-06-16</datumVypujceni><datumVraceni>2003-07-23</datumVraceni></vypujcka>

<vypujcka><kniha>k234</kniha><zakaznik>zk22</zakaznik><datumVypujceni>2004-12-21</datumVypujceni><datumVraceni>2005-01-29</datumVraceni></vypujcka>
<vypujcka><kniha>k44</kniha><zakaznik>zk03</zakaznik><datumVypujceni>2009-08-16</datumVypujceni><datumVraceni>2009-10-08</datumVraceni></vypujcka>
<vypujcka><kniha>k92</kniha><zakaznik>zk03</zakaznik><datumVypujceni>2006-11-03</datumVypujceni><datumVraceni>2006-12-30</datumVraceni></vypujcka>
<vypujcka><kniha>k34</kniha><zakaznik>zk23</zakaznik><datumVypujceni>2005-01-12</datumVypujceni><datumVraceni>2005-02-26</datumVraceni></vypujcka>
<vypujcka><kniha>k34</kniha><zakaznik>zk22</zakaznik><datumVypujceni>2002-05-02</datumVypujceni><datumVraceni>2002-06-20</datumVraceni></vypujcka>

<vypujcka><kniha>k44</kniha><zakaznik>zk324</zakaznik><datumVypujceni>2002-04-08</datumVypujceni><datumVraceni>2002-04-25</datumVraceni></vypujcka>
<vypujcka><kniha>k11</kniha><zakaznik>zk32</zakaznik><datumVypujceni>2007-06-05</datumVypujceni><datumVraceni>2007-07-23</datumVraceni></vypujcka>
<vypujcka><kniha>k35</kniha><zakaznik>zk234</zakaznik><datumVypujceni>2013-09-11</datumVypujceni><datumVraceni>2013-09-17</datumVraceni></vypujcka>
<vypujcka><kniha>k38</kniha><zakaznik>zk03</zakaznik><datumVypujceni>2000-12-21</datumVypujceni><datumVraceni>2001-01-22</datumVraceni></vypujcka>
<vypujcka><kniha>k36</kniha><zakaznik>zk324</zakaznik><datumVypujceni>2000-04-26</datumVypujceni><datumVraceni>2000-05-08</datumVraceni></vypujcka>
<vypujcka><kniha>k99</kniha><zakaznik>zk23</zakaznik><datumVypujceni>2004-05-20</datumVypujceni><datumVraceni>2004-07-06</datumVraceni></vypujcka>
<vypujcka><kniha>k234</kniha><zakaznik>zk02</zakaznik><datumVypujceni>2003-02-26</datumVypujceni><datumVraceni>2003-03-08</datumVraceni></vypujcka>
<vypujcka><kniha>k44</kniha><zakaznik>zk490</zakaznik><datumVypujceni>2013-08-14</datumVypujceni><datumVraceni>2013-08-18</datumVraceni></vypujcka>
<vypujcka><kniha>k43</kniha><zakaznik>zk234</zakaznik><datumVypujceni>2013-11-26</datumVypujceni></vypujcka>
<vypujcka><kniha>k43</kniha><zakaznik>zk03</zakaznik><datumVypujceni>2009-09-07</datumVypujceni><datumVraceni>2009-10-25</datumVraceni></vypujcka>
<vypujcka><kniha>k36</kniha><zakaznik>zk22</zakaznik><datumVypujceni>2002-07-23</datumVypujceni><datumVraceni>2002-08-04</datumVraceni></vypujcka>
<vypujcka><kniha>k92</kniha><zakaznik>zk02</zakaznik><datumVypujceni>2003-12-16</datumVypujceni><datumVraceni>2004-02-07</datumVraceni></vypujcka>

<vypujcka><kniha>k43</kniha><zakaznik>zk32</zakaznik><datumVypujceni>2007-05-24</datumVypujceni><datumVraceni>2007-06-11</datumVraceni></vypujcka>
<vypujcka><kniha>k34</kniha><zakaznik>zk234</zakaznik><datumVypujceni>2007-06-14</datumVypujceni><datumVraceni>2007-07-20</datumVraceni></vypujcka>
<vypujcka><kniha>k43</kniha><zakaznik>zk02</zakaznik><datumVypujceni>2000-10-31</datumVypujceni><datumVraceni>2000-12-02</datumVraceni></vypujcka>
<vypujcka><kniha>k38</kniha><zakaznik>zk05</zakaznik><datumVypujceni>2001-06-06</datumVypujceni><datumVraceni>2001-07-16</datumVraceni></vypujcka>
<vypujcka><kniha>k34</kniha><zakaznik>zk22</zakaznik><datumVypujceni>2002-08-10</datumVypujceni><datumVraceni>2002-08-15</datumVraceni></vypujcka>
<vypujcka><kniha>k234</kniha><zakaznik>zk03</zakaznik><datumVypujceni>2001-06-21</datumVypujceni><datumVraceni>2001-07-19</datumVraceni></vypujcka>
<vypujcka><kniha>k92</kniha><zakaznik>zk23</zakaznik><datumVypujceni>2007-11-27</datumVypujceni><datumVraceni>2007-12-11</datumVraceni></vypujcka>
<vypujcka><kniha>k35</kniha><zakaznik>zk03</zakaznik><datumVypujceni>2011-09-25</datumVypujceni><datumVraceni>2011-10-08</datumVraceni></vypujcka>
<vypujcka><kniha>k36</kniha><zakaznik>zk490</zakaznik><datumVypujceni>2004-06-04</datumVypujceni><datumVraceni>2004-06-16</datumVraceni></vypujcka>

<vypujcka><kniha>k38</kniha><zakaznik>zk03</zakaznik><datumVypujceni>2012-08-19</datumVypujceni><datumVraceni>2012-09-09</datumVraceni></vypujcka>
<vypujcka><kniha>k36</kniha><zakaznik>zk03</zakaznik><datumVypujceni>2010-12-30</datumVypujceni><datumVraceni>2011-02-09</datumVraceni></vypujcka>
<vypujcka><kniha>k43</kniha><zakaznik>zk22</zakaznik><datumVypujceni>2002-11-28</datumVypujceni><datumVraceni>2003-01-07</datumVraceni></vypujcka>
<vypujcka><kniha>k11</kniha><zakaznik>zk22</zakaznik><datumVypujceni>2011-10-06</datumVypujceni><datumVraceni>2011-10-25</datumVraceni></vypujcka>
<vypujcka><kniha>k44</kniha><zakaznik>zk02</zakaznik><datumVypujceni>2006-11-08</datumVypujceni><datumVraceni>2006-12-15</datumVraceni></vypujcka>
<vypujcka><kniha>k234</kniha><zakaznik>zk05</zakaznik><datumVypujceni>2010-07-08</datumVypujceni><datumVraceni>2010-08-31</datumVraceni></vypujcka>
<vypujcka><kniha>k34</kniha><zakaznik>zk03</zakaznik><datumVypujceni>2011-04-25</datumVypujceni><datumVraceni>2011-05-19</datumVraceni></vypujcka>
<vypujcka><kniha>k34</kniha><zakaznik>zk23</zakaznik><datumVypujceni>2011-03-12</datumVypujceni><datumVraceni>2011-04-27</datumVraceni></vypujcka>
<vypujcka><kniha>k234</kniha><zakaznik>zk03</zakaznik><datumVypujceni>2007-05-26</datumVypujceni><datumVraceni>2007-07-05</datumVraceni></vypujcka>
<vypujcka><kniha>k234</kniha><zakaznik>zk03</zakaznik><datumVypujceni>2000-03-30</datumVypujceni><datumVraceni>2000-05-15</datumVraceni></vypujcka>
<vypujcka><kniha>k44</kniha><zakaznik>zk03</zakaznik><datumVypujceni>2003-05-30</datumVypujceni><datumVraceni>2003-07-29</datumVraceni></vypujcka>
<vypujcka><kniha>k99</kniha><zakaznik>zk02</zakaznik><datumVypujceni>2013-12-30</datumVypujceni></vypujcka>
<vypujcka><kniha>k44</kniha><zakaznik>zk02</zakaznik><datumVypujceni>2013-12-30</datumVypujceni></vypujcka>
<vypujcka><kniha>k44</kniha><zakaznik>zk02</zakaznik><datumVypujceni>2013-12-30</datumVypujceni></vypujcka>
<vypujcka><kniha>k44</kniha><zakaznik>zk05</zakaznik><datumVypujceni>2013-09-06</datumVypujceni><datumVraceni>2013-10-22</datumVraceni></vypujcka>
<vypujcka><kniha>k35</kniha><zakaznik>zk324</zakaznik><datumVypujceni>2006-11-04</datumVypujceni><datumVraceni>2006-12-23</datumVraceni></vypujcka>
<vypujcka><kniha>k35</kniha><zakaznik>zk324</zakaznik><datumVypujceni>2004-04-17</datumVypujceni><datumVraceni>2004-04-19</datumVraceni></vypujcka>
<vypujcka><kniha>k234</kniha><zakaznik>zk05</zakaznik><datumVypujceni>2001-07-25</datumVypujceni><datumVraceni>2001-08-05</datumVraceni></vypujcka>
<vypujcka><kniha>k34</kniha><zakaznik>zk324</zakaznik><datumVypujceni>2000-02-05</datumVypujceni><datumVraceni>2000-02-14</datumVraceni></vypujcka>
<vypujcka><kniha>k44</kniha><zakaznik>zk23</zakaznik><datumVypujceni>2009-04-24</datumVypujceni><datumVraceni>2009-06-19</datumVraceni></vypujcka>
<vypujcka><kniha>k11</kniha><zakaznik>zk32</zakaznik><datumVypujceni>2002-04-24</datumVypujceni><datumVraceni>2002-06-17</datumVraceni></vypujcka>
<vypujcka><kniha>k234</kniha><zakaznik>zk324</zakaznik><datumVypujceni>2000-11-20</datumVypujceni><datumVraceni>2000-12-12</datumVraceni></vypujcka>
<vypujcka><kniha>k38</kniha><zakaznik>zk05</zakaznik><datumVypujceni>2000-01-27</datumVypujceni><datumVraceni>2000-03-13</datumVraceni></vypujcka>
<vypujcka><kniha>k92</kniha><zakaznik>zk23</zakaznik><datumVypujceni>2010-07-23</datumVypujceni><datumVraceni>2010-07-30</datumVraceni></vypujcka>
<vypujcka><kniha>k11</kniha><zakaznik>zk324</zakaznik><datumVypujceni>2004-09-14</datumVypujceni><datumVraceni>2004-10-03</datumVraceni></vypujcka>

<vypujcka><kniha>k38</kniha><zakaznik>zk03</zakaznik><datumVypujceni>2002-07-09</datumVypujceni><datumVraceni>2002-08-31</datumVraceni></vypujcka>
<vypujcka><kniha>k35</kniha><zakaznik>zk02</zakaznik><datumVypujceni>2010-09-26</datumVypujceni><datumVraceni>2010-10-15</datumVraceni></vypujcka>
<vypujcka><kniha>k43</kniha><zakaznik>zk490</zakaznik><datumVypujceni>2005-12-21</datumVypujceni><datumVraceni>2006-02-02</datumVraceni></vypujcka>
<vypujcka><kniha>k43</kniha><zakaznik>zk03</zakaznik><datumVypujceni>2012-05-28</datumVypujceni><datumVraceni>2012-06-16</datumVraceni></vypujcka>
<vypujcka><kniha>k38</kniha><zakaznik>zk23</zakaznik><datumVypujceni>2005-08-19</datumVypujceni><datumVraceni>2005-08-30</datumVraceni></vypujcka>
<vypujcka><kniha>k43</kniha><zakaznik>zk22</zakaznik><datumVypujceni>2000-12-07</datumVypujceni><datumVraceni>2001-01-23</datumVraceni></vypujcka>
<vypujcka><kniha>k34</kniha><zakaznik>zk03</zakaznik><datumVypujceni>2009-02-19</datumVypujceni><datumVraceni>2009-04-18</datumVraceni></vypujcka>
<vypujcka><kniha>k43</kniha><zakaznik>zk32</zakaznik><datumVypujceni>2000-10-18</datumVypujceni><datumVraceni>2000-11-10</datumVraceni></vypujcka>
<vypujcka><kniha>k36</kniha><zakaznik>zk490</zakaznik><datumVypujceni>2009-02-26</datumVypujceni><datumVraceni>2009-03-03</datumVraceni></vypujcka>
<vypujcka><kniha>k35</kniha><zakaznik>zk23</zakaznik><datumVypujceni>2004-02-28</datumVypujceni><datumVraceni>2004-02-28</datumVraceni></vypujcka>
<vypujcka><kniha>k92</kniha><zakaznik>zk02</zakaznik><datumVypujceni>2013-02-23</datumVypujceni><datumVraceni>2013-04-12</datumVraceni></vypujcka>
<vypujcka><kniha>k43</kniha><zakaznik>zk490</zakaznik><datumVypujceni>2002-02-22</datumVypujceni><datumVraceni>2002-04-05</datumVraceni></vypujcka>
<vypujcka><kniha>k234</kniha><zakaznik>zk03</zakaznik><datumVypujceni>2005-12-03</datumVypujceni><datumVraceni>2005-12-08</datumVraceni></vypujcka>
<vypujcka><kniha>k44</kniha><zakaznik>zk32</zakaznik><datumVypujceni>2013-03-26</datumVypujceni><datumVraceni>2013-04-10</datumVraceni></vypujcka>



<vypujcka><kniha>k36</kniha><zakaznik>zk02</zakaznik><datumVypujceni>2011-06-12</datumVypujceni><datumVraceni>2011-07-20</datumVraceni></vypujcka>
<vypujcka><kniha>k44</kniha><zakaznik>zk234</zakaznik><datumVypujceni>2001-08-27</datumVypujceni><datumVraceni>2001-09-14</datumVraceni></vypujcka>

<vypujcka><kniha>k36</kniha><zakaznik>zk02</zakaznik><datumVypujceni>2013-09-04</datumVypujceni><datumVraceni>2013-09-24</datumVraceni></vypujcka>
<vypujcka><kniha>k34</kniha><zakaznik>zk324</zakaznik><datumVypujceni>2005-10-01</datumVypujceni><datumVraceni>2005-11-27</datumVraceni></vypujcka>

<vypujcka><kniha>k43</kniha><zakaznik>zk02</zakaznik><datumVypujceni>2013-12-31</datumVypujceni></vypujcka>
<vypujcka><kniha>k99</kniha><zakaznik>zk22</zakaznik><datumVypujceni>2002-01-27</datumVypujceni><datumVraceni>2002-02-09</datumVraceni></vypujcka>
<vypujcka><kniha>k35</kniha><zakaznik>zk234</zakaznik><datumVypujceni>2005-11-18</datumVypujceni><datumVraceni>2005-12-20</datumVraceni></vypujcka>
<vypujcka><kniha>k34</kniha><zakaznik>zk234</zakaznik><datumVypujceni>2002-12-25</datumVypujceni><datumVraceni>2002-12-27</datumVraceni></vypujcka>
<vypujcka><kniha>k36</kniha><zakaznik>zk234</zakaznik><datumVypujceni>2013-12-19</datumVypujceni></vypujcka>
<vypujcka><kniha>k43</kniha><zakaznik>zk03</zakaznik><datumVypujceni>2004-05-14</datumVypujceni><datumVraceni>2004-06-14</datumVraceni></vypujcka>
<vypujcka><kniha>k234</kniha><zakaznik>zk22</zakaznik><datumVypujceni>2003-10-30</datumVypujceni><datumVraceni>2003-11-25</datumVraceni></vypujcka>
<vypujcka><kniha>k38</kniha><zakaznik>zk05</zakaznik><datumVypujceni>2012-02-15</datumVypujceni><datumVraceni>2012-04-06</datumVraceni></vypujcka>
<vypujcka><kniha>k11</kniha><zakaznik>zk23</zakaznik><datumVypujceni>2006-08-06</datumVypujceni><datumVraceni>2006-09-12</datumVraceni></vypujcka>
<vypujcka><kniha>k35</kniha><zakaznik>zk03</zakaznik><datumVypujceni>2013-12-23</datumVypujceni></vypujcka>
<vypujcka><kniha>k234</kniha><zakaznik>zk22</zakaznik><datumVypujceni>2006-04-09</datumVypujceni><datumVraceni>2006-05-02</datumVraceni></vypujcka>
<vypujcka><kniha>k99</kniha><zakaznik>zk03</zakaznik><datumVypujceni>2008-10-27</datumVypujceni><datumVraceni>2008-12-19</datumVraceni></vypujcka>
<vypujcka><kniha>k36</kniha><zakaznik>zk22</zakaznik><datumVypujceni>2011-12-27</datumVypujceni><datumVraceni>2011-12-30</datumVraceni></vypujcka>
<vypujcka><kniha>k35</kniha><zakaznik>zk324</zakaznik><datumVypujceni>2013-11-05</datumVypujceni></vypujcka>
<vypujcka><kniha>k38</kniha><zakaznik>zk02</zakaznik><datumVypujceni>2005-09-20</datumVypujceni><datumVraceni>2005-10-16</datumVraceni></vypujcka>
<vypujcka><kniha>k44</kniha><zakaznik>zk03</zakaznik><datumVypujceni>2005-03-07</datumVypujceni><datumVraceni>2005-05-02</datumVraceni></vypujcka>
<vypujcka><kniha>k44</kniha><zakaznik>zk03</zakaznik><datumVypujceni>2004-04-07</datumVypujceni><datumVraceni>2004-05-08</datumVraceni></vypujcka>
<vypujcka><kniha>k38</kniha><zakaznik>zk05</zakaznik><datumVypujceni>2007-07-28</datumVypujceni><datumVraceni>2007-08-10</datumVraceni></vypujcka>
<vypujcka><kniha>k36</kniha><zakaznik>zk22</zakaznik><datumVypujceni>2009-08-02</datumVypujceni><datumVraceni>2009-08-27</datumVraceni></vypujcka>
<vypujcka><kniha>k36</kniha><zakaznik>zk22</zakaznik><datumVypujceni>2005-07-28</datumVypujceni><datumVraceni>2005-08-11</datumVraceni></vypujcka>
<vypujcka><kniha>k36</kniha><zakaznik>zk03</zakaznik><datumVypujceni>2006-05-10</datumVypujceni><datumVraceni>2006-05-11</datumVraceni></vypujcka>
<vypujcka><kniha>k36</kniha><zakaznik>zk324</zakaznik><datumVypujceni>2008-04-26</datumVypujceni><datumVraceni>2008-05-11</datumVraceni></vypujcka>
<vypujcka><kniha>k234</kniha><zakaznik>zk03</zakaznik><datumVypujceni>2001-07-25</datumVypujceni><datumVraceni>2001-08-26</datumVraceni></vypujcka>
<vypujcka><kniha>k38</kniha><zakaznik>zk03</zakaznik><datumVypujceni>2012-06-10</datumVypujceni><datumVraceni>2012-06-18</datumVraceni></vypujcka>
<vypujcka><kniha>k99</kniha><zakaznik>zk22</zakaznik><datumVypujceni>2006-09-14</datumVypujceni><datumVraceni>2006-09-20</datumVraceni></vypujcka>
<vypujcka><kniha>k36</kniha><zakaznik>zk23</zakaznik><datumVypujceni>2013-10-03</datumVypujceni><datumVraceni>2013-10-06</datumVraceni></vypujcka>
<vypujcka><kniha>k34</kniha><zakaznik>zk22</zakaznik><datumVypujceni>2012-02-11</datumVypujceni><datumVraceni>2012-02-29</datumVraceni></vypujcka>
<vypujcka><kniha>k11</kniha><zakaznik>zk02</zakaznik><datumVypujceni>2011-02-17</datumVypujceni><datumVraceni>2011-02-28</datumVraceni></vypujcka>
<vypujcka><kniha>k99</kniha><zakaznik>zk234</zakaznik><datumVypujceni>2007-06-30</datumVypujceni><datumVraceni>2007-07-05</datumVraceni></vypujcka>
<vypujcka><kniha>k44</kniha><zakaznik>zk22</zakaznik><datumVypujceni>2008-10-27</datumVypujceni><datumVraceni>2008-12-19</datumVraceni></vypujcka>
<vypujcka><kniha>k43</kniha><zakaznik>zk234</zakaznik><datumVypujceni>2004-04-16</datumVypujceni><datumVraceni>2004-04-28</datumVraceni></vypujcka>

<vypujcka><kniha>k34</kniha><zakaznik>zk03</zakaznik><datumVypujceni>2004-08-05</datumVypujceni><datumVraceni>2004-09-17</datumVraceni></vypujcka>
</vypujcky>
