<?xml version="1.0" encoding="UTF-8"?>
<autoskola xmlns:xsi="http://www.w3.org/2001/XMLSchema-instance" xsi:noNamespaceSchemaLocation="file:data.xsd">
	<student login="jirka" opravneni="B" skolitel="vytasilj">
		<!-- informace o studentovi autoskoly, spolu se seznamem jizd -->
		<jizdy>
			<jednotliva_jizda kde="cviciste">
				<kdy>
					<den>2011-02-01</den>
					<cas>15:30:00</cas>
				</kdy>
				<delka hodin="2"/>
			</jednotliva_jizda>
			<jednotliva_jizda kde="za_mestem">
				<kdy>
					<den>2011-09-01</den>
					<cas>16:00:00</cas>
				</kdy>
				<delka hodin="2"/>
			</jednotliva_jizda>
			<jednotliva_jizda kde="za_mestem">
				<kdy>
					<den>2011-09-14</den>
					<cas>15:00:00</cas>
				</kdy>
				<delka hodin="2"/>
			</jednotliva_jizda>
			<jednotliva_jizda kde="po_meste">
				<kdy>
					<den>2011-10-01</den>
					<cas>15:00:00</cas>
				</kdy>
				<delka hodin="2"/>
			</jednotliva_jizda>
			<jednotliva_jizda kde="po_meste">
				<kdy>
					<den>2011-10-14</den>
					<cas>14:00:00</cas>
				</kdy>
				<delka hodin="1"/>
			</jednotliva_jizda>
			<jednotliva_jizda kde="po_meste">
				<kdy>
					<den>2011-10-21</den>
					<cas>19:00:00</cas>
				</kdy>
				<delka hodin="1"/>
			</jednotliva_jizda>
			<jednotliva_jizda kde="po_meste">
				<kdy>
					<den>2011-11-01</den>
					<cas>17:00:00</cas>
				</kdy>
				<delka hodin="2"/>
			</jednotliva_jizda>
			<jednotliva_jizda kde="po_meste">
				<kdy>
					<den>2011-11-14</den>
					<cas>09:00:00</cas>
				</kdy>
				<delka hodin="1"/>
			</jednotliva_jizda>
			<jednotliva_jizda kde="po_meste">
				<kdy>
					<den>2011-11-21</den>
					<cas>09:00:00</cas>
				</kdy>
				<delka hodin="1"/>
			</jednotliva_jizda>
			<jednotliva_jizda kde="po_meste">
				<kdy>
					<den>2011-12-10</den>
					<cas>15:00:00</cas>
				</kdy>
				<delka hodin="2"/>
			</jednotliva_jizda>
			<jednotliva_jizda kde="po_meste">
				<kdy>
					<den>2011-12-10</den>
					<cas>15:10:00</cas>
				</kdy>
				<delka hodin="2"/>
			</jednotliva_jizda>
		</jizdy>
	</student>
	<student login="filip" skolitel="vytasilj" opravneni="C" poznamka="bez spetky humoru">
		<jizdy>
			<jednotliva_jizda kde="cviciste">
				<kdy>
					<den>2012-03-01</den>
					<cas>09:00:00</cas>
				</kdy>
				<delka hodin="1"/>
			</jednotliva_jizda>
		</jizdy>
	</student>
	<student login="karel" skolitel="default" opravneni="B">
		<komentar dulezitost="nizka">
			Kdy budu mit realneho skolitele?
		</komentar>
	</student>
	<student login="honza" skolitel="pavel" opravneni="T">
	</student>
	<student login="martin" skolitel="pavel" opravneni="D">
		<komentar dulezitost="vysoka">
			Mohu zacit s jizdami az pristi tyden
		</komentar>
	</student>
	<skolitel login="vytasilj" poznamka="cholerik">
		<!-- jednoduche informace o tom, ktere studenty uci -->
		<opravneni>
			<typ pismeno="B"/>
			<typ pismeno="C"/>
			<typ pismeno="A"/>
		</opravneni>
		<uci student="jirka"/>
		<uci student="filip"/>
		<komentar dulezitost="vysoka"><![CDATA[
				Na prvni jizde <ref id="jirka"/> znicil vse na co prisel.
				100 000 < odhadovana skoda < 500 000
			]]>
			S <ref id="filip"/> zaciname az 21.3.2012
		</komentar>
	</skolitel>
	<skolitel login="default" poznamka="defaultni skolitel">
		<!-- toto je virtualni skolitel pro ty, kteri jeste nejsou prideleni ostatnim skolitelum -->
		<uci student="karel"/>
	</skolitel>
	<skolitel login="pepa">
		<opravneni>
			<typ pismeno="B"/>
		</opravneni>
	</skolitel>
	<skolitel login="pavel">
		<opravneni>
			<typ pismeno="T"/>
			<typ pismeno="D"/>
		</opravneni>
		<uci student="honza"/>
		<uci student="martin"/>
	</skolitel>
</autoskola>
