<?xml version="1.0" encoding="utf-8" standalone="no"?>
<!DOCTYPE katalog SYSTEM "data.dtd">

<!--1. zápočtový úkol z předmětu Technologie XML-->
<katalog>
	<metadata>
		<autor>
			<jmeno>Václav</jmeno>
			<prijmeni>Brodec</prijmeni>
			<pozice>hlavní vývojář</pozice>
			<email typ="soukromy">v-brody@seznam.cz</email>
			<email typ="firemni">brodec@&nzsp;.cz</email>
			<icq>666666666</icq>
			<www>http://www.bcorp.com</www>
			<adresa>
				<ulice>Smetanova</ulice>
				<cp>1224</cp>
				<psc>36301</psc>
				<mesto>Ostrov</mesto>
				<stat kod="CZ">Česká republika</stat>
			</adresa>
			<telefon>+420775445490</telefon>
			<fax>+420333666999</fax>
			<fotografie src="foto-autor.jpg"/>
			<firma>
				<nazev>&nzsp;, a. s.</nazev>
				<ic>798721321</ic>
				<dic>298182132</dic>
				<adresa>
					<ulice>Lisztova</ulice>
					<cp>12</cp>
					<psc>36301</psc>
					<mesto>Ostrov</mesto>
					<stat kod="CZ">Česká republika</stat>
				</adresa>
			</firma>
		</autor>
		<verze>1.0</verze>
		<datum-vytvoreni>5. 3. 2010.</datum-vytvoreni>
<!--Pokusí se zjistit datum pomocí skriptovacího jazyka-->
		<aktualni-datum>
			<![CDATA[
				var cas = new Date();
				document.write(cas.getDate() + ". " + cas.getMonth() + ". " + cas.getYear());
				alert("dfs");
			]]>
		</aktualni-datum>
		<?php echo('<prostredi>Run&amp;GO server</prostredi>');?>
	</metadata>
	<demo>
		<prezentace src="demosnimek1"/>
	</demo>
	<filmy>
		<film id="id0001" distribucni-kody="DCZ01 TPOE 2CZ">
			<typ>hraný</typ>
			<nazev>Dvě cesty zla</nazev>
			<rok-vyroby>2007</rok-vyroby>
			<reziseri>
				<osoba-link id="id1001"/>
			</reziseri>
			<herci>
				<osoba-link id="id1001" />
				<osoba-link id="id1002" />
			</herci>
			<skladatele>
				<osoba-link id="id1003" />
			</skladatele>
			<popis> Mladý pár (v hlavní roli slavný <osoba-link id="id1001">svůdce žen Gutierez</osoba-link> a megahvězda <osoba-link id="id1004">Agnetha Ulrichovna</osoba-link>) se vydá na dramatickou plavbu na lodi...</popis>
			<obrazky>
				<fotografie src="dcz-2589.jpg" />
			</obrazky>
			<videa>
				<video>
					<titulek>Upoutávka 1</titulek>
					<videosoubor src="video" />
				</video>
			</videa>
		</film>
		<film id="id0002">
			<typ>animovaný</typ>
			<nazev>Krteček Unleashed</nazev>
			<rok-vyroby>2002</rok-vyroby>
			<reziseri>
				<osoba-link id="id1005"/>
				<osoba-link id="id1006"/>
			</reziseri>
			<herci>
				<osoba-link id="id1001"/>
			</herci>
			<skladatele/>
			<popis>Fenomenální film <osoby-linky ids="id1005 id1006">bratří Bobů</osoby-linky>, který dosud nebyl v ČR uveden.</popis>
			<obrazky>
				<fotografie src="ku-2500.jpg"/>
				<fotografie src="ku-2590.jpg"/>
			</obrazky>
			<videa>
				<video>
					<titulek>Předfilm</titulek>
					<videosoubor src="video"/>
				</video>
			</videa>
		</film>
	</filmy>
	<osoby>
		<osoba id="id1001">
			<jmeno>Benito</jmeno>
			<prijmeni>Gutierez</prijmeni>
			<datum-narozeni>24. 1. 1980</datum-narozeni>
			<obcanstvi>Argentina</obcanstvi>
		</osoba>
		<osoba id="id1002">
			<jmeno>Alfredo</jmeno>
			<prijmeni>Lotredo</prijmeni>
			<datum-narozeni>2. 11. 1950</datum-narozeni>
			<obcanstvi>Itálie</obcanstvi>
		</osoba>
		<osoba id="id1003">
			<jmeno>Ennio</jmeno>
			<prijmeni>Morricone</prijmeni>
			<datum-narozeni>2. 11. 1930</datum-narozeni>
			<obcanstvi>Itálie</obcanstvi>
		</osoba>
		<osoba id="id1004">
			<jmeno>Agnetha</jmeno>
			<prijmeni>Ulrichovna</prijmeni>
			<datum-narozeni>22. 11. 1970</datum-narozeni>
			<obcanstvi>Kazachstán</obcanstvi>
		</osoba>
		<osoba id="id1005">
			<jmeno>Billy</jmeno>
			<prijmeni>Bob</prijmeni>
			<datum-narozeni>1. 1. 1971</datum-narozeni>
			<obcanstvi>Spojené státy americké</obcanstvi>
		</osoba>
		<osoba id="id1006">
			<jmeno>Joey</jmeno>
			<prijmeni>Bob</prijmeni>
			<datum-narozeni>1. 1. 1971</datum-narozeni>
			<obcanstvi>Spojené státy americké</obcanstvi>
		</osoba>
	</osoby>
</katalog>