<?xml version="1.0"?>
<zabavnipark>
	<!--Park je rozdeleny na arealy, ktere jsou rozdeleny na pavilony a ty jsou rozdeleny na budovy-->
	<areal id="ar1">
		<!--Jsou zde poutovy a zvireci areal-->
		<jmenoarealu>Areal poutovy</jmenoarealu>
		<pavilon>
			<jmenopavilonu>Pavilon kolotocovy</jmenopavilonu>
			<budova id="b1" spravceid="s1">
				<atrakce id="at1" cena="10">
					<jmenoatrakce>Strasidelny dum</jmenoatrakce>
					<popisatrakce>atrakce  vas vtahne do sebe!</popisatrakce>
					<zamestnanec id="z1" jmeno="Pavel" prijmeni="Lopata" funkce="uklizec" />
					<rozloha>150</rozloha>				
				 </atrakce>
				 <atrakce id="at2" cena="20">
				 	<jmenoatrakce>Maly retizak</jmenoatrakce>
				 	<popisatrakce>atrakce vam polechta zaludek!</popisatrakce>
				 	<zamestnanec id="z2" jmeno="Pavel" prijmeni="Novak" funkce="uklizec" />
				 	<zamestnanec id="z3" jmeno="Karel" prijmeni="Kral" funkce="pokladni" />
				 	<rozloha>200</rozloha>
				 </atrakce>
				 <stanek id="st1">
				 	<typ>Parky v rohliku</typ>
				 	<zamestnanec id="z4" jmeno="Tomas" prijmeni="Hladik" funkce="prodavac" />
				 	<rozloha>20</rozloha>
				 </stanek>
				 <stanek id="st2">
				 	<typ>Langose</typ>
				 	<zamestnanec id="z5" jmeno="Filip" prijmeni="Jemelik" funkce="prodavac" />
				 	<rozloha>20</rozloha>
				 </stanek>
				 <stanek id="st3">
				 	<typ>Zelenina</typ>
				 	<zamestnanec id="z6" jmeno="Filip" prijmeni="Dvorak" funkce="prodavac" />
				 	<rozloha>18</rozloha>
				 </stanek>
			</budova>
			<budova id="b2" spravceid="s1">
				<atrakce id="at3" cena="10">
					<jmenoatrakce>Stredni retizak</jmenoatrakce>
					<popisatrakce>atrakce vas vtahne do sebe!</popisatrakce>
					<zamestnanec id="z7" jmeno="Lukas" prijmeni="Lopata" funkce="uklizec" />
					<zamestnanec id="z8" jmeno="Lukas" prijmeni="Teply" funkce="udrzbar" />
					<rozloha>270</rozloha>				
				 </atrakce>
				 <atrakce id="at4" cena="20">
				 	<jmenoatrakce>Velky retizak</jmenoatrakce>
				 	<popisatrakce>atrakce vam polechta zaludek!</popisatrakce>
				 	<zamestnanec id="z9" jmeno="Petr" prijmeni="Novak" funkce="uklizec" />
				 	<zamestnanec id="z10" jmeno="Tomas" prijmeni="Kral" funkce="pokladni" />
				 </atrakce>
				 <atrakce id="at5" cena="20">
				 	<jmenoatrakce>Centrifuga</jmenoatrakce>
				 	<popisatrakce> se Vam bude libit!</popisatrakce>
				 	<zamestnanec id="z11" jmeno="Pavel" prijmeni="Nejedlo" funkce="uklizec" />
				 	<zamestnanec id="z12" jmeno="Karel" prijmeni="Jezek" funkce="pokladni" />
				 </atrakce>
				 <atrakce id="at6" cena="25">
				 	<jmenoatrakce>Strelnice</jmenoatrakce>
				 	<popisatrakce>atrakce vam polechta zaludek!</popisatrakce>
				 	<zamestnanec id="z13" jmeno="Karel" prijmeni="Strelec" funkce="pokladni" />
				 </atrakce>
				 <atrakce id="at7" cena="20">
				 	<jmenoatrakce>Autodrom</jmenoatrakce>
				 	<popisatrakce>atrakce vas bude bavit!</popisatrakce>
				 	<zamestnanec id="z14" jmeno="Pavel" prijmeni="Novak" funkce="uklizec" />
				 	<zamestnanec id="z15" jmeno="Karel" prijmeni="Kral" funkce="pokladni" />
				 </atrakce>
				 <stanek id="st4">
				 	<typ>Parky v rohliku</typ>
				 	<zamestnanec id="z16" jmeno="Tomas" prijmeni="Ligr" funkce="prodavac" />
				 	<rozloha>20</rozloha>
				 </stanek>
				 <stanek id="st5">
				 	<typ>Langose</typ>
				 	<zamestnanec id="z17" jmeno="David" prijmeni="Kunc" funkce="prodavac" />
				 	<rozloha>20</rozloha>
				 </stanek>
				 <stanek id="st6">
				 	<typ>Zelenina</typ>
				 	<zamestnanec id="z175" jmeno="Jaroslav" prijmeni="Kunc" funkce="prodavac" />
				 	<rozloha>18</rozloha>
				 </stanek>
				 <stanek id="st7">
				 	<typ>Napoje</typ>
				 	<zamestnanec id="z18" jmeno="Bohuslav" prijmeni="Nejedlo" funkce="prodavac" />
				 	<rozloha>20</rozloha>
				 </stanek>
				 <stanek id="st8">
				 	<typ>Napoje</typ>
				 	<zamestnanec id="z19" jmeno="Josef" prijmeni="Nejedlo" funkce="prodavac" />
				 	<rozloha>14</rozloha>
				 </stanek>
			</budova>
		</pavilon>
		<pavilon>
		<jmenopavilonu>Pavilon cirkusovy</jmenopavilonu>
		<budova id="b3" spravceid="s3">
				<atrakce id="at8" cena="10">
					<jmenoatrakce>Zongleri</jmenoatrakce>
					<popisatrakce>vas jiste zaujmou!</popisatrakce>
					<zamestnanec id="z20" jmeno="Lukas" prijmeni="Lopata" funkce="cirkusak" />
					<rozloha>160</rozloha>				
				 </atrakce>
				 <atrakce id="at9" cena="20">
				 	<jmenoatrakce>Plivaci ohne</jmenoatrakce>
				 	<popisatrakce>pilvou jak o zivot!</popisatrakce>
				 	<zamestnanec id="z21" jmeno="Pavel" prijmeni="Klaus" funkce="cirkusak" />
				 	<zamestnanec id="z22" jmeno="Karel" prijmeni="Havel" funkce="cirkusak" />
				 	<rozloha>200</rozloha>
				 </atrakce>
				 <stanek id="st9">
				 	<typ>Parky v rohliku</typ>
				 	<zamestnanec id="z180" jmeno="Josef" prijmeni="Hladik" funkce="prodavac" />
				 	<rozloha>20</rozloha>
				 </stanek>
				 <stanek id="st10">
				 	<typ>Langose</typ>
				 	<zamestnanec id="z23" jmeno="Pavel" prijmeni="Jemelik" funkce="prodavac" />
				 </stanek>
			</budova>
			<budova id="b4" spravceid="s2">
				<atrakce id="at10" cena="15">
					<jmenoatrakce>Klauni</jmenoatrakce>
					<popisatrakce>atrakce vas jiste pobavi!</popisatrakce>
					<zamestnanec id="z24" jmeno="Jiri" prijmeni="Paroubek" funkce="cirkusak" />
					<zamestnanec id="z25" jmeno="Miroslav" prijmeni="Topolanek" funkce="cirkusak" />
					<rozloha>250</rozloha>				
				 </atrakce>				 
			</budova>
		</pavilon>
	</areal>
	<areal id="ar2">
		<jmenoarealu>Areal zvireci</jmenoarealu>
		<pavilon>
			<jmenopavilonu>Pavilon ryb</jmenopavilonu>
			<budova id="b5" spravceid="s2">
				<atrakce id="at11" cena="10">
						<jmenoatrakce>Akvarium</jmenoatrakce>
						<popisatrakce>atrakce obsahuje spoustu ryb!</popisatrakce>
						<zamestnanec id="z26" jmeno="Pavel" prijmeni="Lopata" funkce="uklizec" />
						<rozloha>150</rozloha>				
					 </atrakce>
					 <atrakce id="at12" cena="40">
					 	<jmenoatrakce>Lachtani</jmenoatrakce>
					 	<popisatrakce>obsahuje spoustu lachtanu!</popisatrakce>
					 	<zamestnanec id="z27" jmeno="Karel" prijmeni="Kral" funkce="pokladni" />
					 	<rozloha>200</rozloha>
					 </atrakce>
					 <stanek id="st11">
					 	<typ>Napoje</typ>
					 	<zamestnanec id="z28" jmeno="Tomas" prijmeni="Vrastiak" funkce="prodavac" />
					 	<rozloha>20</rozloha>
					 </stanek>
					 <stanek id="st13">
					 	<typ>Zelenina</typ>
					 	<zamestnanec id="z29" jmeno="Filip" prijmeni="Vobornik" funkce="prodavac" />
					 	<rozloha>20</rozloha>
					 </stanek>
			</budova>
		</pavilon>	
		<pavilon>
			<jmenopavilonu>Pavilon savcu</jmenopavilonu>
			<budova id="b6" spravceid="s1">
				<atrakce id="at13" cena="10">
						<jmenoatrakce>Lvi arena</jmenoatrakce>
						<popisatrakce> je velmi nebezpecna!</popisatrakce>
						<zamestnanec id="z30" jmeno="Lubomir" prijmeni="Lopata" funkce="uklizec" />
						<rozloha>160</rozloha>				
					 </atrakce>
					 <atrakce id="at14" cena="10">
					 	<jmenoatrakce>Opici klec</jmenoatrakce>
					 	<popisatrakce> obsahuje spoustu opic!</popisatrakce>
					 	<zamestnanec id="z31" jmeno="Karel" prijmeni="IVV" funkce="uklizec" />
					 	<rozloha>200</rozloha>
					 </atrakce>
					 <stanek id="st14">
					 	<typ>Napoje</typ>
					 	<zamestnanec id="z32" jmeno="Pavel" prijmeni="Vrastiak" funkce="prodavac" />
					 	
					 </stanek>
			</budova>
		</pavilon>
	</areal>
</zabavnipark>