<?xml version="1.0" encoding="UTF-8"?>
<!DOCTYPE drahy SYSTEM "data.dtd">
<!-- dráhy - osobní přeprava -->
<drahy>
<!--	<nazev>Foo Bar</nazev> -->
	<stanice>
		<nadrazi nadrazi_id="n1">
			<nazev>Praha - Smíchov</nazev>
			<poloha>
				<zemepisna_delka>
					<hodiny>14</hodiny>
					<minuty>24</minuty>
				</zemepisna_delka>
				<zemepisna_sirka>
					<hodiny>50</hodiny>
					<minuty>3</minuty>
				</zemepisna_sirka>
			</poloha>
			<nastupiste nastupiste_id="n1n1">
				<delka>10</delka>
			</nastupiste>
			<nastupiste nastupiste_id="n1n2">
				<delka>10</delka>
			</nastupiste>
			<nastupiste nastupiste_id="n1n3">
				<delka>8</delka>
			</nastupiste>
			<nastupiste nastupiste_id="n1n4">
				<delka>8</delka>
			</nastupiste>
		</nadrazi>
		<nadrazi nadrazi_id="n2">
			<nazev>Wilsonovo - hlavní nádraží</nazev>
			<poloha>
				<zemepisna_delka>
					<hodiny>14</hodiny>
					<minuty>26</minuty>
					<sekundy>3</sekundy>
				</zemepisna_delka>
				<zemepisna_sirka>
					<hodiny>50</hodiny>
					<minuty>5</minuty>
					<sekundy>16</sekundy>
				</zemepisna_sirka>
			</poloha>
			<nastupiste nastupiste_id="n2n1">
				<delka>9</delka>
			</nastupiste>
			<nastupiste nastupiste_id="n2n2">
				<delka>9</delka>
			</nastupiste>
			<nastupiste nastupiste_id="n2n3">
				<delka>9</delka>
			</nastupiste>
			<nastupiste nastupiste_id="n2n4">
				<delka>9</delka>
			</nastupiste>
			<nastupiste nastupiste_id="n2n5">
				<delka>9</delka>
			</nastupiste>
			<nastupiste nastupiste_id="n2n6">
				<delka>9</delka>
			</nastupiste>
			<nastupiste nastupiste_id="n2n7">
				<delka>9</delka>
			</nastupiste>
		</nadrazi>
		<nadrazi nadrazi_id="n3">
			<nazev>Beroun</nazev>
			<poloha>
				<zemepisna_delka>
					<hodiny>14</hodiny>
					<minuty>4</minuty>
				</zemepisna_delka>
				<zemepisna_sirka>
					<hodiny>49</hodiny>
					<minuty>57</minuty>
				</zemepisna_sirka>
			</poloha>
			<nastupiste nastupiste_id="n3n1">
				<delka>8</delka>
			</nastupiste>
			<nastupiste nastupiste_id="n3n2">
				<delka>8</delka>
			</nastupiste>
		</nadrazi>
		<nadrazi nadrazi_id="n4">
			<nazev>Plzeň hlavní nádraží</nazev>
			<poloha>
				<zemepisna_delka>
					<hodiny>13</hodiny>
					<minuty>23</minuty>
				</zemepisna_delka>
				<zemepisna_sirka>
					<hodiny>49</hodiny>
					<minuty>44</minuty>
				</zemepisna_sirka>
			</poloha>
			<nastupiste nastupiste_id="n4n1">
				<delka>10</delka>
			</nastupiste>
			<nastupiste nastupiste_id="n4n2">
				<delka>10</delka>
			</nastupiste>
			<nastupiste nastupiste_id="n4n3">
				<delka>10</delka>
			</nastupiste>
			<nastupiste nastupiste_id="n4n4">
				<delka>10</delka>
			</nastupiste>
			<nastupiste nastupiste_id="n4n5">
				<delka>10</delka>
			</nastupiste>
			<nastupiste nastupiste_id="n4n6">
				<delka>10</delka>
			</nastupiste>
		</nadrazi>
		<nadrazi nadrazi_id="n5">
			<nazev>Ostrava hlavní nádraží</nazev>
			<poloha>
				<zemepisna_delka>
					<hodiny>18</hodiny>
					<minuty>16</minuty>
				</zemepisna_delka>
				<zemepisna_sirka>
					<hodiny>49</hodiny>
					<minuty>51</minuty>
				</zemepisna_sirka>
			</poloha>
			<nastupiste nastupiste_id="n5n1">
				<delka>10</delka>
			</nastupiste>
			<nastupiste nastupiste_id="n5n2">
				<delka>10</delka>
			</nastupiste>
			<nastupiste nastupiste_id="n5n3">
				<delka>10</delka>
			</nastupiste>
			<nastupiste nastupiste_id="n5n4">
				<delka>10</delka>
			</nastupiste>
			<nastupiste nastupiste_id="n5n5">
				<delka>5</delka>
			</nastupiste>			
		</nadrazi>
	</stanice>
	<stavby>
		<most most_id="most1">
				<nazev>Železniční most</nazev>
				<poloha>
					<zemepisna_delka>
						<hodiny>14</hodiny>
						<minuty>24</minuty>
					</zemepisna_delka>
					<zemepisna_sirka>
						<hodiny>50</hodiny>
						<minuty>4</minuty>
					</zemepisna_sirka>
				</poloha>
		</most>
		<tunel tunel_id="tunel1">
			<nazev>Vinohradský tunel</nazev>
			<poloha>
				<zemepisna_delka>
					<hodiny>14</hodiny>
					<minuty>26</minuty>
				</zemepisna_delka>
				<zemepisna_sirka>
					<hodiny>50</hodiny>
					<minuty>4</minuty>
				</zemepisna_sirka>
			</poloha>
		</tunel>
	</stavby>
	<trate>
		<trat trat_id="t1">
			<trat_stanice stanice_ref="n1"></trat_stanice>
			<trat_stanice stanice_ref="n2"></trat_stanice>
			<trat_stavba stavba_ref="tunel1"></trat_stavba>
			<trat_stavba stavba_ref="most1"></trat_stavba>
			<elektrifikovano></elektrifikovano>
			<rychlost jednotka="kmh">80</rychlost>
		</trat>
		<trat trat_id="t2">
			<trat_stanice stanice_ref="n1"></trat_stanice>
			<trat_stanice stanice_ref="n3"></trat_stanice>
			<trat_stanice stanice_ref="n4"></trat_stanice>
			<elektrifikovano></elektrifikovano>
			<rychlost>100</rychlost>
		</trat>
	</trate>
	<vozy>
		<lokomotiva lokomotiva_id="l1" pohon="elektricky">
			<rychlost jednotka="kmh">120</rychlost>
			<hmotnost jednotka="t">84</hmotnost>
			<vykon jednotka="kW">3000</vykon>
		</lokomotiva>
		<lokomotiva lokomotiva_id="l2" pohon="elektricky">
			<rychlost jednotka="kmh">140</rychlost>
			<hmotnost jednotka="t">155</hmotnost>
			<vykon jednotka="kW">2000</vykon>
			<naklad><cestujici></cestujici></naklad>
			<kapacita jednotka="osoby"></kapacita>
		</lokomotiva>
		<lokomotiva lokomotiva_id="l3" pohon="elektricky">
			<rychlost jednotka="kmh">230</rychlost>
			<hmotnost jednotka="t">385</hmotnost>
			<vykon jednotka="kW">4000</vykon>
			<naklad><cestujici></cestujici></naklad>
			<kapacita jednotka="osoby">135</kapacita>
		</lokomotiva>
		<vagon vagon_id="v1">
			<rychlost jednotka="kmh">140</rychlost>
			<naklad><cestujici></cestujici></naklad>
			<kapacita jednotka="osoby">54</kapacita>
			<hmotnost jednotka="t">12</hmotnost>
		</vagon>
		<vagon vagon_id="v2">
			<rychlost jednotka="kmh">140</rychlost>
			<naklad><cestujici></cestujici></naklad>
			<kapacita jednotka="osoby">54</kapacita>
			<hmotnost jednotka="t">12</hmotnost>
		</vagon>
		<vagon vagon_id="v3">
			<rychlost jednotka="kmh">140</rychlost>
			<naklad><cestujici></cestujici></naklad>
			<kapacita jednotka="osoby">54</kapacita>
			<hmotnost jednotka="t">12</hmotnost>
		</vagon>
		<vagon vagon_id="v4">
			<rychlost jednotka="kmh">140</rychlost>
			<naklad><cestujici></cestujici></naklad>
			<kapacita jednotka="osoby">54</kapacita>
			<hmotnost jednotka="t">12</hmotnost>
		</vagon>
		<vagon vagon_id="v5">
			<rychlost jednotka="kmh">140</rychlost>
			<naklad><cestujici></cestujici></naklad>
			<kapacita jednotka="osoby">54</kapacita>
			<hmotnost jednotka="t">12</hmotnost>
		</vagon>
			<vagon vagon_id="v6">
			<rychlost jednotka="kmh">230</rychlost>
			<naklad><cestujici></cestujici></naklad>
			<kapacita jednotka="osoby">70</kapacita>
			<hmotnost jednotka="t">25</hmotnost>
		</vagon>	
			<vagon vagon_id="v7">
			<rychlost jednotka="kmh">230</rychlost>
			<naklad><cestujici></cestujici></naklad>
			<kapacita jednotka="osoby">70</kapacita>
			<hmotnost jednotka="t">25</hmotnost>
		</vagon>	
			<vagon vagon_id="v8">
			<rychlost jednotka="kmh">230</rychlost>
			<naklad><cestujici></cestujici></naklad>
			<kapacita jednotka="osoby">70</kapacita>
			<hmotnost jednotka="t">25</hmotnost>
		</vagon>
		<vagon vagon_id="v9">
			<rychlost jednotka="kmh">110</rychlost>
			<naklad><posta></posta><zavazadla></zavazadla></naklad>
			<kapacita jednotka="m3">50</kapacita>
			<hmotnost>15</hmotnost>
		</vagon>
	</vozy>
	<vlaky>
		<vlak vlak_id="vlak1">
			<vlak_lokomotiva lokomotiva_ref="l1" poradi="1"></vlak_lokomotiva>
			<vlak_vagon vagon_ref="v1" poradi="2"></vlak_vagon>
			<vlak_vagon vagon_ref="v2" poradi="3"></vlak_vagon>
			<vlak_vagon vagon_ref="v3" poradi="4"></vlak_vagon>
			<vlak_vagon vagon_ref="v4" poradi="5"></vlak_vagon>
			<vlak_vagon vagon_ref="v5" poradi="6"></vlak_vagon>
			<vlak_vagon vagon_ref="v9" poradi="7"></vlak_vagon>
		</vlak>
		<vlak vlak_id="vlak2">
			<vlak_lokomotiva lokomotiva_ref="l2" poradi="1"></vlak_lokomotiva>
			<vlak_lokomotiva lokomotiva_ref="l2" poradi="2"></vlak_lokomotiva>
			<vlak_lokomotiva lokomotiva_ref="l2" poradi="3"></vlak_lokomotiva>
		</vlak>
		<vlak vlak_id="vlak3">
			<vlak_lokomotiva lokomotiva_ref="l3" poradi="1"></vlak_lokomotiva>
			<vlak_lokomotiva lokomotiva_ref="l3" poradi="3"></vlak_lokomotiva>
			<vlak_lokomotiva lokomotiva_ref="l3" poradi="5"></vlak_lokomotiva>
			<vlak_lokomotiva lokomotiva_ref="l3" poradi="7"></vlak_lokomotiva>
			<vlak_vagon vagon_ref="v6" poradi="2"></vlak_vagon>
			<vlak_vagon vagon_ref="v7" poradi="4"></vlak_vagon>
			<vlak_vagon vagon_ref="v8" poradi="6"></vlak_vagon>
		</vlak>
	</vlaky>
	<spoje>
			<spoj spoj_id="s1" vlak_ref="vlak1" frekvence="den">
				<bod bod_ref="n2n5">
					<odjezd>23:40</odjezd>
				</bod>
				<bod bod_ref="n1n2">
					<prijezd>23:47</prijezd>
					<odjezd>23:48</odjezd>
				</bod>
				<bod bod_ref="n3n1">
					<prijezd>00:16</prijezd>
					<odjezd>00:17</odjezd>
				</bod>
				<bod bod_ref="n4n3">
					<prijezd>01:20</prijezd>
				</bod>
			</spoj>
			<spoj spoj_id="s2" vlak_ref="vlak2" frekvence="den">
				<bod bod_ref="n2n1">
					<odjezd>23:15</odjezd>
				</bod>
				<bod bod_ref="n1n1">
					<prijezd>23:22</prijezd>
					<odjezd>23:23</odjezd>
				</bod>
				<bod bod_ref="n3n2">
					<prijezd>00:04</prijezd>
				</bod>
			</spoj>
			<spoj spoj_id="s3" vlak_ref="vlak2" frekvence="den">
				<bod bod_ref="n3n2">
					<odjezd>05:29</odjezd>
				</bod>
				<bod bod_ref="n1n1">
					<prijezd>06:11</prijezd>
					<odjezd>06:12</odjezd>
				</bod>
				<bod bod_ref="n2n2">
					<prijezd>06:19</prijezd>
				</bod>
			</spoj>
			<spoj spoj_id="s4" vlak_ref="vlak1" frekvence="den">
				<bod bod_ref="n4n1">
					<odjezd>04:10</odjezd>
				</bod>
				<bod bod_ref="n3n1">
					<prijezd>05:15</prijezd>
					<odjezd>05:17</odjezd>
				</bod>
				<bod bod_ref="n1n2">
					<prijezd>05:46</prijezd>
					<odjezd>05:46</odjezd>
				</bod>
				<bod bod_ref="n2n4">
					<prijezd>05:54</prijezd>
				</bod>
			</spoj>
			<spoj spoj_id="s5" vlak_ref="vlak3" frekvence="den">
				<bod bod_ref="n2n1">
					<odjezd>05:13</odjezd>
				</bod>
				<bod bod_ref="n5n2">
					<prijezd>08:18</prijezd>
				</bod>
			</spoj>
 </spoje>
</drahy>
