<?xml version="1.0" encoding="UTF-8"?>
<xsl:stylesheet version="1.0" xmlns:xsl="http://www.w3.org/1999/XSL/Transform" xmlns="http://www.w3.org/1999/xhtml">
	<xsl:output method="xml" version="1.0" encoding="UTF-8" indent="yes"/>

<!-- generuje kostru xhtml dokumentu -->
	<xsl:template match="/">
		<xsl:text disable-output-escaping="yes">&lt;!DOCTYPE html PUBLIC "-//W3C//DTD XHTML 1.0 Strict//EN"
  "http://www.w3.org/TR/xhtml1/DTD/xhtml1-strict.dtd">
</xsl:text>
		<html xmlns="http://www.w3.org/1999/xhtml">
			<head>
				<title><xsl:call-template name="nazev"><xsl:with-param name="postfix"> – Jízdní řády</xsl:with-param></xsl:call-template></title>
				<xsl:element name="meta">
					<xsl:attribute name="http-equiv">Content-Type</xsl:attribute>
					<xsl:attribute name="content">text/html; charset=utf-8</xsl:attribute>
				</xsl:element>
			</head>
			<body>
				<h1><xsl:call-template name="nazev"><xsl:with-param name="postfix"> – Jízdní řády</xsl:with-param></xsl:call-template></h1>
				<xsl:apply-templates mode="prehled" />
				<xsl:apply-templates />
			</body>
		</html>
	</xsl:template>

<!-- text jen když řeknu --> 
	<xsl:template match="text()" />
	<xsl:template match="text()" mode="prehled" />

<!-- generuje název drah -->	
	<xsl:template name="nazev">
		<xsl:param name="prefix" />
		<xsl:param name="postfix" />
		<xsl:value-of select="$prefix" />
		<xsl:choose>
			<xsl:when test="/drahy/nazev"><xsl:value-of select="/drahy/nazev" /></xsl:when>
			<xsl:otherwise>Dráhy</xsl:otherwise>
		</xsl:choose>
		<xsl:value-of select="$postfix" />
	</xsl:template>
	
<!-- nasledující šablony generují přehled -->
	<xsl:template match="//stanice" mode="prehled">
		<h3>Nádraží</h3>
		<ul>
			<xsl:apply-templates mode="prehled" />
		</ul>
	</xsl:template>
	
	<xsl:template match="//nadrazi" mode="prehled">
		<li>
			<xsl:element name="a">
				<xsl:attribute name="href">#<xsl:value-of select="@nadrazi_id" /></xsl:attribute>
				<xsl:value-of select="nazev" />
			</xsl:element>
		</li>
	</xsl:template>
	
	<xsl:template match="//spoje" mode="prehled">
		<h3>Spoje</h3>
		<ul>
			<xsl:apply-templates mode="prehled" />
		</ul>
	</xsl:template>
	
	<xsl:template match="//spoj" mode="prehled">
		<li>
			<xsl:element name="a">
				<xsl:attribute name="href">#<xsl:value-of select="@spoj_id" /></xsl:attribute>
				<xsl:value-of select="@spoj_id" />
			</xsl:element>
		</li>
	</xsl:template>

<!-- sekce jízdní řády nádraží -->
	<xsl:template match="//stanice">
		<h2>Nádraží</h2>
		<xsl:apply-templates />
	</xsl:template>	

<!-- jídní řády jednotlivých nádraží -->
	<xsl:template match="//nadrazi">
		<xsl:element name="h3">
			<xsl:attribute name="id"><xsl:value-of select="@nadrazi_id" /></xsl:attribute>
			<xsl:value-of select="nazev" />
		</xsl:element>
		<table>
			<tr>
				<th>Příjezd</th>
				<th>Odjezd</th>
				<th>Vlak</th>
				<th>Ze stanice</th>
				<th>Do stanice</th>
				<th>Nástupiště</th>
			</tr>
		<xsl:variable name="nadrazi" select="@nadrazi_id" />
		<xsl:for-each select="//spoj/bod">
			<xsl:sort select="prijezd" />
			<xsl:variable name="bod" select="@bod_ref" />
			<xsl:if test="//nadrazi[@nadrazi_id=$nadrazi]/nastupiste/@nastupiste_id = $bod">
				<tr>
					<td><xsl:value-of select="prijezd" /></td>
					<td><xsl:value-of select="odjezd" /></td>
					<td><xsl:value-of select="../@vlak_ref" /></td>
					<xsl:variable name="ze" select="../bod[1]/@bod_ref" />
					<td><xsl:value-of select="//nastupiste[@nastupiste_id = $ze]/../nazev" /></td>
					<xsl:variable name="do" select="../bod[last()]/@bod_ref" />
					<td><xsl:value-of select="//nastupiste[@nastupiste_id = $do]/../nazev" /></td>
					<td><xsl:value-of select="count(//nastupiste[@nastupiste_id = $bod]/preceding-sibling::nastupiste) + 1" /></td>
				</tr>
			</xsl:if>
		</xsl:for-each>
		</table>
	</xsl:template>

<!-- sekce jizdní řády spojů, generuje nadpis -->
	<xsl:template match="//spoje">
			<h2>Spoje</h2>
			<xsl:apply-templates />
	</xsl:template>

<!-- jizdní řád jednotlivýčh spojů, generuje kostru tabulky a informace o vlaku -->
	<xsl:template match="//spoj">
		<xsl:variable name="spoj" select="@spoj_id" />
		<xsl:element name="h3">
			<xsl:attribute name="id"><xsl:value-of select="$spoj" /></xsl:attribute>
			<xsl:text>Spoj </xsl:text><xsl:value-of select="$spoj" />
		</xsl:element>
		<p>Přepravu na spoji <xsl:value-of select="$spoj" /> zajišťuje vlak <xsl:value-of select="@vlak_ref" />.</p>

		<table>
			<tr>
				<th>Příjezd</th>
				<th>Odjezd</th>
				<th>Nádraží</th>
				<th>Nástupiště</th>
			</tr>
			<xsl:apply-templates />
		</table>
	</xsl:template>
	
<!-- jizdní řád jednotlivých spojů, generuje řádky tabulky -->
	<xsl:template match="bod">
			<xsl:variable name="bod" select="@bod_ref" />
			<tr>
				<td><xsl:value-of select="prijezd" /></td>
				<td><xsl:value-of select="odjezd" /></td>
				<td><xsl:value-of select="//nadrazi[nastupiste/@nastupiste_id = $bod]/nazev" /></td>
				<td><xsl:value-of select="count(//nastupiste[@nastupiste_id = $bod]/preceding-sibling::nastupiste) + 1" /></td>
			</tr>
	</xsl:template>
	
</xsl:stylesheet>
