<?xml version="1.1" encoding="UTF-8"?>
<!DOCTYPE tabor SYSTEM "data.dtd">	
<?textinfo alpha-ascending?>
	<!--vytvoreny dve budovy + oddil s 10ti detmi-->
<tabor>
	<!--Na tabore dve chatky, v kazde 5 deti-->
	<budova>
		<cislo>	<![CDATA[1]]></cislo>
		<typ type="drevo"></typ>
		<kapacita>5</kapacita>
		<kuchynka kuch="ano"></kuchynka>
		<umisteni place="les"></umisteni>
		<obyvatele>
			<dite_v_chatce obyv_chatky="i1"></dite_v_chatce>
			<dite_v_chatce obyv_chatky="i2"></dite_v_chatce>
			<dite_v_chatce obyv_chatky="i3"></dite_v_chatce>
			<dite_v_chatce obyv_chatky="i4"></dite_v_chatce>
			<dite_v_chatce obyv_chatky="i5"></dite_v_chatce>
		 </obyvatele>
	</budova>
		<budova>
		<cislo>2</cislo>
		<typ type="drevo"></typ>
		<kapacita>8</kapacita>
		<kuchynka kuch="ne"></kuchynka>
		<umisteni place="les"></umisteni>
				<obyvatele>
			<dite_v_chatce obyv_chatky="i6"></dite_v_chatce>
			<dite_v_chatce obyv_chatky="i7"></dite_v_chatce>
			<dite_v_chatce obyv_chatky="i8"></dite_v_chatce>
			<dite_v_chatce obyv_chatky="i9"></dite_v_chatce>
			<dite_v_chatce obyv_chatky="i10"></dite_v_chatce>
		 </obyvatele>
	</budova>
	<!--1 oddil  s 10ti detmi, z toho i1 a i2 jsou sourozenci-->
	<oddil>
		<cislo_odd>5</cislo_odd>
		<dite id="i1" souroz="i2">
			<jmenoD>Tomas</jmenoD>
			<prijmeniD>Hoge</prijmeniD>
			<trida rank="5"></trida>
			<plavec plave="ano"></plavec>
			<vyska>175</vyska>
			<vaha>56</vaha>
			<vegetarian veget="ne"></vegetarian>
			<prasky pras="ne"></prasky>
	
			<rodic>
				<jmenoR>Petr</jmenoR>
				<prijmeniR>Novak</prijmeniR>
				<telephone telnumber="752456753"></telephone>
				<adresa>
					<ulice>Pod Lipami 4</ulice>
					<mesto>Praha 3</mesto>
					<psc>130 00</psc>
				</adresa>
			</rodic>
		</dite>
		<!--******************************************-->
		<dite id="i2" souroz="i1">
			<jmenoD>Tomas</jmenoD>
			<prijmeniD>Novy</prijmeniD>
			<trida rank="5"></trida>
			<plavec plave="ano"></plavec>
			<vyska>125</vyska>
			<vaha>36</vaha>
			<vegetarian veget="ne"></vegetarian>
			<prasky pras="ne"></prasky>
			<rodic>
				<jmenoR>Petr</jmenoR>
				<prijmeniR>Novak</prijmeniR>
				<telephone telnumber="752456753"></telephone>
				<adresa>
					<ulice>Pod Lipami 4</ulice>
					<mesto>Praha 3</mesto>
					<psc>130 00</psc>
				</adresa>
			</rodic>
		</dite>
		<!--******************************************-->
		<dite id="i3">
			<jmenoD>Petr</jmenoD>
			<prijmeniD>Filip</prijmeniD>
			<trida rank="5"></trida>
			<plavec plave="ano"></plavec>
			<vyska>185</vyska>
			<vaha>56</vaha>
			<vegetarian veget="ano"></vegetarian>
			<prasky pras="ne"></prasky>
			<rodic>
				<jmenoR>Petr</jmenoR>
				<prijmeniR>Novak</prijmeniR>
				<telephone telnumber="752456753"></telephone>
				<adresa>
					<ulice>Pod Lipami 4</ulice>
					<mesto>Praha 5</mesto>
					<psc>130 00</psc>
				</adresa>
			</rodic>
		</dite>
		<!--******************************************-->
		<dite id="i4">
			<jmenoD>Michal</jmenoD>
			<prijmeniD>Novotny</prijmeniD>
			<trida rank="5"></trida>
			<plavec plave="ne"></plavec>
			<vyska>165</vyska>
			<vaha>56</vaha>
			<vegetarian veget="ne"></vegetarian>
			<prasky pras="ano"></prasky>
			<rodic>
				<jmenoR>Petr</jmenoR>
				<prijmeniR>Novak</prijmeniR>
				<telephone telnumber="752456753"></telephone>
				<adresa>
					<ulice>Pod Lipami 4</ulice>
					<mesto>Praha 7</mesto>
					<psc>130 00</psc>
				</adresa>
			</rodic>
		</dite>
		<!--******************************************-->
		<dite id="i5">
			<jmenoD>Michal</jmenoD>
			<prijmeniD>Novak</prijmeniD>
			<trida rank="5"></trida>
			<plavec plave="ano"></plavec>
			<vyska>175</vyska>
			<vaha>56</vaha>
			<vegetarian veget="ne"></vegetarian>
			<prasky pras="ne"></prasky>
			<rodic>
				<jmenoR>Petr</jmenoR>
				<prijmeniR>Novak</prijmeniR>
				<telephone telnumber="752456753"></telephone>
				<adresa>
					<ulice>Pod Lipami 4</ulice>
					<mesto>Praha 4</mesto>
					<psc>130 00</psc>
				</adresa>
			</rodic>
		</dite>
		<!--******************************************-->
		<dite id="i6">
			<jmenoD>Tomas</jmenoD>
			<prijmeniD>Kajak</prijmeniD>
			<trida rank="5"></trida>
			<plavec plave="ano"></plavec>
			<vyska>175</vyska>
			<vaha>56</vaha>
			<vegetarian veget="ano"></vegetarian>
			<prasky pras="ne"></prasky>
			<rodic>
				<jmenoR>Petr</jmenoR>
				<prijmeniR>Novak</prijmeniR>
				<telephone telnumber="752456753"></telephone>
				<adresa>
					<ulice>Pod Lipami 4</ulice>
					<mesto>Praha 3</mesto>
					<psc>130 00</psc>
				</adresa>
			</rodic>
		</dite>
		<!--******************************************-->
		<dite id="i7">
			<jmenoD>David</jmenoD>
			<prijmeniD>Kropy</prijmeniD>
			<trida rank="5"></trida>
			<plavec plave="ne"></plavec>
			<vyska>185</vyska>
			<vaha>80</vaha>
			<vegetarian veget="ne"></vegetarian>
			<prasky pras="ne"></prasky>
			<rodic>
				<jmenoR>Petr</jmenoR>
				<prijmeniR>Novak</prijmeniR>
				<telephone telnumber="752456753"></telephone>
				<adresa>
					<ulice>Pod Lipami 4</ulice>
					<mesto>Praha 4</mesto>
					<psc>130 00</psc>
				</adresa>
			</rodic>
		</dite>
		<!--******************************************-->
		<dite id="i8">
			<jmenoD>Milan</jmenoD>
			<prijmeniD>krajci</prijmeniD>
			<trida rank="5"></trida>
			<plavec plave="ne"></plavec>
			<vyska>175</vyska>
			<vaha>56</vaha>
			<vegetarian veget="ne"></vegetarian>
			<prasky pras="ano"></prasky>
			<rodic>
				<jmenoR>Petr</jmenoR>
				<prijmeniR>Novak</prijmeniR>
				<telephone telnumber="752456753"></telephone>
				<adresa>
					<ulice>Pod Lipami 4</ulice>
					<mesto>Praha 3</mesto>
					<psc>130 00</psc>
				</adresa>
			</rodic>
		</dite>
		<!--******************************************-->
		<dite id="i9">
			<jmenoD>Filip</jmenoD>
			<prijmeniD>Danko</prijmeniD>
			<trida rank="5"></trida>
			<plavec plave="ano"></plavec>
			<vyska>175</vyska>
			<vaha>56</vaha>
			<vegetarian veget="ne"></vegetarian>
			<prasky pras="ne"></prasky>
			<rodic>
				<jmenoR>Petr</jmenoR>
				<prijmeniR>Novak</prijmeniR>
				<telephone telnumber="752456753"></telephone>
				<adresa>
					<ulice>Pod Lipami 4</ulice>
					<mesto>Praha 3</mesto>
					<psc>130 00</psc>
				</adresa>
			</rodic>
		</dite>
		<!--******************************************-->
		<dite id="i10">
			<jmenoD>Martin</jmenoD>
			<prijmeniD>Stefan</prijmeniD>
			<trida rank="5"></trida>
			<plavec plave="ano"></plavec>
			<vyska>175</vyska>
			<vaha>56</vaha>
			<vegetarian veget="ano"></vegetarian>
			<prasky pras="ano"></prasky>
			<rodic>
				<jmenoR>Petr</jmenoR>
				<prijmeniR>Novak</prijmeniR>
				<telephone telnumber="752456753"></telephone>
				<adresa>
					<ulice>Pod Lipami 4</ulice>
					<mesto>Praha 3</mesto>
					<psc>130 00</psc>
				</adresa>
			</rodic>
		</dite>
	</oddil>
</tabor>


