<?xml version="1.0" encoding="UTF-8"?>
<music xmlns:xs="http://www.w3.org/2001/XMLSchema-instance" xs:noNamespaceSchemaLocation="data.xsd">
	<!-- Kategorie Klasická hudba -->
	<category name="Klasická hudba">
		<id>cat_1</id>
		<category_description>
			<strong>Vážná hudba</strong> je široké a <em>značně nespolehlivé označení</em> pro evropskou hudební
			tradici a hudební formy z ní odvozené, za nímž je v dnešní době považováno zejména období <strong>renesance,
			baroka, klasicismu a romantismu</strong>. Moderní vážná hudba se vyznačuje nepřístupností a nabouráváním
			klasických schémat.
		</category_description>
		<pieces_list>
			<piece id="piece_1" name="Cello Sonata A-minor, op. 36">
				<other_categories>
					<ref>cat_4</ref>
					<ref>cat_5</ref>
				</other_categories>
				<authors_list>
					<author name="Edvard Grieg" date_birth="1843" date_death="1907" />
				</authors_list>
				<parts_list>
					<part name="Allegro agitato">
						<interpretations_list>
							<interpretation interpret="Mischa Maisky &amp; Martha Argerich " url="http://www.youtube.com/watch?v=Mnk0BEfaacs" length="00:09:24" />
						</interpretations_list>
					</part>
					<part name="Andante molto tranquillo">
						<interpretations_list>
							<interpretation interpret="Mischa Maisky &amp; Martha Argerich " url="http://www.youtube.com/watch?v=4iOqWCseYiM" length="00:06:13" />
						</interpretations_list>
					</part>
					<part name="Allegro molto e marcato">
						<interpretations_list>
							<interpretation interpret="Mischa Maisky &amp; Martha Argerich " url="http://www.youtube.com/watch?v=8Q1O_FPN4II" length="00:12:38" />
						</interpretations_list>
					</part>
				</parts_list>
			</piece>
			<piece id="piece_2" name="The second waltz">
				<authors_list>
					<author name="Dmitri Shostakovich" date_birth="1906-09-25" date_death="1975-08-09" />
				</authors_list>
				<parts_list>
					<part name="The second waltz">
						<interpretations_list>
							<interpretation interpret="Unknown" url="http://www.youtube.com/watch?v=IoS1_CRS5fA" length="00:03:39" />
						</interpretations_list>
					</part>
				</parts_list>
				<tags_list>
					<tag>Valčík</tag>
				</tags_list>
			</piece>
			<piece id="piece_3" name="Totentanz" date_published="1849">
				<other_categories>
						<ref>cat_5</ref>
				</other_categories>
				<authors_list>
					<author name="Franz Liszt" />
				</authors_list>
				<parts_list>
					<part name="Totentanz">
						<interpretations_list>
							<interpretation interpret="Valentina Lisitsa" url="http://www.youtube.com/watch?v=zGBXA1tBiLw" length="00:14:53" />
							<interpretation interpret="Péter Tóth, Palo Alto Philharmonic Orchestra" url="http://www.youtube.com/watch?v=GX0KiSwm3yc" length="00:17:14" />
						</interpretations_list>
					</part>
				</parts_list>
				<tags_list>
					<tag><?php echo 'Piano'; ?></tag>
					<tag><?php echo 'Klasika'; ?></tag>
					<tag><?php if (isset($_GET['tag'])) echo $_GET['tag']; ?></tag>
				</tags_list>
			</piece>
		</pieces_list>
	</category>
	<!-- Konec kategorie Klasicka hudba -->
	<!-- Kategorie Rock -->
	<category name="Rock">
		<id>cat_2</id>
		<pieces_list>
			<!-- Hudebni dilo - PF: Wish You Were Here -->
			<piece id="piece_4" name="Wish You Were Here" date_published="1975-09">
				<description>
					Wish You Were Here je deváté studiové album anglické skupiny Pink Floyd.
					Vydáno bylo v září 1975 a v britské i americké hitparádě se umístilo na
					prvním místě, čímž navázalo na úspěch předchozího albaThe Dark
					Side of the Moon.
				</description>
				<other_categories>
					<ref>cat_3</ref>
				</other_categories>
				<authors_list>
					<author name="Pink Floyd" />
				</authors_list>
				<parts_list>
					<part name="Shine On You Crazy Diamond">
						<interpretations_list>
							<interpretation interpret="Pink Floyd" url="http://www.youtube.com/watch?v=V1i-RKqOFxQ" length="00:26:12" />
						</interpretations_list>
					</part>
					<part name="Welcome To The Machine">
						<interpretations_list>
							<interpretation interpret="Pink Floyd" url="http://www.youtube.com/watch?v=foCzlvXKWTA" length="00:07:27" />
						</interpretations_list>
					</part>
					<part name="Have A Cigar">
						<interpretations_list>
							<interpretation interpret="Pink Floyd" url="http://www.youtube.com/watch?v=4sVShT6nVTA" length="00:05:25" />
						</interpretations_list>
					</part>
					<part name="Wish You Were Here">
						<interpretations_list>
							<interpretation interpret="Pink Floyd" url="http://www.youtube.com/watch?v=GNIM4L6e8pg" length="00:05:15" />
						</interpretations_list>
					</part>
				</parts_list>
				<tags_list>
					<tag share="true">Roger Waters</tag>
					<tag share="false">Rick Wright</tag>
					<tag>Shine On Your Crazy Diamond</tag>
				</tags_list>
			</piece>
			<!-- Koenc hudebniho dila - PF: Wish You Were Here -->
			<!-- Hudebni dilo - The Doors: The Doors -->
			<piece id="piece_5" name="The Doors" date_published="1967-01-04">
				<description>
					The Doors je debutové album americké rockové skupiny The Doors. Bylo nahráno
					koncem léta 1966 a vydáno 4. ledna 1967. Tři dny před vydáním alba vyšel skupině první singl
					Break On Through.
				</description>
				<authors_list>
					<author name="The Doors" />
					<author name="Jim Morrison" />
				</authors_list>
				<parts_list>
					<part name="Break on Through">
						<interpretations_list>
							<interpretation interpret="The Doors" url="http://www.youtube.com/watch?v=cJQwnAhXnBk" length="00:02:25" />
						</interpretations_list>
					</part>
					<part name="Soul Kitchen">
						<interpretations_list>
							<interpretation interpret="The Doors" url="http://www.youtube.com/watch?v=58ceB8U9N3w" length="00:03:34" />
						</interpretations_list>
					</part>
					<part name="The Crystal Ship"></part>
					<part name="Twentienth Century Fox"></part>
					<part name="Alabama Song">
						<interpretations_list>
							<interpretation interpret="The Doors" url="http://www.youtube.com/watch?v=FS8y-7B2pEk" length="00:03:18" />
						</interpretations_list>
					</part>
					<part name="Light My Fire"></part>
					<part name="Back Door Man"></part>
					<part name="I Looked At You"></part>
					<part name="End Of The Night"></part>
					<part name="Take It As It Comes"></part>
					<part name="The End">
						<interpretations_list>
							<interpretation interpret="The Doors" url="http://www.youtube.com/watch?v=aGmAmJFUvzM" length="00:11:47" />
						</interpretations_list>
					</part>
				</parts_list>
				<tags_list>
					<tag>Jim Morrison</tag>
					<tag>The Doors</tag>
					<tag>Break on Through</tag>
					<tag>1967</tag>
					<tag><?php if (isset($_GET['tag'])) echo $_GET['tag']; ?></tag>
				</tags_list>
			</piece>
			<!-- Koenc hudebniho dila - The Doors: The Doors -->
		</pieces_list>
	</category>
	<!-- Konec kategorie Rock -->
	<!-- Ostatni kategorie -->
	<category name="Pink Floyd" type="private">
		<id>cat_3</id>
		<pieces_list />
	</category>
	<category name="Edvard Grieg" type="private">
		<id>cat_4</id>
		<pieces_list />
	</category>
	<category name="Romantismus">
		<id>cat_5</id>
		<pieces_list />
	</category>
	<category name="Baroko">
		<id>cat_6</id>
		<pieces_list />
	</category>
	<!-- Koenc ostatnich kategorii -->
	<copyright>Copyright: Jan Škvařil</copyright>
</music>
