<?xml version="1.0" encoding="UTF-8"?>
<!DOCTYPE rezervace PUBLIC "kuba-letenky" "data.dtd">
<rezervace>
<zákazník IČ="0123456789" DIČ="CZ0123456789">
<název>Moje firma a.s.</název>
<adresa>
<ulice>Malostranské náměstí 25</ulice>
<PSČ>118 00</PSČ>
<město>Praha 1</město>
</adresa>
</zákazník>
<letenky>
<letenka id="A48">
<start>SYD`&amp;</start>
<cíl>LAX</cíl>
<let>OA 815</let>
<společnost>Oceanic Airlines</společnost>
<odlet>
<datum>22.9.2004</datum>
<čas>14:15</čas>
</odlet>
<přílet>
<datum>22.9.2004</datum>
<čas>10:42</čas>
</přílet>
<jméno>Jack Shephard</jméno>
<doklad číslo="4815162342" typ="Pas"/>
</letenka>
<letenka id="A15">
<start>SYD</start>
<cíl>LAX</cíl>
<let>OA 815</let>
<společnost>Oceanic Airlines</společnost>
<odlet>
<datum>22.9.2004</datum>
<čas>14:15</čas>
</odlet>
<přílet>
<datum>22.9.2004</datum>
<čas>10:42</čas>
</přílet>
<jméno>Hugo Reyes</jméno>
<doklad číslo="815162342" typ="Pas"/>
<priority/>
</letenka>
<letenka id="A16">
<start>LAX</start>
<cíl>GUM</cíl>
<let>AJ 316</let>
<společnost>Ajira Airways</společnost>
<odlet>
<datum>14.9.2007</datum>
<čas>12:00</čas>
</odlet>
<přílet>
<datum>15.9.2007</datum>
<čas>06:00</čas>
</přílet>
<jméno><![CDATA[Sun Kwon]]></jméno>
<doklad číslo="9998887776" typ="Pas"/>
</letenka>
</letenky>
<zpráva>
Zpráva pro <ref id="A16">Let<ref id="A16"><ref id="A16"><ref id="A16"><ref id="A16">Test</ref></ref></ref></ref></ref> agenta.
</zpráva>
<?baf "Tohle je info pro test"?>
</rezervace>