<?xml version="1.0" encoding="UTF-8"?>
<universe xmlns:xsi="http://www.w3.org/2001/XMLSchema-instance" xsi:noNamespaceSchemaLocation="data.xsd">
	<galaxy id="GAL_1">
		<name>Milky Way
	<![CDATA[
		alert("nevim proc je nutne mit tady nejaky skript");
		]]>
		</name>
		<type value="SBc"></type>
		<solarSystem id="SOL_1">
			<planet id="PLA_15">
				<name>Uranus</name>
				<volume>6.833×10e13 km3</volume>
				<mass>8.6810×10e25</mass>
				<escapeVelocity>21.3 km/s</escapeVelocity>
				<equatorialRadius>25559 km</equatorialRadius>
				<satellites>
					<satellite name="Miranda" type="moon"></satellite>
					<satellite name="Ariel" type="moon"></satellite>
					<satellite name="Umbriel" type="moon"></satellite>
					<satellite name="Titania" type="moon"></satellite>
					<satellite name="Oberon" type="moon"></satellite>
				</satellites>
				<composition>
					<composite name="hydrogen" amount="83"></composite>
					<composite name="helium" amount="15"></composite>
					<composite name="methane" amount="2.3"></composite>
				</composition>
				<equatorialGravity>8.69 m/s2</equatorialGravity>
				<orbitalPeriod>30799 day</orbitalPeriod>
				<orbit>
					<aphelion>20.08 AU</aphelion>
					<perihelion>18.37 AU</perihelion>
				</orbit>
			</planet>
			<planet id="PLA_16">
				<name>Neptune</name>
				<volume>6.254×10e13 km3</volume>
				<mass>1.0243×10e26 kg</mass>
				<escapeVelocity>23.5 km/s</escapeVelocity>
				<equatorialRadius>24764 km</equatorialRadius>
				<satellites>
					<satellite name="Triton" type="moon"></satellite>
					<satellite name="Nereid" type="moon"></satellite>
					<satellite name="Proteus" type="moon"></satellite>
					<satellite name="Naiad" type="moon"></satellite>
				</satellites>
				<composition>
					<composite name="hydrogen" amount="80"></composite>
					<composite name="helium" amount="19"></composite>
					<composite name="methane" amount="1.5"></composite>
				</composition>
				<equatorialGravity>11.15 m/s2</equatorialGravity>
				<orbitalPeriod>60190 day</orbitalPeriod>
				<orbit>
					<aphelion>30.44 AU</aphelion>
					<perihelion>29.77 AU</perihelion>
				</orbit>
			</planet>
		</solarSystem>
	</galaxy>
</universe>