<?xml version="1.0"?>
<songs>
	<song>
		<singer id="id_005">Pinkie Pie</singer>
		<name>Laughter Song</name>
		<link>http://www.youtube.com/watch?v=WODiCCJfp94</link>
	</song>
	<song>
		<singer id="id_005">Pinkie Pie</singer>
		<name>Pinkie's Gala Fantasy Song</name>
		<link>http://www.youtube.com/watch?v=4DjwYDLZE6A</link>
	</song>
	<song>
		<singer id="id_005">Pinkie Pie</singer>
		<name>The Ticket Song</name>
		<link>http://www.youtube.com/watch?v=nt_sBtOmgYc</link>
	</song>
	<song>
		<singer id="id_006">Rainbow Dash</singer>
		<singer id="id_404">Gilda</singer>
		<name>Junior Speedsters Chant</name>
		<link>http://www.youtube.com/watch?v=MrToVh_2B_E</link>
	</song>
	<song>
		<singer id="id_005">Pinkie Pie</singer>
		<name>Hop Skip and Jump song</name>
		<link>http://www.youtube.com/watch?v=P3VmzZU4XuA</link>
	</song>
	<song>
		<singer id="id_005">Pinkie Pie</singer>
		<name>Cupcake Song</name>
		<link>http://www.youtube.com/watch?v=OmAcBK3AAd8</link>
	</song>
	<song>
		<singer id="id_004">Rarity</singer>
		<name>Art of the Dress</name>
		<link>http://www.youtube.com/watch?v=0BdA1MaueZI</link>
	</song>
	<song>
		<singer id="id_003">Fluttershy</singer>
		<singer id="id_013">Sweetie Belle</singer>
		<name>Hush Now Lullaby</name>
		<link>http://www.youtube.com/watch?v=jFTNm_p3iPY</link>
	</song>
	<song>
		<singer id="id_012">Scootaloo</singer>
		<name>Cutie Mark Crusaders Song</name>
		<link>http://www.youtube.com/watch?v=CZ9BsNKKnFg</link>
	</song>
	<song>
		<singer id="id_005">Pinkie Pie</singer>
		<name>You Got to Share, You Got to Care</name>
		<link>http://www.youtube.com/watch?v=CtCV_3XeVGg</link>
	</song>
	<song>
		<singer id="id_003">Fluttershy</singer>
		<name>So Many Wonders</name>
		<link>http://www.youtube.com/watch?v=g8Wp51NI2BY</link>
	</song>
	<song>
		<singer id="id_005">Pinkie Pie</singer>
		<name>Pinkie Pie's Singing Telegram</name>
		<link>http://www.youtube.com/watch?v=Y4Z0x80c7Gg</link>
	</song>
	<song>
		<singer id="id_005">Pinkie Pie</singer>
		<singer id="id_003">Fluttershy</singer>
		<singer id="id_004">Rarity</singer>
		<singer id="id_006">Rainbow Dash</singer>
		<singer id="id_001">Twilight Sparkle</singer>
		<singer id="id_002">Applejack</singer>
		<name>The Gala Song</name>
		<link>http://www.youtube.com/watch?v=ChbyxWG4IM4</link>
	</song>
	<song>
		<singer id="id_005">Pinkie Pie</singer>
		<name>I'm at the Grand Galloping Gala</name>
		<link>http://www.youtube.com/watch?v=koD4jyiwQX0</link>
	</song>
	<song>
		<singer id="id_005">Pinkie Pie</singer>
		<name>Pony Pokey</name>
		<link>http://www.youtube.com/watch?v=5JBbXw4V-Tc</link>
	</song>
	<song>
		<singer id="id_003">Fluttershy</singer>
		<singer id="id_006">Rainbow Dash</singer>
		<name>Find A Pet Song</name>
		<link>http://www.youtube.com/watch?v=MHf-YnY9k7k</link>
	</song>
	<song>
		<singer id="id_004">Rarity</singer>
		<name>Becoming Popular (The Pony Everypony Should Know)</name>
		<link>http://www.youtube.com/watch?v=27OwEwNjsHc</link>
	</song>
	<song>
		<singer id="id_005">Pinkie Pie</singer>
		<name>Happy Monthiversary</name>
		<link>http://www.youtube.com/watch?v=6yoJW9PYoas</link>
	</song>
	<song>
		<singer id="id_005">Pinkie Pie</singer>
		<name>Piggy Dance</name>
		<link>http://www.youtube.com/watch?v=2xYQsKUaqUs</link>
	</song>
	<song>
		<singer id="id_405">Flim Flam Brothers</singer>
		<name>The Flim Flam Brothers (song)</name>
		<link>http://www.youtube.com/watch?v=Ssl1RxwMWNA</link>
	</song>
	<song>
		<singer id="id_012">Scootaloo</singer>
		<singer id="id_013">Sweetie Belle</singer>
		<singer id="id_007">Apple Bloom</singer>
		<name>The Perfect Stallion</name>
		<link>http://www.youtube.com/watch?v=46W8RsdJkxU</link>
	</song>
	<song>
		<singer id="id_005">Pinkie Pie</singer>
		<name>Smile Song</name>
		<link>http://www.youtube.com/watch?v=8aerro1otWo</link>
	</song>
	<song>
		<singer id="id_005">Pinkie Pie</singer>
		<name>You're a Cranky Doodle Donkey</name>
		<link>http://www.youtube.com/watch?v=cLDkhtQNWJ8</link>
	</song>
	<song>
		<singer id="id_005">Pinkie Pie</singer>
		<name>Welcome Song</name>
		<link>http://www.youtube.com/watch?v=SsiC9CzFedE</link>
	</song>
	<song>
		<singer id="id_001">Twilight Sparkle</singer>
		<name>B.B.B.F.F</name>
		<link>http://www.youtube.com/watch?v=qYI6z8_XrBQ</link>
	</song>
	<song>
		<singer id="id_200">Princess Cadence</singer>
		<singer id="id_666">Queen Chrysalis</singer>
		<name>This Day Aria</name>
		<link>http://www.youtube.com/watch?v=VAeVmb9sSXg</link>
	</song>
	<song>
		<singer id="id_001">Twilight Sparkle</singer>
		<name>Love Is In Bloom</name>
		<link>http://www.youtube.com/watch?v=qDvbiMCMnbg</link>
	</song>
</songs>