<?xml version="1.0" encoding="UTF-8"?>
<!-- Vytvořil Petr Loffelmann v programu Exchanger XML Editor -->
<!DOCTYPE dokument PUBLIC "data" "data.dtd">

<dokument>
	<seznam_aukcí>
		<aukce aukce_id="A1" výherce_id_ref="V1" kategorie_id_ref="K4">
			<datum_začátek>13.9.2011</datum_začátek>
			<datum_konec>5.10.2011</datum_konec>
			<název_aukce>Proesor AMD Megathlon</název_aukce>
			<popis>Je jako nový a hrozně rychlý.</popis>
			<cena_vyvolávací>300</cena_vyvolávací>
			<cena_aktuální>300</cena_aktuální>
			<počet_obrázků>5</počet_obrázků>
			<počet_zobrazení>200</počet_zobrazení>
			<počet_příhozů>1</počet_příhozů>
			<doporučená pravda="ne" />
			<vyzvednutá_výhercem pravda="ano" />
			<cddata><![CDATA[for (i=0; i < 10; i++) { document.writeln("<p>Ahoj</p>");}]]></cddata> <!-- tento element je k ničemu, jen plní formální poždavek na CDDATA -->
		</aukce>	
		
		<aukce aukce_id="A2"  kategorie_id_ref="K8">
			<datum_začátek>17.11.2011</datum_začátek>
			<datum_konec>5.12.2011</datum_konec>
			<název_aukce>Genius Optical Mouse v2</název_aukce>
			<popis>Je to sqělá a kůl krysa. Nekouše.</popis>
			<cena_vyvolávací>50</cena_vyvolávací>
			<cena_aktuální>0</cena_aktuální>
			<počet_obrázků>1</počet_obrázků>
			<počet_zobrazení>5</počet_zobrazení>
			<počet_příhozů>0</počet_příhozů>
			<doporučená pravda="ne" />
			<vyzvednutá_výhercem pravda="ne" />
		</aukce>	

		<aukce aukce_id="A3" výherce_id_ref="V2" kategorie_id_ref="K7">
			<datum_začátek>27.2.2012</datum_začátek>
			<datum_konec>15.3.2012</datum_konec>
			<název_aukce>Klávesnice Microsoft</název_aukce>
			<popis>Píše úplně sama. Obsahuje všechny písmenka</popis>
			<cena_vyvolávací>100</cena_vyvolávací>
			<cena_aktuální>200</cena_aktuální>
			<počet_obrázků>2</počet_obrázků>
			<počet_zobrazení>25</počet_zobrazení>
			<počet_příhozů>5</počet_příhozů>
			<doporučená pravda="ne" />
			<vyzvednutá_výhercem pravda="ne" />
		</aukce>	

	</seznam_aukcí>
	
	<seznam_výherců>
		<výherce výherce_id="V1">
			<login>kopyto</login>
			<heslo>k0000p</heslo>
			<email>mnouk@centrum.cz</email>
			<telefon>776448596</telefon>
			<jméno>Jindřich</jméno>
			<příjmení>Kopyto</příjmení>
			<adresa stát="ČR">
				<ulice>
					<název_ulice>V chlívku</název_ulice>
					<čp>716</čp>
				</ulice>
				<město>Sázava</město>
				<PSČ>24659</PSČ>
			</adresa>
			<ověřený_email pravda="ano" />
			<datum_registrace>5.7.2011</datum_registrace>
			<datum_přihlášení><?php echo Date("d.m.Y")?></datum_přihlášení>	
		</výherce>
		
		<výherce výherce_id="V2">
			<login>janosik</login>
			<heslo>j4n0s1k</heslo>
			<email>jan.osik@volny.cz</email>
			<telefon>724697519</telefon>
			<jméno>Jan</jméno>
			<příjmení>Ošík</příjmení>
			<adresa stát="ČR">
				<ulice>
					<název_ulice>Ošitá</název_ulice>
					<čp>7</čp>
				</ulice>
				<město>Ohrobec</město>
				<PSČ>12345</PSČ>
			</adresa>
			<ověřený_email pravda="ano" />
			<datum_registrace>12.9.2011</datum_registrace>
			<datum_přihlášení><?php echo Date("d.m.Y")?></datum_přihlášení>	
		</výherce>
		
		<výherce výherce_id="V3">
			<login>novak007</login>
			<heslo>123456</heslo>
			<email>novak@seznam.cz</email>
			<telefon>777123456</telefon>
			<jméno>Pavel</jméno>
			<příjmení>Novák</příjmení>
			<adresa stát="SR">
				<ulice>
					<název_ulice>Za domy</název_ulice>
					<čp>5</čp>
				</ulice>
				<město>Vidlákov</město>
				<PSČ>46152</PSČ>
			</adresa>
			<ověřený_email pravda="ne" />
			<datum_registrace>3.3.2012</datum_registrace>
			<datum_přihlášení><?php echo Date("d.m.Y")?></datum_přihlášení>
			<interní_poznámka>Ještě u nás nedražil.</interní_poznámka>			
		</výherce>
	</seznam_výherců>
	
	<seznam_kategorií>
		<kategorie kategorie_id="K1">
			<název_kategorie>Počítače</název_kategorie>
			<kategorie kategorie_id="K2">
				<název_kategorie>Procesory</název_kategorie>
				<kategorie kategorie_id="K3">
					<název_kategorie>Intel</název_kategorie>
				</kategorie>
				<kategorie kategorie_id="K4">
					<název_kategorie>AMD</název_kategorie>
				</kategorie>
			</kategorie>
			<kategorie kategorie_id="K5">
				<název_kategorie>Základní desky</název_kategorie>
			</kategorie>
		</kategorie>
		<kategorie kategorie_id="K6">
			<název_kategorie>Příslušenství</název_kategorie>
			<kategorie kategorie_id="K7">
				<název_kategorie>Klávesnice</název_kategorie>
				<kategorie kategorie_id="K8">
					<název_kategorie>Myši</název_kategorie>
				</kategorie>
			</kategorie>
		</kategorie>
	</seznam_kategorií>
</dokument>