<?xml version="1.0" encoding="UTF-8"?>

<!-- pomocny dokument -->
<!-- Martin Blicha -->
<!-- vyrobcovia doskovych hier -->

<vyrobcovia>
	<vyrobca id="mind01">
		<nazov>MindOK</nazov>
		<hry>
			<hra id="dunglo">
				<nazov>Dungeon Lords</nazov>
			</hra>
			<hra id="agric">
				<nazov>Agricola</nazov>
			</hra>
			<hra id="carcass">
				<nazov>Carcassonne</nazov>
			</hra>
		</hry>
	</vyrobca>
	<vyrobca id="wiz01">
		<nazov>WizKids</nazov>
		<hry>
			<hra id="magekn">
				<nazov>Mage Knight</nazov>
			</hra>
			<hra id="tsuro">
				<nazov>Tsuro</nazov>
			</hra>
		</hry>
	</vyrobca>
	<vyrobca id="ffg01">
		<nazov>Fantasy Flight Games</nazov>
		<hry>
			<hra id="gameth">
				<nazov>Game of Thrones</nazov>
			</hra>
			<hra id="arkhor">
				<nazov>Arkham Horror</nazov>
			</hra>
		</hry>
	</vyrobca>
</vyrobcovia> 
