<?xml version="1.0" encoding="UTF-8"?>
<!DOCTYPE SaleSystem SYSTEM "data.dtd">

<SaleSystem 
	xmlns:xsi="http://www.w3.org/2001/XMLSchema-instance"
	xsi:noNamespaceSchemaLocation="data.xsd">

<!-- ******* -->
<!-- COMPANY -->
<!-- ******* -->
<Companies>

	<Company>
		<Id idType="companyType" data="comp1"/>
		<Name>Restaurace U Kozího rohu</Name>
		<Contact>
			<Tels tel1="123456789" tel2="987654321" tel3="12398746"/>
			<Faxs fax1="12323123" fax2="123123123"/>
			<Web email="uKozihoRohu@email.com" www="www.u-koziho-rohu.com" skype="u_koz_roh"/>
			<Place otherPlaceInfo="Blízko zastávky metra Kozí roh.">
				<Country>&defaultCountry;</Country>
				<City>Praha</City>
				<Street>U Kozího rohu 656</Street>
				<Psc>420 10</Psc>
			</Place>
		</Contact>
		<Ico> 09012390		</Ico>
		<OtherInfo>
			Nabízíme <b>sqělé</b> jídlo, v kterém se vám naskytne mnohých <i>překvapení</i>.
		</OtherInfo>
		<OtherInfo>
			Nabízíme <u>úžasné</u> pití, po kterém se objevíte v <i>kozím</i> ráji.
		</OtherInfo>
	</Company>
	
	<Company>
		<Id idType="companyType" data="comp2"/>
		<Name info="Dříve známá jako Vosárna">Restaurace U Vosího hnízda</Name>
		<Contact>
			<Tels tel1="123456789"/>
			<Web email="uVosihoHnizda@email.com" />
			<Place>
				<Country>&defaultCountry;</Country>
				<City>Praha</City>
				<Street>U Vosího hnízda 1</Street>
				<Psc>420 11</Psc>
			</Place>
		</Contact>
		<Ico>90123940</Ico>
	</Company>
	
	<Company>
		<Id idType="companyType" data="comp3"/>
		<Name>Pivovar Opij se</Name>
		<Contact>
			<Tels tel1="1123456789" tel2="9876544321"/>
			<Faxs fax1="122323123"/>
			<Web email="opijSe@email.com" skype="opij se"/>
			<Place otherPlaceInfo="Můžeš se s námi opít v Praze 23, kde se čepuje naše pivo.">
				<Country>Opij Se Land</Country>
				<City>Opiju se</City>
				<Street>Jsem namol 21</Street>
				<Psc>123 45</Psc>
			</Place>
		</Contact>
		<Ico>11112234</Ico>
		<OtherInfo>
			<![CDATA[
				for ($i = 0; $i < 10; ++$i) { echo('Piju'); }
				echo('<br/>');
				for ($i = 0; $i < 10; ++$i) { echo('Piješ'); }
				echo('<br/>');
				for ($i = 0; $i < 10; ++$i) { echo('Pijeme'); }
			]]>
		</OtherInfo>
	</Company>

</Companies>


<!-- ******* -->
<!-- CREATOR -->
<!-- ******* -->
<Creators>

	<Creator firstName="Franta" lastName="Kudláček" login="kudlan">
		<Id idType="creatorType" data="creat1"/>
		<CompanyId data="comp1" />
	</Creator>
	
	<Creator firstName="Kozomir" lastName="Rohatý" login="kozomir">
		<Id idType="creatorType" data="creat2"/>
		<CompanyId data="comp1" />
	</Creator>
	
	<Creator firstName="Kozák" lastName="Zarostlý" login="kozak">
		<Id idType="creatorType" data="creat3"/>
		<CompanyId data="comp1" />
	</Creator>
	
	<Creator firstName="Kozina" lastName="Mečivá" login="kozina">
		<Id idType="creatorType" data="creat4"/>
		<CompanyId data="comp1" />
	</Creator>
	
	<Creator firstName="Vojta" lastName="Vosatý" login="vosaty">
		<Id idType="creatorType" data="creat5"/>
		<CompanyId data="comp2" />
	</Creator>
	
	<Creator firstName="Vcelak" lastName="Novotný" login="vcelak">
		<Id idType="creatorType" data="creat6"/>
		<CompanyId data="comp2" />
	</Creator>
	
	<Creator firstName="Vcelař" lastName="Novotný" login="vcelar">
		<Id idType="creatorType" data="creat7"/>
		<CompanyId data="comp2" />
	</Creator>
	
	<Creator firstName="Pijan" lastName="Opitý" login="pijan">
		<Id idType="creatorType" data="creat8"/>
		<CompanyId data="comp3" />
	</Creator>
	
	<Creator firstName="Pavel" lastName="Namol" login="namol">
		<Id idType="creatorType" data="creat9"/>
		<CompanyId data="comp3" />
	</Creator>
	
	<Creator firstName="Maroš" lastName="Napijse" login="marosek">
		<Id idType="creatorType" data="creat10"/>
		<CompanyId data="comp3" />
	</Creator>
	
	<Creator firstName="Ladislav" lastName="Ožerse" login="ladicek">
		<Id idType="creatorType" data="creat11"/>
		<CompanyId data="comp3" />
	</Creator>

</Creators>


<!-- ******* -->
<!-- VOUCHER -->
<!-- ******* -->
<Vouchers>
	
	<Voucher>
		<Id idType="voucherType" data="v1"/>
		<CreatorId data="creat1" />
		<CreatorLogin data="kudlan"/>
		<Name>Večeře pro 2</Name>
		<Price old="1000" new="250" />
		<Valid from="1.4.2011" to="15.4.2011" />
		<Count min="&defaultMinCount;" max="&defaultMaxCount;" />
		<OtherInfo>
			Přijďte na <b>romantickou</b> večeři pro 2 do <i>luxusní</i> restaurace. 
		</OtherInfo>
		<OtherInfo>
			Máte <u>pořádný</u> apetit? Nemusítě chodit s 2. osobou a můžete sám sníst jídlo v hodnotě 1000,- a zaplatit pouhých 250,-.  
		</OtherInfo>
	</Voucher>
	
	<Voucher>
		<Id idType="voucherType" data="v2"/>
		<CreatorId data="creat6" />
		<CreatorLogin data="vcelak"/>
		<Name>Medová specialita</Name>
		<Price old="2000" new="400" />
		<Valid from="10.4.2011" to="12.4.2011" />
		<Count min="&defaultMinCount;" max="50" />
		<OtherInfo>
			Specialita podniku, kandované včely, za vynikající cenu. 
		</OtherInfo>
	</Voucher>
	
	<Voucher>
		<Id idType="voucherType" data="v4"/>
		<CreatorId data="creat5" />
		<CreatorLogin data="vosaty"/>
		<Name>Hnojová specialita</Name>
		<Price old="200" new="50" />
		<Valid from="10.4.2011" to="12.4.2011" />
		<Count min="&defaultMinCount;" max="50" />
		<OtherInfo>
			Specialita podniku, kandovaný hnuj, za vynikající cenu. 
		</OtherInfo>
	</Voucher>
	
	<Voucher>
		<Id idType="voucherType" data="v5"/>
		<CreatorId data="creat7" />
		<CreatorLogin data="vcelar"/>
		<Name>Houskovník se šnečí omáčkou</Name>
		<Price old="100" new="40" />
		<Valid from="10.4.2011" to="12.4.2011" />
		<Count min="&defaultMinCount;" max="50" />
		<OtherInfo>
			Specialita podniku, houskovník se šnečí omáčkou, za vynikající cenu. 
		</OtherInfo>
		<OtherInfo>
			Upozornění pro alergiky: V jídle jsou obsaženi šneci. 
		</OtherInfo>
	</Voucher>
	
	<Voucher>
		<Id idType="voucherType" data="v3"/>
		<CreatorId data="creat10" />
		<CreatorLogin data="marosek"/>
		<Name>Vypij kolik zvládneš</Name>
		<Price old="&infinityPrice;" new="200" />
		<Valid from="2.4.2011" to="10.4.2011" />
		<Count min="&defaultMinCount;" max="$infinityCount;" />
		<OtherInfo>
			Přijď dnes <?php echo Date("d.m.Y")?> za námi do pivovaru a <u>vypij kolik zvládneš</u>.
		</OtherInfo>
	</Voucher>
	
</Vouchers>

</SaleSystem>