<?xml version="1.0" encoding="UTF-8"?>
<!DOCTYPE evidence-majetku SYSTEM "data.dtd" [
	<!ENTITY % plain "IGNORE">
	<!ENTITY % html "INCLUDE">
]>
<evidence-majetku verze="1.0.0" vytvoreno="20120226T21:20" vytvoril="Radim Bufka">
	<uvod>
		<ucel-dokumentu>Databáze obecního majetku a příslušenství a evidence jejich pronájmů v obci &obec;.</ucel-dokumentu>
		<platnost>&rok;</platnost>
		<aktualizovano>
			<?php echo date(DATE_RFC822); ?>
		</aktualizovano>
	</uvod>
	<zodpovedne-osoby>
		<fo rc="rc_8912101234">
			<jmeno>Radim</jmeno>
			<prijmeni>Bufka</prijmeni>
			<adresa>
				<ulice>Čechova</ulice>
				<cp>3</cp>
				<psc>30100</psc>
				<obec>Plzeň</obec>
			</adresa>
			<kontakt>
				<telefon typ="mobil">+420789456123</telefon>
				<email>radimbufka@gg.com</email>
			</kontakt>
			<odpovednost/>
		</fo>
		<fo rc="rc_8910271245">
			<jmeno>Petr</jmeno>
			<prijmeni>Pavel</prijmeni>
			<adresa>
				<ulice>&obec;</ulice>
				<cp>48</cp>
				<psc>32406</psc>
				<obec>Staňkov</obec>
			</adresa>
			<kontakt>
				<telefon typ="mobil">+420728298789</telefon>
			</kontakt>
			<odpovednost ref="nem_003"/>
		</fo>
		<po ico="ico_12345" dic="54321">
			<nazev>ZEAS Puclice s.r.o.</nazev>
			<adresa>
				<ulice>Fandova</ulice>
				<cp>16</cp>
				<psc>32605</psc>
				<obec>Puclice</obec>
			</adresa>
			<kontakt>
				<telefon typ="pevna">+420379491328</telefon>
				<telefon typ="mobil">+420724753951</telefon>
				<email>info@zeas-puclice.cz</email>
			</kontakt>
			<odpovednost/>
		</po>
		<fo rc="rc_5605241023">
			<jmeno>Josef</jmeno>
			<prijmeni>Váchal</prijmeni>
			<adresa>
				<ulice>Baarova</ulice>
				<cp>31</cp>
				<psc>32402</psc>
				<obec>Horšovský Týn</obec>
			</adresa>
			<kontakt>
				<telefon typ="mobil">+420603456987</telefon>
			</kontakt>
			<odpovednost ref="nem_001 nem_002 nem_004"/>
		</fo>
		<fo rc="rc_7611115820">
			<jmeno>Jan</jmeno>
			<prijmeni>Liška</prijmeni>
			<adresa>
				<ulice>Petrova</ulice>
				<cp>10</cp>
				<psc>321 00</psc>
				<obec>Staňkov</obec>
			</adresa>
			<kontakt>
				<telefon typ="mobil">+420723456987</telefon>
				<telefon typ="pevna">+420379492836</telefon>
			</kontakt>
			<odpovednost></odpovednost>
		</fo>
		<fo rc="rc_8504137896">
			<jmeno>Šimon</jmeno>
			<prijmeni>Mandík</prijmeni>
			<adresa>
				<ulice>Kolárova</ulice>
				<cp>11</cp>
				<psc>302 00</psc>
				<obec>Plzeň</obec>
			</adresa>
			<kontakt>
				<telefon typ="mobil">+420754325896</telefon>
				<email>simanski@ut.net</email>
			</kontakt>
			<odpovednost></odpovednost>
		</fo>
		<po ico="ico_1010101">
			<nazev>Minimuzeum vah</nazev>
			<adresa>
				<ulice>&obec;</ulice>
				<cp>56</cp>
				<psc>32406</psc>
				<obec>Staňkov</obec>
			</adresa>
			<kontakt>
				<telefon typ="pevna">+420379492830</telefon>
			</kontakt>
			<odpovednost/>
		</po>
	</zodpovedne-osoby>
	<majetek>
		<nemovity>
				<nemovitost typ="louka" id="nem_004" pronajato="ne" kpronajmu="ano" zodpovovedne-osoby="rc_5605241023">
					<nazev>Louka #1799</nazev>
					<katastralni-udaje>
						<uzemi>&obec; 675903</uzemi>
						<parcelni-cislo>1799</parcelni-cislo>
					</katastralni-udaje>
					<popis>
						<p>Louka na pastvu ovci</p>
					</popis>
				</nemovitost>
			<nemovitost id="nem_001" typ="pole" vymera="5ha" zodpovovedne-osoby="rc_5605241023" kpronajmu="ano" pronajato="ano"> <!-- najemnici="ico_12345" -->
				<nazev>Pole #1896</nazev>
				<katastralni-udaje>
					<uzemi>&obec; 675903</uzemi>
					<parcelni-cislo>1896</parcelni-cislo>
				</katastralni-udaje>
				<popis>
					<p>
						<b>Orná půda</b> u břehu řeky <i>Radbuzy</i>.</p>
					<p>Vysoký obsah solí v půdě.</p>
				</popis>
			</nemovitost>
			<nemovitost typ="budova" id="nem_002" pronajato="ano" kpronajmu="ano" zodpovovedne-osoby="rc_8910271245 rc_5605241023" > <!-- najemnici="rc_8910271245 rc_8912101234" -->
				<nazev>Kulturní dům obce &obec;</nazev>
				<adresa>
					<ulice>&obec;</ulice>
					<cp>15</cp>
					<psc>32406</psc>
					<obec>Staňkov</obec>
				</adresa>
				<popis>
					<p>Možnost pořádat kulturní akce pro všechny občany obce &obec;.</p>
					<p>Během plesové sezóny se v Kulturním domě každým rokem již tradičně pořádá <b>Hasičský bál</b> našeho <i>Spolku dobrovolných hasičů &obec;</i>. Též obec &obec; pořádá svůj obecní ples, na kterém se vždy sejdou obyvatelé a rodáci jakbysmet.</p>
				</popis>
			</nemovitost>
			<nemovitost typ="budova" id="nem_003" pronajato="ne" kpronajmu="ne" zodpovovedne-osoby="rc_8910271245">
				<nazev>Obecní úřad &obec;</nazev>
				<adresa>
					<ulice>&obec;</ulice>
					<cp>1</cp>
					<psc>32406</psc>
					<obec>Staňkov</obec>
				</adresa>
				<popis>
					<p>Schůze zastupitelstva jsou každou středu od <b>19:00</b>!</p>
				</popis>
			</nemovitost>
		</nemovity>
		<movity>
			<movitost typ="nářadí" id="mov_001" pronajato="ano" kpronajmu="ano" zodpovovedne-osoby="rc_8910271245" umisteni="nem_003" pocet="3" pocetVolnych="2" > <!-- najemnici="rc_8912101234 rc_8910271245" -->
				<nazev>Zahradní sekačka Mountfield BX-0R</nazev>
				<popis>
					<p>K sekání vysoké trávy.</p>
				</popis>
			</movitost>
			<movitost typ="nábytek" id="mov_002" pronajato="ne" kpronajmu="ne" zodpovovedne-osoby="rc_5605241023" umisteni="nem_003" pocet="1" pocetVolnych="1">
				<nazev>Konferenční stůl.</nazev>
				<popis>
					<p>Postavený na míru potřebám obecního zastupitelstva, bohužel je těžké ho rozebrat a vcelku jej není možno přemístit.</p>
				</popis>
			</movitost>
			<movitost typ="elektronika" id="mov_003" pronajato="ne" kpronajmu="ano" zodpovovedne-osoby="rc_5605241023" umisteni="nem_003" pocet="1" pocetVolnych="1">
				<nazev>Dataprojektor AT&amp;T L4E Pro</nazev>
				<popis>
					<p>Velmi výkoný dataprojektor použitelný i k venkovnímu promítání na velkém plátně.</p>
				</popis>
			</movitost>
			<movitost typ="elektronika" id="mov_004" pronajato="ne" kpronajmu="ano" zodpovovedne-osoby="rc_5605241023" umisteni="nem_003" pocet="1" pocetVolnych="1">
				<nazev>Promítací plátno</nazev>
				<popis>
					<p>Venkovní promítací plátno formátu 16:9 s úhlopříčkou přes 18 metrů.</p>
				</popis>
			</movitost>
			<movitost typ="vozidlo" id="mov_005" pronajato="ano" kpronajmu="ano" zodpovovedne-osoby="rc_8910271245" umisteni="ico_12345" pocet="1" pocetVolnych="0">
				<nazev>Traktor Zetor</nazev>
				<popis>
					<p>Traktor s pluhem.</p>
				</popis>
			</movitost>
			<movitost typ="vozidlo" id="mov_006" pronajato="ne" kpronajmu="ne" zodpovovedne-osoby="rc_8910271245" umisteni="nem_003" pocet="1" pocetVolnych="1">
				<nazev>Škoda Superb 1.9TDi</nazev>
				<popis>
					<p>Služební auto starosty.</p>
				</popis>
			</movitost>
			<movitost typ="nářadí" id="mov_007" pronajato="ano" kpronajmu="ano" zodpovovedne-osoby="rc_8910271245" umisteni="nem_003" pocet="5" pocetVolnych="3">
				<nazev>Lopata</nazev>
				<popis>
					<p>Jedna má zlomenou násadu.</p>
				</popis>
			</movitost>
			<movitost typ="venkovni vybaveni" id="mov_008" pronajato="ne" kpronajmu="ano" zodpovovedne-osoby="rc_5605241023" umisteni="nem_003" pocet="1" pocetVolnych="1">
				<nazev>Stan Blazer T150</nazev>
				<popis>
					<p>Venkovní nepromokavý stan pro 150 lidí.</p>
				</popis>
			</movitost>
			<movitost typ="nářadí" id="mov_009" pronajato="ne" kpronajmu="ano" zodpovovedne-osoby="rc_5605241023" umisteni="nem_003" pocet="2" pocetVolnych="2">
				<nazev>Mountfield RTT100</nazev>
				<popis>
					<p>Kolečko.</p>
				</popis>
			</movitost>
			<movitost typ="elektronika" id="mov_010" pronajato="ne" kpronajmu="ano" zodpovovedne-osoby="rc_5605241023" umisteni="nem_003" pocet="1" pocetVolnych="1">
				<nazev>Sennheiser MiC780</nazev>
				<popis>
					<p>Bezdratovy mikrofon.</p>
				</popis>
			</movitost>
		</movity>
	</majetek>
	<pronajmy>
		<pronajem id="pron_001" predmet="mov_007" najemnik="ico_12345" pronajal="rc_8910271245" od="2011-05-11" do="2011-05-25" cena="1000">
			<popis>
				<p>K výkopu kanalizace. Lopata nepoškozena.</p>
			</popis>
		</pronajem>
		<pronajem id="pron_002" predmet="mov_007" najemnik="ico_12345" pronajal="rc_8910271245" od="2011-05-11" do="2011-05-25" cena="1000">
			<popis>
				<p>K výkopu kanalizace. Lopata nepoškozena.</p>
			</popis>
		</pronajem>
		<pronajem id="pron_003" predmet="mov_005" najemnik="ico_12345" pronajal="rc_8910271245" od="2005-1-1" do="2015-1-1" cena="200000">
			<popis>
				<p>Pujceni nepotrebneho obecniho traktoru mistnimu zemedelskemu druzstvu.</p>
			</popis>
		</pronajem>
		<pronajem id="pron_004" predmet="mov_001" najemnik="rc_8912101234" pronajal="rc_8910271245" od="2012-03-01" do="2012-03-15" cena="0">
			<popis>
				<p>Na sekání obecního fotbalového hřiště.</p>
			</popis>
		</pronajem>
		<pronajem id="pron_005" predmet="nem_002" najemnik="rc_8910271245" pronajal="rc_8910271245" od="2012-02-27T10:00" do="2012-02-28T10:00" cena="5000">
			<popis>
				<p>Ples zahrádkářů.</p>
			</popis>
		</pronajem>
		<pronajem id="pron_006" predmet="nem_002" najemnik="rc_8912101234" pronajal="rc_8910271245" od="2012-01-15T18:00" do="20122-01-15T22:00" cena="0">
			<popis>
				<p>Taneční večírek.</p>
			</popis>
		</pronajem>
		<pronajem id="pron_007" predmet="nem_001" najemnik="ico_12345" pronajal="rc_5605241023" od="2005-01-01" do="2015-01-01" cena="10000">
			<popis>
				<p>Pronajem pole.</p>
			</popis>
		</pronajem>
	</pronajmy>
	<vzory>
		<vzor typ="Smlouva">
			<popis>
				<p>Smlouva o pronájmu fyzické osobě.</p>
			</popis>
			<vytvoril>Josef Kolomičenko</vytvoril>
			<odkaz src="sml-pron-fo"/>
		</vzor>
		<vzor typ="Smlouva">
			<popis>
				<p>Smlouva o pronájmu právnické osobě.</p>
			</popis>
			<vytvoril>Lumír Vodrážka</vytvoril>
			<odkaz src="sml-pron-po"/>
		</vzor>
		<vzor typ="Smlouva">
			<popis>
				<p>Smlouva o zrušení pronájmu právnické osobě.</p>
			</popis>
			<vytvoril>Lumir Vodrážka</vytvoril>
			<odkaz src="sml-zrus-pron-po" platnost="&rok;"/>
		</vzor>
		<vzor typ="Smlouva">
			<popis>
				<p>Smlouva o zrušení pronájmu právnické osobě.</p>
			</popis>
			<vytvoril>Josef Kolomičenko</vytvoril>
			<odkaz src="sml-zrus-pron-fo" platnost="2012"/>
		</vzor>
	</vzory>
	<komentar><![CDATA[
			Pro práci s tímto dokumentem berte na vědomí, že speciální znaky jako '<', '>', '&', apostrof a uvozovky se zapisuji pomocí entit, tedy po řadě : &lt;, &gt;, &amp;, &apos; a &quot;. 
		]]></komentar>
</evidence-majetku>
