<?xml version="1.0" encoding="UTF-8"?>
<!DOCTYPE mh SYSTEM "mh.dtd">
<!-- Pujcovna mobilheimu -->

<mh>

	<vyrobce id="v1">
		<jmeno>NextMob</jmeno>
		<adresa>
			<ulice>Vodičkova 11</ulice>
			<mesto>Praha 1</mesto>
			<psc>100 00</psc>
		</adresa>
		<kontakt>
			<email>next@next.cz</email>
			<telefon>214578652</telefon>
			<telefon></telefon>
			<telefon/>
		</kontakt>		
	</vyrobce>	

	<model id="m1" vyrobce-id="v1">
		<rozmery>
			<delka>15</delka>
			<sirka>4</sirka>
			<vyska>2,9</vyska>
		</rozmery>
		<vybaveni>
			<vana>ano</vana>
			<sprcha>ano</sprcha>
			<topeni>ne</topeni>
		</vybaveni>	
	</model>
		
	<mobilheim ic="574" model-id="m1">
		<poznamka>Je treba opravit vanu. Termin: 15.4.2014</poznamka>
		<poznamka>Pripomenuti: &todo;</poznamka>
		<poznamka>Dnes je <?php echo Date("d.m.y")?> Prejeme krasny den!</poznamka>
	</mobilheim>
		
</mh>