<?xml version="1.0" encoding="UTF-8"?>
<?xml-stylesheet href="styl.css" type="text/css"?>
<!DOCTYPE databaze SYSTEM "data.dtd">
<!-- databaze autoservisu Rozbil a Nespravil, s.r.o., &web; -->
<databaze>
	<vypis>Tento dokument byl zobrazen <?php echo Date("d.m.Y")?></vypis>
	<!-- nejprve sekce se zamestnanci-->
	<zamestnanec zam_id="sef" pozice="vedouci" zamestnan="ano" >
		<jmeno>Antonin</jmeno>
		<prijmeni>Rozbil</prijmeni>
		<nastup><datum><rok>1998</rok><mesic>2</mesic><den>1</den></datum></nastup>
		<uvazek>plny</uvazek>
		<plat>25000</plat>
		<rc>7612160083</rc>
		<cpojistence>4814643541</cpojistence>
		<specializace>management podniku</specializace>
		<poznamka>zakladatel firmy, pan <![CDATA[<b>VELIKY</b>]]></poznamka>
	</zamestnanec>
	<zamestnanec zam_id="starej" pozice="mechanik">
		<jmeno>Ctirad</jmeno>
		<prijmeni>Nespravil</prijmeni>
		<nastup>
			<datum>
				<rok>1998</rok>
				<mesic>2</mesic>
				<den>1</den>
			</datum>
		</nastup>
		<uvazek>plny</uvazek>
		<plat>25000</plat>
		<rc>5201160009</rc>
		<cpojistence>43174844146</cpojistence>
		<kvalifikace>dipl. automechanik</kvalifikace>
		<specializace>karoserie, motor</specializace>
		<invalida/>
		<poznamka>senior pracovnik, studna vedeni</poznamka>
	</zamestnanec>
	<zamestnanec zam_id="madlenka" pozice="asistent">
		<jmeno>Magdalena</jmeno>
		<prijmeni>Hraskova</prijmeni>
		<nastup>
			<datum>
				<rok>1998</rok>
				<mesic>8</mesic>
				<den>6</den>
			</datum>
		</nastup>
		<uvazek>80%</uvazek>
		<plat>14000</plat>
		<rc>9351210011</rc>
		<cpojistence>668147684641</cpojistence>
		<kvalifikace>39D :-)</kvalifikace>
	</zamestnanec>
	<zamestnanec zam_id="mladej" pozice="mechanik" zamestnan="ano">
		<jmeno>Jindrich</jmeno>
		<prijmeni>Hlavacek</prijmeni>
		<nastup>
			<datum>
				<rok>2007</rok>
				<mesic>5</mesic>
				<den>20</den>
			</datum>
		</nastup>
		<uvazek>plny</uvazek>
		<plat>11800</plat>
		<rc>9001110456</rc>
		<cpojistence>52345678643</cpojistence>
		<kvalifikace>vyuceny automechanik</kvalifikace>
	</zamestnanec>
	
	<!-- sekce znamych klientu -->
	<klient kl_id="venous">
		<osoba>
			<jmeno>Vaclav</jmeno>
			<prijmeni>Zahradnicek</prijmeni>
			<adresa>
				<ulice>Nase</ulice>
				<cp>38</cp>
				<mesto>Praha</mesto>
				<zip>10000</zip>
			</adresa>
		</osoba>
		<poznamka>Venous odvedle</poznamka>
	</klient>
	<klient kl_id="prerost">
		<firma>
			<nazev>Prerost a Svorc, s.r.o.</nazev>
			<ico>684614646</ico>
			<dic>4145145343</dic>
			<adresa>
				<ulice>Veleslavinska</ulice>
				<cp>11</cp>
				<mesto>Praha</mesto>
				<zip>16000</zip>
			</adresa>
		</firma>
	</klient>
	
	<!-- sekce nejcasteji pouzivanych nahradnich dilu-->
	<dil dil_id="BL24624">
		<partno>BL24624</partno>
		<skladem>3</skladem>
		<poznamka>levy predni blatnik na skodu 100</poznamka>
	</dil>
	<dil dil_id="halo">
		<partno>8af4g61dg6da4</partno>
		<skladem>33</skladem>
		<poznamka>halogenova zarovka 100W</poznamka>
	</dil>
	<dil dil_id="svicka">
		<partno>eryt9w4ny5</partno>
		<skladem>93</skladem>
		<poznamka>motorova svicka typu eryt9</poznamka>
	</dil>
	
	<!-- evidence probihajicich a vyrizenych zakazek -->
	<zakazka zak_id="z1" klient="venous" prijal="sef" provedl="mladej" typ="prezouvani">
		<zadani>
			<datum>
				<rok>2011</rok>
				<mesic>10</mesic>
				<den>12</den>
			</datum>
		</zadani>
		<platba>
			<cena>400</cena>
			<hotove/>
			<zaplaceno/>
		</platba>
		<poznamka>prezuti na vlastni zimni sadu kol. &ok;</poznamka>
	</zakazka>
	<zakazka zak_id="z2" klient="venous" provedl="starej" typ="stk">
		<zadani>
			<datum>
				<rok>2010</rok>
				<mesic>4</mesic>
				<den>21</den>
			</datum>
		</zadani>
		<vyhotoveni>
			<datum>
				<rok>2010</rok>
				<mesic>4</mesic>
				<den>24</den>
			</datum>
		</vyhotoveni>
		<pouzity_dil mnozstvi="1" dil="halo"/>
		<platba>
			<cena>1100</cena>
			<kartou>
				<karta>641456464514</karta>
				<datum>
					<rok>2010</rok>
					<mesic>4</mesic>
					<den>24</den>
				</datum>
			</kartou>
			<zaplaceno/>
		</platba>
		<poznamka>STK, bezne ukony. vymena leve potkavaci<ref id="halo">zarovky</ref>. &ok;</poznamka>
	</zakazka>
	<zakazka zak_id="z3" klient="venous" provedl="starej" typ="stk">
		<zadani>
			<datum>
				<rok>2012</rok>
				<mesic>4</mesic>
				<den>21</den>
			</datum>
		</zadani>
		<vyhotoveni>
			<datum>
				<rok>2012</rok>
				<mesic>4</mesic>
				<den>24</den>
			</datum>
		</vyhotoveni>
		<pouzity_dil mnozstvi="4" dil="svicka"/>
		<platba>
			<cena>5100</cena>
			<hotove/>

		</platba>
		<poznamka>STK, bezne ukony. vymena <ref id="svicka">svicek</ref> a oleje, kontrola geometrie kol. &ok;</poznamka>
	</zakazka>
	
</databaze>