<?xml version="1.0" encoding="utf-8" ?>
<programatorske-ulohy cesta="ulohy" >

	<skupina nazev="SPOJ" cesta="spoj">
		<uloha nazev="Key Task" id="keytask">
			<klicove-slovo>pruchod do sirky</klicove-slovo>
			<zadani>
<![CDATA[
The Czech Technical University is rather old - you already know that it celebrates 300 years of its existence in 2007. Some of the university buildings are old as well. And the navigation in old buildings can sometimes be a little bit tricky, because of strange long corridors that fork and join at absolutely unexpected places.

The result is that some first-graders have often difficulties finding the right way to their classes. Therefore, the Student Union has developed a computer game to help the students to practice their orientation skills. The goal of the game is to find the way out of a labyrinth. Your task is to write a verification software that solves this game.

The labyrinth is a 2-dimensional grid of squares, each square is either free or filled with a wall. Some of the free squares may contain doors or keys. There are four different types of keys and doors: blue, yellow, red, and green. Each key can open only doors of the same color. You can move between adjacent free squares vertically or horizontally, diagonal movement is not allowed. You may not go across walls and you cannot leave the labyrinth area. If a square contains a door, you may go there only if you have stepped on a square with an appropriate key before. 
]]>
				<nadpis style="color:green;">Input</nadpis>
<![CDATA[
The input consists of several maps. Each map begins with a line containing two integer numbers R and C (1 <= R, C <= 100) specifying the map size. Then there are R lines each containing C characters. Each character is one of the following:
Hash mark '#' Wall
Dot '.' Free square
Asterisk '*' Your position
Uppercase letter 'B','Y','R','G' Blue, yellow, red or green door
Uppercase X 'X' Exit

Note that it is allowed to have * more than one exit,
* no exit at all,
* more doors and/or keys of the same color, and
* keys without corresponding doors and vice versa.

You may assume that the marker of your position ("*") will appear exactly once in every map. There is one blank line after each map. The input is terminated by two zeros in place of the map size. 
]]>
				<nadpis style="color:red;">Output</nadpis>
<![CDATA[
For each map, print one line containing the sentence "Escape possible in S steps.", where S is the smallest possible number of step to reach any of the exits. If no exit can be reached, output the string "The poor student is trapped!" instead. One step is defined as a movement between two adjacent cells. Grabbing a key or unlocking a door does not count as a step. 
]]>
			</zadani>
			<hodnoceni prikaz="diff" />
			<beh id="1">
				<vstup id="cerc07k-ex-in">
<![CDATA[
1 10
*........X

1 3
*#X

3 20
####################
#XY.gBr.*.Rb.G.GG.y#
####################

0 0
]]>
				</vstup>
				<vystup>
<![CDATA[
Escape possible in 9 steps.
The poor student is trapped!
Escape possible in 45 steps.
]]>
				</vystup>
			</beh>
		</uloha>
		<uloha nazev="Bishops" id="bishops">
			<klicove-slovo>dlouha cisla</klicove-slovo>
			<zadani>
<![CDATA[
Yesterday was Sam's birthday. The most interesting gift was definitely the chessboard. Sam quickly learned the rules of chess and defeated his father, all his friends, his little sister, and now no one wants to play with him any more.

So he decided to play with another birthday gift - a Book of Math Problems for Young Mathematicians. He opened the book somewhere in the middle and read the following problem: "How many knights can be placed on a chessboard without threatening each other?" After a while he realized that this was trivial and moved on to the next problem: "How many bishops can be placed on a chessboard without threatening each other?". Sam is in trouble here. He is not able to solve this problem and needs your help.

Sam's chessboard has size ]]><vzorec style="color:blue">N x N</vzorec><![CDATA[. A bishop can move to any distance in any of the four diagonal directions. A bishop threatens another bishop if it can move to the other bishop's position. Your task is to compute the maximum number of bishops that can be placed on a chessboard in such a way that no two bishops threaten each other. 
]]>
				<nadpis>Input</nadpis>
The input file consists of several lines. The line number i contains a single number N representing the size of the i-th chessboard. <vzorec><![CDATA[N <= 10^100]]></vzorec>
				<nadpis>Output</nadpis>
The output file should contain the same number of lines as the input file. The i-th line should contain one number - the maximum number of bishops that can be placed on i-th chessboard without threatening each other.
				<nadpis>Example</nadpis>
				<vzorovy-vstup id="bishops-ex-in" />			
				<vzorovy-vystup id="bishops-ex-out" />			
			</zadani>
			<!-- Reseni v jazyce C++ -->
			<reseni>
				<kod soubor="bishops.cpp" />
			</reseni>
			<!-- Reseni v jazyce C# -->
			<reseni>
				<kod soubor="bishops.cs" />
			</reseni>
			<!-- Reseni v jazyce Java -->
			<reseni>
				<kod soubor="bishops.java" />
			</reseni>
			<hodnoceni prikaz="diff" />
			<!-- Kontrolni vstupy -->
			<beh limit-cas="1s" id="1">
				<vstup soubor="bishops.in" />
				<vystup soubor="bishops.out" />
			</beh>
			<!-- Kontrolni vstupy pro zadani -->
			<beh id="2">
				<vstup id="bishops-ex-in">
<![CDATA[
2
3
]]>
				</vstup>
				<vystup id="bishops-ex-out">
<![CDATA[
2
4
]]>
				</vystup>
			</beh>
			<!-- Generovani kontrolnich vstupu -->
			<beh id="3">
				<vstup>
<?php
for($i=2;$i<30000;++$i)
	echo $i, '\n';
?>
				</vstup>
				<vystup>
<?php
for($i=2;$i<30000;++$i)
	echo 2*$i-2, '\n';
?>
				</vystup>
			</beh>
		</uloha>
	</skupina>
	<skupina nazev="Codeforces" cesta="codeforces">
	</skupina>
	<skupina nazev="Challenge 24" cesta="ch24">
		<skupina nazev="2012" cesta="2012">
			<skupina nazev="Pre-EC" cesta="preec">
				<uloha nazev="Squares" id="squares">
					<klicove-slovo>grafika</klicove-slovo>
					<!-- Dve ruzna reseni -->
					<reseni program="R1.exe" />
					<reseni program="R2.exe" />
					<!-- Ukolem je minimalizovat velikost vystupu a projit programem check -->
					<hodnoceni prikaz="wc -b" hodnota="vystup" cil="minimum"/>
					<hodnoceni prikaz="./check"/>
					<beh id="1"><vstup soubor="inputs/R/1.png"/></beh>
					<beh id="2"><vstup soubor="inputs/R/2.png"/></beh>
					<beh id="3"><vstup soubor="inputs/R/3.png"/></beh>
					<beh id="4"><vstup soubor="inputs/R/4.png"/></beh>
					<beh id="5"><vstup soubor="inputs/R/5.png"/></beh>
					<beh id="6"><vstup soubor="inputs/R/6.png"/></beh>
					<beh id="7"><vstup soubor="inputs/R/7.png"/></beh>
					<beh id="8"><vstup soubor="inputs/R/8.png"/></beh>
					<beh id="9"><vstup soubor="inputs/R/9.png"/></beh>
					<beh id="10"><vstup soubor="inputs/R/10.png"/></beh>
				</uloha>
				<uloha nazev="Independent">
					<klicove-slovo>DFS</klicove-slovo>
					<hodnoceni prikaz="diff" />
				</uloha>
				<uloha nazev="Soundplot">
					<klicove-slovo>Fourierova transformace</klicove-slovo>
					<klicove-slovo>grafika</klicove-slovo>
					<hodnoceni prikaz="diff" />
				</uloha>
			</skupina>
			<skupina nazev="EC" cesta="ec">
				<uloha nazev="Bombs">
					<klicove-slovo>geometrie</klicove-slovo>
					<klicove-slovo>silne souvisle komponenty</klicove-slovo>
					<reseni program="B.exe" />
					<hodnoceni prikaz="diff" />
					<!-- Deset testovacich vstupu -->
					<beh id="1"><vstup soubor="inputs/B/1.in" /><vystup soubor="B1.out" /></beh>
					<beh id="2"><vstup soubor="inputs/B/2.in" /><vystup soubor="B2.out" /></beh>
					<beh id="3"><vstup soubor="inputs/B/3.in" /><vystup soubor="B3.out" /></beh>
					<beh id="4"><vstup soubor="inputs/B/4.in" /><vystup soubor="B4.out" /></beh>
					<beh id="5"><vstup soubor="inputs/B/5.in" /><vystup soubor="B5.out" /></beh>
					<beh id="6"><vstup soubor="inputs/B/6.in" /><vystup soubor="B6.out" /></beh>
					<beh id="7"><vstup soubor="inputs/B/7.in" /><vystup soubor="B7.out" /></beh>
					<beh id="8"><vstup soubor="inputs/B/8.in" /><vystup soubor="B8.out" /></beh>
					<beh id="9"><vstup soubor="inputs/B/9.in" /><vystup soubor="B9.out" /></beh>
					<beh id="10"><vstup soubor="inputs/B/10.in" /><vystup soubor="B10.out" /></beh>
				</uloha>
				<uloha nazev="Echo">
					<klicove-slovo>zvuk</klicove-slovo>
					<klicove-slovo>Fourierova transformace</klicove-slovo>
					<reseni program="E.exe" />
					<hodnoceni prikaz="cut -f 3" hodnota="vystup" cil="minimum" />
					<beh id="1"><vstup soubor="inputs/E/1.wav" /></beh>
					<beh id="2"><vstup soubor="inputs/E/2.wav" /></beh>
					<beh id="3"><vstup soubor="inputs/E/3.wav" /></beh>
					<beh id="4"><vstup soubor="inputs/E/4.wav" /></beh>
					<beh id="5"><vstup soubor="inputs/E/5.wav" /></beh>
					<beh id="6"><vstup soubor="inputs/E/6.wav" /></beh>
					<beh id="7"><vstup soubor="inputs/E/7.wav" /></beh>
					<beh id="8"><vstup soubor="inputs/E/8.wav" /></beh>
					<beh id="9"><vstup soubor="inputs/E/9.wav" /></beh>
					<beh id="10"><vstup soubor="inputs/E/10.wav" /></beh>
				</uloha>
			</skupina>
		</skupina>
	</skupina>
</programatorske-ulohy>
