<?xml version="1.0" encoding="UTF-8"?>
<rezervace
	xmlns="http://www.ksi.mff.cuni.cz/letenky"
	xmlns:zak="http://www.ksi.mff.cuni.cz/zakaznici">
	<zak:zakaznik zak:Ic="0123456789" zak:DIc="cZ0123456789">
		<zak:nazev>Moje firma a.s.</zak:nazev>
		<zak:adresa>
			<zak:ulice>Malostranske namesti 25</zak:ulice>
			<zak:PSc>118 00</zak:PSc>
			<zak:mesto>Praha 1</zak:mesto>
		</zak:adresa>
		<zak:telefon>+420123456789</zak:telefon>
		<zak:telefon>+420123456789</zak:telefon>
		<zak:telefon>+420123456789</zak:telefon>
	</zak:zakaznik>
	<letenky xmlns:casy="http://www.ksi.mff.cuni.cz/casy">
	 <letenka id="A48">
			<start>SYD</start>
			<cil>LAX</cil>
			<let>OA 815</let>
			<spolecnost>Oceanic Airlines</spolecnost>
			<casy:odlet>
				<casy:datum>22.9.2004</casy:datum>
				<casy:cas>14:15</casy:cas>
			</casy:odlet>
			<casy:prilet>
				<casy:datum>22.9.2004</casy:datum>
				<casy:cas>10:42</casy:cas>
			</casy:prilet>
			<jmeno>Jack Shephard</jmeno>
			<doklad cislo="4815162342" typ="OP"/>
		</letenka>
		<letenka id="A15">
			<start>SYD</start>
			<cil>LAX</cil>
			<let>OA 815</let>
			<spolecnost>Oceanic Airlines</spolecnost>
			<casy:odlet>
				<casy:datum>22.9.2004</casy:datum>
				<casy:cas>14:15</casy:cas>
			</casy:odlet>
			<casy:prilet>
				<casy:datum>22.9.2004</casy:datum>
				<casy:cas>10:42</casy:cas>
			</casy:prilet>
			<jmeno>Hugo Reyes</jmeno>
			<doklad cislo="815162342" typ="Pas"/>
			<priority/>
		</letenka>
	</letenky>
	<zprava>
	O jaký typ letadla jde v pripade letenek <ref id="A15">1</ref> a <ref id="A48">2</ref>? Je to Boeing 777?
	</zprava>
</rezervace>