<?xml version="1.0" encoding="UTF-8"?>
<phonebook>
	<contact>
			<name>John Doe</name>
			<phone>843886943</phone>
			<age>45</age>
		</contact>
		<contact>
			<name>John Doee</name>
			<phone>643285999</phone>
			<age>15</age>
		</contact>
		<contact>
			<name>Jim Doe</name>
			<phone>725068359</phone>
			<age>75</age>
		</contact>
		<contact>
			<name>Jim Doee</name>
			<phone>793421366</phone>
			<age>25</age>
		</contact>
		<contact>
			<name>Jim Doeee</name>
			<phone>316071896</phone>
			<age>46</age>
		</contact>
		<contact>
			<name>Jack Doe</name>
			<phone>193548973</phone>
			<age>32</age>
		</contact>
		<contact>
			<name>Jack Doee</name>
			<phone>308548862</phone>
			<age>23</age>
		</contact>
		<contact>
			<name>Peter Doee</name>
			<phone>105095515</phone>
			<age>45</age>
		</contact>
		<contact>
			<name>New Joe</name>
			<phone>299242703</phone>
			<age>16</age>
		</contact>
		<contact>
			<name>New Joe 2</name>
			<phone>308551828</phone>
			<age>17</age>
		</contact>
		<contact>
			<name>New Joe 3</name>
			<phone>111111111</phone>
			<age>15</age>
		</contact>
</phonebook>
