<?xml version="1.0" encoding="UTF-8"?>
<vyroba_peciva xmlns:xsi="http://www.w3.org/2001/XMLSchema-instance" xsi:noNamespaceSchemaLocation="data.xsd">
	<nazev_firmy>Mr. Baker s.r.o.</nazev_firmy>
	<blizsi_informace>
		<od_roku>1989</od_roku>
		<blizsi_informace></blizsi_informace>
	</blizsi_informace>
	<provozovna id="P_01">
		<nazev>Prodejna 1</nazev>
	<adresa>
		<ulice>Jiráskova</ulice>
		<cp>424</cp>
		<psc>96221</psc>
		<mesto>Praha 5</mesto>
	</adresa>
	<Pecivo id="ID_1">
		<nazev>Loupák</nazev>
		<druh>Sladke</druh>
		<surovina>mleko</surovina>
		<surovina>maslo</surovina>
		<surovina>vejce</surovina>
		<surovina>drozdi</surovina>
		<surovina>mouka</surovina>
		<surovina>mak</surovina>
		<surovina>cukr</surovina>
	</Pecivo>
	<Pecivo id="ID_2">
		<nazev>chleb</nazev>
		<druh>Slane</druh>
		<surovina>Voda</surovina>
		<surovina>Mouka</surovina>
		<surovina>Sůl</surovina>
		<surovina>Drozdi</surovina>
	</Pecivo>
	<zamestnanci>
		<pekar id="ID_Z1">
			<jmeno>Jiří</jmeno>
			<prijmeni>Knok</prijmeni>
			<pecivo>ID_1</pecivo>
			<pecivo>ID_2</pecivo>
		</pekar>
		<externi_pracovnik id="ID_Z2">
			<jmeno>Jana</jmeno>
			<prijmeni>Hadramasmatra</prijmeni>
		</externi_pracovnik>
	</zamestnanci>
	</provozovna>
	<provozovna id="P_02">
		<nazev>Prodejna 2</nazev>
		<adresa>
			<ulice>Nade Mlýnkem</ulice>
			<cp>40</cp>
			<psc>53900</psc>
			<mesto>Olomouc</mesto>
		</adresa>
		<Pecivo id="ID_03">
			<nazev>Veka</nazev>
			<druh>Celozrne</druh>
		</Pecivo>
		<Pecivo id="ID_04">
			<nazev>Pizza ctvrtka</nazev>
			<druh>Slane</druh>
		</Pecivo>
		<zamestnanci>
			<pekar id="ID_Z3">
				<jmeno>Radek</jmeno>
				<prijmeni>Nemastný</prijmeni>
				<pecivo>ID_03</pecivo>
			</pekar>
		</zamestnanci>
	</provozovna>
</vyroba_peciva>
