<?xml version="1.0" encoding="UTF-8"?>
<!--<!DOCTYPE library SYSTEM "data.dtd">-->

<library>
  <students>
  	<student id="s01" name="Josef Novak" banned="no">
  		<borrowings>
  			<borrow id="b02">
  				<date_from>1.1.2014</date_from>
  				<date_to>1.3.2014</date_to>
  				<extended date_to="5.6.2014"/>
  			</borrow>
  			<borrow id="b04">
  				<date_from>1.1.2014</date_from>
  				<date_to>1.3.2014</date_to>
  				<extended date_to="5.6.2014"/>
  			</borrow>
  			<borrow id="b05">
  				<date_from>1.1.2014</date_from>
  				<date_to>1.3.2014</date_to>
  				<extended date_to="5.6.2014"/>
  			</borrow>
  		</borrowings>
  		<class>9</class>
  	</student>
    
    <student id="s02" name="Martin Novak" banned="no">
  		<borrowings>
  			<borrow id="b06">
  				<date_from>1.1.2014</date_from>
  				<date_to>1.3.2014</date_to>
  			</borrow>
  			<borrow id="b08">
  				<date_from>1.1.2014</date_from>
  				<date_to>1.3.2014</date_to>
  				<extended date_to="5.6.2014"/>
  			</borrow>
  		</borrowings>
  		<class>9</class>
  	</student>
    
    <student id="s03" name="Franta Veverka" banned="yes">
  		<borrowings>
  			<borrow id="b10">
  				<date_from>1.1.2014</date_from>
  				<date_to>1.3.2014</date_to>
  			</borrow>
  		</borrowings>
  		<class>9</class>
  	</student>
    
    <student id="s04" name="Jano Palenik" banned="yes">
  		<borrowings>
  		</borrowings>
  		<class>9</class>
  	</student>
  </students>
  
  <books>
  	<book id="b01" damaged="no">
  		<title>Otec Goriot</title>
  		<author>Balzac</author>
  		<pages>200</pages>
  		<available/>
  	</book>
  	<book id="b02" damaged="slightly">
  		<title>Babička</title>
  		<author>Němcová</author>
  		<pages>239</pages>
  	</book>
  	<book id="b03" damaged="slightly">
  		<title>Lucerna</title>
  		<author>Jirásek</author>
  		<pages>80</pages>
		<available/>
  	</book>
  	<book id="b04" damaged="heavily">
  		<title>Revizor</title>
  		<author>Gogol</author>
  		<pages>68</pages>
  	</book>
  	<book id="b05" damaged="slightly">
  		<title>Na západní frontě klid</title>
  		<author>Remarque</author>
  		<pages>140</pages>
  	</book>
  	<book id="b06" damaged="slightly">
  		<title>Hlava XXII</title>
  		<author>Heller</author>
  		<pages>422</pages>
  	</book>
  	<book id="b07" damaged="no">
  		<title>R. U. R.</title>
  		<author>Čapek</author>
  		<pages>89</pages>
		<available/>
  	</book>
  	<book id="b08" damaged="heavily">
  		<title>Ostře sledované vlaky</title>
  		<author>Hrabal</author>
  		<pages>40</pages>
  	</book>
  	<book id="b09" damaged="slightly">
  		<title>Spalovač mrtvol</title>
  		<author>Fuks</author>
  		<pages>150</pages>
		<available/>
  	</book>
  	<book id="b10" damaged="no">
  		<title>Modlitba pro Kateřinu Horovitzovou</title>
  		<author>Lustig</author>
  		<pages>120</pages>
  	</book>
  </books>
  
  <note>
  	<!-- This is a note, where I can use any characters -->
  	<![CDATA[ It is bold to call ourself a library. We have <= 10 books & only one student]]>
  </note>
  
  <modified>This is valid up to date <?php echo Date("d.m.Y")?></modified>
</library>