<?xml version="1.0" encoding="UTF-8"?>
<hledani>
		<osoba id="o1" pohlavi="muz">
			<jmeno>Vilem</jmeno>
			<prijmeni>Matternich</prijmeni>
			<titul>aus Říčany</titul>
			<datum_narozeni>
				<den>7</den>
				<mesic>12</mesic>
				<rok>1655</rok>
			</datum_narozeni>
			<deti id="o13 o14 o15"/>
		</osoba>
		<osoba pohlavi="muz;" id="o2">
				<jmeno>Jakub</jmeno>
				<prijmeni>Matternich</prijmeni>
				<titul>aus Říčany</titul>
				<datum_narozeni>
					<den>9</den>
					<mesic>7</mesic>
					<rok>1686</rok>
				</datum_narozeni>
			<deti id="o17"/>
		</osoba>
		<osoba pohlavi="muz;" id="o3">
			<jmeno>Karel</jmeno>
			<prijmeni>Matternich</prijmeni>
			<titul>aus Říčany</titul>
			<datum_narozeni>
				<den>29</den>
				<mesic>2</mesic>
				<rok>1712</rok>
			</datum_narozeni>
		</osoba>
</hledani>