<?xml version="1.0" encoding="UTF-8"?>

<sportovni_oddil xmlns:xsi="http://www.w3.org/2001/XMLSchema-instance" 
	xsi:noNamespaceSchemaLocation="data.xsd">
	<uvitani>
		<![CDATA[
	 		system.out.println("Vitej v prehledu clenu naseho klubu");
		
		]]>
	</uvitani>
	<sportovec sport_id="s01" tren_ref="t01">
		<jmeno>Karel</jmeno>
		<prijmeni>Novotny</prijmeni>
		<vek>22</vek>
		<adresa>
			<ulice>Prazska</ulice>
			<mesto psc="45678">Kladno</mesto>
		</adresa>
		<telefon>777656987</telefon>
		<plat>20000kc</plat>
		<vaha>73kg</vaha>
		<vyska>183cm</vyska>
		<seznam_veci> 
		<dres velikost="M"></dres>
		<kratasy velikost="M"></kratasy>
		<boty>44</boty>
		</seznam_veci>
		<disciplina druh="sprinter" />
	</sportovec>
	
	<sportovec sport_id="s02" tren_ref="t01">
		<jmeno>Josef</jmeno>
		<prijmeni>Kadlec</prijmeni>
		<vek>34</vek>
		<adresa>
			<ulice>Dobrovolců</ulice>
			<mesto psc="45636">Brno</mesto>
		</adresa>
		<telefon>897567287</telefon>
		<plat>23000kc</plat>
		<vaha>71kg</vaha>
		<vyska>182cm</vyska>
		<seznam_veci> 
		<dres velikost="L"></dres>
		<kratasy velikost="L"></kratasy>
		<boty>44</boty>
		</seznam_veci>
		<disciplina druh="vytrvalec"/>
	</sportovec>
	
	<sportovec sport_id="s03" tren_ref="t01">
		<jmeno>Lukáš</jmeno>
		<prijmeni>Albrecht</prijmeni>
		<vek>18</vek>
		<adresa>
			<ulice>Evropská</ulice>
			<mesto psc="16000">Praha</mesto>
		</adresa>
		<telefon>675234986</telefon>
		<plat>19000kc</plat>
		<vaha>74kg</vaha>
		<vyska>184cm</vyska>
		<seznam_veci> 
		<dres velikost="M"></dres>
		<kratasy velikost="L"></kratasy>
		<boty>43</boty>
		</seznam_veci>
		<disciplina druh="sprinter"/>
	</sportovec>
	
	<trener tren_id="t01">
		<jmeno>Pepa</jmeno>
		<prijmeni>Novak</prijmeni>

	</trener>
	
	<trener tren_id="t02">
		<jmeno>Radek</jmeno>
		<prijmeni>Procházka</prijmeni>

	</trener>
	
	<trener tren_id="t03">
		<jmeno>Ondřej</jmeno>
		<prijmeni>Bláha</prijmeni>
	</trener>
</sportovni_oddil>	