<?xml version="1.0" encoding="utf-8"?>
<!DOCTYPE navy [
<!ENTITY fp "U.N.S " >
]>
<navy xmlns:xsi="http://www.w3.org/2001/XMLSchema-instance" xsi:noNamespaceSchemaLocation="file:///C:/Users/Buckey/Documents/MFF/XML/data.xsd">
	<fleets>
		<fleet commander="o1" name="Monitar fleet">
			<taskForce commander="o3">
				<carrier id="sendurance" class="hammerhead" name="&fp;Endurance">
					<capital/>
					<fighterWings>42</fighterWings>
				</carrier>
				<ship id="sgriffin" class="hammerhead" name="&fp;Griffin"/>
				<ship id="sraven" class="hammerhead" name="&fp;Raven"/>
				<ship id="svaliant" class="venator" name="&fp;Valiant"/>
			</taskForce>
			<taskForce commander="o2">
				<ship id="sobserver" class="hammerhead" name="&fp;Observer"/>
				<ship id="sphoenix" class="hammerhead" name="&fp;Phoenix"/>
				<ship id="sblueridge" class="venator" name="&fp;Blue Ridge"/>
				<ship id="sidaho" class="venator" name="&fp;Idaho"/>
			</taskForce>
		</fleet>
		<fleet commander="o5" name="Black fleet">
			<taskForce>
				<ship id="sbasilisk" class="demon" name="&fp;Basilisk"/>
				<ship id="smanticore" class="demon" name="&fp;Manticore"/>
			</taskForce>
		</fleet>
	</fleets>
	<schematics>
		<shipType class="hammerhead">
			<name>Hammerhead class battlecruiser</name>
			<manufacturer><![CDATA[Hopcroft & Karp ]]></manufacturer>
			<!-- This is the maximum payload a ship can carry, not the actual factory product armament -->
			<armament>
				<weapon count="12">Heavy laser battery</weapon>
				<weapon count="2">Megaton cannon</weapon>
				<weapon count="2">Ion cannon</weapon>
				<weapon count="10">AA battery</weapon>
				<weapon count="22">Light cannon</weapon>
				<weapon count="4">Missile launcher</weapon>
				<weapon count="2">Torpedo launcher</weapon>
				<weapon count="1">Terraherz EMP</weapon>
				<weapon count="2">ECM</weapon>
				<weapon count="1">Tractor beam</weapon>
			</armament>
			<maxSpeed>120</maxSpeed>
			<shielding>
				<shield type="energy">
					<capacity>440</capacity>
					<rechargeRate>1.5</rechargeRate>
				</shield>
				<shield type="projectile">
					<capacity>130</capacity>
					<rechargeRate>1.1</rechargeRate>
				</shield>
			</shielding>
		</shipType>
		<shipType class="venator">
			<name>Venator class</name>
			<manufacturer>Sienar Fleet Systems</manufacturer>
			<!-- This is the maximum payload a ship can carry, not the actual factory product armament -->
			<armament>
				<weapon count="8">Heavy laser battery</weapon>
				<weapon count="12">Light cannon</weapon>
			</armament>
			<maxSpeed>90</maxSpeed>
			<shielding>
				<shield type="energy">
					<capacity>270</capacity>
					<rechargeRate>1.0</rechargeRate>
				</shield>
				<shield type="projectile">
					<capacity>270</capacity>
					<rechargeRate>1.0</rechargeRate>
				</shield>
			</shielding>
		</shipType>
		<shipType class="demon">
			<name>Demon class battleship</name>
			<manufacturer>Unknown</manufacturer>
			<!-- This is the maximum payload a ship can carry, not the actual factory product armament -->
			<armament>
				<weapon count="22">Heavy laser battery</weapon>
				<weapon count="56">Light cannon</weapon>
				<weapon count="10">Plasma gun</weapon>
			</armament>
			<maxSpeed>60</maxSpeed>
			<shielding>
				<shield type="energy">
					<capacity>570</capacity>
					<rechargeRate>0.8</rechargeRate>
				</shield>
				<shield type="projectile">
					<capacity>380</capacity>
					<rechargeRate>0.8</rechargeRate>
				</shield>
			</shielding>
		</shipType>
	</schematics>
	<personnel>
		<officer id="o1">
			<rank>Commander-in-chief</rank>
			<name>Buckey Hack</name>
			<email>commander@uzn.za</email>
			<status>active</status>
			<assignment ship="sendurance"/>
		</officer>
		<officer id="o2">
			<rank>Admiral</rank>
			<name>Wedan Anadrian</name>
			<email>anadrian@uzn.za</email>
			<status>off-duty</status>
			<boss ref="o1"/>
		</officer>
		<officer id="o3">
			<rank>Vice Admiral</rank>
			<name>Jeremiah Fayer</name>
			<email>Fayer@uzn.za</email>
			<status>active</status>
			<assignment ship="sraven"/>
			<boss ref="o1"/>
		</officer>
		<officer id="o4">
			<rank>Captain</rank>
			<name>John Tessarian</name>
			<email>tessarian@uzn.za</email>
			<status>WIA</status>
			<assignment ship="svaliant"/>
			<boss ref="o3"/>
		</officer>
		<officer id="o5">
			<rank>External</rank>
			<name>Mutell Turio</name>
			<status>unknown</status>
		</officer>
	</personnel>
	<report>
	The last inspection revealed that the morale on <shipRef id="svaliant">the Valiant</shipRef> is very poor after the wound <ofRef id="o4">Captain Tessarian</ofRef> received in the Battle of Aderia. It is suggested that the ship be removed from active duty until its commander can return to duty.
	</report>
	<dateTime>
		<?UZNCore echo DateTime.Now()  ?>
	</dateTime>
</navy>
