<?xml version="1.0"?>

<invoice
	xsi:noNamespaceSchemaLocation="data.xsd" xmlns:xsi="http://www.w3.org/2001/XMLSchema-instance"
	number="74022013" language="CS"><!--Element representing one invoice-->
	
	<supplier><!--Element representing supplier of the invoice-->
		<name>
			<title>H1 s.r.o.</title>
			<firstName>Bohuslav</firstName>
			<surname>Koukal</surname>
		</name>
		<address>
			<street>59 Montgomery Road</street>
			<ZIP>AB24 2XN</ZIP>
			<region code="SC">
				Scotland
			</region>
			<city>Aberdeen</city>
		</address>
		<CIN>8736386</CIN>
		<VATN>8635353700</VATN>
	</supplier>
	<purchaser><!--Element representing purchaser of the invoice-->
		<name>
			<title>elfnet.cz</title>
			<firstName>Ihar</firstName>
			<surname>Ztohoven</surname>
		</name>
		<address>
			<street>12 Abbey Place</street>
			<ZIP>LN98 9YZ</ZIP>
			<region code="EN">
				England
			</region>
			<city>London</city>
		</address>
		<CIN>8123446</CIN>
		<VATN>8383</VATN>
	</purchaser>
	<date>
		<taxableSupply>2013-09-24</taxableSupply>
		<due>2013-10-12</due>
	</date>
	<items>
		<item id="_1">
			<description>SEO analýza</description>
			<price>
				<withoutVAT>10000</withoutVAT>
				<VAT>0.2</VAT>
				<total>12000</total>
				<amount>1</amount>
			</price>
		</item>
		<item id="_2">
			<description>Pronájem reklamních služeb</description>
			<price>
				<withoutVAT>500</withoutVAT>
				<VAT>0.2</VAT>
				<total>1800</total>
				<amount>3</amount>
			</price>
		</item>
		<item id="_3">
			<description>Pronájem reklamních služeb</description>
			<price>
				<withoutVAT>1000</withoutVAT>
				<VAT>0.2</VAT>
				<total>3600</total>
				<amount>3</amount>
			</price>
		</item>
		<mostExpensiveItem id="_1"/>
	</items>
	<invoicePrice>
		<withoutVAT>138500</withoutVAT>
		<VAT>27700</VAT>
		<total>166200</total>
	</invoicePrice>
</invoice>
