<?xml version="1.0" encoding="UTF-8"?>
<!DOCTYPE SaleSystem SYSTEM "data.dtd">


<!-- ******* -->
<!-- COMPANY -->
<!-- ******* -->
<Companies>

	<Company>
		<Id idType="companyType" data="comp1"/>
		<Name>Restaurace U Kozího rohu</Name>
		<Contact>
			<Tels tel1="123456789" tel2="987654321" tel3="12398746"/>
			<Faxs fax1="12323123" fax2="123123123"/>
			<Web email="uKozihoRohu@email.com" www="www.u-koziho-rohu.com" skype="u_koz_roh"/>
			<Place otherPlaceInfo="Blízko zastávky metra Kozí roh.">
				<Country>Česká republika</Country>
				<City>Praha</City>
				<Street>U Kozího rohu 656</Street>
				<Psc>420 10</Psc>
			</Place>
		</Contact>
		<Ico>9012390</Ico>
		<OtherInfo>
			Nabízíme <b>sqělé</b> jídlo, v kterém se vám naskytne mnohých <i>překvapení</i>.
		</OtherInfo>
		<OtherInfo>
			Nabízíme <u>úžasné</u> pití, po kterém se objevíte v <i>kozím</i> ráji.
		</OtherInfo>
	</Company>
	
	<Company>
		<Id idType="companyType" data="comp2"/>
		<Name>Restaurace U Vosího hnízda</Name>
		<Contact>
			<Tels tel1="123456789"/>
			<Web email="uVosihoHnizda@email.com" />
			<Place>
				<Country>Česká republika</Country>
				<City>Praha</City>
				<Street>U Vosího hnízda 1</Street>
				<Psc>420 11</Psc>
			</Place>
		</Contact>
		<Ico>90123940</Ico>
	</Company>
	
	<Company>
		<Id idType="companyType" data="comp3"/>
		<Name>Pivovar Opij se</Name>
		<Contact>
			<Tels tel1="1123456789" tel2="9876544321"/>
			<Faxs fax1="122323123"/>
			<Web email="opijSe@email.com" skype="opij se"/>
			<Place otherPlaceInfo="Můžeš se s námi opít v Praze 23, kde se čepuje naše pivo.">
				<Country>Opij Se Land</Country>
				<City>Opiju se</City>
				<Street>Jsem namol 21</Street>
				<Psc>123 45</Psc>
			</Place>
		</Contact>
		<Ico>11112234</Ico>
		<OtherInfo>
			<![CDATA[
				for ($i = 0; $i < 10; ++$i) { echo('Piju'); }
				echo('<br/>');
				for ($i = 0; $i < 10; ++$i) { echo('Piješ'); }
				echo('<br/>');
				for ($i = 0; $i < 10; ++$i) { echo('Pijeme'); }
			]]>
		</OtherInfo>
	</Company>

</Companies>