<?xml version="1.0" encoding="UTF-8"?>
<!DOCTYPE SaleSystem SYSTEM "data.dtd">


<!-- ******* -->
<!-- CREATOR -->
<!-- ******* -->
<Creators>

	<Creator firstName="Franta" lastName="Kudláček" login="kudlan">
		<Id idType="creatorType" data="creat1"/>
		<CompanyId data="comp1" />
		<Eye creatorId="creat2" />
	</Creator>
	
	<Creator firstName="Kozomir" lastName="Rohatý" login="kozomir">
		<Id idType="creatorType" data="creat2"/>
		<CompanyId data="comp1" />
		<Eye creatorId="creat3" />
	</Creator>
	
	<Creator firstName="Kozák" lastName="Zarostlý" login="kozak">
		<Id idType="creatorType" data="creat3"/>
		<CompanyId data="comp1" />
		<Eye creatorId="creat1" />
	</Creator>
	
	<Creator firstName="Kozina" lastName="Mečivá" login="kozina">
		<Id idType="creatorType" data="creat4"/>
		<CompanyId data="comp1" />
	</Creator>
	
	<Creator firstName="Vojta" lastName="Vosatý" login="vosaty">
		<Id idType="creatorType" data="creat5"/>
		<CompanyId data="comp2" />
		<Eye creatorId="creat7" />
		<Eye creatorId="creat6" />
	</Creator>
	
	<Creator firstName="Vcelak" lastName="Novotný" login="vcelak">
		<Id idType="creatorType" data="creat6"/>
		<CompanyId data="comp2" />
		<Eye creatorId="creat7" />
	</Creator>
	
	<Creator firstName="Vcelař" lastName="Novotný" login="vcelar">
		<Id idType="creatorType" data="creat7"/>
		<CompanyId data="comp2" />
	</Creator>
	
	<Creator firstName="Pijan" lastName="Opitý" login="pijan">
		<Id idType="creatorType" data="creat8"/>
		<CompanyId data="comp3" />
		<Eye creatorId="creat9" />
	</Creator>
	
	<Creator firstName="Pavel" lastName="Namol" login="namol">
		<Id idType="creatorType" data="creat9"/>
		<CompanyId data="comp3" />
		<Eye creatorId="creat10" />
	</Creator>
	
	<Creator firstName="Maroš" lastName="Napijse" login="marosek">
		<Id idType="creatorType" data="creat10"/>
		<CompanyId data="comp3" />
		<Eye creatorId="creat11" />
	</Creator>
	
	<Creator firstName="Ladislav" lastName="Ožerse" login="ladicek">
		<Id idType="creatorType" data="creat11"/>
		<CompanyId data="comp3" />
	</Creator>

</Creators>