<?xml version="1.0" encoding="UTF-8"?>
<!DOCTYPE SaleSystem SYSTEM "data.dtd">

<!-- ******* -->
<!-- VOUCHER -->
<!-- ******* -->
<Vouchers>
	
	<Voucher>
		<Id idType="voucherType" data="v1"/>
		<CreatorId data="creat1" />
		<Name>Večeře pro 2</Name>
		<Price old="1000" new="250" />
		<Valid from="1.4.2011" to="15.4.2011" />
		<Count min="0" max="100" />
		<OtherInfo>
			Přijďte na <b>romantickou</b> večeři pro 2 do <i>luxusní</i> restaurace. 
		</OtherInfo>
		<OtherInfo>
			Máte <u>pořádný</u> apetit? Nemusítě chodit s 2. osobou a můžete sám sníst jídlo v hodnotě 1000,- a zaplatit pouhých 250,-.  
		</OtherInfo>
	</Voucher>
	
	<Voucher>
		<Id idType="voucherType" data="v6"/>
		<CreatorId data="creat1" />
		<Name>Večeře pro 4</Name>
		<Price old="2000" new="500" />
		<Valid from="1.4.2011" to="15.4.2011" />
		<Count min="0" max="100" />
		<OtherInfo>
			Přijďte na <b>romantickou</b> večeři pro 4 do <i>luxusní</i> restaurace. 
		</OtherInfo>
		<OtherInfo>
			Máte <u>pořádný</u> apetit? Nemusítě chodit s dalšími osobami a můžete sám sníst jídlo v hodnotě 2000,- a zaplatit pouhých 500,-.  
		</OtherInfo>
	</Voucher>
	
	<Voucher>
		<Id idType="voucherType" data="v2"/>
		<CreatorId data="creat6" />
		<Name>Medová specialita</Name>
		<Price old="2000" new="400" />
		<Valid from="10.4.2011" to="12.4.2011" />
		<Count min="0" max="50" />
		<OtherInfo>
			Specialita podniku, kandované včely, za vynikající cenu. 
		</OtherInfo>
	</Voucher>
	
	<Voucher>
		<Id idType="voucherType" data="v4"/>
		<CreatorId data="creat5" />
		<Name>Hnojová specialita</Name>
		<Price old="200" new="50" />
		<Valid from="10.4.2011" to="12.4.2011" />
		<Count min="0" max="50" />
		<OtherInfo>
			Specialita podniku, kandovaný hnuj, za vynikající cenu. 
		</OtherInfo>
	</Voucher>
	
	<Voucher>
		<Id idType="voucherType" data="v5"/>
		<CreatorId data="creat7" />
		<Name>Houskovník se šnečí omáčkou</Name>
		<Price old="100" new="40" />
		<Valid from="10.4.2011" to="12.4.2011" />
		<Count min="0" max="50" />
		<OtherInfo>
			Specialita podniku, houskovník se šnečí omáčkou, za vynikající cenu. 
		</OtherInfo>
		<OtherInfo>
			Upozornění pro alergiky: V jídle jsou obsaženi šneci. 
		</OtherInfo>
	</Voucher>
	
	<Voucher>
		<Id idType="voucherType" data="v7"/>
		<CreatorId data="creat7" />
		<Name>Houskovník se povoučí omáčkou</Name>
		<Price old="100" new="40" />
		<Valid from="10.4.2011" to="12.4.2011" />
		<Count min="0" max="50" />
	</Voucher>
	
	<Voucher>
		<Id idType="voucherType" data="v3"/>
		<CreatorId data="creat10" />
		<Name>Vypij kolik zvládneš</Name>
		<Price old="-1" new="200" />
		<Valid from="2.4.2011" to="10.4.2011" />
		<Count min="0" max="$infinityCount;" />
		<OtherInfo>
			Přijď dnes <?php echo Date("d.m.Y")?> za námi do pivovaru a <u>vypij kolik zvládneš</u>.
		</OtherInfo>
	</Voucher>
	
</Vouchers>