<?xml version="1.0" encoding="UTF-8"?>
<!DOCTYPE data SYSTEM "data.dtd">

<data>
<!--rezervace vstupnek do kina -->
<rezervace-vstupenek id="A2">

<zakaznik rodneCislo="219139082">
<vek>16 </vek>
<adresa>
<ulice>Konevova 13 </ulice>
<mesto>Praha 3</mesto>
<PSC>130 00</PSC>
</adresa>
</zakaznik>

<vstupenky>

<vstupenek idVstupenek="CZ1">

<informace>

<vstupne>120 kc</vstupne>
<film>XML FOREVER</film>
<!--doba trvani-->
<cas>
<zacatek>17:30</zacatek>
<konec> 20:00</konec>
</cas>

<datum> <?php echo Data("d.m.Y")?></datum>

<mistnost>
 <sal>cislo 3</sal>
 <sedadlo>4</sedadlo>
</mistnost>



<jmeno > Petr Novak</jmeno>

<typ-vstupenek typ="Normalni"/>


<!--spolecnost co provozuje kino-->

<spolecnost>
<![CDATA[  
for(i=0;i<3;i++)
{
document.writeln("< PALACE CINEMA >")

}
]]>

</spolecnost>

<obsah-filmu>

<kratky-popis>
   pribehl od chlapce co vyrustal s HTML a jednoho dne spatril xML a zamiluje se do ni.
</kratky-popis>
</obsah-filmu>


<vedlejsi-inf>
<herec>
<jmeno> Franta</jmeno>
</herec>

<reziser> &author;</reziser>
</vedlejsi-inf>

</informace>

</vstupenek>


</vstupenky> 


<!--odkaz na vstupenku -->

<zprava> vstupenek <ref refNaVstupenku="CZ1"></ref>  je od 16 let ?</zprava>


</rezervace-vstupenek>

</data>