<?xml version="1.0" encoding="UTF-8"?>
<hokej>
	<liga>
		<nazov>NHL</nazov>
		<web>www.nhl.com</web>
		<klub>
			<nazov>Detroit Red Wings</nazov>
			<primarna_farba>cervena</primarna_farba>
			<hraci>
				<hrac id="DET28">
					<meno>Bryan Rafalski</meno>
					<pos>obranca</pos>
					<narod>USA</narod>
				</hrac>
				<hrac id="DET40">
					<meno>Henrik Zetterberg</meno>
					<pos>utocnik</pos>
					<narod>SWE</narod>
				</hrac>
				<hrac id="DET44">
					<meno>Todd Bertuzzi</meno>
					<pos>utocnik</pos>
					<narod>CAN</narod>
				</hrac>
				<hrac id="DET33">
					<meno>Kris Draper</meno>
					<pos>utocnik</pos>
					<narod>CAN</narod>
				</hrac>
				<hrac id="DET90">
					<meno>Mike Modano</meno>
					<pos>utocnik</pos>
					<narod>USA</narod>
					<note>konci za 2 roky</note>
				</hrac>
				<hrac id="DET5">
					<meno>Nicklas Lindstrom</meno>
					<pos>obranca</pos>
					<narod>SWE</narod>
					<team>kapitan</team>
				</hrac>
				<hrac id="DET30">
					<meno>Chris Osgood</meno>
					<pos>brankar</pos>
					<narod>CAN</narod>
					<inj>zranenie kolena</inj>
				</hrac>
				<hrac id="DET26">
					<meno>Jiri Hudler</meno>
					<pos>utocnik</pos>
					<narod>CZE</narod>
				</hrac>
				<hrac id="DET93">
					<meno>Johan Franzen</meno>
					<pos>utocnik</pos>
					<narod>SWE</narod>
				</hrac>
				<hrac id="DET69">
					<meno>Tomas Holmstrom</meno>
					<pos>utocnik</pos>
					<narod>SWE</narod>
				</hrac>
				<hrac id="DET35">
					<meno>Jimmy Howard</meno>
					<pos>brankar</pos>
					<narod>USA</narod>
				</hrac>
				<hrac id="DET55">
					<meno>Niklas Kronwall</meno>
					<pos>utocnik</pos>
					<narod>SWE</narod>
				</hrac>
			</hraci>
			<vedenie>
				<funkcionar>
					<meno>Steve Yzerman</meno>
					<funkcia>manager</funkcia>
				</funkcionar>
				<funkcionar>
					<meno>Mike Babcock</meno>
					<funkcia>hlavny coach</funkcia>
				</funkcionar>
				<funkcionar>
					<meno>Paul MacLean</meno>
					<funkcia>asistent coacha</funkcia>
				</funkcionar>
				<funkcionar>
					<meno>Kirk Maltby</meno>
					<funkcia>scout</funkcia>
					<oblast>USA</oblast>
				</funkcionar>
			</vedenie>
		</klub>
		<klub>
			<nazov>Colorado Avalanche</nazov>
			<primarna_farba>fialova</primarna_farba>
			<hraci>
				<hrac id="COL26">
					<meno>Paul Stastny</meno>
					<pos>utocnik</pos>
					<narod>CAN</narod>
					<team>asistent</team>
					<note>syn Petra Stastneho</note>
				</hrac>
				<hrac id="COL23">
					<meno>Milan Hejduk</meno>
					<pos>utocnik</pos>
					<narod>CZE</narod>
				</hrac>
			</hraci>
			<vedenie>
				<funkcionar>
					<meno>Joe Sacco</meno>
					<funkcia>coach</funkcia>
				</funkcionar>
				<funkcionar>
					<meno>Joe Sakic</meno>
					<funkcia>zastupca manazera</funkcia>
				</funkcionar>
			</vedenie>
		</klub>
	</liga>
	<liga>
		<nazov>KHL</nazov>
		<web>www.khl.ru</web>
		<klub>
			<nazov>Lokomotiv Jaroslavl</nazov>
			<primarna_farba>cervena</primarna_farba>
			<hraci>
				<hrac id="LJR38">
					<meno>Pavol Demitra</meno>
					<pos>utocnik</pos>
					<narod>SVK</narod>
				</hrac>
				<hrac id="LJR69">
					<meno>Josef Vasicek</meno>
					<pos>utocnik</pos>
					<narod>CZE</narod>
					<team>asistent</team>
				</hrac>
				<hrac id="LJR04">
					<meno>Karel Rachunek</meno>
					<pos>obranca</pos>
					<narod>CZE</narod>
					<team>kapitan</team>
				</hrac>
			</hraci>
			<vedenie/>
		</klub>
		<klub>
			<nazov>CSKA</nazov>
			<hraci>
				<hrac id="CM25">
					<meno>Yan Stastny</meno>
					<pos>utocnik</pos>
					<narod>USA</narod>
					<note>syn Petra Stastneho</note>
				</hrac>
				<hrac id="CM21">
					<meno>Petr Caslava</meno>
					<narod>CZE</narod>
					<pos>utocnik</pos>
				</hrac>
			</hraci>
		</klub>
	</liga>
</hokej>
