<?xml version="1.0" encoding="UTF-8"?>
<lide>
	<clovek>
		<id>zid_1</id>
		<jmeno>Karl Procházka</jmeno>
		<adresa>Praha, v Podhradí 12</adresa>
		<kontakty>
			<kontakt typ="email">pomlazka@seznam.cz</kontakt>
			<kontakt typ="email">karlos@hotmail.com</kontakt>
			<kontakt typ="email">karlos@hotmail.com</kontakt>
			<kontakt typ="email">karlos@hotmail.com</kontakt>
			<kontakt typ="tel">328349909</kontakt>
			<kontakt typ="tel">328349909</kontakt>
			<kontakt typ="tel">328349909</kontakt>
			<kontakt typ="tel">678554786</kontakt>
		</kontakty>
		<zamestnan>ANO</zamestnan>
		<hodnoceni>2</hodnoceni>
		<oblibena_hudba>folk</oblibena_hudba>
		<fotka>pomlazka.pgn</fotka>
		<plat>13800</plat>
	</clovek>
	<clovek>
		<id>zid_2</id>
		<jmeno>Petra Zrubalová</jmeno>
		<adresa>Praha, v Příkopech 7</adresa>
		<kontakty>
			<kontakt typ="email">zrubalova@seznam.cz</kontakt>
			<kontakt typ="email">zrubalova@hotmail.com</kontakt>
			<kontakt typ="email">zrubalova@hotmail.com</kontakt>			
			<kontakt typ="tel">485646987</kontakt>
			<kontakt typ="tel">157986789</kontakt>			
		</kontakty>
		<zamestnan>ANO</zamestnan>
		<hodnoceni>2</hodnoceni>
		<oblibena_hudba>folk</oblibena_hudba>
		<fotka>zrubalova.jpg</fotka>
		<plat>13800</plat>
	</clovek>
	<clovek>
		<id>zid_15</id>
		<jmeno>Václav Němeček</jmeno>
		<adresa>Jablonec, Zelená 7</adresa>
		<kontakty>
			<kontakt typ="email">nemecek@seznam.cz</kontakt>
			<kontakt typ="tel">476567666</kontakt>			
		</kontakty>
		<zamestnan>NE</zamestnan>
		<hodnoceni>3</hodnoceni>
		<oblibena_hudba>punk</oblibena_hudba>
		<fotka>nemecek.jpg</fotka>
		<plat>0</plat>
	</clovek>
</lide>





