<?xml version="1.0" encoding="UTF-8"?>



<stanice>
	<logo>
		<![CDATA[
		{<S1>}
		[<S1>]
		???????
		 ?????
		   ???
		    ?
		]]>
	</logo>
	<k_datu><?php echo date("m.d.y")?></k_datu>
	<nazev>Stanice1</nazev>
	<!--Seznam zaměstnanců a informací o nich, v případě, že bude pro další účely zaměstnanců nedostatek, budou další přidáni-->
	<zamestnanci>
		<zamestnanec zid="zid_1" spolehlivost="3">
			<jmeno>Karl</jmeno>
			<prijmeni>Procházka<za_svobodna></za_svobodna></prijmeni>
			<prezdivka>Karlos</prezdivka>
			<pohlavi>muž</pohlavi>
			<telefon>328349909</telefon>
			<email>karlos@hotmail.com</email>
			<adresa>
				<stat>ČR</stat>
				<mesto>Praha</mesto>
				<ulice>V podhradí 12</ulice>					
			</adresa>
			<oblibena_hudba>rock</oblibena_hudba>
			<plat>20000</plat>
			<fotka/>
		</zamestnanec>
		<zamestnanec zid="zid_2" spolehlivost="2">
			<jmeno>Petra</jmeno>
			<prijmeni>Zrubalová <za_svobodna>Smutná</za_svobodna></prijmeni>
			<prezdivka>Kojot</prezdivka>
			<pohlavi>žena</pohlavi>
			<telefon>308333926</telefon>
			<telefon>209384762</telefon>
			<email>kojot@seznam.cz</email>
			<email>kojot@gmail.com</email>
			<adresa>				
				<mesto>Praha</mesto>
				<ulice>V příkopech 7</ulice>
			</adresa>
			<oblibena_hudba>country</oblibena_hudba>
			<plat>22000</plat>
			<fotka zdroj="petra.jpg"/>
		</zamestnanec>
		<zamestnanec zid="zid_3" spolehlivost="3">
			<jmeno>Milan</jmeno>
			<prijmeni>Zubatý <za_svobodna></za_svobodna></prijmeni>			
			<pohlavi>muž</pohlavi>
			<telefon>306864926</telefon>
			<telefon>888884762</telefon>
			<adresa>
				<stat>ČR</stat>				
				<ulice>V Háji 16</ulice>
				<mesto>Praha</mesto>
			</adresa>
			<oblibena_hudba>trance</oblibena_hudba>
			<plat>25000</plat>
			<fotka/>
		</zamestnanec>
		<zamestnanec zid="zid_4" spolehlivost="1">
			<jmeno>Irena</jmeno>
			<prijmeni>Kostrahová <za_svobodna>Kostrahová</za_svobodna></prijmeni>
			<prezdivka>K</prezdivka>
			<pohlavi>žena</pohlavi>
			<telefon>369887652</telefon>
				<adresa>				
				<mesto>Praha</mesto>
				<stat>ČR</stat>
				<ulice>Kuchyňka 5</ulice>
			</adresa>
			<oblibena_hudba>rock</oblibena_hudba>
			<plat>23000</plat>
			<fotka zdroj="kostra.jpg"/>
		</zamestnanec>
	
	
	</zamestnanci>
	<!--program vysilani, spot určuje pořad, dále je popsáno ve spotu (formou seznamu), v jakých dnech a časech je vysílán-->
	<!--každý vysílací čas se odkazuje na zaměstnance, který v daný den a čas spot moderuje-->
	<!--stanice nevysílá neustále, pro další potřeby budou případně dodány další spoty-->
	<program>
		<spot sid="sid_1">
			<nazev_spotu>Raní šálek kávy</nazev_spotu>
			<zanr>country</zanr>
			<vysilani moderatorzid="zid_2">
				<den>pondělí</den>
				<od>06:00</od>
				<do>08:00</do>
			</vysilani>
			<vysilani moderatorzid="zid_1">
				<den>úterý</den>
				<od>06:00</od>
				<do>08:00</do>
			</vysilani>
			<vysilani moderatorzid="zid_2">
				<den>středa</den>
				<od>06:00</od>
				<do>08:00</do>
			</vysilani>
			<vysilani moderatorzid="zid_1">
				<den>čtvrtek</den>
				<od>06:00</od>
				<do>08:00</do>
			</vysilani>
			<vysilani moderatorzid="zid_2">
				<den>pátek</den>
				<od>06:00</od>
				<do>08:00</do>
			</vysilani>
		</spot>
		
		<spot sid="sid_2">
			<nazev_spotu>Víkendový rockový nářez</nazev_spotu>
			<zanr>rock</zanr>
			<vysilani moderatorzid="zid_1">
				<den>sobota</den>
				<od>16:00</od>
				<do>19:00</do>
			</vysilani>
			<vysilani moderatorzid="zid_1">
				<den>neděle</den>
				<od>16:00</od>
				<do>19:00</do>
			</vysilani>
		</spot>
		<spot sid="sid_3">
			<nazev_spotu>Nepřátelské duo</nazev_spotu>
			<zanr>neznámý</zanr>
			<vysilani moderatorzid="zid_2 zid_1">
				<den>pondělí</den>
				<od>13:00</od>
				<do>15:30</do>
			</vysilani>			
			<vysilani moderatorzid="zid_2 zid_1">
				<den>pátek</den>
				<od>13:00</od>
				<do>15:30</do>
			</vysilani>
			<vysilani moderatorzid="zid_3">
				<den>středa</den>
				<od>13:00</od>
				<do>15:30</do>
			</vysilani>
		</spot>
		<spot sid="sid_4">
			<nazev_spotu>Pátek a rock</nazev_spotu>
			<zanr>rock</zanr>
			<vysilani moderatorzid="zid_4">
				<den>pátek</den>
				<od>12:00</od>
				<do>16:00</do>
			</vysilani>
		</spot>
	
	
	</program>
	
	
	
</stanice>