<?xml version="1.0" encoding="UTF-8"?>
<vazna_hudba>	
    <!-- skladatele -->
    <skladatele>
        <skladatel skladatel_id="id_s_1" era_ref="era_3">
            <osobni_udaje>
                <jmeno>
                    <krestni>Frederic</krestni>
                    <prijmeni>Chopin</prijmeni>
                </jmeno>
                <narozeni datum_narozeni="1.2.1810" datum_umrti="17.10.1849" zijici="ne" misto_narozeni="Polsko"/>	
            </osobni_udaje>
        </skladatel>
		
        <skladatel skladatel_id="id_s_2" era_ref="era_3">
            <osobni_udaje>
                <jmeno>
                    <krestni>Sergei</krestni>
                    <prijmeni>Rachmaninoff</prijmeni>
                </jmeno>
                <narozeni datum_narozeni="1.4.1873" datum_umrti="28.3.1943" zijici="ne" misto_narozeni="Rusko"/>	
            </osobni_udaje>
        </skladatel>
		
        <skladatel skladatel_id="id_s_3" era_ref="era_2">
            <osobni_udaje>
                <jmeno>
                    <krestni>Wolfgang Amadeus</krestni>
                    <prijmeni>Mozart</prijmeni>
                </jmeno>
                <narozeni datum_narozeni="27.1.1756" datum_umrti="5.12.1791" zijici="ne" misto_narozeni="Salzburg"/>	
            </osobni_udaje>
        </skladatel>	
    </skladatele>
	
    <!-- dila ruznych skladatelu -->
    <dila>
        <klavir skladatel_ref="id_s_1">
            <typ_skladby>Polynesia</typ_skladby>
            <nazev>Heroicka poloneza</nazev>
            <oznaceni>Op. 53, No. 6</oznaceni>
            <tonina>As dur</tonina>
            <prumernaDelkaMin>6</prumernaDelkaMin>
        </klavir>
        <klavir skladatel_ref="id_s_1">
            <typ_skladby>Polynesia</typ_skladby>
            <nazev>Fantasia</nazev>
            <oznaceni>Op. 61, No. 7</oznaceni>
            <tonina>As dur</tonina>
            <prumernaDelkaMin>7</prumernaDelkaMin>
        </klavir>
        <klavir skladatel_ref="id_s_1">
            <typ_skladby>Nocturno</typ_skladby>
            <nazev>Nocturno</nazev>
            <oznaceni>Op. 10, No. 1</oznaceni>
            <tonina>B moll</tonina>
            <prumernaDelkaMin>3</prumernaDelkaMin>
        </klavir>
        <klavir skladatel_ref="id_s_1">
            <typ_skladby>Nocturno</typ_skladby>
            <nazev>Nocturno</nazev>
            <oznaceni>Op. 72, No. 19</oznaceni>
            <tonina>E moll</tonina>
            <prumernaDelkaMin>4</prumernaDelkaMin>
        </klavir>
        <klavir skladatel_ref="id_s_1">
            <typ_skladby>Etude</typ_skladby>
            <nazev>Etuda - &quot;Revoluční&quot;</nazev>
            <oznaceni>Op. 10, No. 12</oznaceni>
            <tonina>C moll</tonina>
            <prumernaDelkaMin>2</prumernaDelkaMin>
        </klavir>
		
        <klavir skladatel_ref="id_s_2">
            <typ_skladby>piano concerto</typ_skladby>
            <nazev>1. klavírní koncer</nazev>
            <oznaceni>Op. 1</oznaceni>
            <tonina>Fis moll</tonina>
            <prumernaDelkaMin>24</prumernaDelkaMin>
        </klavir>
        <klavir skladatel_ref="id_s_2">
            <typ_skladby>piano concerto</typ_skladby>
            <nazev>2. klavírní koncer</nazev>
            <oznaceni>Op. 18</oznaceni>
            <tonina>C moll</tonina>
            <prumernaDelkaMin>25</prumernaDelkaMin>
        </klavir>
        <klavir skladatel_ref="id_s_2">
            <typ_skladby>Prelude</typ_skladby>
            <nazev>Preludium</nazev>
            <oznaceni>Op. 23, No. 5</oznaceni>
            <tonina>G moll</tonina>
            <prumernaDelkaMin>4</prumernaDelkaMin>
        </klavir>
		
        <opera skladatel_ref="id_s_3">
            <typ_skladby>Opera</typ_skladby>
            <nazev>Don Giovanni</nazev>
        </opera>
        <opera skladatel_ref="id_s_3">
            <typ_skladby>Opera</typ_skladby>
            <nazev>Kouzelná flétna</nazev>
        </opera>
    </dila>
	
    <!-- preddefinovane ery -->
    <obdobi>
        <era era_id="era_1">baroko</era>
        <era era_id="era_2">klasicismus</era>
        <era era_id="era_3">romantismus</era>
        <era era_id="era_4">20. stoleti</era>
    </obdobi>
	
</vazna_hudba>