<?xml version="1.0" encoding="UTF-8"?>
    <klavirniSkladby>
        <skladba skladatel_ref="id_s_1">
            <typ_skladby>Scherzo</typ_skladby>
            <nazev>Scherzo</nazev>
            <oznaceni>Op. 20, No. 1</oznaceni>
            <tonina>B moll</tonina>
            <prumernaDelkaMin>9</prumernaDelkaMin>
        </skladba>
        <skladba skladatel_ref="id_s_1">
            <typ_skladby>Scherzo</typ_skladby>
            <nazev>Fantasia</nazev>
            <oznaceni>Op. 31, No. 2</oznaceni>
            <tonina>B moll</tonina>
            <prumernaDelkaMin>14</prumernaDelkaMin>
        </skladba>
        <skladba skladatel_ref="id_s_1">
            <typ_skladby>Piano Sonata</typ_skladby>
            <nazev>Piano Sonata</nazev>
            <oznaceni>Op. 58, No. 3</oznaceni>
            <tonina>B moll</tonina>
            <prumernaDelkaMin>19</prumernaDelkaMin>
        </skladba>
    </klavirniSkladby>
	