<?xml version="1.0" encoding="UTF-8"?>
<!DOCTYPE musicDB SYSTEM "data.dtd">
<musicDB>
	<!--Contains information about music files-->
	<Artist id="DAD" name="Derek and the Dominos">
		<LastFM>
			<?php echo "<a href=\"http://www.last.fm/music/Derek%2520and%2520the%2520Dominos\">Last.fm artist page</a>" ?><![CDATA[
			function getArtistInfoFromLastFM {/*Obtains artist information using last.fm API*/}
			]]></LastFM>
		<Discography size="1">
			<Album type="Full-Length">
				<Year>1976</Year>
				<Genre id3no="&rock;"/>
				<Featuring>
					<ref id="DAD">Eric Clapton</ref>
				</Featuring>
				<!--id3 tag genre code-->
				<Path>C:\Users\Admin\Music\Derek and the Dominos</Path>
				<ArtworkPath>folder.jpg</ArtworkPath>
				<Tracklist length="1">
					<Song>
						<Path>C:\Users\Admin\Music\Derek and the Dominos\13 - Layla.flac</Path>
						<Filename>13 - Layla.flac</Filename>
						<Tracknumber>13</Tracknumber>
						<Format name="FLAC">
							<Extension>.flac</Extension>
							<Type>Lossless</Type>
							<Bitrate>1411</Bitrate>
						</Format>
						<Length>426</Length>
					</Song>
				</Tracklist>
				<Amazonlink>http://www.amazon.com/Layla-Derek-Dominos/dp/B000002G87</Amazonlink>
				<Amazonrating>5</Amazonrating>
				<Discogslink>http://www.discogs.com/Derek-And-The-Dominos-Layla/master/297445</Discogslink>
				<LastFMlisteners>69761</LastFMlisteners>
			</Album>
		</Discography>
	</Artist>
</musicDB>
