<?xml version="1.0" encoding="UTF-8"?>
<?php echo Date("d.m.Y")?> 
<!DOCTYPE sportovni_oddil SYSTEM "data.dtd">
<sportovni_oddil>
	<uvitani>
		<![CDATA[
	 		system.out.println("Vitej v prehledu clenu naseho klubu");
		
		]]>
	</uvitani>
	<sportovec sport_id="s01" tren_ref="t01">
		<jmeno>Karel</jmeno>
		<prijmeni>Novotny</prijmeni>
		<vek>22</vek>
		<adresa>
			<ulice>Prazska</ulice>
			<mesto psc="45678">Kladno</mesto>
		</adresa>
		<telefon>777656987</telefon>
		<plat>20000kc</plat>
		<vaha>73kg</vaha>
		<vyska>183cm</vyska>
		<seznam_veci> 
		<dres velikost="M"></dres>
		<kratasy velikost="M"></kratasy>
		<boty>
			<nike>
				<cislo>44</cislo>
			</nike>
		</boty>
		</seznam_veci>
		<disciplina druh="sprinter" />
	</sportovec>
	<trener tren_id="t01">
		<jmeno>Pepa</jmeno>
		<prijmeni>Novak</prijmeni>
		<moto>&heslo;</moto>
	</trener>
</sportovni_oddil>	