<?xml version="1.0"?>
<!-- XML odpovida pozadavku na rezervacni system nejakeho hotelu. -->

<rezervacni_system xmlns:xsd="http://www.w3.org/2001/XMLSchema-instance" xsd:noNamespaceSchemaLocation="data.xsd">
	<datum_odeslani>2012-03-20</datum_odeslani>
	<seznam_rezervaci>
		<rezervace rid="R042">
			<fakturacni_udaje>
				<jmeno>John</jmeno>
				<prijmeni>Smith</prijmeni>
				<ic>64789411</ic>
				<dic>9074116147</dic>
				<adresa>
					<ulice>Fake str. 478</ulice>
					<mesto>Springfield</mesto>
					<psc>541 80</psc>
					<stat>Illinois</stat>
				</adresa>
			</fakturacni_udaje>
			
			<datum_prijezdu>2012-08-04</datum_prijezdu>
			<datum_odjezdu>2012-08-18</datum_odjezdu>
			
			<pokoje pocet="2">
				<pokoj pid="A24">
					<velikost>6</velikost>
					<obsahuje>kuchyn, pristylka</obsahuje>
				</pokoj>
				<pokoj pid="B25">
					<velikost>4</velikost>
					<obsahuje>kuchyn, balkon</obsahuje>
				</pokoj>
			</pokoje>
			
			<osoby>
				<osoba cislo_pasu="148845621-4" pohlavi="M" tarif="dospely">
					<jmeno>Homer</jmeno>
					<prijmeni>Simpson</prijmeni>
					<narodnost>USA</narodnost>
					<pozadavky>Beeeer</pozadavky>
				</osoba>
				
				<osoba cislo_pasu="149822347-1" pohlavi="Z" tarif="dospely">
					<jmeno>Marge</jmeno>
					<prijmeni>Simpson</prijmeni>
					<narodnost>USA</narodnost>
					<pozadavky>Huge bathtub</pozadavky>
					<jednatel /> <!-- rika, na koho je udelana rezervace -->
				</osoba>
				
				<osoba cislo_pasu="149875317-2" pohlavi="M" tarif="dite">
					<jmeno>Bart</jmeno>
					<prijmeni>Simpson</prijmeni>
					<narodnost>USA</narodnost>
					<pozadavky>Beeeer</pozadavky>
				</osoba>
				
				<osoba cislo_pasu="149851447-8" pohlavi="Z" tarif="dite">
					<jmeno>Lisa</jmeno>
					<prijmeni>Simpson</prijmeni>
					<narodnost>USA</narodnost>
				</osoba>
				
				<osoba cislo_pasu="224314455-0" pohlavi="Z" tarif="dite">
					<jmeno>Maggie</jmeno>
					<prijmeni>Simpson</prijmeni>
					<narodnost>USA</narodnost>
				</osoba>
				
				<osoba cislo_pasu="142320781-4" pohlavi="M" tarif="senior">
					<jmeno>Abraham</jmeno>
					<prijmeni>Simpson</prijmeni>
					<narodnost>USA</narodnost>
				</osoba>
				
				<osoba cislo_pasu="417840314-2" pohlavi="Z" tarif="senior">
					<jmeno>Mona</jmeno>
					<prijmeni>Simpson</prijmeni>
					<narodnost>USA</narodnost>
				</osoba>
				
				<osoba cislo_pasu="204740412-4" pohlavi="M" tarif="dospely">
					<jmeno>Ned</jmeno>
					<prijmeni>Flanders</prijmeni>
					<narodnost>Canada</narodnost>
					<jednatel/>
				</osoba>
				
				<osoba cislo_pasu="204740418-4" pohlavi="Z" tarif="dospely">
					<jmeno>Maude</jmeno>
					<prijmeni>Flanders</prijmeni>
					<narodnost>Canada</narodnost>
				</osoba>
				
				<osoba cislo_pasu="578134418-3" pohlavi="M" tarif="dite">
					<jmeno>Rod</jmeno>
					<prijmeni>Flanders</prijmeni>
					<narodnost>Canada</narodnost>
				</osoba>
				
				<osoba cislo_pasu="578133070-9" pohlavi="M" tarif="dite">
					<jmeno>Todd</jmeno>
					<prijmeni>Flanders</prijmeni>
					<narodnost>Canada</narodnost>
				</osoba>
			</osoby>
			
			<vzkaz zavaznost="nizka">Lorem ipsum, dolor sit!</vzkaz>
		</rezervace>
	</seznam_rezervaci>
</rezervacni_system>