<?xml version="1.0" encoding="UTF-8"?>
<!-- Domácí úkol 4 na NPRG036 -->
<bike-rental xmlns:xsi="http://www.w3.org/2001/XMLSchema-instance" xsi:noNamespaceSchemaLocation="data.xsd">
	<customers>
		<customer id="cust1">
			<address>
				<street>Na břehu 1</street>
				<post-code>123 45</post-code>
				<city>Praha</city>
				<country>Czech Republic</country>
			</address>
			<phone-number>+420123456789</phone-number>
			<email>prvni.zakaznik@pujcovny.cz</email>
		</customer>
		<customer id="cust2">
			<address>
				<street>Nebeská stovka 95</street>
				<post-code>234 56</post-code>
				<city>Kyjev</city>
				<country>Ukraine</country>
			</address>
			<phone-number>+380123456789</phone-number>
			<email>druhy.zakaznik@pujcovny.cz</email>
			<email>mam.dva.maily.kdo.je.vic@hec.ua</email>
		</customer>
		<customer id="cust3">
			<address>
				<street>Václavské náměstí 63</street>
				<post-code>123 45</post-code>
				<city>Praha</city>
				<country>Czech Republic</country>
			</address>
			<phone-number>+420234567890</phone-number>
			<email>treti.zakaznik@pujcovny.cz</email>
		</customer>
	</customers>
	<employees>
		<employee>
			<name>Bill Gates</name>
			<email>employee.of.the.month@this.rental</email>
		</employee>
		<employee>
			<name>Mark Shuttleworth</name>
			<email>wannabe.employee.of.the.month@this.rental</email>
		</employee>
		<head>
			<name>Steve Jobs</name>
			<email>big.boss@this.rental</email>
			<email>those.two.idiots.dont.know.that.I.am.the.true.employee.of.the.month@this.rental</email>
			<office-number>1</office-number>
		</head>
	</employees>
	<reservations>
		<reservation id="res1" cust-id="cust1" price-class="C" bike-type="offroad">
			<rental-code>123456</rental-code>
			<pick-up-time>2013-09-24T18:00:00</pick-up-time>
			<return-time>2013-10-01T18:00:00</return-time>
			<paid-before />
			<identity-card-number>7987879877</identity-card-number>
			<biker-name>Adam Novák</biker-name>
			<bike-reg-number>456</bike-reg-number>
			<bike-maker>Merida</bike-maker>
			<derailleur />
			<mudguards />
		</reservation>
		<reservation id="res2" cust-id="cust1" price-class="A" bike-type="road">
			<rental-code>4645646</rental-code>
			<pick-up-time>2014-01-24T16:00:00</pick-up-time>
			<return-time>2014-02-01T19:00:00</return-time>
			<identity-card-number>7454879877</identity-card-number>
			<biker-name>Bára Basiková</biker-name>
			<bike-reg-number>4444</bike-reg-number>
			<bike-maker>Favorit</bike-maker>
			<mudguards />
		</reservation>
		<reservation id="res3" cust-id="cust2" price-class="F" bike-type="freestyle">
			<rental-code>4646</rental-code>
			<pick-up-time>2014-02-14T08:00:00</pick-up-time>
			<return-time>2014-02-28T12:00:00</return-time>
			<paid-before />
			<identity-card-number>77832355357</identity-card-number>
			<biker-name>Cecil Svach</biker-name>
			<bike-reg-number>1221244</bike-reg-number>
			<bike-maker>Laurin &amp; Klement</bike-maker>
		</reservation>
		<reservation id="res4" cust-id="cust3" price-class="A" bike-type="freestyle">
			<rental-code>44545</rental-code>
			<pick-up-time>2014-03-14T08:00:00</pick-up-time>
			<return-time>2014-03-18T12:00:00</return-time>
			<paid-before />
			<identity-card-number>786454545411</identity-card-number>
			<biker-name>Dan Landa</biker-name>
			<bike-reg-number>12787878</bike-reg-number>
			<bike-maker>Author</bike-maker>
			<derailleur />
		</reservation>
	</reservations>
	<employee-messages>
		<employee-message res-id="res1">Prosím o kolo se stojánkem délky 182 cm.</employee-message>
		<employee-message res-id="res3">Prosím o zelené kolo červené barvy.</employee-message>
	</employee-messages>
</bike-rental>