<?xml version="1.0" encoding="UTF-8"?>
<!--
    Author: Bc. CHOMUT Miroslav 11070237
    First homework
-->

<!-- External Private DTD -->
<!DOCTYPE finswimming SYSTEM "data.dtd">

<!-- root element -->
<finswimming>

    <!-- Document reliability info -->
    <generated>
        <generatedDate><![CDATA[<? echo date('d.m.Y H:i:s'); ?>]]></generatedDate>
        <serverStamp><![CDATA[<? phpinfo(); ?>]]></serverStamp>
    </generated>

    <!-- Physical people -->
    <!-- Contains data specific for phzsical people -->
    <people>
        <person id="per1" name="Xerxes" surname="FastSwim" avatar="avatGodLike">
            <address>
                <street>My street</street>
                <city>Utopia</city>
                <state>Imaginary</state>
            </address>
            <biometrics>
                <height>
                    <SI_meter>2</SI_meter>
                    <SI_centimeter>10</SI_centimeter>
                </height>
                <weight>
                    <SI_kilogram>100</SI_kilogram>
                </weight>
            </biometrics>
            <HTMLSignature>
                <![CDATA[
                <b>Hello</b> <h2>WORLD</h2>
                ]]>
            </HTMLSignature>
        </person>
        <person id="per2" name="John" surname="the first" middlename="Van falubert &apos; s">
            <address>
                <street>My street</street>
                <city>Utopia</city>
                <state>Imaginary</state>
                <inspection year="1989"/>
            </address>
            <biometrics>
                <height>
                    <NonSI_feet>4</NonSI_feet>
                </height>
                <weight>
                    <NonSI_pound>100</NonSI_pound>
                </weight>
            </biometrics>
            <HTMLSignature>
                <![CDATA[
                <b>Hello</b> <h2>WORLD</h2> <small>and NUMA CPUs</small>
                ]]>
            </HTMLSignature>
            <ANYSignature>
                AHOJ
            </ANYSignature>
            <ANYSignature>
                Can I Have Multiple of these (sure I can):
                <HTMLSignature>
                    <![CDATA[
                    <big>GOTCHA!!! Second HTML signature<big>
                    ]]>
            </HTMLSignature>
            </ANYSignature>
        </person>
        <person id="per3" name="Anna" surname="KArenina" avatar="avatThick">
            <address>
                <city>Literature</city>
                <state>HardToLearnOne</state>
                <inspection year="2013"/>
            </address>
            <biometrics>
                <height>
                    <SI_meter>1</SI_meter>
                    <SI_centimeter>70</SI_centimeter>
                </height>
                <weight>
                    <SI_kilogram>78</SI_kilogram>
                </weight>
            </biometrics>
            <HTMLSignature>
                <![CDATA[
                <a href="mailto:me@here.now">Write me :)</a>
                ]]>
            </HTMLSignature>
        </person>
    </people>
    
    <!-- CMAS Region -->
    <!-- Contains CMAS Licences and CMAS Championships -->
    <CMAS>
        <CMAS_Competitors>
            <CMAS_Competitor id="CMASCom1" person="per1">
                <CMAS_PP>
                    <Licence year="2010" id="CMASLic51" />
                    <Licence year="2011" id="CMASLic53" />
                    <Licence year="2012" id="CMASLic56" />
                </CMAS_PP>
                <CMAS_OP>
                    <Licence year="2010" id="CMASLic52" />
                    <Licence year="2012" id="CMASLic57" />
                </CMAS_OP>
                <CMAS_DPP>
                    <Licence year="2011" id="CMASLic54" />
                    <Licence year="2012" id="CMASLic58" />
                </CMAS_DPP>
            </CMAS_Competitor>
            <CMAS_Competitor id="CMASCom2" person="per2">
                <CMAS_PP>
                    <Licence year="2005" id="CMASLic24" />
                    <Licence year="2006" id="CMASLic31" />
                    <Licence year="2007" id="CMASLic47" />
                </CMAS_PP>
                <CMAS_OP>
                    <Licence year="2006" id="CMASLic33" />
                    <Licence year="2007" id="CMASLic48" />
                </CMAS_OP>
                <CMAS_DPP>
                    <Licence year="2004" id="CMASLic12" />
                    <Licence year="2005" id="CMASLic25" />
                </CMAS_DPP>
            </CMAS_Competitor>
            <CMAS_Competitor id="CMASCom3" person="per2">
                <CMAS_PP>
                    <Licence year="2011" id="CMASLic55" />
                    <Licence year="2012" id="CMASLic59" />
                </CMAS_PP>
                <CMAS_OP>
                    <Licence year="2012" id="CMASLic60" />
                </CMAS_OP>
                <CMAS_DPP>
                    <Licence year="2012" id="CMASLic61" />
                </CMAS_DPP>
            </CMAS_Competitor>
        </CMAS_Competitors>
        <CMAS_Championships>
            <CMAS_Championship id="CMAS_ch01" date="08.08.2006">
                <champname>Confédération Mondiale des Activités Subaquatiques organised competition</champname>
                <address>
                    <city>Beograd</city>
                    <state>Serbia</state>
                </address>
            </CMAS_Championship>
            <CMAS_Championship id="CMAS_wch01" worldCupRound="1" date="09.09.2007">
                <champname>Confédération Mondiale des Activités Subaquatiques World cup first round</champname>
                <address>
                    <city>Torun</city>
                    <state>Poland</state>
                </address>
            </CMAS_Championship>
            <CMAS_Championship id="CMAS_wch02" worldCupRound="2" date="10.10.2007">
                <champname>Confédération Mondiale des Activités Subaquatiques World cup second round</champname>
                <address>
                    <city>Eger</city>
                    <state>Hungary</state>
                </address>
            </CMAS_Championship>
            <CMAS_Championship id="CMAS_wch03" worldCupRound="2" date="30.10.2007">
                <champname>Confédération Mondiale des Activités Subaquatiques World cup third round</champname>
                <address>
                    <city>Lignano</city>
                    <state>Italy</state>
                </address>
            </CMAS_Championship>
            <CMAS_Championship id="CMAS_wchGF1" worldCupRound="GoldenFinal" prerequisities="CMAS_wch01 CMAS_wch02 CMAS_wch01" date="11.11.2007">
                <champname>Confédération Mondiale des Activités Subaquatiques World cup Golden Final (at least three rounds required)</champname>
                <address>
                    <city>Alexandria</city>
                    <state>Egypt</state>
                </address>
            </CMAS_Championship>
        </CMAS_Championships>
    </CMAS>
    
    <!-- international region -->
    <!-- Contains international data like categories and disciplines -->
    <international>
        <categories>
            <category id="catE" name="E" ageFrom="7" ageTo="11" />
            <category id="catD" name="D" ageTo="13" />
            <category id="catC" name="C" ageTo="15" />
            <category id="catB" name="B" ageTo="17" />
            <category id="catA" name="A" ageTo="120" />
            <category id="catM" name="Masters" ageFrom="20" ageTo="120" />
            <category id="catM2" name="GrandMasters" ageFrom="50" ageTo="120" />
            <category id="catOOC" name="OutOfCompetition" ageTo="120" />
        </categories>
        <disciplines>
            <!-- PP surface -->
            <discipline id="disc50PP" type="typePool" subtype="PP" distance="50"/>
            <discipline id="disc100PP" type="typePool" subtype="PP" distance="100"/>
            <discipline id="disc200PP" type="typePool" subtype="PP" distance="200"/>
            <discipline id="disc400PP" type="typePool" subtype="PP" distance="400"/>
            <discipline id="disc800PP" type="typePool" subtype="PP" distance="800"/>
            <discipline id="disc1500PP" type="typePool" subtype="PP" distance="1500"/>
            <discipline id="disc1850PP" type="typePool" subtype="PP" distance="1850"/>
            
            <!-- PP Apnoea -->
            <discipline id="disc15AP" type="typePool" subtype="AP" distance="15"/>
            <discipline id="disc1510AP" type="typePool" subtype="AP" distance="25"/>
            <discipline id="disc25AP" type="typePool" subtype="AP" distance="25"/>
            <discipline id="disc50AP" type="typePool" subtype="PP" distance="50"/>
            
            <!-- PP Immersion -->
            <discipline id="disc100IM" type="typePool" subtype="IM" distance="100"/>
            <discipline id="disc400IM" type="typePool" subtype="IM" distance="400"/>
            <discipline id="disc800IM" type="typePool" subtype="IM" distance="800"/>
            
            <!-- OP -->
            <discipline id="discOPMonk" type="typeOrient" distance="400"/>
            <discipline id="discOPCross" type="typeOrient" distance="600"/>
            <discipline id="discOPMash" type="typeOrient" distance="600"/>
            
            <!-- DPP -->
            <discipline id="discDPPKids" type="typeDistant" distance="600"/>
            <discipline id="discDPP1" type="typeDistant" distance="1000"/>
            <discipline id="discDPP2" type="typeDistant" distance="2000"/>
            <discipline id="discDPP4" type="typeDistant" distance="4000"/>
            <discipline id="discDPP5" type="typeDistant" distance="5000"/>
            <discipline id="discDPP6" type="typeDistant" distance="6000"/>
            <discipline id="discDPP8" type="typeDistant" distance="8000"/>
            <discipline id="discDPP10" type="typeDistant" distance="10000"/>
            <discipline id="discDPPLaManche" type="typeDistant" distance="34000"/>
            
        </disciplines>
    </international>
    
    <!-- national region -->
    <!-- Contains national specific data for each nation like championships and competitors 
	(including possible national licence for active competitors - competitor does not need a licence for inactive year) -->
    <national>
        <nation code="sk">
            <championships>
                <championship id="ch01" date="26.04.1986">
                    <champname>The Ghoul&apos; s price</champname>
                    <address>
                        <street>Glowing One</street>
                        <GPS>51°24'22.87"N  30°03'23.05"E</GPS>
                        <city>EarthTookBack</city>
                        <state>NonExistent</state>
                    </address>
                </championship>
                <championship id="ch03" date="29.05.1989">
                    <champname>Board of for Finswimming</champname>
                    <address>
                        <street>Near Submarine</street>
                        <GPS>69°26'8.64"N  32°21'10.60"E</GPS>
                        <city>Wet One</city>
                        <state>FrozenLand</state>
                    </address>
                </championship>
            </championships>
            <competitors>
                <competitor biotype="Human" person="per1">
                    <Licence year="2012" id="skNationalLic7450" />
                    <Licence year="2011" id="skNationalLic6800" />
                    <Licence year="2010" id="skNationalLic5400" />
                    <Licence year="2009" id="skNationalLic4005" />
                    <Licence year="2008" id="skNationalLic1230" />
                    <Licence year="2007" id="skNationalLic1005" />
                    <Licence year="2006" id="skNationalLic213" />
                    <Licence year="2005" id="skNationalLic127" />
                </competitor>
                <competitor biotype="Human" person="per2"/>
            </competitors>
        </nation>
        <nation code="cz">
            <championships />
            <competitors />
        </nation>
    </national>
    
    <!-- results region -->
    <!-- championship results are here, along results textual data are mixed within them 
		 possible comments to championship, whatewer, let's assume it as assignement enforced feature -->
    <results>
        <champResults championship="ch01">
            SOMEHOW MIXED DATA IS HERE TO MAKE PARSING EVEN MORE COMPLEX
            <champResult swimmer="per1" discipline="disc50PP">
                <resTime>00:20,59</resTime>
                <resPosition>4</resPosition>
                <resPoints>650</resPoints>
            </champResult>
            <champResult swimmer="per1" discipline="disc1500PP">
                <resTime>14:30,71</resTime>
                <resPosition>3</resPosition>
                <resPoints>650</resPoints>
            </champResult>
            <champResult swimmer="per2" discipline="disc1500PP">
                <resTime>14:59,32</resTime>
                <resPosition>8</resPosition>
                <resPoints>320</resPoints>
            </champResult>
            <champResult swimmer="per2" discipline="disc50PP">
                <resTime>00:20,47</resTime>
                <resPosition>2</resPosition>
                <resPoints>738</resPoints>
            </champResult>
            SOME RUBBISH DATA IS MIXED HERE AS WELL
        </champResults>
    </results>
    
</finswimming>