<?xml version="1.0"?>
<!-- Popis sveta 
priklad popisu jednoduche deployment systemu
v objectContaineru jsou specifikovany obrazy disku (imageConfigurations/image) a ruzne hw konfigurace
dle hw typu (hwTypeConfiguration)

dale v //server jsou popisy deployovacich serveru vcetne nastaveni sluzeb jako dhcp,dns,tftp pro pxe boot
//server/registeredMachines obsahuje seznam konkretnich stroju registrovanych u daneho server vc. informaci
o hw typu, nabootovanem obrazu, jeho verzi a casu nabootovani.
-->
<organization name="TestOrg">
    <objectContainer>
        <imageConfigurations>
            <image name='PCimage'>
              <options>
                <scImageName>Image for PCs</scImageName>
                <scImageFile>testPC</scImageFile>
              </options>
              <versions>
                <version disabled='1'>1</version>
                <version disabled='0'>2</version>
              </versions>
            </image>
            <image name='NBimage'>
              <options>
                <scImageName>Image for notebooks</scImageName>
                <scImageFile>testNB</scImageFile>
              </options>
              <versions>
                <version disabled='0'>3</version>
              </versions>
            </image>
        </imageConfigurations>
        <hwTypeConfiguration hwType="PC">
            <attributes>
              <image>PCimage</image>
              <hwTypeName>test PC</hwTypeName>
            </attributes>
            <harddisk device="sda" size='500000'>
              <partition>
                <attributes>
                  <password/>
                  <partSize>5000</partSize>
                  <partMount>swap</partMount>
                  <partType>swap</partType>
                </attributes>
              </partition>
              <partition>
                <attributes>
                  <password/>
                  <partSize>495000</partSize>
                  <partMount>/</partMount>
                  <partType>ext4</partType>
                </attributes>
              </partition>
            </harddisk>
        </hwTypeConfiguration>
        <hwTypeConfiguration hwType="terminal">
            <attributes>
              <image>terminalImage</image>
              <hwTypeName>diskless PC/terminal</hwTypeName>
            </attributes>
            <ramdisk device="sda" size='3000' />
        </hwTypeConfiguration>
        <hwTypeConfiguration hwType="notebook">
            <attributes>
              <image>NBimage</image>
              <hwTypeName>notebook</hwTypeName>
            </attributes>
            <harddisk device="sda" size='150000'>
              <partition>
                <attributes>
                  <password/>
                  <partSize>5000</partSize>
                  <partMount>swap</partMount>
                  <partType>swap</partType>
                </attributes>
              </partition>
              <partition>
                <attributes>
                  <password/>
                  <partSize>45000</partSize>
                  <partMount>/</partMount>
                  <partType>ext4</partType>
                </attributes>
              </partition>
              <partition>
                <attributes>
                  <password>testPass</password>
                  <partSize>100000</partSize>
                  <partMount>/home</partMount>
                  <partType>ext4</partType>
                </attributes>
              </partition>
            </harddisk>
        </hwTypeConfiguration>
    </objectContainer>
    <server name='linuxLab'>
        <attributes>
            <netmask>255.255.255.0</netmask>
            <dynamicIp>TRUE</dynamicIp>
            <networkNumber>192.168.150.0</networkNumber>
            <dhcpFixedRange>192.168.150.20,192.168.150.200</dhcpFixedRange>
            <dhcpRange>192.168.150.220,192.168.150.240</dhcpRange>
            <defaultGw>192.168.150.1</defaultGw>
            <dnsPrefix>LIN</dnsPrefix>
        </attributes>
        <services>
            <service name="dns">
              <attributes>
                <serviceEnabled>TRUE</serviceEnabled>
                <dnsName>dns</dnsName>
                <serviceStartScript>named</serviceStartScript>
              </attributes>
            </service>
            <service name="tftp">
              <attributes>
                <serviceEnabled>TRUE</serviceEnabled>
                <dnsName>tftp</dnsName>
                <serviceStartScript>atftpd</serviceStartScript>
              </attributes>
            </service>
            <service name="dhcp">
              <attributes>
                <serviceEnabled>TRUE</serviceEnabled>
                <dnsName>dhcp</dnsName>
                <dhcpFixedLeaseTime>14400</dhcpFixedLeaseTime>
                <serviceStartScript>dhcpd</serviceStartScript>
                <dhcpDynLeaseTime>300</dhcpDynLeaseTime>
              </attributes>
            </service>
        </services>
        <registeredMachines>
            <machine dnsName="LIN01">
                <attributes>
                    <macAddress>00:00:90:FF:00:01</macAddress>
                    <ipHostNumber>192.168.242.51</ipHostNumber>
                    <hwType>PC</hwType>
                    <bootedImage>PCimage-2;1332344895</bootedImage>
                </attributes>
            </machine>
            <machine dnsName="LIN02">
                <attributes>
                    <macAddress>00:00:90:FF:00:02</macAddress>
                    <ipHostNumber>192.168.242.52</ipHostNumber>
                    <hwType>PC</hwType>
                    <bootedImage>PCimage-1;1332344895</bootedImage>
                </attributes>
            </machine>
            <machine dnsName="LIN03">
                <attributes>
                    <macAddress>00:00:90:FF:00:03</macAddress>
                    <ipHostNumber>192.168.242.53</ipHostNumber>
                    <hwType>notebook</hwType>
                    <bootedImage>NBimage-1;1332344895</bootedImage>
                </attributes>
            </machine>
        </registeredMachines>
    </server>
</organization>
