<?xml version="1.0" encoding="utf-8"?>
<animals>
	<!-- Typy jednotlivých zvířátek -->
	<types>
		<type id="fox">Liška obecná</type>
		<type id="dog">Pes obecný</type>
	</types>
	<!-- Různé umístění zvířátek -->
	<location name="Místo s liškami">
		<animal id="zvire3" name="Lišáček" type="fox" sex="M" age="3">
			<relations>
				<is-child-of animal="zvire1" />
			</relations>
			<characteristics>
				<trait>Chytrá</trait>
				<trait>Přítulná</trait>
				<trait>Rozkošná</trait>
				<trait>Oranžová</trait>
				<trait>Věčně hladová</trait>
				<trait>Líná</trait>
			</characteristics>
			<favourite-food>
				<meal name="Šlichta pro lišky">
					<ingredient quantity="30%">Mouka</ingredient>
					<ingredient quantity="70%">Vejce</ingredient>
					<description>popis přípravy 2</description>
				</meal>
				<meal name="Čokoládový dezert">
					<ingredient quantity="50%">Čokoláda</ingredient>
					<ingredient quantity="40%">Kakao</ingredient>
					<ingredient quantity="20%">Mléko</ingredient>
					<description>popis přípravy 1. Výsledek pak bude vypadat nějak takto - <img src="http://zoo.jcermak.cz/dezert_pro_lisky.jpg" alt="Dezert pro lisky"/></description>
				</meal>
			</favourite-food>
			<img src="http://listicka.eu/dba6e57a218bb5514d827fb4129c4369-d2zapbg.jpg" alt="Lišáček" width="100px"/>
		</animal>
		<animal id="zvire5" name="Liška bystrouška nemlsná" type="fox" sex="F" age="7">
			<relations></relations>
			<characteristics>
				<trait>Extra líná</trait>
			</characteristics>
			<favourite-food>
			</favourite-food>
		</animal>		
		<animal id="zvire1" name="Liška bystrouška" type="fox" sex="F" age="5">
			<relations>
				<is-parent-of animal="zvire3" />
			</relations>
			<characteristics>
				<trait>Hloupá</trait>
				<trait>Líná</trait>
				<trait>Líná</trait>
				<trait><![CDATA[ Tvrdí, že 5 + 3 > 18. ]]> A přitom 5 + 3 = <?php echo 5 + 3; ?></trait>
			</characteristics>
			<favourite-food>
				<meal name="Rumový dort">
					<rating>*****</rating>
					<ingredient quantity="alespoň 40% směsi">Čokoláda</ingredient>
					<ingredient quantity="stačí jen trochu">Kvalitní rum</ingredient>
					<ingredient quantity="hodně, alespoň 30% hmotnosti">Méně kvalitní rum</ingredient>
					<ingredient quantity="kolem 5%">Kokos</ingredient>
					<ingredient>Chilli</ingredient>
					<ingredient>Cukr</ingredient>
					<ingredient>Šlehačka</ingredient>
					<ingredient quantity="cca 20%">Mouka</ingredient>
					<description>
						popis přípravy 1. Výsledek pak bude vypadat nějak takto - <img src="http://zoo.jcermak.cz/rumik.jpg" alt="Dezert pro lisky"/>
					</description>
				</meal>
			</favourite-food>
		</animal>
	</location>
	<location name="prázdné místo"></location>
	<location name="psí rezervace">
		<animal id="zvire8" name="Fenka" type="dog" sex="F" age="7">
			<relations>
				<is-parent-of animal="zvire3" />
			</relations>
			<characteristics>
				<trait>Hloupý</trait>
				<trait>Extra líný</trait>
			</characteristics>
			<favourite-food>
				<meal name="míchaná vajíčka">
					<rating>*****</rating>
					<ingredient>Vejce</ingredient>
					<description>
						prostě normální míchaná vajíčka
					</description>
				</meal>
			</favourite-food>
		</animal>
	</location>
</animals>