<?xml version="1.0" encoding="UTF-8"?>
<!DOCTYPE evidencemajetku SYSTEM "data.dtd">
<evidencemajetku verze="1.0.0" vytvoreno="20120226T21:20" vytvoril="Radim Bufka">
    <uvod>
        <uceldokumentu>Databáze obecního majetku a příslušenství a evidence jejich pronájmů v obci &obec;.</uceldokumentu>
        <platnost>&rok;</platnost>
        <aktualizovano>
            awodij
        </aktualizovano>
    </uvod>
    <zodpovedneosoby>
        <fo rc="rc8912101234">
            <jmeno>Radim</jmeno>
            <prijmeni>Bufka</prijmeni>
            <adresa>
                <ulice>Čechova</ulice>
                <cp>3</cp>
                <psc>30100</psc>
                <obec>Plzeň</obec>
            </adresa>
            <kontakt>
                <telefon typ="mobil">+420789456123</telefon>
                <email>radimbufka-at-gg.com</email>
            </kontakt>
            
        </fo>

    </zodpovedneosoby>
    <majetek>
        <nemovity>
        </nemovity>
        <movity>
        </movity>
    </majetek>
    <pronajmy>
    </pronajmy>
    <vzory>
        <!--<vzor typ="Smlouva">
            <popis>
                <p>Smlouva o pronájmu fyzické osobě.</p>
            </popis>
            <vytvoril>Josef Kolomičenko</vytvoril>
            <odkaz src="sml-pron-fo"/>
        </vzor>
        <vzor typ="Smlouva">
            <popis>
                <p>Smlouva o pronájmu právnické osobě.</p>
            </popis>
            <vytvoril>Lumír Vodrážka</vytvoril>
            <odkaz src="sml-pron-po"/>
        </vzor>
        <vzor typ="Smlouva">
            <popis>
                <p>Smlouva o zrušení pronájmu právnické osobě.</p>
            </popis>
            <vytvoril>Lumir Vodrážka</vytvoril>
            <odkaz src="sml-zrus-pron-po"/>
        </vzor>
        <vzor typ="Smlouva">
            <popis>
                <p>Smlouva o zrušení pronájmu právnické osobě.</p>
            </popis>
            <vytvoril>Josef Kolomičenko</vytvoril>
            <odkaz src="sml-zrus-pron-fo"/>
        </vzor>
-->
    </vzory>
    <komentar>dfgh</komentar>
</evidencemajetku>
