<?xml version="1.0" encoding="UTF-8"?>
<?xml-stylesheet type="type" href="uri" ?>

<databaze-desek xmlns:xsi="http://www.w3.org/2001/XMLSchema-instance"
xsi:noNamespaceSchemaLocation="data.xsd">
	<artist typ="skupina" id="0294893">
		<jmeno> Red Hot Chili Peppers </jmeno>
		<deska vydano="2011-09-26" did="id_rhcp2011">
			<nazev>I'm with You</nazev>
			<rok>2011</rok>
			<zanr>Funk rock</zanr>
			<seznam-skladeb>
				<skladba cislo="1">
					<naz_sk>Monarchy of Roses</naz_sk>
					<delka>4:12</delka>
					<id_sk>iwy01</id_sk>
				</skladba>
				<skladba cislo="2">
					<naz_sk> Factory of Faith</naz_sk>
					<delka>4:20</delka>
					<id_sk>iwy02</id_sk>
				</skladba>
				<skladba cislo="3">
					<naz_sk>Brendan's Death Song</naz_sk>
					<delka>5:38</delka>
					<id_sk>iwy03</id_sk>
				</skladba>
				<skladba cislo="4">
					<naz_sk>Ethiopia</naz_sk>
					<delka>3:50</delka>
					<id_sk>iwy04</id_sk>
				</skladba>
				<skladba cislo="5">
					<naz_sk>Annie Wants a Baby</naz_sk>
					<delka>3:40</delka>
					<id_sk>iwy05</id_sk>
				</skladba>
				<skladba cislo="6">
					<naz_sk>Look Around</naz_sk>
					<delka>3:28</delka>
					<id_sk>iwy06</id_sk>
				</skladba>
				<skladba cislo="7">
					<naz_sk>The Adventures of Rain Dance Maggie</naz_sk>
					<delka>4:42</delka>
					<id_sk>iwy07</id_sk>
				</skladba>
				<skladba cislo="8">
					<naz_sk>Did I Let You Know</naz_sk>
					<delka>4:21</delka>
					<id_sk>iwy08</id_sk>
				</skladba>
				<skladba cislo="9">
					<naz_sk>Goodbye Hooray</naz_sk>
					<delka>3:52</delka>
					<id_sk>iwy09</id_sk>
				</skladba>
				<skladba cislo="10">
					<naz_sk>Happiness Loves Company</naz_sk>
					<delka>3:33</delka>
					<id_sk>iwy10</id_sk>
				</skladba>
				<skladba cislo="11">
					<naz_sk>Police Station</naz_sk>
					<delka>5:35</delka>
					<id_sk>iwy11</id_sk>
				</skladba>
				<skladba cislo="12">
					<naz_sk>Even You Brutus?</naz_sk>
					<delka>4:01</delka>
					<id_sk>iwy12</id_sk>
				</skladba>
				<skladba cislo="13">
					<naz_sk>Meet Me at the Corner</naz_sk>
					<delka>4:21</delka>
					<id_sk>iwy13</id_sk>
				</skladba>
				<skladba cislo="14">
					<naz_sk>Dance, Dance, Dance</naz_sk>
					<delka>3:45</delka>
					<id_sk>iwy14</id_sk>
				</skladba>
			</seznam-skladeb>
			<label>Warner Bros</label>
			<producent male="m">Rick Rubin</producent>
			<recenze><![CDATA[The 10th Red Hot Chili Peppers album opens in chaos: the primordial rumblings of a band tuning up for a jam, perhaps for its first in a long time. You can almost see singer Anthony Kiedis standing in the corner, shirtlessly waiting to leap into the fray. The noise blooms into a Californicatin' disco inferno called "Monarchy of Roses," where Kiedis wonders, "Do you like it rough, I ask/And are you up to task?" He could be singing to himself. I'm With You finds a mighty band in a scary new role: underdog.]]></recenze>

		</deska>
		<deska vydano="1999-06-08" did="id_rhcp1999">
			<nazev>Californication</nazev>
			<rok>1999</rok>
			<zanr>Funk rock</zanr>
			<seznam-skladeb>
				<skladba cislo="1">
					<naz_sk>Around the World</naz_sk>
					<delka>3:58</delka>
					<id_sk>clf01</id_sk>
				</skladba>
				<skladba cislo="2">
					<naz_sk>Parallel Universe</naz_sk>
					<delka>4:30</delka>
					<id_sk>clf02</id_sk>
				</skladba>
				<skladba cislo="3">
					<naz_sk>Scar Tissue</naz_sk>
					<delka>3:37</delka>
					<id_sk>clf03</id_sk>
				</skladba>
				<skladba cislo="4">
					<naz_sk>Otherside</naz_sk>
					<delka>4:15</delka>
					<id_sk>clf04</id_sk>
				</skladba>
				<skladba cislo="5">
					<naz_sk>Get on Top</naz_sk>
					<delka>3:18</delka>
					<id_sk>clf05</id_sk>
				</skladba>
				<skladba cislo="6">
					<naz_sk>Californication</naz_sk>
					<delka>5:21</delka>
					<id_sk>clf06</id_sk>
				</skladba>
				<skladba cislo="7">
					<naz_sk>Easily</naz_sk>
					<delka>3:51</delka>
					<id_sk>clf07</id_sk>
				</skladba>
				<skladba cislo="8">	
					<naz_sk>Porcelain</naz_sk>
					<delka>2:43</delka>
					<id_sk>clf08</id_sk>
				</skladba>
				<skladba cislo="9">
					<naz_sk>Emit Remmus</naz_sk>
					<delka>4:00</delka>
					<id_sk>clf09</id_sk>
				</skladba>
				<skladba cislo="10">
					<naz_sk>I Like Dirt</naz_sk>
					<delka>2:37</delka>
					<id_sk>clf10</id_sk>
				</skladba>
				<skladba cislo="11">
					<naz_sk>The Velvet Glove</naz_sk>
					<delka>5:35</delka>
					<id_sk>clf11</id_sk>
				</skladba>
				<skladba cislo="12">
					<naz_sk>Savior</naz_sk>
					<delka>4:52</delka>
					<id_sk>clf12</id_sk>
				</skladba>
				<skladba cislo="13">
					<naz_sk>Purple Stain</naz_sk>
					<delka>4:13</delka>
					<id_sk>clf13</id_sk>
				</skladba>
				<skladba cislo="14">
					<naz_sk>Right On Time</naz_sk>
					<delka>1:52</delka>
					<id_sk>clf14</id_sk>
				</skladba>
				<skladba cislo="15">
					<naz_sk>Road Trippin'</naz_sk>
					<delka>3:25</delka>
					<id_sk>clf15</id_sk>
				</skladba>					
			</seznam-skladeb>
			<label>Warner Bros</label>
			<producent>Rick Rubin</producent>
			<recenze><![CDATA[Californication je funk-rockové album skupiny Red Hot Chili Peppers. Taktéž i jedna píseň na onom albu. Album Californications je částečným návratem ke kořenům Red Hot Chili Peppers. Po méně úspěšném One Hot Minute se vrátil John Frusciante, vystřídal Davea Navarra a se skupinou v roce 1999 nahrál desku, která znamenala jejich znovuvzkříšení.Nejúspěšnějšími skladbami se staly Scar Tissue, Otherside a Californication.]]></recenze>

		</deska>
		<ceny did_ref="id_rhcp1999" >zlata-deska</ceny>
	</artist>
	
	<artist typ="skupina" id="3847924">
		<jmeno> The Rolling Stones </jmeno>
		<deska vydano="1976-04-23" did="id_rls1976">
			<nazev>Black and Blue</nazev>
			<rok>1976</rok>
			<zanr>Rock</zanr>
			<seznam-skladeb>
				<skladba cislo="1">
					<naz_sk>Hot Stuff</naz_sk>
					<delka>5:20</delka>
					<id_sk>bnb01</id_sk>
				</skladba>
				<skladba cislo="2">
					<naz_sk>Hand Of Fate</naz_sk>
					<delka>4:28</delka>
					<id_sk>bnb02</id_sk>
				</skladba>
				<skladba cislo="3">
					<naz_sk>Cherry Oh Baby</naz_sk>
					<delka>3:53</delka>
					<id_sk>bnb03</id_sk>
				</skladba>
				<skladba cislo="4">
					<naz_sk>Memory Motel</naz_sk>
					<delka>7:07</delka>
					<id_sk>bnb04</id_sk>
				</skladba>
				<skladba cislo="5">
					<naz_sk>Hey Negrita</naz_sk>
					<delka>4:58</delka>
					<id_sk>bnb05</id_sk>
				</skladba>
				<skladba cislo="6">
					<naz_sk>Melody</naz_sk>
					<delka>5:47</delka>
					<id_sk>bnb06</id_sk>
				</skladba>
				<skladba cislo="7">
					<naz_sk>TFool to Cry</naz_sk>
					<delka>5:04</delka>
					<id_sk>bnb07</id_sk>
				</skladba>
				<skladba cislo="8">
					<naz_sk>Crazy Mama</naz_sk>
					<delka>4:34</delka>
					<id_sk>bnb08</id_sk>
				</skladba>
			</seznam-skladeb>
			<label>	Rolling Stones Records</label>
			<producent>The Glimmer Twins</producent>
			<recenze><![CDATA[Black and Blue je album The Rolling Stones vydané v roce 1976 a poprvé se na něm objevuje kytarista Ron Wood, který nahradil Micka Taylora.]]></recenze>
		</deska>
		<ceny did_ref="id_rls1976" >zlata-deska</ceny>
	</artist>


	
</databaze-desek>