<?xml version="1.0" encoding="UTF-8"?>
<ul>
   <li>1969 ****</li>
   <li>A Matter of Time </li>
   <li>Bane</li>
   <li>Bloodlines</li>
   <li>Brief Candle</li>
   <li>Children of the Gods *****</li>
   <li>Cold Lazarus</li>
   <li>Cor-Ai</li>
   <li>Deadman</li>
   <li>Demons</li>
   <li>Emancipation</li>
   <li>Enigma</li>
   <li>Fair Play</li>
   <li>Family</li>
   <li>Fire and Water</li>
   <li>Forever In A Day</li>
   <li>Hathor</li>
   <li>Holiday</li>
   <li>In the Line of Duty</li>
   <li>Into The Fire</li>
   <li>Learning Curve</li>
   <li>Legacy</li>
   <li>Message in a Bottle</li>
   <li>Need</li>
   <li>One False Step</li>
   <li>Out of Mind</li>
   <li>Point Of View</li>
   <li>Politics</li>
   <li>Prisoners</li>
   <li>Rules Of Engagement</li>
   <li>Secrets</li>
   <li>Serpent's Song</li>
   <li>Seth</li>
   <li>Show And Tell</li>
   <li>Singularity</li>
   <li>Solitudes</li>
   <li>Spirits</li>
   <li>The Broca Divide</li>
   <li>The Enemy Within ****</li>
   <li>The Fifth Race *****</li>
   <li>The First Commandment</li>
   <li>The Gamekeeper</li>
   <li>The Nox</li>
   <li>The One Where Monica Gets a Roommate ****</li>
   <li>The One with Ross's New Girlfriend</li>
   <li>The One with the Princess Leia Fantasy</li>
   <li>The Serpent's Lair</li>
   <li>The Tok'ra</li>
   <li>The Torment of Tantalus</li>
   <li>There But for the Grace of God</li>
   <li>Thor's Chariot ****</li>
   <li>Thor's Hammer</li>
   <li>Tin Man</li>
   <li>Tok'ra</li>
   <li>Touchstone</li>
   <li>Within the Serpent's Grasp</li>
</ul>