<?xml version="1.0" encoding="UTF-8"?>
<seria>
   <diel>
      <name>Children of the Gods</name>
      <id>1-1-1</id>
   </diel>
   <diel>
      <name>The Enemy Within</name>
      <id>1-1-2</id>
   </diel>
   <diel>
      <name>Emancipation</name>
      <id>1-1-3</id>
   </diel>
   <diel>
      <name>The Broca Divide</name>
      <id>1-1-4</id>
   </diel>
   <diel>
      <name>The First Commandment</name>
      <id>1-1-5</id>
   </diel>
   <diel>
      <name>Cold Lazarus</name>
      <id>1-1-6</id>
   </diel>
   <diel>
      <name>The Nox</name>
      <id>1-1-7</id>
   </diel>
   <diel>
      <name>Brief Candle</name>
      <id>1-1-8</id>
   </diel>
   <diel>
      <name>Thor's Hammer</name>
      <id>1-1-9</id>
   </diel>
   <diel>
      <name>The Torment of Tantalus</name>
      <id>1-1-10</id>
   </diel>
   <diel>
      <name>Bloodlines</name>
      <id>1-1-11</id>
   </diel>
   <diel>
      <name>Fire and Water</name>
      <id>1-1-12</id>
   </diel>
   <diel>
      <name>Hathor</name>
      <id>1-1-13</id>
   </diel>
   <diel>
      <name>Singularity</name>
      <id>1-1-14</id>
   </diel>
   <diel>
      <name>Cor-Ai</name>
      <id>1-1-15</id>
   </diel>
   <diel>
      <name>Enigma</name>
      <id>1-1-16</id>
   </diel>
   <diel>
      <name>Solitudes</name>
      <id>1-1-17</id>
   </diel>
   <diel>
      <name>Tin Man</name>
      <id>1-1-18</id>
   </diel>
   <diel>
      <name>There But for the Grace of God</name>
      <id>1-1-19</id>
   </diel>
   <diel>
      <name>Politics</name>
      <id>1-1-20</id>
   </diel>
   <diel>
      <name>Within the Serpent's Grasp</name>
      <id>1-1-21</id>
   </diel>
   <diel>
      <name>The Serpent's Lair</name>
      <id>1-2-1</id>
   </diel>
   <diel>
      <name>In the Line of Duty</name>
      <id>1-2-2</id>
   </diel>
   <diel>
      <name>Prisoners</name>
      <id>1-2-3</id>
   </diel>
   <diel>
      <name>The Gamekeeper</name>
      <id>1-2-4</id>
   </diel>
   <diel>
      <name>Need</name>
      <id>1-2-5</id>
   </diel>
   <diel>
      <name>Thor's Chariot</name>
      <id>1-2-6</id>
   </diel>
   <diel>
      <name>Message in a Bottle</name>
      <id>1-2-7</id>
   </diel>
   <diel>
      <name>Family</name>
      <id>1-2-8</id>
   </diel>
   <diel>
      <name>Secrets</name>
      <id>1-2-9</id>
   </diel>
   <diel>
      <name>Bane</name>
      <id>1-2-10</id>
   </diel>
   <diel>
      <name>Tok'ra</name>
      <id>1-2-11</id>
   </diel>
   <diel>
      <name>The Tok'ra</name>
      <id>1-2-12</id>
   </diel>
   <diel>
      <name>Spirits</name>
      <id>1-2-13</id>
   </diel>
   <diel>
      <name>Touchstone</name>
      <id>1-2-14</id>
   </diel>
   <diel>
      <name>A Matter of Time </name>
      <id>1-2-15</id>
   </diel>
   <diel>
      <name>The Fifth Race</name>
      <id>1-2-16</id>
   </diel>
   <diel>
      <name>Holiday</name>
      <id>1-2-17</id>
   </diel>
   <diel>
      <name>Serpent's Song</name>
      <id>1-2-18</id>
   </diel>
   <diel>
      <name>One False Step</name>
      <id>1-2-19</id>
   </diel>
   <diel>
      <name>Show And Tell</name>
      <id>1-2-20</id>
   </diel>
   <diel>
      <name>1969</name>
      <id>1-2-21</id>
   </diel>
   <diel>
      <name>Out of Mind</name>
      <id>1-2-22</id>
   </diel>
   <diel>
      <name>Into The Fire</name>
      <id>1-3-1</id>
   </diel>
   <diel>
      <name>Seth</name>
      <id>1-3-2</id>
   </diel>
   <diel>
      <name>Fair Play</name>
      <id>1-3-3</id>
   </diel>
   <diel>
      <name>Legacy</name>
      <id>1-3-4</id>
   </diel>
   <diel>
      <name>Learning Curve</name>
      <id>1-3-5</id>
   </diel>
   <diel>
      <name>Point Of View</name>
      <id>1-3-6</id>
   </diel>
   <diel>
      <name>Deadman</name>
      <id>1-3-7</id>
   </diel>
   <diel>
      <name>Demons</name>
      <id>1-3-8</id>
   </diel>
   <diel>
      <name>Rules Of Engagement</name>
      <id>1-3-9</id>
   </diel>
   <diel>
      <name>Forever In A Day</name>
      <id>1-3-10</id>
   </diel>
   <diel>
      <name/>
      <id>1-4-1</id>
   </diel>
   <diel>
      <name>The One Where Monica Gets a Roommate</name>
      <id>2-1-1</id>
   </diel>
   <diel>
      <name>The One with Ross's New Girlfriend</name>
      <id>2-2-1</id>
   </diel>
   <diel>
      <name>The One with the Princess Leia Fantasy</name>
      <id>2-3-1</id>
   </diel>
</seria>