<?xml version="1.0" encoding="UTF-8"?>
<Pekaren xmlns:xsi="http://www.w3.org/2001/XMLSchema-instance" xsi:noNamespaceSchemaLocation="data.xsd">
	<nazov>Zdravé pečenie</nazov>
	<Info>
		<rokZalozenia>2010</rokZalozenia>
		<info></info>
	</Info>
	<prevadzka id="Z_01">
		<nazov>V zdravom tele , zdravý duch</nazov>
	<adresa>
		<ulica>Výživná</ulica>
		<cislo>4</cislo>
		<psc>18200</psc>
		<mesto>Honrá dolná</mesto>
	</adresa>
	<Pecivo id="ID_1">
		<nazov>Celozrná kaiserka</nazov>
		<druh>Celozrne</druh>
		<surovina>mlieko</surovina>
		<surovina>vajcia</surovina>
		<surovina>drozdie</surovina>
		<surovina>celozrnná múka</surovina>		
		<surovina>sol</surovina>
	</Pecivo>
	<Pecivo id="ID_2">
		<nazov>Celozrný Chlieb</nazov>
		<druh>Slane</druh>
		<surovina>Voda</surovina>
		<surovina>celozrnná múka</surovina>
		<surovina>Sol</surovina>
		<surovina>Drozdie</surovina>
	</Pecivo>
	<zamestnanci>
		<pekar id="ID_Z1" uvazok="Plny">
			<meno>Jan</meno>
			<priezvisko>Surový</priezvisko>
			<pecivo>ID_1</pecivo>
			<pecivo>ID_2</pecivo>
		</pekar>
		<Upratovac id="ID_Z2" uvazok="Polovicny">
			<meno>Jan</meno>
			<priezvisko>Novák</priezvisko>
		</Upratovac>
	</zamestnanci>
	</prevadzka>
	<prevadzka id="P_02">
		<nazov>Z dobrej pece</nazov>
		<adresa>
			<ulica>Vedlajsia</ulica>
			<cislo>1</cislo>
			<psc>10000</psc>
			<mesto>Brno</mesto>
		</adresa>
		<Pecivo id="ID_03">
			<nazov>Spaldovy chlieb</nazov>
			<druh>Celozrne</druh>
		</Pecivo>
		<Pecivo id="ID_04">
			<nazov>Celozrna kaiserka</nazov>
			<druh>Celozrne</druh>
		</Pecivo>
		<zamestnanci>
			<pekar id="ID_Z3" uvazok="Plny">
				<meno>Zuzana</meno>
				<priezvisko>Slana</priezvisko>
				<pecivo>ID_03</pecivo>
			</pekar>			
		</zamestnanci>
	</prevadzka>
	<prevadzka id="Z_03">
		<nazov>Pracka penazi</nazov>
		<adresa>
			<ulica>Pekna</ulica>
			<cislo>7</cislo>
			<psc>12345</psc>
			<mesto>Poprad</mesto>
		</adresa>
		<Pecivo id="ID_05">
			<nazov>Vzduch v sacku</nazov>
			<druh>Celozrne</druh>
		</Pecivo>
		<zamestnanci>
			<pekar id="ID_Z4" uvazok="Plny">
				<meno>Alojz</meno>
				<priezvisko>Lenivy</priezvisko>
			</pekar>
		</zamestnanci>
	</prevadzka>
</Pekaren>
