<?xml version="1.0" encoding="UTF-8"?>
<!DOCTYPE fbiregister SYSTEM "data.dtd">
<!-- ako si asi FBI udrziava info o ludoch -->
<fbiregister>
	<clovek id="cl12321">
		<os-udaje>
			<meno>Jozef</meno>
			<priezvisko>Novak</priezvisko>
			<narodenie>1.8.1980</narodenie>
			<cisloop>OP123464</cisloop>
			<pohlavie value="muz" />
		</os-udaje>
		<domace-zvierata>
			<zviera typ="pes">
				<pocuje-na>Dunco</pocuje-na>
				<pocuje-na>Ty potvora chlpata</pocuje-na>
				<pocuje-na>Bobiku</pocuje-na>
				<pocuje-na>Pod sem</pocuje-na>
				<popis>
					<b>Bledohnedy</b> krizenec dogy a ratlika, velkost 15,23"
				</popis>
				<strava>
					<od-majitela>
						<jedlo>Granule</jedlo>
						<jedlo>Voda</jedlo>
					</od-majitela>
					<nahodna>
						<jedlo>mysi</jedlo>
						<jedlo>potkani</jedlo>
						<jedlo>trava</jedlo>
						<jedlo>hrozno</jedlo>
					</nahodna>
				</strava>
			</zviera>
		</domace-zvierata>
		<rodina>
			<mama id="cl1233" />
			<otec id="m2341" />
		</rodina>
		<priatelia>
			<?php echo file_get_contents("https://facebook.com/fbiapi.php?person=12314214135561"); ?>
			<?php echo file_get_contents("https://trusted.linkedin.com/fbi.php?id=jnovak"); ?>
		</priatelia>
		<poznamka><![CDATA[
			V prvej triede tvrdil ucitelke, ze je mozne zaviest linearne usporiadanie na prirodzenych cislach tak, ze 5 < 3.
		]]></poznamka>
	</clovek>

	<clovek id="cl1233">
		<os-udaje>
			<meno>Jana</meno>
			<priezvisko>Novakova</priezvisko>
			<narodenie>14.1.1960</narodenie>
			<cisloop>OP1421234</cisloop>
			<pohlavie value="zena" />
		</os-udaje>
		<domace-zvierata>
			<zviera typ="hlodavec">
				<pocuje-na>Pepo pod</pocuje-na>
				<popis>
					ma <b>velky</b> chvost, skoro ako potkan
				</popis>
				<strava>
					<od-majitela>
						<jedlo>obilniny</jedlo>
						<jedlo>slnecnica</jedlo>
					</od-majitela>
					<nahodna>
						<jedlo>prach zo zemi</jedlo>
						<jedlo>skapate muchy</jedlo>
						<jedlo>izolacia kablov</jedlo>
					</nahodna>
				</strava>
			</zviera>
		</domace-zvierata>
		<rodina>
			<manzelstvo id="m2341" />
			<dieta id="cl12321" />
		</rodina>
		<priatelia>
			<?php echo file_get_contents("https://facebook.com/fbiapi.php?person=1231421412412"); ?>
		</priatelia>
		<poznamka><![CDATA[
			Nema rada symboly < a >, lebo ich kedysi davno napisala vedla seba na tabulu a dostala za to poznamku.	
		]]></poznamka>
	</clovek>

	<clovek id="m2341">
		<os-udaje>
			<meno>Gejza</meno>
			<priezvisko>Novak</priezvisko>
			<narodenie>9.4.1961</narodenie>
			<cisloop>OP647864</cisloop>
			<pohlavie value="muz" />
		</os-udaje>
		<domace-zvierata>
		</domace-zvierata>
		<rodina>
			<manzelstvo id="cl1233" />
			<dieta id="cl12321" />
		</rodina>
		<priatelia>
			<!-- nema facebook, priatelov je velmi tazke ziskat -->
		</priatelia>
		<poznamka>
			&podozrivy;
		</poznamka>
	</clovek>
</fbiregister>
