<?xml version="1.0" encoding="UTF-8"?>
<!DOCTYPE MusicDatabase SYSTEM "data.dtd">
<MusicDatabase>
	<Music>
		<!-- Veskera hudba (pisnicky, mluve slovo)-->
		<Songs>
			<?sort alpha-ascending?>
			<!-- zpevaci a skladatele maji reference na sva data pres IDREF -> ID -->
			<song Music_ID="m01" Singer_ID_ref="s01" Composer_ID_ref="c001" Lyric_ID_ref="x1">
				<name>Burn</name>
				<year>2013</year>
				<length>00:03:51</length>
			</song>
			<song Music_ID="m02" Singer_ID_ref="s02" Composer_ID_ref="c006" >
				<name>Trezor</name>
				<year>1964</year>
				<length>00:02:23</length>
			</song>
			<song Music_ID="m03" Singer_ID_ref="s03" Composer_ID_ref="c002" Album_ID_ref="a2">
				<name>Let's Twist Again</name>
				<year>1961</year>
				<length>00:02:16</length>
			</song>
		</Songs>
		<!-- zpevaci a skladatele maji reference na sva data pres IDREF -> ID -->
		<Spokenwords>
			<spokenword Music_ID="m04" Singer_ID_ref="s04" Composer_ID_ref="c004">
				<name>Ptejte se mě na co chcete</name>
				<year>1996</year>
				<length>00:60:00</length>
			</spokenword>
			<spokenword Music_ID="m05" Singer_ID_ref="s05" Composer_ID_ref="c005">
				<name>Jak našli pod borůvkou housličky</name>
				<year>2000</year>
				<length>00:06:34</length>
			</spokenword>
		</Spokenwords>
	</Music>
	<Albums>
		<album Album_ID="a1" Music_ID_ref="m05">
			<name>Jak Křemílek a Vochomůrka hledali až našli</name>
			<year>2000</year>
			<length>00:55:54</length>
			<description/>
		</album>
		<album Album_ID="a2" Music_ID_ref="m03">
			<name>The Best of Chubby Checker: Cameo Parkway 1959-1963</name>
			<year>2005</year>
			<length>00:57:43</length>
			<description/>
		</album>
	</Albums>
	<Authors>
		<!-- Autori (zpevak, skladatel)-->
		<Singers>
			<singer Singer_ID="s01">
				<name>Ellie Goulding</name>
				<age>27</age>
				<birth_name>Elena Jane Goulding</birth_name>
				<birth_date>30-12-1986</birth_date>
				<nationality>United Kingdom</nationality>
				<genres>
					<genre>Indie Pop</genre>
					<genre>Synthpop</genre>
					<genre>Folktronica</genre>
				</genres>
				<labels>
					<label>Neon Gold</label>
					<label>Polydor</label>
					<label>Interscope</label>
				</labels>
				<years_active>2008 - present</years_active>
				<awards>
					<award>VEVOCertified Awards</award>
					<award>BRIT Awards</award>
					<award>MTV Video Music Awards</award>
				</awards>
				<occupations>
					<ocupation><![CDATA[Singer & songwriter]]></ocupation><!-- CDATA -->
					<ocupation>record producer</ocupation>
					<ocupation>actress</ocupation>
				</occupations>
			</singer>
			<singer Singer_ID="s02">
				<name>Karel Gott</name>
				<age>74</age>
				<nationality>Czech Republic</nationality>
				<years_active>1958 - present</years_active>
			</singer>
			<singer Singer_ID="s03">
				<name>Chubby Checker</name>
				<age>72</age>
				<nationality>United States</nationality>
				<years_active>1959 - present</years_active>
			</singer>
			<singer Singer_ID="s04">
				<name>Miroslav Donutil</name>
				<age>63</age>
				<nationality>Czech Republic</nationality>
				<years_active>1958 - present</years_active>
			</singer>
			<singer Singer_ID="s05">
				<name>Jiřina Bohdalová</name>
				<age>82</age>
				<nationality>Czech Republic</nationality>
				<years_active>1937 - present</years_active>
			</singer>
		</Singers>
		<Composers>
			<composer Composer_ID="c001">
				<name>Ryan Tedder</name>
				<age>34</age>
				<nationality>Austria</nationality>
			</composer>
			<composer Composer_ID="c002">
				<name>Kall Man</name>
			</composer>
			<composer Composer_ID="c003">
				<name>Dave Appell</name>
			</composer>
			<composer Composer_ID="c004">
				<name>Miroslav Donutil</name>
			</composer>
			<composer Composer_ID="c005">
				<name>Václav Čtvrtek</name>
				<nationality>Czechoslovakia</nationality>
			</composer>
			<composer Composer_ID="c006">
				<name>Ladislav Štaidl</name>
			</composer>
		</Composers>
	</Authors>
	<MusicStyles>
		<musicstyle MusicStyle_ID="ms0001">
			<name>Synthpop</name>
			<origins>United Kingdom</origins>
			<description/>
		</musicstyle>
		<musicstyle MusicStyle_ID="ms0002">
			<name>Rock and roll</name>
			<origins>United States</origins>
			<description/>
		</musicstyle>
		<musicstyle MusicStyle_ID="ms0003">
			<name>Rock</name>
			<origins>United States</origins>
			<description/>
		</musicstyle>
	</MusicStyles>
	<Producers>
		<producer Producer_ID="p01">
			<name>Greg Kurstin</name>
		</producer>
	</Producers>
	<Lyrics>
		<lyric Lyric_ID="x1">
			We, we don't have to worry bout nothing
			'Cause we got the fire, and we're burning one hell of a something
			They, they gonna see us from outer space, outer space
			Light it up, like we're the stars of the human race, human race
			
			When the lights turned down, they don't know what they heard
			Strike the match, play it loud, giving love to the world
			We'll be raising our hands, shining up to the sky
			'Cause we got the fire, fire, fire, yeah we got the fire fire fire <refren>refren</refren>
			<!-- Smiseny obsah - refren -->			
			
			&refren_01;
			
			We don't wanna leave, no, we just gonna be right now
			And what we see, is everybody's on the floor
			Acting crazy getting loco to the lights out
			Music's on, I'm waking up, we stop the vibe, and we bump it up
			And it's over now, we got the love, there's no secret now, no secret now
			
			When the lights turned down, they don't know what they heard
			Strike the match, play it loud, giving love to the world
			We'll be raising our hands, shining up to the sky
			'Cause we got the fire, fire, fire, yeah we got the fire fire fire
			
			&refren_01;
			
			When the lights turned down, they don't know what they heard
			Strike the match, play it loud, giving love to the world
			
			We gonna let it burn burn burn burn
			Burn burn burn burn
			
			We can light it up up up
			So they can put it out out out
			We can light it up up up
			So they can put it out out out
			We can light it up up up
			So they can put it out out out
			We can light it up up up
			So they can put it out out out
			
			When the lights turned down, they don't know what they heard
			Strike the match, play it loud, giving love to the world
			We'll be raising our hands, shining up to the sky
			'Cause we got the fire, fire, fire, yeah we got the fire fire fire
			
			&refren_01;
			
			When the lights turned down, they don't know what they heard
			Strike the match, play it loud, giving love to the world
			We'll be raising our hands, shining up to the sky
			'Cause we got the fire, fire, fire, yeah we got the fire fire fire
			
			And we gonna let it burn
			
		</lyric>
	</Lyrics>
</MusicDatabase>
