<?xml version="1.0" encoding="UTF-8"?>

<root_element>
<concerts>
<concert  id="id_2" >
	<concertname>MusicNight1</concertname>
	<description>company presents...</description>
	<band>
		<name>Nirvana</name>
		<country>USA</country>
		<manager>Goldberg</manager>
	</band>
	<band>
		<name>Led Zeppelin</name>
		<country>Great Britain</country>
	</band>
	<club id="id_1" pivo="Svijany">Vagon
		<address>
			<street>Narodni</street>
			<number>37</number>
			<city>Praha</city>
		</address>
	</club>
</concert>

<concert id="id_3" >
	<concertname>MusicNight2</concertname>
	<description>company presents...</description>
	<band>
		<name>SKA-P</name>
		<country>Spain</country>
	</band>
	<band>
		<name>Krystof</name>
		<country>Czech Republic</country>
	</band>
	<band>
		<name>Kabat</name>
		<country>Czech Republic</country>
	</band>
	<club id="id_4" pivo="Staropramen">Kain
		<address>
			<street>Konevova</street>
			<number>15</number>
			<city>Praha</city>
		</address>
	</club>
</concert>
</concerts>

<!--obednavky-->
<customers>

<customer>
	<name>Franta Novak</name>
	<address>
		<street>ulice</street>
		<number>5</number>
		<city>Praha</city>		
	</address>
		
	<order concertID="id_3" count="7">	
		<concertname>MusicNight2</concertname>	
		<price>500</price>
	</order>
	
	<order concertID="id_2" count="2">
		<concertname>MusicNight1</concertname>
		<price>500</price>
	</order>
	
</customer>	

<customer>
	<name>Lojza Novak</name>
	<address>
		<street>ulice</street>
		<number>6</number>
		<city>Praha</city>		
	</address>
		
	<order concertID="id_2" count="8">	
		<concertname>MusicNight1</concertname>	
		<price>500</price>
	</order>
	
	<order concertID="id_3" count="3">
		<concertname>MusicNight2</concertname>
		<price>500</price>
	</order>
	
</customer>	

<customer>
	<name>Emil Kvetak</name>
	<address>
		<street>ulice</street>
		<number>7</number>
		<city>Praha</city>		
	</address>
		
	<order concertID="id_2" count="9">	
		<concertname>MusicNight1</concertname>	
		<price>500</price>
	</order>
	
	<order concertID="id_3" count="4">
		<concertname>MusicNight2</concertname>
		<price>500</price>
	</order>
	
</customer>	

<customer>
	<name>Pan Knedlik</name>
	<address>
		<street>ulice</street>
		<number>7</number>
		<city>Praha</city>		
	</address>
		
	<order concertID="id_2" count="9">		
		<concertname>MusicNight1</concertname>
		<price>500</price>
	</order>
	
</customer>	


</customers>

</root_element>
