<?xml version="1.0"?>
<people>
    <persons>
        <person id="p1">
            <name>A B</name>
        </person>
        <person id="p2">
            <name>C D</name>
        </person>
    </persons>
    <diagnosises>
        <diagnosis>
            <by>md1</by>
            <for>p2</for>
            <result>normal</result>
        </diagnosis>
        <diagnosis>
            <by>md2</by>
            <for>p2</for>
            <result>normal</result>
        </diagnosis>
        <diagnosis>
            <by>md3</by>
            <for>p2</for>
            <result>normal</result>
        </diagnosis>
        <diagnosis>
            <by>md1</by>
            <for>p1</for>
            <result>normal</result>
        </diagnosis>
        <diagnosis>
            <by>md2</by>
            <for>p1</for>
            <result>normal</result>
        </diagnosis>
        <diagnosis>
            <by>md3</by>
            <for>p1</for>
            <result>normal</result>
        </diagnosis>
        <diagnosis>
            <by>md4</by>
            <for>p1</for>
            <result>crazy</result>
        </diagnosis>
    </diagnosises>
</people>