<?xml version="1.0" encoding="UTF-8"?>
<rooms>
    <room>
        <name>A</name>
        <persons>
            <person>
                <name>pA</name>
                <age>23</age>
            </person>
            <person>
                <name>pB</name>
                <age>21</age>
            </person>
            <person>
                <name>pC</name>
                <age>25</age>
            </person>
            <person>
                <name>pD</name>
                <age>26</age>
            </person>
            <person>
                <name>pE</name>
                <age>27</age>
            </person>
            <person>
                <name>pF</name>
                <age>22</age>
            </person>
        </persons>
    </room>
    <room>
        <name>B</name>
        <persons>
            <person>
                <name>pG</name>
                <age>23</age>
            </person>
            <person>
                <name>pH</name>
                <age>12</age>
            </person>
            <person>
                <name>pI</name>
                <age>25</age>
            </person>
        </persons>
    </room>
</rooms>