<?xml version="1.0" encoding="UTF-8"?>

<!-- soupis vsech uzivatelu, ktere mame v systemu -->
<uzivatele>
		<uzivatel id="U1">
			<jmeno>Pepa Novák</jmeno>
			<kontakt>
				<email>pepa@seznam.cz</email>
				<telefon>732197722</telefon>
			</kontakt>
		</uzivatel>
		<uzivatel id="U2">
			<jmeno>Jan Vlach</jmeno>
			<kontakt>
				<email>honza12@gmail.com</email>
				<telefon>728726937</telefon>
			</kontakt>
		</uzivatel>
		<uzivatel id="U3">
			<jmeno>Pepa Jandura</jmeno>
			<kontakt>
				<email>pepaJandura@seznam.cz</email>
				<telefon>732432789</telefon>
			</kontakt>
		</uzivatel>
		<uzivatel id="U4">
			<jmeno>Kryštof Osítko</jmeno>
			<kontakt>
				<email>kositko@gmail.com</email>
				<telefon>728745937</telefon>
			</kontakt>
		</uzivatel>
		<uzivatel id="U5">
			<jmeno>Jan Ostřinec</jmeno>
			<kontakt>
				<email>jostrinec@seznam.cz</email>
				<telefon>732145522</telefon>
			</kontakt>
		</uzivatel>
		<uzivatel id="U6">
			<jmeno>Antonín Sova</jmeno>
			<kontakt>
				<email>tondaSova@gmail.com</email>
				<telefon>728729383</telefon>
			</kontakt>
		</uzivatel>
		<uzivatel id="U7">
			<jmeno>Karel Novák</jmeno>
			<kontakt>
				<email>karlik@seznam.cz</email>
				<telefon>737737789</telefon>
			</kontakt>
		</uzivatel>
		<uzivatel id="U8">
			<jmeno>Štěpán Opuchlý</jmeno>
			<kontakt>
				<email>opuchlystepan@seznam.cz</email>
				<telefon>723321937</telefon>
			</kontakt>
		</uzivatel>
		<uzivatel id="U9">
			<jmeno>Jan Odrava</jmeno>
			<kontakt>
				<email>janodrava@seznam.cz</email>
				<telefon>732190522</telefon>
			</kontakt>
		</uzivatel>
		<uzivatel id="U10">
			<jmeno>Karel Marek</jmeno>
			<kontakt>
				<email>karelmarek@gmail.com</email>
				<telefon>648231322</telefon>
			</kontakt>
		</uzivatel>
		<uzivatel id="U11">
			<jmeno>Pavel Omastek</jmeno>
			<kontakt>
				<email>pomastek@seznam.cz</email>
				<telefon>732129022</telefon>
			</kontakt>
		</uzivatel>
</uzivatele>
