<?xml version="1.0" encoding="UTF-8"?>

<uzivatele>
	<uzivatel jmeno="Jan Nedobrota">
		<kontakt email="jnedobrota@gmail.com" telefon="727137333"/>
		<id>U20</id>
	</uzivatel>
	<uzivatel jmeno="Petr Kahoda">
		<kontakt email="peticek@seznam.cz" telefon="723677322"/>
		<id>U21</id>
	</uzivatel>
	<uzivatel jmeno="Tomas Okurka">
		<kontakt email="okurkatomas@portal.cz" telefon="722612342"/>
		<id>U22</id>
	</uzivatel>
	<uzivatel jmeno="Hynek Kovanda">
		<kontakt email="hkovanda@gmail.com" telefon="744673733"/>
		<id>U23</id>
	</uzivatel>


</uzivatele>