<?xml version="1.0" encoding="UTF-8"?>
<!DOCTYPE network SYSTEM "data.dtd">
<!-- the main industrial network is interconnecting distributors, redistributors as well as sellers -->

<?php echo "this is an included processing instruction"; ?>
<network>

	<!-- listing of main distributors having no subcontractors -->
	<company name="BeansDistributor">
		<description turnover="30000" startYear="2001" >
			<CEO>John Americano</CEO>		
		</description>
	</company>
	
	<![CDATA[ <company name="StandaloneDistributor">
		<description turnover="30000" startYear="2001" >
			<CEO>Marek</CEO>		
		</description>
	</company> ]]>

	<company name="FruitDistributor">
		<description turnover="15000" startYear="2001" >
			<CEO>Mark Vltavka</CEO>		
		</description>
	</company>
	
	<company name="GrapeDistributor">
		<description turnover="5000" startYear="2003" >
			<CEO>Leon Van</CEO>		
		</description>
	</company>
	
	<company name="MilkDistributor">
		<description turnover="9000" startYear="2005" >
			<CEO>Milky Way</CEO>		
		</description>
	</company>
	
	<company name="CheeseDistributor">
		<description turnover="11500" startYear="2006" >
			<CEO>Carmel Tyler</CEO>		
		</description>
	</company>
	
	<!-- companies redistributing by using distributors -->
	
	<company name="VegetableDistributor">
		<description turnover="10000" startYear="2010">
			<CEO>Daniel Dupont</CEO>	
		</description>
		<subcontractor productType="Beans" refCompany="BeansDistributor">
			<site town="Ceske Budejovice">
				<deliveryPackage date="2013-08-10">
					<delivery products="YellowBean" units="1000" />	
					<delivery products="GreenBean" units="800" />			
				</deliveryPackage>			
			</site>
			<site> <!-- the default town is there Praha -->
				<deliveryPackage date="2012-08-05">
					<delivery products="GreenBean" units="500" />				
				</deliveryPackage>	
				<deliveryPackage date="2012-09-10">
					<delivery products="YellowBean GreenBean" units="500" />				
				</deliveryPackage>		
			</site>
		</subcontractor>
	</company>

	<company name="FruitCompany">
		<description turnover="50000" startYear="2004">
				<CEO>Leo Lumm</CEO>
		</description>
		<subcontractor productType="VariousFruits" refCompany="FruitDistributor" startContractYear="2005">
				<site town="Plzen">
					<deliveryPackage date="2013-09-10">
						<delivery products="Orange Banana Apple" units="150" />
						<delivery products="Grapefruit" units="50" />					
					</deliveryPackage>
				</site>
		</subcontractor>
	</company>
	
	<?php $v = 2+5*8; ?>
	
	<company name="MilkCompany">
		<description turnover="10000" startYear="2005">
				<CEO>Renaud Dupont</CEO>
		</description>
		<subcontractor productType="Milk" refCompany="MilkDistributor" startContractYear="2005">
				<site town="Plzen">
					<deliveryPackage date="2012-09-10">
						<delivery products="Milk" units="150" />				
					</deliveryPackage>
					<deliveryPackage date="2012-10-10">
						<delivery products="Milk" units="200" />				
					</deliveryPackage>
					<deliveryPackage date="2012-11-10">
						<delivery products="Milk" units="300" />				
					</deliveryPackage>
				</site>
		</subcontractor>
		<subcontractor productType="Cheese" refCompany="CheeseDistributor" startContractYear="2007">
				<site town="Ostrava">
					<deliveryPackage date="2013-09-10">
						<delivery products="Cheese" units="1550" />				
					</deliveryPackage>
					<deliveryPackage date="2013-07-10">
						<delivery products="Cheese" units="2000" />				
					</deliveryPackage>
				</site>
		</subcontractor>
	</company>
	
	<?php echo $v; ?>
	<!-- main seller using main distributors -->
	
	<company name="Seller">
		<description turnover="1800000" startYear="2006">
				<CEO>Steve Marcel</CEO>
		</description>
		<subcontractor productType="Vegetables" refCompany="VegetableDistributor" startContractYear="2007">
				<site town="Plzen">
					<deliveryPackage date="2013-10-10">
						<delivery products="YellowBean" units="1500" />	
					</deliveryPackage>
				</site>
		</subcontractor>
		<subcontractor productType="Fruits" refCompany="FruitCompany" startContractYear="2007">
				<site town="Ostrava">
					<deliveryPackage date="2013-10-15">
						<delivery products="Orange" units="500" />	
					</deliveryPackage>
				</site>
		</subcontractor>
		<subcontractor productType="Grapefruits" refCompany="GrapeDistributor" startContractYear="2005">
				<site town="Ostrava">
					<deliveryPackage date="2013-09-15">
						<delivery products="Grape Grapefruit" units="500" />	
					</deliveryPackage>
					<deliveryPackage date="2013-08-15">
						<delivery products="Grape" units="600" />	
					</deliveryPackage>
				</site>
		</subcontractor>
		<subcontractor productType="Milky" refCompany="MilkCompany" startContractYear="2008">
				<site town="Praha">
					<deliveryPackage date="2013-05-15">
						<delivery products="Milk" units="5000" />	
					</deliveryPackage>
					<deliveryPackage date="2013-08-15">
						<delivery products="Cheese Milk" units="600" />	
					</deliveryPackage>
				</site>
		</subcontractor>
	</company>
	
	<!-- listing of products sold/distributed by companies -->
	
	<product id="Orange" quality="2" />
	<product id="Banana" quality="5" />
	<product id="Apple"  quality="3" />
	<product id="Grape"  quality="7" />
	<product id="Cheese"  quality="7" />
	<product id="Grapefruit"  quality="3" />
	<product id="GreenBean"  quality="6" />
	<product id="YellowBean"  quality="6" />
	
</network>

