<?xml version="1.0" encoding="UTF-8"?>
<!DOCTYPE news SYSTEM "data.dtd">
<news>
    <welcome>
        <!-- instrukce pro zpracovani -->
        <welcomeDate><?php print "Dnes je " . Date("d.m.Y");?></welcomeDate>
        <!-- CDATA SECTION -->
        <script type="text/javascript">
            <![CDATA[document.write("<h1>iDNES.cz</h1>");]]>
        </script>
    </welcome>
    <authorList>
        <author authorId="JanKuzdik">
            <name>
                <first>Jan</first>
                <last>Kužník</last>
            </name>
            <url>http://technet.idnes.cz/novinari.aspx?idnov=759</url>
        </author>
        <author authorId="Profimedia">
        </author>
        <author authorId="iDNES.cz">
        </author>
        <author authorId="RomanVsetecka">
            <name>
                <first>Roman</first>
                <last>Všetečka</last>
            </name>
            <url>http://notebooky.idnes.cz/novinari.aspx?idnov=760</url>
        </author>
        <author authorId="CERN">
        </author>
        <author authorId="MatousLaznovsky" >
            <name>
                <first>Matouš</first>
                <last>Lázňovský</last>
            </name>
            <url>http://technet.idnes.cz/novinari.aspx?idnov=2171</url>
        </author>
    </authorList>
    <articleList status="0" section="tech" category="all" page="0">
        <article articleId="A120224_150823_sw_internet_vse">
            <articleLink>http://technet.idnes.cz/zkuste-si-zalozit-anonymni-e-mail-ktery-se-po-pouziti-sam-zlikviduje-12p-/sw_internet.aspx?c=A120224_150823_sw_internet_vse</articleLink>
            <title>Zkuste si založit anonymní e-mail, který se po použití sám zlikviduje</title>
            <mainPhoto photoId="MBO3b6786_profimedia_0003947752"/>
            <photoGallery>
                <photo photoId="MBO3b6786_profimedia_0003947752">
                    <photoAuthor id="Profimedia"/>
                    <url>http://62.141.13.19/bmi/i.idnes.cz/11/053/cl6/MBO3b6786_profimedia_0003947752.jpg</url>
                    <size>
                        <measurement>&px;</measurement>
                        <height>350</height>
                        <width>275</width>
                    </size>
                    <format>jpg</format>
                    <description>
                    Bezstarostné posílání dat
                    </description>
                </photo>
                <photo photoId="VSE416789_obr_01">
                    <url>http://62.141.13.18/bmi/i.idnes.cz/12/023/cl5/VSE416789_obr_01.jpg</url>
                    <size>
                        <measurement>&px;</measurement>
                        <height>200</height>
                        <width>150</width>
                    </size>
                    <format>jpg</format>
                    <description>
                    Dočasné anonymní e-maily jsou výborným nástrojem pro ochranu vaší soukromé e-mailové adresy, vyžadované pro účely různých registrací
                    </description>
                </photo>
                <photo photoId="VSE416789_obr_02">
                    <url>http://62.141.13.19/bmi/i.idnes.cz/12/023/cl5/VSE416789_obr_02.jpg</url>
                    <size>
                        <measurement>&px;</measurement>
                        <height>200</height>
                        <width>150</width>
                    </size>
                    <format>jpg</format>
                    <description>
                    Pro rychlé vystavení obrázků na internetu si nemusíte vytvářet žádné uživatelské účty a sdělovat své osobní údaje
                    </description>
                </photo>
                <photo photoId="VSE416789_obr_03">
                    <url>http://62.141.13.19/bmi/i.idnes.cz/12/023/cl5/VSE416789_obr_03.jpg</url>
                    <size>
                        <measurement>&px;</measurement>
                        <height>200</height>
                        <width>150</width>
                    </size>
                    <format>jpg</format>
                    <description>
                    Jestliže chcete publikovat svoje myšlenky prostřednictvím internetového blogu, nemusíte si hned zakládat vlastní účet na blogovacím serveru
                    </description>
                </photo>
            </photoGallery>
            <content>
                <abstract>Většina on-line služeb zdržuje před prvním použitím registrací. E-mail, blog i fotografii však můžete na webu zveřejnit rychle i bez udání osobních údajů.</abstract>
                <h1>Autodestrukční e-maily</h1>Snad nejčastěji zadávaným osobním údajem na internetu je e-mail. Pak se nelze divit, že se vaše schránka plní obrovským množstvím zpráv, zasílaných provozovateli služeb, ke kterým jste se pomocí svého e-mailu přihlásili. Pokud si za tímto účelem vytvoříte speciální e-mailovou schránku, získáte jen další službu, ke které si musíte pamatovat přístupové heslo.
                <br/>
            Řešením je používání anonymních e-mailových schránek, které se po splnění svého účelu samy zlikvidují. K jejich vytvoření si samozřejmě nemusíte vytvářet žádný uživatelský účet a obejdete se bez jakýchkoli osobních informací.
            </content>
            <articleAuthor isAnnonymous="true" id="iDNES.cz"/>
            <history>
                <dateOfCreation>
                    <time>12:00+010</time>
                    <day>26</day>
                    <month>2</month>
                    <year>2012</year>
                </dateOfCreation>
                <updateList>
                    <update>
                        <time>14:15+010</time>
                        <day>26</day>
                        <month>2</month>
                        <year>2012</year>
                    </update>
                    <update>
                        <time>16:31+010</time>
                        <day>26</day>
                        <month>2</month>
                        <year>2012</year>
                    </update>
                </updateList>
            </history>
            <numberOfViews>15186</numberOfViews>
            <numberOfReactions>256</numberOfReactions>
            <keyWords>internet technet email online sluzby</keyWords>
        </article>
        <article articleId="A120224_200024_vojenstvi_kuz">
            <articleLink>http://technet.idnes.cz/gottwaldova-mumie-na-vitkove-djl-/tec_reportaze.aspx?c=A120224_200024_vojenstvi_kuz</articleLink>
            <title>
                <prefix>OBRAZEM</prefix>Tohle na vlastní oči už nikdy neuvidíte. Podzemí, kde ležela Gottwaldova mumie
            </title>
            <mainPhoto photoId="KUZ41692e_IMG_7544"/>
            <photoGallery>
                <photo photoId="KUZ41692e_IMG_7544">
                    <photoAuthor id="JanKuzdik"/>
                    <url>http://i.idnes.cz/12/023/cl6/KUZ41692e_IMG_7544.JPG</url>
                    <size>
                        <measurement>&px;</measurement>
                        <height>650</height>
                        <width>400</width>
                    </size>
                    <format>jpg</format>
                    <description>
                    Velín, odkud se ovládala vzduchotechnika a veškeré technické vybavení mauzolea, včetně vytápění, osvětlení apod. Zachovalo se i dobové osvětlení včetně lustru. Celé mauzoleum bylo vybaveno jak vnitřním, tak státním telefonem.
                    </description>
                </photo>
                <photo photoId="KUZ41692e_IMG_7545">
                    <photoAuthor id="JanKuzdik"/>
                    <url>http://i.idnes.cz/12/023/cl6/KUZ41692e_IMG_7545.JPG</url>
                    <size>
                        <measurement>&px;</measurement>
                        <height>650</height>
                        <width>400</width>
                    </size>
                    <format>jpg</format>
                    <description>
                    Smuteční síň s dvojitou stěnou. Sem vyjížděl prosklený sarkofág s mumií prezidenta, aby jej obdivovaly davy pracujících. Stěny jsou obloženy různými druhy leštěného mramoru. Černý pruh na stěně jsou vývody klimatizace. Tato místnost byla při rekonstrukci zcela změněna. Původně se počítalo s tím, že jí bude navrácen vzhled, který navrhl architekt Zázvorka.
                    </description>
                </photo>
                <photo photoId="KUZ41692e_IMG_7546">
                    <photoAuthor id="JanKuzdik"/>
                    <url>http://i.idnes.cz/12/023/cl6/KUZ41692e_IMG_7546.JPG</url>
                    <size>
                        <measurement>&px;</measurement>
                        <height>650</height>
                        <width>400</width>
                    </size>
                    <format>jpg</format>
                    <description>
                    Dveře hermeticky uzavíratelné místnosti, kde bylo chladící zařízení na mumii, byly vyrobeny z dubu a potaženy plechem.
                    </description>
                </photo>
            </photoGallery>
            <content>
                <abstract>Fotoreportáž vás zavede do katakomb, kde ve stísněných podmínkách probíhala údržba mrtvoly prvního dělnického prezidenta Klementa Gottwalda. Laboratoře byly vybaveny nejmodernějšími přístroji a v celém mauzoleu pracovalo několik desítek lidí. Dražší hrob neměl v Evropě nikdo.</abstract>
            V sobotu uplyne 64 let od takzvaného Vítězného února 1948. Tehdy v Československu začala vláda jedné strany v jejímž čele stál Klement Gottwald, známý také jako první dělnický prezident. Právě k tomuto výročí byla na pražském Vítkově otevřena nová expozice přibližující krutá padesátá léta dvacátého století, samotného Gottwalda a jeho mumifikaci. Více si o výstavě Laboratoř moci můžete přečíst přímo na stránkách Národního muzea.
            </content>
            <articleAuthor id="JanKuzdik"/>
            <history>
                <dateOfCreation>
                    <time>18:00+010</time>
                    <day>25</day>
                    <month>2</month>
                    <year>2012</year>
                </dateOfCreation>
                <updateList>
                </updateList>
            </history>
            <numberOfViews>36908</numberOfViews>
            <numberOfReactions>560</numberOfReactions>
            <keyWords>foto unor 1948 klement gottwald delnicky prezident katakomby</keyWords>
        </article>
        <article articleId="A120224_131728_vyrobci_vse">
            <articleLink>http://notebooky.idnes.cz/proview-apple-od-nas-ziskal-nazev-ipad-podfukem-fry-/vyrobci.aspx?c=A120224_131728_vyrobci_vse</articleLink>
            <title>
                <prefix>Proview</prefix>Apple od nás získal název iPad podfukem
            </title>
            <mainPhoto photoId="KRR398894_iPad_2"/>
            <photoGallery>
                <photo photoId="KRR398894_iPad_2">
                    <photoAuthor id="iDNES.cz"/>
                    <url>http://i.idnes.cz/11/031/cl6/KRR398894_iPad_2.jpg</url>
                    <size>
                        <measurement>&px;</measurement>
                        <height>325</height>
                        <width>250</width>
                    </size>
                    <format>jpg</format>
                    <description>
                    iPad 2
                    </description>
                </photo>
            </photoGallery>
            <content>
                <abstract>Soud v americkém státě Kalifornia musí řešit žalobu na firmu Apple. Tu podala tchajwanská firma Proview, která chce zvrátit prodej značky iPad společnosti Apple.</abstract>
            Konkrétně si stěžuje, že společnost Apple založila účelově firmu IP Application Development (IPAD), aby snáze získala název iPad. Právě tato firma totiž v polovině roku zahájila s Proview jednání o koupi názvu iPad a posléze ho i odkoupila. Respektive získala název iPad pro trhy mimo Čínu.
            </content>
            <articleAuthor id="RomanVsetecka"/>
            <history>
                <dateOfCreation>
                    <time>08:00+010</time>
                    <day>25</day>
                    <month>2</month>
                    <year>2012</year>
                </dateOfCreation>
                <updateList>
                    <update>
                        <time>09:48+010</time>
                        <day>25</day>
                        <month>2</month>
                        <year>2012</year>
                    </update>
                </updateList>
            </history>
            <numberOfViews>8974</numberOfViews>
            <numberOfReactions>29</numberOfReactions>
            <keyWords>apple podfuk iPad zaloby cina soud</keyWords>
        </article>
        <article articleId="A120222_233938_veda_mla">
            <articleLink>http://technet.idnes.cz/konec-senzace-neutrina-jsou-pomalejsi-nez-svetlo-chyba-byla-v-hardwaru-1mv-/veda.aspx?c=A120222_233938_veda_mla</articleLink>
            <title>
                <prefix>Konec senzace</prefix>Neutrina jsou pomalejší než světlo. Chyba byla v hardwaru
            </title>
            <mainPhoto photoId="MLA3e5336_NO_TEXT2"/>
            <photoGallery>
                <photo photoId="MLA3e5336_NO_TEXT2">
                    <photoAuthor id="CERN"/>
                    <url>http://i.idnes.cz/11/101/cl6/MLA3e5336_NO_TEXT2.JPG</url>
                    <size>
                        <measurement>&px;</measurement>
                        <height>480</height>
                        <width>400</width>
                    </size>
                    <format>jpg</format>
                    <description>
                    Start pouti. Sedmikilometrový kruhový urychlovač ve středisku CERN u Ženevy vystřeluje protony, ze kterých se uvolňují neutrina mířící do italské observatoře.
                    </description>
                </photo>
            </photoGallery>
            <content>
                <abstract>Podle zpráv časopisu Science se podařilo najít chybu, která vedla k pozorování neutrin rychlejších než světlo. Na vině byla podle časopisu triviální chyba: špatně připojený kabel k počítači propojenému s přijímačem GPS signálu.</abstract>
            Krátká zpráva na stránkách Science (
                <a href="http://news.sciencemag.org/scienceinsider/2012/02/breaking-news-error-undoes-faster.html">zde</a>) zřejmě předznamenává konec největší vědecké senzace minulého roku: pozorování neutrin rychlejších než světlo.
            </content>
            <articleAuthor id="MatousLaznovsky"/>
            <history>
                <dateOfCreation>
                    <time>23:39</time>
                    <day>22</day>
                    <month>2</month>
                    <year>2012</year>
                </dateOfCreation>
                <updateList>
                </updateList>
            </history>
            <numberOfViews>9852</numberOfViews>
            <numberOfReactions>36</numberOfReactions>
            <keyWords>veda science chyba neutrin svetlo</keyWords>
        </article>
        <countAll>4</countAll>
    </articleList>
</news>