<?xml version="1.0" encoding="UTF-8" standalone="no"?><!-- XML II. legie --><legie cislo="II" nazev="Augusta" provincie="Britanie">
	<?c while(true)printf("Roma Victor");?>
	<historie>
		Historie:<podtrzene> II. legie Augusta </podtrzene> se ucastnila <br/> 
		dobivani <tucne>Britanie</tucne> pod vedenim <br/>
		<podtrzene>Tita Flavia Vespasiana</podtrzene>.
	</historie>
	
	<hodnost id="h0"><![CDATA[<b>cisar</b>]]></hodnost>
	<hodnost id="h1">legat</hodnost>
	<hodnost id="h2">tribun</hodnost>
	<hodnost id="h3">centurion</hodnost>
	<hodnost id="h4">legionar</hodnost>
	<hodnost id="h5">nosic standarty</hodnost>
	<hodnost id="h6">prvni tribun</hodnost>
	<hodnost id="h7">optio</hodnost>
	<hodnost id="h8">prefekt t?bora</hodnost>
	<hodnost id="h9">nosic orla</hodnost>
	
	<kohorta cislo="I">
		<centurie cislo="I">
			<vojak hodnost="h1" narodnost="rimska" stav="jezdec">
				<jmeno> <!-- legat II. legie pozdeji cisar -->
					<praenomen>Titus</praenomen>
					<nomen>Flavius</nomen>
					<cognomen>Vespasianus</cognomen>
				</jmeno>
			</vojak>
			
			
			
			
			
			<vojak hodnost="h3" narodnost="rimska">
				<jmeno> <!-- nejlepsi vychodo-rimsky general -->
					<praenomen>Flavius</praenomen>
					<nomen>Belisarius</nomen>
				</jmeno>
			</vojak>
			
			<vojak hodnost="h4" narodnost="helenska">
				<jmeno> <!-- antensky strategos -->
					<praenomen>Nikias</praenomen>
					<nomen>syn Nikeratuv</nomen>
				</jmeno>
			</vojak>
			
		<vojak hodnost="h2" narodnost="rimska" stav="senator"><jmeno><praenomen>Quintus</praenomen><nomen>Fabius</nomen><cognomen>Maximus</cognomen></jmeno></vojak></centurie>
	</kohorta>
</legie>