<?xml version="1.0" encoding="UTF-8" ?>
<!DOCTYPE Receptar SYSTEM "data.dtd">


<Receptar version="1.0">						<!--Data serverov na ktorych su recepty-->
	<server name="www.recepty.sk" pocet_receptov="5000" id="_s1" dlzka_behu="185 &hod;" >
		<slovnik>
			<druh name="Bezmasite pokrmy" pocet_receptov="100">
				<poddruh name="Zeleninove pokrmy" pocet_receptov="20">
					<zlozka name="A" pocet_receptov="3">
						<recept id="_s1_1" cena="100 &mena;" >
							<nazov_receptu>"Andalúzska zeleninová zmes"</nazov_receptu>
							<autor_receptu id="_s1_a1"/>
							<suroviny>
								<surovina>
									<druh_suroviny>
										<názov>zemiaky</názov>
										<stav>čerstvé</stav>
										<energia>
											<prvok id="id_1">
												<davka>
													<dnova>
														<doporucena> <?php echo ($id_1); ?> </doporucena>
													</dnova>
													<aktualna typ="mg">10</aktualna>
												</davka>
											</prvok>
											<prvok id="id_2">
												<davka>
													<dnova>
														<doporucena> <?php echo ($id_2); ?> </doporucena>
													</dnova>
													<aktualna typ="mg">6</aktualna>
												</davka>
											</prvok>
											<prvok id="id_3">
											</prvok>
										</energia>
									</druh_suroviny>
									<množstvo typ="g">150</množstvo>
								</surovina>
							</suroviny>
							<cas_pripravy dlzka="100 &sec;" />
							<text font="Arial" >
Do nádoby s väčším množstvom oleja dáme na kocky pokrájanú cibuľu, zemiaky, baklažán, cuketu,
							tekvicu a podusíme. Pridáme bobkový list, podlejeme vínom, hydinovým vývarom a ďalej dusíme. &br;
							Pridáme rajčinový prírodný pretlak, soľ, mleté čierne korenie, bobkový list.<odkaz id="_s1_1"/>	
							<![CDATA[<Viac informácií nájdete na http://http://www.receptar.sk/]]>				
							</text>
							<energeticka_hodnota typ="J">200</energeticka_hodnota>
							<typ_receptu>polievka</typ_receptu>
							<obrazky_receptu><img src="http://www.xx.yy/img_i1"/></obrazky_receptu>
							<datum_pridania>9.9.2011</datum_pridania>
							<komentare>
								<komentar>
									<autor_komentara id="_s1_a1"/>
									<datum_pridania>10.9.2011</datum_pridania>
									<text_komentara font="Arial">Prosim o ziadost</text_komentara>
								</komentar>
							</komentare>
						</recept>
						<recept id="_s1_2" cena="200 &mena;">
							<nazov_receptu>"Prazenica"</nazov_receptu>
							<autor_receptu id="_s1_ax"/>
							<suroviny>
								<surovina>
									<druh_suroviny>
										<názov>vajce</názov>
										<stav>čerstvé</stav>
										<energia>
											<prvok id="id_1">
												<davka>
													<dnova>
														<doporucena> <?php echo ($id_1); ?> </doporucena>
													</dnova>
													<aktualna typ="mg">10</aktualna>
												</davka>
											</prvok>
										</energia>
									</druh_suroviny>
									<množstvo typ="g">150</množstvo>
								</surovina>
							</suroviny>
							<cas_pripravy dlzka="100 &min;"/>
							<text font="Arial">
							Na panvicu dame vajcia :)<odkaz id="_s1_1"/>						
							</text>
							<energeticka_hodnota typ="J">200</energeticka_hodnota>
							<typ_receptu>Quick lunch</typ_receptu>
							<obrazky_receptu><img src="http://www.xx.yy/img_i2"/></obrazky_receptu>
							<datum_pridania>9.9.2011</datum_pridania>
							<komentare>
								<komentar>
									<autor_komentara id="_s1_a1"/>
									<datum_pridania>10.9.2011</datum_pridania>
									<text_komentara font="Arial">Prosim o ziadost</text_komentara>
								</komentar>
							</komentare>
						</recept>
					</zlozka>
				</poddruh>
			</druh>
		</slovnik>
		<autory>
			<registrovany>
				<autor id="_s1_a1">
					<meno>"JOZO"</meno>
					<kontakt typ="email">jozo@seznam.cz</kontakt>
					<datum_pridania>20.1.1999</datum_pridania>			
					<pocet_receptov>2</pocet_receptov>
				</autor>
			</registrovany>
			<neregistrovany>
				<autor id="_s1_ax">
					<meno>"anonym"</meno>
					<datum_pridania>EMPTY</datum_pridania>
				</autor>
			</neregistrovany>
		</autory>
		<dnesny_datum> <?php 
					    $date= Date("d.m.Y"); 
						echo ($date); ?> </dnesny_datum>
	</server>
	<stopove_prvky>
		<prvok_d id="id_1">
			<name_d>Ca</name_d>
			<doporucena_d typ="mg">10</doporucena_d>
			<nedoporucena_d typ="mg">1000</nedoporucena_d>
		</prvok_d>
		<prvok_d id="id_2">
			<name_d>Mg</name_d>
			<doporucena_d typ="mg">5</doporucena_d>
			<nedoporucena_d typ="mg">500</nedoporucena_d>
		</prvok_d>
		<prvok_d id="id_3">
			<name_d>Na</name_d>
			<doporucena_d typ="mg">10</doporucena_d>
			<nedoporucena_d typ="mg">1500</nedoporucena_d>
		</prvok_d>
	</stopove_prvky>
</Receptar>
