<?xml version="1.0" encoding="utf-8"?>
<!-- korenovy element -->
<videopujcovna>    
    <!-- seznam filmu-->
    <filmy>
        <!-- film 1 -->
        <film fid="1" barevny="true">
            <titul>Vykoupení z věznice Shawshank</titul>
            <rok>1994</rok>
            <zanry>
                <zanr>Drama</zanr>
            </zanry>
            <staty>
                <stat>USA</stat>
            </staty>
            <delka>142 min</delka>
            <rezie>
                <reziser>Frank Darabont</reziser>
            </rezie>
            <herci>
                <herec>Tim Robbins</herec>
                <herec>Morgan Freeman</herec>
                <herec>Bob Gunton</herec>
                <herec>William Sadler</herec>
                <herec>Clancy Brown</herec>
                <!-- ... -->
            </herci>
            <dabing value="cz" />
            <hodnoceni>
				<hodnota>2</hodnota>
				<hodnota>3</hodnota>
				<hodnota>5</hodnota>
            </hodnoceni>
        </film>
        <!-- film 2 -->
        <film fid="2" barevny="true">
            <titul>Forrest Gump</titul>
            <rok>1994</rok>
            <zanry>
                <zanr>Drama</zanr>
                <zanr>Komedie</zanr>
                <zanr>Romantický</zanr>
            </zanry>
            <staty>
                <stat>USA</stat>
            </staty>
            <delka>142 min</delka>
            <rezie>
                <reziser>Robert Zemeckis</reziser>
            </rezie>
            <herci>
                <herec>Tom Hanks</herec>
                <herec>Robin Wright</herec>
                <herec>Gary Sinise</herec>
                <herec>Mykelti Williamson</herec>
                <herec>Sally Field</herec>
                <!-- ... -->
            </herci>
            <dabing value="cz" />
            <hodnoceni>
				<hodnota>1</hodnota>
				<hodnota>2</hodnota>
				<hodnota>3</hodnota>
            </hodnoceni>
        </film>
        <!-- film 3 -->
        <film fid="3" barevny="true">
            <titul>Přelet nad kukaččím hnízdem</titul>
            <rok>1975</rok>
            <zanry>
                <zanr>Drama</zanr>
            </zanry>
            <staty>
                <stat>USA</stat>
            </staty>
            <delka>133 min</delka>
            <rezie>
                <reziser>Milos Forman</reziser>
            </rezie>
            <herci>
                <herec>Jack Nicholson</herec>
                <herec>Louise Fletcher</herec>
                <herec>Michael Berryman</herec>
                <herec>Scatman Crothers</herec>
                <herec>Danny DeVito</herec>
                <!-- ... -->
            </herci>
            <dabing value="en" />
            <hodnoceni>
				<hodnota>2</hodnota>
				<hodnota>5</hodnota>
            </hodnoceni>
        </film>
        <!-- film 4 -->
        <film fid="4" barevny="true">
            <titul>Schindlerův seznam</titul>
            <rok>1993</rok>
            <zanry>
                <zanr>Drama</zanr>
                <zanr>Historický</zanr>
                <zanr>Válečný</zanr>
                <zanr>Životopisný</zanr>
            </zanry>
            <staty>
                <stat>USA</stat>
            </staty>
            <delka>195 min</delka>
            <rezie>
                <reziser>Steven Spielberg</reziser>
            </rezie>
            <herci>
                <herec>Liam Neeson</herec>
                <herec>Ben Kingsley</herec>
                <herec>Ralph Fiennes</herec>
                <herec>Caroline Goodall</herec>
                <herec>Embeth Davidtz</herec>
                <!-- ... -->
            </herci>
            <dabing value="cz" />
            <hodnoceni>
				<hodnota>1</hodnota>
				<hodnota>2</hodnota>
				<hodnota>5</hodnota>
            </hodnoceni>
        </film>
        <!-- film 5 -->
        <film fid="5" barevny="true">
            <titul>Zelená míle</titul>
            <rok>1999</rok>
            <zanry>
                <zanr>Drama</zanr>
                <zanr>Mysteriózní</zanr>
                <zanr>Krimi</zanr>
            </zanry>
            <staty>
                <stat>USA</stat>
            </staty>
            <delka>188 min</delka>
            <rezie>
                <reziser>Frank Darabont</reziser>
            </rezie>
            <herci>
                <herec>Tim Robbins</herec>
                <herec>Morgan Freeman</herec>
                <herec>Bob Gunton</herec>
                <herec>William Sadler</herec>
                <herec>Clancy Brown</herec>
                <!-- ... -->
            </herci>
            <dabing value="cz" />
            <hodnoceni>
				<hodnota>1</hodnota>
				<hodnota>4</hodnota>
				<hodnota>5</hodnota>
            </hodnoceni>
        </film>
        <!-- film 6 -->
        <film fid="6" barevny="true">
            <titul>Something something</titul>
            <rok>1994</rok>
            <zanry>
                <zanr>Drama</zanr>
            </zanry>
            <staty>
                <stat>USA</stat>
            </staty>
            <delka>142 min</delka>
            <rezie>
                <reziser>Frank Darabont</reziser>
            </rezie>
            <herci>
                <herec>Tom Hanks</herec>
                <herec>David Morse</herec>
                <herec>Bonnie Hunt</herec>
                <herec>Michael Clarke Duncan</herec>
                <herec>James Cromwell</herec>
                <!-- ... -->
            </herci>
            <dabing value="en" />
            <hodnoceni>
				<hodnota>3</hodnota>
				<hodnota>4</hodnota>
				<hodnota>5</hodnota>
            </hodnoceni>
        </film>
        <!-- film 7 -->
        <film fid="7" barevny="true">
            <titul>Kmotr</titul>
            <rok>1972</rok>
            <zanry>
                <zanr>Krimi</zanr>
                <zanr>Drama</zanr>
            </zanry>
            <staty>
                <stat>USA</stat>
            </staty>
            <delka>142 min</delka>
            <rezie>
                <reziser>Francis Ford Coppola</reziser>
            </rezie>
            <herci>
                <herec>Marlon Brando</herec>
                <herec>Al Pacino</herec>
                <herec>James Caan</herec>
                <herec>Richard S. Castellano</herec>
                <herec>Robert Duvall</herec>
                <!-- ... -->
            </herci>
            <dabing value="cz" />
            <hodnoceni>
				<hodnota>1</hodnota>
				<hodnota>2</hodnota>
				<hodnota>3</hodnota>
				<hodnota>4</hodnota>
            </hodnoceni>
        </film>
        <!-- film 8 -->
        <film fid="8" barevny="true">
            <titul>Sedm</titul>
            <rok>1995</rok>
            <zanry>
                <zanr>Thriller</zanr>
                <zanr>Krimi</zanr>
                <zanr>Drama</zanr>
                <zanr>Psychologický</zanr>
            </zanry>
            <staty>
                <stat>USA</stat>
            </staty>
            <delka>127 min</delka>
            <rezie>
                <reziser>David Fincher</reziser>
            </rezie>
            <herci>
                <herec>Brad Pitt</herec>
                <herec>Morgan Freeman</herec>
                <herec>Gwyneth Paltrow</herec>
                <herec>R. Lee Ermey</herec>
                <herec>Andrew Kevin Walker</herec>
                <!-- ... -->
            </herci>
            <dabing value="cz" />
            <hodnoceni>
				<hodnota>1</hodnota>
				<hodnota>2</hodnota>
				<hodnota>5</hodnota>
            </hodnoceni>
        </film>
        <!-- film 9 -->
        <film fid="9" barevny="true">
            <titul>Dvanáct rozhněvaných mužů</titul>
            <rok>1957</rok>
            <zanry>
                <zanr>Drama</zanr>
                <zanr>Krimi</zanr>
            </zanry>
            <staty>
                <stat>USA</stat>
            </staty>
            <delka>96 min</delka>
            <rezie>
                <reziser>Sidney Lumet</reziser>
                <reziser>Edward Binns</reziser>
            </rezie>
            <herci>
                <herec>Henry Fonda</herec>
                <herec>John Fiedler</herec>
                <herec>Lee J. Cobb</herec>
                <herec>Ed Begley</herec>
                <herec>E. G. Marshall</herec>
                <!-- ... -->
            </herci>
            <dabing value="en" />
            <hodnoceni>
				<hodnota>1</hodnota>
				<hodnota>3</hodnota>
            </hodnoceni>
        </film>
        <!-- film 10 -->
        <film fid="10" barevny="false">
            <titul>Tenkrát na Západě</titul>
            <rok>1968</rok>
            <zanry>
                <zanr>Western</zanr>
            </zanry>
            <staty>
                <stat>Italie</stat>
                <stat>USA</stat>
            </staty>
            <delka>175 min</delka>
            <rezie>
                <reziser>Sergio Leone</reziser>
            </rezie>
            <herci>
                <herec>Henry Fonda</herec>
                <herec>Claudia Cardinale</herec>
                <herec>Jason Robards</herec>
                <herec>Charles Bronson</herec>
                <herec>Gabriele Ferzetti</herec>
                <!-- ... -->
            </herci>
            <dabing value="cz" />
            <hodnoceni>
				<hodnota>2</hodnota>
				<hodnota>4</hodnota>
				<hodnota>5</hodnota>
            </hodnoceni>
        </film>
        <!-- ... -->
    </filmy>
</videopujcovna>