<?xml version="1.0" encoding="UTF-8"?>
<!DOCTYPE nemocnice SYSTEM  "data.dtd">

<!-- XML reprezentujici nemocnicni zarizeni//-->
<nemocnice>
	<!-- nemocnicni personal//-->
	<personal>
		<zamestnanec externista="ano" typ="doktor" id="png1">
			<jmeno>Petr</jmeno>
			<prijmeni>Novy</prijmeni>
			<odbornost>Gynekologie</odbornost>
		</zamestnanec>
		<zamestnanec externista="ano" typ="sestra" id="pno1">
			<jmeno>Petra</jmeno>
			<prijmeni>Novakova</prijmeni>
			<odbornost>Onkologie</odbornost>
		</zamestnanec>
		<zamestnanec externista="ano" typ="anesteziolog" id="jkg1">
			<jmeno>Jana</jmeno>
			<prijmeni>Kramarova</prijmeni>
			<odbornost>Gynekologie</odbornost>
		</zamestnanec>
		<zamestnanec externista="ne" typ="doktor" id="tmr1">
			<jmeno>Tomas</jmeno>
			<prijmeni>Marny</prijmeni>
			<odbornost>Rentgen</odbornost>
		</zamestnanec>
		<zamestnanec externista="ano" typ="doktor" id="rts1">
			<jmeno>Roman</jmeno>
			<prijmeni>Ticka</prijmeni>
			<odbornost>Sadrovna</odbornost>
		</zamestnanec>
		<zamestnanec externista="ne" typ="doktor" id="pla1">
			<jmeno>Pavel</jmeno>
			<prijmeni>Lampicka</prijmeni>
			<odbornost>ARO</odbornost>
		</zamestnanec>
		<zamestnanec externista="ne" typ="doktor" id="jsj1">
			<jmeno>Jaromir</jmeno>
			<prijmeni>Slava</prijmeni>
			<odbornost>JIP</odbornost>
		</zamestnanec>
		<zamestnanec externista="ano" typ="sestra" id="mmj1">
			<jmeno>Martin</jmeno>
			<prijmeni>Maly</prijmeni>
			<odbornost>JIP</odbornost>
		</zamestnanec>
		<zamestnanec externista="ne" typ="doktor" id="mmj2">
			<jmeno>Marie</jmeno>
			<prijmeni>Mala</prijmeni>
			<odbornost>JIP</odbornost>
		</zamestnanec>
	</personal>
	<!-- pacienti v nemocnci//-->
	<pacienti>
		<pacient pokojID="pkj1" >
			<jmeno>Petr</jmeno>
			<prijmeni>Novy</prijmeni>
			<foto>
				<![CDATA[<a href="http://www.nemocnice.cz/" target="_self"><img scr="./fotos/pacienti/petr_novy.jpg" alt="Petr Novy"></a>]]>
			</foto>
			<datumPrijeti><?php echo Date("dd.mm.YYYY")?></datumPrijeti>
			<!-- XML diagnozy ktere byli diagnostikovany pacientovi //-->
			<diagnozy>
				<diagnoza>
					<nazevLatinsky>Appendix</nazevLatinsky>
					<nazevCZ>Zanet slepeho streva.</nazevCZ>
					<popis>Lehky zanet.</popis>
				</diagnoza>
			</diagnozy>
			<adresa>
				<trvaleBydliste />
				<mesto>Praha</mesto>
				<psc>10001</psc>
				<ulice>Prazska</ulice>
				<email>p.novy@email.cz</email>
				<telefon>345789012</telefon>
				<telefon>777000999</telefon>
			</adresa>
			<!-- XML seznam operaci provedenych pacientovi //-->
			<operace>
				<oper cas="1.2.2000 10:20">
					<!-- XML nemocnicni personal ktery se ucastnil operace//-->
					<personalPriOperaci>
						<personalPriOperaciID id="png1" poznamka="vedouci" />
					</personalPriOperaci>
					<salID id="s1" />
					<!-- XML instrumenty pouzite pri operaci//-->
					<instrumenty>
						<instrument pocet="5">
							<nazev>Skalpel</nazev>
							<kod>sk</kod>
						</instrument>
						<instrument pocet="10">
							<nazev>Gaza</nazev>
							<kod>gz</kod>
						</instrument>
						<instrument pocet="1">
							<nazev>Defibrilator</nazev>
							<kod>def</kod>
						</instrument>
						<instrument pocet="4">
							<nazev>Svorka</nazev>
							<kod>sv</kod>
						</instrument>
						<instrument pocet="7">
							<nazev>Injekcni strikacka</nazev>
							<kod>intrav</kod>
						</instrument>
						<instrument pocet="2">
							<nazev>Dlato</nazev>
							<kod>dl</kod>
						</instrument>
						<instrument pocet="1">
							<nazev>Vrtacka</nazev>
							<kod>vrt</kod>
						</instrument>
						<instrument pocet="1">
							<nazev>Odsavacka</nazev>
							<kod>ods</kod>
						</instrument>
						<instrument pocet="2">
							<nazev>Jehla</nazev>
							<kod>jh</kod>
						</instrument>
						<instrument pocet="2">
							<nazev>Sici nit 0,4</nazev>
							<kod>sn04</kod>
						</instrument>
						<instrument pocet="3">
							<nazev>Desinfekce</nazev>
							<kod>des</kod>
						</instrument>
					</instrumenty>
					<poznamka>
						Opraci vedl <personalPriOperaciID id="png1" /> &uspesna;
					</poznamka>
				</oper>
			</operace>
			<!-- XML leky podane pacientovi//-->
			<leky>
				<lek nazev="Ibalgin" mnozstvi="5" />
			</leky>
		</pacient>
		<pacient pokojID="pkj2" >
			<jmeno>Tomas</jmeno>
			<prijmeni>Ulman</prijmeni>
			<datumPrijeti><?php echo Date("dd.mm.YYYY")?></datumPrijeti>
			<!-- XML diagnozy ktere byli diagnostikovany pacientovi //-->
			<diagnozy>
				<diagnoza>
					<nazevLatinsky>Commotio cerebri.</nazevLatinsky>
					<nazevCZ>Otres mozku.</nazevCZ>
					<popis>Pad z kola</popis>
				</diagnoza>
				<diagnoza>
					<nazevLatinsky>Nausea</nazevLatinsky>
					<nazevCZ>Nevolnost</nazevCZ>
					<popis>Motani hlavy, zvraceni.</popis>
				</diagnoza>
			</diagnozy>
			<adresa>
				<mesto>Mnichov</mesto>
				<psc>12345</psc>
				<ulice>Arabella Strasse</ulice>
				<email>ulman@deustchland.de</email>
				<telefon>123456789</telefon>
				<telefon>987654321</telefon>
			</adresa>
			<!-- XML seznam operaci provedenych pacientovi //-->
			<operace>
				<oper cas="5.5.2000 0:20">
					<!-- XML nemocnicni personal ktery se ucastnil operace//-->
					<personalPriOperaci>
						<personalPriOperaciID id="png1" poznamka="vedouci" />
						<personalPriOperaciID id="pno1"  />
						<personalPriOperaciID id="tmr1" />
						<personalPriOperaciID id="jsj1" />
						<personalPriOperaciID id="mmj1" />
					</personalPriOperaci>
					<salID id="s2" />
					<!-- XML instrumenty pouzite pri operaci//-->
					<instrumenty>
						<instrument pocet="5">
							<nazev>Skalpel</nazev>
							<kod>sk</kod>
						</instrument>
						<instrument pocet="10">
							<nazev>Gaza</nazev>
							<kod>gz</kod>
						</instrument>
						<instrument pocet="1">
							<nazev>Defibrilator</nazev>
							<kod>def</kod>
						</instrument>
						<instrument pocet="4">
							<nazev>Svorka</nazev>
							<kod>sv</kod>
						</instrument>
					</instrumenty>
				</oper>
			</operace>
			<!-- XML leky podane pacientovi//-->
			<leky>
				<lek nazev="Ibalgin" mnozstvi="2" />
				<lek nazev="Metylalkohol" mnozstvi="1" />
				<lek nazev="Reasec" mnozstvi="3" />
				<lek nazev="Heparin" mnozstvi="8" />
			</leky>
		</pacient>
		<pacient pokojID="pkj1" >
			<jmeno>Anna</jmeno>
			<prijmeni>Chladna</prijmeni>
			<foto>
				<![CDATA[<a href="http://www.nemocnice.cz/" target="_self"><img scr="./fotos/pacienti/anna_chladna.jpg" alt="Anna Chladna"></a>]]>
			</foto>
			<datumPrijeti><?php echo Date("dd.mm.YYYY")?></datumPrijeti>
			<!-- XML diagnozy ktere byli diagnostikovany pacientovi //-->
			<diagnozy>
				<diagnoza>
					<nazevLatinsky>Anemie</nazevLatinsky>
					<nazevCZ>Chudokrevnost</nazevCZ>
					<popis>Malo zeleza.</popis>
				</diagnoza>
			</diagnozy>
			<adresa>
				<trvaleBydliste />
				<mesto>Golcuv Jenikov</mesto>
				<psc>23658</psc>
				<ulice>Svetla</ulice>
				<email>channa@gj.cz</email>
				<telefon>565898454</telefon>
			</adresa>
			<!-- XML seznam operaci provedenych pacientovi //-->
			<operace>
			</operace>
			<!-- XML leky podane pacientovi//-->
			<leky>
				<lek nazev="Hemoglobin" mnozstvi="5" />
			</leky>
		</pacient>
		<pacient pokojID="pkj1" >
			<jmeno>Jarmil</jmeno>
			<prijmeni>Kreveta</prijmeni>
			<datumPrijeti><?php echo Date("dd.mm.YYYY")?></datumPrijeti>
			<!-- XML diagnozy ktere byli diagnostikovany pacientovi //-->
			<diagnozy>
				<diagnoza>
					<nazevLatinsky>Scoliosa</nazevLatinsky>
					<nazevCZ>Kriva pater.</nazevCZ>
					<popis>Vrozena vada.</popis>
				</diagnoza>
			</diagnozy>
			<adresa>
				<trvaleBydliste />
				<mesto>Oknov</mesto>
				<psc>23625</psc>
				<ulice>Lampova</ulice>
				<telefon>326598147</telefon>
			</adresa>
			<!-- XML seznam operaci provedenych pacientovi //-->
			<operace>
				<oper cas="6.2.2000 20:20">
					<!-- XML nemocnicni personal ktery se ucastnil operace//-->
					<personalPriOperaci>
						<personalPriOperaciID id="png1" poznamka="vedouci" />
					</personalPriOperaci>
					<salID id="s1" />
					<!-- XML instrumenty pouzite pri operaci//-->
					<instrumenty>
						<instrument pocet="1">
							<nazev>Odsavacka</nazev>
							<kod>ods</kod>
						</instrument>
						<instrument pocet="2">
							<nazev>Jehla</nazev>
							<kod>jh</kod>
						</instrument>
						<instrument pocet="2">
							<nazev>Sici nit 0,4</nazev>
							<kod>sn04</kod>
						</instrument>
						<instrument pocet="3">
							<nazev>Desinfekce</nazev>
							<kod>des</kod>
						</instrument>
					</instrumenty>
					<poznamka>
						Opraci vedl <personalPriOperaciID id="png1" /> &uspesna;
					</poznamka>
				</oper>
				<oper cas="7.2.2000 10:50">
					<!-- XML nemocnicni personal ktery se ucastnil operace//-->
					<personalPriOperaci>
						<personalPriOperaciID id="png1" poznamka="vedouci" />
						<personalPriOperaciID id="mmj1" />
						<personalPriOperaciID id="mmj2" />
					</personalPriOperaci>
					<salID id="s1" />
					<!-- XML instrumenty pouzite pri operaci//-->
					<instrumenty>
						<instrument pocet="1">
							<nazev>Odsavacka</nazev>
							<kod>ods</kod>
						</instrument>
						<instrument pocet="2">
							<nazev>Jehla</nazev>
							<kod>jh</kod>
						</instrument>
						<instrument pocet="2">
							<nazev>Sici nit 0,4</nazev>
							<kod>sn04</kod>
						</instrument>
						<instrument pocet="3">
							<nazev>Desinfekce</nazev>
							<kod>des</kod>
						</instrument>
					</instrumenty>
					<poznamka>
						Opraci vedl <personalPriOperaciID id="png1" /> &uspesna;
						Stehy jsou samovstrebavaci.
					</poznamka>
				</oper>
			</operace>
			<!-- XML leky podane pacientovi//-->
			<leky>
				<lek nazev="Ibalgin" mnozstvi="5" />
			</leky>
		</pacient>
	</pacienti>
	<!-- XML seznam mistnosti v nemocnici //-->
	<mistnosti>
		<!-- XML nemocnicni pokoje //-->
		<pokoje>
			<pokoj id="pkj1">
				<budova>B1</budova>
				<patro>1</patro>
				<cislo>103</cislo>
				<kapacita>3</kapacita>
				<oddeleni>Interna</oddeleni>
				<poverenaOsoba>Irena Dvorska</poverenaOsoba>
			</pokoj>
			<pokoj id="pkj2">
				<budova>B1</budova>
				<patro>1</patro>
				<cislo>105</cislo>
				<kapacita>1</kapacita>
				<oddeleni>Interna</oddeleni>
				<poverenaOsoba>Irena Dvorska</poverenaOsoba>
			</pokoj>
			<pokoj id="pkj3">
				<budova>B1</budova>
				<patro>1</patro>
				<cislo>104</cislo>
				<kapacita>4</kapacita>
				<oddeleni>JIP</oddeleni>
				<poverenaOsoba>Petr Parler</poverenaOsoba>
			</pokoj>
			<pokoj id="pkj4">
				<budova>B1</budova>
				<patro>2</patro>
				<cislo>202</cislo>
				<kapacita>5</kapacita>
				<oddeleni>Interna</oddeleni>
				<poverenaOsoba>Irena Dvorska</poverenaOsoba>
			</pokoj>
			<pokoj id="pkj5">
				<budova>B1</budova>
				<patro>2</patro>
				<cislo>203</cislo>
				<kapacita>6</kapacita>
				<oddeleni>Aro</oddeleni>
				<poverenaOsoba>Irena Dvorska</poverenaOsoba>
			</pokoj>
			<pokoj id="pkj6">
				<budova>B2</budova>
				<patro>3</patro>
				<cislo>206</cislo>
				<kapacita>2</kapacita>
				<oddeleni>Gynekologie</oddeleni>
				<poverenaOsoba>Jana mala</poverenaOsoba>
			</pokoj>
		</pokoje>
		<!-- XML operacni saly//-->
		<saly>
			<sal id="s1">
				<vedouciID id="png1" />
				<nazevSalu>Prvni sal</nazevSalu>
			</sal>
			<sal id="s2">
				<vedouciID id="png1" />
				<nazevSalu>Druhy sal</nazevSalu>
			</sal>
			<sal id="s3">
				<vedouciID id="jsj1" />
				<nazevSalu>Treti sal</nazevSalu>
			</sal>
		</saly>
	</mistnosti>
</nemocnice>