<?xml version="1.0" encoding="UTF-8"?>
<tovarna xmlns:xsi="http://www.w3.org/2001/XMLSchema-instance" xsi:noNamespaceSchemaLocation="data.xsd">
	<vyrobky>
		<cokolada id="CH101">
			<jmeno>Extra cokoladova cokolada</jmeno>
			<typ>horka</typ>
			<hmotnost value="100"/>
			<slozeni podilkakaa="101">
				<slozka hmotnost="101">cokolada</slozka>
				<slozka hmotnost="-1">antigravitacni prisada</slozka>
			</slozeni>
			<cena>
				<vyroba value="712"/>
				<maloobchodni value="999"/>
				<velkoobchodni value="845"/>
			</cena>
		</cokolada>
		<cokolada id="CB25">
			<jmeno>Byla cokolada</jmeno>
			<typ>bila</typ>
			<hmotnost value="100"/>
			<slozeni podilkakaa="25">
				<slozka>cukr</slozka>
				<slozka>kakaove maslo</slozka>
				<slozka>susene odstredene mleko</slozka>
				<slozka>susena syrovatka</slozka>
				<slozka>mlecny tuk</slozka>
				<slozka>emulgator (sojovy lecitin)</slozka>
				<slozka>aroma</slozka>
			</slozeni>
			<cena>
				<vyroba value="10"/>
				<maloobchodni value="25"/>
				<velkoobchodni value="20"/>
			</cena>
		</cokolada>
		<cokolada id="CM00">
			<jmeno>Hnusna cokolada</jmeno>
			<typ>mlecna</typ>
			<hmotnost value="500"/>
			<slozeni podilkakaa="0">
				<slozka hmotnost="100">cukr</slozka>
				<slozka>univerzalni hnede barvivo E12345</slozka>
				<slozka hmotnost="50">brouci</slozka>
				<slozka hmotnost="200">rostlinny tuk</slozka>
			</slozeni>
			<cena>
				<vyroba value="1"/>
				<maloobchodni value="79"/>
				<velkoobchodni value="65"/>
			</cena>
		</cokolada>
		<rum id="RA40">
			<jmeno>Nejlepsi rum</jmeno>
			<objem value="0.5"/>
			<objemalkoholu value="40"/>
			<cena>
				<vyroba value="45"/>
				<maloobchodni value="1999"/>
				<velkoobchodni value="1600"/>
			</cena>
		</rum>
		<rum id="RZ35">
			<jmeno>Rhum</jmeno>
			<objem value="0.45"/>
			<objemalkoholu value="35"/>
			<cena>
				<vyroba value="50"/>
				<maloobchodni value="30"/>
				<velkoobchodni value="40"/>
			</cena>
		</rum>
	</vyrobky>
	<odberatele>
		<odberatel>
			<nazev>Cokolada pro vsechny a.s.</nazev>
			<kontakt>
				<mesto>Cokoland</mesto>
				<ulice>Cokoladova</ulice>
				<cislopopisne>1</cislopopisne>
				<PSC>12345</PSC>
				<stat>Cokoladov</stat>
				<telefon>265625898</telefon>
				<email>cokolada@cokolada.coko</email>
				<email>mnam@cokolada.coko</email>
			</kontakt>
			<odber>
				<polozka id="CB25" mnozstvi="1000"/>
				<polozka id="CH101" mnozstvi="100"/>
				<polozka id="CM00" mnozstvi="5"/>
			</odber>
		</odberatel>
		<odberatel>
			<nazev>Nabytek s.r.o.</nazev>
			<kontakt>
				<mesto>Nezname</mesto>
				<ulice>Takova ta dlouha</ulice>
				<cislopopisne>12345</cislopopisne>
				<cisloorientacni>9</cisloorientacni>
				<PSC>99900</PSC>
				<stat>KLDR</stat>
				<telefon>143668575</telefon>
				<email>tento.email@je.neplatny.kp</email>
			</kontakt>
			<odber>
				<polozka id="CH101" mnozstvi="1"/>
				<polozka id="RA40" mnozstvi="3"/>
			</odber>
		</odberatel>
	</odberatele>
</tovarna>
