<?xml version="1.0" encoding="UTF-8"?>
<?xml-stylesheet type="text/xsl" href="data.xsl"?>
<knihovna>
 <knihy>
  <kniha id="kn-jr">
   <rok>1980</rok>
   <autor>Umberto Eco</autor>
   <nazev>Jmeno ruze</nazev>
   <komentar autor="Anton Ego">
    Kdokoliv, kdo to necetl, je idiot, a zaslouzi toliko pohrdani.
   </komentar>
  </kniha>
  <kniha id="kn-bau">
   <rok>2000</rok>
   <autor>Umberto Eco</autor>
   <nazev>Baudolino</nazev>
  </kniha>
  <kniha id="kn-pena">
   <autor>Boris Vian</autor>
   <nazev>Pena dni</nazev>
   <komentar autor="Alenka">
    Ach, jak dojemne!
   </komentar>
   <komentar autor="Jindra">
    U tehle knizky jsem se nebal plakat. Zvlast kdyz (spoiler!)
    se zabijela ta mys.
   </komentar>
   <komentar autor="Jenda">
    What? :-D
   </komentar>
  </kniha>
 </knihy>
 <exemplare>
  <exemplar kniha="kn-jr" status="vypujcene">
   <rok>2006</rok>
   <ziskan>2008-10-23</ziskan>
  </exemplar>
 </exemplare>
</knihovna>
