<?xml version="1.0" encoding="UTF-8"?>
<?xml-stylesheet type="type" href="uri" ?>
<!DOCTYPE databaze-desek SYSTEM "data.dtd">

<databaze-desek>
	<artist typ="skupina" id="0294893">
		<jmeno> Red Hot Chili Peppers </jmeno>
		<deska vydano="26/09/2011" did="id_rhcp2011">
			<nazev>I'm with You &stav;</nazev>
			<rok>2011</rok>
			<zanr>Funk rock</zanr>
			<seznam-skladeb>
				<skladba cislo="1">Monarchy of Roses
					<delka>4:12</delka>
				</skladba>
				<skladba cislo="2">Factory of Faith
					<delka>4:20</delka>
				</skladba>
				<skladba cislo="3">Brendan's Death Song
					<delka>5:38</delka>
				</skladba>
				<skladba cislo="4">Ethiopia
					<delka>3:50</delka>
				</skladba>
				<skladba cislo="5">Annie Wants a Baby
					<delka>3:40</delka>
				</skladba>
				<skladba cislo="6">Look Around
					<delka>3:28</delka>
				</skladba>
				<skladba cislo="7">The Adventures of Rain Dance Maggie
					<delka>4:42</delka>
				</skladba>
				<skladba cislo="8">Did I Let You Know
					<delka>4:21</delka>
				</skladba>
				<skladba cislo="9">Goodbye Hooray
					<delka>3:52</delka>
				</skladba>
				<skladba cislo="10">Happiness Loves Company
					<delka>3:33</delka>
				</skladba>
				<skladba cislo="11">Police Station
					<delka>5:35</delka>
				</skladba>
				<skladba cislo="12">Even You Brutus?
					<delka>4:01</delka>
				</skladba>
				<skladba cislo="13">Meet Me at the Corner
					<delka>4:21</delka>
				</skladba>
				<skladba cislo="14">Dance, Dance, Dance
					<delka>3:45</delka>
				</skladba>
			</seznam-skladeb>
			<label>Warner Bros</label>
			<producent>Rick Rubin</producent>
			<recenze><![CDATA[The 10th Red Hot Chili Peppers album opens in chaos: the primordial rumblings of a band tuning up for a jam, perhaps for its first in a long time. You can almost see singer Anthony Kiedis standing in the corner, shirtlessly waiting to leap into the fray. The noise blooms into a Californicatin' disco inferno called "Monarchy of Roses," where Kiedis wonders, "Do you like it rough, I ask/And are you up to task?" He could be singing to himself. I'm With You finds a mighty band in a scary new role: underdog.]]></recenze>

		</deska>
		<deska vydano="08/06/1999" did="id_rhcp1999">
			<nazev>Californication</nazev>
			<rok>1999</rok>
			<zanr>Funk rock</zanr>
			<seznam-skladeb>
				<skladba cislo="1">Around the World
					<delka>3:58</delka>
				</skladba>
				<skladba cislo="2">Parallel Universe
					<delka>4:30</delka>
				</skladba>
				<skladba cislo="3">Scar Tissue
					<delka>3:37</delka>
				</skladba>
				<skladba cislo="4">Otherside
					<delka>4:15</delka>
				</skladba>
				<skladba cislo="5">Get on Top
					<delka>3:18</delka>
				</skladba>
				<skladba cislo="6">Californication
					<delka>5:21</delka>
				</skladba>
				<skladba cislo="7">Easily
					<delka>3:51</delka>
				</skladba>
				<skladba cislo="8">Porcelain
					<delka>2:43</delka>
				</skladba>
				<skladba cislo="9">Emit Remmus
					<delka>4:00</delka>
				</skladba>
				<skladba cislo="10">I Like Dirt
					<delka>2:37</delka>
				</skladba>
				<skladba cislo="3:45">The Velvet Glove
					<delka>5:35</delka>
				</skladba>
				<skladba cislo="12">Savior
					<delka>4:52</delka>
				</skladba>
				<skladba cislo="13">Purple Stain
					<delka>4:13</delka>
				</skladba>
				<skladba cislo="14">Right On Time
					<delka>1:52</delka>
				</skladba>
				<skladba cislo="15">Road Trippin'
					<delka>3:25</delka>
				</skladba>					
			</seznam-skladeb>
			<label>Warner Bros</label>
			<producent>Rick Rubin</producent>
			<recenze><![CDATA[Californication je funk-rockové album skupiny Red Hot Chili Peppers. Taktéž i jedna píseň na onom albu. Album Californications je částečným návratem ke kořenům Red Hot Chili Peppers. Po méně úspěšném One Hot Minute se vrátil John Frusciante, vystřídal Davea Navarra a se skupinou v roce 1999 nahrál desku, která znamenala jejich znovuvzkříšení.Nejúspěšnějšími skladbami se staly Scar Tissue, Otherside a Californication.]]></recenze>

		</deska>
		<ceny did_ref="id_rhcp1999" >
			<zlata-deska></zlata-deska>
			
		</ceny>
	</artist>
	
	<artist typ="skupina" id="3847924">
		<jmeno> The Rolling Stones </jmeno>
		<deska vydano="23/04/1976" did="id_rls1976">
			<nazev>Black and Blue</nazev>
			<rok>1976</rok>
			<zanr>Rock</zanr>
			<seznam-skladeb>
				<skladba cislo="1">Hot Stuff
					<delka>5:20</delka>
				</skladba>
				<skladba cislo="2">Hand Of Fate
					<delka>4:28</delka>
				</skladba>
				<skladba cislo="3">Cherry Oh Baby
					<delka>3:53</delka>
				</skladba>
				<skladba cislo="4">Memory Motel
					<delka>7:07</delka>
				</skladba>
				<skladba cislo="5">Hey Negrita
					<delka>4:58</delka>
				</skladba>
				<skladba cislo="6">Melody
					<delka>5:47</delka>
				</skladba>
				<skladba cislo="7">TFool to Cry
					<delka>5:04</delka>
				</skladba>
				<skladba cislo="8">Crazy Mama
					<delka>4:34</delka>
				</skladba>
			</seznam-skladeb>
			<label>	Rolling Stones Records</label>
			<producent>The Glimmer Twins</producent>
			<recenze><![CDATA[Black and Blue je album The Rolling Stones vydané v roce 1976 a poprvé se na něm objevuje kytarista Ron Wood, který nahradil Micka Taylora.]]></recenze>
		</deska>
		<ceny did_ref="id_rls1976" >
			<zlata-deska></zlata-deska>
		</ceny>
	</artist>

	<artist typ="zpevak" id="00947384">
		<jmeno> Jimi Hendrix </jmeno>
		<deska vydano="12/05/1987" did="id_jihn1987">
			<nazev>Are You Experienced</nazev>
			<rok>1987</rok>
			<zanr>psychedelic rock</zanr>
			<seznam-skladeb>
				<skladba cislo="1">Foxy Lady
					<delka>3:22</delka>
				</skladba>
				<skladba cislo="2">Manic Depression
					<delka>3:46</delka>
				</skladba>
				<skladba cislo="3">Red House
					<delka>3:43</delka>
				</skladba>
				<skladba cislo="4">Can You See Me
					<delka>2:35</delka>
				</skladba>
				<skladba cislo="5">Love or Confusion
					<delka>3:17</delka>
				</skladba>
			</seznam-skladeb>
			<producent>Chas Chandler</producent>
		</deska>
		<ceny did_ref="id_jihn1987" >
			<platinova-deska></platinova-deska>
		</ceny>
	</artist>
	
	<artist typ="zpevak" id="9395773">
		<jmeno> Bob Dylan </jmeno>
		<deska vydano="10/09/1990" did="id_bd1990">
			<nazev>Under the Red Sky</nazev>
			<rok>1990</rok>
			<zanr>folk rock</zanr>
			<seznam-skladeb>
				<skladba cislo="1">Wiggle Wiggle
					<delka>2:09</delka>
				</skladba>
				<skladba cislo="2">Under the Red Sky
					<delka>4:09</delka>
				</skladba>
				<skladba cislo="3">Unbelievable
					<delka>4:06</delka>
				</skladba>
				<skladba cislo="4">Born in Time
					<delka>3:39</delka>
				</skladba>
				<skladba cislo="5">TV Talkin' Song
					<delka>3:02</delka>
				</skladba>
				<skladba cislo="6">10,000 Men
					<delka>4:21</delka>
				</skladba>
				<skladba cislo="7">2 X 2
					<delka>3:36</delka>
				</skladba>
				<skladba cislo="8">God Knows
					<delka>3:02</delka>
				</skladba>
				<skladba cislo="9">Handy Dandy
					<delka>4:03</delka>
				</skladba>
				<skladba cislo="10">Cat's in the Well
					<delka>3:21</delka>
				</skladba>
			</seznam-skladeb>
			<label>Columbia</label>
			<producent>	Don Was</producent>
			<recenze><![CDATA[Under the Red Sky je 27. studiové album amerického písničkáře Boba Dylana, vydané v roce 1990 u Columbia Records. Na albu se podílelo mnoho hudebníků, mezi nejznámější patří Elton John, David Crosby, Slash nebo Stevie Ray Vaughan.]]></recenze>

		</deska>
	</artist>
	
	<artist typ="zpevacka" id="5436002">
		<jmeno> Madonna </jmeno>
		<deska vydano="18/09/2000" did="id_mnn2000">
			<nazev>Music</nazev>
			<rok>2000</rok>
			<zanr>pop</zanr>
			<seznam-skladeb>
				<skladba cislo="1">Music
					<delka>3:44</delka>
				</skladba>
				<skladba cislo="2">Impressive Instant
					<delka>3:37</delka>
				</skladba>
				<skladba cislo="3">Runaway Lover
					<delka>4:46</delka>
				</skladba>
				<skladba cislo="4">I Deserve It
					<delka>4:23</delka>
				</skladba>
				<skladba cislo="5">Amazing
					<delka>3:43</delka>
				</skladba>
				<skladba cislo="6">Nobody's Perfect
					<delka>4:58</delka>
				</skladba>
				<skladba cislo="7">Don't Tell Me
					<delka>4:40</delka>
				</skladba>
				<skladba cislo="8">What It Feels Like for a Girl
					<delka>4:43</delka>
				</skladba>
				<skladba cislo="9">Paradies (Not for Me)
					<delka>6:33</delka>
				</skladba>
				<skladba cislo="10">Gone
					<delka>3:24</delka>
				</skladba>
			</seznam-skladeb>
			<label>Maverick</label>
			<producent>	Madonna</producent>
		</deska>
		<ceny did_ref="id_mnn2000" >
			<platinova-deska></platinova-deska>
		</ceny>
	</artist>
	
</databaze-desek>