<?xml version="1.0" encoding="UTF-8"?>



<!--Sample XML file generated by XMLSpy v2012 rel. 2 (x64) (http://www.altova.com)-->
<jazykovy_kurz xmlns:xsi="http://www.w3.org/2001/XMLSchema-instance" id="ID_1" xsi:noNamespaceSchemaLocation="data.xsd">
	<jazyk uroven="zacatecnik">aj</jazyk>		
	<vyucujici id="ID_2">
		<titul>Ing. </titul>
		<jmeno>Martin</jmeno>
		<prijmeni>Guma</prijmeni>
		<email>guma@gmail.com</email>
	</vyucujici>
	<ucebna>3</ucebna>
	<budova>L</budova>
		<student id="ID_3" kurzy="ID_1">		
		<titul>DoDo</titul>
		<jmeno>Karel</jmeno>
		<prijmeni>Gumil</prijmeni>
		<email>gumil@seznam.cz</email>
		<adresa>
			<stat>CR</stat>
			<mesto>Praha</mesto>
			<ulice>Gumova
				<cp>7</cp>
			</ulice>
			<psc>113</psc>
		</adresa>
		<telefon typ="mobil">
			<cislo>7537313457</cislo>			
		</telefon>
		<telefon typ="mobil">
			<cislo>976435475</cislo>
		</telefon>
		<predchozi_studium>	
		<dosazeno>
			<jazyky>aj
				<uroven>zacatecnik</uroven>
			</jazyky>
		</dosazeno>
		</predchozi_studium>
	</student>	

		<student1 id="ID_13" kurzy="ID_1">		
		<jmeno>Karel</jmeno>
		<prijmeni>Dumil</prijmeni>
		<email>dumil@seznam.cz</email>
		<adresa>
			<stat>CR</stat>
			<mesto>Praha</mesto>
			<ulice>Gumova
				<cp>7</cp>
			</ulice>
			<psc>113</psc>
		</adresa>
		<telefon typ="mobil">
			<cislo>789654431</cislo>
		</telefon>		
	</student1>
	<cas>15:00</cas>
	<den>streda</den>
	<rok><?php echo "2012";?></rok>
	<cena>999,-</cena>
	<popis><![CDATA[Anglictina pro "pokrocile&mirne pokrocile"]]></popis>
	<poznamka/>
</jazykovy_kurz>