<?xml version="1.0" encoding="UTF-8"?>
<lekarna xmlns:xs="http://www.w3.org/2001/XMLSchema-instance"
xs:noNamespaceSchemaLocation="data.xsd"
nazev="Lékárna Krčská"
>


        <adresa>
                <ulice>Krčská </ulice>
                <cp>1079/59</cp>
                <mesto>Praha 4 - Krč</mesto>
                <psc>140 00</psc>
        </adresa>
        <kontakt>
                <odpovedna_osoba>
                        <jmeno>Veronika</jmeno>
                        <prijmeni>Sádlíková</prijmeni>
                        <prijmeni>Nováková</prijmeni>
                        <titul>Ing.</titul>
                        <podpis/>
                </odpovedna_osoba>
                <tel>(+420) 241 400 829</tel>
                <fax>(+420) 241 442 117</fax>
        </kontakt>
        <sortiment>

                <volny-prodej>
                        <vyrobce-id vyrabi="V1">
                        <zbozi registracni_cislo="a34">
                                <nazev_z>WOBENZYM drg 800</nazev_z>
                                <kod_vyrobku>4030142015217</kod_vyrobku>
                                <cena mena="Kč">2616</cena>
                                <dph>10</dph>
                                <procent/>

                                <kategorie>Rýma a nachlazení</kategorie>
                                <kategorie>Bolest v krku a zánět hrdla</kategorie>
                                <kategorie>Celková léčba bolesti pohybového aparátu</kategorie>
                                <kategorie>Kašel, rýma, nachlazení a alergie</kategorie>
                                <kategorie>Alergie : lokální nebo celková</kategorie>
                                <kategorie>Kašel a rýma u těhotných a kojících</kategorie>
                                <kategorie>Dýchací cesty, plíce</kategorie>
                                <kategorie>Astma bronchiale</kategorie>
                                <kategorie>Žilní obtíže, hematomy a poruchy prokrvení</kategorie>
                                <kategorie>Poruchy periferního prokrvení</kategorie>
                                <kategorie>Křečové žíly a bércové vředy</kategorie>
                                <kategorie>Hematomy : podlitiny</kategorie>
                                <kategorie>Pohlavní orgány, prostata, prsa, klimaktérium</kategorie>
                                <kategorie>Plísně a infekce pohlavních orgánů</kategorie>
                                <kategorie>Klouby, kosti a svaly</kategorie>
                                <kategorie>Kůže a pokožka</kategorie>
                                <kategorie>Ekzém a alergie</kategorie>
                                <kategorie>Psoriáza : lupénka</kategorie>
                                <kategorie>Imunita a systémová enzymoterapie</kategorie>
                                <kategorie>Systémová enzymoterapie : Wobenzym, Phlogenzym</kategorie>
                                <kategorie>Léčiva, doplňky výživy</kategorie>
                                <kategorie>Posílení imunity</kategorie>
                                <kategorie>Senioři: komplexní péče</kategorie>
                                <kategorie>Nejprodávanější</kategorie>
                                <kategorie> Zlepšení periferního prokrvení seniorů</kategorie>
                                <popis>Wobenzym obsahuje vhodně sestavené enzymy (látky štěpící bílkoviny), které mají schopnost účelně ovlivňovat imunitu, tlumit zánět a otoky a do jisté míry i rozpouštět krevní sraženiny. Urychlují průběh zánětu a zmírňují jeho následky, tlumí chorobné projevy způsobené škodlivými imunokomplexy vznikajícími v důsledku protilátkových reakcí. Produkty látkové výměny lidskému tělu škodlivé a odumřelý tkáňový materiál jsou urychleně odbourávány. Otoky a krevní výrony se lépe vstřebávají. Rutin normalizuje propustnost cévní stěny. Wobenzym snižuje vazkost krve a tím zlepšuje krevní oběh v nejdrobnějších cévách. Záněty, bolesti a otoky rychle odeznívají a hojení je tak usnadněno. Dražé jsou odolná vůči žaludeční šťávě. Wobenzym je lék, který obsahuje proteolytické enzymy, kterými je příznivě ovlivňována imunita a zánět (akutní, recidivující i chronický). Při užívání Wobenzymu se také rychle vstřebávají otoky, krevní podlitiny a krevní výrony, ustupuje bolest. Obecně urychluje hojení. Wobenzym je proto vhodný jako podpůrná léčba při nejrůznějších zánětech. Jsou to např. záněty dýchacích cest a močových cest, gynekologické záněty, záněty prostaty, záněty povrchových žil (včetně hemeroidů). Hodí se také pro bolesti a otoky spojené s úrazy, stavy po operacích (včetně zákroků v oblasti stomatologie a plastické chirurgie). Pomáhá i při zánětlivých aktivacích degenerativního postižení kloubů (artróza) a dalších zánětech pohybového aparátu. Je vhodnou alternativou pro osoby, které nesnášejí nesteroidní analgetika. Wobenzym je také vhodný tam, kde je z nejrůznějších příčin porušena lymfatická drenáž a vzniká lymfedém. </popis>
                                <baleni>40 enterosolventních tablet  a 200 enterosolventních tablet
                            Klinické balení 800 enterosolventních tablet  </baleni>
                                <dostupnost dostupnost_z="skladem">
                  <mnozstvi jednotky="ks">4</mnozstvi>
                  <objednano pocet="20" jednotky="ks">ano</objednano>
                                </dostupnost>

                                <detail>
                                        <aplikacni_forma>tablety, tobolky </aplikacni_forma>
                                        <indikacni_skupina>enzymové přípravky </indikacni_skupina>
                                        <ucinna_latka>        Pancreatinum 300 Protease Ph. Eur.-j., papainum 90 F.I.P.-j., bromelaina 225 F.I.P.-j., lipasum 34 F.I.P.-j., amylasum 50 F.I.P.-j, trypsinum 360 F.I.P.-j., chymotrypsinum 300 F.I.P.-j., rutosidum trihydricum 50 mg / 1drg
</ucinna_latka>
                                        <pribalove_informace>
                                                <drzitel_rozhodnuti_o_registraci>MUCOS Pharma GmbH <![CDATA[& ]]> Co, Geretsried, Německo</drzitel_rozhodnuti_o_registraci>
                                                <slozeni>
                                                        <lecive_latky>Pancreatinum  300 Protease Ph. Eur.-j., papainum 90 F.I.P.-j., bromelaina 225 F.I.P.-j., lipasum 34 F.I.P.-j., amylasum 50 F.I.P.-j, trypsinum 360 F.I.P.-j., chymotrypsinum 300 F.I.P.-j., rutosidum trihydricum 50 mg.
<br></br>
celková proteolytická aktivita: 570 F.I.P.-j.
<br></br>
celková amylolytická aktivita: 4030 F.I.P.-j.
<br></br>
celková lipolytická aktivita: 4525 F.I.P.-j.

</lecive_latky>
<pomocne_latky>
Jádro: monohydrát laktosy, kukuřičný škrob, magnesium-stearát, kyselina stearová 95%, čištěná voda, koloidní bezvodý oxid křemičitý, mastek.
<br></br>
Potahová vrstva: sacharosa, mastek, uhličitan vápenatý, kopolymer MA/MMA 1:1, triethyl-citrát, šelak, oxid titaničitý, kaolin, oranž E110/124 (oranžová žluť, ponceau 4R, síran sodný), povidon, makrogol 6000, vanilin, žlutý vosk, karnaubský vosk.

</pomocne_latky>
                                                </slozeni>
                                                <charakteristika>WOBENZYM obsahuje vhodně sestavené enzymy (bílkoviny katalyzující chemické reakce), které mají schopnost účelně ovlivňovat imunitu, tlumit zánět a otoky a do jisté míry i rozpouštět krevní sraženiny. Urychlují průběh zánětu a zmírňují jeho  následky, tlumí chorobné projevy způsobené škodlivými imunokomplexy vznikajícími v důsledku protilátkových reakcí. Produkty látkové výměny lidskému tělu škodlivé a odumřelý tkáňový materiál jsou urychleně odbourávány. Otoky a krevní výrony se lépe vstřebávají. Rutin normalizuje propustnost cévní stěny. WOBENZYM snižuje vazkost krve a tím zlepšuje krevní oběh v nejdrobnějších cévách. Záněty, bolesti a otoky rychle odeznívají a hojení je tak usnadněno.  Dražé jsou odolná vůči žaludeční šťávě.
</charakteristika>
                                                <omezeni>
                                                        <tehotenstvi>
O užívání WOBENZYMu  během těhotenství a kojení se vždy poraďte s lékařem, a to i tehdy, otěhotníte-li během léčby.
</tehotenstvi>
                                                        <kojeni>O užívání WOBENZYMu  během těhotenství a kojení se vždy poraďte s lékařem, a to i tehdy, otěhotníte-li během léčby.
</kojeni>
                                                </omezeni>
                                                <kontraindikace>
WOBENZYM nelze užívat v situacích, které jsou spojeny se zvýšeným sklonem ke krvácení  nebo se zvýšenou fibrinolýzou  (rozpouštěním krevních sraženin). Přípravek se nesmí užívat při známé přecitlivělosti na účinné či pomocné látky.
</kontraindikace>
                                                <nezadouci_ucinky>
WOBENZYM je obvykle dobře snášen, také při dlouhodobém podávání vysokých dávek nebyly pozorovány nežádoucí účinky. Ojediněle se může objevit nevýrazná změna konzistence, barvy a zápachu  stolice. Při užívání vyšších jednorázových dávek byly pozorovány pocity  nadýmání, ojediněle nevolnost. Těmto pocitům se dá zamezit rozdělením dávky v průběhu dne. Jestliže tyto příznaky i po snížení dávky přetrvávají, poraďte se s lékařem. Zřídka se objevující alergické reakce  (kožní vyrážka) odeznívají po vysazení léku. Při jejím případném výskytu přerušte užívání WOBENZYMu a poraďte se s lékařem. S lékařem se o dalším užívání WOBENZYMu poraďte také v případě výskytu jakýchkoli neobvyklých reakcí.
</nezadouci_ucinky>
                                                <interakce>
Nežádoucí  interakce  WOBENZYMu s  jinými  současně podávanými léky není známa.
</interakce>
                                                <pouziti>
                                                        <zpusob_pouziti>Doporučuje se 1/2  hodiny před jídlem zapít nerozkousané  tablety  větším   množstvím tekutiny (nejméně 1/4 litru).
</zpusob_pouziti>
                                                        <davkovani>
Léčba se zahajuje dávkou 3x5 až  3x10 tablet  denně.  V souvislosti s ústupem chorobných projevů se  dávkování postupně snižuje až na udržovací dávku 3x3 tablety denně.
<br></br>
- Poúrazové otoky (naražení, podvrtnutí, vykloubení, zlomeniny) - doporučujeme zahájit léčbu dávkou 3x10 tablet denně, podle klinického stavu (po 7-10 dnech) dávku snižujeme na 3x3 tablety denně až  do úplného vymizení příznaků.
<br></br>
- Některé pooperační stavy  v chirurgii - léčbu začínáme dávkou 3x10 tablet denně, po odeznění akutního stavu (7-10 dní) až do odeznění příznaků pokračujeme dávkou 3x5 až 3x3 tablety  denně.
<br></br>
- Lymfedémy (otoky způsobené porušeným odtokem mízy) - jde o dlouhodobou léčbu, u které začínáme s dávkováním 2x10 nebo 3x7 tablet denně  (po dobu 4-5 týdnů), pak se dávkování snižuje na 3x5 až 3x3 tablet denně (nejméně 8 týdnů). V této indikaci  je nutné poradit se s ošetřujícím lékařem.
<br></br>
- Fibrocystická mastopatie (chronické onemocnění prsů vyznačující se tvorbou dutin a vaziva) - doporučujeme dávkování 2x10 tablet denně nejméně po dobu 6 týdnů. Před začátkem léčby je třeba poradit se s ošetřujícím lékařem.
<br></br>
- Potrombotický syndrom (stav po ucpání žíly krevní sraženinou) - 3x10 až 3x5 tablet denně po dobu 5-6 týdnů.
<br></br>
- Záněty povrchových žil  - 3x7 až 3x5 tablet denně po dobu 2-3 týdnů.
<br></br>
- Revmatoidní artritida (zánětlivé onemocnění kloubů) - 3x5 tablet denně po dobu 5-6 měsíců.
<br></br>
- Revmatismus měkkých tkání - 3x5 tablet denně nejméně po dobu 3-4 týdnů.
<br></br>
- Artrózy (degenerativní choroby kloubů) - 3x6 tablet denně po dobu 5-6 týdnů.
<br></br>
- Mnohočetná mozkomíšní skleróza - 1.-14. den 3x10 tablet denně, pak se přechází na udržovací dávku 3x3 tablety denně -dlouhodobě, u zátěžových stavů (infekční onemocnění, fyzická zátěž, stres, očkování, slunění) dávkování zvyšujeme na 3x10 tablet denně. Léčbu je třeba konzultovat s ošetřujícím lékařem.
<br></br>
- Chronické a recidivující záněty (v oblasti nosu, uší a krku, horních i dolních cest dýchacích, močového a  pohlavního ústrojí, trávicího ústrojí, kůže aj.) - 3x5 tablet denně do odeznění klinických příznaků. U zánětlivých onemocnění WOBENZYM nenahrazuje antibiotickou léčbu, ale zvyšuje její účinek, proto doporučujeme poradit se s ošetřujícím lékařem a vhodně kombinovat s antibiotiky.
<br></br>
- U dětí určí dávkování lékař.
</davkovani>
<predavkovani>Užije-li dospělý najednou více než 20 tablet nebo dítě více než 5 tablet, je nutné poradit se s lékařem.
</predavkovani>
                                                </pouziti>
                                                <upozorneni>
Tento lék nenahrazuje antibiotickou léčbu u infekčního zánětu, zvyšuje však její účinnost!
<br></br>
Pokud Vám Váš lékař řekl, že nesnášíte některé cukry, poraďte se se svým lékařem, než začnete tento léčivý přípravek užívat. Sacharidy obsažené v 1 tabletě odpovídají  39 kJ = 9,3 kcal.
<br></br>
WOBENZYM obsahuje barviva ponceau 4R a oranžovou žluť, které mohou způsobit alergické reakce.
<br></br>
Bez porady s lékařem užívejte WOBENZYM pouze při poúrazových otocích. Před užíváním WOBENZYMu u ostatních onemocnění a při jeho delším než dvouměsíčním užívání je nutné poradit se s lékařem. Příležitostně  může při chronických onemocněních po začátku léčby WOBENZYMem  nastat zhoršení příznaků, což je podle dosavadních zkušeností v převážné většině případů považováno za kladnou reakci  organismu na léčbu. V tomto případě by neměl být lék vysazen, ale mělo by se zvážit eventuální přechodné snížení dosavadního dávkování. Za takových okolností je nezbytné poradit se s lékařem, stejně jako při případném výskytu nežádoucích účinků nebo jiných neobvyklých reakcí. Jestliže užíváte jiné léky, a to na lékařský předpis i bez něj, poraďte se o vhodnosti užívání WOBENZYMu s lékařem a bez jeho doporučení ho neužívejte.
<br></br>
Bude-li Vám lékař předpisovat nějaký jiný lék, upozorněte ho, že užíváte WOBENZYM. Bez porady s lékařem <b>neužívejte současně</b> s WOBENZYMem ani žádné další léky bez lékařského předpisu.

</upozorneni>
                                                <varovani><u>
Přípravek uchovávejte mimo dosah a dohled dětí!
Přípravek nesmí být používán po uplynutí doby použitelnosti uvedené na obalu.
</u>
</varovani>
                                                <zpusob_uchovani>
Uchovávejte při teplotě do 25 °C
</zpusob_uchovani>
                                                <datum_revize>16.12.2009</datum_revize>
                                        </pribalove_informace>
                                </detail>
                        </zbozi>
                        </vyrobce-id>
                </volny-prodej>
                <predpis>
                        <vyrobce-id vyrabi="V2">
                        <zbozi registracni_cislo="a35">
                                <nazev_z>ZYRTEC tbl 50x 10mg</nazev_z>
                                <kod_vyrobku>8594013100397</kod_vyrobku>
                                <kategorie>Léčiva, doplňky výživy</kategorie>
                                <kategorie>Alergie : lokální nebo celková</kategorie>
                                <kategorie>Oči a zrak</kategorie>
                                <kategorie>Kašel, rýma, nachlazení a alergie</kategorie>
                                <kategorie>Kůže a pokožka</kategorie>
                                <kategorie>Ekzém a alergie</kategorie>
                                <kategorie>Citlivé a alergické oči</kategorie>
                                <popis>Zyrtec : Cetiritin je vysoce účinné antihistaminikum a antialergikum s minimálním výskytem ospalosti po běžné léčebné dávce. Cetirizin tlumí jak "časnou" fázi alergické reakce zprostředkovanou histaminem, tak i pohyb buněk zánětu, zejména eozinofilů a uvolňování působků spojených s "pozdní" fází alergické reakce. Vzhledem k prodlouženému účinku cetirizinu je možné jej u dospělých a větších dětí podávat v jedné denní dávce. </popis>
                                <baleni>Blistr se 7 potahovanými tabletami, papírová skládačka, příbalová informace.
Výdej léčivého přípravku možný bez lékařského předpisu.
Batch = číslo šarže, Expiry = použitelné do.
</baleni>
                                <dostupnost dostupnost_z="vyprodano">

                                </dostupnost>

                                <detail>
                                        <aplikacni_forma>tablety, tobolky </aplikacni_forma>
                                        <indikacni_skupina>Antihistaminikum H1, antialergikum. </indikacni_skupina>
                                        <ucinna_latka>Cetirizini dihydrochloridum 10 mg</ucinna_latka>
                                        <pribalove_informace>
                                                <drzitel_rozhodnuti_o_registraci>UCB S.A. Pharma, Chemin du Foriest, B-1420 Braine-l'Alleud, Belgie.
                                                </drzitel_rozhodnuti_o_registraci>
                                                <slozeni>
                                                        <lecive_latky>Cetirizini dihydrochloridum (cetirizin) 10 mg v 1 potahované tabletě. </lecive_latky>
                                                        <pomocne_latky>Mikrokrystalická celulóza, monohydrát laktózy, koloidní bezvodý oxid křemičitý,
magnesium-stearát, potahová soustava Opadry Y-1-7000 bílá.
</pomocne_latky>
                                                </slozeni>
                                                <charakteristika>Cetirizin je vysoce účinné antihistaminikum a antialergikum s minimálním výskytem ospalosti po běžné léčebné dávce. Cetirizin tlumí jak "časnou" fázi alergické reakce zprostředkovanou
histaminem, tak i pohyb buněk zánětu, zejména eozinofilů a uvolňování působků spojených
s "pozdní" fází alergické reakce. Vzhledem k prodlouženému účinku cetirizinu je možné jej
u dospělých a větších dětí podávat v jedné denní dávce.
</charakteristika>
                                                <kontraindikace>Zyrtec se nesmí užívat při přecitlivělosti na některou ze složek přípravku a pacienti se závažnou poruchou funkce ledvin. Pro použití Zyrtecu v těhotenství musí být zvlášť závažné důvody. Protože Zyrtec přestupuje do mateřského mléka, nesmějí jej užívat kojící matky.
                                                </kontraindikace>
                                                <nezadouci_ucinky>
                                                Přípravek je obvykle dobře snášen. Zřídka se mohou projevit slabé a přechodně se vyskytující
nežádoucí účinky, jako např. bolesti hlavy, únava, závratě, ospalost nebo naopak neklid. Rovněž
zřídka se může vyskytnout suchost v ústech nebo zažívací potíže (bolest v nadbřišku, nevolnost).
Při případném výskytu těchto nežádoucích účinků nebo jiných neobvyklých reakcí se poraďte
s lékařem. Vzácně se mohou vyskytnout projevy přecitlivělosti na přípravek (kopřivka, otok měkkých
tkání, dušnost). V tomto případě je nutné přerušit užívání přípravku a okamžitě vyhledat lékaře. </nezadouci_ucinky>
                                                <interakce>Interakce s jinými léčivy nebo s alkoholem (při hladině alkoholu v krvi 0,5 g/l) nejsou dosud
známy. Přesto se doporučuje nepožívat nadměrně alkoholické nápoje během užívání přípravku. </interakce>
                                                <pouziti>
                                                        <zpusob_pouziti>Mezi jednotlivými dávkami musí být časový odstup alespoň 10 hodin.
Tablety je třeba spolknout a zapít sklenicí vody. </zpusob_pouziti>
                                                        <davkovani>Pokud lékař neurčí jinak, užívají dospělí a děti od 12 let 1 tabletu (10 mg) 1krát denně.
Děti 6-12 let: 1/2 tablety (5 mg) 2krát denně nebo 1 tableta (10 mg) 1krát denně. Mezi
 jednotlivými dávkami musí být časový odstup alespoň 10 hodin.
Tablety je třeba spolknout a zapít sklenicí vody. </davkovani>
<predavkovani>Při předávkování (více než 5 tablet v 1 dávce) může být hlavním příznakem ospalost. U dětí však
může předávkování vyvolat i podrážděnost a neklid. Při předávkování (zvláště u dětí) je nutno
okamžitě vyhledat lékaře. Specifický protilék není dosud znám. </predavkovani>
                                                </pouziti>
                                                <upozorneni>V případě, kdy nebyla lékařem stanovena diagnóza, se nedoporučuje přípravek užívat déle než 1
týden. Jestliže se do 1 týdne příznaky nezlepší nebo se dokonce zhoršují, či se vyskytnou nežádoucí
účinky, poraďte se o vhodnosti dalšího užívání přípravku s lékařem. Při předpisu jiných léků
oznamte lékaři, že užíváte Zyrtec. Studie u zdravých dobrovolníků neprokázaly žádný vliv po podání
20-25 mg cetirizinu na bdělost nebo reakční dobu. Přesto se doporučuje nepřekročit doporučenou
denní dávku, pokud budete řídit motorové vozidlo nebo obsluhovat stroje. U nemocných
s poruchami funkce ledvin se dávka obvykle snižuje na polovinu. Nemocní s poruchami funkce
ledvin mohou přípravek užívat pouze na doporučení lékaře. O vhodnosti současného užívání
přípravku s jinými léky se poraďte s lékařem nebo lékárníkem. </upozorneni>
                                                <varovani>Přípravek nesmí být používán po uplynutí doby použitelnosti vyznačené na obalu.
Přípravek musí být uchováván mimo dosah a dohled dětí. </varovani>
                                                <zpusob_uchovani>Žádné zvláštní podmínky uchovávání. </zpusob_uchovani>
                                                <datum_revize>21.4.2004 </datum_revize>
                                        </pribalove_informace>
                                </detail>
                        </zbozi>
                        </vyrobce-id>
                </predpis>
                <ostatni>
                        <vyrobce-id vyrabi="V3">
                        <zbozi registracni_cislo="a36">
                                <nazev_z>ALOE VERA gel s borůvkou a rakytníkem -Virde- 500ml</nazev_z>
                                <kod_vyrobku>8594062351573</kod_vyrobku>
                                <cena mena="Kč">190</cena>
                                <dph>10</dph>
                                <procent/>

                                <kategorie>Diety, sportovní výživa</kategorie>
                                <kategorie>Zdravý životní styl</kategorie>
                                <kategorie>Posílení imunity</kategorie>
                                <kategorie>Imunita a systémová enzymoterapie</kategorie>
                                <kategorie>Zácpa</kategorie>
                                <kategorie>Nevolnost nebo zvracení , zácpa nebo průjem</kategorie>
                                <kategorie>Poruchy trávení a trávicí enzymy</kategorie>
                                <kategorie>Zraková ostrost : výživa očí</kategorie>
                                <kategorie>Oči a zrak</kategorie>
                                <kategorie>Léčiva, doplňky výživy</kategorie>
                            <kategorie>Diabetes : cukrovka</kategorie>
                            <kategorie>Redukce hmotnosti, detoxikace organismu</kategorie>
                                <popis>ALOE VERA gel s borůvkou a rakytníkem: Aloe Vera vyniká revitalizačními a detoxikačními účinky, blahodárně ovlivňuje trávicí soustavu, zejména činnost střev. Podporuje látkovou výměnu, pomáhá při normalizaci hladiny cukru v krvi a má výrazné antioxidační účinky. Borůvka působí antibakteriálně, přispívá k dezinfekci organismu. Příznivě ovlivňuje stav očních cév, podporuje proces vidění, zvláště v šeru. Rakytník stimuluje organismus, zvyšuje jeho obranyschopnost a odolnost. Přípravek je vhodný i k dezinfekci ústní dutiny, příznivě ovlivňuje stav dásní.</popis>
                                <baleni jednotky="ml">500</baleni>
                                <dostupnost dostupnost_z="skladem">
                   <mnozstvi jednotky="ks">2</mnozstvi>
                                </dostupnost>
                                <detail>
                                        <indikacni_skupina>Detoxikace, regenerace, posílení imunity, úprava zažívání.</indikacni_skupina>
                                        <ucinna_latka>Aloe vera</ucinna_latka>
                                        <pribalove_informace>
                                                <slozeni>
                                                        <lecive_latky>Aloe vera</lecive_latky>
                                                        <pomocne_latky>rakytník</pomocne_latky>
                                                </slozeni>
                                                <pouziti>
                                                        <zpusob_pouziti>Aloe Vera gel můžete naředit s vodou v poměru 2:1 nebo dle vlastní chuti.
                                                        </zpusob_pouziti>
                                                        <davkovani>15-50ml denně (nejlépe ráno a večer 1 hod. před jídlem). Dlouhodobé užívání 10-25ml denně.
                                                        </davkovani>
                                                </pouziti>
                                                <upozorneni>Nepřekračujte doporučené denní dávkování.
Přípravek není určen pro děti do 3 let.
Přípravek není určen jako náhrada pestré stravy.
</upozorneni>
                                        </pribalove_informace>
                                </detail>
                        </zbozi>

                        </vyrobce-id>
                </ostatni>
        </sortiment>

        <doporucujeme zbozi="a34">Wobenzym</doporucujeme>

        <datum><?php echo Date("j.n.Y")?></datum>



<vyrobci>
<vyrobce kod="V1">
                                <nazev>Mucos Pharma GmbH and Co</nazev>
                                <adresa>
                                        <ulice>Uhříněveská</ulice>
                                        <cp>448</cp>
                                        <mesto>Praha – západ</mesto>
                                        <psc>252 43</psc>
                                        <www>http://www.mucos.cz</www>
                                </adresa>
</vyrobce>

<vyrobce kod="V2">
<nazev>UCB Pharma S.p.A</nazev>
                                <adresa>
                                        <ulice>Allée de la Recherche</ulice>
                                        <cp>60</cp>
                                        <mesto>Brussels</mesto>
                                        <psc>1070</psc>
                <www>www.ucb.com</www>
                                </adresa>
</vyrobce>

<vyrobce kod="V3">
                                <nazev>Virde spol. s.r.o.</nazev>
                                <adresa>
                                        <ulice>Štemplovec</ulice>
                                        <cp>10</cp>
                                        <mesto>Holasovice</mesto>
                                        <psc>747 74</psc>
                                        <www>www.virde.cz</www>
                                </adresa>
                        </vyrobce>

</vyrobci>



</lekarna>


