<?xml version="1.0" encoding="UTF-8"?>
<library xmlns:xsi="http://www.w3.org/2001/XMLSchema-instance" xsi:noNamespaceSchemaLocation="data.xsd">
	<book id="book-1" binding="paperback">
		<name>Harry Potter a kámen mudrců</name>
	</book>
	<book id="book-2" binding="paperback">
		<name>Harry Potter a tajemná komnata</name>
		<review date="2012-05-13">Click here for a free iPhone!</review>
		<review date="2012-05-13">Click here for a free iPhone!</review>
	</book>
	<book id="book-3" binding="paperback">
		<name>Harry Potter a vězeň z Azkabanu</name>
	</book>
</library>
