<?xml version="1.0" encoding="UTF-8"?>
<MovieDatabase xmlns:xsi="http://www.w3.org/2001/XMLSchema-instance" xsi:noNamespaceSchemaLocation="file:///C:/Users/Misho/Desktop/data.xsd">
	<Movies>
		<Movie id="mv_1" duration="127">
			<Title>
				<Original>Se7en</Original>
				<En>Se7en</En>
				<CzSk>Sedem</CzSk>
			</Title>
			<Origin>
				<Year>1995</Year>
				<Country>USA</Country>
			</Origin>
			<Genres>
				<Genre>Thriller</Genre>
				<Genre>Krimi</Genre>
				<Genre>Drama</Genre>
				<Genre>Psychologicky</Genre>
			</Genres>
			<Director id="di_1"/>
			<Writer id="wr_1"/>
			<Music id="mu_1"/>
			<Cast>
				<Actor id="ac_1"/>
				<Actor id="ac_2"/>
			</Cast>
			<Awards>
				<Category>Cut</Category>
			</Awards>
			<Description>Two detectives, a rookie and a veteran, hunt a serial killer who uses the seven deadly sins as his modus operandi.</Description>
		</Movie>
		<Movie id="mv_2" duration="139">
			<Title>
				<Original>Fight Club</Original>
				<En>Fight Club</En>
				<CzSk>Klub bitkarov</CzSk>
			</Title>
			<Origin>
				<Year>1999</Year>
				<Country>USA/Germany</Country>
			</Origin>
			<Genres>
				<Genre>Drama</Genre>
				<Genre>Akcny</Genre>
			</Genres>
			<Director id="di_1"/>
			<Writer id="wr_2"/>
			<Music id="mu_1"/>
			<Cast>
				<Actor id="ac_1"/>
				<Actor id="ac_3"/>
			</Cast>
		</Movie>
		<Movie id="mv_3" duration="117">
			<Title>
				<Original>Twilight</Original>
				<En>Twilight</En>
				<CzSk>Sumrak</CzSk>
			</Title>
			<Origin>
				<Year>2008</Year>
				<Country>USA</Country>
			</Origin>
			<Genres>
				<Genre>Drama</Genre>
				<Genre>Romanticky</Genre>
				<Genre>Fantasy</Genre>
			</Genres>
			<Director id="di_2"/>
			<Writer id="wr_2"/>
			<Music id="mu_1"/>
			<Cast>
				<Actor id="ac_4"/>
				<Actor id="ac_5"/>
			</Cast>
			<BasedOn>
				<Type>Book</Type>
				<Title>
					<Original>Twilight</Original>
					<En>Twilight</En>
					<CzSk>Sumrak</CzSk>
				</Title>
			</BasedOn>
			<Awards>
				<Category>Sceenplay</Category>
			</Awards>
		</Movie>
	</Movies>
	<Artists>
		<Artist id="di_1" alive="yes" sex="male">
			<Name>
				<First>David</First>
				<Last>Fincher</Last>
			</Name>
			<Origin>
				<Year>1962</Year>
				<Country>Colorado,USA</Country>
			</Origin>
			<Biography>"Nechodil som na filmovu skolu, pretoze som to nepotreboval. Co je to rezia zistite az po tom co sa zacne stmivat a vy mate este stihnout natocit tri sceny."</Biography>
		</Artist>
		<Artist id="di_2" sex="male">
			<Name>
				<First>David</First>
				<Last>Fincher</Last>
			</Name>
			<Origin>
				<Year>1962</Year>
				<Country>Colorado,USA</Country>
			</Origin>
			<Biography>"Reziserska stolicka je jeho ukryt pred svetom."</Biography>
		</Artist>
		<Artist id="mu_1" alive="yes" sex="male">
			<Name>
				<First>Howard</First>
				<Last>Shore</Last>
			</Name>
			<Origin>
				<Year>1946</Year>
				<Country>Ontario,Kanada</Country>
			</Origin>
			<Biography>Synovcem Howarda Shorea je skladatel Ryan Shore.</Biography>
		</Artist>
		<Artist id="wr_1" alive="yes" sex="male">
			<Name>
				<First>Jim</First>
				<Last>Uhls</Last>
			</Name>
			<Origin>
				<Year>1957</Year>
				<Country>Missouri,USA</Country>
			</Origin>
			<Biography>Blabla</Biography>
		</Artist>
		<Artist id="wr_2" alive="yes" sex="female">
			<Name>
				<First>Mellisa</First>
				<Last>Rosenberg</Last>
			</Name>
			<Origin>
				<Year>1962</Year>
				<Country>California,USA</Country>
			</Origin>
			<Biography>Graduated from Bennington College, Vermont majoring in Dance.</Biography>
		</Artist>
		<Artist id="ac_1" alive="yes" sex="male">
			<Name>
				<First>Brad</First>
				<Last>Pitt</Last>
			</Name>
			<Origin>
				<Year>1963</Year>
				<Country>Oklahoma,USA</Country>
			</Origin>
		</Artist>
		<Artist id="ac_2" alive="yes" sex="male">
			<Name>
				<First>Morgan</First>
				<Last>Freeman</Last>
			</Name>
			<Origin>
				<Year>1937</Year>
				<Country>Tenesee,USA</Country>
			</Origin>
		</Artist>
		<Artist id="ac_3" alive="yes" sex="male">
			<Name>
				<First>Edward</First>
				<Last>Norton</Last>
			</Name>
			<Origin>
				<Year>1969</Year>
				<Country>Maryland,USA</Country>
			</Origin>
		</Artist>
		<Artist id="ac_4" alive="yes" sex="female">
			<Name>
				<First>Kristen</First>
				<Last>Stewart</Last>
			</Name>
			<Origin>
				<Year>1990</Year>
				<Country>California,USA</Country>
			</Origin>
		</Artist>
		<Artist id="ac_5" alive="yes" sex="male">
			<Name>
				<First>Robert</First>
				<Last>Pattinson</Last>
			</Name>
			<Origin>
				<Year>1986</Year>
				<Country>London,UK</Country>
			</Origin>
		</Artist>
	</Artists>
</MovieDatabase>
