<?xml version="1.0" encoding="UTF-8"?>
<!-- kořenový element -->
<!--<Autopujcovna xmlns:xsi="http://www.w3.org/2001/XMLSchema-instance" xsi:noNamespaceSchemaLocation="data.xsd">-->
<Autopujcovna>
		<Zakaznik zid="a5">
		<Jmeno>Jan</Jmeno>
		<Prijmeni>Kopriva</Prijmeni>
		<Kontakt>
			<Tel>65654654654</Tel>
			<Adresa>
				<Ulice>Ludova</Ulice>
				<Mesto>Kladno</Mesto>
				<PSC>322 85</PSC>
			</Adresa>
		</Kontakt>
	</Zakaznik>
	<Zakaznik zid="a6">
		<Jmeno>Jana</Jmeno>
		<Prijmeni>Kova</Prijmeni>
		<Kontakt>
			<Tel>65654654654</Tel>
			<Adresa>
				<Ulice>Ludova</Ulice>
				<Mesto>Kladno</Mesto>
				<PSC>322 85</PSC>
			</Adresa>
		</Kontakt>
	</Zakaznik>
	<Zakaznik zid="a7">
		<Jmeno>Jan</Jmeno>
		<Prijmeni>Kopriva</Prijmeni>
		<Kontakt>
			<Tel>65654654654</Tel>
			<Adresa>
				<Ulice>Ludova</Ulice>
				<Mesto>Kladno</Mesto>
				<PSC>322 85</PSC>
			</Adresa>
		</Kontakt>
	</Zakaznik>
	<Zakaznik zid="a9">
		<Jmeno>Jana</Jmeno>
		<Prijmeni>Kova</Prijmeni>
		<Kontakt>
			<Tel>65654654654</Tel>
			<Adresa>
				<Ulice>Ludova</Ulice>
				<Mesto>Kladno</Mesto>
				<PSC>322 85</PSC>
			</Adresa>
		</Kontakt>
	</Zakaznik>
	<Vypujcka vid="v15">
		<Od>2010-03-15</Od>
		<Do>
			2010-03-19
		</Do>
		<Pujcil Pozice="Prodejce">Lolek</Pujcil>
		<Cena_km>30</Cena_km>
		<Cena_den>20</Cena_den>
		<Sleva>20</Sleva>
		<SPZ>O4 33L</SPZ>
		<Zakaznik>a7</Zakaznik>
	</Vypujcka>
	<Vypujcka vid="v16">
		<Od>2001-02-13</Od>
		<Do>
			2001-03-01
		</Do>
		<Pujcil>Bolek</Pujcil>
		<Cena_km>30</Cena_km>
		<Cena_den>20</Cena_den>
		<Sleva>22</Sleva>
		<SPZ>A7 XML</SPZ>
		<Zakaznik>a5</Zakaznik>
	</Vypujcka>
	<Vypujcka vid="v17">
		<Od>2010-03-15</Od>
		<Do>
			2010-03-19
		</Do>
		<Pujcil Pozice="Prodejce">Lolek</Pujcil>
		<Cena_km>30</Cena_km>
		<Cena_den>20</Cena_den>
		<Sleva>40</Sleva>
		<SPZ>C3 2CL</SPZ>
		<Zakaznik>a6</Zakaznik>
	</Vypujcka>
	<Vypujcka vid="v18">
		<Od>2001-02-13</Od>
		<Do>
			2001-03-01
		</Do>
		<Pujcil>Bolek</Pujcil>
		<Cena_km>30</Cena_km>
		<Cena_den>21</Cena_den>
		<SPZ>C3 2CL</SPZ>
		<Zakaznik>a7</Zakaznik>
	</Vypujcka>
</Autopujcovna>
