<?xml version="1.0" encoding="UTF-8"?>
<!-- kořenový element -->
<!--<Autopujcovna xmlns:xsi="http://www.w3.org/2001/XMLSchema-instance" xsi:noNamespaceSchemaLocation="data.xsd">-->
<Autopujcovna>
	<Pobocka pid="p11">
		<Vedouci>Jakub Krutina</Vedouci>
		<Adresa>
			<Ulice>Vlaska</Ulice>
			<Mesto>Praha</Mesto>
			<PSC>155 00</PSC>
		</Adresa>
		<Auta aid="b5">
			<SPZ>A3 2LL</SPZ>
			<Vyrobce>Opel</Vyrobce>
			<Typ>Astra</Typ>
			<Skupina>
				<B>do 3,5t</B>
			</Skupina>
			<Barva>Cervena</Barva>
			<Stav_km>18000</Stav_km>
			<Vybava class="classic">
				<Autoradio>Bluepunkt</Autoradio>
				<Kola>NFSU</Kola>
				<Motor>
					<Palivo>Benzin</Palivo>
					<Objem>2.0</Objem>
				</Motor>
			</Vybava>
		</Auta>
		<Auta aid="b2">
			<SPZ>H4 XLL</SPZ>
			<Vyrobce>Alfa</Vyrobce>
			<Typ>360</Typ>
			<Skupina>
				<B>do 3,5t</B>
			</Skupina>
			<Barva>Zluta</Barva>
			<Stav_km>8000</Stav_km>
			<Vybava class="ultra">
				<Autoradio>Bluepunkt</Autoradio>
				<Kola>NFSU</Kola>
				<Klimatizace>Tropico</Klimatizace>
				<Motor>
					<Palivo>Benzin</Palivo>
					<Objem>2.0</Objem>
				</Motor>
			</Vybava>
		</Auta>
		<Auta aid="b8">
			<SPZ>A7 XML</SPZ>
			<Vyrobce>Ford</Vyrobce>
			<Typ>Focus</Typ>
			<Skupina>
				<B>do 3,5t</B>
			</Skupina>
			<Barva>Modra</Barva>
			<Stav_km>288000</Stav_km>
			<Vybava class="elegance">
				<Kola>OZ</Kola>
				<Motor>
					<Palivo>Nafta</Palivo>
					<Objem>1.6</Objem>
				</Motor>
			</Vybava>
		</Auta>
	</Pobocka>
	<Pobocka pid="p12">
		<Vedouci>Martin Votocka</Vedouci>
		<Adresa>
			<Ulice>Konekluzka</Ulice>
			<Mesto>Chobotov</Mesto>
			<PSC>666 88</PSC>
		</Adresa>
		<Auta aid="c5">
			<SPZ>C3 2CL</SPZ>
			<Vyrobce>Opel</Vyrobce>
			<Typ>Omega</Typ>
			<Skupina>
				<B>do 3,5t</B>
			</Skupina>
			<Barva>Oranzova</Barva>
			<Stav_km>180000</Stav_km>
			<Vybava class="classic">
				<Autoradio>Bluepunkt</Autoradio>
				<Kola>NFSU</Kola>
				<Motor>
					<Palivo>Benzin</Palivo>
					<Objem>2.0</Objem>
				</Motor>
			</Vybava>
		</Auta>
		<Auta aid="K2">
			<SPZ>O4 33L</SPZ>
			<Vyrobce>BMW</Vyrobce>
			<Typ>535</Typ>
			<Skupina>
				<B>do 3,5t</B>
			</Skupina>
			<Barva>Ruzova</Barva>
			<Stav_km>8000</Stav_km>
			<Vybava class="ultra">
				<Autoradio>Bluepunkt</Autoradio>
				<Kola>NFSU</Kola>
				<Klimatizace>Tropico</Klimatizace>
				<Motor>
					<Palivo>Benzin</Palivo>
					<Objem>2.0</Objem>
				</Motor>
			</Vybava>
		</Auta>
		<Auta aid="a8">
			<SPZ>F7 HTM</SPZ>
			<Vyrobce>Shelby</Vyrobce>
			<Typ>Mustang</Typ>
			<Skupina>
				<B>do 3,5t</B>
			</Skupina>
			<Barva>Modra</Barva>
			<Stav_km>288000</Stav_km>
			<Vybava class="elegance">
				<Kola>OZ</Kola>
				<Motor>
					<Palivo>Nafta</Palivo>
					<Objem>1.6</Objem>
				</Motor>
			</Vybava>
		</Auta>
	</Pobocka>

</Autopujcovna>
