<?xml version="1.0" encoding="UTF-8"?>
<library>
	<catalog>
		<book id="bk101">
			<title>XML Developer's Guide</title>
			<genre>Computer</genre>
			<description>An in-depth look at creating applications
				with XML.
			</description>
			<count>1</count>
			<author>Gambardella, Matthew</author>
			<published>2000</published>
			<ISBN>80-902434-1-6</ISBN>
			
		</book>
		<book id="bk102">
			<title>Midnight Rain</title>
			<genre>Fantasy</genre>
			<description>A former architect battles corporate zombies,
				an evil
				sorceress, and her own Childhood to become queen
				of the world.
			</description>
			<count>2</count>
			<author>Ralls, Kim</author>
			<published>2000</published>
			<ISBN>80-902734-1-6</ISBN>
		</book>
		<book id="bk103">
			
			<title>Maeve Ascendant</title>
			<genre>Fantasy</genre>
			<description>After the collapse of a nanotechnology
				society in
				England, the young survivors lay the
				foundation for a new society.
			</description>
			<count>3</count>
			<author>Corets, Eva</author>
			<published>2000</published>
			<ISBN>80-904434-1-6</ISBN>
		</book>
		<book id="bk104">
			
			<title>Oberon's Legacy</title>
			<genre>Fantasy</genre>
			<description>In post-apocalypse England, the mysterious
				agent known
				only as Oberon helps to create a new life
				for the inhabitants of
				London. Sequel to Maeve
				Ascendant.
			</description>
			<count>1</count>
			<author>Corets, Eva</author>
			<published>2001</published>
			<ISBN>80-904934-1-6</ISBN>
		</book>
		<book id="bk105">
			<title>The Sundered Grail</title>
			<genre>Fantasy</genre>
			<description>The two daughters of Maeve, half-sisters,
				battle one
				another for control of England. Sequel to
				Oberon's Legacy.
			</description>
			<count>2</count>
			<author>Corets, Eva</author>
			<published>2001</published>
			<ISBN>80-908434-1-6</ISBN>
		</book>
		<book id="bk106">
			<title>Lover Birds</title>
			<genre>Romance</genre>
			<description>When Carla meets Paul at an ornithology
				conference,
				tempers fly as feathers get ruffled.
			</description>
			<count>4</count>
			<author>Randall, Cynthia</author>
			<published>2000</published>
			<ISBN>80-904414-1-6</ISBN>
		</book>
		<book id="bk107">
			<title>Splish Splash</title>
			<genre>Romance</genre>
			<description>A deep sea diver finds true love twenty
				thousand leagues
				beneath the sea.
			</description>
			<count>1</count>
			<author>Thurman, Paula</author>
			<published>2000</published>
			<ISBN>80-904474-1-6</ISBN>
		</book>
		<book id="bk108">
			<title>Creepy Crawlies</title>
			<genre>Horror</genre>
			<description>An anthology of horror stories about roaches,
				centipedes, scorpions and other insects.
			</description>
			<count>2</count>
			<author>Knorr, Stefan</author>
			<published>2000</published>
			<ISBN>80-904404-1-6</ISBN>
		</book>
		
		<movie id="mv100">
		<title>The Matrix</title>
		<genre>sci-fi</genre>
		<description>
		The Matrix is a 1999 American–Australian science fiction action film 
		written and directed by The Wachowski Brothers and starring Keanu Reeves, Laurence 
		Fishburne, Carrie-Anne Moss, Joe Pantoliano, and Hugo Weaving. It depicts a dystopian 
		future in which reality as perceived by most humans is actually a simulated reality or 
		cyberspace called "the Matrix", created by sentient machines to pacify and subdue the 
		human population, while their bodies' heat and electrical activity are used as an 
		energy source. Computer programmer "Neo" learns this truth and is drawn into a 
		rebellion against the machines, which involves other people who have been freed 
		from the "dream world".
		</description>
		<count>2</count>
		<medium>DVD</medium>
		<director>Wachowski, Larry</director>
		<director>Wachowski, Andy</director>
		<year>1999</year>
		<language>EN</language>
		<subtitles>CZ</subtitles>
		<subtitles>HU</subtitles>
		</movie>
		
		<book id="bk109">
			<title>Paradox Lost</title>
			<genre>Science Fiction</genre>
			<description>After an inadvertant trip through a Heisenberg
				Uncertainty Device, James Salway discovers the problems
				of being
				quantum.
			</description>
			<count>1</count>
			<author>Kress, Peter</author>
			<published>2000</published>
			<ISBN>80-984474-1-6</ISBN>
		</book>
		
		<book id="bk110">
			
			<title>Microsoft .NET: The Programming Bible</title>
			<genre>Computer</genre>
			<description>Microsoft's .NET initiative is explored in
				detail in this
				deep programmer's reference.
			</description>
			<count>2</count>
			<author>O'Brien, Tim</author>
			<published>2000</published>
			<ISBN>80-904374-1-6</ISBN>
		</book>
		<book id="bk111">
			
			<title>MSXML3: A Comprehensive Guide</title>
			<genre>Computer</genre>
			<description>The Microsoft MSXML3 parser is covered in
				detail, with
				attention to XML DOM interfaces, XSLT processing,
				SAX and more.
			</description>
			<count>1</count>
			<author>O'Brien, Tim</author>
			<published>2000</published>
			<ISBN>80-904494-1-6</ISBN>
		</book>
		<book id="bk112">
			<title>Visual Studio 7: A Comprehensive Guide</title>
			<genre>Computer</genre>
			<description>Microsoft Visual Studio 7 is explored in depth,
				looking
				at how Visual Basic, Visual C++, C#, and ASP+ are
				integrated into a
				comprehensive development
				environment.
			</description>
			<count>1</count>
			<author>Galos, Mike</author>
			<published>2001</published>
			<ISBN>80-903474-1-6</ISBN>
		</book>
		
		<movie id="mv101">
		<title>Golden Eye</title>
		<genre>action</genre>
		<description>
		GoldenEye (1995) is the seventeenth spy film in the James Bond series, 
		and the first to star Pierce Brosnan as the fictional MI6 officer James Bond. 
		The film was directed by Martin Campbell and is the first film in the series 
		not to take story elements from the works of novelist Ian Fleming.[1] 
		The story was conceived and written by Michael France, with later collaboration 
		by other writers. In the film, Bond fights to prevent an arms syndicate from using 
		the GoldenEye satellite weapon against London in order to cause a 
		global financial meltdown.
		</description>
		<count>1</count>
		<medium>Blue-ray</medium>
		<director>Campbell, Martin</director>
		<year>1995</year>
		<language>EN</language>
		<language>HU</language>
		<subtitles>CZ</subtitles>
		</movie>
		
	</catalog>
	<users>
		<user id="u103" type="Adult">
			<name>
				<firstname>Kristýna</firstname>
				<lastname>Špalková</lastname>
			</name>
			<address>
				<street>Jindřichova</street>
				<number>38</number>
				<city>Lásenice</city>
				<postalcode>378 01</postalcode>
			</address>
			<email sendNewsletter="true">Kristnapalkov@teleworm.us</email>
			<phone>388691887</phone>
			<registered>2010-07-06</registered>
		</user>
		<user id="u104" type="Adult">
			<name>
				<firstname>Hugo</firstname>
				<lastname>Zahradník</lastname>
			</name>
			<address>
				<street>Hájecká</street>
				<number>1874</number>
				<city>Šlapanice</city>
				<postalcode>273 72</postalcode>
			</address>
			<email sendNewsletter="false">HemanZahradnk@teleworm.us</email>
			<phone>727785578</phone>
			<registered>2006-03-02</registered>
		</user>
		<user id="u105" type="Student">
			<name>
				<firstname>Jiří</firstname>
				<middlename>Pavel</middlename>				
				<lastname>Gál</lastname>
			</name>
			<address>
				<street>U Trati</street>
				<number>280</number>
				<city>Kralovice</city>
				<postalcode>331 41</postalcode>
			</address>
			<email sendNewsletter="false">JiGl@dayrep.com</email>
			<phone>372264002</phone>
			<registered>2011-01-08</registered>
		</user>
		<user id="u106" type="Child">
			<name>
				<firstname>Eva</firstname>
				<middlename>Anna</middlename>
				<lastname>Nosková</lastname>
			</name>
			<address>
				<street>Fibichova</street>
				<number>543</number>
				<city>Mělník</city>
				<postalcode>276 01</postalcode>
			</address>
			<email sendNewsletter="true">eva.noskova@email.cz</email>
			<phone>733245904</phone>
			<registered>2008-04-03</registered>
		</user>
		<user id="u107" type="Student">
			<name>
				<firstname>Zdenka</firstname>
				<lastname>Piklová</lastname>
			</name>
			<address>
				<street>Budovatelská</street>
				<number>1066</number>
				<city>Praha 10</city>
				<postalcode>129 03</postalcode>
			</address>
			<email sendNewsletter="true">zdenka22@gmail.com</email>
			<phone>601666976</phone>
			<registered>2012-12-11</registered>
		</user>
		<user id="u108" type="Student">
			<name>
				<firstname>Iva</firstname>
				<lastname>Joudalová</lastname>
			</name>	
			<address>
				<street>Vinohradská</street>
				<number>90</number>
				<city>Praha 3</city>
				<postalcode>121 01</postalcode>
			</address>
			<email sendNewsletter="true">iva.joudalova@gmail.com</email>
			<registered>2010-09-12</registered>
		</user>
		<user id="u109" type="Student">
			<name>
				<firstname>Jan</firstname>
				<lastname>Houska</lastname>
			</name>
			<address>
				<street>Jiřího z Poděbrad</street>
				<number>30</number>
				<city>Praha 3</city>
				<postalcode>121 01</postalcode>
			</address>
			<email sendNewsletter="true">jan@houska.cz</email>
			<phone>777589976</phone>
			<registered>2007-09-10</registered>
		</user>


	</users>
	<loans>
		<loan id="l26786" userId="u103" catalogId="bk101">
			<loan-date>2013-02-03</loan-date>
			<max-return-date>2013-05-03</max-return-date>
		</loan>
		<loan id="l26787" userId="u103" catalogId="bk101">
			<loan-date>2013-02-03</loan-date>
			<max-return-date>2013-05-03</max-return-date>
			<return-date>2013-04-18</return-date>
		</loan>
		<loan id="l26789" userId="u104" catalogId="bk102">
			<loan-date>2013-02-03</loan-date>
			<max-return-date>2013-05-03</max-return-date>
			
		</loan>
		<loan id="l26790" userId="u104" catalogId="bk104">
			<loan-date>2013-02-03</loan-date>
			<max-return-date>2013-05-03</max-return-date>
			<return-date>2013-04-18</return-date>
		</loan>
		<loan id="l26791" userId="u106" catalogId="bk111">
			<loan-date>2013-02-03</loan-date>
			<max-return-date>2013-05-03</max-return-date>
			
		</loan>
		<loan id="l26792" userId="u108" catalogId="bk109">
			<loan-date>2013-02-03</loan-date>
			<max-return-date>2013-05-03</max-return-date>
			
		</loan>
		<loan id="l26793" userId="u109" catalogId="mv101">
			<loan-date>2013-02-03</loan-date>
			<max-return-date>2013-05-03</max-return-date>
			<return-date>2013-04-18</return-date>
		</loan>
		
	</loans>
</library>
