<?xml version="1.0" encoding="utf-8" ?>
<!DOCTYPE broker SYSTEM "data.dtd">
<broker>
  <clients>
    <client id="c_9102111183">
      <name>
        <first>
          <?php echo "Mr." ?>Josef</first>
        <last>Vyskocil</last>
      </name>
      <adress>
        <state>Czech Republic</state>
        <city>Prague</city>
        <street>Vodickova</street>
        <landRegistryNumber>15</landRegistryNumber>
        <postalCode>120 00</postalCode>        
      </adress>
      <email>j.vyskocil@hotmail.com</email>
      <phone>777 531 441</phone>
      <accounts>
        <account cislo="a_9102111183_1" currency="EUR">
          <balance>0 &euro;</balance> <!-- pouziti entity, nadbytecne -->
          <transactions>
            <transaction id="t_9102111183_1" accId="a_9102111183_1" type="deposit">
              <market>EUR</market>
              <units>100000</units>
              <price></price>
              <datetime>
                <date>
                  <day>1</day>
                  <month>1</month>
                  <year>2010</year>
                </date>
                <time>
                  <hours>0</hours>
                  <minutes>0</minutes>
                  <seconds>0</seconds>
                </time>
              </datetime>
              <balance>100000</balance>
            </transaction>
            <transaction id="t_9102111183_2" accId="a_9102111183_1" type="sell">
              <market>EUR/USD</market>
              <units>100000</units>
              <price>1.3243</price>
              <datetime>
                <date>
                  <day>2</day>
                  <month>1</month>
                  <year>2010</year>
                </date>
                <time>
                  <hours>9</hours>
                  <minutes>0</minutes>
                  <seconds>0</seconds>
                </time>
              </datetime>
              <balance>100000</balance>
            </transaction>
            <transaction id="t_9102111183_3" accId="a_9102111183_1" type="close" transId="t_9102111183_2">
              <market>EUR/USD</market>
              <units>100000</units>
              <price>1.3250</price>
              <datetime>
                <date>
                  <day>2</day>
                  <month>1</month>
                  <year>2010</year>
                </date>
                <time>
                  <hours>9</hours>
                  <minutes>8</minutes>
                  <seconds>41</seconds>
                </time>
              </datetime>              
              <balance>100035</balance>              
            </transaction>
            <transaction id="t_9102111183_4" accId="a_9102111183_1" type="buy">
              <market>EUR/USD</market>
              <units>100000</units>
              <price>1.3421</price>
              <datetime>
                <date>
                  <day>3</day>
                  <month>1</month>
                  <year>2010</year>
                </date>
                <time>
                  <hours>9</hours>
                  <minutes>10</minutes>
                  <seconds>10</seconds>
                </time>
              </datetime>
              <balance>100035</balance>
            </transaction>
            <transaction id="t_9102111183_5" accId="a_9102111183_1" type="close" transId="t_9102111183_4">
              <market>EUR/USD</market>
              <units>100000</units>
              <price>1.3471</price>
              <datetime>
                <date>
                  <day>3</day>
                  <month>1</month>
                  <year>2010</year>
                </date>
                <time>
                  <hours>9</hours>
                  <minutes>55</minutes>
                  <seconds>1</seconds>
                </time>
              </datetime>
              <balance>100385</balance>
            </transaction>
            <transaction id="t_9102111183_6" accId="a_9102111183_1" type="deposit">
              <market>EUR</market>
              <units>500</units>
              <price></price>
              <datetime>
                <date>
                  <day>1</day>
                  <month>2</month>
                  <year>2010</year>
                </date>
                <time>
                  <hours>0</hours>
                  <minutes>0</minutes>
                  <seconds>0</seconds>
                </time>
              </datetime>
              <balance>100885</balance>
            </transaction>
            <transaction id="t_9102111183_7" accId="a_9102111183_1" type="withdraw">
              <market>EUR</market>
              <units>100000</units>
              <price></price>
              <datetime>
                <date>
                  <day>15</day>
                  <month>3</month>
                  <year>2010</year>
                </date>
                <time>
                  <hours>0</hours>
                  <minutes>0</minutes>
                  <seconds>0</seconds>
                </time>
              </datetime>
              <balance>885</balance>
            </transaction>
            <transaction id="t_9102111183_8" accId="a_9102111183_1" type="sell">
              <market>EUR/USD</market>
              <units>10000</units>
              <price>1.4521</price>
              <datetime>
                <date>
                  <day>14</day>
                  <month>8</month>
                  <year>2010</year>
                </date>
                <time>
                  <hours>16</hours>
                  <minutes>29</minutes>
                  <seconds>33</seconds>
                </time>
              </datetime>
              <balance>885</balance>
            </transaction>
            <transaction id="t_9102111183_9" accId="a_9102111183_1" type="close">
              <market>EUR/USD</market>
              <units>10000</units>
              <price>1.4500</price>
              <datetime>
                <date>
                  <day>14</day>
                  <month>8</month>
                  <year>2010</year>
                </date>
                <time>
                  <hours>16</hours>
                  <minutes>30</minutes>
                  <seconds>25</seconds>
                </time>
              </datetime>
              <balance>875</balance>
            </transaction>
            <transaction id="t_9102111183_10" accId="a_9102111183_1" type="withdraw">
              <market>EUR</market>
              <units>875</units>
              <price></price>
              <datetime>
                <date>
                  <day>15</day>
                  <month>12</month>
                  <year>2010</year>
                </date>
                <time>
                  <hours>0</hours>
                  <minutes>0</minutes>
                  <seconds>0</seconds>
                </time>
              </datetime>
              <balance>0</balance>
            </transaction>
          </transactions>
        </account>
      </accounts>
      <note>This is test account</note>
      <note2 cn="Chuck Norris" code="testik">This is <special>test</special> account <![CDATA[<<<&&TEST&&>>>]]></note2>
      <active/>
    </client>    
  </clients>
</broker>