<contracts>
      <contract type="full_time" playerRef="p1">
        <started>2010-11-11</started>
        <expires>2015-06-30</expires>
        <wage>30000</wage>
      </contract>
      <contract type="full_time" playerRef="p21">
        <started>2009-06-12</started>
        <expires>2013-06-30</expires>
        <wage>20000</wage>
      </contract>
      <contract type="full_time" playerRef="p36">
        <started>2010-09-02</started>
        <expires>2014-06-30</expires>
        <wage>1999</wage>
      </contract>
      <contract type="full_time" playerRef="p6">
        <started>2012-07-24</started>
        <expires>2017-06-30</expires>
        <wage>60000</wage>
      </contract>
      <contract type="full_time" playerRef="p25">
        <started>2012-11-12</started>
        <expires>2018-06-30</expires>
        <wage>24999</wage>
      </contract>
      <contract type="full_time" playerRef="p4">
        <started>2011-08-31</started>
        <expires>2015-06-30</expires>
        <wage>80000</wage>
      </contract>
      <contract type="full_time" playerRef="p5">
        <started>2011-10-18</started>
        <expires>2015-06-30</expires>
        <wage>69999</wage>
      </contract>
      <contract type="full_time" playerRef="p17">
        <started>2013-01-31</started>
        <expires>2017-06-30</expires>
        <wage>34782</wage>
      </contract>
      <contract type="full_time" playerRef="p3">
        <started>2008-05-10</started>
        <expires>2014-06-30</expires>
        <wage>40000</wage>
      </contract>
      <contract type="full_time" playerRef="p28">
        <started>2012-12-19</started>
        <expires>2018-06-30</expires>
        <wage>39999</wage>
      </contract>
      <contract type="full_time" playerRef="p10">
        <started>2012-12-09</started>
        <expires>2018-06-30</expires>
        <wage>79999</wage>
      </contract>
      <contract type="full_time" playerRef="p8">
        <started>2011-08-31</started>
        <expires>2015-06-30</expires>
        <wage>65000</wage>
      </contract>
      <contract type="full_time" playerRef="p16">
        <started>2012-12-19</started>
        <expires>2018-06-30</expires>
        <wage>59999</wage>
      </contract>
      <contract type="youth" playerRef="p47">
        <started>2011-07-01</started>
        <expires>2014-06-30</expires>
        <wage>0</wage>
      </contract>
      <contract type="full_time" playerRef="p7">
        <started>2012-03-12</started>
        <expires>2014-06-30</expires>
        <wage>49999</wage>
      </contract>
      <contract type="full_time" playerRef="p19">
        <started>2012-08-07</started>
        <expires>2016-06-30</expires>
        <wage>70000</wage>
      </contract>
      <contract type="full_time" playerRef="p15">
        <started>2012-12-19</started>
        <expires>2018-06-30</expires>
        <wage>51999</wage>
      </contract>
      <contract type="full_time" playerRef="p11">
        <started>2013-08-17</started>
        <expires>2019-06-30</expires>
        <wage>83326</wage>
      </contract>
      <contract type="full_time" playerRef="p32">
        <started>2011-01-01</started>
        <expires>2016-06-30</expires>
        <wage>4999</wage>
      </contract>
      <contract type="full_time" playerRef="p14">
        <started>2013-01-18</started>
        <expires>2016-06-30</expires>
        <wage>99999</wage>
      </contract>
      <contract type="full_time" playerRef="p9">
        <started>2012-07-01</started>
        <expires>2016-06-30</expires>
        <wage>100000</wage>
      </contract>
      <contract type="full_time" playerRef="p12">
        <started>2012-07-01</started>
        <expires>2016-06-30</expires>
        <wage>50000</wage>
      </contract>
</contracts>
	  