<fixtures>
    <match id="m01" referee="Mark Webb">
        <opponent>Tottenham Hotspur</opponent>
        <date>2013-09-01</date>
        <place stadiumRef="emiratesstadium" />
        <competition>Premier League</competition>
        <captain playerRef="p10" />
        <squad>
            <player playerRef="p1" />
            <player playerRef="p6" />
            <player playerRef="p4" />
            <player playerRef="p25" />
            <player playerRef="p17" />
            <player playerRef="p8" />
            <player playerRef="p10" />
            <player playerRef="p7" />
            <player playerRef="p11" />
            <player playerRef="p14" />
            <player playerRef="p12" />
        </squad>
    </match>
    <match id="m02" referee="Andree Marriner">
        <opponent>Borussia Dortmund</opponent>
        <date>2013-10-22</date>
        <place stadiumRef="emiratesstadium" />
        <competition>Premier League</competition>
        <captain playerRef="p7" />
        <squad>
            <player playerRef="p1" />
            <player playerRef="p6" />
            <player playerRef="p4" />
            <player playerRef="p28" />
            <player playerRef="p3" />
            <player playerRef="p16" />
            <player playerRef="p10" />
            <player playerRef="p7" />
            <player playerRef="p11" />
            <player playerRef="p19" />
            <player playerRef="p9" />
        </squad>
    </match>
</fixtures>