<players>
    <player id="p1" number="1" position="goalkeeper">
        <name>Wojciech Szczesny</name>
        <nation>Poland</nation>
        <date_of_birth>1990-04-18</date_of_birth>
        <squad>first_team</squad>
        <homegrown/>
        <goodWith>p5</goodWith>
    </player>
    <player id="p21" number="21" position="goalkeeper">
        <name>Lukasz Fabianski</name>
        <nation>Poland</nation>
        <date_of_birth>1985-04-18</date_of_birth>
        <squad>first_team</squad>
    </player>
    <player id="p36" number="36" position="goalkeeper">
        <name>Damián Martínez</name>
        <nation>Argentina</nation>
        <date_of_birth>1992-09-02</date_of_birth>
        <squad>reserve_team</squad>
        <homegrown/>
    </player>
    <player id="p6" number="6" position="defender">
        <name>Laurent Koscielny</name>
        <nation>France</nation>
        <date_of_birth>1985-09-10</date_of_birth>
        <squad>first_team</squad>
        <goodWith>p5</goodWith>
        <goodWith>p4</goodWith>
        <goodWith>p3</goodWith>
    </player>
    <player id="p4" number="4" position="defender">
        <name>Per Mertesacker</name>
        <nation>Germany</nation>
        <date_of_birth>1984-09-29</date_of_birth>
        <squad>first_team</squad>
    </player>
    <player id="p25" number="25" position="defender">
        <name>Carl Jenkinson</name>
        <nation>England</nation>
        <date_of_birth>1992-02-08</date_of_birth>
        <squad>first_team</squad>
        <homegrown/>
    </player>
    <player id="p5" number="5" position="defender">
        <name>Thomas Vermaelen</name>
        <nation>Belgium</nation>
        <date_of_birth>1985-11-14</date_of_birth>
        <squad>first_team</squad>
    </player>
    <player id="p17" number="17" position="defender">
        <name>Natxo Monreal</name>
        <nation>Spain</nation>
        <date_of_birth>1986-02-26</date_of_birth>
        <squad>first_team</squad>
        <goodWith>p19</goodWith>
        <goodWith>p8</goodWith>
    </player>
    <player id="p3" number="3" position="defender">
        <name>Bacary Sagna</name>
        <nation>France</nation>
        <date_of_birth>1983-02-14</date_of_birth>
        <squad>first_team</squad>
    </player>
    <player id="p28" number="28" position="defender">
        <name>Kieran Gibbs</name>
        <nation>England</nation>
        <date_of_birth>1989-09-26</date_of_birth>
        <squad>first_team</squad>
        <homegrown/>
    </player>
    <player id="p10" number="10" position="midfielder">
        <name>Jack Wilshere</name>
        <nation>England</nation>
        <date_of_birth>1992-01-01</date_of_birth>
        <squad>first_team</squad>
        <homegrown/>
        <goodWith>p7</goodWith>
        <goodWith>p19</goodWith>
        <goodWith>p16</goodWith>
        <goodWith>p14</goodWith>
    </player>
    <player id="p8" number="8" position="midfielder">
        <name>Mikel Arteta</name>
        <nation>Spain</nation>
        <date_of_birth>1982-03-28</date_of_birth>
        <squad>first_team</squad>
    </player>
    <player id="p16" number="16" position="midfielder">
        <name>Aaron Ramsey</name>
        <nation>Wales</nation>
        <date_of_birth>1990-12-26</date_of_birth>
        <squad>first_team</squad>
        <homegrown/>
        <goodWith>p7</goodWith>
    </player>
    <player id="p47" number="47" position="midfielder">
        <name>Serge Gnabry</name>
        <nation>Germany</nation>
        <date_of_birth>1995-07-14</date_of_birth>
        <squad>u20</squad>
        <homegrown/>
        <goodWith>p9</goodWith>
    </player>
    <player id="p7" number="7" position="midfielder">
        <name>Tomáš Rosický</name>
        <nation>Czech Republic</nation>
        <date_of_birth>1980-10-04</date_of_birth>
        <squad>first_team</squad>
        <goodWith>p14</goodWith>
    </player>
    <player id="p19" number="19" position="midfielder">
        <name>Santi Cazorla</name>
        <nation>Spain</nation>
        <date_of_birth>1984-12-13</date_of_birth>
        <squad>first_team</squad>
    </player>
    <player id="p15" number="15" position="midfielder">
        <name>Alex Oxlade-Chaimberlain</name>
        <nation>England</nation>
        <date_of_birth>1993-08-15</date_of_birth>
        <squad>first_team</squad>
        <homegrown/>
        <goodWith>p14</goodWith>
    </player>
    <player id="p11" number="11" position="midfielder">
        <name>Mesut Özil</name>
        <nation>Germany</nation>
        <date_of_birth>1988-10-15</date_of_birth>
        <squad>first_team</squad>
        <goodWith>p9</goodWith>
    </player>
    <player id="p32" number="32" position="midfielder">
        <name>Ryô Miyaichi</name>
        <nation>Japan</nation>
        <date_of_birth>1992-12-14</date_of_birth>
        <squad>reserve_team</squad>
        <homegrown/>
    </player>
    <player id="p14" number="14" position="forward">
        <name>Theo Walcott</name>
        <nation>England</nation>
        <date_of_birth>1989-03-16</date_of_birth>
        <squad>first_team</squad>
        <homegrown/>
    </player>
    <player id="p9" number="9" position="forward">
        <name>Lukas Podolski</name>
        <nation>Germany</nation>
        <date_of_birth>1985-06-04</date_of_birth>
        <squad>first_team</squad>
    </player>
    <player id="p12" number="12" position="forward">
        <name>Olivier Giroud</name>
        <nation>France</nation>
        <date_of_birth>1986-09-30</date_of_birth>
        <squad>first_team</squad>
    </player>
</players>