<?xml version="1.0" encoding="windows-1250"?>

<tym xmlns:xsi="http://www.w3.org/2001/XMLSchema-instance" xsi:noNamespaceSchemaLocation="data.xsd">
	<treneri>
		<trener hid="1">
			<jmeno>Petr</jmeno>
			<prijmeni>Vesely</prijmeni>
			<licence>A</licence>
			<email>petrvesely@seznam.cz</email>
		</trener>
	</treneri>
	<hraci>
		<hrac hid="1">
			<jmeno>Vit</jmeno>
			<prijmeni>Samek</prijmeni>
		</hrac>
		<hrac hid="2">
			<jmeno>Vit</jmeno>
			<prijmeni>Samek</prijmeni>
		</hrac>
		<hrac hid="3">
			<jmeno>Vit</jmeno>
			<prijmeni>Samek</prijmeni>
		</hrac>
		<hrac hid="4" vek="23">
			<jmeno>Vit</jmeno>
			<prijmeni>Samek</prijmeni>
		</hrac>
		<hrac hid="5">
			<jmeno>Vit</jmeno>
			<prijmeni>Samek</prijmeni>
		</hrac>
		<hrac hid="6">
			<jmeno>Vit</jmeno>
			<prijmeni>Samek</prijmeni>
		</hrac>
	</hraci>
	<novinky datum="12012013">Prijde nas podporit</novinky>

	
</tym>