<?xml version="1.0" encoding="UTF-8"?>

<knihovni_jednotky>
	<knihovna nazev="Moje knihovna" majitel="Silwer"/>
	<kniha cislo="8">
		<druh_vydani>elektronická</druh_vydani>
		<nazev>Mistrovství v C++</nazev>
		<autor>Stephen Prata &amp; Stephen Prata</autor>
		<původ>
			<zdroj>internet
			</zdroj>
			<datum_získání>
				<rok>2011</rok>
				<mesic>1</mesic>
			</datum_získání>
			<cena/>
		</původ>
		<informace>
			<obor>
				<hlavni>it</hlavni>
				<podobor>Programování</podobor>
			</obor>
			<vydání>
				<cislo>3</cislo>
				<datum_vydání/>
				<jazyk>czech</jazyk>
				<pocet_stran>1120</pocet_stran>
				<rok_prvniho_vydani>2001</rok_prvniho_vydani>
			</vydání>
			<ISBN>10</ISBN>
		</informace>
		<umisteni>
			<regal>15</regal>
			<police>35</police>
			<poradi>1</poradi>
			<znacka>it</znacka>
		</umisteni>
		<priloha/>
	</kniha>
	<kniha cislo="1">
		<druh_vydani/>
		<nazev>Technologie XML</nazev>
		<autor>I. Mlýnková, M. Nečaský</autor>
		<původ>
			<zdroj/>
			<datum_získání>
				<rok/>
				<mesic/>
			</datum_získání>
			<cena/>
		</původ>
		<informace>
			<obor>
				<hlavni/>
				<podobor/>
			</obor>
			<vydání>
				<cislo/>
				<datum_vydání/>
				<jazyk/>
				<pocet_stran/>
				<rok_prvniho_vydani/>
			</vydání>
			<ISBN/>
		</informace>
		<umisteni>
			<regal/>
			<police/>
			<poradi/>
			<znacka/>
		</umisteni>
		<priloha/>
	</kniha>
	<kniha cislo="2">
		<druh_vydani/>
		<nazev>Programujeme aplikace pro Symbian OS - V jazyce C++</nazev>
		<autor>Richard Harrison</autor>
		<původ>
			<zdroj/>
			<datum_získání>
				<rok/>
				<mesic/>
			</datum_získání>
			<cena/>
		</původ>
		<informace>
			<obor>
				<hlavni/>
				<podobor/>
			</obor>
			<vydání>
				<cislo/>
				<datum_vydání/>
				<jazyk/>
				<pocet_stran>408</pocet_stran>
				<rok_prvniho_vydani/>
			</vydání>
			<ISBN>80-251-1243-8</ISBN>
		</informace>
		<umisteni>
			<regal/>
			<police/>
			<poradi/>
			<znacka/>
		</umisteni>
		<priloha/>
	</kniha>
	<kniha cislo="3">
		<druh_vydani/>
		<nazev>Mistrovství v programování SQL Serveru 2005</nazev>
		<autor>Andrew J. Brust, Stephen Forte</autor>
		<původ>
			<zdroj/>
			<datum_získání>
				<rok/>
				<mesic/>
			</datum_získání>
			<cena/>
		</původ>
		<informace>
			<obor>
				<hlavni/>
				<podobor/>
			</obor>
			<vydání>
				<cislo/>
				<datum_vydání/>
				<jazyk/>
				<pocet_stran>848</pocet_stran>
				<rok_prvniho_vydani/>
			</vydání>
			<ISBN>978-80-251-1607-4</ISBN>
		</informace>
		<umisteni>
			<regal/>
			<police/>
			<poradi/>
			<znacka/>
		</umisteni>
		<priloha/>
	</kniha>
</knihovni_jednotky>
