<?xml version="1.0" encoding="UTF-8"?>
<knihovni_jednotky>
	<knihovna nazev="Moje knihovna" majitel="Silwer"/>
	<kniha cislo="4">
		<druh_vydani/>
		<nazev>Linux - Začínáme programovat, překlad 4. vydání</nazev>
		<autor>Neil Matthew, Richard Stones </autor>
		<původ>
			<zdroj/>
			<datum_získání>
				<rok/>
				<mesic/>
			</datum_získání>
			<cena></cena>
		</původ>
		<informace>
			<obor>
				<hlavni>Operační systémy</hlavni>
				<podobor>linux</podobor>
				</obor>
			<vydání>
				<cislo/>
				<datum_vydání/>
				<jazyk/>
				<pocet_stran>832</pocet_stran>
				<rok_prvniho_vydani/>
			</vydání>
			<ISBN>978-80-251-1933-4</ISBN>
		</informace>
		<umisteni>
			<regal/>
			<police/>
			<poradi/>
			<znacka/>
		</umisteni>
		<priloha/>
	</kniha>
	<kniha cislo="5">
		<druh_vydani/>
		<nazev>Dokonalý kód - Umění programování a techniky tvorby software</nazev>
		<autor>Steve McConnell</autor>
		<původ>
			<zdroj/>
			<datum_získání>
				<rok/>
				<mesic/>
			</datum_získání>
			<cena></cena>
		</původ>
		<informace>
			<obor>
				<hlavni>Programování</hlavni>
				<podobor>obecné</podobor>
			</obor>
			<vydání>
				<cislo/>
				<datum_vydání/>
				<jazyk/>
				<pocet_stran>896</pocet_stran>
				<rok_prvniho_vydani/>
			</vydání>
			<ISBN>80-251-0849-X</ISBN>
		</informace>
		<umisteni>
			<regal/>
			<police/>
			<poradi/>
			<znacka/>
		</umisteni>
		<priloha/>
	</kniha>
	<kniha cislo="6">
		<druh_vydani/>
		<nazev>1001 tipů a triků pro Microsoft Visual Basic</nazev>
		<autor/>
		<původ>
			<zdroj/>
			<datum_získání>
				<rok/>
				<mesic/>
			</datum_získání>
			<cena></cena>
		</původ>
		<informace>
			<obor>
				<hlavni>Programování</hlavni>
				<podobor>Visual basic</podobor>
			</obor>
			<vydání>
				<cislo/>
				<datum_vydání/>
				<jazyk/>
				<pocet_stran/>
				<rok_prvniho_vydani/>
			</vydání>
			<ISBN/>
		</informace>
		<umisteni>
			<regal/>
			<police/>
			<poradi/>
			<znacka/>
		</umisteni>
		<priloha/>
	</kniha>
	<kniha cislo="7">
		<druh_vydani/>
		<nazev>Microsoft Visual Basic 2010 - Krok za krokem</nazev>
		<autor>Michael Halvorson</autor>
		<původ>
			<zdroj>Luxor</zdroj>
			<datum_získání>
				<rok/>
				<mesic/>
			</datum_získání>
			<cena>500</cena>
		</původ>
		<informace>
			<obor>
				<hlavni>Programování</hlavni>
				<podobor>Visual basic</podobor>
			</obor>
			<vydání>
				<cislo/>
				<datum_vydání/>
				<jazyk/>
				<pocet_stran>480</pocet_stran>
				<rok_prvniho_vydani/>
			</vydání>
			<ISBN>978-80-251-3146-6</ISBN>
		</informace>
		<umisteni>
			<regal/>
			<police/>
			<poradi/>
			<znacka/>
		</umisteni>
		<priloha/>
	</kniha>
	<kniha cislo="10">
		<druh_vydani/>
		<nazev>Microsoft Visual C# 2010 - Krok za krokem</nazev>
		<autor>John Sharp</autor>
		<původ>
			<zdroj/>
			<datum_získání>
				<rok/>
				<mesic/>
			</datum_získání>
			<cena></cena>
		</původ>
		<informace>
			<obor>
				<hlavni>Programování</hlavni>
				<podobor>Visual C#</podobor>
			</obor>
			<vydání>
				<cislo/>
				<datum_vydání/>
				<jazyk/>
				<pocet_stran>696</pocet_stran>
				<rok_prvniho_vydani/>
			</vydání>
			<ISBN>978-80-251-3147-3</ISBN>
		</informace>
		<umisteni>
			<regal/>
			<police/>
			<poradi/>
			<znacka/>
		</umisteni>
		<priloha/>
	</kniha>
	<kniha cislo="9">
		<druh_vydani/>
		<nazev>Oracle - Programování v PL/SQL</nazev>
		<autor/>
		<původ>
			<zdroj/>
			<datum_získání>
				<rok/>
				<mesic/>
			</datum_získání>
			<cena></cena>
		</původ>
		<informace>
			<obor>
				<hlavni>Programování</hlavni>
				<podobor>Oracle</podobor>
			</obor>
			<vydání>
				<cislo/>
				<datum_vydání/>
				<jazyk/>
				<pocet_stran/>
				<rok_prvniho_vydani/>
			</vydání>
			<ISBN/>
		</informace>
		<umisteni>
			<regal/>
			<police/>
			<poradi/>
			<znacka/>
		</umisteni>
		<priloha/>
	</kniha>
</knihovni_jednotky>
