<?xml version="1.0" encoding="UTF-8"?>
<knihovni_jednotky>
	<knihovna nazev="Moje knihovna" majitel="Silwer"/>
	<kniha cislo="1">
		<nazev>Technologie XML</nazev>
		<autor>I. Mlýnková, M. Nečaský</autor>
		<kapitoly>
			<kapitola1>Principy formátu XML</kapitola1>
			<kapitola1>XML schémata a jazyk XML Schema</kapitola1>
			<kapitola1>Jazyky XPath, XPointer a XLink
			<kapitola2>XPath</kapitola2>
				<kapitola2>XPointer</kapitola2>
				<kapitola2>XLink</kapitola2>
				<kapitola2>Shrnutí</kapitola2>
			</kapitola1>
			<kapitola1>Pokročilé techniky jazyka XML Schema</kapitola1>
			<kapitola1>Transformace XML dokumentů pomocí XSLT</kapitola1>
			<kapitola1>Jazyk XQuery
			<kapitola2>Datové modely XML a dotazovacích jazyků</kapitola2>
				<kapitola2>Cesty</kapitola2>
				<kapitola2>Konstruktory</kapitola2>
				<kapitola2>Výrazy FLWOR</kapitola2>
				<kapitola2>Kvantifikátory</kapitola2>
				<kapitola2>Datový model XQuery</kapitola2>
				<kapitola2>Vstupní funkce</kapitola2>
				<kapitola2>Funkce</kapitola2>
				<kapitola2>Datové typy a schémata</kapitola2>
				<kapitola2>Formální sémantika XQuery</kapitola2>
				<kapitola2>Shrnutí</kapitola2>
			</kapitola1>
			<kapitola1>XML databáze</kapitola1>
			<kapitola1>Komprese XML dat</kapitola1>
			<kapitola1>Modelování XML dat</kapitola1>
			<kapitola1>Praktické využití XML</kapitola1>
		</kapitoly>
	</kniha>
	<kniha cislo="2">
		<nazev>Programujeme aplikace pro Symbian OS - V jazyce C++</nazev>
		<autor>Richard Harrison</autor>
		<kapitoly>
			<kapitola1>Základy systému Symbian
		<kapitola2>Vytváření a rušení objektů
			<kapitola3>Halda (dynamické objekty)</kapitola3>
					<kapitola3>Programový zásobník (automatické objekty)</kapitola3>
				</kapitola2>
				<kapitola2>Zpracování chyb a vyčištění paměti
		<kapitola3>Jaké druhy chyb?</kapitola3>
					<kapitola3>Fatální chyby (výjimky typu panic)</kapitola3>
					<kapitola3>Generování leave a použití makra trap</kapitola3>
					<kapitola3>Úklidovy zásobník (cleanup stack)</kapitola3>
				</kapitola2>
				<kapitola2>Zásady pojmenování
		<kapitola3>Jména tříd</kapitola3>
					<kapitola3>Jména dat</kapitola3>
					<kapitola3>Jména funkcí</kapitola3>
					<kapitola3>Jména maker</kapitola3>
				</kapitola2>
				<kapitola2>Deskriptory
		<kapitola3>Co jsou to deskriptory</kapitola3>
					<kapitola3>Modifikovatelné a nemodifikovatelné deskriptory</kapitola3>
					<kapitola3>Více informací o deskriptorech bufferu a haldy</kapitola3>
					<kapitola3>Struktura tříd deskriptorů</kapitola3>
					<kapitola3>Použití abstraktních tříd v rozhraních</kapitola3>
					<kapitola3>Literál _LIT</kapitola3>
					<kapitola3>Některé standardní funkce deskriptoru</kapitola3>
					<kapitola3>Reprezentace binárních dat</kapitola3>
					<kapitola3>Více informací o HBufC</kapitola3>
				</kapitola2>
				<kapitola2>Aktivní objekty
		<kapitola3>Asynchronní služby</kapitola3>
					<kapitola3>Multitasking a preempce</kapitola3>
					<kapitola3>Zevrubnější pohled na aktivní objekty</kapitola3>
					<kapitola3>Některé jednoduché aktivní objekty</kapitola3>
				</kapitola2>
			</kapitola1>
			<kapitola1>Uživatelské rozhraní
		<kapitola2>
					<kapitola3/>
				</kapitola2>
			</kapitola1>
			<kapitola1>Spuštění aplikace
		<kapitola2>
					<kapitola3/>
				</kapitola2>
			</kapitola1>
			<kapitola1>Práce s ovládacími prvky a dialogy
		<kapitola2>
					<kapitola3/>
				</kapitola2>
			</kapitola1>
			<kapitola1>Architektura pohledů
		<kapitola2>
					<kapitola3/>
				</kapitola2>
			</kapitola1>
			<kapitola1>Soubory a systém souborů
		<kapitola2>
					<kapitola3/>
				</kapitola2>
			</kapitola1>
			<kapitola1>Multimediální služby
		<kapitola2>
					<kapitola3/>
				</kapitola2>
			</kapitola1>
			<kapitola1>Komunikace a zasílání zpráv
		<kapitola2>
					<kapitola3/>
				</kapitola2>
			</kapitola1>
			<kapitola1>Testování na systému Symbian
		<kapitola2>
					<kapitola3/>
				</kapitola2>
			</kapitola1>
		</kapitoly>
	</kniha>
	<kniha cislo="3">
		<nazev>Mistrovství v programování SQL Serveru 2005</nazev>
		<autor>Andrew J. Brust, Stephen Forte</autor>
		<kapitoly>
			<kapitola1>
		</kapitola1>
		</kapitoly>
	</kniha>
	<kniha cislo="4">
		<nazev>Linux - Začínáme programovat, překlad 4. vydání</nazev>
		<autor>Neil Matthew, Richard Stones </autor>
		<kapitoly>
			<kapitola1>
		</kapitola1>
		</kapitoly>
	</kniha>
	<kniha cislo="5">
		<nazev>Dokonalý kód - Umění programování a techniky tvorby software</nazev>
		<autor>Steve McConnell</autor>
		<kapitoly>
			<kapitola1>
		</kapitola1>
		</kapitoly>
	</kniha>
	<kniha cislo="6">
		<nazev>1001 tipů a triků pro Microsoft Visual Basic</nazev>
		<autor/>
		<kapitoly>
			<kapitola1>
		</kapitola1>
		</kapitoly>
	</kniha>
	<kniha cislo="7">
		<nazev>Microsoft Visual Basic 2010 - Krok za krokem</nazev>
		<autor>Michael Halvorson</autor>
		<kapitoly>
			<kapitola1>
		</kapitola1>
		</kapitoly>
	</kniha>
	<kniha cislo="8">
		<nazev>Mistrovství v C++</nazev>
		<autor>Stephen Prata &amp; Stephen Prata</autor>
		<kapitoly>
			<kapitola1>
		</kapitola1>
		</kapitoly>
	</kniha>
	<kniha cislo="9">
		<nazev>Oracle - Programování v PL/SQL</nazev>
		<autor/>
		<kapitoly>
			<kapitola1>
		</kapitola1>
		</kapitoly>
	</kniha>
	<kniha cislo="10">
		<nazev>Microsoft Visual C# 2010 - Krok za krokem</nazev>
		<autor>John Sharp</autor>
		<kapitoly>
			<kapitola1>
		</kapitola1>
		</kapitoly>
	</kniha>
</knihovni_jednotky>
