<?xml version="1.0" encoding="UTF-8"?>

<knihovni_jednotky>
	<knihovna nazev="Moje knihovna" majitel="Silwer"/>
	<kniha cislo="8">
		<druh_vydani>elektronická</druh_vydani>
		<nazev>Mistrovství v C++</nazev>
		<autor>Stephen Prata &amp; Stephen Prata</autor>
		<původ>
			<zdroj>internet</zdroj>
			<datum_získání>
				<rok>2011</rok>
				<mesic>1</mesic>
			</datum_získání>
			<cena>1000</cena>
		</původ>
		<informace>
			<obor>
				<hlavni>it</hlavni>
				<podobor>C++</podobor>
			</obor>
			<vydání>
				<cislo>3</cislo>
				<datum_vydání/>
				<jazyk>czech</jazyk>
				<pocet_stran>1120</pocet_stran>
				<rok_prvniho_vydani>2001</rok_prvniho_vydani>
			</vydání>
			<ISBN>978-80-251-1749-1</ISBN>
		</informace>
		<umisteni>
			<regal>15</regal>
			<police>35</police>
			<poradi>1</poradi>
			<znacka>it</znacka>
		</umisteni>
		<priloha/>
	</kniha>
	<kniha cislo="1">
		<druh_vydani/>
		<nazev>Technologie XML</nazev>
		<autor>I. Mlýnková, M. Nečaský</autor>
		<původ>
			<zdroj>Luxor</zdroj>
			<datum_získání>
				<rok>2011</rok>
				<mesic>3</mesic>
			</datum_získání>
			<cena/>
		</původ>
		<informace>
			<obor>
				<hlavni>IT</hlavni>
				<podobor>XML</podobor>
			</obor>
			<vydání>
				<cislo>1</cislo>
				<datum_vydání>2008</datum_vydání>
				<jazyk>Česky</jazyk>
				<pocet_stran>272</pocet_stran>
				<rok_prvniho_vydani>2008</rok_prvniho_vydani>
			</vydání>
			<ISBN>978-80-247-2725-7</ISBN>
		</informace>
		<umisteni>
			<regal>5</regal>
			<police>3</police>
			<poradi>2</poradi>
			<znacka/>
		</umisteni>
		<priloha/>
	</kniha>
	<kniha cislo="2">
		<druh_vydani/>
		<nazev>Programujeme aplikace pro Symbian OS - V jazyce C++</nazev>
		<autor>Richard Harrison</autor>
		<původ>
			<zdroj>Luxor</zdroj>
			<datum_získání>
				<rok>2011</rok>
				<mesic>6</mesic>
			</datum_získání>
			<cena>450</cena>
		</původ>
		<informace>
			<obor>
				<hlavni>IT</hlavni>
				<podobor>C++</podobor>
			</obor>
			<vydání>
				<cislo>2</cislo>
				<datum_vydání>2010</datum_vydání>
				<jazyk>Česky</jazyk>
				<pocet_stran>408</pocet_stran>
				<rok_prvniho_vydani>2009</rok_prvniho_vydani>
			</vydání>
			<ISBN>80-251-1243-8</ISBN>
		</informace>
		<umisteni>
			<regal>9</regal>
			<police>54</police>
			<poradi>342</poradi>
			<znacka/>
		</umisteni>
		<priloha/>
	</kniha>
	<kniha cislo="3">
		<druh_vydani/>
		<nazev>Mistrovství v programování SQL Serveru 2005</nazev>
		<autor>Andrew J. Brust, Stephen Forte</autor>
		<původ>
			<zdroj>Internet</zdroj>
			<datum_získání>
				<rok>2009</rok>
				<mesic>6</mesic>
			</datum_získání>
			<cena>0</cena>
		</původ>
		<informace>
			<obor>
				<hlavni>IT</hlavni>
				<podobor>SQL</podobor>
			</obor>
			<vydání>
				<cislo>3</cislo>
				<datum_vydání>2011</datum_vydání>
				<jazyk>Česky</jazyk>
				<pocet_stran>848</pocet_stran>
				<rok_prvniho_vydani>2008</rok_prvniho_vydani>
			</vydání>
			<ISBN>978-80-251-1607-4</ISBN>
		</informace>
		<umisteni>
			<regal>21</regal>
			<police>2</police>
			<poradi>55</poradi>
			<znacka/>
		</umisteni>
		<priloha/>
	</kniha>
</knihovni_jednotky>
