<?xml version="1.0" encoding="UTF-8"?>
<!DOCTYPE dota SYSTEM "data.dtd">
<dota>
	<heroTypes comment="all 3 types">
		<heroType id="t_1">Strength</heroType>
		<heroType id="t_2">Agility</heroType>
		<heroType id="t_3">Intelligence</heroType>
	</heroTypes>
	<heroes>
		<hero id="h_1">
			<type id="t_1" />
			<name>Pudge</name>
			<class>Butcher</class>
			<moveSpeed>285</moveSpeed>
			<strength>25</strength>
			<agility>14</agility>
			<intelligence>14</intelligence>
			<hp>625</hp>
			<mana>182</mana>
			<damage>55</damage>
			<armor>0.96</armor>
			<attack>
			    <speed>
        			<attacksPerSecond>0.67</attacksPerSecond>
	    			<baseAttackTime>1.7</baseAttackTime>
    			</speed>
    			<attackRange type="melee">100</attackRange>
			</attack>
			<lore>In the Fields of Endless Carnage, far to the south of Quoidge...Even those who are beyond fearing the <b>Reaper</b>, fear the <b>Butcher</b>.</lore>
		</hero>
		<hero id="h_2">
		    <type id="t_2" />
		    <name>Lanaya</name>
		    <class>Templar Assassin</class>
		    <moveSpeed>305</moveSpeed>
		    <strength>18</strength>
		    <agility>23</agility>
		    <intelligence>20</intelligence>
		    <hp>492</hp>
		    <mana>260</mana>
		    <damage>56</damage>
		    <armor>4.22</armor>
		    <attack>
		        <speed>
		            <attacksPerSecond>0.72</attacksPerSecond>
		            <baseAttackTime>1.7</baseAttackTime>
		        </speed>
	            <attackRange type="ranged">140</attackRange>
		    </attack>
		    <lore><![CDATA[In the eyes of each foe she expunges, a bit more of the mystery is revealed. And possible equation too. x < 5 && x > 4]]></lore>
		</hero>
	</heroes>
	<!-- here ends the reasonable data -->
	<!-- here comes the source from where the data is from -->
	<source>&source;</source>
	<sourceHtml src="htmlSource">Link to source.<?php echo 'source is here'?></sourceHtml>
</dota>