<?xml version="1.0" encoding="UTF-8"?>
<zoo id="i_9516237" xmlns:xsi="http://www.w3.org/2001/XMLSchema-instance" xsi:noNamespaceSchemaLocation="file:///E:/Work/xml/DU4/data.xsd">
	<nazev>Zoo Blno</nazev>
	<zvire z_id="Z123456789">
		<klasifikace>
			<rise nazev="zivocichove">
				<kmen nazev="strunatci">
					<podkmen nazev="obratlovci">
						<trida nazev="savci">
							<podtrida nazev="vacnatci">
								<rad nazev="kunovci">
									<celed nazev="kunovcoviti">
										<rod nazev="dabel">
											<druh nazev="medvedovity"/>
										</rod>
									</celed>
								</rad>
							</podtrida>
						</trida>
					</podkmen>
				</kmen>
			</rise>
		</klasifikace>
		<osloveni>Xerberos</osloveni>
		<narozeni>
			<misto>
				<vzoo z_id="Z123456789"/>
			</misto>
			<datum>
				<rok>1999</rok>
				<mesic>--12</mesic>
				<den>---16</den>
			</datum>
		</narozeni>
		<pohlavi pohlavi="samec"/>
		<miry>
			<vaha>15 kg</vaha>
			<vyska>15 cm</vyska>
		</miry>
		<vybeh k_id="AA_5"/>
		<sponzor>
			<kontakt>
				<adresa>
					<ulice>Zbohatla 12</ulice>
					<mesto>Skrblikov</mesto>
					<stat>Ceska republika?</stat>
					<psc>111 11</psc>
				</adresa>
				<telefon>663366366</telefon>
			</kontakt>
		</sponzor>
		<varovani>
			Jedinec se silne boji hlasitych zvuku.
		</varovani>
		<varovani><![CDATA[ "Krmivo <123-456> mu nedela dobre"
			]]></varovani>
		<upozorneni>
			<osetrujici o_id="O987654321"/> provedl osetreni predni pracky
		</upozorneni>
		<zraneni datum="2011-05-13">Zraneni predni pracky</zraneni>
	</zvire>
	<zvire z_id="Z985456789">
		<klasifikace>
			<rise nazev="zivocichove">
				<kmen nazev="strunatci">
					<podkmen nazev="obratlovci">
						<trida nazev="savci">
							<podtrida nazev="vacnatci">
								<rad nazev="kunovci">
									<celed nazev="kunovcoviti">
										<rod nazev="dabel">
											<druh nazev="medvedovity"/>
										</rod>
									</celed>
								</rad>
							</podtrida>
						</trida>
					</podkmen>
				</kmen>
			</rise>
		</klasifikace>
		<osloveni>Lilie</osloveni>
		<narozeni>
			<misto>
				<vzoo z_id="Z123456789"/>
			</misto>
			<datum>
				<rok>1999</rok>
				<mesic>--12</mesic>
				<den>---17</den>
			</datum>
		</narozeni>
		<pohlavi pohlavi="samice"/>
		<miry>
			<vaha>11 kg</vaha>
			<vyska>14 cm</vyska>
		</miry>
		<vybeh k_id="AA_5"/>
		<varovani>
			Jedinec se silne boji pavouku.
		</varovani>
		<upozorneni>
			<osetrujici o_id="O987654321"/> provedl osetreni zadni pracky
		</upozorneni>
		<zraneni datum="2011-05-13">Zraneni zadni pracky</zraneni>
	</zvire>
	<osetrovatel o_id="O987654321" kvalifikace="D">
		<jmeno>
			<krestni>Petr</krestni>
			<prijmeni>Nalevka</prijmeni>
		</jmeno>
		<kontakt>
			<adresa>
				<ulice>Odpadni 12</ulice>
				<mesto>Medvedov</mesto>
				<stat>Ceska republika</stat>
				<psc>456 88</psc>
			</adresa>
			<telefon>123 852 951</telefon>
			<mail>p.nalevka@totozoo.cz</mail>
		</kontakt>
		<zvirata>
			<zvire_opatrovane z_id="Z123456789"/>
			<zvire_opatrovane z_id="Z985456789"/>
		</zvirata>
	</osetrovatel>
	<zoo_cleneni>
		<oblast ob_id="AA">
			<klec k_id="AA_5"/>
		</oblast>
	</zoo_cleneni>
</zoo>
