<?xml version="1.0" encoding="UTF-8"?>
<pharmacy xmlns:xsi="http://www.w3.org/2001/XMLSchema-instance" xsi:noNamespaceSchemaLocation="data.xsd">
	<title><![CDATA[
			document.writeln("<p>Pharmacy</p>");
		]]></title>
	<!-- List of medications -->
	<medications>
		<medication id="_1" name="med1" count="10" price="100"/>
		<medication id="_2" name="med2" count="12" price="25"/>
		<medication id="_3" name="med3" count="7" price="300"/>
		<medication id="_4" name="med4" count="14" price="24"/>
		<medication id="_5" name="med5" count="5" price="89"/>
		<medication id="_6" name="med6" count="13" price="23"/>
		<medication id="_7" name="med7" count="18" price="231"/>
		<medication id="_8" name="med8" count="19" price="123"/>
		<medication id="_9" name="med9" count="20" price="154"/>
		<medication id="_10" name="med10" count="31" price="423"/>
	</medications>
	<!-- List of customers -->
	<customers>
		<customer_info id="_11">
			<name>Some Name</name>
			<address>
				<post_code>123</post_code>
				<city>Praha</city>
				<country>Ceska republika</country>
			</address>
		</customer_info>
		<customer_info id="_12">
			<name>Another Name</name>
			<address>
				<post_code>189</post_code>
				<city>Brartislava</city>
				<country>Slovenska republika</country>
			</address>
		</customer_info>
	</customers>
	
	<orders>
		<order>
			<customer_id id="_11"/>
			<medications_ids ids="_1 _3 _5"/>
		</order>
	</orders>	
	
	<note id="_10">some note</note>
</pharmacy>
