<?xml version="1.0" encoding="UTF-8"?>
<objednavky>
	<objednavka>
		<jmeno_zak>Jan Novak</jmeno_zak>
		<desky>
			<id_d>id_mnn2000</id_d>
			<id_d>id_rls1976</id_d>
		</desky>
		<datum_obj>2011-09-01</datum_obj>
		<stav_obj>expedovana</stav_obj>
	</objednavka>
	<objednavka>
		<jmeno_zak>Standa Cerny</jmeno_zak>
		<desky>
			<id_d>id_rhcp2011</id_d>
			<id_d>id_rhcp1999</id_d>
		</desky>
		<datum_obj>2012-03-06</datum_obj>
		<stav_obj>pripravena</stav_obj>
	</objednavka>
	<objednavka>
		<jmeno_zak>Kristina Ivanova</jmeno_zak>
		<desky>
			<id_d>id_rhcp2011</id_d>
		</desky>
		<datum_obj>2012-04-16</datum_obj>
		<stav_obj>zrusena</stav_obj>
	</objednavka>
	<objednavka>
		<jmeno_zak>Lenka Novakova</jmeno_zak>
		<desky>
			<id_d>id_rhcp1999</id_d>
			<id_d>id_rls1976</id_d>
			<id_d>id_bd1990</id_d>
		</desky>
		<datum_obj>2011-10-11</datum_obj>
		<stav_obj>expedovana</stav_obj>
	</objednavka>
</objednavky>