<?xml version="1.0" encoding="UTF-8"?>
<dota
    xmlns:xsi="http://www.w3.org/2001/XMLSchema-instance"
    xsi:noNamespaceSchemaLocation="data.xsd">
	
	<heroes>
		<hero id="h_1">
			<type id="t_1" />
			<name>Pudge</name>
			<class>Butcher</class>
			<moveSpeed>285</moveSpeed>
			<strength growth="3.2">25</strength>
			<agility growth="1.5">14</agility>
			<intelligence growth="1.5">14</intelligence>
			<hp>625</hp>
			<mana>182</mana>
			<damage>55</damage>
			<armor>0.96</armor>
			<attack>
			    <speed>
        			<attacksPerSecond>0.67</attacksPerSecond>
	    			<baseAttackTime>1.7</baseAttackTime>
    			</speed>
    			<attackRange type="melee">100</attackRange>
			</attack>
			<lore>In the Fields of Endless Carnage, far to the south of Quoidge...Even those who are beyond fearing the <b>Reaper</b>, fear the <b>Butcher</b>.</lore>
		</hero>
		<hero id="h_2">
		    <type id="t_2" />
		    <name>Lanaya</name>
		    <class>Templar Assassin</class>
		    <moveSpeed>305</moveSpeed>
		    <strength growth="2.1">18</strength>
		    <agility growth="2.7">23</agility>
		    <intelligence growth="2">20</intelligence>
		    <hp>492</hp>
		    <mana>260</mana>
		    <damage>56</damage>
		    <armor>4.22</armor>
		    <attack>
		        <speed>
		            <attacksPerSecond>0.72</attacksPerSecond>
		            <baseAttackTime>1.7</baseAttackTime>
		        </speed>
	            <attackRange type="ranged">140</attackRange>
		    </attack>
		    <lore><![CDATA[In the eyes of each foe she expunges, a bit more of the mystery is revealed. And possible equation too. x < 5 && x > 4]]></lore>
		</hero>
		<hero id="h_3">
		    <type id="t_3" />
		    <name>Rylai</name>
		    <class>Crystal Maiden</class>
		    <moveSpeed>280</moveSpeed>
		    <strength growth="1.7">16</strength>
		    <agility growth="1.6">16</agility>
		    <intelligence growth="2.9">16</intelligence>
		    <hp>454</hp>
		    <mana>208</mana>
		    <damage>38</damage>
		    <armor>1.24</armor>
		    <attack>
		        <speed>
		            <attacksPerSecond>0.68</attacksPerSecond>
		            <baseAttackTime>1.7</baseAttackTime>
		        </speed>
		        <attackRange type="ranged">600</attackRange>
		    </attack>
		    <lore>... Her mastery of the Frozen Arts has only deepened since that time, and now her skills are unmatched.</lore>
		</hero>
		<hero id="h_4">
		    <type id="t_3" />
		    <name>Puck</name>
		    <class>Fairie Dragon</class>
		    <moveSpeed>295</moveSpeed>
		    <strength growth="1.7">15</strength>
		    <agility growth="1.7">22</agility>
		    <intelligence growth="2.4">25</intelligence>
		    <hp>435</hp>
		    <mana>325</mana>
		    <damage>53</damage>
		    <armor>2.08</armor>
		    <attack>
		        <speed>
		            <attacksPerSecond>0.71</attacksPerSecond>
		            <baseAttackTime>1.7</baseAttackTime>
		        </speed>
		        <attackRange type="ranged">550</attackRange>
		    </attack>
		    <lore>While Puck seems at first glance a mischievous, childish character, this quality masks an alien personality. ...</lore>
		</hero>
		<hero id="h_5">
		    <type id="t_1" />
		    <name>Magnus</name>
		    <class>Magnoceros</class>
		    <moveSpeed>315</moveSpeed>
		    <strength growth="2.75">21</strength>
		    <agility growth="2.5">15</agility>
		    <intelligence growth="1.65">19</intelligence>
		    <hp>549</hp>
		    <mana>247</mana>
		    <damage>55</damage>
		    <armor>4.1</armor>
		    <attack>
		        <speed>
		            <attacksPerSecond>0.67</attacksPerSecond>
		            <baseAttackTime>1.7</baseAttackTime>
		        </speed>
		        <attackRange type="melee">100</attackRange>
		    </attack>
		</hero>
		<hero id="h_6">
		    <type id="t_2" />
		    <name>Nevermore</name>
		    <class>Shadow Fiend</class>
		    <moveSpeed>305</moveSpeed>
		    <strength growth="2">15</strength>
		    <agility growth="2.9">20</agility>
		    <intelligence growth="2">18</intelligence>
		    <hp>435</hp>
		    <mana>234</mana>
		    <damage>38</damage>
		    <armor>1.8</armor>
		    <attack>
		        <speed>
		            <attacksPerSecond>0.7</attacksPerSecond>
		            <baseAttackTime>1.7</baseAttackTime>
		        </speed>
		        <attackRange type="ranged">500</attackRange>
		    </attack>
		    <lore>Shadow Fiend has the soul of a poet, and in fact he has thousands of them. ...</lore>
		</hero>
    </heroes>
    <spells>
        <spell>
            <hero>Magnus</hero>
            <name>Shockwave</name>
        </spell>
        <spell>
            <hero>Magnus</hero>
            <name>Empower</name>
        </spell>
        <spell>
            <hero>Magnus</hero>
            <name>Skewer</name>
        </spell>
        <spell>
            <hero>Magnus</hero>
            <name>Reverse Polarity</name>
        </spell>
        <spell>
            <hero>Rylai</hero>
            <name>Crystal Nova</name>
        </spell>
        <spell>
            <hero>Rylai</hero>
            <name>Frostbite</name>
        </spell>
        <spell>
            <hero>Rylai</hero>
            <name>Arcane Aura</name>
        </spell>
        <spell>
            <hero>Rylai</hero>
            <name>Freezing Field</name>
        </spell>
        <spell>
            <hero>Nevermore</hero>
            <name>Shadowraze</name>
        </spell>
        <spell>
            <hero>Nevermore</hero>
            <name>Necromastery</name>
        </spell>
        <spell>
            <hero>Nevermore</hero>
            <name>Presence of the Dark Lord</name>
        </spell>
        <spell>
            <hero>Nevermore</hero>
            <name>Requiem of Souls</name>
        </spell>
        <spell>
            <hero>Lanaya</hero>
            <name>Refraction</name>
        </spell>
        <spell>
            <hero>Lanaya</hero>
            <name>Meld</name>
        </spell>
        <spell>
            <hero>Lanaya</hero>
            <name>Psi Blades</name>
        </spell>
        <spell>
            <hero>Lanaya</hero>
            <name>Psionic Trap</name>
        </spell>
        <spell>
            <hero>Puck</hero>
            <name>Illusory Orb</name>
        </spell>
        <spell>
            <hero>Puck</hero>
            <name>Waning Rift</name>
        </spell>
        <spell>
            <hero>Puck</hero>
            <name>Phase Shift</name>
        </spell>
        <spell>
            <hero>Puck</hero>
            <name>Dream Coil</name>
        </spell>
        <spell>
            <hero>Pudge</hero>
            <name>Meat Hook</name>
        </spell>
        <spell>
            <hero>Pudge</hero>
            <name>Rot</name>
        </spell>
        <spell>
            <hero>Pudge</hero>
            <name>Flesh Heap</name>
        </spell>
        <spell>
            <hero>Pudge</hero>
            <name>Dismember</name>
        </spell>
    </spells>
    
	<!-- here ends the reasonable data -->
	<!-- here comes the source from where the data is from -->
	<source>source;</source>
	<sourceHtml src="htmlSource"><b>Link to</b> source.</sourceHtml>
</dota>