<?xml version="1.0" encoding="UTF-8"?>
<!--Databaze obchodu-->
<obchod xmlns:xsi="http://www.w3.org/2001/XMLSchema-instance" xsi:noNamespaceSchemaLocation="data.xsd">
	<sklad>
		<polozky>
			<polozka idPolozky="6811858" sazbaDPH="20">
				<ceny>
					<cena mena="CZK">8980</cena>
					<studentskaCena mena="CZK" ISIC="true">6890</studentskaCena>
				</ceny>
				<nazev>Thinkpad Edge E520</nazev>
				<znacka idZnacky="12684">Lenovo</znacka>
				<dodavatel idDodavatele="18456551">Lenovo CR s.r.o.</dodavatel>
				<popis><![CDATA[ Sedmnáctipalcový notebook z řady Lenovo IdeaPad díky modernímu hardwaru poskytne masivní porci výkonu a to za velmi lákavou cenu. Model Lenovo IdeaPad G770 je určený pro náročná multimédia a počítačové hry, ale s hmotností 3 kg a výdrží až 4,5 hodin na dodávanou baterii nebude žádný ... ]]><?php echo GenerateLink(6811858); ?>
				</popis>
				<zaruka>24</zaruka>
				<parametry>
					<parametr idParametru="125">
						<hodnota idHodnoty="326">500</hodnota>
						<hodnota idHodnoty="327">7200</hodnota>
					</parametr>
				</parametry>
				<slevy>
					<sleva procenta="15" konec="2012-05-26">
						<textSlevy>text</textSlevy>
					</sleva>
				</slevy>
				<skladem>
					<kusy pocet="20" stav="OK"/>
					<kusy pocet="1" stav="Rozbaleno"/>
					<kusy pocet="50" stav="NaCeste"/>
				</skladem>
				<interniKomentar>Tento produkt se od znacky <ref id="12684">Lenovo</ref> prodava nejvice</interniKomentar>
			</polozka>
		</polozky>
	</sklad>
	<dodavatele>
		<dodavatelZaznam idDodavatele="18456551">
			<kontakt>
				<adresa>
					<ulice>Dlouhá 28</ulice>
					<mesto>Praha</mesto>
					<psc>120 01</psc>
				</adresa>
				<telefony>
					<pevna>312284884</pevna>
					<mobil>727135968</mobil>
					<mobil>727198416</mobil>
				</telefony>
			</kontakt>
			<ic>29268326</ic>
			<dic>CZ29268326</dic>
		</dodavatelZaznam>
	</dodavatele>
	<znacky>
		<znackaZaznam idZnacky="12684">Lenovo</znackaZaznam>
		<znackaZaznam idZnacky="12685">HP</znackaZaznam>
	</znacky>
	<parametryZbozi>
		<definiceParametru idParametru="125" nazev="Pevný disk">
			<hodnota idHodnoty="326" nazev="Velikost disku"/>
			<hodnota idHodnoty="327" nazev="Ryhlost otáček"/>
		</definiceParametru>
	</parametryZbozi>
</obchod>
