<?xml version="1.0" encoding="UTF-8"?>
<!-- edited with XMLSpy v2011 sp1 (http://www.altova.com) by End User (free.org) -->
<!DOCTYPE fish-elektro SYSTEM "C:\Users\Hraško Andrej\Desktop\UK\XML\du.dtd">
<fish-elektro>
	<kontinent>
		<Europa>
			<stat>
				<Slovensko>
					<mesto>
						<Bratislava>
							<pobocka>
								<Hlavacikova/>
								<Veternicova/>
								<Smrekova/>
								<Molecova/>
								<Karloveska/>
								<Obchodna/>
								<Vysoka/>
								<Postova/>
								<Lafranconi/>
								<Sukennicka/>
							</pobocka>
						</Bratislava>
						<Kosice>
							<pobocka>
								<Hlavna/>
							</pobocka>
						</Kosice>
						<Banska_Bystrica>
							<pobocka>
								<Lipova/>
							</pobocka>
						</Banska_Bystrica>
					</mesto>
				</Slovensko>
				<Rakusko>
					<mesto>
						<Vieden>
							<pobocka>
								<Kartner_Strasse/>
							</pobocka>
						</Vieden>
					</mesto>
				</Rakusko>
			</stat>
		</Europa>
		<Azia>
			<stat>
				<Cina>
					<mesto>
						<Peking>
							<pobocka>
								<Ting_Tong/>
							</pobocka>
						</Peking>
					</mesto>
				</Cina>
			</stat>
		</Azia>
	</kontinent>
	<sortiment>
		<notebook id="Macbook Pro">
			<znacka>Apple</znacka>
			<rozlisenie>1600x900</rozlisenie>
			<rozmer>15</rozmer>
			<procesor>Core 2 Duo</procesor>
			<graficka_karta>nvidia 7600</graficka_karta>
		</notebook>
		<notebook id="3820t">
			<znacka>Acer</znacka>
			<rozlisenie>1366x900</rozlisenie>
			<rozmer>13</rozmer>
			<procesor>i5</procesor>
			<graficka_karta>ati hd 5650</graficka_karta>
		</notebook>
		<komponenty>
			<procesor id="i5">
				<takt>2333</takt>
				<ram>8</ram>
				<zbernica>333</zbernica>
			</procesor>
			<procesor id="Core 2 Duo">
				<takt>2200</takt>
				<ram>8</ram>
				<zbernica>266</zbernica>
			</procesor>
			<graficka_karta id="nvidia 7600">
				<ram>0.5</ram>
				<takt>600</takt>
				<shaders>120</shaders>
			</graficka_karta>
			<graficka_karta id="ati hd 5650">
				<ram>1</ram>
				<takt>700</takt>
				<shaders>800</shaders>
			</graficka_karta>
		</komponenty>
		<prislusenstvo>
			<kabel id="acer bla bla">
				<vykon>90</vykon>
			</kabel>
			<kluc>
				<id>kingston bla</id>
				<velkost>8</velkost>
			</kluc>
		</prislusenstvo>
	</sortiment>
</fish-elektro>
