<?xml version="1.0" encoding="UTF-8"?>

<reziseri>
	<resiser>
		<jmeno>Michael Apted</jmeno>
		<filmy>
			<film>
				<nazev>Jeden svět nestačí</nazev>
				<originalniNazev>The World Is Not Enough</originalniNazev>
				<zarnr>Akční / Thriller / Dobrodružný</zarnr>
				<delka>128</delka>
			</film>
			<film>
				<nazev>Nezlomná vůle</nazev>
				<originalniNazev>Amazing Grace</originalniNazev>
				<zarnr>Drama / Romantický / Historický / Životopisný</zarnr>
				<delka>111</delka>
			</film>
		</filmy>
	</resiser>
	<resiser>
		<jmeno>Guy Hamilton</jmeno>
		<filmy>
			<film>
				<nazev>Goldfinger</nazev>
				<originalniNazev>Goldfinger</originalniNazev>
				<zarnr>Akční / Thriller / Dobrodružný</zarnr>
				<delka>112</delka>
			</film>
		</filmy>
	</resiser>
</reziseri>