<?xml version="1.0" encoding="utf-8"?>
<DatabazeFilmu>
  <Uzivatele>
  	<Uzivatel id="uzivatel000001" datumVytvoreni="2014-03-10 10:00:00">
  		<Prezdivka>Plaki</Prezdivka>
	  	<PopisUzivatele>
	  		Jsem tu nový uživatel.
	  	</PopisUzivatele>
	  	<DatumPosledniAktivity><?php echo GetDateLastActivity("uzivatel000001") ?></DatumPosledniAktivity>
	  	<Shlednuto>
	  		<ShlednutoRef ref="film000001"/>
	  		<ShlednutoRef ref="film000002"/>
	  		<ShlednutoRef ref="film000003"/>
	  	</Shlednuto>
	  	<VlastniKopii>
	  		<KopieFilmu typ="DVD" ref="film000001"/>
	  		<KopieFilmu typ="BLU-RAY" ref="film000001"/>
	  		<KopieFilmu typ="kazeta" ref="film000002"/>
	  		<KopieFilmu typ="vPC" ref="film000002"/>
	  	</VlastniKopii>
  	</Uzivatel>
  	<Uzivatel id="uzivatel000002" datumVytvoreni="2014-03-10 10:00:00">
  		<Prezdivka>Prrrrázdný</Prezdivka>
	  	<PopisUzivatele>
	  		Ke mě není co dodat.
	  	</PopisUzivatele>
	  	<DatumPosledniAktivity><?php echo GetDateLastActivity("uzivatel000002") ?></DatumPosledniAktivity>
	  	<Shlednuto>
	  		<ShlednutoRef ref="film000001"/>
	  		<ShlednutoRef ref="film000003"/>
	  	</Shlednuto>
  	</Uzivatel>
  	<Uzivatel id="uzivatel000003" datumVytvoreni="2014-03-31 12:00:00">
  		<Prezdivka>Nový uživatel</Prezdivka>
	  	<PopisUzivatele>
	  	</PopisUzivatele>
	  	<DatumPosledniAktivity><?php echo GetDateLastActivity("uzivatel000003") ?></DatumPosledniAktivity>
  	</Uzivatel>
  	<Uzivatel id="uzivatel000004" datumVytvoreni="2014-03-31 12:00:00">
  		<Prezdivka>Bison</Prezdivka>
	  	<PopisUzivatele>
	  		Jsem znalý všech filmů.
	  	</PopisUzivatele>
	  	<DatumPosledniAktivity><?php echo GetDateLastActivity("uzivatel000004") ?></DatumPosledniAktivity>
	  	<Shlednuto>
	  		<ShlednutoRef ref="film000001"/>
	  		<ShlednutoRef ref="film000002"/>
	  		<ShlednutoRef ref="film000003"/>
	  		<ShlednutoRef ref="film000004"/>
	  	</Shlednuto>
	  	<VlastniKopii>
	  		<KopieFilmu typ="BLU-RAY" ref="film000001"/>
	  		<KopieFilmu typ="BLU-RAY" ref="film000002"/>
	  		<KopieFilmu typ="BLU-RAY" ref="film000003"/>
	  		<KopieFilmu typ="BLU-RAY" ref="film000004"/>
	  	</VlastniKopii>
  	</Uzivatel>
  	<Uzivatel id="uzivatel000005" datumVytvoreni="2014-03-31 12:00:00">
  		<Prezdivka>Snake03</Prezdivka>
	  	<PopisUzivatele>
	  		Plíživý jak had. Mám rád filmy.
	  	</PopisUzivatele>
	  	<DatumPosledniAktivity><?php echo GetDateLastActivity("uzivatel000005") ?></DatumPosledniAktivity>
	  	<Shlednuto>
	  		<ShlednutoRef ref="film000001"/>
	  		<ShlednutoRef ref="film000003"/>
	  		<ShlednutoRef ref="film000004"/>
	  	</Shlednuto>
	  	<VlastniKopii>
	  		<KopieFilmu typ="DVD" ref="film000001"/>
	  		<KopieFilmu typ="vPC" ref="film000001"/>
	  		<KopieFilmu typ="vPC" ref="film000004"/>
	  	</VlastniKopii>
  	</Uzivatel>
  	<Uzivatel id="uzivatel000006" datumVytvoreni="2014-03-31 12:00:00">
  		<Prezdivka>Ondra</Prezdivka>
	  	<PopisUzivatele>
	  		Nevím, co bych dodal.
	  	</PopisUzivatele>
	  	<DatumPosledniAktivity><?php echo GetDateLastActivity("uzivatel000006") ?></DatumPosledniAktivity>
	  	<Shlednuto>
	  		<ShlednutoRef ref="film000002"/>
	  		<ShlednutoRef ref="film000003"/>
	  	</Shlednuto>
	  	<VlastniKopii>
	  		<KopieFilmu typ="vPC" ref="film000002"/>
	  	</VlastniKopii>
  	</Uzivatel>
  	<Uzivatel id="uzivatel000007" datumVytvoreni="2014-03-31 12:00:00">
  		<Prezdivka>David</Prezdivka>
	  	<PopisUzivatele>
	  		Též nevím, co bych dodal, jako Ondra.
	  	</PopisUzivatele>
	  	<DatumPosledniAktivity><?php echo GetDateLastActivity("uzivatel000007") ?></DatumPosledniAktivity>
	  	<Shlednuto>
	  		<ShlednutoRef ref="film000002"/>
	  		<ShlednutoRef ref="film000003"/>
	  		<ShlednutoRef ref="film000004"/>
	  	</Shlednuto>
	  	<VlastniKopii>
	  		<KopieFilmu typ="vPC" ref="film000002"/>
	  		<KopieFilmu typ="vPC" ref="film000004"/>
	  	</VlastniKopii>
  	</Uzivatel>
  	<Uzivatel id="uzivatel000008" datumVytvoreni="2014-03-31 12:00:00">
  		<Prezdivka>XXX</Prezdivka>
	  	<PopisUzivatele>
	  		Už asi víte, jaký je můj nejoblíbenější film.
	  	</PopisUzivatele>
	  	<DatumPosledniAktivity><?php echo GetDateLastActivity("uzivatel000008") ?></DatumPosledniAktivity>
	  	<Shlednuto>
	  		<ShlednutoRef ref="film000001"/>
	  		<ShlednutoRef ref="film000002"/>
	  		<ShlednutoRef ref="film000003"/>
	  		<ShlednutoRef ref="film000004"/>
	  	</Shlednuto>
	  	<VlastniKopii>
	  		<KopieFilmu typ="vPC" ref="film000001"/>
	  		<KopieFilmu typ="DVD" ref="film000002"/>
	  		<KopieFilmu typ="DVD" ref="film000003"/>
	  		<KopieFilmu typ="vPC" ref="film000004"/>
	  		<KopieFilmu typ="DVD" ref="film000004"/>
	  	</VlastniKopii>
  	</Uzivatel>
  	<Uzivatel id="uzivatel000009" datumVytvoreni="2014-03-31 12:00:00">
  		<Prezdivka>Karel IV.</Prezdivka>
	  	<PopisUzivatele>
	  		Nevím jak, ale dostal jsem se do budoucnosti. Vůbec ji nerozumím.
	  	</PopisUzivatele>
	  	<DatumPosledniAktivity><?php echo GetDateLastActivity("uzivatel000009") ?></DatumPosledniAktivity>
  	</Uzivatel>
  	<Uzivatel id="uzivatel000010" datumVytvoreni="2014-03-31 12:00:00">
  		<Prezdivka>Pepa</Prezdivka>
	  	<PopisUzivatele>
	  		Na to DVD se chci podívat už dlouho, ale nemám na to čas.
	  	</PopisUzivatele>
	  	<DatumPosledniAktivity><?php echo GetDateLastActivity("uzivatel000010") ?></DatumPosledniAktivity>
	  	<Shlednuto>
	  		<ShlednutoRef ref="film000001"/>
	  		<ShlednutoRef ref="film000002"/>
	  		<ShlednutoRef ref="film000004"/>
	  	</Shlednuto>
	  	<VlastniKopii>
	  		<KopieFilmu typ="DVD" ref="film000003"/>
	  	</VlastniKopii>
  	</Uzivatel>
  </Uzivatele>
  <LideOdFilmu>
    <ClovekOdFilmu id="clovek000001" datumVytvoreni="2014-03-10 10:00:00">
      <Jmeno>James</Jmeno>
      <Prijmeni>Cameron</Prijmeni>
      <Narozen mesto="Kapuskasing, Ontario" stat="CAN">
        16.8.1954
      </Narozen>
      <Zapojeni>
      	<ZapojeniFilm rezie="true" scenar="true" rokUvedeni="2017">Avatar 3</ZapojeniFilm>
      	<ZapojeniFilm rezie="true" scenar="true" rokUvedeni="2017">Battle Angel</ZapojeniFilm>
      	<ZapojeniFilm rezie="true" scenar="true" rokUvedeni="2016">Avatar 2</ZapojeniFilm>
        <ZapojeniFilm ref="film000001" rezie="true" scenar="true" rokUvedeni="2009">Avatar</ZapojeniFilm>
      	<ZapojeniFilm rezie="true" scenar="true" rokUvedeni="1997">Titanic</ZapojeniFilm>
      	<ZapojeniFilm rezie="true" scenar="true" rokUvedeni="1984">Terminátor</ZapojeniFilm>
      </Zapojeni>
      <Popis>
      	Známý režisér filmových legend jako Terminátor, Vetřelci, Propast, či Titanic.
      </Popis>
      <Zajimavosti>
      	<Zajimavost refUzivatel="uzivatel000001" datumVytvoreni="2014-03-10 10:00:00">
      		Byl režisérem nejvýdělečnějšího filmu <FilmRef ref="film000001">Avatar</FilmRef>.
      	</Zajimavost>
      </Zajimavosti>
    </ClovekOdFilmu>
    <ClovekOdFilmu id="clovek000002" datumVytvoreni="2014-03-10 10:00:00">
      <Jmeno>Sam</Jmeno>
      <Prijmeni>Worthington</Prijmeni>
      <Narozen mesto="Godalming, Surrey, Anglie" stat="GB">
        2.8.1976
      </Narozen>
      <Zapojeni>
      	<ZapojeniFilm herec="true" rokUvedeni="2010">Souboj Titánů</ZapojeniFilm>
      	<ZapojeniFilm ref="film000001" herec="true" rokUvedeni="2009">Avatar</ZapojeniFilm>
      	<ZapojeniFilm herec="true" rokUvedeni="2009">Terminator Salvation</ZapojeniFilm>
      </Zapojeni>
      <Zajimavosti>
      </Zajimavosti>
    </ClovekOdFilmu>
    <ClovekOdFilmu id="clovek000003" datumVytvoreni="2014-03-10 10:00:00">
      <Jmeno>Sigourney</Jmeno>
      <Prijmeni>Weaver</Prijmeni>
      <Narozen mesto="New York, New York" stat="USA">
        8.10.1949
      </Narozen>
      <Zapojeni>
        <ZapojeniFilm ref="film000001" herec="true" rokUvedeni="2009">Avatar</ZapojeniFilm>
      	<ZapojeniFilm herec="true" rokUvedeni="1997">Vetřelec: Vzkříšení</ZapojeniFilm>
      	<ZapojeniFilm herec="true" rokUvedeni="1992">Vetřelec 3</ZapojeniFilm>
      	<ZapojeniFilm herec="true" rokUvedeni="1986">Vetřelci</ZapojeniFilm>
      	<ZapojeniFilm herec="true" rokUvedeni="1979">Vetřelec</ZapojeniFilm>
      </Zapojeni>
      <Popis>
      	Proslavila se ve filmu Vetřelec.
      </Popis>
      <Zajimavosti>
      </Zajimavosti>
    </ClovekOdFilmu>
  </LideOdFilmu>
  <Filmy>
    <Film id="film000001" datumVytvoreni="2014-03-10 10:00:00">
      <Nazev>Avatar</Nazev>
      <RokUvedeni>2009</RokUvedeni>
      <MistaNataceni>
        <StatNataceni stat="USA"/>
        <StatNataceni stat="GB"/>
      </MistaNataceni>
      <Zanr>Akční | Dobrodružný | Fantasy | Sci-Fi</Zanr>
      <Delka>
      	<DelkaVerze minut="171">Standartní verze</DelkaVerze>
      	<DelkaVerze minut="178">Režisérská verze</DelkaVerze>
      </Delka>
      <ZapojeniLide>
      	<RezieFilmu>
	      	<ClovekRef ref="clovek000001">James Cameron</ClovekRef>
      	</RezieFilmu>
      	<ScenarFilmu>
	      	<ClovekRef ref="clovek000001">James Cameron</ClovekRef>
      	</ScenarFilmu>
      	<KameraFilmu>
	      	<Clovek>Mauro Fiore</Clovek>
      	</KameraFilmu>
      	<HudbaFilmu>
	      	<Clovek>James Horner</Clovek>
      	</HudbaFilmu>
      	<HrajiVeFilmu>
	      	<ClovekRef ref="clovek000002">Sam Worthington</ClovekRef>
	      	<Clovek>Zoe Saldana</Clovek>
	      	<ClovekRef ref="clovek000003">Sigourney Weaver</ClovekRef>
	      	<Clovek>Michelle Rodriguez</Clovek>
	      	<Clovek>Giovanni Ribisi</Clovek>
	      	<Clovek>Joel David Moore</Clovek>
	      	<Clovek>Wes Studi</Clovek>
	      	<Clovek>Laz Alonso</Clovek>
	      	<Clovek>CCH Pounder</Clovek>
	      	<Clovek>Stephen Lang</Clovek>
	      	<Clovek>Dileep Rao</Clovek>
	      	<Clovek>James Pitt</Clovek>
	      	<Clovek>Peter Mensah</Clovek>
	      	<Clovek>Matt Gerald</Clovek>
	      	<Clovek>Scott Lawrence</Clovek>
	      	<Clovek>Kevin Dorman</Clovek>
      	</HrajiVeFilmu>
      </ZapojeniLide>
      <Popis>
      	Avatar před námi otevírá neuvěřitelný svět za hranicemi naší fantazie, svět střetu dvou naprosto odlišných civilizací. Nově objevená vzdálená planeta Pandora je mírumilovné místo s obyvatelstvem - Na’vi, žijícím v souladu s divukrásnou vegetací planety. Posádka vyslaná ze Země na své průzkumné misi objeví na Pandoře velmi cenný minerál, který by měl na Zemi nevyčíslitelnou hodnotu. Pobyt na Pandoře je ovšem pro člověka možný teprve po vytvoření jeho genetického dvojníka, hybrida Avataru, který může být ovládán psychikou oddělenou od lidského těla a fyzicky odpovídá původnímu obyvatelstvu Pandory, které má fluorescentní modrou kůži a dosahuje 3m výšky. Na tuto náročnou misi je vybrán mezi jinými také Jake Sully (Sam Wothington), bývalý námořník, který byl při jedné ze svých předešlých misí paralyzován od pasu dolů. A právě šance opět chodit přiměla Jakea, aby se do programu Avatar přihlásil.

		růzkumná mise je vyslána a po přistání na Pandoře je zcela ohromena úžasnou rozmanitostí místní vegetace. Stromy dosahují výšky mrakodrapů a světélkující prales je plný nádherných tvorů, které jste nikdy neviděli, ale také hrozných prehistorických predátorů. To je jen zrnko překvapení, které posádku čeká. I když se zdá, že po počáteční nedůvěře lidí Na’vi se posádce podařilo adaptovat a také získat prostor pro diplomatickou misi, pandořané se rozhodně nehodlají nechat kolonizovat a dojde ke tvrdému střetu. Jake, který se postupně sblížil s místním obyvatelstvem, a především s místní princeznou Neytiri, stojí před rozhodnutím, za koho bojovat ve finální bitvě, která má rozhodnout o osudu a vývoji celého světa. (text od distributora)
      </Popis>
      <Zajimavosti>
      	<Zajimavost datumVytvoreni="2014-03-10 10:00:00">
      		Tento film je nejvýdělečnějším filmem světa.
      	</Zajimavost>
      </Zajimavosti>
      <Weby>
        <Web webPageName="CSFD">
        	<![CDATA[
        		http://www.csfd.cz/film/228329-avatar/
        	]]>
        </Web>
        <Web webPageName="IMDb">
        	<![CDATA[
        		http://www.imdb.com/title/tt0499549/
        	]]>
        </Web>
      </Weby>
      <HodnoceniUzivateli>
      	<HodnoceniUzivatelem refUzivatel="uzivatel000001" datum="2014-03-10 10:00:00">98</HodnoceniUzivatelem>
      	<HodnoceniUzivatelem refUzivatel="uzivatel000002" datum="2014-03-10 10:00:00">90</HodnoceniUzivatelem>
      	<HodnoceniUzivatelem refUzivatel="uzivatel000004" datum="2014-03-31 12:00:00">87</HodnoceniUzivatelem>
      	<HodnoceniUzivatelem refUzivatel="uzivatel000005" datum="2014-03-31 12:00:00">95</HodnoceniUzivatelem>
      	<HodnoceniUzivatelem refUzivatel="uzivatel000008" datum="2014-03-31 12:00:00">97</HodnoceniUzivatelem>
      	<HodnoceniUzivatelem refUzivatel="uzivatel000010" datum="2014-03-31 12:00:00">98</HodnoceniUzivatelem>
      </HodnoceniUzivateli>
    </Film>
    <Film id="film000002" datumVytvoreni="2014-03-10 10:00:00">
      <Nazev>Jak vycvičit draka</Nazev>
      <Nazev jazyk="en">How to Train Your Dragon</Nazev>
      <Nazev jazyk="sk">Ako vycvičiť draka</Nazev>
      <RokUvedeni>2010</RokUvedeni>
      <MistaNataceni>
        <StatNataceni stat="USA"/>
      </MistaNataceni>
      <Zanr>Animovaný | Dobrodružný | Fantasy | Komedie | Rodinný</Zanr>
      <Delka>
      	<DelkaVerze minut="94"></DelkaVerze>
      </Delka>
      <ZapojeniLide>
      	<RezieFilmu>
	      	<Clovek>Dean DeBlois</Clovek>
	      	<Clovek>Chris Sanders</Clovek>
      	</RezieFilmu>
      	<PredlohaFilmu>
	      	<Clovek>Cressida Cowell (kniha)</Clovek>
      	</PredlohaFilmu>
      	<ScenarFilmu>
	      	<Clovek>Dean DeBlois</Clovek>
	      	<Clovek>Chris Sanders</Clovek>
	      	<Clovek>William Davies</Clovek>
      	</ScenarFilmu>
      	<HudbaFilmu>
	      	<Clovek>John Powell</Clovek>
      	</HudbaFilmu>
      	<HrajiVeFilmu>
	      	<Clovek>Jay Baruchel</Clovek>
	      	<Clovek>Gerard Butler</Clovek>
	      	<Clovek>Craig Ferguson</Clovek>
	      	<Clovek>America Ferrera</Clovek>
	      	<Clovek>Jonah Hill</Clovek>
	      	<Clovek>Christopher Mintz-Plasse</Clovek>
	      	<Clovek>T.J. Miller</Clovek>
	      	<Clovek>Kristen Wiig</Clovek>
	      	<Clovek>Robin Atkin Downes</Clovek>
	      	<Clovek>Ashley Jensen</Clovek>
	      	<Clovek>David Tennant</Clovek>
	      	<Clovek>Kieron Elliott</Clovek>
      	</HrajiVeFilmu>
      </ZapojeniLide>
      <Popis>
      	Viděli jste už trojrozměrného draka? A Vikinga? Pokud ne, budete mít příležitost v animované komedii Jak vycvičit draka od studia DreamWorks. Rodičové chlupaté Kung Fu Pandy a zeleného zlobráka Shreka se tentokrát rozhodli pro podívanou, která je ve všech ohledech poněkud drsnější. Jejich nejnovější dobrodružství se odehrává na drsném Severu, který obývají ještě drsnější Vikingové a spolu s nimi i draci. Ti jsou jednoznačně nejdrsnější.

		Jediný, kdo není drsný ani trochu, je hlavní hrdina Škyťák. Vikinský teenager nějak nemůže zapadnout mezi ostatní obyvatele rodného ostrova Blpu, protože na rozdíl od nich spíš než svaly (kterých má pomálu), používá hlavu. Asi by se to dalo přejít, kdyby Škyťák nebyl synem náčelníka vesnice, Kliďase Velikána. Taťka má syna rád, ale bohužel si uvědomuje jeho „nedostatečnost“. Zvlášť když se blíží Škyťákovo iniciační uvedení mezi dospělé Vikingy, které lze úspěšně absolvovat jediným způsobem – zabitím draka v souboji. Draci jsou totiž na Blpu jediným, zato permanentním problémem. Desítky druhů létajících ještěrů prakticky neustále útočí na vesnici, kradou domácí zvířata, spalují úrodu i hospodářská stavení, a tak je morální povinností každého Vikinga bojovat proti drakům, jak se dá. I Škyťák by samozřejmě rád nějakého toho Nodra smrťáka, Ohavného zipáka nebo Hrůzáka hrozivého skolil, jenže matička příroda ho na to opravdu vybavila nevalně. Nepomáhají ani užitečné lekce v Drakoškole místního samorosta, kováře Tlamouna. Škyťák je naštěstí hlava otevřená a tam, kde schází hrubá síla, pomůže hlava, díky níž zkonstruuje samostříl, kterým zaútočí na nejobávanějšího z draků, prakticky nepolapitelnou Noční fúrii. Jediný výstřel (velmi úspěšný) změní budoucnost soužití lidského a dračího plemene na ostrově Blpu. Když se totiž Škyťák vydá zraněného draka dorazit a stát se tak definitivně mužem, cosi se v něm při pohledu do jasných dračích očí zlomí. A ten zlom bude začátkem jednoho krásného přátelství. Teď už jen zbývá přesvědčit ostatní Vikingy, že skutečný nepřítel číhá jinde. (text od distributora)
      </Popis>
      <Zajimavosti>
      </Zajimavosti>
      <Weby>
      	<Web webPageName="Oficiální stránky">
        	<![CDATA[
        		http://www.howtotrainyourdragon.com/
        	]]>
        </Web>
        <Web webPageName="CSFD">
        	<![CDATA[
        		http://www.csfd.cz/film/234768-jak-vycvicit-draka/
        	]]>
        </Web>
        <Web webPageName="IMDb">
        	<![CDATA[
        		http://www.imdb.com/title/tt0892769/
        	]]>
        </Web>
      </Weby>
      <HodnoceniUzivateli>
      	<HodnoceniUzivatelem refUzivatel="uzivatel000001" datum="2014-03-10 10:00:00">99</HodnoceniUzivatelem>
      	<HodnoceniUzivatelem refUzivatel="uzivatel000005" datum="2014-03-31 12:00:00">96</HodnoceniUzivatelem>
      	<HodnoceniUzivatelem refUzivatel="uzivatel000006" datum="2014-03-31 12:00:00">100</HodnoceniUzivatelem>
      </HodnoceniUzivateli>
    </Film>
    <Film id="film000003" datumVytvoreni="2014-03-10 10:00:00">
      <Nazev>Legenda o sovích strážcích</Nazev>
      <Nazev jazyk="en">Legend of the Guardians: The Owls of Ga'Hoole</Nazev>
      <Nazev jazyk="sk">Ga'Hoole: Legenda o strážcoch</Nazev>
      <RokUvedeni>2010</RokUvedeni>
      <MistaNataceni>
        <StatNataceni stat="USA"/>
        <StatNataceni stat="AUS"/>
      </MistaNataceni>
      <Zanr>Animovaný | Dobrodružný | Fantasy</Zanr>
      <Delka>
      	<DelkaVerze minut="97"></DelkaVerze>
      </Delka>
      <ZapojeniLide>
      	<RezieFilmu>
	      	<Clovek>Zack Snyder</Clovek>
      	</RezieFilmu>
      	<PredlohaFilmu>
	      	<Clovek>Kathryn Lasky (kniha)</Clovek>
      	</PredlohaFilmu>
      	<ScenarFilmu>
	      	<Clovek>John Orloff</Clovek>
	      	<Clovek>Emil Stern</Clovek>
      	</ScenarFilmu>
      	<HudbaFilmu>
	      	<Clovek>David Hirschfelder</Clovek>
      	</HudbaFilmu>
      	<HrajiVeFilmu>
	      	<Clovek>Jim Sturgess</Clovek>
	      	<Clovek>Geoffrey Rush</Clovek>
	      	<Clovek>David Wenham</Clovek>
	      	<Clovek>Hugo Weaving</Clovek>
	      	<Clovek>Ryan Kwanten</Clovek>
	      	<Clovek>Helen Mirren</Clovek>
	      	<Clovek>Miriam Margolyes</Clovek>
	      	<Clovek>Bill Hunter</Clovek>
	      	<Clovek>Sam Neill</Clovek>
	      	<Clovek>Anthony LaPaglia</Clovek>
	      	<Clovek>Essie Davis</Clovek>
	      	<Clovek>Deborra-Lee Furness</Clovek>
	      	<Clovek>Leigh Whannell</Clovek>
	      	<Clovek>Emily Barclay</Clovek>
	      	<Clovek>Sacha Horler</Clovek>
	      	<Clovek>Abbie Cornish</Clovek>
	      	<Clovek>Richard Roxburgh</Clovek>
	      	<Clovek>Angus Sampson</Clovek>
	      	<Clovek>Joel Edgerton</Clovek>
      	</HrajiVeFilmu>
      </ZapojeniLide>
      <Popis>
      	Hlavní postavou je mladý soví kluk Soren, který je okouzlen historkami svého otce o strážcích Ga’Hoolu - mýtické skupině okřídlených bojovníků. Ti bojovali proti zlým Čistým, jak si sami říkají, ve velké bitvě za záchranu všech druhů sov. Zatímco Soren sní o tom, že jednoho dne se přidá ke svým hrdinům, jeho starší bratr Kludd se té představě jen vysmívá a touží jen po lovu, létání a být otcovým oblíbencem místo Sorena. Kluddova žárlivost má ale hrůzné následky - oba soví sourozenci vypadnou z hnízda na vrcholu stromu přímo do spárů Čistých. Teď je na Sorenovi, aby se pokusil o odvážný únik s pomocí dalších mladých soviček. Společně letí přes moře i skrze mlhy, aby našli Velký strom - domov legendárních sovích Strážců Ga’Hoolu, jenž jsou jedinou nadějí na vítězství v bitvě proti Čistým a na záchranu sovích království.(text od distributora)
      </Popis>
      <Zajimavosti>
      </Zajimavosti>
      <Weby>
        <Web webPageName="CSFD">
        	<![CDATA[
        		http://www.csfd.cz/film/241752-legenda-o-sovich-strazcich/
        	]]>
        </Web>
        <Web webPageName="IMDb">
        	<![CDATA[
        		http://www.imdb.com/title/tt1219342/
        	]]>
        </Web>
      </Weby>
      <HodnoceniUzivateli>
      	<HodnoceniUzivatelem refUzivatel="uzivatel000002" datum="2014-03-10 10:00:00">97</HodnoceniUzivatelem>
      	<HodnoceniUzivatelem refUzivatel="uzivatel000001" datum="2014-03-10 10:00:00">93</HodnoceniUzivatelem>
      	<HodnoceniUzivatelem refUzivatel="uzivatel000007" datum="2014-03-31 12:00:00">90</HodnoceniUzivatelem>
      	<HodnoceniUzivatelem refUzivatel="uzivatel000005" datum="2014-03-31 12:00:00">77</HodnoceniUzivatelem>
      	<HodnoceniUzivatelem refUzivatel="uzivatel000008" datum="2014-03-31 12:00:00">89</HodnoceniUzivatelem>
      </HodnoceniUzivateli>
    </Film>
    <Film id="film000004" datumVytvoreni="2014-03-10 10:00:00">
      <Nazev>Vetřelci</Nazev>
      <RokUvedeni>1986</RokUvedeni>
      <MistaNataceni>
        <StatNataceni stat="USA"/>
        <StatNataceni stat="GB"/>
      </MistaNataceni>
      <Zanr>Akční | Horor | Sci-Fi | Thriller</Zanr>
      <Delka>
      	<DelkaVerze minut="137">Standartní verze</DelkaVerze>
      	<DelkaVerze minut="154">Režisérská verze</DelkaVerze>
      </Delka>
      <ZapojeniLide>
      	<RezieFilmu>
	      	<ClovekRef ref="clovek000001">James Cameron</ClovekRef>
      	</RezieFilmu>
      	<ScenarFilmu>
	      	<ClovekRef ref="clovek000001">James Cameron</ClovekRef>
      	</ScenarFilmu>
      	<KameraFilmu>
	      	<Clovek>Adrian Biddle</Clovek>
      	</KameraFilmu>
      	<HudbaFilmu>
	      	<Clovek>James Horner</Clovek>
      	</HudbaFilmu>
      	<HrajiVeFilmu>
	      	<ClovekRef ref="clovek000003">Sigourney Weaver</ClovekRef>
	      	<Clovek>Michael Biehn</Clovek>
	      	<Clovek>Paul Reiser</Clovek>
	      	<Clovek>Lance Henriksen</Clovek>
	      	<Clovek>Carrie Henn</Clovek>
	      	<Clovek>Bill Paxton</Clovek>
	      	<Clovek>Jenette Goldstein</Clovek>
	      	<Clovek>Mark Rolston</Clovek>
	      	<Clovek>Daniel Kash</Clovek>
	      	<Clovek>William Hope</Clovek>
	      	<Clovek>Mac McDonald</Clovek>
      	</HrajiVeFilmu>
      </ZapojeniLide>
      <Popis>
      	Důstojnice Ripleyová, která jako jediná přežila boj na život a na smrt v nákladní lodi Nostromo s vesmírným vetřelcem, je po několika letech nalezena záchrannou lodí a vrací se zpět na Zemi. Když už se zdá, že je po všem, začíná horror znova, tentokrát na vzdálené nedávno kolonizované planetě. Tentokrát nevšichni proti jednomu, ale Ripleyová se skupinou speciálně vycvičených vojáků proti tisícihlavé smrtící síle vetřelců. (text od distributora)
      </Popis>
      <Zajimavosti>
      </Zajimavosti>
      <Weby>
        <Web webPageName="CSFD">
        	<![CDATA[
        		http://www.csfd.cz/film/1245-vetrelci/
        	]]>
        </Web>
        <Web webPageName="IMDb">
        	<![CDATA[
        		http://www.imdb.com/title/tt0090605/
        	]]>
        </Web>
      </Weby>
      <HodnoceniUzivateli>
      	<HodnoceniUzivatelem refUzivatel="uzivatel000004" datum="2014-03-31 12:00:00">91</HodnoceniUzivatelem>
      </HodnoceniUzivateli>
    </Film>
  </Filmy>
</DatabazeFilmu>