<?xml version="1.0" encoding="utf-8"?>

<eduAgency>
	<customers>
		<customer cid="c1" age="33">
			<firstname>Petr</firstname>
			<surname>Novak</surname>
			<title>Ing.</title>
			<idNumber>8012122345</idNumber>
			<contactInformation>
				<address>
					<street>Namesti Miru</street>
					<houseNumber>23</houseNumber>
					<city>Praha 2</city>
					<postalCode>12000</postalCode>
					<country>Ceska republika</country>
				</address>
				<phones>
					<phone>732934586</phone>
					<phone>723428093</phone>
				</phones>
				<emails>
					<email>p.novak@gmail.com</email>
					<email>petr123@seznam.cz</email>
				</emails>
				<primaryContact>phone</primaryContact>
			</contactInformation>
			<note>Ma zajem o kurzy obsahujici slovo <quote>anglictina</quote></note>
			<courses>
				<course_ref id="1"/>
				<course_ref id="3"/>
			</courses>
		</customer>
		
		<customer cid="c2" age="22">
			<firstname>Jan</firstname>
			<surname>Kovadlina</surname>
			<idNumber>9112113423</idNumber>
			<contactInformation>
				<address>
					<street>Vaclavske namesti</street>
					<houseNumber>2</houseNumber>
					<city>Praha 1</city>
					<postalCode>12000</postalCode>
					<country>Ceska republika</country>
				</address>
				<phones>
					<phone>776231234</phone>
				</phones>
				<emails>
					<email>jan.kovadlina@gmail.com</email>
				</emails>
				<primaryContact>email</primaryContact>
			</contactInformation>
			<note>Ma zajem o kurzy obsahujici slovo <quote>nemcina</quote></note>
			<courses>
				<course_ref id="2"/>
			</courses>
		</customer>
				
		<customer cid="c3" age="32">
			<firstname>Ivana</firstname>
			<surname>Rozumova</surname>
			<idNumber>8255109834</idNumber>
			<contactInformation>
				<address>
					<street>Malostranske namesti</street>
					<houseNumber>11</houseNumber>
					<city>Praha 1</city>
					<postalCode>12000</postalCode>
					<country>Ceska republika</country>
				</address>
				<phones>
					<phone>776231234</phone>
				</phones>
				<primaryContact>phone</primaryContact>
			</contactInformation>
			<note>Ma zajem o kurzy obsahujici slovo <quote>spanelstina</quote></note>
			<courses>
				<course_ref id="5"/>
			</courses>
		</customer>
		
		<customer cid="c4" age="25">
			<firstname>Jana</firstname>
			<surname>Novotna</surname>
			<idNumber>8845424354</idNumber>
			<contactInformation>
				<address>
					<street>Stepanska</street>
					<houseNumber>33</houseNumber>
					<city>Praha 2</city>
					<postalCode>12000</postalCode>
					<country>Ceska republika</country>
				</address>
				<phones>
					<phone>603532095</phone>
				</phones>
				<emails>
					<email>novotna.jana@seznam.cz</email>
				</emails>
				<primaryContact>email</primaryContact>
			</contactInformation>
			<courses>
			</courses>
		</customer>
	</customers>
	
	
	<courses_list>
		<course id="1">
			<name>Anglictina pro pokrocile</name>
			<startDate>6.2.2013</startDate>
			<endDate>26.6.2013</endDate>
			<lessons>
				<lesson day="Pondeli">
					<startTime>17:00</startTime>
					<endTime>18:30</endTime>
				</lesson>
				<lesson day="Streda">
					<startTime>17:00</startTime>
					<endTime>18:30</endTime>
				</lesson>
			</lessons>
			<numberLessons>19</numberLessons>
			<place>
				<address>
					<street>Velifkova</street>
					<houseNumber>6</houseNumber>
					<city>Praha 6</city>
				</address>
				<classroom>D102</classroom>
			</place>
			<maxStudents>12</maxStudents>
			<curStudents>10</curStudents>
			<price>4000</price>
			<lector>
				<name>Peter Green</name>
				<nationality>anglicka</nationality>
			</lector>
			<curriculum>Budou probrany pokrocile aspekty anglickeho jazyka na urovni B1</curriculum>
		</course>
				
		<course id="2">
			<name>Nemcina pro stredne pokrocile</name>
			<startDate>16.2.2013</startDate>
			<endDate>16.7.2013</endDate>
			<lessons>
				<lesson day="Utery">
					<startTime>19:00</startTime>
					<endTime>21:15</endTime>
				</lesson>
			</lessons>
			<numberLessons>20</numberLessons>
			<place>
				<address>
					<street>Jindrisska</street>
					<houseNumber>1</houseNumber>
					<city>Praha 1</city>
				</address>
				<classroom>J108</classroom>
			</place>
			<maxStudents>12</maxStudents>
			<curStudents>12</curStudents>
			<price>5000</price>
			<lector>
				<name>Jirina Nemcova</name>
				<nationality>ceska</nationality>
			</lector>
			<curriculum>Budou probrany mirne pokrocile aspekty nemckeho jazyka na urovni A2</curriculum>
		</course>
				
		<course id="3">
			<name>Anglictina - konverzace pro stredne pokrocile</name>
			<startDate>2.3.2013</startDate>
			<endDate>5.5.2013</endDate>
			<lessons>
				<lesson day="Patek">
					<startTime>19:00</startTime>
					<endTime>20:30</endTime>
				</lesson>  
			</lessons>
			<numberLessons>12</numberLessons>
			<place>
				<address>
					<street>Jindrisska</street>
					<houseNumber>1</houseNumber>
					<city>Praha 1</city>
					<classroom>J204</classroom>
				</address>
			</place>
			<maxStudents>6</maxStudents>
			<curStudents>4</curStudents>
			<price>7000</price>
			<lector>
				<name>Joe Adams</name>
				<nationality>americka</nationality>
			</lector>
			<curriculum>Na zacatku kurzu se urci po dohode s ucastniky temata konverzaci (obchodni schuzka, pohovor, telefonni hovor,...)</curriculum>
		</course>
    
    <course id="4">
			<name>Spanelstina pro zacatecniky</name>
			<startDate>2.4.2013</startDate>
			<endDate>5.7.2013</endDate>
			<lessons>
				<lesson day="Utery">
					<startTime>9:00</startTime>
					<endTime>10:30</endTime>
				</lesson>
				<lesson day="Streda">
					<startTime>9:00</startTime>
					<endTime>10:30</endTime>
				</lesson>
			</lessons>
			<numberLessons>25</numberLessons>
			<place>
				<address>
					<street>Jindrisska</street>
					<houseNumber>1</houseNumber>
					<city>Praha 1</city>
					<classroom>J401</classroom>
				</address>
			</place>
			<maxStudents>10</maxStudents>
			<curStudents>3</curStudents>
			<price>9000</price>
			<lector>
				<name>Jose Suarez</name>
				<nationality>argentincka</nationality>
			</lector>
			<curriculum>Po absolvovani kurzu zvladnete zakladni konverzaci ve spanelskem jazyce(restaurace, hotel, obchod,...)</curriculum>
		</course>
    
    
    <course id="5">
			<name>Spanelstina pro pokrocile</name>
			<startDate>12.4.2013</startDate>
			<endDate>29.7.2013</endDate>
			<lessons>
				<lesson day="Pondeli">
					<startTime>17:00</startTime>
					<endTime>19:30</endTime>
				</lesson>
			</lessons>
			<numberLessons>15</numberLessons>
			<place>
				<address>
					<street>Jindrisska</street>
					<houseNumber>1</houseNumber>
					<city>Praha 1</city>
					<classroom>J302</classroom>
				</address>
			</place>
			<maxStudents>10</maxStudents>
			<curStudents>3</curStudents>
			<price>9000</price>
			<lector>
				<name>Jose Suarez</name>
				<nationality>argentincka</nationality>
			</lector>
		</course>
	</courses_list>
</eduAgency>
	