<?xml version="1.0" encoding="UTF-8"?>
<!--///////////////////////////////////////////////////////////////////////////////////////////-->
<!--/////////////////////////// REZERVAČNÍ SYSTÉM ///////////////////////////-->
<!--///////////////////////////////////////////////////////////////////////////////////////////-->
<kino>
<rezervace>
     <!--/////////////////////////////////////////////////////////////////////////////-->
     <!--///////////////////////////  VSTUPENKY ///////////////////////////-->
     <!--/////////////////////////////////////////////////////////////////////////////-->
    <vstupenky>
		<vstupenka id_vstupenky="v01" id_filmu="f01">
        <!--vstupenka na urcity film v urcite datum-->
		   <zakaznik>
			    <jmeno>Jan</jmeno>
			    <prijmeni>Janko</prijmeni>
		   </zakaznik>
		   <kino>
			    <adresa>
					<nazev>CINEMA CITY Novy smichov</nazev>
					<mesto>Praha</mesto>
			    </adresa>
				<sal>4</sal>
				<rada>10</rada>
				<sedadlo>12</sedadlo>
			</kino>
			<cena>
			   <castka>199</castka>
			   <mena>kc</mena> 
			</cena>
			<sleva></sleva>
			<datum>8.03.2012</datum>
			<cas>18:00</cas>
			<letak src="./newsletter.pdf">Ano</letak>
		</vstupenka>
		<vstupenka id_vstupenky="v02" id_filmu="f03">
        <!--vstupenka na urcity film v urcite datum-->
		   <zakaznik>
			    <jmeno>Karel</jmeno>
			    <prijmeni>Drahos</prijmeni>
		   </zakaznik>
		   <kino>
			    <adresa>
					<nazev>CINEMA CITY Novy smichov</nazev>
					<mesto>Praha</mesto>
			    </adresa>
				<sal>3</sal>
				<rada>2</rada>
				<sedadlo>4</sedadlo>
			</kino>
			<cena>
			   <castka>150</castka>
			   <mena>kc</mena> 
			</cena>
			<sleva></sleva>
			<datum>12.03.2012</datum>
			<cas>19:00</cas>
			<letak src="./newsletter.pdf">Ano</letak>
		</vstupenka>
    </vstupenky>
     <!--///////////////////////////////////////////////////////////////////-->
     <!--///////////////////////////  FILMY ///////////////////////////-->
     <!--///////////////////////////////////////////////////////////////////-->
    <filmy>
       <film id_filmu="f01" tretiRozmer="ne">
        <!--informace o filmech na programu-->
			<nazev>Moneyball</nazev>
			<rok>2011</rok>
			<zeme>USA</zeme>
			<reziser>
					<jmeno>Bennett</jmeno>
					<prijmeni>Miller</prijmeni>
			</reziser>
			<hudba>
					<jmeno>Mychael</jmeno>
					<prijmeni>Danna</prijmeni>
			</hudba>
			<herci>
				<herec>
					<jmeno>Brad</jmeno>
					<prijmeni>Pitt</prijmeni>
				</herec>
				<herec>
					<jmeno>Jonah</jmeno>
					<prijmeni>Hill</prijmeni>
				</herec>
				<herecka>
					<jmeno>Robin</jmeno>
					<prijmeni>Wright</prijmeni>
				</herecka>
			</herci>
			<zanry>
				<zanr>dra</zanr>
				<zanr>spo</zanr>
				<zanr>ziv</zanr>
			</zanry>
			<delka>
				<hodiny>2</hodiny>
				<minuty>13</minuty>
			</delka>
			<titulky>Ano</titulky>
			<dvd>Ne, k datumu <![CDATA[ <?php echo Date("d.m.Y")?> ]]></dvd>
			<popis>Snimek Moneyball spolecnosti Columbia Pictures je natocen podle skutecneho pribehu Billyho Beaneho (Brad Pitt) – byvaleho nadejneho hrace baseballu s vyhlidkami na oslnivou karieru, ktery se pote, co nedokazal splnit nadejna ocekavani, se svou soutezivou povahou radeji zameril na administrativni stranku tohoto sportu. Na pocatku sezony v roce 2002 se Billy ocita v zapeklite situaci: jeho spatne financovany tym Oakland Athletics, zvany tez lidove A's, prisel o sve nejlepsi hrace (znovu), kteri se nechali zlakat velkymi tymy (a s tim souvisejicimi nemalymi platy) a on je nucen dat svuj tym znovu do poradku a zahajit sezonu s tretinou puvodniho rozpoctu. V touze po vitezstvi se Billy rozhodne jit proti klasickym zvyklostem, ktere v baseballu plati. Zameri se zcela mimo baseballova hriste na zneuznane teorie Billyho Jamese a najme Petera Branda (Jonah Hill), inteligentniho ekonoma, ktery vystudoval univerzitu v Yale. Spolecne se postavi selskemu rozumu vyzbrojeni odhodlanim vse prehodnotit a vybaveni pocitacovou statistickou analyzou, kterou baseballova administrativa dlouhodobe ignoruje. Dospeji k neuveritelnym zaverum a zacnou najimat hrace, ktere zbytek baseballoveho sveta povazuje za prilis nevhodne, prilis stare, prilis nemocne nebo prilis problematicke, kteri jsou ale soucasne vsichni velmi nedoceneni. Jak se Billy a Peter neunavne tlaci kupredu, vzbudi jejich nove metody a pozoruhodna sestava outsideru pozornost ostatnich tymu, medii, fanousku i hlavniho manazera jejich vlastniho tymu (Philip Seymour Hoffman), ktery odmita spolupracovat. Tento experiment ale nakonec vede nejenom ke zmenam v tom, jak se baseball hraje, ale take k vysledku, ktery Billymu definitivne otevre oci a posune ho na zcela novou uroven.
			</popis>
			<ohodnoceni>79%</ohodnoceni>
		</film>

       <film id_filmu="f02" tretiRozmer="ano">
        <!--informace o filmech na programu-->
			<nazev>Ocelova pest</nazev>
			<rok>2011</rok>
			<zeme>USA</zeme>
			<reziser>
					<jmeno>Shawn</jmeno>
					<prijmeni>Levy</prijmeni>
			</reziser>
			<hudba>
					<jmeno>Danny</jmeno>
					<prijmeni>Elfman</prijmeni>
			</hudba>
			<herci>
				<herec>
					<jmeno>Hugh</jmeno>
					<prijmeni>Jackman</prijmeni>
				</herec>
				<herec>
					<jmeno>Dakota</jmeno>
					<prijmeni>Goyo</prijmeni>
				</herec>
				<herecka>
					<jmeno>Evangeline</jmeno>
					<prijmeni>Lilly</prijmeni>
				</herecka>
			</herci>
			<zanry>
				<zanr>akc</zanr>
				<zanr>dra</zanr>
				<zanr>sci</zanr>
				<zanr>spo</zanr>
			</zanry>
			<delka>
				<hodiny>2</hodiny>
				<minuty>7</minuty>
			</delka>
			<titulky>Ne</titulky>
			<dvd>Ne, k datumu <![CDATA[ <?php echo Date("d.m.Y")?> ]]></dvd>
			<popis>V akcnim snimku z blizke budoucnosti Ocelova pest predstavuje Hugh Jackman Charlieho Kentona, byvaleho boxera, jehoz milovany sport ovladli dva a pul metru vysoci ocelovi roboti a lide jako Charlie uz do nej nadale nijak nezapadaji. Protoze nema s kym zapasit a nema zadne vyhlidky na lepsi budoucnost, je nucen privydelavat si jako promoter robotickych zapasu. Dari se mu jakz takz protloukat tim, ze dava dohromady mizerne a vyslouzile roboty a cestuje od jednoho turnaje k druhemu, kamkoliv, kde je schopen si nejak privydelat. Kdyz uz se zda, ze situace nemuze byt zoufalejsi a komplikovanejsi, vpadne mu znenadani a proti jeho vuli do zivota jeho syn Max (Dakota Goyo), se kterym uz delsi dobu neni v kontaktu. Oba spolecne spoji sily, aby postavili a vytrenovali noveho robota a promenili ho v boxerskeho sampiona. Zatimco si buduje jmeno v brutalnim a nemilosrdnem svete robotickych zapasu, zjistuje Charlie, ze se mu navzdory vsem ocekavanim nabizi posledni sance na boxersky comeback.
			</popis>
			<ohodnoceni>75%</ohodnoceni>
		</film>
		
        <film id_filmu="f03" tretiRozmer="ne">
        <!--informace o filmech na programu-->
			<nazev>Temny rytir</nazev>
			<rok>2008</rok>
			<zeme>USA</zeme>
			<reziser>
					<jmeno>Christopher</jmeno>
					<prijmeni>Nolan</prijmeni>
			</reziser>
			<hudba>
					<jmeno>Hans</jmeno>
					<prijmeni>Zimmer</prijmeni>
			</hudba>
			<herci>
				<herec>
					<jmeno>Christian</jmeno>
					<prijmeni>Bale</prijmeni>
				</herec>
				<herec>
					<jmeno>Heath</jmeno>
					<prijmeni>Ledger</prijmeni>
				</herec>
				<herec>
					<jmeno>Aaron</jmeno>
					<prijmeni>Eckhart</prijmeni>
				</herec>
			</herci>
			<zanry>
				<zanr>akc</zanr>
				<zanr>thr</zanr>
				<zanr>kri</zanr>
				<zanr>dra</zanr>
			</zanry>
			<delka>
				<hodiny>2</hodiny>
				<minuty>38</minuty>
			</delka>
			<titulky>Ne</titulky>
			<dvd>Ne, k datumu <![CDATA[ <?php echo Date("d.m.Y")?> ]]></dvd>
			<popis>Akcni dobrodruzna fantasy v rezii Christophera Nolana navazuje na film Batman zacina a Christian Bale si v ni zopakoval roli Batmana/Bruce Waynea v nekoncicim boji se zlocinem. Wayne v kostymu netopyriho muze jde spolu s porucikem Jamesem Gordonem (Gary Oldman) z Gothamske policie po krali zlocincu Jokerovi znameho podle symbolu - hraci karty s zolikem - kterou zanechava na mistech cinu. Vtipalek s prorizlou tvari (Heath Ledger) ma tentokrat v planu Batmanovi dokazat, ze slova Gotham a mir nikdy nebudou stat v jedne vete vedle sebe. Na uvolnene misto po byvalem krali mistni mafie useda Sal Maroni (Eric Roberts) a prebira vladu nad vetsinou gangu v Gothamu. Na scene se rovnez objevuje novy statni navladni Harvey Dent (Aaron Eckhart), ktery by rozdanymi kartami (i s zolikem v balicku) mohl poradne zamichat.
			</popis>
			<ohodnoceni>90%</ohodnoceni>
		</film>
		
    </filmy>
</rezervace>
</kino>