<?xml version="1.0" encoding="UTF-8"?>
<!--Podmínky pro splnění DÚ:

    Odevzdaná úloha smysluplně modeluje zvolenou realitu.															- hotovo
    XML dokument musí být validní vůči DTD. 																				- hotovo
    DTD musí obsahovat všechny konstrukty probírané na přednášce, tj.
        elementy (prázdné, textové, s modelem obsahu), 																- hotovo
        atributy, 																															- hotovo
        datové typy (textové, výčtové),																								- hotovo
        klíče a reference na ně,																										- hotovo
        operátory,																															- hotovo
        omezení výskytu pro elementy i atributy.																				- hotovo
    XML dokument musí být dostatečně složitý, tj. splňovat následující požadavky:
        Využití elementů, atributů, klíčů a referencí na ně, textového i smíšeného obsahu.					- hotovo
        Hloubka dokumentu bude min. 5.
        Fan-out (počet podelementů) alespoň jednoho z elementů bude min. 10.
    DTD nebo XML dokument musí obsahovat:
        entity,
        instrukce pro zpracování,
        sekce CDATA,
        komentáře.
*/-->
<!DOCTYPE zakazka SYSTEM "data.dtd">
<zakazka>
	<!--kořenový element -->
	<objednavka>
		<zakaznik>
			<osoba>
				<fyzicka cislo="OS1">
					<?fyzicka bgcolor="#EEEEEE" ?>
					<jmeno>Petr</jmeno>
					<prijmeni>Novák</prijmeni>
					<adresa>
						<ulice>Hradební 5</ulice>
						<psc>53110</psc>
						<mesto>Plzeň</mesto>
					</adresa>
					<telefon>
						<kod_zeme>+420</kod_zeme>
						729699899
					</telefon>
					<email>petr@novak.cz</email>
				</fyzicka>
			</osoba>
		</zakaznik>
		<vyrobek refid="OS1">
			<novy_vyrobek id="VIR1">
				<nazev>Název výrobku</nazev>
				<popis>Tento výrobek patří do kategorie &odd1;</popis>
				<priloha src="vykres.dtd"/>
			</novy_vyrobek>
		</vyrobek>
		<vyrobek refid="OS1">
			<novy_vyrobek id="VIR2">
				<nazev>Název výrobku</nazev>
				<popis>Tento výrobek patří do kategorie &odd2;</popis>
				<priloha src="vykresy.dtd"/>
			</novy_vyrobek>
		</vyrobek>
		<vyrobek refid="OS1">
			<id>VIR1</id>
		</vyrobek>
		<vyrobek refid="OS1">
			<id>VIR2</id>
		</vyrobek>
	</objednavka>
	<objednavka>
		<zakaznik>
			<osoba>
				<pravnicka cislo="OS2">
					<!-- fyzicka|pravnicka osoba ma jedinecne cislo ID -->
					<nazev>Firma sro.</nazev>
					<ic>1232135412</ic>
					<dic>4544545642</dic>
					<adresa>
						<ulice>U zásobní zahrady 5</ulice>
						<psc>12315</psc>
						<mesto>Praha 15</mesto>
					</adresa>
					<!-- telefon je volitelná položka, ale může jich být libovolné množství -->
					<telefon>
						<kod_zeme>+420</kod_zeme>456878977</telefon>
					<!-- smíšný textový element - obsahuje další element ale také obsahuje text -->
					<!-- email musí být minimálně jeden, ale maximum jsou 3 emailové adresy u  fyzické osoby, 6 emailových adres u právnické osoby-->
					<email>dotaz@firma.cz</email>
					<email>info@firma.cz</email>
					<email>reditel@firma.cz</email>
					<email>sekretariat@firma.cz</email>
					<email>servis@firma.cz</email>
					<email>vyroba@firma.cz</email>
					<email>ucetni@firma.cz</email>
					<email>hospodar@firma.cz</email>
				</pravnicka>
			</osoba>
		</zakaznik>
		<vyrobek refid="OS2">
			<id>VIR5</id>
		</vyrobek>
		<vyrobek refid="OS2">
			<id>VIR6</id>
		</vyrobek>
		<vyrobek refid="OS2">
			<novy_vyrobek id="VIR7">
				<nazev>Název výrobku</nazev>
				<popis>Tento výrobek patří do kategorie &odd1;</popis>
				<priloha src="vykres.dtd"/>
			</novy_vyrobek>
		</vyrobek>
		<vyrobek refid="OS2">
			<novy_vyrobek id="VIR8">
				<nazev>Název výrobku</nazev>
				<popis>Tento výrobek patří do kategorie &odd2;</popis>
				<priloha src="vykresy.dtd"/>
			</novy_vyrobek>
		</vyrobek>
	</objednavka>
	<objednavka>
		<zakaznik>
			<osoba>
				<fyzicka cislo="OS3">
					<jmeno>Petr</jmeno>
					<prijmeni>Novák</prijmeni>
					<adresa>
						<ulice>Hradební 5</ulice>
						<psc>53110</psc>
						<mesto>Plzeň</mesto>
					</adresa>
					<telefon>
						<kod_zeme>+420</kod_zeme>
						729699899
					</telefon>
					<email>petr@novak.cz</email>
				</fyzicka>
			</osoba>
		</zakaznik>
		<vyrobek refid="OS3">
			<id>VIR9</id>
		</vyrobek>
		<vyrobek refid="OS3">
			<id>VIR10</id>
		</vyrobek>
		<vyrobek refid="OS3">
			<novy_vyrobek id="VIR11">
				<nazev>Název výrobku</nazev>
				<popis>Tento výrobek patří do kategorie &odd1;</popis>
				<priloha src="vykres.dtd"/>
			</novy_vyrobek>
		</vyrobek>
		<vyrobek refid="OS3">
			<novy_vyrobek id="VIR12">
				<nazev>Název výrobku</nazev>
				<popis>Tento výrobek patří do kategorie &odd2;</popis>
				<priloha src="vykresy.dtd"/>
			</novy_vyrobek>
		</vyrobek>
	</objednavka>
	<objednavka>
		<zakaznik>
			<osoba>
				<fyzicka cislo="OS4">
					<jmeno>Pavel</jmeno>
					<prijmeni>Novák</prijmeni>
					<adresa>
						<ulice>Hudební 5</ulice>
						<psc>53110</psc>
						<mesto>Brno</mesto>
					</adresa>
					<telefon>
						<kod_zeme>+420</kod_zeme>
						729699899
					</telefon>
					<email>pavel@novak.cz</email>
					
				</fyzicka>
			</osoba>
		</zakaznik>
		<vyrobek refid="OS1">
			<id>VIR1</id>
		</vyrobek>
		<vyrobek refid="OS1">
			<id>VIR2</id>
		</vyrobek>
		<vyrobek refid="OS1">
			<novy_vyrobek id="VIR21">
				<nazev>Název výrobku</nazev>
				<popis>Tento výrobek patří do kategorie &odd1;
						<![CDATA[
							for (i=0; i < 10; i++) {
                              document.writeln("Popis výrobku");
                            }
						]]>				
				</popis>
				<priloha src="vykres.dtd"/>
			</novy_vyrobek>
		</vyrobek>
		<vyrobek refid="OS1">
			<novy_vyrobek id="VIR22">
				<nazev>Název výrobku</nazev>
				<popis>Tento výrobek patří do kategorie &odd2;</popis>
				<priloha src="vykresy.dtd"/>
			</novy_vyrobek>
		</vyrobek>
	</objednavka>
	<objednavka>
		<zakaznik>
			<osoba>
				<fyzicka cislo="OS10">
					<jmeno>Petr</jmeno>
					<prijmeni>Novák</prijmeni>
					<adresa>
						<ulice>Hradební 5</ulice>
						<psc>53110</psc>
						<mesto>Plzeň</mesto>
					</adresa>
					<telefon>
						<kod_zeme>+420</kod_zeme>
						729699899
					</telefon>
					<email>petr@novak.cz</email>
				</fyzicka>
			</osoba>
		</zakaznik>
		<vyrobek refid="OS1">
			<id>VIR1</id>
		</vyrobek>
		<vyrobek refid="OS1">
			<id>VIR2</id>
		</vyrobek>
		<vyrobek refid="OS1">
			<novy_vyrobek id="VIR23">
				<nazev>Název výrobku</nazev>
				<popis>Tento výrobek patří do kategorie &odd1;</popis>
				<priloha src="vykres.dtd"/>
			</novy_vyrobek>
		</vyrobek>
		<vyrobek refid="OS1">
			<novy_vyrobek id="VIR24">
				<nazev>Název výrobku</nazev>
				<popis>Tento výrobek patří do kategorie &odd2;</popis>
				<priloha src="vykresy.dtd"/>
			</novy_vyrobek>
		</vyrobek>
	</objednavka>
	<objednavka>
		<zakaznik>
			<osoba>
				<fyzicka cislo="OS15">
					<jmeno>Petr</jmeno>
					<prijmeni>Novák</prijmeni>
					<adresa>
						<ulice>Hradební 5</ulice>
						<psc>53110</psc>
						<mesto>Plzeň</mesto>
					</adresa>
					<telefon>
						<kod_zeme>+420</kod_zeme>
						729699899
					</telefon>
					<email>petr@novak.cz</email>
				</fyzicka>
			</osoba>
		</zakaznik>
		<vyrobek refid="OS1">
			<id>VIR1</id>
		</vyrobek>
		<vyrobek refid="OS1">
			<id>VIR2</id>
		</vyrobek>
		<vyrobek refid="OS1">
			<novy_vyrobek id="VIR30">
				<nazev>Název výrobku</nazev>
				<popis>Tento výrobek patří do kategorie &odd1;</popis>
				<priloha src="vykres.dtd"/>
			</novy_vyrobek>
		</vyrobek>
		<vyrobek refid="OS1">
			<novy_vyrobek id="VIR40">
				<nazev>Název výrobku</nazev>
				<popis>Tento výrobek patří do kategorie &odd2;</popis>
				<priloha src="vykresy.dtd"/>
			</novy_vyrobek>
		</vyrobek>
	</objednavka>
	<objednavka>
		<zakaznik>
			<osoba>
				<fyzicka cislo="OS187">
					<jmeno>Petr</jmeno>
					<prijmeni>Novák</prijmeni>
					<adresa>
						<ulice>Hradební 5</ulice>
						<psc>53110</psc>
						<mesto>Plzeň</mesto>
					</adresa>
					<telefon>
						<kod_zeme>+420</kod_zeme>
						729699899
					</telefon>
					<email>petr@novak.cz</email>
				</fyzicka>
			</osoba>
		</zakaznik>
		<vyrobek refid="OS1">
			<id>VIR1</id>
		</vyrobek>
		<vyrobek refid="OS1">
			<id>VIR2</id>
		</vyrobek>
		<vyrobek refid="OS1">
			<novy_vyrobek id="VIR35">
				<nazev>Název výrobku</nazev>
				<popis>Tento výrobek patří do kategorie &odd1;</popis>
				<priloha src="vykres.dtd"/>
			</novy_vyrobek>
		</vyrobek>
		<vyrobek refid="OS1">
			<novy_vyrobek id="VIR45">
				<nazev>Název výrobku</nazev>
				<popis>Tento výrobek patří do kategorie &odd2;</popis>
				<priloha src="vykresy.dtd"/>
			</novy_vyrobek>
		</vyrobek>
	</objednavka>
</zakazka>
