<?xml version="1.0" encoding="utf-8"?>
<list xmlns:xsi="http://www.w3.org/2001/XMLSchema-instance" xsi:noNamespaceSchemaLocation="./data.xsd">
	<startup>
		<founder>
			<founder_position position="CEO"/>
			<founder>
				<name>John Random</name>
				<email>john@random.com</email>
				<phone_number>54687133</phone_number>
			</founder>
		</founder>
		<startup_info>
			<startup_name>
				Hpricot
			</startup_name>
			<startup_address>
				<street>
					The Fifth Avenue
				</street>
				<zipcode>
					11101
				</zipcode>
				<city>
					Long Island City
				</city>
				<state>
					New York
				</state>
			</startup_address>
			<startup_online type="website">
				www.hpricot.com
			</startup_online>
			<startup_online type="blog">
				www.hpricot.wordpress.com
			</startup_online>
			<office>
				<office_address>
					<street>
						The Fifth Avenue
					</street>
					<zipcode>
						11101
					</zipcode>
					<city>
						Long Island City
					</city>
					<state>
						New York
					</state>
				</office_address>
				<office_phone_number>543897923</office_phone_number>
			</office>
		</startup_info>
		<product>
			<product_name>
				Social Search
			</product_name>
			<product_description>
				Social Search is a search tool specialised on social networks.
			</product_description>
			<target_market>
				People who use any of social networks.
			</target_market>
			<target_market_size_estimate>
				100000000
			</target_market_size_estimate>
			<product_online type="website">
				www.socialsearch.com
			</product_online>
			<product_online type="facebook">
				www.facebook.com/socialsearch
			</product_online>
			<competitor><![CDATA[Nagilla & Co.]]>]
			</competitor>
			<competing_product_name>
				Facebook Finder
			</competing_product_name>
			<competing_product_description>
				Facebook Finder is a search tool for searching in Facebook content.
			</competing_product_description>
			<competing_product_note>
				This product heavily depends on Facebook API.			
			</competing_product_note>
		</product>
		<application id="gh9503968" status="rejected" round="spring">
			<date_send>2008-03-14</date_send>
			<date_delivered>2008-03-15</date_delivered>
			<applicant>
				<applicant_name>John Random</applicant_name> is well-known for his open-source contributions in Ruby community.
			</applicant>
			<decision_why>
				I think this man is not responsible enough to be a single founder.
			</decision_why>
		</application>
		<application id="a6484gfr" status="accepted" round="spring" last_application="gh9503968">
			<date_send>2011-03-14</date_send>
			<date_delivered>2011-03-15</date_delivered>
			<applicant>
				<applicant_name>John Random</applicant_name> is well-known for his open-source contributions in Ruby community.
			</applicant>
			<decision_why>
				I think that this idea has a great potential and its private beta version looks really good.
			</decision_why>
		</application>
		<investition>
			<investor>
				<fund>AngelList</fund>
				<investor_name>Mark Thiel</investor_name>
			</investor>
			<amount>100000</amount>
			<currency>USD</currency>
		</investition>
	</startup>
</list>
