<?xml version="1.0" encoding="utf-8"?>
<list xmlns:xsi="http://www.w3.org/2001/XMLSchema-instance" xsi:noNamespaceSchemaLocation="./data.xsd">
	<startup>
		<founder>
			<founder_position position="CEO"/>
			<founder>
				<name>John Random</name>
				<email>john@random.com</email>
				<phone_number>54687133</phone_number>
			</founder>
		</founder>
		<founder>
			<founder_position position="CFO"/>
			<founder>
				<name>Thomas Hacker</name>
				<email>thomas@inklings.com</email>
				<phone_number>50982534</phone_number>
			</founder>
		</founder>
		<startup_info>
			<startup_name>
				Inklings	
			</startup_name>
			<startup_address>
				<street>
					The Fifth Avenue
				</street>
				<zipcode>
					11101
				</zipcode>
				<city>
					Long Island City
				</city>
				<state>
					New York
				</state>
			</startup_address>
			<startup_online type="website">
				www.inklings.com
			</startup_online>
			<startup_online type="blog">
				www.inklings.wordpress.com
			</startup_online>
			<startup_online type="facebook">
				www.facebook.com/inklings
			</startup_online>
			<office>
				<office_address>
					<street>
						The Fifth Avenue
					</street>
					<zipcode>
						11101
					</zipcode>
					<city>
						Long Island City
					</city>
					<state>
						New York
					</state>
				</office_address>
				<office_phone_number>543897923</office_phone_number>
			</office>
		</startup_info>
		<product>
			<product_name>
				WriteSocial
			</product_name>
			<product_description>
				WriteSocial is a social network for amateur and professional writers.
			</product_description>
			<target_market>
				Fiction writers.
			</target_market>
			<target_market_size_estimate>
				1000000
			</target_market_size_estimate>
			<product_online type="website">
				www.writesocial.com
			</product_online>
			<product_online type="facebook">
				www.facebook.com/writesocial
			</product_online>
			<competitor><![CDATA[FanFiction.Net]]>]
			</competitor>
			<competing_product_name>
				FanFiction.Net
			</competing_product_name>
			<competing_product_description>
				FanFiction.net is a website for publishing fanfiction.
			</competing_product_description>
			<competing_product_note>
				This site attracts only fanfiction writers.		
			</competing_product_note>
		</product>
		<application id="gh9503968" status="rejected" round="spring">
			<date_send>2008-03-14</date_send>
			<date_delivered>2008-03-15</date_delivered>
			<applicant>
				<applicant_name>John Random</applicant_name> is well-known for his open-source contributions in Ruby community.
			</applicant>
			<decision_why>
				I think this idea couldn't be profitable.
			</decision_why>
		</application>
		<application id="a6484gfr" status="accepted" round="spring" last_application="gh9503968">
			<date_send>2011-03-14</date_send>
			<date_delivered>
				2011-03-15
			</date_delivered>
			<applicant>
				<applicant_name>John Random</applicant_name> is well-known for his open-source contributions in Ruby community.
			</applicant>
			<decision_why>
				I think that if they attract one hundreth of people on fanfiction.net, they could be really profitable.
			</decision_why>
		</application>
	</startup>
</list>
