<?xml version="1.0" encoding="UTF-8"?>
	<zamestnanci>
		<zamestnanec id="zamestnanec-1">
			<jmeno>Pavel</jmeno>
			<prijmeni>Brožek</prijmeni>
			<adresa>
				<ulice>
					<nazev_ulice>47. května</nazev_ulice>
					<cislo_popisne>32</cislo_popisne>
				</ulice>
				<psc>15000</psc>
				<mesto>Praha 10</mesto>
				<stat>ČR</stat>
			</adresa>
			<cislo_uctu>35835832041</cislo_uctu>
		</zamestnanec>
		<zamestnanec id="zamestnanec-2">
			<jmeno>David</jmeno>
			<prijmeni>Novák</prijmeni>
			<adresa>
				<ulice>
					<nazev_ulice>Bukovská</nazev_ulice>
					<cislo_popisne>10</cislo_popisne>
				</ulice>
				<psc>13500</psc>
				<mesto>Praha 5</mesto>
				<stat>ČR</stat>
			</adresa>
			<cislo_uctu>5748379324</cislo_uctu>
		</zamestnanec>
		<zamestnanec id="zamestnanec-3">
			<jmeno>Jiří</jmeno>
			<prijmeni>Říha</prijmeni>
			<adresa>
				<ulice>
					<nazev_ulice>Jeremenkova</nazev_ulice>
					<cislo_popisne>17</cislo_popisne>
				</ulice>
				<psc>12000</psc>
				<mesto>Praha 4</mesto>
				<stat>ČR</stat>
			</adresa>
			<cislo_uctu>79342934</cislo_uctu>
		</zamestnanec>
		<zamestnanec id="zamestnanec-4">
			<jmeno>Karel</jmeno>
			<prijmeni>Hromada</prijmeni>
			<adresa>
				<ulice>
					<nazev_ulice>Budějovická</nazev_ulice>
					<cislo_popisne>33</cislo_popisne>
				</ulice>
				<psc>14500</psc>
				<mesto>Praha 4</mesto>
				<stat>ČR</stat>
			</adresa>
			<cislo_uctu>3948593279</cislo_uctu>
		</zamestnanec>
		<zamestnanec id="zamestnanec-5">
			<jmeno>Ondřej</jmeno>
			<prijmeni>Mladý</prijmeni>
			<adresa>
				<ulice>
					<nazev_ulice>U Drevokocůra</nazev_ulice>
					<cislo_popisne>2</cislo_popisne>
				</ulice>
				<psc>13000</psc>
				<mesto>Bratislava</mesto>
				<stat>SR</stat>
			</adresa>
			<cislo_uctu>498398439423</cislo_uctu>
		</zamestnanec>
	</zamestnanci>