<?xml version="1.0"?>  
<!DOCTYPE HazenkaraskyZapas>	
<HazenkarskyZapas>
	    <MistoHaly>
	    	<Ulice>Revolucni</Ulice>
	    	<C.P>345</C.P>
	    	<Mesto>Jicin</Mesto>
	    </MistoHaly>>
	    <Cas>
	    	<den>13</den>
	    	<mesic>5</mesic>
	    	<rok>2000</rok>
	    	<hod>18:00</hod>
	    </Cas>
	    
        <Vysledek>38:20</Vysledek>
	    <Polocas>19:9</Polocas>
	    <SedmimetroveHodyDomaci>4/7</SedmimetroveHodyDomaci>
	    <SedmimetroveHodyHoste>5/6</SedmimetroveHodyHoste>
	    <PocetDivaku>2146</PocetDivaku>
	    <Rozhodci CisloRegistrace="96654" >
	      <Jmeno>Emil</Jmeno>
	   	   <Prijmeni>Nepiskl</Prijmeni>
	   	  
	    </Rozhodci>
	       <Rozhodci CisloRegistrace="96654">
	      <Jmeno>Igor</Jmeno>
	   	   <Prijmeni>Prisny</Prijmeni>
	   	 
	    </Rozhodci>
	    <HlavniPoradatel>
	      <Jmeno>Zdenek</Jmeno>
	   	  <Prijmeni>Matejka</Prijmeni>
	   	   
	    </HlavniPoradatel>
	    <Casomeric>
	         <Jmeno>Libor</Jmeno>
	   	   <Prijmeni>Hnizdo</Prijmeni>
	    </Casomeric>
	    <Zapisovatel>
	      <Jmeno>Petr</Jmeno>
	   	   <Prijmeni>Babak</Prijmeni>
	    </Zapisovatel>
	    <Hlasatel>
	       <Jmeno>Miloslav</Jmeno>
	   	   <Prijmeni>Kuta</Prijmeni>
	    </Hlasatel>
  <Domaci>
	 <Tym>
	   <NazevTymu>HBC Jicin</NazevTymu>
	   <LogoTymu></LogoTymu>
	   <TrenerTymu CisloRegistrace="_43343">
	   	   <Jmeno>Petr</Jmeno>
	   	   <Prijmeni>Masat</Prijmeni>
	  
	   	   <MaterskyKlub>
	   	      <NazevKlubu>HC Plzen</NazevKlubu>
	   	      <RokRegistrace>1989</RokRegistrace>
	   	   </MaterskyKlub>
	   </TrenerTymu>
	   <VedouciTymu CisloRegistrace="_29678">
	        <Jmeno>Jaroslav</Jmeno>
	   	   <Prijmeni>Kotrba</Prijmeni>
	   	  
	   	   <MaterskyKlub>
	   	      <NazevKlubu>HCB Podhorni Ujezd</NazevKlubu>
	   	      <RokRegistrace>1968</RokRegistrace>
	   	   </MaterskyKlub>
	   </VedouciTymu> 
	   <AsistentTreneraTymu CisloRegistrace="_19872">
	         <Jmeno>Luk</Jmeno>
	   	   <Prijmeni>Sky Walker</Prijmeni>
	   	  
	   	   <MaterskyKlub>
	   	      <NazevKlubu>HBC Jicin</NazevKlubu>
	   	      <RokRegistrace>2000</RokRegistrace>
	   	   </MaterskyKlub>
	   </AsistentTreneraTymu>
	   <Lekar>
	           <Jmeno>Petr</Jmeno>
	   	   <Prijmeni>Krikorka</Prijmeni>
	   	     	   
	   </Lekar>
	   <Maser>
	     <Jmeno>Katerina</Jmeno>
	   	   <Prijmeni>Jagosova</Prijmeni>
	   </Maser>
	   <SoupiskaHracu>
	   <Hrac CisloRegistrace="_77644">
	     <Jmeno>Lukas</Jmeno>
	   	 <Prijmeni>Rychna</Prijmeni>
	   	  
	   	   <MaterskyKlub>
	   	   	 <NazevKlubu>&MaterskyTym;</NazevKlubu>>
	   	   	 <RokRegistrace>1980</RokRegistrace>
	   	   </MaterskyKlub>
	   	   <CisloDresu>4</CisloDresu>
	   	   <PocetGolu>11</PocetGolu>
	   	   <TrestneMinuty>4</TrestneMinuty>
	   	   <PocetStrel>12</PocetStrel>
	   	   <Post>SS</Post>
	   </Hrac>
	   <Hrac CisloRegistrace="_88888">
	     <Jmeno>Didier</Jmeno>
	   	   <Prijmeni>Dinart</Prijmeni>
	   	  
	   	  
	   	   <CisloDresu>8</CisloDresu>
	   	   <PocetGolu>1</PocetGolu>
	   	   <TrestneMinuty>6</TrestneMinuty>
	   	   <PocetStrel>1</PocetStrel>
	   	   <Post>P</Post>
	   </Hrac>
	   <Hrac CisloRegistrace="_23232">
	     <Jmeno>Olafur</Jmeno>
	   	   <Prijmeni>Stefanson</Prijmeni>
	   	  
	   	    <CisloDresu>18</CisloDresu>
	   	   <PocetGolu>6</PocetGolu>
	   	   <TrestneMinuty>0</TrestneMinuty>
	   	   <PocetStrel>8</PocetStrel>
	   	   <Post>PS</Post>
	   </Hrac>
	   <Hrac CisloRegistrace="54567">
	     <Jmeno>Lasse</Jmeno>
	   	   <Prijmeni>Boesen</Prijmeni>
	   	  <CisloDresu>9</CisloDresu>
	   	   <PocetGolu>4</PocetGolu>
	   	   <TrestneMinuty>0</TrestneMinuty>
	   	   <PocetStrel>8</PocetStrel>
	   	   <Post>LS</Post>
	   </Hrac>
	   <Hrac CisloRegistrace="18174">
	     <Jmeno>Johan</Jmeno>
	   	   <Prijmeni>Kellman</Prijmeni>
	   	  
	   	   <CisloDresu>14</CisloDresu>
	   	   <PocetGolu>3</PocetGolu>
	   	   <TrestneMinuty>0</TrestneMinuty>
	   	   <PocetStrel>4</PocetStrel>
	   	   <Post>LK</Post>
	   </Hrac>
	   <Hrac CisloRegistrace="_97676">
	     <Jmeno></Jmeno>
	   	   <Prijmeni></Prijmeni>
	   	   <CisloDresu></CisloDresu>
	   	   <PocetGolu></PocetGolu>
	   	   <TrestneMinuty></TrestneMinuty>
	   	   <PocetStrel></PocetStrel>
	   	   <Post></Post>
	   </Hrac>

	   
	   </SoupiskaHracu>
	 </Tym>
	    </Domaci>
	    <Hoste>
	             <Tym>
	   <NazevTymu></NazevTymu>
	   <LogoTymu></LogoTymu>
	   <TrenerTymu>
	   	   <Jmeno></Jmeno>
	   	   <Prijmeni></Prijmeni>
	   	   <CisloRegistrace></CisloRegistrace>
	   	   <MaterskyKlub>
	   	      <NazevKlubu></NazevKlubu>
	   	      <RokRegistrace></RokRegistrace>
	   	   </MaterskyKlub>
	   </TrenerTymu>
	   <VedouciTymu>
	        <Jmeno></Jmeno>
	   	   <Prijmeni></Prijmeni>
	   	   <CisloRegistrace></CisloRegistrace>
	   	   <MaterskyKlub>
	   	      <NazevKlubu></NazevKlubu>
	   	      <RokRegistrace></RokRegistrace>
	   	   </MaterskyKlub>
	   </VedouciTymu> 
	   <AsistentTymu>
	         <Jmeno></Jmeno>
	   	   <Prijmeni></Prijmeni>
	   	   <CisloRegistrace></CisloRegistrace>
	   	   <MaterskyKlub>
	   	      <NazevKlubu></NazevKlubu>
	   	      <RokRegistrace></RokRegistrace>
	   	   </MaterskyKlub>
	   </AsistentTymu>
	   <Lekar>
	           <Jmeno></Jmeno>
	   	   <Prijmeni></Prijmeni>
	   	     	   
	   </Lekar>
	   <Maser>
	     <Jmeno></Jmeno>
	   	   <Prijmeni></Prijmeni>
	   </Maser>
	   <SoupiskaHracu>
	   <Hrac>
	     <Jmeno></Jmeno>
	   	   <Prijmeni></Prijmeni>
	   	   <CisloRegistrace></CisloRegistrace>
	   	  <MaterskyKlub>
	   	      <NazevKlubu></NazevKlubu>
	   	      <RokRegistrace></RokRegistrace>
	   	   </MaterskyKlub>
	   	   <CisloDresu></CisloDresu>
	   	   <PocetGolu></PocetGolu>
	   	   <TrestneMinuty></TrestneMinuty>
	   	   <PocetStrel></PocetStrel>
	   	   <Post></Post>
	   </Hrac>
	   <Hrac>
	     <Jmeno></Jmeno>
	   	   <Prijmeni></Prijmeni>
	   	   <CisloRegistrace></CisloRegistrace>
	   	  <MaterskyKlub>
	   	      <NazevKlubu></NazevKlubu>
	   	      <RokRegistrace></RokRegistrace>
	   	   </MaterskyKlub>
	   	   <CisloDresu></CisloDresu>
	   	   <PocetGolu></PocetGolu>
	   	   <TrestneMinuty></TrestneMinuty>
	   	   <PocetStrel></PocetStrel>
	   	   <Post></Post>
	   </Hrac>
	   <Hrac>
	     <Jmeno></Jmeno>
	   	   <Prijmeni></Prijmeni>
	   	   <CisloRegistrace></CisloRegistrace>
	   	  <MaterskyKlub>
	   	      <NazevKlubu></NazevKlubu>
	   	      <RokRegistrace></RokRegistrace>
	   	   </MaterskyKlub>
	   	   <CisloDresu></CisloDresu>
	   	   <PocetGolu></PocetGolu>
	   	   <TrestneMinuty></TrestneMinuty>
	   	   <PocetStrel></PocetStrel>
	   	   <Post></Post>
	   </Hrac>
	   <Hrac>
	     <Jmeno></Jmeno>
	   	   <Prijmeni></Prijmeni>
	   	   <CisloRegistrace></CisloRegistrace>
	   	  <MaterskyKlub>
	   	      <NazevKlubu></NazevKlubu>
	   	      <RokRegistrace></RokRegistrace>
	   	   </MaterskyKlub>
	   	   <CisloDresu></CisloDresu>
	   	   <PocetGolu></PocetGolu>
	   	   <TrestneMinuty></TrestneMinuty>
	   	   <PocetStrel></PocetStrel>
	   	   <Post></Post>
	   </Hrac>
	  
	 </SoupiskaHracu>  
   </Tym>
 </Hoste>
	   
	
	
	
</HazenkarskyZapas>