<?xml version="1.0" encoding="UTF-8"?> <!--prolog-->
<!DOCTYPE seznamReceptu SYSTEM "data.dtd">
<seznamReceptu>
	<recepty>
		<recept autor="U1" kategorie="desert"> 
			<titulek>bananova zmrzlina</titulek>
			<doba-pripravy doba="1 hodina" />
			<suroviny>
				<surovina>
					<nazev>banan</nazev>
					<mnozstvi>2ks</mnozstvi>
					<puvod>
						<stat>Ekvádor</stat>
						<mesto>Tena</mesto>
					</puvod>
				</surovina>
				<surovina>
					<nazev>smetana</nazev>
					<mnozstvi>200ml</mnozstvi>
				</surovina>
			</suroviny>
			<popis>
				<![CDATA[
					Neprve udelane to a to a potom to a to. Muzu pouzit >= 2 banany & cukr. 	
				]]>
				A máme <tucne>hotovo</tucne>
			</popis>
			<obtiznost>Tento recept je $tag;</obtiznost>
		</recept>
		
		
		
		<recept autor="U2" kategorie="desert" hodnoceni="3"> 
			<titulek>jahodova zmrzlina</titulek>
			<doba-pripravy doba="1 hodina" />
			<suroviny>
				<surovina>
					<nazev>jahody</nazev>
					<mnozstvi>20ks</mnozstvi>
					<puvod>
						<stat>Ekvádor</stat>
						<mesto>Tena</mesto>
					</puvod>
				</surovina>
				<surovina>
					<nazev>smetana</nazev>
					<mnozstvi>200ml</mnozstvi>
				</surovina>
			</suroviny>
			<popis>
				<![CDATA[
					Neprve udelane to a to a potom to a to. Muzu pouzit >= 20 jahod & cukr. 	
				]]>
				A máme <tucne>hotovo</tucne>
			</popis>
			<obtiznost>Tento recept je $tag;</obtiznost>
		</recept>
		
		<recept autor="U2" kategorie="predkrm" hodnoceni="4"> 
			<titulek>Koktejl s jahodama</titulek>
			<doba-pripravy doba="1 hodina" />
			<suroviny>
				<surovina>
					<nazev>jahody</nazev>
					<mnozstvi>20ks</mnozstvi>
					<puvod>
						<stat>Ekvádor</stat>
						<mesto>Tena</mesto>
					</puvod>
				</surovina>
				<surovina>
					<nazev>mleko</nazev>
					<mnozstvi>200ml</mnozstvi>
				</surovina>
			</suroviny>
			<popis>
				<![CDATA[
					Neprve udelane to a to a potom to a to. Muzu pouzit >= 20 jahod & cukr. 	
				]]>
				A máme <tucne>hotovo</tucne>
			</popis>
			<obtiznost>Tento recept je $tag;</obtiznost>
		</recept>
		
	</recepty>
	<uzivatele>
		<uzivatel uid="U1">
			<jmeno>michal</jmeno>
			<prijmeni>rezabek</prijmeni>
			<email>mail@mail.com</email>
			<pozdrav><?php echo "ahoj"; ?></pozdrav>
		</uzivatel>
		<uzivatel uid="U2">
			<jmeno>marek</jmeno>
			<prijmeni>novak</prijmeni>
			<pozdrav><?php echo "ahoj"; ?></pozdrav>
		</uzivatel>
	</uzivatele>
</seznamReceptu>