<?xml version="1.0" encoding="UTF-8"?>
<!DOCTYPE AMU SYSTEM "data.dtd">
<AMU>
	<!-- Informácie o akademii muzickych umeni -->
	<akademicke_udaje>
		<nazov>Akademie muzickych umeni</nazov>
		<zkratka>AMU</zkratka>
		<zakladatel >Honza Dramaturg</zakladatel>
		<zaradenie akademia_typ="verejná"/>
		<zalozenie>1988</zalozenie>
		<adresa>
			<ulica>Malostranske namesti</ulica>
			<cislo>12</cislo>
			<psc>11800</psc>
			<mesto>praha</mesto>
		</adresa>
		<telefon>+420 234 244 514</telefon>
		<fax>+420 234 244 515</fax>
		<web>http://www.amu.cz</web>
		<email>info@amu.cz</email>
	</akademicke_udaje>
	
	<!-- Informácie o fakultách -->
	<fakulta fakulta_id="F01">
		<nazov>Divadelni fakulta</nazov>
		<!-- Informácie o fakultných budovách -->
		<budovy>
			<budova>
				<adresa>
					<ulica>Karlova </ulica>
					<cislo>26</cislo>
					<psc>11665</psc>
					<mesto>Praha</mesto>
					
				</adresa>
				<email>info@damu.cz</email>
			</budova>
		</budovy>
		
		<!--  Informácie o fakultných katedrách-->
		<katedra katedra_id="K01">
			<zkratka>KSC</zkratka>
			<nazov>Katedra scénografie </nazov>
			
			<!-- Informácieo zamestnancoch rektoratu -->
			<zamestnanec zamestnanec_id="Z01" uvazok="plný">
				<osobne_udaje>
					<titul>mgr.</titul>
					<meno_priezvisko>
						<meno>Filip</meno>
						<priezvisko>Tichy</priezvisko>
					</meno_priezvisko>
					<miestnost>X420</miestnost>
				</osobne_udaje>
				<vyzkum>
					<projekt projekt_id="P01">
						<nazov>dramatické postavy</nazov>
						<popis>O postavach v dramatickych scenach</popis>
					</projekt>
				</vyzkum>
				<publikacie>
					<publikacia publikacia_id="T01">
						<nazov>dramatické vlastnosti prostoru</nazov>
						<popis>O vlastnostiach priestoru </popis>
					</publikacia>
					<publikacia publikacia_id="T02">
						<nazov>dramatické vlastnosti prostoru 2</nazov>
						<popis>Pokracovanie dramatické vlastnosti prostoru</popis>
					</publikacia>
				</publikacie>
			</zamestnanec>
			<zamestnanec zamestnanec_id="Z02" uvazok="polovičný">
				<osobne_udaje>
				
					<meno_priezvisko>
						<meno>Daniela</meno>
						<priezvisko>Kovalcikova</priezvisko>
					</meno_priezvisko>
					<miestnost>P1001</miestnost>
				</osobne_udaje>
				<vyzkum>
					<projekt projekt_id="P02">
						<nazov>Scénografické tvorby</nazov>
						<popis>O scenografickych tvorbach</popis>
					</projekt>
					<projekt projekt_id="P03">
						<nazov>Vznik divadelní inscenace</nazov>
						<popis>O divadelnych inscenaciach</popis>
					</projekt>
				</vyzkum>
				<publikacie>
					<publikacia publikacia_id="T03">
						<nazov>O scénografii</nazov>
						<popis>Delenie scenografie ako takej</popis>
					</publikacia>
				</publikacie>
			</zamestnanec>
		</katedra>
		
		
		<!-- Informácie o fakultných predmetoch -->
		<predmet predmet_id="S01">
			<nazov>Dramatické situace 1</nazov>
			<pedagog>
				Milan Dramaturg<zamestnanec_ref ref_id="Z01"/>
			</pedagog>
		</predmet>
		<predmet predmet_id="S02">
			<nazov>Dramatické situace 2</nazov>
			<pedagog>
				Andrea Dramaturgova<zamestnanec_ref ref_id="Z02"/>
			</pedagog>
		</predmet>
	</fakulta>
	
	<!-- Informácie o dokumente -->
	<dokument>
		<aktualnost>
			<?php echo Date("d.m.Y")?>
		</aktualnost>
		<upozornenie><![CDATA[document.write("Zneužitie informácií sa trestá!");]]></upozornenie>
		<prava>
			&damu; &famu;
		</prava>
	</dokument>
</AMU>
