<?xml version="1.0" encoding="utf-8"?>
<!DOCTYPE tournament SYSTEM "data.dtd">
<tournament>
  <name>Cobra Cup</name>
  <organizer><?php print $organizer_name ?></organizer>
  <categories>
    <age age-id="age-pupils" min="1998" max="2000">
      <male>
        <name>&pupilsm;</name>
        <category>
          <max>26</max>
        </category>
        <category>
          <min>26</min>
          <max>30</max>
        </category>
        <category>
          <min>30</min>
          <max>33</max>
        </category>
        <category>
          <min>33</min>
          <max>36</max>
        </category>
        <category>
          <min>36</min>
          <max>40</max>
        </category>
        <category>
          <min>40</min>
          <max>45</max>
        </category>
        <category>
          <min>45</min>
          <max>50</max>
        </category>
        <category>
          <min>50</min>
          <max>55</max>
        </category>
        <category>
          <min>55</min>
        </category>
      </male>
      <female>
        <name>&pupilsf;</name>
        <category>
          <max>26</max>
        </category>
        <category>
          <min>26</min>
          <max>30</max>
        </category>
        <category>
          <min>30</min>
          <max>33</max>
        </category>
        <category>
          <min>33</min>
          <max>36</max>
        </category>
        <category>
          <min>36</min>
          <max>40</max>
        </category>
        <category>
          <min>40</min>
          <max>45</max>
        </category>
        <category>
          <min>45</min>
          <max>50</max>
        </category>
        <category>
          <min>50</min>
        </category>
      </female>
    </age>
    <age age-id="age-juniors" min="1995" max="1997">
      <male>
        <name>&juniorsm;</name>
        <category>
          <max>45</max>
        </category>
        <category>
          <min>45</min>
          <max>48</max>
        </category>
        <category>
          <min>48</min>
          <max>51</max>
        </category>
        <category>
          <min>51</min>
          <max>55</max>
        </category>
        <category>
          <min>55</min>
          <max>59</max>
        </category>
        <category>
          <min>59</min>
          <max>63</max>
        </category>
        <category>
          <min>63</min>
          <max>68</max>
        </category>
        <category>
          <min>68</min>
          <max>73</max>
        </category>
        <category>
          <min>73</min>
          <max>78</max>
        </category>
        <category>
          <min>78</min>
        </category>
      </male>
      <female>
        <name>&juniorsf;</name>
        <category>
          <max>42</max>
        </category>
        <category>
          <min>42</min>
          <max>44</max>
        </category>
        <category>
          <min>44</min>
          <max>46</max>
        </category>
        <category>
          <min>46</min>
          <max>49</max>
        </category>
        <category>
          <min>49</min>
          <max>52</max>
        </category>
        <category>
          <min>52</min>
          <max>55</max>
        </category>
        <category>
          <min>55</min>
          <max>59</max>
        </category>
        <category>
          <min>59</min>
          <max>63</max>
        </category>
        <category>
          <min>63</min>
          <max>68</max>
        </category>
        <category>
          <min>68</min>
        </category>
      </female>
    </age>
  </categories>
  <teams>
    <team team-id="team-kangsim">
      <name>SK Kangsim Dojang</name>
      <chairman>Marek Doxanský</chairman>
      <contact>
        <phone>+420497562483</phone>
        <mail>info@kangsim.cz</mail>
      </contact>
    </team>
    <team team-id="team-cobra">
      <name>SK Cobra Dojang</name>
      <chairman>Ing. Bohuslav Hybrant</chairman>
      <contact>
        <phone>+420584394158</phone>
      </contact>
    </team>
    <team team-id="team-sejong">
      <name>Sejong Dojang</name>
      <chairman>Ing. Ondřej Havlíček</chairman>
      <contact>
        <mail>shou@sejong.cz</mail>
      </contact>
    </team>
    <team team-id="team-lt">
      <name><![CDATA[SK Levý Tag <]]></name>
      <chairman>Mgr. Maxim Dokonalý</chairman>
      <contact>
        <mail>jsem@borec.cz</mail>
      </contact>
    </team>
  </teams>
  <contestants>
    <contestant contestant-id="cont-husakr" team="team-kangsim" pin="9009132159" proficiency-level="1-dan">
      <name>Robert Husák</name>
      <born year="1996" />
      <weight>76</weight>
    </contestant>
    <contestant contestant-id="cont-husakp" team="team-sejong" pin="9009136849" proficiency-level="1-kup">
      <name>Petr Husák</name>
      <born year="1996" />
      <weight>68</weight>
    </contestant>
  </contestants>
</tournament>