<?xml version="1.0" encoding="UTF-8"?>
<?xml-stylesheet href="prey4hunt_list.xsl" type="text/xsl"?>
<!-- List of all players signed up for a game including administrator -->
<game id="g1" date_from="12-01-2013" date_to="12-04-2013" player_limit="100" city="Prague"
	xmlns:xsi="http://www.w3.org/2001/XMLSchema-instance"
    xsi:noNamespaceSchemaLocation="data.xsd"
>
	<comment>More info at web <![CDATA[>>>MICHAL SVACHA<<<]]></comment>
	<!-- Administrator that takes care of the whole game -->
	<administrator nickname="Bob" email="bob">
		<adm_name>
			<adm_first_name>Jan</adm_first_name>
			<adm_last_name>Vomacka</adm_last_name>
		</adm_name>
		<adm_address>
			<adm_city>Prague</adm_city>
			<adm_country code="CZ">Czech Republic</adm_country>
		</adm_address>
		<adm_social_networks>
			<adm_twitter_account>
				<adm_tw_oauth_id>a1034</adm_tw_oauth_id>
				<adm_tw_access_token>abchfjd7658djd</adm_tw_access_token>
			</adm_twitter_account>
			<adm_gplus_account>
				<adm_g_oauth_id>a1234</adm_g_oauth_id>
				<adm_g_access_token>abchfjd7658djd</adm_g_access_token>
			</adm_gplus_account>
		</adm_social_networks>
	</administrator>
	<!-- Single player -->
	<player id="p1" gender="male" nationality="czech">
		<identity_info>
			<nickname>Petan</nickname>
			<name>
				<first_name>Petr</first_name>
				<last_name>Novak</last_name>
			</name>
			<address>
				<street>Truhlarska 8</street>
				<city>Prague</city>
				<zip_code>14000</zip_code>
				<country code="CZ">Czech Republic</country>
			</address>
			<email provider="seznam">petrnovak@seznam.cz</email>
			<social_networks>
				<facebook_account>
					<fb_oauth_id>f7689</fb_oauth_id>
					<fb_access_token>sfdfdsaf</fb_access_token>
				</facebook_account>
				<twitter_account>
					<tw_oauth_id>gf7898</tw_oauth_id>
					<tw_access_token>fdfadsfc</tw_access_token>
				</twitter_account>
				<gplus_account>
					<g_oauth_id>h8909</g_oauth_id>
					<g_access_token>fdfdsafas</g_access_token>
				</gplus_account>
				<foursquare_account>
					<fsq_oauth_id>j8987</fsq_oauth_id>
					<fsq_access_token>fdasfvfd</fsq_access_token>
				</foursquare_account>
			</social_networks>
		</identity_info>
		<target_player id_ref="p2"></target_player>
	</player>
		<!-- Single player -->
	<player id="p2" gender="male" nationality="czech">
		<identity_info>
			<nickname>Hondzik</nickname>
			<name>
				<first_name>Jan</first_name>
				<last_name>Blaha</last_name>
			</name>
			<address>
				<street>Thakurova 9</street>
				<city>Prague</city>
				<zip_code>16700</zip_code>
				<country code="CZ">Czech Republic</country>
			</address>
			<email>blaha@gmail.com</email>
			<social_networks>
				<facebook_account>
					<fb_oauth_id>l0987</fb_oauth_id>
					<fb_access_token>dsadsafds</fb_access_token>
				</facebook_account>
				<twitter_account>
					<tw_oauth_id>d5676</tw_oauth_id>
					<tw_access_token>dsdsad</tw_access_token>
				</twitter_account>
				<gplus_account>
					<g_oauth_id>ss788</g_oauth_id>
					<g_access_token>ghgdsadas</g_access_token>
				</gplus_account>
				<foursquare_account>
					<fsq_oauth_id>h8959</fsq_oauth_id>
					<fsq_access_token>sdffasd</fsq_access_token>
				</foursquare_account>
			</social_networks>
		</identity_info>
		<target_player id_ref="p3"></target_player>
	</player>
		<!-- Single player -->
	<player id="p3" gender="male" nationality="usa">
		<identity_info>
			<nickname>Standa</nickname>
			<name>
				<first_name>Stanislav</first_name>
				<last_name>Svoboda</last_name>
			</name>
			<address>
				<street></street>
				<city></city>
				<zip_code></zip_code>
				<country code="CZ">Czech Republic</country>
			</address>
			<email provider="upc">standa567@upc.cz</email>
			<social_networks>
				<facebook_account>
					<fb_oauth_id></fb_oauth_id>
					<fb_access_token></fb_access_token>
				</facebook_account>
				<twitter_account>
					<tw_oauth_id></tw_oauth_id>
					<tw_access_token></tw_access_token>
				</twitter_account>
				<gplus_account>
					<g_oauth_id></g_oauth_id>
					<g_access_token></g_access_token>
				</gplus_account>
				<foursquare_account>
					<fsq_oauth_id></fsq_oauth_id>
					<fsq_access_token></fsq_access_token>
				</foursquare_account>
			</social_networks>
		</identity_info>
		<target_player id_ref="p4"></target_player>
	</player>
		<!-- Single player -->
	<player id="p4" gender="female" nationality="czech">
		<identity_info>
			<nickname>Janicka</nickname>
			<name>
				<first_name>Jana</first_name>
				<last_name>Prochazkova</last_name>
			</name>
			<address>
				<street></street>
				<city></city>
				<zip_code></zip_code>
				<country code="CZ">Czech Republic</country>
			</address>
			<email>janicka@live.com</email>
			<social_networks>
				<facebook_account>
					<fb_oauth_id></fb_oauth_id>
					<fb_access_token></fb_access_token>
				</facebook_account>
				<twitter_account>
					<tw_oauth_id></tw_oauth_id>
					<tw_access_token></tw_access_token>
				</twitter_account>
				<gplus_account>
					<g_oauth_id></g_oauth_id>
					<g_access_token></g_access_token>
				</gplus_account>
				<foursquare_account>
					<fsq_oauth_id></fsq_oauth_id>
					<fsq_access_token></fsq_access_token>
				</foursquare_account>
			</social_networks>
		</identity_info>
		<target_player id_ref="p5"></target_player>
	</player>
		<!-- Single player -->
	<player id="p5" gender="male" nationality="czech">
		<identity_info>
			<nickname>Jara</nickname>
			<name>
				<first_name>Jaroslav</first_name>
				<last_name>Novy</last_name>
			</name>
			<address>
				<street></street>
				<city></city>
				<zip_code></zip_code>
				<country code="CZ">Czech Republic</country>
			</address>
			<email>jarin@altavista.com</email>
			<social_networks>
				<facebook_account>
					<fb_oauth_id></fb_oauth_id>
					<fb_access_token></fb_access_token>
				</facebook_account>
				<twitter_account>
					<tw_oauth_id></tw_oauth_id>
					<tw_access_token></tw_access_token>
				</twitter_account>
				<gplus_account>
					<g_oauth_id></g_oauth_id>
					<g_access_token></g_access_token>
				</gplus_account>
				<foursquare_account>
					<fsq_oauth_id></fsq_oauth_id>
					<fsq_access_token></fsq_access_token>
				</foursquare_account>
			</social_networks>
		</identity_info>
		<target_player id_ref="p6"></target_player>
	</player>
		<!-- Single player -->
	<player id="p6" gender="male" nationality="czech">
		<identity_info>
			<nickname>Pepan</nickname>
			<name>
				<first_name>Josef</first_name>
				<last_name>Chytry</last_name>
			</name>
			<address>
				<street></street>
				<city></city>
				<zip_code></zip_code>
				<country code="CZ">Czech Republic</country>
			</address>
			<email>pepicek1@yahoo.com</email>
			<social_networks>
				<facebook_account>
					<fb_oauth_id></fb_oauth_id>
					<fb_access_token></fb_access_token>
				</facebook_account>
				<twitter_account>
					<tw_oauth_id></tw_oauth_id>
					<tw_access_token></tw_access_token>
				</twitter_account>
				<gplus_account>
					<g_oauth_id></g_oauth_id>
					<g_access_token></g_access_token>
				</gplus_account>
				<foursquare_account>
					<fsq_oauth_id></fsq_oauth_id>
					<fsq_access_token></fsq_access_token>
				</foursquare_account>
			</social_networks>
		</identity_info>
		<target_player id_ref="p7"></target_player>
	</player>
		<!-- Single player -->
	<player id="p7" gender="female" nationality="czech">
		<identity_info>
			<nickname>Misulka</nickname>
			<name>
				<first_name>Michaela</first_name>
				<last_name>Nedvedova</last_name>
			</name>
			<address>
				<street></street>
				<city></city>
				<zip_code></zip_code>
				<country code="CZ">Czech Republic</country>
			</address>
			<email>nedvedovka@seznam.cz</email>
			<social_networks>
				<facebook_account>
					<fb_oauth_id></fb_oauth_id>
					<fb_access_token></fb_access_token>
				</facebook_account>
				<twitter_account>
					<tw_oauth_id></tw_oauth_id>
					<tw_access_token></tw_access_token>
				</twitter_account>
				<gplus_account>
					<g_oauth_id></g_oauth_id>
					<g_access_token></g_access_token>
				</gplus_account>
				<foursquare_account>
					<fsq_oauth_id></fsq_oauth_id>
					<fsq_access_token></fsq_access_token>
				</foursquare_account>
			</social_networks>
		</identity_info>
		<target_player id_ref="p8"></target_player>
	</player>
		<!-- Single player -->
	<player id="p8" gender="male" nationality="usa">
		<identity_info>
			<nickname>Snajpr</nickname>
			<name>
				<first_name>Stanislav</first_name>
				<last_name>Vidlicka</last_name>
			</name>
			<address>
				<street></street>
				<city></city>
				<zip_code></zip_code>
				<country code="CZ">Czech Republic</country>
			</address>
			<email>slavek@seznam.cz</email>
			<social_networks>
				<facebook_account>
					<fb_oauth_id></fb_oauth_id>
					<fb_access_token></fb_access_token>
				</facebook_account>
				<twitter_account>
					<tw_oauth_id></tw_oauth_id>
					<tw_access_token></tw_access_token>
				</twitter_account>
				<gplus_account>
					<g_oauth_id></g_oauth_id>
					<g_access_token></g_access_token>
				</gplus_account>
				<foursquare_account>
					<fsq_oauth_id></fsq_oauth_id>
					<fsq_access_token></fsq_access_token>
				</foursquare_account>
			</social_networks>
		</identity_info>
		<target_player id_ref="p9"></target_player>
	</player>
		<!-- Single player -->
	<player id="p9" gender="male" nationality="czech">
		<identity_info>
			<nickname>Boreczech</nickname>
			<name>
				<first_name>Jan</first_name>
				<last_name>Hloupy</last_name>
			</name>
			<address>
				<street></street>
				<city></city>
				<zip_code></zip_code>
				<country code="CZ">Czech Republic</country>
			</address>
			<email>hlupacek@yahoo.com</email>
			<social_networks>
				<facebook_account>
					<fb_oauth_id></fb_oauth_id>
					<fb_access_token></fb_access_token>
				</facebook_account>
				<twitter_account>
					<tw_oauth_id></tw_oauth_id>
					<tw_access_token></tw_access_token>
				</twitter_account>
				<gplus_account>
					<g_oauth_id></g_oauth_id>
					<g_access_token></g_access_token>
				</gplus_account>
				<foursquare_account>
					<fsq_oauth_id></fsq_oauth_id>
					<fsq_access_token></fsq_access_token>
				</foursquare_account>
			</social_networks>
		</identity_info>
		<target_player id_ref="p10"></target_player>
	</player>
		<!-- Single player -->
	<player id="p10" gender="female" nationality="czech">
		<identity_info>
			<nickname>Miri</nickname>
			<name>
				<first_name>Mirka</first_name>
				<last_name>Brizova</last_name>
			</name>
			<address>
				<street></street>
				<city></city>
				<zip_code></zip_code>
				<country code="CZ">Czech Republic</country>
			</address>
			<email>mirka@seznam.cz</email>
			<social_networks>
				<facebook_account>
					<fb_oauth_id></fb_oauth_id>
					<fb_access_token></fb_access_token>
				</facebook_account>
				<twitter_account>
					<tw_oauth_id></tw_oauth_id>
					<tw_access_token></tw_access_token>
				</twitter_account>
				<gplus_account>
					<g_oauth_id></g_oauth_id>
					<g_access_token></g_access_token>
				</gplus_account>
				<foursquare_account>
					<fsq_oauth_id></fsq_oauth_id>
					<fsq_access_token></fsq_access_token>
				</foursquare_account>
			</social_networks>
		</identity_info>
		<target_player id_ref="p1"></target_player>
	</player>
</game>