<?xml version="1.0" encoding="UTF-8"?>

<rezervacije>

	<rezervacija r_id="R7300237739">
	
		<avio-kompanija>JAT</avio-kompanija>
		<iz>BEG</iz>
		<do>EIN</do>
	
		<odlazak>
			<datum_odlaska>12.6.2007</datum_odlaska>
			<vreme_odlaska>09:00:00</vreme_odlaska>
		</odlazak>
		
		<povratak>
			<datum_povratka>31.6.2007</datum_povratka>
			<vreme_povratka>20:10</vreme_povratka>
		</povratak>
		
		<putnik p_id="P9483322256" p_id_tip="licna_karta">
	    	<ime>Marko</ime>
			<prezime>Kraljevic</prezime>
			<je_dete val="0"/>
			<kod_tipa_putnika val="ADT"/>
			<datum_rodjenja>19.4.1977</datum_rodjenja>
			<pol val="M"/>
		</putnik>
					
		<putnik p_id="P911947473" p_id_tip="pasos">
	    	<ime>Dragan</ime>
			<prezime>Jovanovic</prezime>
			<je_dete val="0"/>
			<kod_tipa_putnika val="ADT"/>
			<datum_rodjenja>19.4.1957</datum_rodjenja>
			<pol val="M"/>
		</putnik>			
		
		<tarifa>
			<osnovna_cena>4450</osnovna_cena>
			<cena_procesiranja>800</cena_procesiranja>
			<valuta>RSD</valuta>
		</tarifa>			
					
		<placanje>
			<email>darko@yahoo.com</email>
			<kreditna_kartica_ime>Darko</kreditna_kartica_ime>
			<kreditna_kartica_prezime>Mitrovic</kreditna_kartica_prezime>
			<kucni_telefon>5553462634</kucni_telefon>
			<mobilni_telefon>5757473832</mobilni_telefon>
			<broj_kreditne_kartice>8843989066429834</broj_kreditne_kartice>
			<identifikator_kreditne_kartice>885</identifikator_kreditne_kartice>
			<mesec_isteka_kreditne_kartice>7</mesec_isteka_kreditne_kartice>
			<godina_isteka_kreditne_kartice>2011</godina_isteka_kreditne_kartice>
			<adresa>
				<ulica>Jezdinih zrtava bb</ulica>
				<grad>
					<ime_grada>Beograd</ime_grada>
					<postanski_broj>12347</postanski_broj>
				</grad>
				<drzava>Republika Srbija</drzava>
			</adresa>
		</placanje>
			
	</rezervacija>
	
	<datum_procesiranja><?php echo ("17.7.2007")?></datum_procesiranja>

</rezervacije>