<?xml version="1.0" encoding="UTF-8"?>

<passenger_trip_list>

	<passenger p_id="P77534657866" p_id_type="passport">
			<trip>
					<flight_provider>Wizz Air</flight_provider>
					<from>PRG</from>
					<to>EIN</to>
				
					<departure>
						<dep_date>18.7.2007</dep_date>
						<dep_time>15:00</dep_time>
					</departure>
					
					<return>
						<ret_date>25.7.2007</ret_date>
						<ret_time>21:45</ret_time>
					</return>
			</trip>
			
			<trip>
					<flight_provider>Lufthansa</flight_provider>
					<from>PRG</from>
					<to>FRA</to>
				
					<departure>
						<dep_date>26.7.2007</dep_date>
						<dep_time>08:30</dep_time>
					</departure>
					
					<return>
						<ret_date>02.8.2007</ret_date>
						<ret_time>16:15</ret_time>
					</return>
			</trip>
	</passenger>

	<passenger p_id="P77438847848">
			<trip>
					<flight_provider>Wizz Air</flight_provider>
					<from>PRG</from>
					<to>EIN</to>
				
					<departure>
						<dep_date>18.7.2007</dep_date>
						<dep_time>15:00</dep_time>
					</departure>
					
					<return>
						<ret_date>25.7.2007</ret_date>
						<ret_time>21:45</ret_time>
					</return>
			</trip>
			
			<trip>
					<flight_provider>Lufthansa</flight_provider>
					<from>PRG</from>
					<to>FRA</to>
				
					<departure>
						<dep_date>26.7.2007</dep_date>
						<dep_time>08:30</dep_time>
					</departure>
					
					<return>
						<ret_date>02.8.2007</ret_date>
						<ret_time>16:15</ret_time>
					</return>
			</trip>
	</passenger>

		<passenger p_id="P8835854342" p_id_type="identity_card">
			<trip>
					<flight_provider>Southwest Airlines</flight_provider>
					<from>SEA</from>
					<to>ORD</to>
				
					<departure>
						<dep_date>18.7.2007</dep_date>
						<dep_time>08:00:00</dep_time>
					</departure>
					
					<return>
						<ret_date>20.7.2007</ret_date>
						<ret_time>22:10</ret_time>
					</return>
			</trip>
	</passenger>

		<passenger p_id="P4446958753" p_id_type="identity_card">
			<trip>
					<flight_provider>Southwest Airlines</flight_provider>
					<from>SEA</from>
					<to>ORD</to>
				
					<departure>
						<dep_date>18.7.2007</dep_date>
						<dep_time>08:00:00</dep_time>
					</departure>
					
					<return>
						<ret_date>20.7.2007</ret_date>
						<ret_time>22:10</ret_time>
					</return>
			</trip>
	</passenger>
	
		<passenger p_id="P5443978758" p_id_type="identity_card">
			<trip>
					<flight_provider>Southwest Airlines</flight_provider>
					<from>SEA</from>
					<to>ORD</to>
				
					<departure>
						<dep_date>18.7.2007</dep_date>
						<dep_time>08:00:00</dep_time>
					</departure>
					
					<return>
						<ret_date>20.7.2007</ret_date>
						<ret_time>22:10</ret_time>
					</return>
			</trip>
	</passenger>

</passenger_trip_list>