﻿<?xml version="1.0" encoding="UTF-8"?>
<document xmlns:xsi="http://www.w3.org/2001/XMLSchema-instance" xsi:noNamespaceSchemaLocation="data.xsd">
    <knihovny>
        <knihovna id="knihovna1">
                <nazev>
                        Knihovna A
                </nazev>
                <knihy>
                        <zanr typ="sci-fi" /> 
                        <autor> 
                                <jmeno> Isaac</jmeno>
                                <prijmeni>Asimov</prijmeni>
                                <datumNarozeni>
                                        <den>1</den>
                                        <mesic>1</mesic>
                                        <rok>1920</rok>
                                </datumNarozeni>
                                
                                
                                <kniha elektronicky="ano"> 
                                        <nazevKnihy>A zrodí se nadace</nazevKnihy>
                                        <isbn>80-7094-237-1</isbn>
                                        <obal cesta="nadace1.jpg"></obal>
                                        <rokVydaniKnihy>1947</rokVydaniKnihy>
                                        <popis>Pribeh z budoucnosti, s hlavními 
                                                hrdiny                                  
                                                <?php echo $postavy; ?>
                                        </popis>
                                </kniha>
                                
                                <kniha elektronicky="ne"> 
                                        <nazevKnihy>Předehra k nadaci</nazevKnihy>
                                        <isbn>80-7094-237-2</isbn>
                                        <obal cesta="nadace2.jpg"></obal>
                                        <rokVydaniKnihy>1948</rokVydaniKnihy>
                                        <popis>Nedostupna</popis>
                                </kniha>
                                
                                <kniha elektronicky="ano"> 
                                        <nazevKnihy>Nadace</nazevKnihy>
                                        <isbn>80-7094-237-3</isbn>
                                        <obal cesta="nadace3.jpg"></obal>
                                        <rokVydaniKnihy>1949</rokVydaniKnihy>
                                        <popis>Pribeh z budoucnosti, s hlavními 
                                                hrdiny                                  
                                                <?php echo $postavy; ?>
                                        </popis>
                                </kniha>
                                
                                <kniha elektronicky="ne"> 
                                        <nazevKnihy>Nadace a říše</nazevKnihy>
                                        <isbn>80-7094-237-4</isbn>
                                        <obal cesta="nadace4.jpg"></obal>
                                        <rokVydaniKnihy>1950</rokVydaniKnihy>
                                        <popis>Pribeh z budoucnosti, s hlavními 
                                                hrdiny                                  
                                                <?php echo $postavy; ?>
                                        </popis>
                                </kniha>
                                
                                <kniha elektronicky="ano"> 
                                        <nazevKnihy>Já, robot</nazevKnihy>
                                        <isbn>80-7094-237-5</isbn>
                                        <obal cesta="jarobot.jpg"></obal>
                                        <rokVydaniKnihy>1951</rokVydaniKnihy>
                                        <popis>Pribeh z budoucnosti, s hlavními 
                                                hrdiny                                  
                                                <?php echo $postavy; ?>
                                        </popis>
                                </kniha>
                                
                                <kniha elektronicky="ne"> 
                                        <nazevKnihy>Nadace a Země</nazevKnihy>
                                        <isbn>80-7094-237-6</isbn>
                                        <obal cesta="nadace6.jpg"></obal>
                                        <rokVydaniKnihy>1952</rokVydaniKnihy>
                                        <popis>Pribeh z budoucnosti, s hlavními 
                                                hrdiny                                  
                                                <?php echo $postavy; ?>
                                        </popis>
                                </kniha>
                                
                                <kniha elektronicky="ne"> 
                                        <nazevKnihy>Druhá nadace</nazevKnihy>
                                        <isbn>80-7094-237-7</isbn>
                                        <obal cesta="nadace7.jpg"></obal>
                                        <rokVydaniKnihy>1953</rokVydaniKnihy>
                                        <popis>Nedostupna</popis>
                                </kniha>
                                
                                <kniha elektronicky="ne"> 
                                        <nazevKnihy>Mluvící kámen</nazevKnihy>
                                        <isbn>80-7094-237-8</isbn>
                                        <obal cesta="nadace8.jpg"></obal>
                                        <rokVydaniKnihy>1954</rokVydaniKnihy>
                                        <popis>Pribeh z budoucnosti, s hlavními 
                                                hrdiny                                  
                                                <?php echo $postavy; ?>
                                        </popis>
                                </kniha>
                                
                                <kniha elektronicky="ne"> 
                                        <nazevKnihy>Atom</nazevKnihy>
                                        <isbn>80-7094-237-9</isbn>
                                        <obal cesta="nadace9.jpg"></obal>
                                        <rokVydaniKnihy>1955</rokVydaniKnihy>
                                        <popis>Pribeh z budoucnosti, s hlavními 
                                                hrdiny                                  
                                                <?php echo $postavy; ?>
                                        </popis>
                                </kniha>
                                
                                <kniha elektronicky="ne"> 
                                        <nazevKnihy>Na hranicich nadace</nazevKnihy>
                                        <isbn>80-7094-238-1</isbn>
                                        <obal cesta="nadace10.jpg"></obal>
                                        <rokVydaniKnihy>1956</rokVydaniKnihy>
                                        <popis>Pribeh z budoucnosti, s hlavními 
                                                hrdiny                                  
                                                <?php echo $postavy; ?>
                                        </popis>
                                </kniha>
                        </autor>
                        
                        <autor>
                                <jmeno> Karel</jmeno>
                                <prijmeni>Capek</prijmeni>
                                <datumNarozeni>
                                        <den>9</den>
                                        <mesic>1</mesic>
                                        <rok>1890</rok>
                                </datumNarozeni>
                                
                                <kniha elektronicky="ne"> 
                                        <nazevKnihy>RUR</nazevKnihy>
                                        <isbn>99-4594-237-4</isbn>
                                        <obal cesta="rur.jpg"></obal>
                                        <rokVydaniKnihy>1939</rokVydaniKnihy>
                                        <popis>Nedostupna</popis>
                                </kniha>
                                
                        </autor>
                </knihy>
                <spravceKnihovny>
                        <jmeno>Jaroslav</jmeno>
                        <prijmeni>Medek</prijmeni>
                        <email><![CDATA[medek.jaro@gmail.com]]>
                        </email>
                </spravceKnihovny>
        </knihovna>
        
        <knihovna id="knihovna2">
                <nazev>
                        Knihovna B
                </nazev>
                <knihy>
                        <zanr typ="sci-fi" />
                        <autor>
                                <jmeno> Philip</jmeno>
                                <prijmeni>Kindred Dick</prijmeni>
                                <datumNarozeni>
                                        <den>1</den>
                                        <mesic>1</mesic>
                                        <rok>1948</rok>
                                </datumNarozeni>
                                
                                
                                <kniha elektronicky="ano"> 
                                        <nazevKnihy>Temny obraz</nazevKnihy>
                                        <isbn>80-7094-237-1</isbn>
                                        <obal cesta="obraz.jpg"></obal>
                                        <rokVydaniKnihy>1947</rokVydaniKnihy>
                                        <popis>Pribeh z budoucnosti, s hlavními hrdiny                
                                                <?php echo $postavy; ?>
                                        </popis>
                                </kniha>
                                <kniha elektronicky="ano"> 
                                        <nazevKnihy>Blade runner</nazevKnihy>
                                        <isbn>80-7094-267-1</isbn>
                                        <obal cesta="blade.jpg"></obal>
                                        <rokVydaniKnihy>1947</rokVydaniKnihy>
                                        <popis>Pribeh z budoucnosti, s hlavními hrdiny                                  
                                                <?php echo $postavy; ?>
                                        </popis>
                                </kniha>
                        </autor>
                </knihy>
                <spravceKnihovny>
                        <jmeno>Jaroslav</jmeno>
                        <prijmeni>Medek</prijmeni>
                        <email><![CDATA[medek.jaro@gmail.com]]>
                        </email>
                </spravceKnihovny>
        </knihovna>
      </knihovny>
        
</document>
