<?xml version="1.0" encoding="UTF-8"?>

<autoservis xmlns="http://www.testovaci-namespace.org" xmlns:xsi="http://www.w3.org/2001/XMLSchema-instance"
            xsi:schemaLocation="http://www.testovaci-namespace.org data.xsd">
	<zakaznici>
		<zakaznik id="Z-1">
			<vuz id="V-1" typ="automobil" znacka="Lada" model="Niva" VIN="1M8GDM9AXKP042788"/>
			<vuz id="V-2" typ="automobil" znacka="Moskvic" model="423" VIN="1A8GDM9AXKP042788"/>
		</zakaznik>
	</zakaznici>

	<faktury>
		<faktura id="F-1" zaplacena="true">
			<ref_zakaznik id="Z-1"/>
			
			<polozky>
				<ref_zakazka id="O-1" cena="1000"/>
			</polozky>
		</faktura>
	</faktury>

	<zakazky>
		<oprava id="O-1">
			<ref_zakaznik id="Z-1"/>
			<ref_vuz id="V-2"/>

			<popis><![CDATA[Nestartuje! Nelze ani roztlacit.]]></popis>

			<log>
				<zprava datum="2012-01-01T16:32:00">
					Prijato od zakaznika.
				</zprava>
				<zprava datum="2012-01-02T16:32:00">
					Po inspekci zjisteno, ze uplne chybi motor.
				</zprava>
				<zprava datum="2012-02-03T11:22:00">
					Zakaznik dodal krabici, o ktere tvrdi, ze je v ni motor.
				</zprava>
				<zprava datum="2012-02-04T08:33:00">
					Po inspekci zjisteno, ze to sice je motor, ale z uplne jineho vozu.
				</zprava>
				<zprava datum="2012-02-04T08:36:00">
					Motor se nepodarilo osadit.
				</zprava>
				<zprava datum="2012-02-04T08:45:00">
					Zakaznikovi sdeleno, aby si vuz odvezl na vlastni naklady.
				</zprava>
				<zprava datum="2012-02-07T09:01:00">
					Zakaznik pozadal o sesrotovani vozu na jeho naklady.
				</zprava>
				<zprava datum="2012-02-09T09:01:00">
					Vuz sesrotovan.
				</zprava>
				<zprava datum="2012-02-10T13:37:00">
					Vystavena faktura se standardni splatnosti.
				</zprava>
				<zprava datum="2012-02-13T13:13:00">
					Castka prevedena na ucet. Zakazka uzavrena. 
				</zprava>

				<!-- to by ale ale fuska vymyslet 10 podelementu... :-D -->
			</log>
		</oprava>
		<kontrola id="P-1">
			<ref_zakaznik id="Z-1"/>
			<ref_vuz id="V-1"/>
			
			<popis>Pravidelna kontrola pri 500 000 km.</popis>

			<log>
				<zprava datum="2012-03-01T09:33:00">
					Prijato od zakaznika.
				</zprava>
				<zprava datum="2012-03-02T11:11:00">
					Vymeneny rozvody a brzdove desticky.
				</zprava>
			</log>
		</kontrola>
	</zakazky>
	
	<!-- Nova dcerinna firma -->
	<autoservis>
	    <zakaznici />
	    <faktury />
	    <zakazky />
    </autoservis>
</autoservis>
