<?xml version="1.0" encoding="UTF-8"?>
<!DOCTYPE zapas SYSTEM "data.dtd">
<zapas>
	<tymy>
		<tym id="tym_1">
			<nazev>CZE</nazev>
			<hraci>
				<hrac>
					<jmeno>Jakub Skala</jmeno>
					<datumnarozeni den="26" mesic="7" rok="1988"/>
					<pozice>lead</pozice>
				</hrac>
				<hrac>
					<jmeno>Michael Vecer</jmeno>
					<datumnarozeni den="7" mesic="3" rok="1988"/>
					<pozice>second</pozice>
				</hrac>
				<hrac>
					<jmeno>Jan Sedlar</jmeno>
					<datumnarozeni den="21" mesic="5" rok="1988"/>
					<pozice>third</pozice>
				</hrac>
				<hrac skip="yes">
					<jmeno>Karel Klima</jmeno>
					<datumnarozeni den="3" mesic="3" rok="1990"/>
					<pozice>fourth</pozice>
				</hrac>
			</hraci>
		</tym>
		<tym id="tym_2">
			<nazev>SUI</nazev>
			<hraci>
				<hrac>
					<jmeno>Valentin Tanner</jmeno>
					<datumnarozeni den="30" mesic="10" rok="1990"/>
					<pozice>lead</pozice>
				</hrac>
				<hrac>
					<jmeno>Roger Gulka</jmeno>
					<datumnarozeni den="2" mesic="7" rok="1990"/>
					<pozice>second</pozice>
				</hrac>
				<hrac skip="yes">
					<jmeno>Peter De Cruz</jmeno>
					<datumnarozeni den="13" mesic="2" rok="1990"/>
					<pozice>third</pozice>
				</hrac>
				<hrac>
					<jmeno>Benoit Schwarz</jmeno>
					<datumnarozeni den="29" mesic="11" rok="1991"/>
					<pozice>fourth</pozice>
				</hrac>
			</hraci>
		</tym>
	</tymy>
	<endy>
		<end hammer="tym_1" winner="tym_1" score="0"/>
		<end hammer="tym_1" winner="tym_1" score="1"/>
		<end hammer="tym_2" winner="tym_1" score="1"/>
		<end hammer="tym_2" winner="tym_2" score="2"/>
		<end hammer="tym_1" winner="tym_1" score="1"/>
		<end hammer="tym_2" winner="tym_2" score="1"/>
		<end hammer="tym_1" winner="tym_2" score="1"/>
		<end hammer="tym_1" winner="tym_1" score="3"/>
		<end hammer="tym_2" winner="tym_2" score="2"/>
		<end hammer="tym_1" winner="tym_1" score="1"/>
	</endy>
	<vysledek>
		<vitez id_ref="tym_1"/>
		<body id_ref="tym_1">7</body>
		<body id_ref="tym_2">6</body>
	</vysledek>
	<komentar>
		Zajimave utkani mezi <odkaz id_ref="tym_1">Ceskou republikou</odkaz> a <odkaz id_ref="tym_2">Svycarskem</odkaz>!
	</komentar>
</zapas>
