<?xml version="1.0" encoding="UTF-8" standalone="no"?><LeagueOfLegends>
		<!-- Plan to the future - add health, base attack damage and armor of each champion -->
		<Champions>
			<Champion>
				<ChampionName>Aatrox</ChampionName>
				<ChampionDescription>the Darkin Blade</ChampionDescription>
				<ChampionAbilities>
					<Ability Order="passive">
						<AbilityName>Blood Well.</AbilityName>
						<AbilityDescription>Aatrox passively increases his attack speed by 
							<LevelDependant>
								<ValueLD Level="1">0.6%</ValueLD>
								<ValueLD Level="4">0.7%</ValueLD>
								<ValueLD Level="7">0.8%</ValueLD>
								<ValueLD Level="10">0.9%</ValueLD>
								<ValueLD Level="13">1%</ValueLD>
								<ValueLD Level="16">1.1%</ValueLD>
							</LevelDependant> 
							for every 2% in the Blood Well. Upon taking fatal damage, Blood Well. activates and places Aatrox in stasis for up to 3 seconds. Over the stasis duration the Blood Well. is emptied and Aatrox restores health equal to its 
							contents plus 10.5 + (15.75 ? level). Aatrox can cancel the stasis early after 1 second by moving, but this also ends the health regeneration.
						</AbilityDescription>
						<AbilitySpecification>	
							<Type>Passive</Type>
							<Cooldown><Stable>225</Stable></Cooldown>								
						</AbilitySpecification>						
					</Ability>
					<Ability Order="1">
						<AbilityName>Dark Flight</AbilityName>
						<AbilityDescription>Aatrox takes flight and slams down at a targeted area, dealing physical damage to nearby enemies upon landing. Enemies in the center of the area are also knocked up for 1 second.
						</AbilityDescription>
						<AbilitySpecification>
							<Type>Active</Type>
							<Cooldown>
								<LevelDependant>
									<ValueLD Level="1">16</ValueLD>
									<ValueLD Level="2">15</ValueLD>
									<ValueLD Level="3">14</ValueLD>
									<ValueLD Level="4">13</ValueLD>
									<ValueLD Level="5">12</ValueLD>								
							</LevelDependant> 
							</Cooldown>
							<Range>650</Range>
							<Cost>10% CURRENT HEALTH</Cost>
						</AbilitySpecification>												
					</Ability>
					<Ability Order="2">
						<AbilityName>Blood Thirst</AbilityName>
						<AbilityDescription>Aatrox heals himself on every third attack. If Aatrox is below 50% health he will heal for three times as much.</AbilityDescription>
						<AbilitySpecification>
							<Type>Toggle</Type>
							<Cooldown>
								<Stable>0.5</Stable>
							</Cooldown>							
						</AbilitySpecification>
					</Ability>
					<Ability Order="3">
						<AbilityName>Blades of Torment</AbilityName>
						<AbilityDescription>Aatrox unleashes and sends forward the power of his blade, dealing magic damage to enemies in a line and slowing them by 40% for a few seconds.</AbilityDescription>
						<AbilitySpecification>
							<Type>Active</Type>
							<Cooldown>														
								<LevelDependant>
									<ValueLD Level="1">12</ValueLD>
									<ValueLD Level="2">11</ValueLD>
									<ValueLD Level="3">10</ValueLD>
									<ValueLD Level="4">9</ValueLD>
									<ValueLD Level="5">8</ValueLD>
								</LevelDependant>								
							</Cooldown>
							<Cost>5% CURRENT HEALTH</Cost>
						</AbilitySpecification>
					</Ability>
					<Ability Order="4">
						<AbilityName>Massacre</AbilityName>
						<AbilityDescription>Aatrox draws in the blood of his foes, dealing magic damage to nearby enemy champions. For the next 12 seconds, Aatrox gains bonus attack speed and 175 bonus attack range (325 total range). His 
							attacks are still considered melee.
						</AbilityDescription>
						<AbilitySpecification>
							<Type>Active</Type>
							<Cooldown>
								<LevelDependant>								
									<ValueLD Level="1">100</ValueLD>
									<ValueLD Level="1">85</ValueLD>
									<ValueLD Level="1">70</ValueLD>
								</LevelDependant>
							</Cooldown>
						</AbilitySpecification>
					</Ability>
				</ChampionAbilities>		
			</Champion>
			<Champion>
				<ChampionName>Anivia</ChampionName>
				<ChampionDescription>The Cryophoenix</ChampionDescription>
				<ChampionAbilities>
					<Ability Order="passive">
						<AbilityName>Rebirth</AbilityName>
						<AbilityDescription>Upon taking lethal damage, Anivia will transform into an egg with 100% health. While in egg form, Anivia is unable to make any actions and her armor and magic resistance are modified by 
							<LevelDependant>							
								<ValueLD Level="1">-40</ValueLD>
								<ValueLD Level="5">-25</ValueLD>
								<ValueLD Level="8">-10</ValueLD>
								<ValueLD Level="12">+5</ValueLD>
								<ValueLD Level="15">+20</ValueLD>
							</LevelDependant>
							If her egg survives for 6 seconds, Anivia is revived with the same percentage health that her egg had.
						</AbilityDescription>
						<AbilitySpecification>
							<Type>Passive</Type>
							<Cooldown>
								<Stable>240</Stable>
							</Cooldown>
						</AbilitySpecification>
					</Ability>
					<Ability Order="1">
						<AbilityName>Flash Frost</AbilityName>
						<AbilityDescription>Anivia unleashes an orb of ice that travels in a line, dealing magic damage to any enemy it passes through. At maximum range, Flash Frost will detonate automatically. SECOND CAST: Anivia detonates 	
							the orb, dealing magic damage and stunning enemies in a 75-radius area for 1 second. Enemies can be damaged by both parts of Flash Frost.
						</AbilityDescription>
						<AbilitySpecification>
							<Type>Active</Type>
							<Cooldown>														
								<LevelDependant>
									<ValueLD Level="1">12</ValueLD>
									<ValueLD Level="2">11</ValueLD>
									<ValueLD Level="3">10</ValueLD>
									<ValueLD Level="4">9</ValueLD>
									<ValueLD Level="5">8</ValueLD>
								</LevelDependant>
							</Cooldown>
							<Range>1100</Range>
							<Cost>80 MANA</Cost>
						</AbilitySpecification>
					</Ability>
					<Ability Order="2">
						<AbilityName>Crystallize</AbilityName>
						<AbilityDescription>Anivia constructs an impassable wall of ice at the target location for 5 seconds, perpendicular to Anivia's facing. The wall grants sight in a large area around it.</AbilityDescription>
						<AbilitySpecification>
							<Type>Active</Type>
							<Cooldown>
								<Stable>25</Stable>
							</Cooldown>
							<Range>1000</Range>
							<Cost>70 MANA</Cost>
						</AbilitySpecification>
					</Ability>
					<Ability Order="3">
						<AbilityName>Frostbite</AbilityName>
						<AbilityDescription>Anivia fires a shard of ice to deal magic damage to a target enemy. Frostbite deals double damage to enemies that are Chilled.</AbilityDescription>
						<AbilitySpecification>
							<Type>Active</Type>
							<Cooldown>
								<Stable>5</Stable>
							</Cooldown>
							<Range>700</Range>
							<Cost>90 MANA</Cost>
						</AbilitySpecification>
					</Ability>
					<Ability Order="4">
						<AbilityName>Glacial Storm</AbilityName>
						<AbilityDescription>Anivia creates a blizzard in a target 400-radius area, that deals magic damage every second to enemies inside. Enemies damaged by Glacial Storm are Chilled for 1 second, slowing their movement speed 
							and attack speed by 20%. Anivia can re-activate Glacial Storm at any time to disable its effects, and it will deactivate automatically if she gets too far away. Additionally, Glacial Storm will be deactivated by all forms of 
							interrupting crowd control, excluding fear and taunt.
						</AbilityDescription>
						<AbilitySpecification>
							<Type>Active</Type>
							<Cooldown>
								<Stable>6</Stable>
							</Cooldown>
							<Range>615</Range>
							<Cost>75 MANA</Cost>
						</AbilitySpecification>
					</Ability>
				</ChampionAbilities>
			</Champion>
			<Champion>
				<ChampionName>Karthus</ChampionName>
				<ChampionDescription>the Deathsinger</ChampionDescription>
				<ChampionAbilities>
					<Ability Order="passive">
						<AbilityName>Death Defied</AbilityName>
						<AbilityDescription>Upon dying, Karthus enters a spirit form and becomes immobile and untargetable, allowing him to continue casting spells for 7 seconds. During this time, his abilities cost no mana.</AbilityDescription>
						<AbilitySpecification>
							<Type>Passive</Type>							
						</AbilitySpecification>
					</Ability>
					<Ability Order="1">
						<AbilityName>Lay Waste</AbilityName>
						<AbilityDescription>After a 0.5 second delay, Karthus creates an explosion at target 50-radius area. Enemies hit take magic damage, and this damage is doubled if Lay Waste only hits one unit.</AbilityDescription>
						<AbilitySpecification>
							<Type>Active</Type>
							<Cooldown>
								<Stable>1</Stable>
							</Cooldown>
							<Range>875</Range>
							<Cost>44 MANA</Cost>
						</AbilitySpecification>
					</Ability>
					<Ability Order="2">
						<AbilityName>Wall of Pain</AbilityName>
						<AbilityDescription>Karthus creates a wall of energy between 2 obelisks at target position for 5 seconds. Enemies who pass this wall have their movement speed reduced by a large amount and their magic resistance 
							reduced by 15% for 5 seconds.
						</AbilityDescription>
						<AbilitySpecification>
							<Type>Active</Type>
							<Cooldown>
								<Stable>18</Stable>
							</Cooldown>
							<Range>1000</Range>
							<Cost>100 MANA</Cost>
						</AbilitySpecification>
					</Ability>
					<Ability Order="3">
						<AbilityName>Defile</AbilityName>
						<AbilityDescription>Karthus surrounds himself with the souls of his victims, draining his mana to deal magic damage to enemies in range each second</AbilityDescription>
						<AbilitySpecification>
							<Type>Toggle</Type>
							<Range>425</Range>
							<Cost>78 MANA PER SECOND</Cost>
						</AbilitySpecification>
					</Ability>
					<Ability Order="4">
						<AbilityName>Requiem</AbilityName>
						<AbilityDescription>After channeling for 3 seconds, Karthus blasts all enemy champions regardless of their position on the map, dealing magic damage.</AbilityDescription>
						<AbilitySpecification>
							<Type>Active</Type>
							<Cooldown>							 
								 <LevelDependant>
									 <ValueLD Level="1">200</ValueLD>
									 <ValueLD Level="2">180</ValueLD>
									 <ValueLD Level="3">160</ValueLD>
								 </LevelDependant>								
							</Cooldown>
						</AbilitySpecification>
					</Ability>
				</ChampionAbilities>
			</Champion>
		<Champion><ChampionName>Orianna</ChampionName><ChampionDescription>the Lady of Clockwork</ChampionDescription><ChampionAbilities><Ability Order="passive"><AbilityName>Clockwork Windup</AbilityName><AbilityDescription>Orianna???s autoattacks deal 50 (+ 15% AP) bonus magic damage on hit. Subsequent attacks on the same target within 4 seconds deal an additional 20% magic damage. This bonus stacks up to 2 times, dealing a maximum of 70 (+ 21% AP) magic damage.</AbilityDescription><AbilitySpecification><Type>Passive</Type></AbilitySpecification></Ability><Ability Order="1"><AbilityName>Command: Attack</AbilityName><AbilityDescription>Orianna commands the Ball to fly towards the target location, dealing magic damage to all enemies that the Ball passes through or that are in the target area. However, the Ball deals 10% less damage for each subsequent target hit down to a minimum of 40% damage done. After Command: Attack is used, the Ball remains behind at the target location.</AbilityDescription><AbilitySpecification><Type>Active</Type><Cooldown><Stable>3</Stable></Cooldown><Range>825</Range><Cost>50 MANA</Cost></AbilitySpecification></Ability><Ability Order="2"><AbilityName>Command: Dissonance</AbilityName><AbilityDescription>Orianna commands the Ball to emit an electric pulse around its current location, dealing magic damage to enemies within 250 range and leaving an electric field on the area for 3 seconds that speeds up allies and slows enemies that walk over it. This effect diminishes to normal over 2 seconds after leaving the area.</AbilityDescription><AbilitySpecification><Type>Active</Type><Cooldown><Stable>9</Stable></Cooldown><Cost>110 MANA</Cost></AbilitySpecification></Ability><Ability Order="3"><AbilityName>Command: Protect</AbilityName><AbilityDescription>PASSIVE: The allied champion the Ball is currently attached to is granted bonus armor and magic resistance. ACTIVE: Orianna commands the Ball to fly to and attach onto an allied champion, dealing damage to enemies it passes through and shielding the allied champion for 4 seconds when it arrives</AbilityDescription><AbilitySpecification><Type>Active</Type><Cooldown><Stable>9</Stable></Cooldown><Range>1100</Range><Cost>60 MANA</Cost></AbilitySpecification></Ability><Ability Order="3"><AbilityName>Command: Shockwave</AbilityName><AbilityDescription>Orianna commands the Ball to unleash a shockwave after 0.5 seconds, dealing magic damage to enemies within 400 range and flinging them into the air 350 range towards, and possibly over, the Ball.</AbilityDescription><AbilitySpecification><Type>Active</Type><Cooldown><Stable>90</Stable></Cooldown><Cost>150 MANA</Cost></AbilitySpecification></Ability></ChampionAbilities></Champion></Champions>		
		<Items>
			<Regeneration>
				
				<Item Description="Restores 100 mana over 15 seconds" Name="Mana Potion" id="ic_2004"/>
				<Item Description="Restores 150 health over 15 seconds." Name="Health Potion" id="ic_2003"/>				
			</Regeneration>
			<Potions>
				
								
			</Potions>
			<Wards>
				<Item Description="Places an invisible ward with 1100 range. Lasts 3 minutes." Name="Stealth Ward" id="ic_2044"/>
				<Item Description="Places a visible ward with 1100 Vision Sight and 1000 range Magical Sight (can see invisible units). Has infinite duration." Name="Vision Ward" id="ic_2043"/>
				<Item Description="Consumes a charge to place a  Stealth Ward that reveals the surrounding area for 3 minutes. A player may only have 3 Stealth Wards on the map at one time." Name="Sightstone" id="ic_2049"/>	
			</Wards>
			<Trinkets>
				<Item Description="Places a  Vision Ward that has infinite duration. (180 second cooldown). Limit 1 Vision Ward on the map per player." Name="Greater Vision Totem" id="ic_1001"/>
				<Item Description="Reveals small location within 1500 / 2500 range for 1 second (120 second cooldown). Enemy champions hit will be revealed for 5 seconds. This does not affect stealth champions." Name="Scrying Orb" id="ic_1002"/>
			</Trinkets>
			<AttackDamage>
				<Item Description="+70 attack damage +25% critical strike chance" Name="Infinity Edge" id="ic_3031"/>
			</AttackDamage>
			<AttackSpeed>
				<Item Description="+40% attack speed" Name="Stinger" id="ic_3101"/>
				<Item Description="+70% attack speed" Name="Runaan's Hurricane" id="ic_3085"/>
			</AttackSpeed>
			<AbilityPower>
				<Item Description="+40 ability power" Name="Blasting Wand" id="ic_1026"/>
				<Item Description="+120 ability power" Name="Rabadon's Deathcap" id="ic_3089"/>
				<Item Description="Unique: Dealing spell damage slows the target's movement speed by 35% for 1.5 seconds (15% for multi-target and damage-over-time spells)." Name="Rylai's Crystal Scepter" id="ic_3116"/>				
			</AbilityPower>
			<CooldownReduction>
								
			</CooldownReduction>
			<ManaRegeneration>
				<Item Description="+250 mana +10 mana regen" Name="Archangel's Staff" id="ic_3003"/>
			</ManaRegeneration>
			<Armor>
				<Item Description="On being hit by basic attacks, returns 30% of damage, before any reductions such as armor, as magic damage" Name="Thornmail" id="ic_3075"/>
				<Item Description="When hit by basic attacks, reduces the attacker's attack speed by 15% and movement speed by 10% for 1 second." Name="Randuin's Omen" id="ic_3143"/>
				<Item Description="+95 armor" Name="Frozen Heart" id="ic_3110"/>
			</Armor>
			<MagicResistance>
				<Item Description="Grants a spell shield that blocks the next enemy ability. This shield refreshes after no damage is taken from enemy champions for 25 seconds." Name="Banshee's Veil" id="ic_3102"/>
				
			</MagicResistance>
			<Health>
				<Item Description="You gain health regeneration equal to 1% of your maximum health." Name="Warmog's Armor" id="ic_3083"/>
			</Health>
		</Items>		
		<Patches>									
			<Patch Date="April 25, 2009">
				<Change>
					<ItemChange Description="Cost increased to 250 from 200." id="ic_2010"/>					
				</Change>
			</Patch>
			<Patch Date="May 15, 2009">
				<Change>
					<ItemChange Description="Fixed a bug where certain item effects would persist past selling the item." id="ic_3031"/>
					<ItemChange Description="Temporarily removed." Reason="A problem with a bug." id="ic_3075"/>
					<?php for ($i = 0; $i < 10; $i++) { 
						echo $myChanges[$i];
					} ?>					
				</Change>
			</Patch>
		</Patches>
		<Script>
			<![CDATA[
				function matchwo(a,b) { if (a < b && a < 0) then { return 1; }  else { return 0; } }
			]]>
		</Script>
	</LeagueOfLegends>