<?xml version="1.0" encoding="UTF-8"?>
<!--Sample XML file generated by XMLSpy v2011 sp1 (http://www.altova.com)-->
<pcstore xsi:schemaLocation="http://www.w3schools.com data.xsd" xmlns="http://www.w3schools.com" xmlns:xsi="http://www.w3.org/2001/XMLSchema-instance">
	<store>
		<person id="String">
			<firstname>String</firstname>
			<lastname>String</lastname>
		</person>
		<warehouse>
			<notebook brand="String" OS="false">
				<name>String</name>
				<cost>0</cost>
				<count>0</count>
				<processor>String</processor>
				<ram>0</ram>
			</notebook>
		</warehouse>
	</store>
</pcstore>
