<?xml version="1.0" encoding="UTF-8"?>
<books type="all">
	<books type="fiction">
		<books type="science">
			<name> Last path</name>
		</books>
		<books type="periodic">
			<books type="comic">
				<name> August 14</name>
				<name> Galaxy fighters</name>
			</books>
		</books>
	</books>
	<books type="nonfiction">
		<books type="historical">
			<name>Worls wars</name>
			<name>First discoveries</name>
		</books>
		<books type="poetry">
			<name>Mrs Clay</name>
			<name>Osb city</name>
			<name>EverNote</name>
		</books>
	</books>
</books>	


