<?xml version="1.0" encoding="UTF-8"?>

<!-- XML dokument knihovna -->
<library>
	<books>
		<book id="B1">
			<title>Introducing to linear computing</title>
			<ISBN>ISBN 977-0-362-40615-7</ISBN>
			<publishing_house>acad</publishing_house>
			<publication_date>2010-03-05</publication_date>
			<edition>2</edition>
			<authors>
				<author>Shmidt Henry</author>
				<author>Solovko Stanley</author>
			</authors>
		</book>
		<book id="B2" language="english">
			<title>CISSP All-in-One Exam Guide</title>
			<ISBN>ISBN 978-80-7203-884-8</ISBN>
			<publishing_house>st</publishing_house>
			<publication_date>2011-07-06</publication_date>
			<edition>5</edition>
			<authors>
				<author>Shon Harris</author>
			</authors>
		</book>
		<book id="B3">
			<title>The Song of Achilles: A Novel</title>
			<ISBN>ISBN 80-204-0105-9</ISBN>
			<publishing_house>Block In</publishing_house>
			<publication_date>2011-12-20</publication_date>
			<edition>1</edition>
			<authors>
				<author>Madeline Miller</author>
			</authors>
		</book>
	</books>
	<copies>
		<copy id="C1" book_ref_id="B1">
			<rent user_ref_id="U5" obtain_date="2012-01-13" return_date="2012-01-03"/>
			<rent user_ref_id="U6" obtain_date="2011-07-05" return_date="2011-07-14"/>
			<rent user_ref_id="U10" obtain_date="2012-05-15"/>
		</copy>
		<copy id="C2" book_ref_id="B2">			
		</copy>
		<copy id="C3" book_ref_id="B1">
			<rent user_ref_id="U8" obtain_date="2011-09-16" return_date="2011-10-23"/>
			<rent user_ref_id="U3" obtain_date="2012-02-01" return_date="2012-02-28"/>
			<rent user_ref_id="U11" obtain_date="2012-03-01"/>
		</copy>
		<copy id="C4" book_ref_id="B1">			
		</copy>
		<copy id="C5" book_ref_id="B1">		
		</copy>
		<copy id="C6" book_ref_id="B2">			
		</copy>
		<copy id="C7" book_ref_id="B3">
			<rent user_ref_id="U8" obtain_date="2012-03-01"/>
		</copy>
	</copies>
	<users>
		<user id="U1" name="Vasily Petrov" birth_date="1990-08-17"/>
		<user id="U2" name="Hens Vo" birth_date="1991-05-14"/>
		<user id="U3" name="Alexandr Pertol" birth_date="1980-02-27"/>
		<user id="U4" name="Jan Bistr" birth_date="1983-02-28"/>
		<user id="U5" name="Den Black" birth_date="1982-08-13"/>
		<user id="U6" name="Mary Blood" birth_date="1995-02-12"/>
		<user id="U7" name="Sasha Baron" birth_date="1973-12-08"/>
		<user id="U8" name="Daniel Creig" birth_date="1987-11-14"/>
		<user id="U9" name="Charlie Mix" birth_date="1969-09-13"/>
		<user id="U10" name="Klementin Bread" birth_date="1993-06-05"/>
		<user id="U11" name="Jeremy White" birth_date="1990-03-04"/>
		<user id="U12" name="Joel Silvia" birth_date="1991-11-17"/>
		<user id="U13" name="Mary Exepury" birth_date="1994-09-19"/>
		<user id="U14" name="Siro Miro" birth_date="1986-01-20"/>
	</users>
</library>
