<?xml version="1.0" encoding="UTF-8"?>
<root>
<library>
	<book binding="paperback">
		<author>J. K. Rowling</author>
		<name>Harry Potter a kámen mudrců</name>
		<price>340</price>
	</book>
	<book binding="paperback">
		<author>J. K. Rowling</author>
		<name>Harry Potter a tajemná komnata</name>
		<price>360</price>
		<reviews>
			<review date="2012-05-13">Click here for a free iPhone!</review>
			<review date="2012-05-13">Click here for a free iPhone!</review>
		</reviews>
	</book>
	<book binding="paperback">
		<author>J. K. Rowling</author>
		<name>Harry Potter a vězeň z Azkabanu</name>
		<price>370</price>
	</book>
</library>
<library2>
	<author name="J. K. Rowling">
		<book id="book-1" binding="paperback">
			<name>Harry Potter a kámen mudrců</name>
			<price>340</price>
		</book>
		<book id="book-2" binding="paperback">
			<name>Harry Potter a tajemná komnata</name>
			<price>340</price>
		</book>
		<book id="book-3" binding="paperback">
			<name>Harry Potter a vězeň z Azkabanu</name>
			<price>340</price>
		</book>
	</author>
	<reviews>
		<review for="book-1">Click here for a free iPhone!</review>
	</reviews>
</library2>
<authors>
	<author>
		<name>J. K. Rowling</name>
		<description>A British novelist, best known as the author of the Harry Potter fantasy series.</description>
	</author>
	<author>
		<name>E. A. Poe</name>
		<description>An American author, poet, editor, and literary critic.</description>
	</author>
</authors>
</root>