<?xml version="1.0" encoding="UTF-8"?>
<rezervace>
    <vstupenky>
     
     <vstupenka id_vstupenky="01" filmid="f02">
     <kino>Slovansky dum</kino>
       <zakaznik>
         <jmeno>Jan</jmeno>
         <prijmeni>Novotny</prijmeni>
       </zakaznik>
       <mista>
            <sal>5</sal>
            <rada>10</rada>
            <sedadlo>12</sedadlo>
        </mista>
        <cena>100</cena>
        <datum>15.11.2012</datum>
        <cas>15:00</cas>
     </vstupenka>
     <vstupenka filmid="f02">
     <kino>Slovansky dum</kino>
       <zakaznik>
          <jmeno>Ondrej</jmeno>
          <prijmeni>Kubat</prijmeni>
          <telefon>774325897</telefon>
       </zakaznik>
       <mista>
        <sal>2</sal>
        <rada>5</rada>
        <sedadlo>10</sedadlo>
       </mista>
        <cena>120</cena>
        <sleva>5%</sleva>
        <datum>03.03.2011</datum>
        <cas>17:00</cas>
     </vstupenka>
     <vstupenka filmid="f02">
     <kino>Novy smichov</kino>
       <zakaznik>
          <jmeno>Ales</jmeno>
          <prijmeni>Kulaty</prijmeni>
          <telefon>775325897</telefon>
       </zakaznik>
       <mista>
        <sal>5</sal>
        <rada>8</rada>
        <sedadlo>13</sedadlo>
       </mista>
        <cena>120</cena>
        <sleva>5%</sleva>
        <datum>23.03.2011</datum>
        <cas>19:00</cas>
     </vstupenka>
     <vstupenka filmid="f03">
     <kino>Novy smichov</kino>
       <zakaznik>
          <jmeno>Martin</jmeno>
          <prijmeni>Dvorak</prijmeni>
          <telefon>775425897</telefon>
       </zakaznik>
       <mista>
        <sal>3</sal>
        <rada>4</rada>
        <sedadlo>7</sedadlo>
       </mista>
        <cena>120</cena>
        <datum>23.03.2011</datum>
        <cas>21:00</cas>
     </vstupenka>
     <vstupenka filmid="f04">
     <kino>Novy smichov</kino>
       <zakaznik>
          <jmeno>Martin</jmeno>
          <prijmeni>Vesely</prijmeni>
          <telefon>775425897</telefon>
       </zakaznik>
       <mista>
        <sal>4</sal>
        <rada>10</rada>
        <sedadlo>5</sedadlo>
       </mista>
        <cena>150</cena>
        <datum>23.03.2011</datum>
        <cas>18:00</cas>
     </vstupenka>
     <vstupenka filmid="f02">
     <kino>Letnany</kino>
       <zakaznik>
          <jmeno>Pavel</jmeno>
          <prijmeni>Dvorsky</prijmeni>
          <telefon>775325897</telefon>
       </zakaznik>
       <mista>
        <sal>1</sal>
        <rada>5</rada>
        <sedadlo>19</sedadlo>
       </mista>
        <cena>120</cena>
        <sleva>5%</sleva>
        <datum>25.03.2011</datum>
        <cas>10:00</cas>
     </vstupenka>
     </vstupenky>
    <filmy>
     <film id_filmu="f01" triD="ne">
        <nazev>Hezke vstavani</nazev>
        <rok>2010</rok>
        <zeme>USA</zeme>
        <reziser>Roger Michell </reziser>
        <scenarista>Aline Brosh McKenna</scenarista>
        <producenti>J.J. Abrams, Bryan Burk</producenti>
       
        <delka>108 min</delka>
        <verze>Titulky</verze>
     </film>
     <film id_filmu="f02" triD="ne">
        <nazev>Fighter</nazev>
        <rok>2010</rok>
        <zeme>USA</zeme>
        <reziser>David O. Russell </reziser>
        <scenarista>Scott Silver, Paul Tamasy</scenarista>
        <producenti>David Hoberman, Todd Lieberman, Ryan Kavanaugh</producenti>
       
        <delka>115 min</delka>
        <verze>Titulky</verze>
        <popis>Drama Fighter vypráví skutečný příběh boxera Mickyho Wara (<herec>Mark Wahlberg</herec>) a jeho neuvěřitelný vzestup ke slávě.
               Micky touží po uznání v tvrdém prostředí rodného města, kde je boxerský ring chápán jako jediná možnost vykoupení z těžkostí dělnického života. Mickyho starší bratr Dickie (Christian Bale) býval šampionem a chloubou rodiny. Neustál však porážku v důležitém zápase a následná závislost na drogách ho definitivně odepsala. Teď je to Micky, kdo se stává nadějí celé rodiny. Jeho matka (Melissa Leo) žene svou neústupností kariéru svého syna kupředu, bezohledný Dickie však selhává v roli trenéra a Mickyho sny se začínají hroutit. Nelehkou situaci Micky vyřeší rozhodnutím odtrhnout se od rodiny a sám pokračovat v cestě za úspěchem s pomocí odhodlané přítelkyně Charlene (Amy Adams). Mickymu se tím otevírá cesta k vytoužené slávě, čeká ho však ještě těžší boj než jaký zná z ringu – urovnání vztahů s matkou a bratrem, jejichž význam a síla jsou pro něj zásadní.
               Drama o úsilí, lásce a hrdosti protkané vytříbeným humorem bylo oceněno dvěma Zlatými glóby a je právem považováno za jeden z nejvydařenějších snímků roku. </popis>
     </film>
     <film id_filmu="f03" triD="ano">
        <nazev>Na vlasku </nazev>
        <rok>2010</rok>
        <zeme>USA</zeme>
        <reziser>Byron Howard</reziser>
        <scenarista>Dan Fogelman</scenarista>
        <producenti>Roy Conli</producenti>
       
        <delka>92 min</delka>
        <verze>Dubbing</verze>
        <popis>Na vlásku je animovaná hudební komedie plná efektů a dobrodružství o dívce, která má kouzelné vlasy zlaté barvy dlouhé víc než 70 stop. Princezna Locika je unesena z hradu svých rodičů již jako dítě a zamčena v tajné věži a touží po dobrodružství. Nyní je ve věku teenagera s bujnou fantazií a odhodlá se s pomocí temperamentního bandity provést velký husarský kousek. Locika a její komplici nacházejí dobrodružství, srdce, humor a vlasy… spoustu vlasů. Prozrazení jejího královského původu visí na nitce a její únosce je jim v patách. </popis>
     </film>
     <film id_filmu="f04" triD="ano">
        <nazev>Gnomeo a Julie</nazev>
        <rok>2011</rok>
        <zeme>USA, Velka Britanie</zeme>
        <reziser>Kelly Asbury</reziser>
        <scenarista>Kelly Asbury, Rob Sprackling</scenarista>
        <producenti>Baker Bloodworth, David Furnish</producenti>
        
        <delka>85 min</delka>
        <verze>Dubbing</verze>
        <popis>Nový animovaný komediálně-dobrodružný snímek o trpaslících Gnomeo a Julie dává nejslavnějšímu příběhu lásky na světě Williama Shakespeara další rozměr. Užít si jej můžete ve formátu 3D v kinech právě v období svatého Valentýna. Filmu se jako výkonný producent ujal zpěvák a skladatel Elton John, jehož písně jsou použité jako hudební doprovod.</popis>
     </film>
    </filmy>
</rezervace>
