<?xml version="1.0"?>
<zabavnipark>
	<sluzby>
		<sluzba>
			<zamestnanec id="zz1" jmeno="Lubomir" prijmeni="Kukuc" funkce="uklizec" />
			<zamestnanec id="zz2" jmeno="Josef" prijmeni="Zeleny" funkce="pokladni" />
			<den> pondeli </den>	
		</sluzba>
		<sluzba>
			<zamestnanec id="zz3" jmeno="Lubomir" prijmeni="Kukuc" funkce="uklizec" />
			<zamestnanec id="zz4" jmeno="Josef" prijmeni="Zeleny" funkce="pokladni" />
			<zamestnanec id="zz5" jmeno="Lubomir" prijmeni="Zluty" funkce="uklizec" />
			<zamestnanec id="zz6" jmeno="Josef" prijmeni="Modry" funkce="pokladni" />
			<den> utery </den>	
		</sluzba>
		<sluzba>
			<zamestnanec id="zz7" jmeno="Tomas" prijmeni="Fialovy" funkce="uklizec" />
			<den> streda </den>	
		</sluzba>
		<sluzba>
			<zamestnanec id="zz8" jmeno="Lubomir" prijmeni="Cerny" funkce="uklizec" />
			<zamestnanec id="zz9" jmeno="Josef" prijmeni="Bily" funkce="pokladni" />
			<zamestnanec id="zz10" jmeno="Josef" prijmeni="Kaktusovy" funkce="pokladni" />
			<zamestnanec id="z2" jmeno="Pavel" prijmeni="Novak" funkce="uklizec" />
			<zamestnanec id="z3" jmeno="Karel" prijmeni="Kral" funkce="pokladni" />
			<den> ctvrtek </den>	
		</sluzba>
	</sluzby>
</zabavnipark>