<?xml version="1.0"?>
<zabavnipark>
	<vedeni>
		<reditel id="zr" jmeno="Ondrej" prijmeni="Kunc" />
		<!--Rada parku obsahuje seznam zamestnancu ze stavajicich zamestnancu, kteri maji na starosti konkretni areal-->
		
		<radaparku>
			<zamestnanec>
				<ida>ar1</ida>
				<idz>z1</idz>
			</zamestnanec>
			<zamestnanec>
				<ida>ar1</ida>
				<idz>z3</idz>
			</zamestnanec>
			<zamestnanec>
				<ida>ar2</ida>
				<idz>z10</idz>
			</zamestnanec>
		</radaparku>
		
		<hiearchie>
			<zam id="z4">
				<podrizeni>
					<zam id="z5"/>
					<zam id="z6">
						<podrizeni>
							<zam id="z7">
							</zam>
							<zam id="z8">
								<podrizeni>
									<zam id="z10"></zam>
								</podrizeni>
							</zam>
							<zam id="z9"/>
						</podrizeni>
					</zam>	
				</podrizeni>
			</zam>
		</hiearchie>

		<spravcibudov>
			<zamestnanec id="s1" jmeno="Velky" prijmeni="Svoboda" />
			<zamestnanec id="s2" jmeno="Tobias" prijmeni="Kralujici" />
			<zamestnanec id="s3" jmeno="Lukas" prijmeni="Vomacka" />
		</spravcibudov>
		<vyhlaska priorita="1">
			Vsichni se budou chovat poslusne!
		</vyhlaska>
	</vedeni>
</zabavnipark>