<?xml version="1.0" encoding="UTF-8"?>
<document>
        <knihovny>
                <knihovna id="knihovna3">
                        <nazev>Knihovna C</nazev>
                        <knihy>
                                <zanr typ="sci-fi" />
                                <autor>
                                        <jmeno>Philip</jmeno>
                                        <prijmeni>Kindred Dick</prijmeni>
                                        <datumNarozeni>
                                                <den>1</den>
                                                <mesic>1</mesic>
                                                <rok>1948</rok>
                                        </datumNarozeni>

                                        <kniha elektronicky="ne">
                                                <nazevKnihy>Muz z vysokeho zamku</nazevKnihy>
                                                <isbn>99-4594-237-4</isbn>
                                                <obal cesta="blade.jpg"></obal>
                                                <rokVydaniKnihy>1970</rokVydaniKnihy>
                                                <popis>Nedostupna</popis>
                                        </kniha>

                                </autor>
                                
                                <autor>
                                        <jmeno>Martin</jmeno>
                                        <prijmeni>Necasky</prijmeni>
                                        <datumNarozeni>
                                                <den>1</den>
                                                <mesic>1</mesic>
                                                <rok>1980</rok>
                                        </datumNarozeni>

                                        <kniha elektronicky="ano">
                                                <nazevKnihy>(Sci-fi) Základy XML</nazevKnihy>
                                                <isbn>99-4494-227-9</isbn>
                                                <obal cesta="xml.jpg"></obal>
                                                <rokVydaniKnihy>2008</rokVydaniKnihy>
                                                <popis>Nedostupna</popis>
                                        </kniha>

                                </autor>
                        </knihy>
                        <spravceKnihovny>
                                <jmeno>Jaroslav</jmeno>
                                <prijmeni>Medek</prijmeni>
                                <email>
                                        <![CDATA[medek.jaro@gmail.com]]> </email>
                        </spravceKnihovny>
                </knihovna>
        </knihovny>

</document>