<?xml version="1.0" encoding="UTF-8"?>
<!DOCTYPE account SYSTEM "data.dtd">
<account id="acc123456"
         status="alive"
         type ="premium">
  <character name="Seraph"
             alignment="lawful_good"
             class1="18 Paladin"
             class2="2 Monk"
             race="half-elf"
             sex="male"
             str="14"
             dex="15"
             con="16"
             int="11"
             wis="13"
             cha="12">
    <abilities>      
      <feat name="berserks_fury"
            acquired="1">
        <![CDATA[
          +20 hp,
          +2 intimidate,
          counts as Toughness feat
        ]]>
      </feat>
      <feat name="two_weapon_fighting"
            acquired="1">
        <![CDATA[
          +20% chance to produce off-hand attack,
          +2 to-hit with main-hand weapon,
          +6 to-hit with off-hand weapon
        ]]>
      </feat>
      <feat name="improved_twf"
            acquired="1">
        <![CDATA[
          +20% chance to produce off-hand attack
        ]]>
      </feat>
      <feat name="greater_twf"
            acquired="1">
        <![CDATA[
          +20% chance to produce off-hand attack
        ]]>
      </feat>
      <feat name="weap_focus_longsword"
            acquired="1">
        <![CDATA[
          +1 to-hit with longswords
        ]]>
      </feat>
      <feat name="combat_expertise"
            acquired="1">
        <![CDATA[
          +5 AC when active,
          -5 to-hit when active
        ]]>
      </feat>
      <feat name="whirling_steel"
            acquired="1">
        <![CDATA[
          longswords can be used as ki weapons
        ]]>
      </feat>
      <feat name="power_attack"
            acquired="1">
        <![CDATA[
          +5 dmg when active (double bonus for two-handed weapon),
          -5 to-hit when active
        ]]>
      </feat>
      <skill name="UMD"
             acquired="11"/>
      <skill name="intimidate"
             acquired="23"/>
      <skill name="balance"
             acquired="23"/>
      <skill name="jump"
             acquired="7"/>
      <skill name="tumble"
             acquired="4"/>
    </abilities>
    <equip goggles="gog111"
           helm="helm121"
           necklace="neck311"
           trinket="tri654"
           cloak="cloak852"
           belt="belt671"
           gloves="glo951"
           boots="boo491"
           bracers="bra025"
           ringR="ring588"
           ringL="ring067"
           armor="armor147"
           mainHand="weap666"
           offHand="weap669"
           missingEquip="neck311 ring067 weap666 weap669">
      <updated>
        Updated: <?php echo date('H:i d.m.Y');?>
      </updated>
      <setBonus name="abishai">
        <ref idRef="helm121">helm</ref>, <ref idRef="cloak852">cloak</ref>, <ref idRef="bra025">bracers</ref>: +3 str, +3 AC
      </setBonus>
      <setBonus name="syberis_defender">
        <ref idRef="belt671">belt</ref>, <ref idRef="ring588">ring</ref>: +15% hate, +2 stacking AC
      </setBonus> 
    </equip>
    <inventory>
      <equipped>
        <item id="gog111"
              type="goggles"
              suffix="+4 to-hit"
              guildSlot="large"
              guildEffect="+20 hp"
              ico="&itemImage;/gog111.jpg"/>
        <item id="helm121"
              type="helm"
              named="Epic Helm of Frost"
              epic="yes"
              prefix="+7 cha"
              suffix="greater cold resistance"
              namedEffects="polar ray, abishai set"
              set="cloak852 bra025"
              ico="&itemImage;/helm121.jpg">
          <epicSlot type="yellow">
            <![CDATA[
            +6 dex
          ]]>
          </epicSlot>
        </item>
        <item id="neck311"
              type="necklace"
              named="Epic Grim's Bracelet"
              epic="yes"
              prefix="+7 str"
              suffix="+3 dodge"
              ico="&itemImage;/neck311.jpg">
          <epicSlot type="green">
            <![CDATA[
            +4 natural bonus to AC
          ]]>
          </epicSlot>
        </item>
        <item id="tri654"
              type="trinket"
              named="Head of Good Fortune"
              prefix="+2 luck"
              suffix="heavy fortification"
              namedEffects="+2 dodge"
              ico="&itemImage;/tri654.jpg"/>
        <item id="cloak852"
              type="cloak"
              named="Epic Envenomed Cloak"
              epic="yes"
              prefix="+7 con"
              suffix="+5 resistance"
              namedEffects="greater poison guard, abishai set"
              set="helm121 bra025"
              ico="&itemImage;/cloak852.jpg">
          <epicSlot type="green">
            <![CDATA[
            toughness (+20 hp)
          ]]>
          </epicSlot>
        </item>
        <item id="belt671"
              type="belt"
              named="Belt of the Defenders of Siberys"
              prefix="+6 con"
              suffix="greater false life"
              set="ring588"
              ico="&itemImage;/belt671.jpg"/>
        <item id="glo951"
              type="gloves"
              named="Epic Gloves of the Claw"
              epic="yes"
              prefix="+6 str"
              suffix ="+5 intimidate (enhancement)"
              namedEffects="+30% healing amplification, claw set"
              ico="&itemImage;/glo951.jpg"/>
        <item id="boo491"
              type="boots"
              named="Green Steel Item"
              namedEffects="+45 hp, +4 exceptional con skills, +2 exceptional str skills, desintegration guard"
              ico="&itemImage;/boo491.jpg"/>
        <item id ="bra025"
              type="bracers"
              named="Epic Scorched Bracers"
              epic="yes"
              prefix="+8 armor"
              suffix="greater fire resistance"
              namedEffects="firestorm, abishai set"
              set="helm121 cloak852"
              ico="&itemImage;/bra025.jpg">
          <epicSlot type="green"/>
        </item>
        <item id="ring588"
              type="ring"
              named="Band of Siberys"
              prefix="+6 str"
              suffix="+1 exceptional cha"
              namedEffects="+20% healing amplification"
              set="belt671"
              ico="&itemImage;/ring588.jpg"/>
        <item id="ring067"
              type="ring"
              named="Nyoko's Band"
              prefix="+6 wis"
              suffix="+1 exceptional dex"
              namedEffects="+2 exceptional dex"
              ico="&itemImage;/ring067.jpg"/>
        <item id="armor147"
              type="armor"
              named="Icy Raiment"
              namedEffects="+4 dodge, +4 protection, +3 resistance"
              ico="&itemImage;/armor147.jpg"/>
        <item id="weap666"
              type="weapon"
              named="Alchemical Longsword"
              enhancement="5"
              namedEffects="flametouched, shocking burst, lightning strike, +4 awarness, +10 stunning, +2 alchemical dex"
              ico="&itemImage;/weap666.jpg"/>
        <item id="weap669"
              type="weapon"
              named="Alchemical Longsword"
              enhancement="5"
              namedEffects="flametouched, ice burst, desintegrate, freezing, cold shield, +2 alchemical con"
              ico="&itemImage;/weap669.jpg"/>
      </equipped>
      <backpack space="100">
        <consumable id="pot003"
                    count="100"
                    effect="Cure Serious Wounds"
                    ico="&consumableImage;/pot003.jpg"/>
        <consumable id="pot003"
                    count="100"
                    effect="Cure Serious Wounds"
                    ico="&consumableImage;/pot003.jpg"/>
        <consumable id="pot015"
                    count="2"
                    effect="Haste"
                    ico="&consumableImage;/pot015.jpg"/>
        <consumable id="pot008"
                    count="100"
                    effect="Barkskin +3"
                    ico="&consumableImage;/pot008"/>
      </backpack>
    </inventory>
    <looks values="14 white 2 17 light_green 1 2 12 2 black" screen="screen-alt"/>
  </character>
</account>