<?xml version="1.0" encoding="windows-1250"?>
<!-- XML dokument obsahujuci data o skole -->
<!DOCTYPE school SYSTEM "data.dtd">
<school>
  <!-- Platobne kategorie ucitelov -->
  <payment-categories>
    <pcategory id="p1">
      <base>25000</base>
    </pcategory>
  </payment-categories>
  
  <!-- Zoznam ucitelov -->
  <teachers>
    <teacher id="t1">
      <firstname>John</firstname>
      <surname>Doe</surname>
      <town>Nowhere</town>
      <ZIP>12345</ZIP>
      <street>Elm street</street>
      <telephone type="home">+1-555-45-63</telephone>
      <telephone type="mobile">+1-555-78-90</telephone>
      <email>john.doe@school.gov</email>
      <capability level="low">Physics</capability>
      <capability level="high">Mathematics</capability>
      <salary category="p1">
        <perks>Stravovaci listek</perks>
        <bank-connection>
             <account>123456-8965</account>
             <bank-code>1100</bank-code>
             <description>Salary</description>
        </bank-connection>
      </salary>
      <!-- Den, ked ucitel je dozorom -->
      <duty id="u1" day="tuesday" />
    </teacher>
  </teachers>

  <!-- Zoznam ziakov -->
  <students>
    <student id="s1" class="c1">
       <s-firstname>John</s-firstname>
       <s-surname>Doe II</s-surname>
       <mark subject="math" datetime="5.3.2012-11:35">5</mark>
       <absence from="1.3.2012-10:35" to="3.3.2012-15:35" confirmed="no">
          <description>
	     <![CDATA[
		     document.writeln("<i>Illness</i>");
	     ]]>
	  </description>
       </absence>
       <absence from="6.3.2012-10:35" to="7.3.2012-10:35" confirmed="yes">
          <description><?php echo("Illness"); ?></description>
       </absence>
    </student>
    <student id="s2" class="c1">
       <s-firstname>Mary</s-firstname>
       <s-surname>Clarck</s-surname>
       <mark subject="literature" datetime="5.3.2012-10:35">1</mark>
       <warning datetime="8.3.2012-11:42" teacher="t1">
          <description>
		      She doesn't have her textbook for the third time in the school year &school-year; .
	      </description>
       </warning>
    </student>

  </students>

  <!-- Zoznam tried -->
  <classes>
    <class id="c1">
       <name>I.A</name>
       <class-teacher teacher="t1" />
    </class>
  </classes>

</school>
