<recepty>
<jidlo kod="R001">
	<nazev>Ovesná kaše s ovocem</nazev>
	<ingredience>
	<ingr name="ovesne_vlocky" amount="100" unit="g" />
	<ingr name="banan" amount="1" unit="ks" />
	<ingr name="jablko" amount="1" unit="ks" />
	<ingr name="datle" amount="2" unit="ks" />
	<ingr name="liskove_orisky" amount="30" unit="g" />
	<ingr name="kakao" amount="10" unit="g" />
	<ingr name="skorice" amount="3" unit="g" />	
	<ingr name="cukr" amount="3" unit="g" />
	</ingredience>
	<priprava>Datle nakrájíme na drobno, jablko omyjeme, odstraníme jadřinec a nakrájíme na malé kousky. Banán oloupeme a nakrájíme na tenké plátky. Lískové oříšky překrájíme na polovic. Do menšího hrnce vlijeme přibližně sklenici vody, nasypeme ovesné vločky, sůl a kakao, promícháme a vaříme dokud kaše nezhoustne. Před podáváním ovesnou kaši promícháme s připraveným ovocem a rozinkami, posypeme lískovými oříšky a jemně poprášíme skořicí.
	</priprava>
	<autor>Jan Novak</autor>
</jidlo>
<jidlo kod="R002">
	<nazev>Livance</nazev>
	<ingredience>
		<ingr name="voda" amount="100" unit="ml" />
		<ingr name="mleko" amount="150" unit="ml" />
		<ingr name="vejce" amount="1" unit="ks" />
		<ingr name="cukr" amount="5" unit="g" />
		<ingr name="sul" amount="2" unit="g" />
		<ingr name="mouka" amount="160" unit="g" />
		<ingr name="susene_drozdi" amount="20" unit="g" />
	</ingredience>
	<priprava>Všechny suroviny dáme do pečící nádoby.Přístroj nastavíme na program TĚSTO a zapneme.Po ukončení programu vymeme pečící nádobu s těstem.Na rozehřátém a vymaštěném lívanečníku pečeme lívance po obou stranách.</priprava>
	<autor>Alena Kirova</autor>
</jidlo>
<jidlo kod="R012">
	<nazev>Bramborak se syrem</nazev>
	<ingredience>
		<ingr name="brambory" amount="500" unit="g" />
		<ingr name="mleko" amount="250" unit="ml" />
		<ingr name="vejce" amount="2" unit="ks" />
		<ingr name="cesnek" amount="3" unit="ks" />
		<ingr name="sul" amount="3" unit="g" />
		<ingr name="majoranka" amount="100" unit="g" />
		<ingr name="mouka" amount="200" unit="g" />
		<ingr name="tuk" amount="150" unit="g" />
		<ingr name="syr" amount="200" unit="g" />
	</ingredience>
	<priprava>Syrové brambory oškrábeme, ustrouháme, vodu z nich vylouženou nesléváme, povrch brambor polijeme horkým mlékem, aby nečernaly.
Přimícháme předem připravený utřený česnek se solí, majoránku, vejce a zamícháme mouku. Pečeme na vymaštěném lívanečníku nebo na pánvích. Placku upečeme z jedné strany a odložíme na talíř. Druhou placku upečeme také jen z jedné strany. Mezi obě placky upečenými stranami k sobě vložíme plátek sýra a vidlicí na porcování masa okraje přimáčkneme k sobě. Zvolna dopečeme po obou stranách, aby se bramborák dobře propekl.
</priprava>
	<autor>Alena Kirova</autor>
</jidlo>
<jidlo kod="R005">
	<nazev>Jahodove tiramisu</nazev>
	<ingredience>
		<ingr name="jahody" amount="500" unit="g" />
		<ingr name="maslo" amount="50" unit="g" />
		<ingr name="smetana_ke_slechani" amount="500" unit="ml" />
		<ingr name="cukr" amount="200" unit="g" />
		<ingr name="zelatina" amount="6" unit="ks" />
		<ingr name="detske_piskoty" amount="200" unit="g" />
	</ingredience>
	<priprava>Plátky želatiny namočíme do studené vody. Jahody s cukrem a pomazánkovým máslem rozšleháme. Zvlášť ušleháme šlehačku dotuha. Z plátků želatiny vymačkáme vodu a v kastrolku je za stálého míchání ohříváme dokud se zcela nerozpustí. Pak k nim postupně přidáme asi 5 lžic jahodové hmoty, po každé lžíci dobře promícháme. Pak obsah kastrolku vlijeme do zbylé jahodové hmoty a promícháme. Nakonec vmícháme ušlehanou šlehačku. Dno dortové formy vyložíme piškotama, nalijeme polovinu růžové hmoty, naskládáme další vstvu piškotů, můžeme poklást kousky jahod a nalijeme zbytek. Povrch uhladíme a v ledničce necháme ztuhnout do druhého dne.</priprava>
	<autor>Alena Kirova</autor>
</jidlo>
<jidlo kod="R019">
	<nazev>Krupave rizky</nazev>
	<ingredience>
		<ingr name="kureci_prsni_rizky" amount="600" unit="g" />
		<ingr name="vejce" amount="5" unit="ks" />
		<ingr name="pepr" amount="3" unit="g" />
		<ingr name="horcice" amount="50" unit="g" />
		<ingr name="mouka" amount="200" unit="g" />
		<ingr name="ovesne_vlocky" amount="100" unit="g" />
		<ingr name="kukuricne_lupinky" amount="100" unit="g" />
		<ingr name="tuk" amount="150" unit="g" />
	</ingredience>
	<priprava>Omyté a osušené řízky naplocho rozkrojíme na poloviny a lehce naklepeme.Vejce rozšleháme se solí, pepřem a hořčicí. Přimícháme tolik mouky, aby vzniklo hladké řídké těstíčko. Do něho řízky naložíme na 1-2 hodiny.V misce smícháme půl na půl ovesné vločky a rozdrcené kukuřičné lupínky. Řízky postupně vytahujeme z těstíčka (co na něm ulpí nestíráme) a v této směsi obalujeme. Z obou stran osmažíme dozlatova.Podáváme s bramborovou kaší a zeleninovým salátem.</priprava>
	<autor>Tom Krus</autor>
</jidlo>
<jidlo kod="R011">
	<nazev>Jemny celerovy salat</nazev>
	<ingredience>
		<ingr name="celer" amount="2" unit="ks" />
		<ingr name="jablko" amount="2" unit="ks" />
		<ingr name="orechy" amount="100" unit="g" />
		<ingr name="jogurt" amount="100" unit="g" />
		<ingr name="majoneza" amount="50" unit="g" />
		<ingr name="zelena_petrzelka" amount="10" unit="g" />
		<ingr name="sul" amount="3" unit="g" />
		<ingr name="pepr" amount="2" unit="g" />
	</ingredience>
	<priprava>Celer oloupeme a nastrouháme na hrubém struhadle. Jablka omyjeme, rozřízneme, zbavíme jadřinců a nakrájíme na plátky. Ořechy nasekáme na hrubo. Jogurt promícháme s majonézou a trochou soli a pepře. Celer, jablka a ořechy dáme do mísy, zalijeme jogurtem s majonézou a promícháme. Na konci ozdobíme celerový salát větvičkami opláchnuté zelené petrželky.</priprava>
	<autor>Irena Mixova</autor>
</jidlo>
<jidlo kod="R016">
	<nazev>Blazniva vejce</nazev>
	<ingredience>
		<ingr name="vejce" amount="10" unit="ks" />
		<ingr name="cibule" amount="1" unit="ks" />
		<ingr name="salat" amount="1" unit="ks" />
		<ingr name="zelena_petrzelka" amount="10" unit="g" />
		<ingr name="majoneza" amount="50" unit="g" />
		<ingr name="sul" amount="3" unit="g" />
		<ingr name="pepr" amount="2" unit="g" />
		<ingr name="cukr" amount="5" unit="g" />
	</ingredience>
	<priprava>Uvarit natvrdo vejce.Olupaná  a cibuli nasekáme na jemno. Olej utřeme spolu s cukrem, pepřem a solí a pak za stálého tření postupně přidáváme majonézu a na konec hořčici. Do vzniklé směsi pečlivě vmícháme vejce a cibuli a z této hmoty vytváříme kuličky velikosti vajec, která pokládáme na mísu s rozloženými listy salátu a posypeme je petrželkou.</priprava>
	<autor>Tom Krus</autor>
</jidlo>
<jidlo kod="R007">
	<nazev>Rychly rajcatovy salat</nazev>
	<ingredience>
		<ingr name="rajcata" amount="6" unit="ks" />
		<ingr name="cibule" amount="4" unit="ks" />
		<ingr name="bazalka" amount="5" unit="g" />
		<ingr name="pepr" amount="2" unit="g" />
		<ingr name="olejvo_olej" amount="50" unit="ml" />
	</ingredience>
	<priprava>Rajčata umyjeme a nakrájíme na osminky. Cibuli oloupeme a spolu s bazalkou nasekáme na drobno. Vše promícháme a na konec salát poprášíme čerstvě nadrceným pepřem a pokapeme olivovým olejem.</priprava>
	<autor>Irena Mixova</autor>
</jidlo>
<jidlo kod="R008">
	<nazev>Hovezi gulasek po halicsku</nazev>
	<ingredience>
		<ingr name="hovezi_maso" amount="1000" unit="g" />
		<ingr name="uzeny_bucek" amount="120" unit="g" />
		<ingr name="cibule" amount="2" unit="ks" />
		<ingr name="nakladana_cibulka" amount="100" unit="g" />
		<ingr name="mrkev" amount="2" unit="ks" />
		<ingr name="zelena_petrzelka" amount="10" unit="g" />
		<ingr name="bobkovy_list" amount="1" unit="g" />
		<ingr name="mouka" amount="10" unit="g" />
		<ingr name="sul" amount="3" unit="g" />
		<ingr name="pepr" amount="2" unit="g" />
	</ingredience>
	<priprava>Hovězí nakrájíme na kostičky, které poprášíme pepřem, solí a moukou. Bůček nakrájíme na kostičky a osmažíme ho, pak přidáme hovězí, osmahneme ho, pak přidáme cibuli a zesklovatíme ji. Pak přilijeme vývar, přidáme bobkový list a vaříme přibližně hodinu do měkka. V polovině dušení přidáme nakrájenou na plátky mrkev, a ke konci slité cibulky. Před podáváním posypeme zelenou petrželkou.</priprava>
	<autor>Irena Mixova</autor>
</jidlo>
<jidlo kod="R012">
	<nazev>Tatarak</nazev>
	<ingredience>
		<ingr name="hovezi_maso" amount="400" unit="g" />
		<ingr name="cibule" amount="3" unit="ks" />
		<ingr name="kysele_okurky" amount="4" unit="ks" />
		<ingr name="sul" amount="2" unit="g" />
		<ingr name="pepr" amount="3" unit="g" />
		<ingr name="olej" amount="20" unit="ml" />
		<ingr name="vejce" amount="4" unit="ks" />
	</ingredience>
	<priprava>Maso naškrábeme nožem - případně můžeme nasekat na velmi drobno nebo umlít, ale tatarák není pak tak dobrý.  Maso promícháme se solí, pepřem, troškou oleje a vytvoříme z něho čtyři “bifteky” s dolíkem uprostřed, do kterého umístíme žloutek. Cibuli a kyselou okurku nasekáme na drobno a položíme na talíř k tataráku. Každý si pak na talíři tatarák podle chuti promíchá. Jako přílohu podáváme topinky nebo pečivo.</priprava>
	<autor>Tom Cerny</autor>
</jidlo>
<jidlo kod ="R022">
	<nazev>Hovezi platky ve vlastni stave</nazev>
	<ingredience>
		<ingr name="hovezi_maso" amount="1000" unit="g" />
		<ingr name="mouka" amount="100" unit="g" />
		<ingr name="cibule" amount="2" unit="ks" />
		<ingr name="tymian" amount="2" unit="g" />
		<ingr name="sul" amount="5" unit="g" />
		<ingr name="pepr" amount="2" unit="g" />
		<ingr name="olej" amount="100" unit="ml" />		
	</ingredience>
	<priprava>Hovězí maso odblaníme, omyjeme, osušíme a nakrájíme na plátky. Naklepeme je, okraje nařízneme, osolíme, opepříme, okořeníme tymiánem a obalíme v hladké mouce. V hrnci si rozpustíme olej, plátky zprudka opečeme z obou stran, vyndáme je a ve stejném oleji osmažíme cibuli nakrájenou na kolečka. K cibuli pak vrátíme maso, zalijeme je vodou a dusíme pod pokličkou do měkka.</priprava>
	<autor>Tom Cerny</autor>
</jidlo>
<jidlo kod ="R112">
	<nazev>Hovezi k pivku</nazev>
	<ingredience>
		<ingr name="hovezi_maso" amount="1000" unit="g" />
		<ingr name="cibule" amount="5" unit="ks" />
		<ingr name="pivo" amount="500" unit="ml" />
		<ingr name="cukr" amount="5" unit="g" />
		<ingr name="sul" amount="4" unit="g" />
		<ingr name="pepr" amount="2" unit="g" />
	</ingredience>
	<priprava>Hovězí nakrájíme na plátky přibližně jeden centimetr tlusté a jemně naklepeme. Poprášíme je solí a pepřem a na másle z obou stran osmažíme, pak je přendáme do pekáčku. Na másle po smažení hovězího osmahneme na hrubo nakrájenou cibuli, kterou pak přidáme k masu. Vše zalijeme pivem, přidáme lžíci cukru a dáme péci přikryté do trouby rozpálené na 230 stupňů na půl druhé hodiny. Necelou půl hodinu před koncem odklopíme.</priprava>
	<autor>Jan Novak</autor>
</jidlo>
<jidlo kod ="R013">
	<nazev>Postni borsc</nazev>
	<ingredience>
		<ingr name="cervena_repa" amount="1000" unit="g" />
		<ingr name="houby" amount="50" unit="g" />
		<ingr name="petrzel" amount="1" unit="ks" />
		<ingr name="celer" amount="0.5" unit="ks" />
		<ingr name="cibule" amount="1" unit="ks" />
		<ingr name="bobkovy_list" amount="1" unit="g" />
		<ingr name="anglicke_koreni" amount="3" unit="g" />
		<ingr name="cesnek" amount="1" unit="ks" />
		<ingr name="citronova_stava" amount="10" unit="ml" />
		<ingr name="cukr" amount="5" unit="g" />
		<ingr name="sul" amount="4" unit="g" />
		<ingr name="pepr" amount="2" unit="g" />
	</ingredience>
	<priprava>Houby opláchneme, namočíme v litru vody, uvaříme, vývar slijeme a zachováme. Řepu i zeleninu zloupeme, celou zeleninu a polovinu řepy nakrájíme na kostičky, zalijeme houbovým vývarem, přidáme půl litru vody, koření a vaříme hodinu. Mezitím zbylou řepu nastrouháme, vymačkáme z ní šťávu a okyselíme ji. Uvařený boršč přecedíme, přidáme okyselenou šťávu z řepy, dochutíme solí, cukrem (lze nahradit medem) a pepřem a uvedeme do varu. Můžeme podávat s nakrájenými uvařenými houbami a nebo například také s nějakými těstovinami neplněnými masem.</priprava>
	<autor>Alena Kirova</autor>
</jidlo>

</recepty>