<?xml version="1.0" encoding="UTF-8"?>
<!DOCTYPE eshop SYSTEM "data.dtd">

<!-- Processing instruction -->
<?php echo "Processing instruction"; ?>

<eshop>
    <!-- pobocky eshopu -->
	<pobocky>
		<pobocka id_pobocka="PR">
			<nazev>praha</nazev>
			<tel>420 777777777</tel>
		</pobocka>
		<pobocka id_pobocka="BR"><nazev>brno</nazev></pobocka>
		<pobocka id_pobocka="OS"><nazev>ostrava</nazev></pobocka>
		<pobocka id_pobocka="OL"><nazev>olomouc</nazev></pobocka>
		<pobocka id_pobocka="OP"><nazev>opava</nazev></pobocka>
		<pobocka id_pobocka="LI"><nazev>liberec</nazev></pobocka>
		<pobocka id_pobocka="HK"><nazev>hradec králové</nazev></pobocka>
		<pobocka id_pobocka="PL"><nazev>plzeň</nazev></pobocka>
		<pobocka id_pobocka="CB"><nazev>české budějovice</nazev></pobocka>
		<pobocka id_pobocka="JI"><nazev>jihlava</nazev></pobocka>
	</pobocky>
	
	<!-- sekce v nabidce eshopu -->
	<sekce_s>
		<sekce id_sekce="s_1">
			<nazev>vrtačky</nazev>
			<popis>ruční elektrické vrtačky PROFI SUPER TOOLS &copyleft;</popis>
		</sekce>
		<sekce id_sekce="s_2">
			<nazev>měřidla</nazev>
			<popis>laserové měřiče, vodováhy, klasická měřidla</popis>
		</sekce>
		<sekce id_sekce="s_3">
			<nazev>stojany</nazev>
			<popis>stojany na nářadí</popis>
		</sekce>
		<sekce id_sekce="s_4">
			<nazev>nástroje</nazev>
			<popis>šroubováky, klíče</popis>
		</sekce>
		<sekce id_sekce="s_5">
			<nazev>kompresory</nazev>
			<popis>pneumatické kompresory</popis>
		</sekce>
	</sekce_s>
	
	<polozky>
		<polozka id_polozka="p_1">
			<nazev>Super profi vrtačka</nazev>
			<nazev_orig>Super drill</nazev_orig>
			<id_sekce id_sekce="s_1" />
			<cena mena="CZK">1001</cena>
			
			<!-- fyzicke exemplare polozek umistene v nejakem sklade -->
			<exemplar id_exemplar="ex1">
			    <typ_ex typ="NOVY" />
			    <!-- exemplar muze mit jinou cenu nez polozka, ke ktere patri (napr. pokud je bazarovy nebo poskozeny apod. ) -->
			    <cena mena="CZK">1000</cena>
				<id_pobocka id_pobocka="PR" />
                <umisteni>
                    <sklad cislo="sklad1">
                        <regal cislo="regal1" />
                    </sklad>
                </umisteni>
            </exemplar>
            
            <exemplar id_exemplar="ex2">
                <typ_ex typ="NOVY" />
                <cena mena="CZK">1</cena>
				<id_pobocka id_pobocka="BR" />
                <umisteni>
                    <sklad cislo="sklad2">
                        <regal cislo="regal2" />
                    </sklad>
                </umisteni>
            </exemplar>
		</polozka>
		
		<polozka id_polozka="p_2">
			<nazev>Black and Decker 1.0</nazev>
			<nazev_orig>Super drill</nazev_orig>
			<id_sekce id_sekce="s_1" />
			<cena mena="CZK">1001</cena>

			<exemplar id_exemplar="bd_1">
			    <typ_ex typ="NOVY" />
			    <cena mena="CZK">1000</cena>
				<id_pobocka id_pobocka="PR" />
                <umisteni>
                    <sklad cislo="sklad1">
                        <regal cislo="regal1" />
                    </sklad>
                </umisteni>
            </exemplar>
		</polozka>
		
		<polozka id_polozka="p_3">
			<nazev>Kompresor 100</nazev>
			<nazev_orig>Pneumatic compressor 100</nazev_orig>
			<id_sekce id_sekce="s_5" />
			<cena mena="EUR">0</cena>
		</polozka>
	</polozky>
	
	<zakaznici>
        <zakaznik id_zakaznik="z1">
            <jmeno>Johny</jmeno>
            <prijmeni>B</prijmeni>
            <adresa>
                <mesto psc="11000">Praha</mesto>
                <ulice>Václavské nám.</ulice>
            </adresa>
            <kontakt typ="email">johnyb@mail.com</kontakt>
            <kontakt typ="tel">+420777777777</kontakt>
        </zakaznik>

        <zakaznik id_zakaznik="z2">
            <jmeno>Johny</jmeno>
            <prijmeni>C</prijmeni>
            <adresa>
                <mesto psc="12000">Brno</mesto>
                <ulice>Někde v Brně</ulice>
            </adresa>
            <kontakt typ="email">johnyc@mail.com</kontakt>
            <kontakt typ="tel">+420111111111</kontakt>
        </zakaznik>
    </zakaznici>
    
    <objednavky>
    	<objednavka id_objednavka="obj1">
			<id_exemplar id_exemplar="ex1" />
            <id_zakaznik id_zakaznik="z1" />
            <poznamka>prvni objednavka</poznamka>
		</objednavka>
		
		<objednavka id_objednavka="obj2">
			<id_exemplar id_exemplar="ex2" />
            <id_zakaznik id_zakaznik="z2" />
            <poznamka><![CDATA[druha objednavka]]></poznamka>
		</objednavka>
    </objednavky>
</eshop>