<?xml version="1.0" encoding="UTF-8"?>
<!DOCTYPE úkoly SYSTEM "data.dtd">

<úkoly>

<!-- úkoly se píšou přímo, případní studenti jsou psáni zvlášť -->

	<úkol id_úkolu="u1">
		<zadání>Vyřešit úkol co <výrazné>nejlépe</výrazné>, adresa úkolu <odkaz>www.úkol.com</odkaz></zadání>
		<zadání jazyk="en">Do this work</zadání>
		<stav/>
	</úkol>
	
	<úkol id_úkolu="u2">
		<zadání>Napsat <výrazné>Hello world</výrazné> v libovolném jazyce</zadání>
		<stav value="uzavřen"/>
	</úkol>
	
	<úkol id_úkolu="p1">
		<zadání>Vysypat popelnici na adrese <odkaz>mapy.cz/?p=smrad</odkaz></zadání>
		<zadání jazyk="popelářský">Výsyp jako vždy</zadání>
		<stav value="zadán"/>
	</úkol>
	
	<úkol id_úkolu="p2">
		<zadání>Odpočívat.</zadání>
		<stav value="skryt"/>
	</úkol>
	
	<studenti>
		
		<student sid="s125478">
			<jméno>Petr</jméno>
			<příjmení>Veliký</příjmení>
			<ulice>Přístavní 52</ulice>
			<město>Praha</město>
			<psč>10254</psč>
			<kontakty>
				<kontakt druh="mail">petr.veliky@&doména;</kontakt>
				<kontakt>586 958 654</kontakt>
			</kontakty>
			<škola>UK</škola>
			<obor>OI</obor>
			<ročník>3</ročník>
			<předmět>XML</předmět>
			<stav_úkolu id="u1">zadaný</stav_úkolu>
			<stav_úkolu id="u2">vyhodnocen 1</stav_úkolu>
			<vozidla>
				<auto barva="černá" max_rychlost="90-150" spz="2A5 90-56">
					 <chyba>momentálně bez motoru</chyba>
					 <chyba>
						 <![CDATA[
							 for (int i = 0; i < 10; ++i) {
								 document.write("-");
							 }
						 ]]>
						 <?php echo "Jen aby to tu bylo."; ?>
					 </chyba>
				</auto>
				<loď barva="bílá" max_rychlost="do50"/>
			</vozidla>
		</student>
		
		<student sid="s54872215">
			<jméno>Jan</jméno>
			<příjmení>Vořech</příjmení>
			<ulice>Skalní 584</ulice>
			<město>Brno</město>
			<psč>85421</psč>
			<stát>ČR</stát>
			<kontakty>
				<kontakt>+421 548 658 452</kontakt>
				<kontakt druh="skype">vořech</kontakt>
				<kontakt druh="icq">154 548 569</kontakt>
			</kontakty>
			<škola>Vysoká popelářská</škola>
			<obor>Sypač</obor>
			<ročník>54</ročník>
			<předmět>Házení odpadky</předmět>
			<stav_úkolu id="p1">vyhozen</stav_úkolu>
			<stav_úkolu id="p1">zkažen</stav_úkolu>
			<stav_úkolu id="p1">otevřen</stav_úkolu>
			<stav_úkolu id="p2">Hodnocen na výbornou</stav_úkolu>
		</student>
		
	</studenti>

</úkoly>