<?xml version="1.0" encoding="UTF-8"?>
<pharmacy>
	<title><![CDATA[
			document.writeln("<p>Pharmacy</p>");
		]]></title>
	<!-- List of medications -->
	<medications>
		<medication id="_1" name="med1" count="10" price="100"/>
		<medication id="_2" name="med2" count="12" price="25"/>
		<medication id="_3" name="med3" count="7" price="300"/>
		<medication id="_4" name="med4" count="14" price="24"/>
		<medication id="_5" name="med10" count="5" price="89"/>
		<medication id="_6" name="med6" count="13" price="23"/>
		<medication id="_7" name="med7" count="18" price="231"/>
		<medication id="_8" name="med9" count="19" price="123"/>
		<medication id="_9" name="med9" count="20" price="154"/>
		<medication id="_10" name="med10" count="31" price="423"/>
	</medications>
	
	<orders>
		<order id="_0">
			<customer_id id="_11"/>
			<medication_id id="_10"/>
		</order>
		<order id="_1">
			<customer_id id="_12"/>
			<medication_id id="_4"/>
		</order>
		<order id="_2">
			<customer_id id="_14"/>
			<medication_id id="_9"/>
		</order>
	</orders>	
	
	<medication_categories>
		<category>
			<name>free-sell</name>
			<subcategories>
				<category>
					<name>vitamins</name>
					<subcategories>
						<category>
							<name>A-K</name>
						</category>
						<category>
							<name>L-Z</name>
						</category>
					</subcategories>
				</category>
				<category>
					<name>minerals</name>
				</category>
			</subcategories>
		</category>
		
		<category>
			<name>prescription-only</name>
			<subcategories>
				<category>
					<name>antibiotics</name>
					<subcategories>
						<category>
							<name>anti-bacterial</name>
						</category>
						<category>
							<name>anti-virus</name>
						</category>
					</subcategories>
				</category>
			</subcategories>
		</category>
	</medication_categories>
</pharmacy>
