<?xml version="1.0" encoding="UTF-8"?>
<moon-gallery>
    <photos>
        <photo id="1" size="2234">
            <name>Image 1</name>
            <file>abcd.jpeg</file>
            <description>Lorem ipsum dolor sit amet</description>
        </photo>
        <photo id="6" size="1800" author="1">
            <name>Image X</name>
            <file>abcdX.jpeg</file>
            <description>Lorem ipsum dolor sit amet XX</description>
        </photo>
    </photos>
    <galleries>
        <gallery id="1">
            <name>First gallery</name>
            <contains type="gallery" id="2"/>
            <contains type="photo" id="1" />
        </gallery>
        <gallery id="2">
            <name>Another gallery</name>
            <contains type="photo" id="1" />
        </gallery>
    </galleries>
    <person id="1">
        <name>Martin Indra</name>
        <description>The only photographer!</description>
    </person>
    <user id="1" person="1">
        <login nick="Indy" password="password" />
    </user>
</moon-gallery>
