<?xml version="1.0" encoding="UTF-8" standalone="no"?><kino>
<filmy>
    <film nazev="I love Sax">
        
 
 
        <herec>Xml Novak</herec>
        <reziser>Tran Tuan Anh </reziser>

    <rok/></film>


  <film nazev="I love DOM">
      
        
 
        <herec> Xml Novak </herec>
        <reziser>Tran Tuan Anh </reziser>
    
   
    
    <rok/></film>


</filmy>


    <zakaznik rodne_cislo="2344">
        <jmeno>Petr</jmeno>
        <prijmeni>Novak</prijmeni>
        <adresa>
            <ulice>Konevova 171</ulice>
            <mesto>Praha</mesto>
            <PSC>13000</PSC>
        
        </adresa>
   
    
    
    </zakaznik>

    <zakaznik rodne_cislo="2344">
        <jmeno>Pepa</jmeno>
        <prijmeni>Opicak</prijmeni>
        <adresa>
            <ulice>Konevova 183</ulice>
            <mesto>Praha 3</mesto>
            <PSC>13040</PSC>
        
        </adresa>
   
    
    
    </zakaznik>


</kino>