<?xml version="1.0" encoding="UTF-8"?>

<kino>
<filmy>
    <film nazev="I love Sax">
        <obsah>pribeh o klukovi ktery zacal programovat v jave-SAX, aby dostal zapocet </obsah>
 
 
        <herec>Xml Novak</herec>
        <reziser>Tran Tuan Anh </reziser>

    </film>


  <film nazev="I love DOM">
      
        <obsah> pribeh o klukovi ktery nesnasi DOM</obsah>
 
        <herec> Xml Novak </herec>
        <reziser>Tran Tuan Anh </reziser>
    
   
    
    </film>


</filmy>


    <zakaznik >
        <jmeno>Petr</jmeno>
        <prijmeni>Novak</prijmeni>
        <adresa>
            <ulice>Konevova 171</ulice>
            <mesto>Praha</mesto>
            <PSC>13000</PSC>
        
        </adresa>
   
    
    
    </zakaznik>

    <zakaznik >
        <jmeno>Pepa</jmeno>
        <prijmeni>Opicak</prijmeni>
        <adresa>
            <ulice>Konevova 183</ulice>
            <mesto>Praha 3</mesto>
            <PSC>13040</PSC>
        
        </adresa>
   
    
    
    </zakaznik>


</kino>