<?xml version="1.0" encoding="UTF-8"?>
<!DOCTYPE Firma SYSTEM "data.dtd">
<Firma>
	<!--Množina všech divizí-->
	<Divize Název="Výroba" DivizeID="V01">
		<Pobočka Umístění="Praha" >
			<!--Zaměstnanci, kteří patří pod tuto pobočku-->
			<Zaměstnanci>
				<Vedoucí_Zaměstnanec Jméno="Tim" Příjmení="Cook" Zaměstnán_Od="13.12.2012">
					<Poznámky>Je velice pracovitý</Poznámky>
				</Vedoucí_Zaměstnanec>
				<Zaměstnanec Jméno="John" Příjmení="Khan" Zaměstnán_Od="1.3.2012" Plný_Úvazek="Ano" />
				<Zaměstnanec Jméno="Hana" Příjmení="Zimová" Zaměstnán_Od="5.5.2012" Plný_Úvazek="Ano" />
				<Zaměstnanec Jméno="Michael" Příjmení="Skerper" Současné_umístění="R01" />
				<Zaměstnanec Jméno="Anna" Příjmení="Klínová" />
				<Zaměstnanec Jméno="Tereza" Příjmení="Štelová" Plný_Úvazek="Ano" />
				<Zaměstnanec Jméno="Filip" Příjmení="Rozsýval" Zaměstnán_Od="25.8.2013" />
				<Zaměstnanec Jméno="Matěj" Příjmení="Kirk" />
				<Zaměstnanec Jméno="Jiří" Příjmení="Jolan" Současné_umístění="R01" />
				<Zaměstnanec Jméno="Vanesa" Příjmení="Kerstová" Plný_Úvazek="Ano" />
				<Zaměstnanec Jméno="Terry" Příjmení="Linová" />
				<Poznámky>V brzké době provést hodnocení zaměstnanců</Poznámky>
			</Zaměstnanci>
		</Pobočka>
		<Pobočka Umístění="Plzeň" >
			<Zaměstnanci>
				<Vedoucí_Zaměstnanec Jméno="Tim" Příjmení="Cook" Zaměstnán_Od="13.12.2012" />
				<Zaměstnanec Jméno="Timmy" Příjmení="Lorenz" Zaměstnán_Od="10.3.2014" />
			</Zaměstnanci>
		</Pobočka>
		<Popis>
			Zabývá se výrobou typu zboží: <druh>stroj</druh>. &Copyright;
		</Popis>
	</Divize>
	
	<!--Připravovaná nová divize-->
	<Divize/>
	
	<!--Virtuální, výzkumná divize-->
	<Divize Název="Výzkum" DivizeID="R01" />
	<Datum_Záznamu>
		<![CDATA[<]]><?php echo Date("d.m.Y")?><![CDATA[>]]> &Copyright;
	</Datum_Záznamu>
</Firma>