<?xml version="1.0" encoding="UTF-8"?>
<obchod xmlns:xsi="http://www.w3.org/2001/XMLSchema-instance">
	   		<zbozi>
	   			<item pid="id_1" typ="pivo" cena="10">
	   				<jmeno> Pivo  </jmeno>
					<dostupnost>
					  	<pocet> 100 </pocet>
					</dostupnost>	
	   			</item>
	   			
	   			<item pid="id_2" typ="vino" cena="100">
	   				<jmeno> Vino </jmeno>
					<dostupnost>
					  	<pocet> 2 </pocet>
					</dostupnost>	
	   			</item>	
	   			
	   			<item pid="id_3" typ="kokakola" cena="40">
	   				<jmeno>Kokakola</jmeno>
					<dostupnost>
					  	<pocet> 40 </pocet>
					</dostupnost>	
	   			</item>
	   			
	   			<item pid="id_4" typ="chipsy" cena="30">
	   				<jmeno> Bohemia Chips </jmeno>
	   				<dostupnost>
					  	<pocet> 1 </pocet>
					</dostupnost>	
	   			</item>	
	   			
	   		
	   			<akce>
	   				<sleva ref_pid="id_1" cenaPoSleve="5"/>
	   				<sleva ref_pid="id_4" cenaPoSleve="18"/>
	   			</akce>	
	   		</zbozi>
	   		
	   		<zakaznici>
	   			
	   			<zakaznik rodnecislo="123456789" zid="zid_001">
	   				<udaje>
	   				<jmeno>
	   					<krestni> Jan </krestni>
	   					<prijmeni>Bilek</prijmeni>
	   				</jmeno>
	   				<kontakt>
	   				  <telefon number="777777777"/>
	   				  <email name="jan@bilek.cz"/>
	   				</kontakt>
	   				</udaje>
	   			</zakaznik>
	   			
	   			<zakaznik rodnecislo="987654321" zid="zid_002">
	   				<udaje>
	   				<jmeno>
		   				<krestni> Karel </krestni>
		   				<prijmeni>Vorech</prijmeni>
	   				</jmeno>
	   				<kontakt>
	   				  <telefon number="777999777"/>
	   				  <email name="karel@vorech.cz"/>
	   				</kontakt>
	   				</udaje>
	   			</zakaznik>
	   		</zakaznici>
</obchod>