<?xml version="1.0" encoding="UTF-8"?>
<!DOCTYPE TODO-list SYSTEM "data.dtd">

<!-- Data represents tasks and information about them -->
<TODO-list>
	<people>
		<person id="prsn_101">
			<name>Jan</name>
			<surname>Novák</surname>
		</person>
	</people>
	<teams>
		<team id="tm_201">
			<name>IT</name>
			<members>
				<person-ref ref="prsn_101" />
			</members>
		</team>
	</teams>
	<tasks>
		<task done="&false;">
			<title shortname="Doušek">Tvorba software pro firmu Doušek a spol.</title>
			<solver ref="tm_201" />
			<notes>
				<note>Podklady přijdou 5.3.2014.</note>
				<note>Tak kde jsou ty podklady?</note>
				<note>Podklady vloženy na filehosting.</note>
				<note>Předejte to klukům k testování.</note>
				<note>Víte někdo, kdy přijde konečně Dave do práce?</note>
				<note>Po tom včerejšku asi hned tak ne :)</note>
				<note>To by <b>stačilo</b>! Věnujte se raději práci.</note>
				<note>
					Můžete mi říct, kdo dal do kódu tohle:
					<![CDATA[
						tree.root.compose << tree.root;
					]]>
					Vyhodilo to požadavek na <?php echo pow(2, 64); ?> bytů paměti.
				</note>
				<note>Tak první vlaštovka. Předveďte to někdo klientovi, ať máme zpětnou vazbu.</note>
				<note>Vyjádření klienta máte v mailech.</note>
			</notes>
		</task>
	</tasks>
</TODO-list>