<?xml version="1.0" encoding="UTF-8" standalone="no"?>
<!DOCTYPE kalendář SYSTEM "data.dtd" [
	<!-- Nějaká entita pro použití -->
	<!ENTITY harmonogram "http://www.mff.cuni.cz/studium/obecne/harm1011.htm">
	<!ENTITY wiki "http://en.wikipedia.org/w/index.php?title=Unix_time&amp;oldid=419057856">

	<!-- Cíl instrukce pro zpracování -->
	<!NOTATION time-machine SYSTEM "/usr/bin/timemachine">
]>

<kalendář>

	<!-- Informace ke všem údajům v kalendáři -->
	<jméno>Ukázka kalendáře</jméno>
	<popis>
		Různé věci, co mohou být poznamenány v kalendáři,
		jako např. <odkaz-na-události ref="Svatky">jmeniny a svátky</odkaz-na-události>
		nebo <odkaz-na-události ref="HarmonogramLS2011">harmonogram</odkaz-na-události>
		akademického roku na MFF.

		<nadpis>Příklad použití</nadpis>
		<odstavec>
			<![CDATA[
				<kalendář>
					<události>
						<v-roce číslo="2011">
							<v-měsíci jménem="březen">
								<ve-dni číslo="16">
									<událost>
										<jméno>Odevzdat 1. domácí úkol
			]]>
			atd.
		</odstavec>
	</popis>

	<!-- Ukázka pravidelně se opakujících událostí -->
	<události>
		<jméno>Denní program</jméno>
		<každoročně>
			<v-měsíci jménem="leden">
				<ve-dni číslo="1">
					<událost>
						<jméno>Nový rok</jméno>
						<popis>Je potřeba sundat ze zdi starý měsíční kalendář a pověsit nový.</popis>
					</událost>
				</ve-dni>
			</v-měsíci>
			<každoměsíčně>
				<kromě>
					<měsíce jménem="leden"/>
				</kromě>
				<ve-dni číslo="1">
					<událost>
						<jméno>Nový měsíc</jméno>
						<popis>Je potřeba otočit měsíční kalendář na novou stránku.</popis>
					</událost>
				</ve-dni>
			</každoměsíčně>
			<každoměsíčně>
				<od>
					<dne číslo="1"/>
				</od>
				<do>
					<dne číslo="3"/>
				</do>
				<každodenně>
					<událost>
						<jméno>Je nový měsíc</jméno>
						<popis>Připomenout si, že je nový měsíc a nemyslet si, že je třeba 32. března.</popis>
					</událost>
				</každodenně>
			</každoměsíčně>
			<každoměsíčně>
				<každodenně>
					<událost>
						<jméno>Oběd</jméno>
						<interval od="12:00" do="12:30"/>
					</událost>
				</každodenně>
			</každoměsíčně>
		</každoročně>
	</události>

	<!-- Něco, v čem je element s mnoha syny a nějaký smíšený obsah -->
	<události id="Svatky">
		<jméno>Jmeniny a jiné svátky</jméno>
		<popis>
			<nadpis>Jmeniny a jiné svátky</nadpis>
			<odstavec>
				Jmeniny a jiné svátky jsou každý rok stejné a tak stačí jednou;
				zde uvedeny <odkaz-na-datum měsíc="březen">březnové</odkaz-na-datum>
				a <odkaz-na-datum měsíc="duben">dubnové</odkaz-na-datum>.
			</odstavec>
			<odstavec>
				Jenom Velikonoce jsou pohyblivý svátek a tak jsou tu jenom pro
				<odkaz-na-událost ref="Velikonoce2011">rok 2011</odkaz-na-událost>
				a <odkaz-na-událost ref="Velikonoce2012">2012</odkaz-na-událost>.
			</odstavec>
		</popis>
		<v-roce číslo="2011">
			<v-měsíci jménem="duben">
				<ve-dni číslo="25">
					<událost id="Velikonoce2011">
						<jméno>Velikonoční pondělí 2011</jméno>
					</událost>
				</ve-dni>
			</v-měsíci>
		</v-roce>
		<v-roce číslo="2012">
			<v-měsíci jménem="duben">
				<ve-dni číslo="9">
					<událost id="Velikonoce2012">
						<jméno>Velikonoční pondělí 2012</jméno>
					</událost>
				</ve-dni>
			</v-měsíci>
		</v-roce>
		<každoročně>
			<v-měsíci jménem="březen">
				<ve-dni číslo="1"><událost><jméno>Bedřich</jméno></událost></ve-dni>
				<ve-dni číslo="2"><událost><jméno>Anežka</jméno></událost></ve-dni>
				<ve-dni číslo="3"><událost><jméno>Kamil</jméno></událost></ve-dni>
				<ve-dni číslo="4"><událost><jméno>Stela</jméno></událost></ve-dni>
				<ve-dni číslo="5"><událost><jméno>Kazimír</jméno></událost></ve-dni>
				<ve-dni číslo="6"><událost><jméno>Miroslav</jméno></událost></ve-dni>
				<ve-dni číslo="7"><událost><jméno>Tomáš</jméno></událost></ve-dni>
				<ve-dni číslo="8">
					<událost><jméno>Gabriela</jméno></událost>
					<událost>
						<jméno>MDŽ</jméno>
						<popis>
							<nadpis>Mezinárodní den žen</nadpis>
							(významný den)
						</popis>
					</událost>
				</ve-dni>
				<ve-dni číslo="9"><událost><jméno>Františka</jméno></událost></ve-dni>
				<ve-dni číslo="10"><událost><jméno>Viktorie</jméno></událost></ve-dni>
				<ve-dni číslo="11"><událost><jméno>Anděla</jméno></událost></ve-dni>
				<ve-dni číslo="12">
					<událost><jméno>Řehoř</jméno></událost>
					<událost>
						<jméno>Vstup do NATO</jméno>
						<popis>
							<nadpis>Vstup České republiky do NATO (1999)</nadpis>
							(významný den)
						</popis>
					</událost>
				</ve-dni>
				<ve-dni číslo="13"><událost><jméno>Růžena</jméno></událost></ve-dni>
				<ve-dni číslo="14">
					<událost><jméno>Rút</jméno></událost>
					<událost><jméno>Matylda</jméno></událost>
				</ve-dni>
				<ve-dni číslo="15"><událost><jméno>Ida</jméno></událost></ve-dni>
				<ve-dni číslo="16">
					<událost><jméno>Elena</jméno></událost>
					<událost><jméno>Herbert</jméno></událost>
				</ve-dni>
				<ve-dni číslo="17"><událost><jméno>Vlastimil</jméno></událost></ve-dni>
				<ve-dni číslo="18"><událost><jméno>Eduard</jméno></událost></ve-dni>
				<ve-dni číslo="19"><událost><jméno>Josef</jméno></událost></ve-dni>
				<ve-dni číslo="20"><událost><jméno>Světlana</jméno></událost></ve-dni>
				<ve-dni číslo="21"><událost><jméno>Radek</jméno></událost></ve-dni>
				<ve-dni číslo="22">
					<událost><jméno>Leona</jméno></událost>
					<událost><jméno>Lea</jméno></událost>
				</ve-dni>
				<ve-dni číslo="23"><událost><jméno>Ivona</jméno></událost></ve-dni>
				<ve-dni číslo="24"><událost><jméno>Gabriel</jméno></událost></ve-dni>
				<ve-dni číslo="25"><událost><jméno>Marián</jméno></událost></ve-dni>
				<ve-dni číslo="26"><událost><jméno>Emanuel</jméno></událost></ve-dni>
				<ve-dni číslo="27"><událost><jméno>Dita</jméno></událost></ve-dni>
				<ve-dni číslo="28"><událost><jméno>Soňa</jméno></událost></ve-dni>
				<ve-dni číslo="29"><událost><jméno>Taťána</jméno></událost></ve-dni>
				<ve-dni číslo="30"><událost><jméno>Arnošt</jméno></událost></ve-dni>
				<ve-dni číslo="31"><událost><jméno>Kvido</jméno></událost></ve-dni>
			</v-měsíci>
			<v-měsíci jménem="duben">
				<ve-dni číslo="1"><událost><jméno>Hugo</jméno></událost></ve-dni>
				<ve-dni číslo="2"><událost><jméno>Erika</jméno></událost></ve-dni>
				<ve-dni číslo="3"><událost><jméno>Richard</jméno></událost></ve-dni>
				<ve-dni číslo="4"><událost><jméno>Ivana</jméno></událost></ve-dni>
				<ve-dni číslo="5"><událost><jméno>Miroslava</jméno></událost></ve-dni>
				<ve-dni číslo="6"><událost><jméno>Vendula</jméno></událost></ve-dni>
				<ve-dni číslo="7">
					<událost><jméno>Heřman</jméno></událost>
					<událost><jméno>Hermína</jméno></událost>
					<událost>
						<jméno>Den vzdělanosti</jméno>
						<popis>(významný den)</popis>
					</událost>
				</ve-dni>
				<ve-dni číslo="8"><událost><jméno>Ema</jméno></událost></ve-dni>
				<ve-dni číslo="9"><událost><jméno>Dušan</jméno></událost></ve-dni>
				<ve-dni číslo="10"><událost><jméno>Darja</jméno></událost></ve-dni>
				<ve-dni číslo="11"><událost><jméno>Izabela</jméno></událost></ve-dni>
				<ve-dni číslo="12"><událost><jméno>Julius</jméno></událost></ve-dni>
				<ve-dni číslo="13"><událost><jméno>Aleš</jméno></událost></ve-dni>
				<ve-dni číslo="14"><událost><jméno>Vincenc</jméno></událost></ve-dni>
				<ve-dni číslo="15"><událost><jméno>Anastázie</jméno></událost></ve-dni>
				<ve-dni číslo="16"><událost><jméno>Irena</jméno></událost></ve-dni>
				<ve-dni číslo="17"><událost><jméno>Rudolf</jméno></událost></ve-dni>
				<ve-dni číslo="18"><událost><jméno>Valérie</jméno></událost></ve-dni>
				<ve-dni číslo="19"><událost><jméno>Rostislav</jméno></událost></ve-dni>
				<ve-dni číslo="20"><událost><jméno>Marcela</jméno></událost></ve-dni>
				<ve-dni číslo="21"><událost><jméno>Alexandra</jméno></událost></ve-dni>
				<ve-dni číslo="22"><událost><jméno>Evženie</jméno></událost></ve-dni>
				<ve-dni číslo="23"><událost><jméno>Vojtěch</jméno></událost></ve-dni>
				<ve-dni číslo="24"><událost><jméno>Jiří</jméno></událost></ve-dni>
				<ve-dni číslo="25"><událost><jméno>Marek</jméno></událost></ve-dni>
				<ve-dni číslo="26"><událost><jméno>Oto</jméno></událost></ve-dni>
				<ve-dni číslo="27"><událost><jméno>Jaroslav</jméno></událost></ve-dni>
				<ve-dni číslo="28"><událost><jméno>Vlastislav</jméno></událost></ve-dni>
				<ve-dni číslo="29"><událost><jméno>Robert</jméno></událost></ve-dni>
				<ve-dni číslo="30"><událost><jméno>Blahoslav</jméno></událost></ve-dni>
			</v-měsíci>
		</každoročně>
	</události>

	<!-- Něco, do čeho jde strčit nesmyslná instrukce pro zpracování -->
	<události>
		<jméno>Historické události</jméno>
		<v-roce číslo="1970">
			<v-měsíci jménem="leden">
				<ve-dni číslo="1">
					<událost>
						<jméno>Začátek "Unixového letopočtu"</jméno>
						<čas>0:00</čas>
						<?time-machine --target-timestamp=0 ?>
					</událost>
				</ve-dni>
			</v-měsíci>
		</v-roce>
		<v-roce číslo="2009">
			<v-měsíci jménem="únor">
				<ve-dni číslo="13">
					<událost>
						<jméno>Pěkný čas</jméno>
						<popis>(podle <odkaz href="&wiki;">Wikipedie</odkaz>)</popis>
						<čas>23:31:30</čas>
						<?time-machine --target-timestamp=1234567890 ?>
					</událost>
				</ve-dni>
			</v-měsíci>
		</v-roce>
	</události>

	<!-- Něco, v čem jsem si vymyslel přerušovanou událost -->
	<události id="HarmonogramLS2011">
		<jméno>Harmonogram LS akad. roku 2010/2011</jméno>
		<popis>
			Vybráno z <odkaz href="&harmonogram;">oficiální stránky</odkaz>.
		</popis>
		<v-roce číslo="2011">
			<v-měsíci jménem="leden">
				<ve-dni číslo="17">
					<začátek-události id="Zapis">
						<jméno>Zápis</jméno>
						<popis>Elektronický zápis předmětů vyučovaných v LS</popis>
					</začátek-události>
				</ve-dni>
			</v-měsíci>
			<v-měsíci jménem="únor">
				<ve-dni číslo="21">
					<začátek-události id="Vyuka">
						<jméno>Výuka v letním semestru</jméno>
					</začátek-události>
				</ve-dni>
			</v-měsíci>
			<v-měsíci jménem="březen">
				<ve-dni číslo="18">
					<konec-události ref="Zapis" />
				</ve-dni>
			</v-měsíci>
			<v-měsíci jménem="květen">
				<ve-dni číslo="17">
					<přerušení-události id="RekDen" událost="Vyuka">
						<jméno>Rektorský a děkanský den</jméno>
						<popis>Dne <odkaz-na-datum rok="2011" měsíc="květen" den="18">18.5.</odkaz-na-datum> výuka není.</popis>
					</přerušení-události>
				</ve-dni>
				<ve-dni číslo="19">
					<pokračování-události přerušení="RekDen" />
				</ve-dni>
				<ve-dni číslo="27">
					<konec-události ref="Vyuka" />
				</ve-dni>
			</v-měsíci>
		</v-roce>
	</události>
</kalendář>