<?xml version="1.0" encoding="UTF-8"?>
<LeagueOfLegends>
	<Champions>
		<Champion>
			<ChampionName>Aatrox</ChampionName>
			<ChampionDescription>the Darkin Blade</ChampionDescription>
			<ChampionAbilities>
				<Ability Order="passive">
					<AbilityName>Blood Well</AbilityName>
					<AbilityDescription>Aatrox passively increases his attack speed by 1.1% for every 2% in the Blood Well Upon taking fatal damage, Blood Well activates and places Aatrox in stasis for up to 3 seconds. Over the stasis duration the Blood Well is emptied and Aatrox restores health equal to its contents plus 10.5 + (15.75 × level). Aatrox can cancel the stasis early after 1 second by moving, but this also ends the health regeneration.
						</AbilityDescription>
					<AbilitySpecification>
						<Type>Passive</Type>
						<Cooldown Varying="no">225</Cooldown>
					</AbilitySpecification>
				</Ability>
				<Ability Order="1">
					<AbilityName>Dark Flight</AbilityName>
					<AbilityDescription>Aatrox takes flight and slams down at a targeted area, dealing physical damage to nearby enemies upon landing. Enemies in the center of the area are also knocked up for 1 second.
						</AbilityDescription>
					<AbilitySpecification>
						<Type>Active</Type>
						<Cooldown>12</Cooldown>
						<Range>650</Range>
						<Cost>10% CURRENT HEALTH</Cost>
					</AbilitySpecification>
				</Ability>
				<Ability Order="2">
					<AbilityName>Blood Thirst</AbilityName>
					<AbilityDescription>Aatrox heals himself on every third attack. If Aatrox is below 50% health he will heal for three times as much.</AbilityDescription>
					<AbilitySpecification>
						<Type>Toggle</Type>
						<Cooldown>0.5</Cooldown>
					</AbilitySpecification>
				</Ability>
				<Ability Order="3">
					<AbilityName>Blades of Torment</AbilityName>
					<AbilityDescription>Aatrox unleashes and sends forward the power of his blade, dealing magic damage to enemies in a line and slowing them by 40% for a few seconds.</AbilityDescription>
					<AbilitySpecification>
						<Type>Active</Type>
						<Cooldown>8</Cooldown>
						<Cost>5% CURRENT HEALTH</Cost>
					</AbilitySpecification>
				</Ability>
				<Ability Order="4">
					<AbilityName>Massacre</AbilityName>
					<AbilityDescription>Aatrox draws in the blood of his foes, dealing magic damage to nearby enemy champions. For the next 12 seconds, Aatrox gains bonus attack speed and 175 bonus attack range (325 total range). His 
							attacks are still considered melee.
						</AbilityDescription>
					<AbilitySpecification>
						<Type>Active</Type>
						<Cooldown>70</Cooldown>
					</AbilitySpecification>
				</Ability>
			</ChampionAbilities>
		</Champion>
		<Champion>
			<ChampionName>Anivia</ChampionName>
			<ChampionDescription>The Cryophoenix</ChampionDescription>
			<ChampionAbilities>
				<Ability Order="passive">
					<AbilityName>Rebirth</AbilityName>
					<AbilityDescription>Upon taking lethal damage, Anivia will transform into an egg with 100% health. While in egg form, Anivia is unable to make any actions and her armor and magic resistance are modified by +20. If her egg survives for 6 seconds, Anivia is revived with the same percentage health that her egg had.
						</AbilityDescription>
					<AbilitySpecification>
						<Type>Passive</Type>
						<Cooldown>240</Cooldown>
					</AbilitySpecification>
				</Ability>
				<Ability Order="1">
					<AbilityName>Flash Frost</AbilityName>
					<AbilityDescription>Anivia unleashes an orb of ice that travels in a line, dealing magic damage to any enemy it passes through. At maximum range, Flash Frost will detonate automatically. SECOND CAST: Anivia detonates 	
							the orb, dealing magic damage and stunning enemies in a 75-radius area for 1 second. Enemies can be damaged by both parts of Flash Frost.
						</AbilityDescription>
					<AbilitySpecification>
						<Type>Active</Type>
						<Cooldown>8</Cooldown>
						<Range>1100</Range>
						<Cost>80 MANA</Cost>
					</AbilitySpecification>
				</Ability>
				<Ability Order="2">
					<AbilityName>Crystallize</AbilityName>
					<AbilityDescription>Anivia constructs an impassable wall of ice at the target location for 5 seconds, perpendicular to Anivia's facing. The wall grants sight in a large area around it.</AbilityDescription>
					<AbilitySpecification>
						<Type>Active</Type>
						<Cooldown>25</Cooldown>
						<Range>1000</Range>
						<Cost>70 MANA</Cost>
					</AbilitySpecification>
				</Ability>
				<Ability Order="3">
					<AbilityName>Frostbite</AbilityName>
					<AbilityDescription>Anivia fires a shard of ice to deal magic damage to a target enemy. Frostbite deals double damage to enemies that are Chilled.</AbilityDescription>
					<AbilitySpecification>
						<Type>Active</Type>
						<Cooldown>5</Cooldown>
						<Range>700</Range>
						<Cost>90 MANA</Cost>
					</AbilitySpecification>
				</Ability>
				<Ability Order="4">
					<AbilityName>Glacial Storm</AbilityName>
					<AbilityDescription>Anivia creates a blizzard in a target 400-radius area, that deals magic damage every second to enemies inside. Enemies damaged by Glacial Storm are Chilled for 1 second, slowing their movement speed 
							and attack speed by 20%. Anivia can re-activate Glacial Storm at any time to disable its effects, and it will deactivate automatically if she gets too far away. Additionally, Glacial Storm will be deactivated by all forms of 
							interrupting crowd control, excluding fear and taunt.
						</AbilityDescription>
					<AbilitySpecification>
						<Type>Active</Type>
						<Cooldown>6</Cooldown>
						<Range>615</Range>
						<Cost>75 MANA</Cost>
					</AbilitySpecification>
				</Ability>
			</ChampionAbilities>
		</Champion>
		<Champion>
			<ChampionName>Karthus</ChampionName>
			<ChampionDescription>the Deathsinger</ChampionDescription>
			<ChampionAbilities>
				<Ability Order="passive">
					<AbilityName>Death Defied</AbilityName>
					<AbilityDescription>Upon dying, Karthus enters a spirit form and becomes immobile and untargetable, allowing him to continue casting spells for 7 seconds. During this time, his abilities cost no mana.</AbilityDescription>
					<AbilitySpecification>
						<Type>Passive</Type>
					</AbilitySpecification>
				</Ability>
				<Ability Order="1">
					<AbilityName>Lay Waste</AbilityName>
					<AbilityDescription>After a 0.5 second delay, Karthus creates an explosion at target 50-radius area. Enemies hit take magic damage, and this damage is doubled if Lay Waste only hits one unit.</AbilityDescription>
					<AbilitySpecification>
						<Type>Active</Type>
						<Cooldown>1</Cooldown>
						<Range>875</Range>
						<Cost>44 MANA</Cost>
					</AbilitySpecification>
				</Ability>
				<Ability Order="2">
					<AbilityName>Wall of Pain</AbilityName>
					<AbilityDescription>Karthus creates a wall of energy between 2 obelisks at target position for 5 seconds. Enemies who pass this wall have their movement speed reduced by a large amount and their magic resistance 
							reduced by 15% for 5 seconds.
						</AbilityDescription>
					<AbilitySpecification>
						<Type>Active</Type>
						<Cooldown Varying="yes">18</Cooldown>
						<Range>1000</Range>
						<Cost>100 MANA</Cost>
					</AbilitySpecification>
				</Ability>
				<Ability Order="3">
					<AbilityName>Defile</AbilityName>
					<AbilityDescription>Karthus surrounds himself with the souls of his victims, draining his mana to deal magic damage to enemies in range each second</AbilityDescription>
					<AbilitySpecification>
						<Type>Toggle</Type>
						<Range>425</Range>
						<Cost>78 MANA PER SECOND</Cost>
					</AbilitySpecification>
				</Ability>
				<Ability Order="4">
					<AbilityName>Requiem</AbilityName>
					<AbilityDescription>After channeling for 3 seconds, Karthus blasts all enemy champions regardless of their position on the map, dealing magic damage.</AbilityDescription>
					<AbilitySpecification>
						<Type>Active</Type>
						<Cooldown>160</Cooldown>
					</AbilitySpecification>
				</Ability>
			</ChampionAbilities>
		</Champion>
		<Champion>
			<ChampionName>Cassiopeia</ChampionName>
			<ChampionDescription>the Serpent's Embrace</ChampionDescription>
			<ChampionAbilities>
				<Ability Order="passive">
					<AbilityName>Deadly Cadence</AbilityName>
					<AbilityDescription>Casting a spell causes any subsequent spellcasts within 5 seconds to cost 10% less mana, stacking up to 5 times.</AbilityDescription>
					<AbilitySpecification>
						<Type>Passive</Type>
					</AbilitySpecification>
				</Ability>
				<Ability Order="1">
					<AbilityName>Noxious Blast</AbilityName>
					<AbilityDescription>
							Cassiopeia hurls poison at the cursor's location, which strikes after a 0.6 second delay. All enemies within the 75-radius area are poisoned, taking magic damage over 3 seconds. Cassiopeia gains a movement speed boost for 3 seconds if Noxious Blast damages a champion.
						</AbilityDescription>
					<AbilitySpecification>
						<Type>Active</Type>
						<Cooldown>3</Cooldown>
						<Range>850</Range>
						<Cost>75 MANA</Cost>
					</AbilitySpecification>
				</Ability>
				<Ability Order="2">
					<AbilityName>Miasma</AbilityName>
					<AbilityDescription>
							Cassiopeia throws a growing cloud of poison to a target location, granting sight of the area and growing from a radius of 125 to 250 over 7 seconds. Enemies in the area are poisoned, becoming slowed and taking magic damage per second for 2 seconds. Continual exposure renews the poison.
						</AbilityDescription>
					<AbilitySpecification>
						<Type>Active</Type>
						<Cooldown>9</Cooldown>
						<Range>850</Range>
						<Cost>110 MANA</Cost>
					</AbilitySpecification>
				</Ability>
				<Ability Order="3">
					<AbilityName>Twin Fang</AbilityName>
					<AbilityDescription>
							Cassiopeia fires fangs at an enemy, dealing magic damage. If her target is poisoned, Twin Fang's cooldown is reduced to 0.5 seconds.
						</AbilityDescription>
					<AbilitySpecification>
						<Type>Active</Type>
						<Cooldown>5</Cooldown>
						<Cost>90 MANA</Cost>
						<Range>700</Range>
					</AbilitySpecification>
				</Ability>
				<Ability Order="4">
					<AbilityName>Petrifying Gaze</AbilityName>
					<AbilityDescription>
							After a brief delay, Cassiopeia blasts all enemies in a 80º cone in front of her with her gaze, dealing magic damage to them. Enemies facing her when damaged are stunned for 2 seconds, while enemies facing away are slowed by 60% for 2 seconds instead.
						</AbilityDescription>
					<AbilitySpecification>
						<Type>Active</Type>
						<Cooldown>110</Cooldown>
						<Range>850</Range>
						<Cost>100 MANA</Cost>
					</AbilitySpecification>
				</Ability>
			</ChampionAbilities>
		</Champion>
		<Champion>
			<ChampionName>Vayne</ChampionName>
			<ChampionDescription>the Night Hunter</ChampionDescription>
			<ChampionAbilities>
				<Ability Order="passive">
					<AbilityName>Night Hunter</AbilityName>
					<AbilityDescription>
							Vayne gains 30 movement speed when moving towards a visible enemy champion.
						</AbilityDescription>
					<AbilitySpecification>
						<Range>2000</Range>
						<Type>Passive</Type>
					</AbilitySpecification>
				</Ability>
				<Ability Order="1">
					<AbilityName>Tumble</AbilityName>
					<AbilityDescription>
							Vayne quickly rolls toward the cursor's location, causing her next basic attack within 6 seconds to deal bonus damage. This ability resets the autoattack timer on cast.
						</AbilityDescription>
					<AbilitySpecification>
						<Type>Active</Type>
						<Cooldown>2</Cooldown>
						<Range>300</Range>
						<Cost>30 MANA</Cost>
					</AbilitySpecification>
				</Ability>
				<Ability Order="2">
					<AbilityName>Silver Bolts</AbilityName>
					<AbilityDescription>
							Consecutive attacks and abilities mark Vayne's target with silver rings. The third consecutive attack or spell against the same target will consume the rings, dealing true damage equal to a flat amount plus a percentage of the target's maximum health (capped at 200 against monsters). The rings are removed if Vayne attacks a different target or doesn't attack for 3 seconds.
						</AbilityDescription>
					<AbilitySpecification>
						<Type>Passive</Type>
					</AbilitySpecification>
				</Ability>
				<Ability Order="3">
					<AbilityName>Condemn</AbilityName>
					<AbilityDescription>
							Vayne fires a projectile at target unit, dealing physical damage and knocking the target back 470 units. If the target is knocked into a wall, the target takes the same damage again and is stunned for 1.5 seconds. Condemn also applies Silver Bolts once.
						</AbilityDescription>
					<AbilitySpecification>
						<Type>Active</Type>
						<Cooldown>12</Cooldown>
						<Cost>90 MANA</Cost>
						<Range>550</Range>
					</AbilitySpecification>
				</Ability>
				<Ability Order="4">
					<AbilityName>Final Hour</AbilityName>
					<AbilityDescription>
							Vayne temporarily gains attack damage and enhances her other abilities. While Final Hour is active, Night Hunter's movement speed increase is tripled, and using Tumble stealths Vayne for 1 second.
						</AbilityDescription>
					<AbilitySpecification>
						<Type>Active</Type>
						<Cooldown>70</Cooldown>
						<Cost>80 MANA</Cost>
					</AbilitySpecification>
				</Ability>
			</ChampionAbilities>
		</Champion>
	</Champions>
	<Items>
		<!-- Certain items can be built only from other items. -->
		<Item>
			<Name>Aegis of the Legion</Name>
			<Effect>Nearby allied champions gain +20 magic resist and +10 health regeneration. (1100 range)</Effect>
			<Build>
				<Item>
					<Name>Rejuvenation Bead</Name>
					<Effect>+5 health regen per 5 seconds</Effect>
					<Build/>
				</Item>
				<Item>
					<Name>Ruby Crystal</Name>
					<Effect>+150 health</Effect>
					<Build/>
				</Item>
				<Item>
					<Name>Negatron Cloak</Name>
					<Effect>+40 magic resistance</Effect>
					<Build/>
				</Item>
			</Build>
		</Item>
		<Item>
			<Name>The Bloodthirster</Name>
			<Effect>+100 attack damage +20% life steal</Effect>
			<Build>
				<Item>
					<Name>B. F. Sword</Name>
					<Effect>+45 attack damage</Effect>
					<Build/>
				</Item>
				<Item>
					<Name>Vampiric Scepter</Name>
					<Effect>+10 attack damage +10% life steal</Effect>
					<Build>
						<Item>
							<Name>Long Sword</Name>
							<Effect>+10 attack damage</Effect>
							<Build/>
						</Item>
					</Build>
				</Item>
			</Build>
		</Item>
		<Item>
			<Name>Phantom Dancer </Name>
			<Effect>+50% attack speed +30% critical strike chance +5% movement speed</Effect>
			<Build>
				<Item>
					<Name>Cloak of Agility</Name>
					<Effect>+15% critical strike chance</Effect>
					<Build/>
				</Item>
				<Item>
					<Name>Dagger</Name>
					<Effect>+12% attack speed</Effect>
					<Build/>
				</Item>
				<Item>
					<Name>Zeal</Name>
					<Effect>+18% attack speed +10% critical strike chance +5% movement speed</Effect>
					<Build>
						<Item>
							<Name>Dagger</Name>
							<Effect>+12% attack speed</Effect>
							<Build/>
						</Item>
						<Item>
							<Name>Brawler's Gloves</Name>
							<Effect>+8% critical strike chance</Effect>
							<Build/>
						</Item>
					</Build>
				</Item>
			</Build>
		</Item>
		<Item>
			<Name>Liandry's Torment</Name>
			<Effect>+50 ability power +300 health</Effect>
			<Build>
				<Item>
					<Name>Haunting Guise</Name>
					<Effect>+25 ability power +200 health</Effect>
					<Build>
						<Item>
							<Name>Ruby Crystal</Name>
							<Effect>+150 health</Effect>
							<Build/>
						</Item>
						<Item>
							<Name>Amplifying Tome</Name>
							<Effect>+20 ability power</Effect>
							<Build/>
						</Item>
					</Build>
				</Item>
				<Item>
					<Name>Amplifying Tome</Name>
					<Effect>+20 ability power</Effect>
					<Build/>
				</Item>
			</Build>
		</Item>
	</Items>
	<Patches>
		<Patch Date="April 25, 2009">
			<Change>
				<ChampionChange name="Vayne" Description="Tumble cooldown increased to 3."/>
				<ItemChange id="ic_1001" Description="Cost increased to 250 from 200."/>
			</Change>
		</Patch>
		<Patch Date="May 15, 2009">
			<Change>
				<ItemChange id="ic_3031" Description="Fixed a bug where certain item effects would persist past selling the item."/>
				<ItemChange id="ic_3075" Description="Temporarily removed." Reason="A problem with a bug."/>
			</Change>
		</Patch>
		<Patch Date="December 14, 2010">
			<Change>
				<ItemChange id="ic_1001" Description="Cooldown increased."/>
				<ChampionChange name="Syndra" Description="Scatter the Weak missile speed increased to 2500."/>
				<ChampionChange name="Cassiopeia" Description="Added champion Cassiopeia."/>
			</Change>
		</Patch>
		<Patch Date="October 29, 2013">
			<Change>
				<ChampionChange name="Vayne" Description="Tumble cooldown decreased to 2."/>
				<ChampionChange name="Aatrox" Description="Passive attack speed changed to 55% from 50% flat."/>
				<ChampionChange name="Cassiopeia" Description="Deadly Cadence now stacks up to 5 times."/>
			</Change>
		</Patch>
		<Patch Date="January 13, 2014">
			<Change>
				<ChampionChange name="Nocturne" Description="Paranoia range reduced to 3500."/>
				<ChampionChange name="Syndra" Description="Unleashed Power damage per sphere increased to 180."/>
			</Change>
		</Patch>
	</Patches>
</LeagueOfLegends>
