<?xml version="1.0" encoding="UTF-8"?>
<!DOCTYPE mapa SYSTEM "data.dtd">
<mapa>
	<stat nazev="Česká republika" id="stat_CZ">
		<hlavniMesto ref="mesto_Praha"/>
		<region nazev="Hlavní město Praha" id="reg_CZPra">
			<!-- Vnejsi hranice je prochazena proti smeru hodinovych rucicek
			a uzemi lezi nalevo vzhledem ke smeru hrany -->
			<adminCentrum ref="mesto_Praha"/>
			<hranice>
				<vnejsi>
					<bod id="bPra01" sirka="50.177778" delka="14.526443"/>
					<bod id="bPra02" sirka="50.103845" delka="14.225693"/>
					<bod id="bPra03" sirka="49.945034" delka="14.342422"/>
					<bod id="bPra04" sirka="50.010387" delka="14.659653"/>
					<bod id="bPra05" sirka="50.089751" delka="14.706345"/>
				</vnejsi>
			</hranice>
		</region>
		<region nazev="Středočeský kraj" id="reg_CZStr">
			<adminCentrum ref="mesto_Praha"/>
			<hranice>
				<vnejsi>
					<bod id="bStr01" sirka="50.485474" delka="14.468079"/>
					<bod id="bStr02" sirka="50.085344" delka="13.407898"/>
					<bod id="bStr03" sirka="49.546598" delka="13.808899"/>
					<bod id="bStr04" sirka="49.560852" delka="14.918518"/>
					<bod id="bStr05" sirka="49.862776" delka="15.489807"/>
					<bod id="bStr06" sirka="50.095917" delka="15.445862"/>
					<bod id="bStr07" sirka="50.530889" delka="15.105286"/>
				</vnejsi>
				<!-- Vnitrni hranice je prochazena po smeru hodinovych rucicek
				a uzemi lezi nalevo vzhledem ke smeru hrany -->
				<vnitrni>
					<bodkaz ref="bPra05"/>
					<bodkaz ref="bPra04"/>
					<bodkaz ref="bPra03"/>
					<bodkaz ref="bPra02"/>
					<bodkaz ref="bPra01"/>
				</vnitrni>
			</hranice>
		</region>
		<region nazev="Jihočeský kraj" id="reg_CZJces">
			<adminCentrum ref="mesto_CesBud"/>
			<hranice>
				<vnejsi>
					<bodkaz ref="bStr04"/>
					<bodkaz ref="bStr03"/>
					<bod id="bJces01" sirka="48.9694" delka="13.55072"/>
					<bod id="bJces02" sirka="48.571155" delka="14.687805"/>
					<bod id="bJces03" sirka="49.005447" delka="15.011902"/>
					<bod id="bJces04" sirka="48.936935" delka="15.566711"/>
				</vnejsi>
			</hranice>
		</region>
		<region nazev="Plzeňský kraj" id="reg_CZPlz">
			<adminCentrum ref="mesto_Plzen"/>
			<hranice>
				<vnejsi>
					<bodkaz ref="bStr02"/>
					<bod id="bPlz01" sirka="49.894634" delka="12.561951"/>
					<bodkaz ref="bJces01"/>
					<bodkaz ref="bStr03"/>
				</vnejsi>
			</hranice>
		</region>
		<region nazev="Karlovarský kraj" id="reg_CZKar">
			<adminCentrum ref="mesto_KarVary"/>
			<hranice>
				<vnejsi>
					<bod id="bKar01" sirka="50.408518" delka="12.962952"/>
					<bod id="bKar02" sirka="50.3139" delka="12.111511"/>
					<bodkaz ref="bPlz01"/>
					<bodkaz ref="bStr02"/>
				</vnejsi>
			</hranice>
		</region>
		<region nazev="Ústecký kraj" id="reg_CZUst">
			<adminCentrum ref="mesto_UstinL"/>
			<hranice>
				<vnejsi>
					<bod id="bUst01" sirka="50.930738" delka="14.610901"/>
					<bodkaz ref="bKar01"/>
					<bodkaz ref="bStr02"/>
					<bodkaz ref="bStr01"/>
				</vnejsi>
			</hranice>
		</region>
		<region nazev="Liberecký kraj" id="reg_CZLib">
			<adminCentrum ref="mesto_Liberec"/>
			<hranice>
				<vnejsi>
					<bod id="bLib01" sirka="50.792047" delka="15.566711"/>
					<bodkaz ref="bUst01"/>
					<bodkaz ref="bStr01"/>
					<bodkaz ref="bStr07"/>
				</vnejsi>
			</hranice>
		</region>
		<region nazev="Královéhradecký kraj" id="reg_CZHra">
			<adminCentrum ref="mesto_HradecKralove"/>
			<hranice>
				<vnejsi>
					<bodkaz ref="bLib01"/>
					<bodkaz ref="bStr07"/>
					<bodkaz ref="bStr06"/>
					<bod id="bHra01" sirka="50.148746" delka="16.57196"/>
					<bod id="bHra02" sirka="50.611132" delka="16.429138"/>
				</vnejsi>
			</hranice>
		</region>
		<region nazev="Pardubický kraj" id="reg_CZPar">
			<adminCentrum ref="mesto_Pardubice"/>
			<hranice>
				<vnejsi>
					<bodkaz ref="bHra01"/>
					<bodkaz ref="bStr06"/>
					<bodkaz ref="bStr05"/>
					<bod id="bPar01" sirka="49.578664" delka="16.401672"/>
					<bod id="bPar02" sirka="49.60003" delka="16.786194"/>
					<bod id="bPar03" sirka="50.198001" delka="16.874084"/>
				</vnejsi>
			</hranice>
		</region>
		<region nazev="Kraj Vysočina" id="reg_CZVys">
			<adminCentrum ref="mesto_Jihlava"/>
			<hranice>
				<vnejsi>
					<bodkaz ref="bStr05"/>
					<bodkaz ref="bStr04"/>
					<bodkaz ref="bJces04"/>
					<bodkaz ref="bPar01"/>
				</vnejsi>
			</hranice>
		</region>
		<region nazev="Jihomoravský kraj" id="reg_CZJmor">
			<adminCentrum ref="mesto_Brno"/>
			<hranice>
				<vnejsi>
					<bodkaz ref="bPar02"/>
					<bodkaz ref="bPar01"/>
					<bodkaz ref="bJces04"/>
					<bod id="bJmor01" sirka="48.611122" delka="16.940002"/>
					<bod id="bJmor02" sirka="48.853873" delka="17.654114"/>
					<bod id="bJmor03" sirka="49.274973" delka="17.170715"/>
				</vnejsi>
			</hranice>
		</region>
		<region nazev="Olomoucký kraj" id="reg_CZOlo">
			<adminCentrum ref="mesto_Olomouc"/>
			<hranice>
				<vnejsi>
					<bod id="bOlo01" sirka="50.454007" delka="16.896057"/>
					<bodkaz ref="bPar03"/>
					<bodkaz ref="bPar02"/>
					<bodkaz ref="bJmor03"/>
					<bod id="bOlo02" sirka="49.518076" delka="17.923279"/>
					<bod id="bOlo03" sirka="49.866317" delka="17.187195"/>
					<bod id="bOlo04" sirka="50.261254" delka="17.423401"/>
				</vnejsi>
			</hranice>
		</region>
		<region nazev="Moravskoslezský kraj" id="reg_CZOva">
			<adminCentrum ref="mesto_Ostrava"/>
			<hranice>
				<vnejsi>
					<bodkaz ref="bOlo04"/>
					<bodkaz ref="bOlo03"/>
					<bodkaz ref="bOlo02"/>
					<bod id="bOva01" sirka="49.389524" delka="18.406677"/>
					<bod id="bOva02" sirka="49.518076" delka="18.835144"/>
					<bod id="bOva03" sirka="49.908787" delka="18.576965"/>
				</vnejsi>
			</hranice>
		</region>
		<region nazev="Zlínský kraj" id="reg_CZZli">
			<adminCentrum ref="mesto_Zlin"/>
			<hranice>
				<vnejsi>
					<bodkaz ref="bOlo02"/>
					<bodkaz ref="bJmor03"/>
					<bodkaz ref="bJmor02"/>
					<bodkaz ref="bOva01"/>
				</vnejsi>
			</hranice>
		</region>
	</stat>
	<!-- seznam obcí -->
	<osidlenaMista>
		<mesto nazev="Praha" id="mesto_Praha">
			<bod id="bPraha" sirka="50.0884206" delka="14.4037631"/>
			<popis>
				Praha je hlavním městem České republiky. Každoročně se sem
				vydává nesčetné množství turistů z celého světa, aby se
				podívali na památky jako je <strong>Karlův most</strong>
				nebo <strong>Pražský hrad</strong>. Více informací na
				<a href="http://www.praha.eu">Portálu hlavního města</a>.
			</popis>
		</mesto>
		<mesto nazev="Trutnov" id="mesto_Trutnov">
			<bod id="bTrutnov" sirka="50.5590825" delka="15.9026431"/>
		</mesto>
		<mesto nazev="Hradec Králové" id="mesto_HradecKralove">
			<bod id="bHradecKralove" sirka="50.2085139" delka="15.8296408"/>
		</mesto>
		<mesto nazev="Pardubice" id="mesto_Pardubice">
			<bod id="bPardubice" sirka="50.0385572" delka="15.7677208"/>
		</mesto>
		<mesto nazev="Liberec" id="mesto_Liberec">
			<bod id="bLiberec" sirka="50.7571097" delka="15.0426453"/>
		</mesto>
		<mesto nazev="Kolín" id="mesto_Kolin">
			<bod id="bKolin" sirka="50.0259592" delka="15.1992506"/>
		</mesto>
		<mesto nazev="Mělník" id="mesto_Melnik">
			<bod id="bMelnik" sirka="50.3427361" delka="14.4882239"/>
		</mesto>
		<mesto nazev="Ústí nad Labem" id="mesto_UstinL">
			<bod id="bUstinL" sirka="50.6587978" delka="14.0429294"/>
		</mesto>
		<mesto nazev="Dresden" id="mesto_Dresden">
			<bod id="bDresden" sirka="51.0471906" delka="13.7299919"/>
		</mesto>
		<mesto nazev="Hamburg" id="mesto_Hamburg">
			<bod id="bHamburg" sirka="53.5249269" delka="10.0002489"/>
		</mesto>
		<mesto nazev="České Budějovice" id="mesto_CesBud">
			<bod id="bCesBud" sirka="48.9829800" delka="14.4760500"/>
		</mesto>
		<mesto nazev="Rožmberk nad Vltavou" id="mesto_RozmberknV">
			<bod id="bRozmberknV" sirka="48.6528131" delka="14.3656428"/>
		</mesto>
		<mesto nazev="Zlín" id="mesto_Zlin">
			<bod id="bZlin" sirka="49.2358044" delka="17.6525697"/>
		</mesto>
		<mesto nazev="Otrokovice" id="mesto_Otrokovice">
			<bod id="bOtrokovice" sirka="49.2027903" delka="17.5330556"/>
		</mesto>
		<mesto nazev="Hulín" id="mesto_Hulin">
			<bod id="bHulin" sirka="49.3176164" delka="17.4684836"/>
		</mesto>
		<mesto nazev="Brno" id="mesto_Brno">
			<bod id="bBrno" sirka="49.1870381" delka="16.6152200"/>
		</mesto>
		<mesto nazev="Olomouc" id="mesto_Olomouc">
			<bod id="bOlomouc" sirka="49.5907736" delka="17.2590656"/>
		</mesto>
		<mesto nazev="Ostrava" id="mesto_Ostrava">
			<bod id="bOstrava" sirka="49.8160647" delka="18.2447647"/>
		</mesto>
		<mesto nazev="Karlovy Vary" id="mesto_KarVary">
			<bod id="bKarVary" sirka="50.2312997" delka="12.8813150"/>
		</mesto>
		<mesto nazev="Jihlava" id="mesto_Jihlava">
			<bod id="bJihlava" sirka="49.3925175" delka="15.5988492"/>
		</mesto>
		<mesto nazev="Plzeň" id="mesto_Plzen">
			<bod id="bPlzen" sirka="49.7467394" delka="13.3929219"/>
		</mesto>
	</osidlenaMista>
	<!-- Vrstva mapy popisující vodní toky -->
	<vodstvo>
		<reka nazev="Labe">
			<bod id="bLabePramen" sirka="50.7612072" delka="15.5519436"/>
			<bodkaz ref="bTrutnov"/>
			<bodkaz ref="bHradecKralove"/>
			<bodkaz ref="bPardubice"/>
			<bodkaz ref="bKolin"/>
			<bodkaz ref="bMelnik"/>
			<bodkaz ref="bUstinL"/>
			<bodkaz ref="bDresden"/>
			<bodkaz ref="bHamburg"/>
		</reka>
		<reka nazev="Vltava">
			<bod id="bVltavaPramen" sirka="48.9754211" delka="13.5618522"/>
			<bodkaz ref="bRozmberknV"/>
			<bodkaz ref="bCesBud"/>
			<bodkaz ref="bPraha"/>
			<bodkaz ref="bMelnik"/>
		</reka>
	</vodstvo>
	<!-- Vrstva mapy popisující dopravní infrastrukturu -->
	<doprava>
		<pozemniKomunikace>
			<cesta oznaceni="D1" trida="D">
				<bodkaz ref="bPraha"/>
				<bodkaz ref="bJihlava"/>
				<bodkaz ref="bBrno"/>
				<bodkaz ref="bHulin"/>
			</cesta>
			<cesta oznaceni="R10" trida="R">
				<bodkaz ref="bPraha"/>
				<bodkaz ref="bLiberec"/>
			</cesta>
			<cesta oznaceni="D1" trida="D">
				<bodkaz ref="bOlomouc"/>
				<bodkaz ref="bOstrava"/>
			</cesta>
			<cesta oznaceni="D11" trida="D">
				<bodkaz ref="bPraha"/>
				<bodkaz ref="bHradecKralove"/>
			</cesta>
			<cesta oznaceni="R55" trida="R">
				<bodkaz ref="bOtrokovice"/>
				<bodkaz ref="bHulin"/>
			</cesta>
			<cesta oznaceni="49" trida="1">
				<bodkaz ref="bZlin"/>
				<bodkaz ref="bOtrokovice"/>
			</cesta>
		</pozemniKomunikace>
		<zeleznice>
			<trat trida="Ex">
				<bodkaz ref="bZlin"/>
				<bodkaz ref="bOtrokovice"/>
			</trat>
			<trat trida="SC">
				<bodkaz ref="bPraha"/>
				<bodkaz ref="bKolin"/>
				<bodkaz ref="bPardubice"/>
				<bodkaz ref="bOlomouc"/>
				<bodkaz ref="bOstrava"/>
			</trat>
			<trat trida="SC">
				<bodkaz ref="bOlomouc"/>
				<bodkaz ref="bOtrokovice"/>
			</trat>
			<trat trida="Ex">
				<bodkaz ref="bBrno"/>
				<bodkaz ref="bOlomouc"/>
			</trat>
		</zeleznice>
	</doprava>
	<metadata>
		<![CDATA[
			mapa {
				color: black;
				font-family: Helvetica;
			}
			
			strong {
				font-weight: bold;
			}
			
			a {
				text-decoration: underline;
			}
		]]>
		Výpis informací o mapě ve verzi &verzeMapy;:
		<?php echo getMapInfo(); ?>
	</metadata>
</mapa>
