<?xml version="1.0"?>
<!DOCTYPE eshop SYSTEM "data.dtd">
<eshop>
	<transports>
		<transport id="tr-1" days="3">
			<title>PPL</title>
			<price>150</price>
		</transport>
	</transports>
	<categories>
		<category id="cat-1">
			1. kategorie
			<category id="cat-3">
				Lotrem ipsum dolor sit amet...
				<category id="cat-4">
					Dalsi popis kategorie
				</category>
			</category>
		</category>
		<category id="cat-2">
			Popis druhe kategorie
		</category>
	</categories>
	<products>
	
		<product show="show" id="prod-1">
			<title>Produkt 1</title>
			<actualized><![CDATA[ echo date('Y-m-d'); ]]></actualized>
			<price>1500</price>
			<dph>&dph;</dph>
			<photos>
				<photo id="photo-1">
					<file>obrazek1.jpg</file>
					<thumb>obrazek1_t.jpg</thumb>
				</photo>
				<photo id="photo-2" h="600" w="800" thumbh="300" thumbw="400">
					<file>obrazek2.jpg</file>
				</photo>
			</photos>
			<description_short>kratky popis</description_short>
			<description>dlouhy popis</description>
			<mainphoto photoid="photo-1"></mainphoto>
			<prodcat categoryid="cat-3"></prodcat>
			<prodcat categoryid="cat-4"></prodcat>
			<prodcat categoryid="cat-1"></prodcat>
		</product>
		<product id="prod-2" show="show">
			<title>Druhy produkt</title>
			<actualized><![CDATA[ echo date('Y-m-d'); ]]></actualized>
			<price>6000</price>
			<dph>&dph;</dph>
			<photos>
				<photo id="foto-3">
					<file>product.png</file>
				</photo>
			</photos>
			<description>Description</description>
			<mainphoto photoid="foto-3"></mainphoto>
			<prodcat categoryid="cat-2"></prodcat>
		</product>
	</products>
</eshop>