<?xml version="1.0" encoding="UTF-8"?>
<zamestnanci>
	<zamestnanec id="x00" jmeno="Boss">
		<podrizeny id="x01"/>
		<podrizeny id="x02"/>
	</zamestnanec>
	<zamestnanec id="x01" jmeno="Ucetni">
	</zamestnanec>
	
	<zamestnanec id="x02" jmeno="Agronom">
		<podrizeny id="x03"/>
	</zamestnanec>
	
	<zamestnanec id="x03" jmeno="Technik">
		<podrizeny id="x04"/>
		<podrizeny id="x05"/>
		<podrizeny id="x06"/>
	</zamestnanec>
	
	<zamestnanec id="x04" jmeno="Traktorista">
	</zamestnanec>
	
	<zamestnanec id="x05" jmeno="Kombajnista">
	</zamestnanec>
	
	
	<zamestnanec id="x06" jmeno="Dojička">
	</zamestnanec>
</zamestnanci>