<?xml version="1.0" encoding="UTF-8"?>
<katalog-vin xmlns:xsi="http://www.w3.org/2001/XMLSchema-instance" 
             xsi:noNamespaceSchemaLocation="data.xsd">
    <wines>
        <wine kod-vina="_ryzlink_rynsky_2011" id-vinarstvi-ref="_valtice">
            <name>Rizlink Rinsky</name>
            <origin>
                <country>
                    CR
                </country>
                <territory>Morava</territory>
            </origin>
            <harvest>
                <year>2011</year>
                <month>listopad</month>
            </harvest>
            <grapes>
                <color color-name="bila"/>
                <variety>
                    <synonymum>Aminea Gemela</synonymum>
                    <synonymum>Rakusky Rizling</synonymum>
                    <origin-variety>Romanic Riesling</origin-variety>
                    <origin-variety>Italian Riesling</origin-variety>
                    <noted>1941</noted>
                </variety>
            </grapes>
            <class class-name="privlastkove">
                <residual-sugar>24</residual-sugar>
            </class>
            <alcohol percent="13"/>
            <serving-temperature from="8" to="12"/>
            <description>On the palate, this wine is medium bodied, very acidic, crisp and lively. The flavor profile is a tart green apple with notes of minerality, lime and grapefruit. The finish is quite dry and its flavors linger for some time. This wine would pair well with grilled swordfish on a hot summer day.</description>
        </wine>
    </wines>

</katalog-vin>