<?xml version="1.0" encoding="UTF-8"?>
<katalog-vin xmlns:xsi="http://www.w3.org/2001/XMLSchema-instance" 
             xsi:noNamespaceSchemaLocation="data.xsd">
    <vina>
        <vino id="_chard_habanske_2011" id-vinarstvi-ref="_habanske_sklepy">
            <jmeno>Chardonnay Habanske</jmeno>
            <puvod>
                <stat>CR</stat>
                <oblast>Morava</oblast>
            </puvod>
            <sklizen>
                <rok>2011</rok>
                <mesic>zari</mesic>
            </sklizen>
            <hrozny>
                <plod celad="reva">reva vinna</plod>
                <barva jmeno-barvy="bila"/>
                <odruda>
                    <synonymum>Pinot Chardonnay</synonymum>
                    <synonymum>Morillon</synonymum>
                    <puvod-odrudy>Pinot noir</puvod-odrudy>
                    <puvod-odrudy>Heunisch</puvod-odrudy>
                    <zapis>1989</zapis>
                </odruda>
            </hrozny>
            <trieda jmeno-tridy="jakostni">
                <stupne-cukernatosti jednotka="normovanyMostomer">18</stupne-cukernatosti>
            </trieda>
            <alkohol percent="12.5"/>
            <odporucena-teplota-podavani od="9" do="11"/>
        </vino>
        <vino id="_ryzlink_vlassky_valtice_2011" id-vinarstvi-ref="_habanske_sklepy">
            <jmeno>Ryzlink Vlassky</jmeno>
            <puvod>
                <stat>CR</stat>
                <oblast>Morava</oblast>
            </puvod>
            <sklizen>
                <rok>2011</rok>
                <mesic>listopad</mesic>
            </sklizen>
            <hrozny>
                <plod celad="reva">reva vinna</plod>
                <barva jmeno-barvy="bila"/>
                <odruda>
                    <synonymum>Aminea Gemela</synonymum>
                    <synonymum>Rakusky Rizling</synonymum>
                    <puvod-odrudy>Romanic Riesling</puvod-odrudy>
                    <puvod-odrudy>Italian Riesling</puvod-odrudy>
                    <zapis>1941</zapis>
                </odruda>
            </hrozny>
            <trieda jmeno-tridy="privlastkove">
                <stupne-cukernatosti jednotka="normovanyMostomer">24</stupne-cukernatosti>
                <privlastok jmeno-privlastku="pozdni-sber"/>
            </trieda>
            <alkohol percent="13"/>
            <odporucena-teplota-podavani od="8" do="12"/>
        </vino>
        <vino id="_cabernet_sauvignon_kobyli_2009" id-vinarstvi-ref="_habanske_sklepy">
            <jmeno>Cabernet Sauvignon</jmeno>
            <puvod>
                <stat>CR</stat>
                <oblast>Morava</oblast>
            </puvod>
            <sklizen>
                <rok>2009</rok>
                <mesic>rijen</mesic>
            </sklizen>
            <hrozny>
                <plod celad="reva">reva vinna</plod>
                <barva jmeno-barvy="cervena"/>
                <odruda>
                    <synonymum>Petite Vidure</synonymum>
                    <puvod-odrudy>Biturica</puvod-odrudy>
                    <puvod-odrudy>Carménère</puvod-odrudy>
                    <zapis>1980</zapis>
                </odruda>
            </hrozny>
            <trieda jmeno-tridy="privlastkove">
                <stupne-cukernatosti jednotka="normovanyMostomer">26</stupne-cukernatosti>
                <privlastok jmeno-privlastku="vyber-z-hroznu"/>
            </trieda>
            <alkohol percent="13.5 "/>
            <odporucena-teplota-podavani od="8" do="12"/>
        </vino>
        <vino kod-vina="_ryzlink_vlassky_valtice_2011" id-vinarstvi-ref="_valtice">
            <jmeno>Rizlink Vlassky</jmeno>
            <puvod>
                <stat>
                    CR
                </stat>
                <oblast>Morava</oblast>
            </puvod>
            <sklizen>
                <rok>2011</rok>
                <mesic>listopad</mesic>
            </sklizen>
            <hrozny>
                <plod celad="reva">reva vinna</plod>
                <barva jmeno-barvy="bila"/>
                <odruda>
                    <synonymum>Aminea Gemela</synonymum>
                    <synonymum>Rakusky Rizling</synonymum>
                    <puvod-odrudy>Romanic Riesling</puvod-odrudy>
                    <puvod-odrudy>Italian Riesling</puvod-odrudy>
                    <zapis>1941</zapis>
                </odruda>
            </hrozny>
            <trieda jmeno-tridy="privlastkove">
                <stupne-cukernatosti>24</stupne-cukernatosti>
                <privlastok jmeno-privlastku="pozdni-sber"/>
            </trieda>
            <alkohol percent="13"/>
            <odporucena-teplota-podavani do="12" od="8"/>
            <popis>Nádherná ovocná vůně připomínající sušené meruňky a žlutý meloun. Chuť je plná, harmonická se šťavnatou kyselinkou. Doporučujeme ke grilovaným rybám a tvrdým sýrům.</popis>
        </vino>
    </vina>
    
    <!-- Vinarstva -->
    <vinarstva>
        <vinarstvi id="_habanske_sklepy">
            <jmeno>Habanske sklepy</jmeno>
            <rok-zalozeni>1664</rok-zalozeni>
        </vinarstvi>
        <vinarstvi id="_valtice">
            <jmeno>Vinne sklepy Valtice</jmeno>
            <rok-zalozeni>1430</rok-zalozeni>
        </vinarstvi>
    </vinarstva>

</katalog-vin>