<?xml version="1.0" encoding="utf-8" ?>
<?php print_license(); ?>
<diary xmlns:xsi="http://www.w3.org/2001/XMLSchema-instance" xsi:noNamespaceSchemaLocation="data.xsd">
	<entry id="entr1">
		<date>
			<start year="2012" month="03" day="01" hour="23" minute="59" second="59" notify="true" />
			<end year="2012" month="03" day="01" hour="23" minute="59" second="59" notify="true" />
		</date>
		<perms>
			<owner>pilarra1</owner>
			<group id="cv1" name="Moje cviceni">
				<user>pilarra1</user>
				<user>fejfaond</user>
				<user>fenglvla</user>
				<user>grudapav</user>
				<user>hlavavo3</user>
				<user>hollmosk</user>
				<user>hornapa3</user>
				<user>hotkomar</user>
				<user>kralima6</user>
				<user>kubatja5</user>
				<user>kuburoma</user>
				<user>malekji3</user>
				<user>malictom</user>
				<user>nosekto2</user>
				<user>novott16</user>
				<user>rodinmic</user>
				<user>rozendav</user>
				<user>szepgerg</user>
				<user>tranthip</user>
				<user>watzkdav</user>
			</group>
			<read allow="group" group="cv1" /> <!-- if allow is specified, everything except listed is denied, if deny is specified, everything except listed is denied -->
			<write allow="owner" />
		</perms>
		<location>
			<address>
				<street>Karlovo Namesti</street>
				<number>
					<arean>1888</arean>
					<streetn>14</streetn>
				</number>
				<city>Prague</city>
				<country>Czech Republic</country>
				<zip>120 00</zip>
			</address>
			<desc>V hospode</desc>
		</location>
		<headline>Prvni domaci ukol</headline>
		<short display="true">Odevzdani prvniho domaciho ukol</short>
		<description>
			<![CDATA[
			Odevzdani prvniho ukolu na XML, zahrnujiciho XML dokument a DTD. XML prolog se pise: <?xml version="1.0" ?>
			]]>
		</description>

	</entry>
	<entry id="entr2">
		<date>
			<start year="2012" month="12" day="21" hour="0" minute="0" second="42" notify="true" />
			<end year="2012" month="12" day="21" hour="23" minute="59" second="59" notify="false" />
		</date>
		<perms>
			<owner>pilarra1</owner>
			<read allow="group" />
			<write allow="owner" />
		</perms>
		<location>
			<address>
				<street>Cely svet</street>
				<number>
					<arean>1</arean>
					<streetn>42</streetn>
				</number>
				<city>Planeta Zeme</city>
				<country>Vesmir</country>
				<zip>000 00</zip>
			</address>
			<desc>Kdekoliv</desc>
		</location>
		<headline>Konec sveta ;-)</headline>
		<short>Tak dneska by mel skoncit svet.</short>
		<description>
		A evidentne se tak nestalo, jinak by se tahle upominka nezobrazila.
		</description>

	</entry>


</diary>
