<?xml version='1.0'?>
<!DOCTYPE isp SYSTEM "data.dtd">
<!-- Domaci uloha 1, Martin Pelikan -->
<isp>
<mesta zeme="CZ">
	<mesto id='M1' psc='11000'>Praha 1</mesto>
	<mesto id='M2' psc='12000'>Praha 2</mesto>
	<mesto id='M3' psc='13000'>Praha 3</mesto>
</mesta>
<pristupove_body>
	<pristupovy_bod id='AP1' gps_lat='47.665729' gps_lon='14.985609'>
		<zarizeni id='APZ1' ip='10.0.1.2/24' mac='00:11:0a:00:01:02' dns='ap1stroj2' />
		<zarizeni id='APZ2' ip='10.0.1.3/24' mac='00:11:0a:00:01:03' dns='ap1stroj3' />
		<zarizeni id='APZ3' ip='10.0.1.23/24' mac='00:11:0a:00:01:03' dns='ap1stroj3'>
			<software nazev='Windows' />
		</zarizeni>
		<zarizeni id='APZ4' ip='10.0.1.13/24' mac='00:11:0a:00:01:03' dns='ap1stroj3'>
			<software nazev='Windows' />
		</zarizeni>
	</pristupovy_bod>
	<pristupovy_bod id='AP2'>
		<zarizeni id='APZ3' ip='10.0.2.2/24' mac='00:11:0a:00:02:02' dns='ap2stroj2' />
	</pristupovy_bod>
</pristupove_body>
<zakaznici>
	<zakaznik id='Z1'>
	<kontaktni_osoba>Homer J. Simpson</kontaktni_osoba>
	<adresa ulice='Potazmicka' cp='42' mesto='M2' />
	<telefon cislo='+420800123456' poznamka='nevolat vecer' />
	<telefon cislo='+420900123456' />
	<telefon cislo='112' poznamka='radsi nevolat vubec, nebo prijedou hasici' />
	<ekontakt typ='jabber'>homer@jabbim.ru</ekontakt>
	<ekontakt typ='proprietarni_svinstvo'>skajp homer1234</ekontakt>
	<firma nazev='Jehofirma a. s.' ic='12345657' dic='CZ12345657'>Si muze tady delat co chce</firma>
	<sluzba druh='DS1' pripojena='20120101203040'>
		<misto_pripojeni id='MP1'>
			<adresa ulice='Horni' cp='24' mesto='M1' mestcast='Hradcany' patro='6' />
			<zarizeni id='ZZ1' ip='10.0.1.5' mac='00:11:0a:00:01:05' dns='novak1' typ='router' />
			<zarizeni id='ZZ2' ip='10.0.1.6' mac='00:11:0a:00:01:06' dns='novak2'>
				<software nazev='OpenWRT' verze='whiterussian' jmeno='root' heslo='heslo' />
				Poznamka k zarizeni 1.6.
			</zarizeni>
		</misto_pripojeni>
	</sluzba>
	<sluzba druh='DS2' pripojena='x' odpojena='2'>
	</sluzba>
	<platba id='P1' castka='2000' mena='CZK' ucet='1111222211/5555' datum='20130101235900' />
	<platba id='P2' castka='4000' mena='CZK' ucet='1111222211/5555' datum='20130104235900' doklad='DOK1'>
		Je to doplatek k <ref platba='P1' />
	</platba>
	<zasah kdy='20130404233333' kym='tebou rozhodne ne' proc='kape mu na karbid' />
	<dokument>zakosi/dokumenty/Z1/potazmo.pdf</dokument>
	<dokument id='DOK1'>zakosi/dokumenty/Z1/faktura1.pdf</dokument>
	</zakaznik>

	<zakaznik id='Z2'>
	<kontaktni_osoba>Minimalni Zakaznik</kontaktni_osoba>
	<adresa ulice='Ulicova' cp='1' mesto='M3' />
	<telefon cislo='122' />
	<ekontakt>vul@prd.kak</ekontakt>
	<sluzba druh='DS1' pripojena='20110303222222'>
		<misto_pripojeni id='MP2'>
			<adresa ulice='Ulicova' cp='1' mesto='M3' />
		</misto_pripojeni>
	</sluzba>
	<stiznost kdy='20130404233333' proc='kape mu na karbid' odpoved='uz jedem '>Nefunguje mi karbid!</stiznost>
	</zakaznik>
</zakaznici>
<zbytky>
	<!-- vazne? -->
	<?php phpinfo(); ?>
	<![CDATA[
		]0 50m3 {r427 $\uFFFF <]]\>\\]\]\]\\]\\]>> ]]]]><![CDATA[> shitz cant be nested, what'd'ya think'a dat for?
	]]>
</zbytky>
</isp>

