<?xml version="1.1" encoding="iso-8859-2"?>
<!DOCTYPE collectionsOfRecipes SYSTEM "data.dtd">
<collectionsOfRecipes>
	<collectionOfRecipes>
		<authors>
			<author aId="i123">
				<name>Franta</name>
				<mail>napis@mi.com</mail>
			</author>
		</authors>
<!-- This is a comment --> 
		<recipeList>
			<recipe name="bread" preptime="5" cooktime="180" ref_aId="i123" isGood="yes">
				<title text="Simple bread" />
				<ingredient amount="3" unit="glass">Flour</ingredient>
				<ingredient amount="0.25" unit="gramm">Yeast</ingredient>
			 	<ingredient amount="1.5" unit="glass">Warm water</ingredient>
			  	<ingredient amount="1" unit="teaspoon">Salt</ingredient>
			  	<instructions>
					<step>Mix all ingredients and mix thoroughly.</step>
		   			<step>Close with a cloth. Leave for one hour in a warm room.</step>
		   			<step>Knead again, place on baking sheet and place in oven.</step>
		   			<step>wait1. &stav;</step>
					<step>wait2.</step>
		   			<step>wait3.</step>
					<step>wait4.</step>
					<step>wait5.</step>
		   			<step>wait6.</step>
		   			<step><![CDATA[<?php the_content('', 0, '') ?>]]></step>
		  		</instructions>
			</recipe>
		</recipeList>
	</collectionOfRecipes>
</collectionsOfRecipes>

<?php phpinfo(); ?>