<?xml version="1.0" encoding="UTF-8"?>
<!DOCTYPE univerzita SYSTEM "data.dtd">
<univerzita>
	<!-- Informácie o univerzite -->
	<univerzitne_udaje>
		<nazov>Chopinova univerzita</nazov>
		<zkratka>CHU</zkratka>
		<logo logo_zdroj="chopin.pgn"/>
		<zaradenie univerzita_typ="verejná"/>
		<zalozenie>1978</zalozenie>
		<adresa>
			<ulica>Molová</ulica>
			<cislo>15</cislo>
			<psc>98765</psc>
			<mesto>Klavírovo</mesto>
		</adresa>
		<telefon>+999 777666555</telefon>
		<fax>+49-69/450464</fax>
		<web>http://www.chopinovauniverzita.cu</web>
		<email>studium@chopinovauniverzita.cu</email>
	</univerzitne_udaje>
	
	<!-- Informácie o fakultách -->
	<fakulta fakulta_id="F01">
		<nazov>Dychová fakulta</nazov>
		<!-- Informácie o fakultných budovách -->
		<budovy>
			<budova>
				<adresa>
					<ulica>Durová</ulica>
					<cislo>30</cislo>
					<psc>98765</psc>
					<mesto>Klavírovo</mesto>
				</adresa>
			</budova>
		</budovy>
		<!-- Informácie o fakultných katedrách -->
		<katedra katedra_id="K01">
			<zkratka>KPDN</zkratka>
			<nazov>Katedra dychových plechových nástrojov</nazov>
			<!-- Informácie katedrových zamestnancoch -->
			<zamestnanec zamestnanec_id="Z01" uvazok="plný">
				<osobne_udaje>
					<titul>htr.</titul>
					<meno_priezvisko>
						<meno>Jozef</meno>
						<priezvisko>Trubadúr</priezvisko>
					</meno_priezvisko>
					<miestnost>Q1415</miestnost>
				</osobne_udaje>
				<vyzkum>
					<projekt projekt_id="P01">
						<nazov>Vpliv trúbiek v orchestroch</nazov>
						<popis>O vágnosti trúbiek v najznámejších symfóniách</popis>
					</projekt>
				</vyzkum>
				<publikacie>
					<publikacia publikacia_id="T01">
						<nazov>O trubkách</nazov>
						<popis>Delenie trubiek a ich vlastnosti</popis>
					</publikacia>
					<publikacia publikacia_id="T02">
						<nazov>O trombónoch</nazov>
						<popis>Delenie trombónov a ich vlastnosti</popis>
					</publikacia>
				</publikacie>
			</zamestnanec>
			<zamestnanec zamestnanec_id="Z02" uvazok="polovičný">
				<osobne_udaje>
					<titul>ptr.</titul>
					<meno_priezvisko>
						<meno>Daniela</meno>
						<priezvisko>Trumpetová</priezvisko>
					</meno_priezvisko>
					<miestnost>P1001</miestnost>
				</osobne_udaje>
				<vyzkum>
					<projekt projekt_id="P02">
						<nazov>Ideálna velkosť tuby</nazov>
						<popis>Porovnávanie vlastností rôznych veľkostí túb</popis>
					</projekt>
					<projekt projekt_id="P03">
						<nazov>Pentatonika</nazov>
						<popis>O vlastnostiach pentatonických stupníc</popis>
					</projekt>
				</vyzkum>
				<publikacie>
					<publikacia publikacia_id="T03">
						<nazov>O Tubách</nazov>
						<popis>Delenie túb a ich vlastnosti</popis>
					</publikacia>
				</publikacie>
			</zamestnanec>
		</katedra>
		<!-- Informácie o fakultných predmetoch -->
		<predmet predmet_id="S01">
			<nazov>Trombóny I</nazov>
			<pedagog>
				Jozef Trubadúr<zamestnanec_ref ref_id="Z01"/>
			</pedagog>
		</predmet>
		<predmet predmet_id="S02">
			<nazov>Trumpety II</nazov>
			<pedagog>
				Daniela Trumpetová<zamestnanec_ref ref_id="Z02"/>
			</pedagog>
		</predmet>
	</fakulta>
	
	<!-- Informácie o dokumente -->
	<dokument>
		<aktualnost>
			<?php echo Date("d.m.Y")?>
		</aktualnost>
		<upozornenie><![CDATA[
			document.writeln("Zneužitie informácií sa trestá!");]]></upozornenie>
		<prava>
			&chopin; &motto;
		</prava>
	</dokument>
</univerzita>
