<?xml version="1.0" encoding="UTF-8"?>
<produkty>
	<produkt id="kamera1">
		<popis>Velmi kvalitni kamera</popis>
	</produkt>
	<produkt id="fotak1">
		<popis>Velmi kvalitni fotak</popis>
	</produkt>
	<produkt id="ntbk1">
		<popis>Nekvalitni notebook</popis>
	</produkt>
	<produkt id="mntr1">
		<popis>Velky monitor</popis>
	</produkt>
	<produkt id="hd1">
		<popis>Disk pro nepretrzity provoz</popis>
	</produkt>
	<produkt id="htc237">
		<popis>Smartphone s androidem</popis>
	</produkt>
	<produkt id="lamp12">
		<popis>Lampa co sviti</popis>
	</produkt>
	<produkt id="smpn12">
		<popis>Sampon proti lupum</popis>
	</produkt>
	<produkt id="botky22">
		<popis>Boty co nic nevydrzi</popis>
	</produkt>
	<produkt id="prnt11">
		<popis>Tiskarna s nejdrazsim tonerem</popis>
	</produkt>
	<produkt id="cuc15">
		<popis>Vysoce kvalitni zmrzlina</popis>
	</produkt>
</produkty>