<?xml version="1.0" encoding="UTF-8"?>
<?xml-stylesheet href="styl.css" type="text/css"?>

<!--umísteni DTD-->
<!DOCTYPE eshop SYSTEM "data.dtd">

<eshop>
<cdata>

<![CDATA[

]]>

</cdata>

<nabidka_tydne>Nabidka tydne: &nabidkaTydne;</nabidka_tydne>
	<sklad>
		<sestavy>
			<!--Prodávané sestavy-->
			<sestava id="s1">
				<procesorp>
					<!--id pouziteho procesoru-->
					<procesor_key id="p1"/>
				</procesorp>
				<grafKarta>
					<nazev>intel HD3000</nazev>
					<pamet>variabilni</pamet>
				</grafKarta>
				<mainboard>Generic intel</mainboard>
				<case>Eurocase 200</case>
				<ups>Fortron 300W</ups>
				<ram>
					<nazevr>Adata</nazevr>
					<velikost>2GB</velikost>
				</ram>
				<cena>8000</cena>
				<ks>3</ks>
				<dostupnost skladem="ANO"/>
				<popis>Levná kancelářská sestava s procesorem intel i3 a integrovanou grafickou kartou</popis>
				<jmeno>Office 2000</jmeno>
				<ilFoto/>
			</sestava>
			<sestava id="s2">
				<procesorp>
					<procesor_key id="p1"/>
				</procesorp>
				<grafKarta>
					<nazev>Geforce gtx560</nazev>
					<pamet>512</pamet>
				</grafKarta>
				<mainboard>Generic intel</mainboard>
				<case>Eurocase 200</case>
				<ups>Fortron 600W</ups>
				<ram>
					<nazevr>Adata</nazevr>
					<velikost>4GB</velikost>
				</ram>
				<cena>13000</cena>
				<ks>2</ks>
				<dostupnost skladem="ANO"/>
				<popis>Herní sestava s procesorem intel i3 a dedikovanou grafickou kartou</popis>
				<jmeno>Game 2000</jmeno>
				<ilFoto/>
			</sestava>
			<sestava id="s3">
				<procesorp>
					<procesor_key id="p2"/>
				</procesorp>
				<grafKarta>
					<nazev>AMD 4200</nazev>
					<pamet>variabilni</pamet>
				</grafKarta>
				<mainboard>Generic amd</mainboard>
				<case>Eurocase 200</case>
				<ups>Fortron 300W</ups>
				<ram>
					<nazevr>Adata</nazevr>
					<velikost>2GB</velikost>
				</ram>
				<cena>9000</cena>
				<ks>5</ks>
				<dostupnost skladem="ANO"/>
				<popis>Levná kancelářská sestava s procesorem Amd athlon x2 a integrovanou grafickou kartou</popis>
				<jmeno>Office 3000</jmeno>
				<ilFoto/>
			</sestava>
			<sestava id="s4">
				<procesorp>
					<procesor_key id="p2"/>
				</procesorp>
				<grafKarta>
					<nazev>Radeon 6870</nazev>
					<pamet>512MB</pamet>
				</grafKarta>
				<mainboard>Generic amd</mainboard>
				<case>Eurocase 200</case>
				<ups>Fortron 600W</ups>
				<ram>
					<nazevr>Adata</nazevr>
					<velikost>4GB</velikost>
				</ram>
				<cena>14000</cena>
				<ks>6</ks>
				<dostupnost skladem="ANO"/>
				<popis>Herní sestava s procesorem AMD athlon x2 a dedikovanou grafickou kartou</popis>
				<jmeno>Game 3000</jmeno>
				<ilFoto/>
			</sestava>
		</sestavy>
		<procesory>
			<procesor id="p1">
				<nazev>Intel i3</nazev>
				<frekvence>2000</frekvence>
			</procesor>
			<procesor id="p2">
				<nazev>AMD Athlon X2</nazev>
				<frekvence>3200</frekvence>
			</procesor>
		</procesory>
	</sklad>
	<osoby>
		<vedeni>
			<majitel>Oldřich Majetný</majitel>
		</vedeni>
		<zamestnanci>
			<zamestnanec id="z1">
				<jmenoz>Pepa Zlesa</jmenoz>
				<platovaTrida>1</platovaTrida>
			</zamestnanec>
			<zamestnanec id="z2">
				<jmenoz>Bonifác Ukrutný</jmenoz>
				<platovaTrida>2</platovaTrida>
			</zamestnanec>
		</zamestnanci>
		<zakaznici>
			<zakaznik id="z1">
				<jmenoz>Karel Omacka</jmenoz>
				<adresa>Kutna Hora 24 28501</adresa>
				<objednavky>
					<objednavka id="o1">
						<polozky>
							<!--id koupene sestavy-->
							<key_polozka id="s1"/>
						</polozky>
						<cena>8000</cena>
					</objednavka>
				</objednavky>
			</zakaznik>
			<zakaznik id="z2">
				<jmenoz>Frantisek Opicka</jmenoz>
				<adresa>Caslav 52 28533</adresa>
				<objednavky>
					<objednavka id="o2">
						<polozky>
							<key_polozka id="s2"/>
						</polozky>
						<cena>13000</cena>
					</objednavka>
				</objednavky>
			</zakaznik>
		</zakaznici>
	</osoby>
</eshop>
