<?xml version="1.0" encoding="UTF-8"?>
<!DOCTYPE store SYSTEM "data.dtd">
<store>
	<language>en-us</language>
	<title>Phone Web Store</title>
	<logo>
		<title>Phone WS</title>
		<url>http://www.pws.com/img/logo.png</url>
		<target>http://www.pws.com/</target>
		<width>90</width>
		<height>90</height>
	</logo>
	<link>http://www.pws.com/</link>
	<description>Phone Web Store - Cell Phone Specifications and Information.&copy;</description>
	<!-- Insert copyright with actual year -->
	<copyright><![CDATA[
		String insertActualCopyright(){
			return "All information I copied in ";
		}
	]]><?php echo Date("d.m.Y")?></copyright>
	<editor>
		<name>&admin;</name>
		<email>iosipeld@fel.cvut.cz</email>
	</editor>
	<mobilePhones>
		<android>
			<phone id="m14">
				<brand>Samsung</brand>
				<name>Galaxy Note 3</name>
				<weight>
					<g>168.112672</g>
					<oz>5.93</oz>
				</weight>
				<os>
					<name>Android 4.3</name>
					<version>Jelly Bean</version>
				</os>
				<cpu>
					<type>Quad-Core</type>
					<speed>2.3GHz</speed>
				</cpu>
				<display>
					<type>Full HD Super AMOLED</type>
					<size>5.7</size>
					<resolution>1920x1080</resolution>
				</display>
				<memory>
					<ram>3GB</ram>
					<rom>32GB</rom>
					<sd slot="yes"/>
				</memory>
				<battery>
					<capacity>3200mAh</capacity>
				</battery>
				<dimensions w="3.12" h="5.95" t="0.33"/>
				<disclaimer>Battery power consumption depends on factors such as network configuration, signal strength, operating temperature,<![CDATA[<br>]]>features selected, vibrate mode, backlight settings, browser use, frequency of calls and voice, data and other applications usage patterns.</disclaimer>
			</phone>
		</android>
		<ios>
			<phone id="m31">
				<brand>Apple</brand>
				<name>5S</name>
				<serial>5S-5SAFTS</serial>
				<weight>
					<g>112</g>
					<oz>3.95</oz>
				</weight>
				<os>
					<name>iOS</name>
					<version>7.1</version>
				</os>
				<cpu>
					<type>Cyclone</type>
					<speed>1.3GHz</speed>
				</cpu>
				<display>
					<type>LED-backlit IPS LCD</type>
					<size>4.0</size>
					<resolution>640x1136</resolution>
				</display>
				<memory>
					<ram>1GB</ram>
					<rom>16GB</rom>
					<sd slot="no"/>
				</memory>
				<battery>
					<capacity>1560mAh</capacity>
				</battery>
				<dimensions w="2.31" h="4.87" t="0.30"/>
				<disclaimer>Available. Released 2013, September.</disclaimer>
			</phone>
		</ios>
		<windows/>
	</mobilePhones>
	<articles>
		<article>
			<author>&admin;</author>
			<text>Battery power consumption on <model phoneId="m14">Samsung Galaxy S</model> depends on factors such as network configuration.</text>
		</article>
	</articles>
</store>