<?xml version="1.0" encoding="UTF-8"?>

<!--
    Document   : Ukol1_grudapav.xml
    Created on : 1. březen 2012, 1:07
    Author     : Grudik-thinks
    Description:
        Purpose of the document follows.
-->


<root>
    <!--- Zde jsou uvedeny znacky a adresy reklamaci -->
    <Znacky> 
        <Znacka zn="Canon" id="id1">
            <AdresaReklamace>
                <Ulice>Obrtlakova</Ulice>
                <CP>15</CP>
                <Mesto>Praha</Mesto>
                <PSC>10900</PSC>
            </AdresaReklamace>
        </Znacka>
        
        <Znacka zn="Nikon" id="id2">
            <AdresaReklamace>
                <Ulice>Nici</Ulice>
                <CP>5</CP>
                <Mesto>Praha</Mesto>
                <PSC>10800</PSC>
            </AdresaReklamace>
        </Znacka>
        
        <Znacka zn="Pentax" id="id3">
            <AdresaReklamace>
                <Ulice>Pocerna</Ulice>
                <CP>51</CP>
                <Mesto>Praha</Mesto>
                <PSC>10200</PSC>
            </AdresaReklamace>
        </Znacka>
        
        <Znacka zn="Panasonic" id="id4">
            <AdresaReklamace>
                <Ulice>Vopletalova</Ulice>
                <CP>51</CP>
                <Mesto>Praha</Mesto>
                <PSC>10200</PSC>
            </AdresaReklamace>
        </Znacka>
        
        <Znacka zn="Ricoh" id="id5">
            <AdresaReklamace>
                <Ulice>Neknubnicka</Ulice>
                <CP>519</CP>
                <Mesto>Praha</Mesto>
                <PSC>10000</PSC>
            </AdresaReklamace>
        </Znacka>
    </Znacky>
    <foto>
        <!--- Zde jsou uvedeny fotoaparaty na prodej -->
        <fotoAparaty>
            <digitalniZrcadlovky>
                <!--- Odkaz na značku je vyžadován kvůli servisu -->
                <zrcadlovka znacka="Canon">
                    <nazev cesta="obr0.png">Canon EOS 7D</nazev>
                    <Cena>50000</Cena>
                    <snimac>CMOS</snimac>
                    <ID>34546546455765</ID>
                    <rozliseni>18</rozliseni>
                    <citlivostMin>100</citlivostMin>
                    <citlivostMax>12800</citlivostMax>
                    <bajonet>canon EF/EF-S</bajonet>
                    <obrazovyProcesor>Dual Digic IV</obrazovyProcesor>
                    <typHledacku>Pentaprism</typHledacku>
                    <blesk a="ano" />
                    <typSnimku>JPG,RAW</typSnimku>
                    <rozhrani>usb 2.0</rozhrani>
                    <servis>
                        <ref id="id1">Canon</ref> - odkaz adresu servisu
                    </servis>
                    <doplnujiciInfo/>
                </zrcadlovka>
            </digitalniZrcadlovky>
            <kompakty>
                <kompakt Znacka="Panasonic">
                    <nazev cesta="obr1.png">Panasonic Lumix DMC FT2 Silver</nazev>
                    <ID>23543466456</ID>
                    <Cena>12344</Cena>
                    <blesk>true</blesk>
                    <!--- Kazdy servis odkazuje na prislusnou adresu, kde se da ftotak reklamovat  -->
                    <servis>
                        <ref id="id4">Panasonic</ref> - odkaz adresu servisu
                    </servis>
                </kompakt>
                <kompakt Znacka="Panasonic">
                    <nazev  cesta="obr2.png">Panasonic Lumix JBYVJN Gold</nazev>
                    <ID>1243253464</ID>
                    <Cena>23546</Cena>
                    <servis>
                        <ref id="id4">Panasonic</ref> - odkaz adresu servisu
                    </servis>
                </kompakt>
                <kompakt Znacka="Panasonic">
                    <nazev cesta="obr3.png">Panasonic Lumix UHYTCFGYV Red</nazev>
                    <ID>34w66547547</ID>
                    <Cena>23535</Cena>
                    <servis>
                        <ref id="id4">Panasonic</ref> - odkaz adresu servisu
                    </servis>
                </kompakt>
                <kompakt Znacka="Nikon">
                    <nazev cesta="obr4.png">Nikon YTRTY</nazev>
                    <ID>34w665475472342</ID>
                    <Cena>3453464</Cena>
                    <blesk>true</blesk>
                    <servis>
                        <ref id="id2">Nikon</ref> - odkaz adresu servisu
                    </servis>
                </kompakt>    
            </kompakty>
        </fotoAparaty>
    </foto>
</root>
