<?xml version="1.0" encoding="UTF-8"?>
<!-- Veronika Slivova -->
<!DOCTYPE cinema SYSTEM "data.dtd">
<cinema>
	<date>Zpracovano: <?php echo Date("d.m.Y")?></date>
	<auditoria>
		<auditorium idAuditorium="_S1">
			<name>Velky sal</name>
			<capacity seats="45"/>
			<sup3D support="&T;"/>
		</auditorium>
		<auditorium idAuditorium="_S2">
			<name>Stredni sal</name>
			<capacity seats="120"/>
			<sup3D support="&F;"/>
		</auditorium>
		<auditorium idAuditorium="_S3">
			<name>Maly sal</name>
			<capacity seats="200"/>
			<sup3D support="&T;"/>
		</auditorium>
		<!-- Kdyz uz jsme u tech salu tak proc ne :D -->
		<auditorium idAuditorium="_S4">
			<name>Operacni sal</name>
			<capacity seats="140"/>
			<sup3D support="&T;"/>
		</auditorium>
	</auditoria>
	<films>
		<film idFilm="_F1">
			<name>Ctyricet jedna</name>
			<genres>
				<genre>dokumentarni</genre>
				<genre>akcni</genre>
				<genre>horor</genre>
				<genre>pohadka</genre>
			</genres>
			<originCountries>
				<country>Legoland</country>
				<country>Disneyland</country>
				<country>Stredozeme</country>
			</originCountries>
			<language dabing="FALSE" titles="madarske">svahilstina</language>
			<length min="720"/>
			<customersRating rating="6"/>
			<availability from="11"/>
			<sup3D support="&F;"/>
			<director>Igracik</director>
			<stars>
				<star>Kacer Donald</star>
				<star>Mickey Mouse</star>
				<star>Legolas</star>
			</stars>
			<summary><![CDATA[Toto je strasne dlouhy text, kvuli kteremu tento film proste musite videt. :> ]]></summary>
			<premiere playID="_P128"/>
		</film>
		<film idFilm="_F3">
			<name>Drama o ukradene propisce</name>
			<genres>
				<genre>dokumentarni</genre>
				<genre>drama</genre>
			</genres>
			<originCountries>
				<country>Ceska republika</country>
			</originCountries>
			<language>cesky</language>
			<length min="75"/>
			<customersRating rating="10"/>
			<availability from="15"/>
			<sup3D support="&T;"/>
			<director>Vaclav Klaus</director>
			<stars>
				<star>Vaclav Klaus</star>
			</stars>
			<summary>Kterak se propiska sama zatoulala do Klausovy kapsy</summary>
			<premiere playID="_P353"/>
		</film>
		<film idFilm="_F15">
			<name>Pitva</name>
			<genres>
				<genre>horror</genre>
			</genres>
			<originCountries>
				<country>Mordor</country>
			</originCountries>
			<language dabing="FALSE" titles="XML">C++</language>
			<length min="95"/>
			<customersRating rating="12"/>
			<availability from="5"/>
			<sup3D support="&T;"/>
			<director>Dracula</director>
			<stars>
				<star>Frankenstein</star>
			</stars>
			<premiere playID="_P663"/>
		</film>
	</films>
	<schedules>
		<scheduleDay day="21" month="11" year="2014">
			<rAuditorium id="_S1">
				<playTime start="8:15" playID="_P128">
					<rFilm id="_F1"/>
					<occupancy seats="21"/>
					<tickets price="2319"/>
				</playTime>
			</rAuditorium>
			<rAuditorium id="_S2">
				<playTime start="19:20" playID="_P353">
					<rFilm id="_F3"/>
					<occupancy seats="35"/>
					<tickets price="197"/>
				</playTime>
			</rAuditorium>
		</scheduleDay>
		<scheduleDay day="22" month="11" year="2014">
			<rAuditorium id="_S4">
				<playTime start="15:55" playID="_P663">
					<rFilm id="_F15"/>
					<occupancy seats="87"/>
					<tickets price="209"/>
				</playTime>
			</rAuditorium>
			<rAuditorium id="_S3">
				<playTime start="17:20" playID="_P331">
					<rFilm id="_F3"/>
					<occupancy seats="19"/>
					<tickets price="162"/>
				</playTime>
			</rAuditorium>
		</scheduleDay>
	</schedules>
	<customers>
		<customer clientID="_C25">
			<firstName>Bonifac</firstName>
			<lastName>Skocdopole</lastName>
			<dateOfBirth day="29" month="2" year="1987"/>
			<telephoneNumber>156846565</telephoneNumber>
			<email>skocdopole©pole.cz</email>
		</customer>
		<customer clientID="_C666">
			<firstName>Alfred</firstName>
			<lastName>Satan</lastName>
			<dateOfBirth day="6" year="6" month="666"/>
			<telephoneNumber>+666 666 666 666</telephoneNumber>
			<email>hexakosioihexekontahexafobic@hell.com</email>
			<noteAbout>Nemuze sedet na sedadle s cislem 666</noteAbout>
		</customer>
	</customers>
	<reservations>
		<reservation clientID="_C25" playID="_P128">
			<seats>
				<seat number="2"/>
				<doubleSeat number="1"/>
			</seats>
			<payed already="TRUE">10120</payed>
			<note>Doufam, ze zase bude vsude rozhazeny popcorn zdarma</note>
		</reservation>
		<reservation clientID="_C666" playID="_P663">
			<seats>
				<doubleSeat number="1"/>
			</seats>
			<payed already="TRUE"></payed>
		</reservation>
	</reservations>
</cinema>
