<?xml version="1.0"?>

<!DOCTYPE exchange SYSTEM "data.dtd">
<exchange>
	<timestamp><?php echo getCurrentTimestamp(); ?></timestamp>
	<!-- Only selected currencies are presented -->
	<currencies>
		<currency code="LITE" coinsInExchange="168234">
			<name>Litecoin</name>
			<orders>
				<buyOrders>
					<order id="121432" price="0.02401" volume="0.168"/>
					<order id="121438" price="0.02400" volume="17.52"/>
					<order id="121443" price="0.02386" volume="11.001"/>
				</buyOrders>
				<sellOrders>
					<order id="121452" price="0.02451" volume="11.123"/>
					<order id="121456" price="0.02462" volume="63.012"/>
					<order id="121478" price="0.02466" volume="0.1231"/>
				</sellOrders>
			</orders>
			<history>
				<transaction id="162341" price="0.02412" volume="135.152"/>
				<transaction id="162352" price="0.02411" volume="0.5136"/>
				<transaction id="162356" price="0.02405" volume="11.1235"/>
				<transaction id="162359" price="0.02400" volume="0.10135"/>
				<transaction id="162360" price="0.02401" volume="31.22"/>
				<transaction id="162361" price="0.02401" volume="12.12"/>
				<transaction id="162373" price="0.02403" volume="15.689101"/>
				<transaction id="162388" price="0.02405" volume="0.315"/>
				<transaction id="162392" price="0.02416" volume="1.16254"/>
				<transaction id="162401" price="0.02430" volume="9.5521"/>
			</history>
		</currency>
		<currency code="AUR">
			<name>Auroracoin</name>
			<orders>
				<buyOrders>
					<order id="201675" price="0.0579" volume="3.15"/>
					<order id="201691" price="0.05772" volume="9.01"/>
					<order id="201695" price="0.05770" volume="12.15"/>
				</buyOrders>
				<sellOrders>
					<order id="201902" price="0.0583" volume="8.3"/>
					<order id="201905" price="0.0585" volume="16.0001"/>
					<order id="201916" price="0.0589" volume="9.123"/>
				</sellOrders>
			</orders>
			<history>
				<transaction id="175235" price="0.05782" volume="0.0125"/>
				<transaction id="175241" price="0.05862" volume="0.163"/>
				<transaction id="175251" price="0.05921" volume="1.593"/>
				<transaction id="175255" price="0.06101" volume="12.22"/>
				<transaction id="175272" price="0.06269" volume="7.9"/>
				<transaction id="175291" price="0.06973" volume="19.1112"/>
				<transaction id="175298" price="0.06911" volume="0.66"/>
				<transaction id="175303" price="0.06423" volume="3.82"/>
				<transaction id="175309" price="0.06231" volume="9.1684"/>
				<transaction id="175311" price="0.06421" volume="12.365"/>
			</history>
		</currency>
		<currency code="XRP" mineable="false">
			<name>Ripplecoin</name>
			<orders>
				<buyOrders>
					<order id="296612" price="0.00211" volume="33.12"/>
					<order id="296621" price="0.00210" volume="71.62"/>
					<order id="296623" price="0.00205" volume="24.1131"/>
				</buyOrders>
				<sellOrders>
					<order id="296733" price="0.00214" volume="91.23"/>
					<order id="296751" price="0.00215" volume="13.13"/>
					<order id="296752" price="0.00219" volume="7.123"/>
				</sellOrders>
			</orders>
			<history>
				<transaction id="178521" price="0.00214" volume="12.01"/>
				<transaction id="178531" price="0.00216" volume="9254.132"/>
				<transaction id="178555" price="0.00218" volume="165.138"/>
				<transaction id="178559" price="0.00223" volume="15.05"/>
				<transaction id="178561" price="0.00231" volume="54.51"/>
				<transaction id="178566" price="0.00231" volume="0.546"/>
				<transaction id="178569" price="0.00230" volume="25.168"/>
				<transaction id="178573" price="0.00228" volume="15.153"/>
				<transaction id="178576" price="0.00225" volume="91.58"/>
				<transaction id="178589" price="0.00221" volume="6564.5455"/>
			</history>
		</currency>
	</currencies>
	
	<!-- News are added by our administrators -->
	<news>
		<info>
			<date year="2014" month="1" day="13"/>
			<message><curr code="AUR">Auroracoin</curr> will be distributed in 20 days. Big drop is expected.</message>
		</info>
		<info>
			<date year="2014" month="2" day="1"></date>
			<message>&bitcoin; difficulty can be computed by the following program: <![CDATA[#include <iostream>
#include <cmath>
 
inline float fast_log(float val)
{
   int * const exp_ptr = reinterpret_cast <int *>(&val);
   int x = *exp_ptr;
   const int log_2 = ((x >> 23) & 255) - 128;
   x &= ~(255 << 23);
   x += 127 << 23;
   *exp_ptr = x;
 
   val = ((-1.0f/3) * val + 2) * val - 2.0f/3;
   return ((val + log_2) * 0.69314718f);
} 
 
float difficulty(unsigned int bits)
{
    static double max_body = fast_log(0x00ffff), scaland = fast_log(256);
    return exp(max_body - fast_log(bits & 0x00ffffff) + scaland * (0x1d - ((bits & 0xff000000) >> 24)));
}
 
int main()
{
    std::cout << difficulty(0x1b0404cb) << std::endl;
    return 0;
}]]>
			</message>
		</info>
		<info>
			<date year="2014" month="2" day="16"/>
			<message>One of the greatest &bitcoin; exchange Mt.Gox crashed due to a security bug. 
				But there is no reason to panic because the &bitcoin; itself is still safe.</message>
		</info>
	</news>
</exchange>
