<?xml version="1.0" encoding="UTF-8"?>
<externiRecenze xmlns:xsi="http://www.w3.org/2001/XMLSchema-instance">
	<!-- recenze knih od externi spolecnosti -->
	<kniha ISBN="**978-80-7300-229-9**">
		<recenze>Poutave cteni pro nenarocneho ctenare.</recenze>
		<hodnoceni_redakce>60</hodnoceni_redakce>
		<uzivatelska_hodnoceni>
			<hodnoceni name="Roman">30</hodnoceni>
			<hodnoceni name="Jarmila">30</hodnoceni>
			<hodnoceni name="Petr">70</hodnoceni>
			<hodnoceni name="Marek">50</hodnoceni>
			<hodnoceni name="Jitka">20</hodnoceni>
			<hodnoceni name="Lida">30</hodnoceni>
		</uzivatelska_hodnoceni>
	</kniha>
	<kniha ISBN="**944-6-7440-11-2**">
		<recenze>Absolutni trhak. Doporucujeme vsem rtenarum</recenze>
		<hodnoceni_redakce>95</hodnoceni_redakce>
		<uzivatelska_hodnoceni>
			<hodnoceni name="Roman">90</hodnoceni>
			<hodnoceni name="Petr">80</hodnoceni>
			<hodnoceni name="Marek">95</hodnoceni>
			<hodnoceni name="Jitka">88</hodnoceni>
			<hodnoceni name="Lida">56</hodnoceni>
		</uzivatelska_hodnoceni>
	</kniha>
	<kniha ISBN="**118-80-7400-114-9**">
		<recenze>Propadak. Na tuhle knizku se tu jen prasi... spalit!</recenze>
		<hodnoceni_redakce>2</hodnoceni_redakce>
		<uzivatelska_hodnoceni>
			<hodnoceni name="Roman">0</hodnoceni>
			<hodnoceni name="Petr">20</hodnoceni>
			<hodnoceni name="Marek">15</hodnoceni>
			<hodnoceni name="Jitka">8</hodnoceni>
			<hodnoceni name="Lida">6</hodnoceni>
		</uzivatelska_hodnoceni>
	</kniha>
</externiRecenze>