<?xml version="1.0" encoding="UTF-8"?>
<externiRecenze xmlns:xsi="http://www.w3.org/2001/XMLSchema-instance">
	<!-- recenze knih od externi spolecnosti -->
	<kniha>
		<ISBN>**978-80-7300-229-9**</ISBN>
		<recenze>Pribeh, ktery vaas chyti a jen tak nepusti.</recenze>
		<hodnoceni_redakce>70</hodnoceni_redakce>
		<hodnoceni_od_uzivatelu>
			<hodnoceni>
				<name>Ivan</name>
				<value>72</value>
			</hodnoceni>
			<hodnoceni>
				<name>Jaroslab</name>
				<value>68</value>
			</hodnoceni>
		</hodnoceni_od_uzivatelu>
	</kniha>
	<kniha>
		<ISBN>**944-6-7440-11-2**</ISBN>
		<recenze>Velmi povedene dilo vyhledavane mnoha ctenari</recenze>
		<hodnoceni_redakce>90</hodnoceni_redakce>
		<hodnoceni_od_uzivatelu>
			<hodnoceni>
				<name>Ivan</name>
				<value>95</value>
			</hodnoceni>
			<hodnoceni>
				<name>Jaroslab</name>
				<value>80</value>
			</hodnoceni>
		</hodnoceni_od_uzivatelu>
	</kniha>
	<kniha>
		<ISBN>**118-80-7400-114-9**</ISBN>
		<recenze>Abych se vyvarovali vulgarnim vyrazum, zadnou recenzi nepiseme</recenze>
		<hodnoceni_redakce>0</hodnoceni_redakce>
		<hodnoceni_od_uzivatelu>
			<hodnoceni>
				<name>Ivan</name>
				<value>8</value>
			</hodnoceni>
			<hodnoceni>
				<name>Jaroslab</name>
				<value>10</value>
			</hodnoceni>
		</hodnoceni_od_uzivatelu>
	</kniha>
</externiRecenze>