<?xml version="1.0" encoding="UTF-8" standalone="no"?>
<!-- Author of homework XML + DTD: Miroslav Šiagi -->
<!DOCTYPE eshop SYSTEM "data.dtd">
<eshop>
	<companyInfo>
		<name>&companyName; <?php echo &#0xAE; ?></name> <!-- 0xAE should be UTF-8 value of registered sign http://www.fileformat.info/info/unicode/char/ae/index.htm -->
		<phone>&companyPhoneNumber;</phone>
		<email>&companyEmail;</email>
		<address>
			<street>&companyStreet;</street>
			<city>&companyCity;</city>
			<PSC>&companyPSC;</PSC>
			<state>&companyState;</state>
		</address>
		<logoEshop src="logo"/>
	</companyInfo>
	<companyBanner><![CDATA[
		 >>> Visit My Homepage http://www.ms.mff.cuni.cz/~siagim/ <<<
	]]></companyBanner>
	<catalogue id="mainCatalogue">
		<category id="categoryIdNotebooks" name="Notebooks">
			<filter categoryId="categoryIdNotebooks">
				<filterBrands>
					<filterBrand>Apple</filterBrand>
					<filterBrand>ASUS</filterBrand>
					<filterBrand>MSI</filterBrand>
				</filterBrands>
				<filterParameters>
					<filterSizes>
						<filterSize>up to 13,4"</filterSize>
						<filterSize>14"-15.6"</filterSize>
						<filterSize>16" and more</filterSize>
					</filterSizes>
					<filterColours>
						<filterColour>Black</filterColour>
						<filterColour>Gray</filterColour>
						<filterColour>Red</filterColour>
						<filterColour>White</filterColour>
					</filterColours>
					<filterResolutions>
						<filterResolution>1280x800</filterResolution>
						<filterResolution>1366x768</filterResolution>
						<filterResolution>1690x900</filterResolution>
						<filterResolution>1920x1080</filterResolution>
					</filterResolutions>
					<filterDisplayTypes>
						<filterDisplayType>Antireflex</filterDisplayType>
						<filterDisplayType>Multitouch</filterDisplayType>
						<filterDisplayType>Glossy</filterDisplayType>
						<filterDisplayType>Matt</filterDisplayType>
					</filterDisplayTypes>
				</filterParameters>
				<filterPrice currency="CZK">
					<fromPrice>&filterMinimumPrice;</fromPrice>
					<toPrice>&filterMaximumPrice;</toPrice>
				</filterPrice>
			</filter>
			<subcategory subcategoryId="gamingNotebooksSubcategoryId" categoryId="categoryIdNotebooks" name="Gaming">
				<filter categoryId="categoryIdNotebooks" subcategoryId="gamingNotebooksSubcategoryId">
					<filterBrands>
						<filterBrand>MSI</filterBrand>
					</filterBrands>
					<filterParameters>
						<filterSizes>
							<filterSize>14"-15.6"</filterSize>
							<filterSize>16" and more</filterSize>
						</filterSizes>
						<filterColours>
							<filterColour>Black</filterColour>
							<filterColour>Red</filterColour>
						</filterColours>
						<filterResolutions>
							<filterResolution>1690x900</filterResolution>
							<filterResolution>1920x1080</filterResolution>
						</filterResolutions>
						<filterDisplayTypes>
							<filterDisplayType>Antireflex</filterDisplayType>
							<filterDisplayType>Glossy</filterDisplayType>
						</filterDisplayTypes>
					</filterParameters>
					<filterPrice currency="CZK">
						<fromPrice>&filterMinimumPrice;</fromPrice>
						<toPrice>&filterMaximumPrice;</toPrice>
					</filterPrice>
				</filter>
				<products>
					<notebook id="msiGaming01id">
						<name>MSI Gamin Notebook 100</name>
						<brand>MSI</brand>
						<price currency="CZK">20000</price>
						<inStock amount="moreThanFive"/>
						<description>
							<content>Modern, exclusive and featured massive performance.</content>
							<processor>Intel Core i7 2670QM</processor>
							<memory>6 GB</memory>
							<graphicCard>AMD Radeon HD6770M</graphicCard>
							<display>15.6"</display>
							<displayResolution>1690x900</displayResolution>
							<displayType>Gloss</displayType>
							<hardDrive>640GB</hardDrive>
							<colour>Red</colour>
							<weight>3.34 kg</weight>
							<operatingSystem>Microsoft Windows 7 Home Premium 64bit</operatingSystem>
						</description>
						<images>
							<image src="msiGaming01id01.jpg"/>
							<image src="msiGaming01id02.jpg"/>
						</images>
					</notebook>
					<notebook id="msiGaming02id">
						<name>MSI Gamin Notebook 300</name>
						<brand>MSI</brand>
						<price currency="CZK">30000</price>
						<inStock amount="moreThanZero"/>
						<description>
							<content>Modern, exclusive and featured massive performance.</content>
							<processor>Intel Core i7 2670QM</processor>
							<memory>16 GB</memory>
							<graphicCard>NVIDIA GeForce GTX570M</graphicCard>
							<display>17.3"</display>
							<displayResolution>1920x1080</displayResolution>
							<displayType>Antireflex</displayType>
							<hardDrive>120 GB (SSD) + 750 GB (7200RPM)</hardDrive>
							<colour>Red</colour>
							<weight>3.9 kg</weight>
							<operatingSystem>Microsoft Windows 7 Home Premium</operatingSystem>
						</description>
						<images>
							<image src="msiGaming03id01.jpg"/>
							<image src="msiGaming03id02.jpg"/>
						</images>
					</notebook>
				</products>
			</subcategory>
			<subcategory subcategoryId="professionalNotebooksSubcategoryId" categoryId="categoryIdNotebooks" name="Professional">
				<filter categoryId="categoryIdNotebooks" subcategoryId="professionalNotebooksSubcategoryId">
					<filterBrands>
						<filterBrand>Apple</filterBrand>
						<filterBrand>ASUS</filterBrand>
					</filterBrands>
					<filterParameters>
						<filterSizes>
							<filterSize>up to 13,4"</filterSize>
							<filterSize>14"-15.6"</filterSize>
							<filterSize>16" and more</filterSize>
						</filterSizes>
						<filterColours>
							<filterColour>Black</filterColour>
							<filterColour>Gray</filterColour>
						</filterColours>
						<filterResolutions>
							<filterResolution>1024x768</filterResolution>
							<filterResolution>1280x800</filterResolution>
							<filterResolution>1366x768</filterResolution>
							<filterResolution>1600x900</filterResolution>
						</filterResolutions>
						<filterDisplayTypes>
							<filterDisplayType>Antireflex</filterDisplayType>
							<filterDisplayType>Contact</filterDisplayType>
							<filterDisplayType>Glossy</filterDisplayType>
							<filterDisplayType>Matt</filterDisplayType>
						</filterDisplayTypes>
					</filterParameters>
					<filterPrice currency="CZK">
						<fromPrice>&filterMinimumPrice;</fromPrice>
						<toPrice>&filterMaximumPrice;</toPrice>
					</filterPrice>
				</filter>
				<subcategory subcategoryId="ultrabooksSubcategoryId" categoryId="categoryIdNotebooks" name="Ultrabooks">
					<filter categoryId="categoryIdNotebooks" subcategoryId="ultrabooksSubcategoryId">
						<filterBrands>
							<filterBrand>ASUS</filterBrand>
						</filterBrands>
						<filterParameters>
							<filterSizes>
								<filterSize>up to 13,4"</filterSize>
								<filterSize>14"-15.6"</filterSize>
							</filterSizes>
							<filterColours>
								<filterColour>Gray</filterColour>
							</filterColours>
							<filterResolutions>
								<filterResolution>1366x768</filterResolution>
								<filterResolution>1600x900</filterResolution>
							</filterResolutions>
							<filterDisplayTypes>
								<filterDisplayType>Glossy</filterDisplayType>
							</filterDisplayTypes>
						</filterParameters>
						<filterPrice currency="CZK">
							<fromPrice>&filterMinimumPrice;</fromPrice>
							<toPrice>&filterMaximumPrice;</toPrice>
						</filterPrice>
					</filter>
					<products>
						<notebook id="asusZenbook01Id">
							<name>ASUS Zenbook 01</name>
							<brand>ASUS</brand>
							<price currency="CZK">26000</price>
							<inStock amount="moreThanZero"/>
							<description>
								<content>Luxuriously designed ultrabook representative for daily mobility.</content>
								<processor>Intel Core i5 2467</processor>
								<memory>4 GB</memory>
								<graphicCard>Intel HD Graphics 3000</graphicCard>
								<display>11.6"</display>
								<displayResolution>1366x768</displayResolution>
								<displayType>Glossy</displayType>
								<hardDrive>128 GB (SSD)</hardDrive>
								<colour>Gray</colour>
								<weight>1.1 kg</weight>
								<operatingSystem>Microsoft Windows 7 Home Premium 64bit</operatingSystem>
							</description>
							<images>
								<image src="asusZenbook01Id01.jpg"/>
								<image src="asusZenbook01Id02.jpg"/>
							</images>
						</notebook>
						<notebook id="asusZenbook02Id">
							<name>ASUS Zenbook 01</name>
							<brand>ASUS</brand>
							<price currency="CZK">34000</price>
							<inStock amount="moreThanZero"/>
							<description>
								<content>Luxuriously designed ultrabook representative for daily mobility.</content>
								<processor>Intel Core i7 2677</processor>
								<memory>4 GB</memory>
								<graphicCard>Intel HD Graphics 3000</graphicCard>
								<display>13.3"</display>
								<displayResolution>1600x900</displayResolution>
								<displayType>Glossy</displayType>
								<hardDrive>256 GB (SSD)</hardDrive>
								<colour>Gray</colour>
								<weight>1.3 kg</weight>
								<operatingSystem>Microsoft Windows 7 Professional 64bit</operatingSystem>
							</description>
							<images>
								<image src="asusZenbook02Id01.jpg"/>
								<image src="asusZenbook02Id02.jpg"/>
							</images>
						</notebook>
					</products>
				</subcategory>
				<subcategory subcategoryId="tabletsSubcategoryId" categoryId="categoryIdNotebooks" name="Tablets">
					<filter categoryId="categoryIdNotebooks" subcategoryId="tabletsSubcategoryId">
						<filterBrands>
							<filterBrand>Apple</filterBrand>
							<filterBrand>ASUS</filterBrand>
						</filterBrands>
						<filterParameters>
							<filterSizes>
								<filterSize>up to 9""</filterSize>
								<filterSize>10"-12.6"</filterSize>
							</filterSizes>
							<filterColours>
								<filterColour>Black</filterColour>
							</filterColours>
							<filterResolutions>
								<filterResolution>1024x768</filterResolution>
								<filterResolution>1280x800</filterResolution>
							</filterResolutions>
							<filterDisplayTypes>
								<filterDisplayType>Multitouch</filterDisplayType>
							</filterDisplayTypes>
						</filterParameters>
						<filterPrice currency="CZK">
							<fromPrice>&filterMinimumPrice;</fromPrice>
							<toPrice>&filterMaximumPrice;</toPrice>
						</filterPrice>
					</filter>
					<products>
						<notebook id="appleIPad2Id">
							<name>Apple iPad 2</name>
							<brand>Apple</brand>
							<price currency="CZK">16000</price>
							<inStock amount="moreThanFive"/>
							<description>
								<content>Improved tablet iPad 2.</content>
								<processor>Apple A5 Dual-Core</processor>
								<memory>64 GB</memory>
								<graphicCard/>
								<display>11.6"</display>
								<displayResolution>1366x768</displayResolution>
								<displayType>Multitouch</displayType>
								<hardDrive/>
								<colour>Black</colour>
								<weight>601 g</weight>
								<operatingSystem>iOS</operatingSystem>
							</description>
							<images>
								<image src="appleIPad2Id01.jpg"/>
								<image src="appleIPad2Id02.jpg"/>
							</images>
						</notebook>
						<notebook id="asusEeePadTransformerId">
							<name>ASUS Eee Pad Transformer</name>
							<brand>ASUS</brand>
							<price currency="CZK">12500</price>
							<inStock amount="moreThanFive"/>
							<description>
								<content>Mobile, modern and well equipped tablets brand Asus.</content>
								<processor>NVIDIA Tegra 2</processor>
								<memory>1 GB</memory>
								<graphicCard/>
								<display>10.1"</display>
								<displayResolution>1280x800</displayResolution>
								<displayType>Multitouch</displayType>
								<hardDrive>16 GB (SSD)</hardDrive>
								<colour>Black</colour>
								<weight>680 g</weight>
								<operatingSystem>Apple</operatingSystem>
							</description>
							<images>
								<image src="asusEeePadTransformerId01.jpg"/>
								<image src="asusEeePadTransformerId02.jpg"/>
							</images>
						</notebook>
					</products>
				</subcategory>
				<products>
				</products>
			</subcategory>
		</category>
	</catalogue>
	<customer>
		<loggedUser userId="userSession1234123Id">
			<accountInformation userId="userSession1234123Id">
				<name>Peter Stephen</name>
				<address>
					<street>St. Peter 4</street>
					<city>Prague</city>
					<PSC>01000</PSC>
					<state>Czech Republic</state>
				</address>
				<phone>123123123</phone>
				<email>peter@stephen.cz</email>
			</accountInformation>
			<cart>
				<cartItem>
					<productId id="msiGaming01id"/>
					<productDescription>
						MSI Gamin Notebook 100 - Modern, exclusive and featured massive performance.
					</productDescription>
					<payment>
						<availability>
							<date>
								<day>20</day>
								<month>2</month>
								<year>2012</year>
							</date>
							<stocks>
								<stock>
									<address>
										<street>Street 45</street>
										<city>Prague</city>
										<PSC>01200</PSC>
										<state>CR</state>
									</address>
									<inStock amount="moreThanZero"/>
								</stock>
								<stock>
									<address>
										<street>Street 78</street>
										<city>Prague</city>
										<PSC>76541</PSC>
										<state>CR</state>
									</address>
									<inStock amount="lessThanZero"/>
								</stock>
							</stocks>
						</availability>
						<additionalServices>
							<additionalService checked="true">Insurance Against Breakage And Thef</additionalService>
							<additionalService checked="false">1 Support Service</additionalService>
							<additionalService checked="false">3 Support Services</additionalService>
						</additionalServices>
						<amount>2</amount>
					</payment>
					<price currency="CZK">20000</price>
				</cartItem>
				<totalPrice>
					<price currency="CZK">40000</price>
				</totalPrice>
			</cart>
		</loggedUser>
	</customer>
</eshop>
