<?xml version="1.0" encoding="UTF-8"?>
<!DOCTYPE tenis SYSTEM "data.dtd">
<!--
    Document:    data.xml
    Created on:   1.3.2012
    Author:          Martin Porostlý, porosmar
	Cvičení:         čtvrtek 18:00
    Description:
       Rezervační systém tenisových kurtů
    -->
<tenis>
	<pozdrav><![CDATA[
					document.writeln("<p>Vítejte</p>");
					]]></pozdrav>
	<datum>
		<?php echo Date("d.m.Y")?>
	</datum>
	<uživatelé>
		<!--seznam pracovníků-->
		<pracovníci>
			<pracovník id="p_1">
				<funkce>Správce</funkce>
				<jméno>Karel</jméno>
				<příjmení>Novák</příjmení>
				<datum_narození>18.8.1980</datum_narození>
				<adresa>
					<ulice>Požárníků 18</ulice>
					<město>Praha</město>
					<psč>168 24</psč>
					<země>Česká republika</země>
				</adresa>
				<plat měna="Kč">16000</plat>
			</pracovník>
			<pracovník id="p_2">
				<funkce>Správce</funkce>
				<jméno>Martin</jméno>
				<příjmení>Kvašný</příjmení>
				<datum_narození>11.4.1970</datum_narození>
				<adresa>
					<ulice>Střelců 88</ulice>
					<město>Praha</město>
					<psč>168 26</psč>
					<země>Česká republika</země>
				</adresa>
				<plat měna="Kč">16000</plat>
			</pracovník>
			<pracovník id="p_3">
				<funkce>Správce</funkce>
				<jméno>Jiří</jméno>
				<příjmení>Bubiš</příjmení>
				<datum_narození>1.9.1969</datum_narození>
				<adresa>
					<ulice>Zdravotních 7</ulice>
					<město>Praha</město>
					<psč>168 67</psč>
					<země>Česká republika</země>
				</adresa>
				<plat měna="Kč">16000</plat>
			</pracovník>
			<pracovník id="p_4">
				<funkce>Obsluha_bufet</funkce>
				<jméno>Marta</jméno>
				<příjmení>Jelínková</příjmení>
				<datum_narození>6.6.1981</datum_narození>
				<adresa>
					<ulice>Jatečních 77</ulice>
					<město>Praha</město>
					<psč>168 66</psč>
					<země>Česká republika</země>
				</adresa>
				<plat měna="Kč">14000</plat>
			</pracovník>
			<pracovník id="p_5">
				<funkce>Obsluha_bufet</funkce>
				<jméno>Karla</jméno>
				<příjmení>Novotná</příjmení>
				<datum_narození>1.3.1961</datum_narození>
				<adresa>
					<ulice>Spalská 54</ulice>
					<město>Praha</město>
					<psč>168 67</psč>
					<země>Česká republika</země>
				</adresa>
				<plat měna="Kč">14000</plat>
			</pracovník>
		</pracovníci>
		<!--seznam zákazníků-->
		<zákazníci>
			<zákazník id="z_1">
				<login>novotmar</login>
				<heslo>1234</heslo>
				<jméno>Martin</jméno>
				<příjmení>Novotný</příjmení>
				<datum_narození>6.7.1979</datum_narození>
				<adresa>
					<ulice>Bánská 5</ulice>
					<město>Praha</město>
					<psč>169 74</psč>
					<země>Česká republika</země>
				</adresa>
			</zákazník>
			<zákazník id="z_2">
				<login>lakosjir</login>
				<heslo>23456</heslo>
				<jméno>Jiří</jméno>
				<příjmení>Lakosil</příjmení>
				<datum_narození>3.4.1971</datum_narození>
				<adresa>
					<ulice>Panská 18</ulice>
					<město>Praha</město>
					<psč>169 74</psč>
					<země>Česká republika</země>
				</adresa>
			</zákazník>
			<zákazník id="z_3">
				<login>mrackkar</login>
				<heslo>13456</heslo>
				<jméno>Karla</jméno>
				<příjmení>Mráčková</příjmení>
				<datum_narození>2.1.1989</datum_narození>
				<adresa>
					<ulice>Berounská 5</ulice>
					<město>Praha</město>
					<psč>169 71</psč>
					<země>Česká republika</země>
				</adresa>
			</zákazník>
			<zákazník id="z_4">
				<login>krasnire</login>
				<heslo>123456</heslo>
				<jméno>Irena</jméno>
				<příjmení>Krásná</příjmení>
				<datum_narození>6.8.1986</datum_narození>
				<adresa>
					<ulice>Lotyšská 4</ulice>
					<město>Beroun</město>
					<psč>161 71</psč>
					<země>Česká republika</země>
				</adresa>
			</zákazník>
			<zákazník id="z_5">
				<login>tichyrad</login>
				<heslo>12346</heslo>
				<jméno>Radek</jméno>
				<příjmení>Tichý</příjmení>
				<datum_narození>6.9.1988</datum_narození>
				<adresa>
					<ulice>Strahovská 7</ulice>
					<město>Praha</město>
					<psč>168 71</psč>
					<země>Česká republika</země>
				</adresa>
			</zákazník>
			<zákazník id="z_6">
				<login>jonatlib</login>
				<heslo>12345</heslo>
				<jméno>Libor</jméno>
				<příjmení>Jonát</příjmení>
				<datum_narození>18.2.1971</datum_narození>
				<adresa>
					<ulice>Novinářská 3</ulice>
					<město>Pardubice</město>
					<psč>111 71</psč>
					<země>Česká republika</země>
				</adresa>
			</zákazník>
			<zákazník id="z_7">
				<login>pitrradi</login>
				<heslo>54321asd</heslo>
				<jméno>Radim</jméno>
				<příjmení>Pitr</příjmení>
				<datum_narození>23.5.1990</datum_narození>
				<adresa>
					<ulice>Korunní 5</ulice>
					<město>Ostrava</město>
					<psč>709 00</psč>
					<země>Česká republika</země>
				</adresa>
			</zákazník>
			<zákazník id="z_8">
				<login>suchyjan</login>
				<heslo>f55f44f</heslo>
				<jméno>Jan</jméno>
				<příjmení>Suchý</příjmení>
				<datum_narození>7.1.1982</datum_narození>
				<adresa>
					<ulice>Janečkovo nám. 88</ulice>
					<město>Praha</město>
					<psč>198 55</psč>
					<země>Česká republika</země>
				</adresa>
			</zákazník>
			<zákazník id="z_9">
				<login>zhanemar</login>
				<heslo>ss4ssa</heslo>
				<jméno>Marek</jméno>
				<příjmení>Zháněl</příjmení>
				<datum_narození>16.6.1987</datum_narození>
				<adresa>
					<ulice>Hlavní třída 88/7</ulice>
					<město>Ostrava</město>
					<psč>708 00</psč>
					<země>Česká republika</země>
				</adresa>
			</zákazník>
			<zákazník id="z_10">
				<login>tramptom</login>
				<heslo>poker44</heslo>
				<jméno>Tomáš</jméno>
				<příjmení>Trampota</příjmení>
				<datum_narození>16.12.1988</datum_narození>
				<adresa>
					<ulice>Budějovická 7</ulice>
					<město>Pardubice</město>
					<psč>102 55</psč>
					<země>Česká republika</země>
				</adresa>
			</zákazník>
		</zákazníci>
	</uživatelé>
	<rezervace>
		<!--
		objednávka obsahuje buď atribut id_zákazníka pokud si registrovaný uživatel objedná kurt, 
		nebo neobsahuje atribut id_zákazníka, ale element<příjmení_neregistrovaného> pokud si 
		kurt objednal neregistrovaný uživatel přes telefon.
		-->
		<objednávka id="o_1" id_zákazníka="z_5">
			<dvorec id="k_1"/>
			<čas>
				<datum>1.3.2012</datum>
				<od>14.00</od>
				<do>16.00</do>
			</čas>
		</objednávka>
		<objednávka id="o_2" id_zákazníka="z_5">
			<dvorec id="k_1"/>
			<čas>
				<datum>8.3.2012</datum>
				<od>14.00</od>
				<do>16.00</do>
			</čas>
		</objednávka>
		<objednávka id="o_3" id_zákazníka="z_5">
			<dvorec id="k_1"/>
			<čas>
				<datum>15.3.2012</datum>
				<od>14.00</od>
				<do>16.00</do>
			</čas>
		</objednávka>
		<objednávka id="o_4" id_zákazníka="z_5">
			<dvorec id="k_1"/>
			<čas>
				<datum>22.3.2012</datum>
				<od>14.00</od>
				<do>16.00</do>
			</čas>
		</objednávka>
		<objednávka id="o_5" id_zákazníka="z_5">
			<dvorec id="k_1"/>
			<čas>
				<datum>29.3.2012</datum>
				<od>14.00</od>
				<do>16.00</do>
			</čas>
		</objednávka>
		<objednávka id="o_6" id_zákazníka="z_1">
			<dvorec id="k_2"/>
			<čas>
				<datum>1.3.2012</datum>
				<od>14.00</od>
				<do>15.00</do>
			</čas>
		</objednávka>
		<objednávka id="o_7" id_zákazníka="z_1">
			<dvorec id="k_2"/>
			<čas>
				<datum>8.3.2012</datum>
				<od>14.00</od>
				<do>15.00</do>
			</čas>
		</objednávka>
		<objednávka id="o_21" id_zákazníka="z_1">
			<dvorec id="k_2"/>
			<čas>
				<datum>15.3.2012</datum>
				<od>14.00</od>
				<do>15.00</do>
			</čas>
		</objednávka>
		<objednávka id="o_8" id_zákazníka="z_1">
			<dvorec id="k_2"/>
			<čas>
				<datum>22.3.2012</datum>
				<od>14.00</od>
				<do>15.00</do>
			</čas>
		</objednávka>
		<objednávka id="o_9" id_zákazníka="z_1">
			<dvorec id="k_2"/>
			<čas>
				<datum>29.3.2012</datum>
				<od>14.00</od>
				<do>15.00</do>
			</čas>
		</objednávka>
		<objednávka id="o_10" id_zákazníka="z_2">
			<dvorec id="k_3"/>
			<čas>
				<datum>1.3.2012</datum>
				<od>9.00</od>
				<do>11.00</do>
			</čas>
		</objednávka>
		<objednávka id="o_11" id_zákazníka="z_3">
			<dvorec id="k_4"/>
			<čas>
				<datum>2.3.2012</datum>
				<od>14.00</od>
				<do>15.00</do>
			</čas>
		</objednávka>
		<objednávka id="o_12" id_zákazníka="z_4">
			<dvorec id="k_5"/>
			<čas>
				<datum>2.3.2012</datum>
				<od>08.00</od>
				<do>09.00</do>
			</čas>
		</objednávka>
		<objednávka id="o_13" id_zákazníka="z_10">
			<dvorec id="k_5"/>
			<čas>
				<datum>2.3.2012</datum>
				<od>09.00</od>
				<do>11.00</do>
			</čas>
		</objednávka>
		<objednávka id="o_14" id_zákazníka="z_9">
			<dvorec id="k_5"/>
			<čas>
				<datum>2.3.2012</datum>
				<od>13.00</od>
				<do>14.00</do>
			</čas>
		</objednávka>
		<objednávka id="o_15" id_zákazníka="z_5">
			<dvorec id="k_1"/>
			<čas>
				<datum>2.3.2012</datum>
				<od>08.00</od>
				<do>11.00</do>
			</čas>
		</objednávka>
		<objednávka id="o_16" id_zákazníka="z_2">
			<dvorec id="k_1"/>
			<čas>
				<datum>3.3.2012</datum>
				<od>08.00</od>
				<do>10.00</do>
			</čas>
		</objednávka>
		<objednávka id="o_17" id_zákazníka="z_3">
			<dvorec id="k_1"/>
			<čas>
				<datum>3.3.2012</datum>
				<od>16.00</od>
				<do>17.00</do>
			</čas>
		</objednávka>
		<objednávka id="o_18" id_zákazníka="z_8">
			<dvorec id="k_1"/>
			<čas>
				<datum>3.3.2012</datum>
				<od>18.00</od>
				<do>20.00</do>
			</čas>
		</objednávka>
		<objednávka id="o_19" id_zákazníka="z_7">
			<dvorec id="k_2"/>
			<čas>
				<datum>3.3.2012</datum>
				<od>18.00</od>
				<do>20.00</do>
			</čas>
		</objednávka>
		<objednávka id="o_20">
			<příjmení_neregistrovaného>Rychlý</příjmení_neregistrovaného>
			<dvorec id="k_2"/>
			<čas>
				<datum>3.3.2012</datum>
				<od>18.00</od>
				<do>19.00</do>
			</čas>
			<poznámka>Pokropit kurt <hřistě>č. 2</hřistě>
			</poznámka>
		</objednávka>
	</rezervace>
	<!--seznam kurtů-->
	<kurty>
		<kurt číslo="k_1" typ="venkovní">
			<povrch>antuka</povrch>
			<cena měna="Kč">150</cena>
		</kurt>
		<kurt číslo="k_2" typ="venkovní">
			<povrch>antuka</povrch>
			<cena měna="Kč">150</cena>
		</kurt>
		<kurt číslo="k_3" typ="venkovní">
			<povrch>tráva</povrch>
			<cena měna="Kč">180</cena>
		</kurt>
		<kurt číslo="k_4" typ="vnitřní">
			<povrch>umělý</povrch>
			<cena měna="Kč">250</cena>
		</kurt>
		<kurt číslo="k_5" typ="vnitřní">
			<povrch>umělý</povrch>
			<cena měna="Kč">250</cena>
		</kurt>
		<kurt číslo="k_6" typ="vnitřní">
			<povrch>umělý</povrch>
			<cena měna="Kč">250</cena>
		</kurt>
	</kurty>
</tenis>
