﻿<?xml version="1.0" encoding="utf-8"?>
<!DOCTYPE basketball-competition [
    <!-- The root -->
    <!ELEMENT basketball-competition (teams, matches)>

    <!-- Teams -->
    <!ELEMENT teams (team+)>
    <!ELEMENT team (player+)>
    <!ATTLIST team
        id ID #REQUIRED
        name CDATA #REQUIRED
        coach CDATA #IMPLIED>

    <!-- Players -->
    <!ELEMENT player (height?,weigh?,captain?)>
    <!ATTLIST player
        id ID #REQUIRED
        name CDATA #REQUIRED
        position (pg|sg|sf|pf|c) #IMPLIED
        number (0|1|2|3|4|5|6|7|8|9|10|
            11|12|13|14|15|16|17|18|19|20|
            21|22|23|24|25|26|27|28|29|30|
            31|32|33|34|35|36|37|38|39|40|
            41|42|43|44|45|46|47|48|49|50) #IMPLIED>
    <!ELEMENT height (#PCDATA)>
    <!ELEMENT weigh (#PCDATA)>
    <!ELEMENT captain EMPTY>

    <!-- Player positions -->
    <!ENTITY pg "point guard">
    <!ENTITY sg "shooting guard">
    <!ENTITY sf "small forward">
    <!ENTITY pf "power forward">
    <!ENTITY c "center">

    <!-- Matches -->
    <!ELEMENT matches (match*)>
    <!ELEMENT match (team-stats,team-stats,comment?)>
    <!ATTLIST match date CDATA #REQUIRED>

    <!-- Statistics -->
    <!ELEMENT team-stats (player-stats*)>
    <!ATTLIST team-stats
        team-id IDREF #REQUIRED
        score CDATA #REQUIRED>
    <!ELEMENT player-stats (points?,rebounds?,fouls?)>
    <!ATTLIST player-stats player-id IDREF #REQUIRED>
    <!ELEMENT points (#PCDATA)>
    <!ELEMENT rebounds (#PCDATA)>
    <!ELEMENT fouls (#PCDATA)>

    <!-- Comment -->
    <!ELEMENT comment (#PCDATA|teamref|playerref)*>
    <!ELEMENT teamref EMPTY>
    <!ATTLIST teamref id IDREF #REQUIRED>
    <!ELEMENT playerref EMPTY>
    <!ATTLIST playerref id IDREF #REQUIRED>
]>
<basketball-competition>
    <teams>
        <team id="lal" name="Los Angeles Lakers" coach="Phil Jackson">
            <?info team table team_lal?>
            <!-- Players of the Los Angeles Lakers -->
            <player id="shannon_brown" name="Shannon Brown" position="sg" number="12">
                <height>6-4</height>
                <weigh>210</weigh>
            </player>
            <player id="kobe_bryant" name="Kobe Bryant" position="sf" number="24">
                <height>6-6</height>
                <weigh>205</weigh>
                <captain/>
            </player>
            <player id="andrew_bynum" name="Andrew Bynum" position="c" number="17">
                <height>7-0</height>
                <weigh>285</weigh>
            </player>
            <player id="derek_fisher" name="Derek Fisher" position="pg" number="2">
                <height>6-1</height>
                <weigh>210</weigh>
                <captain/>
            </player>
            <player id="pau_gasol" name="Pau Gasol" position="pf" number="16">
                <height>7-0</height>
                <weigh>250</weigh>
            </player>
            <player id="ron_artest" name="Ron Artest" position="sf" number="15">
                <height>6-7</height>
                <weigh>260</weigh>
            </player>
            <player id="steve_blake" name="Steve Blake" position="pg" number="5">
                <height>6-3</height>
                <weigh>172</weigh>
            </player>
            <player id="devin_ebanks" name="Devin Ebanks" position="sf" number="3">
                <height>6-9</height>
                <weigh>215</weigh>
            </player>
            <player id="lamar_odom" name="Lamar Odom" position="pf" number="7">
                <height>6-10</height>
                <weigh>230</weigh>
            </player>
            <player id="luke_walton" name="Luke Walton" position="pf" number="4">
                <height>6-8</height>
                <weigh>235</weigh>
            </player>
        </team>
        <team id="mia" name="Miami Heat" coach="Erik Spoelstra">
            <?info team table team_mia?>
            <!-- Players of the Miami Heat -->
            <player id="mario_chalmers" name="Mario Chalmers" position="pg" number="15">
                <height>6-2</height>
                <weigh>190</weigh>
            </player>
            <player id="dwayne_wade" name="Dwayne Wade" position="sg" number="3">
                <height>6-4</height>
                <weigh>220</weigh>
                <captain/>
            </player>
            <player id="lebron_james" name="Lebron James" position="sf" number="6">
                <height>6-8</height>
                <weigh>250</weigh>
            </player>
            <player id="chris_bosh" name="Chris Bosh" position="pf" number="1">
                <height>6-11</height>
                <weigh>235</weigh>
            </player>
            <player id="joel_anthony" name="Joel Anthony" position="c" number="50">
                <height>6-9</height>
                <weigh>245</weigh>
            </player>
        </team>
        <team id="atl" name="Atlanta Hawks" coach="Larry Drew">
            <?info team table team_atl?>
            <!-- Players of the Atlanta Hawks -->
            <player id="jamal_crawford" name="Jamal Crawford" position="sg" number="11"/>
            <player id="al_horford" name="Al Horford" position="c" number="15"/>
            <player id="joe_johnson" name="Joe Johnson" position="sf" number="2">
                <captain/>
            </player>
            <player id="kirk_hinrich" name="Kirk Hinrich" position="pg" number="6"/>
            <player id="josh_smith" name="Josh Smith" position="pf" number="5"/>
        </team>
    </teams>
    <matches>
        <match date="3/10/2011">
            <team-stats team-id="lal" score="88">
                <player-stats player-id="shannon_brown">
                    <points>0</points>
                    <rebounds>2</rebounds>
                    <fouls>2</fouls>
                </player-stats>
                <player-stats player-id="kobe_bryant">
                    <points>24</points>
                    <rebounds>2</rebounds>
                    <fouls>3</fouls>
                </player-stats>
                <player-stats player-id="andrew_bynum">
                    <points>13</points>
                    <rebounds>12</rebounds>
                    <fouls>4</fouls>
                </player-stats>
                <player-stats player-id="derek_fisher">
                    <points>6</points>
                    <rebounds>1</rebounds>
                    <fouls>0</fouls>
                </player-stats>
                <player-stats player-id="pau_gasol">
                    <points>20</points>
                    <rebounds>5</rebounds>
                    <fouls>1</fouls>
                </player-stats>
            </team-stats>
            <team-stats team-id="mia" score="94">
                <player-stats player-id="mario_chalmers">
                    <points>9</points>
                    <rebounds>5</rebounds>
                    <fouls>2</fouls>
                </player-stats>
                <player-stats player-id="dwayne_wade">
                    <points>20</points>
                    <rebounds>5</rebounds>
                    <fouls>1</fouls>
                </player-stats>
                <player-stats player-id="lebron_james">
                    <points>19</points>
                    <rebounds>8</rebounds>
                    <fouls>1</fouls>
                </player-stats>
                <player-stats player-id="chris_bosh">
                    <points>24</points>
                    <rebounds>9</rebounds>
                    <fouls>3</fouls>
                </player-stats>
                <player-stats player-id="joel_anthony">
                    <points>0</points>
                    <rebounds>1</rebounds>
                    <fouls>2</fouls>
                </player-stats>
            </team-stats>
            <comment>
                The <teamref id="mia"/> defeated the <teamref id="lal"/> 94-88 Thursday at AmericanAirlines Arena. The victory
                snapped a five-game losing streak. Heat &pf; <playerref id="chris_bosh"/> led the way with 24 points and nine
                rebounds. Guard <playerref id="dwayne_wade"/> scored 20 points while <playerref id="lebron_james"/> added 19. It
                was the Lakers' first loss since the All-Star break, snapping an eight-game winning streak. Guard
                <playerref id="kobe_bryant"/> led four players in double figures with 24 points.
                <![CDATA[
                    <img src="asdf.png"/>
                    <img src="ghjk.png"/>
                ]]>
            </comment>
        </match>
        <match date="3/8/2011">
            <team-stats team-id="lal" score="101">
                <player-stats player-id="ron_artest">
                    <points>7</points>
                    <rebounds>2</rebounds>
                    <fouls>4</fouls>
                </player-stats>
                <player-stats player-id="kobe_bryant">
                    <points>26</points>
                    <rebounds>6</rebounds>
                    <fouls>0</fouls>
                </player-stats>
                <player-stats player-id="andrew_bynum">
                    <points>16</points>
                    <rebounds>16</rebounds>
                    <fouls>3</fouls>
                </player-stats>
                <player-stats player-id="derek_fisher">
                    <points>11</points>
                    <rebounds>2</rebounds>
                    <fouls>1</fouls>
                </player-stats>
                <player-stats player-id="pau_gasol">
                    <points>14</points>
                    <rebounds>11</rebounds>
                    <fouls>2</fouls>
                </player-stats>
            </team-stats>
            <team-stats team-id="atl" score="87">
                <player-stats player-id="josh_smith">
                    <points>16</points>
                    <rebounds>6</rebounds>
                    <fouls>3</fouls>
                </player-stats>
                <player-stats player-id="al_horford">
                    <points>17</points>
                    <rebounds>9</rebounds>
                    <fouls>2</fouls>
                </player-stats>
                <player-stats player-id="joe_johnson">
                    <points>11</points>
                    <rebounds>1</rebounds>
                    <fouls>4</fouls>
                </player-stats>
                <player-stats player-id="kirk_hinrich">
                    <points>24</points>
                    <rebounds>9</rebounds>
                    <fouls>3</fouls>
                </player-stats>
                <player-stats player-id="jamal_crawford">
                    <points>12</points>
                    <rebounds>2</rebounds>
                    <fouls>2</fouls>
                </player-stats>
            </team-stats>
            <comment>
                The <teamref id="atl"/> wanted to run Tuesday and for a while they did, but the <teamref id="lal"/> eventually
                overwhelmed Atlanta with size for their eighth straight win, 101-87. L.A. broke a three-game losing streak in
                Atlanta behind a triple towers-type effort. Big men <playerref id="andrew_bynum"/> (16 points, 16 rebounds,
                three blocked shots) and <playerref id="pau_gasol"/> (14 points, 11 rebounds) carried action in the paint, and
                <playerref id="kobe_bryant"/> led all scorers with 26 points to move into sixth place in NBA history ahead of
                Moses Malone (27,409 career points) with 27,423 career points of his own. Atlanta, which has lost four of five,
                was led by &c; <playerref id="al_horford"/> with 17 points, but the Hawks made just 39.8 percent of their shots.
                <![CDATA[
                    <img src="qwer.png"/>
                    <img src="tyui.png"/>
                ]]>
            </comment>
        </match>
    </matches>
</basketball-competition>