<?xml version="1.1" encoding="UTF-8"?>

<!-- Definice dat pomoci DTD -->
<!DOCTYPE Database SYSTEM "data.dtd">

<?textinfo alpha-ascending?>
<!-- XML Data -->
<Database>
	<Software>
		<Name abbreviation="PS" latestVersion="CS5">Photoshop</Name>
		<Type type="Grafika"></Type>
		<Developer devID="adobe"></Developer>
		<Licence FreeTrial="Free"></Licence>
		<OS>
			<MacOS support="Yes"></MacOS>
			<Windows>
				<WinXP support="Yes">
					<ServicePack servicePack="3"></ServicePack>
				</WinXP>
				<Vista support="Yes"></Vista>
				<Win7 support="Yes"></Win7>
				<Win8 support="Yes"></Win8>
			</Windows>
			<Linux support="No"></Linux>
		</OS>
		<Describe>Nejznamejsi a nejpouzivanejsi graficky software na trhu.</Describe>
		<Publication>2011</Publication>
		<Website>http://www.adobe.com/photoshop.html</Website>
		<Size>1.8GB</Size>
		<Rank rank="10"></Rank>
	</Software>
	
	<Software>
		<Name>Chrome</Name>
		<Type type="Internet"></Type>
		<Developer devID="google"></Developer>
		<Licence FreeTrial="Free"></Licence>
		<OS>
			<MacOS support="No"></MacOS>
			<Windows>
				<WinXP>
					<ServicePack servicePack="2"></ServicePack>
				</WinXP>
				<Vista></Vista>
				<Win7></Win7>
				<Win8></Win8>
			</Windows>
			<Linux></Linux>
		</OS>
		
		<Publication>2008</Publication>
		<Website>http://www.chrome.com</Website>
		<Size>68MB</Size>
		<Rank rank="10"
					positives="Rychly, spolehlivy, skvela podpora modernich technologii"
					negatives="Obcas se nekamaradi s Flash Player-em"></Rank>
	</Software>
	
	<Software>
		<Name abbreviation="VS" latestVersion="2013">Visual Studio</Name>
		<Type type="Vyvojove"></Type>
		<Developer devID="microsoft"></Developer>
		<Licence FreeTrial="Trial"></Licence>
		<OS>
			<MacOS support="No"></MacOS>
			<Windows>
				<WinXP>
					<ServicePack servicePack="3"></ServicePack>
				</WinXP>
				<Vista></Vista>
				<Win7></Win7>
				<Win8></Win8>
			</Windows>
			<Linux support="No"></Linux>
		</OS>
		<Describe>Software pro vyvoj pocitacovych aplikaci s podporou programovacich jazyku C, C++ a jinych.</Describe>
		<Publication>2012</Publication>
		<Website>http://www.visualstudio.com</Website>
		<Size>2.7GB</Size>
		<Rank rank="10"></Rank>
	</Software>
	
	
	<Company>
		<CompanyName name="Adobe"></CompanyName>
		<Seat>
			<Street street="Technical"></Street>
			<Number number="250" secondnumber="15"></Number>
			<City city="Los Angeles"></City>
			<Country country="California" abbreviation="CA"></Country>
		</Seat>
		<CompanyID id="adobe"></CompanyID>
		<Specification spec="DistributorAndDeveloper"></Specification>
	</Company>
	
	<Company>
		<CompanyName name="Microsoft" companyAbbreviation="MS"></CompanyName>
		<Seat>
			<Street street="BillsStreet"></Street>
			<Number number="440"></Number>
			<City city="Albuquerque"></City>
			<Country country="New Mexico" abbreviation="NM"></Country>
		</Seat>
		<CompanyID id="microsoft"></CompanyID>
	</Company>
	
	<Company>
		<CompanyName name="Google"></CompanyName>
		<Seat>
			<Street street="Googleplex"></Street>
			<Number number="314"></Number>
			<City city="Mountain View"></City>
			<Country country="California" abbreviation="CA"></Country>
		</Seat>
		<CompanyID id="google"></CompanyID>
		<Specification spec="Developer"></Specification>
	</Company>
</Database>