﻿<?xml version="1.0" encoding="UTF-8" ?>
<!DOCTYPE movieDatabase SYSTEM "data.dtd">

<movieDatabase>

    <movie id="firstMovie">
        <added><?php echo Date("d.m.Y")?></added>
        
        <movieName>
           <czech>Já, robot</czech>
           <english>I, Robot</english>
        </movieName>
        
        <director>
            <directorName>Alex Proyas</directorName>
        </director>
      
        <genre>sci-fi</genre>
        <genre>akční</genre>
        <genre>thriller</genre>
      
        <country>USA, Německo</country>
      
        <published>2004</published>
      
        <rating>82%</rating>
      
        <actors>
            <actor sex="man" name="Will">
                <actorName>Will Smith</actorName>
                <personal>
                    <birthday>
                        <day>25</day>
                        <month>9</month>
                        <year>1968</year>
                    </birthday>
                    <birthplace>Filadelfie, Pensylvánie</birthplace>
                </personal>
            </actor>
            
            <actor sex="woman" name="Bridget">
                <actorName>Bridget Moynahan </actorName>
                <personal>
                    <birthday>
                        <day>28</day>
                        <month>4</month>
                        <year>1971</year>
                    </birthday>
                    <birthplace>Binghamton, New York, USA</birthplace>
                </personal>
            </actor>
            
            <actor sex="man" name="Shia">
                <actorName>Shia LaBeouf</actorName>
                <personal>
                    <birthday>
                        <day>11</day>
                        <month>6</month>
                        <year>1986</year>
                    </birthday>
                    <birthplace>Los Angeles, Kalifornie, USA </birthplace>
                </personal>
            </actor>
            
        </actors>
        
        <review>
              <linkToActor linkTo="Will">Will Smith</linkToActor>, v hlavnej úlohe tohto akčného thrilleru, ktorý je inšpirovaný 
              zbierkou krátkych poviedok Isaaca Asimova, natočil režisér Alex Proyas (DARK CITY, VRANA). 
              V roku 2035, sú roboty súčasťou každej domácnosti a ľudia im dôverujú, okrem jedného trochu paranoidného 
              detektíva Del Spoonera (Will Smith) , ktorý je presvedčený,  že zločin, ktorý práve vyšetruje spáchal robot. 
              Vyšetrovanie ho privedie, k objaveniu desivej hrozby pre ľudskú rasu.
            
              <![CDATA[
                if(textLengt > 2000) hideRest;
              ]]>
              Spoločne s psychologičkou <linkToActor linkTo="Bridget">Susan Calvin</linkToActor> vyšetrujú smrť doktora 
              Milesa Hogenmillera vedca, ktorý pracoval s robotmi pre U. S. Robotics. Dôvod smrti bola samovražda, 
              no Spooner je presvedčený, že vedca zavraždil robot. Ale 3 zákony robotiky určujú, že takáto udalosť je nemožná.
              
              převzato z &info;
        </review>
        
        <curiosities>
            <curiosity number="n1">Kočka Dr. Lanninga (James Cromwell) se jmenuje Asimov.</curiosity>
            <curiosity number="n2">Během natáčení havaroval Will Smith na motorce v rychlosti 60 mil za hodinu.</curiosity>
        </curiosities>
        
        <linkToTrailer>http://www.csfd.cz/film/91975-ja-robot/videa/</linkToTrailer>

       
        
    </movie>
    
        <movie id="secondMovie">
        <added><?php echo Date("d.m.Y")?></added>
        
        <movieName>
           <czech>Star Wars: Epizoda IV - Nová naděje</czech>
           <english>Star Wars: Episode IV - A New Hope</english>
           <other>Hviezdne vojny IV - Nová nádej</other>
        </movieName>
        
        <director>
            <directorName>George Lucas</directorName>
        </director>
      
        <genre>sci-fi</genre>
        <genre>Dobrodružný</genre>
        <genre>Fantasy</genre>
        <genre>Akční</genre>

        <country>USA</country>
      
        <published>1977</published>
      
        <rating>89%</rating>
      
        <actors>
            <actor sex="man" name="Mark">
                <actorName>Mark Hamill</actorName>
                <personal>
                    <birthday>
                        <day>25</day>
                        <month>9</month>
                        <year>1951</year>
                    </birthday>
                    <birthplace>Oakland, Kalifornie, USA</birthplace>
                </personal>
            </actor>
            
            <actor sex="woman" name="Carrie">
                <actorName>Carrie Fisher</actorName>
                <personal>
                    <birthday>
                        <day>28</day>
                        <month>4</month>
                        <year>1971</year>
                    </birthday>
                    <birthplace>Binghamton, New York, USA</birthplace>
                </personal>
            </actor>
            
            <actor sex="man" name="Harrison">
                <actorName>Harrison Ford</actorName>
                <personal>
                    <birthday>
                        <day>13</day>
                        <month>7</month>
                        <year>1942</year>
                    </birthday>
                    <birthplace>Chicago, Illinois, USA</birthplace>
                </personal>
            </actor>
            
        </actors>
        
        <review>
              Rytíři Jedi byli vyhlazeni a Impérium vládne galaxii pevnou rukou. Malá skupina
              povstalců se odváží vzdorovat a ukradne plány k nejmocnější zbrani Impéria, 
              Hvězdě smrti. Imperátorův nejvěrnější služebník, Darth Vader, musí najít plány a 
              skrytou základnu povstalců. Zpráva o princezně Lei a vůdci rebelů se dostane až k 
              <![CDATA[
                if(textLengt > 2000) hideRest;
              ]]>
              obyčejnému farmáři, Lukovi Skywalkerovi. Ten se řídí svým osudem, zachraňuje 
              princeznu a pomáhá povstalcům svrhnout Impérium společně s takovými 
              nezapomenutelnými spojenci jako: Obi-Wan Kenobi, domýšlivý Han Solo, loajální 
              Chewbacca a droidové R2-D2 a C3PO
              
              převzato z &info;
        </review>
        
        <curiosities>
            <curiosity number="s1">Původně chtěl George Lucas natočit film o Flashi Gordonovi,
             ale protože nezískal práva, musel si vymyslet podobný svět podle obdobných zásad, a 
             tak vznikly Star Wars.</curiosity>
            <curiosity number="s2">Bitva o Hvězdu Smrti se ve skutečnosti točila na několika ping-pongových stolech, 
            které byly rozestavěny na parkovišti a upraveny do podoby Hvězdy Smrti</curiosity>
        </curiosities>
        
        <linkToTrailer>http://www.csfd.cz/film/6169-star-wars-epizoda-iv-nova-nadeje/videa/</linkToTrailer>

       
        
    </movie>
    
</movieDatabase>