<?xml version="1.0" encoding="UTF-8"?>

<sportovni_centrum xmlns:xsi="http://www.w3.org/2001/XMLSchema-instance" xsi:noNamespaceSchemaLocation="data.xsd">
  <!-- Seznam vsech uzivatelu -->
  <uzivatele>
    <uzivatel uid="uzivatel_1">
      <jmeno>
        <krestni>Pavel</krestni>
        <prijmeni>Novák</prijmeni>
      </jmeno>      
      <pohlavi>Muž</pohlavi>      
      <datum_narozeni>21.02.1989</datum_narozeni>
      <adresa>
      Nepovolená 42, Praha 10, <psc>105 00</psc>
        <zeme>
          <nazev_zeme>Česká Republika</nazev_zeme>
          <zkratka_zeme>CZ</zkratka_zeme>
        </zeme>
      </adresa>
      <uzivatelske_jmeno>novakpav1</uzivatelske_jmeno>
      <pristupove_heslo>k4hs89n</pristupove_heslo>
      <email>novakpav@email.cz</email>
      <telefon predvolba="+420">602 222 222</telefon>      
      <avatar cesta="http://www.obrazky.cz/ksichtik.jpg"  />
      <!-- Prazdny element oznacujici systemovou roli -->
      <administrator />
    </uzivatel>
    <uzivatel uid="uzivatel_2">
      <jmeno>
        <krestni>Alia</krestni>
        <stredni_jmeno>Dobroslava</stredni_jmeno>
        <prijmeni>Skočdopolová</prijmeni>
      </jmeno>      
      <pohlavi>Žena</pohlavi>
      <adresa>
        Champs-Élysées 42, Paříž, <psc>111 54</psc>
        <zeme>
          <nazev_zeme>Francie</nazev_zeme>
          <zkratka_zeme>FR</zkratka_zeme>
        </zeme>
      </adresa>
      <uzivatelske_jmeno>novpe21</uzivatelske_jmeno>
      <pristupove_heslo>heslo</pristupove_heslo>
      <email>petra.n@email.cz</email>      
      <avatar cesta="http://www.obrazky.cz/ksichtik2.jpg"  />
    </uzivatel>
    <uzivatel uid="uzivatel_3">
      <jmeno>
        <krestni>Pavol</krestni>
        <prijmeni>Husňák</prijmeni>
      </jmeno>      
      <pohlavi>Muž</pohlavi>
      <adresa>
        Nepropustná 13, Bratislava, <psc>215 32</psc>
        <zeme>
          <nazev_zeme>Slovenská Republika</nazev_zeme>
          <zkratka_zeme>SK</zkratka_zeme>
        </zeme>
      </adresa>
      <uzivatelske_jmeno>husnakp1</uzivatelske_jmeno>
      <pristupove_heslo>trd32bn_D</pristupove_heslo>
      <email>pavol.h@email.sk</email>
    </uzivatel>
  </uzivatele>

  <!-- Seznam vsech provozovanych sportovist -->
  <seznam_sportovist>    
    <sportoviste oid="sportoviste_1">
      <nazev>Tenisový kurt - Modrá</nazev>
      <popis><![CDATA[Tenisový kurt poskytující dostatek místa pro až 4dvojice hráčů & možnost výpůjčky sportovního náčinní přímo na kurtech.]]></popis>
      <kapacita>8</kapacita>
      <provozni_doba  vikendovy_provoz="ano">
        <provozni_doba_od><?php getFieldTime(sportoviste_1, start); ?></provozni_doba_od>
        <provozni_doba_do><?php getFieldTime(sportoviste_1, end); ?></provozni_doba_do>
      </provozni_doba>
      <cena_za_hodinu mena="czk">150</cena_za_hodinu>
    </sportoviste>
    <sportoviste oid="sportoviste_2">
      <nazev>Tenisový kurt - Červená</nazev>
      <popis><![CDATA[Tenisový kurt poskytující dostatek místa pro až 3 dvojice hráčů & možnost výpůjčky sportovního náčinní přímo na kurtech. Tento kurt není přístupný o víkendech, kvůli častým turnajům.]]></popis>
      <kapacita>6</kapacita>
      <provozni_doba  vikendovy_provoz="ne">
        <provozni_doba_od><?php getFieldTime(sportoviste_2, start); ?></provozni_doba_od>
        <provozni_doba_do><?php getFieldTime(sportoviste_2, end); ?></provozni_doba_do>
      </provozni_doba>
      <cena_za_hodinu mena="czk">150</cena_za_hodinu>
    </sportoviste>
    <sportoviste oid="sportoviste_3">
      <nazev>Squashové kurty</nazev>
      <popis><![CDATA[Squashový kurt, při objednání > 3 termínů sleva 10%!]]></popis>
      <kapacita>10</kapacita>
      <provozni_doba  vikendovy_provoz="ano">
        <provozni_doba_od><?php getFieldTime(sportoviste_3, start); ?></provozni_doba_od>
        <provozni_doba_do><?php getFieldTime(sportoviste_3, end); ?></provozni_doba_do>
      </provozni_doba>
      <cena_za_hodinu mena="czk">150</cena_za_hodinu>
    </sportoviste>
  </seznam_sportovist>

  <!-- Půjčovna sportovního náčinní -->
  <pujcovna>
      <produkt oid="produkt_1">
        <nazev>Tenisová raketa SpeedEX</nazev>
        <cena doba_zapujceni="den"  mena="CZK">30</cena>
        <pocet_kusu>10</pocet_kusu>
      </produkt>
      <produkt oid="produkt_2">
        <nazev>Tenisová raketa SpeedEX - eXtreme edition</nazev>
        <cena doba_zapujceni="den"  mena="CZK">45</cena>
        <pocet_kusu>6</pocet_kusu>
      </produkt>
      
      <!-- seznam výpujček -->
      <vypujcka produkt_ref="produkt_1" uzivatel_ref="uzivatel_3">
        <doba>
          <od>24.01.2012 14:00</od>
          <do>24.02.2012 13:59</do>
        </doba>
      </vypujcka>
      <vypujcka produkt_ref="produkt_1" uzivatel_ref="uzivatel_2">
        <doba>
          <od>24.01.2012 14:00</od>
          <do>24.02.2012 13:59</do>
        </doba>
      </vypujcka>
      <vypujcka produkt_ref="produkt_2" uzivatel_ref="uzivatel_1">
        <doba>
          <od>24.01.2012 14:00</od>
          <do>24.02.2012 13:59</do>
        </doba>
      </vypujcka>
  </pujcovna>

  <!-- Zamluvene terminy -->
  <rezervace  uzivatel_ref="uzivatel_1"  sportoviste_ref="sportoviste_3">
    <cas>
      <od>23.03.2012 15:00</od>
      <do>23.03.2012 16:00</do>
    </cas>
    <cena mena="czk">150 ,-</cena>
  </rezervace>

  <rezervace  uzivatel_ref="uzivatel_2"  sportoviste_ref="sportoviste_3">
    <cas>
      <od>23.03.2012 16:00</od>
      <do>23.03.2012 17:00</do>
    </cas>
    <cena mena="czk">150 ,-</cena>
  </rezervace>
</sportovni_centrum>

