<Sklad>
	<Zamestnanci>
		<Zamestnanec ZamId="zam1">
			<Jmeno>Karel</Jmeno>
			<Prijmeni>Peterka</Prijmeni>
			<RC>19501810/0134</RC>
		</Zamestnanec>
		<Zamestnanec ZamId="zam2" PrimyNadrizeny="zam1">
			<Jmeno>Franta</Jmeno>
			<Prijmeni>Zelený</Prijmeni>
			<RC>19811110/0145</RC>
		</Zamestnanec>
		<Zamestnanec ZamId="zam3" PrimyNadrizeny="zam1">
			<Jmeno>Martin</Jmeno>
			<Prijmeni>Červnený</Prijmeni>
			<RC>19812211/0134</RC>
		</Zamestnanec>
		<Zamestnanec ZamId="zam4" PrimyNadrizeny="zam2">
			<Jmeno>Honza</Jmeno>
			<Prijmeni>Kohoutek</Prijmeni>
			<RC>19852302/0134</RC>
		</Zamestnanec>
		<Zamestnanec ZamId="zam5" PrimyNadrizeny="zam2">
			<Jmeno>Karel</Jmeno>
			<Prijmeni>Chvála</Prijmeni>
			<RC>19651314/0134</RC>
		</Zamestnanec>
		<Zamestnanec ZamId="zam6" PrimyNadrizeny="zam3">
			<Jmeno>Kateřina</Jmeno>
			<Prijmeni>Moravcová</Prijmeni>
			<RC>19681207/0134</RC>
		</Zamestnanec>
		<Zamestnanec ZamId="zam7" PrimyNadrizeny="zam4">
			<Jmeno>Norbert</Jmeno>
			<Prijmeni>Matějka</Prijmeni>
			<RC>19722812/0145</RC>
		</Zamestnanec>
		<Zamestnanec ZamId="zam8" PrimyNadrizeny="zam7">
			<Jmeno>Karolína</Jmeno>
			<Prijmeni>Hlásková</Prijmeni>
			<RC>19811305/0145</RC>
		</Zamestnanec>
		<Zamestnanec ZamId="zam9" PrimyNadrizeny="zam4">
			<Jmeno>Tomáš</Jmeno>
			<Prijmeni>Nejasný</Prijmeni>
			<RC>19810501/0145</RC>
		</Zamestnanec>
		<Zamestnanec ZamId="zam10" PrimyNadrizeny="zam4">
			<Jmeno>Klára</Jmeno>
			<Prijmeni>Barešová</Prijmeni>
			<RC>19821812/0145</RC>
		</Zamestnanec>
		<Zamestnanec ZamId="zam11" PrimyNadrizeny="zam3">
			<Jmeno>Lucie</Jmeno>
			<Prijmeni>Navrátilová</Prijmeni>
			<RC>19852810/0145</RC>
		</Zamestnanec>
	</Zamestnanci>
</Sklad>