<?xml version="1.0" encoding="UTF-8"?>
<root-element>
	<projects>
		<project id="pro1">
			<information>
				<name>Projekt DTOZE</name>
				<date>
					<from>2. 1. 2013</from>
					<to>2. 1. 2014</to>
				</date>
				<description>Vytvoření databáze obnovitelných zdrojů energie</description>
			</information>
			<users>
				<userref id="userref_1" userref="user_1"/>
				<userref id="userref_2" userref="user_4"/>
			</users>
		</project>
		<project id="pro2">
			<information>
				<name>Kniha XML</name>
				<date>
					<from/>
					<to/>
				</date>
				<description/>
			</information>
			<users>
				<userref id="userref_3" userref="user_3"/>
			</users>
		</project>
		<project id="pro3">
			<information>
				<name>Web KRUF</name>
				<date>
					<from/>
					<to/>
				</date>
				<description/>
			</information>
			<users>
				<userref id="userref_4" userref="user_1"/>
				<userref id="userref_5" userref="user_2"/>
			</users>
		</project>
	</projects>
	<categories>
		<category name="fruit">
			<item popularity="1" name="apple"/>
			<item popularity="5" name="mango"/>
			<item popularity="3" name="banana"/>
			<subcategory>
				<category name="small_fruit">
					<item popularity="4" name="strawberry"/>
					<item popularity="5" name="raspberry"/>
					<item popularity="1" name="gooseberry"/>
				</category>
			</subcategory>
		</category>
		<category name="nuts">
			<item popularity="1" name="coconut"/>
			<item popularity="3" name="walnut"/>
		</category>
		<category name="vegetable">
			<item popularity="2" name="cucumber"/>
			<item popularity="1" name="turnip"/>
			<subcategory>
				<category name="root_vegetables">
					<item popularity="4" name="carrot"/>
					<item popularity="5" name="beetroot"/>
					<item popularity="1" name="horseradish"/>
					<item popularity="4" name="radish"/>
				</category>
			</subcategory>
		</category>
	</categories>
</root-element>
