<?xml version="1.0" encoding="windows-1250" ?>
<!--<!DOCTYPE hokej SYSTEM "data.dtd">
<hokej
  xmlns:xsi="http://www.w3.org/2001/XMLSchema-instance"
  xsi:noNamespaceSchemaLocation="data.xsd">-->
<hraci>
	<hrac name="Dominik_Furch" narozen="1990"/>
	<hrac name="Miroslav_Kopriva" narozen="1983"/>
	<hrac name="Jan_Dresler" narozen="1983"/>
	<hrac name="Petr_Kadlec" narozen="1977"/>
	<hrac name="Michal_Kempny" narozen="1990"/>
	<hrac name="Pavel_Kolarik" narozen="1972"/>
	<hrac name="Daniel_Krejci" narozen="1992"/>
	<hrac name="Jakub_Krejcik" narozen="1991"/>
	<hrac name="Petr_Kubos" narozen="1979"/>
	<hrac name="Jiri_Kucny" narozen="1983"/>
	<hrac name="Jakub_Sulc" narozen="1985"/>
	<hrac name="Jan_Alinc" narozen="1972"/>
	<hrac name="Tomas_Hertl" narozen="1993"/>
	<hrac name="Dmitrij_Jaskin" narozen="1993"/>
	<hrac name="Petr_Jelinek" narozen="1984"/>
	<hrac name="Jaroslav_Kalla" narozen="1979"/>
	<hrac name="Lukas_Krenzelok" narozen="1983"/>
	<hrac name="Georg_Mavrojanidis" narozen="1991"/>
	<hrac name="Tomas_Micka" narozen="1983"/>
	<hrac name="Tomas_Pospisil" narozen="1987"/>
	<hrac name="Vladimir_Ruzicka_ml" narozen="1989"/>
	<hrac name="Jakub_Sklenar" narozen="1988"/>
	<hrac name="Jan_Stransky" narozen="1990"/>
	<hrac name="Marek_Tomica" narozen="1981"/>
	<hrac name="Michal_Vondrka" narozen="1982"/>
	<hrac name="Lukas_Zejdl" narozen="1991"/>
</hraci>