<?xml version="1.0" encoding="UTF-8"?>
<?xml-stylesheet type="type" href="uri" ?>
<!DOCTYPE databaze-desek SYSTEM "data.dtd">

<databaze-desek>
	<artist typ="skupina">
		<jmeno> Red Hot Chili Peppers </jmeno>
			<deska vydano="26/09/2011" did="id_rhcp2011">
				<nazev>I'm with You &stav;</nazev>
				<rok>2011</rok>
				<zanr>Funk rock</zanr>
					<seznam-skladeb>
					<skladba cislo="1">Monarchy of Roses
						<delka>4:12</delka>
					</skladba>
					<skladba cislo="2">Factory of Faith
						<delka>4:20</delka>
					</skladba>
					<skladba cislo="3">Brendan's Death Song
						<delka>5:38</delka>
					</skladba>
					<skladba cislo="4">Ethiopia
						<delka>3:50</delka>
					</skladba>
					<skladba cislo="5">Annie Wants a Baby
						<delka>3:40</delka>
					</skladba>
					<skladba cislo="6">Look Around
						<delka>3:280</delka>
					</skladba>
					<skladba cislo="7">The Adventures of Rain Dance Maggie
						<delka>4:42</delka>
					</skladba>
					<skladba cislo="8">Did I Let You Know
						<delka>4:21</delka>
					</skladba>
					<skladba cislo="9">Goodbye Hooray
						<delka>3:52</delka>
					</skladba>
					<skladba cislo="10">Happiness Loves Company
						<delka>3:33</delka>
					</skladba>
					<skladba cislo="11">Police Station
						<delka>5:35</delka>
					</skladba>
					<skladba cislo="12">Even You Brutus?
						<delka>4:01</delka>
					</skladba>
					<skladba cislo="13">Meet Me at the Corner
						<delka>4:21</delka>
					</skladba>
					<skladba cislo="14">Dance, Dance, Dance
						<delka>3:45</delka>
					</skladba>
						
				</seznam-skladeb>
				<label>Warner Bros</label>
				<producent>Rick Rubin</producent>
				<recenze><![CDATA[The 10th Red Hot Chili Peppers album opens in chaos: the primordial rumblings of a band tuning up for a jam, perhaps for its first in a long time. You can almost see singer Anthony Kiedis standing in the corner, shirtlessly waiting to leap into the fray. The noise blooms into a Californicatin' disco inferno called "Monarchy of Roses," where Kiedis wonders, "Do you like it rough, I ask/And are you up to task?" He could be singing to himself. I'm With You finds a mighty band in a scary new role: underdog.]]></recenze>

			</deska>
			<ceny did_ref="id_rhcp2011" >
			<zlata-deska></zlata-deska>
			
			</ceny>
		
	</artist>


	<artist typ="zpevak">
		<jmeno> Jimi Hendrix </jmeno>
			<deska vydano="12/05/1987" did="id_jihn1987">
				<nazev>Are You Experienced</nazev>
				<rok>1987</rok>
				<zanr>psychedelic rock</zanr>
					<seznam-skladeb>
					<skladba cislo="1">Foxy Lady
						<delka>3:22</delka>
					</skladba>
					<skladba cislo="2">Manic Depression
						<delka>3:46</delka>
					</skladba>
					<skladba cislo="3">Red House
						<delka>3:43</delka>
					</skladba>
					<skladba cislo="4">Can You See Me
						<delka>2:35</delka>
					</skladba>
					<skladba cislo="5">Love or Confusion
						<delka>3:17</delka>
					</skladba>
											
				</seznam-skladeb>
				
				<producent>Chas Chandler</producent>
				
			</deska>
			<ceny did_ref="id_jihn1987" >
			<platinova-deska></platinova-deska>
			
			</ceny>
		
	</artist>

</databaze-desek>