<?xml version="1.0" encoding="UTF-8"?>
<events xmlns:xsi="http://www.w3.org/2001/XMLSchema-instance"
xsi:noNamespaceSchemaLocation="data.xsd">
	<artists> <!-- The definitions of the artists used -->
		<artistDefinition>
			<art_name>The Beatles</art_name>
			<country>England</country>
		</artistDefinition>
		<artistDefinition>
			<art_name>No Name</art_name>
			<country>Slovakia</country>
		</artistDefinition>
		<artistDefinition>
			<art_name>Avenged Sevenfold</art_name>
			<country>USA</country>
		</artistDefinition>
	</artists>

</events>