<Pujcovna  xmlns:xsi="http://www.w3.org/2001/XMLSchema-instance" encoding="ISO-8859-1">
<auto xsi:type="osobní" SPZ="AKE 99 32" leasing="SKOFIN" technicka="2012" pujceno="ne" >
<znacka>Skoda</znacka>
<typ facelift="2.verze">Octavia</typ>
<rok>2006</rok>
<specifikace>
<palivo>Benzín</palivo>
<motorizace>2.0 TSI</motorizace>
</specifikace>
<sedadel>5</sedadel>
<potahy>černé</potahy>
<barva>blue</barva>
</auto>
<auto xsi:type="nákladní" SPZ="JHC 55 16" technicka="2012" pujceno="ano">
<znacka>Ford</znacka>
<typ>Tranzit</typ>
<rok>1997</rok>
<specifikace>
<palivo>Nafta</palivo>
<motorizace>1.8 TDCI</motorizace>
</specifikace>
<nosnost>1685</nosnost>
<jednotka nazev="kg"></jednotka>
<barva>white</barva>
</auto>
<auto xsi:type="nákladní" SPZ="HCA 27 86" technicka="2011" pujceno="ne">
<znacka>Ford</znacka>
<typ>Tranzit</typ>
<rok>2008</rok>
<specifikace>
<palivo>Nafta</palivo>
<motorizace>2.0 TDCI</motorizace>
</specifikace>
<nosnost>2019</nosnost>
<jednotka nazev="kg"></jednotka>
<barva>silver</barva>
</auto>
<auto xsi:type="osobní" SPZ="HEA 13 06" technicka="2012" pujceno="ano" >
<znacka>Kia</znacka>
<typ facelift="1.verze">C´eed</typ>
<rok>2005</rok>
<specifikace>
<palivo>Benzín</palivo>
<motorizace>1.4 HTP</motorizace>
</specifikace>
<sedadel>5</sedadel>
<potahy>Bezove</potahy>
<barva>Red</barva>
</auto>
<auto xsi:type="osobní" SPZ="STP 08 66" technicka="2012" pujceno="ne" >
<znacka>Smart</znacka>
<typ facelift="1.verze">Fortwo</typ>
<rok>1999</rok>
<specifikace>
<palivo>Benzín</palivo>
<motorizace>1.0 HTP</motorizace>
</specifikace>
<sedadel>2</sedadel>
<potahy>Bezove</potahy>
<barva>Blue</barva>
</auto>
<auto xsi:type="nákladní" SPZ="BAE 91 28" technicka="2009" pujceno="ne">
<znacka>Renault</znacka>
<typ>Espace</typ>
<rok>2000</rok>
<specifikace>
<palivo>Nafta</palivo>
<motorizace>1.8 TDCI</motorizace>
</specifikace>
<nosnost>1580</nosnost>
<jednotka nazev="kg"></jednotka>
<barva>white</barva>
</auto>
</Pujcovna>