<?xml version="1.0" encoding="UTF-8"?>
<?xml-stylesheet href="data.xsl" type="text/xsl"?>
<rentals>
    <equipment>
        <item id="e1">
            <title>Lyže Atomic Beta Carv 9.11</title>
            <type>downhill ski</type>
            <radius>11</radius>
            <length>1530</length>
            <price>200</price>
            <registerDate>2012-07-15</registerDate>
            <make>Atomic</make>
            <color>red</color>
            <note>Zcela nové.</note>
            <priceClass>A</priceClass>
            <deposit>300</deposit>
        </item>
        <item id="e2">
            <title>Lyžařské boty Head</title>
            <type>ski boots</type>
            <length>259</length>
            <price>150</price>
            <registerDate>2011-01-12</registerDate>
            <make>Head</make>
            <color>blue</color>
            <note>Poškrábané.</note>
            <priceClass>B</priceClass>
            <deposit>100</deposit>
            <purchasePrice>1200</purchasePrice>
            <new />
        </item>
        <item id="e3">
            <title>Lyže Sporten Bohemia XS</title>
            <type>crosscountry ski</type>
            <length>192</length>
            <registerDate>2012-02-25</registerDate>
            <make>Sporten</make>
            <color>white</color>
            <note>Běžné opotřebení.</note>
            <priceClass>B</priceClass>
            <deposit>100</deposit>
            <purchasePrice>1200</purchasePrice>
            <new />
        </item>
        <item id="e4">
            <title>Rukavice Spider-X</title>
            <type>gloves</type>
            <length>221</length>
            <price>50</price>
            <registerDate>2011-01-11</registerDate>
            <make>Spider</make>
            <color>black</color>
            <note>Vyndávací vložka.</note>
            <priceClass>C</priceClass>
            <deposit>20</deposit>
        </item>
        <item id="e5">
            <title>Brýle Carrera ClearView 20</title>
            <type>goggles</type>
            <length>0</length>
            <price>100</price>
            <registerDate>2010-02-11</registerDate>
            <make>Carrera</make>
            <color>grey</color>
            <note>Poškrábané sklo. Dvojskla s úpravou proti slunci.</note>
            <priceClass>D</priceClass>
            <deposit>50</deposit>
        </item>
        <item id="e6">
            <title>Sjezdařské hole Nisasport B</title>
            <type>poles</type>
            <length>133</length>
            <price>100</price>
            <registerDate>1976-02-11</registerDate>
            <make>Nisasport</make>
            <color>green</color>
            <note>Lehce ohnuté.</note>
            <priceClass>F</priceClass>
            <deposit>10</deposit>
            <new />
        </item>
        <item id="e7">
            <title>Bunda Envy Oxford</title>
            <type>jacket</type>
            <length>81</length>
            <price>500</price>
            <registerDate>2013-09-12</registerDate>
            <make>Envy</make>
            <color>blue</color>
            <note>Letošní model.</note>
            <priceClass>A</priceClass>
            <deposit>500</deposit>
        </item>
    </equipment>
    <branches>
        <rental id="rl1">
            <itemsCount>200</itemsCount>
            <location>Ještěd</location>
            <cardPayment/>
        </rental>
        <rental id="rl2">
            <itemsCount>2000</itemsCount>
            <location>Špindl</location>
            <cardPayment/>
        </rental>
        <rental id="rl3">
            <itemsCount>1200</itemsCount>
            <location>Monínec</location>
            <cardPayment/>
        </rental>
        <rental id="rl4">
            <itemsCount>1001</itemsCount>
            <location>Bedřichov - Severák</location>
        </rental>
        <rental id="rl5">
            <itemsCount>22103</itemsCount>
            <location>Kaprun</location>
            <cardPayment/>
        </rental>
    </branches>
    <borrowings>
        <day>
            <note/>
            <date>2014-03-01</date>
            <borrowing>
                <time>08:22</time>
                <equipmentRef>e1</equipmentRef>
                <rentalRef>rl2</rentalRef>
            </borrowing>
            <borrowing>
                <time>07:12</time>
                <equipmentRef>e2</equipmentRef>
                <rentalRef>rl3</rentalRef>
            </borrowing>
            <borrowing>
                <time>09:19</time>
                <equipmentRef>e7</equipmentRef>
                <rentalRef>rl5</rentalRef>
            </borrowing>
            <borrowing>
                <time>10:22</time>
                <equipmentRef>e4</equipmentRef>
                <rentalRef>rl3</rentalRef>
            </borrowing>
            <borrowing>
                <time>06:20</time>
                <equipmentRef>e6</equipmentRef>
                <rentalRef>rl4</rentalRef>
            </borrowing>
        </day>
        <day>
            <note/>
            <date>2014-03-02</date>
            <borrowing>
                <time>08:12</time>
                <equipmentRef>e1</equipmentRef>
                <rentalRef>rl1</rentalRef>
            </borrowing>
            <borrowing>
                <time>07:11</time>
                <equipmentRef>e2</equipmentRef>
                <rentalRef>rl1</rentalRef>
            </borrowing>
            <borrowing>
                <time>09:12</time>
                <equipmentRef>e7</equipmentRef>
                <rentalRef>rl2</rentalRef>
            </borrowing>
            <borrowing>
                <time>10:32</time>
                <equipmentRef>e5</equipmentRef>
                <rentalRef>rl3</rentalRef>
            </borrowing>
            <borrowing>
                <time>09:21</time>
                <equipmentRef>e6</equipmentRef>
                <rentalRef>rl5</rentalRef>
            </borrowing>
        </day>
    </borrowings>
</rentals>