<?xml version="1.1" encoding="UTF-8"?>
<library>
	<customers>
		<!-- PETER SOUREK -->
		<customer id="c_1">
			<firstName>Peter</firstName>
			<lastName>Sourek</lastName>
			<address>
				<street>Gregory Way</street>
				<city>Beverly Hills</city>
				<country>California</country>
				<zip>90210</zip>
			</address>
			<rentals>
				<rental book="b_2">				
					<from>
						<day>7</day>
						<month>11</month>
						<year>2011</year>
					</from>
					<to>
						<day>13</day>
						<month>11</month>
						<year>2012</year>
					</to>
				</rental>
			</rentals>	
			<info  phone="789456123"/>	
		</customer>
	</customers>
</library>