<?xml version="1.1" encoding="UTF-8"?>
<library>
	<customers>
		<!-- JOHN DOE -->
		<customer id="c_1">
			<firstName>John</firstName>
			<lastName>Doe</lastName>
			<address>
				<street>Baker Street</street>
				<city>London</city>
				<country>England</country>
				<zip>12000</zip>
			</address>
			<rentals>
				<rental book="b_1">				
					<from>
						<day>5</day>
						<month>11</month>
						<year>2011</year>
					</from>
					<to>
						<day>5</day>
						<month>11</month>
						<year>2012</year>
					</to>
				</rental>
				<rental book="b_4">				
					<from>
						<day>7</day>
						<month>4</month>
						<year>2011</year>
					</from>
					<to>
						<day>10</day>
						<month>12</month>
						<year>2012</year>
					</to>
				</rental>
			</rentals>	
			<info  phone="789456123"/>	
		</customer>
		<!-- ALAN SMITHEE -->
		<customer id="c_2">
			<firstName>Alan</firstName>
			<lastName>Smithee</lastName>
			<address>
				<street>Biscane Boulevard</street>
				<city>Miami</city>
				<country>Florida</country>
				<zip>12040</zip>
			</address>
			<rentals>
				
				<rental book="b_3">				
					<from>
						<day>1</day>
						<month>1</month>
						<year>2012</year>
					</from>
					<to>
						<day>1</day>
						<month>11</month>
						<year>2013</year>
					</to>
				</rental>
				
			</rentals>	
			<info note="Best customer ever" phone="741852963" />	
		</customer>
		<!--JOE SHMOE-->
		<customer id="c_3">
			<firstName>Joe</firstName>
			<lastName>Shmoe</lastName>
			<address>
				<street>Atlantic Avenue</street>
				<city>Virginia Beach</city>
				<country>Virginia</country>
				<zip>12100</zip>
			</address>
			<rentals>
				<rental book="b_2">				
					<from>
						<day>7</day>
						<month>4</month>
						<year>2011</year>
					</from>
					<to>
						<day>9</day>
						<month>6</month>
						<year>2012</year>
					</to>
				</rental>
				<rental book="b_7">				
					<from>
						<day>23</day>
						<month>5</month>
						<year>2012</year>
					</from>
					<to>
						<day>19</day>
						<month>7</month>
						<year>2013</year>
					</to>
				</rental>
			</rentals>		
		</customer>
		<!--RUDOLF LINGENS-->
		<customer id="c_4">
			<firstName>Rudolf</firstName>
			<lastName>Lingens</lastName>
			<address>
				<street>Albany Street</street>
				<city>Boston</city>
				<country>Massachusetts</country>
				<zip>12070</zip>
			</address>
			<rentals>
				<rental book="b_1">				
					<from>
						<day>7</day>
						<month>11</month>
						<year>2012</year>
					</from>
					<to>
						<day>16</day>
						<month>4</month>
						<year>2013</year>
					</to>
				</rental>
				<rental book="b_10">				
					<from>
						<day>9</day>
						<month>3</month>
						<year>2012</year>
					</from>
					<to>
						<day>16</day>
						<month>4</month>
						<year>2013</year>
					</to>
				</rental>
				<rental book="b_8">				
					<from>
						<day>11</day>
						<month>9</month>
						<year>2014</year>
					</from>
					<to>
						<day>16</day>
						<month>9</month>
						<year>2014</year>
					</to>
				</rental>
			</rentals>		
		</customer>
	</customers>
</library>