<?xml version="1.0" encoding="UTF-8"?>
<!DOCTYPE zeleznice SYSTEM "data.dtd">
<zeleznice>
	<atributy>
		<jmeno>Multikon-2</jmeno>
		<popis>schéma trati částečně odpovídající hře Multikon-2</popis>
		<verze>0</verze>
		<autor>Zaantar</autor>
	</atributy>
	<elementy>
		<stanice id="stKRI">
			<nazev plny="Křimice" zkratka="KRI" />
			<seznam_koleji>
				<nastupiste delka="820">1</nastupiste>
				<nastupiste delka="820">2</nastupiste>
				<nastupiste delka="780">3</nastupiste>
				<nastupiste delka="800">4</nastupiste>
				<nakladni_kolej delka="780" />
			</seznam_koleji>
			<vstupni_body>
				<vstupni_bod id="t_plj1_kri" />
				<vstupni_bod id="t_plj2_kri" />
				<vstupni_bod id="t1_kri_koz" />
				<vstupni_bod id="t2_kri_koz" />
			</vstupni_body>
		</stanice>
		<stanice id="stKOZ">
			<nazev plny="Kozolupy" zkratka="KOZ" />
			<seznam_koleji>
				<nastupiste delka="690">1</nastupiste>
				<nastupiste delka="720">3</nastupiste>
				<nastupiste delka="450">6</nastupiste>
				<nakladni_kolej delka="700" />
				<nakladni_kolej delka="690" />
			</seznam_koleji>
			<vstupni_body>
				<vstupni_bod id="t1_kri_koz" />
				<vstupni_bod id="t2_kri_koz" />
				<vstupni_bod id="t_koz_ple" />
			</vstupni_body>
		</stanice>
		<stanice id="stPLE">
			<nazev plny="Plešnice" zkratka="PLE" />
			<seznam_koleji>
				<nastupiste delka="630">1</nastupiste>
				<nastupiste delka="650">3</nastupiste>
				<nakladni_kolej delka="660" />
			</seznam_koleji>
			<vstupni_body>
				<vstupni_bod id="t_koz_ple" />
				<vstupni_bod id="t_ple_pno" />
			</vstupni_body>
		</stanice>
		<stanice id="stPNO">
			<nazev plny="Pňovany" zkratka="PNO" />
			<seznam_koleji>
				<nastupiste delka="660">1</nastupiste>
				<nastupiste delka="630">2</nastupiste>
				<nastupiste delka="460">4</nastupiste>
				<nastupiste delka="460">6</nastupiste>
			</seznam_koleji>
			<vstupni_body>
				<vstupni_bod id="t_ple_pno" />
				<vstupni_bod id="t_pno_vra" />
				<vstupni_bod id="t_pno_trp" />
			</vstupni_body>
		</stanice>
		<trat id="t_plj1_kri" delka="2800" sklon="0.005">
			<vstupni_body>
				<vstupni_bod id="epPLJ1" />
				<vstupni_bod id="stKRI" />
			</vstupni_body>
		</trat>
		<trat id="t_plj2_kri" delka="2800" sklon="0.005">
			<vstupni_body>
				<vstupni_bod id="epPLJ2" />
				<vstupni_bod id="stKRI" />
			</vstupni_body>
		</trat>
		<trat id="t1_kri_koz" delka="2800" sklon="0.005">
			<vstupni_body>
				<vstupni_bod id="stKRI" />
				<vstupni_bod id="stKOZ" />
			</vstupni_body>
		</trat>
		<trat id="t2_kri_koz" delka="2800" sklon="0.005">
			<vstupni_body>
				<vstupni_bod id="stKRI" />
				<vstupni_bod id="stKOZ" />
			</vstupni_body>
		</trat>
		<trat id="t_koz_ple" delka="4200" sklon="0.005">
			<vstupni_body>
				<vstupni_bod id="stKOZ" />
				<vstupni_bod id="stPLE" />
			</vstupni_body>
		</trat>
		<trat id="t_ple_pno" delka="4800" sklon="0.007">
			<vstupni_body>
				<vstupni_bod id="stPNO" />
				<vstupni_bod id="stPLE" />
			</vstupni_body>
		</trat>
		<trat id="t_pno_trp" delka="2700" sklon="-0.01">
			<vstupni_body>
				<vstupni_bod id="stPNO" />
				<vstupni_bod id="epTRP" />
			</vstupni_body>
		</trat>
		<trat id="t_pno_vra" delka="3900" sklon="-0.002">
			<vstupni_body>
				<vstupni_bod id="stPNO" />
				<vstupni_bod id="epVRA" />
			</vstupni_body>
		</trat>
		<koncovy_bod id="epPLJ1">
			<nazev plny="Plzeň-jih 1" zkratka="PLJ1" />
			<vstupni_body>
				<vstupni_bod id="t_plj1_kri" />
			</vstupni_body>
		</koncovy_bod>
		<koncovy_bod id="epPLJ2">
			<nazev plny="Plzeň-jih 2" zkratka="PLJ2" />
			<vstupni_body>
				<vstupni_bod id="t_plj2_kri" />
			</vstupni_body>
		</koncovy_bod>
		<koncovy_bod id="epTRP">
			<nazev plny="Trpísty" zkratka="TRP" />
			<vstupni_body>
				<vstupni_bod id="t_pno_trp" />
			</vstupni_body>
		</koncovy_bod>
		<koncovy_bod id="epVRA">
			<nazev plny="Vranov u Stříbra" zkratka="VRA" />
			<vstupni_body>
				<vstupni_bod id="t_pno_vra" />
			</vstupni_body>
		</koncovy_bod>		
	</elementy>
	<jizdni_rady>
		<linka id="650" typ="R" max_rychlost="unbound" nazev="Rychlík">
			<vypravovani>
				<po/>
				<ut/>
				<st/>
				<ct/>
				<pa/>
			</vypravovani>
			<jizdni_rad>
				<polozka_jr element_id="epPLJ1" smerodatne="true">
					<odjezd>6:18</odjezd>
				</polozka_jr>
				<polozka_jr element_id="t_plj1_kri" />
				<polozka_jr element_id="stKRI">
					<odjezd>6:22</odjezd>
				</polozka_jr>
				<polozka_jr element_id="t1_kri_koz" />
				<polozka_jr element_id="stKOZ">
					<odjezd>6:25</odjezd>
				</polozka_jr>
				<polozka_jr element_id="t_koz_ple" />
				<polozka_jr element_id="stPLE">
					<odjezd>6:30</odjezd>
				</polozka_jr>
				<polozka_jr element_id="t_ple_pno" />
				<polozka_jr element_id="stPNO" smerodatne="true">
					<prijezd>6:35</prijezd>
					<min_pobyt>0:1</min_pobyt>
					<odjezd>6:36</odjezd>
				</polozka_jr>
				<polozka_jr element_id="t_pno_vra" />
				<polozka_jr element_id="epVRA">
					<akce_vlaku>
						<konec_jizdy />
					</akce_vlaku>
				</polozka_jr>
			</jizdni_rad>
		</linka>
		<linka id="27314" typ="Os" max_rychlost="unbound" nazev="Osobní vlak do Pňovan">
			<vypravovani>
				<po/>
				<ut/>
				<st/>
				<ct/>
				<pa/>
			</vypravovani>
			<jizdni_rad>
				<polozka_jr element_id="epTRP" smerodatne="true">
					<odjezd>6:10</odjezd>
				</polozka_jr>
				<polozka_jr element_id="t_pno_trp" />
				<polozka_jr element_id="stPNO" smerodatne="true">
					<prijezd>6:30</prijezd>
					<min_pobyt>0:3</min_pobyt>
					<akce_vlaku>
						<obratit_smer/>
						<zmena_cisla nove="27313" />
					</akce_vlaku>
				</polozka_jr>
			</jizdni_rad>
		</linka>
		<linka id="27313" typ="Os" max_rychlost="unbound" nazev="Osobní vlak z Pňovan">
			<vypravovani>
				<po/>
				<ut/>
				<st/>
				<ct/>
				<pa/>
			</vypravovani>
			<jizdni_rad>
				<polozka_jr element_id="stPNO" smerodatne="true">
					<odjezd>6:40</odjezd>
				</polozka_jr>
				<polozka_jr element_id="t_pno_trp" />
				<polozka_jr element_id="epTRP">
					<akce_vlaku>
						<konec_jizdy />
					</akce_vlaku>
				</polozka_jr>
			</jizdni_rad>
		</linka>
		<linka id="83687" typ="Mn" max_rychlost="60" nazev="Manipulační nákladní vlak">
			<vypravovani>
				<ut/>
				<pa/>
				<so/>
				<ne/>
			</vypravovani>
			<jizdni_rad>
				<polozka_jr element_id="epVRA" smerodatne="true">
					<odjezd>6:10</odjezd>
				</polozka_jr>
				<polozka_jr element_id="t_pno_vra" />
				<polozka_jr element_id="stPNO">
					<min_pobyt>1:30</min_pobyt>
				</polozka_jr>
				<polozka_jr element_id="t_ple_pno" />
				<polozka_jr element_id="stPLE">
					<min_pobyt>0:20</min_pobyt>
				</polozka_jr>
				<polozka_jr element_id="t_koz_ple" />
				<polozka_jr element_id="stKOZ">
					<min_pobyt>0:45</min_pobyt>
				</polozka_jr>
				<polozka_jr element_id="t2_kri_koz" />
				<polozka_jr element_id="stKRI">
					<min_pobyt>0:50</min_pobyt>
				</polozka_jr>
				<polozka_jr element_id="t_plj2_kri" />
				<polozka_jr element_id="epPLJ2">
					<akce_vlaku>
						<konec_jizdy/>
					</akce_vlaku>
				</polozka_jr>
			</jizdni_rad>
		</linka>
	</jizdni_rady>
</zeleznice>
