<?xml version="1.0" encoding="UTF-8"?>
<!-- dokument popisuje morfologicky a syntakticky vetny rozbor, zachycuje jednolive tokeny (slova oddelena bilim znakem), jejich poradi ve vete a morfologicke znacky a syntakticky strom vety -->
<rozbor xsi:noNamespaceSchemaLocation="data.xsd" xmlns:xsi="http://www.w3.org/2001/XMLSchema-instance">
	<veta id="s1">
		<txt typ="veta">Petr sel s Janou do kina.</txt>
		<token id="s1tok0">
			<txt>Petr</txt>
			<poradi>0</poradi><!-- poradi ve vstupni vete -->
			<tag>N---MS1----</tag><!-- morfologicka znacka -->
		</token>
		<token id="s1tok1">
			<txt>sel</txt>
			<poradi>1</poradi>
			<tag>V-O3-S--RDA</tag>
		</token>
		<token id="s1tok2">
			<txt>s</txt>
			<poradi>2</poradi>
			<tag>N---FS7----</tag>
		</token>
		<token id="s1tok3">
			<txt>Janou</txt>
			<poradi>3</poradi>
			<tag>?----------</tag>
		</token>
		<token id="s1tok4">
			<txt>do</txt>
			<poradi>4</poradi>
			<tag>?----------</tag>
		</token>
		<token id="s1tok5">
			<txt>kina.</txt>
			<poradi>5</poradi>
			<tag>D------1---</tag>
		</token><!-- zachyceni syntaktickeho rozboru vety, jednotlive uzly tvori jeden nebo vice tokenu, v pripade vice tokenu je jeden token hlavni (urcuje poradi uzlu ve vete), koren stromu nema rodice -->
		<strom id="s1t1">
			<rootUzel id="s1t1uzel1" vetnyClen="Přís">
				<token.ref>s1tok1</token.ref>
			</rootUzel>
			<uzel id="s1t1uzel0" vetnyClen="Po">
				<token.ref>s1tok0</token.ref>
				<vodorovnaHrana/>
				<rodic>s1t1uzel1</rodic>
			</uzel>
			<uzel id="s1t1uzel2" vetnyClen="Pt">
				<token.ref>s1tok2</token.ref>
				<token.ref>s1tok3</token.ref>
				<hlavni>s1tok2</hlavni>
				<rodic>s1t1uzel1</rodic>
			</uzel>
			<uzel id="s1t1uzel5" vetnyClen="Pu-m">
				<token.ref>s1tok4</token.ref>
				<token.ref>s1tok5</token.ref>
				<hlavni>s1tok5</hlavni>
				<rodic>s1t1uzel1</rodic>
			</uzel>
		</strom>
	</veta>
	<veta id="s2">
		<txt typ="veta">Odesel jsem rychle.</txt>
		<token id="s2tok0">
			<txt>Odesel</txt>
			<poradi>0</poradi>
			<tag>V-O1-S--RDA</tag>
		</token>
		<token id="s2tok1">
			<txt>jsem</txt>
			<poradi>2</poradi>
			<tag>V-O1-S--RDA</tag>
		</token>
		<token id="s2tok2">
			<txt>rychle.</txt>
			<poradi>3</poradi>
			<tag>D------1---</tag>
		</token>
		<strom id="s2t1">
			<rootUzel id="s2t1uzel1" vetnyClen="Přís">
				<token.ref>s2tok0</token.ref>
				<token.ref>s2tok1</token.ref>
			</rootUzel>
			<uzel id="s2t1uzel2" vetnyClen="Pu-zp">
				<token.ref>s2tok2</token.ref>
				<vodorovnaHrana/>
				<rodic>s2t1uzel1</rodic>
			</uzel>
		</strom>
	</veta>
</rozbor>
