﻿<?xml version="1.0" encoding="UTF-8"?>
<skolka 
xmlns:xsi="http://www.w3.org/2001/XMLSchema-instance" 
xsi:schemaLocation="http://www.somepage.cz data.xsd" 
xmlns="http://www.somepage.cz">

	<deti>
		<dite rc="A0610031234">
			<jmeno> Karel </jmeno>
			<prijmeni> Novak </prijmeni>
			<pohlavi>muz</pohlavi>
			<narozeni>
				<rok> 2006 </rok>
				<mesic> 10 </mesic>
				<den> 3 </den>
			</narozeni>
		</dite>
		<dite rc="A0601122574">
			<jmeno> Honza</jmeno>
			<prijmeni> Blahy</prijmeni>
			<pohlavi>muz</pohlavi>
			<narozeni>
				<rok> 2006</rok>
				<mesic> 01</mesic>
				<den>11</den>
			</narozeni>
		</dite>
		<dite rc="A0502031567">
			<jmeno> Klara</jmeno>
			<prijmeni>Novakova</prijmeni>
			<pohlavi>zena</pohlavi>
			<narozeni>
				<rok> 2005</rok>
				<mesic>02</mesic>
				<den> 03</den>
			</narozeni>
		</dite>
		<dite rc="A1008277951">
			<jmeno>Matej</jmeno>
			<prijmeni> Zeleny</prijmeni>
			<pohlavi>muz</pohlavi>
			<narozeni>
				<rok> 2010</rok>
				<mesic>08</mesic>
				<den> 27</den>
			</narozeni>
		</dite>
		<dite rc="A0807215791">
			<jmeno>Honza</jmeno>
			<prijmeni>Mach</prijmeni>
			<pohlavi>muz</pohlavi>
			<narozeni>
				<rok>2008</rok>
				<mesic>7</mesic>
				<den>15</den>
			</narozeni>
		</dite>
		<dite rc="A0501255721">
			<jmeno>Mirek</jmeno>
			<prijmeni>Novotny</prijmeni>
			<pohlavi>muz</pohlavi>
			<narozeni>
				<rok>2005</rok>
				<mesic>1</mesic>
				<den>25</den>
			</narozeni>
		</dite>
		<dite rc="A0902225691">
			<jmeno>Mirek</jmeno>
			<prijmeni>Novotny</prijmeni>
			<pohlavi>muz</pohlavi>
			<narozeni>
				<rok>2009</rok>
				<mesic>2</mesic>
				<den>22</den>
			</narozeni>
		</dite>
		<dite rc="A1111112569">
			<jmeno>Sora</jmeno>
			<prijmeni>Nova</prijmeni>
			<pohlavi>zena</pohlavi>
			<narozeni>
				<rok>2011</rok>
				<mesic>11</mesic>
				<den>11</den>
			</narozeni>
		</dite>
		<dite rc="A0705163891">
			<jmeno>Maja</jmeno>
			<prijmeni>Lorenova</prijmeni>
			<pohlavi>zena</pohlavi>
			<narozeni>
				<rok>2007</rok>
				<mesic>05</mesic>
				<den>16</den>
			</narozeni>
		</dite>
		<dite rc="A0612194828">
			<jmeno>Klark</jmeno>
			<prijmeni>Kent</prijmeni>
			<pohlavi>muz</pohlavi>
			<narozeni>
				<rok>2006</rok>
				<mesic>12</mesic>
				<den>19</den>
			</narozeni>
		</dite>
	</deti>
	<zamestnanci>
		<reditel>
			<jmeno> Tamara</jmeno>
			<prijmeni> Milosrdna </prijmeni>
			<plat> 30000 </plat>
		</reditel>
		<ucetni>
			<jmeno> Alexandr </jmeno>
			<prijmeni>Zaludny</prijmeni>
			<plat> 25000 </plat>
		</ucetni>
		<vychovatel id="B55" pohlavi="zena">
			<jmeno> Anna	</jmeno>
			<prijmeni> Novakova </prijmeni>
			<plat> 15000 </plat>
		</vychovatel>
		<vychovatel id="B65" pohlavi="zena">
			<jmeno>Hana</jmeno>
			<prijmeni>Pospišilova</prijmeni>
			<plat> 17260</plat>
		</vychovatel>
		<vychovatel id="B79" pohlavi="zena">
			<jmeno> Lenka</jmeno>
			<prijmeni> Sukata</prijmeni>
			<plat>15000</plat>
		</vychovatel>
		<vychovatel id="B48" pohlavi="muz">
			<jmeno>Marek</jmeno>
			<prijmeni> Pevny</prijmeni>
			<plat> 18000</plat>
		</vychovatel>
	</zamestnanci>
	<tridy>
		<trida cislo="1">
			<vychovatelR id="B55"/>
			<diteR id="A1008277951"/>
			<diteR id="A0902225691"/>
			<diteR id="A1111112569"/>
		</trida>
		<trida cislo="2">
			<vychovatelR id="B65"/>
			<diteR id="A0807215791"/>
			<diteR id="A0705163891"/>
		</trida>
		<trida cislo="3">
			<vychovatelR id="B48"/>
			<vychovatelR id="B79"/>
			<diteR id="A0610031234"/>
			<diteR id="A0601122574"/>
			<diteR id="A0502031567"/>
			<diteR id="A0501255721"/>
			<diteR id="A0612194828"/>
		</trida>
	</tridy>
	
	<vzkazy xmlns="http://www.somepage.cz">
		<vzkaz id="1" idD="A1008277951">
			Vase dite rozbilo hracku.
		</vzkaz>
		<vzkaz id="2" idD="A0610031234">
				Vase dite bylo velmi vzorne.
		</vzkaz>
	</vzkazy>
</skolka>