<?xml version="1.0" encoding="UTF-8"?>
	

	
<root_element xmlns:xsi="http://www.w3.org/2001/XMLSchema-instance"
	          xsi:noNamespaceSchemaLocation="data.xsd">
<concerts>
<concert  id="id_2" name="MusicNight1">
	<description>company presents...</description>
	<band>
		<name>Nirvana</name>
		<country>USA</country>
		<manager>Goldberg</manager>
	</band>
	<band>
		<name>Led Zeppelin</name>
		<country>Great Britain</country>
	</band>
	<club id="id_1" pivo="Svijany">Vagon
		<address>
			<street>Narodni</street>
			<number>37</number>
			<city>Praha</city>
		</address>
	</club>
</concert>

<concert id="id_3" name="MusicNight2">
	<description>company presents...</description>
	<band>
		<name>SKA-P</name>
		<country>Spain</country>
	</band>
	<band>
		<name>Krystof</name>
		<country>Czech Republic</country>
	</band>
	<band>
		<name>Kabat</name>
		<country>Czech Republic</country>
	</band>
	<club id="id_4" pivo="Staropramen">Kain
		<address>
			<street>Konevova</street>
			<number>15</number>
			<city>Praha</city>
		</address>
	</club>
</concert>
</concerts>

<!--obednavky-->
<orders>
	
<order concertID="id_o1" count="7">
	<name>Franta Novak</name>
	<address>
		<street>ulice</street>
		<number>5</number>
		<city>Praha</city>		
	</address>
	<price currency="Euro">5000</price>
</order>

<order concertID="id_o2" count="2">
	<name>Jan Jan</name>
	<address>
		<street>ulice2</street>
		<number>7</number>
		<city>Praha</city>
	</address>
	<price currency="Euro">5000</price>
</order>

<order concertID="id_o3" count="7">
	<name>Jan Novotny</name>
	<address>
		<street>ulice2</street>
		<number>7</number>
		<city>Plzen</city>
	</address>
	<price currency="Euro">5000</price>
</order>

<order concertID="id_o4" count="4">
	<name>Jan Kvetak</name>
	<address>
		<street>ulice2</street>
		<number>7</number>
		<city>Plzen</city>		
	</address>
	<price currency="Euro">5000</price>
</order>

<order concertID="id_o5" count="1">
	<name>Jakub Brambora</name>
	<address>
		<street>ulice2</street>
		<number>7</number>
		<city>Praha</city>
	</address>
	<price currency="Euro">5000</price>
</order>

</orders>

</root_element>

