<?xml version="1.0" encoding="UTF-8"?>
<eduAgency xmlns:xsi="http://www.w3.org/2001/XMLSchema-instance" xsi:noNamespaceSchemaLocation="data.xsd">
<customers>
		<customer cid="c1" age="33">
			<firstname>Petr</firstname>
			<surname>Novak</surname>
			<title>Ing.</title>
			<idNumber>8012122345</idNumber>
			<contactInformation>
				<address>
					<street>Namesti Miru</street>
					<houseNumber>23</houseNumber>
					<city>Praha 2</city>
					<postalCode>12000</postalCode>
					<country>Ceska republika</country>
				</address>
				<phones>
					<phone>732934586</phone>
					<phone>723428093</phone>
				</phones>
				<emails>
					<email>p.novak@gmail.com</email>
					<email>petr123@seznam.cz</email>
				</emails>
				<primaryContact>phone</primaryContact>
			</contactInformation>
			<note>Ma zajem o kurzy obsahujici slovo anglictina</note>
			<courses>
				<course_ref id="1"/>
				<course_ref id="3"/>
			</courses>
		</customer>
		
		<customer cid="c2" age="22">
			<firstname>Jan</firstname>
			<surname>Kovadlina</surname>
			<idNumber>9112113423</idNumber>
			<contactInformation>
				<address>
					<street>Vaclavske namesti</street>
					<houseNumber>2</houseNumber>
					<city>Praha 1</city>
					<postalCode>12000</postalCode>
					<country>Ceska republika</country>
				</address>
				<phones>
					<phone>776231234</phone>
				</phones>
				<emails>
					<email>jan.kovadlina@gmail.com</email>
				</emails>
				<primaryContact>email</primaryContact>
			</contactInformation>
			<note>Ma zajem o kurzy obsahujici slovo nemcina</note>
			<courses>
				<course_ref id="2"/>
			</courses>
		</customer>
				
		<customer cid="c3" age="32">
			<firstname>Ivana</firstname>
			<surname>Rozumova</surname>
			<idNumber>8845424354</idNumber>
			<contactInformation>
				<address>
					<street>Malostranske namesti</street>
					<houseNumber>11</houseNumber>
					<city>Praha 1</city>
					<postalCode>12000</postalCode>
					<country>Ceska republika</country>
				</address>
				<phones>
					<phone>776231234</phone>
				</phones>
				<primaryContact>phone</primaryContact>
			</contactInformation>
			<note>Ma zajem o kurzy obsahujici slovo spanelstina</note>
			<courses>
				<course_ref id="5"/>
			</courses>
		</customer>
		
		<customer cid="c4" age="25">
			<firstname>Jana</firstname>
			<surname>Novotna</surname>
			<idNumber>8545424354</idNumber>
			<contactInformation>
				<address>
					<street>Stepanska</street>
					<houseNumber>33</houseNumber>
					<city>Praha 2</city>
					<postalCode>12000</postalCode>
					<country>Ceska republika</country>
				</address>
				<phones>
					<phone>603532095</phone>
				</phones>
				<emails>
					<email>novotna.jana@seznam.cz</email>
				</emails>
				<primaryContact>email</primaryContact>
			</contactInformation>
			<courses>
			</courses>
		</customer>
	</customers>
	
	<courses_list>
		<course id="1">
			<name>Anglictina pro pokrocile</name>
			<startDate>6.2.2013</startDate>
			<endDate>26.6.2013</endDate>
			<lector>
				<firstname>Peter</firstname>
				<surname>Green</surname>
			</lector>
		</course>
				
		<course id="2">
			<name>Nemcina pro stredne pokrocile</name>
			<startDate>16.2.2013</startDate>
			<endDate>16.7.2013</endDate>
			<lector>
				<firstname>Jitka</firstname>
				<surname>Nemcova</surname>
			</lector>
		</course>
				
		<course id="3">
			<name>Anglictina - konverzace pro stredne pokrocile</name>
			<startDate>2.3.2013</startDate>
			<endDate>5.5.2013</endDate>
			<lector>
				<firstname>Joe</firstname>
				<surname>Adams</surname>
			</lector>
		</course>
    
    <course id="4">
		<name>Spanelstina pro zacatecniky</name>
		<startDate>2.4.2013</startDate>
		<endDate>5.7.2013</endDate>
		<lector>
			<firstname>Joe</firstname>
				<surname>Suarez</surname>
		</lector>
	</course>
    
    
    <course id="5">
			<name>Spanelstina pro pokrocile</name>
			<startDate>12.4.2013</startDate>
			<endDate>29.7.2013</endDate>
			<lector>
				<firstname>Juan</firstname>
				<surname>Mata</surname>
			</lector>
		</course>
	</courses_list>
	</eduAgency>