<?xml version="1.0" encoding="UTF-8"?>

<firma>
    <Vedeni>
        <CEO Jmeno="Arnold" Prijmeni="Wayen" />
        <CFO Jmeno="William" Prijmeni="Yate" />
    </Vedeni>
    <Zamestnanci> <!--  nejvyssi / nejnizsi plat -->
        <Zamestnanec Jmeno="Harry" Prijmeni="King" Vek="54" >
            <Plat>25350</Plat>
        </Zamestnanec>
        <Zamestnanec Jmeno="Bloody" Prijmeni="Marry" Vek="42">
            <Plat>18350</Plat>
        </Zamestnanec>
        <Zamestnanec Jmeno="James" Prijmeni="Cameron" Vek="38">
            <Plat>21100</Plat>
        </Zamestnanec>
        <Zamestnanec Jmeno="Adam" Prijmeni="Klimes" Vek="80">
            <Plat>35000</Plat>
        </Zamestnanec>
        <Zamestnanec Jmeno="Albert" Prijmeni="Paka" Vek="29">
            <Plat>19336</Plat>
        </Zamestnanec>
    </Zamestnanci>
    
    <Vyroba> <!-- prumerna cena vyrobku -->
        <Vyrobek Nazev="VyrobekA" cena="25000" />
        <Vyrobek Nazev="VyrobekB" cena="1350" />
        <Vyrobek Nazev="VyrobekC" cena="5800" />
        <Vyrobek Nazev="VyrobekD" cena="56853" />        
        <Vyrobek Nazev="VyrobekE" cena="90000" />
    </Vyroba>
    
    <Objednavky> <!-- Vyrobek s cenou x, jehoz trzby jsou mensi nez y -->
        <Objednavka ID="13AF">
            <Polozka Nazev="VyrobekB">35</Polozka>            
            <Polozka Nazev="VyrobekA">3</Polozka>
        </Objednavka>
        <Objednavka ID="FA12">
            <Polozka Nazev="VyrobekD">2</Polozka>            
            <Polozka Nazev="VyrobekC">86</Polozka>
        </Objednavka>
        <Objednavka ID="CDC2">
            <Polozka Nazev="VyrobekD">2</Polozka>            
            <Polozka Nazev="VyrobekE">1</Polozka>
        </Objednavka>
        <Objednavka ID="AA04">
            <Polozka Nazev="VyrobekD">2</Polozka>            
            <Polozka Nazev="VyrobekC">86</Polozka>
        </Objednavka>
    </Objednavky>
</firma>
