<?xml version="1.0" encoding="UTF-8" standalone="no"?><checklist>
	<stage UID="stage-1">
		<check>
			<name>Fuel check</name>
			<abbreviation>FCK</abbreviation>
			<criticality value="1"/>
			<dept>Fuel management department</dept>
			<responsible-person name="John" surname="Dope">
				<rid>001456258</rid>
			</responsible-person>
			<description>
				<![CDATA[
					Rocket is checked for nominal fuel status values
					]]>
			</description>
			<expected-time>10</expected-time>
			<locking value="true"/>
			<abort-override value="true"/>
			<protocol>
				<task>
					<task-name>Ammount check</task-name>
					<person name="Jane" surname="Dopest">
						<pid>0541988</pid>
					</person>
				</task>
				<task>
					<task-name>Pressure check</task-name>
					<person name="Jane" surname="Dopest">
						<pid>0541988</pid>
					</person>
				</task>
			</protocol>
		</check>
	</stage>
	
	<stage UID="stage-2">
		<hold>
			<time seconds-to-hold="10"/>
		</hold>
	</stage>
	
	
	
<stage UID="stage-3"><hold><time seconds-to-hold="8500"/></hold></stage></checklist>