<?xml version="1.0" encoding="UTF-8"?>

<SladkeJedla>
	              <Polozka>
						<Cislo>sk01</Cislo>
						<Nazov> Domáci krémeš </Nazov>
						<PridaneKedyKtoaPozn Kto="Kika" Cas="14:32:17" Datum="2012-02-26">Vyborne pre celu rodinu</PridaneKedyKtoaPozn>
					</Polozka>
					
					<Polozka>
						<Cislo>sk02</Cislo>
						<Nazov> Pudingové kocky </Nazov>
						<PridaneKedyKtoaPozn Kto="SaraM" Cas="14:32:17" Datum="2012-02-26">Vyborne pre celu rodinu</PridaneKedyKtoaPozn>
					</Polozka>
				
					<Polozka>
						<Cislo>sd02</Cislo>
						<Nazov>Tvarohové tiramisu</Nazov>
						<PridaneKedyKtoaPozn Kto="Martuska34" Cas="12:12:21" Datum="2011-02-12">Oblubene tiramisu trochu inak</PridaneKedyKtoaPozn>
					</Polozka>
				
					<Polozka>
						<Cislo>st01</Cislo>
						<Nazov>Punčová torta  </Nazov>
						<PridaneKedyKtoaPozn Kto="Alien333" Cas="09:32:03" Datum="2010-11-21">Neodolatelna pochutka</PridaneKedyKtoaPozn>
					</Polozka>
</SladkeJedla>
