<?xml version="1.0" encoding="UTF-8"?>
<ZoznamPrispievatelov>
  <Uzivatel>ALEX23MA</Uzivatel> 
  <Uzivatel>AlenkaAli</Uzivatel> 
  <Uzivatel>Alien333</Uzivatel> 
  <Uzivatel>Alina12</Uzivatel> 
  <Uzivatel>Berghuz3</Uzivatel> 
  <Uzivatel>Fatima</Uzivatel> 
  <Uzivatel>Imro</Uzivatel> 
  <Uzivatel>IvanMaltez</Uzivatel> 
  <Uzivatel>Kaja2</Uzivatel> 
  <Uzivatel>Kika</Uzivatel> 
  <Uzivatel>MajaKLM</Uzivatel> 
  <Uzivatel>MarekUltra</Uzivatel> 
  <Uzivatel>MariaKal</Uzivatel> 
  <Uzivatel>Marka</Uzivatel> 
  <Uzivatel>Martuska34</Uzivatel> 
  <Uzivatel>Merver214</Uzivatel>
  <Uzivatel>Moric76</Uzivatel> 
  <Uzivatel>Partes2134</Uzivatel> 
  <Uzivatel>PeterNT</Uzivatel> 
  <Uzivatel>Pukancek</Uzivatel> 
  <Uzivatel>SaraM</Uzivatel> 
  <Uzivatel>Smejko48</Uzivatel> 
  <Uzivatel>ValeriaMH</Uzivatel> 
  <Uzivatel>Varinet1234</Uzivatel> 
  <Uzivatel>Zuzka123</Uzivatel> 	
</ZoznamPrispievatelov>