<?xml version="1.0" encoding="utf-8" ?>
<bank xmlns:xsi="http://www.w3.org/2001/XMLSchema-instance" xsi:noNamespaceSchemaLocation="data.xsd">
	<clients>
		<client id="client_001">
			<name>			
				<first>Michal</first>
				<last>Rosa</last>
			</name>
			<adress>
				<city>Praha</city>
				<cityBorough>6</cityBorough>
				<ZIPcode>16200</ZIPcode>
				<street>Na Vetrniku</street>
				<houseNumber>1933</houseNumber>
				<state>Czech Republic</state>
			</adress>
			<phoneNumber>
				+421775194190
			</phoneNumber>
			<mail>
				lord.domenus@gmail.com
			</mail>
			<accounts>
				<account accountNumber="client_001_a0" type="classic" currency="USD">
					<balance>12500</balance>
					<transactions>
						<transaction tid="client_001_a0_t0" fromacc="client_001_a0" toacc="client_001_a1" type="disburse">
							<tcurrency>USD</tcurrency>
							<amount>2500</amount>
							<newBalance>10000</newBalance>
							<datetime>
								<date>
									<day>28</day>
									<month>2</month>
									<year>2014</year>
								</date>
								<time>
									<hours>19</hours>
									<minutes>51</minutes>
									<seconds>15</seconds>
								</time>
							</datetime>
						</transaction>
						<transaction tid="client_001_a0_t2" fromacc="client_001_a1" toacc="client_001_a0" type="income">
							<tcurrency>USD</tcurrency>
							<amount>5000</amount>
							<newBalance>15000</newBalance>
							<datetime>
								<date>
									<day>1</day>
									<month>4</month>
									<year>2014</year>
								</date>
								<time>
									<hours>7</hours>
									<minutes>52</minutes>
									<seconds>18</seconds>
								</time>
							</datetime>
						</transaction>
						<transaction tid="client_001_a0_t4" fromacc="client_001_a1" toacc="client_001_a0" type="income">
							<tcurrency>USD</tcurrency>
							<amount>500</amount>
							<newBalance>15500</newBalance>
							<datetime>
								<date>
									<day>3</day>
									<month>4</month>
									<year>2014</year>
								</date>
								<time>
									<hours>14</hours>
									<minutes>28</minutes>
									<seconds>20</seconds>
								</time>
							</datetime>
						</transaction>
						<transaction tid="client_001_a0_t6" fromacc="client_001_a0" toacc="client_001_a1" type="disburse">
							<tcurrency>USD</tcurrency>
							<amount>10000</amount>
							<newBalance>5000</newBalance>
							<datetime>
								<date>
									<day>5</day>
									<month>4</month>
									<year>2014</year>
								</date>
								<time>
									<hours>15</hours>
									<minutes>45</minutes>
									<seconds>25</seconds>
								</time>
							</datetime>
						</transaction>
						<transaction tid="client_001_a0_t8" fromacc="client_001_a0" toacc="client_001_a1" type="disburse">
							<tcurrency>USD</tcurrency>
							<amount>20</amount>
							<newBalance>4980</newBalance>
							<datetime>
								<date>
									<day>6</day>
									<month>5</month>
									<year>2014</year>
								</date>
								<time>
									<hours>15</hours>
									<minutes>45</minutes>
									<seconds>58</seconds>
								</time>
							</datetime>
						</transaction>
						<transaction tid="client_001_a0_t10" fromacc="client_001_a0" toacc="client_001_a1" type="disburse">
							<tcurrency>USD</tcurrency>
							<amount>200</amount>
							<newBalance>4780</newBalance>
							<datetime>
								<date>
									<day>6</day>
									<month>5</month>
									<year>2014</year>
								</date>
								<time>
									<hours>16</hours>
									<minutes>00</minutes>
									<seconds>58</seconds>
								</time>
							</datetime>
						</transaction>
						<transaction tid="client_001_a0_t12" fromacc="client_001_a1" toacc="client_001_a0" type="income">
							<tcurrency>USD</tcurrency>
							<amount>3000</amount>
							<newBalance>7780</newBalance>
							<datetime>
								<date>
									<day>10</day>
									<month>5</month>
									<year>2014</year>
								</date>
								<time>
									<hours>16</hours>
									<minutes>25</minutes>
									<seconds>3</seconds>
								</time>
							</datetime>
						</transaction>
						<transaction tid="client_001_a0_t14" fromacc="client_001_a1" toacc="client_001_a0" type="income">
							<tcurrency>USD</tcurrency>
							<amount>10000</amount>
							<newBalance>17780</newBalance>
							<datetime>
								<date>
									<day>15</day>
									<month>6</month>
									<year>2014</year>
								</date>
								<time>
									<hours>8</hours>
									<minutes>54</minutes>
									<seconds>45</seconds>
								</time>
							</datetime>
						</transaction>
						<transaction tid="client_001_a0_t16" fromacc="client_001_a1" toacc="client_001_a0" type="income">
							<tcurrency>USD</tcurrency>
							<amount>10000</amount>
							<newBalance>27780</newBalance>
							<datetime>
								<date>
									<day>16</day>
									<month>6</month>
									<year>2014</year>
								</date>
								<time>
									<hours>8</hours>
									<minutes>54</minutes>
									<seconds>45</seconds>
								</time>
							</datetime>
						</transaction>
						<transaction tid="client_001_a0_t18" fromacc="client_001_a0" toacc="client_001_a1" type="disburse">
							<tcurrency>USD</tcurrency>
							<amount>17000</amount>
							<newBalance>10780</newBalance>
							<datetime>
								<date>
									<day>2</day>
									<month>7</month>
									<year>2014</year>
								</date>
								<time>
									<hours>0</hours>
									<minutes>0</minutes>
									<seconds>0</seconds>
								</time>
							</datetime>
						</transaction>
						<transaction tid="client_001_a0_t20" fromacc="client_001_a0" toacc="client_001_a1" type="disburse">
							<tcurrency>USD</tcurrency>
							<amount>10780</amount>
							<newBalance>0</newBalance>
							<datetime>
								<date>
									<day>24</day>
									<month>12</month>
									<year>2014</year>
								</date>
								<time>
									<hours>0</hours>
									<minutes>0</minutes>
									<seconds>0</seconds>
								</time>
							</datetime>
						</transaction>
					</transactions>
				</account>
				<account accountNumber="client_001_a1" type="saveUp" currency="USD">
					<balance>25780</balance>
					<transactions>
						<transaction tid="client_001_a0_t1" fromacc="client_001_a0" toacc="client_001_a1" type="income">
							<tcurrency>USD</tcurrency>
							<amount>2500</amount>
							<newBalance>28280</newBalance>
							<datetime>
								<date>
									<day>28</day>
									<month>2</month>
									<year>2014</year>
								</date>
								<time>
									<hours>19</hours>
									<minutes>51</minutes>
									<seconds>15</seconds>
								</time>
							</datetime>
						</transaction>
						<transaction tid="client_001_a0_t3" fromacc="client_001_a1" toacc="client_001_a0" type="disburse">
							<tcurrency>USD</tcurrency>
							<amount>5000</amount>
							<newBalance>23280</newBalance>
							<datetime>
								<date>
									<day>1</day>
									<month>4</month>
									<year>2014</year>
								</date>
								<time>
									<hours>7</hours>
									<minutes>52</minutes>
									<seconds>18</seconds>
								</time>
							</datetime>
						</transaction>
						<transaction tid="client_001_a0_t5" fromacc="client_001_a1" toacc="client_001_a0" type="disburse">
							<tcurrency>USD</tcurrency>
							<amount>500</amount>
							<newBalance>22780</newBalance>
							<datetime>
								<date>
									<day>3</day>
									<month>4</month>
									<year>2014</year>
								</date>
								<time>
									<hours>14</hours>
									<minutes>28</minutes>
									<seconds>20</seconds>
								</time>
							</datetime>
						</transaction>
						<transaction tid="client_001_a0_t7" fromacc="client_001_a0" toacc="client_001_a1" type="income">
							<tcurrency>USD</tcurrency>
							<amount>10000</amount>
							<newBalance>32780</newBalance>
							<datetime>
								<date>
									<day>5</day>
									<month>4</month>
									<year>2014</year>
								</date>
								<time>
									<hours>15</hours>
									<minutes>45</minutes>
									<seconds>25</seconds>
								</time>
							</datetime>
						</transaction>
						<transaction tid="client_001_a0_t9" fromacc="client_001_a0" toacc="client_001_a1" type="income">
							<tcurrency>USD</tcurrency>
							<amount>20</amount>
							<newBalance>32800</newBalance>
							<datetime>
								<date>
									<day>6</day>
									<month>5</month>
									<year>2014</year>
								</date>
								<time>
									<hours>15</hours>
									<minutes>45</minutes>
									<seconds>58</seconds>
								</time>
							</datetime>
						</transaction>
						<transaction tid="client_001_a0_t11" fromacc="client_001_a0" toacc="client_001_a1" type="income">
							<tcurrency>USD</tcurrency>
							<amount>200</amount>
							<newBalance>33000</newBalance>
							<datetime>
								<date>
									<day>6</day>
									<month>5</month>
									<year>2014</year>
								</date>
								<time>
									<hours>16</hours>
									<minutes>00</minutes>
									<seconds>58</seconds>
								</time>
							</datetime>
						</transaction>
						<transaction tid="client_001_a0_t13" fromacc="client_001_a1" toacc="client_001_a0" type="disburse">
							<tcurrency>USD</tcurrency>
							<amount>3000</amount>
							<newBalance>30000</newBalance>
							<datetime>
								<date>
									<day>10</day>
									<month>5</month>
									<year>2014</year>
								</date>
								<time>
									<hours>16</hours>
									<minutes>25</minutes>
									<seconds>3</seconds>
								</time>
							</datetime>
						</transaction>
						<transaction tid="client_001_a0_t15" fromacc="client_001_a1" toacc="client_001_a0" type="disburse">
							<tcurrency>USD</tcurrency>
							<amount>10000</amount>
							<newBalance>20000</newBalance>
							<datetime>
								<date>
									<day>15</day>
									<month>6</month>
									<year>2014</year>
								</date>
								<time>
									<hours>8</hours>
									<minutes>54</minutes>
									<seconds>45</seconds>
								</time>
							</datetime>
						</transaction>
						<transaction tid="client_001_a0_t17" fromacc="client_001_a1" toacc="client_001_a0" type="disburse">
							<tcurrency>USD</tcurrency>
							<amount>10000</amount>
							<newBalance>10000</newBalance>
							<datetime>
								<date>
									<day>16</day>
									<month>6</month>
									<year>2014</year>
								</date>
								<time>
									<hours>8</hours>
									<minutes>54</minutes>
									<seconds>45</seconds>
								</time>
							</datetime>
						</transaction>
						<transaction tid="client_001_a0_t19" fromacc="client_001_a0" toacc="client_001_a1" type="income">
							<tcurrency>USD</tcurrency>
							<amount>17000</amount>
							<newBalance>27000</newBalance>
							<datetime>
								<date>
									<day>2</day>
									<month>7</month>
									<year>2014</year>
								</date>
								<time>
									<hours>0</hours>
									<minutes>0</minutes>
									<seconds>0</seconds>
								</time>
							</datetime>
						</transaction>
						<transaction tid="client_001_a0_t21" fromacc="client_001_a0" toacc="client_001_a1" type="income">
							<tcurrency>USD</tcurrency>
							<amount>10780</amount>
							<newBalance>37780</newBalance>
							<datetime>
								<date>
									<day>24</day>
									<month>12</month>
									<year>2014</year>
								</date>
								<time>
									<hours>0</hours>
									<minutes>0</minutes>
									<seconds>0</seconds>
								</time>
							</datetime>
						</transaction>
					</transactions>
				</account>
			</accounts>
			<note ps1="Michal Rosa" ps2="Michal sa uci XML">Stale sa ucim XML !				
			</note>
		</client>
	</clients>
</bank>