<?xml version="1.0" encoding="UTF-8"?>
<library>
	<book id="book-1" binding="paperback">
		<name>Harry Potter a kámen mudrců</name>
	</book>
	<book id="book-2" binding="paperback">
		<name>Harry Potter a tajemná komnata</name>
		<review>O trochu lepší než <link ref="book-1"/>.</review>
		<review>Click here for a free iPhone!</review>
		<review>Click here for a free iPhone!</review>
	</book>
	<book id="book-3" binding="paperback">
		<name>Harry Potter a vězeň z Azkabanu</name>
	</book>
</library>