<?xml version="1.0" encoding="UTF-8"?>
<!DOCTYPE PaintballAreal SYSTEM "data.dtd">
<PaintballAreal>
	<Provozovatel nazevFirmy="Paintball game s.r.o" Ic="90576615">
		<Adresa ulice = "Zelena" cp = "5922" mesto="Praha" PSC = "16000" stat="CR"/>
	</Provozovatel>
	<SeznamHrist>
		<Hriste id ="idSmall" nazev = "Small Woods" kapacita = "20">
		Male hriste v zalesnenem terenu, drevene budovy.
		</Hriste>
		
		<Hriste id ="idTank" nazev = "Tank Woods" kapacita = "30">
		Stredne velke hriste v zalesnenem terenu, drevene budovy, stary tank.
		</Hriste>
		
		<Hriste id ="idHamburger" nazev = "Hamburger Hill" kapacita = "60">
		Rozlehle hriste, castecne zalesneny teren, zakopy.
		</Hriste>
		
		<Hriste id ="idBlackHawk" nazev = "Black Hawk Down" kapacita = "30">
		Stredne velke hriste ve volnem terenu, stary vrtulnik, drevene budovy.
		</Hriste>
		
		<Hriste id ="idCage" nazev = "Cage of Fear" kapacita = "20">
		Male hriste v otevrenem terenu, umele barikady.
		</Hriste>
		
		<Hriste id ="idFactory" nazev = "Factory" kapacita = "30">
		Stredne velke hriste uvnitr a v blizkem okoli byvale tovarny.
		</Hriste>
		
		<Hriste id ="idCyber" nazev = "Cyber Space" kapacita = "10">
		Male hriste uvnitr zatemnene budovy, ovladano pocitacem.
		</Hriste>
		
		<Hriste id ="idAmazon" nazev = "Amazonia" kapacita = "40">
		Rozlehle hriste v zalesnenem terenu, baziny.
		</Hriste>
		
		<Hriste id ="idChopSue" nazev = "Chop Sue" kapacita = "30">
		Stredne velke hriste v prostredi umele asijske vesnicky.
		</Hriste>
		
		<Hriste id ="idNewAmazon" nazev = "New Amazonia" kapacita = "20">
		Male hriste v zalesnenem a bazinatem terenu, doprava transporterem.
		</Hriste>
		
	</SeznamHrist>
	
	<Zamestnanci>
		<Zamestnanec idZam = "idZam1" pozice="Marshall" OP = "5162673" vek="20" e-mail="marnytom&gotcha;" >
			<Jmeno>Tomas</Jmeno>
			<Prijmeni>Marny</Prijmeni>
			<Certifikat>1st Marshall Certificate</Certifikat>
		</Zamestnanec>
		<Zamestnanec idZam = "idZam2" pozice="Cleaner" OP ="6289865" vek="18" e-mail="smutnyjan&gotcha;">
			<Jmeno>Jan</Jmeno>
			<Prijmeni>Smutny</Prijmeni>
		</Zamestnanec>		
		<Zamestnanec idZam = "idZam3" pozice="Cleaner" OP ="85161618" vek="19" e-mail="stastnykarel&gotcha;">
			<Jmeno>Karel</Jmeno>
			<Prijmeni>Stastny</Prijmeni>
			<Certifikat>Absolvent Certifikate</Certifikat>
		</Zamestnanec>
		<Zamestnanec idZam = "idZam4" pozice="Marshall" OP ="68616258" vek="20" e-mail="veselyjiri&gotcha;">
			<Jmeno>Jiri</Jmeno>
			<Prijmeni>Vesely</Prijmeni>
		</Zamestnanec>
		<Zamestnanec idZam = "idZam5" pozice="Cleaner" OP ="846185278" vek="19" e-mail="novotnykarel&gotcha;">
			<Jmeno>Karel</Jmeno>
			<Prijmeni>Novotny</Prijmeni>
		</Zamestnanec>
		<Zamestnanec idZam = "idZam6" pozice="Marshall" OP ="325644254" vek="19" e-mail="vomackajiri&gotcha;">
			<Jmeno>Jiri</Jmeno>
			<Prijmeni>Vomacka</Prijmeni>
		</Zamestnanec>
	</Zamestnanci>
	
	<PusobeniZamestnancu>
		<Rozpis>
			<Datum>20.3.2011</Datum>
			<Marshallove>
				<PusobeniVeHristi marshall="idZam1" hriste="idSmall">
					<Hodnoceni>
						Dobre
					</Hodnoceni>
				</PusobeniVeHristi>
				<PusobeniVeHristi marshall="idZam2" hriste="idTank"/>
				<PusobeniVeHristi marshall="idZam4" hriste="idTank">
					<Hodnoceni>
						Dobre
					</Hodnoceni>
				</PusobeniVeHristi>
				<PusobeniVeHristi marshall="idZam6" hriste="idTank">
					<Hodnoceni>
						Prumerne
					</Hodnoceni>
				</PusobeniVeHristi>
			</Marshallove>
			<OstatniZamestnanci>
				<Cleaneri>
					<PusobeniCleanera zamestnanec="idZam3" pozice="myci stanice">
						<Hodnoceni>
							Dobre
						</Hodnoceni>
					</PusobeniCleanera>
					<PusobeniCleanera zamestnanec="idZam5" pozice="deadman zona">
						<Hodnoceni>
							Prumerne
						</Hodnoceni>
					</PusobeniCleanera>
				</Cleaneri>
				<Supervizori>
					<Supervize zamestnanec="idZam1" hriste="idSmall">
						<Prijmeni>Marny</Prijmeni>
					</Supervize>
					<Supervize zamestnanec="idZam4" hriste="idTank">
						<Prijmeni>Vesely</Prijmeni>
					</Supervize>
				</Supervizori>
			</OstatniZamestnanci>
		</Rozpis>
		<Rozpis>
			<Datum>21.3.2011</Datum>
			<Marshallove>
				<PusobeniVeHristi marshall="idZam2" hriste="idSmall"/>
				<PusobeniVeHristi marshall="idZam1" hriste="idSmall">
					<Hodnoceni>
						Dobre
					</Hodnoceni>
				</PusobeniVeHristi>
			</Marshallove>
			<OstatniZamestnanci>
				<Cleaneri>
					<PusobeniCleanera zamestnanec="idZam3" pozice="myci stanice">
						<Hodnoceni>
							Dobre
						</Hodnoceni>
						</PusobeniCleanera>
				</Cleaneri>
				<Supervizori>
					<Supervize zamestnanec="idZam4" hriste="idSmall">
						<Prijmeni>Vesely</Prijmeni>
					</Supervize>
				</Supervizori>
			</OstatniZamestnanci>
		</Rozpis>
	</PusobeniZamestnancu>
	
	<Poznamka>
		Zaznam vydan dne <?php echo Date("d/m/Y");	?>.
		<![CDATA[
			<br>
		<b><font color="lightblue">Gotcha paintball areal</font></b>
			<br>
			]]>
	</Poznamka>

</PaintballAreal>
	