<?xml version="1.0"?>
<!-- <!DOCTYPE utulek SYSTEM "data.dtd"> -->


<!-- XML zobrazuje strukturu pro spravu utulku. -->
<utulek xmlns:xsi="http://www.w3.org/2001/XMLSchema-instance" xsi:noNamespaceSchemaLocation="file:/C:/Users/Wolen/Desktop/XML/data.xsd">
	<aktualizovano><?php echo date("j.n.Y")?></aktualizovano>
	<zvirata>
		<!-- zvirata ubytovana venku v kotci -->
		<kotec>
			<pes zid="K001">
				<prijmuto>1.1.2011</prijmuto>
				<jmeno>Alik</jmeno>
				<velikost>54</velikost>
				<vaha>25</vaha>
				<rasa value="doga"/>
				<vek>4</vek>
				<ockovani>
					<vzteklina date="27.1.2012"/>
					<odcerveni date="27.1.2012"/>
				</ockovani>
				<popis>Pes je hodny, jen obcas zere lidi.Jinak je OK.</popis>
			</pes>
			
			<pes zid="K003">
				<prijmuto>12.10.2011</prijmuto>
				<jmeno>Azor</jmeno>
				<velikost>30</velikost>
				<vaha>20</vaha>
				<rasa value="kokr"/>
				<vek>7</vek>
				<ockovani>
					<vzteklina date="2.11.2012"/>
					<odcerveni date="27.12.2012"/>
					<ostatni date="13.10.2012">
						<popis>
							Infekční hepatitida - podezrele priznaky -> Preockovan.
						</popis>
					</ostatni>
				</ockovani>
				<popis>Pes je hodny, mily a jiz starsi. Jinak je OK.</popis>
			</pes>
			
			<pes zid="K004">
				<prijmuto>2.1.2012</prijmuto>
				<jmeno>Punta</jmeno>
				<velikost>15</velikost>
				<vaha>5</vaha>
				<vek>1</vek>
				<ockovani>
					<vzteklina date="3.1.2012"/>
					<ostatni date="5.1.2012">
						<popis>
							Tetanus - oskliva rana na zadni noze -> Preockovan.
						</popis>
					</ostatni>
				</ockovani>
				<popis>Pes je hravy a rad si hraje i s detmi.</popis>
			</pes>
			
			<pes zid="K005">
				<prijmuto>2.6.2010</prijmuto>
				<jmeno>Kastor</jmeno>
				<velikost>80</velikost>
				<vaha>55</vaha>
				<rasa value="doga"/>
				<vek>4</vek>
				<ockovani>
					<vzteklina date="3.1.2012"/>
					<odcerveni date="27.4.2011"/>
					<ostatni date="15.6.2010">
						<popis>
							Lymská borelióza - pokousan hmyzem -> Preockovan.
						</popis>
					</ostatni>
				</ockovani>
				<popis>Pes je idealni hlidac.</popis>
				<popis> Nikoho k vam nepusti. Jinak je OK.</popis>
				<predchoziMajitel>
					<jmeno>Josef Ostruzina</jmeno>
					<adresa>Lipova 25</adresa>
					<psc>39102</psc>
					<tel>777444125</tel>
				</predchoziMajitel>
			</pes>
			
			<pes zid="K006">
				<prijmuto>2.2.2011</prijmuto>
				<jmeno>Dora</jmeno>
				<velikost>25</velikost>
				<vaha>15</vaha>
				<rasa value="jezevcik"/>
				<vek>6</vek>
				<ockovani>
					<vzteklina date="3.1.2012"/>
					<odcerveni date="27.7.2011"/>
				</ockovani>
				<popis>Fenka ma rada spolecnost.</popis>
				<popis>Nevadi ji deti. </popis>
				<popis>Fence chybi kus ocasu. </popis>
				<predchoziMajitel>
					<jmeno>Josef Novak</jmeno>
					<adresa>Prumyslova 645</adresa>
					<psc>39102</psc>
					<tel>776784125</tel>
				</predchoziMajitel>
			</pes>
			
			<kocka zid="K002">
				<prijmuto>11.1.2012</prijmuto>	
				<jmeno>Micka</jmeno>	
				<velikost>30</velikost>
				<vaha>10</vaha>
				<plemeno value="perska"/>
				<vek>3</vek>
				<ockovani>
					<vzteklina date="27.2.2012"/>
					<odcerveni date="27.1.2011"/>
				</ockovani>
				<popis>Je trochu vztekla.</popis>
				<popis>Jinak je Ok.</popis>
				<predchoziMajitel>
					<jmeno>Pavel Novak</jmeno>
					<adresa>Nachodska 25</adresa>
					<psc>27102</psc>
					<tel>777444111</tel>
				</predchoziMajitel>
			</kocka>
			
			<kocka zid="K007">
				<prijmuto>11.3.2011</prijmuto>	
				<jmeno>Mikes</jmeno>	
				<velikost>20</velikost>
				<vaha>6</vaha>
				<plemeno value="angorska"/>
				<vek>2</vek>
				<ockovani>
					<vzteklina date="27.2.2012"/>
					<odcerveni date="27.1.2011"/>
				</ockovani>
				<popis>Trochu se boji lidi.</popis>
				<popis>Jinak je OK.</popis>
				<predchoziMajitel>
					<jmeno>Marie Novakova</jmeno>
					<adresa>U Nadrazi 25</adresa>
					<psc>25102</psc>
					<tel>607444111</tel>
				</predchoziMajitel>
			</kocka>
			
			<kocka zid="K008">
				<prijmuto>7.3.2011</prijmuto>	
				<jmeno>Felix</jmeno>	
				<velikost>15</velikost>
				<vaha>3</vaha>
				<plemeno value="siamska"/>
				<vek>1</vek>
				<ockovani>
					<vzteklina date="27.2.2012"/>
					<odcerveni date="27.1.2011"/>
				</ockovani>
				<popis>Velmi nachylny na zimu.</popis>
				<popis>Jinak je Ok.</popis>
			</kocka>
			
			<kocka zid="K009">
				<prijmuto>7.3.2011</prijmuto>	
				<jmeno>Ajša</jmeno>	
				<velikost>20</velikost>
				<vaha>6</vaha>
				<plemeno value="domaci"/>
				<vek>4</vek>
				<ockovani>
					<vzteklina date="27.2.2012"/>
					<odcerveni date="27.1.2011"/>
				</ockovani>
				<popis>Zvykla na zivot v panelaku.</popis>
				<popis>Jinak je Ok.</popis>
				<predchoziMajitel>
					<jmeno>Marie Novakova</jmeno>
					<adresa>U Nadrazi 25</adresa>
					<psc>25102</psc>
					<tel>607444111</tel>
				</predchoziMajitel>
			</kocka>
			
			<kocka zid="K010">
				<prijmuto>17.11.2011</prijmuto>	
				<jmeno>Alma</jmeno>	
				<velikost>23</velikost>
				<vaha>5</vaha>
				<plemeno value="domaci"/>
				<vek>8</vek>
				<ockovani>
					<vzteklina date="20.11.2011"/>
					<odcerveni date="27.11.2011"/>
				</ockovani>
				<popis>Vhodna ke starsim lidem na doziti.</popis>
				<popis>Jinak je Ok.</popis>
				<predchoziMajitel>
					<jmeno>Pavel Janovsky</jmeno>
					<adresa>U Rinku 25</adresa>
					<psc>35102</psc>
					<tel>607842111</tel>
				</predchoziMajitel>
			</kocka>
			
		</kotec>
		<!-- zvirata ve voliere-->
		<voliera>
			<ptak zid="V001">
				<prijmuto>23.1.2011</prijmuto>
				<jmeno>Lojzik</jmeno>
				<velikost>180</velikost>
				<vaha>54</vaha>
				<druh value="pstros"/>
				<vek>3</vek>
				<ockovani>
					<vzteklina date="27.2.2012"/>
				</ockovani>
				<popis>Nekomu utekl.</popis>
				<popis>Jinak je Ok.</popis>
			</ptak>
		</voliera>
		<!-- zvirata v terariich-->
		<terarium>
			<plaz zid="T001">
				<prijmuto>1.11.2011</prijmuto>
				<jmeno>Zofka</jmeno>
				<velikost>30</velikost>
				<vaha>0.5</vaha>
				<pdruh value="agama"/>
				<vek>1</vek>
				<ockovani>
					<vzteklina date="27.2.2012"/>
				</ockovani>
				<popis>Poskozeny ocas.</popis>
				<predchoziMajitel>
					<jmeno>Pavel Petr</jmeno>
					<adresa>Novohradska 25</adresa>
					<psc>25102</psc>
					<tel>777444111</tel>
					<tel>666444111</tel>
				</predchoziMajitel>
			</plaz>
			<jine zid="T002">
				
				<prijmuto>1.9.2011</prijmuto>
				<jmeno>Katcher</jmeno>
				<velikost>75</velikost>
				<vaha>35</vaha>
				<vek>3</vek>
				<ockovani>
					<vzteklina date="1.2.2012"/>
				</ockovani>
				<popis>Popaleny zobak.</popis>
				<predchoziMajitel>
					<jmeno>Lojza Zoolak</jmeno>
					<adresa>U Prehrady 25</adresa>
					<psc>25402</psc>
					<tel>777744111</tel>
					<tel>608234111</tel>
				</predchoziMajitel>
				<specifikace>Ptakopysk</specifikace>
			</jine>
		</terarium>
	</zvirata>
	<!-- potrava pro zver v utulku -->
	<potrava>
		<hmyz>
			<sklad jednotka="kg">3</sklad>
			<obednano jednotka="kg" dodani="21.1.2012">5</obednano>
		</hmyz>
		<maso>
			<sklad jednotka="kg">25</sklad>
			<obednano jednotka="kg" dodani="21.1.2012">5</obednano>
		</maso>
		<zrni>
			<sklad jednotka="kg">0</sklad>
			<obednano jednotka="kg" dodani="21.1.2012">5</obednano>
		</zrni>
		<granule>
			<sklad jednotka="kg">120</sklad>
			<obednano jednotka="kg" dodani="21.1.2012">25</obednano>
		</granule>
	</potrava>
	<!-- zvirata vypujcena z utulku -->
	<vypucky>
		<pujcka pid="Q001">
			<zvire id="K001"/>
			<jmeno>Pavel Novak</jmeno>
			<adresa>Nachodska 25</adresa>
			<psc>27102</psc>
			<tel>777444111</tel>
			<op>2316556469458</op>
			<poznamky >Pucka <link target="Q001">Zofky</link> je i s terarkem a osvetlenim.</poznamky>
			<nazkousku>3</nazkousku>
		</pujcka>
		
		<pujcka pid="Q002">
			<zvire id="K001"/>
			<jmeno>Jana Nevrla</jmeno>
			<adresa>Prazska 25</adresa>
			<psc>27100</psc>
			<tel>773144111</tel>
			<op>681512458</op>
			<poznamky ><link target="Q002">Alik</link> byl vypujcen i s voditkem a mickem.</poznamky>
			<vychazka cas="hod">3</vychazka>
		</pujcka>
		
		<pujcka pid="Q003">
			<zvire id="K005"/>
			<jmeno>Lucie Svetla</jmeno>
			<adresa>Lounska 25</adresa>
			<psc>27140</psc>
			<tel>773147811</tel>
			<op>64584120158</op>
			<poznamky><link target="Q003">Kastor</link> byl vypujcen na vlastni nebezpeci a pani mela vlastni voditko.</poznamky>
			<vychazka cas="hod">3</vychazka>
		</pujcka>
		
	</vypucky>
	<!--nevedel jsem jestli mame pouzit i ![CDATA tak jsem napsal malou slozku do ktere by se mohly davat scriptiky a funkce co by se mohly nejak hodit pro utulek.-->
	<script>
		
		<!--v C# pro nacteni-->
		<![CDATA[
			XmlDocument xml = new XmlDocument();
			xml.Load("data.xml");
			
		]]>
		
		<!--v C# provedeni dotazu XPath:-->
		<![CDATA[
			XmlElement koren = xml.DocumentElement;
			String sXPathDotaz = "//hraci/hrac[@sport=\"korespondenční šach\"]";
			XmlNodeList seznamUzlu = koren.SelectNodes(sXPathDotaz);	
		]]>
			
		<!--v C# pro vypsani pozadovanych uzlu muzes pouzit-->
		<![CDATA[
  			foreach (XmlNode uzel in seznamUzlu){
			   if (uzel.HasChildNodes){
				     XmlNodeList deti = uzel.ChildNodes;
				     foreach (XmlNode dite in deti)
				        if ((dite.Name.Equals("jmeno")) ||  (dite.Name.Equals("prijmeni")) || ((dite.Name.Equals("elo"))))
				            Console.WriteLine(dite.Name + ": " + dite.InnerText);
						   }
						
		   		Console.WriteLine("");
			}
 		
		]]>
		
		<!--a jeste jedna funkcicka v C# obsahujici vsemozne znaky-->
		<![CDATA[
			novyRadek(xml.NodeType, typPredchozihoUzlu);
			switch(xml.NodeType)
			{
			   case XmlNodeType.XmlDeclaration: // <?xml version="1.0" ?>
			      Console.Write("<?" + xml.Name + " " + xml.Value + " ?>");
			   break;
			
			   case XmlNodeType.DocumentType:
			      Console.Write("<!DOCTYPE " + xml.Name + " ");
			      if (xml.MoveToNextAttribute()) // pubid
			      {
			         Console.Write(xml.Name + " " + "\"" + xml.Value + "\" ");
			         if (xml.MoveToNextAttribute()) // sysid
			         {
			            Console.Write("\"" + xml.Value + "\"");
			            if (xml.MoveToNextAttribute()) // subset
			               Console.Write("\"" + xml.Value + "\"");
			         }
			      }
			      Console.Write(">");
			   break;
			
			   case XmlNodeType.EndElement: // 
			      if ((typPredchozihoUzlu == XmlNodeType.EndElement) || 
			          (typPredchozihoUzlu == XmlNodeType.CDATA))
			          Console.Write(odsazeni(xml.Depth) + "</" + xml.Name + ">");
			      else
			         Console.Write("</" + xml.Name + ">");
			   break;
			
			   case XmlNodeType.Text: // text mezi počátečním a koncovým tagem
			      Console.Write(xml.Value);
			   break;
			
			   case XmlNodeType.CDATA: 
			      Console.Write(odsazeni(xml.Depth) + "<![cdata["+xml.Value+" ]] > ");
			   break;
			
			   case XmlNodeType.Comment: // <!-- komentář -->
			      Console.Write("");
			   break;
			
			   case XmlNodeType.Element: // <element>
			      Console.Write(odsazeni(xml.Depth));
			      if (!xml.HasAttributes)
			         if (xml.IsEmptyElement) // <element/>
			            Console.Write("<" + xml.Name + "/>");
			         else
			            Console.Write("<" + xml.Name + ">");
			      else
			         if (xml.IsEmptyElement) // <element atribut="hodnota"/>
			            Console.Write("<"+xml.Name+" "+vypisAtributy(xml)+"/>");
			         else
			            Console.Write("<"+xml.Name+" "+vypisAtributy(xml)+">");
			   break;
			}	
						
		]]>
	</script>
</utulek>