<?xml version="1.0" encoding="UTF-8"?>
	
<lidi xmlns:xsi="http://www.w3.org/2001/XMLSchema-instance" xsi:noNamespaceSchemaLocation="data.xsd">
	
	<!-- POUZE TESTOVACI  NA PERSON-->
<person id_rc="12">
<name>petr novak</name>
<trida>7</trida>
<vyska>12.2</vyska>
<vaha>51.2</vaha>
<plavec>ano</plavec>
<rodic_d>
<jmeno>milat tuma</jmeno>
<telefon>4564546</telefon>
<email>jmeno@hjkd.cz</email>
<adresa>pod necim nejaka praha</adresa>
</rodic_d>
<pohlavi pohlavi_d="muz"></pohlavi>

</person>
		
</lidi>

