<?xml version="1.0"?>
<!-- Popis sveta 
priklad popisu jednoduche deployment systemu
v objectContaineru jsou specifikovany obrazy disku (imageConfigurations/image) a ruzne hw konfigurace
dle hw typu (hwTypeConfiguration)

dale v //server jsou popisy deployovacich serveru vcetne nastaveni sluzeb jako dhcp,dns,tftp pro pxe boot
//server/registeredMachines obsahuje seznam konkretnich stroju registrovanych u daneho server vc. informaci
o hw typu, nabootovanem obrazu, jeho verzi a casu nabootovani.
-->
<organization name="TestOrg">
    <objectContainer>
        <imageConfigurations>
            <image name='PCimage'>
              <imageDescription>Image for PCs</imageDescription>
              <imageFile>testPC</imageFile>
              <versions>
                <version disabled='1'>1</version>
                <version>2</version>
              </versions>
            </image>
            <image name='NBimage'>
              <imageDescription>Image for notebooks</imageDescription>
              <imageFile>testNB</imageFile>
              <versions>
                <version disabled='0'>3</version>
              </versions>
            </image>
        </imageConfigurations>
        <hwTypeConfiguration hwType="PC">
            <image>PCimage</image>
            <hwTypeDescription>test PC</hwTypeDescription>
            <harddisk device="sda" size='500000'>
              <partition>
                <partPassword/>
                <partSize>5000</partSize>
                <partMount>swap</partMount>
                <partType>swap</partType>
              </partition>
              <partition>
                <partPassword/>
                <partSize>495000</partSize>
                <partMount>/</partMount>
                <partType>ext4</partType>
              </partition>
            </harddisk>
        </hwTypeConfiguration>
        <hwTypeConfiguration hwType="terminal">
            <image>terminalImage</image>
            <hwTypeDescription>diskless PC/terminal</hwTypeDescription>
            <ramdisk device="sda" size='3000' />
        </hwTypeConfiguration>
        <hwTypeConfiguration hwType="notebook">
            <image>NBimage</image>
            <hwTypeDescription>notebook</hwTypeDescription>
            <harddisk device="sda" size='150000'>
              <partition>
                <partPassword/>
                <partSize>5000</partSize>
                <partMount>swap</partMount>
                <partType>swap</partType>
              </partition>
              <partition>
                <partPassword/>
                <partSize>45000</partSize>
                <partMount>/</partMount>
                <partType>ext4</partType>
              </partition>
              <partition>
                <partPassword>testPass</partPassword>
                <partSize>100000</partSize>
                <partMount>/home</partMount>
                <partType>ext4</partType>
              </partition>
            </harddisk>
        </hwTypeConfiguration>
    </objectContainer>
    <server name='linuxLab'>
        <netmask>255.255.255.0</netmask>
        <dynamicIp>TRUE</dynamicIp>
        <networkNumber>192.168.150.0</networkNumber>
        <dhcpFixedRange>192.168.150.20,192.168.150.200</dhcpFixedRange>
        <dhcpRange>192.168.150.220,192.168.150.240</dhcpRange>
        <defaultGw>192.168.150.1</defaultGw>
        <ipHostNumber>192.168.150.1</ipHostNumber>
        <dnsPrefix>LIN</dnsPrefix>
        <services>
            <service name="dns">
              <serviceEnabled>TRUE</serviceEnabled>
              <dnsName>dns</dnsName>
              <serviceStartScript>named</serviceStartScript>
            </service>
            <service name="tftp">
              <serviceEnabled>TRUE</serviceEnabled>
              <dnsName>tftp</dnsName>
              <serviceStartScript>atftpd</serviceStartScript>
            </service>
            <service name="dhcp">
              <serviceEnabled>TRUE</serviceEnabled>
              <dnsName>dhcp</dnsName>
              <serviceStartScript>dhcpd</serviceStartScript>
            </service>
        </services>
        <registeredMachines>
            <machine dnsName="LIN01">
                <macAddress>00:00:90:FF:00:01</macAddress>
                <ipHostNumber>192.168.242.51</ipHostNumber>
                <hwType>PC</hwType>
                <bootedImage>PCimage-2;1332344895</bootedImage>
            </machine>
            <machine dnsName="LIN02">
                <macAddress>00:00:90:FF:00:02</macAddress>
                <ipHostNumber>192.168.242.52</ipHostNumber>
                <hwType>PC</hwType>
                <bootedImage>PCimage-1;1332344895</bootedImage>
            </machine>
            <machine dnsName="LIN03">
                <macAddress>00:00:90:FF:00:03</macAddress>
                <ipHostNumber>192.168.242.53</ipHostNumber>
                <hwType>notebook</hwType>
                <bootedImage>NBimage-1;1332344895</bootedImage>
            </machine>
        </registeredMachines>
    </server>
</organization>
