<?xml version="1.0" encoding="UTF-8"?>
<!DOCTYPE stanice SYSTEM "data.dtd">


<stanice>
	<logo>
		<![CDATA[
		{<S1>}
		[<S1>]
		???????
		 ?????
		   ???
		    ?
		]]>
	</logo>
	<k_datu><?php echo date("m.d.y")?></k_datu>
	<název>Stanice1</název>
	<!--Seznam zaměstnanců a informací o nich, v případě, že bude pro další účely zaměstnanců nedostatek, budou další přidáni-->
	<zaměstnanci>
		<zaměstnanec zid="zid_1" spolehlivost="3">
			<jméno>Karl</jméno>
			<příjmení>Procházka <za_svobodna></za_svobodna></příjmení>
			<přezdívka>Karlos</přezdívka>
			<pohlaví>&m;</pohlaví>
			<telefon>328349909</telefon>
			<email>karlos@hotmail.com</email>
			<adresa>
				<stát>ČR</stát>
				<město>Praha</město>
				<ulice>V podhradí 12</ulice>					
			</adresa>
			<oblíbená_hudba>rock</oblíbená_hudba>
			<plat>20000</plat>
			<fotka zdroj="karlos.jpg"/>
		</zaměstnanec>
		<zaměstnanec zid="zid_2" spolehlivost="2">
			<jméno>Petra</jméno>
			<příjmení>Zrubalová <za_svobodna>Smutná</za_svobodna></příjmení>
			<přezdívka>Kojot</přezdívka>
			<pohlaví>&z;</pohlaví>
			<telefon>308333926</telefon>
			<telefon>209384762</telefon>
			<email>kojot@seznam.cz</email>
			<email>kojot@gmail.com</email>
			<adresa>				
				<město>Praha</město>
				<ulice>V příkopech 7</ulice>
			</adresa>
			<oblíbená_hudba>country</oblíbená_hudba>
			<plat>22000</plat>
			<fotka zdroj="petra.jpg"/>
		</zaměstnanec>
		<zaměstnanec zid="zid_3" spolehlivost="3">
			<jméno>Milan</jméno>
			<příjmení>Zubatý <za_svobodna></za_svobodna></příjmení>			
			<pohlaví>&m;</pohlaví>
			<telefon>306864926</telefon>
			<telefon>888884762</telefon>
			<adresa>
				<stát>ČR</stát>				
				<ulice>V Háji 16</ulice>
				<město>Praha</město>
			</adresa>
			<oblíbená_hudba>trance</oblíbená_hudba>
			<plat>25000</plat>
			<fotka zdroj="milan.jpg"/>
		</zaměstnanec>
		<zaměstnanec zid="zid_4" spolehlivost="1">
			<jméno>Irena</jméno>
			<příjmení>Kostrahová <za_svobodna>Kostrahová</za_svobodna></příjmení>
			<přezdívka>K</přezdívka>
			<pohlaví>&z;</pohlaví>
			<telefon>369887652</telefon>
				<adresa>				
				<město>Praha</město>
				<stát>ČR</stát>
				<ulice>Kuchyňka 5</ulice>
			</adresa>
			<oblíbená_hudba>rock</oblíbená_hudba>
			<plat>23000</plat>
			<fotka zdroj="kostra.jpg"/>
		</zaměstnanec>
	
	
	</zaměstnanci>
	<!--program vysílání, spot určuje pořad, dále je popsáno ve spotu (formou seznamu), v jakých dnech a časech je vysílán-->
	<!--každý vysílací čas se odkazuje na zaměstnance, který v daný den a čas spot moderuje-->
	<!--stanice nevysílá neustále, pro další potřeby budou případně dodány další spoty-->
	<program>
		<spot sid="sid_1">
			<název_spotu>Raní šálek kávy</název_spotu>
			<žánr>country</žánr>
			<vysílání moderátorzid="zid_2">
				<den>pondělí</den>
				<od>06:00</od>
				<do>08:00</do>
			</vysílání>
			<vysílání moderátorzid="zid_1">
				<den>úterý</den>
				<od>06:00</od>
				<do>08:00</do>
			</vysílání>
			<vysílání moderátorzid="zid_2">
				<den>středa</den>
				<od>06:00</od>
				<do>08:00</do>
			</vysílání>
			<vysílání moderátorzid="zid_1">
				<den>čtvrtek</den>
				<od>06:00</od>
				<do>08:00</do>
			</vysílání>
			<vysílání moderátorzid="zid_2">
				<den>pátek</den>
				<od>06:00</od>
				<do>08:00</do>
			</vysílání>
		</spot>
		
		<spot sid="sid_2">
			<název_spotu>Víkendový rockový nářez</název_spotu>
			<žánr>rock</žánr>
			<vysílání moderátorzid="zid_1">
				<den>sobota</den>
				<od>16:00</od>
				<do>19:00</do>
			</vysílání>
			<vysílání moderátorzid="zid_1">
				<den>neděle</den>
				<od>16:00</od>
				<do>19:00</do>
			</vysílání>
		</spot>
		<spot sid="sid_3">
			<název_spotu>Nepřátelské duo</název_spotu>
			<žánr>neznámý</žánr>
			<vysílání moderátorzid="zid_2 zid_1">
				<den>pondělí</den>
				<od>13:00</od>
				<do>15:30</do>
			</vysílání>			
			<vysílání moderátorzid="zid_2 zid_1">
				<den>pátek</den>
				<od>13:00</od>
				<do>15:30</do>
			</vysílání>
			<vysílání moderátorzid="zid_3">
				<den>středa</den>
				<od>13:00</od>
				<do>15:30</do>
			</vysílání>
		</spot>
		<spot sid="sid_4">
			<název_spotu>Pátek a rock rockový nářez</název_spotu>
			<žánr>rock</žánr>
			<vysílání moderátorzid="zid_4">
				<den>pátek</den>
				<od>12:00</od>
				<do>16:00</do>
			</vysílání>
		</spot>
	
	
	</program>
	
	
	
</stanice>