<?xml version="1.0" encoding="UTF-8"?>
<!DOCTYPE Data SYSTEM "data.dtd" 
	[<!ENTITY firma "Sranda s.r.o."><!ENTITY ico "2867865">]>

<Data verze="1.0">
	<Faktura idF="F77">
		<Prijata><?php echo Date("d.m.Y")?></Prijata>
		<Zakaznik idZ="C1112">
			<Jmeno>Martin</Jmeno>
			<Prijmeni>Turek</Prijmeni>
			<Firma>&firma;</Firma>
			<Adresa>Statni</Adresa>
			<Orientacni>1108</Orientacni>
			<Popisne>26</Popisne>
			<Mesto>Praha</Mesto>
			<PSC>160 00</PSC>
			<ICO>&ico;</ICO>
			<DIC>86787553</DIC>
			<Stat>CR</Stat>
		</Zakaznik>
		<Objednano Pobocka="Praha">
		<Zbozi id="Z21">
			<jmeno>brcko bile</jmeno>
			<pocet ks="100"/>
		</Zbozi>
		<Zbozi id="Z76">
			<jmeno>sada lzicek<vyrobce>Tesco</vyrobce></jmeno>
			<pocet ks="2"/>
		</Zbozi>
		<Zbozi id="Z2283">
			<jmeno>vestavenna mycka<vyrobce>Bosch</vyrobce></jmeno>
			<pocet ks="1"/>
		</Zbozi>
		<Sluzba>
			<Typ>Odvoz</Typ>
		</Sluzba>
		<Sluzba>
			<Typ>Montaz<ref id="Z2283"/></Typ>
		</Sluzba>
		</Objednano>
	</Faktura>
	<Faktura idF="F78">
		<Prijata><?php echo Date("d.m.Y")?></Prijata>
		<Zakaznik idZ="C1112">
			<Jmeno>Martin</Jmeno>
			<Prijmeni>Turek</Prijmeni>
			<Firma>&firma;</Firma>
			<Adresa>Statni</Adresa>
			<Orientacni>1108</Orientacni>
			<Popisne>26</Popisne>
			<Mesto>Praha</Mesto>
			<PSC>160 00</PSC>
			<ICO>&ico;</ICO>
			<DIC>86787553</DIC>
			<Stat>CR</Stat>
		</Zakaznik>
		<Objednano Pobocka="Brno">
		<Zbozi id="Z33">
			<jmeno>slunecni bryle</jmeno>
			<pocet ks="1"/>
		</Zbozi>
		<Sluzba>
			<Typ>Odvoz</Typ>
		</Sluzba>
		</Objednano>
	</Faktura>
	<Info>
<![CDATA[document.writeln("<p>Nakoupeno prostrednictvim Eshopu <a href="www.myshop.cz/index.html">MyShop.cz</a></p>");]]>
	</Info>
</Data>