<?xml version="1.0" encoding="UTF-8"?>
<dodavatele>
		<dodavatel id="do01">
			<jmeno>Bedrich Mach</jmeno>
			<telefon>123456798</telefon>
			<telefon>120345067</telefon>
			<telefon>188845067</telefon>
			<adresa/>
			<a href="http://www.ismycomputeron.com/">moje stranky</a>
		</dodavatel>
		<dodavatel id="do03">
			<jmeno>Joe Black</jmeno>
			<telefon>123456799</telefon>
			<telefon>120345068</telefon>
			<adresa/>
		</dodavatel>
		<dodavatel id="do02">
			<jmeno>Cyril Metodej</jmeno>
			<telefon>123456897</telefon>
			<adresa>
				<ulice>Brnenska</ulice>
				<cp>100</cp>
				<mesto>Praha</mesto>
			</adresa>
		</dodavatel>
		
	</dodavatele>