<?xml version="1.0" encoding="UTF-8"?>

<Writers>
	<Writer>
		<FirstName>Stephen</FirstName>
		<SecondName>King</SecondName>
		<FullName>Stephen King</FullName>
		<Info>
			Stephen Edwin King was born on September 21, 1947, at the Maine General Hospital in Portland. His parents were Donald Edwin King and Ruth Pillsbury King. He was the only natural-born child in the family, his older brother David having been adopted at birth two years earlier. The Kings were the typical...
		</Info>
		<DateBirth>21.9.1947</DateBirth>
		<Titles>
			<Title>Bag of Bones</Title>
			<Title>The Shawshank Redemption</Title>
			<Title>The Shining</Title>
			<Title>Disciples of the Crow</Title>
			<Title>Cat's Eye</Title>
		</Titles>
	</Writer>
	
	<Writer>
		<FirstName>Alan</FirstName>
		<SecondName>Ball</SecondName>
		<FullName>Alan Ball</FullName>
		<Info>
			Graduate of Florida State University School of Theatre...
		</Info>
		<DateBirth>13.5.1957</DateBirth>
		<Titles>
			<Title>True Blood</Title>
			<Title>American Beauty</Title>
			<Title>Cybill</Title>
		</Titles>
	</Writer>
	
	<Writer>
		<FirstName>Gabriel</FirstName>
		<SecondName>García Márquez</SecondName>
		<FullName>Gabriel García Márquez</FullName>
		<Info>
			Gabriel José de la Concordia García Márquez (Spanish pronunciation: [ɡaˈβɾjel ɡarˈsia ˈmarkes]; born March 6, 1927[1]) is a Colombian novelist, short-story writer, screenwriter and journalist, known affectionately as Gabo throughout Latin America. He is considered one of the most significant authors of the 20th century. He was awarded the Nobel Prize in Literature in 1982, and is the earliest winner of this prize to be still alive. He pursued a self-directed education that resulted in his leaving law school for a career in journalism. From early on, he showed no inhibitions in his criticism of Colombian and foreign politics. In 1958, he married Mercedes Barcha; they have two sons, Rodrigo and Gonzalo.
		</Info>
		<DateBirth>6.3.1927</DateBirth>
		<Titles>
			<Title>One Hundred Years of Solitude</Title>
			<Title>The Autumn of the Patriarch</Title>
			<Title>Love in the Time of Cholera</Title>
		</Titles>
	</Writer>
</Writers>