<?xml version="1.0" encoding="UTF-8"?>
<!-- leading XML declaration -->
<residence xmlns:xsi="http://www.w3.org/2001/XMLSchema-instance"
xsi:noNamespaceSchemaLocation="schema.xsd">
	<!-- people connected with the residence-->
	<person>
		<employee id="id_1" working="yes" complaint="no" criminal_record="NA">
			<name>
				<first_name>Adam</first_name>
				<surname>Lakatos</surname>
			</name>
			<address>
				<street>Tupolevova</street>
				<house_number>23</house_number>
				<city>Bydzov</city>
				<zip>18200</zip>
				<state>Czech republic</state>
			</address>			
			<birth_number>810615/5532</birth_number>
			<email>lakatos@hotmail.com</email>
			<salary>15000</salary>
			<position>Engineer</position>
			<working_since>1987-01-01</working_since>
			<evaluation>Polite and reliable employee</evaluation>
		</employee>
		<employee id="id_2" working="yes" complaint="yes" criminal_record="yes">
			<name>
				<first_name>Dagmar</first_name>
				<surname>Povolna</surname>
			</name>
			<address>
				<street>Patkova</street>
				<house_number>3</house_number>
				<city>Praha</city>
				<zip>18200</zip>
				<state>Czech republic</state>
			</address>
			<birth_number>410715/5532</birth_number>			
			<email>povolna@kam.com</email>
			<salary>18000</salary>
			<position>Office manager</position>
			<working_since>1960-05-28</working_since>
			<evaluation>Unreliable and unpolite</evaluation>
		</employee>
		<employee id="id_3" working="yes" complaint="yes" criminal_record="no">
			<name>
				<first_name>Dagmar</first_name>
				<surname>Pucharova</surname>
			</name>
			<address>
				<street>Patkova</street>
				<house_number>3</house_number>
				<city>Praha</city>
				<zip>18200</zip>
				<state>Czech republic</state>
			</address>
			<birth_number>710715/5532</birth_number>			
			<email>pucharovaDagmar@kam.com</email>
			<salary>16000</salary>
			<position>Office manager</position>
			<working_since>2010-11-07</working_since>
		</employee>
		<student idS="idS_1" idR="B1602" complaint="no" debt="1000">
			<name>
				<first_name>Antal</first_name>
				<surname>Stasek</surname>
			</name>
			<address>
				<street>Tereskovove</street>
				<house_number>1</house_number>
				<city>Bajkonur</city>
				<zip>12354</zip>
				<state>Kazachstan</state>
			</address>
			<birth_number>861103/4987</birth_number>
			<email>stasekAntal@gmail.com</email>
			<email>stasek@seznam.cz</email>
			<email>anonymous@komedie.cz</email>
			<faculty>MFF</faculty>
		</student>
		<student idS="idS_2" idR="B1601" complaint="no" debt="1000">
			<name>
				<first_name>Zbydek</first_name>
				<surname>Lebeda</surname>
			</name>
			<address>
				<street>Gagrin</street>
				<house_number>1</house_number>
				<city>As</city>
				<zip>12354</zip>
				<state>Czech Republic</state>
			</address>
			<birth_number>861012/4547</birth_number>			
			<email>zlebeda@gmail.com</email>
			<faculty>MFF</faculty>
		</student>
	</person>
	<!-- objects in the residence -->
	<object>
		<!-- list of inventories -->
		<inventories>
			<inventory idI="idI_1" color="blue">
				<name_inv>table</name_inv>
				<value>1000</value>
			</inventory>
			<inventory idI="idI_2" color="black">
				<name_inv>chair</name_inv>
				<value>400</value>
			</inventory>
			<inventory idI="idI_3">
				<name_inv>light</name_inv>
				<value>100</value>
			</inventory>
			<inventory idI="idI_4">
				<name_inv>sink</name_inv>
				<value>500</value>
			</inventory>
		</inventories>
		<!-- rooms to occupy -->
		<room idR="B1602">
			<description>Brand new and clean</description>
		</room>
		<room idR="B1601">
			<description>Needs to be repainted</description>
		</room>
	</object>
</residence>
