<?xml version="1.0" encoding="UTF-8"?>
<?xml-stylesheet type="text/xsl" href="data.xsl"?>

<!DOCTYPE databaze SYSTEM "data.dtd">

<databaze>
	<zakaznici>
		<zakaznik>
			
			<evidence>
	
				<!--  Seznam rezervaci zakaznika -->
				<faktury>

					<!--  Rezervace je identifikovana atributem klicRezervace -->
	
					<faktura cislo="F_3">
						<informace_zbozi>
							<seznam_zbozi>
								<zbozi oznaceni_dodavky="A" ks="2" cena_za_ks="3" sleva="4">
									<dph hodnota="5"></dph>
								</zbozi>
								<zbozi oznaceni_dodavky="B" ks="8" cena_za_ks="3" sleva="4">
									<dph hodnota="5"></dph>
								</zbozi>
							</seznam_zbozi>
						</informace_zbozi>

						<informace_ekonom>
							<penezni_ustav>
								<banka>
									<nazev nazev="Banka a"></nazev>
									<kod_banky kod="123"></kod_banky>
								</banka>
								<cislo_uctu>2123213245657/0300</cislo_uctu>
								<specificky_symbol>1</specificky_symbol>
							</penezni_ustav>
			
							<forma_uhrady>hotove</forma_uhrady>
				
							<casove_udaje>
								<splatnost>2009-07-18</splatnost>
								<vystaveni>2009-07-08</vystaveni>
								<odeslani>2009-07-08</odeslani>
							</casove_udaje>
				
						</informace_ekonom>

						<informace_rezie>
							<zpusob_dopravy>
							</zpusob_dopravy>
			
							<cislo_objednavky>
							</cislo_objednavky>
						</informace_rezie>
			
					</faktura>
					<faktura cislo="F_4">
						<informace_zbozi>
							<seznam_zbozi>
							</seznam_zbozi>
						</informace_zbozi>

						<informace_ekonom>
							<penezni_ustav>
								<banka>
									<nazev nazev=""></nazev>
									<kod_banky kod=""></kod_banky>
								</banka>
								<cislo_uctu>2123213245657/0300</cislo_uctu>
								<specificky_symbol>8</specificky_symbol>
							</penezni_ustav>

							<forma_uhrady>hotove</forma_uhrady>

							<casove_udaje>
								<splatnost>2009-07-18</splatnost>
								<vystaveni>2009-07-08</vystaveni>
								<odeslani>2009-07-08</odeslani>
							</casove_udaje>

						</informace_ekonom>

						<informace_rezie>
							<zpusob_dopravy>
							</zpusob_dopravy>

							<cislo_objednavky>
							</cislo_objednavky>
						</informace_rezie>

					</faktura>
					<faktura cislo="F_5">
						<informace_zbozi>
							<seznam_zbozi>
							</seznam_zbozi>
						</informace_zbozi>

						<informace_ekonom>
							<penezni_ustav>
								<banka>
									<nazev nazev=""></nazev>
									<kod_banky kod=""></kod_banky>
								</banka>
								<cislo_uctu>2123213245657/0300</cislo_uctu>
								<specificky_symbol>3</specificky_symbol>
							</penezni_ustav>

							<forma_uhrady>hotove</forma_uhrady>

							<casove_udaje>
								<splatnost>2009-07-18</splatnost>
								<vystaveni>2009-07-08</vystaveni>
								<odeslani>2009-07-08</odeslani>
							</casove_udaje>

						</informace_ekonom>

						<informace_rezie>
							<zpusob_dopravy>
							</zpusob_dopravy>

							<cislo_objednavky>
							</cislo_objednavky>
						</informace_rezie>

					</faktura>
					<faktura cislo="F_6">
						<informace_zbozi>
							<seznam_zbozi>
								<zbozi oznaceni_dodavky="E" ks="8" cena_za_ks="1" sleva="2">
									<dph hodnota="5"></dph>
								</zbozi>
							</seznam_zbozi>
						</informace_zbozi>

						<informace_ekonom>
							<penezni_ustav>
								<banka>
									<nazev nazev=""></nazev>
									<kod_banky kod=""></kod_banky>
								</banka>
								<cislo_uctu>2123213245657/0300</cislo_uctu>
								<specificky_symbol>2</specificky_symbol>
							</penezni_ustav>

							<forma_uhrady>hotove</forma_uhrady>

							<casove_udaje>
								<splatnost>2009-07-18</splatnost>
								<vystaveni>2009-07-08</vystaveni>
								<odeslani>2009-07-08</odeslani>
							</casove_udaje>

						</informace_ekonom>

						<informace_rezie>
							<zpusob_dopravy>
							</zpusob_dopravy>

							<cislo_objednavky>
							</cislo_objednavky>
						</informace_rezie>

					</faktura>
					<faktura cislo="F_7">
						<informace_zbozi>
							<seznam_zbozi>
								<zbozi oznaceni_dodavky="U" ks="3" cena_za_ks="2" sleva="1">
									<dph hodnota="21"></dph>
								</zbozi>
							</seznam_zbozi>
						</informace_zbozi>

						<informace_ekonom>
							<penezni_ustav>
								<banka>
									<nazev nazev=""></nazev>
									<kod_banky kod=""></kod_banky>
								</banka>
								<cislo_uctu>2123213245657/0300</cislo_uctu>
								<specificky_symbol>15</specificky_symbol>
							</penezni_ustav>

							<forma_uhrady>hotove</forma_uhrady>

							<casove_udaje>
								<splatnost>2009-07-18</splatnost>
								<vystaveni>2009-07-08</vystaveni>
								<odeslani>2009-07-08</odeslani>
							</casove_udaje>

						</informace_ekonom>

						<informace_rezie>
							<zpusob_dopravy>
							</zpusob_dopravy>

							<cislo_objednavky>
							</cislo_objednavky>
						</informace_rezie>

					</faktura>
					<faktura cislo="F_8">
						<informace_zbozi>
							<seznam_zbozi>
							</seznam_zbozi>
						</informace_zbozi>

						<informace_ekonom>
							<penezni_ustav>
								<banka>
									<nazev nazev=""></nazev>
									<kod_banky kod=""></kod_banky>
								</banka>
								<cislo_uctu>2123213245657/0300</cislo_uctu>
								<specificky_symbol>2</specificky_symbol>
							</penezni_ustav>

							<forma_uhrady>hotove</forma_uhrady>

							<casove_udaje>
								<splatnost>2009-07-18</splatnost>
								<vystaveni>2009-07-08</vystaveni>
								<odeslani>2009-07-08</odeslani>
							</casove_udaje>

						</informace_ekonom>

						<informace_rezie>
							<zpusob_dopravy>
							</zpusob_dopravy>

							<cislo_objednavky>
							</cislo_objednavky>
						</informace_rezie>

					</faktura>
					<faktura cislo="F_9">
						<informace_zbozi>
							<seznam_zbozi>
							</seznam_zbozi>
						</informace_zbozi>

						<informace_ekonom>
							<penezni_ustav>
								<banka>
									<nazev nazev=""></nazev>
									<kod_banky kod=""></kod_banky>
								</banka>
								<cislo_uctu>2123213245657/0300</cislo_uctu>
								<specificky_symbol>0</specificky_symbol>
							</penezni_ustav>

							<forma_uhrady>hotove</forma_uhrady>

							<casove_udaje>
								<splatnost>2009-07-18</splatnost>
								<vystaveni>2009-07-08</vystaveni>
								<odeslani>2009-07-08</odeslani>
							</casove_udaje>

						</informace_ekonom>

						<informace_rezie>
							<zpusob_dopravy>
							</zpusob_dopravy>

							<cislo_objednavky>
							</cislo_objednavky>
						</informace_rezie>

					</faktura>
					<faktura cislo="F_10">
						<informace_zbozi>
							<seznam_zbozi>
							</seznam_zbozi>
						</informace_zbozi>

						<informace_ekonom>
							<penezni_ustav>
								<banka>
									<nazev nazev=""></nazev>
									<kod_banky kod=""></kod_banky>
								</banka>
								<cislo_uctu>2123213245657/0300</cislo_uctu>
								<specificky_symbol>2</specificky_symbol>
							</penezni_ustav>

							<forma_uhrady>hotove</forma_uhrady>

							<casove_udaje>
								<splatnost>2009-07-18</splatnost>
								<vystaveni>2009-07-08</vystaveni>
								<odeslani>2009-07-08</odeslani>
							</casove_udaje>

						</informace_ekonom>

						<informace_rezie>
							<zpusob_dopravy>
							</zpusob_dopravy>

							<cislo_objednavky>
							</cislo_objednavky>
						</informace_rezie>

					</faktura>
					<faktura cislo="F_11">
						<informace_zbozi>
							<seznam_zbozi>
							</seznam_zbozi>
						</informace_zbozi>

						<informace_ekonom>
							<penezni_ustav>
								<banka>
									<nazev nazev=""></nazev>
									<kod_banky kod=""></kod_banky>
								</banka>
								<cislo_uctu>2123213245657/0300</cislo_uctu>
								<specificky_symbol>7</specificky_symbol>
							</penezni_ustav>

							<forma_uhrady>prevodem</forma_uhrady>

							<casove_udaje>
								<splatnost>2009-07-18</splatnost>
								<vystaveni>2009-07-08</vystaveni>
								<odeslani>2009-07-08</odeslani>
							</casove_udaje>

						</informace_ekonom>

						<informace_rezie>
							<zpusob_dopravy>
							</zpusob_dopravy>

							<cislo_objednavky>
							</cislo_objednavky>
						</informace_rezie>

					</faktura>
					<faktura cislo="F_12">
						<informace_zbozi>
							<seznam_zbozi>

							</seznam_zbozi>
						</informace_zbozi>

						<informace_ekonom>
							<penezni_ustav>
								<banka>
									<nazev nazev=""></nazev>
									<kod_banky kod=""></kod_banky>
								</banka>
								<cislo_uctu>2123213245657/0300</cislo_uctu>
								<specificky_symbol>7</specificky_symbol>
							</penezni_ustav>

							<forma_uhrady>prevodem</forma_uhrady>

							<casove_udaje>
								<splatnost>2009-07-18</splatnost>
								<vystaveni>2009-07-08</vystaveni>
								<odeslani>2009-07-08</odeslani>
							</casove_udaje>

						</informace_ekonom>

						<informace_rezie>
							<zpusob_dopravy>
							</zpusob_dopravy>

							<cislo_objednavky>
							</cislo_objednavky>
						</informace_rezie>

					</faktura>
				</faktury>
	
				<odberatele>
						<odberatel klic="ODBERATEL_1">
							<identifikace platce="ANO">
								<!--  IC -->
								<ICO>00000000</ICO>
								<!--  DIC -->
								<DIC>CZ0000000000</DIC>

								<firma>Šroubek, s.r.o.</firma>

								<!--  Adresa odberatele -->
								<adresa>
									<ulice>Chmelnice</ulice>
									<cp>13</cp>
									<mesto>Praha</mesto>
									<psc>12345</psc>
									<stat>ČR</stat>
								</adresa>

								<tel>123456789</tel>

							</identifikace>

							<odberatel_faktury>
								<odebrana_faktura cislo_faktury="F_6"/>
								<odebrana_faktura cislo_faktury="F_7"/>
								<odebrana_faktura cislo_faktury="F_8"/>
							</odberatel_faktury>
						</odberatel>
							<odberatel klic="ODBERATEL_2">
								<identifikace platce="ANO">
									<!--  IC -->
									<ICO>00000000</ICO>
									<!--  DIC -->
									<DIC>CZ0000000000</DIC>

									<firma>Šroubek, s.r.o.</firma>

									<!--  Adresa odberatele -->
									<adresa>
										<ulice>Chmelnice</ulice>
										<cp>13</cp>
										<mesto>Praha</mesto>
										<psc>12345</psc>
										<stat>ČR</stat>
									</adresa>

									<tel>123456789</tel>

								</identifikace>

								<odberatel_faktury>
									<odebrana_faktura cislo_faktury="F_3"/>
									<odebrana_faktura cislo_faktury="F_4"/>
									<odebrana_faktura cislo_faktury="F_5"/>
								</odberatel_faktury>
							</odberatel>
				</odberatele>


				<dodavatele>
	
					<!--  Zakaznik identifikovan atributem klic -->
					<dodavatel klic="PERSONA_1">
		
						<!--  Identifikace zakaznika, zakaznik ma IC, DIC a Adresu -->
						<identifikace platce="NE">
			
							<!--  IC -->
							<ICO>00000000</ICO>
							<!--  DIC -->
							<DIC>CZ0000000000</DIC>
			
							<firma>Šroubek, s.r.o.</firma>
			
							<!--  Adresa zakaznika -->
							<adresa>
								<ulice>Chmelnice</ulice>
								<cp>13</cp>
								<mesto>Praha</mesto>
								<psc>12345</psc>
								<stat>ČR</stat>
							</adresa>
			
							<tel>123456789</tel>
							<mob>987654321</mob>
				
						</identifikace>
			
						<dodavatel_faktury>
							<dodana_faktura cislo_faktury="F_3">
									<![CDATA[<test>content!</test>]]>
									Lorem ipsum reffering
							</dodana_faktura>
						</dodavatel_faktury>
					</dodavatel>
				</dodavatele>
			</evidence>
		</zakaznik>
	</zakaznici>
</databaze>