<?xml version="1.0" encoding="UTF-8"?>
<?xml-stylesheet href="styl.css" type="text/css"?>
<!DOCTYPE predajna SYSTEM "data.dtd">

<predajna>
	<!-- predavany tovar -->
	<script>
	<![CDATA[
function countwo(a,b)
{
	return a+b;
}
]]>
	</script>
	<tovar>
		<vyrobok vid="alk1" skladom="ano">
			<nazov>Staropramen světlý</nazov>
			<vyrobca>Pivovary Staropramen a.s, Praha<stat>CZ</stat>
			</vyrobca>
			<objem>0,5l</objem>
			<obj_alk>4%</obj_alk>
			<cena>10.90</cena>
			<statistika>
				<sklad>
					<zaciatok>44</zaciatok>
					<koniec>20</koniec>
				</sklad>
				<predane>24</predane>
			</statistika>
			<poznamka>svetlé, láhev</poznamka>
		</vyrobok>
		<vyrobok vid="alk2" skladom="nie">
			<nazov>Staropramen 11°</nazov>
			<vyrobca>Pivovary Staropramen a.s, Praha<stat>CZ</stat>
			</vyrobca>
			<objem>0,5l</objem>
			<obj_alk>4%</obj_alk>
			<cena>15.90</cena>
			<statistika>
				<sklad>
					<zaciatok>20</zaciatok>
					<koniec>0</koniec>
				</sklad>
				<predane>20</predane>
			</statistika>
			<poznamka>světlý ležák, lahev</poznamka>
		</vyrobok>
		<vyrobok vid="alk3" skladom="nie">
			<nazov>Heineken</nazov>
			<vyrobca>Heineken N.V., Amsterdam<stat>NL</stat>
			</vyrobca>
			<objem>0,5l</objem>
			<obj_alk>5%</obj_alk>
			<cena>20.90</cena>
			<statistika>
				<sklad>
					<zaciatok>18</zaciatok>
					<koniec>0</koniec>
				</sklad>
				<predane>18</predane>
			</statistika>
			<poznamka>světlý ležák, lahev</poznamka>
		</vyrobok>
		<vyrobok vid="alk4" skladom="ano">
			<nazov>Heineken</nazov>
			<vyrobca>Heineken N.V., Amsterdam<stat>NL</stat>
			</vyrobca>
			<objem>0,33l</objem>
			<obj_alk>5%</obj_alk>
			<cena>15.50</cena>
			<statistika>
				<sklad>
					<zaciatok>34</zaciatok>
					<koniec>20</koniec>
				</sklad>
				<predane>14</predane>
			</statistika>
			<poznamka>světlý ležák, plech</poznamka>
		</vyrobok>
		<vyrobok vid="alk5" skladom="ano">
			<nazov>Château Valtice Dornfelder</nazov>
			<vyrobca>Vinné sklepy Valtice, a. s.<stat>CZ</stat>
			</vyrobca>
			<objem>0,75l</objem>
			<obj_alk>12%</obj_alk>
			<cena>205.00</cena>
			<statistika>
				<sklad>
					<zaciatok>15</zaciatok>
					<koniec>10</koniec>
				</sklad>
				<predane>5</predane>
			</statistika>
			<poznamka>pozdní sběr, polosladké, červené, 2008</poznamka>
		</vyrobok>
		<vyrobok vid="alk6" skladom="ano">
			<nazov>Château Valtice Frankovka</nazov>
			<vyrobca>Vinné sklepy Valtice, a. s., Valtice<stat>CZ</stat>
			</vyrobca>
			<objem>0,75l</objem>
			<obj_alk>12%</obj_alk>
			<cena>87.90</cena>
			<statistika>
				<sklad>
					<zaciatok>14</zaciatok>
					<koniec>14</koniec>
				</sklad>
			</statistika>
			<poznamka>jakostní víno, suché, červené, 2012</poznamka>
		</vyrobok>
		<vyrobok vid="alk7" skladom="nie">
			<nazov>Božkov Original tuzemský</nazov>
			<vyrobca>Stock Plzeň - Božkov s.r.o., Plzeň - Božkov<stat>CZ</stat>
			</vyrobca>
			<objem>0,5l</objem>
			<obj_alk>38%</obj_alk>
			<cena>139.90</cena>
			<statistika>
				<sklad>
					<zaciatok>5</zaciatok>
					<koniec>0</koniec>
				</sklad>
				<predane>5</predane>
			</statistika>
		</vyrobok>
		<vyrobok vid="alk8" skladom="ano">
			<nazov>Bacardi Black Rum</nazov>
			<vyrobca>Bacardi Global Brands Limited, Londýn<stat>UK</stat>
			</vyrobca>
			<objem>0,7l</objem>
			<obj_alk>38%</obj_alk>
			<cena>399.00</cena>
			<statistika>
				<sklad>
					<zaciatok>10</zaciatok>
					<koniec>8</koniec>
				</sklad>
				<predane>2</predane>
			</statistika>
			<poznamka>&lt;</poznamka>
		</vyrobok>
		<vyrobok vid="alk9" skladom="ano">
			<nazov>Absolut Vodka</nazov>
			<vyrobca>The Absolut Company, Stockholm<stat>SE</stat>
			</vyrobca>
			<objem>1,5l</objem>
			<obj_alk>40%</obj_alk>
			<cena>749.00</cena>
			<statistika>
				<sklad>
					<zaciatok>11</zaciatok>
					<koniec>10</koniec>
				</sklad>
				<predane>1</predane>
			</statistika>
		</vyrobok>
		<vyrobok vid="alk10" skladom="ano">
			<nazov>Finlandia Vodka</nazov>
			<vyrobca>Finlandia Vodka Worldwide Ltd., Helsinki<stat>FI</stat>
			</vyrobca>
			<objem>0,5l</objem>
			<obj_alk>40%</obj_alk>
			<cena>309.00</cena>
			<statistika>
				<sklad>
					<zaciatok>8</zaciatok>
					<koniec>5</koniec>
				</sklad>
				<predane>3</predane>
			</statistika>
		</vyrobok>
		<vyrobok vid="alk11" skladom="ano">
			<nazov>Spišská Borovička</nazov>
			<vyrobca>Gas Familia, s.r.o., Stará Ľubovňa<stat>SK</stat>
			</vyrobca>
			<objem>0,7l</objem>
			<obj_alk>45%</obj_alk>
			<cena>259.00</cena>
			<statistika>
				<sklad>
					<zaciatok>16</zaciatok>
					<koniec>10</koniec>
				</sklad>
				<predane>6</predane>
			</statistika>
		</vyrobok>
		<vyrobok vid="alk12" skladom="ano">
			<nazov>Ballantine's Finest Skotská whisky</nazov>
			<vyrobca>George Ballantine and Son LTD, Dumbarton<stat>UK</stat>
			</vyrobca>
			<objem>0,7l</objem>
			<obj_alk>40%</obj_alk>
			<cena>375.00</cena>
			<statistika>
				<sklad>
					<zaciatok>4</zaciatok>
					<koniec>4</koniec>
				</sklad>
			</statistika>
		</vyrobok>
	</tovar>
	<!-- zaznam ucteniek za mesiac februar -->
	<uctenky>
		<doklad did="d1">
			<text/>
			<datum>
				<den>2</den>
				<mesiac>2</mesiac>
				<rok>2013</rok>
			</datum>
			<polozka vid_ref="alk1">
				<ks>20</ks>
			</polozka>
			<polozka vid_ref="alk5">
				<ks>2</ks>
			</polozka>
		</doklad>
		<doklad did="d2">
			<text/>
			<datum>
				<den>2</den>
				<mesiac>2</mesiac>
				<rok>2013</rok>
			</datum>
			<polozka vid_ref="alk2">
				<ks>10</ks>
			</polozka>
			<polozka vid_ref="alk12">
				<ks>2</ks>
			</polozka>
		</doklad>
		<doklad did="d3">
			<text/>
			<datum>
				<den>6</den>
				<mesiac>2</mesiac>
				<rok>2013</rok>
			</datum>
			<polozka vid_ref="alk2">
				<ks>10</ks>
			</polozka>
			<polozka vid_ref="alk10">
				<ks>1</ks>
			</polozka>
			<polozka vid_ref="alk4">
				<ks>1</ks>
			</polozka>
			<polozka vid_ref="alk5">
				<ks>1</ks>
			</polozka>
		</doklad>
		<doklad did="d4">
			<text/>
			<datum>
				<den>10</den>
				<mesiac>2</mesiac>
				<rok>2013</rok>
			</datum>
			<polozka vid_ref="alk1">
				<ks>5</ks>
			</polozka>
			<polozka vid_ref="alk2">
				<ks>4</ks>
			</polozka>
			<polozka vid_ref="alk7">
				<ks>2</ks>
			</polozka>
			<polozka vid_ref="alk4">
				<ks>2</ks>
			</polozka>
		</doklad>
		<doklad did="d5">
			<text/>
			<datum>
				<den>15</den>
				<mesiac>2</mesiac>
				<rok>2013</rok>
			</datum>
			<polozka vid_ref="alk11">
				<ks>3</ks>
			</polozka>
		</doklad>
		<doklad did="d6">
			<text/>
			<datum>
				<den>20</den>
				<mesiac>2</mesiac>
				<rok>2013</rok>
			</datum>
			<polozka vid_ref="alk3">
				<ks>4</ks>
			</polozka>
			<polozka vid_ref="alk11">
				<ks>2</ks>
			</polozka>
		</doklad>
		<doklad did="d7">
			<text/>
			<datum>
				<den>22</den>
				<mesiac>2</mesiac>
				<rok>2013</rok>
			</datum>
			<polozka vid_ref="alk5">
				<ks>2</ks>
			</polozka>
			<polozka vid_ref="alk7">
				<ks>1</ks>
			</polozka>
		</doklad>
		<doklad did="d8">
			<text/>
			<datum>
				<den>24</den>
				<mesiac>2</mesiac>
				<rok>2013</rok>
			</datum>
			<polozka vid_ref="alk3">
				<ks>4</ks>
			</polozka>
			<polozka vid_ref="alk7">
				<ks>2</ks>
			</polozka>
			<polozka vid_ref="alk10">
				<ks>1</ks>
			</polozka>
		</doklad>
		<doklad did="d9">
			<text/>
			<datum>
				<den>27</den>
				<mesiac>2</mesiac>
				<rok>2013</rok>
			</datum>
			<polozka vid_ref="alk9">
				<ks>4</ks>
			</polozka>
			<polozka vid_ref="alk12">
				<ks>2</ks>
			</polozka>
		</doklad>
	</uctenky>
</predajna>
