<?xml version="1.0" encoding="UTF-8"?>
<!DOCTYPE REZERVACIA_LETENIEK SYSTEM "data.dtd">
<REZERVACIA_LETENIEK ZADANIE="&zadanie;" AUTOR="&autor;">
	<ZAKAZNIK ZAKAZNIK_ID="ID_1">
		<TITUL TYP="Ing"/>
		<MENO>Ferko</MENO>
		<PRIEZVISKO>Mrkvicka</PRIEZVISKO>
		<ADRESA PSC="12345">
			<ULICA>
				<NAZOV_ULICE>Krtia ulica</NAZOV_ULICE>
				<CISLO_DOMU>7</CISLO_DOMU>
			</ULICA>
			<CISLO>7</CISLO>
			<MESTO>Praha</MESTO>
			<STAT>
			<NAZOV_STATU>Ceska Republika</NAZOV_STATU> 
			<KRAJ>
				<NAZOV_KRAJU>Praha</NAZOV_KRAJU>
				<KOD>3434</KOD>
			</KRAJ>
			
			</STAT>
		</ADRESA>
		<VEK>25</VEK>
		<TELEFONNE_CISLO typ="MOBIL">45566883</TELEFONNE_CISLO>
		
		<TYP_ZAKAZNIKA>obycajny</TYP_ZAKAZNIKA>
		<BONUS TYP="nie"/>
		<SPECIALNE_POZIADAVKY><ZIADNE></ZIADNE></SPECIALNE_POZIADAVKY>
		<NARODNOST>Ceska</NARODNOST>
	</ZAKAZNIK>
	<ZAKAZNIK ZAKAZNIK_ID="ID_2">
		<TITUL TYP="ziadny"/>
		<MENO>Janko</MENO>
		<PRIEZVISKO>Hrasko</PRIEZVISKO>
		<ADRESA PSC="34577">
			<ULICA>
				<NAZOV_ULICE>Zelena ulica</NAZOV_ULICE>
				<CISLO_DOMU>10</CISLO_DOMU>
			</ULICA>
			<CISLO>10</CISLO>
			<MESTO>Bratislava</MESTO>
			<STAT>
			<NAZOV_STATU>Slovensko</NAZOV_STATU>
<KRAJ>
	<NAZOV_KRAJU>Zapadoslovensky</NAZOV_KRAJU>
	<KOD>34343</KOD>
</KRAJ>			
			</STAT>
		</ADRESA>
		<VEK>42</VEK>
		<TELEFONNE_CISLO typ="PEVNA_LINKA">4567892</TELEFONNE_CISLO>
		<TELEFONNE_CISLO typ="MOBIL">34512345</TELEFONNE_CISLO>
		
		<TYP_ZAKAZNIKA>Verny</TYP_ZAKAZNIKA>
		<BONUS TYP="ano"/>
		<SPECIALNE_POZIADAVKY><ZIADNE></ZIADNE></SPECIALNE_POZIADAVKY>
		<NARODNOST>Slovenska</NARODNOST>
	</ZAKAZNIK>
	<ZAKAZNIK ZAKAZNIK_ID="ID_3">
		<TITUL TYP="ziadny"/>
		<MENO>Hans</MENO>
		<PRIEZVISKO>Scheissekopf</PRIEZVISKO>
		<ADRESA PSC="678456">
			<ULICA>
				<NAZOV_ULICE>Schlechte Strasse</NAZOV_ULICE>
				<CISLO_DOMU>6</CISLO_DOMU>
			</ULICA>
			<CISLO>6</CISLO>
			<MESTO>Wien</MESTO>
			<STAT><NAZOV_STATU>Ossterreich</NAZOV_STATU>
<KRAJ>
	<NAZOV_KRAJU>Nieder Osterreich</NAZOV_KRAJU>
	<KOD>45454</KOD>
</KRAJ>			
			</STAT>
		</ADRESA>
		<VEK>text</VEK>
		<TELEFONNE_CISLO typ="PEVNA_LINKA">4578934</TELEFONNE_CISLO>
		<TYP_ZAKAZNIKA>obycajny</TYP_ZAKAZNIKA>
		<BONUS TYP="nie"/>
		<NARODNOST>Rakuska</NARODNOST>
	</ZAKAZNIK>
	<ZAKAZNIK ZAKAZNIK_ID="ID_4">
		<TITUL TYP="ziadny"/>
		<MENO>John</MENO>
		<PRIEZVISKO>Rubbish</PRIEZVISKO>
		<ADRESA PSC="67554">
			<ULICA>
				<NAZOV_ULICE>Stinky Street</NAZOV_ULICE>
				<CISLO_DOMU>34</CISLO_DOMU>
			</ULICA>
			<CISLO>34</CISLO>
			<MESTO>London</MESTO>
			<STAT><NAZOV_STATU>UK</NAZOV_STATU>
			<KRAJ>
				<NAZOV_KRAJU>London</NAZOV_KRAJU>
				<KOD>434343</KOD>
			</KRAJ>
			</STAT>
		</ADRESA>
		<VEK>17</VEK>
		<TELEFONNE_CISLO typ="MOBIL">450285739</TELEFONNE_CISLO>
		<TYP_ZAKAZNIKA>obycajny</TYP_ZAKAZNIKA>
		<BONUS TYP="nie"/>
		<SPECIALNE_POZIADAVKY><ZIADNE/></SPECIALNE_POZIADAVKY>
		<NARODNOST>British</NARODNOST>
	</ZAKAZNIK>
	<ZAKAZNIK ZAKAZNIK_ID="ID_5">
		<TITUL TYP="Mudr"/>
		<MENO>Pedro</MENO>
		<PRIEZVISKO>Cipollo</PRIEZVISKO>
		<ADRESA PSC="56742">
			<ULICA>
				<NAZOV_ULICE>Calle de Mierda</NAZOV_ULICE>
				<CISLO_DOMU>83</CISLO_DOMU>
			</ULICA>
			<CISLO>83</CISLO>
			<MESTO>Madrid</MESTO>
			<STAT>
<NAZOV_STATU>Espana</NAZOV_STATU>
<KRAJ>
	<NAZOV_KRAJU>Espana Central</NAZOV_KRAJU>
	<KOD>3434</KOD>
</KRAJ>			
			</STAT>
		</ADRESA>
		<VEK>42</VEK>
		<TELEFONNE_CISLO typ="PEVNA_LINKA">230567</TELEFONNE_CISLO>
		<TYP_ZAKAZNIKA>Verny</TYP_ZAKAZNIKA>
		<BONUS TYP="ano"/>
		<SPECIALNE_POZIADAVKY><ZIADNE/></SPECIALNE_POZIADAVKY>
		<NARODNOST>Spanielska</NARODNOST>
	</ZAKAZNIK>
	<LETISKO LETISKO_ID="ID_6">
		<NAZOV_LETISKA>M.R. Stefanika</NAZOV_LETISKA>
		<LET_STAT>Slovensko</LET_STAT>
		<LET_MESTO>Bratislava</LET_MESTO>
	</LETISKO>
	<LETISKO LETISKO_ID="ID_7">
		<NAZOV_LETISKA>Vaclava Havla</NAZOV_LETISKA>
		<LET_STAT>Ceska Republika</LET_STAT>
		<LET_MESTO>Praha</LET_MESTO>
	</LETISKO>
	<LETISKO LETISKO_ID="ID_8">
		<NAZOV_LETISKA>Turany</NAZOV_LETISKA>
		<LET_STAT>Ceks Republika</LET_STAT>
		<LET_MESTO>Brno</LET_MESTO>
	</LETISKO>
	<LETISKO LETISKO_ID="ID_9">
		<NAZOV_LETISKA>Fiumicino</NAZOV_LETISKA>
		<LET_STAT>Italia</LET_STAT>
		<LET_MESTO>Roma</LET_MESTO>
	</LETISKO>
	<LETISKO LETISKO_ID="ID_10">
		<NAZOV_LETISKA>Barajas</NAZOV_LETISKA>
		<LET_STAT>Espana</LET_STAT>
		<LET_MESTO>Madrid</LET_MESTO>
	</LETISKO>
	<LETENKA ZAKAZNIK_ID_REF="ID_1">
		<MENO>Ferko</MENO>
		<PRIEZVISKO>Mrkvicka</PRIEZVISKO>
		<DESTINACIE>
			<ODKIAL ODKIAL_ID_REF="ID_7">
				<NAZOV_LETISKA>Vaclava Havla</NAZOV_LETISKA>
				<TERMINAL>2</TERMINAL>
			</ODKIAL>
			<KAM KAM_ID_REF="ID_10">
				<NAZOV_LETISKA>Barajas</NAZOV_LETISKA>
				<TERMINAL>3</TERMINAL>
			</KAM>
		</DESTINACIE>
		<DATUMY>
			<ODLET>
				<ROK>2013</ROK>
				<MESIAC>3</MESIAC>
				<DEN>10</DEN>
				<HODINA>12</HODINA>
				<MINUTA>30</MINUTA>
			</ODLET>
			<PRILET>
				<ROK>2013</ROK>
				<MESIAC>3</MESIAC>
				<DEN>10</DEN>
				<HODINA>14</HODINA>
				<MINUTA>00</MINUTA>
			</PRILET>
		</DATUMY>
		<PLATBA>
			<SUMA>200</SUMA>
			<MENA TYP="EUR"/>
			<TYP DRUH="KARTA"/>
		</PLATBA>
		<OSTATNE>nic</OSTATNE>
	</LETENKA>
	<LETENKA ZAKAZNIK_ID_REF="ID_2">
		<MENO>Janko</MENO>
		<PRIEZVISKO>Hrasko</PRIEZVISKO>
		<DESTINACIE>
			<ODKIAL ODKIAL_ID_REF="ID_8">
				<NAZOV_LETISKA>Turany</NAZOV_LETISKA>
				<TERMINAL>1</TERMINAL>
			</ODKIAL>
			<KAM KAM_ID_REF="ID_9">
				<NAZOV_LETISKA>Fiumicino</NAZOV_LETISKA>
				<TERMINAL>2</TERMINAL>
			</KAM>
		</DESTINACIE>
		<DATUMY>
			<ODLET>
				<ROK>2013</ROK>
				<MESIAC>5</MESIAC>
				<DEN>11</DEN>
				<HODINA>13</HODINA>
				<MINUTA>00</MINUTA>
			</ODLET>
			<PRILET>
				<ROK>2013</ROK>
				<MESIAC>5</MESIAC>
				<DEN>11</DEN>
				<HODINA>15</HODINA>
				<MINUTA>00</MINUTA>
			</PRILET>
		</DATUMY>
		<PLATBA>
			<SUMA>6500</SUMA>
			<MENA TYP="CZK"/>
			<TYP DRUH="KARTA"/>
		</PLATBA>
		<OSTATNE>nic</OSTATNE>
	</LETENKA>
	<LETENKA ZAKAZNIK_ID_REF="ID_3">
		<MENO>Hans</MENO>
		<PRIEZVISKO>Scheisskopf</PRIEZVISKO>
		<DESTINACIE>
			<ODKIAL ODKIAL_ID_REF="ID_6">
				<NAZOV_LETISKA>M.R. Stefanika</NAZOV_LETISKA>
				<TERMINAL>1</TERMINAL>
			</ODKIAL>
			<KAM KAM_ID_REF="ID_10">
				<NAZOV_LETISKA>Barajas</NAZOV_LETISKA>
				<TERMINAL>2</TERMINAL>
			</KAM>
		</DESTINACIE>
		<DATUMY>
			<ODLET>
				<ROK>2013</ROK>
				<MESIAC>7</MESIAC>
				<DEN>4</DEN>
				<HODINA>17</HODINA>
				<MINUTA>30</MINUTA>
			</ODLET>
			<PRILET>
				<ROK>2013</ROK>
				<MESIAC>7</MESIAC>
				<DEN>4</DEN>
				<HODINA>20</HODINA>
				<MINUTA>00</MINUTA>
			</PRILET>
		</DATUMY>
		<PLATBA>
			<SUMA>250</SUMA>
			<MENA TYP="EUR"/>
			<TYP DRUH="KARTA"/>
		</PLATBA>
		<OSTATNE>nic</OSTATNE>
	</LETENKA>
	<LETENKA ZAKAZNIK_ID_REF="ID_4">
		<MENO>John</MENO>
		<PRIEZVISKO>Rubbish</PRIEZVISKO>
		<DESTINACIE>
			<ODKIAL ODKIAL_ID_REF="ID_6">
				<NAZOV_LETISKA>M.R. Stefanika</NAZOV_LETISKA>
				<TERMINAL>2</TERMINAL>
			</ODKIAL>
			<KAM KAM_ID_REF="ID_7">
				<NAZOV_LETISKA>Vaclava Havla</NAZOV_LETISKA>
				<TERMINAL>3</TERMINAL>
			</KAM>
		</DESTINACIE>
		<DATUMY>
			<ODLET>
				<ROK>2013</ROK>
				<MESIAC>10</MESIAC>
				<DEN>10</DEN>
				<HODINA>12</HODINA>
				<MINUTA>00</MINUTA>
			</ODLET>
			<PRILET>
				<ROK>2013</ROK>
				<MESIAC>10</MESIAC>
				<DEN>10</DEN>
				<HODINA>12</HODINA>
				<MINUTA>30</MINUTA>
			</PRILET>
		</DATUMY>
		<PLATBA>
			<SUMA>150</SUMA>
			<MENA TYP="EUR"/>
			<TYP DRUH="KARTA"/>
		</PLATBA>
		<OSTATNE>nic</OSTATNE>
	</LETENKA>
	
</REZERVACIA_LETENIEK>
