<?xml version="1.0" encoding="UTF-8"?>
<airport>
    <flotilas>
        <flotila>
            <description>7th flotila</description>
            <airplane id="A6">
                <label>Aš</label>
                <manufacturer>Boeing</manufacturer>
                <model>F-22</model>
                <seats classes="1">1</seats>
                <year>2010</year>
            </airplane>
            <flotila>
                <airplane id="A7">
                    <label>Ústí nad Labem</label>
                    <manufacturer>Boeing</manufacturer>
                    <model>F-22</model>
                    <seats classes="1">1</seats>
                    <year>2010</year>
                </airplane>
            </flotila>
        </flotila>
        <flotila>
            <description>Main flotila</description>
            <chief-pilot>
                <firstname>John</firstname>
                <lastname>Doe</lastname>
            </chief-pilot>
            <airplane id="A1">
                <label>Karlovy Vary</label>
                <manufacturer>Boeing</manufacturer>
                <model>737-800</model>
                <seats classes="1">189</seats>
                <year>1998</year>
            </airplane>
            <airplane id="A3">
                <label>Liberec</label>
                <manufacturer>Airbus</manufacturer>
                <model>A320-200</model>
                <seats classes="1">150</seats>
                <year>2007</year>
                <description>
                    <para>Short range passanger jet</para>
                    <note>
                        <para>Left wing is a bit loose</para>
                    </note>
                    <note>
                        Airbus didn't send the replacement engine yet
                    </note>
                </description>
            </airplane>
            <flotila>
                <description>Corporate jet flotila</description>
                <chief-pilot>
                    <firstname>James</firstname>
                    <lastname>Bond</lastname>
                </chief-pilot>
                <airplane id="A4">
                    <label>Zlín</label>
                    <manufacturer>Airbus</manufacturer>
                    <model>A319CJ</model>
                    <seats classes="1">39</seats>
                    <year>2003</year>
                    <description>
                        <note>
                            <para>Don't flush the rear toilet</para>
                        </note>
                    </description>
                </airplane>
            </flotila>
            <flotila>
                <description>Backup flotila</description>
                <airplane id="A2">
                    <label>České Budějovice</label>
                    <manufacturer>Boeing</manufacturer>
                    <model>737-800</model>
                    <seats classes="2">162</seats>
                    <year>2004</year>
                </airplane>
                <airplane id="A5">
                    <label>Jičín</label>
                    <manufacturer>Airbus</manufacturer>
                    <model>A380</model>
                    <seats classes="3">525</seats>
                    <year>2009</year>
                </airplane>
            </flotila>
        </flotila>
    </flotilas>
    <pilots>
        <pilot>
            <name>
                <first>James</first>
                <last>Bond</last>
            </name>
            <specialization>Boeing</specialization>
            <hours>964</hours>
            <email>james.bond@mi6.uk</email>
        </pilot>
        <pilot>
            <name>
                <first>John</first>
                <last>Doe</last>
            </name>
            <specialization>Airbus</specialization>
            <hours>112</hours>
            <email>john@doe.tv</email>
            <teacher>Newton</teacher>
            <teacher>Probst</teacher>
        </pilot>
        <pilot>
            <name>
                <first>Jeff</first>
                <last>Probst</last>
            </name>
            <specialization>Cessna</specialization>
            <hours>9</hours>
            <teacher>Bond</teacher>
            <email>jeff.probst@survivor.com</email>
        </pilot>
        <pilot>
            <name>
                <last>Newton</last>
            </name>
            <specialization>Cessna</specialization>
            <email>newton@airline.air</email>
            <hours>999</hours>
        </pilot>
        <pilot>
            <name>
                <first>Mr.</first>
                <last>Bean</last>
            </name>
            <email>mrbean@tv.uk</email>
            <teacher>Doe</teacher>
        </pilot>
        <pilot>
            <name>
                <first>Jan</first>
                <last>Novak</last>
            </name>
            <teacher>Doe</teacher>
            <email>novak@abc.cz</email>
        </pilot>
    </pilots>
</airport>