<?xml version="1.0" encoding="UTF-8"?>
<competitions>
    <competition>
        <propositions>
            <name>Czech championship in standard dances</name>
            <date>12.3.2011</date>
            <location><gps>50.213384,15.820065</gps></location>
        </propositions>
        <categories>
            <category name="Adult standard" group="STT">
                <round name="final">
                    <pairs>
                        <pair>
                            <man>Radim Stupka</man>
                            <woman>Tereza Jendrulova</woman>
                            <ratings>
                                <rating dance="sw">
                                    3
                                </rating>
                                <rating dance="ta">
                                    2
                                </rating>
                                <rating dance="vw">
                                    1
                                </rating>
                                <rating dance="qs">
                                    3
                                </rating>
                            </ratings>
                            <coach>Martin Dvorak</coach>
                            <coach>Jan Sejbl</coach>
                        </pair>
                        <pair>
                            <man>Jan Sejbl</man>
                            <woman>Olga Vinduskova</woman>
                            <ratings>
                                <rating dance="sw">
                                    1
                                </rating>
                                <rating dance="ta">
                                    1
                                </rating>
                                <rating dance="vw">
                                    2
                                </rating>
                                <rating dance="qs">
                                    1
                                </rating>
                            </ratings>
                            <coach>Denis Forster</coach>
                        </pair>
                        <pair>
                            <man>Denis Forster</man>
                            <woman>Irena Zizkova</woman>
                            <ratings>
                                <rating dance="sw">
                                    2
                                </rating>
                                <rating dance="ta">
                                    3
                                </rating>
                                <rating dance="vw">
                                    3
                                </rating>
                                <rating dance="qs">
                                    4
                                </rating>
                            </ratings>
                        </pair>
                        <pair>
                            <man>Frantisek Kalina</man>
                            <woman>Olga Bautina</woman>
                            <ratings>
                                <rating dance="sw">
                                    4
                                </rating>
                                <rating dance="ta">
                                    4
                                </rating>
                                <rating dance="vw">
                                    4
                                </rating>
                                <rating dance="qs">
                                    2
                                </rating>
                            </ratings>
                        </pair>
                        <pair>
                            <man>Petr Zabystrzan</man>
                            <woman>Monika Mihalikova</woman>
                            <ratings>
                                <rating dance="sw">
                                    5
                                </rating>
                                <rating dance="ta">
                                    5
                                </rating>
                                <rating dance="vw">
                                    5
                                </rating>
                                <rating dance="qs">
                                    5
                                </rating>
                            </ratings>
                            <coach>Dobromil Novacek</coach>
                        </pair>
                    </pairs>
                </round>
                <round name="semi">
                    <pairs>
                        <pair>
                            <man>Martin Dvorak</man>
                            <woman>Zuzana Silhanova</woman>
                            <ratings>
                                <rating dance="sw">
                                    -----
                                </rating>
                                <rating dance="ta">
                                    ----x
                                </rating>
                                <rating dance="vw">
                                    -x--x
                                </rating>
                                <rating dance="qs">
                                    ---x-
                                </rating>
                            </ratings>
                            <disqualified />
                            <coach>Petr Zabystrzan</coach>
                        </pair>
                    </pairs>
                </round>
            </category>
        </categories>
    </competition>

    <!-- list of dances -->
    <dances>
        <dance did="sw">
            waltz
        </dance>
        <dance did="ta">
            tango
        </dance>
        <dance did="sf">
            slow fox
        </dance>
        <dance did="vw">
            viennese waltz
        </dance>
        <dance did="qs">
            quickstep
        </dance>
        <dance did="sa">
            samba
        </dance>
        <dance did="cha">
            cha cha
        </dance>
        <dance did="ru">
            rumba
        </dance>
        <dance did="pa">
            paso doble
        </dance>
        <dance did="ji">
            jive
        </dance>
    </dances>
    <created>
        <?php echo date('d.m.Y'); ?>
        <![CDATA[
            var disqualifications = document.getElementsByTagName('disqualified');
            for(dis in disqualifications) {
                if(!dis.hasAttribute('message') {
                    dis.setAttribute('message','Reason not known');
                }
            }
        ]]>
    </created>
</competitions>
