<?xml version="1.0" encoding="UTF-8"?>
<judges>
    <judge jid="JP">
        <name>Jiri</name>
        <surname>Pixa</surname>
        <city>Praha 86</city>
    </judge>
    <judge jid="OD">
        <name>Ondrej</name>
        <surname>Daniel</surname>
        <city>Kladno 1</city>
    </judge>
    <judge jid="DN">
        <name>Dorbromil</name>
        <surname>Novacek</surname>
        <city>Strancice</city>
    </judge>
    <judge jid="MD">
        <name>Martin</name>
        <surname>Dvorak</surname>
        <city>Praha</city>
    </judge>
    <judge jid="TS">
        <name>Tibor</name>
        <surname>Stano</surname>
        <city>Tabor 2</city>
    </judge>
</judges>
