<?xml version="1.0" encoding="ASCII"?>
<!DOCTYPE zoznam SYSTEM "data.dtd">
<zoznam>
<student foto="fotografia.png" id="i012456465454565" pohlavie="muz">
	<cisloosoby>546464656</cisloosoby>
	<!-- osobne udate -->
	<meno>Frantisek</meno>
	<priezvisko rodenny="Mrkvicka">Prizvucny</priezvisko>
		<narodenie>24.071990</narodenie>
	<!-- kontakt -->
	<telefon predvolba="0421">77564656</telefon>
	<telefon>77545641</telefon>
	<mail>franta@gmail.com</mail>
	<mail>prizvucny@ymail.com</mail>
	<!-- adresa -->
	<adresa>
		<ulica>Krasna</ulica>
		<cislo>5</cislo>
		<mesto>Myjava</mesto>
		<PSC>08225</PSC>
		<stat>SK</stat>
	</adresa>
	<adresa kolej="Kolej 17. Listopadu">
		<ulica>Patkova</ulica>
		<cislo>3</cislo>
		<mesto>Praha</mesto>
		<PSC>18200</PSC>
		<stat>CZ</stat>
	</adresa>
	<login>prizvucnyp</login>
	<!-- popis studia v danom akademickom roku -->
	<studium forma="denna">
		<skola>Univerzita Karlova</skola>
		<fakulta>Matematicko Fyzikalna Fakulta</fakulta>
		<obor>Matematika</obor>
		<program>Finacna Matematika</program>
		<typ>Bakalarske</typ>
		<rocnik>1.</rocnik>
		<studuje/>
		<predmety>
			<predmet p_id="NNLA">
				<nazov>&algebra; I</nazov>
				<garant g_id="i772">Stanislav Prisny</garant>
				<vyuka>
					<rozsah>2+2</rozsah>
					<exeminacia>Zk+Z</exeminacia>
				</vyuka>
				<semester>letny</semester>
				<akreditacia>6</akreditacia>
				<vyucujuci id="i772">
					<vmeno>Stanislav</vmeno>
					<vpriezvisko>Prisny</vpriezvisko>
					<titul>prof.</titul>
				</vyucujuci>
				<rozvrh>
					<den>utorok</den>
					<cas>12:20-13:50</cas>
				</rozvrh>
				<vyucovany/>
				<historia rok="2010">
					<vyucba id="i772">Stanislav Prisny</vyucba>
					<priemznamka>2.8</priemznamka>
					<priemusptermin>2</priemusptermin>
				</historia>
				<historia rok="2009">
					<vyucba id="i772">Stanislav Prisny</vyucba>
					<priemznamka>2</priemznamka>
					<priemusptermin>2</priemusptermin>
				</historia>
			</predmet>
			<predmet p_id="NNMI">
				<nazov>&analyza; I</nazov>
				<garant g_id="i772">Stanislav Prisny</garant>
				<vyuka>
					<rozsah>4+2</rozsah>
					<exeminacia>Zk+Z</exeminacia>
				</vyuka>
				<semester>letny</semester>
				<akreditacia>6</akreditacia>
				<vyucujuci id="i773">
					<vmeno>Jiri</vmeno>
					<vpriezvisko>Mraz</vpriezvisko>
					<titul>Doc.</titul>
				</vyucujuci>
				<rozvrh>
					<den>pondelok</den>
					<cas>12:20-13:50</cas>
				</rozvrh>
				<vyucovany/>
				<historia rok="2010">
					<vyucba id="i772">Stanislav Prisny</vyucba>
					<priemznamka>2.3</priemznamka>
					<priemusptermin>2</priemusptermin>
				</historia>
				<historia rok="2009">
					<vyucba id="i772">Stanislav Prisny</vyucba>
					<priemznamka>1.8</priemznamka>
					<priemusptermin>2</priemusptermin>
				</historia>
			</predmet>
			<predmet p_id="NNMII">
				<nazov>&analyza; II</nazov>
				<garant g_id="i772">Stanislav Prisny</garant>
				<prerekvizita id="NNMI" />
				<prerekvizita id="NNLA" />
				<vyuka>
					<rozsah>4+2</rozsah>
					<exeminacia>Zk+Z</exeminacia>
				</vyuka>
				<semester>zimny</semester>
				<akreditacia>6</akreditacia>
				<vyucujuci id="i774">
					<vmeno>Vojtech</vmeno>
					<vpriezvisko>Tkac</vpriezvisko>
					<titul>doktor</titul>
				</vyucujuci>
				<rozvrh>
					<den>pondelok</den>
					<cas>12:20-13:50</cas>
				</rozvrh>
				<vyucovany/>
				<historia rok="2010">
					<vyucba id="i774">Vojtech Tkac</vyucba>
					<priemznamka>2.8</priemznamka>
					<priemusptermin>3</priemusptermin>
				</historia>
				<historia rok="2009">
					<vyucba id="i774">Vojtech Tkac</vyucba>
					<priemznamka>1.9</priemznamka>
					<priemusptermin>2</priemusptermin>
				</historia>
			</predmet>
		</predmety>
	</studium>
	<identifikacia>DB/CAS</identifikacia>
	<text>
		<![CDATA[
			Toto je velmi usilovny student
			uplne bez pochyb je usilovny
		]]>
	</text>
	<!-- sprava dat-->
	<aktualizacia>Posledna zmena prevedena <datum><?php echo Date("d.m.Y")?></datum></aktualizacia>
	<sprava>Spravcom je <spravca><?php zobrazspravca()?></spravca></sprava>
</student>
</zoznam>