<?xml version="1.0" encoding="utf-8"?>
<videopujcovna>
	<list_zamestnanec>
		<zamestnanec id_zamestnanec="z_0" pozice="master" plat="30 000"
		pracovni_doba="9 hodin">
			<osoba jmeno="Sisoj" prijmeni="Psojic" telefon="789456123"
				mail="sisoj@sisoj.com" datum_narozeni="1985-10-05">
				<adresa zeme="Cr" mesto="Praha" ulice="Dlouha" popisne_cislo="123"/>		
			</osoba>
		</zamestnanec>

		<zamestnanec id_zamestnanec="z_1" pozice="master" plat="9 000"
		pracovni_doba="12 hodin">
			<osoba jmeno="Karel" prijmeni="Novak" telefon="689456123"
				mail="navak@seznam.cz" datum_narozeni="1955-10-05">
				<adresa zeme="Cr" mesto="Praha" ulice="Kratka" popisne_cislo="852"> 
					<pata_vrstva/>
				</adresa>		
			</osoba>
		</zamestnanec>

		<zamestnanec id_zamestnanec="z_2" pozice="master" plat="10 000"
		pracovni_doba="13 hodin">
			<osoba jmeno="Jan" prijmeni="Zizka" telefon="394267371"
				mail="trocnov@gmail.com" datum_narozeni="1385-11-06">
				<adresa zeme="Cr" mesto="Praha" ulice="Nadeniku" popisne_cislo="7569"/>		
			</osoba>
		</zamestnanec>
	</list_zamestnanec>

	<list_zakaznik>
		<zakaznik>
			<osoba jmeno="Petr" prijmeni="Pavel" telefon="756982666"
				mail="petr@pavel.com" datum_narozeni="1996-02-06">
				<adresa zeme="Cr" mesto="Brno" ulice="Romulanska" popisne_cislo="1111"/>		
			</osoba>
			<vypujcka id_of_vypujcka="v_0" vraceno="ano" od_datum="2014-01-01"
			do_datum="2014-10-01" id_of_nosic="n_0" id_of_zamestnanec="z_1" />

			<vypujcka id_of_vypujcka="v_1" vraceno="ano" od_datum="2014-10-01"
			do_datum="2014-11-01" id_of_nosic="n_1" id_of_zamestnanec="z_0" />		

		</zakaznik>

		<zakaznik>
			<osoba jmeno="Norbert" prijmeni="Kaderabek" telefon="756982666"
				mail="norbert@seznam.com" datum_narozeni="1994-06-05">
				<adresa zeme="Cr" mesto="Plzen" ulice="Ulicni" popisne_cislo="456"/>		
			</osoba>
			<vypujcka id_of_vypujcka="v_3" vraceno="ano" od_datum="2014-01-01"
			do_datum="2014-10-01" id_of_nosic="n_0" id_of_zamestnanec="z_1" />

			<vypujcka id_of_vypujcka="v_4" vraceno="ne" od_datum="2014-10-02"
			do_datum="2014-12-02" id_of_nosic="n_2" id_of_zamestnanec="z_2" />

			<upominka text="Prvni varovani"	id_of_vypujcka="v_4" />		

		</zakaznik>

		<zakaznik>
			<osoba jmeno="Karel" prijmeni="Nemec" telefon="736982666"
				mail="karel@seznam.com" datum_narozeni="1975-06-05">
				<adresa zeme="Cr" mesto="Chrudim" ulice="Chrudimska" popisne_cislo="423"/>		
			</osoba>
			<vypujcka id_of_vypujcka="v_5" vraceno="ne" od_datum="2014-01-01"
			do_datum="2014-10-01" id_of_nosic="n_0" id_of_zamestnanec="z_1" />

			<vypujcka id_of_vypujcka="v_6" vraceno="ne" od_datum="2014-10-02"
			do_datum="2014-12-02" id_of_nosic="n_2" id_of_zamestnanec="z_2" />

			<upominka text="Prvni varovani"	id_of_vypujcka="v_5" />	
			<upominka text="Prvni varovani"	id_of_vypujcka="v_6" />
			<upominka text="Druhe varovani"	id_of_vypujcka="v_5" />		

		</zakaznik>		

	</list_zakaznik>
	<list_nosic>
		<nosic id_of_nosic="n_0" typ_nosice="DVD" id_of_audiovizualni_obsah="a_0" />
		<nosic id_of_nosic="n_1" typ_nosice="WHS" id_of_audiovizualni_obsah="a_0" />
		<nosic id_of_nosic="n_2" typ_nosice="DVD" id_of_audiovizualni_obsah="a_2" />
		<nosic id_of_nosic="n_3" typ_nosice="Blue-ray" id_of_audiovizualni_obsah="a_1" />		
		<nosic id_of_nosic="n_4" typ_nosice="DVD" id_of_audiovizualni_obsah="a_2" />
		<nosic id_of_nosic="n_5" typ_nosice="DVD" id_of_audiovizualni_obsah="a_3" />
		<nosic id_of_nosic="n_6" typ_nosice="DVD" id_of_audiovizualni_obsah="a_3" />
		<nosic id_of_nosic="n_7" typ_nosice="DVD" id_of_audiovizualni_obsah="a_3" />
		<nosic id_of_nosic="n_8" typ_nosice="Blue-ray" id_of_audiovizualni_obsah="a_4" />
		<nosic id_of_nosic="n_9" typ_nosice="WHS" id_of_audiovizualni_obsah="a_4" />
	</list_nosic>
	<list_audiovizualni_obsah>
		<audiovizualni_obsah
			id_of_audiovizualni_obsah="a_0"	typ="Komedie" herci="Leonardo da Vinci, Santa Claus"
	reziser="Karel Lamac" delka_trvani="vecnost">
			Obsah		
		</audiovizualni_obsah>

		<audiovizualni_obsah
			id_of_audiovizualni_obsah="a_1"	
			typ="Tragedie" 
			herci="Blanchet, Robespiere"
			reziser="Hitman" delka_trvani="90 min">		
			don't blame 		
		</audiovizualni_obsah>
		
		<audiovizualni_obsah
			id_of_audiovizualni_obsah="a_2"	
			typ="Tragikomedie" 
			herci="De Niro, Sinatra"
			reziser="Direct Director" delka_trvani="150 min">
		Titanikus
		</audiovizualni_obsah>

		<audiovizualni_obsah
			id_of_audiovizualni_obsah="a_3"	
			typ="Komedie" 
			herci="De Niro"
			reziser="Hitman" delka_trvani="120 min">
		Spartakus
		</audiovizualni_obsah>
		
		<audiovizualni_obsah
			id_of_audiovizualni_obsah="a_4"	
			typ="Komedie" 
			herci="Angelina Joe"
			reziser="De Niro" delka_trvani="160 min">
		Tomb Rider
		</audiovizualni_obsah>

	</list_audiovizualni_obsah>
	
	<div>
	Obsah
	<div>PodObsah<div>PodPodObsah</div></div>
	
	</div>
</videopujcovna>
