<?xml version="1.0" encoding="UTF-8"?>
<!DOCTYPE skiareal SYSTEM "data.dtd">

<!-- xml popisujici strukturu skiarealu -->
<skiareal>
	<!-- seznam lanovek -->
	<lanovky>
		<lanovka id="lid_1">
			<pocet_mist>6</pocet_mist>
			<delka>2500</delka>
			<rychlost>10</rychlost>
			<status>
				<?php
					echo(getState());
				?>
			</status>
			<cena_jizdy>15</cena_jizdy>
		</lanovka>
		<lanovka id="lid_2">
			<pocet_mist>2</pocet_mist>
			<delka>1000</delka>
			<rychlost>5</rychlost>
			<status>
				<?php
					echo(getState());
				?>
			</status>
			<cena_jizdy>5</cena_jizdy>
		</lanovka>
		<lanovka id="lid_3">
			<pocet_mist>4</pocet_mist>
			<delka>3000</delka>
			<rychlost>12</rychlost>
			<status>
				<?php
					echo(getState());
				?>
			</status>
			<cena_jizdy>12</cena_jizdy>
		</lanovka>
	</lanovky>
	<!-- seznam sjezdovek -->
	<sjezdovky>
		<sjezdovka narocnost="cerna">
			<jmeno>strecha</jmeno>
			<delka>800</delka>
			<sklon>70%</sklon>
		</sjezdovka>
		<sjezdovka narocnost="cervena">
			<delka>1500</delka>
			<sklon>50%</sklon>
		</sjezdovka>
		<sjezdovka narocnost="modra">
			<jmeno>vyhlidkova</jmeno>
			<delka>3000</delka>
			<sklon>25%</sklon>
		</sjezdovka>
	</sjezdovky>
	<!-- seznam zamestnancu -->
	<zamestnanci>
		<zamestnanec id="zid_1">
			<rodne_cislo>8408121567</rodne_cislo>
			<jmeno>Jarda</jmeno>
			<prijmeni>Novak</prijmeni>
			<pozice>reditel</pozice>
			<plat>55000</plat>
		</zamestnanec>
		<zamestnanec id="zid_2">
			<rodne_cislo>8506021452</rodne_cislo>
			<jmeno>Pavel</jmeno>
			<prijmeni>Novak</prijmeni>
			<pozice>udrzba</pozice>
			<plat>30000</plat>
			<pouziva id_ref="rid_1" />
		</zamestnanec>
		<zamestnanec id="zid_3">
			<rodne_cislo>8212242155</rodne_cislo>
			<jmeno>Tomas</jmeno>
			<prijmeni>Novotny</prijmeni>
			<pozice>udrzba</pozice>
			<plat>28000</plat>
			<pouziva id_ref="rid_2" />
		</zamestnanec>
		<zamestnanec id="zid_4">
			<rodne_cislo>9008221463</rodne_cislo>
			<jmeno>Lukas</jmeno>
			<prijmeni>Suchy</prijmeni>
			<pozice>pomocna sila</pozice>
			<plat>15000</plat>
			<pouziva id_ref="rid_1" />
			<pouziva id_ref="rid_2" />
			<pouziva id_ref="kid_1" />
			<pouziva id_ref="kid_2" />
		</zamestnanec>
		<zamestnanec id="zid_5">
			<rodne_cislo>8506021452</rodne_cislo>
			<jmeno>Jiri</jmeno>
			<prijmeni>Tomas</prijmeni>
			<pozice>kasa</pozice>
			<plat>20000</plat>
			<pouziva id_ref="kid_1" />
		</zamestnanec>
	</zamestnanci>
	<!-- seznam vybaveni -->
	<vybaveni>
		<rolba id="rid_1">
			<kod>
				<![CDATA[ %21?? ]]>
			</kod>
			<oznaceni>
				&beast;
			</oznaceni>
		</rolba>
		<rolba id="rid_2">
			<kod>
				<![CDATA[ %_66! ]]>
			</kod>
			<oznaceni>
				&beast;
			</oznaceni>
		</rolba>
		<turniket id="tid_1">
			<umisteni id_ref="lid_1" />
		</turniket>
		<turniket id="tid_2">
			<umisteni id_ref="lid_1" />
		</turniket>
		<turniket id="tid_3">
			<umisteni id_ref="lid_1" />
		</turniket>
		<turniket id="tid_4">
			<umisteni id_ref="lid_1" />
		</turniket>
		<turniket id="tid_5">
			<umisteni id_ref="lid_2" />
		</turniket>
		<turniket id="tid_6">
			<umisteni id_ref="lid_2" />
		</turniket>
		<turniket id="tid_7">
			<umisteni id_ref="lid_3" />
		</turniket>
		<turniket id="tid_8">
			<umisteni id_ref="lid_3" />
		</turniket>
		<turniket id="tid_9">
			<umisteni id_ref="lid_3" />
		</turniket>
		<drobne_vybaveni>
			<popis>koste</popis>
			<cena>200</cena>
		</drobne_vybaveni>
		<drobne_vybaveni>
			<popis>lopata</popis>
			byla ztracena a je potreba koupit novou
			za nasledujici cenu
			<cena>800</cena>
		</drobne_vybaveni>
		<kasa id="kid_1" />
		<kasa id="kid_2" />
	</vybaveni>
	<!-- seznam aktualne vyuzivanych skipassu -->
	<skipassy>
		<skipass typ="casovy" id="sid_28">
			<platnost>
				<zacatek>
					<den>1.3.2013</den>
					<cas>14:50</cas>
				</zacatek>
				<konec>
					<den>7.3.2013</den>
					<cas>14:15</cas>
				</konec>
			</platnost>
		</skipass>
		<skipass typ="casovy" id="sid_88">
			<platnost>
				<zacatek>
					<den>6.3.2013</den>
					<cas>10:30</cas>
				</zacatek>
				<konec>
					<den>6.3.2013</den>
					<cas>16:00</cas>
				</konec>
			</platnost>
		</skipass>
		<skipass typ="bodovy" id="sid_35">
			<pocet_bodu>250</pocet_bodu>
		</skipass>
		<skipass typ="bodovy" id="sid_37">
			<pocet_bodu>150</pocet_bodu>
		</skipass>
		<skipass typ="bodovy" id="sid_45">
			<pocet_bodu>100</pocet_bodu>
		</skipass>
		<skipass typ="bodovy" id="sid_62">
			<pocet_bodu>50</pocet_bodu>
		</skipass>
		<skipass typ="bodovy" id="sid_75">
			<pocet_bodu>500</pocet_bodu>
		</skipass>
		<skipass typ="bodovy" id="sid_82">
			<pocet_bodu>231</pocet_bodu>
		</skipass>
	</skipassy>
</skiareal>