<?xml version="1.0" encoding="UTF-8"?>
<Vyvojari>
	<Developer idD="idD_1">  <!-- identifikator urcuje jednosznacne kazdeho vyvoajre, dale jsou podelemnty k jeho urceni -->
			<Jmeno>Josef</Jmeno>
			<Prijmeni>Novak</Prijmeni>
			<Titul>ING</Titul>
			<Jazyk>C++, C#</Jazyk>
			<Adresa>
				<Mesto>Praha 6</Mesto>
				<Ulice>
					<NazevUlice>Vanickova</NazevUlice>
					<cp>19000</cp>
				</Ulice>
				<PSC>54983</PSC>
			</Adresa>
		</Developer>
		<Developer idD="idD_2">
			<Jmeno>David</Jmeno>
			<Prijmeni>Obrsal</Prijmeni>
			<Titul>Bc</Titul>
			<Jazyk>C#, Java</Jazyk>
			<Adresa>
				<Mesto>Praha 5</Mesto>
				<Ulice>
					<NazevUlice>Jiraskova</NazevUlice>
					<cp>18065</cp>
				</Ulice>
				<PSC>54963</PSC>
			</Adresa>
		</Developer>
		<Developer idD="idD_3">
			<Jmeno>Roman</Jmeno>
			<Prijmeni>Fridrich</Prijmeni>
			<Titul>Mgr</Titul>
			<Jazyk>Java, C#, Delphi</Jazyk>
			<Adresa>
				<Mesto>Jihlava</Mesto>
				<Ulice>
					<NazevUlice>Vltavska</NazevUlice>
					<cp>564</cp>
				</Ulice>
				<PSC>54986</PSC>
			</Adresa>
			
		</Developer>
		<Developer idD="idD_4">
			<Jmeno>Martin</Jmeno>
			<Prijmeni>Hajek</Prijmeni>
			<Titul>ING</Titul>
			<Jazyk>C++, Java, C#</Jazyk>
			<Adresa>
				<Mesto>Praha 10</Mesto>
				<Ulice>
					<NazevUlice>K Verneraku</NazevUlice>
					<cp>18000</cp>
				</Ulice>
				<PSC>89563</PSC>
			</Adresa>
		</Developer>
</Vyvojari>