
		<allergen_info>
		<allergen>
			<name>Lepok</name>
			<id>a1</id>
			<warning/>
		</allergen>
		<allergen>
			<name>Mleko</name>
			<id>a2</id>
			<warning/>
		</allergen>
		<allergen>
			<name>Cmar</name>
			<id>a3</id>
			<warning/>
		</allergen>
		<allergen>
			<name>Arasidy</name>
			<id>a4</id>
			<warning/>
		</allergen>
		<allergen>
			<name>Ryby</name>
			<id>a5</id>
			<warning/>
		</allergen>
		<allergen>
			<name>Horcice</name>
			<id>a6</id>
			<warning/>
		</allergen>
		<allergen>
			<name>Soja</name>
			<id>a7</id>
			<warning/>
		</allergen>
	</allergen_info>
	

