<?xml version="1.0" encoding="UTF-8"?>
<cestovni-kancelar 
		xmlns:xsi="http://www.w3.org/2001/XMLSchema-instance" 
		xsi:noNamespaceSchemaLocation="data.xsd">
	<zajezdy>
		<zajezd id_zajezd="zajezd_1" druh_zajezdu="pobytovy">
			<nazev>Helnan Taba Bay</nazev>
			<zeme>Egypt</zeme>
			<lokalita>Taba, Taba</lokalita>
			<ubytovani>Hotel <kvalita>***</kvalita></ubytovani>			
			<popis><![CDATA[
			<p>
			Menší hotel s rodinnou atmosférou přímo u pláže je dobrou volbou pro méně náročné klienty, kteří si chtějí užít klidnou dovolenou, koupání a šnorchlování u korálu, jenž patří k nejhezčím v Tabě.
			</p>
			]]></popis>
			<terminy>
				<termin id_termin="termin_1_1">
					<od>1.3.2012</od>
					<do>10.3.2012</do>
					<pocet-dni>10</pocet-dni>
					<strava>All inclusive</strava>
					<doprava>Letecky</doprava>
					<odjezd>Praha</odjezd>
					<cena-za-osobu>7999</cena-za-osobu>
					<cena-zahrnuje>Letištní taxy a palivové příplatky..</cena-zahrnuje>
					<cena-nezahrnuje>Fakultativní výlety.</cena-nezahrnuje>
					<dostupnost>Volno</dostupnost>
				</termin>
				<termin id_termin="termin_1_2">
					<od>10.3.2012</od>
					<do>20.3.2012</do>
					<pocet-dni>10</pocet-dni>
					<strava>All inclusive</strava>
					<doprava>Letecky</doprava>
					<odjezd>Praha</odjezd>
					<cena-za-osobu>7999</cena-za-osobu>
					<cena-zahrnuje>Letištní taxy a palivové příplatky..</cena-zahrnuje>
					<cena-nezahrnuje>Fakultativní výlety.</cena-nezahrnuje>
					<dostupnost>Vyprodano</dostupnost>
				</termin>
			</terminy>
		</zajezd>
		<zajezd id_zajezd="zajezd_2" druh_zajezdu="poznavaci">
			<nazev>Okruh přes Rudé moře do Jordánska a Izraele</nazev>
			<zeme>Jordánsko</zeme>
			<ubytovani>Hotel</ubytovani>			
			<popis>Popis zajezdu</popis>
			<terminy>
				<termin id_termin="termin_2_1">
					<od>1.4.2012</od>
					<do>8.4.2012</do>
					<pocet-dni>8</pocet-dni>
					<strava>Dle programu</strava>
					<doprava>Letecky</doprava>
					<odjezd>Praha</odjezd>
					<cena-za-osobu>32999</cena-za-osobu>
					<dostupnost>Volno</dostupnost>
				</termin>
			</terminy>
		</zajezd>
		<zajezd id_zajezd="zajezd_3" druh_zajezdu="plavba">
			<nazev>Costa Fortuna - Španělsko, Maroko, Portugalsko</nazev>
			<zeme>Portugalsko, Španělsko, Maroko, Itálie</zeme>
			<ubytovani>Jachta</ubytovani>			
			<popis>Plavba na lodi, jejíz interiér odkazuje na slavné italské námořní lodě, jsou zde obrazy největších zaoceánských parníků a v devítipatrové vstupní hale se nachází 26 věrných modelů lodí společnosti Costa. Bufet restaurant Cristoforo Colombo nabízí jedinečný gurmánský zážitek na dvou poschodích, příjemnou atmosféru navodí piano bar Conte Rosso. Milovníky sportů potěší čtyři bazény, běžecká dráha a multifunkční hřiště. K relaxaci vybízí vířivky včetně lehátek ke slunění a fitness centrum s lázeňskými procedurami na ploše 1300 m², nabízející výhled na moře. </popis>
			<terminy>
				<termin id_termin="termin_3_1">
					<od>11.10.2012</od>
					<do>18.10.2012</do>
					<pocet-dni>8</pocet-dni>
					<strava>Plná penze</strava>
					<doprava>Vlastni</doprava>
					<cena-za-osobu>22510</cena-za-osobu>
					<dostupnost>Volno</dostupnost>
				</termin>
			</terminy>
		</zajezd>
		
		<zajezd id_zajezd="zajezd_4" druh_zajezdu="pobytovy">
			<nazev>Equator Village</nazev>
			<zeme>Maledivy</zeme>
			<ubytovani>Hotel</ubytovani>	
			<popis></popis>		
			<terminy>
			</terminy>
		</zajezd>
	</zajezdy>
	
	<seznam-klientu>
		<klient id_klient="klient_1">
			<jmeno>Pavel</jmeno>
			<prijmeni>Novak</prijmeni>
			<adresa>
				<ulice>Nadrazni 7</ulice>
				<mesto>Praha</mesto>
				<PSC>15000</PSC>
			</adresa>
			<telefon>775 213 987</telefon>
			<email>pavel.novak@mail.cz</email>
		</klient>
		<klient id_klient="klient_2">
			<jmeno>Jirka</jmeno>
			<prijmeni>Novotny</prijmeni>
			<adresa>
				<ulice>Kotevni 18</ulice>
				<mesto>Praha</mesto>
				<PSC>15000</PSC>
			</adresa>
			<telefon>608 113 386</telefon>
			<email>jirka.novotny@mail.cz</email>
		</klient>
	</seznam-klientu>
	
	<seznam-rezervaci>
		<rezervace id_rezervace="rezervace_1" id_klient="klient_1" id_zajezd="zajezd_1"  id_termin="termin_1_1">
			<datum-rezervace>1.2.2012</datum-rezervace>
			<pocet-osob>2</pocet-osob>
			<cena-celkem>15000</cena-celkem>
			<platba zpusob_platby="hotove" zaplaceno="ne"/>
		</rezervace>
		<rezervace id_rezervace="rezervace_1" id_klient="klient_2" id_zajezd="zajezd_3"  id_termin="termin_3_1">
			<datum-rezervace>9.3.2012</datum-rezervace>
			<pocet-osob>4</pocet-osob>
			<cena-celkem>90400</cena-celkem>
			<platba zpusob_platby="prevodem" zaplaceno="ano"/>
		</rezervace>
	</seznam-rezervaci>
	
</cestovni-kancelar>