<?xml version="1.0" encoding="UTF-8"?> <!-- processing instruction-->
<!DOCTYPE SC2 SYSTEM "data.dtd">
<!-- Seznam jednotek, budov, upgradu atd. pro Starcraft2 -->
<SC2>
	
	<race>
		<structures>
			<structure>
				<name id="TwillightCouncil1">
					TwillightCouncil
				</name>
				<hp>
					750	
				</hp>
				<cost>
					<minerals>
						150
					</minerals>
					
					<time>
						100
					</time>
				</cost>
			</structure>
		</structures>
		
		<units >
			<unit>
				<name id="Zealot">
					Zealot
				</name>
				<hp>
					100
				</hp>
				<shields>
					50
				</shields>
				<cost>
					<minerals>
						100
					</minerals>
					<time>
						38
					</time>
					<population>
						2
					</population>
				</cost>
				<speed>
					2.25
				</speed>
				<acceleration>
					1000
				</acceleration>
				<attack>
					<attackSpeed>
						1.2
					</attackSpeed>
					<damage>
						8(+1)
					</damage>
					<count>
						2
					</count>
					<range>
						0.1
					</range>
				</attack>
				<armor>
					1(+1)
				</armor>
				<spells>
					<spell>
						<name id="charge">
							Charge
						</name>
						<cost>
							<cooldown>
								10
							</cooldown>
						</cost>
						<tooltip>
							Charges your enemy, quickly covering distance in order to engage in melee combat.
							<it>
								For Aiur!
								&tohleNahrad;  <!-- entity to replace -->
							</it>
						</tooltip>
						<requires ids="TwillightCouncil1" />
							
						
					</spell>
				</spells>
				<types>
					<type>
						biological
							<![CDATA[
	 							nejaky skript ktery neni interpretovan XML parserem obsahujici napriklad & a <
							]]>
					</type>
					<type>
						light
					</type>
				</types>
					
			</unit>	
		</units>
	</race>
</SC2>