<?xml version="1.1" encoding="UTF-8"?>
	
	<pujcovna>
		<vypujcky>
			<kratkodobaVypujcka idKnihy='_2432543564'>
				<jmeno>Jan Chalupecký</jmeno>
			</kratkodobaVypujcka>
			<kratkodobaVypujcka idKnihy='_64756365447'>
				<jmeno>Pavel Mašín</jmeno>
			</kratkodobaVypujcka>
			<kratkodobaVypujcka idKnihy='_2432543564'>
				<jmeno>Lubomíra Deslová</jmeno>
			</kratkodobaVypujcka>
			<dlouhodobaVypujcka idKnihy='_7576465365'>
				<jmeno>Silva Wolf</jmeno>
			</dlouhodobaVypujcka>
			<dlouhodobaVypujcka idKnihy='_2432543564'>
				<jmeno>Jan Křesťan</jmeno>
			</dlouhodobaVypujcka>
			<dlouhodobaVypujcka idKnihy='a36482576375'>
				<jmeno>Milan Krušer</jmeno>
			</dlouhodobaVypujcka>
		</vypujcky>
		<prezencniVypujcky>
			<casopisyProPrezencniVypucky>
				<casopis nazev='Pusík'>
					<autor>Jaromír Dušek</autor>
					<rokVydani>2006</rokVydani>
					<id>_786746754</id>
					<pocet_stran>10</pocet_stran>
				</casopis>
				<casopis nazev='Kačer Donald'>
					<autor>Ladislav Mech</autor>
					<rokVydani>2003</rokVydani>
					<id>_7656536567</id>
					<pocet_stran>3</pocet_stran>
				</casopis>
			</casopisyProPrezencniVypucky>
		</prezencniVypujcky>
	</pujcovna>