<?xml version="1.1" encoding="UTF-8"?>
	
	<!DOCTYPE knihovna SYSTEM "data.dtd">
	
	<knihovna>
		<!--Seznam knih v knihovně-->
		<knihy>
			<kniha id="a36482576375">
				<nazev>Pád do hlubin</nazev>
				<autor>Sebastian <prijmeni>Fisher</prijmeni> von <prijmeni>Strasburg</prijmeni></autor>
				<!--Výpis hlavních postav-->
				<postavy>
					<postava>
						<jmeno>Jan Kocour</jmeno>
						<vek>45</vek>
						<pohlavi>Muž</pohlavi>
					</postava>
					<postava>
						<jmeno>Veronika Kudrnová</jmeno>
						<vek>19</vek>
						<pohlavi>Žena</pohlavi>
						<zna>Jan Kocour</zna>
					</postava>
					<postava>
						<jmeno>Luboš Kvásek</jmeno>
						<vek>23</vek>
						<pohlavi>Muž</pohlavi>
						<zna>Veronika Kudrnová</zna>					
					</postava>
					<postava>
						<jmeno>Štěpán Racek</jmeno>
						<vek>36</vek>
						<pohlavi>Muž</pohlavi>						
					</postava>
					<postava>
						<jmeno>Daniela Ostrá</jmeno>
						<vek>56</vek>
						<pohlavi>Žena</pohlavi>						
					</postava>
					<postava>
						<jmeno>Vendula Ivanová</jmeno>
						<vek>12</vek>
						<pohlavi>Žena</pohlavi>						
					</postava>
					<postava presvedceni="zlo">
						<jmeno>Jaromír Studený</jmeno>
						<vek>61</vek>
						<pohlavi>Muž</pohlavi>						
					</postava>
					<postava>
						<jmeno>Julie Fuksová</jmeno>
						<vek>30</vek>
						<pohlavi>Žena</pohlavi>						
					</postava>
					<postava presvedceni="dobro">
						<jmeno>Petr Svoboda</jmeno>
						<vek>74</vek>
						<pohlavi>Muž</pohlavi>						
					</postava>
					<postava presvedceni="dobro">
						<jmeno>Ludmila Svobodová</jmeno>
						<vek>70</vek>
						<pohlavi>Žena</pohlavi>						
					</postava>
				</postavy>
				<uryvek><?php echo(fread(fopen("soubor.txt", "r"), filesize(fopen("soubor.txt", "r")))?></uryvek>
				<archivacni_kod>
					<![CDATA[
						public void setExcludeFiles(final File[] excludeList) throws IllegalArgumentException {
							FileFilter f = new FileFilter() {
								public boolean accept(File file) {
									for (File exclude : excludeList) {
										if (file.getPath().toLowerCase().indexOf(exclude.getPath().toLowerCase()) >= 0) {
                            				return false;
                        				}
                    				}
				                    return true;
								}
							};
					        setFilter(f);
						}
					]]>
				</archivacni_kod>
				<priloha cesta="obrazek.jpeg"/>
				<darek_k_vypujceni id_ref="_214542463"/>
			</kniha>
			<kniha id="_7576465365">
				<nazev>Krok se svobodě</nazev>
				<autor>Jaromír Neuman</autor>
			</kniha>
			<kniha id="_64756365447">
				<nazev>Hvězdná obloha</nazev>
				<autor>Jan Huml</autor>
			</kniha>
			<kniha id="_2432543564">
				<nazev>Smutek a vášeň</nazev>
				<autor>Veronika Kronusová</autor>
			</kniha>
			<kniha id="_563543653475">
				<nazev>Trní</nazev>
				<autor>Josef Žamberský</autor>
			</kniha>
			<kniha id="_785465365">
				<nazev>Nebeští</nazev>
				<autor>Roberd Chambera</autor>
				<postavy>
						<jmeno>Jan Kocour</jmeno>
						<vek>45</vek>
						<pohlavi>Muž</pohlavi>
				</postavy>
			</kniha>
		</knihy>
		<casopisy>
			<casopis id="b08907">
				<nazev>Zajímavé krajiny</nazev>
				<autor>Victor Croisant</autor>
				<rok_vydani>2001</rok_vydani>
				<vydavatelstvi>&vydavatelstvi;</vydavatelstvi>
				<jazyk>Český</jazyk>
				<prekladatel>Martin Kesner</prekladatel>
				<prekladatel>Alexandr Hájek</prekladatel>
				<pocet_stran>57</pocet_stran>
				<cena dph="ne">43</cena>
				<vydani>1</vydani>
				<popis>Cestovatelský magazín popisující ty nejbizardnější krajiny světa. Jedná se o nejznámější časopis &vydavatelstvi;. Nejdetailněji popisuje &usa;.</popis>
			</casopis>
			<casopis id="_214542463">
				<nazev>Záhady světa</nazev>
				<editor>John Stanley</editor>
				<rok_vydani>1997</rok_vydani>
				<vydavatelstvi>&vydavatelstvi;</vydavatelstvi>
				<jazyk>Český</jazyk>
				<zeme>&usa;</zeme>
				<prekladatel>Lubomír Mokřada</prekladatel>
				<pocet_stran>23</pocet_stran>
				<cena dph="ano">12</cena>
				<vydani>2</vydani>
			</casopis>
		</casopisy>
	</knihovna>