<?xml version="1.0" encoding="UTF-8"?>
<!DOCTYPE Databaze SYSTEM "data.dtd">
<Databaze>
	<Senzory>
		<Dalkove>
			<Senzor_Dalkovy typ="infra" id="Dalka_1">
				<Nazev>Sharp range</Nazev>
				<Dosah>5cm-2m</Dosah>
				<PocetMereni>1</PocetMereni>
				<Rozsah>1°</Rozsah>
				<Komunikace>Hodnota napětí</Komunikace>
				<Info>Nepoužívat na slunečním světle</Info>
			</Senzor_Dalkovy>
			<Senzor_Dalkovy typ="ultraZvuk" id="Dalka_2">
				<Nazev>Ultrazvuk obyčejný</Nazev>
				<Dosah>1cm-1m</Dosah>
				<PocetMereni>1</PocetMereni>
				<Rozsah>270°</Rozsah>
				<Komunikace>Hodnota napětí</Komunikace>
			</Senzor_Dalkovy>
			<Senzor_Dalkovy typ="laser" id="Dalka_3">
				<Nazev>Sick</Nazev>
				<Dosah>5cm-8m</Dosah>
				<PocetMereni>270</PocetMereni>
				<Rozsah>270°</Rozsah>
				<Komunikace>UDP / RS-232 </Komunikace>
				<Info>Pozor na oči, musí být v rovině</Info>
			</Senzor_Dalkovy>
		</Dalkove>
		<Poloha>
			<Senzor_Poloha typ="GPS" id="Poloha_1">
				<Nazev>HTC</Nazev>
				<FrekvenceMereni>1Hz</FrekvenceMereni>
				<Presnost>4m</Presnost>
				<Komunikace>TCP/IP</Komunikace>
			</Senzor_Poloha>
			<Senzor_Poloha typ="GPS" id="Poloha_2">
				<Nazev>Garmin</Nazev>
				<FrekvenceMereni>4Hz</FrekvenceMereni>
				<Presnost>3m</Presnost>
				<Komunikace>RS-232</Komunikace>
			</Senzor_Poloha>
			<Senzor_Poloha typ="Galileo" id="Poloha_3">
				<Nazev>Garmin Etrex</Nazev>
				<FrekvenceMereni>3Hz</FrekvenceMereni>
				<Presnost>2m</Presnost>
				<Komunikace>RS-232</Komunikace>
			</Senzor_Poloha>
		</Poloha>
		<Kompasy>
			<Senzor_Kompas id="Kompas_1">
				<Nazev>CMP-10</Nazev>
				<FrekvenceMereni>500Hz</FrekvenceMereni>
				<Presnost>0.5°</Presnost>
				<Komunikace>RS-232 / I2C</Komunikace>
				<Info>Kompenzace naklonění senzoru, lze použít i jako akcelerometr</Info>
			</Senzor_Kompas>
		</Kompasy>
		<!-- Rozsirit kategorii -->
		<Odometrie>
			<Senzor_Odometrie id="Odometrie_1">
				<Nazev>Odometrie z myši</Nazev>
				<Tiku>2000</Tiku>
				<Komunikace>Urovne na dratu</Komunikace>
			</Senzor_Odometrie>
		</Odometrie>
	</Senzory>
	<!-- Lze pridat i testovaci na kterych se pracuje -->
	<Desky>
		<Deska typ="Rizeni" id="Deska_1">
			<Nazev>Atmega128 vývojová</Nazev>
			<Popis><![CDATA[ frekvence <= 16mhz, 6 portů, pwm, I2C, 2*RS-232, 7-18V napájení]]></Popis>
		</Deska>
		<Deska typ="Rizeni" id="Deska_2">
			<Nazev>Wifibot původní</Nazev>
			<Popis><![CDATA[ Microprocesor Pic s řízením pro dvě strany podle signálu z CNY70 Vhodne pamatovat ze frekvence <= 20Mhz  ]]></Popis>
		</Deska>
		<Deska typ="Wifi" id="Deska_3">
			<Nazev>Ubiquti</Nazev>
			<Popis>Most mezi 2*Ethernet a Wifi, různé druhy příst. bodu</Popis>
		</Deska>
		<Deska typ="PC" id="Deska_4">
			<Nazev>Wifibot PC</Nazev>
			<Popis>Dual Core deska, Ethernet, RS-232, Unix</Popis>
		</Deska>
		<Deska typ="Vykonova" id="Deska_5">
			<Nazev>Motory h-mustky</Nazev>
			<Popis>Dvě větve po 3výstupech až 4A na jeden výstup</Popis>
		</Deska>
		<Deska typ="Vykonova" id="Deska_6">
			<Nazev>H-mustek RS-232</Nazev>
			<Popis>Dva H-Mustky řízený po RS-232, 2A na jeden mustek</Popis>
		</Deska> 
	</Desky>
	<Motory>
		<Krokovy>
			<MotorKrokovy id="MotorKrokovy_1">
				<Nazev>SX 5</Nazev>
				<Vyrobce>Microcon</Vyrobce>
				<Rozmery>20mm x 10mm x 14mm</Rozmery>
				<Moment>2,7 Nm</Moment>
				<Napeti>12V</Napeti>
				<Vykon>4 W</Vykon>
				<Krok>1.8°</Krok>
				<Prevodovka stav="Ano">50:1</Prevodovka>
			</MotorKrokovy>
			<MotorKrokovy id="MotorKrokovy_2">
				<Nazev>SX 18</Nazev>
				<Vyrobce>Microcon</Vyrobce>
				<Rozmery>28mm x 12mm x 26mm</Rozmery>
				<Moment>4 Nm</Moment>
				<Napeti>12V</Napeti>
				<Vykon>5 W</Vykon>
				<Krok>1.8°</Krok>
				<Prevodovka stav="Ne" />
				<Info>Zatím bez problémů</Info>
			</MotorKrokovy>
		</Krokovy>
		<DC>
			<MotorDC id="MotorDC_1">
				<Nazev>RE - 25</Nazev>
				<Vyrobce>Maxon</Vyrobce>
				<Rozmery>25mm x 30mm x 50mm</Rozmery>
				<Moment>1,2 Nm</Moment>
				<Napeti>12V</Napeti>
				<Vykon>1,2 W</Vykon>
				<Prevodovka stav="Ne" />
				<OsaZadni stav="Ano" />
				<Typ stav="Brush" />
			</MotorDC>
			<!-- Prekontrolovat zda udaje sedi -->
			<MotorDC id="MotorDC_2">
				<Nazev>A - 25</Nazev>
				<Vyrobce>Maxon</Vyrobce>
				<Rozmery>14mm x 18mm x 30mm</Rozmery>
				<Moment>0,2 Nm</Moment>
				<Napeti>5V</Napeti>
				<Vykon>0,3 W</Vykon>
				<Prevodovka stav="Ne" />
				<OsaZadni stav="Ano" />
				<Typ stav="Brushless" />
				<Info>Pozor na držení motorů při plném výkonu rozlepí se cívka</Info>
			</MotorDC>
		</DC>
	</Motory>
	<!-- Pouze roboti kteri jsou dokonceni -->
	<Roboti>
		<?php  include("nactiRobotyZDatabaze.php"); ?>
		<Robot typ="pozemni" prostredi="uvnitr/venku" rizeni="diferencialni">
			<Nazev>Utrooper</Nazev>
			<Rozmery>1m x 40cm</Rozmery>
			<!-- Provest kontrolu vybaveni a pripadne podlnit ci upravit !!!-->
			<Vybaveni>
				<SenzoryRobot>
					4 X <ref id="Dalka_2"/>
					1 X <ref id="Kompas_1"/>
					1 X <ref id="Poloha_2"/> 
				</SenzoryRobot>
				<DeskyRobot>
					1 X <ref id="Deska_2"/>
					1 X <ref id="Deska_3"/>
					1 X <ref id="Deska_4"/>
					1 X <ref id="Deska_5"/>
				</DeskyRobot>
				<MotoryRobot>
					6 X <ref id="MotorDC_2"/>
				</MotoryRobot>
			</Vybaveni>
			<Popis>
				6-kolí robot s diferenciálním řízením, s zlepšenou průchodností terénem
			</Popis>
		</Robot>
		<Robot typ="pozemni" prostredi="uvnitr" rizeni="omnidrive">
			<Nazev>Umornik</Nazev>
			<Foto>&Robot_2;</Foto>
			<Rozmery>40m x 20cm</Rozmery>
			<Vybaveni>
				<SenzoryRobot>
					2 X <ref id="Dalka_1" />
					1 X <ref id="Odometrie_1" />
				</SenzoryRobot>
				<DeskyRobot>
					1 X <ref id="Deska_1"/>
					1 X <ref id="Deska_6"/>
				</DeskyRobot>
				<MotoryRobot>
					2 X <ref id="MotorDC_1"/>
				</MotoryRobot>
				<Info>Namontovaná radlice pro sběr puků.
				</Info>
			</Vybaveni>
			<Popis>
				Tříkolka pro soutěž RobotChallenge ve Vídni.
			</Popis>
		</Robot>
	</Roboti>
</Databaze>