<?xml version="1.0" encoding="UTF-8"?>

<vyrazeneZbozi>
	<zbozi>
		<nazev>Helma nitro X2</nazev>
		<znacka>Nitro</znacka>
		<nakupniCena>1500</nakupniCena>
		<prodejniCena>200</prodejniCena>
	</zbozi>
	<zbozi>
		<nazev>Sport Classic</nazev>
		<znacka>Specialized</znacka>
		<nakupniCena>12000</nakupniCena>
		<prodejniCena>3000</prodejniCena>
	</zbozi>
	<zbozi>
		<nazev>Crosstrail</nazev>
		<znacka>Specialized</znacka>
		<nakupniCena>28000</nakupniCena>
		<prodejniCena>6000</prodejniCena>
	</zbozi>
	<zbozi>
		<nazev>Myka FSR Comp</nazev>
		<znacka>Specialized</znacka>
		<nakupniCena>32000</nakupniCena>
		<prodejniCena>10000</prodejniCena>
	</zbozi>
	<zbozi>
		<nazev>Helma Bellistic</nazev>
		<znacka>Bell</znacka>
		<nakupniCena>1700</nakupniCena>
		<prodejniCena>400</prodejniCena>
	</zbozi>
</vyrazeneZbozi>