<?xml version="1.0" encoding="UTF-8"?>
<pirate-fleet xmlns:xsi="http://www.w3.org/2001/XMLSchema-instance" xsi:noNamespaceSchemaLocation="data.xsd">

	<captains>
		<captain captain-id="barbossa" ship-id="black-pearl">
			<name>
				<title>Captain</title>
				<first_name>Frederick</first_name>
				<last_name>Barbossa</last_name>
			</name>
		</captain>
		<captain captain-id="morgan" ship-id="morgenstern">
			<name>
				<title>Sir Captain</title>
				<last_name>Morgan</last_name>
			</name>
		</captain>
	</captains>
	
	<our_ships>
		<pirate-ship id="black-pearl">
			<ship-name>The Black Pearl</ship-name>
			<ship-captain id="barbossa">Captain Barbossa</ship-captain>
			<armament>
				<gun-record>
					<number>40</number>
					<calliber units="inches">4</calliber>
				</gun-record>
				<gun-record>
					<number>10</number>
					<calliber units="pounds">5</calliber>
				</gun-record>
			</armament>
		</pirate-ship>
		<pirate-ship id="morgenstern">
			<ship-name>The Morgenstern</ship-name>
			<ship-captain id="morgan">Captain Morgan</ship-captain>
			<armament>
				<gun-record>
					<number>20</number>
					<calliber units="inches">4</calliber>
				</gun-record>
				<gun-record>
					<number>26</number>
					<calliber units="inches">5</calliber>
				</gun-record>
				<gun-record>
					<number>4</number>
					<calliber units="inches">3</calliber>
				</gun-record>
			</armament>
		</pirate-ship>
		<pirate-ship id="rafalle">
			<ship-name>The Rafalle</ship-name>
			<armament>
				<gun-record>
					<number>44</number>
					<calliber units="pounds">5</calliber>
				</gun-record>
			</armament>
		</pirate-ship>
	</our_ships>
	
</pirate-fleet>
