<?xml version="1.0" encoding="UTF-8"?>
<!DOCTYPE zoo SYSTEM "data.dtd">

<zoo id="i_9516237">
	<nazev>Zoo Blno</nazev>
	<aktualni_datum><?php echo Date("d.m.Y")?></aktualni_datum>
	<zvire z_id="Z123456789">
		<klasifikace>
			<rise nazev="zivocichove">
				<kmen nazev="strunatci">
					<podkmen nazev="obratlovci">
						<trida nazev="savci">
							<podtrida nazev="vacnatci">
								<rad nazev="kunovci">
									<celed nazev="kunovcoviti">
										<rod nazev="dabel">
											<druh nazev="medvedovity"/>
										</rod>
									</celed>
								</rad>
							</podtrida>
						</trida>
					</podkmen>
				</kmen>
			</rise>
		</klasifikace>
		
		<osloveni>Kerberos</osloveni>
		
		<narozeni>
			<misto>
				<vzoo z_id="Z123456789"/>
			</misto>
			<datum>
				<rok>1999</rok>
				<mesic>12</mesic>
				<den>16</den>
			</datum>
		</narozeni>
		
		<pohlavi pohlavi="samice"/>
		
		<miry>
			<vaha>15 kg</vaha>
			<vyska>15 cm</vyska>
		</miry>
		
		<vybeh>
			<oblast ob_id="AA">Australska divocina</oblast>
			<klec k_id="AA_5"/>
		</vybeh>
		
		<sponzor>
			<kontakt>
				<adresa>
					<ulice>Zbohatla 12</ulice>
					<mesto>Skrblikov</mesto>
					<stat>Ceska republika?</stat>
					<psc>111 11</psc>
				</adresa>
				<telefon>663366366</telefon>
			</kontakt>
		</sponzor>
		
		<varovani>
			Jedinec se silne boji hlasitych zvuku.
		</varovani>
		<varovani>
			<![CDATA[ "Krmivo <123-456> mu nedela dobre"
			]]>
		</varovani>
		
		<upozorneni>
			<osetrujici o_id="O987654321"/> provedl osetreni predni pracky
		</upozorneni>
		
		<zraneni datum="2011-5-13">Zraneni predni pracky</zraneni>
	</zvire>
	
	<osetrovatel o_id="O987654321" kvalifikace="D">
		<jmeno>
			<krestni>Petr</krestni>
			<prijmeni>Nalevka</prijmeni>
		</jmeno>
		<kontakt>
			<adresa>
				<ulice>Odpadni 12</ulice>
				<mesto>Medvedov</mesto>
				<stat>Ceska republika</stat>
				<psc>456 88</psc>
			</adresa>
			<telefon>123 852 951</telefon>
			<email>p.nalevka@totozoo.cz</email>
		</kontakt>
		<zvirata>
			<zvire_opatrovane z_id="Z123456789"/>
		</zvirata>
	</osetrovatel>
</zoo>
