<?xml version="1.0" encoding="UTF-8"?>
<!DOCTYPE BadmintonLeague SYSTEM "data.dtd">

<BadmintonLeague Category="U-25" Year="2011/2012">
	<TeamMatches>
		<TeamMatch Date="29.2.2012" HomeTeam_ID="Team_1" GuestTeam_ID="Team_2" HomeTeamPoints="6" GuestTeamPoints="1">
			<Matches>
				<SingleM HomePlayer_ID="Pla_1_1" GuestPlayer_ID="Pla_2_1" Referee_ID="Ref_1" HomePlayerPoints="6" GuestPlayerPoints="1">
					<Sets>
						<Set Score_Home="11" Score_Guest="7" Duration=""/>
						<Set Score_Home="7" Score_Guest="11" Duration=""/>
						<Set Score_Home="11" Score_Guest="0" Duration=""/>
					</Sets>
				</SingleM>
				<SingleF HomePlayer_ID="Pla_1_2" GuestPlayer_ID="Pla_2_2" Referee_ID="Ref_2" HomePlayerPoints="6" GuestPlayerPoints="1">
					<Sets>
						<Set Score_Home="11" Score_Guest="7" Duration=""/>
						<Set Score_Home="7" Score_Guest="11" Duration=""/>
						<Set Score_Home="11" Score_Guest="0" Duration=""/>
					</Sets>
				</SingleF>
				<Mix HomePlayer_IDs="Pla_1_1   Pla_1_2" GuestPlayer_IDs="Pla_2_1  Pla_2_2" Referee_ID="Ref_3" HomePlayerPoints="6" GuestPlayerPoints="1">
					<Sets>
						<Set Score_Home="11" Score_Guest="7" Duration=""/>
						<Set Score_Home="7" Score_Guest="11" Duration=""/>
						<Set Score_Home="11" Score_Guest="0" Duration=""/>
					</Sets>
				</Mix>
			</Matches>
		</TeamMatch>
	</TeamMatches>
	<Teams>
		<Team ID="Team_1" Name="Draci Chodov" CoachName="Radek Votava" City="Praha - Chodov">
			<Players>
				<Player LicenceNumber="Pla_1_1">
					<FirstName>Ondřej</FirstName>
					<LastName>Heřmánek</LastName>
					<Age>23</Age>
					<Street>Jana Růžičky</Street>
					<City>Praha - Chodov</City>
					<Nationality>Česká</Nationality>
					<Sex Value="M" />
					<Mobile>728000000</Mobile>
					<Email>onashackem@seznam.cz</Email>
					<LastYearRank>1</LastYearRank>
				</Player>
				<Player LicenceNumber="Pla_1_2">
					<FirstName>Věra</FirstName>
					<MiddleName>Bastawy</MiddleName>
					<LastName>Flechtnerová</LastName>
					<Age>23</Age>
					<Street>Jana Růžičky</Street>
					<City>Praha - Chodov</City>
					<Nationality>Česká</Nationality>
					<Sex Value="F" />
					<Mobile>728000000</Mobile>
					<Email>pip.pip@seznam.cz</Email>
					<LastYearRank>1</LastYearRank>
				</Player>
			</Players>
		</Team>
		<Team ID="Team_2" Name="Prosečtí looseři" CoachName="Radek Votava" City="Praha - Chodov">
			<Players>
				<Player LicenceNumber="Pla_2_1">
					<FirstName>Roman</FirstName>
					<LastName>Štefko</LastName>
					<Age>23</Age>
					<Street>Panelák</Street>
					<City>Praha - Prosek</City>
					<Nationality>Česká</Nationality>
					<Sex Value="M" />
					<Mobile>723000000</Mobile>
					<Email>stefko@gmail.com</Email>
					<LastYearRank>10</LastYearRank>
				</Player>
				<Player LicenceNumber="Pla_2_2">
					<FirstName>Ornela</FirstName>
					<MiddleName>Orny</MiddleName>
					<LastName>Vitaiová</LastName>
					<Age>23</Age>
					<Street>Panelák</Street>
					<City>Praha - Prosek</City>
					<Nationality>Česká</Nationality>
					<Sex Value="F" />
					<Mobile>722000000</Mobile>
					<Email>orny@seznam.cz</Email>
					<LastYearRank>11</LastYearRank>
				</Player>
			</Players>
		</Team>
	</Teams>
	<Referees>
		<Referee ID="Ref_1" Name="Dana Štěpánková" Sex="F" Class="A" PrevYearEval="2.5"/>
		<Referee ID="Ref_2" Name="Ondřej Berka" Sex="M" Class="B" PrevYearEval="2"/>
		<Referee ID="Ref_3" Name="Jiří Pivoňka" Sex="M" Class="C" PrevYearEval="5"/>
	</Referees>
	<Info>
		<Version>1.1</Version>
		<Date>
			<?php echo Date("d.m.Y") ?>
		</Date>
		<Rules><![CDATA[
				document.writeln("
&rules;");
			]]>
		</Rules>
	</Info>
</BadmintonLeague>
