<?xml version="1.0" encoding="UTF-8"?>
<soupiska xmlns:xsi="http://www.w3.org/2001/XMLSchema-instance" xsi:noNamespaceSchemaLocation="soupiska.xsd">
	<hrac cislo="1" pozice="GK">
		<jmeno>Manuel</jmeno>
		<prijmeni>Almunia</prijmeni>
		<narodnost>Španělsko</narodnost>
		<datumNarozeni>1977-05-19</datumNarozeni>
		<prichodDoKlubu>2004-07-18</prichodDoKlubu>
	</hrac>
	<hrac cislo="2" pozice="MF">
		<jmeno>Abou</jmeno>
		<prijmeni>Diaby</prijmeni>
		<narodnost>Francie</narodnost>
		<datumNarozeni>1986-05-11</datumNarozeni>
		<prichodDoKlubu>2006-01-13</prichodDoKlubu>
	</hrac>
	<hrac cislo="3" pozice="DF">
		<jmeno>Bacary</jmeno>
		<prijmeni>Sagna</prijmeni>
		<narodnost>Francie</narodnost>
		<datumNarozeni>1983-02-14</datumNarozeni>
		<prichodDoKlubu>2007-07-12</prichodDoKlubu>
	</hrac>
	<hrac cislo="4" pozice="DF">
		<jmeno>Per</jmeno>
		<prijmeni>Mertesacker</prijmeni>
		<narodnost>Německo</narodnost>
		<datumNarozeni>1984-09-29</datumNarozeni>
		<prichodDoKlubu>2011-08-31</prichodDoKlubu>
	</hrac>
	<hrac cislo="5" pozice="DF">
		<jmeno>Thomas</jmeno>
		<prijmeni>Vermaelen</prijmeni>
		<narodnost>Belgie</narodnost>
		<datumNarozeni>1985-11-14</datumNarozeni>
		<prichodDoKlubu>2009-06-19</prichodDoKlubu>
	</hrac>
	<hrac cislo="6" pozice="DF">
		<jmeno>Laurent</jmeno>
		<prijmeni>Koscielny</prijmeni>
		<narodnost>Francie</narodnost>
		<datumNarozeni>1985-09-10</datumNarozeni>
		<prichodDoKlubu>2010-07-07</prichodDoKlubu>
	</hrac>
	<hrac cislo="7" pozice="MF">
		<jmeno>Tomáš</jmeno>
		<prijmeni>Rosický</prijmeni>
		<narodnost>Česko</narodnost>
		<datumNarozeni>1980-10-04</datumNarozeni>
		<prichodDoKlubu>2006-05-23</prichodDoKlubu>
	</hrac>
	<hrac cislo="8" pozice="MF">
		<jmeno>Mikel</jmeno>
		<prijmeni>Arteta</prijmeni>
		<narodnost>Španělsko</narodnost>
		<datumNarozeni>1982-03-26</datumNarozeni>
		<prichodDoKlubu>2011-08-31</prichodDoKlubu>
	</hrac>
	<hrac cislo="9" pozice="FW">
		<jmeno>Chu-Young</jmeno>
		<prijmeni>Park</prijmeni>
		<narodnost>Jižní Korea</narodnost>
		<datumNarozeni>1985-07-10</datumNarozeni>
		<prichodDoKlubu>2011-08-30</prichodDoKlubu>
	</hrac>
	<hrac cislo="10" pozice="FW">
		<jmeno>Robin</jmeno>
		<prijmeni>van Persie</prijmeni>
		<narodnost>Nizozemsko</narodnost>
		<datumNarozeni>1983-08-06</datumNarozeni>
		<prichodDoKlubu>2004-05-17</prichodDoKlubu>
	</hrac>
	<hrac cislo="11" pozice="DF">
		<jmeno>Andre</jmeno>
		<prijmeni>Santos</prijmeni>
		<narodnost>Brazílie</narodnost>
		<datumNarozeni>1983-03-08</datumNarozeni>
		<prichodDoKlubu>2011-08-31</prichodDoKlubu>
	</hrac>
	<hrac cislo="13" pozice="GK">
		<jmeno>Wojciech</jmeno>
		<prijmeni>Szczesny</prijmeni>
		<narodnost>Polsko</narodnost>
		<datumNarozeni>1990-04-18</datumNarozeni>
		<prichodDoKlubu>2007-08-01</prichodDoKlubu>
	</hrac>
	<hrac cislo="14" pozice="FW">
		<jmeno>Theo</jmeno>
		<prijmeni>Walcott</prijmeni>
		<narodnost>Anglie</narodnost>
		<datumNarozeni>1989-03-16</datumNarozeni>
		<prichodDoKlubu>2006-01-20</prichodDoKlubu>
	</hrac>
	<hrac cislo="15" pozice="FW">
		<jmeno>Alex</jmeno>
		<prijmeni>Oxlade-Chamberlain</prijmeni>
		<narodnost>Anglie</narodnost>
		<datumNarozeni>1993-08-15</datumNarozeni>
		<prichodDoKlubu>2011-08-08</prichodDoKlubu>
	</hrac>
	<hrac cislo="16" pozice="MF">
		<jmeno>Aaron</jmeno>
		<prijmeni>Ramsey</prijmeni>
		<narodnost>Wales</narodnost>
		<datumNarozeni>1990-12-26</datumNarozeni>
		<prichodDoKlubu>2008-06-13</prichodDoKlubu>
	</hrac>
	<hrac cislo="17" pozice="MF">
		<jmeno>Alex</jmeno>
		<prijmeni>Song</prijmeni>
		<narodnost>Kamerun</narodnost>
		<datumNarozeni>1987-09-09</datumNarozeni>
		<prichodDoKlubu>2005-08-12</prichodDoKlubu>
	</hrac>
	<hrac cislo="18" pozice="DF">
		<jmeno>Sebastien</jmeno>
		<prijmeni>Squillaci</prijmeni>
		<narodnost>Francie</narodnost>
		<datumNarozeni>1980-08-11</datumNarozeni>
		<prichodDoKlubu>2010-08-27</prichodDoKlubu>
	</hrac>
	<hrac cislo="19" pozice="MF">
		<jmeno>Jack</jmeno>
		<prijmeni>Wilshere</prijmeni>
		<narodnost>Anglie</narodnost>
		<datumNarozeni>1992-01-01</datumNarozeni>
		<prichodDoKlubu>2001-10-01</prichodDoKlubu>
	</hrac>
	<hrac cislo="20" pozice="DF">
		<jmeno>Johan</jmeno>
		<prijmeni>Djourou</prijmeni>
		<narodnost>Švýcarsko</narodnost>
		<datumNarozeni>1987-01-18</datumNarozeni>
		<prichodDoKlubu>2003-08-01</prichodDoKlubu>
	</hrac>
	<hrac cislo="21" pozice="GK">
		<jmeno>Lukasz</jmeno>
		<prijmeni>Fabianski</prijmeni>
		<narodnost>Polsko</narodnost>
		<datumNarozeni>1985-04-18</datumNarozeni>
		<prichodDoKlubu>2007-05-26</prichodDoKlubu>
	</hrac>
	<hrac cislo="25" pozice="DF">
		<jmeno>Carl</jmeno>
		<prijmeni>Jenkinson</prijmeni>
		<narodnost>Anglie</narodnost>
		<datumNarozeni>1992-02-08</datumNarozeni>
		<prichodDoKlubu>2011-06-08</prichodDoKlubu>
	</hrac>
	<hrac cislo="26" pozice="MF">
		<jmeno>Emmanuel</jmeno>
		<prijmeni>Frimpong</prijmeni>
		<narodnost>Anglie</narodnost>
		<datumNarozeni>1992-01-10</datumNarozeni>
		<prichodDoKlubu>2008-07-01</prichodDoKlubu>
	</hrac>
	<hrac cislo="27" pozice="FW">
		<jmeno>Yao</jmeno>
		<prijmeni>Gervinho</prijmeni>
		<narodnost>Pobřeží Slonoviny</narodnost>
		<datumNarozeni>1987-05-27</datumNarozeni>
		<prichodDoKlubu>2011-07-18</prichodDoKlubu>
	</hrac>
	<hrac cislo="28" pozice="DF">
		<jmeno>Kieran</jmeno>
		<prijmeni>Gibbs</prijmeni>
		<narodnost>Anglie</narodnost>
		<datumNarozeni>1989-09-26</datumNarozeni>
		<prichodDoKlubu>2007-09-10</prichodDoKlubu>
	</hrac>
	<hrac cislo="29" pozice="FW">
		<jmeno>Marouane</jmeno>
		<prijmeni>Chamakh</prijmeni>
		<narodnost>Maroko</narodnost>
		<datumNarozeni>1984-01-10</datumNarozeni>
		<prichodDoKlubu>2010-05-21</prichodDoKlubu>
	</hrac>
	<hrac cislo="30" pozice="MF">
		<jmeno>Yossi</jmeno>
		<prijmeni>Benayoun</prijmeni>
		<narodnost>Izrael</narodnost>
		<datumNarozeni>1980-05-05</datumNarozeni>
		<prichodDoKlubu>2011-08-31</prichodDoKlubu>
	</hrac>
	<hrac cislo="39" pozice="MF">
		<jmeno>Francis</jmeno>
		<prijmeni>Coquelin</prijmeni>
		<narodnost>Francie</narodnost>
		<datumNarozeni>1991-05-13</datumNarozeni>
		<prichodDoKlubu>2008-07-22</prichodDoKlubu>
	</hrac>
	<hrac cislo="23" pozice="MF">
		<jmeno>Andrey</jmeno>
		<prijmeni>Arshavin</prijmeni>
		<narodnost>Rusko</narodnost>
		<datumNarozeni>1981-05-29</datumNarozeni>
		<prichodDoKlubu>2009-02-03</prichodDoKlubu>
	</hrac>
	<hrac cislo="12" pozice="FW">
		<jmeno>Thierry</jmeno>
		<prijmeni>Henry</prijmeni>
		<narodnost>Francie</narodnost>
		<datumNarozeni>1977-08-17</datumNarozeni>
		<prichodDoKlubu>2012-01-02</prichodDoKlubu>
	</hrac>
</soupiska>
