<?xml version="1.0" encoding="UTF-8"?>

<ZaznamyOZapasech xmlns:xsi="http://www.w3.org/2001/XMLSchema-instance" xsi:noNamespaceSchemaLocation="data1.xsd">
<Zapas datum="15.2.2012">
	<!-- Zakladni udaje o zapasu, status znamena, zda byl zapas z hlediska chovani fanousku rizikovy, ci nikoli.-->
	<ID>Z1</ID>
	<UdajeOZapasu>
		<DatumKonani>15.2.2012</DatumKonani>		
		<MistoKonani>Praha</MistoKonani>
		<Status>rizikovy</Status>		
	</UdajeOZapasu>
	<!-- Vysledek zapasu a zakladni udaje o obou tymech.-->
	<Vysledek>
		<!-- Info o domacim tymu, poctu branek, trestnych minut a strel behem zapasu.-->
		<Domaci trestneminuty = "8" strely = "35">
			<JmenoTymu>Ceska republika</JmenoTymu>			
			<Goly>5</Goly>						
		</Domaci>
		<!-- Info o hostujicim tymu, poctu branek, trestnych minut a strel behem zapasu.-->
		<Hoste trestneminuty = "16" strely = "26">
			<JmenoTymu>Rusko</JmenoTymu>
			<Goly>2</Goly>	
		</Hoste>
	</Vysledek>
	<!-- Pocet divaku, kteri dorazili na utkani.-->
	<Divaci>
		<PocetDivaku>17689</PocetDivaku>		
	</Divaci>
	<!-- Seznam rozhodcich, kteri zapas ridili.-->
	<Rozhodci>
		<Hlavni>Mlynar</Hlavni>
		<Carovy>Guskulov</Carovy>
		<Carovy>Latvala</Carovy>
	</Rozhodci>
	<!-- Zaznamy ze zapasu, nejsou povinne-->
	<Videozaznam cesta = "video1.avi" delka = "51">Video1</Videozaznam>	
	<NaposledyZobrazeno><?php echo Date("d.m.Y")?></NaposledyZobrazeno>		
</Zapas>
<Zapas datum="15.2.2012">
	<!-- Zakladni udaje o zapasu, status znamena, zda byl zapas z hlediska chovani fanousku rizikovy, ci nikoli.-->
	<ID>Z2</ID>
	<UdajeOZapasu>
		<DatumKonani>15.2.2012</DatumKonani>		
		<MistoKonani>Helsinky</MistoKonani>
		<Status></Status>		
	</UdajeOZapasu>
	<!-- Vysledek zapasu a zakladni udaje o obou tymech.-->
	<Vysledek>
		<!-- Info o domacim tymu, poctu branek, trestnych minut a strel behem zapasu.-->
		<Domaci trestneminuty = "12" strely = "21">
			<JmenoTymu>Finsko</JmenoTymu>
			<Goly>3</Goly>	
		</Domaci>
		<!-- Info o hostujicim tymu, poctu branek, trestnych minut a strel behem zapasu.-->
		<Hoste trestneminuty = "4" strely = "26">
			<JmenoTymu>Svedsko</JmenoTymu>
			<Goly>1</Goly>
		</Hoste>	
	</Vysledek>
	<!-- Pocet divaku, kteri dorazili na utkani.-->
	<Divaci>
		<PocetDivaku>15458</PocetDivaku>		
	</Divaci>
	<!-- Seznam rozhodcich, kteri zapas ridili.-->
	<Rozhodci>
		<Hlavni>Mlynar</Hlavni>
		<Carovy>Hradil</Carovy>
		<Carovy>Latvala</Carovy>		
	</Rozhodci>
	<!-- Zaznamy ze zapasu, nejsou povinne-->
	<Videozaznam cesta = "video1.avi" delka = "15">Video1</Videozaznam>
	<Videozaznam cesta = "video2.avi" delka = "28">Video2</Videozaznam>
	<NaposledyZobrazeno><?php echo Date("d.m.Y")?></NaposledyZobrazeno>		
</Zapas>
<Zapas datum="22.3.2012">
	<!-- Zakladni udaje o zapasu, status znamena, zda byl zapas z hlediska chovani fanousku rizikovy, ci nikoli.-->
	<ID>Z3</ID>
	<UdajeOZapasu>
		<DatumKonani>22.3.2012</DatumKonani>		
		<MistoKonani>Helsinky</MistoKonani>
		<Status></Status>		
	</UdajeOZapasu>
	<!-- Vysledek zapasu a zakladni udaje o obou tymech.-->
	<Vysledek>
		<!-- Info o domacim tymu, poctu branek, trestnych minut a strel behem zapasu.-->
		<Domaci trestneminuty = "14" strely = "25">
			<JmenoTymu>Finsko</JmenoTymu>
			<Goly>1</Goly>	
		</Domaci>
		<!-- Info o hostujicim tymu, poctu branek, trestnych minut a strel behem zapasu.-->
		<Hoste trestneminuty = "8" strely = "38">
			<JmenoTymu>Rusko</JmenoTymu>
			<Goly>5</Goly>
		</Hoste>	
	</Vysledek>
	<!-- Pocet divaku, kteri dorazili na utkani.-->
	<Divaci>
		<PocetDivaku>15548</PocetDivaku>		
	</Divaci>
	<!-- Seznam rozhodcich, kteri zapas ridili.-->
	<Rozhodci>
		<Hlavni>Mlynar</Hlavni>
		<Carovy>Hradil</Carovy>
		<Carovy>Latvala</Carovy>
	</Rozhodci>
	<!-- Zaznamy ze zapasu, nejsou povinne-->
	<Videozaznam cesta = "video1.avi" delka = "116">Video1</Videozaznam>
	<Videozaznam cesta = "video2.avi" delka = "21">Video2</Videozaznam>
	<NaposledyZobrazeno><?php echo Date("d.m.Y")?></NaposledyZobrazeno>		
</Zapas>
<Zapas datum="22.3.2012">
	<!-- Zakladni udaje o zapasu, status znamena, zda byl zapas z hlediska chovani fanousku rizikovy, ci nikoli.-->
	<ID>Z4</ID>
	<UdajeOZapasu>
		<DatumKonani>22.3.2012</DatumKonani>		
		<MistoKonani>Praha</MistoKonani>
		<Status></Status>		
	</UdajeOZapasu>
	<!-- Vysledek zapasu a zakladni udaje o obou tymech.-->
	<Vysledek>
		<!-- Info o domacim tymu, poctu branek, trestnych minut a strel behem zapasu.-->
		<Domaci trestneminuty = "10" strely = "33">
			<JmenoTymu>Ceska republika</JmenoTymu>
			<Goly>4</Goly>									
		</Domaci>
		<!-- Info o hostujicim tymu, poctu branek, trestnych minut a strel behem zapasu.-->
		<Hoste trestneminuty = "8" strely = "24">
			<JmenoTymu>Svedsko</JmenoTymu>
			<Goly>2</Goly>	
		</Hoste>
	</Vysledek>
	<!-- Pocet divaku, kteri dorazili na utkani.-->
	<Divaci>
		<PocetDivaku>18456</PocetDivaku>		
	</Divaci>
	<!-- Seznam rozhodcich, kteri zapas ridili.-->
	<Rozhodci>
		<Hlavni>Guskulov</Hlavni>
		<Carovy>Hradil</Carovy>
		<Carovy>Latvala</Carovy>
	</Rozhodci>
	<!-- Zaznamy ze zapasu, nejsou povinne-->
	<Videozaznam cesta = "video1.avi" delka = "26">Video1</Videozaznam>	
	<NaposledyZobrazeno><?php echo Date("d.m.Y")?></NaposledyZobrazeno>		
</Zapas>	
<Zapas datum="24.3.2012">
	<!-- Zakladni udaje o zapasu, status znamena, zda byl zapas z hlediska chovani fanousku rizikovy, ci nikoli.-->
	<ID>Z5</ID>
	<UdajeOZapasu>
		<DatumKonani>24.3.2012</DatumKonani>		
		<MistoKonani>Praha</MistoKonani>
		<Status></Status>		
	</UdajeOZapasu>
	<!-- Vysledek zapasu a zakladni udaje o obou tymech.-->
	<Vysledek>
		<!-- Info o domacim tymu, poctu branek, trestnych minut a strel behem zapasu.-->
		<Domaci trestneminuty = "6" strely = "26">
			<JmenoTymu>Ceska republika</JmenoTymu>
			<Goly>3</Goly>									
		</Domaci>
		<!-- Info o hostujicim tymu, poctu branek, trestnych minut a strel behem zapasu.-->
		<Hoste trestneminuty = "9" strely = "30">
			<JmenoTymu>Finsko</JmenoTymu>
			<Goly>1</Goly>	
		</Hoste>
	</Vysledek>
	<!-- Pocet divaku, kteri dorazili na utkani.-->
	<Divaci>
		<PocetDivaku>18201</PocetDivaku>		
	</Divaci>
	<!-- Seznam rozhodcich, kteri zapas ridili.-->
	<Rozhodci>
		<Hlavni>Hradil</Hlavni>
		<Carovy>Guskulov</Carovy>
		<Carovy>Mlynar</Carovy>
	</Rozhodci>
	<!-- Zaznamy ze zapasu, nejsou povinne-->
	<Videozaznam cesta = "video1.avi" delka = "45">Video1</Videozaznam>	
	<NaposledyZobrazeno><?php echo Date("d.m.Y")?></NaposledyZobrazeno>		
</Zapas>
<Zapas datum="25.3.2012">
	<!-- Zakladni udaje o zapasu, status znamena, zda byl zapas z hlediska chovani fanousku rizikovy, ci nikoli.-->
	<ID>Z6</ID>
	<UdajeOZapasu>
		<DatumKonani>25.3.2012</DatumKonani>		
		<MistoKonani>Moskva</MistoKonani>
		<Status></Status>		
	</UdajeOZapasu>
	<!-- Vysledek zapasu a zakladni udaje o obou tymech.-->
	<Vysledek>
		<!-- Info o domacim tymu, poctu branek, trestnych minut a strel behem zapasu.-->
		<Domaci trestneminuty = "8" strely = "24">
			<JmenoTymu>Rusko</JmenoTymu>
			<Goly>1</Goly>	
		</Domaci>
		<!-- Info o hostujicim tymu, poctu branek, trestnych minut a strel behem zapasu.-->
		<Hoste trestneminuty = "6" strely = "28">
			<JmenoTymu>Svedsko</JmenoTymu>
			<Goly>3</Goly>
		</Hoste>	
	</Vysledek>
	<!-- Pocet divaku, kteri dorazili na utkani.-->
	<Divaci>
		<PocetDivaku>12458</PocetDivaku>		
	</Divaci>
	<!-- Seznam rozhodcich, kteri zapas ridili.-->
	<Rozhodci>
		<Hlavni>Mlynar</Hlavni>
		<Carovy>Hradil</Carovy>
		<Carovy>Latvala</Carovy>
	</Rozhodci>
	<!-- Zaznamy ze zapasu, nejsou povinne-->
	<Videozaznam cesta = "video1.avi" delka = "14">Video1</Videozaznam>
	<Videozaznam cesta = "video2.avi" delka = "56">Video2</Videozaznam>
	<NaposledyZobrazeno><?php echo Date("d.m.Y")?></NaposledyZobrazeno>		
</Zapas>	
</ZaznamyOZapasech>
