<Liga>
	<Nazev>NHL</Nazev>
	<Cast>
		<Nazev>Zapadni konference</Nazev>
		<Cast>
			<Nazev>Centralni divize</Nazev>
			<Cast>
				<Nazev>St. Louis Blues</Nazev>
			</Cast>
			<Cast>
				<Nazev>Nashville Predators</Nazev>
			</Cast>
			<Cast>
				<Nazev>Detroit Red Wings</Nazev>
			</Cast>
			<Cast>
				<Nazev>Chicago Blackhawks</Nazev>
			</Cast>
			<Cast>
				<Nazev>Columbus Blue Jackets</Nazev>
			</Cast>
		</Cast>
		<Cast>
			<Nazev>Severozapadni divize</Nazev>
			<Cast>
				<Nazev>Vancouver Canucks</Nazev>
			</Cast>
			<Cast>
				<Nazev>Calgary Flames</Nazev>
			</Cast>
			<Cast>
				<Nazev>Colorado Avalanche</Nazev>
			</Cast>
			<Cast>
				<Nazev>Minnesota Wild</Nazev>
			</Cast>
			<Cast>
				<Nazev>Edmonton Oilers</Nazev>
			</Cast>
		</Cast>
		<Cast>
			<Nazev>Pacificka divize</Nazev>
			<Cast>
				<Nazev>Phoenix Coyotes</Nazev>
			</Cast>
			<Cast>
				<Nazev>San Jose Sharks</Nazev>
			</Cast>
			<Cast>
				<Nazev>Los Angeles Kings</Nazev>
			</Cast>
			<Cast>
				<Nazev>Dallas Stars</Nazev>
			</Cast>
			<Cast>
				<Nazev>Anaheim Ducks</Nazev>
			</Cast>
		</Cast>		
	</Cast>
	<Cast>
		<Nazev>Vychodni konference</Nazev>
		<Cast>
			<Nazev>Atlanticka divize</Nazev>
			<Cast>
				<Nazev>NY Rangers</Nazev>
			</Cast>
			<Cast>
				<Nazev>Pittsburgh Penguins</Nazev>
			</Cast>
			<Cast>
				<Nazev>Philadelphia Flyers</Nazev>
			</Cast>
			<Cast>
				<Nazev>New Jersey Devils</Nazev>
			</Cast>
			<Cast>
				<Nazev>NY Islanders</Nazev>
			</Cast>
		</Cast>
		<Cast>
			<Nazev>Severovychodni divize</Nazev>
			<Cast>
				<Nazev>Boston Bruins</Nazev>
			</Cast>
			<Cast>
				<Nazev>Ottawa Senators</Nazev>
			</Cast>
			<Cast>
				<Nazev>Buffalo Sabres</Nazev>
			</Cast>
			<Cast>
				<Nazev>Toronto Maple Leafs</Nazev>
			</Cast>
			<Cast>
				<Nazev>Montreal Canadiens</Nazev>
			</Cast>
		</Cast>
		<Cast>
			<Nazev>Jihovychodni divize</Nazev>
				<Cast>
					<Nazev>Florida Panthers</Nazev>
				</Cast>
				<Cast>
					<Nazev>Washington Capitals</Nazev>
				</Cast>
				<Cast>
					<Nazev>Tampa Bay Lightning</Nazev>
				</Cast>
				<Cast>
					<Nazev>Winnipeg Jets</Nazev>
				</Cast>
				<Cast>
					<Nazev>Carolina Hurricanes</Nazev>
				</Cast>			
		</Cast>		
	</Cast>
</Liga>	