<?xml version="1.0" encoding="UTF-8"?>

<Tymy>
	<Tym>
		<Nazev>Ceska republika</Nazev>		
		<PocetHracu>28</PocetHracu>
		<Trener licence = "ano">
			<Jmeno>Alois</Jmeno>
			<Prijmeni>Hadamczik</Prijmeni>
			<Vek>52</Vek>
			<Narodnost>Ceska</Narodnost>
			<Honorar>0</Honorar>
		</Trener>
		<DomaciStadion>
			<Nazev>O2 Arena</Nazev>
			<Adresa>
				<Ulice>Ceskomoravska</Ulice>
				<C.P.>2135/17</C.P.>
				<PSC>19093</PSC>
				<Mesto>Praha</Mesto>
				<Stat>Ceska republika</Stat>
			</Adresa>
		</DomaciStadion>
		<Kapitan>
			<Jmeno>Tomas</Jmeno>
			<Prijmeni>Rolinek</Prijmeni>
			<Vek>32</Vek>
			<Narodnost>Ceska</Narodnost>
			<DatumNarozeni>1980-02-17</DatumNarozeni>			
			<Vyska>177</Vyska>
			<Vaha>87</Vaha>
			<Pozice>utocnik</Pozice>
			<Hul>leva</Hul>
			<Cislo>60</Cislo>				
		</Kapitan>
		<Zapasy>
			<ID>Z1</ID>
			<ID>Z4</ID>
			<ID>Z5</ID>			
		</Zapasy>	
	</Tym>
	<Tym>
		<Nazev>Rusko</Nazev>
		<PocetHracu>24</PocetHracu>
		<Trener>
			<Jmeno>Vjaceslav</Jmeno>
			<Prijmeni> Bykov</Prijmeni>
			<Vek>53</Vek>
			<Narodnost>Ruska</Narodnost>
			<Honorar>5000</Honorar>
		</Trener>
		<DomaciStadion>
			<Nazev>Megasport Arena</Nazev>
			<Adresa>
				<Ulice>Khodynka avenue</Ulice>
				<C.P.>341/74</C.P.>
				<PSC>12525</PSC>
				<Mesto>Moskva</Mesto>
				<Stat>Rusko</Stat>
			</Adresa>
		</DomaciStadion>
		<Kapitan>
			<Jmeno>Alexander</Jmeno>
			<Prijmeni>Radulov</Prijmeni>
			<Vek>26</Vek>
			<Narodnost>Ruska</Narodnost>
			<DatumNarozeni>1986-07-05</DatumNarozeni>
			<Vyska>187</Vyska>
			<Vaha>93</Vaha>
			<Pozice>utocnik</Pozice>
			<Hul>leva</Hul>
			<Cislo>47</Cislo>				
		</Kapitan>
		<Zapasy>
			<ID>Z1</ID>
			<ID>Z3</ID>
			<ID>Z6</ID>			
		</Zapasy>	
	</Tym>
	<Tym>
		<Nazev>Finsko</Nazev>
		<PocetHracu>26</PocetHracu>
		<Trener licence = "ne">
			<Jmeno>Juka</Jmeno>
			<Prijmeni>Jahonnen</Prijmeni>
			<Vek>58</Vek>
			<Narodnost>Finska</Narodnost>
			<Honorar>0</Honorar>
		</Trener>
		<DomaciStadion>
			<Nazev>Hartval Arena</Nazev>
			<Adresa>
				<Ulice>Helsinky Avenue</Ulice>
				<C.P.>2542/14</C.P.>
				<PSC>25594</PSC>
				<Mesto>Helsinky</Mesto>
				<Stat>Finsko</Stat>
			</Adresa>
		</DomaciStadion>
		<Kapitan>
			<Jmeno>Oli</Jmeno>
			<Prijmeni>Jokinen</Prijmeni>
			<Vek>28</Vek>
			<Narodnost>Finska</Narodnost>
			<DatumNarozeni>1984-02-18</DatumNarozeni>			
			<Vyska>185</Vyska>
			<Vaha>94</Vaha>
			<Pozice>Útočník</Pozice>
			<Hul>leva</Hul>
			<Cislo>6</Cislo>				
		</Kapitan>
		<Zapasy>
			<ID>Z2</ID>
			<ID>Z3</ID>
			<ID>Z5</ID>		
		</Zapasy>
	</Tym>
	<Tym>
		<Nazev>Svedsko</Nazev>
		<PocetHracu>24</PocetHracu>
		<Trener>
			<Jmeno>Ben Oke</Jmeno>
			<Prijmeni> Gustavson</Prijmeni>
			<Vek>48</Vek>
			<Narodnost>Svedska</Narodnost>
			<Honorar>1000</Honorar>
		</Trener>
		<DomaciStadion>
			<Nazev>Globen</Nazev>
			<Adresa>
				<Ulice>Stockholm Avenue</Ulice>
				<C.P.>18</C.P.>
				<PSC>12525</PSC>
				<Mesto>Stockholm</Mesto>
				<Stat>Švédsko</Stat>
			</Adresa>
		</DomaciStadion>
		<Kapitan>
			<Jmeno>Mats</Jmeno>
			<Prijmeni>Sundin</Prijmeni>
			<Vek>40</Vek>
			<Narodnost>Svedska</Narodnost>
			<DatumNarozeni>1972-07-05</DatumNarozeni>
			<Vyska>187</Vyska>
			<Vaha>85</Vaha>
			<Pozice>Útočník</Pozice>
			<Hul>leva</Hul>
			<Cislo>40</Cislo>				
		</Kapitan>
		<Zapasy>
			<ID>Z2</ID>
			<ID>Z4</ID>
			<ID>Z6</ID>
		</Zapasy>
	</Tym>			
</Tymy>		