<?xml version="1.0" encoding="UTF-8" standalone="no"?><dota>
	<heroTypes comment="all 3 types">
		<heroType id="t_1">Strength</heroType>
		<heroType id="t_2">Agility</heroType>
		<heroType id="t_3">Intelligence</heroType>
	</heroTypes>
	<heroes>
		<hero id="h_1">
			<type id="t_1"/>
			<name>Pudge</name>
			<class>Butcher</class>
			<moveSpeed>285</moveSpeed>
			<strength growth="3.2">25</strength>
			<agility growth="1.5">14</agility>
			<intelligence growth="1.5">14</intelligence>
			<hp>625</hp>
			<mana>182</mana>
			<damage>55</damage>
			<armor>0.96</armor>
			<attack>
			    <speed>
        			<attacksPerSecond>0.67</attacksPerSecond>
	    			<baseAttackTime>1.7</baseAttackTime>
    			</speed>
    			<attackRange type="melee">100</attackRange>
			</attack>
			<lore>In the Fields of Endless Carnage, far to the south of Quoidge...Even those who are beyond fearing the <b>Reaper</b>, fear the <b>Butcher</b>.</lore>
		</hero>
		<hero id="h_2">
		    <type id="t_2"/>
		    <name>Lanaya</name>
		    <class>Templar Assassin</class>
		    <moveSpeed>305</moveSpeed>
		    <strength growth="2.1">18</strength>
		    <agility growth="2.7">23</agility>
		    <intelligence growth="2">20</intelligence>
		    <hp>492</hp>
		    <mana>260</mana>
		    <damage>56</damage>
		    <armor>4.22</armor>
		    <attack>
		        <speed>
		            <attacksPerSecond>0.72</attacksPerSecond>
		            <baseAttackTime>1.7</baseAttackTime>
		        </speed>
	            <attackRange type="ranged">140</attackRange>
		    </attack>
		    <lore><![CDATA[In the eyes of each foe she expunges, a bit more of the mystery is revealed. And possible equation too. x < 5 && x > 4]]></lore>
		</hero>
		
		
		<hero id="h_5">
		    <type id="t_1"/>
		    <name>Magnus</name>
		    <class>Magnoceros</class>
		    <moveSpeed>315</moveSpeed>
		    <strength growth="2.75">21</strength>
		    <agility growth="2.5">15</agility>
		    <intelligence growth="1.65">19</intelligence>
		    <hp>549</hp>
		    <mana>247</mana>
		    <damage>55</damage>
		    <armor>4.1</armor>
		    <attack>
		        <speed>
		            <attacksPerSecond>0.67</attacksPerSecond>
		            <baseAttackTime>1.7</baseAttackTime>
		        </speed>
		        <attackRange type="melee">100</attackRange>
		    </attack>
		    <lore>The master-smiths of Mt. Joerlak agree on only a single point: that the horn of a magnoceros is more precious than any alloy. ...</lore>
		</hero>
		
    <hero id="h_7"><type id="t_1"/><name>Crixalis</name><class>Sand King</class><moveSpeed>300</moveSpeed><strength growth="2.6">18</strength><agility growth="2.1">19</agility><intelligence growth="1.8">16</intelligence><hp>492</hp><mana>208</mana><damage>51</damage><armor>2.66</armor><attack><speed><attacksPerSecond>0.7</attacksPerSecond><baseAttackTime>1.7</baseAttackTime></speed><attackRange type="melee">100</attackRange></attack><lore>The sands of the Scintillant Waste are alive and sentient ...</lore></hero></heroes>
	<!-- here ends the reasonable data -->
	<!-- here comes the source from where the data is from -->
	<source>http://dota2.gamepedia.com/Dota_2_Wiki</source>
	<sourceHtml src="htmlSource">Link to source.<?php echo 'source is here'?></sourceHtml>
</dota>