<?xml version="1.0" encoding="utf-8"?>
<!DOCTYPE tournament SYSTEM "data.dtd">
<tournament>
  <categories>
    <age age-id="age-pupils" min="1999" max="2000">
      <male>
        <name>&cat-pupils-male;</name>
        <category>
          <max>26</max>
        </category>
        <category>
          <min>26</min>
          <max>30</max>
        </category>
        <category>
          <min>30</min>
          <max>33</max>
        </category>
        <category>
          <min>33</min>
          <max>36</max>
        </category>
        <category>
          <min>36</min>
          <max>40</max>
        </category>
        <category>
          <min>40</min>
          <max>45</max>
        </category>
        <category>
          <min>45</min>
          <max>50</max>
        </category>
        <category>
          <min>50</min>
          <max>55</max>
        </category>
        <category>
          <min>55</min>
        </category>
      </male>
    </age>
  </categories>
  <teams>
    <team team-id="team-kangsim">
      <name>SK Kangsim Dojang</name>
      <chairman>Marek Doxanský</chairman>
      <contact>
        <phone>+420497562483</phone>
        <mail>info@kangsim.cz</mail>
      </contact>
    </team>
    <team team-id="team-cobra">
      <name>SK Cobra Dojang</name>
      <chairman>Ing. Bohuslav Hybrant</chairman>
      <contact>
        <phone>+420584394158</phone>
      </contact>
    </team>
    <team team-id="team-sejong">
      <name>Sejong Dojang</name>
      <chairman>Ing. Ondřej Havlíček</chairman>
      <contact>
        <mail>shou@sejong.cz</mail>
      </contact>
    </team>
  </teams>
  <contestants>
    <contestant contestant-id="cont-husakr" team="team-kangsim" pin="9009132159" proficiency-level="1-kup">
      <name>Robert Husák</name>
      <born year="1990" />
      <weight>86</weight>
    </contestant>
  </contestants>
</tournament>