<?xml version="1.0" encoding="UTF-8" standalone="no"?>
<root xmlns:xsi="http://www.w3.org/2001/XMLSchema-instance" xsi:noNamespaceSchemaLocation="data.xsd">
	<Tyres>
		<Tyre id="t1">195/65R16C 100/98T</Tyre>
		<Tyre id="t2">205/75R16C 110/108R</Tyre>
		<Tyre id="t3">225/60R16Rf 102H</Tyre>
		<Tyre id="t4">235/45R18XL 100W</Tyre>
		<Tyre id="t5">245/45R18XL 102Y</Tyre>
		<Tyre id="t6">265/60R18 109H</Tyre>
	</Tyres>
	<Rims>
		<Rim id="r4">8Jx19 ET56.5</Rim>
		<Rim id="r1">5,5Jx16 ET51</Rim>
		<Rim id="r5">7,0Jx16 ET70</Rim>
		<Rim id="r3">7,5Jx18 ET56</Rim>
		<Rim id="r2">6,5Jx16 ET62</Rim>
		<Rim id="r6">6,5Jx16 ET63</Rim>
	</Rims>
	<CarRegistrations>
		<Registration id="tp1" issued="no">
			<TP>
				<VIN>WDB1234567I123456</VIN>
				<Color>Pink</Color>
				<YearOfManufacture>2011</YearOfManufacture>
				<RegistrationNumber>UF12345</RegistrationNumber>
				<DateOfRegistration>2011-11-11</DateOfRegistration>
				<ExtensionNo>xxxx123</ExtensionNo>
				<EngineNo>EG256468a</EngineNo>
				<ShreddedDate>2013-03-12</ShreddedDate>
				<ShreddedReason reason="police"/>
				<IssuedBy>Daimler CR</IssuedBy>
				<dateCreated>2013-03-03</dateCreated>
			</TP>
			<ZTP>
				<Manufacturer/>
				<ECWVTA>e1*2007/46*0303*08</ECWVTA>
				<VehicleCategory category="M1"/>
				<VehicleType>906.50</VehicleType>
				<VehicleVariant>VXD21354</VehicleVariant>
				<VehicleVersion>TERF456</VehicleVersion>
				<MarketingName>TESTVehicle</MarketingName>
			</ZTP>
			<TechnicalData>
				<Capacity sittingPositions="4" total="4"/>
				<Dimensions height="1500" length="2400" width="1800"/>
				<AxlesSpacing axle12="1760"/>
				<Wieghts>
					<VehicleWeight max="1450" min="1200"/>
					<AxleWeight AxleNo="1" max="600" min="500"/>
					<AxleWeight AxleNo="2" max="800" min="650"/>
				</Wieghts>
			</TechnicalData>
			<Chassis>
				<Axles>
					<Axle axleNo="1">
						<VehicleTyres idTyre="t2"/>
						<VehicleRims idRim="r3"/>
					</Axle>
					<Axle axleNo="2">
						<VehicleTyres idTyre="t3"/>
						<VehicleRims idRim="r3"/>
					</Axle>
				</Axles>
				<Brakes emergency="no" operational="yes" parking="yes" relieving="no"/>
			</Chassis>
			<Engine>
				<Fuel type="VODIK"/>
				<Power revolutions="3000">65kW</Power>
				<MaxSpeed>250</MaxSpeed>
				<GearBox type="AUT"/>
				<Consumption city="8.6" outOfCity="10.0" combined="9"/>
			</Engine>
			<Note>Tak to vubec netusim zda jde takove auto poskladat :)
			<![CDATA[
				for(i = 0; i < 15; i++)
				{
					document.writeln("* *");
				}
			]]></Note>
		</Registration>
		<Registration id="tp2" issued="no">
			<TP>
				<VIN>WDC1234567I123456</VIN>
				<Color>Pink</Color>
				<YearOfManufacture>2005</YearOfManufacture>
				<RegistrationNumber>UF12345</RegistrationNumber>
				<DateOfRegistration>2006-11-11</DateOfRegistration>
				<ExtensionNo>xxxx123</ExtensionNo>
				<EngineNo>EG256468a</EngineNo>
				<ShreddedDate>2007-03-07</ShreddedDate>
				<ShreddedReason reason="police"/>
				<IssuedBy>Daimler CR</IssuedBy>
				<dateCreated>2006-11-11</dateCreated>
			</TP>
			<ZTP>
				<Manufacturer/>
				<ECWVTA>e1*2003/66*0303*08</ECWVTA>
				<VehicleCategory category="M1"/>
				<VehicleType>906.50</VehicleType>
				<VehicleVariant>VXD21354</VehicleVariant>
				<VehicleVersion>TERF456</VehicleVersion>
				<MarketingName>RESTVehicle</MarketingName>
			</ZTP>
			<TechnicalData>
				<Capacity sittingPositions="4" total="4"/>
				<Dimensions height="1500" length="2400" width="1800"/>
				<AxlesSpacing axle12="1760"/>
				<Wieghts>
					<VehicleWeight max="1550" min="1200"/>
					<AxleWeight AxleNo="1" max="600" min="500"/>
					<AxleWeight AxleNo="2" max="800" min="650"/>
				</Wieghts>
			</TechnicalData>
			<Chassis>
				<Axles>
					<Axle axleNo="1">
						<VehicleTyres idTyre="t2"/>
						<VehicleRims idRim="r3"/>
					</Axle>
					<Axle axleNo="2">
						<VehicleTyres idTyre="t3"/>
						<VehicleRims idRim="r3"/>
					</Axle>
				</Axles>
				<Brakes emergency="no" operational="yes" parking="yes" relieving="no"/>
			</Chassis>
			<Engine>
				<Fuel type="BIO_METAN"/>
				<Power revolutions="3000">65kW</Power>
				<MaxSpeed>200</MaxSpeed>
				<GearBox type="MAN"/>
			</Engine>
			<Note>Blablabalalba lablbalabal lbalbalbalal blaaaaaaaa!
			<![CDATA[
				for(i = 0; i < 15; i++)
				{
					document.writeln("* *");
				}
			]]></Note>
		</Registration>
		<Registration id="tp3" issued="yes">
			<TP>
				<VIN>WDD123456XL125874</VIN>
				<Color>Red</Color>
				<YearOfManufacture>2002</YearOfManufacture>
				<RegistrationNumber>UA48978</RegistrationNumber>
				<DateOfRegistration>2002-12-08</DateOfRegistration>
				<EngineNo>EG4568213</EngineNo>
				<TakedDate>2002-12-11</TakedDate>
				<TakedBy>DISPO</TakedBy>
				<IssuedBy/>
				<dateCreated>2002-12-08</dateCreated>
			</TP>
			<ZTP>
				<Manufacturer>Daimler - Afalterbach</Manufacturer>
				<ECWVTA>e1*2001/101*0513*04</ECWVTA>
				<VehicleCategory category="N3"/>
				<VehicleType>901.12</VehicleType>
				<VehicleVariant>FDGD135A</VehicleVariant>
				<VehicleVersion>XXXA1456</VehicleVersion>
				<MarketingName>DOM_TEST</MarketingName>
			</ZTP>
			<TechnicalData>
				<Capacity beds="2" sittingPositions="2" total="4"/>
				<Dimensions height="2100" length="3400" width="2050"/>
				<AxlesSpacing axle12="2300" axle23="850"/>
				<Wieghts>
					<VehicleWeight max="7000" min="5500"/>
					<AxleWeight AxleNo="1" max="3500" min="2000"/>
					<AxleWeight AxleNo="2" max="4000" min="2500"/>
					<AxleWeight AxleNo="3" max="4000" min="2500"/>
				</Wieghts>
			</TechnicalData>
			<Chassis>
				<Axles>
					<Axle axleNo="1">
						<VehicleTyres idTyre="t5"/>
						<VehicleRims idRim="r4"/>
					</Axle>
					<Axle axleNo="2">
						<VehicleTyres idTyre="t6"/>
						<VehicleRims idRim="r4"/>
					</Axle>
					<Axle axleNo="3">
						<VehicleTyres idTyre="t6"/>
						<VehicleRims idRim="r4"/>
					</Axle>
				</Axles>
				<Brakes emergency="yes" operational="yes" parking="yes" relieving="yes"/>
			</Chassis>
			<Engine>
				<Fuel type="NM"/>
				<Power revolutions="4500">135kW</Power>
				<MaxSpeed>150</MaxSpeed>
				<GearBox type="AUT"/>
			</Engine>
			<Note>Poznamka</Note>
		</Registration>
	</CarRegistrations>
</root>
