<?xml version="1.0" encoding="utf-8"?>
<klinika xmlns:xsi="http://www.w3.org/2001/XMLSchema-instance" xsi:noNamespaceSchemaLocation="file:///D:/U%c4%8den%c3%ad/XML/veterina/3/data.xsd">
	<pacienti>
		<pacient PID="P2">
			<majitel MID="M7">
				<jméno_příjmení>Josef Novák</jméno_příjmení>
				<adresa>
					<ulice>Květnová 4</ulice>
					<město>Praha</město>
					<PSČ>16000</PSČ>
				</adresa>
				<telefon>+420223456789</telefon>
			</majitel>
			<jméno>Rex</jméno>
			<druh>Pes</druh>
			<rasa>Německý ovčák</rasa>
			<pohlaví p="samec"/>
			<věk>5</věk>
			<očkování>
				<vakcína datum="2011-05-07" platí="ano" vakcína="vzteklina"/>
				<vakcína vakcína="tetanus" datum="2011-05-07"/>
			</očkování>
			<RegID>R16328</RegID>
			<popis/>
			<poznámky>Rád kouše</poznámky>
		</pacient>
		<pacient PID="P6">
			<MajID MID="M7"/>
			<jméno>Dášeňka</jméno>
			<druh>Pes</druh>
			<rasa>Foxteriér</rasa>
			<pohlaví p="samice"/>
			<věk>1</věk>
			<očkování>
				<vakcína datum="2011-03-04" platí="ano" vakcína="vzteklina"/>
			</očkování>
			<RegID>S78545</RegID>
		</pacient>
		<pacient PID="P10">
			<MajID MID="M7"/>
			<jméno>Čenda</jméno>
			<druh>had</druh>
			<rasa>korálovka</rasa>
			<pohlaví p="samec"/>
			<věk>7</věk>
		</pacient>
		<pacient PID="P9">
			<majitel MID="M5">
				<jméno_příjmení>Jan Prášil</jméno_příjmení>
				<adresa>
					<ulice>Pod Drahou 5</ulice>
					<město>Horoměřice</město>
					<PSČ>25262</PSČ>
				</adresa>
				<telefon>+420358752392</telefon>
			</majitel>
			<jméno>Eda</jméno>
			<druh>Želva</druh>
			<rasa>Želva ozdobná</rasa>
			<pohlaví p="samec"/>
			<věk>13</věk>
			<poznámky>Poškozený krunýř</poznámky>
		</pacient>
		<pacient PID="P11">
			<majitel MID="M11">
				<jméno_příjmení>Tomáš Karel</jméno_příjmení>
				<adresa>
					<ulice>Tomanova 11</ulice>
					<město>Praha 6</město>
					<PSČ>16200</PSČ>
				</adresa>
				<telefon>+420225698341</telefon>
			</majitel>
			<jméno>Karlík</jméno>
			<druh>papušek</druh>
			<rasa>Ara</rasa>
			<pohlaví p="samec"/>
			<věk>12</věk>
			<očkování>
				<vakcína vakcína="pseudomor" datum="2008-08-11"/>
			</očkování>
		</pacient>
	</pacienti>
	<veterináři>
		<veterinář VetID="L45" pozice="lékař" titul="MVDr.">
			<jméno_příjmení>Petr Vypečený</jméno_příjmení>
			<adresa>
				<ulice>Třešňová 5</ulice>
				<město>Praha</město>
				<PSČ>15200</PSČ>
			</adresa>
			<telefon>+420245357925</telefon>
		</veterinář>
		<veterinář VetID="S13" pozice="sestra">
			<jméno_příjmení>Petra Krásná</jméno_příjmení>
			<adresa>
				<ulice>Zlomená 7</ulice>
				<město>Praha</město>
				<PSČ>13500</PSČ>
			</adresa>
			<telefon>+420256485219</telefon>
		</veterinář>
		<veterinář VetID="S7" pozice="sestra">
			<jméno_příjmení>Vlaďka Vysmátá</jméno_příjmení>
			<adresa>
				<ulice>Kruhová 5</ulice>
				<město>Praha</město>
				<PSČ>16100</PSČ>
			</adresa>
			<telefon>+420223698547</telefon>
		</veterinář>
		<veterinář VetID="S5" pozice="sestra" titul="Ing.">
			<jméno_příjmení>Karel Stavitel</jméno_příjmení>
			<adresa>
				<ulice>Budovatelů 4</ulice>
				<město>Praha</město>
				<PSČ>12000</PSČ>
			</adresa>
			<telefon>+420224584735</telefon>
		</veterinář>
	</veterináři>
	<návštěvy>
		<návštěva datum="2011-05-07" PID="P2">
			<zpráva>
				Očkování. Očkovala <VID VetID="S13"/>
			</zpráva>
		</návštěva>
		<návštěva datum="2011-07-11" PID="P2">
			<zpráva>
				Zatržený drápek. Ošetřil <VID VetID="L45">Petra Krásná</VID>
			</zpráva>
		</návštěva>
		<návštěva datum="2012-02-29" PID="P6">
			<zpráva>
				Kastrace. Lékař <VID VetID="L45">MVDr. Petr Vypečený</VID>
			</zpráva>
		</návštěva>
		<návštěva datum="2011-10-12" PID="P6">
			<zpráva>
				Očkování. Očkovala <VID VetID="S7">Vlaďka Vysmátá</VID>.
			</zpráva>
		</návštěva>
		<návštěva datum="2012-01-07" PID="P9">
			<zpráva>
				Uštípnutý krunýř. Ošetřil <VID VetID="L45">MVDr. Petr Vypečený</VID>
			</zpráva>
		</návštěva>
	</návštěvy>
</klinika>
