<?xml version="1.0" encoding="UTF-8"?>

<!DOCTYPE frisbee_team  [

<!ELEMENT frisbee_team (hraci, akce, zpravy)>
<!ELEMENT hraci (hrac)*>
<!ELEMENT hrac (name, adress?, phone*)>
	<!ATTLIST hrac id ID #REQUIRED
	 status (aktivni|pasivni) "aktivni"
	pohlavi (muz|zena) #REQUIRED>
<!ELEMENT name (#PCDATA)>
<!ELEMENT adress (street?, number?, town?, post-code?, country?)>
<!ELEMENT street (#PCDATA)>
<!ELEMENT number (#PCDATA)>
<!ELEMENT town (#PCDATA)>
<!ELEMENT country (#PCDATA)>
<!ELEMENT post-code (#PCDATA)>
<!ELEMENT phone (#PCDATA)>
<!ELEMENT akce (treninky*, turnaje*, ostatni*)>
<!ELEMENT treninky (pondelni_trenink|stredecni_trenink)*>
	<!ENTITY % attributes
		"id ID #REQUIRED
		 doba CDATA #IMPLIED">
	<!ENTITY % para "datum, start">
<!ELEMENT pondelni_trenink (datum, start)>
<!ATTLIST pondelni_trenink id ID #REQUIRED
		 doba CDATA #IMPLIED >
<!ELEMENT stredecni_trenink (datum, start)>
<!ATTLIST stredecni_trenink id ID #REQUIRED
		 doba CDATA #IMPLIED >
<!ELEMENT datum (#PCDATA)>
<!ELEMENT start (#PCDATA)>
<!ELEMENT turnaje (turnaj*)>
<!ELEMENT turnaj (datum, start, popis)>
	<!ATTLIST turnaj name CDATA #IMPLIED 
		id ID #REQUIRED>
<!ELEMENT popis (#PCDATA)>
<!ELEMENT ostatni ANY>
<!ELEMENT zpravy (zprava*)>
<!ELEMENT zprava (text, date, priloha)>
	<!ATTLIST zprava uzivatel_id IDREF #IMPLIED 
		akce_id IDREF #REQUIRED>
<!ELEMENT text (#PCDATA)>
<!ELEMENT date (#PCDATA)>
<!ELEMENT priloha EMPTY>
	<!ATTLIST priloha co CDATA #IMPLIED>




]>


<frisbee_team>
	<hraci>    <!--Soupiska tymu-->
		<hrac id="_0001"
			status="aktivni"
			pohlavi="muz">
			<name>Milan Dohnal</name>
			<adress>
				<street>Nerudova</street>
				<number>12</number>
				<town>Praha 1</town>
				<post-code>12100</post-code>
			</adress>
			<phone>777123666</phone>
		</hrac>
		<hrac id="_0002"
			status="aktivni"
			pohlavi="muz">
			<name>Ondra Srb</name>
			<adress>
				<street>Prazska</street>
				<number>215</number>
				<town>Praha 8</town>
			</adress>
			<phone>777124566</phone>
		</hrac>
		<hrac id="_0003"
			status="pasivni"
			pohlavi="muz">
			<name>Vit Fiala</name>
			<adress>
				<street>K Cihelne</street>
				<number>65</number>
				<town>Praha 1</town>
				<country>CZE</country>
			</adress>
			<phone>607123666</phone>
		</hrac>
		<hrac id="_0004"	

			status="aktivni"
			pohlavi="muz">
			<name>Patrik</name>
			<adress>
				<street>Belounska</street>
				<number>2</number>
				<town>Praha 4</town>
				<post-code>14100</post-code>
				<country>CZE</country>
			</adress>
			<phone>665123666</phone>
			<phone>664654666</phone>
		</hrac>
		<hrac id="_0005"
			status="aktivni"
			pohlavi="muz">
			<name>Honza Slavek</name>
			<adress>
				<town>Praha 6</town>
				<post-code>16000</post-code>
			</adress>
		</hrac>
		<hrac id="_0006"
			status="aktivni"
			pohlavi="muz">
			<name>Petr Dvorak</name>
			<adress>
				<street>Zabrova</street>
				<number>697</number>
				<town>Praha 2</town>
				<post-code>12100</post-code>
			</adress>
			<phone>77456666</phone>
		</hrac>
		<hrac id="_0007"
			status="aktivni"
			pohlavi="zena">
			<name>Katka Melka</name>
			<adress>
				<street>Spojovaci</street>
				<number>18</number>
				<town>Praha 7</town>
				<post-code>17100</post-code>
			</adress>
			<phone>606523666</phone>
		</hrac>
		<hrac id="_0008"
			status="pasivni"
			pohlavi="zena">
			<name>Lucka K.</name>
			<adress>
				<town>Praha</town>
			</adress>
			<phone>606524446</phone>
		</hrac>
		<hrac id="_0009"
			status="aktivni"
			pohlavi="zena">
			<name>Eliska Bohata</name>
			<adress>
				<street>Na Namesti</street>
				<number>1</number>
				<town>Plzen</town>
			</adress>
			<phone>606526986</phone>
		</hrac>
		<hrac id="_0010"
			status="aktivni"
			pohlavi="zena">
			<name>Betka</name>
			<adress>
				<street>Karlak</street>
			</adress>
			<phone>609993666</phone>
		</hrac>
	
	</hraci>
	<akce> <!--planovane aktivity-->
		<treninky >  <!--pravidelne treninky-->
			<pondelni_trenink id="_1001" doba="90">
				<datum>5.3.2014</datum>
				<start>19:00</start>
			</pondelni_trenink>
			<stredecni_trenink id="_1002" doba="90">
				<datum>7.3.2014</datum>
				<start>19:00</start>
			</stredecni_trenink>
			<pondelni_trenink id="_1003" doba="90">
				<datum>12.3.2014</datum>
				<start>19:00</start>
			</pondelni_trenink>
			<stredecni_trenink id="_1004" doba="90">
				<datum>14.3.2014</datum>
				<start>19:00</start>
			</stredecni_trenink>
		</treninky>
		<turnaje>   <!--dulezite turnaje - nutne zucastnit se-->
			<turnaj name="kvalifikace_MR_open" id="_2001">
				<datum>7.6.2014</datum>
				<start>8:00</start>
				<popis>Hrajem v Plzni, sraz na miste, spime v telocvicne.</popis>
			</turnaj>
			<turnaj name="kvalifikace_MR_zeny" id="_2002">
				<datum>7.6.2014</datum>
				<start>8:00</start>
				<popis>"Hrajem v Plzni, sraz na miste, spime v telocvicne."</popis>
			</turnaj>			
			<turnaj name="MR_open" id="_2003">
				<datum>7.8.2014</datum>
				<start>8:00</start>
				<popis>Hrajem v Havlickove Brode, sraz na miste, spime ve stanech. Bude vyber do Acka dle ucasti na trenincich.</popis>
			</turnaj>
			<turnaj name="MR_zeny" id="_2004">
				<datum>7.8.2014</datum>
				<start>8:00</start>
				<popis>Hrajem v Havlickove Brode, sraz na miste, spime ve stanech. Bude vyber do Acka dle ucasti na trenincich.</popis>
			</turnaj>
		</turnaje>
		<ostatni></ostatni>
	</akce>
	<zpravy>
		<zprava uzivatel_id="_0003" akce_id="_2002"> 
			<text>Je tam malo zenskejch, koukejte si napsat dochazku!!</text>
			<date><?php echo Date("d.m.Y")?></date>
			<priloha/>
		</zprava>
	</zpravy>
</frisbee_team>		