<?xml version="1.0" encoding="UTF-8"?>
<?cvicici prosba="20 bodu :)"?>
<atlas xmlns:xsi="http://www.w3.org/2001/XMLSchema-instance" xsi:noNamespaceSchemaLocation="data.xsd">
	<!-- jednoduchy atlas s udaji o nekolika malo zemich -->
	<continent id="cont1">
		<!-- Asie je daleko, neznam jeji staty :) -->
		<name>Asia</name>
		<area>44603853</area>
		<population>3879000000</population>
	</continent>
	<continent id="cont2">
		<!-- o Evrope uz toho vim vic-->
		<name>Europe</name>
		<area>10180000</area>
		<population>718000000</population>
		<country id="country1">
			<name>Czech Republic</name>
			<area unit="km2">78866</area>
			<population year="2012">10562214</population>
			<city capital="true">
				<name>Praha</name>
				<mayor>
					<name>Bohuslav Svoboda</name>
				</mayor>
			</city>
			<language>Czech</language>
			<neighbor ref="country2"/>
			<neighbor ref="country3"/>
			<neighbor ref="country4"/>
			<neighbor ref="country5"/>
			<description>A beautiful country. <br/> Lies in the centre of Europe</description>
		</country>
		<country id="country2">
			<name>Germany</name>
			<area unit="km2">357021</area>
			<population>81799600</population>
			<neighbor ref="country1"/>
			<neighbor ref="country3"/>
			<description><![CDATA[Tady muzu klidne nakreslit rybicku <(*)>>< ]]></description>
		</country>
		<country id="country3">
			<name>Austria</name>
			<area unit="km2">83855</area>
			<population>8414638</population>
			<neighbor ref="country1"/>
			<neighbor ref="country2"/>
			<neighbor ref="country4"/>
		</country>
		<country id="country4">
			<name>Slovakia</name>
			<area>49035</area>
			<population>5445324</population>
			<neighbor ref="country1"/>
			<neighbor ref="country3"/>
			<neighbor ref="country5"/>
		</country>
		<country id="country5">
			<name>Poland</name>
			<area unit="m2">312685</area>
			<population>38186860</population>
			<neighbor ref="country1"/>
			<neighbor ref="country2"/>
			<neighbor ref="country4"/>
		</country>
	</continent>
</atlas>
