<?xml version="1.0" encoding="UTF-8" standalone="no"?><?databazaFilmov autor="Monika Danilakova" tema="Domaci ukol 1 - Databaza filmov (10 filmov)" ?>
<databazaFilmov>
	<!-- ZOZNAM FILMOV -->
	<!-- Poznamka: fid znamena film id. Identifikatory fid maju tvax f_*, aby sme ich odlisili od identifikatorov zanrov, ktore maju tvar g_* --> 
    <film fid="f_0" rating="R - nevhodne pre deti"> 
		<info>
			Film "<nazov>Pulp Fiction</nazov>"  <!-- pouzivame vzdy originalne, teda neprelozene nazvy -->
			z roku <rok>1994</rok>
			s d??kou <dlzka>154</dlzka> min?t <!-- dlzka filmu je v celych minutach -->
			re??roval re?is?r <reziser>Quentin Tarantino</reziser>.
		</info>
		<zanre>
		    <zanerFilmu gid_ref="g_17"/>
		    <zanerFilmu gid_ref="g_2"/>
		    <zanerFilmu gid_ref="g_3"/>
		</zanre>
		<herci> <!-- z pochopitelnych dovodov budu v mojej databaze pri kazdom filme len 3 najdolezitejsi herci/herecky -->
			<herec>
				<meno>John Travolta</meno>
				<hralPostavy> <!-- jeden herec moze hrat aj viac postav -->
					<hranaPostava meno="Vincent Vega"/>
				</hralPostavy>
			</herec>
			<herec>
				<meno>Uma Thurman</meno>
				<hralPostavy> <!-- jeden herec moze hrat aj viac postav -->
					<hranaPostava meno="Mia Wallace"/>
				</hralPostavy>
			</herec>
			<herec>
				<meno>Samuel L. Jackson</meno>
				<hralPostavy> <!-- jeden herec moze hrat aj viac postav -->
					<hranaPostava meno="Jules Winnfield"/>
				</hralPostavy>
			</herec>
		</herci>
	</film>	
	
	<film fid="f_1" rating="PG"> 
		<info>
			Film "<nazov>Monty Python and the Holy Grail</nazov>"  <!-- pouzivame vzdy originalne, teda neprelozene nazvy -->
			z roku <rok>1975</rok>
			s d??kou <dlzka>91</dlzka> min?t <!-- dlzka filmu je v celych minutach -->
			re??roval re?is?r <reziser>Terry Gilliam</reziser>.
		</info>
		<zanre>
		    <zanerFilmu gid_ref="g_15"/>
		    <zanerFilmu gid_ref="g_1"/>
		    <zanerFilmu gid_ref="g_11"/>
		</zanre>
		<herci> <!-- z pochopitelnych dovodov budu v mojej databaze pri kazdom filme len 3 najdolezitejsi herci/herecky -->
			<herec>
				<meno>Graham Chapman</meno>
				<hralPostavy> <!-- jeden herec moze hrat aj viac postav -->
					<hranaPostava meno="King Arthur"/>
					<hranaPostava meno="Voice of God"/>
					<hranaPostava meno="Middle Head"/>
					<hranaPostava meno="Hiccoughing Guard"/>
				</hralPostavy>
			</herec>
			<herec>
				<meno>John Cleese</meno>
				<hralPostavy> <!-- jeden herec moze hrat aj viac postav -->
					<hranaPostava meno="Second Swallow-Savvy Guard"/>
					<hranaPostava meno="The Black Knight"/>
					<hranaPostava meno="Peasant 3"/>
					<hranaPostava meno="Sir Lancelot the Brave"/>
					<hranaPostava meno="Taunting French Guard"/>
					<hranaPostava meno="Tim the Enchanter"/>
				</hralPostavy>
			</herec>
			<herec>
				<meno>Eric Idle</meno>
				<hralPostavy> <!-- jeden herec moze hrat aj viac postav -->
					<hranaPostava meno="Dead Collector"/>
					<hranaPostava meno="Peasant 1"/>
					<hranaPostava meno="Sir Robin the Not-Quite-So-Brave-as-Sir Launcelot"/>
					<hranaPostava meno="First Swamp Castle Guard"/>
					<hranaPostava meno="Concorde"/>
					<hranaPostava meno="Roger the Shrubber"/>
					<hranaPostava meno="Brother Maynard"/>
				</hralPostavy>
			</herec>
		</herci>
	</film>
	
	<film fid="f_2" rating="R - nevhodne pre deti"> 
		<info>
			Film "<nazov>Inglourious Basterds</nazov>"  <!-- pouzivame vzdy originalne, teda neprelozene nazvy -->
			z roku <rok>2009</rok>
			s d??kou <dlzka>153</dlzka> min?t <!-- dlzka filmu je v celych minutach -->
			re??roval re?is?r <reziser>Quentin Tarantino</reziser>.
		</info>
		<zanre>
		    <zanerFilmu gid_ref="g_15"/>
		    <zanerFilmu gid_ref="g_2"/>
		    <zanerFilmu gid_ref="g_12"/>
		</zanre>
		<herci> <!-- z pochopitelnych dovodov budu v mojej databaze pri kazdom filme len 3 najdolezitejsi herci/herecky -->
			<herec>
				<meno>Brad Pitt</meno>
				<hralPostavy> <!-- jeden herec moze hrat aj viac postav -->
					<hranaPostava meno="Lt. Aldo Raine"/>
				</hralPostavy>
			</herec>
			<herec>
				<meno>M?lanie Laurent</meno>
				<hralPostavy> <!-- jeden herec moze hrat aj viac postav -->
					<hranaPostava meno="Shosanna"/>
				</hralPostavy>
			</herec>
			<herec>
				<meno>Christoph Waltz</meno>
				<hralPostavy> <!-- jeden herec moze hrat aj viac postav -->
					<hranaPostava meno="Col. Hans Landa"/>
				</hralPostavy>
			</herec>
		</herci>
	</film>
	
	<film fid="f_3" rating="R - nevhodne pre deti"> 
		<info>
			Film "<nazov><![CDATA[One Flew Over the Cuckoo's Nest]]></nazov>"  <!-- pouzivame vzdy originalne, teda neprelozene nazvy -->
			z roku <rok>1975</rok>
			s d??kou <dlzka>133</dlzka> min?t <!-- dlzka filmu je v celych minutach -->
			re??roval re?is?r <reziser>Milos Forman</reziser>.
		</info>
		<zanre>
		    <zanerFilmu gid_ref="g_2"/>
		</zanre>
		<herci> <!-- z pochopitelnych dovodov budu v mojej databaze pri kazdom filme len 3 najdolezitejsi herci/herecky -->
			<herec>
				<meno>Jack Nicholson</meno>
				<hralPostavy> <!-- jeden herec moze hrat aj viac postav -->
					<hranaPostava meno="R.P. McMurphy"/>
				</hralPostavy>
			</herec>
			<herec>
				<meno>Louise Fletcher</meno>
				<hralPostavy> <!-- jeden herec moze hrat aj viac postav -->
					<hranaPostava meno="Nurse Ratched"/>
				</hralPostavy>
			</herec>
			<herec>
				<meno>Michael Berryman</meno>
				<hralPostavy> <!-- jeden herec moze hrat aj viac postav -->
					<hranaPostava meno="Ellis"/>
				</hralPostavy>
			</herec>
		</herci>
	</film>
	
	<film fid="f_4" rating="R - nevhodne pre deti"> 
		<info>
			Film "<nazov>The Shawshank Redemption</nazov>"  <!-- pouzivame vzdy originalne, teda neprelozene nazvy -->
			z roku <rok>1994</rok>
			s d??kou <dlzka>142</dlzka> min?t <!-- dlzka filmu je v celych minutach -->
			re??roval re?is?r <reziser>Frank Darabont</reziser>.
		</info>
		<zanre>
		    <zanerFilmu gid_ref="g_17"/>
		    <zanerFilmu gid_ref="g_2"/>
		</zanre>
		<herci> <!-- z pochopitelnych dovodov budu v mojej databaze pri kazdom filme len 3 najdolezitejsi herci/herecky -->
			<herec>
				<meno>Tim Robbins</meno>
				<hralPostavy> <!-- jeden herec moze hrat aj viac postav -->
					<hranaPostava meno="Andy Dufresne"/>
				</hralPostavy>
			</herec>
			<herec>
				<meno>Morgan Freeman</meno>
				<hralPostavy> <!-- jeden herec moze hrat aj viac postav -->
					<hranaPostava meno="Ellis Boyd 'Red' Redding"/>
				</hralPostavy>
			</herec>
			<herec>
				<meno>Bob Gunton</meno>
				<hralPostavy> <!-- jeden herec moze hrat aj viac postav -->
					<hranaPostava meno="Warden Norton"/>
				</hralPostavy>
			</herec>
		</herci>
	</film>
	
	<film fid="f_5" rating="G"> 
		<info>
			Film "<nazov>Tonari no Totoro</nazov>"  <!-- pouzivame vzdy originalne, teda neprelozene nazvy -->
			z roku <rok>1988</rok>
			s d??kou <dlzka>86</dlzka> min?t <!-- dlzka filmu je v celych minutach -->
			re??roval re?is?r <reziser>Hayao Miyazaki</reziser>.
		</info>
		<zanre>
		    <zanerFilmu gid_ref="g_8"/>
		    <zanerFilmu gid_ref="g_18"/>
		    <zanerFilmu gid_ref="g_11"/>
		</zanre>
		<herci> <!-- z pochopitelnych dovodov budu v mojej databaze pri kazdom filme len 3 najdolezitejsi herci/herecky -->
			<herec>
				<meno>Hitoshi Takagi</meno>
				<hralPostavy> <!-- jeden herec moze hrat aj viac postav -->
					<hranaPostava meno="Totoro (voice)"/>
				</hralPostavy>
			</herec>
			<herec>
				<meno>Noriko Hidaka</meno>
				<hralPostavy> <!-- jeden herec moze hrat aj viac postav -->
					<hranaPostava meno="Satsuki (voice)"/>
				</hralPostavy>
			</herec>
			<herec>
				<meno>Toshiyuki Amagasa</meno>
				<hralPostavy> <!-- jeden herec moze hrat aj viac postav -->
					<hranaPostava meno="Kanta (voice)"/>
				</hralPostavy>
			</herec>
		</herci>
	</film>
	
	<film fid="f_6" rating="G"> 
		<info>
			Film "<nazov>2001: A Space Odyssey</nazov>"  <!-- pouzivame vzdy originalne, teda neprelozene nazvy -->
			z roku <rok>1968</rok>
			s d??kou <dlzka>160</dlzka> min?t <!-- dlzka filmu je v celych minutach -->
			re??roval re?is?r <reziser>Stanley Kubrick</reziser>.
		</info>
		<zanre>
		    <zanerFilmu gid_ref="g_15"/>
		    <zanerFilmu gid_ref="g_19"/>
		    <zanerFilmu gid_ref="g_4"/>
		</zanre>
		<herci> <!-- z pochopitelnych dovodov budu v mojej databaze pri kazdom filme len 3 najdolezitejsi herci/herecky -->
			<herec>
				<meno>Keir Dullea</meno>
				<hralPostavy> <!-- jeden herec moze hrat aj viac postav -->
					<hranaPostava meno="Dr. Dave Bowman"/>
				</hralPostavy>
			</herec>
			<herec>
				<meno>Gary Lockwood</meno>
				<hralPostavy> <!-- jeden herec moze hrat aj viac postav -->
					<hranaPostava meno="Dr. Frank Poole"/>
				</hralPostavy>
			</herec>
			<herec>
				<meno>William Sylvester</meno>
				<hralPostavy> <!-- jeden herec moze hrat aj viac postav -->
					<hranaPostava meno="Dr. Heywood R. Floyd"/>
				</hralPostavy>
			</herec>
		</herci>
	</film>
	
	<film fid="f_7" rating="PG-13"> 
		<info>
			Film "<nazov>Forrest Gump</nazov>"  <!-- pouzivame vzdy originalne, teda neprelozene nazvy -->
			z roku <rok>1994</rok>
			s d??kou <dlzka>142</dlzka> min?t <!-- dlzka filmu je v celych minutach -->
			re??roval re?is?r <reziser>Robert Zemeckis</reziser>.
		</info>
		<zanre>
		    <zanerFilmu gid_ref="g_2"/>
		    <zanerFilmu gid_ref="g_6"/>
		</zanre>
		<herci> <!-- z pochopitelnych dovodov budu v mojej databaze pri kazdom filme len 3 najdolezitejsi herci/herecky -->
			<herec>
				<meno>Tom Hanks</meno>
				<hralPostavy> <!-- jeden herec moze hrat aj viac postav -->
					<hranaPostava meno="Forrest Gump"/>
				</hralPostavy>
			</herec>
			<herec>
				<meno>Robin Wright</meno>
				<hralPostavy> <!-- jeden herec moze hrat aj viac postav -->
					<hranaPostava meno="Jenny Curran"/>
				</hralPostavy>
			</herec>
			<herec>
				<meno>Gary Sinise</meno>
				<hralPostavy> <!-- jeden herec moze hrat aj viac postav -->
					<hranaPostava meno="Lieutenant Dan Taylor"/>
				</hralPostavy>
			</herec>
		</herci>
	</film>
	
	<film fid="f_8" rating="R - nevhodne pre deti"> 
		<info>
			Film "<nazov>Fight Club</nazov>"  <!-- pouzivame vzdy originalne, teda neprelozene nazvy -->
			z roku <rok>1999</rok>
			s d??kou <dlzka>139</dlzka> min?t <!-- dlzka filmu je v celych minutach -->
			re??roval re?is?r <reziser>David Fincher</reziser>.
		</info>
		<zanre>
		    <zanerFilmu gid_ref="g_2"/>
		</zanre>
		<herci> <!-- z pochopitelnych dovodov budu v mojej databaze pri kazdom filme len 3 najdolezitejsi herci/herecky -->
			<herec>
				<meno>Brad Pitt</meno>
				<hralPostavy> <!-- jeden herec moze hrat aj viac postav -->
					<hranaPostava meno="Tyler Durden"/>
				</hralPostavy>
			</herec>
			<herec>
				<meno>Edward Norton</meno>
				<hralPostavy> <!-- jeden herec moze hrat aj viac postav -->
					<hranaPostava meno="The Narrator"/>
				</hralPostavy>
			</herec>
			<herec>
				<meno>Helena Bonham Carter</meno>
				<hralPostavy> <!-- jeden herec moze hrat aj viac postav -->
					<hranaPostava meno="Marla Singer"/>
				</hralPostavy>
			</herec>
		</herci>
	</film>
	
	<film fid="f_9" rating="PG-13">
		<info>
			  Film "<nazov><![CDATA[Fast & Furious]]></nazov>"  <!-- pouzivame vzdy originalne, teda neprelozene nazvy -->
			  z roku <rok>2009</rok>
			  s d??kou <dlzka>108</dlzka> min?t <!-- dlzka filmu je v celych minutach -->
			  re??roval re?is?r <reziser>John Singleton</reziser>.
		</info>
		<zanre>
			<zanerFilmu gid_ref="g_0"/>
			<zanerFilmu gid_ref="g_17"/>
		    <zanerFilmu gid_ref="g_2"/>
		    <zanerFilmu gid_ref="g_3"/>
		</zanre>
		<herci> <!-- z pochopitelnych dovodov budu v mojej databaze pri kazdom filme len 3 najdolezitejsi herci/herecky -->
			<herec>
				<meno>Vin Diesel</meno>
				<hralPostavy> <!-- jeden herec moze hrat aj viac postav -->
					<hranaPostava meno="Dominic Toretto"/>
				</hralPostavy>
			</herec>
			<herec>
				<meno>Paul Walker</meno>
				<hralPostavy> <!-- jeden herec moze hrat aj viac postav -->
					<hranaPostava meno="Brian O'Conner"/>
				</hralPostavy>
			</herec>
			<herec>
				<meno>Michelle Rodriguez</meno>
				<hralPostavy> <!-- jeden herec moze hrat aj viac postav -->
					<hranaPostava meno="Letty"/>
				</hralPostavy>
			</herec>
		</herci>
	</film>
	
	
	 
    <!-- ZOZNAM ZANROV -->
    <!-- Poznamka: gid znamena genre id. gid ma tvar g_*, aby sa odlisil od fid, ktory ma tvar f_*-->
    <zaner gid="g_0">Ak?n?</zaner>
	<zaner gid="g_1">Kom?dia</zaner>
	<zaner gid="g_2">Dr?ma</zaner>
	<zaner gid="g_3">Thriller</zaner>
	<zaner gid="g_4">Sci-fi</zaner>
	<zaner gid="g_5">Horor</zaner>
	<zaner gid="g_6">Romantick?</zaner>
	<zaner gid="g_7">Muzik?l</zaner>
	<zaner gid="g_8">Animovan? rozpr?vka</zaner>
	<zaner gid="g_9">Detekt?vny</zaner>
	<zaner gid="g_10">Historick?</zaner>
	<zaner gid="g_11">Fantasy</zaner>
	<zaner gid="g_12">Vojnov?</zaner>
	<zaner gid="g_13">Western</zaner>
	<zaner gid="g_14">Par?dia</zaner>
	<zaner gid="g_15">Dobrodru?n?</zaner>
	<zaner gid="g_16">Sitcom</zaner>
	<zaner gid="g_17">Krimi</zaner>
	<zaner gid="g_18">Rodinn?</zaner>
	<zaner gid="g_19">Mystery</zaner>
	
<film fid="f_10" rating="R - nevhodne pre deti"><info>Film Home alone z roku 1990 s d????????????kou 103 min??????t re????????????roval re??????is??????r Chris Columbus.</info><zanre><zanerFilmu gid_ref="g_1"/></zanre><herci><herec><meno>Macaulay Culkin</meno><hralPostavy><hranaPostava meno="Kevin McCallister"/></hralPostavy></herec><herec><meno>Joe Pesci</meno><hralPostavy><hranaPostava meno="Harry Lime"/></hralPostavy></herec><herec><meno>Daniel Stern</meno><hralPostavy><hranaPostava meno="Marv Merchants"/></hralPostavy></herec></herci></film></databazaFilmov>