<?xml version="1.0" encoding="utf-8" standalone="no"?><?xml-stylesheet type="text/xsl" href="style.xsl"?>
<!--Videopujcovna nezapomenout na CDATA a Entity--><videopujcovna>
	<list_zamestnanec>
		<zamestnanec id_zamestnanec="z_0" plat="30 000" pozice="master" pracovni_doba="9 hodin">
			<osoba datum_narozeni="10-5-1985" jmeno="Sisoj" mail="sisoj@sisoj.com" prijmeni="Psojic" telefon="789456123">
				<adresa mesto="Praha" popisne_cislo="123" ulice="Dlouha" zeme="Cr"/>		
			</osoba>
		</zamestnanec>

		<zamestnanec id_zamestnanec="z_1" plat="9 000" pozice="slave" pracovni_doba="12 hodin">
			<osoba datum_narozeni="10-5-1955" jmeno="Karel" mail="navak@seznam.cz" prijmeni="Novak" telefon="689456123">
				<adresa mesto="Praha" popisne_cislo="852" ulice="Kratka" zeme="Cr"> 
					<pata_vrstva/>
				</adresa>		
			</osoba>
		</zamestnanec>

		<zamestnanec id_zamestnanec="z_2" plat="10 000" pozice="slave" pracovni_doba="13 hodin">
			<osoba datum_narozeni="11-6-1385" jmeno="Jan" mail="trocnov@gmail.com" prijmeni="Zizka" telefon="394267371">
				<adresa mesto="Praha" popisne_cislo="7569" ulice="Nadeniku" zeme="Cr"/>		
			</osoba>
		</zamestnanec>
	<zamestnanec id_zamestnananec="z_3" plat="10 000" pozice="slave" pracovni_doba=" 12 hodin"><osoba datum_narozeni="14-5-1980" jmeno="Jan" mail="novak@mail.cz" prijmeni="Novak" telefon="789456123"><adresa mesto="Praha" popisne_cislo="756" ulice="Prazska" zeme="Cr"/></osoba></zamestnanec></list_zamestnanec>

	<list_zakaznik><zakaznik>
			<osoba datum_narozeni="6-5-1994" jmeno="Norbert" mail="norbert@seznam.com" prijmeni="Kaderabek" telefon="756982666">
				<adresa mesto="Plzen" popisne_cislo="456" ulice="Ulicni" zeme="Cr"/>		
			</osoba>
			<vypujcka do_datum="10-1-2014" id_of_nosic="n_0" id_of_vypujcka="v_3" id_of_zamestnanec="z_1" od_datum="1-1-2014" vraceno="ano"/>

			<vypujcka do_datum="20-2-2014" id_of_nosic="n_2" id_of_vypujcka="v_4" id_of_zamestnanec="z_2" od_datum="10-2-2014" vraceno="ne"/>

			<upominka id_of_vypujcka="v_4" text="Prvni varovani"/>		

		</zakaznik><zakaznik>
			<osoba datum_narozeni="6-5-1975" jmeno="Karel" mail="karel@seznam.com" prijmeni="Nemec" telefon="736982666">
				<adresa mesto="Chrudim" popisne_cislo="423" ulice="Chrudimska" zeme="Cr"/>		
			</osoba>
			<vypujcka do_datum="10-1-2014" id_of_nosic="n_0" id_of_vypujcka="v_5" id_of_zamestnanec="z_1" od_datum="1-1-2014" vraceno="ne"/>

			<vypujcka do_datum="20-2-2014" id_of_nosic="n_2" id_of_vypujcka="v_6" id_of_zamestnanec="z_2" od_datum="10-2-2014" vraceno="ne"/>

			<upominka id_of_vypujcka="v_5" text="Prvni varovani"/>	
			<upominka id_of_vypujcka="v_6" text="Prvni varovani"/>
			<upominka id_of_vypujcka="v_5" text="Druhe varovani"/>		

		</zakaznik><zakaznik>
			<osoba datum_narozeni="2-6-1998" jmeno="Petr" mail="petr@pavel.com" prijmeni="Pavel" telefon="756982666">
				<adresa mesto="Brno" popisne_cislo="1111" ulice="Romulanska" zeme="Cr"/>		
			</osoba>
			<vypujcka do_datum="10-1-2014" id_of_nosic="n_0" id_of_vypujcka="v_0" id_of_zamestnanec="z_1" od_datum="1-1-2014" vraceno="ano"/>

			<vypujcka do_datum="20-1-2014" id_of_nosic="n_1" id_of_vypujcka="v_1" id_of_zamestnanec="z_0" od_datum="10-1-2014" vraceno="ano"/>		

		</zakaznik></list_zakaznik>
	<list_nosic>
		<nosic id_of_audiovizualni_obsah="a_0" id_of_nosic="n_0" typ_nosice="DVD"/>
		<nosic id_of_audiovizualni_obsah="a_0" id_of_nosic="n_1" typ_nosice="WHS"/>
		<nosic id_of_audiovizualni_obsah="a_2" id_of_nosic="n_2" typ_nosice="DVD"/>
		<nosic id_of_audiovizualni_obsah="a_1" id_of_nosic="n_3" typ_nosice="Blue-ray"/>		
		<nosic id_of_audiovizualni_obsah="a_2" id_of_nosic="n_4" typ_nosice="DVD"/>
		<nosic id_of_audiovizualni_obsah="a_3" id_of_nosic="n_5" typ_nosice="DVD"/>
		<nosic id_of_audiovizualni_obsah="a_3" id_of_nosic="n_6" typ_nosice="DVD"/>
		<nosic id_of_audiovizualni_obsah="a_3" id_of_nosic="n_7" typ_nosice="DVD"/>
		<nosic id_of_audiovizualni_obsah="a_4" id_of_nosic="n_8" typ_nosice="Blue-ray"/>
		<nosic id_of_audiovizualni_obsah="a_4" id_of_nosic="n_9" typ_nosice="WHS"/>
	</list_nosic>
	<list_audiovizualni_obsah>
		<audiovizualni_obsah delka_trvani="vecnost" herci="Leonardo da Vinci, Santa Claus" id_of_audiovizualni_obsah="a_0" reziser="Karel Lamac" typ="Komedie">
		hello_world
		</audiovizualni_obsah>

		<audiovizualni_obsah delka_trvani="90 min" herci="Blanchet, Robespiere" id_of_audiovizualni_obsah="a_1" reziser="Hitman" typ="Tragedie">
		<![CDATA[
			don't blame <
		]]>
		</audiovizualni_obsah>
		
		<audiovizualni_obsah delka_trvani="150 min" herci="De Niro, Sinatra" id_of_audiovizualni_obsah="a_2" reziser="Direct Director" typ="Tragikomedie">
		Titanikus
		</audiovizualni_obsah>

		<audiovizualni_obsah delka_trvani="120 min" herci="De Niro" id_of_audiovizualni_obsah="a_3" reziser="Hitman" typ="Komedie">
		Spartakus
		</audiovizualni_obsah>
		
		<audiovizualni_obsah delka_trvani="160 min" herci="Angelina Joe" id_of_audiovizualni_obsah="a_4" reziser="De Niro" typ="Komedie">
		Tomb Rider
		</audiovizualni_obsah>

	</list_audiovizualni_obsah>
</videopujcovna>