<?xml version="1.0" encoding="UTF-8"?>
<!DOCTYPE banka SYSTEM "data.dtd">
<banka>
	<pobocky>
		<pobocka id="P1">
			<vedouci ref_id="Z1"/>
			<adresa>
				<mesto>
					<nazev>Praha 1</nazev>
					<psc>11000</psc>
				</mesto>
				<ulice>
				 Vaclavske nam.
			 </ulice>
			</adresa>
		</pobocka>
		<pobocka id="P2">
			<vedouci ref_id="Z3"/>
			<adresa>
				<mesto>
					<nazev>Praha 4</nazev>
					<psc>14000</psc>
				</mesto>
				<ulice>
				 Nuselska
			 </ulice>
			</adresa>
		</pobocka>
	</pobocky>
	<zamestnanci>
		<zamestnanec id="Z1" pozice="vedouci">
			<jmeno>Franta</jmeno>
			<prijmeni>Onasek</prijmeni>
		</zamestnanec>
		<zamestnanec id="Z2" pozice="ucetni">
			<jmeno>Franta</jmeno>
			<prijmeni>Onasek</prijmeni>
		</zamestnanec>
		<zamestnanec id="Z3" pozice="vedouci">
			<jmeno>Franta</jmeno>
			<prijmeni>Onasek</prijmeni>
		</zamestnanec>
		<zamestnanec id="Z4">
			<jmeno>Pavel</jmeno>
			<prijmeni>Buchel</prijmeni>
		</zamestnanec>
		<zamestnanec id="Z5">
			<jmeno>Karel</jmeno>
			<prijmeni>Gott</prijmeni>
		</zamestnanec>
		<zamestnanec id="Z6">
			<jmeno>Martin</jmeno>
			<prijmeni>Vrabl</prijmeni>
		</zamestnanec>
		<zamestnanec id="Z8">
			<jmeno>Ondra</jmeno>
			<prijmeni>Selno</prijmeni>
		</zamestnanec>
		<zamestnanec id="Z9">
			<jmeno>Jirka</jmeno>
			<prijmeni>Pokladek</prijmeni>
		</zamestnanec>
		<zamestnanec id="Z10">
			<jmeno>Pepa</jmeno>
			<prijmeni>Frantl</prijmeni>
		</zamestnanec>
	</zamestnanci>
</banka>
