<?xml version="1.0" encoding="UTF-8"?>
<Autoservis xmlns:xsi="http://www.w3.org/2001/XMLSchema-instance" xsi:noNamespaceSchemaLocation="data.xsd" typ="s.r.o">
	<nazev>U nepojízdného vraku</nazev>
	<adresa>
		<ulice>Nade Mlýnkem</ulice>
		<cp>57</cp>
		<psc>53901</psc>
		<mesto>Hlinsko</mesto>
	</adresa>
	<Pracovni_misto id="ID1">
		<lokalita_pracoviste>Budova A1</lokalita_pracoviste>
		<pozice>Zvedák</pozice>
		<vybaveni>Zvedací zařízení</vybaveni>
		<vybaveni>Momentový klíč</vybaveni>
		<vybaveni>Hasák</vybaveni>
		<vybaveni>Sada šroubováků</vybaveni>
		<vybaveni>Kladivo</vybaveni>
		<vybaveni>Svítidlo</vybaveni>
	</Pracovni_misto>
	
		<Pracovni_misto id="ID2">
		<lokalita_pracoviste>Budova A3</lokalita_pracoviste>
		<pozice>Lakýrna</pozice>
		<vybaveni>Lakovací pistole</vybaveni>
		<vybaveni>Dýchací přístroj</vybaveni>
		<vybaveni>Měřák tloušťky laku</vybaveni>
		<vybaveni>Další ochranné pomůcky</vybaveni>
	</Pracovni_misto>
	
	<zamestnanci>
		<mechanik id="ID51">
			<jmeno>Martin</jmeno>
			<prijmeni>Pilný</prijmeni>
			<pracovni_misto>ID1</pracovni_misto>
		</mechanik>
		
		<mechanik id="ID52">
			<jmeno>Jiří</jmeno>
			<prijmeni>Pilný</prijmeni>
			<pracovni_misto>ID2</pracovni_misto>
		</mechanik>
		
		<externi_pracovnik id="ID53">
			<jmeno>Josef</jmeno>
			<prijmeni>Rychlý</prijmeni>
		</externi_pracovnik>
		
	</zamestnanci>
</Autoservis>
