<?xml version="1.0" encoding="UTF-8"?>
<!DOCTYPE root SYSTEM "data.dtd">
<root>
	<Tyres>
		<Tyre id="t1">195/65R16C 100/98T</Tyre>
		<Tyre id="t2">205/75R16C 110/108R</Tyre>
		<Tyre id="t3">225/60R16Rf 102H</Tyre>
		<Tyre id="t4">235/45R18XL 100W</Tyre>
		<Tyre id="t5">245/45R18XL 102Y</Tyre>
		<Tyre id="t6">265/60R18 109H</Tyre>
	</Tyres>
	<Rims>
		<Rim id="r1">5,5Jx16 ET51</Rim >
		<Rim  id="r2">6,5Jx16 ET62</Rim >
		<Rim  id="r3">7,5Jx18 ET56</Rim >
		<Rim  id="r4">8Jx19 ET56.5</Rim >
	</Rims>
	<CarRegistrations>
		<Registration id="tp1">
			<TP>
				<VIN>WDB1234567I123456</VIN>
				<Color>Pink</Color>
				<YearOfManufacture>2011</YearOfManufacture>
				<RegistrationNumber>UF12345</RegistrationNumber>
				<DateOfRegistration>11.11.2011</DateOfRegistration>
				<ExtensionNo>xxxx123</ExtensionNo>
				<EngineNo>EG256468a</EngineNo>
				<ShreddedDate>12.3.2013</ShreddedDate>
				<ShreddedReason reason="police"></ShreddedReason>
				<IssuedBy>&Issuer;</IssuedBy>
				<dateCreated><?php echo Date(dd.mm.yyyy); ?></dateCreated>
			</TP>
			<ZTP>
				<Manufacturer></Manufacturer>
				<ECWVTA>e1*2007/46*0303*08</ECWVTA>
				<VehicleCategory category="M1"></VehicleCategory>
				<VehicleType>906.50</VehicleType>
				<VehicleVariant>VXD21354</VehicleVariant>
				<VehicleVersion>TERF456</VehicleVersion>
				<MarketingName>TESTVehicle</MarketingName>
			</ZTP>
			<TechnicalData>
				<Capacity total="4" sittingPositions="4"></Capacity>
				<Dimensions height="1500" length="2400" width="1800"></Dimensions>
				<AxlesSpacing axle12="1760"></AxlesSpacing>
				<Wieghts>
					<VehicleWeight min="1200" max="1450"></VehicleWeight>
					<AxleWeight min="500" max="600" AxleNo="1"></AxleWeight>
					<AxleWeight min="650" max="800" AxleNo="2"></AxleWeight>
				</Wieghts>
			</TechnicalData>
			<Chassis>
				<Axles>
					<Axle axleNo="1">
						<VehicleTyres idTyre="t2"></VehicleTyres>
						<VehicleRims idRim="r3"></VehicleRims>
					</Axle>
					<Axle axleNo="2">
						<VehicleTyres idTyre="t3"></VehicleTyres>
						<VehicleRims idRim="r3"></VehicleRims>
					</Axle>
				</Axles>
				<Brakes emergency="no" operational="yes" parking="yes" relieving="no"></Brakes>
			</Chassis>
			<Engine>
				<Fuel type="VODIK"></Fuel>
				<Power revolutions="3000">65kW</Power>
				<MaxSpeed>250</MaxSpeed>
				<GearBox type="AUT"></GearBox>
			</Engine>
			<Note>Tak to vubec netusim zda jde takove auto poskladat :)
			<![CDATA[
				for(i = 0; i < 15; i++)
				{
					document.writeln("* *");
				}
			]]>
			</Note>
		</Registration>
	</CarRegistrations>
</root>