<?xml version="1.0" encoding="UTF-8"?>
<!DOCTYPE legoDatabase SYSTEM "data.dtd">
<legoDatabase>
	<!-- Registered users -->
	<users>
		<user userID="U1">
			<name>Martin Zikmund</name>
			<userName>MZetko</userName>
		</user>
		<user userID="U2">
			<name>Petr Jarda</name>
			<userName>Jardis</userName>
		</user>
		<user userID="U3">
			<name>Pepa Robert</name>
			<userName>Josef</userName>
		</user>
	</users>
	<!-- Source item database -->
	<sourceItems>
		<!-- sets -->
		<sourceItem type="set" number="ID00-1">
			<name>Weetabix Castle</name>
			<category>Legoland</category>
			<yearReleased>1970</yearReleased>
			<weight>250 g</weight>
			<dimensions>120 x 130 x 50</dimensions>
			<inventory>
				<inventoryItem refNumber="ID3006" count="33">
					<color>White</color>
				</inventoryItem>
				<inventoryItem refNumber="ID3004" count="27">
					<color>Red</color>
				</inventoryItem>
				<inventoryItem refNumber="ID29c01" count="1">
					<color>Blue</color>					
				</inventoryItem>
				<inventoryItem refNumber="ID30001old" count="1">
					<color>Transparent Pink</color>					
				</inventoryItem>
			</inventory>
		</sourceItem>
		<!-- minifigs -->
		<sourceItem type="minifig" number="IDbat001">
			<name>Batman</name>
			<category>Batman I</category>
			<weight>4.1 g</weight>
		</sourceItem>
		<sourceItem type="minifig" number="IDbat005">
			<name>The Joker</name>
			<category>Batman I</category>
			<weight>3.6 g</weight>
		</sourceItem>
		<!-- parts -->
		<sourceItem type="part" number="ID3006">
			<name>Baseplate 24 x 32 with Rounded Corners</name>
			<category/>
			<weight>73 g</weight>
			<dimensions>24 x 32 x 0</dimensions>
		</sourceItem>
		<sourceItem type="part" number="ID3004">
			<name>Tire</name>
			<category/>
			<weight>1.43 g</weight>
		</sourceItem>
		<sourceItem type="part" number="ID29c01">
			<name>Brick, Modified Facet 4 x 4</name>
			<category/>
			<weight>2.16 g</weight>
			<dimensions>4 x 4 x 1</dimensions>
		</sourceItem>
		<sourceItem type="part" number="ID30001old">
			<name>Space Headgear Helmet</name>
			<category>Space</category>
			<weight>0.36 g</weight>
		</sourceItem>
		<sourceItem type="part" number="ID30002old">
			<name>Garden Headgear Helmet</name>
			<category>Space</category>
			<weight>0.43 g</weight>
		</sourceItem>
		<sourceItem type="part" number="ID40002old">
			<name>Space Stick</name>
			<category>Space</category>
			<weight>0.54 g</weight>
		</sourceItem>
		<sourceItem type="part" number="ID41202">
			<name>Base Brick</name>
			<category/>
			<weight>12 g</weight>
		</sourceItem>
	</sourceItems>
	<!-- User collections -->
	<userCollections>
		<userCollection refUserID="U1">
			<userItem refNumber="ID00-1" count="1"/>
			<userItem refNumber="ID40002old" count="6"/>
		</userCollection>
		<userCollection refUserID="U2">
			<userItem refNumber="ID30001old" count="4"/>
		</userCollection>
		<userCollection refUserID="U3">
			<userItem refNumber="ID29c01" count="3"/>
			<userItem refNumber="ID3004" count="4"/>
			<userItem refNumber="ID30002old" count="12"/>
		</userCollection>
	</userCollections>
	<!-- global database info -->
	<databaseInfo>
		<version>3.0</version>
		<identificationNumber><![CDATA[
			sdasF345354t5?3@_$++TT#@><T2rrg3r
         ]]></identificationNumber>
		<copyright>&c; Martin Zikmund <?php echo "test"; ?></copyright>
	</databaseInfo>
</legoDatabase>
