<?xml version="1.0" encoding="UTF-8" standalone="no"?>

<gamesForSale>
	<game>
		<title>The Sims</title>
		<platformRef>PLATFORM_PC</platformRef>
		<platformRef>PLATFORM_OSX</platformRef>
		<sequel>
			<title>The Sims 2</title>
			<platformRef>PLATFORM_PC</platformRef>
			<platformRef>PLATFORM_OSX</platformRef>
			<sequel>
				<title>The Sims 3</title>
				<platformRef>PLATFORM_PC</platformRef>
				<platformRef>PLATFORM_OSX</platformRef>
				<platformRef>PLATFORM_PS3</platformRef>
				<platformRef>PLATFORM_X360</platformRef>
			</sequel>
		</sequel>
	</game>
</gamesForSale>
