<?xml version="1.0" encoding="UTF-8"?>
<platforms>
			<platform platformID="PLATFORM_PC">
				<full_name>Microsoft Windows</full_name>
				<short>PC</short>
			</platform>
			<platform platformID="PLATFORM_PS3">
				<full_name>Sony PlayStation 3</full_name>
				<short>PS3</short>
			</platform>
			<platform platformID="PLATFORM_PS4">
				<full_name>Sony PlayStation 4</full_name>
				<short>PS4</short>
			</platform>
			<platform platformID="PLATFORM_X360">
				<full_name>Microsoft XBOX 360</full_name>
				<short>X360</short>
			</platform>
			<platform platformID="PLATFORM_XONE">
				<full_name>Microsoft XBOX ONE</full_name>
				<short>XBOX ONE</short>
			</platform>
			<platform platformID="PLATFORM_OSX">
				<full_name>Apple Macintosh OS X</full_name>
				<short>Mac OSX</short>
			</platform>
		</platforms>
	