<?xml version="1.0" encoding="UTF-8"?>
<departments>
	<department>
		<name>Manufacturing</name>
		<manager>
			<man>
				<name>Peter Berg</name>
			</man>
		</manager>
		<employee>
			<man>
				<name>Martin Owen</name>
			</man>
		</employee>
		<subdepartments>
			<department>
				<name>Development</name>
			</department>
			<department>
				<name>Engineering</name>
				<employee>
					<woman>
						<name>Kate Stone</name>	
					</woman>
				</employee>
			</department>
		</subdepartments>
	</department>
	<department>
		<name>PR</name>
		<manager>
			<woman>
				<name>Lucy Sheen</name>
			</woman>
		</manager>
		<employee>
			<woman>
				<name>Carla Banks</name>
			</woman>
		</employee>
		<employee>
			<man>
				<name>Philip Stein</name>
			</man>
		</employee>
	</department>
</departments>
