<?xml version="1.0" encoding="UTF-8"?>

<!-- kořenový element -->
<Autopujcovna>
	<Pobocka pid="p12">
		<Vedouci>Jakub Krutina</Vedouci>
		<Adresa>
			<Ulice>Vlaska</Ulice>
			<Mesto>Praha</Mesto>
			<Psc>155 00</Psc>
		</Adresa>
		<Auta aid="b5">
			<SPZ>A3 XLL</SPZ>
			<Vyrobce>Opel</Vyrobce>
			<Typ>Astra</Typ>
			<Skupina>
				<B>do 3,5t</B>
			</Skupina>
			<Barva>Cervena</Barva>
			<Stav_km>18000</Stav_km>
			<Vybava class="classic">
				<Autoradio>Bluepunkt</Autoradio>
				<Kola>NFSU</Kola>
				<Motor>
					<Palivo>Benzin</Palivo>
					<Objem>2.0</Objem>
				</Motor>
			</Vybava>
		</Auta>
		<Auta aid="b2">
			<SPZ>A3 XLL</SPZ>
			<Vyrobce>Opel</Vyrobce>
			<Typ>Astra</Typ>
			<Skupina>
				<B>do 3,5t</B>
			</Skupina>
			<Barva>Cervena</Barva>
			<Stav_km>18000</Stav_km>
			<Vybava class="ultra">
				<Autoradio>Bluepunkt</Autoradio>
				<Kola>NFSU</Kola>
				<Klimatizace>Tropico</Klimatizace>
				<Motor>
					<Palivo>Benzin</Palivo>
					<Objem>2.0</Objem>
				</Motor>
			</Vybava>
		</Auta>
		<Auta aid="b8">
			<SPZ>A7 XML</SPZ>
			<Vyrobce>Ford</Vyrobce>
			<Typ>Focus</Typ>
			<Skupina>
				<B>do 3,5t</B>
			</Skupina>
			<Barva>Modra</Barva>
			<Stav_km>288000</Stav_km>
			<Vybava class="elegance">
				
				<Kola>OZ</Kola>
				<Motor>
					<Palivo>Nafta</Palivo>
					<Objem>1.6</Objem>
				</Motor>
			</Vybava>
		</Auta>
	</Pobocka>
	<Zakaznik zid="a7">
		<Jmeno>Jan</Jmeno>
		<Prijmeni>Kopriva</Prijmeni>
		<Kontakt>
			<Tel>65654654654</Tel>
			<Adresa>
				<Ulice>Ludova</Ulice>
				<Mesto>Kladno</Mesto>
				<Psc>322 85</Psc>
			</Adresa>
		</Kontakt>
	</Zakaznik>
	<Zakaznik zid="a8">
		<Jmeno>Jana</Jmeno>
		<Prijmeni>Kova</Prijmeni>
		<Kontakt>
			<Tel>65654654654</Tel>
			<Adresa>
				<Ulice>Ludova</Ulice>
				<Mesto>Kladno</Mesto>
				<Psc>322 85</Psc>
			</Adresa>
		</Kontakt>
	</Zakaznik>
	<Vypujcka vid="v15">
		<Od>12.10.2010</Od>
		<Do>
			<?php echo Date("d.m.Y")?>
		</Do>
		<Pujcil>Lolek</Pujcil>
		<Cena_zaklad><![CDATA[
		(Cena_km*(do-od)*(1+Sleva/100)
		]]></Cena_zaklad>
		<Cena_km>30</Cena_km>
		<Cena_den>20</Cena_den>
		<Sleva>20</Sleva>
		<IdAuta aid_ref="b8"/>
		<IdZakaznika zid_ref="a7"/>
		<IdPobocky pid_ref="p12"/>
	</Vypujcka>
	<Vypujcka vid="v16">
		<Od>15.8.2011</Od>
		<Do>
			28.10.2011
		</Do>
		<Pujcil>Bolek</Pujcil>
		<Cena_zaklad>15000</Cena_zaklad>
		<Cena_km>30</Cena_km>
		<Cena_den>20</Cena_den>
		<Sleva>20</Sleva>
		<IdAuta aid_ref="b5"/>
		<IdZakaznika zid_ref="a8"/>
		<IdPobocky pid_ref="p12"/>
	</Vypujcka>
</Autopujcovna>
