<?xml version="1.0" encoding="utf-8" ?>
<!DOCTYPE list SYSTEM "data.dtd">
<list>
	<startup>
		<founder>
			<founder_position position="CEO"></founder_position>
			<founder_name>
				John Random
			</founder_name>
			<founder_email>
				john@random.com
			</founder_email>
			<founder_phone_number>
				54687133
			</founder_phone_number>
		</founder>
		<founder>
			<founder_position position="CFO"></founder_position>
			<founder_name>
				Thomas Hacker	
			</founder_name>
			<founder_email>
				thomas@inklings.com
			</founder_email>
			<founder_phone_number>
				50982534
			</founder_phone_number>
		</founder>
		<startup_info>
			<startup_name>
				Inklings	
			</startup_name>
			<startup_address>
				<startup_street>
					The Fifth Avenue
				</startup_street>
				<startup_zipcode>
					11101
				</startup_zipcode>
				<startup_city>
					Long Island City
				</startup_city>
				<startup_state>
					New York
				</startup_state>
			</startup_address>
			<startup_online type="website">
				www.inklings.com
			</startup_online>
			<startup_online type="blog">
				www.inklings.wordpress.com
			</startup_online>
			<startup_online type="facebook">
				www.facebook.com/inklings
			</startup_online>
			<office>
				<office_address>
					<office_street>
						The Fifth Avenue
					</office_street>
					<office_zipcode>
						11101
					</office_zipcode>
					<office_city>
						Long Island City
					</office_city>
					<office_state>
						New York
					</office_state>
				</office_address>
				<office_phone_number>
					543897923
				</office_phone_number>
			</office>
		</startup_info>
		<product>
			<product_name>
				WriteSocial
			</product_name>
			<product_description>
				WriteSocial is a social network for amateur and professional writers.
			</product_description>
			<target_market>
				Fiction writers.
			</target_market>
			<target_market_size_estimate>
				1000000
			</target_market_size_estimate>
			<product_online type="website">
				www.writesocial.com
			</product_online>
			<product_online type="facebook">
				www.facebook.com/writesocial
			</product_online>
			<competitor>
				<![CDATA[FanFiction.Net]]>]
			</competitor>
			<competing_product_name>
				FanFiction.Net
			</competing_product_name>
			<competing_product_description>
				FanFiction.net is a website for publishing fanfiction.
			</competing_product_description>
			<competing_product_note>
				This site attracts only fanfiction writers.		
			</competing_product_note>
		</product>
		<application id="gh9503968" status="rejected" round="spring">
			<date_send>14.3.2008</date_send>
			<date_delivered>
				15.3.2008
			</date_delivered>
			<current_date>
				<?php echo Date("d.m.Y")?>
			</current_date>
			<applicant>
				<applicant_name>John Random</applicant_name> is well-known for his open-source contributions in Ruby community.
			</applicant>
			<decision_why>
				I think this idea couldn't be profitable.
			</decision_why>
		</application>
		<application id="a6484gfr" status="accepted" round="spring" last_application="gh9503968">
			<date_send>14.3.2011</date_send>
			<date_delivered>
				15.3.2011
			</date_delivered>
			<current_date>
				<?php echo Date("d.m.Y")?>
			</current_date>
			<applicant>
				<applicant_name>John Random</applicant_name> is well-known for his open-source contributions in Ruby community.
			</applicant>
			<decision_why>
				I think that if they attract one hundreth of people on fanfiction.net, they could be really profitable.
			</decision_why>
		</application>
	</startup>
</list>
