<uzivatelske-recenze>
  <recenze>
    <notebook>
      <znacka>Acer</znacka>
      <model>Aspire 5349-B812G32Mnkk</model>
    </notebook>
    <text>
      <![CDATA[
        Super notebook za tu cenu, doporucuji vsem!
      ]]>
    </text>
    <hodnoceni>1</hodnoceni>
  </recenze>
  <recenze>
    <notebook>
      <znacka>HP</znacka>
      <model>EliteBook 8560w</model>
    </notebook>
    <text>
      <![CDATA[
        Mame ho v praci, opravdu vykonna masina.
      ]]>
    </text>
    <hodnoceni>2</hodnoceni>
  </recenze>
  <recenze>
    <notebook>
      <znacka>Lenovo</znacka>
      <model>IdeaPad Y570</model>
    </notebook>
    <text>
      <![CDATA[
        Kvalita jako vzdy od Lenova.
      ]]>
    </text>
    <hodnoceni>1</hodnoceni>
  </recenze>
  <recenze>
    <notebook>
      <znacka>Acer</znacka>
      <model>Aspire 5349-B812G32Mnkk</model>
    </notebook>
    <text>
      <![CDATA[
        Priserna kvalita, uplne na prd, dvakrat mi behem prvniho roku prasklo sasi...
      ]]>
    </text>
    <hodnoceni>5</hodnoceni>
  </recenze>
</uzivatelske-recenze>