<?xml version="1.0" encoding="UTF-8"?>
<!DOCTYPE Skoly SYSTEM "data.dtd">
<!--Struktura dat pro školy základní,střední a vysoké-->
<Skoly>
	<Skola name="cvut" typ="vysoka">
		<Adresa>
			<Nazev>České vysoké učení technické</Nazev>
			<Ulice>
				<JmenoSk>Technická</JmenoSk>
				<CisloPopisne>2</CisloPopisne>
			</Ulice>
			<Telefon>284659784</Telefon>
			<Fax>284659783</Fax>
			<Email>cvut@cvut.cz</Email>
			<Mesto>Praha</Mesto>
			<PSC>16000</PSC>
		</Adresa>
		<Ucitele>
			<Ucitel id="u_1" refPredmetu="p_1" refHlavniTrida="t_1">
				<KontaktniUdajeU>
					<JmenoU>Radim</JmenoU>
					<PrijmeniU>Vlášek</PrijmeniU>
					<UliceU>Uhlířova</UliceU>
					<CisloPopisneU>1458</CisloPopisneU>
					<TelefonU>269456715</TelefonU>
					<MobilU>603896514</MobilU>
					<EmailU>radim.vlasek@seznam.cz</EmailU>
					<WWWU>www.radimvlasek.cz</WWWU>
					<PSCU>14000</PSCU>
					<MestoU>Praha</MestoU>
				</KontaktniUdajeU>
			</Ucitel>
			<Ucitel id="u_2" refPredmetu="p_1" refHlavniTrida="t_2">
				<KontaktniUdajeU>
					<JmenoU>Petr</JmenoU>
					<PrijmeniU>Bobr</PrijmeniU>
					<UliceU>Uhlířova</UliceU>
					<CisloPopisneU>1458</CisloPopisneU>
					<TelefonU>269456715</TelefonU>
					<MobilU>603896514</MobilU>
					<EmailU>radim.vlasek@seznam.cz</EmailU>
					<WWWU>www.radimvlasek.cz</WWWU>
					<PSCU>14000</PSCU>
					<MestoU>Praha</MestoU>
				</KontaktniUdajeU>
			</Ucitel>
			<Ucitel id="u_3" refPredmetu="p_1" refHlavniTrida="t_2">
				<KontaktniUdajeU>
					<JmenoU>Jan</JmenoU>
					<PrijmeniU>Uhlir</PrijmeniU>
					<UliceU>Uhlířova</UliceU>
					<CisloPopisneU>1458</CisloPopisneU>
					<TelefonU>269456715</TelefonU>
					<MobilU>603896514</MobilU>
					<EmailU>radim.vlasek@seznam.cz</EmailU>
					<WWWU>www.radimvlasek.cz</WWWU>
					<PSCU>14000</PSCU>
					<MestoU>Praha</MestoU>
				</KontaktniUdajeU>
				</Ucitel>
		</Ucitele>
		<Studenti>
			<Student id="s_1" refTridy="t_1">
				<KontaktniUdajeS>
					<JmenoS>Karel</JmenoS>
					<PrijmeniS>Ptáček</PrijmeniS>
					<UliceS>Lankova</UliceS>
					<CisloPopisneS>876</CisloPopisneS>
					<TelefonS>6048536</TelefonS>
					<PSCS>18000</PSCS>
					<MestoS>Praha</MestoS>
					<Datum><?php echo Date("8.9.1994")?></Datum>
					<Pokrik><![CDATA[
						for (i=0; i < 10; i++)
						{ 
						document.writeln("<p>HAJO</p>");
						}
						]]>
					</Pokrik>
				</KontaktniUdajeS>
			</Student>
			<Student id="s_2" refTridy="t_1">
				<KontaktniUdajeS>
					<JmenoS>Jan</JmenoS>
					<PrijmeniS>Zelinka</PrijmeniS>
					<UliceS>Bubenčická</UliceS>
					<CisloPopisneS>569</CisloPopisneS>
					<TelefonS>6048536</TelefonS>
					<PSCS>18000</PSCS>
					<MestoS>Praha</MestoS>
					<Datum><?php echo Date("8.9.1994")?></Datum>
					<Pokrik><![CDATA[
						for (i=0; i < 10; i++)
						{ 
						document.writeln("<p>HAJOLA</p>");
						}
						]]>
					</Pokrik>
				</KontaktniUdajeS>
			</Student>
			<Student id="s_3" refTridy="t_1">
				<KontaktniUdajeS>
					<JmenoS>Luboš</JmenoS>
					<PrijmeniS>Zelinka</PrijmeniS>
					<UliceS>Bubenčická</UliceS>
					<CisloPopisneS>569</CisloPopisneS>
					<TelefonS>789652345</TelefonS>
					<PSCS>18000</PSCS>
					<MestoS>Praha</MestoS>
					<Datum><?php echo Date("8.9.1994")?></Datum>
					<Pokrik><![CDATA[
						for (i=0; i < 10; i++)
						{ 
						document.writeln("<p>HAJOLA</p>");
						}
						]]>
					</Pokrik>
				</KontaktniUdajeS>
			</Student>
		</Studenti>
		<Predmety>
			<Predmet id="p_1" nazev="Počítačové sítě"/>	
			<Predmet id="p_2" nazev="Kódy a bezpečnost"/>
			<Predmet id="p_3" nazev="Účetnictví a finance"/>
			<Predmet id="p_4" nazev="Datové struktury a algoritmy"/>
			<Predmet id="p_5" nazev="Java"/>		
			<Predmet id="p_6" nazev="Matematická analýza"/>		
		</Predmety>
		<Tridy>
			<Trida id="t_1">
				<Umisteni>Leve kridlo</Umisteni>
			</Trida>
			<Trida id="t_2">
				<Budova>&budova; G</Budova>
			</Trida>
		</Tridy>
	</Skola>
	<Skola name="czu" typ="vysoka">
		<Adresa>
			<Nazev>Česká zemědělská univerzita v Praze</Nazev>
			<Ulice>
				<JmenoSk>Kamýcká</JmenoSk>
				<CisloPopisne>129</CisloPopisne>
			</Ulice>
			<Telefon>284659784</Telefon>
			<Fax>284659783</Fax>
			<Email>czu@czu.cz</Email>
			<Mesto>Praha</Mesto>
			<PSC>16000</PSC>
		</Adresa>
		<Ucitele>
			<Ucitel id="czuu_1" refPredmetu="czup_1" refHlavniTrida="czut_1">
				<KontaktniUdajeU>
					<JmenoU>Radim</JmenoU>
					<PrijmeniU>Vlášek</PrijmeniU>
					<UliceU>Uhlířova</UliceU>
					<CisloPopisneU>1458</CisloPopisneU>
					<TelefonU>269456715</TelefonU>
					<MobilU>603896514</MobilU>
					<EmailU>radim.vlasek@seznam.cz</EmailU>
					<WWWU>www.radimvlasek.cz</WWWU>
					<PSCU>14000</PSCU>
					<MestoU>Praha</MestoU>
				</KontaktniUdajeU>
			</Ucitel>
			<Ucitel id="czuu_2" refPredmetu="czup_1" refHlavniTrida="czut_2">
				<KontaktniUdajeU>
					<JmenoU>Petr</JmenoU>
					<PrijmeniU>Bobr</PrijmeniU>
					<UliceU>Uhlířova</UliceU>
					<CisloPopisneU>1458</CisloPopisneU>
					<TelefonU>269456715</TelefonU>
					<MobilU>603896514</MobilU>
					<EmailU>radim.vlasek@seznam.cz</EmailU>
					<WWWU>www.radimvlasek.cz</WWWU>
					<PSCU>14000</PSCU>
					<MestoU>Praha</MestoU>
				</KontaktniUdajeU>
			</Ucitel>
			<Ucitel id="czuu_3" refPredmetu="czup_1" refHlavniTrida="czut_2">
				<KontaktniUdajeU>
					<JmenoU>Jan</JmenoU>
					<PrijmeniU>Uhlir</PrijmeniU>
					<UliceU>Uhlířova</UliceU>
					<CisloPopisneU>1458</CisloPopisneU>
					<TelefonU>269456715</TelefonU>
					<MobilU>603896514</MobilU>
					<EmailU>radim.vlasek@seznam.cz</EmailU>
					<WWWU>www.radimvlasek.cz</WWWU>
					<PSCU>14000</PSCU>
					<MestoU>Praha</MestoU>
				</KontaktniUdajeU>
			</Ucitel>
		</Ucitele>
		<Studenti>
			<Student id="czus_1" refTridy="czut_1">
				<KontaktniUdajeS>
					<JmenoS>Petr</JmenoS>
					<PrijmeniS>Fazolka</PrijmeniS>
					<UliceS>Krčská</UliceS>
					<CisloPopisneS>876</CisloPopisneS>
					<TelefonS>239845367</TelefonS>
					<PSCS>18000</PSCS>
					<MestoS>České Budějovice</MestoS>
					<Datum><?php echo Date("8.9.1994")?></Datum>
					<Pokrik><![CDATA[
						for (i=0; i < 10; i++)
						{ 
						document.writeln("<p>HAJOKO</p>");
						}
						]]>
					</Pokrik>
				</KontaktniUdajeS>
			</Student>
		</Studenti>
		<Predmety>
			<Predmet id="czup_1" nazev="Věda filosofie a společnost"/>	
			<Predmet id="czup_2" nazev="Matematika"/>
			<Predmet id="czup_3" nazev="Zemědělský systémy"/>
			<Predmet id="czup_4" nazev="Ekonomicko matematický metody"/>
			<Predmet id="czup_5" nazev="Tělocvik"/>		
		</Predmety>
		<Tridy>
			<Trida id="czut_1">
				<Umisteni>Leve kridlo</Umisteni>
			</Trida>
			<Trida id="czut_2">
				<Budova>&budova; G</Budova>
			</Trida>
		</Tridy>
	</Skola>
</Skoly>
