<?xml version="1.0" encoding="UTF-8"?>

<Receptar xmlns:xsi="http://www.w3.org/2001/XMLSchema-instance" version="1.0">						<!--Data serverov na ktorych su recepty-->
	<server name="www.recepty.sk"  id="_s1" dlzka_behu="185 h" running="false" state="SR">
		<slovnik>
			<druh name="Maso" >
				<poddruh name="Hovadzie">
					<zlozka name="./">
						<recept id="_s1_1" cena="100 eur" name="Kozmické Curry s ryžou">
							<autor_receptu id="_s1_a1"/>
							<suroviny>
								<surovina>
									<druh_suroviny number="423">																													
										<energia>
											<prvok id="id_3">
											</prvok>
										</energia>
									</druh_suroviny>
									<mnozstvo typ="g">225</mnozstvo>
								</surovina>
							</suroviny>
							<cas_pripravy>20 m</cas_pripravy>
							<text font="Arial">
							V hrnci zohrejeme olej a opražíme cesnak a cibuľu do mäkka. Pridáme zázvor a zvyšné korenia a varíme 1 minútu.
							Pridáme mäso a varíme do hneda. Potom pridáme vývar a červenú papriku privedieme do varu a varíme na nízkej 
							teplote asi 50 minút alebo pokiaľ sa mäso neuvarí. Podľa chuti osolíme a okoreníme. 
 							Ryžu uvaríme podľa návodu na obale, pridáme kurkumu-korenie aby nám ryžu zafarbilo do žlta.
  							Ryžu naservírujeme na taniere na to dáme mäsové curry a posypeme koriandrom. Dobrú chuť.
							<![CDATA[<Viac informácií nájdete na http://http://www.receptar.sk/]]>				
							</text>
							<energeticka_hodnota typ="J">200</energeticka_hodnota>
							<typ_receptu>polievka</typ_receptu>
							<teplota_podavaneho_receptu>25</teplota_podavaneho_receptu>
							<narocnost>Stredne obtiažne</narocnost>
							<obrazky_receptu><img src="http://www.xx.yy/img_i1"/></obrazky_receptu>
							<datum_pridania>2011-09-09</datum_pridania>
							<komentare>
								<komentar deprecated="true">
									<autor_komentara id="_s1_a1"/>
									<datum_pridania>2011-09-11</datum_pridania>
									<text_komentara font="Arial">Prosim o ziadost</text_komentara>
								</komentar>
								<komentar deprecated="false">
									<autor_komentara id="_s1_a3"/>
									<datum_pridania>2011-09-11</datum_pridania>
									<text_komentara font="Arial">First</text_komentara>
								</komentar>
								<komentar deprecated="true">
									<autor_komentara id="_s1_a2"/>
									<datum_pridania>2011-09-12</datum_pridania>
									<text_komentara font="Arial">Do not tell me</text_komentara>
								</komentar>
							</komentare>
						</recept>						
					</zlozka>
					<zlozka name="P" pocet_receptov="1">
						<recept id="_s1_2" name="Praženica">
							<autor_receptu id="_s1_ax"/>
							<suroviny>
								<surovina>
									<druh_suroviny number="106">									
										<energia>
											<prvok id="id_1">
												<davka>
													<dnova>
														<doporucena> <?php echo ($id_1); ?> </doporucena>
													</dnova>
													<aktualna typ="mg">10</aktualna>
												</davka>
											</prvok>
										</energia>
									</druh_suroviny>
									<mnozstvo typ="g">150</mnozstvo>
								</surovina>
							</suroviny>
							<cas_pripravy>100 m</cas_pripravy>
							<text font="Arial">
							Na panvicu dame vajcia :)						
							</text>
							<energeticka_hodnota typ="J">200</energeticka_hodnota>
							<typ_receptu>Quick lunch</typ_receptu>	
							<teplota_podavaneho_receptu>-2</teplota_podavaneho_receptu>			
							<datum_pridania>2011-09-09</datum_pridania>
							<komentare>
								<komentar deprecated="false">
									<autor_komentara id="_s1_a1"/>
									<datum_pridania>2011-09-10</datum_pridania>
									<text_komentara font="Arial">First</text_komentara>
								</komentar>
							</komentare>
						</recept>
					</zlozka>
				</poddruh>
				<poddruh name="Bravcove">
					<zlozka name="H">
						<recept id="_s1_4" cena="20 eur" name="Hurky">
						</recept>
						<recept id="_s1_5" cena="3 eur" name="Horehronsky rezen">
						</recept>
					</zlozka>
				</poddruh>
			</druh>
			<druh name="Dezerty">
				<poddruh name="Vodove">
					<zlozka name="Z">
						<recept id="_s1_4" cena="0.50 eur" name="Zmrzlinovy pohar extra">
							<autor_receptu id="_s1_a1"/>
							<suroviny>
								<surovina>
									<druh_suroviny number="55">
										<energia>
										</energia>
									</druh_suroviny>
									<mnozstvo typ="g">100</mnozstvo>
								</surovina>
							</suroviny>
							<cas_pripravy>5 m</cas_pripravy>
							<text font="Arial">
							Vsetko nasypeme do mechu :)
							<![CDATA[<Viac informácií nájdete na http://http://www.receptar.sk/]]>				
							</text>
							<energeticka_hodnota typ="J">2.2</energeticka_hodnota>
							<typ_receptu>polievka</typ_receptu>
							<teplota_podavaneho_receptu>25</teplota_podavaneho_receptu>
							<narocnost>Stredne obtiažne</narocnost>
							<obrazky_receptu><img src="http://www.xx.yy/img_i1"/></obrazky_receptu>
							<datum_pridania>2011-09-09</datum_pridania>
							<komentare>
								<komentar deprecated="true">
									<autor_komentara id="_s1_a2"/>
									<datum_pridania>2011-09-11</datum_pridania>
									<text_komentara font="Arial">Prosim o ziadost</text_komentara>
								</komentar>
							</komentare>
						</recept>						
					</zlozka>					
				</poddruh>
			</druh>
		</slovnik>		
		<majitelia>
			<majitel>
			<id>m1</id>	
			<meno>Peter Vysoky</meno>	
			<kontakt>sk@gmail.com</kontakt>									
			</majitel>
			<moderator>
			<id>m2</id>	
			<meno>Lukas Vysoky</meno>	
			<kontakt>907452134</kontakt>
			<prispel>1</prispel>									
			</moderator>
		</majitelia>
	</server>
	<server name="www.recepty.cz" id="_s2" dlzka_behu="250 h" running="true" state="CZ">
		<slovnik>
			<druh name="Maso">
				<poddruh name="Uzeniny">
					<zlozka name="/.">
						<recept id="_s2_1" cena="250 Kc" name="Tulácky guláš">
							<autor_receptu id="_s1_a1"/>
							<suroviny>
								<surovina>
									<druh_suroviny number="100">										
										<energia>
											<prvok id="id_5">
												<davka>
													<dnova>
														<doporucena> <?php echo ($id_1); ?> </doporucena>
													</dnova>
													<aktualna typ="mg">10</aktualna>
												</davka>
											</prvok>
											<prvok id="id_2">
												<davka>
													<dnova>
														<doporucena> <?php echo ($id_2); ?> </doporucena>
													</dnova>
													<aktualna typ="mg">6</aktualna>
												</davka>
											</prvok>
											<prvok id="id_3">
											</prvok>
										</energia>
									</druh_suroviny>
									<mnozstvo typ="g">200</mnozstvo>
								</surovina>
								<surovina>
									<druh_suroviny number="102">
										<energia>
											<prvok id="id_2">
												<davka>
													<dnova>
														<doporucena> <?php echo ($id_2); ?> </doporucena>
													</dnova>
													<aktualna typ="mg">6</aktualna>
												</davka>
											</prvok>
											<prvok id="id_3">
											</prvok>
										</energia>
									</druh_suroviny>
									<mnozstvo typ="g">200</mnozstvo>
								</surovina>
							</suroviny>
							<cas_pripravy>200 s</cas_pripravy>
														<text font="Arial">
Do nádoby s väčším množstvom oleja dáme na kocky pokrájanú cibuľu, zemiaky, baklažán, cuketu,
							tekvicu a podusíme. Pridáme bobkový list, podlejeme vínom, hydinovým vývarom a ďalej dusíme.
							Pridáme rajčinový prírodný pretlak, soľ, mleté čierne korenie, bobkový list.
							<![CDATA[<Viac informácií nájdete na http://http://www.receptar.sk/]]>				
							</text>
							<energeticka_hodnota typ="J">200</energeticka_hodnota>
							<typ_receptu>polievka</typ_receptu>
							<narocnost>Ľahké</narocnost>
							<obrazky_receptu><img src="http://www.xx.yy/img_i1"/></obrazky_receptu>
							<datum_pridania>2011-09-09</datum_pridania>
							<komentare>
								<komentar deprecated="false">
									<autor_komentara id="_s2_a1"/>
									<datum_pridania>2011-10-11</datum_pridania>
									<text_komentara font="Arial">Skvely recept</text_komentara>
								</komentar>
								<komentar deprecated="false">
									<autor_komentara id="_s2_a2"/>
									<datum_pridania>2011-10-12</datum_pridania>
									<text_komentara font="Arial">Hodnotte!!!</text_komentara>
								</komentar>
							</komentare>
						</recept>
						<recept id="_s2_2" cena="60 Kc" name="Praženica">
							<autor_receptu id="_s1_ax"/>
							<suroviny>
								<surovina>
									<druh_suroviny number="106">
										<energia>
											<prvok id="id_1">
												<davka>
													<dnova>
														<doporucena> <?php echo ($id_1); ?> </doporucena>
													</dnova>
													<aktualna typ="mg">10</aktualna>
												</davka>
											</prvok>
										</energia>
									</druh_suroviny>
									<mnozstvo typ="g">150</mnozstvo>
								</surovina>
							</suroviny>
							<cas_pripravy>100 m</cas_pripravy>
							<text font="Arial">
							Na panvicu dame rozslahane vajcia :)					
							</text>
							<energeticka_hodnota typ="J">200</energeticka_hodnota>
							<typ_receptu>Quick lunch</typ_receptu>
							<obrazky_receptu><img src="http://www.xx.yy/img_i2"/></obrazky_receptu>
							<datum_pridania>2011-09-09</datum_pridania>
							<komentare>
							</komentare>
						</recept>
					</zlozka>
				</poddruh>
			</druh>
		</slovnik>		
	</server>
</Receptar>
