<?xml version="1.0" encoding="UTF-8"?>
<data>
<server id="_s2">
    <autory>
			<registrovany>
				<autor id="_s2_a1">
					<meno>"recepty73"</meno>
					<kontakt typ="email">maria@seznam.cz</kontakt>
					<datum_pridania>1999-01-20</datum_pridania>			
					<pocet_receptov>4</pocet_receptov>
				</autor>
				<autor id="_s2_a2">
					<meno>"Zdenek"</meno>
					<kontakt typ="email">zdenek@seznam.cz</kontakt>
					<datum_pridania>1999-01-20</datum_pridania>			
					<pocet_receptov>3</pocet_receptov>
				</autor>
				<autor id="_s2_a3">
					<meno>"Varic12"</meno>
					<kontakt typ="tel">7896916</kontakt>
					<datum_pridania>1999-01-20</datum_pridania>			
					<pocet_receptov>1</pocet_receptov>
				</autor>
				<autor id="_s2_a4">
					<meno>"Peter"</meno>
					<kontakt typ="mob">908653257</kontakt>
					<datum_pridania>1999-01-28</datum_pridania>			
					<pocet_receptov>5</pocet_receptov>
				</autor>
			</registrovany>
			<neregistrovany>
				<autor id="_s2_ax">
					<meno>"anonym"</meno>
				</autor>
			</neregistrovany>
		</autory>
		<dnesny_datum>2012-03-14</dnesny_datum>
		<products>
			<product>
				<number>101</number>
				<name>Klobása</name>
				<stav>Dle chuti: ostravká,maďarská</stav>
				<price>100</price>
			</product>
			<product>
				<number>106</number>
				<name>Cibule</name>
				<stav>cerstvi</stav>
				<price>5</price>
			</product>
			<product>
				<number>102</number>
				<name>vajce</name>
				<stav>cerstvi stredne</stav>
				<price>7</price>
			</product>			
		</products>
</server>

<server id="_s1">
    <autory>
			<registrovany>
				<autor id="_s1_a1">
					<meno>"JOZO"</meno>
					<kontakt typ="email">jozo@seznam.cz</kontakt>
					<datum_pridania>1999-01-24</datum_pridania>			
					<pocet_receptov>4</pocet_receptov>
				</autor>
				
				<autor id="_s1_a2">
					<meno>"Peter"</meno>
					<kontakt typ="mob">908653257</kontakt>
					<datum_pridania>1999-01-22</datum_pridania>			
					<pocet_receptov>2</pocet_receptov>
				</autor>
				
				<autor id="_s1_a3">
					<meno>"Lukas"</meno>
					<kontakt typ="tel">7896916</kontakt>
					<datum_pridania>1999-02-20</datum_pridania>			
					<pocet_receptov>2</pocet_receptov>
				</autor>
			</registrovany>
			<neregistrovany>
				<autor id="_s1_ax">
					<meno>"anonym"</meno>
					<pocet_duplikatov>100</pocet_duplikatov>				
				</autor>
			</neregistrovany>
		</autory>
		<dnesny_datum>2012-03-10</dnesny_datum>
		<products>
			<product>
				<number>423</number>
				<name>Ryza</name>
				<stav>Dlhozrnná</stav>
				<price>1</price>
			</product>
			<product>
				<number>106</number>
				<name>vajcia</name>
				<stav>čerstvé</stav>
				<price>0.40</price>
			</product>
			<product>
				<number>55</number>
				<name>Lad</name>
				<stav>zmrazeny</stav>
				<price>0.20</price>
			</product>
			<product>
				<number>56</number>
				<name>Koriander</name>
				<stav>zmrazeny</stav>
				<price>5</price>
			</product>
		</products>
</server>
</data>

