﻿<?xml version="1.0" encoding="utf-8"?>
<moviesDatabase 
  xmlns:xsi="http://www.w3.org/2001/XMLSchema-instance"
  xsi:noNamespaceSchemaLocation="data.xsd"
>
  <actors>
    <actor id="aid1">
      <name>John</name>
      <surname>Travolta</surname>
      <birth>1954-02-18</birth>
    </actor>
    <actor id="aid2">
      <name>Samuel L.</name>
      <surname>Jackson</surname>
      <birth>1948-12-21</birth>
    </actor>
  </actors>

  <directors>
    <director id="did1">
      <surname>Tarantino</surname>
      <name>Quentin</name>
      <birth>1963-03-27</birth>
    </director>
  </directors>

  <movies>
    <movie>
      <name>Pulp Fiction</name>
      <year>1994</year>
      <country>USA</country>
      <length>154</length>
      <ranking value="5" />
    </movie>
  </movies>
  
</moviesDatabase>