<?xml version="1.0" encoding="UTF-8"?>
<letadla xmlns:xsi="http://www.w3.org/2001/XMLSchema-instance" xsi:noNamespaceSchemaLocation="file:///D:/xT/du5/data.xsd">
	<letadlo id="let111">
		<nazev>Ledadlo 1</nazev>
		<typ>A 320</typ>
		<delkaLetu>Short</delkaLetu>
		<vyrobce zemePuvodu="Německo">Airbus</vyrobce>
		<owners>aaa bbb ccc ff ad</owners>
		<rozvrh>
			<let>
				<cestujici>false</cestujici>
				<delkaLetu>Medium</delkaLetu>
				<startLetiste>BUD</startLetiste>
				<cilLetiste>BRA</cilLetiste>
				<casOdletu>20:15:00</casOdletu>
				<casPriletu>20:45:00</casPriletu>
				<denVTydnu>Tu</denVTydnu>
			</let>
		</rozvrh>
	</letadlo>
	<letadlo id="let112">
		<nazev>Ledadlo 2</nazev>
		<typ>A 380</typ>
		<delkaLetu>Long</delkaLetu>
		<vyrobce>Airbus</vyrobce>
		<owners>aaa bbb</owners>
		<let>
			<casOdletu>16:39:00</casOdletu>
			<datumOdletu>2011-04-20</datumOdletu>
			<startLetiste>PRA</startLetiste>
			<cilLetiste>NYC</cilLetiste>
		</let>
		<let>
			<casOdletu>16:00:00</casOdletu>
			<datumOdletu>2011-04-22</datumOdletu>
			<startLetiste>NYC</startLetiste>
			<cilLetiste>PRA</cilLetiste>
		</let>
	</letadlo>
	<letadlo id="let113">
		<nazev>Air Force One</nazev>
		<typ>747 - 400</typ>
		<delkaLetu>Long</delkaLetu>
		<vyrobce>Boeing</vyrobce>
		<let>
			<casOdletu>14:39:00</casOdletu>
			<datumOdletu>2011-02-28</datumOdletu>
			<startLetiste>PRA</startLetiste>
			<cilLetiste>NYC</cilLetiste>
		</let>
	</letadlo>
	<letadlo id="let114" barva="Modrá">
		<nazev>Air Force Two</nazev>
		<typ>737 - 400</typ>
		<delkaLetu>Short</delkaLetu>
		<vyrobce>Boeing</vyrobce>
		<rozvrh>
			<let>
				<cestujici>false</cestujici>
				<delkaLetu>Medium</delkaLetu>
				<startLetiste>BUD</startLetiste>
				<cilLetiste>BRA</cilLetiste>
				<casOdletu>20:15:00</casOdletu>
				<casPriletu>20:45:00</casPriletu>
				<denVTydnu>Tu</denVTydnu>
			</let>
			<let>
				<cestujici>false</cestujici>
				<delkaLetu>Medium</delkaLetu>
				<startLetiste>BUD</startLetiste>
				<cilLetiste>BRA</cilLetiste>
				<casOdletu>20:15:00</casOdletu>
				<casPriletu>20:45:00</casPriletu>
				<denVTydnu>Tu</denVTydnu>
			</let>
		</rozvrh>
	</letadlo>
</letadla>
