<?xml version="1.0"?>
<!DOCTYPE sazky-online SYSTEM "data.dtd">


<sazky-online>
	<uzivatele>
		<uzivatel id="u1">
			<osobni-udaje>
				<jmeno>Daniel</jmeno>
				<prijmeni>Lukeš</prijmeni>
				<datum-narozeni>1987-12-25</datum-narozeni>
				<rodne-cislo>871225/8902</rodne-cislo>
				<cislo-op>123456</cislo-op>
				<rodinny-stav stav="svobodny-svobodna"/>
				<adresa-trvale-bydliste>
					<ulice>Imrychova</ulice>
					<cislo-popisne>981</cislo-popisne>
					<cislo-orientacni>3</cislo-orientacni>
					<mesto>Praha 4</mesto>
					<psc>143 00</psc>
					<stat>Česká Republika</stat>
				</adresa-trvale-bydliste>
				<adresa-korespondencni>
					<ulice>Na Štěpnici</ulice>
					<cislo-popisne>1678</cislo-popisne>
					<cislo-orientacni>10</cislo-orientacni>
					<mesto>Praha 8</mesto>
					<psc>180 00</psc>
					<stat>Česká Republika</stat>
				</adresa-korespondencni>
				<telefon>+420222952772</telefon>
				<mobilni-telefon>+420774122587</mobilni-telefon>
				<email>daniellukes@seznam.cz</email>
			</osobni-udaje>
			<registracni-udaje>
				<uzivatelske-jmeno>DLukes</uzivatelske-jmeno>
				<heslo>12345</heslo>
				<datum-registrace>2012-03-05 22:50:00</datum-registrace>
				<ucet-povolen povolen="ano"/>
			</registracni-udaje>
			<platebni-karty>
				<platebni-karta id="pk1">
					<cislo-platebni-karty>12345</cislo-platebni-karty>
					<datum-platnosti-platebni-karty>10/14</datum-platnosti-platebni-karty>
					<kontrolni-kod-platebni-karty>000</kontrolni-kod-platebni-karty>
					<banka>
						<nazev-banky>Československá obchodní banka</nazev-banky>
						<cislo-uctu>168659686</cislo-uctu>
						<kod-banky>0300</kod-banky>
					</banka>
				</platebni-karta>
			</platebni-karty>
			<zadane-sazky/>
		</uzivatel>
		<uzivatel id="u2">
			<osobni-udaje>
				<jmeno>Jan</jmeno>
				<prijmeni>Novák</prijmeni>
				<datum-narozeni>1970-01-01</datum-narozeni>
				<rodne-cislo>700101/0001</rodne-cislo>
				<cislo-op>987654</cislo-op>
				<adresa-trvale-bydliste>
					<ulice>Horní</ulice>
					<cislo-popisne>651</cislo-popisne>
					<cislo-orientacni>15</cislo-orientacni>
					<mesto>Ostrava</mesto>
					<psc>730 00</psc>
					<stat>Česká Republika</stat>
				</adresa-trvale-bydliste>
				<email>jannovak@jannovak.cz</email>
			</osobni-udaje>
			<registracni-udaje>
				<uzivatelske-jmeno>JNovak</uzivatelske-jmeno>
				<heslo>12345</heslo>
				<datum-registrace>2012-01-01 01:00:00</datum-registrace>
			</registracni-udaje>
			<platebni-karty>
				<platebni-karta id="pk2">
					<cislo-platebni-karty>456123</cislo-platebni-karty>
					<datum-platnosti-platebni-karty>10/15</datum-platnosti-platebni-karty>
					<kontrolni-kod-platebni-karty>000</kontrolni-kod-platebni-karty>
					<banka>
						<nazev-banky>Komerční banka</nazev-banky>
						<cislo-uctu>165-765301985</cislo-uctu>
						<kod-banky>0800</kod-banky>
					</banka>
				</platebni-karta>
				<platebni-karta id="pk3">
					<cislo-platebni-karty>800000</cislo-platebni-karty>
					<datum-platnosti-platebni-karty>01/20</datum-platnosti-platebni-karty>
					<kontrolni-kod-platebni-karty>000</kontrolni-kod-platebni-karty>
					<banka>
						<nazev-banky>HSBC Bank plc</nazev-banky>
						<iban>800000-644-225424-2243834-244254</iban>
					</banka>
				</platebni-karta>
			</platebni-karty>
			<zadane-sazky sazky="s1 s2"/>
		</uzivatel>
	</uzivatele>
	<sazky>
		<sazka id="s1" uid="u2">
			<datum-vsazeni>2012-02-01 08:00:00</datum-vsazeni>
			<vsazena-castka>115</vsazena-castka>
			<vysledny-kurz>7,2</vysledny-kurz>
			<vyhra>828</vyhra>
			<sazkove-polozky>
				<sazkova-polozka pid="sp1" vsazena-moznost="1"/>
				<sazkova-polozka pid="sp1" vsazena-moznost="presne-skore">
					<skore>1:0</skore>
				</sazkova-polozka>
				<sazkova-polozka pid="sp2" vsazena-moznost="0"/>
			</sazkove-polozky>
			<poznamka>Tohle <b>určitě</b> vyjde!</poznamka>
			<ticket-user-data>
				<!-- Tento element je tu pouze pro ilustraci pouziti sekce CDATA, instrukce pro zpracovani a omezeni elementu ANY. -->
				<![CDATA[
					<Hello-world>
				]]>
			</ticket-user-data>
		</sazka>
		<sazka id="s2" uid="u2">
			<datum-vsazeni>2012-03-05 23:50:00</datum-vsazeni>
			<vsazena-castka>100</vsazena-castka>
			<vysledny-kurz>5</vysledny-kurz>
			<sazkove-polozky>
				<sazkova-polozka pid="sp4" vsazena-moznost="2"/>
			</sazkove-polozky>
			<ticket-user-data><?php echo "podstrom nagenerovany pomoci php"; ?></ticket-user-data>
		</sazka>
	</sazky>
	<sazkove-prilezitosti>
		<sazkova-prilezitost id="sp1" cid="ks1">
			<domaci>Sparta</domaci>
			<hoste>Slavia</hoste>
			<zacatek-zapasu>2012-02-15 18:00:00</zacatek-zapasu>
			<uzaverka-sazek>2012-02-15 17:00:00</uzaverka-sazek>
			<tipy>
				<tip typ="1" kurz="1.5"/>
				<tip typ="0" kurz="2"/>
				<tip typ="2" kurz="3.5"/>
				<tip typ="10" kurz="1.8"/>
				<tip typ="02" kurz="3"/>
				<tip typ="12" kurz="5"/>
				<tip typ="presne-skore" kurz="2">
					<skore>0:0</skore>
				</tip>
				<tip typ="presne-skore" kurz="2.8">
					<skore>1:1</skore>
				</tip>
				<tip typ="presne-skore" kurz="1.6">
					<skore>1:0</skore>
				</tip>
				<tip typ="presne-skore" kurz="4">
					<skore>0:1</skore>
				</tip>
			</tipy>
			<poznamka>Toto je <b>tip týdne!</b></poznamka>
		</sazkova-prilezitost>
		<sazkova-prilezitost id="sp2" cid="ks1">
			<domaci>Plzeň</domaci>
			<hoste>Liberec</hoste>
			<zacatek-zapasu>2012-02-15 16:00:00</zacatek-zapasu>
			<uzaverka-sazek>2012-02-15 15:00:00</uzaverka-sazek>
			<tipy>
				<tip typ="1" kurz="2"/>
				<tip typ="0" kurz="3"/>
				<tip typ="2" kurz="5"/>
			</tipy>
		</sazkova-prilezitost>
		<sazkova-prilezitost id="sp3" cid="ks2">
			<domaci>Chelsea</domaci>
			<hoste>Liverpool</hoste>
			<zacatek-zapasu>2012-02-16 14:30:00</zacatek-zapasu>
			<uzaverka-sazek>2012-02-16 13:30:00</uzaverka-sazek>
			<tipy>
				<tip typ="1" kurz="2"/>
				<tip typ="0" kurz="3"/>
				<tip typ="2" kurz="5"/>
			</tipy>
		</sazkova-prilezitost>
		<sazkova-prilezitost id="sp4" cid="ks3">
			<domaci>Zlín</domaci>
			<hoste>Třinec</hoste>
			<zacatek-zapasu>2012-03-08 18:00:00</zacatek-zapasu>
			<uzaverka-sazek>2012-03-08 17:00:00</uzaverka-sazek>
			<tipy>
				<tip typ="1" kurz="2"/>
				<tip typ="0" kurz="3"/>
				<tip typ="2" kurz="5"/>
			</tipy>
		</sazkova-prilezitost>
	</sazkove-prilezitosti>
	<kategorie-sazek>
		<kategorie-sazky id="ks1" nazev="Fotbal - ČR - 1. liga"/>
		<kategorie-sazky id="ks2" nazev="Fotbal - Anglie - Premier League"/>
		<kategorie-sazky id="ks3" nazev="Lední Hokej - ČR - Extraliga - Play Off"/>
	</kategorie-sazek>
</sazky-online>