<?xml version="1.0" encoding="UTF-8"?>

<bike-rental>
	<bikes>
		<bike type="road" bik_ID="b_001" price-class="A">
			<gender>male</gender>
			<manufacturer company="Colnago"/>
			<model>M60</model>
			<size units="cm">54</size>
			<wheelsize>28</wheelsize>
			<components>
				<set>
					<derailleur>Campagnolo Record</derailleur>
					<levers>Campagnolo Record</levers>
					<brakes>Campagnolo Record</brakes>
				</set>
				<wheels>Campagnolo Bora Two</wheels>
				<fork>Colnago</fork>
			</components>
			<color>black</color>
			<problems></problems>
			<frame-material>Carbon</frame-material>
		</bike>

		<bike type="MTB" bik_ID="b_002" price-class="B">
			<gender>male</gender>
			<manufacturer company="Trek"/>
			<model>Superfly</model>
			<size units="inch">18</size>
			<wheelsize>29</wheelsize>
			<components>
				<set>
					<derailleur>Sram X.0</derailleur>
					<levers>Sram X.0 Gripshift</levers>
					<brakes>Formula X1</brakes>
				</set>
				<wheels>American Classic</wheels>
				<fork>Fox</fork>
			</components>
			<color>Navy/Orange</color>
			<problems>Minor Cosmetic Defects</problems>
			<frame-material>Carbon</frame-material>
		</bike>

		<bike type="MTB" bik_ID="b_003" price-class="D">
			<gender>female</gender>
			<manufacturer company="Specialized"/>
			<model>Fate</model>
			<size units="inch">17</size>
			<wheelsize>29</wheelsize>
			<components>
				<set>
					<derailleur>XTR</derailleur>
					<levers>XT</levers>
					<brakes>XT</brakes>
				</set>
				<wheels>DT Swiss X1800</wheels>
				<fork>Specialized</fork>
			</components>
			<color>Red/Black</color>
			<problems></problems>
			<frame-material>Aluminium</frame-material>
		</bike>

		<bike type="fixie" bik_ID="b_004" price-class="E">
			<gender>Unisex</gender>
			<manufacturer company="Bianchi"/>
			<model>Pista Sei Giorni</model>
			<size units="inch">19</size>
			<wheelsize>28</wheelsize>
			<components>
				<set>
					<derailleur>None</derailleur>
					<levers>None</levers>
					<brakes>Reparto Corse</brakes>
				</set>
				<wheels>Maddux F10 DRX3000</wheels>
				<fork>Carbon/Alu 1.1/8"</fork>
			</components>
			<color>White/Aqua</color>
			<problems></problems>
			<frame-material>Aluminium</frame-material>
		</bike>
	</bikes>
	<customers>
		<customer>
			<name>Jan Horký</name>
			<cardID cus_ID="c_001"/>
			<email>i.am.damn.hot@hotmail.hot></email>
			<notes></notes>
		</customer>
		<customer>
			<name>Irena Malá</name>
			<cardID cus_ID="c_003"/>
			<email>ir.petit@gmail.com></email>
			<notes>Výška 155cm, vzít v úvahu</notes>
		</customer>
		<customer>
			<name>Květoslav Salát</name>
			<cardID cus_ID="c_004"/>
			<email>flowercabage666@gmail.coom></email>
			<notes></notes>
		</customer>
		<customer>
			<name>Viktor Rytíř</name>
			<cardID cus_ID="c_002"/>
			<email>vitorio.palladino@itmail.it></email>
			<notes>Váha 95kg, pozor na komponentový limit</notes>
		</customer>
		<customer>
			<name>Tomáš Náhodný</name>
			<cardID cus_ID="c_005"/>
			<email>random111@gmail.com></email>
			<notes></notes>
		</customer>
		<customer>
			<name>Jan Přebytečný</name>
			<cardID cus_ID="c_006"/>
			<email>toomuch@gmail.com></email>
			<notes></notes>
		</customer>
		<customer>
			<name>James Blond</name>
			<cardID cus_ID="c_007"/>
			<email>qwerty@mi6.uk></email>
			<notes></notes>
		</customer>
		<customer>
			<name>Jiří Užměnenapadádalšíjméno</name>
			<cardID cus_ID="c_008"/>
			<email>qwerty@gmail.com></email>
			<notes></notes>
		</customer>
	</customers>
	<rentals>
		<rent>
			<biker cus="c_003"/>
			<rented_bike bik="b_003"/>
			<pickup>2013-04-15T16:00:00</pickup>
			<dropin>2013-05-15T16:00:00</dropin>
		</rent>
		<rent>
			<biker cus="c_004"/>
			<rented_bike bik="b_002"/>
			<pickup>2013-06-16T16:00:00</pickup>
			<dropin>2013-06-18T16:00:00</dropin>
		</rent>
		<rent>
			<biker cus="c_003"/>
			<rented_bike bik="b_001"/>
			<pickup>2013-03-21T16:00:00</pickup>
			<dropin>2013-08-23T16:00:00</dropin>
		</rent>
		<rent>
			<biker cus="c_003"/>
			<rented_bike bik="b_004"/>
			<pickup>2013-08-15T16:00:00</pickup>
			<dropin>2013-08-21T16:00:00</dropin>
		</rent>
		<rent>
			<biker cus="c_005"/>
			<rented_bike bik="b_002"/>
			<pickup>2013-09-15T16:00:00</pickup>
			<dropin>2013-09-21T16:00:00</dropin>
		</rent>
		<rent>
			<biker cus="c_008"/>
			<rented_bike bik="b_001"/>
			<pickup>2013-10-15T16:00:00</pickup>
			<dropin>2013-10-21T16:00:00</dropin>
		</rent>
		<rent>
			<biker cus="c_007"/>
			<rented_bike bik="b_003"/>
			<pickup>2013-07-25T16:00:00</pickup>
			<dropin>2013-07-31T16:00:00</dropin>
		</rent>
		<rent>
			<biker cus="c_006"/>
			<rented_bike bik="b_001"/>
			<pickup>2013-07-05T16:00:00</pickup>
			<dropin>2013-08-21T16:00:00</dropin>
		</rent>
		<rent>
			<biker cus="c_003"/>
			<rented_bike bik="b_002"/>
			<pickup>2013-02-15T16:00:00</pickup>
			<dropin>2013-03-21T16:00:00</dropin>
		</rent>
	</rentals>
</bike-rental>
