<?xml version="1.0"?>
<?xml-stylesheet type="text/css" href="style.css"?>
<route xmlns="http://www.mff.cuni.cz"
xmlns:xsi="http://www.w3.org/2001/XMLSchema-instance"
xsi:schemaLocation="http://www.mff.cuni.cz data.xsd">
	<wpt id="w1" direction="e">
		<coord>
			<lon>14°24'13.388"</lon>		
			<lat>50°5'18.053"</lat>
		</coord>
		<task type="selection">
			<title>What is the answer to the ultimate question of life, the universe and everything?</title>
			<answer target="w3">MU</answer>
			<answer target="w3">40</answer>
			<answer target="w3">41</answer>				
			<answer correct="true" target="w2">42</answer>			
			<answer target="w3">43</answer>
			<answer target="w3">44</answer>				
			<answer target="w3">45</answer>
			<answer target="w3">46</answer>				
			<answer target="w3">47</answer>
			<answer target="w3">48</answer>				
			<answer target="w3">49</answer>	
		</task>
	</wpt>
	<wpt id="w2" next="w4">
		<coord>
			<lon>14°24'24.638"</lon>		
			<lat>50°5'14.057"</lat>
		</coord>
		<info>
			<title>Malostranska vez</title>
			<text>Vez</text>
		</info>
	</wpt>
	<wpt id="w3" next="w4">
		<coord>
			<lon>14°24'39.062"</lon>		
			<lat>50°5'24.183"</lat>
		</coord>
		<info>
			<title>Památník II. odboji</title>
			<text>Památník II. odboji <image src="http://i.imgur.com/ASCW2m7.jpg" /> na <url href="http://strangeloop.cz/"><title>Klarove</title></url>.</text>
		</info>
	</wpt>
	<wpt id="w4" next="w5" direction="ne">
		<address>
			<street number="10">Staromestske namesti</street>
			<city>Praha</city>
			<country>Czech republic</country>
		</address>
		<task>
			<title>Čí je to památník?</title>
			<answer>Jan Hus</answer>
		</task>
	</wpt>
	<wpt id="w5" direction="ne">
		<coord>
			<lon>14°25'31.838"</lon>
			<lat>50°5'13.089"</lat>
		</coord>
		<task hint="shift">
			<title><![CDATA[ 101 << 2]]></title>
			<answer correct="true">10100</answer>
		</task>
	</wpt>
	<wpt id="w6" direction="ne">
		<coord>
			<lon>14°24'39.062"</lon>		
			<lat>50°5'24.183"</lat>
		</coord>
		<info>
			<title>Památník II. odboji</title>
			<text>Památník II. odboji <image src="http://i.imgur.com/ASCW2m7.jpg" /> na <url href="http://strangeloop.cz/"><title>Klarove</title></url>.</text>
		</info>
	</wpt>
	<wpt id="w7" direction="ne">
		<coord>
			<lon>14°24'39.062"</lon>		
			<lat>50°5'24.183"</lat>
		</coord>
	</wpt>
</route>
