<?xml version="1.0" encoding="UTF-8"?>
<!DOCTYPE netDB SYSTEM "./data.dtd">


<netDB xmlns:xsi="http://www.w3.org/2001/XMLSchema-instance" xsi:noNamespaceSchemaLocation="data.xsd">
	
	<!-- Sítě: -->
	
	<net id="botanicky_ustav">
		<owner>Botanický ústav</owner>
		<address>
			<city>Průhonice</city>
			<zipCode>25243</zipCode>
			<street>Zámek 1</street>
		</address>
		<protection type="hardware"/>
		<computersNum>2</computersNum>
		<employeesNum>2</employeesNum>
		<webPages>
			<webAddress>www.ibot.cas.cz</webAddress>
		</webPages>
		<additionalFiles>
			<webAddress>./somefile.txt</webAddress>
		</additionalFiles>
		<notes>
			-
		</notes>
		<contacts>
			<contactLink idref="jana_vojirova"/>
			<contactLink idref="david_kredba"/>
		</contacts>
		<domains>
			<domain>
				<domainName>ibot.cas.cz</domainName>
				<primaryDNS>
					<ipAddress>147.231.110.1</ipAddress>
				</primaryDNS>
				<secondaryDNS>
					<ipAddress>147.231.110.3</ipAddress>
				</secondaryDNS>
				<subnetRanges>
					<subnetRange>147.231.110.0/24</subnetRange>
				</subnetRanges>
			</domain>
		</domains>
	</net>

	<net id="etnologicky_ustav">
		<owner>Etnologický ústav</owner>
		<address>
			<city>Praha 1</city>
			<zipCode>11000</zipCode>
			<street>Na Florenci 3/1420</street>
		</address>
		<protection type="hardware"/>
		<computersNum>200</computersNum>
		<employeesNum>1</employeesNum>
		<webPages>
			<webAddress>www.eu.cas.cz</webAddress>
		</webPages>
		<additionalFiles>
		</additionalFiles>
		<notes>
			Počítače jsou společné pro celou budovu.
		</notes>
		<contacts>
			<contactLink idref="martin_jirik"/>
			<contactLink idref="jan_andel"/>
		</contacts>
		<domains>
			<domain>
				<domainName>eu.cas.cz</domainName>
				<primaryDNS>
					<ipAddress>147.231.80.1</ipAddress>
				</primaryDNS>
				<secondaryDNS>
					<ipAddress>147.231.78.6</ipAddress>
				</secondaryDNS>
				<subnetRanges>
					<subnetRange>147.231.78.0/24</subnetRange>
				</subnetRanges>
			</domain>
		</domains>
	</net>

	<net id="fyzikalni_ustav">
		<owner>Fyzikální ústav</owner>
		<address>
			<city>Praha 6</city>
			<zipCode>16253</zipCode>
			<street>Cukrovarnická 10</street>
		</address>
		<protection type="software"/>
		<computersNum>413</computersNum>
		<employeesNum>2</employeesNum>
		<webPages>
			<webAddress>www.fzu.cz</webAddress>
		</webPages>
		<additionalFiles>
		</additionalFiles>
		<notes>
			A někde potřebujeme demonstrovat i sekci CDATA,
			což se nám <![CDATA[<logicky>]]> nehodí.
		</notes>
		<contacts>
			<contactLink idref="m_kratky"/>
			<contactLink idref="t_fiala"/>
		</contacts>
		<domains>
			<domain>
				<domainName>fzu.cz</domainName>
				<primaryDNS>
					<ipAddress>147.231.26.154</ipAddress>
				</primaryDNS>
				<secondaryDNS>
					<ipAddress>147.231.126.127</ipAddress>
				</secondaryDNS>
				<subnetRanges>
					<subnetRange>147.231.26.0/23</subnetRange>
				</subnetRanges>
			</domain>
		</domains>
	</net>

	<net id="fyzikalni_ustav_2">
		<owner>Fyzikální ústav (Praha 8)</owner>
		<address>
			<city>Praha 8</city>
			<zipCode>18221</zipCode>
			<street>Na Slovance 2</street>
		</address>
		<protection type="software"/>
		<computersNum>664</computersNum>
		<employeesNum>2</employeesNum>
		<webPages>
		</webPages>
		<additionalFiles>
			<webAddress>./fzu2/sometext.txt</webAddress>
		</additionalFiles>
		<notes>
			Detaily site jsou na <webAddress>www.detailysite.cz</webAddress>, dotazy lze posilat na <email>admin&at;fzu.cz</email>.
		</notes>
		<contacts>
			<contactLink idref="t_fiala"/>
			<contactLink idref="m_kratky"/>
		</contacts>
		<domains>
			<domain>
				<domainName>subdomain.fzu.cz</domainName>
				<primaryDNS>
					<ipAddress>147.231.26.154</ipAddress>
				</primaryDNS>
				<secondaryDNS>
					<ipAddress>147.231.126.127</ipAddress>
				</secondaryDNS>
				<subnetRanges>
					<subnetRange>147.231.30.0/24</subnetRange>
				</subnetRanges>
			</domain>
		</domains>
	</net>
	
	<!-- Kontakty: -->
	
	<contact id="martin_jirik">
		<name>
			<firstName>Martin</firstName>
			<lastName>Jiřík</lastName>
		</name>
		<phoneNumber>736760269</phoneNumber>
	</contact>

	<contact id="jan_andel">
		<name>
			<firstName>Jan</firstName>
			<lastName>Anděl</lastName>
		</name>
		<phoneNumber type="mobile">737651773</phoneNumber>
		<email>andel@ucl.cas.cz</email>
	</contact>

	<contact id="jana_vojirova">
		<name>
			<firstName>Jana</firstName>
			<lastName>Vojířová</lastName>
		</name>
		<phoneNumber type="wired">271015210</phoneNumber>
		<phoneNumber type="mobile">775909032</phoneNumber>
		<email>vojirova@domena.cz</email>
	</contact>

	<contact id="david_kredba">
		<name>
			<firstName>David</firstName>
			<lastName>Kredba</lastName>
		</name>
		<phoneNumber>608414586</phoneNumber>
		<email>kredba@domena.cz</email>
	</contact>

	<contact id="m_kratky">
		<name>
			<firstName>M.</firstName>
			<lastName>Krátký</lastName>
		</name>
		<phoneNumber type="mobile">604872709</phoneNumber>
		<email>kratky@domena.cz</email>
	</contact>

	<contact id="t_fiala">
		<name>
			<firstName>T.</firstName>
			<lastName>Fiala</lastName>
		</name>
		<phoneNumber>603303568</phoneNumber>
		<email>fiala@domena.cz</email>
	</contact>

	<?php echo find_contacts_in_old_database(); ?>

</netDB>