<?xml version="1.0" encoding="UTF-8"?>
<!DOCTYPE nprg023 SYSTEM "data.dtd">
<!-- vygenerováno -->
<?php echo '<!-- ' . date('Y-m-d H:i:s T') . ' -->'; ?>
<nprg023>
<uzivatele>
  <uzivatel uid="uid44440000">
    <jmeno>Ažbe</jmeno>
    <prijmeni>Srečec</prijmeni>
    <mail>AzbeSrecec@example.com</mail>
  </uzivatel>
  <uzivatel uid="uid44441111">
    <jmeno>Iva</jmeno>
    <prijmeni>Debeljak</prijmeni>
    <mail>Debeljak@example.com</mail>
  </uzivatel>
  <uzivatel uid="uid44442222">
    <jmeno>Szöllôs</jmeno>
    <prijmeni>Zekö</prijmeni>
    <mail>Zeko333@example.com</mail>
  </uzivatel>
  <uzivatel uid="uid44443333">
    <jmeno>Matthijs</jmeno>
    <prijmeni>Andresen</prijmeni>
  </uzivatel>
  <uzivatel uid="uid44444444">
    <jmeno>Camille</jmeno>
    <prijmeni>Sevier</prijmeni>
    <mail>cs@sevier.net</mail>
  </uzivatel>
  <uzivatel uid="uid44445555">
    <jmeno>Attilio</jmeno>
    <prijmeni>Moretti</prijmeni>
  </uzivatel>
  <uzivatel uid="uid44446666">
    <jmeno>Liviana</jmeno>
    <prijmeni>Pisani</prijmeni>
  </uzivatel>
  <uzivatel uid="uid44447777">
    <jmeno>Anna</jmeno>
    <prijmeni>Moeller</prijmeni>
  </uzivatel>
  <uzivatel uid="uid44448888">
    <jmeno>Ingiríður</jmeno>
    <prijmeni>Þorsteinsdóttir</prijmeni>
    <mail>mailbox44448888@uni.edu</mail>
  </uzivatel>
  <uzivatel uid="uid44449999">
    <jmeno>Véronique</jmeno>
    <prijmeni>Huppé</prijmeni>
    <mail>mailbox44449999@uni.edu</mail>
  </uzivatel>
</uzivatele>
<projekty>
  <projekt pid="pid1" stav="obhajeny" zmeneno="2008-06-25" zahajeno="2008-06-20" navrhovatel_uid_ref="uid44440000" vedouci_uid_ref="uid44449999">
    <nazev>CodEx</nazev>
    <popis>The Code Examiner</popis>
    <resitele>
      <resitel uid_ref="uid44440000"/>
      <resitel uid_ref="uid44441111"/>
      <resitel uid_ref="uid44442222"/>
    </resitele>
    <prilohy>
      <priloha url="http://data.ware/doc/zadani3c.pdf">Úplná specifikace</priloha>
      <priloha url="http://web.ware/projekt/">Homepage</priloha>
    </prilohy>
  </projekt>
  <projekt pid="pid2" stav="zruseny" zmeneno="2008-06-24" navrhovatel_uid_ref="uid44448888">
    <nazev>plGIS</nazev>
    <popis>GIS podpora <i>botanické nálezové databáze</i> Plantlore</popis>
    <resitele>
    </resitele>
    <prilohy>
    </prilohy>
  </projekt>
  <projekt pid="pid3" stav="prihlaseny_k_obhajobe" zmeneno="2011-03-13" zahajeno="2010-12-02" navrhovatel_uid_ref="uid44448888" vedouci_uid_ref="uid44449999">
    <nazev>&lt;EnT|T|&gt;</nazev>
    <popis><![CDATA[Nástroj pro práci s > ]] & < " ']]></popis>
    <resitele>
      <resitel uid_ref="uid44448888"/>
    </resitele>
    <prilohy>
      <priloha url="http://no.way/not/found.txt">Zadání</priloha>
    </prilohy>
  </projekt>
</projekty>
<terminy>
  <termin>
    <datum>2008-06-25</datum>
    <misto>Malostranské náměstí, S5</misto>
    <obhajoby>
      <obhajoba pid_ref="pid1" oponent_uid_ref="uid44445555">
	<vysledek>+2</vysledek>
      </obhajoba>
    </obhajoby>
  </termin>
  <termin>
    <datum>2011-03-30</datum>
    <misto>Malostranské náměstí, S3</misto>
    <obhajoby>
      <obhajoba pid_ref="pid3"></obhajoba>
    </obhajoby>
  </termin>
</terminy>
</nprg023>