<!-- rozvrhovani reprezentuje problem rozvrzeni casu urcitych aktivit na zaklade dostupnych casovych oken -->
<!-- inspiraci je moje tema bakalarske prace https://zvejk.gdmt.cz/~docx/personal_timetabling/doku.php toto XML je ale jen takovy nastrel.. -->
<rozvrhovani casovepasmo="Prague">
	<!-- casove okno je casovy interval v ramci 1 dne ve kterem je mozne umistovat aktivity rozvrhu. Okna se mohou opakovat podle pravidel -->
	<!-- interval muze byt pouze v rozmezi 00:00 - 23:59 s granularitou na minuty. K intervalu je uvedeno odpovidajici casove pasmo. Intervali pres pulnoc lze modelovat jako 2 rozdelene -->
	<casovaokna>
		<okno id="okno1">
			<nazev>Priprava do skoly pondeli</nazev>
			<casOd>15:30</casOd>
			<casDo>17:00</casDo>
			<!-- pravidlo opakovani ve dnech. Okno je aktivni ve dnech, odpovidajicich konjunkci vyrazu. nebo lze modelovat vice okny -->
			<!-- vyjimky jsou uvedeny zvlast -->
			<pravidla>
				<porovnani co="day" jak="geq" hodnota="20120220"  />
				<porovnani co="day" jak="leq" hodnota="20120525"  />
				<porovnani co="dayinweek" jak="eq" hodnota="1" />
			</pravidla>
			
			<!-- seznam kategorii aktivit, ktere je mozne rozvrhovat do tohoto okna-->
			<!-- mode urcuje zda jsou vyjmenovane kategorii pouze ty mozne (including) nebo ty vyloucene (excluding) -->
			<aktivity mode="including">
				<kategorie kategorieId="skola" />
			</aktivity>
		</okno>
		
		<okno id="okno2">
			<nazev>Povinnosti v breznu</nazev>
			<casOd>10:00</casOd>
			<casDo>15:00</casDo>
			<pravidla>
				<porovnani co="day" jak="geq" hodnota="20120301" />
				<porovnani co="day" jak="le" hodnota="20120401" />
				<pracovniden />
			</pravidla>
			
			<aktivity mode="excluding">
				<kategorie kategorieId="volneaktivity" />
				<kategorie kategorieId="jine" />
			</aktivity>
		</okno>
		
		<okno id="okno3">
			<nazev>Okno bez zadnych aktivit</nazev>
			<casOd>06:00</casOd>
			<casDo>08:00</casDo>
			<pravidla>
				<pracovniden />
			</pravidla>
			
			<aktivity mode="including">
			</aktivity>
		</okno>		
		
		<!-- vyjimky z pravidelnych oken. smysl maji jen zaporne vyjimky. Pridani ma stejny smysl jako samotne okno s pravidlem pro jeden den -->
		<vyjimky>
			<odeber oknoId="okno1" vyskyt="5" />
			<odeber oknoId="okno2" vyskyt="3" />
		</vyjimky>
	</casovaokna>

	<!-- kategorie aktivit -->
	<kategorieAktivit>
		<kategorie id="prace">
			<nazev>Prace</nazev>
			<description>Ukoly a jine povinnosti v praci</description>
		</kategorie>
		<kategorie id="skola">
			<nazev>Skola</nazev>
			<description>Ukoly a jine povinnosti do skoly</description>
		</kategorie>
		<kategorie id="volneaktivity">
			<nazev>Volne aktivity</nazev>
			<description>Aktivity ve volnem case</description>
		</kategorie>
		<kategorie id="jine">
			<nazev>Jine aktivity</nazev>
			<description></description>
		</kategorie>
	</kategorieAktivit>

	<!-- seznam aktivit urcenych pro rozvrzeni -->
	<aktivity>
		<aktivita>
			<nazev>Udelat ukol 2 na XML</nazev>
			<description>Viz http://xmlcheck.projekty.ms.mff.cuni.cz/#studentAssignments#69</description>
			<kategorie kategorieId="skola" />
			
			<!-- delka aktivity v minutach, tj sirka na casove ose pro rozvrzeni -->
			<delka>90</delka>
			
			<!-- aktivita muze definovat pravidla, kdy ma byt rozvrzena. Pro jednoduchost pouze "hard" podminky -->
			<pravidla>
				<dokoncenoPred procent="100" kdy="2012-03-22 23:59" />
				<dokoncenoPred procent="90" kdy="2012-03-22 23:00" />
			</pravidla>
		</aktivita>
			
		<aktivita>
			<nazev>Zapoctak DBAPP</nazev>
			<description></description>
			<kategorie kategorieId="skola" />
			
			<delka>300</delka>
			
			<pravidla>
				<dokoncenoPred procent="100" kdy="2012-03-25 12:00" />
			</pravidla>
		</aktivita>
		
		<aktivita>
			<nazev>Boulder</nazev>
			<description>Jit si zalest :]</description>
			<kategorie kategorieId="volneaktivity" />
			
			<!-- delka aktivity v minutach, tj sirka na casove ose pro rozvrzeni -->
			<delka>120</delka>
			
			<!-- aktivita muze definovat pravidla, kdy ma byt rozvrzena. Pro jednoduchost pouze "hard" podminky -->
			<pravidla>
				<zacatek kdy="2012-03-19 18:00" />
				<neprerusitelne />
			</pravidla>
		</aktivita>
		
		<aktivita>
			<nazev>Bakalarka</nazev>
			<description>Pracovat na bakalarske praci</description>
			<kategorie kategorieId="skola" />
			
			<delka>9000</delka>
			
			<pravidla>
				<dokoncenoPred procent="100" kdy="2012-05-25 12:00" />
				<dokoncenoPred procent="50" kdy="2012-04-25 12:00" />
				<dokoncenoPred procent="25" kdy="2012-04-01 12:00" />
			</pravidla>
		</aktivita>		
		
		<aktivita>
			<nazev>Pripravit analyzu pro inovaci IT prostredku ve firme</nazev>
			<description></description>
			<kategorie kategorieId="prace" />
			
			<delka>180</delka>
			
			<pravidla>
				<dokoncenoPred procent="100" kdy="2012-04-01 15:00" />
				<neprerusitelne />
			</pravidla>
		</aktivita>		
		
		<aktivita>
			<nazev>Jina</nazev>
			<description>Jina aktivita</description>
			<kategorie kategorieId="jine" />
			
			<delka>60</delka>
			
			<pravidla>
				<neprerusitelne />
				<nasledujiMekaPravidla />
				<dokoncenoPred procent="100" kdy="2012-05-01 00:00" />
				<minSouvislyBlok delka="15" />
			</pravidla>
		</aktivita>				
		
	</aktivity>

</rozvrhovani>