<?xml version="1.0" encoding="UTF-8"?>
<!DOCTYPE catalogue [
	<!ENTITY usa "United States of America">
]>

<catalogue>
	<!-- List of game publishers-->
	<publishers>
		<publisher pid="CHAOS">
			<name>Chaosium Inc.</name>
			<founded>1975</founded>
			<bases>
				<base>
					<city>Hayward, CA</city>
					<state>&usa;</state>
				</base>
			</bases>
			<business focus="wargames">
				<subject>wargames</subject>
				<subject>roleplaying games</subject>
			</business>
		</publisher>
		<publisher pid="FFG">
			<name>Fantasy Flight Games</name>
			<founded>1995</founded>
			<bases>
				<base>
					<city>Roseville, MN</city>
					<state>&usa;</state>
				</base>
			</bases>
			<business focus="boardgames">
				<subject>board games</subject>
				<subject>card games</subject>
				<subject>roleplaying games</subject>
			</business>
		</publisher>
		<publisher pid="DOW">
			<name>Days of Wonder</name>
			<founded>2002</founded>
			<bases>
				<base>
					<city>Los Altos, CA</city>
					<state>&usa;</state>
				</base>
				<base>
					<city>Paris</city>
					<state>France</state>
				</base>
			</bases>
			<business focus="boardgames">
				<subject>board games</subject>
				<subject>online games</subject>
			</business>
		</publisher>
	</publishers>

	<!-- List of games -->
	<games>
		<?php
			function expansionTo($game) {
				echo "Expansion to" . $game . " game.";
			}
		?>
		<game name="Arkham Horror" gid="AH">
			<info>
				<published>
					<published_by pref="CHAOS" year="1987" />
					<published_by pref="FFG" year="2005" />
					<published_by pref="FFG" year="2007" />
				</published>
				<players>
					<interval from="1" to="8" />
				</players>
				<setuptime>
					<interval from="30" to="60" />
				</setuptime>
				<gametime>
					<interval from="120" to="240" />
				</gametime>
				<age>12</age>
				<expansions>
					<expansion gref="AHCDP" />
					<expansion gref="AHDH" />
					<expansion gref="AHKY" />
					<expansion gref="AHKH" />
					<expansion gref="AHBGW" />
					<expansion gref="AHIH" />
					<expansion gref="AHLT" />
					<expansion gref="AHMH" />
				</expansions>
			</info>
			<description>
				<keywords>
					<keyword>Cthulhu</keyword>
					<keyword>Lovecraft</keyword>
					<keyword>horror</keyword>
				</keywords>
				<content>
					Horror desk game following the theme of Lovecraft's Cthulhu Mythos
				</content>
			</description>
		</game>
		<game name="Arkham Horror: Curse of the Dark Pharaoh" gid="AHCDP">
			<info>
				<published>
					<published_by pref="FFG" year="2006" />
				</published>
				<players>
					<interval from="1" to="8" />
				</players>
				<setuptime>
					<interval from="30" to="60" />
				</setuptime>
				<gametime>
					<interval from="120" to="240" />
				</gametime>
				<age>12</age>
			</info>
			<description>
				<keywords>
					<keyword>expansion</keyword>
				</keywords>
				<content>
					<?php expansionTo("Arkham Horror")?>
				</content>
			</description>
		</game>
		<game name="Arkham Horror: Dunwich Horror" gid="AHDH">
			<info>
				<published>
					<published_by pref="FFG" year="2006" />
				</published>
				<players>
					<interval from="1" to="8" />
				</players>
				<setuptime>
					<interval from="30" to="60" />
				</setuptime>
				<gametime>
					<interval from="120" to="240" />
				</gametime>
				<age>12</age>
			</info>
			<description>
				<keywords>
					<keyword>expansion</keyword>
				</keywords>
				<content>
					<?php expansionTo("Arkham Horror")?>
				</content>
			</description>
		</game>
		<game name="Arkham Horror: The King in Yellow" gid="AHKY">
			<info>
				<published>
					<published_by pref="FFG" year="2007" />
				</published>
				<players>
					<interval from="1" to="8" />
				</players>
				<setuptime>
					<interval from="30" to="60" />
				</setuptime>
				<gametime>
					<interval from="120" to="240" />
				</gametime>
				<age>12</age>
			</info>
			<description>
				<keywords>
					<keyword>expansion</keyword>
				</keywords>
				<content>
					<?php expansionTo("Arkham Horror")?>
				</content>
			</description>
		</game>
		<game name="Arkham Horror: Kingsport Horror" gid="AHKH">
			<info>
				<published>
					<published_by pref="FFG" year="2008" />
				</published>
				<players>
					<interval from="1" to="8" />
				</players>
				<setuptime>
					<interval from="30" to="60" />
				</setuptime>
				<gametime>
					<interval from="120" to="240" />
				</gametime>
				<age>12</age>
			</info>
			<description>
				<keywords>
					<keyword>expansion</keyword>
				</keywords>
				<content>
					<?php expansionTo("Arkham Horror")?>
				</content>
			</description>
		</game>
		<game name="Arkham Horror: The Black Goat of the Woods" gid="AHBGW">
			<info>
				<published>
					<published_by pref="FFG" year="2008" />
				</published>
				<players>
					<interval from="1" to="8" />
				</players>
				<setuptime>
					<interval from="30" to="60" />
				</setuptime>
				<gametime>
					<interval from="120" to="240" />
				</gametime>
				<age>12</age>
			</info>
			<description>
				<keywords>
					<keyword>expansion</keyword>
				</keywords>
				<content>
					<?php expansionTo("Arkham Horror")?>
				</content>
			</description>
		</game>
		<game name="Arkham Horror: Innsmouth Horror" gid="AHIH">
			<info>
				<published>
					<published_by pref="FFG" year="2009" />
				</published>
				<players>
					<interval from="1" to="8" />
				</players>
				<setuptime>
					<interval from="30" to="60" />
				</setuptime>
				<gametime>
					<interval from="120" to="240" />
				</gametime>
				<age>12</age>
			</info>
			<description>
				<keywords>
					<keyword>expansion</keyword>
				</keywords>
				<content>
					<?php expansionTo("Arkham Horror")?>
				</content>
			</description>
		</game>
		<game name="Arkham Horror: The Lurk at the Treshold" gid="AHLT">
			<info>
				<published>
					<published_by pref="FFG" year="2010" />
				</published>
				<players>
					<interval from="1" to="8" />
				</players>
				<setuptime>
					<interval from="30" to="60" />
				</setuptime>
				<gametime>
					<interval from="120" to="240" />
				</gametime>
				<age>12</age>
			</info>
			<description>
				<keywords>
					<keyword>expansion</keyword>
				</keywords>
				<content>
					<?php expansionTo("Arkham Horror")?>
				</content>
			</description>
		</game>
		<game name="Arkham Horror: Miskatonic Horror" gid="AHMH">
			<info>
				<published>
					<published_by pref="FFG" year="2011" />
				</published>
				<players>
					<interval from="1" to="8" />
				</players>
				<setuptime>
					<interval from="30" to="60" />
				</setuptime>
				<gametime>
					<interval from="120" to="240" />
				</gametime>
				<age>12</age>
			</info>
			<description>
				<keywords>
					<keyword>expansion</keyword>
				</keywords>
				<content>
					<?php expansionTo("Arkham Horror")?>
				</content>
			</description>
		</game>
		<game name="BattleLore" gid="BL">
			<info>
				<published>
					<published_by pref="DOW" year="2006" />
					<published_by pref="FFG" year="2006" />
				</published>
				<players>2</players>
				<setuptime>10</setuptime>
				<gametime>
					<interval from="30" to="60" />
				</gametime>
				<age>12</age>
				<expansions>
					<expansion gref="BLCA" />
					<expansion gref="BLEBL" />
				</expansions>
			</info>
			<description>
				<keywords>
					<keyword>battle</keyword>
					<keyword>figures</keyword>
				</keywords>
				<content>
					<![CDATA[
						for (i = 0; i < 10; $++) {
							document.write(genLoremImpum());
						}
					]]>
				</content>
			</description>
		</game>
		<game name="BattleLore: Call to Arms" gid="BLCA">
			<info>
				<published>
					<published_by pref="FFG" year="2007" />
				</published>
				<players>2</players>
				<setuptime>10</setuptime>
				<gametime>
					<interval from="30" to="60" />
				</gametime>
				<age>10</age>
			</info>
			<description>
				<keywords>
					<keyword>expansion</keyword>
				</keywords>
				<content>
					<?php expansionTo("BattleLore")?>
				</content>
			</description>
		</game>
		<game name="BattleLore: Epic BattleLore" gid="BLEBL">
			<info>
				<published>
					<published_by pref="FFG" year="2007" />
				</published>
				<players>2</players>
				<setuptime>10</setuptime>
				<gametime>
					<interval from="30" to="60" />
				</gametime>
				<age>10</age>
			</info>
			<description>
				<keywords>
					<keyword>expansion</keyword>
				</keywords>
				<content>
					<?php expansionTo("BattleLore")?>
				</content>
			</description>
		</game>
	</games>
</catalogue>
