<?xml version="1.0" encoding="UTF-8"?>
<servers xmlns:xsi="http://www.w3.org/2001/XMLSchema-instance" xsi:noNamespaceSchemaLocation="data.xsd">
  <list>
    <server id="s1" game-id="game1">
      <name><![CDATA[Jméno]]></name>
      <rank>2</rank>
      <host>server1.example.com</host>
      <port>1234</port>
      <query-port>4321</query-port>
      <type>Game</type>
      <status online="1"/>
      <location attr="a">Czech Republic</location>

      <description>
        Server patří do skupin
      </description>

      <stats>
        <stat timestamp="123456789" online="1">
          <ping>123</ping>

          <players>
            <player>
              <name>player1</name>
              <nick>nick1</nick>
            </player>

            <player>
              <name>player2</name>
            </player>

          </players>

        </stat>
      </stats>

    </server>

  </list>

  <games>
    <game id="game1" name="hra1"/>
    <game id="game2" name="hra2"/>
  </games>

  <groups>
    <group gid="g1">
      <name>Group 1</name>
    </group>
    <group gid="g2">
      <name>Group 1</name>
    </group>
  </groups>

</servers>
