<?xml version="1.0" encoding="UTF-8"?>
<!DOCTYPE evidence_kontrol SYSTEM "data.dtd">
<!-- DU1 -->
<!-- Evidence kontrol ridicu -->
<evidence_kontrol>
	<objekty>
		<adresy>
			<adresa ID="ad1">
				<mesto jmeno="Praha" kraj="Praha"/>
				<ulice jmeno="Malostranska" CP="5"/>
			</adresa>
			<adresa ID="ad2">
				<mesto jmeno="München" kraj="Bayern"/>
				<ulice jmeno="Säbener" CP="29"/>
			</adresa>
		</adresy>
		<osoby>
			<osoba RC="o123456789" adresa="ad1">
				<jmeno>
					Manuel
				</jmeno>
				<prijmeni>
					Neuer
				</prijmeni>
			</osoba>
			<osoba RC="o123456799" adresa="ad1">
				<jmeno>
					Rafinha
				</jmeno>
				<prijmeni>
					Rafinha
				</prijmeni>
			</osoba>
			<osoba RC="o123456999" adresa="ad1">
				<jmeno>
					Holger
				</jmeno>
				<prijmeni>
					Badstuber
				</prijmeni>
			</osoba>
			<osoba RC="o123459999" adresa="ad2">
				<jmeno>
					Phillipp
				</jmeno>
				<prijmeni>
					Lahm
				</prijmeni>
			</osoba>
			<osoba RC="o123499999" adresa="ad1">
				<jmeno>
					Jerome
				</jmeno>
				<prijmeni>
					Boateng
				</prijmeni>
			</osoba>
			<osoba RC="o123999999" adresa="ad2">
				<jmeno>
					Franck
				</jmeno>
				<prijmeni>
					Ribery
				</prijmeni>
			</osoba>
			<osoba RC="o129999999" adresa="ad1">
				<jmeno>
					Luiz
				</jmeno>
				<prijmeni>
					Gustavo
				</prijmeni>
			</osoba>
			<osoba RC="o199999999" adresa="ad2">
				<jmeno>
					Bastian
				</jmeno>
				<prijmeni>
					Schweinsteiger
				</prijmeni>
			</osoba>
			<osoba RC="o999999999" adresa="ad1">
				<jmeno>
					Arjen
				</jmeno>
				<prijmeni>
					Robben
				</prijmeni>
			</osoba>
			<osoba RC="o999999991" adresa="ad2">
				<jmeno>
					Mario
				</jmeno>
				<prijmeni>
					Gomez
				</prijmeni>
			</osoba>
			<osoba RC="o999999911" adresa="ad1">
				<jmeno>
					Tony
				</jmeno>
				<prijmeni>
					Kroos
				</prijmeni>
			</osoba>
		</osoby>
		<ridici>
			<ridic CR="cAAAAAA" osoba="o123456789" evidovan="ano">
				<opravneni skupina="A"/>
			</ridic>
			<ridic CR="cAAAAAB" osoba="o123456799" evidovan="ano">
				<opravneni skupina="B"/>
			</ridic>
		</ridici>
		<policiste>
			<policista SC="p123456" osoba="o123456789" hodnost="major"/>
		</policiste>
		<auta>
			<auto SPZ="a1A11234" znacka="BMW" barva="bila"/>
		</auta>
	</objekty>
	<kontroly>
		<kontrola id="K1" datum="13.3.2012" ridic="cAAAAAA" policista="p123456" auto="a1A11234">
			<prestupek>
					<?php echo "Pozadavek na vypis: ";echo Date("d.m.Y");?>
					&sp;Nedani prednosti v jizde.
					<![CDATA[
						function vybodoval(ridic)
						{
							if (ckecksum(ridic) >= 12)
							{
								return true;
							}
							else
							{
								return false;
							}
						}
					]]>
					<pokuta bodu="3">
						<penez mena="Kc">
							1000
						</penez>
					</pokuta>
			</prestupek>
		</kontrola>
		
		<kontrola id="K2" datum="12.3.2012" ridic="cAAAAAB" policista="p123456" auto="a1A11234">
			<prestupek>
					<?php echo "Pozadavek na vypis: ";echo Date("d.m.Y");?>
					&sp;Rizeni pod vlivem omamne latky.
					<![CDATA[
						function vybodoval(ridic)
						{
							if (ckecksum(ridic) >= 12)
							{
								return true;
							}
							else
							{
								return false;
							}
						}
					]]>
					<pokuta bodu="8">
						<penez mena="Kc">
							10000
						</penez>
					</pokuta>
			</prestupek>
		</kontrola>
	</kontroly>
</evidence_kontrol>
