<?xml version="1.0" encoding="UTF-8"?>
<!DOCTYPE knizni_databaze SYSTEM "ukol1.dtd">
<knizni_databaze>
<?xml-stylesheet href="styl.css" type="text/css"?>
	<autori>
		<autor id="_23061">
			<prijmeni>Heller</prijmeni>
			<jmeno>Joseph</jmeno>
			<puvod>USA</puvod>
			<narozen>1923</narozen>
			<zemrel typ="stari">1999</zemrel>					<!--typ umrti-->
			<knihy pocet="3">												<!--pocet knih v databazi-->
				<kniha id="_2306101"
				vazba="pevna">
					<nazev>Hlava 22</nazev>
					<vydana>2005
						<eng vydana="ano"></eng>
						<cze vydana="ano"></cze>
					</vydana>
					<typ>roman</typ>
					<zanr> &zanr1;</zanr>
					<zanr> valecna</zanr>
					<pocetStran>365
						<velikost>A5</velikost>
					</pocetStran>
					<hl_postava>
						<jmeno>Yossarian</jmeno>
						<povolani>vojak</povolani>
						<povaha>zbabelec</povaha>
					</hl_postava>					
					<knihyAutora idref="_2306102 _2306103"></knihyAutora>
				</kniha>
				<kniha id="_2306102"
				vazba="pevna">
					<nazev>zavirame</nazev>
					<vydana>2000
						<eng vydana="ano"></eng>
						<cze vydana="ano"></cze></vydana>
					<typ>roman</typ>
					<zanr>&zanr1;</zanr>
					<predchudce idref="_2306101"></predchudce>
					<pocetStran>270
						<velikost>A4</velikost>
					</pocetStran>
					<hl_postava>
						<jmeno>Yossarian</jmeno>
						<povolani>vojak</povolani>
						<povaha>zbabelec</povaha>
					</hl_postava>
					<knihyAutora idref="_2306101 _2306103"></knihyAutora>
				</kniha>
				<kniha id="_2306103">
					<nazev>buh_vi</nazev>
					<vydana>2005						
						<eng vydana="ano"></eng>
						<cze vydana="ano"></cze></vydana>
					<typ>roman</typ>
					<zanr>&zanr1;</zanr>
					<pocetStran>312
						<velikost>B5</velikost>
					</pocetStran>
					<hl_postava>
						<jmeno>Buh</jmeno>
						<povolani>stvoritel</povolani>
					</hl_postava>
					<knihyAutora idref="_2306102 _2306103"></knihyAutora>	<!--ukazuje ostatni knihy stejneho autora-->
				</kniha>
			
			
			</knihy>
		</autor>
		<autor id="_23062">
			<prijmeni>Sapkowski</prijmeni>
			<jmeno>Andrzej</jmeno>
			<puvod>Polsko</puvod>
			<narozen>1948</narozen>
			<knihy pocet="1">
				<kniha id="_2306201"
				vazba="pevna">
					<serie>
					<![CDATA[
						document.writeln("<p>Kniha je 		 soucasti pentalogie legenda o Ciri</p>")
						]]>
					</serie>
					<nazev>krev_elfu</nazev>
					<vydana>1995
						<eng vydana="ne"></eng>
						<cze vydana="ano"></cze>
					</vydana>
					<typ>roman</typ>
					<zanr>fantasy</zanr>
					<pocetStran>306
						<velikost>A5</velikost>
					</pocetStran>
					<hl_postava>
						<jmeno>Geralt</jmeno>
						<povolani>zaklinac</povolani>
						<povaha>realista</povaha>
					</hl_postava>
					
				</kniha>
			</knihy>
			
		</autor>
	</autori>

</knizni_databaze>
