<?xml version="1.0" encoding="UTF-8"?>
<!-- vlakový systém -->
<trainSystem>
	<!-- uživatelé -->
	<users>
		<user id="user_1">
			<firstName>Jakub</firstName>
			<lastName>Chalupa</lastName>
			<email>chaluja7@fel.cvut.cz</email>
			<timeOfRegistration>2014-03-06 14:33:55</timeOfRegistration>
			<addresses>
				<address id="address_1">
					<street>Ulička</street>
					<city>Tábor</city>
					<postCode>35699</postCode>
					<region>Jihočeský</region>
					<country>ČR</country>
				</address>
				<address id="address_2">
					<street>Ječná 39</street>
					<city>Praha</city>
					<postCode>13000</postCode>
					<region>Praha</region>
					<country>ČR</country>
				</address>
			</addresses>
			<additionalInformation>
				<sex type="M" />
				<dateOfBirth>1993-02-01</dateOfBirth>
				<phoneNumbers>
					<phoneNumber id="phoneNumber_1">603147899</phoneNumber>
					<phoneNumber id="phoneNumber_2">384263885</phoneNumber>
				</phoneNumbers>
			</additionalInformation>
		</user>
		<user id="user_2">
			<firstName>Tomáš</firstName>
			<lastName>Fuk</lastName>
			<email>tomas.fuk@neco.cz</email>
			<timeOfRegistration>2014-03-07 12:55:06</timeOfRegistration>
			<addresses>
				<address id="address_3">
					<street>Příčná 15</street>
					<city>Praha</city>
					<postCode>15000</postCode>
					<region>Praha</region>
					<country>ČR</country>
				</address>
			</addresses>
			<additionalInformation>
				<sex type="M" />
			</additionalInformation>
		</user>
	</users>

	<!-- stanice -->
	<stations>
		<station id="station_1">
			<stationName>Praha Hlavní nádraží</stationName>
			<stationCode>PHAHN</stationCode>
			<stationCity>Praha</stationCity>
		</station>
		<station id="station_2">
			<stationName>Pardubice Hlavní nádraží</stationName>
			<stationCode>PCEHN</stationCode>
			<stationCity>Pardubice</stationCity>
		</station>
		<station id="station_3">
			<stationName>Olomouc Hlavní nádraží</stationName>
			<stationCode>OLOHN</stationCode>
			<stationCity>Olomouc</stationCity>
		</station>
	</stations>

	<!-- trasy -->
	<routes>
		<route id="route_1">
			<routeStations>
				<routeStation ref="station_1">
					<distance>0</distance>
				</routeStation>
				<routeStation ref="station_2">
					<distance>100</distance>
				</routeStation>
				<routeStation ref="station_3">
					<distance>230</distance>
				</routeStation>
			</routeStations>
		</route>
		<route id="route_2">
			<routeStations>
				<routeStation ref="station_3">
					<distance>0</distance>
				</routeStation>
				<routeStation ref="station_2">
					<distance>130</distance>
				</routeStation>
				<routeStation ref="station_1">
					<distance>230</distance>
				</routeStation>
			</routeStations>
		</route>
	</routes>

	<!-- spoje -->
	<lines>
		<line id="line_1">
			<lineCode>MT950</lineCode>
			<lineRoute ref="route_1" />
		</line>
		<line id="line_2">
			<lineCode>MT951</lineCode>
			<lineRoute ref="route_2" />
		</line>
	</lines>

	<!-- konkrétní spoj v daný čas -->
	<rides>
		<ride id="ride_1">
			<rideLine ref="line_1" />
			<departureTime>2014-03-08 12:55:00</departureTime>
			<stationTimes>
				<stationTime ref="station_1">2014-03-08 12:55:00</stationTime>
				<stationTime ref="station_2">2014-03-08 13:57:00</stationTime>
				<stationTime ref="station_3">2014-03-08 15:20:00</stationTime>
			</stationTimes>
		</ride>
		<ride id="ride_2">
			<rideLine ref="line_2" />
			<departureTime>2014-03-09 10:15:00</departureTime>
			<stationTimes>
				<stationTime ref="station_3">2014-03-08 10:15:00</stationTime>
				<stationTime ref="station_2">2014-03-08 12:15:00</stationTime>
				<stationTime ref="station_1">2014-03-08 13:20:00</stationTime>
			</stationTimes>
		</ride>
	</rides>

	<!-- tarify -->
	<rates>
		<rate id="rate_1">
			<rateName>Dospělý</rateName>
			<rateDiscount>0</rateDiscount>
		</rate>
		<rate id="rate_2">
			<rateName>Student</rateName>
			<rateDiscount>50</rateDiscount>
		</rate>
	</rates>

	<!-- zakoupená místa -->
	<seatReservations>
		<seatReservation id="seatReservation_1">
			<rideLink ref="ride_1" />
			<boardingStation ref="station_1" />
			<outputStation ref="station_3" />
			<rideRate ref="rate_1" />
			<price>199</price>
		</seatReservation>
		<seatReservation id="seatReservation_2">
			<rideLink ref="ride_1" />
			<boardingStation ref="station_2" />
			<outputStation ref="station_3" />
			<rideRate ref="rate_1" />
			<price>189</price>
		</seatReservation>
		<seatReservation id="seatReservation_3">
			<rideLink ref="ride_2" />
			<boardingStation ref="station_3" />
			<outputStation ref="station_1" />
			<rideRate ref="rate_2" />
			<price>95</price>
		</seatReservation>
	</seatReservations>

	<!-- jízdenky -->
	<tickets>
		<ticket id="ticket_1">
			<ticketPurchaseTime>2014-03-06 07:07:51</ticketPurchaseTime>
			<ticketUser ref="user_1" />
			<ticketAmount>388</ticketAmount>
			<ticketState>payed</ticketState>
			<ticketSeatReservations>
				<ticketSeatReservation ref="seatReservation_1" />
				<ticketSeatReservation ref="seatReservation_2" />
			</ticketSeatReservations>
		</ticket>
		<ticket id="ticket_2">
			<ticketPurchaseTime>2014-03-06 10:12:20</ticketPurchaseTime>
			<ticketUser ref="user_2" />
			<ticketAmount>95</ticketAmount>
			<ticketState>payed</ticketState>
			<ticketSeatReservations>
				<ticketSeatReservation ref="seatReservation_3" />
			</ticketSeatReservations>
		</ticket>
	</tickets>
</trainSystem>