<!DOCTYPE form SYSTEM "file:/afs/ms/u/d/dibar/cvicka/xml/ukol_1/data.dtd">
<form>
  <datablocks>
    <datablock id="dbl_jaky_klient">
    	
    	
      <field type="ref" id_name="klient-jmeno">
      	<description>Křestní jméno klienta</description>
      	<accepted>
      		<ref_type identification="klient-jmeno"/>
      	</accepted>
      	<hints>
      	  <hint identification="klient-jmeno" incomplete="no"/>
      	</hints>
      </field>
      
      <field type="ref" id_name="klient-prijmeni">
      	<description>Příjmení klienta</description>
      	<accepted>
      		<ref_type identification="klient-prijmeni"/>
      	</accepted>
      	<hints>
      	  <hint identification="klient-prijmeni" incomplete="end"/>
      	</hints>
      </field>
      
      <field type="output" id_name="klient-id">
      	<description>ID klienta</description>
      	<accepted>
      		<ref_type identification="klient-id"/>
      	</accepted>
      	<hints>
      	  <hint identification="klient-id" incomplete="no"/>
      	</hints>
      </field>
      
      <field type="ref" id_name="klient-rc">
      	<description>Rodné číslo klienta</description>
      	<help>Tvar 000000/0000</help>
      	<accepted>
      		<ref_type identification="rc"/>
      	</accepted>
      	<hints>
      	  <hint identification="klient-rc" incomplete="no"/>
      	</hints>
      </field>
      
      <field type="ref" id_name="klient-adresa-mesto">
      	<description>Město</description>
      	<accepted>
      		<ref_type identification="mesto"/>
      	</accepted>
      	<hints>
      	  <hint identification="klient-adresa-mesto" incomplete="end"/>
      	</hints>
      </field>
      
      <field type="ref" id_name="klient-adresa-ulice">
      	<description>Ulice</description>
      	<accepted>
      		<ref_type identification="ulice"/>
      	</accepted>
      	<hints>
      	  <hint identification="klient-adresa-ulice" incomplete="fulltext"/>
      	</hints>
      </field>
      
      <field type="ref" id_name="klient-adresa-cp">
      	<description>ČP</description>
      	<accepted>
      		<ref_type identification="cislo_popisne"/>
      	</accepted>
      	<hints>
      	  <hint identification="klient-adresa-cp" incomplete="no"/>
      	</hints>
      </field>
      
      <field type="ref" id_name="klient-od">
      	<description>Od kdy je naším klientem</description>
      	<accepted>
      	  <ref_type identification="datum"/>
      	</accepted>
      	<hints>
      	  <hint identification="klient-rc" incomplete="no"/>
      	</hints>
      </field>
      
      <field type="ref" id_name="klient-vek">
      	<description>Věk klienta</description>
      	<accepted>
      	  <ref_type identification="unsigned"/>
      	</accepted>
      </field>
      
      <field type="ref" id_name="klient-pohlavi">
      	<description>Pohlaví</description>
      	<choice>Muž</choice>
      	<choice>Žena</choice>
      	<accepted>
      	  <ref_type identification="sex"/>
      	</accepted>
      </field>
      
      <outdata data="klient-id"/>
    </datablock>
    <datablock id="dbl_nova_smlouva">
      <field type="output" id_name="nova-smouva-nazev">
      	<description>Název</description>
      	<help>Název nové smlouvy</help>
      	<accepted>
      		<field_type identification="text"/>
      	</accepted>
      </field>
      <field type="output" id_name="nova-smouva-text">
      	<description>Znění</description>
      	<help>Text nové smlouvy</help>
      	<accepted>
      		<field_type identification="text"/>
      	</accepted>
      </field>
      <outdata data="nova-smouva-nazev"/>
      <outdata data="nova-smouva-text"/>
    </datablock>
  </datablocks>
  <process>
  	<ientification>
   	  <name>Zalozeni nove smlouvy</name>
  	  <ver major="0" minor="1"/><!-- pouze draft pro cvika :)-->
  	</ientification>
    <steplist>
      <step identification="dbl_jaky_klient"/>
    </steplist>
  </process>
  <next_data>
    <fproc>
    	nova-smouva-text:&def;<!--WFT ... proč mi ten validátor nebere entity???-->
    <?fpc chaeck_text(); ?>
    	<![CDATA[<endfunct>]]>
    </fproc>
  </next_data>
</form>