<?xml version="1.1"?>

<!DOCTYPE movie_db SYSTEM "movie.dtd">
<!-- Tran Tuan Hiep -->
<!-- xml modelujici filmovou databazi-->
<movie_db>

	<!-- list osob ktere jsou evidovany v databazi a mohou byt
		  herci, rezisery atd.... -->
	<person_list>
		<person p_id="p0" >
			<name> Vaclav Novak </name>
		</person>
	
		<person p_id="p1" >
			<name> Franta Omacka </name> 
		</person>
	
		<person p_id="p2" >
			<name> Antonin Pavel </name> 
		</person>
	
		<person p_id="p3" >
			<name> Alena Kucerova</name> 
		</person>

		<person p_id="p4" >
			<name> Hans Zimmer </name>
		</person>
	
		<person p_id="p5" >
			<name>Lenka Nova</name> 
		</person>
	
		<person p_id="p6" >
			<name>Jozefk Novotny</name> 
		</person>
	
		<person p_id="p7" sex="male" >
			<name>Alois Marek</name> 
		</person>
		
		<person p_id="p8" sex ="female">
			<name>Jana Novakova</name>
		</person>
				
     </person_list>
	
	<!-- filmove studium -->
	<movie_studio ms_id = "ms0" >
		<studio_name> filmove studio</studio_name>
		<chairman p_ref = "p0" /> 
			
		<revenue> US$ 15000000 </revenue>
		<movie_list>
			<movie_ref m_ref="m0"/>
			<movie_ref m_ref="m1"/>
		</movie_list>		
	</movie_studio>
	
	<!-- film Novy film I. -->
	<movie movie_id="m0" ms_ref= "ms0" genre = "comedy" >
		<title> Novy film </title>
		<!-- jeho reziseri, sceneristi atd.. -->
		<crew> 
			<director p_ref="p1"/>
			<writer p_ref="p2"/>
		    <producer p_ref="p3"/>
			<artist p_ref="p4"/>
		</crew>
		<!-- herecke slozeni -->
		<cast>			
			<actor p_ref="p5"/> 
			<actor p_ref="p6"/>
		</cast>
		
		<!-- dalsi informace napriklad delka filmu.. -->
		<information>
			<story> film o lidech </story>
			<length> 156 min</length>
			<sound_mix> DOLBY_DIGITAL </sound_mix>
			<color> COLOR </color>
			<aspect_ratio> 16:9 </aspect_ratio>		
			<premiere>
				<place> Praha </place> 
				<date> 15.05.2013 </date>
			</premiere>
			<budget> US$ 150000 </budget>
			<motion_picture_rating> G </motion_picture_rating>
			<country> Czech Republic </country>
			<language> Cesky </language>
		</information>			
	</movie>
	
	<!-- dalsi film popis stejne jako predtim -->
	<movie movie_id="m1" ms_ref= "ms0" genre = "action" >
		<title> Novy film pro lidi II.</title>
		<crew> 
			<director p_ref="p2"/>
			<director p_ref="p8"/>
			<writer p_ref="p4"/>
		    <producer p_ref="p6"/>
			<artist p_ref="p1"/>
		</crew>
		<cast>			
			<actor p_ref="p7"/> 
			<actor p_ref="p0"/>
		</cast>
		<information>
			<story> film o lidech </story>
			<length> 146 min</length>
			<sound_mix> DOLBY_DIGITAL </sound_mix>
			<color> BLACK AND WHITE </color>
			<aspect_ratio> 4:3 </aspect_ratio>		
			<premiere>
				<place> Vysocina </place> 
				<date> 14.07.2000 </date>
			</premiere>
			<budget> US$ 250000 </budget>
			<motion_picture_rating> NC-17 </motion_picture_rating>
			<country> Czech Republic </country>
			<language> Cesky </language>
		</information>		
		
		<!-- navic film dostal oceneni -->
		<award>
			<type> Zlata jahoda </type>
			<category> Nejhorsi sequel </category>
			<receiver ref="m1"></receiver>			
		</award>	
		
		<award>
			<type> Zlata jahoda </type>
			<category> Nejhorsi herecky vykon </category>
			<receiver ref="p0"></receiver>			
		</award>	
		
	</movie>

</movie_db>