<?xml version="1.0" encoding="UTF-8"?>
<bike-rental>
    <branches>
        <branch id="b1">
            <location>Praha</location>
            <employees>
                <employee ref="emp1" />
            </employees>
            <subbranches>
                <branch id="b1a">
                    <location>Podolí</location>
                    <employees>
                        <employee ref="emp1" />
                        <employee ref="emp2" />
                    </employees>
                </branch>
                <branch id="b1b">
                    <location>Dejvice</location>
                    <employees>
                        <employee ref="emp1" />
                        <employee ref="emp3" />
                    </employees>
                </branch>
            </subbranches>
        </branch>
        <branch id="b2">
            <location>Kladno</location>
            <employees>
                <employee ref="emp2" />
            </employees>
        </branch>
    </branches>
    <employees>
        <employee id="emp2">
            <name>Bill Gates</name>
            <email>employee.of.the.month@this.rental</email>
        </employee>
        <employee id="emp3">
            <name>Mark Shuttleworth</name>
            <email>wannabe.employee.of.the.month@this.rental</email>
        </employee>
        <head id="emp1">
            <name>Steve Jobs</name>
            <email>big.boss@this.rental</email>
            <email>those.two.idiots.dont.know.that.I.am.the.true.employee.of.the.month@this.rental</email>
            <office-number>1</office-number>
        </head>
    </employees>
</bike-rental>