<?xml version="1.0" encoding="UTF-8"?>
<!-- Domácí úkol 6 na NPRG036 -->
<bike-rental>
	<customers>
		<customer id="cust1">
			<name>Adam Sandler</name>
			<address>
				<street>Na břehu 1</street>
				<post-code>123 45</post-code>
				<city>Praha</city>
				<country>Czech Republic</country>
			</address>
			<phone-number>+420123456789</phone-number>
			<email>prvni.zakaznik@pujcovny.cz</email>
		</customer>
		<customer id="cust2">
			<name>Burt Reynolds</name>
			<address>
				<street>Nebeská stovka 95</street>
				<post-code>234 56</post-code>
				<city>Kyjev</city>
				<country>Ukraine</country>
			</address>
			<phone-number>+380123456789</phone-number>
			<email>druhy.zakaznik@pujcovny.cz</email>
			<email>mam.dva.maily.kdo.je.vic@hec.ua</email>
		</customer>
		<customer id="cust3">
			<name>Cameron Diaz</name>
			<address>
				<street>Václavské náměstí 63</street>
				<post-code>123 45</post-code>
				<city>Praha</city>
				<country>Czech Republic</country>
			</address>
			<phone-number>+420234567890</phone-number>
			<email>treti.zakaznik@pujcovny.cz</email>
		</customer>
	</customers>
</bike-rental>