<?xml version="1.0" encoding="UTF-8"?>
<!-- Domácí úkol 6 na NPRG036 -->
<bike-rental>
	<reservations>
		<reservation id="res1" cust-id="cust1" branch-id="b1" price-class="C" bike-type="offroad">
			<rental-code>123456</rental-code>
			<pick-up-time>2013-09-24T18:00:00</pick-up-time>
			<return-time>2013-10-01T18:00:00</return-time>
			<paid-before />
			<identity-card-number>7987879877</identity-card-number>
			<bike-reg-number>456</bike-reg-number>
			<bike-maker>Merida</bike-maker>
			<derailleur />
			<mudguards />
			<price>1500</price>
		</reservation>
		<reservation id="res2" cust-id="cust1" branch-id="b1a" price-class="A" bike-type="road">
			<rental-code>4645646</rental-code>
			<pick-up-time>2014-01-24T16:00:00</pick-up-time>
			<return-time>2014-02-01T19:00:00</return-time>
			<identity-card-number>7454879877</identity-card-number>
			<bike-reg-number>4444</bike-reg-number>
			<bike-maker>Favorit</bike-maker>
			<mudguards />
			<price>1200</price>
		</reservation>
		<reservation id="res3" cust-id="cust2" branch-id="b1" price-class="F" bike-type="freestyle">
			<rental-code>4646</rental-code>
			<pick-up-time>2014-02-14T08:00:00</pick-up-time>
			<return-time>2014-02-28T12:00:00</return-time>
			<paid-before />
			<identity-card-number>77832355357</identity-card-number>
			<bike-reg-number>1221244</bike-reg-number>
			<bike-maker>Laurin &amp; Klement</bike-maker>
			<price>2000</price>
		</reservation>
		<reservation id="res4" cust-id="cust3" branch-id="b2" price-class="A" bike-type="freestyle">
			<rental-code>44545</rental-code>
			<pick-up-time>2014-03-14T08:00:00</pick-up-time>
			<return-time>2014-03-18T12:00:00</return-time>
			<paid-before />
			<identity-card-number>786454545411</identity-card-number>
			<bike-reg-number>12787878</bike-reg-number>
			<bike-maker>Author</bike-maker>
			<derailleur />
			<price>4000</price>
		</reservation>
		<reservation id="res5" cust-id="cust3" branch-id="b2" price-class="B" bike-type="offroad">
			<rental-code>45687867687</rental-code>
			<pick-up-time>2014-05-19T09:00:00</pick-up-time>
			<return-time>2014-07-16T18:00:00</return-time>
			<identity-card-number>784524534654</identity-card-number>
			<bike-reg-number>1164564564</bike-reg-number>
			<bike-maker>Merida</bike-maker>
			<derailleur />
			<price>3700</price>
		</reservation>
	</reservations>
	<employee-messages>
		<employee-message res-id="res1">Prosím o kolo se stojánkem délky 182 cm.</employee-message>
		<employee-message res-id="res3">Prosím o zelené kolo červené barvy.</employee-message>
	</employee-messages>
</bike-rental>