<?xml version="1.0"?>

<!DOCTYPE movie_db SYSTEM "data.dtd">
<!-- Tran Tuan Hiep -->
<!-- xml modelujici filmovou databazi-->
<movie_db>

    <!-- list osob ktere jsou evidovany v databazi a mohou byt
                  herci, rezisery atd.... -->
        <person_list>
            <person p_id="p0" sex="male" name="Vaclav Novak" age="55" />

            <person p_id="p1" sex="male" name="Franta Omacka" age="29" /> 

            <person p_id="p2" sex="male" name ="Antonin Pavel" age="66" />

            <person p_id="p3" sex="female" name ="Alena Kucerova" age="32" /> 

            <person p_id="p4" sex="male" name="Hans Zimmer" age="41" />

            <person p_id="p5" sex="female" name="Lenka Nova" age="27" />

            <person p_id="p6" sex="male" name="Jozef Novotny" age="95" />

            <person p_id="p7" sex="male" name="Alois Marek" age="22" />

            <person p_id="p8" sex ="female" name="Jana Novakova" age="54"/>
        </person_list>
        <!-- filmove studium -->
        <movie_studio ms_id = "ms0" >
            <studio_name> filmove studio</studio_name>
            <chairman p_ref = "p0" /> 

            <revenue> US$ 15000000 </revenue>
            <movie_list>
                <movie_ref m_ref="m0"/>
                <movie_ref m_ref="m1"/>
            </movie_list>		
        </movie_studio>

        <!-- film Novy film I. -->
        <movie movie_id="m0" ms_ref= "ms0" genre = "comedy" >
            <title> Novy film </title>
            <!-- jeho reziseri, sceneristi atd.. -->
            <crew> 
                <director p_ref="p1"/>
                <writer p_ref="p2"/>
                <producer p_ref="p3"/>
                <artist p_ref="p4"/>
            </crew>
            <!-- herecke slozeni -->
            <cast>			
                <actor p_ref="p5"/> 
                <actor p_ref="p6"/>
                <actor p_ref="p8"/>
                <actor p_ref="p1"/>
            </cast>

            <!-- dalsi informace napriklad delka filmu.. -->
            <information>
                <story> 
                    <![CDATA[ 
                    document.writeln( "moc pekny film");
                    ]]>
                </story>
                <length>156 </length>
                <sound_mix> DOLBY_DIGITAL </sound_mix>
                <color> COLOR </color>
                <aspect_ratio> 16:9 </aspect_ratio>		
                <premiere>
                    <cinema> 
                        <adress>
                            <country> CZ </country> 
                            <city> Praha </city>
                        </adress>
                    </cinema>
                    <date> <?php echo(15.05.2013)?> </date>
                </premiere>
                <budget> US$ 150000 </budget>
                <motion_picture_rating> G </motion_picture_rating>
                <country> Czech Republic </country>
                <language> Czech </language>
            </information>			
        </movie>

        <!-- dalsi film popis stejne jako predtim -->
        <movie movie_id="m1" ms_ref= "ms0" genre = "action" >
            <title> Novy film pro lidi II.</title>
            <crew> 
                <director p_ref="p2"/>
                <director p_ref="p8"/>
                <writer p_ref="p4"/>
                <producer p_ref="p6"/>
                <artist p_ref="p1"/>
            </crew>
            <cast>			
                <actor p_ref="p7"/> 
                <actor p_ref="p0"/>
                <actor p_ref="p5"/> 
                <actor p_ref="p6"/>
                <actor p_ref="p8"/>
                <actor p_ref="p1"/>
            </cast>
            <information>
                <story>  
                    <![CDATA[ 
                    document.writeln( "pekny film, navic cernobily");
                    ]]>
                </story>

                <length>146</length>
                <sound_mix> DOLBY_DIGITAL </sound_mix>
                <color> BLACK AND WHITE </color>
                <aspect_ratio> 4:3 </aspect_ratio>		
                <premiere>
                    <cinema>
                        <adress>
                            <country> SK </country> 
                            <city> Bratistava </city>
                        </adress>
                    </cinema>
                    <date><?php echo(14.07.2000)?></date>
                </premiere>
                <budget> US$ 250000 </budget>
                <motion_picture_rating> NC-17 </motion_picture_rating>
                <country> Czech Republic </country>
                <language> Czech </language>
            </information>		

            <!-- navic film dostal oceneni -->
            <award>
                <type> Zlata jahoda </type>
                <category> Nejhorsi sequel </category>
                <receiver ref="m1"></receiver>			
            </award>	

            <award>
                <type> Zlata jahoda </type>
                <category> Nejhorsi herecky vykon </category>
                <receiver ref="p0"></receiver>			
            </award>	

        </movie>
 
        <movie movie_id="m2" ms_ref= "ms0" genre = "action" >
            <title> Terminator 5 </title>
            <crew> 
                <director p_ref="p2"/>
                <director p_ref="p8"/>
                <writer p_ref="p4"/>
                <producer p_ref="p6"/>
                <artist p_ref="p1"/>
            </crew>
            <cast>			
                <actor p_ref="p7"/> 
                <actor p_ref="p0"/>
                <actor p_ref="p5"/> 
                <actor p_ref="p6"/>
                <actor p_ref="p8"/>
                <actor p_ref="p1"/>
            </cast>
            <information>
                <story>  
                    <![CDATA[ 
                    document.writeln( "pekny film, navic cernobily");
                    ]]>
                </story>

                <length>146</length>
                <sound_mix> DOLBY_DIGITAL </sound_mix>
                <color> BLACK AND WHITE </color>
                <aspect_ratio> 4:3 </aspect_ratio>		
                <premiere>
                    <cinema>
                        <adress>
                            <country> SK </country> 
                            <city> Bratistava </city>
                        </adress>
                    </cinema>
                    <date><?php echo(14.07.2000)?></date>
                </premiere>
                <budget> US$ 12250000 </budget>
                <motion_picture_rating> NC-17 </motion_picture_rating>
                <country> China </country>
                <language> Chinese </language>
            </information>		

            <!-- navic film dostal oceneni -->
            <award>
                <type> Zlata jahoda </type>
                <category> Nejhorsi sequel </category>
                <receiver ref="m1"></receiver>			
            </award>	

            <award>
                <type> Zlata jahoda </type>
                <category> Nejhorsi herecky vykon </category>
                <receiver ref="p0"></receiver>			
            </award>	

        </movie>
    </movie_db>
