<?xml version="1.0" encoding="UTF-8"?>
<pasazeri>
    <pasazer cisloLetuRef="ISO3278">
        <jmeno>David</jmeno>
        <prijmeni>Prochazka</prijmeni>
        <zavazadlo>ANO</zavazadlo>
    </pasazer>
    <pasazer cisloLetuRef="IOS3258">
        <jmeno>Linda</jmeno>
        <prijmeni>Mrazkova</prijmeni>
        <zavazadlo>ANO</zavazadlo>
    </pasazer>
    <pasazer cisloLetuRef="IOS3258">
        <jmeno>Arnost</jmeno>
        <prijmeni>Prokop</prijmeni>
        <zavazadlo>NE</zavazadlo>
    </pasazer>
    <pasazer cisloLetuRef="IOS3258">
        <jmeno>Mates</jmeno>
        <prijmeni>Psenicka</prijmeni>
        <zavazadlo>ANO</zavazadlo>
    </pasazer>
    <pasazer cisloLetuRef="ISO2278">
        <jmeno>Honza</jmeno>
        <prijmeni>Pospisil</prijmeni>
        <zavazadlo>NE</zavazadlo>
    </pasazer>
    <pasazer cisloLetuRef="ISO2278">
        <jmeno>Amin</jmeno>
        <prijmeni>Ashhab</prijmeni>
        <zavazadlo>NE</zavazadlo>
    </pasazer>
    <pasazer cisloLetuRef="ISO2278">
        <jmeno>Bashar</jmeno>
        <prijmeni>Salib</prijmeni>
        <zavazadlo>ANO</zavazadlo>
    </pasazer>
    <pasazer cisloLetuRef="IOS1278">
        <jmeno>Mouna</jmeno>
        <prijmeni>Cervenkova</prijmeni>
        <zavazadlo>NE</zavazadlo>
    </pasazer>
</pasazeri>
