<?xml version="1.0" encoding="UTF-8"?>
<letiste idRef="1">
	<pridlety>
        <!-- Prilet Miami -> Praha -->
        <pridlet prilet="ANO" cisloLetu="IOS1134" cas="23:00:00" datum="21.3.2014" spozdeni="35" destinace="Miami" terminal="1">
            <letadlo cislo="CzechAirlines;3165" typ="Boing 747" kodPosadky="72514" barva="zluta">
                <technickyStav>
                    Občas se zasekává automatické stahování oken.
                </technickyStav>
            </letadlo>
            <pasazeri>
                <pasazer jmeno="David Conka" zavazadlo="NE"/>
                <pasazer jmeno="Petr Mikulec" zavazadlo="ANO"/>
                <pasazer jmeno="David Riha" zavazadlo="ANO"/>
                <pasazer jmeno="Adam Maly" zavazadlo="NE"/>
                <pasazer jmeno="Nina Zajicova" zavazadlo="NE"/>
                <pasazer jmeno="Zdena Zwingerova" zavazadlo="ANO"/>
            </pasazeri>
        </pridlet>
        <!-- Prilet Berlin -> Praha -->
        <pridlet prilet="ANO" cisloLetu="IOS1764" cas="12:16:00" datum="23.3.2014" spozdeni="0" destinace="Berlin" terminal="1">
            <letadlo cislo="Lufthanza;7206" typ="Boing 747" kodPosadky="82524">
                <technickyStav>
                    Trochu blbnou brzdy na pravém zadním kole.
                </technickyStav>
            </letadlo>
            <pasazeri>
                <pasazer jmeno="Josef Samek" zavazadlo="ANO"/>
                <pasazer jmeno="Naim Ashhab" zavazadlo="NE"/>
                <pasazer jmeno="Naim Ashhab" zavazadlo="NE"/>
                <pasazer jmeno="Naim Ashhab" zavazadlo="NE"/>
                <pasazer jmeno="Marie Fialova" zavazadlo="ANO"/>
                <pasazer jmeno="David Prokop" zavazadlo="ANO"/>
            </pasazeri>
        </pridlet>
        <!-- Odlet Praha -> Viden -->
        <pridlet cisloLetu="IOS1278" cas="09:05:00" datum="13.3.2014" spozdeni="160" destinace="Viden" terminal="1">
            <letadlo cislo="BritishAirways;7654" typ="Boing 777" kodPosadky="31739" barva="modra">
                <technickyStav>
                    Technický stav je v naprostém pořádku.
                </technickyStav>
            </letadlo>
            <pasazeri>
                <pasazer jmeno="Petr Sykora" zavazadlo="NE"/>
                <pasazer jmeno="Matej Zajic" zavazadlo="ANO"/>
                <pasazer jmeno="Lubos Marinak" zavazadlo="NE"/>
                <pasazer jmeno="Tomasso Pravenec" zavazadlo="ANO"/>
                <pasazer jmeno="Lubos Bludistak" zavazadlo="ANO"/>
                <pasazer jmeno="Michal Stanek" zavazadlo="NE"/>
                <pasazer jmeno="Lubin Bankovka" zavazadlo="ANO"/>
                <pasazer jmeno="Mars Tribitka" zavazadlo="ANO"/>
                <pasazer jmeno="Bobin Fajfka" zavazadlo="NE"/>
                <pasazer jmeno="Lada Zeman" zavazadlo="ANO"/>
                <pasazer jmeno="Pepa Kalensky" zavazadlo="ANO"/>
            </pasazeri>
        </pridlet>
        
        <pridlet cisloLetu="IOS2278" cas="09:05:00" datum="13.3.2014" spozdeni="120" destinace="Viden" terminal="2">
            <letadlo cislo="BritishAirways;7654" typ="Boing 777" kodPosadky="31739" barva="modra">
                <technickyStav>
                    Technický stav je v naprostém pořádku.
                </technickyStav>
            </letadlo>
            <pasazeri>
                <pasazer jmeno="Petr Sykora" zavazadlo="NE"/>
                <pasazer jmeno="Matej Zajic" zavazadlo="ANO"/>
                <pasazer jmeno="Lubos Marinak" zavazadlo="NE"/>
                <pasazer jmeno="Tomasso Pravenec" zavazadlo="ANO"/>
                <pasazer jmeno="Lubos Bludistak" zavazadlo="ANO"/>
                <pasazer jmeno="Michal Stanek" zavazadlo="NE"/>
                <pasazer jmeno="Lubin Bankovka" zavazadlo="ANO"/>
                <pasazer jmeno="Mars Tribitka" zavazadlo="ANO"/>
                <pasazer jmeno="Bobin Fajfka" zavazadlo="NE"/>
                <pasazer jmeno="Lada Zeman" zavazadlo="ANO"/>
                <pasazer jmeno="Pepa Kalensky" zavazadlo="ANO"/>
            </pasazeri>
        </pridlet>
        
        <pridlet prilet="ANO" cisloLetu="IOS3278" cas="09:05:00" datum="13.3.2014" spozdeni="30" destinace="Viden" terminal="3">
            <letadlo cislo="BritishAirways;7654" typ="Boing 777" kodPosadky="31739" barva="modra">
                <technickyStav>
                    Technický stav je v naprostém pořádku.
                </technickyStav>
            </letadlo>
            <pasazeri>
                <pasazer jmeno="Petr Sykora" zavazadlo="NE"/>
                <pasazer jmeno="Matej Zajic" zavazadlo="ANO"/>
                <pasazer jmeno="Lubos Marinak" zavazadlo="NE"/>
                <pasazer jmeno="Tomasso Pravenec" zavazadlo="ANO"/>
                <pasazer jmeno="Lubos Bludistak" zavazadlo="ANO"/>
                <pasazer jmeno="Michal Stanek" zavazadlo="NE"/>
                <pasazer jmeno="Lubin Bankovka" zavazadlo="ANO"/>
                <pasazer jmeno="Mars Tribitka" zavazadlo="ANO"/>
                <pasazer jmeno="Bobin Fajfka" zavazadlo="NE"/>
                <pasazer jmeno="Lada Zeman" zavazadlo="ANO"/>
                <pasazer jmeno="Pepa Kalensky" zavazadlo="ANO"/>
            </pasazeri>
        </pridlet>
        
        <pridlet cisloLetu="IOS3258" cas="09:05:00" datum="13.3.2014" spozdeni="60" destinace="Viden" terminal="3">
            <letadlo cislo="BritishAirways;7654" typ="Boing 777" kodPosadky="31739" barva="modra">
                <technickyStav>
                    Technický stav je v naprostém pořádku.
                </technickyStav>
            </letadlo>
            <pasazeri>
                <pasazer jmeno="Petr Sykora" zavazadlo="NE"/>
                <pasazer jmeno="Matej Zajic" zavazadlo="ANO"/>
                <pasazer jmeno="Lubos Marinak" zavazadlo="NE"/>
                <pasazer jmeno="Tomasso Pravenec" zavazadlo="ANO"/>
                <pasazer jmeno="Lubos Bludistak" zavazadlo="ANO"/>
                <pasazer jmeno="Michal Stanek" zavazadlo="NE"/>
                <pasazer jmeno="Lubin Bankovka" zavazadlo="ANO"/>
                <pasazer jmeno="Mars Tribitka" zavazadlo="ANO"/>
                <pasazer jmeno="Bobin Fajfka" zavazadlo="NE"/>
                <pasazer jmeno="Lada Zeman" zavazadlo="ANO"/>
                <pasazer jmeno="Pepa Kalensky" zavazadlo="ANO"/>
            </pasazeri>
        </pridlet>
        
    </pridlety>
</letiste>
