<?xml version="1.0" encoding="utf-8" standalone="no"?><zabavnipark xmlns:xsi="http://www.w3.org/2001/XMLSchema-instance" xsi:noNamespaceSchemaLocation="data.xsd">
	<!--Park je rozdeleny na arealy, ktere jsou rozdeleny na pavilony a ty jsou rozdeleny na budovy-->
	<areal id="ar1">
		<!--Jsou zde poutovy a zvireci areal-->
		<jmenoarealu>Areal poutovy</jmenoarealu>
		<pavilon>
			<jmenopavilonu>Pavilon kolotocovy</jmenopavilonu>
			<budova id="b1" spravceid="s1">
				<atrakce cena="10" id="at1">
					<jmenoatrakce>Strasidelny dum</jmenoatrakce>
					<popisatrakce>atrakce  vas vtahne do sebe!</popisatrakce>
					<zamestnanec id="z1" plat="15000"><jmenoprijmeni>Pavel Lopata</jmenoprijmeni><funkce>uklizec</funkce></zamestnanec>
					<rozloha>150</rozloha>				
				 </atrakce>
				 <atrakce cena="20" id="at2">
				 	<jmenoatrakce>Maly retizak</jmenoatrakce>
				 	<popisatrakce>atrakce vam polechta zaludek!</popisatrakce>
				 	<zamestnanec id="z2" plat="15000"><jmenoprijmeni>Pavel Novak</jmenoprijmeni><funkce>uklizec</funkce></zamestnanec>
				 	<zamestnanec id="z3" plat="15000"><jmenoprijmeni>Karel Kral</jmenoprijmeni><funkce>pokladni</funkce></zamestnanec>
				 	<rozloha>200</rozloha>
				 </atrakce>
				 <stanek id="st1">
				 	<typ>Parky v rohliku</typ>
				 	<zamestnanec id="z4" plat="15000"><jmenoprijmeni>Tomas Hladik</jmenoprijmeni><funkce>prodavac</funkce></zamestnanec>
				 	<rozloha>20</rozloha>
				 </stanek>
				 <stanek id="st2">
				 	<typ>Langose</typ>
				 	<zamestnanec id="z5" plat="15000"><jmenoprijmeni>Filip Jemelik</jmenoprijmeni><funkce>prodavac</funkce></zamestnanec>
				 	<rozloha>20</rozloha>
				 </stanek>
				 <stanek id="st3">
				 	<typ>Zelenina</typ>
				 	<zamestnanec id="z6" plat="15000"><jmenoprijmeni>Filip Dvorak</jmenoprijmeni><funkce>prodavac</funkce></zamestnanec>
				 	<rozloha>18</rozloha>
				 </stanek>
			</budova>
			<budova id="b2" spravceid="s1">
				<atrakce cena="10" id="at3">
					<jmenoatrakce>Stredni retizak</jmenoatrakce>
					<popisatrakce>atrakce vas vtahne do sebe!</popisatrakce>
					<zamestnanec id="z7" plat="15000"><jmenoprijmeni>Lukas Lopata</jmenoprijmeni><funkce>uklizec</funkce></zamestnanec>
					<zamestnanec id="z8" plat="15000"><jmenoprijmeni>Lukas Teply</jmenoprijmeni><funkce>udrzbar</funkce></zamestnanec>
					<rozloha>250</rozloha>				
				 </atrakce>
				 <atrakce cena="20" id="at4">
				 	<jmenoatrakce>Velky retizak</jmenoatrakce>
				 	<popisatrakce>atrakce vam polechta zaludek!</popisatrakce>
				 	<zamestnanec id="z9" plat="15000"><jmenoprijmeni>Petr Novak</jmenoprijmeni><funkce>uklizec</funkce></zamestnanec>
				 	<zamestnanec id="z10" plat="15000"><jmenoprijmeni>Tomas Kral</jmenoprijmeni><funkce>pokladni</funkce></zamestnanec>
				 </atrakce>
				 <atrakce cena="20" id="at5">
				 	<jmenoatrakce>Centrifuga</jmenoatrakce>
				 	<popisatrakce> se Vam bude libit!</popisatrakce>
				 	<zamestnanec id="z11" plat="15000"><jmenoprijmeni>Pavel Nejedlo</jmenoprijmeni><funkce>uklizec</funkce></zamestnanec>
				 	<zamestnanec id="z12" plat="15000"><jmenoprijmeni>Karel Jezek</jmenoprijmeni><funkce>pokladni</funkce></zamestnanec>
				 </atrakce>
				 <atrakce cena="25" id="at6">
				 	<jmenoatrakce>Strelnice</jmenoatrakce>
				 	<popisatrakce>atrakce vam polechta zaludek!</popisatrakce>
				 	<zamestnanec id="z13" plat="15000"><jmenoprijmeni>Karel Strelec</jmenoprijmeni><funkce>pokladni</funkce></zamestnanec>
				 </atrakce>
				 <atrakce cena="20" id="at7">
				 	<jmenoatrakce>Autodrom</jmenoatrakce>
				 	<popisatrakce>atrakce vas bude bavit!</popisatrakce>
				 	<zamestnanec id="z14" plat="15000"><jmenoprijmeni>Pavel Novak</jmenoprijmeni><funkce>uklizec</funkce></zamestnanec>
				 	<zamestnanec id="z15" plat="15000"><jmenoprijmeni>Karel Kral</jmenoprijmeni><funkce>pokladni</funkce></zamestnanec>
				 </atrakce>
				 <stanek id="st4">
				 	<typ>Parky v rohliku</typ>
				 	<zamestnanec id="z16" plat="15000"><jmenoprijmeni>Tomas Ligr</jmenoprijmeni><funkce>prodavac</funkce></zamestnanec>
				 	<rozloha>20</rozloha>
				 </stanek>
				 <stanek id="st5">
				 	<typ>Langose</typ>
				 	<zamestnanec id="z17" plat="15000"><jmenoprijmeni>David Kunc</jmenoprijmeni><funkce>prodavac</funkce></zamestnanec>
				 	<rozloha>20</rozloha>
				 </stanek>
				 <stanek id="st6">
				 	<typ>Zelenina</typ>
				 	<zamestnanec id="z175" plat="15000"><jmenoprijmeni>Jaroslav Kunc</jmenoprijmeni><funkce>prodavac</funkce></zamestnanec>
				 	<rozloha>18</rozloha>
				 </stanek>
				 <stanek id="st7">
				 	<typ>Napoje</typ>
				 	<zamestnanec id="z18" plat="15000"><jmenoprijmeni>Bohuslav Nejedlo</jmenoprijmeni><funkce>prodavac</funkce></zamestnanec>
				 	<rozloha>20</rozloha>
				 </stanek>
				 <stanek id="st8">
				 	<typ>Napoje</typ>
				 	<zamestnanec id="z19" plat="15000"><jmenoprijmeni>Josef Nejedlo</jmenoprijmeni><funkce>prodavac</funkce></zamestnanec>
				 	<rozloha>14</rozloha>
				 </stanek>
			</budova>
		</pavilon>
		<pavilon>
		<jmenopavilonu>Pavilon cirkusovy</jmenopavilonu>
		<budova id="b3" spravceid="s3">
				<atrakce cena="10" id="at8">
					<jmenoatrakce>Zongleri</jmenoatrakce>
					<popisatrakce>vas jiste zaujmou!</popisatrakce>
					<zamestnanec id="z20" plat="15000"><jmenoprijmeni>Lukas Lopata</jmenoprijmeni><funkce>cirkusak</funkce></zamestnanec>
					<rozloha>150</rozloha>				
				 </atrakce>
				 <atrakce cena="20" id="at9">
				 	<jmenoatrakce>Plivaci ohne</jmenoatrakce>
				 	<popisatrakce>pilvou jak o zivot!</popisatrakce>
				 	<zamestnanec id="z21" plat="15000"><jmenoprijmeni>Pavel Klaus</jmenoprijmeni><funkce>cirkusak</funkce></zamestnanec>
				 	<zamestnanec id="z22" plat="15000"><jmenoprijmeni>Karel Havel</jmenoprijmeni><funkce>cirkusak</funkce></zamestnanec>
				 	<rozloha>200</rozloha>
				 </atrakce>
				 <stanek id="st9">
				 	<typ>Parky v rohliku</typ>
				 	<zamestnanec id="z180" plat="15000"><jmenoprijmeni>Josef Hladik</jmenoprijmeni><funkce>prodavac</funkce></zamestnanec>
				 	<rozloha>20</rozloha>
				 </stanek>
				 <stanek id="st10">
				 	<typ>Langose</typ>
				 	<zamestnanec id="z23" plat="15000"><jmenoprijmeni>Pavel Jemelik</jmenoprijmeni><funkce>prodavac</funkce></zamestnanec>
				 	<rozloha>17</rozloha>
				 </stanek>
			</budova>
			<budova id="b4" spravceid="s2">
				<atrakce cena="15" id="at10">
					<jmenoatrakce>Klauni</jmenoatrakce>
					<popisatrakce>atrakce vas jiste pobavi!</popisatrakce>
					<zamestnanec id="z24" plat="15000"><jmenoprijmeni>Jiri Paroubek</jmenoprijmeni><funkce>cirkusak</funkce></zamestnanec>
					<zamestnanec id="z25" plat="15000"><jmenoprijmeni>Miroslav Topolanek</jmenoprijmeni><funkce>cirkusak</funkce></zamestnanec>
					<rozloha>250</rozloha>				
				 </atrakce>				 
			</budova>
		</pavilon>
	</areal>
	<areal id="ar2">
		<jmenoarealu>Areal zvireci</jmenoarealu>
		<pavilon>
			<jmenopavilonu>Pavilon ryb</jmenopavilonu>
			<budova id="b5" spravceid="s2">
				<atrakce cena="10" id="at11">
						<jmenoatrakce>Akvarium</jmenoatrakce>
						<popisatrakce>atrakce obsahuje spoustu ryb!</popisatrakce>
						<zamestnanec id="z26" plat="15000"><jmenoprijmeni>Pavel Lopata</jmenoprijmeni><funkce>uklizec</funkce></zamestnanec>
						<rozloha>150</rozloha>				
					 </atrakce>
					 <atrakce cena="40" id="at12">
					 	<jmenoatrakce>Lachtani</jmenoatrakce>
					 	<popisatrakce>obsahuje spoustu lachtanu!</popisatrakce>
					 	<zamestnanec id="z27" plat="15000"><jmenoprijmeni>Karel Kral</jmenoprijmeni><funkce>pokladni</funkce></zamestnanec>
					 	<rozloha>200</rozloha>
					 </atrakce>
					 <stanek id="st11">
					 	<typ>Napoje</typ>
					 	<zamestnanec id="z28" plat="15000"><jmenoprijmeni>Tomas Vrastiak</jmenoprijmeni><funkce>prodavac</funkce></zamestnanec>
					 	<rozloha>20</rozloha>
					 </stanek>
					 <stanek id="st13">
					 	<typ>Zelenina</typ>
					 	<zamestnanec id="z29" plat="15000"><jmenoprijmeni>Filip Vobornik</jmenoprijmeni><funkce>prodavac</funkce></zamestnanec>
					 	<rozloha>20</rozloha>
					 </stanek>
			</budova>
		</pavilon>	
		<pavilon>
			<jmenopavilonu>Pavilon savcu</jmenopavilonu>
			<budova id="b6" spravceid="s1">
				<atrakce cena="10" id="at13">
						<jmenoatrakce>Lvi arena</jmenoatrakce>
						<popisatrakce> je velmi nebezpecna!</popisatrakce>
						<zamestnanec id="z30" plat="15000"><jmenoprijmeni>Lubomir Lopata</jmenoprijmeni><funkce>uklizec</funkce></zamestnanec>
						<rozloha>150</rozloha>				
					 </atrakce>
					 <atrakce cena="10" id="at14">
					 	<jmenoatrakce>Opici klec</jmenoatrakce>
					 	<popisatrakce> obsahuje spoustu opic!</popisatrakce>
					 	<zamestnanec id="z31" plat="15000"><jmenoprijmeni>Karel IVV</jmenoprijmeni><funkce>uklizec</funkce></zamestnanec>
					 	<rozloha>200</rozloha>
					 </atrakce>
					 <stanek id="st14">
					 	<typ>Napoje</typ>
					 	<zamestnanec id="z32" plat="15000"><jmenoprijmeni>Pavel Vrastiak</jmenoprijmeni><funkce>prodavac</funkce></zamestnanec>
					 	<rozloha>10</rozloha>
					 </stanek>
			</budova>
		</pavilon>
	</areal>
	<vedeni>
		<reditel id="zr" jmeno="Ondrej" prijmeni="Kunc"/>
		<!--Rada parku obsahuje seznam zamestnancu ze stavajicich zamestnancu, kteri jsou v rade-->
		<radaparku idr="z1 z3 z10"/>

		<spravcibudov>
			<zamestnanec id="s1" plat="15000"><jmenoprijmeni>Velky Sef</jmenoprijmeni></zamestnanec>
			<zamestnanec id="s2" plat="15000"><jmenoprijmeni>Tobias Kralujici</jmenoprijmeni></zamestnanec>
			<zamestnanec id="s3" plat="15000"><jmenoprijmeni>Lukas Vomacka</jmenoprijmeni></zamestnanec>
		</spravcibudov>
		<vyhlaska priorita="1">
			Vsichni se budou chovat poslusne!
		</vyhlaska>
	</vedeni>
</zabavnipark>