<?xml version="1.0" encoding="UTF-8"?>

<!DOCTYPE videoportal SYSTEM "data.dtd">
<?serverApp.xml QUERY="exec, tech, all"?> 

<videoportal>
	<userlist>
		<user uid="u_01">
			<name>User Jedna</name>
		</user>
		
		<user uid="u_02">
			<name>User Dva</name>
		</user>
		
		<user uid="u_03" nick="MetalGearRisingOST">
			<name>User Tri</name>
		</user>
	</userlist>
	
	<categorylist>
		<!--Nekolik zakladnich kategorii zkopirovano z YouTube, podkategorie domysleny vlastni-->
		
		<category cid="film_animation">
			Film and Animation
			<category cid="action">
				Action
			</category>
			
			<category cid="drama">
				Drama
			</category>
			
			<category cid="documentary">
				Documentary
				<category cid="historic">
					Historic
				</category>
				
				<category cid="nature">
					Nature
				</category>				
			</category>
		</category>
		
		<category cid="comedy">
			Comedy
		</category>
		
		<category cid="howto_dyi">
			Howto &amp; DYI
		</category>
		
		<category cid="music">
			Music			
			<!--Seznam hudebnich zanru prevzat z http://www.musicgenreslist.com/ a nasledne zkracen-->
			<category cid="alternative">
				Alternative
				<category cid="alternative_rock">
					Alternative Rock
				</category>
	        
		        <category cid="college_rock">
		        	College Rock
		        </category>
		        
		        <category cid="experimental_rock">
			        Experimental Rock
		        </category>
		        
		        <category cid="goth_rock">
			        Goth Rock
		        </category>
		        
		        <category cid="grunge">
		        	Grunge
		        </category>
		        
		        <category cid="hardcore_punk">
			        Hardcore Punk
		        </category>		        		        
		        
		        <category cid="indie_rock">
			        Indie Rock
		        </category>
		        
		        <category cid="new_wave">
			        New Wave
		        </category>
		        
		        <category cid="progressive_rock">
			        Progressive Rock
		        </category>
		        
		        <category cid="punk">
			        Punk
		        </category>
			</category>
		
			<category cid="blues">
				Blues				
				<category cid="acoustic_blues">
					Acoustic Blues
				</category>
				
				<category cid="classic_blues">
					Classic Blues
				</category>
				
				<category cid="contemporary_blues">
					Contemporary Blues
				</category>
				
				<category cid="country_blues">
					Country Blues
				</category>
				
				<category cid="electric_blues">
					Electric Blues
				</category>				
			</category>
	        
	        <category cid="classical">
	        	Classical
	        </category>
	    
	    	<category cid="country">
	    		Country
	    	</category>
	    
	    	<category cid="dance">
	    		Dance
	    	</category>
	    
	    	<category cid="hip_hop_rap">
	    		Hip-Hop/Rap
	    		<category cid="alternative_rap">
					Alternative Rap	        
				</category>
				
				<category cid="east_coast_rap">
					East Coast Rap
				</category>				       
	        
				<category cid="gangsta_rap">
					Gangsta Rap
				</category>
	    		
	    		<category cid="hardcore_rap">
					Hardcore Rap
				</category>
				
				<category cid="hip_hop">
					Hip-Hop
				</category>
				
				<category cid="latin_rap">
					Latin Rap					
				</category>

				<category cid="old_school_rap">
					Old School Rap
				</category>
				
				<category cid="rap">
					Rap
				</category>
				
				<category cid="underground_rap">
					Underground Rap
				</category>
				
				<category cid="west_coast_rap">
					West Coast Rap
				</category>
	    	</category>
	    	
	    	<category cid="j_pop">
	    		J-Pop				
				<category cid="j_rock">
					J-Rock	        
				</category>
				
				<category cid="j_synth">
					J-Synth	        
				</category>
				
				<category cid="j_ska">
					J-Ska
				</category>
				
				<category cid="j_punk">
					J-Punk
				</category>	    	
	    	</category>
	    
	    	<category cid="jazz">
	    		Jazz
	    	</category>
	    
	    	<category cid="latino">
	    		Latino
	    	</category>
	    
	    	<category cid="pop">
	    		Pop
	    	</category>
	   
	   		<category cid="r_b">
	   			R&amp;B
	   		</category>
	   		
	   		<category cid="soul">
	   			Soul
	   		</category>
	    
	    	<category cid="reggae">
	    		Reggae
	    		<category cid="ska">
	    			Ska
	    		</category>
	    	</category>
	    
	    	<category cid="rock">
	    		Rock
	    		<category cid="blues_rock">
	    			Blues-Rock	        	    			     
				</category>

				<category cid="glam_rock">
					Glam Rock	        	    			     
				</category>								
				
				<category cid="hard_rock">
			        Hard Rock
		        </category>
				
				<category cid="metal">
					Metal	 
					<category cid="death_metal">
						Death Metal        	    			     
					</category>
					
					<category cid="black_metal">
						Black Metal
					</category>  
					
					<category cid="hair_metal">
						Hair Metal	    			     
					</category>     											    			     
				</category>
				
				<category cid="art_rock">
					Prog-Rock/Art Rock	        																    			     
				</category>
				
				<category cid="psychedelic">
					Psychedelic	        																    			     
				</category>
				
				<category cid="rock_and_roll">
					Rock &amp; Roll																    			     
				</category>
				
				<category cid="rockabilly">
					Rockabilly	        															    			     
				</category>
				
				<category cid="southern_rock">
					Southern Rock																    			     
				</category>									       	       
	    	</category>    
		</category>
		
		<category cid="entertainment">
			Entertainment
		</category>
	</categorylist>
	
	<videolist>
		<video vid="v_01" uid="u_01" visibility="public">
			<title>
				Super cute kitties
			</title>
			
			<description>
				Watch these awfully cute kitties play!
			</description>
			
			<cat cid="entertainment"></cat>
			<cat cid="comedy"></cat>
			
			<tag>cute</tag>
			<tag>kitty</tag>
			<tag>kitties</tag>
			<tag>cat</tag>	
			
			<date>1.2.2013</date>
		</video>
		
		<video vid="v_02" uid="u_01" visibility="private">
			<title>
				My test upload
			</title>
			
			<description>
				Testing testing
			</description>
			
			<cat cid="action"></cat>
			
			<tag>test</tag>
			<tag>video</tag>
			
			<date>1.1.2013</date>
			
			<flagged></flagged>
		</video>
		
		<video vid="v_03" uid="u_02" visibility="unlisted">
			<title>
				Class meet-up 10.2.2013
			</title>
			
			<description>
				The video I took at the meet-up. Don&apos;t worry, it&apos;s unlisted, so only we can see it :)
			</description>
			
			<cat cid="entertainment"></cat>
			
			<tag>class</tag>
			<tag>meet</tag>
			<tag>up</tag>
			
			<date>15.2.2013</date>
		</video>
		
		<video vid="v_04" uid="u_03" visibility="public">
			<!--Tyto info prevzaty z http://www.youtube.com/watch?v=GT6eSu5aqY4-->
			<title>
				Metal Gear Rising OST - The Only Thing I Know for Real (Jetstream Sam)
			</title>
			
			<description>
				Metal Gear Rising: Revengeance Soundtrack<br></br>
				02 - The Only Thing I Know for Real (Maniac Agenda Mix)<br></br>
				Jetstream Sam Boss Battle<br></br>
				Playlist: http://www.youtube.com/playlist?list=PL9oh2LXgpL7AlskTds968tYFwUTDuSmep
			</description>
			
			<cat cid="music"></cat>
			<cat cid="alternative_rock"></cat>
			<cat cid="j_rock"></cat>
			<cat cid="rock"></cat>
			<cat cid="metal"></cat>
			
			<tag>metal</tag>
			<tag>gear</tag>
			<tag>rising</tag>
			<tag>revengeance</tag>
			<tag>sountrack</tag>
			
			<date>18.2.2013</date>
		</video>		
	</videolist>
	
	<commentlist>
		<comment vid="v_03" uid="u_01">
			It was really fun! Thanks for the vid :)
			<![CDATA[
			  for (i=0; i < 10; $++)
			  {
			    document.writeln("Tady mam schovany CDATA! :)");
			  }
			]]>
		</comment>
		
		<comment vid="v_04" uid="u_02">
			<!--Realny komentar z videa-->
			Best. Soundtrack.﻿ Ever.
		</comment>
	</commentlist>			
	
</videoportal>	