<?xml version="1.0" encoding="UTF-8"?>
<!DOCTYPE zaznamy SYSTEM "data.dtd">
<zaznamy>
  <hry>
	<zapas id="1">	
		<ucastnici>
			<player cislo="1.1">
				<reference>Pepe</reference>
				<scorehrace>
					<metalused>1000</metalused>
					<energyused>2000</energyused>
					<metalproduced>100</metalproduced>
					<energyproduced>50</energyproduced>
					<metalrecieved>5000</metalrecieved>
					<metalsent>20</metalsent>
					<energysent>0</energysent>
					<metalstored>2000</metalstored>
					<energystored>1000</energystored>
					<unitskilled>50</unitskilled>
					<unitsproduced>100</unitsproduced>
					<unitsdied>5</unitsdied>
					<damagedealt>6000</damagedealt>
					<damagerecieved>2000</damagerecieved>
				</scorehrace>
			</player>
			<player cislo="1.2">
				<reference>Venca</reference>
				<scorehrace>
					<metalused>3000</metalused>
					<energyused>3000</energyused>
					<metalproduced>300</metalproduced>
					<energyproduced>30</energyproduced>
					<metalrecieved>3000</metalrecieved>
					<metalsent>10</metalsent>
					<energysent>20</energysent>
					<metalstored>4000</metalstored>
					<energystored>3000</energystored>
					<unitskilled>90</unitskilled>
					<unitsproduced>500</unitsproduced>
					<unitsdied>5</unitsdied>
					<damagedealt>9000</damagedealt>
					<damagerecieved>5000</damagerecieved>
				</scorehrace>
			</player>
			<player cislo="1.3">
				<reference>MaiB</reference>
				<scorehrace>
					<metalused>10500</metalused>
					<energyused>20400</energyused>
					<metalproduced>1060</metalproduced>
					<energyproduced>560</energyproduced>
					<metalrecieved>50010</metalrecieved>
					<metalsent>320</metalsent>
					<energysent>40</energysent>
					<metalstored>20060</metalstored>
					<energystored>10400</energystored>
					<unitskilled>950</unitskilled>
					<unitsproduced>1060</unitsproduced>
					<unitsdied>45</unitsdied>
					<damagedealt>60600</damagedealt>
					<damagerecieved>20060</damagerecieved>
				</scorehrace>
			</player>
			<player cislo="1.4">
				<reference>TheFace</reference>
				<scorehrace>
					<metalused>10050</metalused>
					<energyused>2000</energyused>
					<metalproduced>100</metalproduced>
					<energyproduced>50</energyproduced>
					<metalrecieved>55000</metalrecieved>
					<metalsent>620</metalsent>
					<energysent>560</energysent>
					<metalstored>20600</metalstored>
					<energystored>1000</energystored>
					<unitskilled>50</unitskilled>
					<unitsproduced>100</unitsproduced>
					<unitsdied>5</unitsdied>
					<damagedealt>60090</damagedealt>
					<damagerecieved>20600</damagerecieved>
				</scorehrace>
			</player>

		</ucastnici>
		<cas>
			<delka>135</delka>
			<datum>09052012</datum>
		</cas>
		<mapa>
			<vitr>6</vitr>
			<priliv>2</priliv>
			<gravity>20</gravity>
			<nazev>cze</nazev>
			<rozmery>
				<sirka>1000</sirka>
				<vyska>500</vyska>
			</rozmery>
			<planeta>zeme</planeta>
		</mapa>
		<statistiky>
			<score>
				
				<scorefrakci>
					<scoreARM>51</scoreARM>
					<scoreCORE>12</scoreCORE>
				</scorefrakci>
			</score>
			<technical>
				<vypadky>0</vypadky>
				<pocetpauz>4</pocetpauz>
				<povely>1500</povely>
				
			</technical>
		</statistiky>		
	</zapas>
	<zapas id="2">	
		<ucastnici>
			<player cislo="2.1">
				<reference>Burnis</reference>
				<scorehrace>
					<metalused>15000</metalused>
					<energyused>20050</energyused>
					<metalproduced>1500</metalproduced>
					<energyproduced>550</energyproduced>
					<metalrecieved>50500</metalrecieved>
					<metalsent>250</metalsent>
					<energysent>50</energysent>
					<metalstored>25000</metalstored>
					<energystored>10500</energystored>
					<unitskilled>505</unitskilled>
					<unitsproduced>1500</unitsproduced>
					<unitsdied>55</unitsdied>
					<damagedealt>65000</damagedealt>
					<damagerecieved>20050</damagerecieved>
				</scorehrace>
			</player>
			<player cislo="2.2">
				<reference>Venca</reference>
				<scorehrace>
					<metalused>30500</metalused>
					<energyused>30500</energyused>
					<metalproduced>3500</metalproduced>
					<energyproduced>350</energyproduced>
					<metalrecieved>30500</metalrecieved>
					<metalsent>106</metalsent>
					<energysent>260</energysent>
					<metalstored>46000</metalstored>
					<energystored>36000</energystored>
					<unitskilled>906</unitskilled>
					<unitsproduced>5060</unitsproduced>
					<unitsdied>56</unitsdied>
					<damagedealt>90600</damagedealt>
					<damagerecieved>56000</damagerecieved>
				</scorehrace>
			</player>
			<player cislo="2.3">
				<reference>Detox</reference>
				<scorehrace>
					<metalused>105400</metalused>
					<energyused>240400</energyused>
					<metalproduced>1060</metalproduced>
					<energyproduced>5460</energyproduced>
					<metalrecieved>50010</metalrecieved>
					<metalsent>3240</metalsent>
					<energysent>40</energysent>
					<metalstored>24060</metalstored>
					<energystored>104400</energystored>
					<unitskilled>9540</unitskilled>
					<unitsproduced>14060</unitsproduced>
					<unitsdied>445</unitsdied>
					<damagedealt>604600</damagedealt>
					<damagerecieved>204060</damagerecieved>
				</scorehrace>
			</player>
			<player cislo="2.4">
				<reference>Mojna</reference>
				<scorehrace>
					<metalused>160050</metalused>
					<energyused>20600</energyused>
					<metalproduced>1400</metalproduced>
					<energyproduced>550</energyproduced>
					<metalrecieved>556000</metalrecieved>
					<metalsent>6206</metalsent>
					<energysent>5660</energysent>
					<metalstored>205600</metalstored>
					<energystored>14000</energystored>
					<unitskilled>590</unitskilled>
					<unitsproduced>1900</unitsproduced>
					<unitsdied>55</unitsdied>
					<damagedealt>650090</damagedealt>
					<damagerecieved>204600</damagerecieved>
				</scorehrace>
			</player>

		</ucastnici>
		<cas>
			<delka>500</delka>
			<datum>09072012</datum>
		</cas>
		<mapa>
			<vitr>12</vitr>
			<priliv>0</priliv>
			<gravity>500</gravity>
			<nazev>moje</nazev>
			<rozmery>
				<sirka>100</sirka>
				<vyska>500</vyska>
			</rozmery>
			<planeta>Uran</planeta>
		</mapa>
		<statistiky>
			<score>
				
				<scorefrakci>
					<scoreARM>64</scoreARM>
					<scoreCORE>98</scoreCORE>
				</scorefrakci>
			</score>
			<technical>
				<vypadky>0</vypadky>
				<pocetpauz>4</pocetpauz>
				<povely>1500</povely>
				
			</technical>
		</statistiky>		
	</zapas>


  </hry>
  
  <hraci> 
	    <hrac nick="Pepe" zeme="JAP">
			<jmeno>Pepe</jmeno>
			<detail>
					<trofeje></trofeje>
					<teamtag>Smoulove</teamtag>
					<rank>
						Drsnak
						<timeingame>5000</timeingame>
						<timespec>2500</timespec>
					</rank>
				</detail>
			<frakce>CORE</frakce>
		</hrac>
		<hrac nick="TheFace" zeme="DE">
			<jmeno>TheFace</jmeno>
			<detail>
					<trofeje>3</trofeje>
					<teamtag>Smoulove</teamtag>
					<rank>
						Bijec
						<timeingame>6521</timeingame>
						<timespec>2356</timespec>
					</rank>
				</detail>
			<frakce>CORE</frakce>
		</hrac>
		<hrac nick="Venca" zeme="GB">
			<jmeno>Venca</jmeno>
			<detail>
					<trofeje></trofeje>
					<teamtag>Gargoil</teamtag>
					<rank> Zabijak 
						<timeingame>2361</timeingame>
						<timespec></timespec>
					</rank>
				</detail>
			<frakce>ARM</frakce>
		</hrac>
		<hrac nick="Targo" zeme="JAP">
			<jmeno>Targo</jmeno>
			<detail>
					<trofeje></trofeje>
					<teamtag>Smoulove</teamtag>
					<rank>
						<timeingame>3658</timeingame>
						<timespec>564</timespec>
					</rank>
				</detail>
			<frakce>CORE</frakce>
		</hrac>
		<hrac nick="MaiB" zeme="GB">
			<jmeno>MaiB</jmeno>
			<detail>
					<trofeje>7</trofeje>
					<teamtag>Oda</teamtag>
					<rank>
						<timeingame>9685</timeingame>
						<timespec>8541</timespec>
					</rank>
				</detail>
			<frakce>ARM</frakce>
		</hrac>
		<hrac nick="Luke" zeme="DE">
			<jmeno>Luke</jmeno>
			<detail>
					<trofeje></trofeje>
					<teamtag>Gargoil</teamtag>
					<rank>
					Killer
						<timeingame>652</timeingame>
						<timespec>300</timespec>
					</rank>
				</detail>
			<frakce>ARM</frakce>
		</hrac>
		<hrac nick="Yabu" zeme="GB">
			<jmeno>Yabu</jmeno>
			<detail>
					<trofeje>4</trofeje>
					<teamtag>Oda</teamtag>
					<rank>
						<timeingame>9541</timeingame>
						<timespec>650</timespec>
					</rank>
				</detail>
			<frakce>ARM</frakce>
		</hrac>
		<hrac nick="Burnis" zeme="USA">
			<jmeno>Burnis</jmeno>
			<detail>
					<trofeje></trofeje>
					<teamtag>Smoulove</teamtag>
					<rank>
						Noob
						<timeingame>5000</timeingame>
						<timespec>2500</timespec>
					</rank>
				</detail>
			<frakce>CORE</frakce>
		</hrac>
		<hrac nick="Mojna" zeme="CZ">
			<jmeno>Mojna</jmeno>
			<detail>
					<trofeje></trofeje>
					<teamtag>Gargoil</teamtag>
					<rank>
						Bijec
						<timeingame>2352</timeingame>
						<timespec>100</timespec>
					</rank>
				</detail>
			<frakce>ARM</frakce>
		</hrac>
		<hrac nick="Prcek" zeme="JAP">
			<jmeno>Prcek</jmeno>
			<detail>
					<trofeje></trofeje>
					<teamtag>Jedi</teamtag>
					<rank>
						Killer
						<timeingame>6254</timeingame>
						<timespec>9874</timespec>
					</rank>
				</detail>
			<frakce>CORE</frakce>
		</hrac>
		<hrac nick="Zelva" zeme="RUS">
			<jmeno>Zelva</jmeno>
			<detail>
					<trofeje></trofeje>
					<teamtag>Jedi</teamtag>
					<rank>
						<timeingame>524</timeingame>
						<timespec>0</timespec>
					</rank>
				</detail>
			<frakce>CORE</frakce>
		</hrac>
		<hrac nick="Detox" zeme="USA">
			<jmeno>Detox</jmeno>
			<detail>
					<trofeje></trofeje>
					<teamtag>Oda</teamtag>
					<rank>
						Killer
						<timeingame>8745</timeingame>
						<timespec>5410</timespec>
					</rank>
				</detail>
			<frakce>ARM</frakce>
		</hrac>
		<hrac nick="Preventan" zeme="DE">
			<jmeno>Preventan</jmeno>
			<detail>
					<trofeje></trofeje>
					<teamtag>Jedi</teamtag>
					<rank>
						<timeingame>512</timeingame>
						<timespec>30</timespec>
					</rank>
				</detail>
			<frakce>CORE</frakce>
		</hrac>
		<hrac nick="Emco" zeme="GB">
			<jmeno>Emco</jmeno>
			<detail>
					<trofeje></trofeje>
					<teamtag>Nivea</teamtag>
					<rank>
						<timeingame>2541</timeingame>
						<timespec>0</timespec>
					</rank>
				</detail>
			<frakce>CORE</frakce>
		</hrac>
		<hrac nick="Target" zeme="CZ">
			<jmeno>Target</jmeno>
			<detail>
					<trofeje></trofeje>
					<teamtag>Nivea</teamtag>
					<rank>
						<timeingame>568</timeingame>
						<timespec>65</timespec>
					</rank>
				</detail>
			<frakce>CORE</frakce>
		</hrac>
  </hraci>
  
  <hlasenichyb/>
</zaznamy>