<?xml version="1.0" encoding="UTF-8"?>
<!--<!DOCTYPE prodejna-potravin SYSTEM "data.dtd"> -->
<prodejna-potravin id="prodejna1">
	<data>	 
		<![CDATA[
		System.out.prinlnt("Prodejna 1")
		]]>
	</data>

	<prodejna>
		<nazev-prodejna>Svet potravin s.r.o.</nazev-prodejna>
		
		<adresa>
			<ulice>Vaclavske namesti</ulice>
			<cislo>
				<cislo-orientaci>106</cislo-orientaci>
				<cislo-popisne>56</cislo-popisne>
			</cislo>
			<psc>18002</psc>
			<mesto>Praha 1</mesto>
			<stat kod="CZ">Czech Republic</stat>
		</adresa>
		
		<!-- Mame dva majitele. 
		Marta vlastni 15 procent podniku a Vasek 20 procent.-->
		<majitel mid="m1">
			<jmeno>Marta</jmeno>
			<!-- element prijmeni se smisenym obsahem -->
			<prijmeni>Povolna <nick>Maruska</nick></prijmeni>
			<rodne-prijmeni>Fatkova</rodne-prijmeni>
			<email>marta@potraviny.cz</email>
			<telefon predvolba="+420">776156923</telefon>
			<ico>5893126</ico>
			<dic>1569783</dic>
			<adresa-domu>
				<ulice>Malostranske namesti</ulice>
				<cislo>
					<cislo-orientaci>56</cislo-orientaci>
					<cislo-popisne>19</cislo-popisne>
				</cislo>
				<psc>18002</psc>
				<mesto>Praha 1</mesto>
				<stat kod="CZ">Czech Republic</stat>
			</adresa-domu>
			<vlastnicky-podil>15</vlastnicky-podil>
			<kapital>2000000</kapital>
		</majitel>
		
		<majitel mid="m2">
			<jmeno>Vasek</jmeno>
			<prijmeni>Vesely</prijmeni>
			<email>vesely@potraviny.cz</email>
			<telefon predvolba="+420">776111222</telefon>
			<ico>1564652</ico>
			<adresa-domu>
				<ulice>Patkova</ulice>
				<cislo>
					<cislo-orientaci>512</cislo-orientaci>
					<cislo-popisne>5</cislo-popisne>
				</cislo>
				<psc>18001</psc>
				<mesto>Praha 8</mesto>
				<stat kod="CZ">Czech Republic</stat>
			</adresa-domu>
			<vlastnicky-podil>20</vlastnicky-podil>
			<kapital>3000000</kapital>
		</majitel>
	</prodejna>
	<potraviny>
		<zbozi zid="z1">
			<nazev-zbozi>
				<nazev-hlavni>Coca Cola</nazev-hlavni>
				<nazev-podnazev>Zero 2L</nazev-podnazev>
			</nazev-zbozi>
			<cena>32</cena>
			<vyrobce>
				<nazev-vyrobce>Coca Cola s.r.o.</nazev-vyrobce>
				<ico>156712657</ico>
			</vyrobce>
			<datum-spotreby>><?php echo Date("d.m.Y")?></datum-spotreby>
		</zbozi>
		<zbozi zid="z2">
			<nazev-zbozi>
				<nazev-hlavni>Mandlove orisky</nazev-hlavni>
				<nazev-podnazev>Slanne 150G</nazev-podnazev>
			</nazev-zbozi>
			<cena>22</cena>
			<vyrobce>
				<nazev-vyrobce>Domaci Vyrobna a.s.</nazev-vyrobce>
				<ico>55123545</ico>
			</vyrobce>
			<datum-spotreby>01092017</datum-spotreby>
		</zbozi>		
	</potraviny>
	<zakaznici>
		<zakaznik>
			<jmeno>Honza</jmeno>
			<prijmeni>Chytry</prijmeni>
			<kosik>
				<zbozi-kosik zrid="z1">
					<mnozstvi>3</mnozstvi>
				</zbozi-kosik>
				<zbozi-kosik zrid="z2">
					<mnozstvi>2</mnozstvi>
				</zbozi-kosik>
			</kosik>
		</zakaznik>
		<zakaznik>
			<jmeno>Vasek</jmeno>
			<prijmeni>Vesely</prijmeni>
			<kosik>
				<zbozi-kosik zrid="z1">
					<mnozstvi>20</mnozstvi>
				</zbozi-kosik>
			</kosik>
		</zakaznik>
	</zakaznici>
	<hlasenichyb/>
</prodejna-potravin>
