<?xml version="1.0" encoding="UTF-8"?>
<!--MUSIC DB - Jan Klatil-->
<!--pridani playlistu Obed-->
<playlists>
	<playlist id="p00" name="default"><![CDATA["<SumTime>00:00</SumtTime>"]]></playlist>
	<!--empty playlist as default-->
	<playlist id="p01" name="Adele - mix">
		<songRef ids="s002"/>
		<songRef ids="s003"/>
		<songRef ids="s012"/>
		<songRef ids="s016"/>
	</playlist>
	<playlist id="p02" name="Lana del rey - mix">
		<songRef ids="s025"/>
		<songRef ids="s027"/>
		<songRef ids="s028"/>
	</playlist>
	<playlist id="p03" name="mixes">
		<playlistRef id="p01"/>
		<songRef ids="s026"/>
		<playlistRef id="p02"/>
	</playlist>
	<playlist id="p04" name="mixes2">
		<playlistRef id="p03"/>
		<songRef ids="s029"/>
	</playlist>
	<playlist id="p05" name="firsts">
		<songRef ids="s025"/>
		<songRef ids="s000"/>
		<songRef ids="s012"/>
		<songRef ids="s037"/>
	</playlist>
	<playlist id="p07" name="Obed">
		<songRef ids="s040"/>
		<songRef ids="s041"/>
		<songRef ids="s042"/>
		<songRef ids="s043"/>
		<songRef ids="s044"/>
		<songRef ids="s045"/>
		<songRef ids="s046"/>
		<songRef ids="s047"/>
		<songRef ids="s048"/>
		<songRef ids="s049"/>
		<songRef ids="s050"/>
		<songRef ids="s051"/>
	</playlist>
	<playlist id="p06" name="Bach Concertos">
		<songRef ids="s037"/>
		<songRef ids="s038"/>
		<songRef ids="s039"/>
	</playlist>
</playlists>
