<?xml version="1.0" encoding="UTF-8"?>
<!--MUSIC DB - Jan Klatil-->
<!--DU5 - pridano album Obed od skupiny Hm...-->
<!--DU5 - rozdeleno na 2 casti-->
<?musicDatabase db="partial" pl="yes"?>
<root>
	<db>
		<band id="b00" name="Adele"  style="rock">
			<releaseInfo>
				<info>
					3/2012 - single - Rumor has it
				</info>
			</releaseInfo>
			<album id="a00" name="19" year="2008">
				<info>
				</info>	
				<song id="s000" name="Daydreamer"></song>
				<song id="s001" name="Best for last"></song>
				<song id="s002" name="Chasing pavement"></song>
				<song id="s003" name="Cold shoulder"></song>
				<song id="s004" name="Crazy for you"></song>
				<song id="s005" name="Melt my heart to stone"></song>
				<song id="s006" name="First love"></song>
				<song id="s007" name="Right as rain"></song>
				<song id="s008" name="Make your fell my love"></song>
				<song id="s009" name="My same"></song>
				<song id="s010" name="Tired"></song>
				<song id="s011" name="Hometown glory"></song>
			</album>
			<album id="a01" name="21">
				<info>
				</info>	
				<song id="s012" name="Rolling in the deep"></song>
				<song id="s013" name="Rumor has it"></song>
				<song id="s014" name="Turning tables"></song>
				<song id="s015" name="Dont you remember"></song>
				<song id="s016" name="Set fire to the rain"></song>
				<song id="s017" name="He wont go"></song>
				<song id="s018" name="Take it all"></song>
				<song id="s019" name="Ill be waiting"></song>
				<song id="s020" name="One and only"></song>
				<song id="s021" name="Lovesong"></song>
				<song id="s022" name="Someone like you"></song>
				<song id="s023" name="If it hadnt been for love"></song>
				<song id="s024" name="Hiding my heart"></song>
			</album>
		</band>
		<band id="b01" name="Jazzova porucha" style="jazz">
			<releaseInfo>
				<info>
					<www ref="http://bandzone.cz/jazzovaporucha"/>
					Po dlouhých rozvahách jsme si zvolili jméno Jazzová porucha, Jendův návrh pojmenovat nás prvními slabikami jmen Honza-Vašek-Dominik se neujal.
				</info>
				Album v nedohlednu
			</releaseInfo>
		</band>
		<band id="b02" name="Lana del rey" style="pop">
			<album id="a02" name="Born to die">
				<info>
					<www ref="http://www.lanadelrey.com"/>
				</info>
				<song id="s025" name="Born to die"></song>
				<song id="s026" name="Off to the races"></song>
				<song id="s027" name="Blue jeans"></song>
				<song id="s028" name="Video games"></song>
				<song id="s029" name="Diet mountain dew"></song>
				<song id="s030" name="National anthem"></song>
				<song id="s031" name="Kinda outta luck"></song>
				<song id="s032" name="This is what makes us girls"></song>
				<song id="s033" name="Radio"></song>
				<song id="s034" name="Million dollar man"></song>
				<song id="s035" name="Summertime sadness"></song>
				<song id="s036" name="Without you"></song>
			</album>
		</band>
		<band id="b03" name="Rage against the machine">
			<album id="a03" name="Rage against the machine"></album>
			<album id="a04" name="Evil empire"></album>
			<album id="a05" name="The battle of Los Angeles"></album>
			<album id="a06" name="Renegades" year="2000">
				<info>
					Posledni album skupiny
				</info>
			</album>
		</band>
		<band id="b05" name="Hm...">
			<album id="a08" name="Obed">
				<info>
					Minimalne Balada o ocich topicovych stoji za poslechnuti
				</info>
				<song id="s040" name="U studanky"/>
				<song id="s041" name="Bossa"/>
				<song id="s042" name="Balada o ocich topicovych"/>
				<song id="s043" name="Ctveracka"/>
				<song id="s044" name="Divka co se rada koupe"/>
				<song id="s045" name="Bud muj Salam"/>
				<song id="s046" name="Ukolebavka"/>
				<song id="s047" name="O cem vi jen tesknota"/>
				<song id="s048" name="Muj sen"/>
				<song id="s049" name="Obed"/>
				<song id="s050" name="Piloti"/>
				<song id="s051" name="Bonus - Babicka"/>
			</album>
		</band>
		<band id="b04" name="Hilary Hahn" style="classical">
			<album id="a07" name="Bach Concertos">
				<info>
					<www>http://www.hilaryhahn.com</www>
				</info>
				<song id="s037" name="A-minor: Allegro moderato"/>
				<song id="s038" name="A-minor: Andante"/>
				<song id="s039" name="A-minor: Allegro assai"/>
			</album>
		</band>
	</db>
</root>
