<?xml version="1.0" encoding="UTF-8"?>
<!DOCTYPE database SYSTEM "dataB.dtd">
<database>
	<skladatele>
		<skladatel>
			<jmeno>anonym</jmeno>
			<noty id="n1"/>
			<noty id="n2"/>
			<noty id="n16"/>
			<noty id="n17"/>
			<noty id="n18"/>
			<noty id="n19"/>
			<noty id="n20"/>
		</skladatel>
		<skladatel>
			<jmeno>John Adson</jmeno>
			<noty id="n0"/>
		</skladatel>
		<skladatel>
			<jmeno>Marco Uccelliny</jmeno>
			<noty id="n3"/>
		</skladatel>
		<skladatel>
			<jmeno>Tarquinio Merula</jmeno>
			<noty id="n4"/>
		</skladatel>
		<skladatel>
			<jmeno>Erasmus Widmann</jmeno>
			<noty id="n5"/>
		</skladatel>
		<skladatel>
			<jmeno>Jacob van Eyck</jmeno>
			<noty id="n6"/>
		</skladatel>
		<skladatel>
			<jmeno>Girolamo Frescobaldi</jmeno>
			<noty id="n7"/>
		</skladatel>
		<skladatel>
			<jmeno>Giovanni Gastoldi</jmeno>
			<noty id="n8"/>
		</skladatel>
		<skladatel>
			<jmeno>Valentin Hausmann</jmeno>
			<noty id="n9"/>
		</skladatel>
		<skladatel>
			<jmeno>Thomas Morley</jmeno>
			<noty id="n11"/>
		</skladatel>
		<skladatel>
			<jmeno>Michael Praetorius</jmeno>
			<noty id="n12"/>
			<noty id="n13"/>
			<noty id="n14"/>
			<noty id="n15"/>
			<noty id="n32"/>
		</skladatel>
		<skladatel>
			<jmeno>Melchior Franck</jmeno>
			<noty id="n21"/>
			<noty id="n26"/>
		</skladatel>
		<skladatel>
			<jmeno>William Brade</jmeno>
			<noty id="n22"/>
		</skladatel>
		<skladatel>
			<jmeno>Franz Rossel</jmeno>
			<noty id="n23"/>
		</skladatel>
		<skladatel>
			<jmeno>Pierre Phalèse</jmeno>
			<noty id="n24"/>
			<noty id="n25"/>
		</skladatel>
		<skladatel>
			<jmeno>Johann Sebastian Bach</jmeno>
			<noty id="n27"/>
			<noty id="n28"/>
			<noty id="n29"/>
		</skladatel>
		<skladatel>
			<jmeno>Giovanni Pierluigi da Palestrina</jmeno>
			<noty id="n30"/>
			<noty id="n31"/>
		</skladatel>
		<skladatel>
			<jmeno>Johann Hermann Schein</jmeno>
			<noty id="n33"/>
		</skladatel>
		<skladatel>
			<jmeno>Thomas Simpson</jmeno>
			<noty id="n34"/>
			<noty id="n35"/>
		</skladatel>
		<skladatel>
			<jmeno>Johann Staden</jmeno>
			<noty id="n36"/>
			<noty id="n37"/>
		</skladatel>
	</skladatele>
	<skladby>
		<skladba idr="n4">
			<jmeno>La Cattarina á 2. Violiny</jmeno>
		</skladba>
		<skladba idr="n5">
			<jmeno>Margaretha</jmeno>
		</skladba>
		<skladba idr="n5">
			<jmeno>Anna</jmeno>
		</skladba>
		<skladba idr="n6">
			<jmeno>2. Onse Vader in Hemelryck</jmeno>
		</skladba>
		<skladba idr="n6">
			<jmeno>3. Doen Daphne d'over schoone Maeght</jmeno>
		</skladba>
		<skladba idr="n6">
			<jmeno>4. Psalm 118 </jmeno>
		</skladba>
		<skladba idr="n6">
			<jmeno>10. Sarabande</jmeno>
		</skladba>
		<skladba idr="n6">
			<jmeno>11. Rosemont </jmeno>
		</skladba>
		<skladba idr="n6">
			<jmeno>12. Courant, of Ach treurt myn bedroefde</jmeno>
		</skladba>
		<skladba idr="n6">
			<jmeno>19. Psalm 68</jmeno>
		</skladba>
		<skladba idr="n6">
			<jmeno>20. l'Amie Cillæ</jmeno>
		</skladba>
		<skladba idr="n6">
			<jmeno>21. Bravade</jmeno>
		</skladba>
		<skladba idr="n6">
			<jmeno>28. Engels Nachtegaeltje</jmeno>
		</skladba>
		<skladba idr="n6">
			<jmeno>29. Ach Moorderesse</jmeno>
		</skladba>
		<skladba idr="n6">
			<jmeno>30. Lanterlu</jmeno>
		</skladba>
		<skladba idr="n6">
			<jmeno>37. Lus de mi alma</jmeno>
		</skladba>
		<skladba idr="n6">
			<jmeno>38. Engels Lied</jmeno>
		</skladba>
		<skladba idr="n6">
			<jmeno>39. Philis quam Philander tegen</jmeno>
		</skladba>
		<skladba idr="n6">
			<jmeno>46. Courante Mars</jmeno>
		</skladba>
		<skladba idr="n7">
			<jmeno>Canzon Decima</jmeno>
		</skladba>
		<skladba idr="n8">
			<jmeno>Tutti venite amati</jmeno>
		</skladba>
		<skladba idr="n15">
			<jmeno>Bransle double</jmeno>
		</skladba>
		<skladba idr="n16">
			<jmeno>Tickle my toe</jmeno>
		</skladba>
		<skladba idr="n17">
			<jmeno>A toy</jmeno>
		</skladba>
		<skladba idr="n24">
			<jmeno>Almande pousinghe</jmeno>
		</skladba>
		<skladba idr="n25">
			<jmeno>Galliarde: Aujoly boys</jmeno>
		</skladba>
		<skladba idr="n26">
			<jmeno>Galliarda</jmeno>
		</skladba>
		<skladba idr="n33">
			<jmeno>Allemande und Tripla</jmeno>
		</skladba>
		<skladba idr="n34">
			<jmeno>Courante</jmeno>
		</skladba>
		<skladba idr="n35">
			<jmeno>Volta</jmeno>
		</skladba>
	</skladby>
</database>
