<?xml version="1.0" encoding="UTF-8"?>
<!DOCTYPE database SYSTEM "dataA.dtd">
<database>
	<skladby>
		<noty>
			<skladatel idr="s0001"/>
			<skladba>
				<jmeno>3</jmeno>
			</skladba>
		</noty>
		<noty>
			<skladatel idr="s0000"/>
			<skladba>
				<jmeno>Daphne</jmeno>
			</skladba>
		</noty>
		<noty>
			<skladatel idr="s0000"/>
			<skladba>
				<jmeno>Pavane et Galiarde</jmeno>
			</skladba>
		</noty>
		<noty>
			<skladatel idr="s0002"/>
		</noty>
		<noty>
			<skladatel idr="s0004"/>
		</noty>
		<noty>
			<skladatel idr="s0005"/>
			<skladba>
				<jmeno>Margaretha</jmeno>
			</skladba>
			<skladba>
				<jmeno>Anna</jmeno>
			</skladba>
			<skladba>
				<jmeno>Felicitas</jmeno>
			</skladba>
			<skladba>
				<jmeno>Catharina</jmeno>
			</skladba>
			<skladba>
				<jmeno>Barbara</jmeno>
			</skladba>
		</noty>
		<noty>
			<skladatel idr="s0006"/>
			<skladba>
				<jmeno>1. Preludium of Voorspel</jmeno>
			</skladba>
			<skladba>
				<jmeno>4. Psalm 118 </jmeno>
			</skladba>
			<skladba>
				<jmeno>4* Psalm 118 (1644 version)</jmeno>
			</skladba>
			<skladba>
				<jmeno>5. Malle Symen (Malsimmes)</jmeno>
			</skladba>
			<skladba>
				<jmeno>8. Pavaen Lachrymæ</jmeno>
			</skladba>
			<skladba>
				<jmeno>9. Lavignone </jmeno>
			</skladba>
			<skladba>
				<jmeno>10. Sarabande</jmeno>
			</skladba>
			<skladba>
				<jmeno>13. d'Lof-zangh Marie</jmeno>
			</skladba>
			<skladba>
				<jmeno>14. Frans Ballet</jmeno>
			</skladba>
			<skladba>
				<jmeno>15. Stil, stil een reys</jmeno>
			</skladba>
			<skladba>
				<jmeno>18. Onan of Tanneken</jmeno>
			</skladba>
			<skladba>
				<jmeno>19. Psalm 68</jmeno>
			</skladba>
			<skladba>
				<jmeno>20. l'Amie Cillæ</jmeno>
			</skladba>
			<skladba>
				<jmeno>23. Van Goosen</jmeno>
			</skladba>
			<skladba>
				<jmeno>24. Si vous me voules guerir</jmeno>
			</skladba>
			<skladba>
				<jmeno>25. Courante</jmeno>
			</skladba>
			<skladba>
				<jmeno>28. Engels Nachtegaeltje</jmeno>
			</skladba>
			<skladba>
				<jmeno>29. Ach Moorderesse</jmeno>
			</skladba>
			<skladba>
				<jmeno>30. Lanterlu</jmeno>
			</skladba>
			<skladba>
				<jmeno>33. Comagain</jmeno>
			</skladba>
			<skladba>
				<jmeno>34. Courant </jmeno>
			</skladba>
			<skladba>
				<jmeno>35. Tweede Daphne </jmeno>
			</skladba>
			<skladba>
				<jmeno>38. Engels Lied</jmeno>
			</skladba>
			<skladba>
				<jmeno>39. Philis quam Philander tegen</jmeno>
			</skladba>
			<skladba>
				<jmeno>40. Al hebben de Princen hare</jmeno>
			</skladba>
			<skladba>
				<jmeno>43. Wilhelmus van Nassouwen</jmeno>
			</skladba>
			<skladba>
				<jmeno>44. Noch een veranderingh van Wilhelmus</jmeno>
			</skladba>
			<skladba>
				<jmeno>45. Meysje wilje by</jmeno>
			</skladba>
		</noty>
		<noty>
			<skladatel idr="s0007"/>
		</noty>
		<noty>
			<skladatel idr="s0008"/>
			<skladba>
				<jmeno>Tutti venite amati</jmeno>
			</skladba>
		</noty>
		<noty>
			<skladatel idr="s0009"/>
			<skladba>
				<jmeno>Drei deutsche Tänze</jmeno>
			</skladba>
		</noty>
		<noty>
			<skladatel idr="s0000"/>
			<skladba>
				<jmeno>Intermezzo</jmeno>
			</skladba>
		</noty>
		<noty>
			<skladatel idr="s0010"/>
		</noty>
		<noty>
			<skladatel idr="s0011"/>
		</noty>
		<noty>
			<skladatel idr="s0011"/>
			<skladba>
				<jmeno>Bransle de montirandé</jmeno>
			</skladba>
		</noty>
		<noty>
			<skladatel idr="s0011"/>
			<skladba>
				<jmeno>Bransle simple</jmeno>
			</skladba>
		</noty>
		<noty>
			<skladatel idr="s0011"/>
			<skladba>
				<jmeno>Bransle double</jmeno>
			</skladba>
		</noty>
		<noty>
			<skladatel idr="s0000"/>
		</noty>
		<noty>
			<skladatel idr="s0000"/>
		</noty>
		<noty>
			<skladatel idr="s0000"/>
			<skladba>
				<jmeno>My Robin is the greenwood gone</jmeno>
			</skladba>
		</noty>
		<noty>
			<skladatel idr="s0000"/>
			<skladba>
				<jmeno>Strawberry Leaves</jmeno>
			</skladba>
		</noty>
		<noty>
			<skladatel idr="s0000"/>
			<skladba>
				<jmeno>Die schöne Lilien</jmeno>
			</skladba>
		</noty>
		<noty>
			<skladatel idr="s0012"/>
		</noty>
		<noty>
			<skladatel idr="s0013"/>
		</noty>
		<noty>
			<skladatel idr="s0014"/>
			<skladba>
				<jmeno>Adiago</jmeno>
			</skladba>
		</noty>
		<noty>
			<skladatel idr="s0015"/>
			<skladba>
				<jmeno>Almande pousinghe</jmeno>
			</skladba>
		</noty>
		<noty>
			<skladatel idr="s0015"/>
			<skladba>
				<jmeno>Galliarde: Aujoly boys</jmeno>
			</skladba>
		</noty>
		<noty>
			<skladatel idr="s0012"/>
		</noty>
		<noty>
			<skladatel idr="s0016"/>
		</noty>
		<noty>
			<skladatel idr="s0016"/>
			<skladba>
				<jmeno>Menuett</jmeno>
			</skladba>
		</noty>
		<noty>
			<skladatel idr="s0016"/>
			<skladba>
				<jmeno>Choral from cantata No 119</jmeno>
			</skladba>
		</noty>
		<noty>
			<skladatel idr="s0017"/>
			<skladba>
				<jmeno>Primo Tono</jmeno>
			</skladba>
		</noty>
		<noty>
			<skladatel idr="s0017"/>
		</noty>
		<noty>
			<skladatel idr="s0011"/>
		</noty>
		<noty>
			<skladatel idr="s0018"/>
			<skladba>
				<jmeno>Allemande und Tripla</jmeno>
			</skladba>
		</noty>
		<noty>
			<skladatel idr="s0019"/>
			<skladba>
				<jmeno>Courante</jmeno>
			</skladba>
		</noty>
		<noty>
			<skladatel idr="s0019"/>
			<skladba>
				<jmeno>Volta</jmeno>
			</skladba>
		</noty>
		<noty>
			<skladatel idr="s0020"/>
		</noty>
		<noty>
			<skladatel idr="s0020"/>
			<skladba>
				<jmeno>Galliarda</jmeno>
			</skladba>
			<skladba>
				<jmeno>Couranta</jmeno>
			</skladba>
		</noty>
	</skladby>
	<skladatele>
		<osoba id="s0000">
			<jmeno>anonym</jmeno>
		</osoba>
		<osoba id="s0001">
			<jmeno>John Adson</jmeno>
		</osoba>
		<osoba id="s0002">
			<jmeno>Marco Uccelliny</jmeno>
		</osoba>
		<osoba id="s0004">
			<jmeno>Tarquinio Merula</jmeno>
		</osoba>
		<osoba id="s0005">
			<jmeno>Erasmus Widmann</jmeno>
		</osoba>
		<osoba id="s0006">
			<jmeno>Jacob van Eyck</jmeno>
		</osoba>
		<osoba id="s0007">
			<jmeno>Girolamo Frescobaldi</jmeno>
		</osoba>
		<osoba id="s0008">
			<jmeno>Giovanni Gastoldi</jmeno>
		</osoba>
		<osoba id="s0009">
			<jmeno>Valentin Hausmann</jmeno>
		</osoba>
		<osoba id="s0010">
			<jmeno>Thomas Morley</jmeno>
		</osoba>
		<osoba id="s0011">
			<jmeno>Michael Praetorius</jmeno>
		</osoba>
		<osoba id="s0012">
			<jmeno>Melchior Franck</jmeno>
		</osoba>
		<osoba id="s0013">
			<jmeno>William Brade</jmeno>
		</osoba>
		<osoba id="s0014">
			<jmeno>Franz Rossel</jmeno>
		</osoba>
		<osoba id="s0015">
			<jmeno>Pierre Phalèse</jmeno>
		</osoba>
		<osoba id="s0016">
			<jmeno>Johann Sebastian Bach</jmeno>
		</osoba>
		<osoba id="s0017">
			<jmeno>Giovanni Pierluigi da Palestrina</jmeno>
		</osoba>
		<osoba id="s0018">
			<jmeno>Johann Hermann Schein</jmeno>
		</osoba>
		<osoba id="s0019">
			<jmeno>Thomas Simpson</jmeno>
		</osoba>
		<osoba id="s0020">
			<jmeno>Johann Staden</jmeno>
		</osoba>
	</skladatele>
</database>