<?xml version="1.0" encoding="UTF-8"?>
<!DOCTYPE vrs SYSTEM "data.dtd">
<!-- vrs= Video Rental Shop -->
<vrs>
	<movies>
		<movie id="m001" count="5" rating="PG-13">
			<title>Gravity</title>
			<director>Alfonso Cuarón</director>
			<length>91</length>
			<inTheaters />
		</movie>
		<movie id="m002" count="1" rating="R">
			<title>12 Years a Slave</title>
			<director>Steve McQueen</director>
			<length>134</length>
			<inTheaters />
		</movie>
		<movie id="m003" count="0" rating="PG-13">
			<title>Captain Philips</title>
			<director>Paul Greengrass</director>
			<length>134</length>
		</movie>
		<movie id="m004" count="3" rating="R">
			<title>Dallas Buyers Club</title>
			<director>Jean-Marc Vallée</director>
			<length>116</length>
		</movie>
		<movie id="m005" count="5" rating="R">
			<title>The Wolf of Wall Street</title>
			<director>Martin Scorsese</director>
			<length>179</length>
		</movie>
		<movie id="m006" count="5" rating="R">
			<title>Her</title>
			<director>Spike Jonze</director>
			<length>126</length>
			<inTheaters />
		</movie>
		<movie id="m007" count="15" rating="R">
			<title>Nebraska</title>
			<director>Alexander Payne</director>
			<length>110</length>
		</movie>
		<movie id="m008" count="2" rating="PG-13">
			<title>The Hobbit: The Desolation of Smaug</title>
			<director>Peter Jackson</director>
			<length>161</length>
			<inTheaters />
		</movie>
		<movie id="m009" count="6" rating="PG-13">
			<title>The Great Gatsby</title>
			<director>Baz Luhrmann</director>
			<length>105</length>
		</movie>
		<movie id="m010" count="10" rating="PG-13">
			<title>Star Trek: Into Darkness</title>
			<director>J. J. Abrams</director>
			<length>133</length>
		</movie>
		<movie id="m011" count="8" rating="R">
			<title>American Hustle</title>
			<director>David O. Russell</director>
			<length>138</length>
			<inTheaters />
		</movie>
	</movies>
	
	<customers>
		<customer id="c001">
			<name>Marissa Cooper</name>
			<phone>555 123 456</phone>
		</customer>
		<customer id="c002">
			<name>Seth Cohen</name>			
		</customer>
		
		<customer id="c003">
			<name>Summer Roberts</name>
		</customer>
		
		<customer id="c004">
			<name>Ryan Atwood</name>
			<phone>555 111 222</phone>
		</customer>
	</customers>
	
	<rentals>
		<rental movieRef="m001" customerRef="c001">
			<dateFrom>21.2.2014</dateFrom>
			<dateTo>3.3.2014</dateTo>
		</rental>
		
		<rental movieRef="m010" customerRef="c001">
			<dateFrom>28.2.2014</dateFrom>
			<dateTo>24.2.2014</dateTo>
		</rental>
		
		<rental movieRef="m003" customerRef="c002">
			<dateFrom>7.3.2014</dateFrom>
			<dateTo>10.7.2014</dateTo>
		</rental>
		
		<rental movieRef="m007" customerRef="c002">
			<dateFrom>14.7.2014</dateFrom>
			<dateTo>17.7.2014</dateTo>
		</rental>
		
		<rental movieRef="m008" customerRef="c002">
			<dateFrom>14.7.2014</dateFrom>
			<dateTo>17.7.2014</dateTo>
		</rental>
		
	</rentals>
	
	<modified>Valid up to date <?php echo Date("d.m.Y")?>
	</modified>
	<author>&author;</author>
</vrs>
