<?xml version="1.0" encoding="utf-8" ?>
<kreditky>
	<kreditka id="cr_001">
		<cislo>151617181920</cislo>
		<pin>9999</pin>
		<datum_platnosti>2014-10-30</datum_platnosti>
		<is2>999</is2>
		<farba>red</farba>
		<dizajn>bleh</dizajn>
		<accountRef>client_001_a0</accountRef>
	</kreditka>	
	<kreditka id="cr_002">
		<cislo>151617181784</cislo>
		<pin>6666</pin>
		<datum_platnosti>2016-12-31</datum_platnosti>
		<is2>666</is2>
		<farba>black</farba>
		<dizajn>cool</dizajn>
		<accountRef>client_001_a1</accountRef>
	</kreditka>
</kreditky>