<?xml version="1.0" encoding="UTF-8"?>
<obchod>
	<produkty>
		<pecivo>
			<produkt pid="pid_011" kategorie="kid_002" dodavatel="did_001" nazev="Loupáček" />
			<produkt pid="pid_012" kategorie="kid_002" dodavatel="did_002" nazev="Loupáček" />
			<produkt pid="pid_013" kategorie="kid_002" dodavatel="did_002" nazev="Makový závin" />
			<produkt pid="pid_014" kategorie="kid_002" dodavatel="did_002" nazev="Kobliha" />
		</pecivo>
		<mlecne_vyrobky>
			<produkt pid="pid_015" kategorie="kid_001" dodavatel="did_001" nazev="Droždí" />
		</mlecne_vyrobky>
		<ovoce>
			<prodkut pid="pid_016" kategorie="kid_003" dodavatel="did_003" nazev="Kiwi" />
			<prodkut pid="pid_016" kategorie="kid_003" dodavatel="did_003" nazev="Grapefruit" />
		</ovoce>
	</produkty>
</obchod>