<?xml version="1.0" encoding="UTF-8"?>
<persons>

	<!-- Actors and directors -->
	<person id="person1" firstname="Elijah" surname="Wood" sex="male" dateOfBirth="28/01/1981"/>
	<person id="person2" firstname="Sean" surname="Astin" sex="male" dateOfBirth="25/02/1971"/>
	<person id="person3" firstname="Ian" surname="McKellen" sex="male" dateOfBirth="25/05/1939"/>
	<person id="person4" firstname="Christopher" surname="Lee" sex="male" dateOfBirth="27/05/1922"/>
	<person id="person5" firstname="Patrick" surname="Stewart" sex="male" dateOfBirth="13/07/1940"/>
	<person id="person6" firstname="Hugh" surname="Jackman" sex="male" dateOfBirth="12/10/1968"/>
	<person id="person7" firstname="Bryan" surname="Singer" sex="male" dateOfBirth="17/091965"/>
	<person id="person8" firstname="Peter" surname="Jackson" sex="male" dateOfBirth="31/10/1961"/>
	<person id="person9" firstname="George" surname="Lucas" sex="male" dateOfBirth="14/051944" />
	<person id="person10" firstname="Ewan" surname="McGregor" sex="male" dateOfBirth="31/03/1971" />
	<person id="person11" firstname="Natalie" surname="Portman" sex="female" dateOfBirth="09/06/1981" />
	
</persons>

