<?xml version="1.0" encoding="UTF-8"?>
<persons>

	<!-- Actors and directors -->
	<person id="person1">
		<firstname>Robert</firstname>
		<surname>Downey</surname>
		<sex>male</sex>
		<dateOfBirth>
			<day>4</day>
			<month>4</month>
			<year>1965</year>
		</dateOfBirth>
	</person>
	
	<person id="person2">
		<firstname>Scarlett</firstname>
		<surname>Johansson</surname>
		<sex>female</sex>
		<dateOfBirth>
			<day>22</day>
			<month>11</month>
			<year>1984</year>
		</dateOfBirth>
	</person>
	
	<person id="person3">
		<firstname>Christopher</firstname>
		<surname>Lee</surname>
		<sex>male</sex>
		<dateOfBirth>
			<day>27</day>
			<month>05</month>
			<year>1922</year>
		</dateOfBirth>
	</person>
	
	<person id="person4">
		<firstname>Samuel L.</firstname>
		<surname>Jackson</surname>
		<sex>male</sex>
		<dateOfBirth>
			<day>21</day>
			<month>12</month>
			<year>1948</year>
		</dateOfBirth>
	</person>
	
</persons>