<?xml version="1.0" encoding="UTF-8"?>
<addressBook>
	<person name="Jan Novak">
	  <name>Dummy Name</name>
	  <phone>+420 123 456 789</phone>
	  <email>jan@novak.cz</email>
	  <addr>
	   <street>Dlouha 5</street>
	   <city>Zapadakov</city>
	   <state id="1">Czech republic</state>
	  </addr>
	  <friends>
	   <person name="Prokop Buben">
    	  <phone>+420 666 555 444</phone>
    	</person>
    	<person name="Tomas Marny">
    	  <phone>+420 333 222 111</phone>
    	</person>
	  </friends>
	</person>
	<person name="Al Koholik">
	  <phone><!-- maybe wrong number, he is losing his phone really often ;
    sax handler bohuzel nevidi komentare, takze nadrazeny "phone" take zapocita,
    ze ho lze prevest na atribut. DOM handler ho ale neprevede.--> +420 123 456 789</phone>
	  <addr>
	   <street>Klikata 3</street>
	   <city>Plzen</city>
	   <state id="1">Czech republic</state>
	  </addr>
	  <friends />
	</person>
</addressBook>
