<?xml version="1.0" encoding="UTF-8"?>

<nhlarenas>
	<!-- 
		EASTERN CONFERENCE
	                       -->

	<!-- Atlantic division -->
	<arena id="s01">
		<name>Prudential Center</name>
		<capacity>17625</capacity>
		<opened>2007</opened>
		<city>Newark</city>
		<hometeam id="t00">New Jersey Devils</hometeam>
		<hometeam>Colorado Rockies</hometeam>
		<hometeam>Kansas City Scouts</hometeam>
	</arena>
	<arena id="s02">
		<name>Nassau Veterans Memorial Coliseum</name>
		<capacity>16250</capacity>
		<opened>1972</opened>
		<city>Uniondale</city>
		<hometeam id="t01">New York Islanders</hometeam>
	</arena>
	<arena id="s03">
		<name>Madison Square Garden</name>
		<capacity>18200</capacity>
		<opened>1968</opened>
		<city>New York City</city>
		<hometeam id="t02">New York Rangers</hometeam>
	</arena>
	<arena id="s04">
		<name>Wells Fargo Center</name>
		<capacity>19537</capacity>
		<opened>1996</opened>
		<city>Philadelphia</city>
		<hometeam id="t03">Philadelphia Flyers</hometeam>
	</arena>
	<arena id="s05">
		<name>Consol Energy Center</name>
		<capacity>18387</capacity>
		<opened>2010</opened>
		<city>Pittsburgh</city>
		<hometeam id="t04">Pittsburgh Penguins</hometeam>
	</arena>
	
	<!-- Northeast division -->
	<arena id="s06">
		<name>TD Garden</name>
		<capacity>17565</capacity>
		<opened>1995</opened>
		<city>Boston</city>
		<hometeam id="t05">Boston Bruins</hometeam>
	</arena>
	<arena id="s07">
		<name>First Niagara Center</name>
		<capacity>18690</capacity>
		<opened>1996</opened>
		<city>Buffalo</city>
		<hometeam id="t06">Buffalo Sabres</hometeam>
	</arena>
	<arena id="s08">
		<name>Bell Centre</name>
		<capacity>21273</capacity>
		<opened>1996</opened>
		<city>Montreal</city>
		<hometeam id="t07">Montreal Canadiens</hometeam>
	</arena>
	<arena id="s09">
		<name>Scotiabank Place</name>
		<capacity>19153</capacity>
		<opened>1996</opened>
		<city>Ottawa</city>
		<hometeam id="t08">Ottawa Senators</hometeam>
	</arena>
	<arena id="s10">
		<name>Air Canada Centre</name>
		<capacity>18819</capacity>
		<opened>1999</opened>
		<city>Toronto</city>
		<hometeam id="t09">Toronto Maple Leafs</hometeam>
		<hometeam>Toronto St. Patricks</hometeam>
		<hometeam>Toronto Arenas</hometeam>
	</arena>
	
	<!-- Southeast division -->
	<arena id="s11">
		<name>PNC Arena</name>
		<capacity>18680</capacity>
		<opened>1999</opened>
		<city>Raleigh</city>
		<hometeam id="t10">Carolina Hurricanes</hometeam>
		<hometeam>Hartford Whalers</hometeam>
		<hometeam>New England Whalers</hometeam>
	</arena>
	<arena id="s12">
		<name>BankAtlantic Center</name>
		<capacity>19250</capacity>
		<opened>1998</opened>
		<city>Sunrise</city>
		<hometeam id="t11">Florida Panthers</hometeam>
	</arena>
	<arena id="s13">
		<name>Tampa Bay Times Forum</name>
		<capacity>19204</capacity>
		<opened>1996</opened>
		<city>Tampa</city>
		<hometeam id="t12">Tampa Bay Lightning</hometeam>
	</arena>
	<arena id="s14">
		<name>Verizon Center</name>
		<capacity>18506</capacity>
		<opened>1997</opened>
		<city>Washington</city>
		<hometeam id="t13">Washington Capitals</hometeam>
	</arena>
	<arena id="s15">
		<name>MTS Centre</name>
		<capacity>15004</capacity>
		<opened>2004</opened>
		<city>Winnipeg</city>
		<hometeam id="t14">Winnipeg Jets</hometeam>
		<hometeam>Atlanta Thrashers</hometeam>
	</arena>
	
	<!-- 
		WESTERN CONFERENCE
	                       -->
	
	<!-- Central division -->
	<arena id="s16">
		<name>United Center</name>
		<capacity>19717</capacity>
		<opened>1994</opened>
		<city>Chicago</city>
		<hometeam id="t15">Chicago Blackhawks</hometeam>
	</arena>
	<arena id="s17">
		<name>Nationwide Arena</name>
		<capacity>18144</capacity>
		<opened>2000</opened>
		<city>Columbus</city>
		<hometeam id="t16">Columbus Blue Jackets</hometeam>
	</arena>
	<arena id="s18">
		<name>Joe Louis Arena</name>
		<capacity>20066</capacity>
		<opened>1979</opened>
		<city>Detroit</city>
		<hometeam id="t17">Detroit Red Wings</hometeam>
		<hometeam>Detroit Falcones</hometeam>
		<hometeam>Detroit Cougars</hometeam>
	</arena>
	<arena id="s19">
		<name>Bridgestone Arena</name>
		<capacity>17113</capacity>
		<opened>1996</opened>
		<city>Nashville</city>
		<hometeam id="t18">Nashville Predators</hometeam>
	</arena>
	<arena id="s20">
		<name>Scottrade Center</name>
		<capacity>19150</capacity>
		<opened>1994</opened>
		<city>St. Louis</city>
		<hometeam id="t19">St. Louis Blues</hometeam>
	</arena>
	
	<!-- Northwest division -->
	<arena id="s20">
		<name>Scotiabank Saddledome</name>
		<capacity>19289</capacity>
		<opened>1983</opened>
		<city>Calgary</city>
		<hometeam id="t19">Calgary Flames</hometeam>
		<hometeam>Atlanta Flames</hometeam>
	</arena>
	<arena id="s21">
		<name>Pepsi Center</name>
		<capacity>18007</capacity>
		<opened>1999</opened>
		<city>Denver</city>
		<hometeam id="t20">Colorado Avalanche</hometeam>
		<hometeam>Quebec Nordiques</hometeam>
	</arena>
	<arena id="s22">
		<name>Rexall Place</name>
		<capacity>16839</capacity>
		<opened>1974</opened>
		<city>Edmonton</city>
		<hometeam id="t21">Edmonton Oilers</hometeam>
		<homteam>Alberta Oilers</homteam>
	</arena>
	<arena id="s23">
		<name>Xcel Energy Center</name>
		<capacity>18064</capacity>
		<opened>2000</opened>
		<city>St. Paul</city>
		<hometeam id="t22">Minnesota Wild</hometeam>
	</arena>
	<arena id="s24">
		<name>Rogers Arena</name>
		<capacity>18890</capacity>
		<opened>1995</opened>
		<city>Vancouver</city>
		<hometeam id="t23">Vancouver Canucks</hometeam>
	</arena>
	
	<!-- Pacific division -->
	<arena id="s25">
		<name>Honda Center</name>
		<capacity>17174</capacity>
		<opened>2001</opened>
		<city>Anaheim</city>
		<hometeam id="t24">Anaheim Ducks</hometeam>
		<hometeam>Mighty Ducks of Anaheim</hometeam>
	</arena>
	<arena id="s26">
		<name>American Airlines Center</name>
		<capacity>17001</capacity>
		<opened>1980</opened>
		<city>Dallas</city>
		<hometeam id="t25">Dallas Stars</hometeam>
		<hometeam>Minnesot North Stars</hometeam>
	</arena>
	<arena id="s27">
		<name>Staples Center</name>
		<capacity>18118</capacity>
		<opened>1999</opened>
		<city>Los Angeles</city>
		<hometeam id="t26">Los Angeles Kings</hometeam>
	</arena>
	<arena id="s28">
		<name>Jobing.com Arena</name>
		<capacity>17125</capacity>
		<opened>2003</opened>
		<city>Glendale</city>
		<hometeam id="t27">Phoenix Coyotes</hometeam>
		<hometeam>Winnipeg Jets</hometeam>
	</arena>
	<arena id="s29">
		<name>HP Pavilion at San Jose</name>
		<capacity>17562</capacity>
		<opened>1993</opened>
		<city>San Jose</city>
		<hometeam id="t28">San Jose Sharks</hometeam>
	</arena>
	
</nhlarenas>
