<?xml version="1.1" encoding="UTF-8"?>

<?textinfo alpha-ascending?>
<!-- XML Data -->
<Database>
	<Software>
		<Name abbreviation="PS" latestVersion="CS5">Photoshop</Name>
		<SoftwareNumber>1</SoftwareNumber>
		<Type>Grafika</Type>
		<Developer id="adobe"></Developer>
		<Licence>Trial</Licence>
		<OS>
			<MacOS>No</MacOS>
			<Windows>
				<WinXP>Yes</WinXP>
				<Vista>Yes</Vista>
				<Win7>Yes</Win7>
				<Win8>Yes</Win8>
			</Windows>
			<Linux>No</Linux>
		</OS>
		<Describe>Nejznamejsi a nejpouzivanejsi graficky software na trhu.</Describe>
		<Publication>2011</Publication>
		<Website>http://www.adobe.com/photoshop.html</Website>
		<Size>500</Size>
		<Rank>9</Rank>
		<Price>10000</Price>
	</Software>
	
	<Software>
		<Name>Chrome</Name>
		<SoftwareNumber>2</SoftwareNumber>
		<Type>Internet</Type>
		<Developer id="google"></Developer>
		<Licence>Free</Licence>
		<OS>
			<MacOS>Yes</MacOS>
			<Windows>
				<WinXP>Yes</WinXP>
				<Vista>Yes</Vista>
				<Win7>Yes</Win7>
				<Win8>Yes</Win8>
			</Windows>
			<Linux>Yes</Linux>
		</OS>
		<Describe>Internetovy prohlizec</Describe>
		<Publication publication="2009"></Publication>
		<Website>http://www.google.com</Website>
		<Size>70</Size>
		<Rank>10</Rank>
		<Price>0</Price>
	</Software>
	
	<Software>
		<Name>Skype</Name>
		<SoftwareNumber>3</SoftwareNumber>
		<Type>Komunikace</Type>
		<Developer id="skype"></Developer>
		<Licence>Free</Licence>
		<OS>
			<MacOS>Yes</MacOS>
			<Windows>
				<WinXP>Yes</WinXP>
				<Vista>Yes</Vista>
				<Win7>Yes</Win7>
				<Win8>Yes</Win8>
			</Windows>
			<Linux>Yes</Linux>
		</OS>
		<Describe>Komunikacni prostredek</Describe>
		<Publication publication="2004"></Publication>
		<Website>http://www.skype.com</Website>
		<Size>35</Size>
		<Rank>9</Rank>
		<Price>150</Price>
	</Software>
	
	<Software>
		<Name abbreviation="VS" latestVersion="2013">Visual Studio</Name>
		<SoftwareNumber>4</SoftwareNumber>
		<Type>IDE</Type>
		<Developer id="microsoft"></Developer>
		<Licence>Trial</Licence>
		<OS>
			<MacOS>No</MacOS>
			<Windows>
				<WinXP>Yes</WinXP>
				<Vista>Yes</Vista>
				<Win7>YES</Win7>
				<Win8>Yes</Win8>
			</Windows>
			<Linux>No</Linux>
		</OS>
		<Describe>Vyvojove prostredi pro C, C++, .NET, PHP, HTML a dalsi</Describe>
		<Publication publication="2008"></Publication>
		<Website>http://www.microsoft.com/visualstudio</Website>
		<Size>850</Size>
		<Rank>9</Rank>
		<Price>15000</Price>
	</Software>
	
	<Company id="adobe">
		<CompanyName>Adobe</CompanyName>
		<Seat>
			<Street>Technicka</Street>
			<Number number="250" secondNumber="15"></Number>
			<City>Los Angeles</City>
			<Country>California</Country>
		</Seat>
		<Specification>Software company</Specification>
	</Company>
	
	<Company id="google">
		<CompanyName>Google</CompanyName>
		<Seat>
			<Street>Google Street</Street>
			<Number number="666" secondNumber="88"></Number>
			<City>Los Angeles</City>
			<Country>California</Country>
		</Seat>
		<Specification>Not to say</Specification>
	</Company>
	
	<Company id="skype">
		<CompanyName>Skype</CompanyName>
		<Seat>
			<Street>Wolfeschlegelsteinhausenbergerdorff Street</Street>
			<Number number="1415" secondNumber="26"></Number>
			<City>Undercity</City>
			<Country>Transilvania</Country>
		</Seat>
		<Specification>Calling everywhere</Specification>
	</Company>
	
	<Company id="microsoft">
		<CompanyName>Microsoft</CompanyName>
		<Seat>
			<Street>Wallstreet</Street>
			<Number number="5"></Number>
			<City>Road To Hell City</City>
			<Country>Ney York</Country>
		</Seat>
		<Specification>God of all windows</Specification>
	</Company>
	
	<Company id="oracle">
		<CompanyName>Oracle</CompanyName>
		<Seat>
			<Street>Silicon hill</Street>
			<Number number="66"></Number>
			<City>Los Angeles</City>
			<Country>California</Country>
		</Seat>
		<Specification>Java guru</Specification>
	</Company>
</Database>