<?xml version="1.0" encoding="UTF-8"?>
	<!-- Objednavky -->
	<Orders>
		<order ido="o1">
			<Name>Alexey Rybak</Name>
			<Items>
				<item idref="m02" name="Relax vol.2" price="2" quantity="1"/>
				<item idref="mo01" name="Harry Potter I" price="4" quantity="1"/>
			</Items>
			<shipDate>2012-03-4</shipDate>
		</order>
		<order ido="o2">
				<Name>Diana Charles</Name>
			<Items>
				<item idref="mo01" name="Harry Potter I" price="4" quantity="1"/>
				<item idref="m01" name="Relax vol.1" price="2" quantity="1"/>
				<item idref="b01" name="PHP Hacks" price="3" quantity="1"/>
				<item idref="g01" name="Final fantasy X" price="5" quantity="1"/>
			</Items>
			<shipDate>2012-4-14</shipDate>
		</order>
	</Orders>