<?xml version="1.0" encoding="UTF-8"?>
<GALERIE xmlns:xs="http://www.w3.org/2001/XMLSchema-instance" xs:noNamespaceSchemaLocation="data.xsd">
	<Autori>
		<autor Id="A01">
			<Osoba>
				<Jmeno>Jan</Jmeno>
				<Prijmeni>Novak</Prijmeni>
			</Osoba>
		</autor>
		<autor Id="A02">
			<Skupina_autoru nazev="Rebelove">
				<Osoba>
					<Jmeno></Jmeno>
					<Prijmeni>Novotny</Prijmeni>
				</Osoba>
				<Osoba>
					<Jmeno></Jmeno>
					<Prijmeni>Cerny</Prijmeni>
				</Osoba>
			</Skupina_autoru>
		</autor>
	</Autori>
	<Mistnosti>
		<Mistnost>
			<Dilo xs:type="T_obraz" Id="D01" technika="malba">
				<Nazev>Les</Nazev>
				<Autor>A01</Autor>
				<Popis jazyk="cs">Podzimni krajinka svetoznameho autora.</Popis>
			</Dilo>
			<Dilo xs:type="T_socha" Id="D02" kProdeji="true" cena="20">
				<Nazev>Busta</Nazev>
				<Autor>A02</Autor>
			</Dilo>
			<Dilo xs:type="T_socha" Id="D03" kProdeji="true" cena="20" material="drevo" vaha="5290">
				<Nazev>Karel</Nazev>
				<Autor>A02</Autor>
			</Dilo>
		</Mistnost>
	</Mistnosti>
</GALERIE>