<?xml version="1.0" encoding="UTF-8" standalone="no"?><!-- DOMACI UKOL XML FILE--><Firma>
	<Lide>
		<Odberatele>
			<Obchodnik dic="cz154" ico="5154141561" id="z1">
				<FakturacniAdresa> 
					Jarka Metelka 
					Lukov? u Rudoltic v ?ech?ch
					56104
				</FakturacniAdresa>
				<DodaciAdresa>
					Elektroservis ABC
					Jablonn? nad Orlic?
					56125
				</DodaciAdresa>
			</Obchodnik>
			<Obchodnik dic="cz56159" ico="156165464" id="z2">
				<FakturacniAdresa>
					Michal Bajus
					Ostrov u Macochy 14
					<?php echo $psc; ?>
				</FakturacniAdresa>
			</Obchodnik>
		</Odberatele>
		<Dodavatele>
			<Obchodnik dic="cz51615" ico="46546513" id="z3">
				<FakturacniAdresa> 
						Pov?o v.o.s.
						N?m?st? gen. Svobody 4
						Brno
				</FakturacniAdresa>
			</Obchodnik>
		</Dodavatele>
		<Zamestnanci>
			<Zamestnanec cisloOP="65165648641" id="c1" jmeno="Alois Brigadier" stalyPracovniPomer="true"/>
		<Zamestnanec cisloOP="6459741313" id="c2" jmeno="Ev??????en Li??????ka" stalyPracovniPomer="true"/><Zamestnanec cisloOP="1465974154" id="c3" jmeno="Ella Antonie Li??????kov??????" stalyPracovniPomer="true"/><Zamestnanec cisloOP="2743559716" id="c4" jmeno="Alfred Ostrouch" stalyPracovniPomer="true"/></Zamestnanci>
	</Lide>
	<Sklad>
		
		<SkladovaPolozka id="sp2" pocetKusu="25" produktId="p2"/>
		<SkladovaPolozka id="sp3" pocetKusu="25" produktId="p3"/>
	</Sklad>
	<Katalog>
		<Tridy>
			<Trida id="t1" jmeno="Bil? Elektronika">
				<Trida id="t2" jmeno="Velk? b?l? Elektronika">
					<Trida id="t3" jmeno="Ledni?ky"/>
				</Trida>
				<Trida id="t4" jmeno="Mal? b?l? elektronika">
					<Trida id="t5" jmeno="Rychlovarn? konvice">
							<Trida id="t6" jmeno="Spir?lov?"/>
							<Trida id="t7" jmeno="Bezspir?lov?" popis="Konvice s plot?nkou"/>
					</Trida>
				</Trida>
			</Trida>
			<Trida id="t8" jmeno="?ern? Elektronika"/>
			<Trida id="t9" jmeno="Novinky"/>
		</Tridy>
		<Produkty>
			
			<Produkt doporucenaCena="321" id="p2" jmeno="Konvice Nineth" tridy="t7" znacka="Isolit-Bravo spol s r. o.">
				Bezzspir?lov? rychlovarn? konvice navr?en? pro lond?sk? trh.
				Prvn? bezspir?lov? konvice v ?ech?ch.
			</Produkt>
			<Produkt doporucenaCena="251" id="p3" jmeno="Konvice Katka" tridy="t6 t9" znacka="Isolit-Bravo spol s r. o.">
				P??kon 1800 W.
				Objem 2l.
			</Produkt>
			<Produkt id="p4" jmeno="Konvice Jana" tridy="t7" znacka="Isolit-Bravo spol s r. o."/>
			<Produkt id="p5" jmeno="Konvice Linda" tridy="t7" znacka="Isolit-Bravo spol s r. o."/>
			<Produkt id="p6" jmeno="Konvice Nela" tridy="t7" znacka="Isolit-Bravo spol s r. o."/>
			<Produkt id="p7" jmeno="Konvice Zita" tridy="t7" znacka="Isolit-Bravo spol s r. o."/>
			<Produkt id="p8" jmeno="Konvice Exclusiv" tridy="t7" znacka="Isolit-Bravo spol s r. o."/>
			<Produkt id="p9" jmeno="Konvice Queen" tridy="t7" znacka="Isolit-Bravo spol s r. o."/>
			<Produkt id="p10" jmeno="Konvice Dita" tridy="t7" znacka="Isolit-Bravo spol s r. o."/>
		</Produkty>
	</Katalog>
	<Ucetnictvi>
		<Prijem>
			<Faktura id="f1" obchodnikId="z3" typ="PRIJEM">
				
				<FakturacniPolozka cena="300" pocetKusu="30" produktId="p2"/>
				<FakturacniPolozka cena="200" pocetKusu="30" produktId="p3"/>
			</Faktura>
		</Prijem>
		<Vydej>
				<Faktura id="f2" obchodnikId="z1" typ="VYDEJ">
					
					<FakturacniPolozka cena="399" pocetKusu="5" produktId="p2"/>
				</Faktura>
				<Faktura id="f3" obchodnikId="z2" typ="VYDEJ">
					<FakturacniPolozka cena="249" pocetKusu="5" produktId="p3"/>
				</Faktura>
		</Vydej>
	</Ucetnictvi>
	<Poznamky>
		<Poznamka>
			NIC
			<Poznamka>NIC2</Poznamka>
			<![CDATA[
function somefunc(a,b)
{
return 0;
}
]]>
		</Poznamka>
	</Poznamky>
</Firma>