<?xml version="1.0" encoding="UTF-8"?>
<jazykovy_kurz id="ID_21">
	<jazyk>aj</jazyk>
	<uroven>pokrocily</uroven>
	<vyucujici id="ID_2">
		<titul>Ing. </titul>
		<jmeno>Martin</jmeno>
		<prijmeni>Guma</prijmeni>
		<email>guma@gmail.com</email>
	</vyucujici>
	<ucebna>3</ucebna>
	<budova>L</budova>
		<student id="ID_3">
		<titul/>
		<jmeno>Karel</jmeno>
		<prijmeni>Gumil</prijmeni>
		<email>gumil@seznam.cz</email>			
	</student>	
		<student id="ID_13">
		<titul/>
		<jmeno>Franta</jmeno>
		<prijmeni>Dumil</prijmeni>
		<email>gumil@seznam.cz</email>		
	</student>
	<literatura>
		<nazev>Aj pro pokrocile</nazev>
		<kapitola><nazev>stolovani</nazev>
			<podkapitola><nazev>jidlo</nazev>
				<podkapitola><nazev>druhy</nazev></podkapitola>
				<podkapitola><nazev>ovoce a zelenina</nazev>				
					<podkapitola><nazev>ovoce</nazev></podkapitola>			
				</podkapitola>
			</podkapitola>			
			<podkapitola><nazev>piti</nazev></podkapitola>
		</kapitola>
	</literatura>	
</jazykovy_kurz>
