<?xml version="1.0" encoding="UTF-8"?>
<!-- 

  Simulace knihovny
  
  obsahuje údaje o čtenářích, autorech knih, titulech a knihách v knihovně a výpůjčkách čtenářů 
  
-->
<?php echo "DU1 made by JIRI DANIEL" ?>
<library 
  xmlns:xsi="http://www.w3.org/2001/XMLSchema-instance"
  xsi:noNamespaceSchemaLocation="data.xsd" >
    <loans>
        <loan user="USER_1" bookItem="BOOKITEM_1">
            <from>2012-03-06</from>
            <to>2012-06-06</to>
        </loan>
        <loan user="USER_1" bookItem="BOOKITEM_12">
            <from>2009-08-01</from>
            <to>2014-03-01</to>
        </loan>
        <loan user="USER_2" bookItem="BOOKITEM_8">
            <from>2012-01-01</from>
            <to>2012-03-01</to>
        </loan>
    </loans>
    <users>
        <user userID="USER_1">
            <name>
                <firstName>Jiří</firstName>
                <surName>Daniel</surName>
            </name>
            <address>
                <street>Kodaňská</street>
                <number>40</number>
                <city>Praha</city>
                <postalCode>10100</postalCode>
                <country>Česká Republika</country>
            </address>
            <email>jiri.daniel@yahoo.de</email>
            <phone>+420728409266</phone>
        </user>
        <user userID="USER_2">
            <name>
                <firstName>Albert</firstName>
                <middleName>Thomas</middleName>
                <surName>Novák</surName>
            </name>
            <address>
                <street>Nová</street>
                <number>1</number>
                <city>Praha</city>
                <postalCode>11000</postalCode>
                <country>Česká Republika</country>
            </address>
            <email>abnovak@seznam.cz</email>
            <email>albert.novak@zamestnavatel.cz</email>
        </user>
        <user userID="USER_3">
            <name>
                <firstName>Karel</firstName>
                <middleName>Havlíček</middleName>
                <surName>Borovský</surName>
            </name>
            <address>
                <street>Náměstí</street>
                <number>8</number>
                <city>Havlíčkova Borová</city>
                <postalCode>58223</postalCode>
                <country>Česká Republika</country>
            </address>
            <email>khb@gmail.com</email>
        </user>
    </users>
    <books>
        <book bookID="BOOK_1" type="sci-fi" authors="AUTHOR_1" language="CZ">
            <title>Krakatit</title>
            <ISBN>9788071973560</ISBN>
            <year>2009</year>
            <imprint>Talpress</imprint>
            <edition>1.</edition>
            <pageCount>52</pageCount>
            <description>Kniha Karla Čapka Krakatit z roku 1922 (vyšlo 1924) je román na téma nebezpečí zneužití vědy, pokud ovládne přírodní síly. 
                         Čapek román napsal za svého pobytu v Jindřichově Hradci ve výletní restauraci Rudolfův dvůr. </description>
        </book>    
        <book bookID="BOOK_2" type="roman" authors="AUTHOR_2" language="EN">
            <title>Digital Fortress</title>
            <ISBN>978-0312335168</ISBN>
            <year>2004</year>
            <imprint>Thomas Dunne Books</imprint>
            <edition>Revised</edition>
            <pageCount>384</pageCount>
            <description>The first novel of <authorRef authorID="AUTHOR_2"/> written in 1998.</description>
        </book>
        <book bookID="BOOK_3" type="roman" authors="AUTHOR_2" language="EN">
            <title>Angels and Demons</title>
            <ISBN>978-0743486224</ISBN>
            <year>2000</year>
            <imprint>Atria Books</imprint>
            <edition>1.</edition>
            <pageCount>572</pageCount>
            <description>The second novel of <authorRef authorID="AUTHOR_2"/> written in 2000.</description>
        </book>
        <book bookID="BOOK_4" type="roman" authors="AUTHOR_2" language="EN">
            <title>Deception Point</title>
            <ISBN>0743490304</ISBN>
            <year>2003</year>
            <imprint>Atria Books</imprint>
            <edition>1.</edition>
            <pageCount>576</pageCount>
            <description>The third novel of <authorRef authorID="AUTHOR_2"/> written in 2001.</description>
        </book>
        <book bookID="BOOK_5" type="roman" authors="AUTHOR_2" language="EN">
            <title>The Da Vinci Code</title>
            <ISBN>978-0385504201</ISBN>
            <year>2003</year>
            <imprint>Doubleday</imprint>
            <edition>1.</edition>
            <pageCount>454</pageCount>
            <description>The fourth novel of <authorRef authorID="AUTHOR_2"/> written in 2003.</description>
        </book>     
        <book bookID="BOOK_6" type="roman" authors="AUTHOR_2" language="EN">
            <title language="EN">The Lost Symbol</title>
            <ISBN>978-0385504225</ISBN>
            <year>2012</year>
            <imprint>Doubleday</imprint>
            <edition>1.</edition>
            <pageCount>528</pageCount>
            <description>The fifth novel of <authorRef authorID="AUTHOR_2"/> written in 2009.</description>
        </book>
        <book bookID="BOOK_7" type="roman" authors="AUTHOR_3" language="DE">
            <title>Die Aufzeichnungen des Malte Laurids Brigge</title>
            <subtitle>Kommentierte Ausgabe</subtitle>
            <ISBN>3-15-009626-X</ISBN>
            <year>1997</year>
            <imprint>Philipp Reclam</imprint>
            <edition>2.</edition>
            <pageCount>358</pageCount>
            <description><bookRef bookID="BOOK_7"/> ist der Titel eines 1910 veröffentlichten Romans in Tagebuchform von <authorRef authorID="AUTHOR_3"/>. 
                         Der Roman wurde 1904 in Rom begonnen und reflektiert unter anderem die ersten Eindrücke eines Paris-Aufenthaltes des Autors von 1902/03. 
                         Das 1910 in Leipzig vollendete Werk blieb Rilkes einziger Roman.</description>
        </book>
        <book bookID="BOOK_8" type="poetry" authors="AUTHOR_3" language="EN">
            <title>Das Buch Der Bilder</title>
            <ISBN>978-1467900973</ISBN>
            <year>2011</year> 
            <imprint>CreateSpace </imprint>
            <edition>1.</edition>
            <pageCount>102</pageCount>
            <description>This anthology is a thorough introduction to classic literature for those who have not yet experienced these literary masterworks. 
                         For those who have known and loved these works in the past, this is an invitation to reunite with old friends in a fresh new format. 
                         From Shakespeare’s finesse to Oscar Wilde’s wit, this unique collection brings together works as diverse and influential as The Pilgrim’s Progress and Othello. 
                         As an anthology that invites readers to immerse themselves in the masterpieces of the literary giants, it is must-have addition to any library.</description>
        </book>   
    </books>
    <bookitems> 
        <bookitem bookitemID="BOOKITEM_1"  book="BOOK_1" number="C.1" />
        <bookitem bookitemID="BOOKITEM_2"  book="BOOK_1" number="C.1" />
        <bookitem bookitemID="BOOKITEM_3"  book="BOOK_1" number="C.1" />
        <bookitem bookitemID="BOOKITEM_4"  book="BOOK_2" number="B.1" />
        <bookitem bookitemID="BOOKITEM_5"  book="BOOK_3" number="B.2" />
        <bookitem bookitemID="BOOKITEM_6"  book="BOOK_3" number="B.2" />
        <bookitem bookitemID="BOOKITEM_7"  book="BOOK_4" number="B.3" />
        <bookitem bookitemID="BOOKITEM_8"  book="BOOK_5" number="B.4" />
        <bookitem bookitemID="BOOKITEM_9"  book="BOOK_5" number="B.4" />
        <bookitem bookitemID="BOOKITEM_10" book="BOOK_5" number="B.4" />
        <bookitem bookitemID="BOOKITEM_11" book="BOOK_6" number="B.5" />
        <bookitem bookitemID="BOOKITEM_12" book="BOOK_7" number="R.1" />
        <bookitem bookitemID="BOOKITEM_13" book="BOOK_8" number="R.2" />
    </bookitems>
    <authors>
        <author authorID="AUTHOR_1">
            <name>
                <firstName>Karel</firstName>
                <surName>Čapek</surName>
            </name>
            <born>1890</born>
            <died>1938</died>
            <biography>Český spisovatel, intelektuál, novinář, dramatik, překladatel a fotograf.</biography>
        </author>
        <author authorID="AUTHOR_2">
            <name>
                <firstName>Dan</firstName>
                <surName>Brown</surName>
            </name>
            <born>1964</born>
        </author>
        <author authorID="AUTHOR_3">
            <name>
                <firstName>Rainer</firstName>
                <middleName>Maria</middleName>
                <surName>Rilke</surName>
            </name>
            <born>1875</born>
            <died>1926</died>
            <biography><![CDATA[Rilke (celým jménem <i>René Karl Wilhelm Johann Josef Maria Rilke<i>) byl jeden z nejvýznamnějších německy píšících lyriků přelomu 19. a 20. století. Napsal také jeden román a několik povídek.]]></biography>
        </author>
    </authors>
</library>
