<?xml version="1.0" standalone="yes"?>
<plugin-manifest>
	<mainFile>XmlSchemaChecker.php</mainFile>
	<type>php</type>
	<description>
		Checks validity of supplied XML &amp; XMLSchema documents, coverage of
		required XMLSchema elements [NOT IMPLEMENTED: and their use in XML].

		Requires valid XMLSchema file data.xsd containing elements specified below
		and valid XML file data.xml valid to supplied XMLSchema and containing
		items described by required XMLSchema elements.
		
		Required XMLSchema elements: simple and complex types, element occurence
		restrictions, mandatory and optional attributes, derived simple types,
		text elements with attributes, use of locally and globally defined items,
		references, inheritance, identity restrictions.
	</description>
	<arguments></arguments>
</plugin-manifest>