<?xml version="1.0" encoding="UTF-8" standalone="no"?><obchod>
	<zamestnance>
		<zamestnanec zid="z_01">
			<osobni_udaje>
				<c_jmeno>
					<jmeno>John</jmeno>
					<prijmeni>Smith</prijmeni>
				</c_jmeno>
				<adresa>
					<cislo_domu>7</cislo_domu>
					<ulice>Vanickova</ulice>
					<mesto>Praha</mesto>
					
				</adresa>
				<rodne_cislo>850512/7512</rodne_cislo>
			</osobni_udaje>
			<plat>220</plat>
		</zamestnanec>
		<zamestnanec zid="z_02">
			<osobni_udaje>
				<c_jmeno>
					<jmeno>Jack</jmeno>
					<prijmeni>Daniels</prijmeni>
				</c_jmeno>
				<adresa>
					<cislo_domu>58</cislo_domu>
					<ulice>Hlavna</ulice>
					<mesto>Bratislava</mesto>
					
				</adresa>
				<rodne_cislo>660817/7462</rodne_cislo>
			</osobni_udaje>
			<plat>170</plat>
		</zamestnanec>
		<zamestnanec zid="z_03">
			<osobni_udaje>
				<c_jmeno>
					<jmeno>Johnnie</jmeno>
					<prijmeni>Walker</prijmeni>
				</c_jmeno>
				<adresa>
					<cislo_domu>22</cislo_domu>
					<ulice>Hlavni</ulice>
					<mesto>Brno</mesto>
					
				</adresa>
				<rodne_cislo>670918/7512</rodne_cislo>
			</osobni_udaje>
			<plat>120</plat>
		</zamestnanec>
	</zamestnance>
	<produkty>
		<produkt pid="p_01">
			<nazev>mleko</nazev>
			<cena>20</cena>
		<typ>mlecny</typ></produkt>
		<produkt pid="p_02">
			<nazev>chleb</nazev>
			<cena>32</cena>
		<typ>pekarsky</typ></produkt>
		<produkt pid="p_03">
			<nazev>klobasa</nazev>
			<cena>152</cena>
		<typ>masovy</typ></produkt>
		<produkt pid="p_04">
			<nazev>zarovka</nazev>
			<cena>13</cena>
		<typ/></produkt>
		<produkt pid="p_05">
			<nazev>cokolada</nazev>
			<cena>25</cena>
		<typ>mlecny</typ></produkt>
		<produkt pid="p_06">
			<nazev>rohlik</nazev>
			<cena>2</cena>
		<typ>pekarsky</typ></produkt>
		<produkt pid="p_07">
			<nazev>kureci stehno</nazev>
			<cena>67</cena>
		<typ>masovy</typ></produkt>
		<produkt pid="p_08">
			<nazev>jablko</nazev>
			<cena>31</cena>
		<typ>ovoce</typ></produkt>
		<produkt pid="p_09">
			<nazev>rajce</nazev>
			<cena>22</cena>
		<typ>zelenina</typ></produkt>
		<produkt pid="p_10">
			<nazev>pizza</nazev>
			<cena>54</cena>
		<typ/></produkt>
	</produkty>	
	<sklady>
		<sklad>
			<nazev>Sklad v Praze</nazev>
			<adresa>
				<cislo_domu>12</cislo_domu>
				<ulice>Dlouha</ulice>
				<mesto>Praha</mesto>
				
			</adresa>
			<polozka mnozstvi="11" pid_ref="p_08"/>
			<polozka mnozstvi="100" pid_ref="p_01"/>
			<polozka mnozstvi="82" pid_ref="p_02"/>
			<polozka mnozstvi="122" pid_ref="p_03"/>
			<polozka mnozstvi="42" pid_ref="p_04"/>
		</sklad>	
		<sklad>
			<nazev>Sklad v Brne</nazev>
			<adresa>
				<cislo_domu>22</cislo_domu>
				<ulice>Prazska</ulice>
				<mesto>Brno</mesto>
				
			</adresa>
			<polozka mnozstvi="71" pid_ref="p_04"/>
			<polozka mnozstvi="71" pid_ref="p_04"/>
			<polozka mnozstvi="71" pid_ref="p_05"/>
			<polozka mnozstvi="222" pid_ref="p_06"/>
			<polozka mnozstvi="31" pid_ref="p_07"/>
			<polozka mnozstvi="112" pid_ref="p_08"/>
		</sklad>
	</sklady>
	<evidencezam>
		<prace datum="20120308" zid_ref="z_02">
			
			<od>8</od>
			<do>15</do>
		<c_jmeno><jmeno>Jack</jmeno><prijmeni>Daniels</prijmeni></c_jmeno></prace>
		<prace datum="20120219" zid_ref="z_01">
			
			<od>11</od>
			<do>18</do>
		<c_jmeno><jmeno>John</jmeno><prijmeni>Smith</prijmeni></c_jmeno></prace>
		<prace datum="20120220" zid_ref="z_01">
			
			<od>10</od>
			<do>18</do>
		<c_jmeno><jmeno>John</jmeno><prijmeni>Smith</prijmeni></c_jmeno></prace>
	</evidencezam>
</obchod>