<?xml version="1.0" encoding="UTF-8"?>

<obchod>
	<zamestnance>
		<zamestnanec zid="z_01">
			<osobni_udaje>
				<c_jmeno>
					<jmeno>John</jmeno>
					<prijmeni>Smith</prijmeni>
				</c_jmeno>
				<adresa>
					<cislo_domu>7</cislo_domu>
					<ulice>Vanickova</ulice>
					<mesto>Praha</mesto>
					<stat>Ceska republika</stat>
				</adresa>
				<rodne_cislo>850512/7512</rodne_cislo>
			</osobni_udaje>
			<plat>220</plat>
		</zamestnanec>
		<zamestnanec zid="z_02">
			<osobni_udaje>
				<c_jmeno>
					<jmeno>Jack</jmeno>
					<prijmeni>Daniels</prijmeni>
				</c_jmeno>
				<adresa>
					<cislo_domu>58</cislo_domu>
					<ulice>Hlavna</ulice>
					<mesto>Bratislava</mesto>
					<stat>Slovenska republika</stat>
				</adresa>
				<rodne_cislo>660817/7462</rodne_cislo>
			</osobni_udaje>
			<plat>170</plat>
		</zamestnanec>
		<zamestnanec zid="z_03">
			<osobni_udaje>
				<c_jmeno>
					<jmeno>Johnnie</jmeno>
					<prijmeni>Walker</prijmeni>
				</c_jmeno>
				<adresa>
					<cislo_domu>22</cislo_domu>
					<ulice>Hlavni</ulice>
					<mesto>Brno</mesto>
					<stat>Ceska republika</stat>
				</adresa>
				<rodne_cislo>670918/7512</rodne_cislo>
			</osobni_udaje>
			<plat>120</plat>
		</zamestnanec>
	</zamestnance>
	<produkty>
		<produkt pid="p_01" typ="mlecny">
			<nazev>mleko</nazev>
			<cena>20</cena>
		</produkt>
		<produkt pid="p_02" typ="pekarsky">
			<nazev>chleb</nazev>
			<cena>32</cena>
		</produkt>
		<produkt pid="p_03" typ="masovy">
			<nazev>klobasa</nazev>
			<cena>152</cena>
		</produkt>
		<produkt pid="p_04">
			<nazev>zarovka</nazev>
			<cena>13</cena>
		</produkt>
		<produkt pid="p_05" typ="mlecny">
			<nazev>cokolada</nazev>
			<cena>25</cena>
		</produkt>
		<produkt pid="p_06" typ="pekarsky">
			<nazev>rohlik</nazev>
			<cena>2</cena>
		</produkt>
		<produkt pid="p_07" typ="masovy">
			<nazev>kureci stehno</nazev>
			<cena>67</cena>
		</produkt>
		<produkt pid="p_08" typ="ovoce">
			<nazev>jablko</nazev>
			<cena>31</cena>
		</produkt>
		<produkt pid="p_09" typ="zelenina">
			<nazev>rajce</nazev>
			<cena>22</cena>
		</produkt>
		<produkt pid="p_10">
			<nazev>pizza</nazev>
			<cena>54</cena>
		</produkt>
	</produkty>	
	<sklady>
		<sklad>
			<nazev>Sklad v Praze</nazev>
			<adresa>
				<cislo_domu>12</cislo_domu>
				<ulice>Dlouha</ulice>
				<mesto>Praha</mesto>
				<stat>Ceska republika</stat>
			</adresa>
			<polozka pid_ref="p_08" mnozstvi="11"></polozka>
			<polozka pid_ref="p_01" mnozstvi="100"></polozka>
			<polozka pid_ref="p_02" mnozstvi="82"></polozka>
			<polozka pid_ref="p_03" mnozstvi="122"></polozka>
			<polozka pid_ref="p_04" mnozstvi="42"></polozka>
		</sklad>	
		<sklad>
			<nazev>Sklad v Brne</nazev>
			<adresa>
				<cislo_domu>22</cislo_domu>
				<ulice>Prazska</ulice>
				<mesto>Brno</mesto>
				<stat>Ceska republika</stat>
			</adresa>
			<polozka pid_ref="p_04" mnozstvi="71"></polozka>
			<polozka pid_ref="p_04" mnozstvi="71"></polozka>
			<polozka pid_ref="p_05" mnozstvi="71"></polozka>
			<polozka pid_ref="p_06" mnozstvi="222"></polozka>
			<polozka pid_ref="p_07" mnozstvi="31"></polozka>
			<polozka pid_ref="p_08" mnozstvi="112"></polozka>
		</sklad>
	</sklady>
	<evidencezam>
		<prace zid_ref = "z_02">
			<datum>20120308</datum>
			<od>8</od>
			<do>15</do>
		</prace>
		<prace zid_ref = "z_01">
			<datum>20120219</datum>
			<od>11</od>
			<do>18</do>
		</prace>
		<prace zid_ref = "z_01">
			<datum>20120220</datum>
			<od>10</od>
			<do>18</do>
		</prace>
	</evidencezam>
</obchod>






