<?xml version="1.0" encoding="UTF-8"?>
<!-- XML obsahuje jen minimální data, 
pro větší data by bylo vhodné použít nějaký automatický plnič,
nebo data importovat z databáze.
-->
<davka xmlns:xsi="http://www.w3.org/2001/XMLSchema-instance" xsi:noNamespaceSchemaLocation="data.xsd">
	<doklad id="d0001" refId="d0003" typ="objednavka">
		<datum>2011-03-01</datum>		
		<cena>25000</cena>
		<dph>20</dph>
		<forma>hotově</forma>
		<mena>CZK</mena>
		<text>Objednávka vytvořena po telefonické domluvě</text>
		<firma idFirma="f001" country="czech">Vonásek</firma>
		<polozka>
			<kod>THS001</kod>
			<nazev>Nosič Thule</nazev>
			<cena>1000</cena>
			<dph>20</dph>
			<mnozstvi>25</mnozstvi>
		</polozka>
	</doklad>
	<doklad id="d0003" typ="faktura">
		<datum>2011-03-04</datum>
		<splatnost>2011-03-14</splatnost>
		<cena>39000</cena>
		<dph>20</dph>
		<forma>hotově</forma>
		<mena>CZK</mena>
		<text>Fakturujeme vám za objednávku d0001</text>
		<firma>Vonásek</firma>
	</doklad>	
</davka>