<?xml version="1.0" encoding="UTF-8"?>

<!DOCTYPE reservations SYSTEM "hotel.dtd">

<reservations>
    <reservation>
        <rooms> 
            <room> 
                <beds> double </beds>
                <chairs> 3 </chairs>
                <lockers> 2 </lockers>
            </room>
        </rooms>
        <category>standard</category>
        <check-in day="5" month=" march" year=" 2012"/>
        <check-out day="10" month=" march" year="2012"/>
        <services>breakfast tv internet</services>
        <price>3000</price> 
    </reservation>

    <info_guest> 
        <name> Ondrej Kanka </name>
        <mail>ondrej.kanka@seznam.cz</mail>
    </info_guest>

    <payment>
        <name> Bozena Minova </name>
        <card_info> visa </card_info>
    </payment>

    <factura>
        <tel>123 456 789</tel>
    </factura>
    
    <p_info>
        <mail>bozena.minova@seznam.cz</mail>
        <p_tel>775178107</p_tel>
    </p_info>
    

</reservations>
