<?xml version="1.0" encoding="utf-8"?>
<!DOCTYPE evidence SYSTEM "data.dtd">
<evidence>
    <!-- Seznam automobilu -->
    <automobily>
        <auto majitel="R4" vin="TMBEFF414S1000538">
            <spz>1AX 2312</spz>
            <typ>
                <druh>osobní</druh>
                <automobilka>Škoda</automobilka>
                <model>Fabia</model>
                <verze>RX</verze>
            </typ>
            <barva>modrá metalíza <![CDATA[kód výrobce: 2004&12 #12]]></barva>
        </auto>
    </automobily>

</evidence>
