<?xml version="1.0" encoding="utf-8"?>
<evidence>
    <!-- Seznam automobilu -->
    <automobily>
        <automobil majitel="R1" vin="TMBEFF414S1000537" spz="1AX 2310">
            <majitel>R1</majitel>
            <vin>TMBEFF414S1000537</vin>
            <druh>osobní</druh>
            <typ znacka="Škoda" model="Octavia" verze="Tour"/>
            <barva>modrá metalíza <![CDATA[kód výrobce: 2004&12 #12]]></barva>
        </automobil>

        <automobil majitel="R2" vin="WVWZZZ1KZ5W783096" spz="2B3 1256">
            <majitel>R2</majitel>
            <vin>WVWZZZ1KZ5W783096</vin>
            <druh>nákladní</druh>
            <typ znacka="Volkswagen" model="Transporter"/>
            <barva>bílá</barva>
        </automobil>
    </automobily>

</evidence>
