<?xml version="1.0" encoding="windows-1250"?>
<!DOCTYPE knihovna [
<!ELEMENT knihovna (zanr,seznam_autoru,seznam_nakladatelstvi,registrace,seznam_vypujcek)>
		<!ENTITY % atributy
				"den (1|2|3|4|5|6|7|8|9|10|11|12|13|14|15|16|17|18|19|20|21|22|23|24|25|26|27|28|29|30|31) #REQUIRED
				 mesic (1|2|3|4|5|6|7|8|9|10|11|12) #REQUIRED
				 rok  (1950|1951|1952|1953|1954|1956|1957|1958|1959|1960|1961|1962|1963|1964|1965|1966|1967|1968|1969|1970|1971|1972|1973|1974|1975|1976|1977|1978|1979|1980|1981|1982|1983|1984|1985|1986|1987|1988|1989|1990|1991|1992|1993|1994|1995|1996|1997|1998|1999|2000|2001|2002|2003|2004|2005|2006|2007|2008|2009|2010|2011|2012) #REQUIRED 
		">
<!ELEMENT zanr (sekce+)>
<!ELEMENT sekce (kniha*)>
  <!ATTLIST sekce 
    jmeno CDATA #REQUIRED>
   <!ATTLIST sekce   id ID #REQUIRED
  >
<!ELEMENT kniha (jmeno_knihy,klicova_slova,vydani)>
  <!ATTLIST kniha
    signatura ID #REQUIRED 
    autor_id IDREF #REQUIRED
    nakladatelstvi IDREF #REQUIRED
  >
<!ELEMENT jmeno_knihy (#PCDATA)>
<!ELEMENT klicova_slova (slovo+)>
<!ELEMENT slovo (#PCDATA)>
<!ELEMENT vydani (cislo_vydani,datum_vydani)>
<!ELEMENT cislo_vydani (vydal)>
<!ELEMENT vydal EMPTY>
  <!ATTLIST vydal
    id  CDATA #REQUIRED
  >
<!ELEMENT datum_vydani EMPTY>
  <!ATTLIST datum_vydani %atributy; >
   
<!ELEMENT seznam_autoru (autor*)>
<!ELEMENT autor (jmeno,prijmeni,datum_narozeni,kontakt?)>
	<!ATTLIST autor id_autora ID #REQUIRED>
<!ELEMENT jmeno (#PCDATA)>
<!ELEMENT prijmeni (#PCDATA)>
<!ELEMENT kontakt (tel_cislo*,fax?,email?,adresa?)>
<!ELEMENT tel_cislo (#PCDATA)>
<!ELEMENT adresa (ulice,cislo_popisne,mesto,psc)>
<!ELEMENT ulice (#PCDATA)>
<!ELEMENT cislo_popisne (#PCDATA)>
<!ELEMENT mesto (#PCDATA)>
<!ELEMENT psc (#PCDATA)>
<!ELEMENT email (#PCDATA)>
<!ELEMENT fax (#PCDATA)>
<!ELEMENT seznam_nakladatelstvi (nakladatelstvi*)>
<!ELEMENT nakladatelstvi (jmeno,kontakt)>
<!ATTLIST nakladatelstvi id_nakladatelstvi ID #REQUIRED>
<!ELEMENT registrace (clen*)>
<!ELEMENT clen (jmeno,prijmeni,datum_narozeni,rodne_cislo,adresa,clenstvi)>
<!ATTLIST clen id_clena ID #REQUIRED>
<!ELEMENT rodne_cislo (#PCDATA)>
<!ELEMENT clenstvi (ucet+)>
<!ELEMENT ucet (platba+)>
	<!ATTLIST ucet typ (dite|senior|studentska|plny) "plny">
<!ELEMENT platba EMPTY>
  <!ATTLIST platba
    rok (1950|1951|1952|1953|1954|1956|1957|1958|1959|1960|1961|1962|1963|1964|1965|1966|1967|1968|1969|1970|1971|1972|1973|1974|1975|1976|1977|1978|1979|1980|1981|1982|1983|1984|1985|1986|1987|1988|1989|1990|1991|1992|1993|1994|1995|1996|1997|1998|1999|2000|2001|2002|2003|2004|2005|2006|2007|2008|2009|2010|2011|2012) "2012" 
  >
<!ELEMENT seznam_vypujcek (vypujcka*)>
<!ELEMENT vypujcka (datum_vypujceni,poznamka?)>
  <!ATTLIST vypujcka
    id ID #REQUIRED
    signatura IDREF #REQUIRED
    id_clena IDREF #REQUIRED
  >

<!ELEMENT poznamka (#PCDATA)>



]>
<knihovna>
  <zanr>
    <sekce jmeno="beletrie" id="id001">
      <kniha signatura="id001-001" autor_id="a001" nakladatelstvi="n001">
        <jmeno_knihy>Pýcha a předsudek</jmeno_knihy>
        <klicova_slova>
          <slovo>anglické romány</slovo>
          <slovo>román pro ženy</slovo>
        </klicova_slova>
        <vydani>
          <cislo_vydani><vydal id="n001" /></cislo_vydani>
          <datum_vydani den="9" mesic="11" rok="1993" />
        </vydani>
        </kniha>
        <kniha signatura="id001-002" autor_id="a002" nakladatelstvi="n001">
        <jmeno_knihy>�?ímanka</jmeno_knihy>
        <klicova_slova>
          <slovo>italské romány</slovo>
          <slovo>prostitutky</slovo>
        </klicova_slova>
        <vydani>
          <cislo_vydani><vydal id="n002" /></cislo_vydani>
          <datum_vydani den="7" mesic="4" rok="1989" />
        </vydani>
      </kniha>
      <kniha signatura="id001-003" autor_id="a003" nakladatelstvi="n002">
        <jmeno_knihy>Proces</jmeno_knihy>
        <klicova_slova>
          <slovo>německé romány</slovo>
          <slovo>absurdní romány</slovo>
        </klicova_slova>
        <vydani>
          <cislo_vydani><vydal id="n002" /></cislo_vydani>
          <datum_vydani den="6" mesic="12" rok="1995" />
        </vydani>
      </kniha>
      
    </sekce>
    <sekce jmeno="detektivky" id="id002">
      <kniha signatura="id002-001" autor_id="a004" nakladatelstvi="n003">
        <jmeno_knihy>Třetí dívka</jmeno_knihy>
        <klicova_slova>
          <slovo>anglické romány</slovo>
          <slovo>detektivní romány</slovo>
        </klicova_slova>
        <vydani>
          <cislo_vydani><vydal id="n001" /></cislo_vydani>
          <datum_vydani den="5" mesic="3" rok="1998" />
        </vydani>
        </kniha>
        <kniha signatura="id002-002" autor_id="a005" nakladatelstvi="n001">
        <jmeno_knihy>Neděle jako stvořená pro vraždu</jmeno_knihy>
        <klicova_slova>
          <slovo>krimi romány</slovo>
          <slovo>české romány</slovo>
        </klicova_slova>
        <vydani>
          <cislo_vydani><vydal id="n003" /></cislo_vydani>
          <datum_vydani den="4" mesic="6" rok="2000" />
        </vydani>
      </kniha>
      <kniha signatura="id002-003" autor_id="a006" nakladatelstvi="n002">
        <jmeno_knihy>Potíže v ráji</jmeno_knihy>
        <klicova_slova>
          <slovo>detektivky</slovo>
         
        </klicova_slova>
        <vydani>
          <cislo_vydani><vydal id="n002" /></cislo_vydani>
          <datum_vydani den="12" mesic="7" rok="2010" />
        </vydani>
      </kniha>
      
    </sekce>
    
  </zanr>
  <seznam_autoru>
    <autor id_autora="a001">
      <jmeno>Jane</jmeno>
      <prijmeni>Austen</prijmeni>
      <datum_narozeni den="16" mesic="12" rok="1975"/>
    </autor>
    <autor id_autora="a002">
      <jmeno>Alberto</jmeno>
      <prijmeni>Moravia</prijmeni>
      <datum_narozeni den="28" mesic="11" rok="1977" />
    </autor>
    <autor id_autora="a003">
      <jmeno>Franz</jmeno>
      <prijmeni>Kafka</prijmeni>
      <datum_narozeni den="3" mesic="7" rok="1983" />
    </autor>
    <autor id_autora="a004">
      <jmeno> Agatha</jmeno>
      <prijmeni>Christie</prijmeni>
      <datum_narozeni den="15" mesic="9" rok="1990"/>
    </autor>
    <autor id_autora="a005">
      
      <jmeno>Zdena</jmeno>
      <prijmeni>Frýbová</prijmeni>
      <datum_narozeni den="30" mesic="8" rok="1994"/>
    </autor>
    <autor id_autora="a006">
    <jmeno>Stanislava</jmeno>
    <prijmeni>Chmelanová</prijmeni>
    <datum_narozeni den="7" mesic="3" rok="1972"/>
    <kontakt>
      <tel_cislo>732098782</tel_cislo>
      <fax>352872872</fax>
      <email>chmelanova@knizky.cz</email>
      <adresa>
        <ulice>Nová Louka</ulice>
        <cislo_popisne>11</cislo_popisne>
        <mesto>Praha</mesto>
        <psc>23787</psc>
      </adresa>
    </kontakt>
    </autor>
  </seznam_autoru>
  <seznam_nakladatelstvi>
  <nakladatelstvi id_nakladatelstvi="n001">
    <jmeno>Moba</jmeno>
    <kontakt>
      <tel_cislo>541126051</tel_cislo>
      <fax>541126068</fax>
      <email>info@moba.cz</email>
      <adresa>
        <ulice>Kotlářská</ulice>
        <cislo_popisne>53</cislo_popisne>
        <mesto>Brno</mesto>
        <psc>60200</psc>
      </adresa>
    </kontakt>
  </nakladatelstvi>
  <nakladatelstvi id_nakladatelstvi="n002">
    <jmeno>Academika</jmeno>
      <kontakt>
        <tel_cislo>221403838</tel_cislo>
        <email>fortova@academia.cz</email>
        <adresa>
          <ulice>Vodičkova</ulice>
          <cislo_popisne>40</cislo_popisne>
          <mesto>Praha</mesto>
          <psc>11000</psc>
        </adresa>
      </kontakt>
  </nakladatelstvi>
  <nakladatelstvi id_nakladatelstvi="n003">
    <jmeno>Knizni Klub</jmeno>
      <kontakt>
        <tel_cislo>296 536 662</tel_cislo>
        <fax>296536966</fax>
        <adresa>
          <ulice>U Černé věže</ulice>
          <cislo_popisne>15</cislo_popisne>
          <mesto>České Budějovice</mesto>
          <psc>37001</psc>
        </adresa>
      </kontakt>
  </nakladatelstvi>
  </seznam_nakladatelstvi>
  <registrace>
    <clen id_clena="id_000-000-003">
      
      <jmeno>Štěpán</jmeno>
      <prijmeni>Šafránek</prijmeni>
      <datum_narozeni den="9" mesic="12" rok="1960"/>
      <rodne_cislo>601209/1298</rodne_cislo>
      <adresa>
        <ulice>Mírová</ulice>
        <cislo_popisne>23</cislo_popisne>
        <mesto>Mírová</mesto>
        <psc>35056</psc>
      </adresa>
      <clenstvi >
      <ucet typ="plny">
      <platba rok="2012"/>
      <platba rok="2011"/>
      <platba rok="2010"/>
      <platba rok="2009"/>
      <platba rok="2008"/>
      </ucet>
      </clenstvi>
    </clen>
    <clen id_clena="id_000-000-004">
     
      <jmeno>Ester</jmeno>
      <prijmeni>Vybíravá</prijmeni>
      <datum_narozeni den="30"  mesic="2" rok="1989"/>
      <rodne_cislo>895230/8273</rodne_cislo>
      <adresa>
        <ulice>Novorolská</ulice>
        <cislo_popisne>2</cislo_popisne>
        <mesto>Karlovy Vary</mesto>
        <psc>38797</psc>
      </adresa>
      <clenstvi >
      <ucet typ="plny">
      <platba rok="2011" />
      </ucet>
      </clenstvi>
    </clen>
    <clen id_clena="id_000-000-005">
      
      <jmeno>Evžen</jmeno>
      <prijmeni>Lovec</prijmeni>
      <datum_narozeni den="3" mesic="12" rok="1950"/>
      <rodne_cislo>401203/9392</rodne_cislo>
      <adresa>
        <ulice>U Krále Jiřího</ulice>
        <cislo_popisne>22</cislo_popisne>
        <mesto>Karlovy Vary</mesto>
        <psc>36008</psc>
      </adresa>
      <clenstvi >
      <ucet typ="senior">
      <platba rok="2012" />
      </ucet>
      </clenstvi>
    </clen>
    <clen id_clena="id_000-000-006">
     
      <jmeno>Václav</jmeno>
      <prijmeni>Jelen</prijmeni>
      <datum_narozeni den="24"  mesic="5" rok="1979"/>
      <rodne_cislo>790524/8270</rodne_cislo>
      <adresa>
        <ulice>U Krále Jiřího</ulice>
        <cislo_popisne>10</cislo_popisne>
        <mesto>Karlovy Vary</mesto>
        <psc>36008</psc>
      </adresa>
      <clenstvi >
      <ucet typ="plny">
      <platba rok="2012" />
      <platba rok="2011" />
      </ucet>
      </clenstvi>
    </clen>
    <clen id_clena="id_000-000-001">
     
      <jmeno>Karel</jmeno>
      <prijmeni>Novák</prijmeni>
      <datum_narozeni den="7" mesic="3" rok="1990"/>
      <rodne_cislo>900307/2345</rodne_cislo>
      <adresa>
        <ulice>U koupaliště</ulice>
        <cislo_popisne>7</cislo_popisne>
        <mesto>Karlovy Vary</mesto>
        <psc>36005</psc>
      </adresa>
      <clenstvi >
      <ucet typ="plny">
        <platba rok="2012" />
        </ucet>
      </clenstvi>
    </clen>
    <clen id_clena="id_000-000-002">
     
      <jmeno>Aneta</jmeno>
      <prijmeni>Veselá</prijmeni>
      <datum_narozeni den="4" mesic="6" rok="1998"/>
      <rodne_cislo>985604/7629</rodne_cislo>
      <adresa>
        <ulice>Na Okraji</ulice>
        <cislo_popisne>6</cislo_popisne>
        <mesto>Chodov</mesto>
        <psc>35735</psc>
      </adresa>
      <clenstvi >
      <ucet typ="plny">
        <platba rok="2012" /> 
        <platba rok="2011" />
        </ucet>
      </clenstvi>
    </clen>
  </registrace>
  <seznam_vypujcek>
    <vypujcka id="v000-000-001" id_clena="id_000-000-003" signatura="id001-001">
     
      <datum_vypujceni den="10" mesic="1" rok="2012" />
      <poznamka>
      vypůjčila sestra
      </poznamka>
    </vypujcka>
    <vypujcka id="v000-000-002" id_clena="id_000-000-002" signatura="id001-002">
      
      <datum_vypujceni den="20" mesic="2" rok="2012" />
     
    </vypujcka>
  </seznam_vypujcek>
</knihovna>

