<?xml version="1.0" encoding="UTF-8"?>
<Pekaren xmlns:xsi="http://www.w3.org/2001/XMLSchema-instance" xsi:noNamespaceSchemaLocation="data.xsd">
	<nazov>Spokojne Bruska</nazov>
	<adresa>
		<ulica>Jahodova</ulica>
		<cislo>42</cislo>
		<psc>96221</psc>
		<mesto>Zakysane mlieko</mesto>
	</adresa>
	<Pecivo id="ID_1">
		<nazov>Makovy rozok</nazov>
		<druh>Sladke</druh>
		<surovina>mlieko</surovina>
		<surovina>maslo</surovina>
		<surovina>vajcia</surovina>
		<surovina>drozdie</surovina>
		<surovina>muka</surovina>
		<surovina>mak</surovina>
		<surovina>cukor</surovina>
	</Pecivo>
	<zamestnanci>
		<pekar id="ID_Z1">
			<meno>Juraj</meno>
			<priezvisko>Bochnik</priezvisko>
			<pecivo>ID_1</pecivo>
		</pekar>
		<Upratovac id="ID_Z2">
			<meno>Klara</meno>
			<priezvisko>Cistotna</priezvisko>
		</Upratovac>
	</zamestnanci>
</Pekaren>
