<?xml version="1.1" encoding="UTF-8"?>
<!DOCTYPE knihovna SYSTEM "data.dtd">
<knihovna>
    <!-- Následuje výpis všech zákazníků -->
    <zakaznici>
        <zakaznik zakaznik_id="1">
            <jméno>Petr</jméno>
            <příjmení>Hejhal</příjmení>
            <kontakt>
                
                <telefon operator="O2">
                    <předvolba>+420</předvolba>721771459
                </telefon>
                <email><![CDATA[<b>petr.hejhal@centrum.cz</b>]]>
                </email>
                
            </kontakt>
            <adresa>
                <ulice>Pařížská 19</ulice>
                <mesto>Praha 1</mesto>
                <stat>Česká republika</stat>
                <PSČ>11000</PSČ>
            </adresa>
        </zakaznik>
    </zakaznici>
    <!-- Následuje výčet knih -->
    <knihy>
        <kniha umisteni="A">
            <ISBN>**978-80-7300-229-9**</ISBN>
            <název>Mikeš</název>
            <podtitul>Kocour v botách</podtitul>
            <země_původu>CZ</země_původu>
            <počet_stran>122</počet_stran>
            <coop authors="1 2 3"/>
            <rok_vydání>1950</rok_vydání>
            <žánr>Komedie</žánr>  
            <titulni_strana cesta="3_Mikes"/>
            <popis>tato kniha je &vip;</popis>
        </kniha>
        <kniha umisteni="B">
            <ISBN>**118-80-7400-114-9**</ISBN>
            <název>Lotrando a Zubejda</název>
            <podtitul>Loupežnická pohádka</podtitul>
            <země_původu>SK</země_původu>
            <počet_stran>184</počet_stran>
            <coop authors="1 2 3"/>
            <rok_vydání>1992</rok_vydání>
            <žánr>Pohádka</žánr>  
            <titulni_strana cesta="2_Lotrandoazubejda"/>
            <popis>Nejak
                a pohadka v n
iz hraji postavy
                                                                 <?php echo $postavy; ?>
            </popis>
        </kniha>
    </knihy>
    <!-- Oddeleni kde mohou byt knihy ulozeny oznacene jednoznacnym kodem a nazvem -->
    <oddeleni nazev="Sekce A" kod="A"></oddeleni>
    <oddeleni nazev="Sekce B" kod="B"></oddeleni>
    <oddeleni nazev="Sekce C" kod="C"></oddeleni>
    
    <autori>
        <autor autor_id="1">
            <jmeno></jmeno>
            <prijmeni></prijmeni>
            <národnost></národnost>  
        </autor>   
    </autori>
    <!-- Záznamy vyjpůček -->
    <vypujcky>
        <pujcka>
            <ISBN_knihy>**978-80-7300-229-9**</ISBN_knihy>
            <zakaznik id="1"/>
            <datum>
                <od>1.2.2012</od>
                <do>15.2.2012</do>
            </datum>
            <vráceno>
                <stav bool="NE"/>
            </vráceno>
            <pokuta>0</pokuta>
        </pujcka>
        <pujcka>
            <ISBN_knihy>**918-80-7220-229-9**</ISBN_knihy>
            <zakaznik id="1"/>
            <datum>
                <od>2.2.2012</od>
                <do>7.2.2012</do>
            </datum>
            <vráceno>
                <stav bool="ANO"/>
            </vráceno>
            <pokuta>50</pokuta>
        </pujcka>
    </vypujcky>
    
    
    
</knihovna>
