<?xml version="1.0" encoding="UTF-8"?>
<!--
XML reprezentujici nasledujici kod:
local base = new GGen_Data_2D(2000, 2000, 0);
base.RadialGradient(1000, 1000, -500, 500, true);
base.Smooth(40);
local noise = new GGen_Data_2D(2000, 2000, 0);
noise.Noise(2, 256, GGEN_STD_NOISE);
noise.ScaleValuesTo(-1000, 1000);
base.AddMap(noise);
return base;
-->
<Script>
	<Assignment left="base">
		<MethodCall>
			<Name>GGen_Data_2D</Name>
			<Param>2000</Param>
			<Param>2000</Param>
			<Param>0</Param>
		</MethodCall>
	</Assignment>
	<MethodCall>
		<Name>RadialGradient</Name>
		<Instance>base</Instance>
		<Param>1000</Param>
		<Param>100</Param>
		<Param>-500</Param>
		<Param>500</Param>
		<Param>true</Param>
	</MethodCall>
	<MethodCall>
		<Name>Smooth</Name>
		<Instance>base</Instance>
		<Param>40</Param>
	</MethodCall>
	<Assignment left="noise">
		<MethodCall>
			<Name>GGen_Data_2D</Name>
			<Param>2000</Param>
			<Param>2000</Param>
			<Param>0</Param>
		</MethodCall>
	</Assignment>
	<MethodCall>
		<Name>Noise</Name>
		<Instance>noise</Instance>
		<Param>2</Param>
		<Param>256</Param>
		<Param>
			<Constant>GGEN_STD_NOISE</Constant>
		</Param>
	</MethodCall>
	<MethodCall>
		<Name>ScaleValuesTo</Name>
		<Instance>noise</Instance>
		<Param>-1000</Param>
		<Param>1000</Param>
	</MethodCall>
	<MethodCall>
		<Name>AddMap</Name>
		<Instance>base</Instance>
		<Param>
			<Instance>noise</Instance>
		</Param>
	</MethodCall>
	<MethodCall>
		<Name>Flood</Name>
		<Instance>base</Instance>
		<Param>0.5</Param>
	</MethodCall>
	<Return>
		<Instance>base</Instance>
	</Return>
</Script>
