<?xml version="1.0" encoding="UTF-8"?>
<?xml-stylesheet type="text/xsl" href="data.xslt"?>
<faculty xmlns:xsi="http://www.w3.org/2001/XMLSchema-instance" name="Matematicko-fyzikální fakulta">
	<!-- List of all people in faculty -->
	<people>		 	
		<student id="123">
			<name>Jan</name>
			<surname>Novák</surname>
		</student>
		<student id="124">
			<name>Josef</name>
			<surname>Novotný</surname>
		</student>
		<student id="128">
			<name>Jiří</name>
			<surname>Hubený</surname>
		</student>
		<student id="127">
			<name>Karel</name>
			<surname>Velký</surname>
		</student>
		<teacher id="125">
			<name>Jára</name>
			<surname>Cimrman</surname>
			<bio authorized="false">Přední český <b>vynálezce</b>, více info na <a href="http://www.jarmara.at">www.jarmara.at</a>.</bio>
		</teacher>
		<teacher id="126">
			<name>Petr</name>
			<surname>Kratochvíl</surname>
		</teacher>
		<teacher id="129">
			<name>Petr</name>
			<surname>Kratochvíl</surname>
		</teacher>
		<teacher id="130">
			<name>Pavel</name>
			<surname>Malý</surname>
			<bio authorized="true">Tady může být třeba <i>formátovaný</i> text</bio>
		</teacher>
		<teacher id="131">
			<name>Marek</name>
			<surname>Čech</surname>
		</teacher>
		<teacher id="132" phone="26546465">
			<name>Vojtěch</name>
			<surname>Tlustý</surname>
			<bio authorized="false">Dnes je
			</bio>
		</teacher>
	</people>
	<departments>
		<department name="KSI">
			<!-- List of department members -->
			<teachers>
				<personRef refid="131"/>
				<personRef refid="132"/>
			</teachers>
			<subjects>
				<subject name="XML Technologies" mandatory="false">
					<lecture place="S3" teacher="129">
						<time>
							<dayOfWeek>1</dayOfWeek>
							<startHours>9</startHours>
							<startMinutes>0</startMinutes>
						</time>
						<students>
							<personRef refid="128"/>
							<personRef refid="127"/>
						</students>
					</lecture>
					<practices>
						<practice place="SW2" teacher="129">
							<time>
								<dayOfWeek>5</dayOfWeek>
								<startHours>9</startHours>
								<startMinutes>0</startMinutes>
							</time>
							<students>
								<personRef refid="123"/>
								<personRef refid="128"/>
							</students>
						</practice>
						<practice place="SW1" teacher="130">
							<time>
								<dayOfWeek>3</dayOfWeek>
								<startHours>17</startHours>
								<startMinutes>20</startMinutes>
							</time>
							<students>
								<personRef refid="124"/>
								<personRef refid="128"/>
							</students>
						</practice>
					</practices>
				</subject>
				<subject mandatory="true" name="Software Engineering">
					<lecture place="S5">
						<time>
							<dayOfWeek>1</dayOfWeek>
							<startHours>15</startHours>
							<startMinutes>40</startMinutes>
						</time>
						<students>
							<personRef refid="127"/>
							<personRef refid="128"/>
						</students>
					</lecture>
					<practices>
						<practice place="SW1">
							<time>
								<dayOfWeek>2</dayOfWeek>
								<startHours>14</startHours>
								<startMinutes>0</startMinutes>
							</time>
							<students>
								<personRef refid="123"/>
								<personRef refid="124"/>
							</students>
						</practice>
					</practices>
				</subject>
				<subject mandatory="true" name="Java">
					<lecture place="S8" teacher="130">
						<time>
							<dayOfWeek>3</dayOfWeek>
							<startHours>12</startHours>
							<startMinutes>10</startMinutes>
						</time>
						<students>
							<personRef refid="127"/>
							<personRef refid="128"/>
						</students>
					</lecture>
					<practices>
						<practice place="SU1">
							<time>
								<dayOfWeek>2</dayOfWeek>
								<startHours>17</startHours>
								<startMinutes>10</startMinutes>
							</time>
							<students>
								<personRef refid="124"/>
								<personRef refid="128"/>
							</students>
						</practice>
					</practices>
				</subject>
			</subjects>
		</department>
		<department name="KSVI">
			<teachers>				
				<personRef refid="131"/>
				<personRef refid="132"/>		
			</teachers>
			<subjects>
				<subject mandatory="false" name="Neprocedurální programování"></subject>
			</subjects>
		</department>
	</departments>
</faculty>
