<?xml version="1.0" encoding="UTF-8"?>
<classes>
<class id="a2">
	<students>
		<student>
			<name>Martha Stuart</name>
			<marks>
				<mark>
					<subject>Geogprahy</subject>
					<val>1</val>
				</mark>
				<mark>
					<subject>Geogprahy</subject>
					<val>2</val>
				</mark>
				<mark>
					<subject>Math</subject>
					<val>1</val>
				</mark>
				<mark>
					<subject>Math</subject>
					<val>1</val>
				</mark>
			</marks>
		</student>
		<student>
			<name>Henry Ericsson</name>
			<marks>
				<mark>
					<subject>Geogprahy</subject>
					<val>2</val>
				</mark>
				<mark>
					<subject>Geogprahy</subject>
					<val>5</val>
				</mark>
				<mark>
					<subject>Math</subject>
					<val>3</val>
				</mark>
				<mark>
					<subject>Math</subject>
					<val>4</val>
				</mark>
			</marks>
		</student>
	</students>
</class>
<class id="a1">
	<students>
	<student>
			<name>Greta Smith</name>
			<marks>
				<mark>
					<subject>Math</subject>
					<val>1</val>
				</mark>
				<mark>
					<subject>Math</subject>
					<val>1</val>
				</mark>
				<mark>
					<subject>Math</subject>
					<val>1</val>
				</mark>
				<mark>
					<subject>Math</subject>
					<val>1</val>
				</mark>
				<mark>
					<subject>Geography</subject>
					<val>3</val>
				</mark>
			</marks>
		</student>
		
	</students>
</class>
</classes>