<?xml version="1.0" encoding="UTF-8" standalone="no"?><!-- <!DOCTYPE jobs SYSTEM "data.dtd"> --><!-- 
	DATAB?ZE PRAC? / BRIG?D
	root element jobs obsahuje nab?dky (zadavatel a pr?ce kter? nab?z?) 
	a z?jemce o tyto pozice (pomoc? reference na id konkr?tn? pr?ce)
--><jobs>
	<nabidka>
		<zadavatel>
			<nazev-firmy>Web4u s.r.o.</nazev-firmy>
			<adresa>
				<mesto>Praha <mestska-cast>3</mestska-cast></mesto>
				<ulice-cp>Vinohradsk? 184</ulice-cp>
				<psc>130 52</psc>
			</adresa>
			<jmeno>Jan</jmeno>
			<prijmeni>Bedn??</prijmeni>
			<titul>Ing</titul>
			<telefon>+420 270 001 456</telefon>
			<email>info@web4u.cz</email>
			<web>www.web4u.cz</web>
			<ico>26058774</ico>
			<dic>CZ26058774</dic>
		</zadavatel>
		<prace id="prace1" typ="dohoda o provedeni prace" volne-misto="ano">
			<pozice>PHP program?tor</pozice>
			<popis>Hled?me schopn?ho PHP program?tora, kter? by roz???il n?? t?m a nastartoval s n?mi svou kari?ru. Kandid?t mus? zn?t webov? technologie, m?l by se r?d u?it nov?m v?cem a programov?n? by pro n?j nem?lo b?t jenom prac?, ale i kon??kem. Po?adujeme orientaci v LAMP, Javascriptu, HTML/XHTML a CSS.</popis>
			<potrebne-znalosti>PHP 5 a MySQL, HTML, XHTML, JavaScriptu a CSS, z?kladn? znalost angli?tiny</potrebne-znalosti>
			<plat>150</plat>
			<datum>
				<od>20.3.2014</od>
				<do>1.9.2014</do>
			</datum>
		</prace>
		
		<prace id="prace3" volne-misto="ano">
			<pozice>IT mana?er</pozice>
			<popis>Pracovn? agentura hled? kandid?ty na pozici IT mana?er v Praze.</popis>
			<potrebne-znalosti>veden? t?mu mlad?ch program?tor?, spolehlivost</potrebne-znalosti>
			<plat>200</plat>
			<datum>
				<od>15.3.2014</od>
				<do>31.12.2014</do>
			</datum>
		</prace>
	</nabidka>
	<zajemce>
		<o-praci id="prace1"/>
		<jmeno>Jaroslav</jmeno>
		<prijmeni>Luke?</prijmeni>
		<email>lukes@gmail.com</email>
		<telefon/>
		<text-zpravy>Dobr? den, m?m z?jem o Va?i nab?dku pr?ce na pozici <pozice>PHP program?tor</pozice></text-zpravy>
	</zajemce>
	<zajemce>
		<o-praci id="prace1"/>
		<jmeno>Tom??</jmeno>
		<prijmeni>Dlaha</prijmeni>
		<email>tomasdlaha@gmail.com</email>
		<telefon>+420 773 023 217</telefon>
		<text-zpravy>Dobr? den, m?m z?jem o Va?i nab?dku pr?ce.&gt;</text-zpravy>
	</zajemce>
<zajemce><o-praci id="prace3"/><jmeno>Jaroslav</jmeno><prijmeni>Vyto??????il</prijmeni><email>vyskoc@centrum.cz</email><telefon>+420 773 023 939</telefon><text-zpravy>Dobr?????? den, l??????b?????? se mi Va??????e nab??????dka a m??????m o ni velik?????? z??????jem.</text-zpravy></zajemce></jobs>