<?xml version="1.0" encoding="UTF-8"?>
<pozicovna xmlns:xsi="http://www.w3.org/2001/XMLSchema-instance" xsi:noNamespaceSchemaLocation="data.xsd">
	<filmy>
		<film>
			<id>F-1</id>
			<nazov originalnyNazov="DieHard">Smrtonosna pasca</nazov>
			<zaner>Akcny</zaner>
			<zaner>Thriller</zaner>
			<zaner>Krimi</zaner>
			<rokVydania>1988</rokVydania>
			<dlzka>131</dlzka>
			<krajinaPovodu>USA</krajinaPovodu>
			<rezia>
				<reziser>
					<meno>John</meno>
					<priezvisko>McTiernan</priezvisko>
				</reziser>
			</rezia>
			<zvuk typ="5.1">Anglicky</zvuk>
			<zvuk typ="5.1">Cesky</zvuk>
			<zvuk typ="5.1">Slovensky</zvuk>
			<titulky>Ceske</titulky>
			<titulky>Slovenske</titulky>
			<titulky>Nemecke</titulky>
			<titulky>Anglicke</titulky>
			<nosic>DVD</nosic>
			<herci>
				<herec>
					<meno>Bruce</meno>
					<priezvisko>Willis</priezvisko>
				</herec>
				<herec>
					<meno>Bonnie</meno>
					<priezvisko>Bedelia</priezvisko>
				</herec>
			</herci>
			<pristupnost>12</pristupnost>
		</film>
		<film>
			<id>F-1</id>
			<nazov originalnyNazov="DieHard">Smrtonosna pasca</nazov>
			<zaner>Akcny</zaner>
			<zaner>Thriller</zaner>
			<zaner>Krimi</zaner>
			<rokVydania>1988</rokVydania>
			<dlzka>131</dlzka>
			<krajinaPovodu>USA</krajinaPovodu>
			<rezia>
				<reziser>
					<meno>John</meno>
					<priezvisko>McTiernan</priezvisko>
				</reziser>
			</rezia>
			<zvuk typ="5.1">Anglicky</zvuk>
			<zvuk typ="5.1">Cesky</zvuk>
			<zvuk typ="5.1">Slovensky</zvuk>
			<titulky>Ceske</titulky>
			<titulky>Slovenske</titulky>
			<titulky>Nemecke</titulky>
			<titulky>Anglicke</titulky>
			<nosic>DVD</nosic>
			<herci>
				<herec>
					<meno>Bruce</meno>
					<priezvisko>Willis</priezvisko>
				</herec>
				<herec>
					<meno>Bonnie</meno>
					<priezvisko>Bedelia</priezvisko>
				</herec>
			</herci>
			<pristupnost>12</pristupnost>
		</film>
		<film>
			<id>F-2</id>
			<nazov originalnyNazov="Pearl Harbor">Pearl Harbor</nazov>
			<zaner>Vojnovy</zaner>
			<zaner>Akcny</zaner>
			<zaner>Romanticky</zaner>
			<zaner>Drama</zaner>
			<rokVydania>2001</rokVydania>
			<dlzka>176</dlzka>
			<krajinaPovodu>USA</krajinaPovodu>
			<rezia>
				<reziser>
					<meno>Michael</meno>
					<priezvisko>Bay</priezvisko>
				</reziser>
			</rezia>
			<zvuk typ="7.1">Anglicky</zvuk>
			<zvuk typ="5.1">Cesky</zvuk>
			<titulky>Bulharske</titulky>
			<titulky>Ceske</titulky>
			<titulky>Slovenske</titulky>
			<titulky>Nemecke</titulky>
			<titulky>Spanielske</titulky>
			<nosic>BD</nosic>
			<herci>
				<herec>
					<meno>Ben</meno>
					<priezvisko>Affleck</priezvisko>
				</herec>
				<herec>
					<meno>Josh</meno>
					<priezvisko>Hartnett</priezvisko>
				</herec>
				<herec>
					<meno>Kate</meno>
					<priezvisko>Beckinsale</priezvisko>
				</herec>
			</herci>
			<pristupnost>12</pristupnost>
		</film>
		<film>
			<id>F-3</id>
			<nazov originalnyNazov="Anglicke Jahody">Anglicke Jahody</nazov>
			<zaner>Vojnovy</zaner>
			<zaner>Romanticky</zaner>
			<zaner>Drama</zaner>
			<rokVydania>2008</rokVydania>
			<dlzka>114</dlzka>
			<krajinaPovodu>Ceska Republika</krajinaPovodu>
			<krajinaPovodu>Slovensko</krajinaPovodu>
			<krajinaPovodu>Ukrajina</krajinaPovodu>
			<rezia>
				<reziser>
					<meno>Vladimir</meno>
					<priezvisko>Drha</priezvisko>
				</reziser>
			</rezia>
			<zvuk typ="2.0">Slovensky</zvuk>
			<zvuk typ="5.1">Cesky</zvuk>
			<titulky>Bulharske</titulky>
			<titulky>Ceske</titulky>
			<titulky>Slovenske</titulky>
			<titulky>Nemecke</titulky>
			<titulky>Spanielske</titulky>
			<nosic>DVD</nosic>
			<herci>
				<herec>
					<meno>Viktor</meno>
					<priezvisko>Preiss</priezvisko>
				</herec>
				<herec>
					<meno>Pavla</meno>
					<priezvisko>Tomicova</priezvisko>
				</herec>
			</herci>
			<pristupnost>12</pristupnost>
		</film>
		<film>
			<id>F-4</id>
			<nazov originalnyNazov="The Godfather">Krstny otec</nazov>
			<zaner>Krimi</zaner>
			<zaner>Drama</zaner>
			<rokVydania>1972</rokVydania>
			<dlzka>175</dlzka>
			<krajinaPovodu>USA</krajinaPovodu>
			<rezia>
				<reziser>
					<meno>Francis_Ford</meno>
					<priezvisko>Coppola</priezvisko>
				</reziser>
			</rezia>
			<zvuk typ="7.1">Anglicky</zvuk> 
			<zvuk typ="5.1">Cesky</zvuk>
			<titulky>Ceske</titulky>
			<titulky>Slovenske</titulky>
			<titulky>Anglicke</titulky>
			<titulky>Nemecke</titulky>
			<titulky>Spanielske</titulky>
			<nosic>BD</nosic>
			<herci>
				<herec>
					<meno>Marlon</meno>
					<priezvisko>Brando</priezvisko>
				</herec>
				<herec>
					<meno>Al</meno>
					<priezvisko>Pacino</priezvisko>
				</herec>
			</herci>
			<pristupnost>12</pristupnost>
		</film>
		<film>
			<id>F-5</id>
			<nazov originalnyNazov="Cars">Auta</nazov>
			<zaner>Animovany</zaner>
			<zaner>Rodinny</zaner>
			<zaner>Komedia</zaner>
			<rokVydania>2006</rokVydania>
			<dlzka>116</dlzka>
			<krajinaPovodu>USA</krajinaPovodu>
			<rezia>
				<reziser>
					<meno>John</meno>
					<priezvisko>Lasseter</priezvisko>
				</reziser>
				<reziser>
					<meno>Joe</meno>
					<priezvisko>Ranft</priezvisko>
				</reziser>
			</rezia>
			<zvuk typ="5.1">Anglicke</zvuk>
			<zvuk typ="5.1">Cesky</zvuk>
			<zvuk typ="5.1">Slovensky</zvuk>
			<titulky>Ceske</titulky>
			<titulky>Slovenske</titulky>
			<titulky>Nemecke</titulky>
			<titulky>Spanielske</titulky>
			<nosic>DVD</nosic>
			<herci>
				<herec>
					<meno>Owen</meno>
					<priezvisko>Wilson</priezvisko>
				</herec>
				<herec>
					<meno>Paul</meno>
					<priezvisko>Newman</priezvisko>
				</herec>
			</herci>
			<pristupnost>6</pristupnost>
		</film>
	</filmy>
</pozicovna>