<?xml version="1.0" encoding="UTF-8"?>
<pujcovna>
	<region>
		<popis>Skotsko</popis>
		<vozidlo id="A6">
			<znacka>Ford</znacka>
			<typ>Focus</typ>
			<spz>ABC-123</spz>
			<motor druh="nafta">1.8 TDI</motor>
			<rok>2010</rok>
		</vozidlo>
		<region>
			<popis>Edinburgh</popis>
			<vozidlo id="A7">
				<znacka>Bentley</znacka>
				<typ>GT</typ>
				<spz>F-22</spz>
				<motor druh="nafta">2.2</motor>
				<rok>2010</rok>
			</vozidlo>
		</region>
	</region>
	<region>
		<popis>Anglie</popis>
		<reditel>
			<jmeno>John</jmeno>
			<prijmeni>Doe</prijmeni>
		</reditel>
		<vozidlo id="A1">
			<znacka>Renault</znacka>
			<typ>Megane</typ>
			<spz>737-800</spz>
			<motor druh="benzin">1.2 HTP</motor>
			<rok>1998</rok>
		</vozidlo>
		<vozidlo id="A3">
			<znacka>Kia</znacka>
			<typ>Ceed</typ>
			<spz>A320-200</spz>
			<motor druh="nafta">1.4</motor>
			<rok>2007</rok>
		</vozidlo>
		<region>
			<popis>Londýn</popis>
			<reditel>
				<jmeno>James</jmeno>
				<prijmeni>Bond</prijmeni>
			</reditel>
			<vozidlo id="A4">
				<znacka>Toyota</znacka>
				<typ>Auris</typ>
				<model>A319CJ</model>
				<motor druh="benzin">1.2</motor>
				<rok>2003</rok>
			</vozidlo>
		</region>
		<region>
			<popis>Liverpool</popis>
			<vozidlo id="A2">
				<znacka>Honda</znacka>
				<typ>Civic</typ>
				<spz>737-800</spz>
				<motor druh="nafta">1.62 TSi</motor>
				<rok>2004</rok>
			</vozidlo>
			<vozidlo id="A5">
				<znacka>Toyota</znacka>
				<typ>Auris</typ>
				<spz>A380</spz>
				<motor classes="hybrid">1.2</motor>
				<rok>2009</rok>
			</vozidlo>
		</region>
	</region>
	<osoby>
		<zamestnanec>
			<jmeno>
				<krestni>James</krestni>
				<prijmeni>Bond</prijmeni>
			</jmeno>
			<kontakty>Ford</kontakty>
			<plat>96400</plat>
		</zamestnanec>
		<zamestnanec>
			<jmeno>
				<krestni>John</krestni>
				<prijmeni>Doe</prijmeni>
			</jmeno>
			<kontakty>Toyota</kontakty>
			<plat>11200</plat>
			<email>john@doe.tv</email>
		</zamestnanec>
		<zamestnanec>
			<jmeno>
				<prijmeni>Probst</prijmeni>
			</jmeno>
			<kontakty>Trabant</kontakty>
			<plat>9000</plat>
		</zamestnanec>
		<zamestnanec>
			<jmeno>
				<prijmeni>Newton</prijmeni>
			</jmeno>
			<kontakty>Trabant</kontakty>
			<email>newton@airline.air</email>
			<plat>9990</plat>
		</zamestnanec>
	</osoby>
</pujcovna>