<?xml version="1.0" encoding="utf-8"?>
<!DOCTYPE tv SYSTEM "http://xmltv.arcao.com/xmltv.dtd">
<tv generator-info-name="xmltv.arcao.com version 1.0">
  <channel id="ct1.ceskatelevize.cz">
   <display-name lang="cs">ČT1</display-name>
  </channel>
  <channel id="ct2.ceskatelevize.cz">
   <display-name lang="cs">ČT2</display-name>
  </channel>
  <channel id="nova.nova.cz">
   <display-name lang="cs">Nova</display-name>
  </channel>
  <channel id="prima.iprima.cz">
   <display-name lang="cs">Prima</display-name>
  </channel>
  <channel id="ct24.ct24.cz">
   <display-name lang="cs">ČT24</display-name>
  </channel>
  <channel id="ct4sport.ct24.cz">
   <display-name lang="cs">ČT4 Sport</display-name>
  </channel>
  <channel id="ocko.idnes.cz">
   <display-name lang="cs">Óčko</display-name>
  </channel>
  <channel id="cinema.nova.cz">
   <display-name lang="cs">Nova Cinema</display-name>
  </channel>
  

  <programme start="20090430231000 +0100" stop="20090501000000 +0100" channel="ct1.ceskatelevize.cz" vps-start="130042310">
   <title lang="cs">Deadwood</title>
   <sub-title lang="cs">Noc amatérů</sub-title>
   <desc lang="cs">Neplatí tu žádné zákony, dá se tu rychle zbohatnout i rychle zemřít. Americký seriál o dobývání Divokého západu (2006). Hrají: T. Olyphant, I. McShane, M. Parkerová, P. Malcomsonová a další. Režie Mark Tinker</desc>
   <icon src="http://img4.ceskatelevize.cz/program/porady/10179736688/foto/program.jpg"/>
   <country>CS</country>
   <episode-num system="xmltv_ns">2.8/12.</episode-num>
   <premiere/>
  </programme>
  <programme start="20090501000000 +0100" stop="20090501004000 +0100" channel="ct1.ceskatelevize.cz" vps-start="101050000">
   <title lang="cs">Sólo pro... Teagrass</title>
   <desc lang="cs">Hostem pořadu bylo špičkové akustické sdružení interpretující hudbu na pomezí swingu, bluegrassu a lidové písně. Jedna z našich prvních kapel, která si plně zaslouží "nálepku" world music (2003). Režie V. Fatka</desc>
   <country>CS</country>
  </programme>
  <programme start="20090501004000 +0100" stop="20090501012500 +0100" channel="ct1.ceskatelevize.cz" vps-start="101050040">
   <title lang="cs">Dotek anděla</title>
   <country>CS</country>
   <episode-num system="xmltv_ns">2.11/30.</episode-num>
  </programme>
  <programme start="20090501012500 +0100" stop="20090501022000 +0100" channel="ct1.ceskatelevize.cz" vps-start="101050125">
   <title lang="cs">Hotel Babylon</title>
   <desc lang="cs">Pod jeho střechou se odehrává vše: lásky, nenávisti, chvíle štěstí i tragédie. Britský seriál ze zákulisí pětihvězdičkového hotelu (2008). Hrají: M. Beesley, E. Piersonová, D. Fletcher, A. Moenová a další. Režie Julian Simpson</desc>
   <icon src="http://img4.ceskatelevize.cz/program/porady/10190147192/foto/program.jpg"/>
   <country>CS</country>
   <episode-num system="xmltv_ns">2.0/8.</episode-num>
  </programme>
  <programme start="20090501022000 +0100" stop="20090501024500 +0100" channel="ct1.ceskatelevize.cz" vps-start="101050220">
   <title lang="cs">Pětka v Pomeranči</title>
   <desc lang="cs">Na vaše přání - výběr nejlepších reportáží a klipů z Pětky. Režie L. Kodad.</desc>
   <icon src="http://img4.ceskatelevize.cz/program/porady/10210236662/foto/program.jpg"/>
   <country>CS</country>
  </programme>
  <programme start="20090501024500 +0100" stop="20090501031000 +0100" channel="ct1.ceskatelevize.cz" vps-start="101050245">
   <title lang="cs">Události v regionech</title>
   <desc lang="cs">Městský soud v Praze schválil prodej poděbradských skláren společnosti Crystal BOHEMIA. Výroba ve sklárnách by se měla znovu rozjet. Předražená a naprosto zbytečná. Tak označilo vedení Pardubického kraje čtyři roky probíhající rekonstrukci Domova mládeže ve Vysokém Mýtě. O investici za víc než sto milionů korun rozhodlo bývalé vedení kraje. Louka plná českých orchideí je k vidění mezi Jihlavou a Třebíčí.</desc>
   <country>CS</country>
  </programme>
  <programme start="20090501031000 +0100" stop="20090501033500 +0100" channel="ct1.ceskatelevize.cz" vps-start="101050310">
   <title lang="cs">Události v regionech</title>
   <desc lang="cs">Pokračování ve sporu ochránců přírody a majitelů obory v Radějově na Hodonínsku. A další aktuality z regionu</desc>
   <country>CS</country>
  </programme>
  <programme start="20090501033500 +0100" stop="20090501040000 +0100" channel="ct1.ceskatelevize.cz" vps-start="101050335">
   <title lang="cs">Události v regionech</title>
   <country>CS</country>
  </programme>
  <programme start="20090501040000 +0100" stop="20090501042500 +0100" channel="ct1.ceskatelevize.cz" vps-start="101050400">
   <title lang="cs">Regiony ČT24</title>
   <country>CS</country>
  </programme>
  <programme start="20090501042500 +0100" stop="20090501050000 +0100" channel="ct1.ceskatelevize.cz" vps-start="101050425">
   <title lang="cs">Madeira - historie ve víně</title>
   <desc lang="cs">Procházka ostrovem (1999). Režie P. Horký</desc>
   <country>CS</country>
  </programme>
  <programme start="20090501050000 +0100" stop="20090501052000 +0100" channel="ct1.ceskatelevize.cz" vps-start="101050500">
   <title lang="cs">Bydlení je hra</title>
   <desc lang="cs">I v hnízdečku pro dva se dá vařit. Magazín o kultuře bydlení</desc>
   <icon src="http://img4.ceskatelevize.cz/program/porady/10168178638/foto/program.gif"/>
   <country>CS</country>
  </programme>
  <programme start="20090501052000 +0100" stop="20090501053000 +0100" channel="ct1.ceskatelevize.cz" vps-start="101050520">
   <title lang="cs">Postřehy odjinud</title>
   <sub-title lang="cs">Itálie očima Milana Fridricha - Felliniho sladký život</sub-title>
   <country>CS</country>
  </programme>
  <programme start="20090501053000 +0100" stop="20090501055500 +0100" channel="ct1.ceskatelevize.cz" vps-start="101050530">
   <title lang="cs">Události v regionech</title>
   <desc lang="cs">Městský soud v Praze schválil prodej poděbradských skláren společnosti Crystal BOHEMIA. Výroba ve sklárnách by se měla znovu rozjet. Předražená a naprosto zbytečná. Tak označilo vedení Pardubického kraje čtyři roky probíhající rekonstrukci Domova mládeže ve Vysokém Mýtě. O investici za víc než sto milionů korun rozhodlo bývalé vedení kraje. Louka plná českých orchideí je k vidění mezi Jihlavou a Třebíčí.</desc>
   <country>CS</country>
  </programme>
  <programme start="20090501055500 +0100" stop="20090501065500 +0100" channel="ct1.ceskatelevize.cz" vps-start="101050555">
   <title lang="cs">Totální Monteverdi</title>
   <desc lang="cs">Monteverdiho madrigaly jako příběhy moderní lásky. Britský hudební film Johna La Bouchardiere se souborem I Fagiolini (2007)</desc>
   <country>CS</country>
  </programme>
  <programme start="20090501065500 +0100" stop="20090501071000 +0100" channel="ct1.ceskatelevize.cz" vps-start="101050655">
   <title lang="cs">O doktorovi Vševědovi</title>
   <desc lang="cs">Pohádka podle bratří Grimmů (1973). Hrají: V. Menšík, H. Růžičková, M. Nedbal a další.</desc>
   <country>CS</country>
  </programme>
  <programme start="20090501071000 +0100" stop="20090501071500 +0100" channel="ct1.ceskatelevize.cz" vps-start="101050710">
   <title lang="cs">Děti kreslí písničky</title>
   <sub-title lang="cs">Tygr</sub-title>
   <desc lang="cs">V animovaném videoklipu M. Procházkové zpívá Petr Skoumal</desc>
   <country>CS</country>
  </programme>
  <programme start="20090501071500 +0100" stop="20090501074500 +0100" channel="ct1.ceskatelevize.cz" vps-start="101050715">
   <title lang="cs">Kouzelná školka</title>
   <desc lang="cs">Pohádky a povídání pro nejmenší k podívání</desc>
   <icon src="http://img4.ceskatelevize.cz/program/porady/10209221979/foto/program.jpg"/>
   <country>CS</country>
  </programme>
  <programme start="20090501074500 +0100" stop="20090501080000 +0100" channel="ct1.ceskatelevize.cz" vps-start="101050745">
   <title lang="cs">Šikulové</title>
   <desc lang="cs">I malé ruce dokáží velké věci! A když máš nápad, je to hračka</desc>
   <icon src="http://img4.ceskatelevize.cz/program/porady/10211139784/foto/program.gif"/>
   <country>CS</country>
  </programme>
  <programme start="20090501080000 +0100" stop="20090501090000 +0100" channel="ct1.ceskatelevize.cz" vps-start="101050800">
   <title lang="cs">O Držgrešlovi a Drždukátovi</title>
   <desc lang="cs">Pohádka nejen o dvou chamtivých bratřích, ale i o lenošném Vojtovi a obětavé Aničce (1997). Hrají: F. Řehák, J. Kuneš, V. Svoboda, J. Schneiderová a další. Scénář L. Balák. Kamera H. Štangl. Režie E. Sokolovský ml.</desc>
   <country>CS</country>
  </programme>
  <programme start="20090501090000 +0100" stop="20090501095000 +0100" channel="ct1.ceskatelevize.cz" vps-start="101050900">
   <title lang="cs">Malý televizní kabaret</title>
   <sub-title lang="cs">O dopravě</sub-title>
   <desc lang="cs">Zábavný pořad pro děti o cestování (1983). Účinkují: J. Molavcová, Š. Haničincová, J. Dvořák, J. Zedníček, J. Lábus a děti. Scénář O. Suchý a O. Dudek. Kamera V. Štinglová. Režie L. Koutná</desc>
   <country>CS</country>
  </programme>
  <programme start="20090501095000 +0100" stop="20090501104000 +0100" channel="ct1.ceskatelevize.cz" vps-start="101050950">
   <title lang="cs">Cyprián a bezhlavý prapradědeček</title>
   <desc lang="cs">Veselá pohádka o rozpustilých strašidlech (1997). Hrají: L. Vaculík, B. Navrátil, J. Březinová, M. Markovičová, K. Trojanová, N. Konvalinková a další. Scénář K. Kuršová. Kamera M. Dostál. Režie V. Janečková</desc>
   <country>CS</country>
  </programme>
  <programme start="20090501104000 +0100" stop="20090501113500 +0100" channel="ct1.ceskatelevize.cz" vps-start="101051040">
   <title lang="cs">Ať se lidi mají rádi...aspoň dnes</title>
   <desc lang="cs">Různé podoby lásky ve střihovém pořadu plném humoru a písniček s těmi, kdo to umějí: D. Medřická, I. Janžurová, J. Bohdalová, L. Šafránková, V. Menšík, M. Kopecký, J. Abrhám, F. Holzmann, V. Dvořák, J. Dvořák, H. Hegerová, E. Pilarová, N. Urbánková, H. Vondráčková, P. Filipovská, K. Gott, J. Korn, M. Chladil a řada dalších. Připravili: M. Maršálková, M. Veselý, M. Liška a A. Berková</desc>
   <country>CS</country>
  </programme>
  <programme start="20090501113500 +0100" stop="20090501120000 +0100" channel="ct1.ceskatelevize.cz" vps-start="101051135">
   <title lang="cs">Zdenka Hůly Svěcení jara</title>
   <desc lang="cs">Dokument o životních postojích a podivuhodné tvorbě malíře a sochaře (1992). Kamera J. Špáta. Scénář a režie O. Sommerová</desc>
   <country>CS</country>
  </programme>
  <programme start="20090501120000 +0100" stop="20090501120500 +0100" channel="ct1.ceskatelevize.cz" vps-start="101051200">
   <title lang="cs">Zprávy</title>
   <desc lang="cs">Nejdůležitější události dne v ČR i ve světě.</desc>
   <country>CS</country>
   <premiere/>
  </programme>
  <programme start="20090501120500 +0100" stop="20090501123000 +0100" channel="ct1.ceskatelevize.cz" vps-start="101051205">
   <title lang="cs">Láska je makačka</title>
   <desc lang="cs">Hraný dokument o tom, že i na lásce se musí pracovat.</desc>
   <country>CS</country>
  </programme>
  <programme start="20090501123000 +0100" stop="20090501133000 +0100" channel="ct1.ceskatelevize.cz" vps-start="101051230">
   <title lang="cs">Sama doma</title>
   <desc lang="cs">Nebuďte doma samy, začněte měsíc lásky společně s námi</desc>
   <country>CS</country>
   <premiere/>
  </programme>
  <programme start="20090501133000 +0100" stop="20090501144500 +0100" channel="ct1.ceskatelevize.cz" vps-start="101051330">
   <title lang="cs">O perlové panně</title>
   <desc lang="cs">Tajuplný pohádkový příběh o záhadné krásce z obrazu (1996). Hrají: J. Hanzlík, F. Blažek, K. Sochorová, R. Lukavský, J. Hartl, O. Jirák, R. Žák, F. Rajmont, J. Hálek, M. Kuklová a další. Scénář P. Šrut. Kamera V. Holomek. Režie V. Drha</desc>
   <icon src="http://img4.ceskatelevize.cz/program/porady/94863/foto/program.jpg"/>
   <country>CS</country>
  </programme>
  <programme start="20090501144500 +0100" stop="20090501145500 +0100" channel="ct1.ceskatelevize.cz" vps-start="101051445">
   <title lang="cs">Kde peníze pomáhají</title>
   <sub-title lang="cs">Diecézní charita Brno</sub-title>
   <desc lang="cs">Komu a jak pomohly finanční prostředky z 10. ročníku sbírky Pomozte dětem.</desc>
   <icon src="http://img4.ceskatelevize.cz/program/porady/10213706405/foto/program.gif"/>
   <country>CS</country>
  </programme>
  <programme start="20090501145500 +0100" stop="20090501152500 +0100" channel="ct1.ceskatelevize.cz" vps-start="101051455">
   <title lang="cs">Bludiště</title>
   <desc lang="cs">Odvahu, fantazii, vědomosti, ale i kus štěstí a obchodního talentu vyžaduje od soutěžních družstev napínavá hra. Moderuje Roman Pastorek</desc>
   <country>CS</country>
   <premiere/>
  </programme>
  <programme start="20090501152500 +0100" stop="20090501165500 +0100" channel="ct1.ceskatelevize.cz" vps-start="101051525">
   <title lang="cs">Pro pamětníky: Jarní píseň</title>
   <desc lang="cs">Hana Vítová ve filmové romanci o láskách, nadějích a snech. Český film (1944). Dále hrají: F. Smolík, F. Hanus, S. Beneš, J. Plachta, J. Dítětová, J. Smejkalová, R. Šlemrová, M. Blažková a další. Scénář: J. Neuberg, Maru a J. Schmitt. Kamera: K. Degl. Režie Rudolf Hrušínský</desc>
   <country>CS</country>
  </programme>
  <programme start="20090501165500 +0100" stop="20090501175500 +0100" channel="ct1.ceskatelevize.cz" vps-start="101051655">
   <title lang="cs">Láska včera, dnes a zítra</title>
   <desc lang="cs">Co lidi nejvíc spojuje, ale zároveň rozděluje? Napříč generacemi po tom pátral umělecký tandem O. Sommerová a její dcera O. Špátová</desc>
   <icon src="http://img4.ceskatelevize.cz/program/porady/10079415966/foto/program.jpg"/>
   <country>CS</country>
  </programme>
  <programme start="20090501175500 +0100" stop="20090501180000 +0100" channel="ct1.ceskatelevize.cz" vps-start="101051755">
   <title lang="cs">Předpověď počasí</title>
   <desc lang="cs">Souhrn meteorologických informací uplynulých 24 hodin a prognóza vývoje počasí na příští dny.</desc>
   <country>CS</country>
   <premiere/>
  </programme>
  <programme start="20090501180000 +0100" stop="20090501184500 +0100" channel="ct1.ceskatelevize.cz" vps-start="101051800">
   <title lang="cs">Brno Open 2009</title>
   <desc lang="cs">Záznam z mezinárodní soutěže ve standardních a latinskoamerických tancích. Režie V. Fatka</desc>
   <icon src="http://img4.ceskatelevize.cz/program/porady/10213545438/foto/program.jpg"/>
   <country>CS</country>
   <premiere/>
  </programme>
  <programme start="20090501184500 +0100" stop="20090501185500 +0100" channel="ct1.ceskatelevize.cz" vps-start="101051845">
   <title lang="cs">Večerníček: Jak Ťuk a Bzuk putovali za sluníčkem</title>
   <country>CS</country>
  </programme>
  <programme start="20090501185500 +0100" stop="20090501190000 +0100" channel="ct1.ceskatelevize.cz" vps-start="101051855">
   <title lang="cs">Šťastných deset a Šance milion</title>
   <country>CS</country>
   <premiere/>
  </programme>
  <programme start="20090501190000 +0100" stop="20090501194000 +0100" channel="ct1.ceskatelevize.cz" vps-start="101051900">
   <title lang="cs">Události</title>
   <desc lang="cs">Hlavní zpravodajská relace České televize. Souhrn nejdůležitějších událostí dne v ČR i ve světě.</desc>
   <country>CS</country>
   <premiere/>
  </programme>
  <programme start="20090501194000 +0100" stop="20090501195000 +0100" channel="ct1.ceskatelevize.cz" vps-start="101051940">
   <title lang="cs">Branky, body, vteřiny</title>
   <country>CS</country>
   <premiere/>
  </programme>
  <programme start="20090501195000 +0100" stop="20090501195500 +0100" channel="ct1.ceskatelevize.cz" vps-start="101051950">
   <title lang="cs">Losování Euromiliony</title>
   <country>CS</country>
   <premiere/>
  </programme>
  <programme start="20090501195500 +0100" stop="20090501200000 +0100" channel="ct1.ceskatelevize.cz" vps-start="101051955">
   <title lang="cs">Předpověď počasí</title>
   <desc lang="cs">Souhrn meteorologických informací uplynulých 24 hodin a prognóza vývoje počasí na příští dny.</desc>
   <country>CS</country>
   <premiere/>
  </programme>
  <programme start="20090501200000 +0100" stop="20090501205500 +0100" channel="ct1.ceskatelevize.cz" vps-start="101052000">
   <title lang="cs">Ranč U Zelené sedmy</title>
   <desc lang="cs">Komediální seriál o rodině Kudrnových a jejich životě na venkovském statku (2005). Hrají: J. Štěpánková, M. Steinmasslová, M. Noga, L. Kostelka, M. Beník, P. Zedníček, I. Škarková, P. Solaříková, S. Stašová, R. Jašków, R. Novák ml. a další. Scénář E. a I. Pelantovi. Kamera R. Pavlíček. Režie M. Balajka</desc>
   <icon src="http://img4.ceskatelevize.cz/program/porady/1103194868/foto/program.jpg"/>
   <country>CS</country>
   <episode-num system="xmltv_ns">0.16/21.</episode-num>
  </programme>
  <programme start="20090501205500 +0100" stop="20090501222500 +0100" channel="ct1.ceskatelevize.cz" vps-start="101052055">
   <title lang="cs">Vůně vanilky</title>
   <desc lang="cs">Dramatický příběh o lidské touze, lásce a odpovědnosti k bližnímu na pozadí konce 2. světové války, kdy zemi osvobozovali Američané (2001). Hrají: B. Munzarová, J. Hlaváčová, J. Schmitzer, P. Kříž, J. Dvořák a další. Scénář L. Konášová. Kamera P. Polák. Režie J. Strach</desc>
   <icon src="http://img4.ceskatelevize.cz/program/porady/1038955389/foto/program.jpg"/>
   <country>CS</country>
  </programme>
  <programme start="20090501222500 +0100" stop="20090501231000 +0100" channel="ct1.ceskatelevize.cz" vps-start="101052225">
   <title lang="cs">Uvolněte se, prosím</title>
   <desc lang="cs">Talk show Jana Krause. Hosté: Iveta Radičová, Zdeněk Izer a Peťka Popluhárová. Režie V. Nouzák</desc>
   <icon src="http://img4.ceskatelevize.cz/program/porady/10214098406/foto/program.jpg"/>
   <country>CS</country>
   <premiere/>
  </programme>
  <programme start="20090501231000 +0100" stop="20090501234000 +0100" channel="ct1.ceskatelevize.cz" vps-start="101052310">
   <title lang="cs">Sex ve městě</title>
   <sub-title lang="cs">Město duchů</sub-title>
   <desc lang="cs">Půvabná novinářka Carrie Bradshawová ví hodně o sexu a nebojí se na to zeptat! Americký komediální seriál oceněný Zlatým glóbem a cenou Emmy (2001). Hrají: S. J. Parkerová, K. Cattrallová, K. Davisová, C. Nixonová a další.</desc>
   <icon src="http://img4.ceskatelevize.cz/program/porady/1056351503/foto/program.jpg"/>
   <country>CS</country>
   <episode-num system="xmltv_ns">3.4/18.</episode-num>
  </programme>
  <programme start="20090501234000 +0100" stop="20090501234500 +0100" channel="ct1.ceskatelevize.cz" vps-start="101052340">
   <title lang="cs">Losování Šťastných deset a Šance milion</title>
   <country>CS</country>
   <premiere/>
  </programme>
  <programme start="20090501234500 +0100" stop="20090501235000 +0100" channel="ct1.ceskatelevize.cz" vps-start="101052345">
   <title lang="cs">Losování Euromiliony</title>
   <country>CS</country>
   <premiere/>
  </programme>
  <programme start="20090430230500 +0100" stop="20090501000500 +0100" channel="ct2.ceskatelevize.cz" vps-start="230042305">
   <title lang="cs">Filmový klub: Berlín, Alexandrovo náměstí</title>
   <desc lang="cs">Láska, to vždycky hodně stojí. Slavný projekt režiséra Rainera Wernera Fassbindera o osudech malého člověka v Německu na přelomu dvacátých a třicátých let podle románu Alfreda Döblina (1980). Hrají: G. Lamprecht, B. Valentinová, B. Sukowa, G. John, H. Schygullaová a další. V německém znění s titulky</desc>
   <icon src="http://img4.ceskatelevize.cz/program/porady/10136746465/foto/program.jpg"/>
   <country>CS</country>
   <episode-num system="xmltv_ns">0.5/14.</episode-num>
   <premiere/>
  </programme>
  <programme start="20090501000500 +0100" stop="20090501003500 +0100" channel="ct2.ceskatelevize.cz" vps-start="201050005">
   <title lang="cs">Olověná bublina</title>
   <sub-title lang="cs">Pistáciový</sub-title>
   <desc lang="cs">Ještě není pozdě udělat díru do světa! Britský sitcom (2006). Hrají: J. Dee, S. Power, R. Cassidyová, A. Crillyová, T. Gardner a další. Režie Alex Hardcastle</desc>
   <country>CS</country>
   <episode-num system="xmltv_ns">0.4/6.</episode-num>
  </programme>
  <programme start="20090501003500 +0100" stop="20090501013000 +0100" channel="ct2.ceskatelevize.cz" vps-start="201050035">
   <title lang="cs">Film point</title>
   <desc lang="cs">Hologram, Hříbek, Krutor, Buty, Mikrosvěty, Pomsta, Jang Lejdy, Slunce v duši, Fotbal, Scéna ze života antilop, Komu zvoní hrana. Průřez současnou filmovou tvorbou z dílen studentů českých filmových škol. Autoři: K. Slina, P. Babinec, J. Jůza, M. Kaňková, J. Kottman, Z. Meduna, A. Halamová, E. Krausová a G. Miklínová.</desc>
   <country>CS</country>
  </programme>
  <programme start="20090501013000 +0100" stop="20090501032000 +0100" channel="ct2.ceskatelevize.cz" vps-start="201050130">
   <title lang="cs">Sladká labuť avonská</title>
   <desc lang="cs">Hudebně poetické pásmo inspirované historií divadla v Shakespearově rodném městě Stratfordu. Záznam z baziliky sv. Jiří na Pražském hradě. Účinkují: English Serenata, umělecký vedoucí G. Byam - Grounds, J. Nettles - recitace, Y. Howard, J. MacDougal - zpěv (1997). Kamera J. Lebeda. Režie S. Vaněk. (V anglickém znění s titulky)</desc>
   <country>CS</country>
  </programme>
  <programme start="20090501032000 +0100" stop="20090501041500 +0100" channel="ct2.ceskatelevize.cz" vps-start="201050320">
   <title lang="cs">Záhadná smrt korunního prince Rudolfa</title>
   <desc lang="cs">Jak žil a jak zemřel následník rakousko-uherského trůnu (2001)</desc>
   <country>CS</country>
  </programme>
  <programme start="20090501041500 +0100" stop="20090501044000 +0100" channel="ct2.ceskatelevize.cz" vps-start="201050415">
   <title lang="cs">Pokus o portrét básníka Václava Hraběte</title>
   <desc lang="cs">Vzpomínky přátel a současníků na básnický idol mladé generace 60. let (1994). Připravil S. Vála</desc>
   <country>CS</country>
  </programme>
  <programme start="20090501044000 +0100" stop="20090501050000 +0100" channel="ct2.ceskatelevize.cz" vps-start="201050440">
   <title lang="cs">Než přijede záchranka</title>
   <sub-title lang="cs">Umění provázet</sub-title>
   <desc lang="cs">Jste svědkem dopravní nehody? Nebojte se poskytnout první pomoc. Nový osvětový cyklus</desc>
   <icon src="http://img4.ceskatelevize.cz/program/porady/10209232654/foto/program.jpg"/>
   <country>CS</country>
   <episode-num system="xmltv_ns">0.9/13.</episode-num>
  </programme>
  <programme start="20090501050000 +0100" stop="20090501052000 +0100" channel="ct2.ceskatelevize.cz" vps-start="201050500">
   <title lang="cs">Báječný svět k nepřežití</title>
   <sub-title lang="cs">Barmský "kuthoul"</sub-title>
   <desc lang="cs">Stát strachu a nadějí. Bohatá země chudých lidí pod nadvládou vojenského režimu. Připravila K. Kytková</desc>
   <country>CS</country>
   <episode-num system="xmltv_ns">0.3/10.</episode-num>
  </programme>
  <programme start="20090501052000 +0100" stop="20090501053000 +0100" channel="ct2.ceskatelevize.cz" vps-start="201050520">
   <title lang="cs">Šaty dělaj' člověka</title>
   <sub-title lang="cs">Tramping</sub-title>
   <desc lang="cs">I vy jste podlehli kouzlu toulavých bot a spaní pod širákem? Poradíme vám, jak se na to co nejlépe obléknout</desc>
   <icon src="http://img4.ceskatelevize.cz/program/porady/10213555664/foto/program.jpg"/>
   <country>CS</country>
  </programme>
  <programme start="20090501053000 +0100" stop="20090501055500 +0100" channel="ct2.ceskatelevize.cz" vps-start="201050530">
   <title lang="cs">Správy STV</title>
   <desc lang="cs">Hlavní zpravodajská relace veřejnoprávní slovenské televize. Služba nejpočetnější národnostní menšině v ČR.</desc>
   <country>CS</country>
   <premiere/>
  </programme>
  <programme start="20090501055500 +0100" stop="20090501064500 +0100" channel="ct2.ceskatelevize.cz" vps-start="201050555">
   <title lang="cs">Sochař</title>
   <desc lang="cs">Medailon Vincence Makovského (1995). Režie K. Fuksa</desc>
   <country>CS</country>
  </programme>
  <programme start="20090501064500 +0100" stop="20090501071000 +0100" channel="ct2.ceskatelevize.cz" vps-start="201050645">
   <title lang="cs">Na plovárně s Ivanou Trumpovou</title>
   <desc lang="cs">Rozhovor Marka Ebena s americkou podnikatelkou českého původu. Režie J. Hojtaš</desc>
   <icon src="http://img4.ceskatelevize.cz/program/porady/1093836883/foto/program.jpg"/>
   <country>CS</country>
  </programme>
  <programme start="20090501071000 +0100" stop="20090501083000 +0100" channel="ct2.ceskatelevize.cz" vps-start="201050710">
   <title lang="cs">Žena v trysku století</title>
   <desc lang="cs">Televizní komedie o ženách a nejen pro ženy (1987). Hrají: J. Jirásková, D. Veškrnová, B. Slováček, V. Preiss a Z. Podskalský. Kamera J. Novotný. Scénář a režie Z. Podskalský</desc>
   <country>CS</country>
  </programme>
  <programme start="20090501083000 +0100" stop="20090501091000 +0100" channel="ct2.ceskatelevize.cz" vps-start="201050830">
   <title lang="cs">Panorama</title>
   <desc lang="cs">Aktuální povětrnostní zpravodajství prostřednictvím panoramatických kamer</desc>
   <country>CS</country>
   <premiere/>
  </programme>
  <programme start="20090501091000 +0100" stop="20090501093000 +0100" channel="ct2.ceskatelevize.cz" vps-start="201050910">
   <title lang="cs">Na stopě</title>
   <desc lang="cs">Zločin se může dotknout každého z nás. Pachatele i jejich oběti uvádí Roman Svoboda</desc>
   <icon src="http://img4.ceskatelevize.cz/program/porady/1100492707/foto/program.jpg"/>
   <country>CS</country>
  </programme>
  <programme start="20090501093000 +0100" stop="20090501100000 +0100" channel="ct2.ceskatelevize.cz" vps-start="201050930">
   <title lang="cs">Experiment</title>
   <sub-title lang="cs">Ve squattu</sub-title>
   <desc lang="cs">Roman Vojtek si vyzkouší život squattera. Normálně o sebe velmi dbá, nyní se po noci na mokré matraci bude omývat jen dešťovou vodou. Zvládne to? Režie: F. Menzel</desc>
   <icon src="http://img4.ceskatelevize.cz/program/porady/10211487240/foto/program.jpg"/>
   <country>CS</country>
  </programme>
  <programme start="20090501100000 +0100" stop="20090501110000 +0100" channel="ct2.ceskatelevize.cz" vps-start="201051000">
   <title lang="cs">Babičky ve víru lásky</title>
   <desc lang="cs">Dokumentární esej Jasminy Blaževičové o tom, jak (se) milovali naši prarodičové (1999).</desc>
   <country>CS</country>
  </programme>
  <programme start="20090501110000 +0100" stop="20090501130500 +0100" channel="ct2.ceskatelevize.cz" vps-start="201051100">
   <title lang="cs">Evropský koncert 2009</title>
   <desc lang="cs">Přímý přenos tradičního prvomájového koncertu Berlínské filharmonie, tentokrát z Teatro San Carlo v Neapoli. Na programu skladby: G. Verdi předehra k opeře Síla osudu, G. Martucci La canzone dei ricordi a F. Schubert Velká symfonie č. 9 C dur, D 944. Spoluúčinkuje V. Urmanová - mezzosoprán. Diriguje Riccardo Muti. Český komentář J. Králík. Režie M. Beyer</desc>
   <country>CS</country>
  </programme>
  <programme start="20090501130500 +0100" stop="20090501134000 +0100" channel="ct2.ceskatelevize.cz" vps-start="201051305">
   <title lang="cs">Byla jednou jedna planeta</title>
   <sub-title lang="cs">Následky</sub-title>
   <desc lang="cs">Další nová série francouzského animovaného projektu "Byl jednou jeden..." je tentokrát věnována problémům ekologie a trvale udržitelného života</desc>
   <country>CS</country>
   <episode-num system="xmltv_ns">0.16/26.</episode-num>
  </programme>
  <programme start="20090501134000 +0100" stop="20090501143500 +0100" channel="ct2.ceskatelevize.cz" vps-start="201051340">
   <title lang="cs">Sportovci světa: LOH Soul 1988</title>
   <desc lang="cs">Oficiální dokument ze čtyřiadvacáté letní olympiády. Část druhá</desc>
   <country>CS</country>
   <premiere/>
  </programme>
  <programme start="20090501143500 +0100" stop="20090501150500 +0100" channel="ct2.ceskatelevize.cz" vps-start="201051435">
   <title lang="cs">Evropa dnes</title>
   <sub-title lang="cs">Deset let s eurem</sub-title>
   <desc lang="cs">Historie i budoucnost společné měny</desc>
   <country>CS</country>
   <premiere/>
  </programme>
  <programme start="20090501150500 +0100" stop="20090501153500 +0100" channel="ct2.ceskatelevize.cz" vps-start="201051505">
   <title lang="cs">City Folk - Praha, 2007</title>
   <desc lang="cs">Příběhy lidí z velkých měst</desc>
   <icon src="http://img4.ceskatelevize.cz/program/porady/10169721185/foto/program.gif"/>
   <country>CS</country>
   <premiere/>
  </programme>
  <programme start="20090501153500 +0100" stop="20090501160000 +0100" channel="ct2.ceskatelevize.cz" vps-start="201051535">
   <title lang="cs">Kosmopolis - Speciál</title>
   <desc lang="cs">Czech made? Další díl připravený ve spolupráci s Multikulturním centrem Praha. Dnes o životě Vietnamců u nás</desc>
   <country>CS</country>
   <premiere/>
  </programme>
  <programme start="20090501160000 +0100" stop="20090501170000 +0100" channel="ct2.ceskatelevize.cz" vps-start="201051600">
   <title lang="cs">Zlatá brána</title>
   <desc lang="cs">Historie a záchrana vzácné mozaiky na Pražském hradě (1997). Připravili: J. Boněk a J. Nekvasil</desc>
   <country>CS</country>
  </programme>
  <programme start="20090501170000 +0100" stop="20090501171500 +0100" channel="ct2.ceskatelevize.cz" vps-start="201051700">
   <title lang="cs">Chcete mě?</title>
   <desc lang="cs">Pořad na pomoc zvířatům. Uvádí Marta Kubišová</desc>
   <icon src="http://img4.ceskatelevize.cz/program/porady/10214254240/foto/program.gif"/>
   <country>CS</country>
   <premiere/>
  </programme>
  <programme start="20090501171500 +0100" stop="20090501185500 +0100" channel="ct2.ceskatelevize.cz" vps-start="201051715">
   <title lang="cs">Leopardí žena</title>
   <desc lang="cs">Stačilo jen pár minut, aby zbortila jeho plány a obrátila mu život naruby. Katharine Hepburnová a Cary Grant v hlavních rolích klasické americké komedie (1938). Dále hrají: Ch. Ruggles, B. Fitzgerald, M. Robsonová, W. Bond a J. Carson. Režie Howard Hawks</desc>
   <country>CS</country>
  </programme>
  <programme start="20090501185500 +0100" stop="20090501193000 +0100" channel="ct2.ceskatelevize.cz" vps-start="201051855">
   <title lang="cs">Slavnostní koncert z Pražského hradu</title>
   <desc lang="cs">Ve skladbách A. Dvořáka, B. Smetany, E. Suchoně a J. Cikkera účinkují J. Jonášová, M. Kopačka, M. Machotková, Balet Národního divadla v Praze v choreografii O. Šandy a Česká filharmonie s dirigentem V. Neumannem (1978). Kamera I. Bojanovský. Režie M. Macků.</desc>
   <country>CS</country>
  </programme>
  <programme start="20090501193000 +0100" stop="20090501200000 +0100" channel="ct2.ceskatelevize.cz" vps-start="201051930">
   <title lang="cs">Magazín Ligy mistrů</title>
   <country>CS</country>
   <premiere/>
  </programme>
  <programme start="20090501200000 +0100" stop="20090501224500 +0100" channel="ct2.ceskatelevize.cz" vps-start="201052000">
   <title lang="cs">MS v hokeji 2009 Švýcarsko</title>
   <sub-title lang="cs">Finsko - Slovensko</sub-title>
   <desc lang="cs">Přímý přenos osmifinálového utkání</desc>
   <icon src="http://img4.ceskatelevize.cz/program/porady/10207453414/foto/program.gif"/>
   <country>CS</country>
  </programme>
  <programme start="20090501224500 +0100" stop="20090501230500 +0100" channel="ct2.ceskatelevize.cz" vps-start="201052245">
   <title lang="cs">HOREČKA PÁTEČNÍ NOCI: I BBC se utne</title>
   <desc lang="cs">Další žertovně nepovedené záběry z archivů BBC (V původním znění s titulky)</desc>
   <country>CS</country>
   <premiere/>
  </programme>
  <programme start="20090501230500 +0100" stop="20090501232500 +0100" channel="ct2.ceskatelevize.cz" vps-start="201052305">
   <title lang="cs">TV BONSAI... se Zuzanou Bydžovskou</title>
   <desc lang="cs">Pokusné vysílání celoplošné minitelevize. Režie Š. Koudela</desc>
   <icon src="http://img4.ceskatelevize.cz/program/porady/10087832500/foto/program.jpg"/>
   <country>CS</country>
   <premiere/>
  </programme>
  <programme start="20090501232500 +0100" stop="20090501235000 +0100" channel="ct2.ceskatelevize.cz" vps-start="201052325">
   <title lang="cs">Gorodok</title>
   <sub-title lang="cs">Gorodok a bumážka</sub-title>
   <desc lang="cs">Skeče dvou ruských populárních komiků Ilji Olejnikova a Jurije Stojanova. (V původním znění s titulky)</desc>
   <country>CS</country>
   <episode-num system="xmltv_ns">0.7/20.</episode-num>
  </programme>
  <programme start="20090430230500 +0100" stop="20090501004500 +0100" channel="nova.nova.cz">
   <title lang="cs">Retrograde</title>
   <country>CS</country>
  </programme>
  <programme start="20090501004500 +0100" stop="20090501013000 +0100" channel="nova.nova.cz">
   <title lang="cs">Kriminálka Miami</title>
   <country>CS</country>
   <episode-num system="xmltv_ns">1.0.</episode-num>
  </programme>
  <programme start="20090501013000 +0100" stop="20090501015000 +0100" channel="nova.nova.cz">
   <title lang="cs">Novashopping</title>
   <country>CS</country>
  </programme>
  <programme start="20090501015000 +0100" stop="20090501023000 +0100" channel="nova.nova.cz">
   <title lang="cs">Na vlastní oči</title>
   <country>CS</country>
  </programme>
  <programme start="20090501023000 +0100" stop="20090501030500 +0100" channel="nova.nova.cz">
   <title lang="cs">Věštírna</title>
   <country>CS</country>
  </programme>
  <programme start="20090501030500 +0100" stop="20090501041500 +0100" channel="nova.nova.cz">
   <title lang="cs">Áčko</title>
   <country>CS</country>
  </programme>
  <programme start="20090501041500 +0100" stop="20090501050000 +0100" channel="nova.nova.cz">
   <title lang="cs">DO-RE-MI</title>
   <country>CS</country>
  </programme>
  <programme start="20090501050000 +0100" stop="20090501060000 +0100" channel="nova.nova.cz">
   <title lang="cs">Novashopping</title>
   <country>CS</country>
  </programme>
  <programme start="20090501060000 +0100" stop="20090501062500 +0100" channel="nova.nova.cz">
   <title lang="cs">Království surikat</title>
   <country>CS</country>
   <episode-num system="xmltv_ns">0.0.</episode-num>
  </programme>
  <programme start="20090501062500 +0100" stop="20090501074500 +0100" channel="nova.nova.cz">
   <title lang="cs">FernGully. Poslední deštný prales</title>
   <country>CS</country>
  </programme>
  <programme start="20090501074500 +0100" stop="20090501091000 +0100" channel="nova.nova.cz">
   <title lang="cs">Lucie, postrach ulice</title>
   <country>CS</country>
  </programme>
  <programme start="20090501091000 +0100" stop="20090501105500 +0100" channel="nova.nova.cz">
   <title lang="cs">Kouzelný měšec</title>
   <country>CS</country>
  </programme>
  <programme start="20090501105500 +0100" stop="20090501122500 +0100" channel="nova.nova.cz">
   <title lang="cs">Císařův pekař</title>
   <country>CS</country>
  </programme>
  <programme start="20090501122500 +0100" stop="20090501142000 +0100" channel="nova.nova.cz">
   <title lang="cs">Hlava rodiny</title>
   <country>CS</country>
  </programme>
  <programme start="20090501142000 +0100" stop="20090501161500 +0100" channel="nova.nova.cz">
   <title lang="cs">Flek</title>
   <country>CS</country>
  </programme>
  <programme start="20090501161500 +0100" stop="20090501183000 +0100" channel="nova.nova.cz">
   <title lang="cs">Z pekla štěstí</title>
   <country>CS</country>
  </programme>
  <programme start="20090501183000 +0100" stop="20090501193000 +0100" channel="nova.nova.cz">
   <title lang="cs">Ulice</title>
   <country>CS</country>
   <episode-num system="xmltv_ns">0.1308.</episode-num>
   <episode-num system="xmltv_ns">0.1309.</episode-num>
  </programme>
  <programme start="20090501193000 +0100" stop="20090501200000 +0100" channel="nova.nova.cz">
   <title lang="cs">Televizní noviny</title>
   <country>CS</country>
  </programme>
  <programme start="20090501200000 +0100" stop="20090501215500 +0100" channel="nova.nova.cz">
   <title lang="cs">Hříšný tanec</title>
   <country>CS</country>
  </programme>
  <programme start="20090501215500 +0100" stop="20090501233500 +0100" channel="nova.nova.cz">
   <title lang="cs">Kráčející skála</title>
   <country>CS</country>
  </programme>
  <programme start="20090430232000 +0100" stop="20090501001500 +0100" channel="prima.iprima.cz">
   <title lang="cs">Sběratelé kostí</title>
   <desc lang="cs">Mysteriózní, Kriminální (S) (*) Mrtvolu, která byla nalezena v odpadcích, identifikuje doktorka Brennanová jako mladíka Dylana Cranea. Z jeho zabití je podezřelá dívka, žijící u pěstounů... Americký kriminální seriál (2006). Hrají E. Deschanelová, D. Boreanaz, T. J. Thyne a další. Režie S. Bookstaver (42 min)</desc>
   <country>CS</country>
   <episode-num system="xmltv_ns">1.2.</episode-num>
  </programme>
  <programme start="20090501001500 +0100" stop="20090501010500 +0100" channel="prima.iprima.cz">
   <title lang="cs">Vraždy v Kitzbühelu</title>
   <desc lang="cs">Kriminální (S) (*) Vražda bohatého majitele speditérské firmy přivede vyšetřovatele až na samé vrcholky hor... Rakouský kriminální seriál (2003). Hrají K. Sprengerová, H. Sigl, H. Marecek a další. Režie M. Zens (44 min)</desc>
   <country>CS</country>
   <episode-num system="xmltv_ns">3.3.</episode-num>
  </programme>
  <programme start="20090501010500 +0100" stop="20090501025000 +0100" channel="prima.iprima.cz">
   <title lang="cs">Volejte Věštce</title>
   <desc lang="cs">(S) (*)</desc>
   <country>CS</country>
  </programme>
  <programme start="20090501025000 +0100" stop="20090501034000 +0100" channel="prima.iprima.cz">
   <title lang="cs">Ve jménu zákona</title>
   <desc lang="cs">(S) (*) Na místo činu přijíždí nejen policie, ale i státní prokurátor. Zatímco kriminalisté se snaží co nejdříve odhalit pachatele, prokurátor musí sehnat dostatek důkazů a vypracovat neprůstřelnou žalobu, aby nikdo neunikl trestu... Německý kriminální seriál (1994 - 2002). Hrají W. Bathke, B. Schmellingová, M. Bullach, H. van Lyck a další (47 min)</desc>
   <country>CS</country>
   <episode-num system="xmltv_ns">3.11.</episode-num>
  </programme>
  <programme start="20090501034000 +0100" stop="20090501043000 +0100" channel="prima.iprima.cz">
   <title lang="cs">Nikdo není dokonalý</title>
   <desc lang="cs">Zpěvačka Věra Martinová a pilíř Kamelotu Roman Horký jako zpívající kytaristé a vypravěči v pořadu Jiřího Krampola. Režie E. Sedlář</desc>
   <country>CS</country>
  </programme>
  <programme start="20090501043000 +0100" stop="20090501060900 +0100" channel="prima.iprima.cz">
   <title lang="cs">Trní</title>
   <desc lang="cs">(S) Večerní talk show Báry Štěpánové. Režie A. Vomáčka</desc>
   <country>CS</country>
  </programme>
  <programme start="20090501060900 +0100" stop="20090501063000 +0100" channel="prima.iprima.cz">
   <title lang="cs">7:00-7:20 možnost regionálního vysílání</title>
   <country>CS</country>
  </programme>
  <programme start="20090501063000 +0100" stop="20090501064000 +0100" channel="prima.iprima.cz">
   <title lang="cs">Teleshopping</title>
   <country>CS</country>
  </programme>
  <programme start="20090501064000 +0100" stop="20090501070500 +0100" channel="prima.iprima.cz">
   <title lang="cs">Dexterova laboratoř</title>
   <desc lang="cs">Animovaný, Sci-fi (S) Dexter nemá jednoduchý život. Sice je to výjimečně geniální chlapec, který za knihovnou ve svém pokoji ukrývá tajnou laboratoř, ale zároveň má také výjimečně hloupou sestru Dee-Dee s geniálním nadáním škodit a ničit. A aby toho nebylo málo, občas se mu vzepře i nějaký z jeho vynálezů… Americký animovaný sci-fi seriál (1997)</desc>
   <country>CS</country>
   <episode-num system="xmltv_ns">1.16.</episode-num>
  </programme>
  <programme start="20090501070500 +0100" stop="20090501082500 +0100" channel="prima.iprima.cz">
   <title lang="cs">Alvin a Chipmunkové - Setkání s Frankensteinem</title>
   <desc lang="cs">Animovaný (S) Alvin a jeho bráškové tentokrát prozkoumávají největší atrakci zábavního parku - tajemný hrad. Objeví tam doktora Frankensteina i s jeho monstrem, které všem nahání hrůzu. Pro tyhle rošťáky je to ale láska na první „leknutí“… Americký animovaný film (1999). Režie K. Castillo (75 min) (Premiéra)</desc>
   <country>CS</country>
  </programme>
  <programme start="20090501082500 +0100" stop="20090501095500 +0100" channel="prima.iprima.cz">
   <title lang="cs">Král a pták</title>
   <desc lang="cs">Animovaný (S) Tyranský král se zamiluje do krásné pastýřky a chce se s ní oženit. Její srdce však patří chudému kominíčkovi. Dvojice milenců se vydá na útěk a po cestě zachrání ptáčátko, které jim na oplátku nabídne svou pomoc... Francouzský animovaný film (1980) (83 min) (Premiéra)</desc>
   <country>CS</country>
  </programme>
  <programme start="20090501095500 +0100" stop="20090501114500 +0100" channel="prima.iprima.cz">
   <title lang="cs">Šípková Růženka</title>
   <desc lang="cs">Pohádka Ještě spí a spí zámek šípkový. A v něm krásná princezna, na kterou dopadla kletba zlé sudičky... Slovensko-německá pohádka (1990). Hrají G. Burkhard, D. Dinková, J. Winterová, J. Adamovič, P. Mikulík a další. Režie S. Párnický (91 min)</desc>
   <country>CS</country>
  </programme>
  <programme start="20090501114500 +0100" stop="20090501133500 +0100" channel="prima.iprima.cz">
   <title lang="cs">Jarčin profesor (čb)</title>
   <desc lang="cs">Komedie Hana Vítová v roli rozpustilé statkářovy dcery, která dostane učitele na celý život... Česká filmová komedie (1937). Dále hrají G. Nezval, J. Plachta, L. Pešek, T. Pištěk, Z. Baldová a další. Režie Č. Šlégl a J. Slavíček (100 min)</desc>
   <country>CS</country>
  </programme>
  <programme start="20090501133500 +0100" stop="20090501153000 +0100" channel="prima.iprima.cz">
   <title lang="cs">Maska</title>
   <desc lang="cs">Komedie Život zakřiknutého bankovního úředníčka Jima Carreyho se převrátí naruby po nálezu starobylé dřevěné masky. Po jejím nasazení se totiž promění v okouzlujícího a neporazitelného hrdinu se zelenou tváří… Americká komedie (1994). Dále hrají C. Diazová, P. Riegert, P. Greene, A. Yasbecková a další. Režie Ch. Russell (97 min)</desc>
   <country>CS</country>
  </programme>
  <programme start="20090501153000 +0100" stop="20090501171000 +0100" channel="prima.iprima.cz">
   <title lang="cs">Škola základ života (čb)</title>
   <desc lang="cs">Komedie Ladislav Pešek a jeho spolužáci ze septimy vytáhli do boje s profesorským sborem reálného gymnázia v Přívlakách... Česká filmová komedie (1938). Dále hrají A. Novotný, F. Filipovský, J. Marvan, F. Smolík, L. Boháč, T. Pištěk, Z. Janů a další. Režie M. Frič (91 min)</desc>
   <country>CS</country>
  </programme>
  <programme start="20090501171000 +0100" stop="20090501185500 +0100" channel="prima.iprima.cz">
   <title lang="cs">Hrátky s čertem</title>
   <desc lang="cs">Komedie, Pohádka (-ST-) Nebojácný vysloužilý voják musí zachránit duše dvou nevinných dívek z moci pekelné! Česká filmová pohádka (1956) podle J. Drdy. Hrají J. Bek, E. Klepáčová, A. Vránová, F. Smolík, J. Vojta, L. Pešek, F. Filipovský a další. Režie J. Mach (97 min)</desc>
   <country>CS</country>
  </programme>
  <programme start="20090501185500 +0100" stop="20090501193500 +0100" channel="prima.iprima.cz">
   <title lang="cs">Zprávy TV Prima</title>
   <desc lang="cs">Sport TV Prima Počasí</desc>
   <country>CS</country>
  </programme>
  <programme start="20090501193500 +0100" stop="20090501200000 +0100" channel="prima.iprima.cz">
   <title lang="cs">Přátelé</title>
   <desc lang="cs">Sitkom (S) Sukničkář Joey, pošahaná Phoebe, ukecaný Chandler, pořádkem posedlá Monica, nejistý Ross a naivní Rachel - povedená šestice kamarádů z New Yorku řeší životní trable s humorem sobě vlastním v nejpopulárnějším komediálním seriálu všech dob. Americký sitcom (1994). Hrají L. Kudrowová, C. Coxová, J. Anistonová, M. LeBlanc, M. Perry, D. Schwimmer a další</desc>
   <country>CS</country>
   <episode-num system="xmltv_ns">4.18.</episode-num>
  </programme>
  <programme start="20090501200000 +0100" stop="20090501211500 +0100" channel="prima.iprima.cz">
   <title lang="cs">Nepodceňuj blondýnky</title>
   <desc lang="cs">(S) Jeden muž. Padesát blondýnek. Zábavná vědomostní show! Moderuje Miroslav Šimůnek (Premiéra)</desc>
   <country>CS</country>
  </programme>
  <programme start="20090501211500 +0100" stop="20090501234500 +0100" channel="prima.iprima.cz">
   <title lang="cs">Bokovka</title>
   <desc lang="cs">Komedie (S) (-ST-) Flegmatický neúspěšný spisovatel pozve svého přítele, béčkového herce, který má před svatbou, na exkurzi do vinic. Ve společnosti krásných žen jim víno obzvlášť chutná. Svatba se blíží a s tím zároveň i jistota, že se přátelé nevrátí do Los Angeles takoví, jací byli. Pokud se vůbec vrátí… Americká komedie (2004). Hrají P. Giamatti, V. Madsenová, T. H. Church a další. Režie A. Payne (122 min) (Premiéra)</desc>
   <country>CS</country>
  </programme>
  <programme start="20090430233000 +0100" stop="20090501000000 +0100" channel="ct24.ct24.cz" vps-start="A30042330">
   <title lang="cs">Před půlnocí</title>
   <desc lang="cs">Profilový rozhovor: osobnosti ve studiu ČT24.</desc>
   <country>CS</country>
   <premiere/>
  </programme>
  <programme start="20090501000000 +0100" stop="20090501001600 +0100" channel="ct24.ct24.cz" vps-start="A01050000">
   <title lang="cs">Zprávy</title>
   <country>CS</country>
   <premiere/>
  </programme>
  <programme start="20090501001600 +0100" stop="20090501010000 +0100" channel="ct24.ct24.cz" vps-start="A01050016">
   <title lang="cs">Události, komentáře</title>
   <desc lang="cs">Dnešní témata: Lucemburský recept na chřipku?, Pokus o atentát?, Digitální metropole, Beyoncé poprvé v Praze</desc>
   <country>CS</country>
  </programme>
  <programme start="20090501010000 +0100" stop="20090501010500 +0100" channel="ct24.ct24.cz" vps-start="A01050100">
   <title lang="cs">Zprávy</title>
   <country>CS</country>
   <premiere/>
  </programme>
  <programme start="20090501010500 +0100" stop="20090501020000 +0100" channel="ct24.ct24.cz" vps-start="A01050105">
   <title lang="cs">Záznam z jednání schůze PS PČR</title>
   <country>CS</country>
   <premiere/>
  </programme>
  <programme start="20090501020000 +0100" stop="20090501020500 +0100" channel="ct24.ct24.cz" vps-start="A01050200">
   <title lang="cs">Zprávy</title>
   <country>CS</country>
   <premiere/>
  </programme>
  <programme start="20090501020500 +0100" stop="20090501030000 +0100" channel="ct24.ct24.cz" vps-start="A01050205">
   <title lang="cs">Záznam z jednání schůze PS PČR</title>
   <country>CS</country>
   <premiere/>
  </programme>
  <programme start="20090501030000 +0100" stop="20090501030500 +0100" channel="ct24.ct24.cz" vps-start="A01050300">
   <title lang="cs">Zprávy</title>
   <country>CS</country>
   <premiere/>
  </programme>
  <programme start="20090501030500 +0100" stop="20090501040000 +0100" channel="ct24.ct24.cz" vps-start="A01050305">
   <title lang="cs">Záznam z jednání schůze PS PČR</title>
   <country>CS</country>
   <premiere/>
  </programme>
  <programme start="20090501040000 +0100" stop="20090501040500 +0100" channel="ct24.ct24.cz" vps-start="A01050400">
   <title lang="cs">Zprávy</title>
   <country>CS</country>
   <premiere/>
  </programme>
  <programme start="20090501040500 +0100" stop="20090501050000 +0100" channel="ct24.ct24.cz" vps-start="A01050405">
   <title lang="cs">Záznam z jednání schůze PS PČR</title>
   <country>CS</country>
   <premiere/>
  </programme>
  <programme start="20090501050000 +0100" stop="20090501050500 +0100" channel="ct24.ct24.cz" vps-start="A01050500">
   <title lang="cs">Zprávy</title>
   <country>CS</country>
   <premiere/>
  </programme>
  <programme start="20090501050500 +0100" stop="20090501060000 +0100" channel="ct24.ct24.cz" vps-start="A01050505">
   <title lang="cs">Záznam z jednání schůze PS PČR</title>
   <country>CS</country>
   <premiere/>
  </programme>
  <programme start="20090501060000 +0100" stop="20090501060500 +0100" channel="ct24.ct24.cz" vps-start="A01050600">
   <title lang="cs">Zprávy</title>
   <country>CS</country>
   <premiere/>
  </programme>
  <programme start="20090501060500 +0100" stop="20090501070000 +0100" channel="ct24.ct24.cz" vps-start="A01050604">
   <title lang="cs">Záznam z jednání schůze PS PČR</title>
   <country>CS</country>
   <premiere/>
  </programme>
  <programme start="20090501070000 +0100" stop="20090501070500 +0100" channel="ct24.ct24.cz" vps-start="A01050700">
   <title lang="cs">Zprávy</title>
   <country>CS</country>
   <premiere/>
  </programme>
  <programme start="20090501070500 +0100" stop="20090501080000 +0100" channel="ct24.ct24.cz" vps-start="A01050704">
   <title lang="cs">Záznam z jednání schůze PS PČR</title>
   <country>CS</country>
   <premiere/>
  </programme>
  <programme start="20090501080000 +0100" stop="20090501080500 +0100" channel="ct24.ct24.cz" vps-start="A01050800">
   <title lang="cs">Zprávy</title>
   <country>CS</country>
   <premiere/>
  </programme>
  <programme start="20090501080500 +0100" stop="20090501083100 +0100" channel="ct24.ct24.cz" vps-start="A01050805">
   <title lang="cs">Toulavá kamera</title>
   <desc lang="cs">Mozaika z regionů.</desc>
   <country>CS</country>
  </programme>
  <programme start="20090501083100 +0100" stop="20090501090000 +0100" channel="ct24.ct24.cz" vps-start="A01050831">
   <title lang="cs">Zajímavosti z regionů</title>
   <desc lang="cs">Ve Sládečkově vlastivědném muzeu v Kladně připravili výstavu, která ukazuje, jak se žilo našim prababičkám. Jmenuje se Ach, ty ženy. V Heřmanově Městci na Chrudimsku padla k zemi téměř padesátimetrová dominanta města - odstřelili tam komín bývalé kotelny. Uvolnil místo budoucímu novému sběrnému dvoru. Hradecká radnice se vrací k tradici, kterou před osmnácti lety zrušila jako socialistický přežitek - k vítání občánků. Magistrát se tak snaží napravit pověst města, které jako první a jediný pozdrav pro nové Hradečany posílalo složenky za odpad.</desc>
   <country>CS</country>
  </programme>
  <programme start="20090501090000 +0100" stop="20090501090500 +0100" channel="ct24.ct24.cz" vps-start="A01050900">
   <title lang="cs">Zprávy</title>
   <country>CS</country>
   <premiere/>
  </programme>
  <programme start="20090501090500 +0100" stop="20090501093100 +0100" channel="ct24.ct24.cz" vps-start="A01050905">
   <title lang="cs">Objektiv</title>
   <desc lang="cs">Magazín zahraničních zajímavostí.</desc>
   <country>CS</country>
  </programme>
  <programme start="20090501093100 +0100" stop="20090501100000 +0100" channel="ct24.ct24.cz" vps-start="A01050931">
   <title lang="cs">Retro</title>
   <desc lang="cs">Na základní školu téměř všichni vzpomínají s jistou nostalgií. A zapomenout se nedá ani na lampiónové průvody nebo školy v přírodě. Jak vypadaly základní školy za socialismu?</desc>
   <icon src="http://img4.ceskatelevize.cz/program/porady/10176269182/foto/program.jpg"/>
   <country>CS</country>
  </programme>
  <programme start="20090501100000 +0100" stop="20090501100500 +0100" channel="ct24.ct24.cz" vps-start="A01051000">
   <title lang="cs">Zprávy</title>
   <country>CS</country>
   <premiere/>
  </programme>
  <programme start="20090501100500 +0100" stop="20090501103000 +0100" channel="ct24.ct24.cz" vps-start="A01051005">
   <title lang="cs">Média a svět</title>
   <desc lang="cs">Zamyšlení nad udělováním cen Týtý, budoucnost reklamy na internetu</desc>
   <country>CS</country>
  </programme>
  <programme start="20090501103000 +0100" stop="20090501110000 +0100" channel="ct24.ct24.cz" vps-start="A01051030">
   <title lang="cs">Neznámí hrdinové - Pohnuté osudy</title>
   <desc lang="cs">A tady všude muziky je plno. Zbyněk Hejda, muž, jehož životním krédem je pravdivost a přesnost.</desc>
   <country>CS</country>
  </programme>
  <programme start="20090501110000 +0100" stop="20090501110500 +0100" channel="ct24.ct24.cz" vps-start="A01051100">
   <title lang="cs">Zprávy</title>
   <country>CS</country>
   <premiere/>
  </programme>
  <programme start="20090501110500 +0100" stop="20090501113000 +0100" channel="ct24.ct24.cz" vps-start="A01051105">
   <title lang="cs">Fokus ČT24</title>
   <desc lang="cs">Berlín jako metropole střední Evropy i současného uměleckého dění. Oblíbené čtvrti a Češi, kteří v berlínském undergroundu našli svůj druhý domov.</desc>
   <country>CS</country>
  </programme>
  <programme start="20090501113000 +0100" stop="20090501120000 +0100" channel="ct24.ct24.cz">
   <title lang="cs">Brífink eurokomisařů Olli Rehna a Jána Figeľa k výročí pádu železné opony</title>
   <country>CS</country>
  </programme>
  <programme start="20090501120000 +0100" stop="20090501123000 +0100" channel="ct24.ct24.cz" vps-start="A01051200">
   <title lang="cs">Zprávy</title>
   <country>CS</country>
  </programme>
  <programme start="20090501123000 +0100" stop="20090501123200 +0100" channel="ct24.ct24.cz" vps-start="A01051230">
   <title lang="cs">Zprávy</title>
   <country>CS</country>
   <premiere/>
  </programme>
  <programme start="20090501123200 +0100" stop="20090501125000 +0100" channel="ct24.ct24.cz" vps-start="A01051232">
   <title lang="cs">Než přijede záchranka</title>
   <sub-title lang="cs">Naděje pro šťastný návrat</sub-title>
   <desc lang="cs">Jste svědkem dopravní nehody? Nebojte se poskytnout první pomoc. Nový osvětový cyklus</desc>
   <icon src="http://img4.ceskatelevize.cz/program/porady/10209232654/foto/program.jpg"/>
   <country>CS</country>
  </programme>
  <programme start="20090501125000 +0100" stop="20090501130000 +0100" channel="ct24.ct24.cz" vps-start="A01051250">
   <title lang="cs">Před 25 lety</title>
   <desc lang="cs">Sestřih toho nejpodstatnějšího, co nabízely původní Televizní noviny před čtvrtstoletím. Totalitní propaganda den po dni.</desc>
   <country>CS</country>
   <premiere/>
  </programme>
  <programme start="20090501130000 +0100" stop="20090501133000 +0100" channel="ct24.ct24.cz" vps-start="A01051300">
   <title lang="cs">Zprávy</title>
   <country>CS</country>
   <premiere/>
  </programme>
  <programme start="20090501133000 +0100" stop="20090501133200 +0100" channel="ct24.ct24.cz" vps-start="A01051330">
   <title lang="cs">Zprávy</title>
   <country>CS</country>
   <premiere/>
  </programme>
  <programme start="20090501133200 +0100" stop="20090501140000 +0100" channel="ct24.ct24.cz" vps-start="A01051332">
   <title lang="cs">Film 2009</title>
   <desc lang="cs">Film Proměny Tomáše Řehořka, Dokument Jak se vaří dějiny, přehlídka dokumentů ČT, premiéry týdne</desc>
   <country>CS</country>
  </programme>
  <programme start="20090501140000 +0100" stop="20090501143000 +0100" channel="ct24.ct24.cz" vps-start="A01051400">
   <title lang="cs">Zprávy</title>
   <country>CS</country>
   <premiere/>
  </programme>
  <programme start="20090501143000 +0100" stop="20090501143200 +0100" channel="ct24.ct24.cz" vps-start="A01051430">
   <title lang="cs">Zprávy</title>
   <country>CS</country>
   <premiere/>
  </programme>
  <programme start="20090501143200 +0100" stop="20090501150000 +0100" channel="ct24.ct24.cz" vps-start="A01051432">
   <title lang="cs">Z metropole</title>
   <desc lang="cs">Souhrn toho nejdůležitějšího, co se událo v Praze v uplynulých sedmi dnech.</desc>
   <country>CS</country>
  </programme>
  <programme start="20090501150000 +0100" stop="20090501153000 +0100" channel="ct24.ct24.cz" vps-start="A01051500">
   <title lang="cs">Zprávy</title>
   <country>CS</country>
   <premiere/>
  </programme>
  <programme start="20090501153000 +0100" stop="20090501153300 +0100" channel="ct24.ct24.cz" vps-start="A01051530">
   <title lang="cs">Zprávy</title>
   <country>CS</country>
   <premiere/>
  </programme>
  <programme start="20090501153300 +0100" stop="20090501160000 +0100" channel="ct24.ct24.cz" vps-start="A01051533">
   <title lang="cs">Prizma</title>
   <desc lang="cs">Goldman Enviromental Prize - Zelená Nobelova cena. Slunce, cestování, chutné jídlo a - plastická chirurgie.</desc>
   <country>CS</country>
  </programme>
  <programme start="20090501160000 +0100" stop="20090501160500 +0100" channel="ct24.ct24.cz" vps-start="A01051600">
   <title lang="cs">Zprávy</title>
   <country>CS</country>
   <premiere/>
  </programme>
  <programme start="20090501160500 +0100" stop="20090501170000 +0100" channel="ct24.ct24.cz" vps-start="A01051605">
   <title lang="cs">Historie.cs</title>
   <desc lang="cs">Volá Praha - 5. květen 1945. Kdo zachránil Prahu, Rudá armáda, Vlasovci, povstalci? A proč ne Američani?</desc>
   <icon src="http://img4.ceskatelevize.cz/program/porady/10160476106/foto/program.gif"/>
   <country>CS</country>
  </programme>
  <programme start="20090501170000 +0100" stop="20090501173000 +0100" channel="ct24.ct24.cz" vps-start="A01051700">
   <title lang="cs">Zprávy</title>
   <country>CS</country>
   <premiere/>
  </programme>
  <programme start="20090501173000 +0100" stop="20090501175500 +0100" channel="ct24.ct24.cz" vps-start="A01051730">
   <title lang="cs">Interview ČT24</title>
   <desc lang="cs">Martin Semerád, závodník Mistrovství světa v rally</desc>
   <country>CS</country>
  </programme>
  <programme start="20090501175500 +0100" stop="20090501180000 +0100" channel="ct24.ct24.cz" vps-start="A01051755">
   <title lang="cs">Předpověď počasí</title>
   <desc lang="cs">Souhrn meteorologických informací uplynulých 24 hodin a prognóza vývoje počasí na příští dny.</desc>
   <country>CS</country>
  </programme>
  <programme start="20090501180000 +0100" stop="20090501183100 +0100" channel="ct24.ct24.cz" vps-start="A01051800">
   <title lang="cs">Zprávy</title>
   <country>CS</country>
   <premiere/>
  </programme>
  <programme start="20090501183100 +0100" stop="20090501184900 +0100" channel="ct24.ct24.cz" vps-start="A01051831">
   <title lang="cs">Než přijede záchranka</title>
   <sub-title lang="cs">Pomoci dokáží i děti</sub-title>
   <desc lang="cs">Jste svědkem dopravní nehody? Nebojte se poskytnout první pomoc. Nový osvětový cyklus</desc>
   <icon src="http://img4.ceskatelevize.cz/program/porady/10209232654/foto/program.jpg"/>
   <country>CS</country>
  </programme>
  <programme start="20090501184900 +0100" stop="20090501190000 +0100" channel="ct24.ct24.cz" vps-start="A01051849">
   <title lang="cs">Před 25 lety</title>
   <desc lang="cs">Sestřih toho nejpodstatnějšího, co nabízely původní Televizní noviny před čtvrtstoletím. Totalitní propaganda den po dni.</desc>
   <country>CS</country>
  </programme>
  <programme start="20090501190000 +0100" stop="20090501194000 +0100" channel="ct24.ct24.cz" vps-start="A01051900">
   <title lang="cs">Události</title>
   <desc lang="cs">Hlavní zpravodajská relace České televize. Souhrn nejdůležitějších událostí dne v ČR i ve světě.</desc>
   <country>CS</country>
  </programme>
  <programme start="20090501194000 +0100" stop="20090501195500 +0100" channel="ct24.ct24.cz" vps-start="A01051940">
   <title lang="cs">Branky, body, vteřiny</title>
   <country>CS</country>
  </programme>
  <programme start="20090501195500 +0100" stop="20090501200000 +0100" channel="ct24.ct24.cz" vps-start="A01051955">
   <title lang="cs">Předpověď počasí</title>
   <desc lang="cs">Souhrn meteorologických informací uplynulých 24 hodin a prognóza vývoje počasí na příští dny.</desc>
   <country>CS</country>
  </programme>
  <programme start="20090501200000 +0100" stop="20090501200400 +0100" channel="ct24.ct24.cz" vps-start="A01052000">
   <title lang="cs">Zprávy</title>
   <country>CS</country>
   <premiere/>
  </programme>
  <programme start="20090501200400 +0100" stop="20090501203000 +0100" channel="ct24.ct24.cz" vps-start="A01052004">
   <title lang="cs">Archiv ČT24</title>
   <desc lang="cs">Architektura za socialismu. Šeď panelových sídlišť byla typická pro architekturu od šedesátých let minulého století, stavby s napady a fantazií byly výjimkou.</desc>
   <country>CS</country>
  </programme>
  <programme start="20090501203000 +0100" stop="20090501203300 +0100" channel="ct24.ct24.cz" vps-start="A01052030">
   <title lang="cs">Zprávy</title>
   <country>CS</country>
   <premiere/>
  </programme>
  <programme start="20090501203300 +0100" stop="20090501210000 +0100" channel="ct24.ct24.cz" vps-start="A01052033">
   <title lang="cs">Retro</title>
   <desc lang="cs">Móda je tématem, které v každé době vyvolává spoustu debat. Tentokrát se zaměříme na to, co nosili mladí lidé za socialismu. A podíváme se i na to, jak si svoje vytoužené oblečení sháněli nebo šili.</desc>
   <icon src="http://img4.ceskatelevize.cz/program/porady/10176269182/foto/program.jpg"/>
   <country>CS</country>
  </programme>
  <programme start="20090501210000 +0100" stop="20090501213000 +0100" channel="ct24.ct24.cz" vps-start="A01052100">
   <title lang="cs">Zprávy</title>
   <country>CS</country>
   <premiere/>
  </programme>
  <programme start="20090501213000 +0100" stop="20090501220000 +0100" channel="ct24.ct24.cz" vps-start="A01052130">
   <title lang="cs">Události v kultuře</title>
   <desc lang="cs">Kapela B. Hlavenkové nahrávala v New Jersey a nyní vyráží na české turné. Přijde ředitel Mezinárodního festivalu pro děti a mládež Zlín P. Koliha a Z. Skaunic, Moderuje O. Svoboda</desc>
   <country>CS</country>
  </programme>
  <programme start="20090501220000 +0100" stop="20090501222000 +0100" channel="ct24.ct24.cz" vps-start="A01052200">
   <title lang="cs">Zprávy</title>
   <country>CS</country>
   <premiere/>
  </programme>
  <programme start="20090501222000 +0100" stop="20090501223000 +0100" channel="ct24.ct24.cz" vps-start="A01052220">
   <title lang="cs">Před 25 lety</title>
   <desc lang="cs">Sestřih toho nejpodstatnějšího, co nabízely původní Televizní noviny před čtvrtstoletím. Totalitní propaganda den po dni.</desc>
   <country>CS</country>
  </programme>
  <programme start="20090501223000 +0100" stop="20090501230000 +0100" channel="ct24.ct24.cz" vps-start="A01052230">
   <title lang="cs">Neznámí hrdinové - Pohnuté osudy</title>
   <desc lang="cs">Vymýtit i s kořeny. Tragický osud rodiny Viktorových začal ukrytím parašutisty v roce 1942.</desc>
   <country>CS</country>
  </programme>
  <programme start="20090501230000 +0100" stop="20090501231000 +0100" channel="ct24.ct24.cz" vps-start="A01052300">
   <title lang="cs">Zprávy</title>
   <country>CS</country>
   <premiere/>
  </programme>
  <programme start="20090501231000 +0100" stop="20090501233000 +0100" channel="ct24.ct24.cz" vps-start="A01052310">
   <title lang="cs">Světadíl</title>
   <desc lang="cs">Pohled na světové kontinenty. Hosté, kteří navštívili zajímavá místa. V pondělí z Afriky, úterý z amerického kontinentu, ve středu islámský svět, čtvrtek patří Asii, Austrálii a Oceánii a v pátek Evropa.</desc>
   <country>CS</country>
  </programme>
  <programme start="20090430210000 +0100" stop="20090501000000 +0100" channel="ct4sport.ct24.cz" vps-start="B30042100">
   <title lang="cs">PGA Tour 2009</title>
   <desc lang="cs">Přímý přenos mezinárodního golfového turnaje z USA</desc>
   <country>CS</country>
  </programme>
  <programme start="20090501000000 +0100" stop="20090501003000 +0100" channel="ct4sport.ct24.cz" vps-start="B01050000">
   <title lang="cs">Sport v regionech</title>
   <country>CS</country>
  </programme>
  <programme start="20090501003000 +0100" stop="20090501004500 +0100" channel="ct4sport.ct24.cz" vps-start="B01050030">
   <title lang="cs">Maxtreme</title>
   <desc lang="cs">Magazín extrémních sportů</desc>
   <country>CS</country>
  </programme>
  <programme start="20090501004500 +0100" stop="20090501013000 +0100" channel="ct4sport.ct24.cz" vps-start="B01050045">
   <title lang="cs">M ČR ve squashi Praha</title>
   <country>CS</country>
  </programme>
  <programme start="20090501013000 +0100" stop="20090501041000 +0100" channel="ct4sport.ct24.cz" vps-start="B01050129">
   <title lang="cs">Kanada - Česko</title>
   <desc lang="cs">Záznam osmifinálového utkání</desc>
   <icon src="http://img4.ceskatelevize.cz/program/porady/10207453414/foto/program.gif"/>
   <country>CS</country>
  </programme>
  <programme start="20090501041000 +0100" stop="20090501050000 +0100" channel="ct4sport.ct24.cz" vps-start="B01050335">
   <title lang="cs">Goalissimo</title>
   <desc lang="cs">Magazín světového fotbalu</desc>
   <country>CS</country>
  </programme>
  <programme start="20090501050000 +0100" stop="20090501074000 +0100" channel="ct4sport.ct24.cz" vps-start="B01050500">
   <title lang="cs">MS v hokeji 2009 Švýcarsko</title>
   <sub-title lang="cs">Rusko - Švédsko</sub-title>
   <desc lang="cs">Záznam osmifinálového utkání</desc>
   <icon src="http://img4.ceskatelevize.cz/program/porady/10207453414/foto/program.gif"/>
   <country>CS</country>
  </programme>
  <programme start="20090501074000 +0100" stop="20090501080500 +0100" channel="ct4sport.ct24.cz" vps-start="B01050740">
   <title lang="cs">M ČR v chůzi Poděbrady</title>
   <country>CS</country>
  </programme>
  <programme start="20090501080500 +0100" stop="20090501105000 +0100" channel="ct4sport.ct24.cz" vps-start="B01050805">
   <title lang="cs">MS v hokeji 2009 Švýcarsko</title>
   <sub-title lang="cs">Kanada - Česko</sub-title>
   <desc lang="cs">Záznam osmifinálového utkání</desc>
   <icon src="http://img4.ceskatelevize.cz/program/porady/10207453414/foto/program.gif"/>
   <country>CS</country>
  </programme>
  <programme start="20090501105000 +0100" stop="20090501113500 +0100" channel="ct4sport.ct24.cz" vps-start="B01051050">
   <title lang="cs">M ČR ve squashi Praha</title>
   <country>CS</country>
  </programme>
  <programme start="20090501113500 +0100" stop="20090501122500 +0100" channel="ct4sport.ct24.cz" vps-start="B01051135">
   <title lang="cs">Goalissimo</title>
   <desc lang="cs">Magazín světového fotbalu</desc>
   <country>CS</country>
  </programme>
  <programme start="20090501122500 +0100" stop="20090501143000 +0100" channel="ct4sport.ct24.cz" vps-start="B01051225">
   <title lang="cs">Autosklo H.A.K. Hradec Králové - Pento Most</title>
   <desc lang="cs">Přímý přenos semifinálového utkání v hokejbalu</desc>
   <country>CS</country>
  </programme>
  <programme start="20090501143000 +0100" stop="20090501145000 +0100" channel="ct4sport.ct24.cz" vps-start="B01051430">
   <title lang="cs">Paralympijský magazín</title>
   <desc lang="cs">Měsíčník o sportu handicapovaných</desc>
   <country>CS</country>
  </programme>
  <programme start="20090501145000 +0100" stop="20090501152000 +0100" channel="ct4sport.ct24.cz" vps-start="B01051450">
   <title lang="cs">Světový pohár horských kol 2009 Německo</title>
   <desc lang="cs">Sestřih dalšího závodu letošního ročníku</desc>
   <country>CS</country>
  </programme>
  <programme start="20090501152000 +0100" stop="20090501155500 +0100" channel="ct4sport.ct24.cz" vps-start="B01051520">
   <title lang="cs">V šachu</title>
   <desc lang="cs">Magazín o dění na šachovnicích i za nimi. Královská hra, její hráči i turnaje</desc>
   <country>CS</country>
   <premiere/>
  </programme>
  <programme start="20090501155500 +0100" stop="20090501171000 +0100" channel="ct4sport.ct24.cz" vps-start="B01051555">
   <title lang="cs">Prvomájová steeplechase Lysá nad Labem</title>
   <desc lang="cs">Přímý přenos z dostihového odpoledne</desc>
   <country>CS</country>
  </programme>
  <programme start="20090501171000 +0100" stop="20090501175000 +0100" channel="ct4sport.ct24.cz" vps-start="B01051710">
   <title lang="cs">Total ragby</title>
   <desc lang="cs">Magazín, který přináší aktuální informace z celého světa</desc>
   <country>CS</country>
   <premiere/>
  </programme>
  <programme start="20090501175000 +0100" stop="20090501200000 +0100" channel="ct4sport.ct24.cz" vps-start="B01051750">
   <title lang="cs">Regal FC Barcelona - CSKA Moskva</title>
   <desc lang="cs">Přímý přenos utkání Final Four v basketbalu mužů</desc>
   <country>CS</country>
  </programme>
  <programme start="20090501200000 +0100" stop="20090501203000 +0100" channel="ct4sport.ct24.cz" vps-start="B01052000">
   <title lang="cs">Svět okruhů a vrchů</title>
   <desc lang="cs">Magazín ze světového motoristického sportu</desc>
   <country>CS</country>
   <premiere/>
  </programme>
  <programme start="20090501203000 +0100" stop="20090501205000 +0100" channel="ct4sport.ct24.cz" vps-start="B01052030">
   <title lang="cs">Maxtreme</title>
   <desc lang="cs">Magazín extrémních sportů</desc>
   <country>CS</country>
  </programme>
  <programme start="20090501205000 +0100" stop="20090501225500 +0100" channel="ct4sport.ct24.cz" vps-start="B01052050">
   <title lang="cs">Olympiacos Pireus - Panathinaikos Atény</title>
   <desc lang="cs">Přímý přenos utkání Final Four v basketbalu mužů</desc>
   <country>CS</country>
  </programme>
  <programme start="20090501060000 +0100" stop="20090501090000 +0100" channel="ocko.idnes.cz">
   <title lang="cs">rozjezd</title>
   <desc lang="cs"> klipy pro lepší vstávání</desc>
   <country>CS</country>
  </programme>
  <programme start="20090501090000 +0100" stop="20090501100000 +0100" channel="ocko.idnes.cz">
   <title lang="cs">akcelerace</title>
   <desc lang="cs"> klipy pro dobrou náladu</desc>
   <country>CS</country>
  </programme>
  <programme start="20090501100000 +0100" stop="20090501110000 +0100" channel="ocko.idnes.cz">
   <title lang="cs">inbox</title>
   <desc lang="cs"> rozhovory, reportáže</desc>
   <country>CS</country>
  </programme>
  <programme start="20090501110000 +0100" stop="20090501120000 +0100" channel="ocko.idnes.cz">
   <title lang="cs">akcelerace</title>
   <desc lang="cs"> klipy pro dobrou náladu</desc>
   <country>CS</country>
  </programme>
  <programme start="20090501120000 +0100" stop="20090501140000 +0100" channel="ocko.idnes.cz">
   <title lang="cs">jízda</title>
   <desc lang="cs"> klipy na odpoledne</desc>
   <country>CS</country>
  </programme>
  <programme start="20090501140000 +0100" stop="20090501143000 +0100" channel="ocko.idnes.cz">
   <title lang="cs">sms melodie</title>
   <desc lang="cs"> zvol si melodii na svůj mobil</desc>
   <country>CS</country>
  </programme>
  <programme start="20090501143000 +0100" stop="20090501150000 +0100" channel="ocko.idnes.cz">
   <title lang="cs">jízda</title>
   <desc lang="cs"> klipy na odpoledne</desc>
   <country>CS</country>
  </programme>
  <programme start="20090501150000 +0100" stop="20090501163000 +0100" channel="ocko.idnes.cz">
   <title lang="cs">dj divák</title>
   <desc lang="cs"> klipy na telefonická nebo sms přání</desc>
   <country>CS</country>
  </programme>
  <programme start="20090501163000 +0100" stop="20090501170000 +0100" channel="ocko.idnes.cz">
   <title lang="cs">jízda</title>
   <desc lang="cs"> klipy na podvečer</desc>
   <country>CS</country>
  </programme>
  <programme start="20090501170000 +0100" stop="20090501180000 +0100" channel="ocko.idnes.cz">
   <title lang="cs">inbox</title>
   <desc lang="cs"> rozhovory, reportáže</desc>
   <country>CS</country>
  </programme>
  <programme start="20090501180000 +0100" stop="20090501190000 +0100" channel="ocko.idnes.cz">
   <title lang="cs">loap česká hitparáda</title>
   <country>CS</country>
  </programme>
  <programme start="20090501190000 +0100" stop="20090501200000 +0100" channel="ocko.idnes.cz">
   <title lang="cs">jízda</title>
   <desc lang="cs"> klipy na večer</desc>
   <country>CS</country>
  </programme>
  <programme start="20090501200000 +0100" stop="20090501210000 +0100" channel="ocko.idnes.cz">
   <title lang="cs">novinky</title>
   <desc lang="cs"> žhavé klipové novinky pěkně pohromadě</desc>
   <country>CS</country>
  </programme>
  <programme start="20090501210000 +0100" stop="20090501220000 +0100" channel="ocko.idnes.cz">
   <title lang="cs">party ride</title>
   <desc lang="cs"> klipy na každou párty</desc>
   <country>CS</country>
  </programme>
  <programme start="20090430231000 +0100" stop="20090501003500 +0100" channel="cinema.nova.cz">
   <title lang="cs">Blondýnka</title>
   <country>CS</country>
   <episode-num system="xmltv_ns">0.1/2.</episode-num>
  </programme>
  <programme start="20090501003500 +0100" stop="20090501010500 +0100" channel="cinema.nova.cz">
   <title lang="cs">Sexy dívky od vedle</title>
   <country>CS</country>
   <episode-num system="xmltv_ns">0.13.</episode-num>
  </programme>
  <programme start="20090501010500 +0100" stop="20090501100000 +0100" channel="cinema.nova.cz">
   <title lang="cs">Konec vysílání</title>
   <country>CS</country>
  </programme>
  <programme start="20090501100000 +0100" stop="20090501110000 +0100" channel="cinema.nova.cz">
   <title lang="cs">Andílci</title>
   <country>CS</country>
   <episode-num system="xmltv_ns">0.35.</episode-num>
  </programme>
  <programme start="20090501110000 +0100" stop="20090501113000 +0100" channel="cinema.nova.cz">
   <title lang="cs">Teleshopping</title>
   <country>CS</country>
  </programme>
  <programme start="20090501113000 +0100" stop="20090501120000 +0100" channel="cinema.nova.cz">
   <title lang="cs">Za stříbrným plátnem</title>
   <country>CS</country>
  </programme>
  <programme start="20090501120000 +0100" stop="20090501130000 +0100" channel="cinema.nova.cz">
   <title lang="cs">Směr jih</title>
   <country>CS</country>
   <episode-num system="xmltv_ns">0.4.</episode-num>
  </programme>
  <programme start="20090501130000 +0100" stop="20090501134500 +0100" channel="cinema.nova.cz">
   <title lang="cs">Remington Steele</title>
   <country>CS</country>
   <episode-num system="xmltv_ns">0.16.</episode-num>
  </programme>
  <programme start="20090501134500 +0100" stop="20090501143000 +0100" channel="cinema.nova.cz">
   <title lang="cs">Laurel a Hardy</title>
   <country>CS</country>
  </programme>
  <programme start="20090501143000 +0100" stop="20090501153000 +0100" channel="cinema.nova.cz">
   <title lang="cs">Alias</title>
   <country>CS</country>
   <episode-num system="xmltv_ns">4.16.</episode-num>
  </programme>
  <programme start="20090501153000 +0100" stop="20090501162000 +0100" channel="cinema.nova.cz">
   <title lang="cs">Remington Steele</title>
   <country>CS</country>
   <episode-num system="xmltv_ns">0.17.</episode-num>
  </programme>
  <programme start="20090501162000 +0100" stop="20090501171500 +0100" channel="cinema.nova.cz">
   <title lang="cs">Veronica Mars</title>
   <country>CS</country>
   <episode-num system="xmltv_ns">1.7.</episode-num>
  </programme>
  <programme start="20090501171500 +0100" stop="20090501181500 +0100" channel="cinema.nova.cz">
   <title lang="cs">Dva a půl chlapa</title>
   <country>CS</country>
   <episode-num system="xmltv_ns">3.13.</episode-num>
   <episode-num system="xmltv_ns">3.14.</episode-num>
  </programme>
  <programme start="20090501181500 +0100" stop="20090501202000 +0100" channel="cinema.nova.cz">
   <title lang="cs">Poslední bojovník</title>
   <country>CS</country>
  </programme>
  <programme start="20090501202000 +0100" stop="20090501221000 +0100" channel="cinema.nova.cz">
   <title lang="cs">24 hodin</title>
   <country>CS</country>
   <episode-num system="xmltv_ns">3.18.</episode-num>
   <episode-num system="xmltv_ns">3.19.</episode-num>
  </programme>
  <programme start="20090501221000 +0100" stop="20090501235000 +0100" channel="cinema.nova.cz">
   <title lang="cs">Kluci to taky chtěj</title>
   <country>CS</country>
  </programme>
  <programme start="20090430231000 +0100" stop="20090501003500 +0100" channel="cinema.nova.cz">
   <title lang="cs">Blondýnka</title>
   <country>CS</country>
   <episode-num system="xmltv_ns">0.1/2.</episode-num>
  </programme>
  <programme start="20090501003500 +0100" stop="20090501010500 +0100" channel="cinema.nova.cz">
   <title lang="cs">Sexy dívky od vedle</title>
   <country>CS</country>
   <episode-num system="xmltv_ns">0.13.</episode-num>
  </programme>
  <programme start="20090501010500 +0100" stop="20090501100000 +0100" channel="cinema.nova.cz">
   <title lang="cs">Konec vysílání</title>
   <country>CS</country>
  </programme>
  <programme start="20090501100000 +0100" stop="20090501110000 +0100" channel="cinema.nova.cz">
   <title lang="cs">Andílci</title>
   <country>CS</country>
   <episode-num system="xmltv_ns">0.35.</episode-num>
  </programme>
  <programme start="20090501110000 +0100" stop="20090501113000 +0100" channel="cinema.nova.cz">
   <title lang="cs">Teleshopping</title>
   <country>CS</country>
  </programme>
  <programme start="20090501113000 +0100" stop="20090501120000 +0100" channel="cinema.nova.cz">
   <title lang="cs">Za stříbrným plátnem</title>
   <country>CS</country>
  </programme>
  <programme start="20090501120000 +0100" stop="20090501130000 +0100" channel="cinema.nova.cz">
   <title lang="cs">Směr jih</title>
   <country>CS</country>
   <episode-num system="xmltv_ns">0.4.</episode-num>
  </programme>
  <programme start="20090501130000 +0100" stop="20090501134500 +0100" channel="cinema.nova.cz">
   <title lang="cs">Remington Steele</title>
   <country>CS</country>
   <episode-num system="xmltv_ns">0.16.</episode-num>
  </programme>
  <programme start="20090501134500 +0100" stop="20090501143000 +0100" channel="cinema.nova.cz">
   <title lang="cs">Laurel a Hardy</title>
   <country>CS</country>
  </programme>
  <programme start="20090501143000 +0100" stop="20090501153000 +0100" channel="cinema.nova.cz">
   <title lang="cs">Alias</title>
   <country>CS</country>
   <episode-num system="xmltv_ns">4.16.</episode-num>
  </programme>
  <programme start="20090501153000 +0100" stop="20090501162000 +0100" channel="cinema.nova.cz">
   <title lang="cs">Remington Steele</title>
   <country>CS</country>
   <episode-num system="xmltv_ns">0.17.</episode-num>
  </programme>
  <programme start="20090501162000 +0100" stop="20090501171500 +0100" channel="cinema.nova.cz">
   <title lang="cs">Veronica Mars</title>
   <country>CS</country>
   <episode-num system="xmltv_ns">1.7.</episode-num>
  </programme>
  <programme start="20090501171500 +0100" stop="20090501181500 +0100" channel="cinema.nova.cz">
   <title lang="cs">Dva a půl chlapa</title>
   <country>CS</country>
   <episode-num system="xmltv_ns">3.13.</episode-num>
   <episode-num system="xmltv_ns">3.14.</episode-num>
  </programme>
  <programme start="20090501181500 +0100" stop="20090501202000 +0100" channel="cinema.nova.cz">
   <title lang="cs">Poslední bojovník</title>
   <country>CS</country>
  </programme>
  <programme start="20090501202000 +0100" stop="20090501221000 +0100" channel="cinema.nova.cz">
   <title lang="cs">24 hodin</title>
   <country>CS</country>
   <episode-num system="xmltv_ns">3.18.</episode-num>
   <episode-num system="xmltv_ns">3.19.</episode-num>
  </programme>
  <programme start="20090501221000 +0100" stop="20090501235000 +0100" channel="cinema.nova.cz">
   <title lang="cs">Kluci to taky chtěj</title>
   <country>CS</country>
  </programme>
</tv>