<?xml version="1.0" encoding="UTF-8"?>
<!DOCTYPE film_database SYSTEM "data.dtd">
<!-- Databáze filmů - úloha z prg036-->
<film_database>
<film id="film1">
	<titles>
		<original_title>Český sen</original_title>
		<english_title>Czech Dream</english_title>
		<local_title>Český sen</local_title>
	</titles>
	<basic_info>
		<countries>
			<country><iso>203</iso><nazev>Česká republika</nazev></country>
		</countries>
		<spoken_languages>
			<language><iso>cs</iso><nazev>Čeština</nazev></language>
		</spoken_languages>
	</basic_info>
	<relations>
		<director id="person1">Vít Klusák</director>
		<director id="person2">Filip Remunda</director>
	</relations>
	<tech_info>
		<runtime sec="0" min="27" hr="1" />
	</tech_info>
	<texts>
		<synopsis_short>Czech Dream is a funny and provocative look at the effects of rampant consumerism on a post-communist society. Filip Remunda and Vít Klusák, film students set out to explore the manipulative power of advertising in all its perversity, by creating an ad campaign for something that does not exist: Czech Dream - the Hypermarket for a better life! It is probably the most famous film of <person_ref id="person1"/>.</synopsis_short>
	</texts>
</film>
<film id="film2">
	<titles>
		<original_title>Film jako Brno</original_title>
		<english_title>Big as Brno</english_title>
		<local_title>Film jako Brno</local_title>
	</titles>
	<basic_info>
		<countries>
			<country><iso>203</iso><nazev>Česká republika</nazev></country>
		</countries>
		<spoken_languages>
			<language><iso>cs</iso><nazev>Čeština</nazev></language>
		</spoken_languages>
		<release_date year="2011" month="2"/>
	</basic_info>
	<relations>
		<director id="person3">Andran Abramjan</director>
		<director id="person4">Jan Strejcovský</director>
		<director id="person5">Kristýna Bartošová</director>
		<director id="person6">Lukáš Senft</director>
		<director id="person7">Natálie Císařovská</director>
		<director id="person8">Robin Kvapil</director>
		<director id="person1">Vít Klusák</director>
		<editor id="person4">Jan Strejcovský</editor>
		<editor id="person5">Kristýna Bartošová</editor>
		<editor id="person6">Lukáš Senft</editor>
		<editor id="person8">Robin Kvapil</editor>
		<editor id="person1">Vít Klusák</editor>
		<camera id="person9">Marek Matvija</camera>
		<camera id="person10">Marek Brožek</camera>
		<camera id="person11">Stanislav Adámek</camera>
		<camera id="person1">Vít Klusák</camera>
	</relations>
	<tech_info>
		<runtime sec="" min="72" hr="1"></runtime>
	</tech_info>
	<texts>
		<synopsis_short>Film is divided into seven chapters made by first-year FAMU students and their teacher Vít Klusák. Each segment reports on one group involved in a neo-Nazi march (and its blockade) in Brno: right-wing radicals, blockaders, Roma, policemen, attendees of political rallies, journalists, and the uninterested but all-knowing animals at the zoo. <film_ref id="film1"/> was also directed by Vít Klusák.&copyright;MFDF Jihlava</synopsis_short>
		<synopsis_long><?php // tady by třeba mohlo být php ?></synopsis_long>
		<directors_bio><![CDATA[Son of <i>Emil Viklicky</i>. Half brother of <i>Pavel Klusák</i>. ]]></directors_bio>
	</texts>
</film>
</film_database>
