<?xml version="1.0" encoding="UTF-8" standalone="no"?>
<additionalInfo>
<soldItemsId>
	<notebookId>asusEeePadTransformerId</notebookId>
	<notebookId>asusZenbook01Id</notebookId>
	<notebookId>appleIPad2Id</notebookId>
	<notebookId>appleIPad2Id</notebookId>
	<notebookId>appleIPad2Id</notebookId>
	<notebookId>asusZenbook01Id</notebookId>
	<notebookId>asusZenbook01Id</notebookId>
	<notebookId>asusZenbook02Id</notebookId>
</soldItemsId>
<releaseDates>
	<releaseDate>
		<notebookId>asusEeePadTransformerId</notebookId>
		<date>01.02.2011</date>
	</releaseDate>
	<releaseDate>
		<notebookId>asusZenbook01Id</notebookId>
		<date>09.12.2011</date>
	</releaseDate>
	<releaseDate>
		<notebookId>appleIPad2Id</notebookId>
		<date>01.03.2011</date>
	</releaseDate>
	<releaseDate>
		<notebookId>asusZenbook02Id</notebookId>
		<date>09.12.2011</date>
	</releaseDate>
	<releaseDate>
		<notebookId>msiGaming01id</notebookId>
		<date>04.06.2011</date>
	</releaseDate>
	<releaseDate>
		<notebookId>msiGaming02id</notebookId>
		<date>04.08.2011</date>
	</releaseDate>
</releaseDates>
</additionalInfo>