<?xml version="1.0" encoding="UTF-8"?>
<adventurePlayers>
<player id="jnovak123">
	<identification>
		<name>Jan</name>
		<surname>Novák</surname>	
		<email>jnovak@seznam.cz</email>
	</identification>
	<played when="2012-01-01T15:30:20Z" finished="lost">
		<opinion aspect="entertainment" rating="8">I've had much fun playing this game, however the ending was a bit stupid...</opinion>
		<opinion aspect="playability" rating="6">Sometimes it wasn't obvious what I should do, but it wasn't so bad still.</opinion>
	</played>
	<save state="studijni">
		<item name="obcanka" />
	</save>
	<score>500</score>
</player>
<player id="jstary456">
	<identification>
		<name>Jan</name>
		<surname>Starý</surname>
		<email>jstary@seznam.cz</email>
		<password>kocicka</password>
	</identification>
	<save state="kravata">
		<item name="obcanka" />
		<item name="listek" />
	</save>
	<score>900</score>
	<invited>
		<player id="pstary734">
			<identification>
				<name>Petr</name>
				<surname>Starý</surname>
				<email>pstary@seznam.cz</email>
			</identification>
			<score>90</score>
			<invited>
				<player id="pmlady735">
					<identification>
						<name>Petr</name>
						<surname>Mladý</surname>
						<email>pmlady@seznam.cz</email>
					</identification>
					<score>100</score>
				</player>
			</invited>
		</player>
		<player id="hsimps777">
			<identification>
				<name>Homer</name>
				<surname>Simpson</surname>
				<email>simpson@springfieldpowerplant.com</email>
			</identification>
			<score>0</score>
		</player>
	</invited>
</player>
<player id="pbuben789">
	<identification>
		<name>Prokop</name>
		<surname>Buben</surname>
		<email>pbuben@seznam.cz</email>
		<password>pejsek</password>
	</identification>
	<save state="kravata">
		<item name="obcanka" />
		<item name="listek" />
	</save>
	<score>20</score>
</player>
</adventurePlayers>