<?xml version="1.0" encoding="UTF-8"?>
<people>
	<student id="123">
		<name>Jan</name>
		<surname>Novák</surname>
	</student>
	<student id="124">
		<name>Josef</name>
		<surname>Novotný</surname>
	</student>
	<student id="128">
		<name>Jiří</name>
		<surname>Hubený</surname>
	</student>
	<student id="127">
		<name>Karel</name>
		<surname>Velký</surname>
	</student>
	<teacher id="125">
		<name>Jára</name>
		<surname>Cimrman</surname>
		<bio authorized="false">Přední český <b>vynálezce</b>, více info na <a href="http://www.jarmara.at">www.jarmara.at</a>.</bio>
	</teacher>
	<teacher id="126">
		<name>Pavel</name>
		<surname>Kratochvíl</surname>
	</teacher>
	<teacher id="129">
		<name>Petr</name>
		<surname>Kratochvíl</surname>
	</teacher>
	<teacher id="130">
		<name>Pavel</name>
		<surname>Malý</surname>
		<bio authorized="true">Tady může být třeba <i>formátovaný</i> text</bio>
	</teacher>
	<teacher id="131">
		<name>Marek</name>
		<surname>Čech</surname>
	</teacher>
	<teacher id="132" phone="26546465">
		<name>Vojtěch</name>
		<surname>Tlustý</surname>
		<bio authorized="false">Dnes je
			</bio>
	</teacher>
</people>
