<?xml version="1.0" encoding="UTF-8"?>
<departments>
	<department name="KSI">
		<department name="KSI_internal">
			<teachers>
				<personRef refid="126"/>			
			</teachers>
		</department>
		<department name="KSI_internal2">
			<teachers>
				<personRef refid="130"/>			
			</teachers>
		</department>
		<!-- List of department members -->
		<teachers>
			<personRef refid="131"/>
			<personRef refid="132"/>
		</teachers>
		<subjects>
			<subject name="XML_Technologies" mandatory="false">
				<lecture place="S3" teacher="129">
					<time>
						<dayOfWeek>1</dayOfWeek>
						<startHours>9</startHours>
						<startMinutes>0</startMinutes>
					</time>
					<students>
						<personRef refid="128"/>
						<personRef refid="127"/>
						<personRef refid="123"/>
						<personRef refid="124"/>
					</students>
				</lecture>
				<practices>
					<practice place="SW2" teacher="129">
						<time>
							<dayOfWeek>5</dayOfWeek>
							<startHours>9</startHours>
							<startMinutes>0</startMinutes>
						</time>
						<students>
							<personRef refid="123"/>
							<personRef refid="128"/>
						</students>
					</practice>
					<practice place="SW1" teacher="130">
						<time>
							<dayOfWeek>3</dayOfWeek>
							<startHours>17</startHours>
							<startMinutes>20</startMinutes>
						</time>
						<students>
							<personRef refid="124"/>
							<personRef refid="128"/>
						</students>
					</practice>
				</practices>
			</subject>
			<subject mandatory="true" name="Software_Engineering">
				<lecture place="S5" teacher="130">
					<time>
						<dayOfWeek>1</dayOfWeek>
						<startHours>15</startHours>
						<startMinutes>40</startMinutes>
					</time>
					<students>						
						<personRef refid="123"/>
						<personRef refid="124"/>
						<personRef refid="127"/>
					</students>
				</lecture>
				<practices>
					<practice place="SW1">
						<time>
							<dayOfWeek>2</dayOfWeek>
							<startHours>14</startHours>
							<startMinutes>0</startMinutes>
						</time>
						<students>
							<personRef refid="123"/>
							<personRef refid="124"/>
						</students>
					</practice>
				</practices>
			</subject>
			<subject mandatory="true" name="Java">
				<lecture place="S8" teacher="132">
					<time>
						<dayOfWeek>3</dayOfWeek>
						<startHours>12</startHours>
						<startMinutes>10</startMinutes>
					</time>
					<students>
						<personRef refid="127"/>
						<personRef refid="128"/>
						<personRef refid="124"/>
					</students>
				</lecture>
				<practices>
					<practice place="SU1">
						<time>
							<dayOfWeek>2</dayOfWeek>
							<startHours>17</startHours>
							<startMinutes>10</startMinutes>
						</time>
						<students>
							<personRef refid="124"/>
							<personRef refid="128"/>
						</students>
					</practice>
				</practices>
			</subject>
		</subjects>
	</department>
	
</departments>
