<?xml version="1.0" encoding="UTF-8"?>
<armory xmlns:xsi="http://www.w3.org/2001/XMLSchema-instance" xsi:noNamespaceSchemaLocation="data.xsd">
	<!--Databaze zbrani, ze kterych jsem mel dosud moznost si vystrelit.-->
	<firearms>
		<pistols name="Pistols">
			<gun id="gCZDUO">
				<name>CZ DUO</name>				
				<origin>
					<place>Czechoslovakia</place>
					<designer>František Dušek</designer>
					<designed>1938</designed>
				</origin>
				<comment>"DUO" was an abbreviation of "Dušek, Opočno".</comment>
				<picture src="http://www.littlegun.info/arme%20tchecoslovaque/cz%20duo%20cal%20635-02.jpg"/>
				<cartridge id="a25ACP"/>				
				<construction>
					<type>semi-automatic</type>
					<trigger>SA</trigger>
					<action>blowback</action>
					<feed_system>
						<magazine capacity="6"/>
					</feed_system>
					<dimensions>
						<length>
							<mm>110</mm>
							<in>4.33</in>
						</length>
						<weight>
							<g>399</g>
						</weight>
					</dimensions>
				</construction>
			</gun>
			<gun id="gB92">
				<name>Beretta 92</name>				
				<origin>
					<place>Italy</place>
					<designer>Fabbrica d'Armi Pietro Beretta</designer>
					<logo><?viewer "use monospaced font"?><![CDATA[
                __gg@@@@@@N@@@pgy_                
            _g@##@#P~~"~^^^~"TP#@Bg@g_            
         _gB##P^                  ^5#N@g_         
       y@M@F^           __           `?M@#y       
     _@BB"    _        y@#L        _    ^@W@_     
    g#B"     /WL      /M@@Mk      J@L     "##g    
   @@#      g@@@k      J@@       g@@ML     `#M@   
  g@#        @@$`      J@M       `#@K`       @@B  
 g@#         @@#       JM@        #@6         @@E 
 W@F       __@@K__     J@@      __#@$__       J@@ 
f#@      y@#F#g8?#@y   J@@    y#M"#M#?#@y      N@E
#@K     @P^  @@$  `%@  J@@   #P   ##$  ^#@     !@g
#@F    g#    #@$    @g J@#  @#    #BK    #g    ]@#
B@K    @K    #@$    g# J@#  @E    #@K    $#    I@@
7@@    )@_   #@K   _MF_J#@__3#_   #@$   y#F    @@!
 @@L    "5g_y@#B__g@@@#M@#P#@@@g_y@#@__g#^    J@W 
 7#B      ~4B#@@@P$@F @@#@@@ M@D4M@#M@P^      @MF 
  #@g       M@#NN @F  _yN@y_  3@ #@@@@       g##  
   #@@      _#@#_]W   #MN@M#   @F^#W#_     _#@B   
    ##By    MP~MN @\  g@BN@g  J@ #F~M#    y@@F    
     ^@@@_        `#g_F`  ^"_g#`        _8@#`     
       ^#@@y_       ~#@@gg@@P^       _y@@8~       
         ^MN@@g__       ``       __g@@@P^         
            ^M@@#@#gyy_______yg@@@@BP^            
                ^"PN#NM@@@#BNBMF~`                
				]]></logo>
					<designed>1975</designed>
				</origin>
				<picture src="http://upload.wikimedia.org/wikipedia/commons/6/61/M9-pistolet.jpg"/>
				<cartridge id="a9Para"/>				
				<construction>
					<type>semi-automatic</type>
					<trigger>DA/SA</trigger>
					<action>short recoil</action>
					<feed_system>
						<magazine capacity="17"/>
					</feed_system>
					<dimensions>
						<length>
							<mm>217</mm>
							<in>8.5</in>
						</length>
						<weight>
							<g>950</g>
						</weight>
					</dimensions>
				</construction>
				<performance>
					<muzzle_velocity>
						<mps>380</mps>
					</muzzle_velocity>
					<effective_range>
						<m>50</m>
					</effective_range>
				</performance>
			</gun>
			<gun id="gCZ75">
				<name>CZ 75</name>				
				<origin>
					<place>Czech Republic</place>
					<designer>František Koucký</designer>
					<logo><?viewer "use monospaced font"?><![CDATA[
                 __,ggqsgggy___                 
            __WK$@#@@WKW#0@@@9%@Ag_             
         _g#A#5#@5N$K@M#@%#@##NBNW@N4_          
       _R@M@@RP^^P"`^      `"^+F^~@8$g%b,       
     _@#W#N~                       `"@gZ@m_     
    p$@@B~                            ~&8#@L    
   MmB%f                                "KNAA   
  G0W#`  ____________________________    ^W%$@  
 G###F   @%WBW&M$@BG@M@#&5$B%@#M@#g@@     `#WBg 
JQ@M%K   ##@"^""""'"~"^^^"`"^~'~"~#N#     5W#9@i
%%M8B    $D#L_,_  ___    __,      )@A      WWNWW
BWBKW    t#@@KN#  N#g    #$Z    _dB@B      @#@#@
@R&y@     ^`^``^  #N9    8ZN   eZB$^       1@g@g
@R#BM             'E$k_,,W##    ^@KML      #B6@N
RNW#M              g#@R&MMMg      "A$%     y@%@8
!M#@#a             ``    ` `       f0#    J89RM/
 K@$d(                   `@gj     _#2B    ^@$@% 
  N%#8                    $@W   ,WZ@P     #N8$` 
  `#D@%,                  B@#NMb8@P`    _K8x#`  
    8##9e                 ^"~^""~`     JW@@5`   
     ^ZNA$b_                        _yM&@NF     
       '$8@##g_  __           __ _y@#B#6F       
         ^%88N@M@X##@KggmmM%@E@88Xd#KA~         
            ~?WM#D@0NZ@#$@#%R$6#5#P~            
                ^^"fM&S#$8#4P""`                
				]]></logo>
					<designed>1975</designed>
				</origin>
				<comment>The second most copied pistol (after M1911).</comment>
				<picture src="http://upload.wikimedia.org/wikipedia/commons/8/81/Cz75.jpg"/>
				<cartridge id="a9Para"/>				
				<construction>
					<type>semi-automatic</type>
					<trigger>DA/SA</trigger>
					<action>short recoil</action>
					<feed_system>
						<magazine capacity="17"/>
					</feed_system>
					<dimensions>
						<length>
							<mm>206</mm>
							<in>8.1</in>
						</length>
						<weight>
							<g>1120</g>
						</weight>
					</dimensions>
				</construction>
				<performance>
					<muzzle_velocity>
						<mps>335</mps>
					</muzzle_velocity>
					<effective_range>
						<m>50</m>
					</effective_range>
				</performance>
			</gun>
			<gun id="gGPK100">
				<name>Grand Power K100</name>				
				<origin>
					<place>Slovakia</place>
					<designer>Jaroslav Kuracina</designer>
					<designed>1994</designed>
				</origin>
				<comment>Letter "K" in "K100" stands for the designer's surname, number 100 is said to denote his weight.</comment>
				<picture src="http://upload.wikimedia.org/wikipedia/commons/f/fa/GP_K100_MARK6.jpg"/>
				<cartridge id="a9Para"/>				
				<construction>
					<type>semi-automatic</type>
					<trigger>DA/SA</trigger>
					<action>short recoil</action>
					<feed_system>
						<magazine capacity="17"/>
					</feed_system>
					<dimensions>
						<length>
							<mm>202.5</mm>
							<in>8</in>
						</length>
						<weight>
							<g>740</g>
						</weight>
					</dimensions>
				</construction>
				<performance>
					<muzzle_velocity>
						<mps>350</mps>
					</muzzle_velocity>
					<effective_range>
						<m>50</m>
					</effective_range>
				</performance>
			</gun>
			<gun id="gG18">
				<name>Glock 18</name>				
				<origin>
					<place>Austria</place>
					<designer>Gaston Glock</designer>
					<designed>1982</designed>
				</origin>
				<comment>Selective fire variant of Glock 17.</comment>
				<picture src="http://www.autoweapons.com/photosv/glock18t.jpg"/>
				<cartridge id="a9Para"/>				
				<construction>
					<type selective_fire="yes">automatic</type>
					<trigger>pre-set</trigger>
					<action>short recoil</action>
					<feed_system>
						<magazine capacity="17"/>
					</feed_system>
					<dimensions>
						<length>
							<mm>186</mm>
							<in>7.32</in>
						</length>
						<weight>
							<g>625</g>
						</weight>
					</dimensions>
				</construction>
				<performance>
					<muzzle_velocity>
						<mps>375</mps>
					</muzzle_velocity>
					<effective_range>
						<m>50</m>
					</effective_range>
					<rate_of_fire>
						<rpm>1100</rpm>
					</rate_of_fire>
				</performance>
			</gun>
			<gun id="gSMA1">
				<name>Steyr M40-A1</name>				
				<origin>
					<place>Austria</place>
					<designed>1999</designed>
				</origin>
				<picture src="http://upload.wikimedia.org/wikipedia/commons/a/ac/Steyr_M-A1_1.jpg"/>
				<cartridge id="a40SW"/>				
				<construction>
					<type>semi-automatic</type>
					<trigger>DAO</trigger>
					<action>short recoil</action>
					<feed_system>
						<magazine capacity="12"/>
					</feed_system>
					<dimensions>
						<length>
							<mm>176</mm>
							<in>6.9</in>
						</length>
						<weight>
							<g>851</g>
						</weight>
					</dimensions>
				</construction>
				
			</gun>
			<gun id="gA1911">
				<name>Armscor 1911A1</name>				
				<origin>
					<place>Philippines</place>
				</origin>
				<comment>A copy of M1911.</comment>
				<picture src="http://www.guncenter.cz/img/zbrane/Armscor1911A1.jpg"/>
				<cartridge id="a45ACP"/>				
				<construction>
					<type>semi-automatic</type>
					<trigger>SA</trigger>
					<action>short recoil</action>
					<feed_system>
						<magazine capacity="7"/>
					</feed_system>
					<dimensions>
						<length>
							<mm>210</mm>
							<in>8.25</in>
						</length>
						<weight>
							<g>1105</g>
						</weight>
					</dimensions>
				</construction>
				<performance>
					<muzzle_velocity>
						<mps>255</mps>
					</muzzle_velocity>
					<effective_range>
						<m>50</m>
					</effective_range>
				</performance>
			</gun>
		</pistols>
		<revolvers name="Revolvers">
			<gun id="gH361">
				<name>Alfa-Proj Holek 361</name>				
				<origin>
					<place>Czech Republic</place>
				</origin>
				<picture src="http://www.alfa-proj.cz/picture/Katalog/zbrane/ostre-zbrane/revolvery/22wmr_22lr_holek/model_361_big.jpg"/>
				<cartridge id="a22LR"/>				
				<construction>
					<type>repeater</type>
					<trigger>SA</trigger>
					<action>revolver</action>
					<feed_system>
						<cylinder capacity="8"/>
					</feed_system>
					<dimensions>
						<length>
							<mm>287</mm>
							<in>11.3</in>
						</length>
						<weight>
							<g>960</g>
						</weight>
					</dimensions>
				</construction>
			</gun>
		</revolvers>
		<sub_machine_guns name="Submachine guns">
			<gun id="gSMPi">
				<name>Steyr MPi 69</name>
				<origin>
					<place>Austria</place>
					<designer>Steyr</designer>
					<designed>1960</designed>
				</origin>
				<picture src="http://world.guns.ru/userfiles/images/smg/austria/1287828710.jpg"/>
				<cartridge id="a9Para"/>				
				<construction>
					<type selective_fire="yes">automatic</type>
					<trigger>SA</trigger>
					<action>blowback</action>
					<feed_system>
						<magazine capacity="32"/>
					</feed_system>
					<dimensions>
						<length>
							<mm>465</mm>
							<in>18.3</in>
						</length>
						<weight>
							<g>3130</g>
						</weight>
					</dimensions>
				</construction>
				<performance>
					<muzzle_velocity>
						<mps>381</mps>
					</muzzle_velocity>
					<effective_range>
						<m>100</m>
					</effective_range>
					<rate_of_fire>
						<rpm>550</rpm>
					</rate_of_fire>
				</performance>
			</gun>
			<gun id="gTommy">
				<name>Thompson M1928A1</name>
				<origin>
					<place>USA</place>
					<designer>John T. Thompson</designer>
					<designed>1919</designed>
				</origin>
				<comment>Earlier model M1921 gained fame from its' use by criminals during Prohibition, and was nicknamed "tommy gun".</comment>
				<picture src="http://upload.wikimedia.org/wikipedia/commons/f/f4/Submachine_gun_M1928_Thompson.jpg"/>
				<cartridge id="a45ACP"/>				
				<construction>
					<type selective_fire="yes">automatic</type>
					<trigger>SA</trigger>
					<action>blowback</action>
					<feed_system>
						<magazine capacity="30"/>
					</feed_system>
					<dimensions>
						<length>
							<mm>851</mm>
							<in>33.5</in>
						</length>
						<weight>
							<g>4900</g>
						</weight>
					</dimensions>
				</construction>
				<performance>
					<muzzle_velocity>
						<mps>285</mps>
					</muzzle_velocity>
					<effective_range>
						<m>50</m>
					</effective_range>
					<rate_of_fire>
						<rpm>720</rpm>
					</rate_of_fire>
				</performance>
			</gun>
		</sub_machine_guns>
		<rifles name="Rifles">
			<gun id="gAR15">
			<name>AR-15</name>
				<origin>
					<place>USA</place>
					<designer>Eugene Stoner</designer>
					<designed>1957</designed>
				</origin>
				<comment>Available in a wide range of configurations from a large number of manufacturers, the most famous derivative is the selective fire M16-series assault rifle used by the United States military.</comment>
				<picture src="http://upload.wikimedia.org/wikipedia/commons/e/e0/AR15_A3_Tactical_Carbine_pic1.jpg"/>
				<cartridge id="a556N"/>				
				<construction>
					<type>semi-automatic</type>
					<trigger>SA</trigger>
					<action>gas-operated</action>
					<feed_system>
						<magazine capacity="30"/>
					</feed_system>
					<dimensions>
						<length>
							<vary/>
						</length>
						<weight>
							<vary/>
						</weight>
					</dimensions>
				</construction>
				<performance>
					<muzzle_velocity>
						<mps>975</mps>
					</muzzle_velocity>
					<effective_range>
						<m>500</m>
					</effective_range>
				</performance>
			</gun>
			<gun id="gGSG5">
				<name>GSG-5</name>
				<origin>
					<place>Germany</place>
					<designed>2007</designed>
				</origin>
				<comment>Copy of the Heckler &amp; Koch MP5 submachine gun.</comment>
				<picture src="http://upload.wikimedia.org/wikipedia/commons/4/45/GSG-5_rifle.jpg"/>
				<cartridge id="a22LR"/>				
				<construction>
					<type>semi-automatic</type>
					<trigger>SA</trigger>
					<action>blowback</action>
					<feed_system>
						<magazine capacity="22"/>
					</feed_system>
					<dimensions>
						<length>
							<mm>855</mm>
							<in>33.66</in>
						</length>
						<weight>
							<g>3160</g>
						</weight>
					</dimensions>
				</construction>
				<performance>
					<muzzle_velocity>
						<mps>350</mps>
					</muzzle_velocity>
					<effective_range>
						<m>150</m>
					</effective_range>
				</performance>
			</gun>
			<gun id="gNorinco">
				<name>Norinco JW 21</name>
				<origin>
					<place>China</place>
				</origin>
				<picture src="http://www.guncenter.cz/img/zbrane/NorincoJW21.22LR.jpg"/>
				<cartridge id="a22LR"/>				
				<construction>
					<type>repeater</type>
					<trigger>SA</trigger>
					<action>lever-action</action>
					<feed_system>
						<magazine detachable="no" capacity="15"/>
					</feed_system>
					<dimensions>
						<length>
							<mm>955</mm>
							<in>37.6</in>
						</length>
						<weight>
							<g>2750</g>
						</weight>
					</dimensions>
				</construction>
			</gun>
			<gun id="gSaiga">
				<name>Saiga</name>
				<origin>
					<place>Russia</place>
					<designer>Mikhail Kalashnikov</designer>
					<designed>1990</designed>
				</origin>
				<picture src="http://www.guncenter.cz/img/zbrane/Saiga.308WIN.jpg"/>
				<cartridge id="a308W"/>				
				<construction>
					<type>semi-automatic</type>
					<trigger>SA</trigger>
					<action>gas-operated</action>
					<feed_system>
						<magazine capacity="8"/>
					</feed_system>
					<dimensions>
						<length>
							<mm>1100</mm>
							<in>43.3</in>
						</length>
						<weight>
							<g>3860</g>
						</weight>
					</dimensions>
				</construction>
				<performance>
					<muzzle_velocity>
						<mps>800</mps>
					</muzzle_velocity>
					<effective_range>
						<m>300</m>
					</effective_range>
				</performance>
			</gun>
			<gun id="gHenry">
				<name>Henry 1860</name>
				<origin>
					<place>USA</place>
					<designer>Benjamin Tyler Henry</designer>
					<designed>1850</designed>
				</origin>
				<comment>Nowadays replicas by A. Uberti Firearms.</comment>
				<picture src="http://www.guncenter.cz/img/zbrane/Henry1860.45LC.jpg"/>
				<cartridge id="a45C"/>				
				<construction>
					<type>repeater</type>
					<trigger>SA</trigger>
					<action>lever-action</action>
					<feed_system>
						<magazine detachable="no" capacity="13"/>
					</feed_system>
					<dimensions>
						<length>
							<mm>947</mm>
							<in>37.3</in>
						</length>
						<weight>
							<g>4082</g>
						</weight>
					</dimensions>
				</construction>
			</gun>
		</rifles>
		<assault_rifles name="Assault rifles">			
		</assault_rifles>
		<sniper_rifles name="Sniper rifles">
			<gun id="gSVD">
				<name>Snayperskaya Vintovka Dragunova</name>			
				<synonyms>
					<synonym>SVD</synonym>
					<synonym>Dragunov</synonym>
				</synonyms>
				<origin>
					<place>Soviet Union</place>
					<designer>Yevgeny Dragunov</designer>
					<designed>1963</designed>
				</origin>
				<picture src="http://upload.wikimedia.org/wikipedia/commons/1/11/Svd_1_russian.jpg"/>
				<cartridge id="a762x54"/>				
				<construction>
					<type>semi-automatic</type>
					<trigger>SA</trigger>
					<action>gas-operated</action>
					<feed_system>
						<magazine capacity="10"/>
					</feed_system>
					<dimensions>
						<length>
							<mm>1225</mm>
							<in>48.2</in>
						</length>
						<weight>
							<g>4300</g>
						</weight>
					</dimensions>
				</construction>
				<performance>
					<muzzle_velocity>
						<mps>830</mps>
					</muzzle_velocity>
					<effective_range>
						<m>800</m>
					</effective_range>
				</performance>
			</gun>
		</sniper_rifles>
		<machine_guns name="Machine guns">
			<gun id="gMaxim">
				<name>Pulemyot Maxima M1910</name>				
				<origin>
					<place>Russian Empire</place>
					<designed>1910</designed>
				</origin>
				<comment>Russian derivation from Maxim gun, the first self-powered machine gun invented by the American-born British inventor Sir Hiram Maxim in 1884.</comment>
				<picture src="http://upload.wikimedia.org/wikipedia/commons/1/1b/Maxim_Maschinengewehr_1910.jpg"/>
				<cartridge id="a762x54"/>				
				<construction>
					<type>automatic</type>
					<trigger>SA</trigger>
					<action>short recoil</action>
					<feed_system>
						<belt capacity="250"/>
					</feed_system>
					<dimensions>
						<length>
							<mm>1067</mm>
							<in>42</in>
						</length>
						<weight>
							<g>64300</g>
						</weight>
					</dimensions>
				</construction>
				<performance>
					<muzzle_velocity>
						<mps>740</mps>
					</muzzle_velocity>
					<effective_range>
						<m>1200</m>
					</effective_range>
					<rate_of_fire>
						<rpm>600</rpm>
					</rate_of_fire>
				</performance>
			</gun>
		</machine_guns>
	</firearms>
	
	<!--Databaze streliva, ktere jsem pri tom pouzil.-->
	<ammunition>
		<centerfire name="Centerfire">
			<ammo id="a556N">
				<name>5.56x45 mm NATO</name>
				<origin>
					<place>USA</place>
					<designer>Remington Arms</designer>
				</origin>
				<comment>Similar to <ref id="a223R">.223 Remington</ref> but not identical.</comment>
				<picture src="http://anderson-arms.com/images/i-5.56-FMJBT.jpg"/>
				<shape>
					<bullet>
						<diameter>
							<mm>5.70</mm>
							<in>0.224</in>
						</diameter>
					</bullet>
					<case bottleneck="yes">
						<neck_diameter>
							<mm>6.43</mm>
							<in>0.253</in>
						</neck_diameter>
						<length>
							<mm>44.70</mm>
							<in>1.760</in>
						</length>
					</case>
				</shape>				
			</ammo>
			<ammo id="a223R">
				<name>.223 Remington</name>
				<origin>
					<place>USA</place>
					<designer>Remington Arms</designer>
					<designed>1964</designed>
				</origin>
				<comment>Similar to <ref id="a556N">5.56x45 mm NATO</ref> but not identical.</comment>
				<picture src="http://deuce45s.com/images/308%20Win%20M-118%20Match%20Ammo.jpg"/>
				<shape>
					<bullet>
						<diameter>
							<mm>5.70</mm>
							<in>0.224</in>
						</diameter>
					</bullet>
					<case bottleneck="yes">
						<neck_diameter>
							<mm>6.43</mm>
							<in>0.253</in>
						</neck_diameter>
						<length>
							<mm>44.70</mm>
							<in>1.760</in>
						</length>
					</case>
				</shape>				
			</ammo>
			<ammo id="a25ACP">
				<name>.25 ACP</name>
				<synonyms>
					<synonym>.25 Auto</synonym>
					<synonym>6.35 mm</synonym>
					<synonym>6.35 mm Browning</synonym>
					<synonym>6.35x16 mm SR</synonym>
				</synonyms>
				<origin>
					<place>USA</place>
					<designer>John Browning</designer>
					<designed>1905</designed>
				</origin>
				<comment>The smallest centerfire pistol round in production, commonly chambered in small, so-called "vest pocket" pistols. "ACP" stands for "Automatic Colt Pistol", "SR" for "semi-rimmed".</comment>
				<picture src="http://upload.wikimedia.org/wikipedia/commons/e/ec/.25_ACP.jpg"/>
				<shape>
					<bullet>
						<diameter>
							<mm>6.4</mm>
							<in>0.251</in>
						</diameter>
					</bullet>
					<case rim="semi-rimmed">
						<neck_diameter>
							<mm>7.0</mm>
							<in>0.276</in>
						</neck_diameter>
						<length>
							<mm>15.6</mm>
							<in>0.615</in>
						</length>
					</case>
				</shape>				
			</ammo>
			<ammo id="a308W">
				<name>.308 Winchester</name>
				<origin>
					<place>USA</place>
					<designed>1952</designed>
				</origin>
				<comment>Commercial version of the military <ref id="a762x51">7.62x51 mm NATO</ref> cartridge (not identical but interchangeable).</comment>
				<picture src="http://upload.wikimedia.org/wikipedia/commons/0/03/308_Winchester.jpg"/>
				<shape>
					<bullet>
						<diameter>
							<mm>7.8</mm>
							<in>0.308</in>
						</diameter>
					</bullet>
					<case bottleneck="yes">
						<neck_diameter>
							<mm>8.72</mm>
							<in>0.343</in>
						</neck_diameter>
						<length>
							<mm>51.18</mm>
							<in>2.015</in>
						</length>
					</case>
				</shape>				
			</ammo>
			<ammo id="a762x51">
				<name>7.62x51 mm NATO</name>
				<origin>
					<place>USA</place>
				</origin>
				<comment>Although not identical, it is similar enough to the commercial <ref id="a308W">.308 Winchester</ref> to be considered interchangeable.</comment>
				<picture src="http://upload.wikimedia.org/wikipedia/commons/d/df/NATO_7.62x51.jpg"/>
				<shape>
					<bullet>
						<diameter>
							<mm>7.8</mm>
							<in>0.308</in>
						</diameter>
					</bullet>
					<case bottleneck="yes">
						<neck_diameter>
							<mm>8.72</mm>
							<in>0.343</in>
						</neck_diameter>
						<length>
							<mm>51.18</mm>
							<in>2.015</in>
						</length>
					</case>
				</shape>				
			</ammo>
			<ammo id="a762x54">
				<name>7.62x54 mm R</name>
				<origin>
					<place>Russian Empire</place>
					<designed>1891</designed>
				</origin>
				<comment>Historically known as the "7.62mm Russian", but the "R" in the modern designation (7.62x54R) stands for "rimmed".</comment>
				<picture src="http://upload.wikimedia.org/wikipedia/commons/5/59/76254Rvariety.jpg"/>
				<shape>
					<bullet>
						<diameter>
							<mm>7.92</mm>
							<in>0.312</in>
						</diameter>
					</bullet>
					<case rim="rimmed" bottleneck="yes">
						<neck_diameter>
							<mm>8.53</mm>
							<in>0.336</in>
						</neck_diameter>
						<length>
							<mm>53.72</mm>
							<in>2.115</in>
						</length>
					</case>
				</shape>				
			</ammo>
			<ammo id="a9Para">
				<name>9x19 mm Parabellum</name>
				<synonyms>
					<synonym>9 mm</synonym>
					<synonym>9 mm Para</synonym>
					<synonym>9 mm Luger</synonym>
					<synonym>9 mm NATO</synonym>
				</synonyms>
				<origin>
					<place>German Empire</place>
					<designer>Georg Luger</designer>
					<designed>1901</designed>
				</origin>
				<comment>The name Parabellum is derived from the Latin: Si vis pacem, para bellum ("If you seek peace, prepare for war").</comment>
				<picture src="http://upload.wikimedia.org/wikipedia/commons/9/96/9mmLuger.jpg"/>
				<shape>
					<bullet>
						<diameter>
							<mm>9.03</mm>
							<in>0.356</in>
						</diameter>
					</bullet>
					<case>
						<neck_diameter>
							<mm>9.65</mm>
							<in>0.380</in>
						</neck_diameter>
						<length>
							<mm>19.15</mm>
							<in>0.754</in>
						</length>
					</case>
				</shape>				
			</ammo>
			<ammo id="a40SW">
				<name>.40 S&amp;W</name>
				<origin>
					<place>USA</place>
					<designer>Smith &amp; Wesson</designer>
					<designed>1990</designed>
				</origin>
				<picture src="http://upload.wikimedia.org/wikipedia/commons/8/89/40_S%26W_-_FMJ_-_2.jpg"/>
				<shape>
					<bullet>
						<diameter>
							<mm>10.2</mm>
							<in>0.400</in>
						</diameter>
					</bullet>
					<case>
						<neck_diameter>
							<mm>10.7</mm>
							<in>0.423</in>
						</neck_diameter>
						<length>
							<mm>21.6</mm>
							<in>0.850</in>
						</length>
					</case>
				</shape>
			</ammo>
			<ammo id="a45ACP">
				<name>.45 ACP</name>
				<synonyms>
					<synonym>.45 Auto</synonym>
				</synonyms>
				<origin>
					<place>USA</place>
					<designer>John Browning</designer>
					<designed>1904</designed>
				</origin>
				<comment>"ACP" stands for "Automatic Colt Pistol".</comment>
				<picture src="http://upload.wikimedia.org/wikipedia/commons/0/01/45caliberACP.jpg"/>
				<shape>
					<bullet>
						<diameter>
							<mm>11.5</mm>
							<in>0.452</in>
						</diameter>
					</bullet>
					<case>
						<neck_diameter>
							<mm>12.0</mm>
							<in>0.473</in>
						</neck_diameter>
						<length>
							<mm>22.8</mm>
							<in>0.898</in>
						</length>
					</case>
				</shape>				
			</ammo>
			<ammo id="a45C">
				<name>.45 Colt</name>
				<synonyms>
					<synonym>.45 Long Colt</synonym>
				</synonyms>
				<origin>
					<place>USA</place>
					<designer>U. S. Army</designer>
					<designed>1872</designed>
				</origin>
				<picture src="http://upload.wikimedia.org/wikipedia/commons/e/e5/45_Colt_-_1.jpg"/>
				<shape>
					<bullet>
						<diameter>
							<mm>11.5</mm>
							<in>0.454</in>
						</diameter>
					</bullet>
					<case rim="rimmed">
						<neck_diameter>
							<mm>12.2</mm>
							<in>0.480</in>
						</neck_diameter>
						<length>
							<mm>32.6</mm>
							<in>1.285</in>
						</length>
					</case>
				</shape>
			</ammo>
		</centerfire>
		<rimfire name="Rimfire">
			<ammo id="a22LR">
				<name>.22 Long Rifle</name>
				<synonyms>
					<synonym>.22 LR</synonym>
				</synonyms>
				<origin>
					<place>USA</place>
					<designed>1887</designed>
				</origin>
				<comment>Uses a heeled bullet (the bullet is the same diameter as the case, and has a narrower "heel" portion that fits in the case).</comment>
				<picture src="http://upload.wikimedia.org/wikipedia/commons/6/61/.22_LR.jpg"/>
				<shape>
					<bullet>
						<diameter>
							<mm>5.7</mm>
							<in>0.224</in>
						</diameter>
					</bullet>
					<case rim="rimmed">
						<neck_diameter>
							<mm>5.7</mm>
							<in>0.224</in>
						</neck_diameter>
						<length>
							<mm>15.0</mm>
							<in>0.590</in>
						</length>
					</case>
				</shape>				
			</ammo>
		</rimfire>
	</ammunition>
</armory>