<?xml version="1.0" encoding="UTF-8"?>
<library xsi:schemaLocation="http://matej.snoha.info data.xsd" xmlns="http://matej.snoha.info" xmlns:n1="http://matej.snoha.info" xmlns:xsi="http://www.w3.org/2001/XMLSchema-instance">
	<book n1:lang="cs" n1:code="AB123">
		<title>Nazov</title>
		<year>2000</year>
		<author>
			<firstname>Meno</firstname>
			<surname>Priezvisko</surname>
		</author>
	</book>
	<book n1:code="XX9999">
		<title>KnihaXY</title>
		<year>2048</year>
		<author>
			<firstname>Jan</firstname>
			<surname>Komensky</surname>
		</author>
		<author>
			<firstname>Juro</firstname>
			<surname>Komensky</surname>
		</author>
	</book>
	<reader n1:readerid="r13584">
		<name>
			<firstname>Jozko</firstname>
			<surname>Mrkva</surname>
		</name>
		<address>
			<street>Ulica</street>
			<number>64</number>
			<city>Praha 8</city>
			<zip>18200</zip>
		</address>
		<email>jozko@mrkva.com</email>
		<phone>0800123456</phone>
		<note>poznamka</note>
	</reader>
</library>
