<?xml version="1.0" encoding="UTF-8"?>


<!-- Popisovana realita: katalog notebooku -->

<katalog xmlns:xsi="http://www.w3.org/2001/XMLSchema-instance" xsi:schemaLocation="faryad:ukol3:notebooky data.xsd"
  xmlns="faryad:ukol3:notebooky">
  <notebook id="notebook1" v_prodeji="true" alternativa_k="notebook3">
    <znacka>Lenovo</znacka>
    <model>
      <nazev>IdeaPad</nazev>
      <oznaceni>Y570</oznaceni>
    </model>
    <procesor>
      <znacka>Intel</znacka>
      <model>
        <nazev>Core i7</nazev>
        <oznaceni>2670QM</oznaceni>
      </model>
      <pocet_jader>4</pocet_jader>
      <frekvence>3.1GHz</frekvence>
    </procesor>
    <display typ="lcd">
      <rozliseni>1366x768</rozliseni>
    </display>
    <grafika integrovana="false">
      <procesor>
        <znacka>NVIDIA</znacka>
        <model>
          <nazev>GeForce</nazev>
          <oznaceni>GT 555M</oznaceni>
        </model>
      </procesor>
      <operacni_pamet typ="DDR4" velikost="1GB" />
    </grafika>
    <ulozna_zarizeni>
      <disk ssd="false" velikost="750GB" />
    </ulozna_zarizeni>
    <operacni_pamet typ="DDR3" velikost="8GB" />
    <rozhrani>
      <usb pocet="4" verze="2" />
      <esata pocet="1" />
      <hdmi />
    </rozhrani>
    <operacni_system>Windows 7 Home</operacni_system>
    <urceni>
      Notebook je urcen hráčům, zvládne i náročnější počítacové hry.
      <cilova_skupina>Hráči</cilova_skupina>
      <cilova_skupina>Zábava</cilova_skupina>
    </urceni>
    <cena>22000</cena>
    <popis>
		<![CDATA[
Řada notebooků IdeaPad Y s herní určením od společnosti Lenovo v sobě skrývá surovou sílu v kombinaci s úhledným designem. Navíc notebooky obsahují překvapivé novinky a jsou připraveny pro mobilní zábavu, ať se s nimi vydáte kamkoliv. Nic již proto nebrání uhasit žízeň nekonečných dálek a být stále připojen za pomoci moderního a vysoce mobilního společníky v podobě notebooky Lenovo IdeaPad Y.

Vysoký výkon

Notebooky IdeaPad Y jsou postaveny na mobilní platformě Intel Core. Ta jim poskytuje nejen exkluzivní výkon, ale navíc i nízkou spotřebu, se kterou jde ruku v ruce dlouhá výdrž při práci na bateriové napájení. Procesory Intel ovšem nejsou to jediné, co uživateli pomáhá v tvorbě a přináší neuvěřitelné multimediální zážitky. Dalšími součástmi jsou výkonné grafické karty v kombinaci s kvalitními displeji a prostorovým SRS zvukem. Vybrané modely notebooků řady IdeaPad Y570 jsou navíc vybaveny Lenovo Enhanced Experience 2.0 pro Windows 7 s podporou technologie Intel Rapid Boot, která se stará o průměrné snížení doby startu operačního systému až o 20 sekund, zrychlení vypnutí o 28% a obnovy z režimu spánku za 0.7 sekundy.

Stylové a precizní provedení

Vysoký výkon notebooků řady IdeaPad Y jsou zabaleny ve slušivém kabátě s vysokou odolností. Praktický vícedotykový touchpad v kombinaci s moderní klávesnicí přináší nevídané pohodlí pří dlouhotrvající práci na počítači a potěší i v případě multimediálního nasazení počítače. Pohodlí přináší i speciální software VeriFace, který rozpozná váš obličej a automaticky přihlásí správný uživatelský účet operačního systému.

Specifikace

Tento model notebooku pro každodenní použití je vybaven dvoujádrovým procesorem Intel Core i7-2670QM. Tento procesor pracuje na frekvenci 2.2GHz a podporuje technologii TurboBoost s možností navýšení frekvence až na 3.1GHz. Procesor je doplněn o 8GB operační paměti typu DDR3 s taktem 1333MHz. Zobrazení na 15.6" velkém lesklém displeji s rozlišením WXGA, tedy 1366x768 obrazových bodů a LED podsvícením, se stará grafika NVIDIA GeForce GT 555M s 2GB vlastní paměti. Pro uživatelská data je určen 750GB pevný disk a nechybí ani DVD±RW/RAM optická mechanika. Samozřejmostí jsou rozhraní jako Wi-Fi, Bluetooth nebo čtveřice konektorů USB a rozhraní eSATA. Dále je notebook vybaven kamerou a uživatelské pohodlí zajišťuje i numerická část klávesnice. Jako operační systém je použit Windows 7 Home Premium 64 bitového provedení.

]]>
		</popis>
  </notebook>
  <notebook id="notebook2" v_prodeji="true">
    <znacka>HP</znacka>
    <model>
      <nazev>EliteBook</nazev>
      <oznaceni>8560w</oznaceni>
    </model>
    <procesor>
      <znacka>Intel</znacka>
      <model>
        <nazev>Core i7</nazev>
        <oznaceni>2670</oznaceni>
      </model>
      <pocet_jader>4</pocet_jader>
      <frekvence>3.1GHz</frekvence>
    </procesor>
    <display typ="led">
      <rozliseni>1920x1080</rozliseni>
    </display>
    <grafika integrovana="false">
      <procesor>
        <znacka>NVIDIA</znacka>
        <model>
          <nazev>Quadro</nazev>
          <oznaceni>2000M</oznaceni>
        </model>
      </procesor>
    </grafika>
    <ulozna_zarizeni>
      <disk ssd="false" velikost="750GB" />
    </ulozna_zarizeni>
    <operacni_pamet typ="DDR3" velikost="8GB" />
    <rozhrani>
      <usb pocet="3" verze="3" />
      <esata pocet="1" />
    </rozhrani>
    <operacni_system>Windows 7 Professional</operacni_system>
    <urceni>
      Pracovní stanice.
      <cilova_skupina>Práce</cilova_skupina>
      <cilova_skupina>Výkon</cilova_skupina>
    </urceni>
    <cena>50000</cena>
    <popis>
		<![CDATA[
Přenosný a přesto s úctyhodným výkonem, to jsou firemní notebooky řady HP EliteBook 8560w. 15.6“ displej navíc disponuje HD rozlišením a moderním LED podsvícením. Notebook jako celek splní ty nejnáročnější požadavky a to jak v kanceláři, tak na cestách. Notebook odolá nejen nečekaným pádům, ale i vysoké teplotě, nadmořské výšce, prachu nebo vibracím stejně tak jako vyšší vlhkosti okolního prostředí. Nemusíte se tak bát vzít si počítač kamkoliv s sebou.
]]>
		</popis>
  </notebook>
  <notebook id="notebook3" v_prodeji="true">
    <znacka>Acer</znacka>
    <model>
      <nazev>Aspire</nazev>
      <oznaceni>5349-B812G32Mnkk</oznaceni>
    </model>
    <procesor>
      <znacka>Intel</znacka>
      <model>
        <nazev>Celeron</nazev>
        <oznaceni>B815</oznaceni>
      </model>
      <pocet_jader>2</pocet_jader>
      <frekvence>1.6GHz</frekvence>
    </procesor>
    <display typ="lcd">
      <rozliseni>1366x768</rozliseni>
    </display>
    <grafika integrovana="false">
      <procesor>
        <znacka>Intel</znacka>
        <model>
          <nazev>HD Graphics</nazev>
          <oznaceni></oznaceni>
        </model>
      </procesor>
    </grafika>
    <ulozna_zarizeni>
      <disk ssd="false" velikost="500GB" />
    </ulozna_zarizeni>
    <operacni_pamet typ="DDR3" velikost="2GB" />
    <rozhrani>
      <usb pocet="3" verze="2" />
      <hdmi />
    </rozhrani>
    <operacni_system>Windows 7 Home</operacni_system>
    <urceni>
      Notebook je urcen do domácnosti nebo pro studenty.
      <cilova_skupina>Student</cilova_skupina>
      <cilova_skupina>Domácnost</cilova_skupina>
    </urceni>
    <cena>9000</cena>
    <popis>
		<![CDATA[
Notebooky řady Acer Aspire představují výkonné stroje s dostatečným grafickým potenciálem a celou škálou komunikačních možností. Navíc je vše uloženo v elegantním moderním kabátu s důrazem na odolnost a spolehlivost.

Vysoký výkon, grafika a multimédia

Spolu s vysokými výkonovými nároky multimediálního obsahu přihází i do oblasti notebooků výkonné procesory s podporou pro plynulý multitasking. Ani řada notebooků Aspire není pozadu a přináší nejmodernější procesorové řady napříč celým portfoliem typů notebooků. Nechybí ani dostatek diskové kapacity pro uložení veškerého multimediálního obsahu, který chce mít uživatel vždy při ruce. Displej s vysokým rozlišením a volitelně výkonné diskrétní grafické karty poskytují uživateli dokonalý prožitek, ať již na notebooku sleduje oblíbené filmy či seriály, nebo hraje náročné počítačové hry. Připojení velkoplošné televizní obrazovky nikdy nebylo jednoduší za pomoci HDMI rozhraní a u vybraných modelů nechybí ani moderní Blu-ray mechanika spolu s prostorovým Dolby ozvučením.

Vzhled a komunikační nástroje

Kombinace Ethernetové a Wi-Fi konektivity umožňuje spolehlivý vysokorychlostní přístup k internetu kdykoliv a kdekoliv. Pro snadné videohovory je připravena integrovaná kamera a modul Bluetooth navíc usnadní připojení například mobilního telefonu. Řada notebooků Aspire od společnosti Acer je prezentována jako atraktivní, ergonomická a zároveň i odolná. Moderní design si zakládá na tenkém provedení, jedinečném vzhledu a nápadné barevné kombinaci spolu se snadno přístupnými ovládacími prvky. Společnost Acer klade důraz i na životní prostředí spolu s vysokou odolností notebooku jako celku. Proto vyvolávají notebooky Aspire představu jedinečnosti a spolehlivosti.

Specifikace

Model s označením 5349-B812G32Mnkk řady notebooků Acer Aspire využívá výkonu procesoru Intel Celeron Dual-Core B815. Ten pracuje na frekvenci 1.6GHz a je doplněn o 2GB operační paměti typu DDR3. O data zobrazená na 15.6" velkém displeji s WXGA (1366x768 obrazových bodů) rozlišením se stará grafika Intel HD Graphics. Pro uživatelská data je určen 320GB pevný disk a nechybí ani DVD±RW/RAM optická mechanika. Mezi rozhraními notebooku nechybí Wi-Fi, tři konektory USB a integrována je i kamera a klávesnice obsahuje i numerickou část. Jako operační systém je použit Windows Home Premium 64 bitového provedení.

]]>
		</popis>
  </notebook>
  <top_notebook>
    notebook1
  </top_notebook>
</katalog>
