<?xml version="1.0" encoding="UTF-8"?>

<!-- vrs= Video Rental Shop -->
<vrs xmlns:xsi="http://www.w3.org/2001/XMLSchema-instance" xsi:noNamespaceSchemaLocation="data.xsd">
	<movies>
		<movie id="m001" count="5" rating="PG-13">
			<title>Gravity</title>
			<name>Alfonso Cuaron</name>
			<length>91</length>
			<inTheaters />
		</movie>
		<movie id="m002" count="1" rating="R">
			<title>12 Years a Slave</title>
			<name>Steve McQueen</name>
			<length>134</length>
			<inTheaters />
		</movie>
		<movie id="m003" count="0" rating="PG-13">
			<title>Captain Philips</title>
			<name>Paul Greengrass</name>
			<length>134</length>
		</movie>
		<movie id="m004" count="3" rating="R">
			<title>Dallas Buyers Club</title>
			<name>Jean Marc Vallee</name>
			<length>116</length>
		</movie>
		<movie id="m005" count="5" rating="R">
			<title>The Wolf of Wall Street</title>
			<name>Martin Scorsese</name>
			<length>179</length>
		</movie>
		<movie id="m006" count="5" rating="R">
			<title>Her</title>
			<name>Spike Jonze</name>
			<length>126</length>
			<inTheaters />
		</movie>
		<movie id="m007" count="15" rating="R">
			<title>Nebraska</title>
			<name>Alexander Payne</name>
			<length>110</length>
		</movie>
		<movie id="m008" count="2" rating="PG-13">
			<title>The Hobbit: The Desolation of Smaug</title>
			<name>Peter Jackson</name>
			<length>161</length>
			<inTheaters />
		</movie>
		<movie id="m009" count="6" rating="PG-13">
			<title>The Great Gatsby</title>
			<name>Baz Luhrmann</name>
			<length>105</length>
		</movie>
		<movie id="m010" count="10" rating="PG-13">
			<title>Star Trek: Into Darkness</title>
			<name>Jeffrey Jacob Abrams</name>
			<length>133</length>
		</movie>
		<movie id="m011" count="8" rating="R">
			<title>American Hustle</title>
			<name>David Owen Russell</name>
			<length>138</length>
			<inTheaters />
		</movie>
	</movies>
	
	<customers>
		<customer id="c001">
			<name>Marissa Cooper</name>
			<phone>555 123 456</phone>
		</customer>
		<customer id="c002">
			<name>Seth Cohen</name>			
		</customer>
		
		<customer id="c003">
			<name>Summer Roberts</name>
		</customer>
		
		<customer id="c004">
			<name>Ryan Atwood</name>
			<phone>555 111 222</phone>
		</customer>
	</customers>
	
	<rentals>
		<rental movieRef="m001" customerRef="c001">
			<dateFrom>2014-02-21</dateFrom>
			<dateTo fine="0">2014-03-03</dateTo>
		</rental>
		
		<rental movieRef="m010" customerRef="c001">
			<dateFrom>2014-02-28</dateFrom>
			<dateTo fine="100">2014-03-01</dateTo>
		</rental>
		
		<rental movieRef="m003" customerRef="c002">
			<dateFrom>2014-03-07</dateFrom>
			<dateTo fine="50">2014-07-10</dateTo>
		</rental>
		
		<rental movieRef="m007" customerRef="c002">
			<dateFrom>2014-07-14</dateFrom>
			<dateTo fine="0">2014-07-17</dateTo>
		</rental>
		
		<rental movieRef="m008" customerRef="c002">
			<dateFrom>2014-07-14</dateFrom>
			<dateTo fine="150">2014-07-17</dateTo>
		</rental>
		
	</rentals>
</vrs>
