<?xml version="1.0" encoding="UTF-8" standalone="yes"?>
<!DOCTYPE packages [
	<!ELEMENT packages (package*)>
	<!ELEMENT package (pkginfo, useflags?, buildinfo, dependencies)>
	<!ELEMENT pkginfo (name, category, version, revision, license, homepage?, description?, keywords?, repository, slot?, eapi)>
	<!ELEMENT name (#PCDATA)>
	<!ELEMENT category (#PCDATA)>
	<!ELEMENT version (#PCDATA)>
	<!ELEMENT revision (#PCDATA)>
	<!ELEMENT license (#PCDATA)>
	<!ELEMENT homepage (#PCDATA)>
	<!ELEMENT description (#PCDATA)>
	<!ELEMENT keywords (#PCDATA)>
	<!ELEMENT repository (#PCDATA)>
	<!ELEMENT slot (#PCDATA)>
	<!ELEMENT eapi (#PCDATA)>
	<!ELEMENT use EMPTY>
	<!ELEMENT useflags (use*)>
	<!ELEMENT buildinfo (buildtime, buildflags, buildsize)>
	<!ELEMENT buildtime EMPTY>
	<!ELEMENT buildflags EMPTY>
	<!ELEMENT buildsize (#PCDATA)>
	<!ELEMENT dependencies (dependency*, if*)>
	<!ELEMENT dependency EMPTY>
	<!ELEMENT if (dependency*, if*)>
	<!ATTLIST package
		id ID #REQUIRED
	>
	<!ATTLIST use
		name CDATA #REQUIRED
		type (use | input | video | alsa | camera | lcd | apache) "use"
		enabled (true | false) "true"
	>
	<!ATTLIST buildtime
		start CDATA #REQUIRED
		stop CDATA #REQUIRED
	>
	<!ATTLIST buildflags
		cflags CDATA #REQUIRED
		cxxflags CDATA #REQUIRED
		ldflags CDATA #REQUIRED
		makeflags CDATA #REQUIRED
	>
	<!ATTLIST dependency
		type (build | run) "run"
		package CDATA #REQUIRED
		pkgid IDREF #IMPLIED
		needuse CDATA #IMPLIED
	>
	<!ATTLIST if
		use CDATA #REQUIRED
	>
	<!ENTITY pionurl "http://www.pion.org/projects/pion-network-library">
]>

<?author watzkdav?>

<!-- databaze / infocache balicku nainstalovanych pomoci balickovaciho systemu -->
<packages>
	<package id="pkg1">
		<pkginfo>
			<name>pion-net</name>
			<category>net-libs</category>
			<version>4.0.7</version>
			<revision>2</revision>
			<license>GPL-2</license>
			<homepage>&pionurl;</homepage>
			<description>A C++ development library for implementing lightweight HTTP interfaces</description>
			<keywords>~x86 ~amd64 ~sparc ~ppc</keywords>
			<repository>official</repository>
			<slot>4</slot>
			<eapi>3</eapi>
		</pkginfo>
		<useflags>
			<use name="debug" enabled="false"/>
			<use name="log4cpp"/>
		</useflags>
		<buildinfo>
			<buildtime start="1330274574" stop="1330274752"/>
			<buildflags cflags="-O2" cxxflags="-O2" ldflags="-Wl,-O1 -Wl,--as-needed" makeflags="-j5"/>
			<buildsize><?size 10628000?></buildsize>
		</buildinfo>
		<dependencies>
			<dependency type="build" package="dev-libs/boost-build"/>
			<dependency type="run" package="dev-libs/boost"/>
			<dependency type="run" package="dev-libs/log4cpp"/>
			<if use="debug">
				<dependency type="run" package="dev-libs/boost" needuse="debug"/>
				<if use="log4cpp">
					<dependency type="run" package="dev-libs/log4cpp" needuse="debug"/>
				</if>
			</if>
		</dependencies>
	</package>
	<package id="pkg2">
		<pkginfo>
			<name>fatrat</name>
			<category>net-misc</category>
			<version>1.2.0</version>
			<revision>1</revision>
			<license>GPL-2</license>
			<homepage>http://fatrat.dolezel.info/</homepage>
			<description>
			<![CDATA[
				Qt4 based download manager with support for HTTP, FTP, SFTP, BitTorrent and more
			]]></description>
			<keywords>~x86 ~amd64</keywords>
			<repository>official</repository>
			<slot>1</slot>
			<eapi>3</eapi>
		</pkginfo>
		<useflags>
			<use type="use" name="bittorrent" enabled="false"/>
			<use name="webinterface"/>
		</useflags>
		<buildinfo>
			<buildtime start="1330276854" stop="1330278654"/>
			<buildflags cflags="-O2" cxxflags="-O2" ldflags="-Wl,-O1 -Wl,--as-needed" makeflags="-j4"/>
			<buildsize><?size 19168040?></buildsize>
		</buildinfo>
		<dependencies>
			<dependency type="build" package="net-libs/pion-net" pkgid="pkg1"/>
		</dependencies>
	</package>
</packages>
