<?xml version="1.0" encoding="UTF-8"?>
<!DOCTYPE root SYSTEM "data.dtd">
<?php echo date('d.m.Y H:i:s')?>
<root>
	<wordSeparators>
		<wordSeparator>.</wordSeparator>
		<wordSeparator>&nbsp;</wordSeparator>
		<wordSeparator>_</wordSeparator>
		<wordSeparator>-</wordSeparator>
	</wordSeparators>
	<nameFormats>
		<nameFormat id="nf1" value="%n S%sE%e"/><!-- %n - name of serial, %s serie number, %e - number of episode-->
		<nameFormat id="nf2" value="%n %sx%e"/>
	</nameFormats>
	
	<series>
		<serial nameFormat="nf1">
			<name>TBBT</name><!-- common name for all serial files found -->
			<folder>The Big Bang Theory</folder><!-- destination folder -->
			<regexs><!-- set of regular expresion, should describe all possible name formats of this serial, every file that will match one of these will be added -->
				<regex>.*tbbt.*</regex><!-- regular expresion that describes possible format of name--> 									
				<regex>.*big.*bang.*</regex>
				<regex>.*bib.*bang.*</regex><!-- possible type-o -->
				<regex confirm="true">.*theory.*</regex><!--confirm means that file found by this regex will need aditional confirmation for moving -->
			</regexs>
			<note><![CDATA[
				Tenhle serial je fakt super
				]]>
			</note>
		</serial>
		<serial>
			<name>Red Dwarf</name>
			<folder>Red Dwarf</folder>
			<regexs>
				<regex>.*red.dwarf.*</regex>
			</regexs>
		</serial>
		<serial>
			<name>South park</name>
			<folder>South park</folder>
			<regexs>
				<regex>.*south.park.*</regex>
			</regexs>
		</serial>
		<serial>
			<name>Homeland</name>
			<folder>Homeland</folder>
			<regexs>
				<regex>homeland</regex>
			</regexs>
		</serial>
		<serial>
			<name>Game of thrones</name>
			<folder>Game of thrones</folder>
			<regexs>
				<regex>*.game.of.thrones.*</regex>
				<regex>.*got.*</regex>
			</regexs>
		</serial>
		<serial>
			<name>Continuum</name>
			<folder>Continuum</folder>
			<regexs>
				<regex>.*continuum</regex>
			</regexs>
		</serial>
		<serial>
			<name>Mythbusters</name>
			<folder>Mythbusters</folder>
			<regexs>
				<regex>.*mythbusters.*</regex>
			</regexs>
		</serial>
		<serial>
			<name>IT crowd</name>
			<folder>IT crowd</folder>
			<regexs>
				<regex>.*it.crowd.*</regex>
			</regexs>
		</serial>
		<serial>
			<name>Two and a half man</name>
			<folder>Two and a half man</folder>
			<regexs>
				<regex>
					.*two.and.a.half.man.*
					<node-v-dostatecne-hloubce/>
				</regex>
			</regexs>
		</serial>
		<serial>
			<name>Futurama</name>
			<folder>Futurama</folder>
			<regexs>
				<regex>.*futurama.*</regex>
			</regexs>
		</serial>
	</series>
</root>

 