<?xml version="1.0" encoding="UTF-8"?>
<!-- Vitejte v databazi vtipu -->
<vtipnik>
	
    <autori>
        <autor id="aid_0">
            <jmeno>Autor</jmeno>
            <prijmeni>Neznamy</prijmeni>
            <popis>Pokud autor vtipu neni znam, pouzije se tento.</popis>
            <kontakt>
                <mail>info@databazevtipu.cz</mail>
            </kontakt>            
        </autor>
		
        <autor id="aid_1">
            <jmeno>Karel</jmeno>
            <prijmeni>Karel</prijmeni>
            <popis>Neustale pozaduje navraceni podsalku</popis>
            <pohlavi>muz</pohlavi>
            <kontakt>
                <mail>karel@karel.cz</mail>
                <cislo>251251251</cislo>
                <cislo>606606606</cislo>
            </kontakt>
            <vtipnost>7</vtipnost>
        </autor>

    </autori>

    <vtipy>
        <vtip id="vid_0" autor-id="aid_0">
            Sli dva a prostredni upad.
        </vtip>
		
        <vtip id="vid_1" autor-id="aid_1" kategorie="IT">
            <![CDATA[
                function random() { // returns a completely random number
                    return 4;
                }
            ]]>
        </vtip>
        
        <vtip id="vid_2" autor-id="aid_0" kategorie="IT">
            Dva zamilovaní programátoři leží na koleji v postýlce a skoro usínají. Dívka začne svého drahého hladit po tvářičce a něžně zašeptá:
            "Miláčku, myslíš na to, na co myslím já?"
            "Ano, zlatíčko." nakloní se jí k uchu chlapec.
            "A jak bys to implementoval?"
        </vtip>
    </vtipy>
	
    <poznamky>
        <poznamka>Dnesni datum je <?php echo Date("d.m.Y")?>.</poznamka>
        <poznamka>Smazat prvni vtip, je prilis hloupy.</poznamka>
    </poznamky>

</vtipnik>