<?xml version="1.0" encoding="UTF-8"?>

<vtipy>
	<vtip id="vid_0" autor-id="aid_0" vtipnost="0">
		Sli dva a prostredni upad.
	</vtip>
	
	<vtip id="vid_1" autor-id="aid_1" kategorie="IT" vtipnost="4">
		
		<metaVtipy>
			<vtip id="vid_3" vtipnost="5">
				Co dělá lenochod, když hoří les?
				.
				.
				Hoří taky.
				<metaVtipy>
					<vtip id="vid_4" vtipnost="2">
						"Slyšel jsem, že včera pochovali Brožka. Co mu bylo?"
						"Byl mrtvý." 
					</vtip>
				</metaVtipy>
			</vtip>
			<vtip id="vid_5" vtipnost="9">
				Baví se dva matfyzáci: "Víš, že se studiem matfyzu pomalu blbne?"
				"To nevadí, já mám času dost."
			</vtip>
		</metaVtipy>
		<![CDATA[
			function random() { // returns a completely random number
				return 4;
			}
		]]>
	</vtip>
	
	<vtip id="vid_2" autor-id="aid_0" kategorie="IT" vtipnost="7">
		Dva zamilovaní programátoři leží na koleji v postýlce a skoro usínají. Dívka začne svého drahého hladit po tvářičce a něžně zašeptá:
		"Miláčku, myslíš na to, na co myslím já?"
		"Ano, zlatíčko." nakloní se jí k uchu chlapec.
		"A jak bys to implementoval?"
	</vtip>
</vtipy>