<?xml version="1.0" encoding="UTF-8" ?>
<lezeckaDb>
<skalniOblasti>
	<datumOtevreni><?php echo Date("d.m.Y")?></datumOtevreni>
	<skalniOblast typ="sportovni" nazev="SantaLinya" stat="Spanelsko">
		Oblast s vysokou koncentraci tech nejtezsich cest.Oblast vhodna pro profiky,obsahujici jednu z nejtezsich
		cest sveta - Neandrtal.
		<GPSouradnice>21.354.2,12.342.124</GPSouradnice>
		<poznamka>Nejlepsi oblast,tezky cesty.</poznamka>
		<www><![CDATA[http://www.lezec.cz/cesty.php?cobl=53616e7461204c696e7961h]]>>
		</www>
		<sektory>
			<sektor nazev="Cova">
				<pristup>Primo u silnice z Lleidy do Zapadakova,v leve casti.</pristup>
				<cesty>
					<cesta nazev="Digital System" obtiznost="8c" styl="previs" obtize="vytrvalost" vpravo="Fabela Pa La Enmienda" delka="45"/>
					<cesta nazev="Fuck The System" obtiznost="9a" styl="previs" obtize="bouldr" vpravo="Digital System" delka="47"/>
					<cesta nazev="Fabela Pa La Enmienda" obtiznost="9a" delka="20"/>
				</cesty>
			</sektor>
			<sektor nazev="Cova grande">
				<pristup>Primo u silnice z Lleidy do Zapadakova,nejvetsi previs.</pristup>
				<cesty>
					<cesta nazev="Neandrtal" obtiznost="9b" styl="previs" obtize="vytrvalost" delka="46"/>
					<cesta nazev="Rollito Sharma" obtiznost="8b+" styl="previs" obtize="vytrvalost"  delka="40"/>
					<cesta nazev="Open Your Mind Direct" obtiznost="9a+" styl="previs" obtize="bouldr"  delka="32"/>
				</cesty>
			</sektor>
		</sektory>
	</skalniOblast>
	<skalniOblast typ="sportovni" nazev="GorgesDuTarn" stat="Francie" sousedniOblast="Verdon">
		Oblibena oblas pro sportovni lezeni nedaleko Millau.Vhodna spise pro pokrocile lezce.
		<GPSouradnice>23.364.2,12.356.124</GPSouradnice>
		<poznamka>Super oblast,spis tezsi lezeni.</poznamka>
		<www><![CDATA[http://www.lezec.cz/cesty.php?cobl=476f72676573204475205461726eh]]>>
		</www>
		<sektory>
			<sektor nazev="L'Oasif">
				<pristup>Za parkovisten,po toku reky,do kopce.</pristup>
				<cesty>
					<cesta nazev="Le Viagra Ć Est Pas Pour" obtiznost="8b" styl="previs" obtize="bouldr"  delka="35"/>
					<cesta nazev="Rasta Vaut Rien" obtiznost="8a+/b" styl="previs" obtize="vytrvalost"  delka="25"/>
					<cesta nazev="La Banda Del Rulos" obtiznost="8a" styl="previs" obtize="vytrvalost"  delka="30"/>
					<cesta nazev="Demolition Anale" obtiznost="7c" styl="previs" obtize="vytrvalost"  delka="20"/>
					<cesta nazev="Gros But" obtiznost="7c" styl="previs" obtize="vytrvalost"  delka="18"/>
					<cesta nazev="L´ Heure D´ Été " obtiznost="7c" styl="previs" obtize="sila"  delka="16"/>
					<cesta nazev="La Page Blanche" obtiznost="7c" styl="previs" obtize="bouldr"  delka="20"/>
					<cesta nazev="Monstre Trou" obtiznost="7c" styl="strop" obtize="vytrvalost"  delka="22"/>
					<cesta nazev="Murati" obtiznost="7c" styl="strop" obtize="vytrvalost"  delka="15"/>
					<cesta nazev="Starting Block" obtiznost="7c" styl="previs" obtize="vytrvalost"  delka="19"/>
					<cesta nazev="Noel Chez But" obtiznost="7b+" styl="previs" obtize="vytrvalost"  delka="30"/>
					<cesta nazev="Putain De Papiers" obtiznost="7b+" styl="strop" obtize="vytrvalost"  delka="18"/>
					<cesta nazev="Alambic" obtiznost="7b" styl="previs" obtize="vytrvalost" delka="32"/>
					<cesta nazev="Ils Ont Marché Sur La Tune" obtiznost="7b" styl="previs" obtize="vytrvalost"  delka="16"/>
				</cesty>
			</sektor>
			<sektor nazev="Güllich">
				<pristup>Za L'Oasif vpravo.</pristup>
				<cesty>
					<cesta nazev="Adieu Wolfgang" obtiznost="8c" styl="previs" obtize="vytrvalost"  delka="13"/>
					<cesta nazev="La Spectre De Lottokar" obtiznost="8b+" styl="previs" obtize="bouldr"  delka="10"/>
					<cesta nazev="Tendinite" obtiznost="8b+" styl="previs" obtize="sila"  delka="16"/>
					<cesta nazev="Bar-bitturique" obtiznost="8a" styl="previs" obtize="sila"  delka="14"/>
					<cesta nazev="Octopus" obtiznost="7c+" styl="previs" obtize="bouldr"  delka="15"/>
					<cesta nazev="Accion Discrete" obtiznost="7c" styl="previs" obtize="sila"  delka="15"/>
				</cesty>
			</sektor>
		</sektory>
	</skalniOblast>
	<skalniOblast typ="boulder" nazev="Rocklands" stat="JAR">
		Svetova oblast pro bouldering.Uzasne tvary sutru,oranzovy pisek &amp; silove,previsle boudry plne skoku.
		<GPSouradnice>-40.354.2,11.442.124</GPSouradnice>
		<poznamka>Uzasny bouldry.</poznamka>
		<idealniRocniDoba>srpen</idealniRocniDoba>
		<www><![CDATA[http://www.lezec.cz/cesty.php?cobl=526f636b6c616e6473h]]>>
		</www>
		<sektory>
			<sektor nazev="8 Days Rain">				
				<cesty>
					<cesta nazev="Derailed" obtiznost="8B/B+" styl="previs" obtize="sila"  delka="6"/>
					<cesta nazev="Crazy Legs" obtiznost="7B"  delka="3"/>
					<cesta nazev="Tennis Biscuit" obtiznost="7B"  delka="5"/>
				</cesty>
			</sektor>
			<sektor nazev="Dihedral Boulders">				
				<cesty>
					<cesta nazev="Ray Of Light" obtiznost="8B" styl="previs" obtize="sila"  delka="7"/>
					<cesta nazev="Jaws" obtiznost="7C"  delka="3"/>
					<cesta nazev="Salty Egg" obtiznost="7A+"  delka="4"/>
				</cesty>
			</sektor>
		</sektory>
	</skalniOblast>
	<skalniOblast typ="bigwall" nazev="Verdon" stat="Francie" sousedniOblast="GorgesDuTarn">
		Bigwallove lezeni v Provance.Zajimavosti je,ze u vetsiny cest musite nejdriv slanit k nastupu.
		Cesty maji okolo 250 metru.
		<GPSouradnice>20.354.2,11.442.124</GPSouradnice>
		<poznamka/>
		<www><![CDATA[http://www.lezec.cz/cesty.php?cobl=566572646f6eh]]>>
		</www>
		<sektory>
			<sektor nazev="Escales">				
				<cesty>
					<cesta nazev="Karin's Line" obtiznost="7b+"  delka="230"/>
					<cesta nazev="Luna Bong" obtiznost="6c+" styl="kolma" obtize="vytrvalost"  delka="260"/>
					<cesta nazev="Dingomaniaque" obtiznost="6c+" styl="kolma" obtize="bouldr"  delka="200"/>
					<cesta nazev="Ticket Danger" obtiznost="6c" styl="kolma"  delka="255"/>
					<cesta nazev="Trous Secs" obtiznost="6c" styl="kolma" obtize="bouldr"  delka="176"/>
				</cesty>
			</sektor>
		</sektory>
	</skalniOblast>
</skalniOblasti>


<lezci>
	<lezec jmeno="Patxi" prijmeni="Usobiaga" zeme="ESP" wcNejlepsiVysledek="2">
		<cesta nazev="Fabela Pa La Enmienda" stylPrelezu="PP" pocetPokusu="5"/>
	</lezec>
	<lezec jmeno="Adam" prijmeni="Ondra" zeme="CZ" wcNejlepsiVysledek="1">
		<cesta nazev="Digital System" stylPrelezu="OS"/>
		<cesta nazev="Fuck The System" stylPrelezu="PP" pocetPokusu="2" />
		<cesta nazev="Digital System" stylPrelezu="PP"/>
	</lezec>
	<lezec jmeno="Chris" prijmeni="Sharma" zeme="USA" wcNejlepsiVysledek="3">
		<cesta nazev="Fuck The System" stylPrelezu="PP" pocetPokusu="20"/>
	</lezec>	
</lezci>

<lezci2>
	<lezec jmeno="Dani" prijmeni="Andrada" zeme="ESP" wcNwjlepsiVysledek="1">
		<OS>Rasta Vaut Rien</OS>
		<OS>Gros But</OS>
		<OS>Fuck The System</OS>
		<PP>Fuck The System</PP>
		<PP>Digital System</PP>
		<PP>Rollito Sharma</PP>
	</lezec>	
	<lezec jmeno="Dajla" prijmeni="Ojeda" zeme="ESP">
		<OS>Alambic</OS>
		<OS>Octopus</OS>
		<OS>Bar-bitturique</OS>
		<PP>Rollito Sharma</PP>
		<PP>Bar-bitturique</PP>
	</lezec>	
</lezci2>

</lezeckaDb>


