<?xml version="1.1" encoding="UTF-8"?>
	<!DOCTYPE library SYSTEM "data.dtd">
	<?php echo "this is here only to meet the requirements" ?>
<library>
	
	<books>
		<book id="b_1" genre="Sci-fi">
			<name>1984</name>
			<year>1948</year>
			<author>George Orwell</author>
			<description>
				Written in 1948, 1984 was George Orwell’s chilling <keyword>prophecy</keyword> about the future. And while 1984 has come and gone, Orwell’s narrative is timelier than ever.
				 1984 presents a startling and haunting <keyword>vision</keyword> of the world, so powerful that it is completely convincing from start to finish.
				  No one can deny the power of this novel, its hold on the imaginations of multiple generations of readers, or the resiliency of its admonitions—a legacy that seems only to grow with the passage of time.
				  &advertisement;
			</description>
		</book>
		
		<book id="b_2" genre="Novel">
			<name>Charlotte's Web</name>
			<year>1952</year>
			<author>E. B. White</author>
			<description>
				This beloved book by E. B. White, author of Stuart Little and The Trumpet of the Swan, is a classic of <keyword>children's</keyword> literature that is "just about perfect."
				Some Pig. Humble. Radiant. These are the words in Charlotte's Web, high up in Zuckerman's barn. Charlotte's spiderweb tells of her feelings for a little pig named Wilbur, 
				who simply wants a friend. They also express the love of a girl named Fern, who saved Wilbur's life when he was born the runt of his litter.
				E. B. White's Newbery Honor Book is a tender <keyword>novel</keyword> of friendship, love, life, and death that will continue to be enjoyed by generations to come.
				It contains illustrations by Garth Williams, the acclaimed illustrator of E.B. White's Stuart Little and Laura Ingalls Wilder's Little House series, among many other books.
				&advertisement;
			</description>
		</book>
		
		<book id="b_3" genre="Sci-fi">
			<name>Fahrenheit 451</name>
			<year>1953</year>
			<author>Ray Bradbury</author>
			<description>
				Ray Bradbury’s internationally acclaimed novel Fahrenheit 451 is a masterwork of twentieth-century literature set in a bleak, dystopian <keyword>future</keyword>.
				Guy Montag is a fireman. In his world, where television rules and literature is on the brink of extinction, firemen start fires rather than put them out.
				His job is to destroy the most illegal of commodities, the printed book, along with the houses in which they are hidden.
				Montag never questions the destruction and ruin his actions produce, returning each day to his bland life and wife, Mildred, who spends all day with her television “family.”
				But then he meets an eccentric young neighbor, Clarisse, who introduces him to a past where people didn’t live in fear and to a present where one sees the world through the ideas in books instead of the mindless chatter of television.
				When Mildred attempts suicide and Clarisse suddenly disappears, Montag begins to question everything he has ever known. He starts hiding books in his home, and when his pilfering is discovered, the fireman has to run for his life.
				&advertisement;
			</description>
		</book>
		
		<book id="b_4" genre="Humor">
			<name>Me Talk Pretty One Day</name>
			<year>2001</year>
			<author>David Sedaris</author>
			<description>
				A recent transplant to Paris, humorist David Sedaris, bestselling author of "Naked", presents a collection of his strongest work yet, including the title story about his <keyword>hilarious</keyword> attempt to learn French.
				A number one national bestseller now in paperback.
			</description>
		</book>
		
		<book id="b_5" genre="Politics">
			<name>The Autobiography of Malcolm X: As Told to Alex Haley</name>
			<year>1987</year>
			<author>Malcolm X</author>
			<description>
				If there was any one man who articulated the anger, the struggle, and the beliefs of <keyword>African</keyword> Americans in the 1960s, that man was Malxolm X.
				His <keyword>AUTOBIOGRAPHY</keyword> is now an established classic of modern America, a book that expresses like none other the crucial truth about our times.
				"Extraordinary. A brilliant, painful, important book."
			</description>
		</book>
		
		<book id="b_6" genre="Novel">
			<name>The Long Goodbye</name>
			<year>1988</year>
			<author>Raymond Chandler</author>
			<description>
				Marlowe befriends a down on his luck war veteran with the scars to prove it. Then he finds out that Terry Lennox has a very wealthy nymphomaniac wife, who he's divorced and re-married and who ends up dead.
				and now Lennox is on the lam and the cops and a crazy gangster are after Marlowe.
			</description>
		</book>
		
		<book id="b_7" genre="Psychology">
			<name>The Man Who Mistook His Wife For A Hat: And Other Clinical Tales</name>
			<year>1988</year>
			<author>Oliver Sacks</author>
			<description>
				In his most extraordinary book, “one of the great clinical writers of the twentieth century” (The New York Times) recounts the case histories of patients lost in the bizarre,
				apparently inescapable world of neurological disorders. Oliver Sacks’s The Man Who Mistook His Wife for a Hat tells the stories of individuals afflicted with fantastic perceptual 
				and intellectual aberrations: patients who have lost their memories and with them the greater part of their pasts; who are no longer able to recognize people and common objects; 
				who are stricken with violent tics and grimaces or who shout involuntary obscenities; whose limbs have become alien; who have been dismissed as retarded yet are gifted with uncanny artistic or mathematical talents. 
				If inconceivably strange, these brilliant tales remain, in Dr. Sacks’s splendid and sympathetic telling, deeply human. They are studies of life struggling against incredible adversity, 
				and they enable us to enter the world of the neurologically impaired, to imagine with our hearts what it must be to live and feel as they do. A great healer, Sacks never loses sight of medicine’s ultimate responsibility: 
				“the suffering, afflicted, fighting human subject.”
			</description>
		</book>
		
		<book id="b_8" genre="Horror">
			<name>The Shining</name>
			<year>1977</year>
			<author>Stephen King</author>
			<description>
				Jack Torrance’s new job at the Overlook Hotel is the perfect chance for a fresh start. As the off-season caretaker at the atmospheric old hotel, he’ll have plenty of time to spend reconnecting 
				with his family and working on his writing. But as the harsh winter weather sets in, the idyllic location feels ever more remote . . . and more <keyword>sinister</keyword>. 
				And the only one to notice the strange and terrible forces gathering around the Overlook is Danny Torrance, a uniquely gifted five-year-old.
			</description>
		</book>
		
		<book id="b_9" genre="Novel">
			<name>The Road</name>
			<year>2007</year>
			<author>Cormac McCarthy</author>
			<description>
				The searing, <keyword>postapocalyptic</keyword> novel destined to become Cormac McCarthy's masterpiece. A father and his son walk alone through burned America. 
				Nothing moves in the ravaged landscape save the ash on the wind. It is cold enough to crack stones, and when the snow falls it is gray. The sky is dark. 
				Their destination is the coast, although they don't know what, if anything, awaits them there. They have nothing; just a pistol to defend themselves against the lawless bands that stalk the road, 
				the clothes they are wearing, a cart of scavenged food—and each other. The Road is the profoundly moving story of a journey. It boldly imagines a future in which no hope remains, 
				but in which the father and his son, "each the other's world entire," are sustained by love. Awesome in the totality of its vision, it is an unflinching meditation on the worst and the best that we are capable of: 
				ultimate destructiveness, desperate tenacity, and the tenderness that keeps two people alive in the face of total devastation.
			</description>
		</book>
		
		<book id="b_10" genre="Stories">
			<name>The Things They Carried</name>
			<year>1990</year>
			<author>Tim O'Brien</author>
			<description>
				A classic work of American literature that has not stopped changing minds and lives since it burst onto the literary scene, 
				The Things They Carried is a ground-breaking meditation on <keyword>war</keyword>, memory, imagination, and the redemptive power of storytelling. 
			</description>
		</book>
		
		<book id="b_11" genre="Horror">
			<name>Crazy coding</name>
			<year>2013</year>
			<author>Peter Sourek</author>
			<description>
				Amazing <keyword>algorithms</keyword> such as <![CDATA[
					System.out.println("Hi xml <tag>text</tag>");
					]]>
			</description>
		</book>
	</books>
	
	<customers>
		<!-- JOHN DOE -->
		<customer id="c_1">
			<firstName>John</firstName>
			<lastName>Doe</lastName>
			<address>
				<street>Baker Street</street>
				<city>London</city>
				<country>England</country>
				<zip>12000</zip>
			</address>
			<rentals>
				<rental book="b_1">				
					<from>
						<day>5</day>
						<month>11</month>
						<year>2011</year>
					</from>
					<to>
						<day>5</day>
						<month>11</month>
						<year>2012</year>
					</to>
				</rental>
				<rental book="b_4">				
					<from>
						<day>7</day>
						<month>4</month>
						<year>2011</year>
					</from>
					<to>
						<day>10</day>
						<month>12</month>
						<year>2012</year>
					</to>
				</rental>
			</rentals>	
			<info  phone="789456123"/>	
		</customer>
		<!-- ALAN SMITHEE -->
		<customer id="c_2">
			<firstName>Alan</firstName>
			<lastName>Smithee</lastName>
			<address>
				<street>Biscane Boulevard</street>
				<city>Miami</city>
				<country>Florida</country>
				<zip>12040</zip>
			</address>
			<rentals>
			</rentals>	
			<info note="Best customer ever" phone="741852963" />	
		</customer>
		<!--JOE SHMOE-->
		<customer id="c_3">
			<firstName>Joe</firstName>
			<lastName>Shmoe</lastName>
			<address>
				<street>Atlantic Avenue</street>
				<city>Virginia Beach</city>
				<country>Virginia</country>
				<zip>12100</zip>
			</address>
			<rentals>
				<rental book="b_2">				
					<from>
						<day>7</day>
						<month>4</month>
						<year>2011</year>
					</from>
					<to>
						<day>9</day>
						<month>6</month>
						<year>2012</year>
					</to>
				</rental>
				<rental book="b_7">				
					<from>
						<day>23</day>
						<month>5</month>
						<year>2012</year>
					</from>
					<to>
						<day>19</day>
						<month>7</month>
						<year>2013</year>
					</to>
				</rental>
			</rentals>		
		</customer>
		<!--RUDOLF LINGENS-->
		<customer id="c_4">
			<firstName>Rudolf</firstName>
			<lastName>Lingens</lastName>
			<address>
				<street>Albany Street</street>
				<city>Boston</city>
				<country>Massachusetts</country>
				<zip>12070</zip>
			</address>
			<rentals>
				<rental book="b_1">				
					<from>
						<day>7</day>
						<month>11</month>
						<year>2012</year>
					</from>
					<to>
						<day>16</day>
						<month>4</month>
						<year>2013</year>
					</to>
				</rental>
				<rental book="b_10">				
					<from>
						<day>9</day>
						<month>3</month>
						<year>2012</year>
					</from>
					<to>
						<day>16</day>
						<month>4</month>
						<year>2013</year>
					</to>
				</rental>
				<rental book="b_8">				
					<from>
						<day>11</day>
						<month>9</month>
						<year>2011</year>
					</from>
					<to>
						<day>16</day>
						<month>9</month>
						<year>2011</year>
					</to>
				</rental>
			</rentals>		
		</customer>
	</customers>
	
</library>