<?xml version="1.0" encoding="UTF-8"?>
<Emaily>
	<Email id="email_1">
		<DatumPrijeti>1.1.1993</DatumPrijeti>
		<Odesilatel>janvomacka@janvomacka.cz</Odesilatel>
		<Prijemci>
			<Prijemce>velke_oddeleni@a.cz</Prijemce>
		</Prijemci>
		<Subjekt>test</Subjekt>
		<Text>blekotani</Text>
	</Email>
	<Email id="email_2" odpovedNa="email_1">
		<DatumPrijeti>2.1.1993</DatumPrijeti>
		<Odesilatel>velke_oddeleni@a.cz</Odesilatel>
		<Prijemci>
			<Prijemce>janvomacka@janvomacka.cz</Prijemce>
			<Prijemce>uctarna@velkeprcice.cz</Prijemce>
		</Prijemci>
		<Subjekt>subjekt2</Subjekt>
		<Text>blekotaniblekotani</Text>
	</Email>
	<Email id="email_3" odpovedNa="email_2">
		<DatumPrijeti>1.2.1993</DatumPrijeti>
		<Odesilatel>janvomacka@janvomacka.cz</Odesilatel>
		<Prijemci>
			<Prijemce>velke_oddeleni@a.cz</Prijemce>
		</Prijemci>
		<Subjekt>subjekt3</Subjekt>
		<Text>blekotaniblekotaniblekotani</Text>
	</Email>
	<Email id="email_4" odpovedNa="email_2">
		<DatumPrijeti>1.3.1993</DatumPrijeti>
		<Odesilatel>uctarna@velkeprcice.cz</Odesilatel>
		<Prijemci>
			<Prijemce>velke_oddeleni@a.cz</Prijemce>
		</Prijemci>
		<Subjekt>subjekt4</Subjekt>
		<Text>blekotaniblekotaniblekotaniblekotani</Text>
	</Email>
	<Email id="email_5">
		<DatumPrijeti>1.5.1993</DatumPrijeti>
		<Odesilatel>uctarna@velkeprcice.cz</Odesilatel>
		<Prijemci>
			<Prijemce>email@frantakolarek.cz</Prijemce>
		</Prijemci>
		<Subjekt>subjekt5</Subjekt>
		<Text>blekotaniblekotaniblekotaniblekotaniblekotaniblekotani</Text>
	</Email>
	<Email id="email_6">
		<DatumPrijeti>1.6.1993</DatumPrijeti>
		<Odesilatel>email@frantakolarek.cz</Odesilatel>
		<Prijemci>
			<Prijemce>centrale@BayerisheMistWerke.de</Prijemce>
		</Prijemci>
		<Subjekt>subjekt6</Subjekt>
		<Text>blekotaniblekotaniblekotaniblekotaniblekotaniblekotani</Text>
	</Email>
</Emaily>