<?xml version="1.0"?>  
<!DOCTYPE HazenkarskyZapas SYSTEM "C:\Users\lukas\mff\XML\data.dtd"  >	

<HazenkarskyZapas>    <!-- Koreno -->
	    <MistoHaly>
	    	<Ulice>Revolucni</Ulice>
	    	<C.P>345</C.P>
	    	<Mesto>Jicin</Mesto>
	    </MistoHaly>
	    <Statistiky>
	   	  <Cas>
	    	<den>13</den>
	    	<mesic>5</mesic>
	    	<rok>2000</rok>
	    	<hod>18:00</hod>
	       </Cas>
	    
           <Vysledek>38:20</Vysledek>
	       <Polocas>19:9</Polocas>
	       <SedmimetroveHodyDomaci>4/7</SedmimetroveHodyDomaci>
	       <SedmimetroveHodyHoste>5/6</SedmimetroveHodyHoste>

	       <ZluteKarty>3:2</ZluteKarty>
	       <CerveneKarty>1:0</CerveneKarty>
	       <PocetDivaku>2146</PocetDivaku>
	       <Rozhodci CisloRegistrace="_96654" >    <!--rozhodci-->
	      <Jmeno>Emil</Jmeno>
	   	   <Prijmeni>Nepiskl</Prijmeni>
	   	  
	       </Rozhodci>
	       <Rozhodci CisloRegistrace="_96655" >
	      <Jmeno>Hugo</Jmeno>
	   	   <Prijmeni>Prisny</Prijmeni>
	   	  
	       </Rozhodci>
	        <Delegat>
	          <Jmeno>Jiri</Jmeno>
	   	      <Prijmeni>Dolejs</Prijmeni>
	        </Delegat>
	    </Statistiky>
	   <PoradatelskaSluzba>
	    <HlavniPoradatel>
	      <Jmeno>Zdenek</Jmeno>
	   	  <Prijmeni>Matejka</Prijmeni>
	   	   
	    </HlavniPoradatel>
	    <Casomeric>
	         <Jmeno>Libor</Jmeno>
	   	   <Prijmeni>Hnizdo</Prijmeni>
	    </Casomeric>
	    <Zapisovatel>
	      <Jmeno>Petr</Jmeno>
	   	   <Prijmeni>Babak</Prijmeni>
	    </Zapisovatel>
	    <Hlasatel>
	       <Jmeno>Miloslav</Jmeno>
	   	   <Prijmeni>Kuta</Prijmeni>
	    </Hlasatel>
	    </PoradatelskaSluzba>
	   
         <Domaci>      <!-- muzstva -->
	 <Tym R.C="_29">
	 	 <?php echo "Domaci"; ?> 

	   <NazevTymu>HBC Jicin</NazevTymu>
	   <LogoTymu></LogoTymu>
	   <TrenerTymu CisloRegistrace="_43343" tym="_29">
	   	   <Jmeno>Petr</Jmeno>
	   	   <Prijmeni>Masat</Prijmeni>
	  
	   	   <MaterskyKlub>
	   	      <NazevKlubu>HC Plzen</NazevKlubu>
	   	      <RokRegistrace>1989</RokRegistrace>
	   	   </MaterskyKlub>
	   </TrenerTymu>
	   <VedouciTymu CisloRegistrace="_29678">
	        <Jmeno>Jaroslav</Jmeno>
	   	   <Prijmeni>Kotrba</Prijmeni>
	   	  
	   	   <MaterskyKlub>
	   	      <NazevKlubu>HCB Podhorni Ujezd</NazevKlubu>
	   	      <RokRegistrace>1968</RokRegistrace>
	   	   </MaterskyKlub>
	   </VedouciTymu> 
	   <AsistentTreneraTymu CisloRegistrace="_19872">
	         <Jmeno>Luk</Jmeno>
	   	   <Prijmeni>Sky Walker</Prijmeni>
	   	  
	   	   <MaterskyKlub>
	   	      <NazevKlubu>HBC Jicin</NazevKlubu>
	   	      <RokRegistrace>2000</RokRegistrace>
	   	   </MaterskyKlub>
	   </AsistentTreneraTymu>
	   <Lekar>
	           <Jmeno>Petr</Jmeno>
	   	   <Prijmeni>Krikorka</Prijmeni>
	   	     	   
	   </Lekar>
	   <Maser>
	     <Jmeno>Katerina</Jmeno>
	   	   <Prijmeni>Jagosova</Prijmeni>
	   </Maser>
	   <SoupiskaHracu>
	   <Hrac CisloRegistrace="_77644">
	     <Jmeno>Petr</Jmeno>
	   	 <Prijmeni>Rychna</Prijmeni>
	   	  
	   	   <MaterskyKlub>
	   	   	 <NazevKlubu>HBC JICIN;</NazevKlubu>
	   	   	 <RokRegistrace></RokRegistrace>
	   	   </MaterskyKlub>
	   	   <CisloDresu>4</CisloDresu>
	   	   <PocetGolu>11</PocetGolu>
	   	   <TrestneMinuty>4</TrestneMinuty>
	   	   <PocetStrel>12</PocetStrel>
	   	   <Post>SS</Post>
	   </Hrac>
	   <Hrac CisloRegistrace="_88888">
	     <Jmeno>Didier</Jmeno>
	   	   <Prijmeni>Dinart</Prijmeni>
	   	  <MaterskyKlub>
	   	   	 <NazevKlubu>HBC JICIN;</NazevKlubu>
	   	   	 <RokRegistrace>1980</RokRegistrace>
	   	   </MaterskyKlub>
	   	  
	   	   <CisloDresu>8</CisloDresu>
	   	   <PocetGolu>1</PocetGolu>
	   	   <TrestneMinuty>6</TrestneMinuty>
	   	   <PocetStrel>1</PocetStrel>
	   	   <Post>P</Post>
	   </Hrac>
	   <Hrac CisloRegistrace="_23232">
	     <Jmeno>Olafur</Jmeno>
	   	   <Prijmeni>Stefanson</Prijmeni>
	   	    <MaterskyKlub>
	   	   	 <NazevKlubu>HBC JICIN</NazevKlubu>
	   	   	 <RokRegistrace>1985</RokRegistrace>
	   	   </MaterskyKlub>
	   	    <CisloDresu>18</CisloDresu>
	   	   <PocetGolu>6</PocetGolu>
	   	   <TrestneMinuty>0</TrestneMinuty>
	   	   <PocetStrel>8</PocetStrel>
	   	   <Post>PS</Post>
	   </Hrac>
	   <Hrac CisloRegistrace="_54567">
	     <Jmeno>Lasse</Jmeno>
	   	   <Prijmeni>Boesen</Prijmeni>
	   	   <MaterskyKlub>
	   	   	 <NazevKlubu>HBC JICIN</NazevKlubu>
	   	   	 <RokRegistrace>1989</RokRegistrace>
	   	   </MaterskyKlub>
	   	  <CisloDresu>9</CisloDresu>
	   	   <PocetGolu>4</PocetGolu>
	   	   <TrestneMinuty>0</TrestneMinuty>
	   	   <PocetStrel>8</PocetStrel>
	   	   <Post>LS</Post>
	   </Hrac>
	   <Hrac CisloRegistrace="_18174">
	     <Jmeno>Johan</Jmeno>
	   	   <Prijmeni>Kellman</Prijmeni>
	   	    <MaterskyKlub>
	   	   	 <NazevKlubu>HBC JICIN</NazevKlubu>
	   	   	 <RokRegistrace>1989</RokRegistrace>
	   	   </MaterskyKlub>
	   	   <CisloDresu>14</CisloDresu>
	   	   <PocetGolu>3</PocetGolu>
	   	   <TrestneMinuty>0</TrestneMinuty>
	   	   <PocetStrel>4</PocetStrel>
	   	   <Post>LK</Post>
	   </Hrac>
	   <Hrac CisloRegistrace="_97676">
	     <Jmeno>Franta</Jmeno>
	   	   <Prijmeni>Nedohodil</Prijmeni>
	   	   <MaterskyKlub>
	   	   	 <NazevKlubu>HBC JICIN</NazevKlubu>
	   	   	 <RokRegistrace>1978</RokRegistrace>
	   	   </MaterskyKlub>
	   	   <CisloDresu>78</CisloDresu>
	   	   <PocetGolu></PocetGolu>
	   	   <TrestneMinuty></TrestneMinuty>
	   	   <PocetStrel></PocetStrel>
	   	   <Post></Post>
	   </Hrac>

	   
	   </SoupiskaHracu>
	 </Tym>
	    </Domaci>
	 <text>    <![CDATA[
for (i=0; i < 2; $++)
{
document.writeln("<p>Hoste</p>");
}
]]>
       </text>
	    <Hoste>
	             <Tym R.C="_30" >
	   <NazevTymu>SK Malomerice</NazevTymu>
	   <LogoTymu></LogoTymu>
	   <TrenerTymu CisloRegistrace="_3546" tym="_30">
	   	   <Jmeno>Michal</Jmeno>
	   	   <Prijmeni>Nekop</Prijmeni>
	  
	   	   <MaterskyKlub>
	   	      <NazevKlubu>SK Malomerice</NazevKlubu>
	   	      <RokRegistrace>1950</RokRegistrace>
	   	   </MaterskyKlub>
	   </TrenerTymu>
	   <VedouciTymu CisloRegistrace="_8367">
	        <Jmeno>Filip</Jmeno>
	   	   <Prijmeni>Klop</Prijmeni>
	   	 
	   	   <MaterskyKlub>
	   	      <NazevKlubu>SK Malomerice</NazevKlubu>
	   	      <RokRegistrace>1967</RokRegistrace>
	   	   </MaterskyKlub>
	   </VedouciTymu> 
	   <AsistentTreneraTymu CisloRegistrace="_2367">
	         <Jmeno>Alois</Jmeno>
	   	   <Prijmeni>Jirasek</Prijmeni>
	   	   
	   	   <MaterskyKlub>
	   	      <NazevKlubu>SK Malomerice</NazevKlubu>
	   	      <RokRegistrace>1965</RokRegistrace>
	   	   </MaterskyKlub>
	   </AsistentTreneraTymu>
	   <Lekar>
	           <Jmeno>Hugo</Jmeno>
	   	   <Prijmeni>Bezbolestny</Prijmeni>
	   	     	   
	   </Lekar>
	   <Maser>
	     <Jmeno>Hana</Jmeno>
	   	   <Prijmeni>Nepekna</Prijmeni>
	   </Maser>
	   <SoupiskaHracu>
	   <Hrac CisloRegistrace="_29873">
	     <Jmeno>Jiri</Jmeno>
	   	   <Prijmeni>Lopata</Prijmeni>
	   	  
	   	  <MaterskyKlub>
	   	      <NazevKlubu>SK Malomerice</NazevKlubu>
	   	      <RokRegistrace>1989</RokRegistrace>
	   	   </MaterskyKlub>
	   	   <CisloDresu>43</CisloDresu>
	   	   <PocetGolu>3</PocetGolu>
	   	   <TrestneMinuty>4</TrestneMinuty>
	   	   <PocetStrel>6</PocetStrel>
	   	   <Post>SS</Post>
	   </Hrac>
	   <Hrac CisloRegistrace="_42902">
	     <Jmeno>Petr</Jmeno>
	   	   <Prijmeni>Liptak</Prijmeni>
	   	 
	   	  <MaterskyKlub>
	   	      <NazevKlubu>SK Malomerice</NazevKlubu>
	   	      <RokRegistrace>1979</RokRegistrace>
	   	   </MaterskyKlub>
	   	   <CisloDresu>5</CisloDresu>
	   	   <PocetGolu>5</PocetGolu>
	   	   <TrestneMinuty>0</TrestneMinuty>
	   	   <PocetStrel>8</PocetStrel>
	   	   <Post>LK</Post>
	   </Hrac>
	   <Hrac CisloRegistrace="_65766">
	     <Jmeno>Jan</Jmeno>
	   	   <Prijmeni>Kryl</Prijmeni>
	   	   
	   	  <MaterskyKlub>
	   	      <NazevKlubu>Lovosice </NazevKlubu>
	   	      <RokRegistrace>1993</RokRegistrace>
	   	   </MaterskyKlub>
	   	   <CisloDresu>7</CisloDresu>
	   	   <PocetGolu>3</PocetGolu>
	   	   <TrestneMinuty>2</TrestneMinuty>
	   	   <PocetStrel>6</PocetStrel>
	   	   <Post>LS</Post>
	   </Hrac>
	   <Hrac CisloRegistrace="_45660">
	     <Jmeno>Lukas</Jmeno>
	   	   <Prijmeni>Pekhart</Prijmeni>
	   	   
	   	  <MaterskyKlub>
	   	      <NazevKlubu>Karvina</NazevKlubu>
	   	      <RokRegistrace>1989</RokRegistrace>
	   	   </MaterskyKlub>
	   	   <CisloDresu>2</CisloDresu>
	   	   <PocetGolu>0</PocetGolu>
	   	   <TrestneMinuty>0</TrestneMinuty>
	   	   <PocetStrel>0</PocetStrel>
	   	   <Post>G</Post>
	   </Hrac>
	      <Hrac CisloRegistrace="_455466">
	     <Jmeno>Karel</Jmeno>
	   	   <Prijmeni>Chalupa</Prijmeni>
	   	   
	   	  <MaterskyKlub>
	   	      <NazevKlubu>Zruc.n.Sazavou </NazevKlubu>
	   	      <RokRegistrace>1993</RokRegistrace>
	   	   </MaterskyKlub>
	   	   <CisloDresu>47</CisloDresu>
	   	   <PocetGolu>5</PocetGolu>
	   	   <TrestneMinuty>2</TrestneMinuty>
	   	   <PocetStrel>7</PocetStrel>
	   	   <Post>SS</Post>
	   </Hrac>
	  
	 </SoupiskaHracu>  
   </Tym>
       </Hoste>
      <Hodnoceni> Vitezem tym <ref id="_29"></ref> </Hodnoceni> 
</HazenkarskyZapas>