<?xml version="1.0" encoding="UTF-8"?>
<!DOCTYPE kucharka SYSTEM "data.dtd">
<?xml-stylesheet href="styl.css" type="text/css"?>
<?for (int i=0; i<30; i++) { echo "#"}?>
<kucharka>
	<potraviny>
			<potravina id="p001">
				<nazev>bravčové mäso</nazev>
				<vyzivovaHodnota>
					<bielkoviny></bielkoviny>
					<cukry></cukry>
					<tuky></tuky>
				</vyzivovaHodnota>
			</potravina>
			<potravina id="p002">
				<nazev>kuracie mäso</nazev>
				<vyzivovaHodnota>
					<bielkoviny></bielkoviny>
					<cukry></cukry>
					<tuky>50</tuky>
				</vyzivovaHodnota>
			</potravina>
			<potravina id="p003">
				<nazev>morčacie mäso</nazev>
				<vyzivovaHodnota>
					<bielkoviny></bielkoviny>
					<cukry></cukry>
					<tuky></tuky>
				</vyzivovaHodnota>
			</potravina>
			<potravina id="p004">
				<nazev>ryža</nazev>
				<vyzivovaHodnota>
					<bielkoviny></bielkoviny>
					<cukry></cukry>
					<tuky></tuky>
				</vyzivovaHodnota>
			</potravina>
			<potravina id="p005">
				<nazev>brambory</nazev>
				<vyzivovaHodnota>
					<bielkoviny></bielkoviny>
					<cukry></cukry>
					<tuky></tuky>
				</vyzivovaHodnota>
			</potravina>
			<potravina id="p006">
				<nazev>cestoviny</nazev>
				<vyzivovaHodnota>
					<bielkoviny></bielkoviny>
					<cukry></cukry>
					<tuky></tuky>
				</vyzivovaHodnota>
			</potravina>
			<potravina id="p007">
				<nazev>chlieb</nazev>
				<vyzivovaHodnota>
					<bielkoviny></bielkoviny>
					<cukry></cukry>
					<tuky></tuky>
				</vyzivovaHodnota>
			</potravina>
			<potravina id="p008">
				<nazev>eidam</nazev>
				<vyzivovaHodnota>
					<bielkoviny></bielkoviny>
					<cukry></cukry>
					<tuky></tuky>
				</vyzivovaHodnota>
			</potravina>
			<potravina id="p009">
				<nazev>kuracia šunka</nazev>
				<vyzivovaHodnota>
					<bielkoviny></bielkoviny>
					<cukry></cukry>
					<tuky></tuky>
				</vyzivovaHodnota>
			</potravina>
			<potravina id="p010">
				<nazev>vajce</nazev>
				<vyzivovaHodnota>
					<bielkoviny></bielkoviny>
					<cukry></cukry>
					<tuky></tuky>
				</vyzivovaHodnota>
			</potravina>
			<potravina id="p011">
				<nazev>smotana na varenie</nazev>
				<vyzivovaHodnota>
					<bielkoviny></bielkoviny>
					<cukry></cukry>
					<tuky></tuky>
				</vyzivovaHodnota>
			</potravina>
			<potravina id="p012">
				<nazev>maslo</nazev>
				<vyzivovaHodnota>
					<bielkoviny></bielkoviny>
					<cukry></cukry>
					<tuky></tuky>
				</vyzivovaHodnota>
			</potravina>
			<potravina id="p013">
				<nazev>niva</nazev>
				<vyzivovaHodnota>
					<bielkoviny></bielkoviny>
					<cukry></cukry>
					<tuky></tuky>
				</vyzivovaHodnota>
			</potravina>
			<potravina id="p111">
				<nazev>cukor kryštálový</nazev>
			</potravina>
			<potravina id="p112">
				<nazev>soľ</nazev>
			</potravina>
			<potravina id="p113">
				<nazev>korenie</nazev>
			</potravina>
			<potravina id="p114">
				<nazev>kari korenie</nazev>
			</potravina>
			<potravina id="p115">
				<nazev>sójová omáčka</nazev>
			</potravina>
			<potravina id="p116">
				<nazev>cukor práškový</nazev>
			</potravina>
			<potravina id="p117">
				<nazev>pizza korenie</nazev>
			</potravina>
			<potravina id="p118">
				<nazev>med</nazev>
			</potravina>
			<potravina id="p216">
				<nazev>cibuľa</nazev>
			</potravina>
			<potravina id="p217">
				<nazev>cesnak</nazev>
			</potravina>
	</potraviny>
	<recepty>
		<recept id="r001" meno="kuracieMasoNaKariSoSmetanou" cas_pripravy="10" cas_vareni="45">
			<nazov>
				Kuřecí maso se smetanou a kari
			</nazov>
			<image src="r001img01"/>
			<image src="r001img02"/>
			<zlozenie>
				<ingrediencie>
					<!-- kureci maso -->
					<potravinaRef ref="p002" >
						<mnozstvo>
							<pocet>500</pocet>
							<jednotka>&g;</jednotka>
						</mnozstvo>
					</potravinaRef>
					<!-- smotana -->
					<potravinaRef ref="p011" >
						<mnozstvo>
							<pocet>1</pocet>
							<jednotka>&k;</jednotka>
						</mnozstvo>
					</potravinaRef>
					<!-- cibula -->
					<potravinaRef ref="p216" >
						<mnozstvo>
							<pocet>2</pocet>
							<jednotka>&ks;</jednotka>
						</mnozstvo>
					</potravinaRef>
				</ingrediencie>
			</zlozenie>
			<priprava>
				<krok>
				Na oleji osmahneme na kostičky nakrájenou cibulku, nakrájené kuřecí maso společně s trochou soli a kari kořením.
				</krok>
				<krok cas="15">
				Po změknutí masa zalijeme smetanou na vaření a ještě chvíli povaříme.
				</krok>
				<krok>
				Jídlo se dá obměnit i přidáním hub nebo kukuřice. Jako příloha ke kuřecímu masu na kari se hodí rýže.
				</krok>
			</priprava>		
		</recept>
		<recept id="r002" meno="cestovinySoSyrovouOmackou" cas_pripravy="15" cas_vareni="30">
			<nazov>
				Cestoviny so syrovou omáčkou
			</nazov>
			<image src="r002img01"/>
			<zlozenie>
				<ingrediencie>
					<!-- cestoviny -->
					<potravinaRef ref="p006" >
						<mnozstvo>
							<pocet>400</pocet>
							<jednotka>&g;</jednotka>
						</mnozstvo>
					</potravinaRef>
					<!-- smotana -->
					<potravinaRef ref="p011" >
						<mnozstvo>
							<pocet>1</pocet>
							<jednotka>&k;</jednotka>
						</mnozstvo>
					</potravinaRef>
					<!-- niva -->
					<potravinaRef ref="p013" >
						<mnozstvo>
							<pocet>1</pocet>
							<jednotka>&ks;</jednotka>
						</mnozstvo>
					</potravinaRef>
					<!-- maslo -->
					<potravinaRef ref="p012" >
						<mnozstvo>
							<pocet>1</pocet>
							<jednotka>&lz;</jednotka>
						</mnozstvo>
					</potravinaRef>
				</ingrediencie>
			</zlozenie>
			<priprava>
				<krok cas="10">
				Cestoviny připravíme podle návodu.
				</krok>
				<krok>
				Do malého kastrůlku si dáme máslo a až se rozpustí, přidáme nastrouhanou nivu.
				</krok>
				<krok cas="10">
				Když se niva "táhne", zalijeme ji smetanou a krátce povaříme. 
				</krok>
				<krok>
				Omáčkou polijeme cestoviny a podáváme. (k tomuhle receptu doporučuju mašličky Panzani)
				</krok>
			</priprava>		
		</recept>
		<recept id="r003" meno="cestovinySoSyrovouOmackouBezPripravy" cas_pripravy="15" cas_vareni="30" >
			<nazov>
				Cestoviny so syrovou omáčkou
			</nazov>
			<image src="r002img01"/>
			<zlozenie>
				<ingrediencie>
					<!-- cestoviny -->
					<potravinaRef ref="p006" >
						<mnozstvo>
							<pocet>400</pocet>
							<jednotka>&g;</jednotka>
						</mnozstvo>
					</potravinaRef>
					<!-- smotana -->
					<potravinaRef ref="p011" >
						<mnozstvo>
							<pocet>1</pocet>
							<jednotka>&k;</jednotka>
						</mnozstvo>
					</potravinaRef>
					<!-- niva -->
					<potravinaRef ref="p013" >
						<mnozstvo>
							<pocet>1</pocet>
							<jednotka>&ks;</jednotka>
						</mnozstvo>
					</potravinaRef>
					<!-- maslo -->
					<potravinaRef ref="p012" >
						<mnozstvo>
							<pocet>1</pocet>
							<jednotka>&lz;</jednotka>
						</mnozstvo>
					</potravinaRef>
				</ingrediencie>
			</zlozenie>
		</recept>
		<recept id="r004" meno="cestovinySoSyrovouOmackouBezKrokuVPriprave" cas_pripravy="15" cas_vareni="1">
			<nazov>
				Cestoviny so syrovou omáčkou
			</nazov>
			<image src="r002img01"/>
			<zlozenie>
				<ingrediencie>
					<!-- cestoviny -->
					<potravinaRef ref="p006" >
						<mnozstvo>
							<pocet>400</pocet>
							<jednotka>&g;</jednotka>
						</mnozstvo>
					</potravinaRef>
					<!-- smotana -->
					<potravinaRef ref="p011" >
						<mnozstvo>
							<pocet>1</pocet>
							<jednotka>&k;</jednotka>
						</mnozstvo>
					</potravinaRef>
					<!-- niva -->
					<potravinaRef ref="p013" >
						<mnozstvo>
							<pocet>1</pocet>
							<jednotka>&ks;</jednotka>
						</mnozstvo>
					</potravinaRef>
					<!-- maslo -->
					<potravinaRef ref="p012" >
						<mnozstvo>
							<pocet>1</pocet>
							<jednotka>&lz;</jednotka>
						</mnozstvo>
					</potravinaRef>
				</ingrediencie>
			</zlozenie>
			<priprava></priprava>
		</recept>
	</recepty>
	<script language="JavaScript">
		<![CDATA[
			document.getElementById('kucharka').style.align="center";
		]]>
	</script>
</kucharka>
<?for (int i=0; i<30; i++) { echo "#"}?>