<?xml version="1.0" encoding="UTF-8" standalone="no"?><store>
    <language>en-us</language>
    <title>Phone Web Store</title>
    <logo>
        <title>Phone WS</title>
        <url>http://www.pws.com/img/logo.png</url>
        <target>http://www.pws.com/</target>
        <width>90</width>
        <height>90</height>
    </logo>
    <link>http://www.pws.com/</link>
    <description>Phone Web Store - Cell Phone Specifications and Information.??</description>
    <!-- Insert copyright with actual year -->
    <copyright><![CDATA[
		String insertActualCopyright(){
			return "All information I copied in ";
		}
]]>                <?php echo Date("d.m.Y")?></copyright>
    <editor>
        <name>Eldar Iosip</name>
        <email>iosipeld@fel.cvut.cz</email>
    </editor>
    <mobilePhones>
        <android>
            
        </android>
        <ios>
            <phone id="m31">
                <brand>Apple</brand>
                <name>5S</name>
                <serial>5S-5SAFTS</serial>
                <weight>
                    <g>112</g>
                    <oz>3.95</oz>
                </weight>
                <os>
                    <name>iOS</name>
                    <version>7.1</version>
                </os>
                <cpu>
                    <type>Cyclone</type>
                    <speed>1.3GHz</speed>
                </cpu>
                <display>
                    <type>LED-backlit IPS LCD</type>
                    <size>4.0</size>
                    <resolution>640x1136</resolution>
                </display>
                <memory>
                    <ram>1GB</ram>
                    <rom>16GB</rom>
                    <sd slot="no"/>
                </memory>
                <battery>
                    <capacity>1560mAh</capacity>
                </battery>
                <dimensions h="4.87" t="0.30" w="2.31"/>
                <disclaimer>Available. Released 2013, September.</disclaimer>
            </phone>
        </ios>
        <windows/>
    </mobilePhones>
    <articles>
        <article>
            <author>Eldar Iosip</author>
            <text>Battery power consumption on <model phoneId="m14">Samsung Galaxy S</model> depends on factors such as network configuration.</text>
        </article>
    <article><author>Ondrej Novak</author><text>Space Suit Evolution - NASA's</text></article></articles>
</store>