<?xml version="1.0" encoding="UTF-8"?>
<!--
To change this template, choose Tools | Templates
and open the template in the editor.
-->

<Olympiade_History xmlns:xsi="http://www.w3.org/2001/XMLSchema-instance" xsi:noNamespaceSchemaLocation="data.xsd">
<!-- V tomto elementu budou jednotlive olympiady -->


    <Olympiade id="o_1" type="Summer" year="2012" country="UK" city="London">
        <Discipline id="d_1" name="100  metres" gender="Men">
            <Sportsman id="s_1">
                <Record ranking="1" score="9.63 s"/>
                <Firstname>Usain</Firstname>
                <Surname>Bolt</Surname>
                <Age>27</Age>
                <Nationality>Jamaican</Nationality>
                <PlaceOfBirth>Sherwood  Content</PlaceOfBirth>
                <Height>196</Height>
                <Weight>94</Weight>
                <Sponsor name="Puma">
                    <Stuff>Shoes</Stuff>
                    <Stuff>Clothes</Stuff>
                </Sponsor>
                <Sponsor>
                    <Stuff>Mobile phone</Stuff>
                </Sponsor>
                <Motto>A lot of legends, a lot of people, have come before me. But this is my time.</Motto>	
            </Sportsman>
            <Sportsman id="s_3">
                <Record ranking="2" score="9.77 s"/>
                <Firstname>Asafa</Firstname>
                <Surname>Powell</Surname>
                <Age>30</Age>
                <Nationality>Jamaican</Nationality>
                <PlaceOfBirth>Sherwood  Shore</PlaceOfBirth>
                <Height>185</Height>
                <Weight>94</Weight>
                <Sponsor name="Puma">
                    <Stuff>Shoes</Stuff>
                    <Stuff>Clothes</Stuff>
                </Sponsor>
                <Sponsor>
                    <Stuff>Mobile phone</Stuff>
                </Sponsor>	
            </Sportsman>
			<![CDATA[<b>...(diky CDATA se mi neparsujou tagy)</b>]]>
        </Discipline>
        <Discipline name="Javelin" id="d_2" gender="Women">
            <Sportsman id="s_2">
                <Record ranking="1" score="69.55"/>
                <Firstname>Barbora</Firstname>
                <Surname>Špotáková</Surname>
                <Age>32</Age>
                <Nationality>Czech</Nationality>
                <PlaceOfBirth>Jablonec nad Nisou</PlaceOfBirth>
                <Height>189</Height>
                <Weight>80</Weight>
            </Sportsman>
        </Discipline>
        <Discipline name="High Jump" id="d_4" gender="Women">
        </Discipline>
        <Discipline name="Kulicky" id="d_3" gender="Men">
			Tato disciplina nema zadneho sportovce.
        </Discipline>
        <DoppingMessage id="dm_1" discipline_ID="d_1" sportsman_ID ="s_1"> Tento sportovec dopoval</DoppingMessage>    
        
    </Olympiade>
    <Olympiade id="o_2" city="Sochi" year="2014" country="Russia"></Olympiade>

</Olympiade_History>
	