<?xml version="1.1" encoding="UTF-8" standalone="no"?><!-- Definice dat pomoci DTD --><?textinfo alpha-ascending?>
<!-- XML Data --><Database>	
	
	<Person>
		<firstName>
			<![CDATA[
		for (i=5; i < 6; i++)
			{
				document.writeln("<p>Pepik!</p>");
			}
		]]></firstName>
		<lastName>Nov?k</lastName>
		<telephone secondtelnumber="732456851" telnumber="756321548"/>
		<emailAdress>novak3521@seznam.cz</emailAdress>		
		<adressP>
			<streetP streetP="Hnevkovskeho"/>
			<cityP cityP="Praha"/>
			<pscP pscP="1452"/>		
		</adressP>
		<Objednavka>
			<Name>prvni</Name>
			<BookForBuying bookforbuying="i356"/>
		</Objednavka>	
		
	</Person>
	
		












</Database>