<?xml version="1.0" encoding="UTF-8" standalone="no"?><hlavavi1_DU1>
	<!-- list of games, main part of this document -->
	<games>
		<game childrenFriendly="no" gameID="GAME_000001">
			<?cover src="http://www.jrc.cz/obrazek_krabice/ps3_south_park_the_stick_of_truth_61937.jpg"?>
			<title_czech>South Park: H?l pravdy</title_czech>
			<title_original>South Park: The Stick of Truth</title_original>
			<platformRefs>
				
				<platformRef platformRef="PLATFORM_PS3"/>
				<platformRef platformRef="PLATFORM_X360"/>
			</platformRefs>
			<description>South Park: The Stick of Truth zachycuje nebezpe?n? bitevn? pole ?tvrt? t??dy z?kladn? ?koly, se kter?mi se bude muset 	v?? hrdina vypo??dat, aby zachr?nil South Park. Dobrodru?stv? pro v?s p?ipravili auto?i televizn?ho seri?lu Trey Parker a Matt Stone, tak?e se o z?bavu nemus?te ob?vat.
			</description>
			<requirements>
				
			</requirements>
			<lastModifiedBy on="11.3.2014">hlavavi1</lastModifiedBy>
		</game>
		
		<game childrenFriendly="yes" gameID="GAME_000003">
			<?cover src="http://www.jrc.cz/obrazek_krabice/tropico_3_gold_66934.jpg"?>
			<title_czech>Tropico 3</title_czech>
			<title_original>Tropico 3</title_original>
			<platformRefs>
				<platformRef platformRef="PLATFORM_X360"/>
				
				
			</platformRefs>
			<description>?sp??n? a kritiky oce?ovan? hra Tropico 3 p?edstavuje v?bornou mo?nost jak si doplnit sv? z?kladn? strategick? vzd?l?n?. Bohat? pojmut? kampa? v?s zavede na tropick? ostr?vek, kter? v roli neomezen?ho vl?dce postav?te na vlastn? nohy. Ekonomiku ostrova m??ete postavit na pr?myslu, ale tak? t?eba na p?se?n?ch pl???ch se z?stupy turist?, kte?? budou obdivovat p??rodn? kr?sy. V?ijte se do role v?dce mal?ho n?rodu a bavte se stovky hodin zkoum?n?m detailn?ho politick?ho modelu a dal??ch podrobnost? tohoto strategick?ho veled?la.</description>
			<requirements>
				
			</requirements>
			<lastModifiedBy on="11.3.2014">hlavavi1</lastModifiedBy>
		</game>
		<game childrenFriendly="yes" gameID="GAME_000004">
			<?cover src="http://www.jrc.cz/obrazek_krabice/pc_the_sims_3_10495.jpg"?>
			<title_czech>The Sims 3</title_czech>
			<title_original>The Sims 3</title_original>
			<platformRefs>
				
				<platformRef platformRef="PLATFORM_PS3"/>
				<platformRef platformRef="PLATFORM_X360"/>
				
			</platformRefs>
			<description>The Sims 3 nab?z? u? zajet? hern? principy a nekone?nou svobodu plnou kouzeln?ch okam?ik?. V ji? t?et?m d?le se v?voj??i soust?ed? na tot?ln? vylep?en? a dota?en? existuj?c?ch v?c? do naprost? dokonalosti. To je jeden z d?vod?, pro? v sob? ukr?v? obrovsk? potenci?l. Budete moci prozkoum?vat ?ivouc? prost?ed? i va?e nejbli??? okol?, nav?t?vovat sousedy v jejich obydl?, vyrazit s nimi za z?bavou a voln? potk?vat dal?? p??tele ?i kolegy ze zam?stn?n?.</description>
			<requirements>
				
			</requirements>
			<lastModifiedBy on="11.3.2014">hlavavi1</lastModifiedBy>
		</game>
		<game childrenFriendly="yes" gameID="GAME_000005">
			<?cover src="http://www.jrc.cz/obrazek_krabice/pc_need_for_speed_rivals_68623.jpg"?>
			<title_czech>Need For Speed: Rivalov?</title_czech>
			<title_original>Need For Speed: Rivals </title_original>
			<platformRefs>
				
				<platformRef platformRef="PLATFORM_PS3"/>
				<platformRef platformRef="PLATFORM_PS4"/>
				<platformRef platformRef="PLATFORM_X360"/>
				<platformRef platformRef="PLATFORM_XONE"/>
			</platformRefs>
			<description>S?rie Need for Speed v?dy p?in??? nov? zp?sob my?len? a inovativn? prvky, nejinak tomu bude i v nov?m d?le s podtitulem Rivals. Engine v podob? Frostbite t?et? generace p?inese jedine?n? adrenalinov? z??itek a nap?navou atmosf?ru pouli?n?ch z?vod?, kde se v prost?ed? otev?en?ho hern?ho sv?ta utk?vaj? neleg?ln? z?vodn?ci a policejn? jednotky.
			</description>
			<requirements>
				
			</requirements>
			<lastModifiedBy on="11.3.2014">hlavavi1</lastModifiedBy>
		</game>
		
		<game childrenFriendly="no" gameID="GAME_000007">
			<?cover src="http://www.jrc.cz/obrazek_krabice/pc_diablo_iii_reaper_of_souls_69677.jpg"?>
			<title_czech>Diablo III</title_czech>
			<title_original>Diablo 3</title_original>
			<platformRefs>
				
				<platformRef platformRef="PLATFORM_PS3"/>
				<platformRef platformRef="PLATFORM_PS4"/>
				<platformRef platformRef="PLATFORM_X360"/>
				
			</platformRefs>
			<description>Diablo III je n?sledovn?kem legend?rn? hern? s?rie, kter? se celosv?tov? prodalo miliony kus?. Bere si z?kladn? prvky od sv?ch p?edch?dc?. N?hodn? generov?n? ?rovn?, obrovsk? mno?stv? p???er, ?ady jedine?n?ch ?kol?, tuny p?edm?t?, a to v?e zahrnuje do epick?ho p??b?hu. Z?rove? p?id?v? dal?? nov? prvky, d?ky kter?m posouv? ??nr RPG zase o stup?nek d?le. Samoz?ejmost? je i ?irok? paleta hern?ch postav, mezi kter?mi m?te na v?b?r. ?ty?i jsou zbrusu nov? (kouzeln?k, ?aman, lovec d?mon? a mnich) a dopl?uje je obl?ben? postava Barbara, kter? je vylep?en? mnoha destruktivn?mi schopnostmi. Ka?d? postava vy?aduje odli?n? hern? styl a d?ky tomu v?m zprost?edkuje unik?tn? hern? z??itek. 
			</description>
			<requirements>
				
			</requirements>
			<lastModifiedBy on="11.3.2014">hlavavi1</lastModifiedBy>
		</game>
		<game childrenFriendly="yes" gameID="GAME_000008">
			<?cover src="http://www.jrc.cz/obrazek_krabice/wings_of_prey_and_luftwaffe_67876.jpg"?>
			<title_czech>Wings of Prey</title_czech>
			<title_original>IL-2 Sturmovik: Birds of Prey</title_original>
			<platformRefs>
				
				<platformRef platformRef="PLATFORM_PS3"/>
				<platformRef platformRef="PLATFORM_X360"/>
				</platformRefs>
			<description>Wings of Prey je stejn? jako cel? slavn? s?rie zalo?en na rozs?hl?ch vzdu?n?ch souboj?ch a operac?ch b?hem druh? sv?tov? v?lky. Hr?? se m??e st?t pilotem st?ha?ek, bitevn?ch letadel nebo bombard?r? v jedn? z mnoha napinav?ch mis?. K dispozici je celkem ?est region?, pokr?vaj?c?ch hlavn? oblasti v?le?n?ch st?et? - bitva o Brit?nii, Stalingrad, Ardeny, Berl?n, Sic?lii a Korsu?. </description>
			<requirements>
				
			</requirements>
			<lastModifiedBy on="11.3.2014">hlavavi1</lastModifiedBy>
		</game>
		<game childrenFriendly="no" gameID="GAME_000009">
			<?cover src="http://www.jrc.cz/obrazek_krabice_maly/pc_thief_mint_62076.jpg"?>
			<title_czech>Thief</title_czech>
			<title_original>Thief</title_original>
			<platformRefs>
			
				<platformRef platformRef="PLATFORM_PS3"/>
				<platformRef platformRef="PLATFORM_PS4"/>
				<platformRef platformRef="PLATFORM_X360"/>
				<platformRef platformRef="PLATFORM_XONE"/>
				</platformRefs>
			<description>V po?ad? ?tvrt? d?l, kter? se snadno d? ozna?it jako samotn? restart cel? s?rie, si pod sv? k??dla vzalo vydavatelstv? Square Enix a jejich zku?en? v?voj??i z Eidos Montreal, kte?? maj? na sv?dom? posledn? Deus Ex a ?sp??n? o?iven? legend?rn?ho Tomb Raidera. I p?es drobn? pr?tahy je rozhodn? dob?e nakro?eno sm?rem k nezapomenuteln? a origin?ln? akci.</description>
			<requirements>
				
			</requirements>
			<lastModifiedBy on="11.3.2014">hlavavi1</lastModifiedBy>
		</game>
		<game childrenFriendly="no" gameID="GAME_000010">
			<?cover src="http://www.jrc.cz/obrazek_krabice/pc_far_cry_3_51758.jpg"?>
			<title_czech>Far Cry 3</title_czech>
			<title_original>Far Cry 3</title_original>
			<platformRefs>
				
				<platformRef platformRef="PLATFORM_PS3"/>
				<platformRef platformRef="PLATFORM_X360"/>
			</platformRefs>
			<description>Far Cry 3 nab?dne po??dnou j?zdu, p?sek, palmy, vratk? stavby s plechov?mi st?echami, domorodce s kala?nikovy a spoustu krve. Hlavn?m hrdinou t?et?ho pokra?ov?n? je Jason Brody, osamocen? bojovn?k na okraji sv?ta, uv?zl? na tajemn?m tropick?m ostrov? od??znut?m od civilizace. V tomto divok?m r?ji, kde bezpr?v? a n?sil? jsou ka?dodenn? realitou, budou hr??i sami ur?ovat, kdy, kde a jak se ud?losti odehraj?. Hr??i se propl??? a prost??l? si svou cestu skrze ostrov, kde nikdo ji? nedok??e rozeznat co je spr?vn? a co ?patn?.
			</description>
			<requirements>
				
			</requirements>
			<lastModifiedBy on="11.3.2014">hlavavi1</lastModifiedBy>
		</game>
	<game childrenFriendly="no" gameID="GAME_000011"><title_czech>GTA V</title_czech><title_original>Grand Theft Auto V</title_original><platformRefs><platformRef platformRef="PLATFORM_PS3"/><platformRef platformRef="PLATFORM_X360"/></platformRefs><description>Dockame se nejvetsi herni mapy, dosud nejvetsiho poctu dopravnich prostredku, zbrani a nejpropracovanejsiho pribehu. Velkym lakadlem je take hra vice hracu, a moznost hrat za vice charakteru, ktera se v patnactilete historii znacky objevuje uplne poprve. Hrac bude moct prepinat mezi Michaelem, Franklinem a Trevorem. Kazda z postav ma sva specifika a hraje se za ni jinak. Samozrejmosti bude takrka dokonale graficke zpracovani a propracovany funkcni svet.</description><requirements/><lastModifiedBy on="02.04.2014">hlavavi1</lastModifiedBy></game></games>
	<!-- secondary part, willcontain additional information about platforms, publishers, genres, etc. dont know what will i need... yet -->
	<supporting>
		<platforms>
			
			<platform platformID="PLATFORM_PS3">
				<full_name>Sony PlayStation 3</full_name>
				<short>PS3</short>
			</platform>
			<platform platformID="PLATFORM_PS4">
				<full_name>Sony PlayStation 4</full_name>
				<short>PS4</short>
			</platform>
			<platform platformID="PLATFORM_X360">
				<full_name>Microsoft XBOX 360</full_name>
				<short>X360</short>
			</platform>
			<platform platformID="PLATFORM_XONE">
				<full_name>Microsoft XBOX ONE</full_name>
				<short>XBOX ONE</short>
			</platform>
			
		</platforms>
	</supporting>
</hlavavi1_DU1>