<?xml version="1.0" encoding="UTF-8"?>
<!DOCTYPE database SYSTEM "data.dtd">
<database>
	<person id="cameronj">
		<name>
			James Cameron
		</name>
		<work as="Director"/>
		<work as="Producer"/>
	</person>
	
	<movie id="_avatar" title="Avatar">
		<base_info>
			<title>Avatar</title>
			<title>Avatar: An IMAX 3D Experience</title>
			<genre>
				<Action/>
				<Adventure/>
				<Fantasy/>
			</genre>
			<director name="James Cameron" director_id="cameronj"/>
			<duration time="162"/>
			<duration time="171">
				<note>
			 		special edition
				</note>
			</duration>
			<rating of_10="8.1"/>
			<year yr="2009"/>
		</base_info>
		<link href="http://www.imdb.com/title/tt0499549/">IMDb</link>
		<link>default</link>
		<more_info>
			<![CDATA[
			A paraplegic Marine dispatched to the moon Pandora on a unique mission becomes torn between following his orders and protecting the world he feels is his home.		
			]]>
		</more_info>
		<catalog_number cat="D" num="76"/>
	</movie>	
	
	<!-- testovaci film -->
	<movie id="_test" title="Test">
		<base_info>
			<title>Avatar</title>
			<genre>
				<Action/><Adventure/><Animation/><Biography/><Comedy/><Crime/><Drama/><Family/><Fantasy/><Film-Noir/><Game-Show/><History/><Horror/><Music/><Musical/><Mystery/><Romance/><Sci-Fi/><Thriller/><War/><Western/>
			</genre>
			<director name="Bratr Samo"/>
			<duration time="349"/>
			<duration time="480">
				<note>
					all night edition
				</note>
			</duration>
			<rating of_10="0"/>
			<year yr="2013"/>
		</base_info>
		<link href="http://www.youtube.com/watch?v=oHg5SJYRHA0">Full movie</link>
		<more_info>
			<![CDATA[
				Lorem Ipsum is simply dummy text of the printing and typesetting industry. Lorem Ipsum has been the industry's standard dummy text ever since the 1500s, when an unknown printer took a galley of type and scrambled it to make a type specimen book. It has survived not only five centuries, but also the leap into electronic typesetting, remaining essentially unchanged. It was popularised in the 1960s with the release of Letraset sheets containing Lorem Ipsum passages, and more recently with desktop publishing software like Aldus PageMaker including versions of Lorem Ipsum.
			]]>
			<?php echo Date("d.m.Y")?>
		</more_info>
	</movie>	
</database>