<?xml version="1.0" encoding="UTF-8"?>
<kniznica xmlns:xsi="http://www.w3.org/2001/XMLSchema-instance" xsi:noNamespaceSchemaLocation="data.xsd">
	<!-- datum vygenerovania xml-->
	<datum>2002-09-24</datum>
	<!-- zoznam zaregistrovanych citatelov -->
	<citatelia>
		<citatel cislo="c654">
			<meno>Marián Labuda</meno>
			<doklad>
				<cislo>SJ4658464</cislo>
			</doklad>
		</citatel>
		<citatel cislo="c555">
			<meno>Martin Antovič</meno>
			<doklad typ="pas">
				<cislo>SP23458</cislo>
			</doklad>
		</citatel>
		<citatel cislo="c554">
			<meno>Martin Krakovsky</meno>
			<doklad typ="op">
				<cislo>SP23</cislo>
			</doklad>
		</citatel>
	</citatelia>
	<!--- zoznam vypozicanych knih -->
	<knihy>
		<kniha cislo="k12">
			<nazov>Pravepodnobnostné algoritmy</nazov>
			<originalny_nazov>Randomizes Algorithms</originalny_nazov>
			<autor>Rajeev Motwani</autor>
			<zaner>náučná literatúra</zaner>
			<pocet_stran>582</pocet_stran>
			<jazyk>EN</jazyk>
			<vydavatelstvo>Cambrdge university press</vydavatelstvo>
			<rok_vydania>1999</rok_vydania>
			<vypozicky>
				<vypozicka citatel="c555">
					<pokuta dovod="neskore vratenie">100</pokuta>
					<poskodenie/>
				</vypozicka>
				<vypozicka citatel="c555">
					<pokuta dovod="neskore vratenie">120</pokuta>
					<poskodenie/>
				</vypozicka>
				<vypozicka citatel="c654"/>
			</vypozicky>
			<stav>zachovalá</stav>
		</kniha>
		<kniha cislo="k132">
			<nazov>Pravepodnobnostné algoritmy 2</nazov>
			<originalny_nazov>Randomizes Algorithms</originalny_nazov>
			<autor>Rajeev Motwani</autor>
			<zaner>náučná literatúra</zaner>
			<pocet_stran>582</pocet_stran>
			<jazyk>EN</jazyk>
			<vydavatelstvo>Cambrdge university press</vydavatelstvo>
			<rok_vydania>1999</rok_vydania>
			<vypozicky>
				<vypozicka citatel="c555"/>
				<vypozicka citatel="c554">
					<pokuta dovod="neskore vratenie">120</pokuta>
					<poskodenie/>
				</vypozicka>
				<vypozicka citatel="c654"/>
			</vypozicky>
			<stav>zachovalá</stav>
		</kniha>
		<kniha cislo="k142">
			<nazov>Pravepodnobnostné algoritmy 3</nazov>
			<originalny_nazov>Randomizes Algorithms</originalny_nazov>
			<autor>Rajeev Schijev</autor>
			<zaner>náučná literatúra</zaner>
			<pocet_stran>542</pocet_stran>
			<jazyk>SK</jazyk>
			<vydavatelstvo>Cambrdge university press</vydavatelstvo>
			<rok_vydania>1989</rok_vydania>
			<vypozicky/>
			<stav>zachovalá</stav>
		</kniha>
		<kniha cislo="k122">
			<nazov>Pravepodnobnost 4</nazov>
			<originalny_nazov>Randomizes Algorithms</originalny_nazov>
			<autor>Rajeev Motnov</autor>
			<zaner>náučná literatúra</zaner>
			<pocet_stran>52</pocet_stran>
			<jazyk>EN</jazyk>
			<vydavatelstvo>Cambrdge university press</vydavatelstvo>
			<rok_vydania>2001</rok_vydania>
			<vypozicky>
				<vypozicka citatel="c555">
					<pokuta dovod="neskore vratenie">50</pokuta>
				</vypozicka>
			</vypozicky>
			<stav>ok</stav>
		</kniha>
	</knihy>
</kniznica>