<?xml version="1.0" encoding="UTF-8"?>
	
<film_database  
	xmlns:xsi="http://www.w3.org/2001/XMLSchema-instance"
	xsi:noNamespaceSchemaLocation="D:\skola\semestr 4\xml\semestralka\XMLSchema\data.xsd">
	<film_list>
		<film id="f001" color="black_and_white" country="USA">
			<name>The Great Dictator</name>
			<length>125</length><!--in minutes-->
			<release_date>1941-03-07</release_date>
			<original_dubbing>English</original_dubbing>
			<genres>
				<film_genre id="com"></film_genre>
				<film_genre id="dra"></film_genre>
				<film_genre id="war"></film_genre>
			</genres>
			<director id="chacha"></director>
			<writer id="chacha"></writer>
			<cast>
				<actor id="chacha"></actor>
				<actor id="jaoa"></actor>
			</cast>
			<awards>
				<film_nomination id="oscar">
					<nom_category>Best Actor in a Leading Role Charles Chaplin</nom_category>
					<nom_category>Best Actor in a Supporting Role Jack Oakie</nom_category>
					<nom_category>Best Music, Original Score Meredith Willson</nom_category>
					<nom_category>Best Picture (Charles Chaplin Productions)</nom_category>
				</film_nomination>
			</awards>
			<storyline>Dictator Adenoid Hynkel has a doppelganger, a poor but kind Jewish barber living in the slums, who one day is mistaken for Hynkel.</storyline>
			<aspect_ratio>1.37 : 1</aspect_ratio>
		</film>
		
		<film id="f002" color="color" country="USA">
			<name>The Green Mile</name>
			<length>189</length><!--in minutes-->
			<release_date>1999-12-06</release_date>
			<original_dubbing>English</original_dubbing>
			<genres>
				<film_genre id="cri"></film_genre>
				<film_genre id="dra"></film_genre>
				<film_genre id="fan"></film_genre>
				<film_genre id="mys"></film_genre>
			</genres>
			<director id="frda"></director>
			<writer id="stki"></writer>
			<cast>
				<actor id="toha"></actor>
			</cast>
			<awards>
				<film_award id="oscar">
					<award_category>Best Picture David Valdes, Frank Darabont</award_category>
					<award_category>Best Writing, Screenplay Based on Material Previously Produced or Published Frank Darabont</award_category>
				</film_award>
				<film_nomination id="goglo">
					<nom_category>Best Performance by an Actor in a Supporting Role in a Motion Picture Michael Clarke Duncan</nom_category>
				</film_nomination>
			</awards>
			<storyline>The lives of guards on Death Row are affected by one of their charges: a black man accused of child murder and rape, yet who has a mysterious gift.</storyline>
			<aspect_ratio>1.85 : 1</aspect_ratio>
		</film>
		
		<film id="f003" color="color" country="USA">
			<name>Forrest Gump</name>
			<length>142</length><!--in minutes-->
			<release_date>1994-06-23</release_date>
			<original_dubbing>English</original_dubbing>
			<genres>
				<film_genre id="com"></film_genre>
				<film_genre id="dra"></film_genre>
				<film_genre id="rom"></film_genre>
			</genres>
			<director id="roze"></director>
			<cast>
				<actor id="toha"></actor>
				<actor id="safi"></actor>
			</cast>
			<awards>
				<film_award id="oscar">
					<award_category>Best Actor in a Leading Role Tom Hanks</award_category>
					<award_category>Best Director Robert Zemeckis</award_category>
				</film_award>
				<film_award id="goglo">
					<award_category>Best Director - Motion Picture Robert Zemeckis</award_category>
				</film_award>
				<film_nomination id="goglo">
					<nom_category>Best Original Score - Motion Picture Alan Silvestri</nom_category>
				</film_nomination>
				<film_nomination id="oscar">
					<nom_category>Best Actor in a Supporting Role Gary Sinise</nom_category>
					<nom_category>Best Cinematography Don Burgess</nom_category>
				</film_nomination>
			</awards>
			<storyline>Forrest Gump, while not intelligent, has accidentally been present at many historic moments, but his true love, Jenny, eludes him.</storyline>
			<aspect_ratio>2.35 : 1</aspect_ratio>
		</film>
		
		<film id="f004" color="black_and_white" country="Czechoslovakia">
			<name>Spalovač mrtvol</name>
			<length>95</length><!--in minutes-->
			<release_date>1969-03-14</release_date>
			<original_dubbing>Czech</original_dubbing>
			<genres>
				<film_genre id="hor"></film_genre>
				<film_genre id="dra"></film_genre>
				<film_genre id="thr"></film_genre>
			</genres>
			<director id="juhe"></director>
			<writer id="lafu"></writer>
			<cast>
				<actor id="ruhr"></actor>
			</cast>
			<storyline>Kopfrkingl enjoys his job at a crematorium in Czechoslovakia in the late 1930s. He likes reading the Tibetan book of the dead, and espouses the view that cremation relieves earthly suffering. At a reception, he meets Reineke, with whom he fought for Austria in the first World War. Reineke convinces Kopfrkingl to emphasize his supposedly German heritage, including sending his timid son to the German school. Reineke then suggests that Kopfrkingl's half-Jewish wife is holding back his advancement in his job.</storyline>
			<aspect_ratio>1.66 : 1</aspect_ratio>
		</film>
		
		<film id="f005" color="color" country="USA">
			<name>The Godfather</name>
			<length>175</length><!--in minutes-->
			<release_date>1972-03-24</release_date>
			<original_dubbing>English</original_dubbing>
			<genres>
				<film_genre id="cri"></film_genre>
				<film_genre id="dra"></film_genre>
			</genres>
			<director id="frco"></director>
			<cast>
				<actor id="mabr"></actor>
				<actor id="alpa"></actor>
			</cast>
			<awards>
				<film_award id="oscar">
					<award_category>Best Actor in a Leading Role Marlon Brando</award_category>
					<award_category>Best Picture Albert S. Ruddy</award_category>
				</film_award>
			</awards>
			<storyline>The aging patriarch of an organized crime dynasty transfers control of his clandestine empire to his reluctant son.</storyline>
			<aspect_ratio>1.85 : 1</aspect_ratio>
		</film>
	</film_list>
	
	
	<person_list>
		<person id="chacha">
			<first_name>Charles<middle_name>Spencer</middle_name></first_name>
			<last_name>Chaplin</last_name>
			<DOB>1889-04-16</DOB><!--date of birth-->
			<DOD>1977-12-25</DOD><!--date of death-->
			<POB>
				<country>United Kingdom</country>
				<town>London</town>
			</POB>
		</person>
		<person id="jaoa">
			<first_name>Jack</first_name>
			<last_name>Oakie</last_name>
			<DOB>1903-11-12</DOB><!--date of birth-->
			<DOD>1978-01-23</DOD><!--date of death-->
			<POB>
				<country>California, USA</country>
				<town>Los Angeles</town>
			</POB>
		</person>
		<person id="frda">
			<first_name>Frank</first_name>
			<last_name>Darabont</last_name>
		</person>
		<person id="stki">
			<first_name>Stephen<middle_name>Edwin</middle_name></first_name>
			<last_name>King</last_name>
		</person>
		<person id="toha">
			<first_name>Tom</first_name>
			<last_name>Hanks</last_name>
			<DOB>1956-07-09</DOB><!--date of birth-->
			<POB><!--place of birth-->
				<country>California, USA</country>
				<town>Concord</town>
			</POB>
		</person>
		<person id="roze">
			<first_name>Robert</first_name>
			<last_name>Zemeckis</last_name>
		</person>
		<person id="safi">
			<first_name>Sally<middle_name>Margaret</middle_name></first_name>
			<last_name>Field</last_name>
			<DOB>1946-11-06</DOB><!--date of birth-->
			<POB><!--place of birth-->
				<country>California, USA</country>
				<town>Pasadena</town>
			</POB>
		</person>
		<person id="juhe">
			<first_name>Juraj</first_name>
			<last_name>Herz</last_name>
			<DOB>1934-09-04</DOB><!--date of birth-->
			<POB><!--place of birth-->
				<country><![CDATA[Czechoslovakia <now Slovakia>]]></country>
				<town>Kezmarok</town>
			</POB>
		</person>
		<person id="lafu">
			<first_name>Ladislav</first_name>
			<last_name>Fuks</last_name>
		</person>
		<person id="ruhr">
			<first_name>Rudolf</first_name>
			<last_name>Hrušínský</last_name>
			<DOB>1920-10-17</DOB><!--date of birth-->
			<DOD>1994-04-13</DOD><!--date of death-->
			<POB><!--place of birth-->
				<country><![CDATA[Czechoslovakia <now Slovakia>]]></country>
				<town>Nová Včelnice</town>
			</POB>
		</person>
		<person id="frco">
			<first_name>Francis<middle_name>Ford</middle_name></first_name>
			<last_name>Coppola</last_name>
		</person>
		<person id="mabr">
			<first_name>Marlon</first_name>
			<last_name>Brando</last_name>
			<DOB>1924-04-03</DOB><!--date of birth-->
			<DOD>2004-07-01</DOD><!--date of death-->
			<POB><!--place of birth-->
				<country>California, USA</country>
				<town>Los Angeles</town>
			</POB>
		</person>
		<person id="alpa">
			<first_name>Al</first_name>
			<last_name>Pacino</last_name>
			<DOB>1940-04-25</DOB><!--date of birth-->
			<POB><!--place of birth-->
				<country>New York, USA</country>
				<town>New York City</town>
			</POB>
		</person>
	</person_list>
	
	
	<genre_list>
		<genre id="com">
			Comedy
		</genre>
		<genre id="dra">
			Drama
		</genre>
		<genre id="war">
			War
		</genre>
		<genre id="cri">
			Crime
		</genre>
		<genre id="fan">
			Fantasy
		</genre>
		<genre id="mys">
			Mystery
		</genre>
		<genre id="rom">
			Romance
		</genre>
		<genre id="hor">
			Horror
		</genre>
		<genre id="thr">
			Thriller
		</genre>
	</genre_list>
	
	<award_list>
		<award id="oscar">Oscar</award>
		<award id="goglo">Golden Globe</award>
	</award_list>
</film_database>