<?xml version="1.0" encoding="UTF-8"?>

<ZaznamyOZapasech xmlns:xsi="http://www.w3.org/2001/XMLSchema-instance" xsi:noNamespaceSchemaLocation="data1.xsd">
<Zapas>
	<!-- Zakladni udaje o zapasu, status znamena, zda byl zapas z hlediska chovani fanousku rizikovy, ci nikoli.-->
	<ID>Z1</ID>
	<UdajeOZapasu>
		<DatumKonani>2012-02-15</DatumKonani>
		<MistoKonani>Praha</MistoKonani>
		<Status>rizikovy</Status>		
	</UdajeOZapasu>
	<!-- Vysledek zapasu a zakladni udaje o obou tymech.-->
	<Vysledek>
		<!-- Info o domacim tymu, poctu branek, trestnych minut a strel behem zapasu. Dale info o zazemi tymu a nekterych osobach-->
		<Domaci goly = "5" trestneminuty = "8" strely = "35">
			<JmenoTymu>Česká republika</JmenoTymu>
			<PocetHracu>28</PocetHracu>
			<Trener licence = "ano">
				<Jmeno>Alois</Jmeno>
				<Prijmeni>Hadamczik</Prijmeni>
				<Vek>52</Vek>
				<Narodnost>Česká</Narodnost>
				<Honorar>0</Honorar>
			</Trener>
			<Kapitan>
				<Jmeno>Tomáš</Jmeno>
				<Prijmeni>Rolinek</Prijmeni>
				<Vek>32</Vek>
				<Narodnost>Česká</Narodnost>
				<DatumNarozeni>1980-02-17</DatumNarozeni>			
				<Vyska>177</Vyska>
				<Vaha>87</Vaha>
				<Pozice>Útočník</Pozice>
				<Hul>leva</Hul>
				<Cislo>60</Cislo>				
			</Kapitan>
			<DomaciStadion>
				<Nazev>O2 Arena</Nazev>
				<Adresa>
					<Ulice>Českomoravská</Ulice>
					<C.P.>2135/17</C.P.>
					<PSC>19093</PSC>
					<Mesto>Praha</Mesto>
					<Stat>Česká republika</Stat>
				</Adresa>
			</DomaciStadion>
		</Domaci>
		<!-- Info o hostujicim tymu, poctu branek, trestnych minut a strel behem zapasu. Dale info o zazemi tymu a nekterych osobach-->
		<Hoste goly = "2" trestneminuty = "16" strely = "26">
			<JmenoTymu>Rusko</JmenoTymu>
			<PocetHracu>24</PocetHracu>
			<Trener>
				<Jmeno>Vjaceslav</Jmeno>
				<Prijmeni> Bykov</Prijmeni>
				<Vek>53</Vek>
				<Narodnost>Ruská</Narodnost>
				<Honorar>5000</Honorar>
			</Trener>
			<Kapitan>
				<Jmeno>Alexander</Jmeno>
				<Prijmeni>Radulov</Prijmeni>
				<Vek>26</Vek>
				<Narodnost>Ruská</Narodnost>
				<DatumNarozeni>1986-07-05</DatumNarozeni>
				<Vyska>187</Vyska>
				<Vaha>93</Vaha>
				<Pozice>Útočník</Pozice>
				<Hul>leva</Hul>
				<Cislo>47</Cislo>				
			</Kapitan>
			<DomaciStadion>
				<Nazev>Megasport Arena</Nazev>
				<Adresa>
					<Ulice>Khodynka avenue</Ulice>
					<C.P.>341/74</C.P.>
					<PSC>12525</PSC>
					<Mesto>Moskva</Mesto>
					<Stat>Rusko</Stat>
				</Adresa>
			</DomaciStadion>
		</Hoste>
	</Vysledek>
	<!-- Pocet divaku, kteri dorazili na utkani.-->
	<Divaci>
		<PocetDivaku>17689</PocetDivaku>		
	</Divaci>
	<!-- Seznam rozhodcich, kteri zapas ridili. Carovi rozhodci podlehaji hlavnimu rozhocimu.-->
	<Rozhodci>
		<Hlavni>			
			<Jmeno>Josef</Jmeno>
			<Prijmeni>Mlynář</Prijmeni>
			<Vek>51</Vek>
			
		</Hlavni>
		<Carovy> 
			<Jmeno>Dimitri</Jmeno>
			<Prijmeni>Guskulov</Prijmeni>
			<Vek>38</Vek>
					
		</Carovy>
		<Carovy>
			<Jmeno>Oli</Jmeno>
			<Prijmeni>Latvala</Prijmeni>
			<Vek>54</Vek>
						
		</Carovy>
	</Rozhodci>
	<!-- Zaznamy ze zapasu, nejsou povinne-->
	<Videozaznam cesta = "video1.avi" delka = "20">Video1</Videozaznam>	
	<NaposledyZobrazeno><?php echo Date("d.m.Y")?></NaposledyZobrazeno>		
</Zapas>
<Zapas>
	<!-- Zakladni udaje o zapasu, status znamena, zda byl zapas z hlediska chovani fanousku rizikovy, ci nikoli.-->
	<ID>Z2</ID>
	<UdajeOZapasu>		
		<DatumKonani>2012-03-29</DatumKonani>
		<MistoKonani>Helsinky</MistoKonani>
		<Status>nerizikovy</Status>		
	</UdajeOZapasu>
	<!-- Vysledek zapasu a zakladni udaje o obou tymech.-->
	<Vysledek>
		<!-- Info o domacim tymu, poctu branek, trestnych minut a strel behem zapasu. Dale info o zazemi tymu a nekterych osobach-->
		<Domaci goly = "3" trestneminuty = "12" strely = "21">
			<JmenoTymu>Finsko</JmenoTymu>
			<PocetHracu>26</PocetHracu>
			<Trener licence = "ne">
				<Jmeno>Juka</Jmeno>
				<Prijmeni>Jahonnen</Prijmeni>
				<Vek>58</Vek>
				<Narodnost>Finská</Narodnost>
				<Honorar>0</Honorar>
			</Trener>
			<Kapitan>
				<Jmeno>Oli</Jmeno>
				<Prijmeni>Jokinen</Prijmeni>
				<Vek>28</Vek>
				<Narodnost>Finská</Narodnost>
				<DatumNarozeni>1984-02-18</DatumNarozeni>			
				<Vyska>185</Vyska>
				<Vaha>94</Vaha>
				<Pozice>Útočník</Pozice>
				<Hul>leva</Hul>
				<Cislo>6</Cislo>				
			</Kapitan>
			<DomaciStadion>
				<Nazev>Hartval Arena</Nazev>
				<Adresa>
					<Ulice>Helsinky Avenue</Ulice>
					<C.P.>2542/14</C.P.>
					<PSC>25594</PSC>
					<Mesto>Helsinky</Mesto>
					<Stat>Finsko</Stat>
				</Adresa>
			</DomaciStadion>
		</Domaci>
		<!-- Info o hostujicim tymu, poctu branek, trestnych minut a strel behem zapasu. Dale info o zazemi tymu a nekterych osobach-->
		<Hoste goly = "1" trestneminuty = "4" strely = "26">
			<JmenoTymu>Švédsko</JmenoTymu>
			<PocetHracu>24</PocetHracu>
			<Trener>
				<Jmeno>Ben Oke</Jmeno>
				<Prijmeni> Gustavson</Prijmeni>
				<Vek>48</Vek>
				<Narodnost>Švédská</Narodnost>
				<Honorar>1000</Honorar>
			</Trener>
			<Kapitan>
				<Jmeno>Mats</Jmeno>
				<Prijmeni>Sundin</Prijmeni>
				<Vek>40</Vek>
				<Narodnost>Švédská</Narodnost>
				<DatumNarozeni>1972-07-05</DatumNarozeni>
				<Vyska>187</Vyska>
				<Vaha>85</Vaha>
				<Pozice>Útočník</Pozice>
				<Hul>leva</Hul>
				<Cislo>40</Cislo>				
			</Kapitan>
			<DomaciStadion>
				<Nazev>Globen</Nazev>
				<Adresa>
					<Ulice>Stockholm Avenue</Ulice>
					<C.P.>18</C.P.>
					<PSC>12525</PSC>
					<Mesto>Stockholm</Mesto>
					<Stat>Švédsko</Stat>
				</Adresa>
			</DomaciStadion>
		</Hoste>
	</Vysledek>
	<!-- Pocet divaku, kteri dorazili na utkani.-->
	<Divaci>
		<PocetDivaku>15458</PocetDivaku>		
	</Divaci>
	<!-- Seznam rozhodcich, kteri zapas ridili. Carovi rozhodci podlehaji hlavnimu rozhocimu.-->
	<Rozhodci>
		<Hlavni>			
			<Jmeno>Dimitri</Jmeno>
			<Prijmeni>Guskulov</Prijmeni>
			<Vek>38</Vek>
			
		</Hlavni>		
		<Carovy> 
			<Jmeno>Martin</Jmeno>
			<Prijmeni>Hradil</Prijmeni>
			<Vek>31</Vek>
						
		</Carovy>
		<Carovy>
			<Jmeno>Oli</Jmeno>
			<Prijmeni>Latvala</Prijmeni>
			<Vek>54</Vek>		
				
		</Carovy>
	</Rozhodci>
	<!-- Zaznamy ze zapasu, nejsou povinne-->
	<Videozaznam cesta = "video1.avi" delka = "15">Video1</Videozaznam>
	<Videozaznam cesta = "video2.avi" delka = "28">Video2</Videozaznam>
	<NaposledyZobrazeno><?php echo Date("d.m.Y")?></NaposledyZobrazeno>		
</Zapas>	
</ZaznamyOZapasech>
