<?xml version="1.0" encoding="UTF-8"?>
<!DOCTYPE library SYSTEM "data.dtd">
<library>
	<books>
		<book id="B1">
			<title>Introducing to linear computing</title>
			<ISBN>ISBN 977-0-362-40615-7</ISBN>
			<publishing_house>&acad;</publishing_house>
			<publication_date>5.3.2010</publication_date>
			<edition>2</edition>
			<authors>
				<author>
					Shmidt Henry
					<author_birth_date>12.2.1960</author_birth_date>
				</author>
				<author>Solovko Stanley</author>
			</authors>
		</book>
		<book id="B2" language="english">
			<title>CISSP All-in-One Exam Guide</title>
			<ISBN>ISBN 978-80-7203-884-8</ISBN>
			<publishing_house>&st;</publishing_house>
			<publication_date>6.7.2011</publication_date>
			<edition>5</edition>
			<authors>
				<author>Shon Harris</author>
			</authors>
		</book>
		<book id="B3">
			<title>The Song of Achilles: A Novel</title>
			<ISBN>ISBN 80-204-0105-9</ISBN>
			<publishing_house>Block In</publishing_house>
			<publication_date>20.12.2011</publication_date>
			<edition>1</edition>
			<authors>
				<author>Madeline Miller</author>
			</authors>
		</book>
	</books>
	<copies>
		<copy id="C1" book_ref_id="B1">
			<rent user_ref_id="U5" obtain_date="12.5.12" return_date="30.5.12"/>
			<rent user_ref_id="U6" obtain_date="1.6.12" return_date="14.7.12"/>
			<rent user_ref_id="U10" obtain_date="15.8.12"/>
		</copy>
		<copy id="C2" book_ref_id="B2">			
		</copy>
		<copy id="C3" book_ref_id="B1">
			<rent user_ref_id="U3" obtain_date="1.5.12" return_date="30.5.12"/>
		</copy>
		<copy id="C4" book_ref_id="B1">			
		</copy>
		<copy id="C5" book_ref_id="B1">			
		</copy>
		<copy id="C6" book_ref_id="B2">			
		</copy>
		<copy id="C7" book_ref_id="B3">			
		</copy>
	</copies>
	<users>
		<user id="U1" name="Vasily Petrov" birth_date="13.2.1990"/>
		<user id="U2" name="Hens Vo" birth_date="14.5.1991"/>
		<user id="U3" name="Alexandr Pertol" birth_date="27.2.1980"/>
		<user id="U4" name="Jan Bistr" birth_date="28.2.1983"/>
		<user id="U5" name="Den Black" birth_date="13.8.1982"/>
		<user id="U6" name="Mary Blood" birth_date="12.2.1995"/>
		<user id="U7" name="Sasha Baron" birth_date="8.12.1973"/>
		<user id="U8" name="Daniel Creig" birth_date="14.11.1987"/>
		<user id="U9" name="Charlie Mix" birth_date="13.9.1969"/>
		<user id="U10" name="Klementin Bread" birth_date="5.6.1993"/>
		<user id="U11" name="Jeremy White" birth_date="4.3.1990"/>
		<user id="U12" name="Joel Silvia" birth_date="17.11.1991"/>
		<user id="U13" name="Mary Exepury" birth_date="19.9.1994"/>
		<user id="U14" name="Siro Miro" birth_date="20.1.1986"/>
	</users>
</library>
