<?xml version="1.0" encoding="UTF-8"?>
<library>
	<catalog>
		<book id="bk101">
			<author>Gambardella, Matthew</author>
			<title>XML Developer's Guide</title>
			<genre>Computer</genre>
			<price>44.95</price>
			<publish_date>2000-10-01</publish_date>
			<description>An in-depth look at creating applications
				with XML.
			</description>
		</book>
		<book id="bk102">
			<author>Ralls, Kim</author>
			<title>Midnight Rain</title>
			<genre>Fantasy</genre>
			<price>5.95</price>
			<publish_date>2000-12-16</publish_date>
			<description>A former architect battles corporate zombies,
				an evil
				sorceress, and her own childhood to become queen
				of the world.
			</description>
		</book>
		<book id="bk103">
			<author>Corets, Eva</author>
			<title>Maeve Ascendant</title>
			<genre>Fantasy</genre>
			<price>5.95</price>
			<publish_date>2000-11-17</publish_date>
			<description>After the collapse of a nanotechnology
				society in
				England, the young survivors lay the
				foundation for a new society.
			</description>
		</book>
		<book id="bk104">
			<author>Corets, Eva</author>
			<title>Oberon's Legacy</title>
			<genre>Fantasy</genre>
			<price>5.95</price>
			<publish_date>2001-03-10</publish_date>
			<description>In post-apocalypse England, the mysterious
				agent known
				only as Oberon helps to create a new life
				for the inhabitants of
				London. Sequel to Maeve
				Ascendant.
			</description>
		</book>
		<book id="bk105">
			<author>Corets, Eva</author>
			<title>The Sundered Grail</title>
			<genre>Fantasy</genre>
			<price>5.95</price>
			<publish_date>2001-09-10</publish_date>
			<description>The two daughters of Maeve, half-sisters,
				battle one
				another for control of England. Sequel to
				Oberon's Legacy.
			</description>
		</book>
		<book id="bk106">
			<author>Randall, Cynthia</author>
			<title>Lover Birds</title>
			<genre>Romance</genre>
			<price>4.95</price>
			<publish_date>2000-09-02</publish_date>
			<description>When Carla meets Paul at an ornithology
				conference,
				tempers fly as feathers get ruffled.
			</description>
		</book>
		<book id="bk107">
			<author>Thurman, Paula</author>
			<title>Splish Splash</title>
			<genre>Romance</genre>
			<price>4.95</price>
			<publish_date>2000-11-02</publish_date>
			<description>A deep sea diver finds true love twenty
				thousand leagues
				beneath the sea.
			</description>
		</book>
		<book id="bk108">
			<author>Knorr, Stefan</author>
			<title>Creepy Crawlies</title>
			<genre>Horror</genre>
			<price>4.95</price>
			<publish_date>2000-12-06</publish_date>
			<description>An anthology of horror stories about roaches,
				centipedes, scorpions and other insects.
			</description>
		</book>
		<book id="bk109">
			<author>Kress, Peter</author>
			<title>Paradox Lost</title>
			<genre>Science Fiction</genre>
			<price>6.95</price>
			<publish_date>2000-11-02</publish_date>
			<description>After an inadvertant trip through a Heisenberg
				Uncertainty Device, James Salway discovers the problems
				of being
				quantum.
			</description>
		</book>
		<book id="bk110">
			<author>O'Brien, Tim</author>
			<title>Microsoft .NET: The Programming Bible</title>
			<genre>Computer</genre>
			<price>36.95</price>
			<publish_date>2000-12-09</publish_date>
			<description>Microsoft's .NET initiative is explored in
				detail in this
				deep programmer's reference.
			</description>
		</book>
		<book id="bk111">
			<author>O'Brien, Tim</author>
			<title>MSXML3: A Comprehensive Guide</title>
			<genre>Computer</genre>
			<price>36.95</price>
			<publish_date>2000-12-01</publish_date>
			<description>The Microsoft MSXML3 parser is covered in
				detail, with
				attention to XML DOM interfaces, XSLT processing,
				SAX and more.
			</description>
		</book>
		<book id="bk112">
			<author>Galos, Mike</author>
			<title>Visual Studio 7: A Comprehensive Guide</title>
			<genre>Computer</genre>
			<price>49.95</price>
			<publish_date>2001-04-16</publish_date>
			<description>Microsoft Visual Studio 7 is explored in depth,
				looking
				at how Visual Basic, Visual C++, C#, and ASP+ are
				integrated into a
				comprehensive development
				environment.
			</description>
		</book>
	</catalog>
	<users>
		<user id="u103" type="adult">
			<firstname>Kristýna</firstname>
			<lastname>Špalková</lastname>
			<address>
				<street houseNumber="23">Jindřichova</street>
				<town>Lásenice</town>
				<postalcode>378 01</postalcode>
			</address>
			<email sendNewsletter="true">Kristnapalkov@teleworm.us</email>
			<phone>388 691 887</phone>
			<registred>2010-07-06</registred>
		</user>
		<user id="u104" type="adult">
			<firstname>Hugo</firstname>
			<lastname>Zahradník</lastname>
			<address>
				<street houseNumber="1874">Hájecká</street>
				<town>Šlapanice</town>
				<postalcode>273 72</postalcode>
			</address>
			<email sendNewsletter="false">HemanZahradnk@teleworm.us</email>
			<phone>727 785 578</phone>
			<registred>2006-03-02</registred>
		</user>
		<user id="u105" type="student">
			<firstname>Jiří</firstname>
			<lastname>Gál</lastname>
			<address>
				<street houseNumber="280">U Trati</street>
				<town>Kralovice</town>
				<postalcode>331 41</postalcode>
			</address>
			<email sendNewsletter="false">JiGl@dayrep.com</email>
			<phone>372 264 002</phone>
			<registred>2011-01-08</registred>
		</user>
		<user id="u106" type="child">
			<firstname>Eva</firstname>
			<lastname>Nosková</lastname>
			<address>
				<street houseNumber="543">Fibichova</street>
				<town>Mělník</town>
				<postalcode>276 01</postalcode>
			</address>
			<email sendNewsletter="true">eva.noskova@email.cz</email>
			<phone>733 245 904</phone>
			<registred>2008-04-03</registred>
		</user>
		<user id="u107" type="studnet">
			<firstname>Zdenka</firstname>
			<lastname>Piklová</lastname>
			<address>
				<street houseNumber="1066">Budovatelská</street>
				<town>Praha 10</town>
				<postalcode>129 03</postalcode>
			</address>
			<email sendNewsletter="true">zdenka22@gmail.com</email>
			<phone>601 666 976</phone>
			<registred>2012-12-11</registred>
		</user>

	</users>
	<loans>
		<loan id="l26786" loan-date="2013-02-03" user="u103">
			<item>bk101</item>
			<item>bk105</item>
		</loan>
		<loan id="l26786" loan-date="2012-05-13" user="u105" return-date="2012-07-27">
			<item>bk101</item>
			<item>bk105</item>
		</loan>
		<loan id="l26786" loan-date="2006-02-03" user="u103" return-date="2006-04-27">
			<item>bk111</item>
			<item>bk103</item>
			<item>bk108</item>
		</loan>
		<loan id="l26786" loan-date="2008-12-03" user="u103" return-date="2009-01-08">
			<item>bk108</item>
			<item>bk106</item>
		</loan>
		<loan id="l26786" loan-date="2013-02-28" user="u103">
			<item>bk105</item>
		</loan>
	</loans>
</library>
