<?xml version="1.0" encoding="UTF-8"?>
<IMHistory xmlns:xsi="http://www.w3.org/2001/XMLSchema-instance" xsi:noNamespaceSchemaLocation="data.xsd">
	<Printline><![CDATA[
			document.writeln("Historie Vavat s Mamat")
		]]><?php echo Date("d.m.Y")?>
	</Printline>
	<Udalost idU="idU_1">
		<Kontakt>Mamat</Kontakt>
		<Od>Vavat</Od>
		<Cas>
			<Hodina>14</Hodina>
			<Minuta>56</Minuta>
			<Sekunda>36</Sekunda>
		</Cas>
		<Datum>
			<Den>
				<Pisemne>
					<Normal>Pondělí</Normal>
					<Zkratka>Po</Zkratka>
				</Pisemne>
				<Ciselne>6</Ciselne>
			</Den>
			<Mesic>
				<Pisemne>
					<Normal>Únor</Normal>
					<Zkratka>Feb</Zkratka>
				</Pisemne>
				<Ciselne>2</Ciselne>
			</Mesic>
			<Rok>2012</Rok>
		</Datum>
		<Protokol>ICQ</Protokol>
		<ID>263563010</ID>
		<Zprava sifrovani="false">Ahoj</Zprava>
		<SMTP/>
	</Udalost>
	<Udalost idU="idU_2">
		<Kontakt>Mamat</Kontakt>
		<Od>Mamat</Od>
		<Cas>
			<Hodina>14</Hodina>
			<Minuta>57</Minuta>
			<Sekunda>30</Sekunda>
		</Cas>
		<Datum>
			<Den>
				<Pisemne>
					<Normal>Pondělí</Normal>
					<Zkratka>Po</Zkratka>
				</Pisemne>
				<Ciselne>6</Ciselne>
			</Den>
			<Mesic>
				<Pisemne>
					<Normal>Únor</Normal>
					<Zkratka>Feb</Zkratka>
				</Pisemne>
				<Ciselne>2</Ciselne>
			</Mesic>
			<Rok>2012</Rok>
		</Datum>
		<Protokol>ICQ</Protokol>
		<ID>124578963</ID>
		<Zprava sifrovani="false">Cus</Zprava>
		<SMTP/>
	</Udalost>
	<Udalost idU="idU_3">
		<Kontakt>Mamat</Kontakt>
		<Od>Vavat</Od>
		<Cas>
			<Hodina>14</Hodina>
			<Minuta>58</Minuta>
			<Sekunda>15</Sekunda>
		</Cas>
		<Datum>
			<Den>
				<Pisemne>
					<Normal>Pondělí</Normal>
					<Zkratka>Po</Zkratka>
				</Pisemne>
				<Ciselne>6</Ciselne>
			</Den>
			<Mesic>
				<Pisemne>
					<Normal>Únor</Normal>
					<Zkratka>Feb</Zkratka>
				</Pisemne>
				<Ciselne>2</Ciselne>
			</Mesic>
			<Rok>2012</Rok>
		</Datum>
		<Protokol>ICQ</Protokol>
		<ID>263563010</ID>
		<Zprava sifrovani="true">Koukni na tohle videjko <URL>http://www.youtube.com/watch?v=QH2-TGUlwu4</URL> XD</Zprava>
		<SMTP/>
	</Udalost>
	<Udalost idU="idU_4">
		<Kontakt>Mamat</Kontakt>
		<Od>Mamat</Od>
		<Cas>
			<Hodina>15</Hodina>
			<Minuta>00</Minuta>
			<Sekunda>45</Sekunda>
		</Cas>
		<Datum>
			<Den>
				<Pisemne>
					<Normal>Pondělí</Normal>
					<Zkratka>Po</Zkratka>
				</Pisemne>
				<Ciselne>6</Ciselne>
			</Den>
			<Mesic>
				<Pisemne>
					<Normal>Únor</Normal>
					<Zkratka>Feb</Zkratka>
				</Pisemne>
				<Ciselne>2</Ciselne>
			</Mesic>
			<Rok>2012</Rok>
		</Datum>
		<Protokol>ICQ</Protokol>
		<ID>124578963</ID>
		<Zprava sifrovani="false">Omg :D</Zprava>
		<SMTP/>
	</Udalost>
	<Udalost idU="idU_5">
		<Kontakt>Mamat</Kontakt>
		<Od>Vavat</Od>
		<Cas>
			<Hodina>15</Hodina>
			<Minuta>01</Minuta>
			<Sekunda>13</Sekunda>
		</Cas>
		<Datum>
			<Den>
				<Pisemne>
					<Normal>Pondělí</Normal>
					<Zkratka>Po</Zkratka>
				</Pisemne>
				<Ciselne>6</Ciselne>
			</Den>
			<Mesic>
				<Pisemne>
					<Normal>Únor</Normal>
					<Zkratka>Feb</Zkratka>
				</Pisemne>
				<Ciselne>2</Ciselne>
			</Mesic>
			<Rok>2012</Rok>
		</Datum>
		<Protokol>ICQ</Protokol>
		<ID>263563010</ID>
		<Zprava sifrovani="false">XD</Zprava>
		<SMTP/>
	</Udalost>
	<Udalost idU="idU_6">
		<Kontakt>Mamat</Kontakt>
		<Od>Mamat</Od>
		<Cas>
			<Hodina>15</Hodina>
			<Minuta>02</Minuta>
			<Sekunda>02</Sekunda>
		</Cas>
		<Datum>
			<Den>
				<Pisemne>
					<Normal>Pondělí</Normal>
					<Zkratka>Po</Zkratka>
				</Pisemne>
				<Ciselne>6</Ciselne>
			</Den>
			<Mesic>
				<Pisemne>
					<Normal>Únor</Normal>
					<Zkratka>Feb</Zkratka>
				</Pisemne>
				<Ciselne>2</Ciselne>
			</Mesic>
			<Rok>2012</Rok>
		</Datum>
		<Protokol>ICQ</Protokol>
		<ID>124578963</ID>
		<Zprava sifrovani="false">Dobrej vymaz mozku</Zprava>
		<SMTP/>
	</Udalost>
	<Udalost idU="idU_7">
		<Kontakt>Mamat</Kontakt>
		<Od>Vavat</Od>
		<Cas>
			<Hodina>16</Hodina>
			<Minuta>02</Minuta>
			<Sekunda>30</Sekunda>
		</Cas>
		<Datum>
			<Den>
				<Pisemne>
					<Normal>Pondělí</Normal>
					<Zkratka>Po</Zkratka>
				</Pisemne>
				<Ciselne>6</Ciselne>
			</Den>
			<Mesic>
				<Pisemne>
					<Normal>Únor</Normal>
					<Zkratka>Feb</Zkratka>
				</Pisemne>
				<Ciselne>2</Ciselne>
			</Mesic>
			<Rok>2012</Rok>
		</Datum>
		<Protokol>ICQ</Protokol>
		<ID>263563010</ID>
		<Zprava sifrovani="false">hh</Zprava>
		<SMTP/>
	</Udalost>
	<Udalost idU="idU_8">
		<Kontakt>Mamat</Kontakt>
		<Od>Mamat</Od>
		<Cas>
			<Hodina>16</Hodina>
			<Minuta>06</Minuta>
			<Sekunda>13</Sekunda>
		</Cas>
		<Datum>
			<Den>
				<Pisemne>
					<Normal>Pondělí</Normal>
					<Zkratka>Po</Zkratka>
				</Pisemne>
				<Ciselne>6</Ciselne>
			</Den>
			<Mesic>
				<Pisemne>
					<Normal>Únor</Normal>
					<Zkratka>Feb</Zkratka>
				</Pisemne>
				<Ciselne>2</Ciselne>
			</Mesic>
			<Rok>2012</Rok>
		</Datum>
		<Protokol>ICQ</Protokol>
		<ID>124578963</ID>
		<Zprava sifrovani="false">??</Zprava>
		<SMTP/>
	</Udalost>
	<Udalost idU="idU_9">
		<Kontakt>Mamat</Kontakt>
		<Od>Vavat</Od>
		<Cas>
			<Hodina>16</Hodina>
			<Minuta>7</Minuta>
			<Sekunda>10</Sekunda>
		</Cas>
		<Datum>
			<Den>
				<Pisemne>
					<Normal>Pondělí</Normal>
					<Zkratka>Po</Zkratka>
				</Pisemne>
				<Ciselne>6</Ciselne>
			</Den>
			<Mesic>
				<Pisemne>
					<Normal>Únor</Normal>
					<Zkratka>Feb</Zkratka>
				</Pisemne>
				<Ciselne>2</Ciselne>
			</Mesic>
			<Rok>2012</Rok>
		</Datum>
		<Protokol>ICQ</Protokol>
		<ID>263563010</ID>
		<Zprava sifrovani="false">Odpovídám na <ref rID="idU_8">toto</ref>
		</Zprava>
		<SMTP/>
	</Udalost>
	<Udalost idU="idU_10">
		<Kontakt>Mamat</Kontakt>
		<Od>Mamat</Od>
		<Cas>
			<Hodina>16</Hodina>
			<Minuta>07</Minuta>
			<Sekunda>33</Sekunda>
		</Cas>
		<Datum>
			<Den>
				<Pisemne>
					<Normal>Pondělí</Normal>
					<Zkratka>Po</Zkratka>
				</Pisemne>
				<Ciselne>6</Ciselne>
			</Den>
			<Mesic>
				<Pisemne>
					<Normal>Únor</Normal>
					<Zkratka>Feb</Zkratka>
				</Pisemne>
				<Ciselne>2</Ciselne>
			</Mesic>
			<Rok>2012</Rok>
		</Datum>
		<Protokol>ICQ</Protokol>
		<ID>124578963</ID>
		<Transfer cesta="C:\Users\Mamat\Pictures\obr1.jpg" jmeno="obr1.jpg"/>
		<Zprava sifrovani="true"/>
		<SMTP/>
	</Udalost>
	<Udalost idU="idU_11">
		<Kontakt>Mamat</Kontakt>
		<Od>Vavat</Od>
		<Cas>
			<Hodina>16</Hodina>
			<Minuta>08</Minuta>
			<Sekunda>29</Sekunda>
		</Cas>
		<Datum>
			<Den>
				<Pisemne>
					<Normal>Pondělí</Normal>
					<Zkratka>Po</Zkratka>
				</Pisemne>
				<Ciselne>6</Ciselne>
			</Den>
			<Mesic>
				<Pisemne>
					<Normal>Únor</Normal>
					<Zkratka>Feb</Zkratka>
				</Pisemne>
				<Ciselne>2</Ciselne>
			</Mesic>
			<Rok>2012</Rok>
		</Datum>
		<Protokol>ICQ</Protokol>
		<ID>263563010</ID>
		<Zprava sifrovani="false">Co to je?</Zprava>
		<SMTP/>
	</Udalost>
</IMHistory>
