<?xml version="1.0" encoding="UTF-8"?>
<!DOCTYPE blogger [
	<!ENTITY generated "Generated by: foo.bar.baz">
]> 

<blogger version="1.0"
         xmlns:xsi="http://www.w3.org/2001/XMLSchema-instance"
         xsi:noNamespaceSchemaLocation="data.xsd">

	<author>
		<name>Michal Vrtiak</name>
		<mail>michal.vrtiak+cuni@gmail.com</mail>
		<twitter>@Miso</twitter>
	</author>

    <co-author>
        <name>Vincent Vega</name>
        <mail>royal.with@cheese.com</mail>
    </co-author>
	
	<articles>
		<article id="id001">
			<published format="ddMMyyyy">01012012</published>
			<heading>
				My first article
			</heading>
			<tags>
				<tag>
					<category name="Programming" secondary= "Computers and IT" /> 
					<value value="XML"/>
				</tag>
				<tag>
					<category name="Programming" />
					<value value="DTD"/>
				</tag>
			</tags>
			<preview>
				This is my first article made for school assignment at 
				MFF CUNI. Read full article.
			</preview>
			<article-link public="true">http://www.foo.baz/bar/article/<article-ref references="id001" /></article-link>
			<rss>
				http://rss.foo.baz/bar/article/<article-ref references="id001" />
			</rss>
			<thumbnail>hello.png</thumbnail>
			<images root="../imgs">
				<img val="icon.png" />
				<img val="xml.png" />
			</images>
			<comments>
				<comment author="Wayne Gretzky">
					<date format="ddMMyyyyHH24mm">010120120945</date>
					<user-agent>
						<browser-type>WebKit</browser-type>
						<os>Android</os>
					</user-agent>
					I really liked your article, keep it up man!
				</comment>
				<comment author="Mario Lemieux">
					Nice work!
					<date format="ddMMyyyyHH24mm">010120121015</date>
					<user-agent>
						<browser-type>MSIE</browser-type>
						<os>Windows</os>
					</user-agent>
				</comment>
				<comment author="Mark Messier">
					I wish I knew this sooner!
					<date format="ddMMyyyyHH24mm">010120121130</date>
					<user-agent>
						<browser-type>WebKit</browser-type>
						<os>iOS</os>
					</user-agent>
				</comment>
				<comment author="Ron Francis">
					Sorry, I don't like it at all.
					<date format="ddMMyyyyHH24mm">010120121140</date>
					<user-agent>
						<browser-type>MSIE</browser-type>
						<os>Windows</os>
					</user-agent>
				</comment>
				<comment author="Steve Yzerman">
					@Ron: go away!
					<date format="ddMMyyyyHH24mm">010120121230</date>
					<user-agent>
						<browser-type>Gecko</browser-type>
						<os>Mac OS X</os>
					</user-agent>
				</comment>
				<comment author="Brett Hull">
					@Steve: Don't feed the troll. Don't mind @Ron.
					<date format="ddMMyyyyHH24mm">010120121245</date>
					<user-agent>
						<browser-type>Opera</browser-type>
						<os>Android</os>
					</user-agent>
				</comment>
				<comment author="Jaromir Jagr">
					I'd like some nyan cats ...
					<date format="ddMMyyyyHH24mm">010120121431</date>
					<user-agent>
						<browser-type>Gecko</browser-type>
						<os>Linux</os>
					</user-agent>
				</comment>
				<comment author="Pavel Bure">
					@Jaromir: Lol, check the YouTube.
					<date format="ddMMyyyyHH24mm">010120121500</date>
					<user-agent>
						<browser-type>WebKit</browser-type>
						<os>Mac OS X</os>
					</user-agent>
				</comment>
				<comment author="Joe Sakic">
					Anyway, JSON is way better than XML!
					<date format="ddMMyyyyHH24mm">010120121650</date>
					<user-agent>
						<browser-type>MSIE</browser-type>
						<os>Windows</os>
					</user-agent>
				</comment>
				<comment author="Mats Sundin">
					@Joe: Oh cmon! You can't use JSONs for everything ...
					<date format="ddMMyyyyHH24mm">010120121710</date>
					<user-agent>
						<browser-type>Opera</browser-type>
						<os>Windows</os>
					</user-agent>
				</comment>
			</comments>
		</article>
		
		<article id="id002">
			<published format="ddMMyyyy">01022012</published>
			<secured />
			<heading>
				My second article
			</heading>
			<tags>
				<tag>
					<category name="Sightseeing" />
					<value value="Prague"/>
				</tag>
				<tag>
					<category name="Sightseeing" secondary="Tourism" />
					<value value="Praha"/>
				</tag>
			</tags>
			<preview>
				This is my second article about Prague. Read full article.
			</preview>
			<article-link public="false">https://www.foo.baz/bar/article/<article-ref references="id002" /></article-link>
			<rss>
				http://rss.foo.baz/bar/article/<article-ref references="id002" />
			</rss>
			<thumbnail>hello2.png</thumbnail>
			<images root="../imgs">
				<img val="icon.png" />
				<img val="prague.png" />
			</images>
			<comments>
				<comment author="Fero">
					<date format="ddMMyyyyHH24mm">010220120930</date>
					<user-agent>
						<browser-type>Gecko</browser-type>
						<os>Linux</os>
					</user-agent>
					Mozes pridat viac fotiek?
				</comment>
				<comment author="admin@admin">
					<date format="ddMMyyyyHH24mm">010220120945</date>
					<user-agent>
						<browser-type>WebKit</browser-type>
						<os>Mac OS X</os>
					</user-agent>
					@Fero: pridane!
				</comment>
				<comment author="Jaromir Jagr">
					<date format="ddMMyyyyHH24mm">010220120955</date>
					<user-agent>
						<browser-type>WebKit</browser-type>
						<os>Mac OS X</os>
					</user-agent>
					I liked Pitsburgh more than Philadelphia.
				</comment>
			</comments>
		</article>
	</articles>
	
	<about>
		This is fictionary blog created for purposes of XML course at mff.cuni. &generated;
		<welcome-script lang="javascript">
			<!-- should only be executed in main page -->
			<!-- main page must reference jQuery.js to work properly -->
			<![CDATA[
			function welcome() {
				$("ul.articles").addClass("fancy");
			}
			]]>
		</welcome-script>
	</about>
	
	<!-- processing instructions @server -->
	<meta>
		<?php
		$con = mysql_connect("localhost","peter","abc123");
		if (!$con) {
  			die('Could not connect: ' . mysql_error());
  		}
		mysql_select_db("meta_db", $con);
		mysql_query("INSERT INTO stuff VALUES ('Script viewed')");
		mysql_close($con);
		?>
	</meta>
	
</blogger>
