<?xml version="1.0" encoding="UTF-8" standalone="no"?><music xmlns:a="artistdata" xmlns:b="banddata">
    <band band_id="0">
        <name>Walk The Dog</name>
        <b:date_of_creation>
            <b:year>2001</b:year>
            <b:month>9</b:month>
            <b:day>22</b:day>
        </b:date_of_creation>
        <artists>
            <artist artist_id="0" type="vocal">
                <first_name>Jerry</first_name>
                <last_name>Rotman</last_name>
                <a:date_of_birth>
                    <a:year>1980</a:year>
                    <a:month>6</a:month>
                    <a:day>23</a:day>
                </a:date_of_birth>
            </artist>
            
            <artist artist_id="2" type="drum">
                <first_name>Anthony</first_name>
                <last_name>Woodman</last_name>
                <a:date_of_birth>
                    <a:year>1972</a:year>
                    <a:month>2</a:month>
                    <a:day>16</a:day>
                </a:date_of_birth>
            </artist>
            <artist artist_id="3" type="piano">
                <first_name>Bonnie</first_name>
                <last_name>Konn</last_name>
                <a:date_of_birth>
                    <a:year>1982</a:year>
                    <a:month>7</a:month>
                    <a:day>29</a:day>
                </a:date_of_birth>
            </artist>
        </artists>
        <albums>
            <album album_id="0">
                <title>mus. Proin vel arcu</title>
                <date_of_release>
                    <year>2002</year>
                    <month>4</month>
                    <day>12</day>
                </date_of_release>
                <genre>Pop</genre>
                <songs>
                    
                    
                    
                    
                    
                    
                    
                <song song_id="1">
                        <title>Aenean gravida</title>
                        <length>3</length>
                    </song><song song_id="2">
                        <title>Duis risus odio,</title>
                        <length>3</length>
                    </song><song song_id="5">
                        <title>Nulla semper tellus id</title>
                        <length>5</length>
                    </song><song song_id="0">
                        <title>Quisque purus sapien, gravida</title>
                        <length>10</length>
                    </song><song song_id="4">
                        <title>dolor vitae dolor.</title>
                        <length>9</length>
                    </song><song song_id="3">
                        <title>erat vel pede</title>
                        <length>3</length>
                    </song><song song_id="6">
                        <title>tellus lorem eu</title>
                        <length>7</length>
                    </song></songs>
            </album>
            <album album_id="1">
                <title>Aliquam</title>
                <date_of_release>
                    <year>2004</year>
                    <month>6</month>
                    <day>12</day>
                </date_of_release>
                <genre>Pop</genre>
                <songs>
                    
                    
                    
                    
                    
                    
                    
                <song song_id="7">
                        <title>Proin dolor. Nulla</title>
                        <length>3</length>
                    </song><song song_id="12">
                        <title>dapibus id, blandit</title>
                        <length>9</length>
                    </song><song song_id="11">
                        <title>erat.</title>
                        <length>3</length>
                    </song><song song_id="13">
                        <title>ipsum</title>
                        <length>2</length>
                    </song><song song_id="9">
                        <title>nec, cursus a,</title>
                        <length>7</length>
                    </song><song song_id="8">
                        <title>risus. Quisque libero lacus,</title>
                        <length>5</length>
                    </song><song song_id="10">
                        <title>velit</title>
                        <length>8</length>
                    </song></songs>
            </album>
            <album album_id="2">
                <title>Nunc mauris. Morbi</title>
                <date_of_release>
                    <year>2005</year>
                    <month>2</month>
                    <day>14</day>
                </date_of_release>
                <genre/>
                <songs>
                    
                    
                    
                    
                    
                    
                    
                    
                    
                <song song_id="19">
                        <title>Curabitur</title>
                        <length>9</length>
                    </song><song song_id="16">
                        <title>Etiam imperdiet dictum magna.</title>
                        <length>5</length>
                    </song><song song_id="18">
                        <title>auctor</title>
                        <length>1</length>
                    </song><song song_id="15">
                        <title>convallis</title>
                        <length>9</length>
                    </song><song song_id="22">
                        <title>erat volutpat. Nulla dignissim.</title>
                        <length>4</length>
                    </song><song song_id="20">
                        <title>faucibus lectus, a</title>
                        <length>6</length>
                    </song><song song_id="14">
                        <title>gravida nunc sed pede.</title>
                        <length>10</length>
                    </song><song song_id="21">
                        <title>orci, adipiscing non,</title>
                        <length>5</length>
                    </song><song song_id="17">
                        <title>ultrices.</title>
                        <length>10</length>
                    </song></songs>
            </album>
        </albums>

    </band>

    <band band_id="1">
        <name>Cosmic Wolfies</name>
        <b:date_of_creation>
            <b:year>1999</b:year>
            <b:month>5</b:month>
            <b:day>13</b:day>
        </b:date_of_creation>
        <artists>
            <artist artist_id="4" type="lead">
                <first_name>Pinky</first_name>
                <last_name>Juice</last_name>
                <a:date_of_birth>
                    <a:year>1975</a:year>
                    <a:month>1</a:month>
                    <a:day>30</a:day>
                </a:date_of_birth>
            </artist>
            
            <artist artist_id="6" type="vocal">
                <first_name>Flin</first_name>
                <last_name>Anderson</last_name>
                <a:date_of_birth>
                    <a:year>1979</a:year>
                    <a:month>6</a:month>
                    <a:day>11</a:day>
                </a:date_of_birth>
            </artist>
        </artists>
        <albums>
            <album album_id="3">
                <title>mus. Proin vel arcu</title>
                <date_of_release>
                    <year>2002</year>
                    <month>4</month>
                    <day>12</day>
                </date_of_release>
                <genre>Pop</genre>
                <songs>
                    
                    
                    
                    
                    
                    
                    
                <song song_id="24">
                        <title>Aenean gravida</title>
                        <length>3</length>
                    </song><song song_id="25">
                        <title>Duis risus odio,</title>
                        <length>3</length>
                    </song><song song_id="28">
                        <title>Nulla semper tellus id</title>
                        <length>5</length>
                    </song><song song_id="23">
                        <title>Quisque purus sapien, gravida</title>
                        <length>10</length>
                    </song><song song_id="27">
                        <title>dolor vitae dolor.</title>
                        <length>9</length>
                    </song><song song_id="26">
                        <title>erat vel pede</title>
                        <length>3</length>
                    </song><song song_id="29">
                        <title>tellus lorem eu</title>
                        <length>7</length>
                    </song></songs>
            </album>
            <album album_id="4">
                <title>Aliquam</title>
                <date_of_release>
                    <year>2004</year>
                    <month>6</month>
                    <day>12</day>
                </date_of_release>
                <genre>Pop</genre>
                <songs>
                    
                    
                    
                    
                    
                    
                    
                <song song_id="30">
                        <title>Proin dolor. Nulla</title>
                        <length>3</length>
                    </song><song song_id="35">
                        <title>dapibus id, blandit</title>
                        <length>9</length>
                    </song><song song_id="34">
                        <title>erat.</title>
                        <length>3</length>
                    </song><song song_id="36">
                        <title>ipsum</title>
                        <length>2</length>
                    </song><song song_id="32">
                        <title>nec, cursus a,</title>
                        <length>7</length>
                    </song><song song_id="31">
                        <title>risus. Quisque libero lacus,</title>
                        <length>5</length>
                    </song><song song_id="33">
                        <title>velit</title>
                        <length>8</length>
                    </song></songs>
            </album>
            <album album_id="5">
                <title>Nunc mauris. Morbi</title>
                <date_of_release>
                    <year>2005</year>
                    <month>2</month>
                    <day>14</day>
                </date_of_release>
                <genre/>
                <songs>
                    
                    
                    
                    
                    
                    
                    
                    
                    
                <song song_id="42">
                        <title>Curabitur</title>
                        <length>9</length>
                    </song><song song_id="39">
                        <title>Etiam imperdiet dictum magna.</title>
                        <length>5</length>
                    </song><song song_id="41">
                        <title>auctor</title>
                        <length>1</length>
                    </song><song song_id="38">
                        <title>convallis</title>
                        <length>9</length>
                    </song><song song_id="45">
                        <title>erat volutpat. Nulla dignissim.</title>
                        <length>4</length>
                    </song><song song_id="43">
                        <title>faucibus lectus, a</title>
                        <length>6</length>
                    </song><song song_id="37">
                        <title>gravida nunc sed pede.</title>
                        <length>10</length>
                    </song><song song_id="44">
                        <title>orci, adipiscing non,</title>
                        <length>5</length>
                    </song><song song_id="40">
                        <title>ultrices.</title>
                        <length>10</length>
                    </song></songs>
            </album>
        </albums>


    </band>

    <band band_id="2">
        <name>Boom Of The Doom</name>
        <b:date_of_creation>
            <b:year>1988</b:year>
            <b:month>8</b:month>
            <b:day>23</b:day>
        </b:date_of_creation>
        <artists>
            <artist artist_id="7" type="vocal">
                <first_name>Claudie</first_name>
                <last_name>Misfield</last_name>
                <a:date_of_birth>
                    <a:year>1969</a:year>
                    <a:month>1</a:month>
                    <a:day>5</a:day>
                </a:date_of_birth>
            </artist>
            <artist artist_id="8" type="vocal">
                <first_name>Robert</first_name>
                <last_name>Joombert</last_name>
                <a:date_of_birth>
                    <a:year>1972</a:year>
                    <a:month>5</a:month>
                    <a:day>22</a:day>
                </a:date_of_birth>
            </artist>
            <artist artist_id="9" type="vocal">
                <first_name>Betty</first_name>
                <last_name>Mates</last_name>
                <a:date_of_birth>
                    <a:year>1978</a:year>
                    <a:month>9</a:month>
                    <a:day>27</a:day>
                </a:date_of_birth>
            </artist>
        </artists>
        <albums>
            <album album_id="6">
                <title>mus. Proin vel arcu</title>
                <date_of_release>
                    <year>2002</year>
                    <month>4</month>
                    <day>12</day>
                </date_of_release>
                <genre>Pop</genre>
                <songs>
                    
                    
                    
                    
                    
                    
                    
                <song song_id="47">
                        <title>Aenean gravida</title>
                        <length>3</length>
                    </song><song song_id="48">
                        <title>Duis risus odio,</title>
                        <length>3</length>
                    </song><song song_id="51">
                        <title>Nulla semper tellus id</title>
                        <length>5</length>
                    </song><song song_id="46">
                        <title>Quisque purus sapien, gravida</title>
                        <length>10</length>
                    </song><song song_id="50">
                        <title>dolor vitae dolor.</title>
                        <length>9</length>
                    </song><song song_id="49">
                        <title>erat vel pede</title>
                        <length>3</length>
                    </song><song song_id="52">
                        <title>tellus lorem eu</title>
                        <length>7</length>
                    </song></songs>
            </album>
            <album album_id="7">
                <title>Aliquam</title>
                <date_of_release>
                    <year>2004</year>
                    <month>6</month>
                    <day>12</day>
                </date_of_release>
                <genre>Pop</genre>
                <songs>
                    
                    
                    
                    
                    
                    
                    
                <song song_id="53">
                        <title>Proin dolor. Nulla</title>
                        <length>3</length>
                    </song><song song_id="58">
                        <title>dapibus id, blandit</title>
                        <length>9</length>
                    </song><song song_id="57">
                        <title>erat.</title>
                        <length>3</length>
                    </song><song song_id="59">
                        <title>ipsum</title>
                        <length>2</length>
                    </song><song song_id="55">
                        <title>nec, cursus a,</title>
                        <length>7</length>
                    </song><song song_id="54">
                        <title>risus. Quisque libero lacus,</title>
                        <length>5</length>
                    </song><song song_id="56">
                        <title>velit</title>
                        <length>8</length>
                    </song></songs>
            </album>
            <album album_id="8">
                <title>Nunc mauris. Morbi</title>
                <date_of_release>
                    <year>2005</year>
                    <month>2</month>
                    <day>14</day>
                </date_of_release>
                <genre/>
                <songs>
                    
                    
                    
                    
                    
                    
                    
                    
                    
                <song song_id="65">
                        <title>Curabitur</title>
                        <length>9</length>
                    </song><song song_id="62">
                        <title>Etiam imperdiet dictum magna.</title>
                        <length>5</length>
                    </song><song song_id="64">
                        <title>auctor</title>
                        <length>1</length>
                    </song><song song_id="61">
                        <title>convallis</title>
                        <length>9</length>
                    </song><song song_id="68">
                        <title>erat volutpat. Nulla dignissim.</title>
                        <length>4</length>
                    </song><song song_id="66">
                        <title>faucibus lectus, a</title>
                        <length>6</length>
                    </song><song song_id="60">
                        <title>gravida nunc sed pede.</title>
                        <length>10</length>
                    </song><song song_id="67">
                        <title>orci, adipiscing non,</title>
                        <length>5</length>
                    </song><song song_id="63">
                        <title>ultrices.</title>
                        <length>10</length>
                    </song></songs>
            </album>
        </albums>


    </band>

<band band_id="3"><name>Up The Wolf</name><b:date_of_creation><b:year>1995</b:year><b:month>5</b:month><b:day>5</b:day></b:date_of_creation><artists><artist artist_id="10" type="guitar"><first_name>Lord</first_name><last_name>Mister</last_name><a:date_of_birth><a:year>1967</a:year><a:month>2</a:month><a:day>5</a:day></a:date_of_birth></artist><artist artist_id="11" type="vocal"><first_name>Mister</first_name><last_name>Lord</last_name><a:date_of_birth><a:year>1973</a:year><a:month>8</a:month><a:day>29</a:day></a:date_of_birth></artist></artists><albums/></band></music>