<?xml version="1.0" encoding="UTF-8" standalone="no"?><letiste nazev="Letiste Naima vysn?n?ho">
	<adresa>
		<stat>CZE</stat>
		<mesto><?php echo "Praha"?></mesto>
		<ulice>Jereminkova</ulice>
		<cisloPopisne>13</cisloPopisne>
		<smerovaciCislo>190 01</smerovaciCislo>
	</adresa>
	<terminaly>
		<terminal cislo="_1">
			<popis><![CDATA[
				>>>>>Termin?l pro vnitrost?tn? lety<<<<<<<
				]]></popis>
			<!-- 
			     Vzhledem k tomu, ?e Odlety a P??lety se li?? pouze t?m, jestli je to odlet nebo p??let
			     a v?echny ostatn? sb?ran? informace jsou stejn?, tak jsem si vymyslel nov? slovo 
			     PRIDLETY, kter?m ozna?uji oboje, p??lety i odlety. 
			     Ka?d? "pridlet" m? atribut, kter? rozli?i mezi p??letem a odletem.
			     -->
			<pridlety>
				<!-- Prilet Miami -> Praha -->
				<pridlet cas="23:00:00" cisloLetu="IOS2134" datum="21.3.2014" destinace="Miami" prilet="ANO" spozdeni="0" terminal="_1">
					<letadlo cislo="CSA3165" kodPosadky="72514" typ="Boing 747"/>
					<pasazeri>
						<pasazer jmeno="David Conka" zavazadlo="NE"/>
						<pasazer jmeno="Petr Mikulec" zavazadlo="ANO"/>
						<pasazer jmeno="David Riha" zavazadlo="ANO"/>
						<pasazer jmeno="Adam Maly" zavazadlo="NE"/>
						<pasazer jmeno="Nina Zajicova" zavazadlo="NE"/>
						<pasazer jmeno="Zdena Zwingerova" zavazadlo="ANO"/>
					</pasazeri>
				</pridlet>
				<!-- Prilet Berlin -> Praha -->
				<pridlet cas="12:16:00" cisloLetu="IOS8764" datum="23.3.2014" destinace="Berlin" prilet="ANO" spozdeni="0" terminal="_1">
					<letadlo cislo="LFT7206" kodPosadky="82524" typ="Boing 747"/>
					<pasazeri>
						<pasazer jmeno="Josef Samek" zavazadlo="ANO"/>
						<pasazer jmeno="Naim Ashhab" zavazadlo="NE"/>
                        <pasazer jmeno="Naim Ashhab" zavazadlo="NE"/>
                        <pasazer jmeno="Naim Ashhab" zavazadlo="NE"/>
						<pasazer jmeno="Marie Fialova" zavazadlo="ANO"/>
						<pasazer jmeno="David Prokop" zavazadlo="ANO"/>
					</pasazeri>
				</pridlet>
				<!-- Odlet Praha -> Viden -->
				
			</pridlety>
		</terminal>
		<terminal cislo="_2">
			<popis><![CDATA[
				>>>>>Termin?l pro mezin?rodn? lety<<<<<<<
				]]></popis>
			<pridlety>
            <pridlet cas="13:42:00" cisloLetu="IOS7354" datum="3.4.2014" destinace="Olomouc" prilet="NE" spozdeni="0" terminal="_2"><letadlo cislo="BAR7611" kodPosadky="63725" typ="Boing 747"/><pasazeri><pasazer jmeno="Pavel Lukas" zavazadlo="ANO"/><pasazer jmeno="David Jirasek" zavazadlo="NE"/><pasazer jmeno="Nikol Hornikova" zavazadlo="NE"/><pasazer jmeno="Anicka Rychnovska" zavazadlo="NE"/><pasazer jmeno="Pavlina Sedmikova" zavazadlo="ANO"/><pasazer jmeno="Nina Fantomova" zavazadlo="ANO"/></pasazeri></pridlet></pridlety>
		</terminal>
		<terminal cislo="_3">
			<popis><![CDATA[
				>>>>>Termin?l pro osobn? lety<<<<<<<
				]]></popis>
			<pridlety/>
		</terminal>
	</terminaly>
</letiste>