<?xml version="1.0" encoding="UTF-8"?>
<vyluky>
	<vyluka type="dočasná" applies-from="2012-06-1">
		<linkaref ref="link130" />
		<date>
			<from>Pondělí</from>
			<to>Pátek</to>
		</date>
		<zastavky>
			<from>
				<zastavkaref ref="zas184" />
			</from>
			<to>
				<zastavkaref ref="zas557" />
			</to>
		</zastavky>
	</vyluka>
	<vyluka type="trvalá" applies-from="1996-02-29">
		<linkaref ref="link133" />
		<date>
			<from>Středa</from>
			<to>Pátek</to>
		</date>
		<zastavky>
			<from>
				<zastavkaref ref="zas388" />
			</from>
			<to>
				<zastavkaref ref="zas533" />
			</to>
		</zastavky>
	</vyluka>
	<vyluka type="dočasná" applies-from="2013-07-2">
		<linkaref ref="link216" />
		<date>
			<from>Sobota</from>
			<to>Neděle</to>
		</date>
		<zastavky>
			<from>
				<zastavkaref ref="zas310" />
			</from>
			<to>
				<zastavkaref ref="zas1222" />
			</to>
		</zastavky>
	</vyluka>
</vyluky>