<?xml version="1.0" encoding="UTF-8" ?>
<!DOCTYPE OBzavody SYSTEM "data.dtd">
<OBzavody>
	<zavod zid="i110326004" typ="OZ">
		<datum><?php echo this.getDate("DD.MM.YYYY")?></datum>
		<misto>Prostejov</misto>
		<start>9:00</start>
		<poradajici_oddil zkratka="JPV">Zelezarny Prostejov</poradajici_oddil>
		<vzdalenosti>Start 1km, Cil 0,5km</vzdalenosti>
		<funkcionari>
			<reditel>ing. Pepa Novodvorsky</reditel>
			<stavitel>Tomas Raketa</stavitel>
			<rozhodci>Jozo Chlup - R2</rozhodci>
		</funkcionari>
		<delky_trati>
			<muzi>
				<H14>2,8km/90m</H14>
				<H18>4,1km/140m</H18>
				<H21>6,2km/235m</H21>
				<H35>4,3km/135m</H35>
			</muzi>
			<zeny>
				<D14>2,1km/70m</D14>
				<D18>3,3km/100m</D18>
				<D21>4,2km/155m</D21>
				<D35>3,3km/120m</D35>
			</zeny>
		</delky_trati>
		<poradatele>
			<poradatel oddil="JPV">Marek Velky</poradatel>
			<poradatel oddil="JPV">Tonda Bonda</poradatel>
			<poradatel oddil="JPV">Juraj Kukura</poradatel>
			<poradatel oddil="UOL">Jana Dlouha</poradatel>
		</poradatele>
		<pomocnici>
			Drsnej typan		<pomocnik jmeno="Luke" />
			Parkourista		<pomocnik jmeno="Bouraghe" />
			Hacker			<pomocnik jmeno="Ilu5ion" />
			Duchodce		<pomocnik jmeno="Josef Dobrovolny" />
		</pomocnici>
		<prezentace>Prezentace bude otevrena od 7:30 do 8:30 - cerveny stanek. (&pozn;)</prezentace>
		<mapa>Rakosnik 1:10000, stav 06/2010, e=2,5m</mapa>
		<!-- Nejaka blbost :-) -->
		<ostatni>
			<![CDATA[
				function min(a,b)
				{
					if (a < b) then
					{
					  return a;
					}
					else
					{
					  return b;
					}
				}
			]]>
		</ostatni>
	</zavod>
	<zavod zid="i110327010" typ="VOZ">
		<datum><?php echo this.getDate("DD.MM.YYYY")?></datum>
		<misto>Boskovice</misto>
		<start>10:30</start>
		<poradajici_oddil zkratka="KON">Konice</poradajici_oddil>
		<vzdalenosti>Start 1,5km, Cil 0,2km</vzdalenosti>
		<funkcionari>
			<reditel>dr. Jirka Nosek</reditel>
			<stavitel>Pavel Sova</stavitel>
			<rozhodci>Roman Kloucek - R1</rozhodci>
		</funkcionari>
		<delky_trati>
			<muzi>
				<H10>1,6km/80m</H10>
				<H12>3,0km/100m</H12>
				<H14>4,2km/180m</H14>
				<H18>7,8km/310m</H18>
				<H21>12,9km/490m</H21>
				<H35>9,0km/340m</H35>
				<H50>6,9km/280m</H50>
			</muzi>
			<zeny>
				<D12>1,6km/80m</D12>
				<D14>3,3km/120m</D14>
				<D21>9,2km/350m</D21>
				<D35>6,9km/280m</D35>				
			</zeny>
			<prichozi>5,0km/200m</prichozi>
		</delky_trati>
		<poradatele>
			<poradatel oddil="KON">Igor Bednar</poradatel>
			<poradatel oddil="KON">Katka Slunecna</poradatel>
			<poradatel oddil="KON">Tomas Ruzny</poradatel>
			<poradatel oddil="KON">Jonatan Votruba</poradatel>
			<poradatel oddil="KON">Kamil Karnik</poradatel>
			<poradatel oddil="TZL">Lidie Kolomaznikova</poradatel>
			<poradatel oddil="ZPV">Leos Batalion</poradatel>
		</poradatele>
		<prezentace>V modrobilem stanu vedle parkoviste, 8:00-10:00 (&pozn;)</prezentace>
		<mapa>Zloutenka 1:15000, stav 08/2008, e=5m</mapa>
	</zavod>
	<nej_vysledky>
		<!-- Odkaz na id zavodu -->
		<vysledek kod="i110326004">
			<H>
				<kat_H21>
					<Misto1>Ivan Frajer - 40:22</Misto1>
					<Misto2>John Iron - 40:45</Misto2>
					<Misto3>Vladan Kanec - 42:30</Misto3>
				</kat_H21>	
			</H>
		</vysledek>
		<!-- Odkaz na id zavodu -->
		<vysledek kod="i110327010">
			<D>
				<kat_D21>
					<Misto1>Bara Buclata - 37:35</Misto1>
					<Misto2>Karla Ticha - 40:40</Misto2>
					<Misto3>Valerie Burinkova - 41:06</Misto3>
				</kat_D21>
			</D>
		</vysledek>
	</nej_vysledky>
</OBzavody>
