<?xml version="1.0" encoding="UTF-8"?>

<!--Struktura dat pro školy základní,střední a vysoké-->
<Skoly>	
	<Skola name="cvut" typ="vysoka"  zalozeno="1902">
		<IDSkoly>1</IDSkoly>			
		<Adresa>
			<Nazev platny="true">České vysoké učení technické</Nazev>
			<Ulice>
				<JmenoSk>Technická</JmenoSk>
				<CisloPopisne>2</CisloPopisne>
			</Ulice>
			<Telefon>608224694</Telefon>
			<Fax>284659783</Fax>
			<Email>cvut@cvut.cz</Email>
			<Email>info@cvut.cz</Email>
			<Mesto>Praha</Mesto>
			<PSC>16000</PSC>
		</Adresa>
		<Ucitele>
			<Ucitel id="u_1" refPredmetu="p_1" refHlavniTrida="t_1">
				<KontaktniUdajeU>
					<Jmeno>Radim</Jmeno>
					<Prijmeni>Vlášek</Prijmeni>
					<Ulice>Uhlířova</Ulice>
					<CisloPopisne>1458</CisloPopisne>
					<PSC>14000</PSC>
					<Mesto>Praha</Mesto>
					<Telefon>269456715</Telefon>
					<Mobil>603896514</Mobil>
					<Email>radim.vlasek@seznam.cz</Email>
					<WWW>www.radimvlasek.cz</WWW>					
				</KontaktniUdajeU>
			</Ucitel>
			<Ucitel id="u_2" refPredmetu="p_1" refHlavniTrida="t_2">
				<KontaktniUdajeU>
					<Jmeno>Petr</Jmeno>
					<Prijmeni>Bobr</Prijmeni>
					<Ulice>Uhlířova</Ulice>
					<CisloPopisne>1458</CisloPopisne>					
					<PSC>14000</PSC>
					<Mesto>Praha</Mesto>
					<Telefon>269456715</Telefon>
					<Mobil>603896514</Mobil>
					<Email>radim.vlasek@seznam.cz</Email>
					<WWW>www.radimvlasek.cz</WWW>
				</KontaktniUdajeU>
			</Ucitel>
			<Ucitel id="u_3" refPredmetu="p_1" refHlavniTrida="t_2">
				<KontaktniUdajeU>
					<Jmeno>Jan</Jmeno>
					<Prijmeni>Uhlir</Prijmeni>
					<Ulice>Uhlířova</Ulice>
					<CisloPopisne>1458</CisloPopisne>					
					<PSC>14000</PSC>
					<Mesto>Praha</Mesto>
					<Telefon>269456715</Telefon>
					<Mobil>603896514</Mobil>
					<Email>radim.vlasek@seznam.cz</Email>
					<WWW>www.radimvlasek.cz</WWW>
				</KontaktniUdajeU>
				</Ucitel>
		</Ucitele>
		<Studenti>
			<Student id="s_1" refTridy="t_1">
				<KontaktniUdajeS>
					<Jmeno>Karel</Jmeno>
					<Prijmeni>Ptáček</Prijmeni>
					<Ulice>Lankova</Ulice>
					<CisloPopisne>876</CisloPopisne>
					<PSC>18000</PSC>
					<Mesto>Praha</Mesto>
					<Telefon>6048536</Telefon>					
					<Datum><?php echo Date("8.9.1994")?></Datum>
					<Pokrik><![CDATA[
						for (i=0; i < 10; i++)
						{ 
						document.writeln("<p>HAJO</p>");
						}
						]]>
					</Pokrik>
				</KontaktniUdajeS>
			</Student>
			<Student id="s_2" refTridy="t_1">
				<KontaktniUdajeS>
					<Jmeno>Jan</Jmeno>
					<Prijmeni>Zelinka</Prijmeni>
					<Ulice>Bubenčická</Ulice>
					<CisloPopisne>569</CisloPopisne>
					<PSC>18000</PSC>
					<Mesto>Praha</Mesto>
					<Telefon>6048536</Telefon>					
					<Datum><?php echo Date("8.9.1994")?></Datum>
					<Pokrik><![CDATA[
						for (i=0; i < 10; i++)
						{ 
						document.writeln("<p>HAJOLA</p>");
						}
						]]>
					</Pokrik>
				</KontaktniUdajeS>
			</Student>
			<Student id="s_3" refTridy="t_1">
				<KontaktniUdajeS>
					<Jmeno>Luboš</Jmeno>
					<Prijmeni>Zelinka</Prijmeni>
					<Ulice>Bubenčická</Ulice>
					<CisloPopisne>569</CisloPopisne>
					<PSC>18000</PSC>
					<Mesto>Praha</Mesto>
					<Telefon>789652345</Telefon>
					<Datum><?php echo Date("8.9.1994")?></Datum>
					<Pokrik><![CDATA[
						for (i=0; i < 10; i++)
						{ 
						document.writeln("<p>HAJOLA</p>");
						}
						]]>
					</Pokrik>
				</KontaktniUdajeS>
			</Student>
		</Studenti>
		<Predmety>
			<Predmet id="p_1" nazev="Počítačové sítě"/>	
			<Predmet id="p_2" nazev="Kódy a bezpečnost"/>
			<Predmet id="p_3" nazev="Účetnictví a finance"/>
			<Predmet id="p_4" nazev="Datové struktury a algoritmy"/>
			<Predmet id="p_5" nazev="Java"/>		
			<Predmet id="p_6" nazev="Matematická analýza"/>		
		</Predmety>
		<Tridy>
			<Trida id="t_1">
				<Umisteni>Leve kridlo</Umisteni>
			</Trida>
			<Trida id="t_2">
				<Budova>G</Budova>
			</Trida>
		</Tridy>
	</Skola>
	<Skola name="czu" typ="vysoka">
		<IDSkoly>1</IDSkoly>
		<Adresa>
			<Nazev>České zemědělská univerzita</Nazev>
			<Ulice>
				<JmenoSk>Kamýcká</JmenoSk>
				<CisloPopisne>129</CisloPopisne>
			</Ulice>
			<Telefon>284659784</Telefon>
			<Fax>284659783</Fax>
			<Email>czu@czu.cz</Email>
			<Mesto>Praha</Mesto>
			<PSC>16000</PSC>
		</Adresa>
		<Ucitele>
			<Ucitel id="czuu_1" refPredmetu="czup_1" refHlavniTrida="czut_1">
				<KontaktniUdajeU>
					<Jmeno>Radim</Jmeno>
					<Prijmeni>Vlášek</Prijmeni>
					<Ulice>Uhlířova</Ulice>
					<CisloPopisne>1458</CisloPopisne>					
					<PSC>14000</PSC>
					<Mesto>Praha</Mesto>
					<Telefon>269456715</Telefon>
					<Mobil>603896514</Mobil>
					<Email>radim.vlasek@seznam.cz</Email>
					<WWW>www.radimvlasek.cz</WWW>
				</KontaktniUdajeU>
			</Ucitel>
			<Ucitel id="czuu_2" refPredmetu="czup_1" refHlavniTrida="czut_2">
				<KontaktniUdajeU>
					<Jmeno>Petr</Jmeno>
					<Prijmeni>Bobr</Prijmeni>
					<Ulice>Uhlířova</Ulice>
					<CisloPopisne>1458</CisloPopisne>					
					<PSC>14000</PSC>
					<Mesto>Praha</Mesto>
					<Telefon>269456715</Telefon>
					<Mobil>603896514</Mobil>
					<Email>radim.vlasek@seznam.cz</Email>
					<WWW>www.radimvlasek.cz</WWW>
				</KontaktniUdajeU>
			</Ucitel>
			<Ucitel id="czuu_3" refPredmetu="czup_1" refHlavniTrida="czut_2">
				<KontaktniUdajeU>
					<Jmeno>Jan</Jmeno>
					<Prijmeni>Uhlir</Prijmeni>
					<Ulice>Uhlířova</Ulice>
					<CisloPopisne>1458</CisloPopisne>					
					<PSC>14000</PSC>
					<Mesto>Praha</Mesto>
					<Telefon>269456715</Telefon>
					<Mobil>603896514</Mobil>
					<Email>radim.vlasek@seznam.cz</Email>
					<WWW>www.radimvlasek.cz</WWW>
				</KontaktniUdajeU>
			</Ucitel>
		</Ucitele>
		<Studenti>
			<Student id="czus_1" refTridy="czut_1">
				<KontaktniUdajeS>
					<Jmeno>Petr</Jmeno>
					<Prijmeni>Fazolka</Prijmeni>
					<Ulice>Krčská</Ulice>
					<CisloPopisne>876</CisloPopisne>
					<PSC>18000</PSC>
					<Mesto>České Budějovice</Mesto>
					<Telefon>239845367</Telefon>
					<Datum><?php echo Date("8.9.1994")?></Datum>
					<Pokrik><![CDATA[
						for (i=0; i < 10; i++)
						{ 
						document.writeln("<p>HAJOKO</p>");
						}
						]]>
					</Pokrik>
				</KontaktniUdajeS>
			</Student>
		</Studenti>
		<Predmety>
			<Predmet id="czup_1" nazev="Věda filosofie a společnost"/>	
			<Predmet id="czup_2" nazev="Matematika"/>
			<Predmet id="czup_3" nazev="Zemědělský systémy"/>
			<Predmet id="czup_4" nazev="Ekonomicko matematický metody"/>
			<Predmet id="czup_5" nazev="Tělocvik"/>		
		</Predmety>
		<Tridy>
			<Trida id="czut_1">
				<Umisteni>Leve kridlo</Umisteni>
			</Trida>
			<Trida id="czut_2">
				<Budova>G</Budova>
			</Trida>
		</Tridy>
	</Skola>
</Skoly>
