<charts>
    <chart chart_id="1">
        <name>New Heaven Chart</name>
        <list>
            <song song_id="5" place="1"/>
            <song song_id="7" place="2"/>
            <song song_id="2" place="3"/>
            <song song_id="5" place="4"/>
            <song song_id="1" place="5"/>
        </list>
    </chart>
    <chart chart_id="2">
        <name>Boombox Chart</name>
        <list>
            <song song_id="52" place="1"/>
            <song song_id="15" place="2"/>
            <song song_id="19" place="3"/>
            <song song_id="25" place="4"/>
            <song song_id="67" place="5"/>
            <song song_id="21" place="6"/>
            <song song_id="5" place="7"/>
            <song song_id="34" place="8"/>
            <song song_id="25" place="9"/>
            <song song_id="66" place="10"/>
        </list>
    </chart>
    <chart chart_id="3">
        <name>Wabbajack Chart</name>
        <list>
            <song song_id="1" place="1"/>
            <song song_id="53" place="2"/>
            <song song_id="52" place="3"/>
            <song song_id="21" place="4"/>
            <song song_id="5" place="5"/>
            <song song_id="51" place="6"/>
            <song song_id="67" place="7"/>
            <song song_id="24" place="8"/>
            <song song_id="51" place="9"/>
            <song song_id="12" place="10"/>
        </list>
    </chart>
    <chart chart_id="4">
        <name>BoomstickFM Chart</name>
        <list>
            <song song_id="12" place="1"/>
            <song song_id="22" place="2"/>
            <song song_id="32" place="3"/>
            <song song_id="42" place="4"/>
            <song song_id="52" place="5"/>
        </list>
    </chart>
</charts>