<?xml version="1.0" encoding="UTF-8"?>
<!DOCTYPE ZaznamyOZapasech SYSTEM "data.dtd">

<ZaznamyOZapasech>
<Zapas id = "Z1">
	<!-- Zakladni udaje o zapasu, status znamena, zda byl zapas z hlediska chovani fanousku rizikovy, ci nikoli.-->
	<UdajeOZapasu>
		<DatumKonani>25.2. 2012</DatumKonani>
		<MistoKonani>Praha</MistoKonani>
		<Status>&status1;</Status>		
	</UdajeOZapasu>
	<!-- Vysledek zapasu a zakladni udaje o obou tymech.-->
	<Vysledek>
		<!-- Info o domacim tymu, poctu branek, trestnych minut a strel behem zapasu. Dale info o zazemi tymu a nekterych osobach-->
		<Domaci goly = "5" trestneminuty = "8" strely = "35">Česká republika
			<PocetHracu>28</PocetHracu>
			<Trener licence = "ano">
				<Jmeno>Alois</Jmeno>
				<Prijmeni>Hadamczik</Prijmeni>
				<Vek>52</Vek>
				<Narodnost>Česká</Narodnost>
				<Honorar/>
			</Trener>
			<Kapitan>
				<Jmeno>Tomáš</Jmeno>
				<Prijmeni>Rolinek</Prijmeni>
				<Vek>32</Vek>
				<Narodnost>Česká</Narodnost>
				<DatumNarozeni>17.2.1980</DatumNarozeni>			
				<Vyska>177</Vyska>
				<Vaha>87</Vaha>
				<Pozice>Útočník</Pozice>
				<Hul>Levá</Hul>
				<Cislo>60</Cislo>				
			</Kapitan>
			<DomaciStadion>O2 Arena
				<Adresa>
					<Ulice>Českomoravská</Ulice>
					<C.P.>2345/17</C.P.>
					<PSC>190 93</PSC>
					<Mesto>Praha</Mesto>
					<Stat>Česká republika</Stat>
				</Adresa>
			</DomaciStadion>
		</Domaci>
		<!-- Info o hostujicim tymu, poctu branek, trestnych minut a strel behem zapasu. Dale info o zazemi tymu a nekterych osobach-->
		<Hoste goly = "2" trestneminuty = "16" strely = "26">Rusko
			<PocetHracu>24</PocetHracu>
			<Trener>
				<Jmeno>Vjaceslav</Jmeno>
				<Prijmeni> Bykov</Prijmeni>
				<Vek>53</Vek>
				<Narodnost>Ruská</Narodnost>
				<Honorar/>
			</Trener>
			<Kapitan>
				<Jmeno>Alexander</Jmeno>
				<Prijmeni>Radulov</Prijmeni>
				<Vek>26</Vek>
				<Narodnost>Ruská</Narodnost>
				<DatumNarozeni>5.7.1986</DatumNarozeni>
				<Vyska>187</Vyska>
				<Vaha>93</Vaha>
				<Pozice>Útočník</Pozice>
				<Hul>Levá</Hul>
				<Cislo>47</Cislo>				
			</Kapitan>
			<DomaciStadion>  <![CDATA["Russia & Narodnia Arena"]]> 
				<Adresa>
					<Ulice>Khodynka avenue</Ulice>
					<C.P.>3</C.P.>
					<PSC>125252</PSC>
					<Mesto>Moskva</Mesto>
					<Stat>Rusko</Stat>
				</Adresa>
			</DomaciStadion>
		</Hoste>
	</Vysledek>
	<!-- Pocet divaku, kteri dorazili na utkani.-->
	<Divaci>
		<PocetDivaku>17689</PocetDivaku>		
	</Divaci>
	<!-- Seznam rozhodcich, kteri zapas ridili. Carovi rozhodci podlehaji hlavnimu rozhocimu.-->
	<Rozhodci>
		<Hlavni kodRozhodciho = "M1">
			<Jmeno>Josef</Jmeno>
			<Prijmeni>Mlynář</Prijmeni>
		</Hlavni>
		<Carovy> 
			<Jmeno>Dimitri</Jmeno>
			<Prijmeni>Guskulov</Prijmeni>
			<Podleha nadrizeny = "M1"/>
		</Carovy>
		<Carovy>
			<Jmeno>Oli</Jmeno>
			<Prijmeni>Latvala</Prijmeni>
			<Podleha nadrizeny = "M1"/>
		</Carovy>
	</Rozhodci>
	<!-- Zaznamy ze zapasu, nejsou povinne-->
	<Videozaznam cesta = "video1.avi" delka = "20">Video1</Videozaznam>
	<Videozaznam cesta = "video2.avi" delka = "15">Video2</Videozaznam>
	<NaposledyZobrazeno><?php echo Date("d.m.Y")?></NaposledyZobrazeno>		
</Zapas>
<Zapas id = "Z2">
	<!-- Zakladni udaje o zapasu, status znamena, zda byl zapas z hlediska chovani fanousku rizikovy, ci nikoli.-->
	<UdajeOZapasu>		
		<DatumKonani>29.3. 2012</DatumKonani>
		<MistoKonani>Helsinky</MistoKonani>
		<Status>&status1;</Status>		
	</UdajeOZapasu>
	<!-- Vysledek zapasu a zakladni udaje o obou tymech.-->
	<Vysledek>
		<!-- Info o domacim tymu, poctu branek, trestnych minut a strel behem zapasu. Dale info o zazemi tymu a nekterych osobach-->
		<Domaci goly = "3" trestneminuty = "12" strely = "21">Finsko
			<PocetHracu>26</PocetHracu>
			<Trener licence = "ne">
				<Jmeno>Juka</Jmeno>
				<Prijmeni>Jalonen</Prijmeni>
				<Vek>58</Vek>
				<Narodnost>Finská</Narodnost>
				<Honorar/>
			</Trener>
			<Kapitan>
				<Jmeno>Oli</Jmeno>
				<Prijmeni>Jokinen</Prijmeni>
				<Vek>28</Vek>
				<Narodnost>Finská</Narodnost>
				<DatumNarozeni>18.2.1984</DatumNarozeni>			
				<Vyska>185</Vyska>
				<Vaha>94</Vaha>
				<Pozice>Útočník</Pozice>
				<Hul>Levá</Hul>
				<Cislo>6</Cislo>				
			</Kapitan>
			<DomaciStadion>Hartval Arena
				<Adresa>
					<Ulice>Helsinky Avenue</Ulice>
					<C.P.>23568/17</C.P.>
					<PSC>255987</PSC>
					<Mesto>Helsinky</Mesto>
					<Stat>Finsko</Stat>
				</Adresa>
			</DomaciStadion>
		</Domaci>
		<!-- Info o hostujicim tymu, poctu branek, trestnych minut a strel behem zapasu. Dale info o zazemi tymu a nekterych osobach-->
		<Hoste goly = "1" trestneminuty = "4" strely = "26">Švédsko
			<PocetHracu>24</PocetHracu>
			<Trener>
				<Jmeno>Ben Oke</Jmeno>
				<Prijmeni> Gustavson</Prijmeni>
				<Vek>48</Vek>
				<Narodnost>Švédská</Narodnost>
				<Honorar/>
			</Trener>
			<Kapitan>
				<Jmeno>Mats</Jmeno>
				<Prijmeni>Sundin</Prijmeni>
				<Vek>40</Vek>
				<Narodnost>Švédská</Narodnost>
				<DatumNarozeni>5.7.1972</DatumNarozeni>
				<Vyska>187</Vyska>
				<Vaha>85</Vaha>
				<Pozice>Útočník</Pozice>
				<Hul>Levá</Hul>
				<Cislo>40</Cislo>				
			</Kapitan>
			<DomaciStadion>Globen
				<Adresa>
					<Ulice>Stockholm Avenue</Ulice>
					<C.P.>18</C.P.>
					<PSC>125252541</PSC>
					<Mesto>Stockholm</Mesto>
					<Stat>Švédsko</Stat>
				</Adresa>
			</DomaciStadion>
		</Hoste>
	</Vysledek>
	<!-- Pocet divaku, kteri dorazili na utkani.-->
	<Divaci>
		<PocetDivaku>15458</PocetDivaku>		
	</Divaci>
	<!-- Seznam rozhodcich, kteri zapas ridili. Carovi rozhodci podlehaji hlavnimu rozhocimu.-->
	<Rozhodci>
		<Hlavni kodRozhodciho = "M2">
			<Jmeno>Dimitri</Jmeno>
			<Prijmeni>Guskulov</Prijmeni>
		</Hlavni>
		<Carovy> 
			<Jmeno>Martin</Jmeno>
			<Prijmeni>Hradil</Prijmeni>
			<Podleha nadrizeny = "M2"/>
		</Carovy>
		<Carovy>
			<Jmeno>Oli</Jmeno>
			<Prijmeni>Latvala</Prijmeni>
			<Podleha nadrizeny = "M2"/>
		</Carovy>
	</Rozhodci>
	<!-- Zaznamy ze zapasu, nejsou povinne-->
	<Videozaznam cesta = "video1.avi" delka = "15">Video1</Videozaznam>
	<Videozaznam cesta = "video2.avi" delka = "28">Video2</Videozaznam>
	<NaposledyZobrazeno><?php echo Date("d.m.Y")?></NaposledyZobrazeno>		
</Zapas>	
</ZaznamyOZapasech>
