<?xml version="1.0" encoding="UTF-8"?>
<univerzita 
	xmlns:xsi="http://www.w3.org/2001/XMLSchema-instance"
	xsi:noNamespaceSchemaLocation="data.xsd">
	<!-- Udaje o univerzite -->
	<udaje>
		<nazov>Univerzita Kralova v Praze</nazov>
		<skratka>UK</skratka>
		<rok_zalozenia>1348</rok_zalozenia>
		<telefon>(+420)224491850</telefon>
		<fax>224491895</fax>
		<www>www.cuni.cz</www>
	</udaje>

	<fakulta id="MFFUK">
			<!-- Udaje o fakulte -->
			<fak_udaje>
				<nazov>Matematicko-fyzikální fakulta </nazov>
				<skratka>MFF</skratka>
				<rok_zalozenia>1952</rok_zalozenia>
				<telefon>221911111</telefon>
				<www>http://www.mff.cuni.cz/</www>
				<dekan>prof. RNDr. Zdeněk Němeček, DrSc.</dekan>
				<sidlo>M</sidlo>
			</fak_udaje>
			<budovy_a_arealy>
				<!-- Lokality v ktorych ma fakulta budovy -->
				<lokalita nazov="Karlov">
					<!-- Budovy v danej lokalite -->
					<budova znacenie="M">
						<adresa>
							<ulica>Ke Karlovu</ulica>
							<cis_ulice>3</cis_ulice>
							<mesto PSC="12116">Praha 2</mesto>
						</adresa>
					</budova>
					<budova znacenie="F">
						<adresa>
							<ulica>Ke Karlovu</ulica>
							<cis_ulice>5</cis_ulice>
							<mesto>Praha 2</mesto>
						</adresa>
					</budova>
				</lokalita>
				<lokalita nazov="Mala Strana">
					<budova znacenie="S">
						<adresa>
							<ulica>Malostranské nám.</ulica>
							<cis_ulice>25</cis_ulice>
							<mesto PSC="11800">Praha 1</mesto>
						</adresa>
					</budova>
				</lokalita>
			</budovy_a_arealy>
			
		</fakulta>
</univerzita>
