<?xml version="1.0" encoding="UTF-8"?>
<musicians>
    <musician>
        <first_name>Imelda</first_name>
        <last_name>May</last_name>
        <instrument>vocal</instrument>
        <plays_in leader="yes">b01</plays_in>
    </musician>
    
    <musician>
        <first_name>Darrel</first_name>
        <last_name>Higham</last_name>
        <instrument>guitar</instrument>        
        <plays_in leader="no">b01</plays_in>
    </musician>
    
    <musician>
        <first_name>Steve</first_name>
        <last_name>Rushton</last_name>
        <instrument>drums</instrument>
        <plays_in leader="no">b01</plays_in>
    </musician>
    
    <musician>
        <first_name>Geoff</first_name>
        <last_name>Wilkinson</last_name>
        <instrument>beats</instrument>
        <plays_in leader="yes">b02</plays_in>
    </musician>
    
    <musician>
        <first_name>Bryan</first_name>
        <last_name>Corbett</last_name>
        <instrument>trumpet</instrument>
        <plays_in leader="no">b02</plays_in>
    </musician>
    
    <musician>
        <first_name>Ed</first_name>
        <last_name>Jones</last_name>
        <instrument>sax</instrument>
        <plays_in leader="no">b02</plays_in>
    </musician>
    
    <musician>
        <first_name>Elizabeth</first_name>
        <last_name>Grant</last_name>
        <instrument>vocals</instrument>
        <plays_in leader="yes">b03</plays_in>
    </musician>
    
</musicians>
