<?xml version="1.0" encoding="UTF-8"?>  
<knihovna>
    <centrala id="c1">
        <oddeleni >
            <nazev>vedeni</nazev>
            <personal>
                <zamestnanec id="c1z1">
                    <pobockaId>zamestnanec6</pobockaId>
                </zamestnanec>
                <zamestnanec id="c1z2">
                    <pobockaId>zamestnanec2</pobockaId>
                </zamestnanec>
            </personal>
            
            
            <pododdeleni>
                <oddeleni>  
                    <nazev>marketing</nazev>
                    <personal>
                        <zamestnanec id="c1z1">
                            <pobockaId>zamestnanec3</pobockaId>
                        </zamestnanec>
                        <zamestnanec id="c1z2">
                            <pobockaId>zamestnanec4</pobockaId>
                        </zamestnanec>
                    </personal>
                    
                </oddeleni >
                <oddeleni>
                    <nazev>knihovnicni sluzby</nazev>
                    <pododdeleni>
                        <oddeleni> 
                            <nazev>udrzba</nazev>
                            <personal>
                                <zamestnanec id="c1z1">
                                    <pobockaId>zamestnanec1</pobockaId>
                                </zamestnanec>
                                <zamestnanec id="c1z2">
                                    <pobockaId>zamestnanec5</pobockaId>
                                </zamestnanec>
                            </personal>
                            
                        </oddeleni>
                    </pododdeleni>
                </oddeleni>
                              
            </pododdeleni>
        
        </oddeleni>
        
    </centrala>
</knihovna>
