<?xml version="1.0" encoding="UTF-8"?>
<record_label 
    xmlns:xsi="http://www.w3.org/2001/XMLSchema-instance"
    xsi:noNamespaceSchemaLocation="data.xsd">

    <name>Good Music Label</name>
    <address>
        <country>USA</country>
        <city>New York</city>
        <street>Sunny</street>
        <house_number>1</house_number>
        <city_code>3X5 A1</city_code>
    </address>

    <associated_people>
        <person id="p1">
            <surname>Barbara</surname>
            <lastname>Saint</lastname>
            <date_of_birth>1969-11-10</date_of_birth>
        </person>
        
        <person id="p2">
            <surname>Paul</surname>
            <lastname>McCartney</lastname>
            <!-- <date_of_birth>1969&#45;11&#45;10</date_of_birth> -->
        </person>

        <person id="p3">
            <surname>John</surname>
            <lastname>Lennon</lastname>
        </person>

        <person id="p4">
            <surname>George</surname>
            <lastname>Harrison</lastname>
        </person>
        
        <person id="p5">
            <surname>Ringo</surname>
            <lastname>Starr</lastname>
        </person>

        <person id="p6">
            <surname>Elton Hercules</surname>
            <lastname>John</lastname>
        </person>

    </associated_people>

    <owner idref="p1"/>

    <artists>
        <solo_artist a_id="a1" idref="p1" >
            <artist_name>Lady Aha</artist_name>
            <genre>pop</genre>
        </solo_artist>

        <band a_id="a2">
            <artist_name>Beatles</artist_name>
            <genre>rock</genre>
            <band_member idref="p2">
                <position>vocals</position>
                <position>bassguitar</position>
            </band_member>

            <band_member idref="p3" >
                <position>vocals</position>
                <position>guitar</position>
            </band_member>

            <band_member idref="p4">
                <position>guitar</position>
                <position>vocals</position>
            </band_member>

            <band_member idref="p5">
                <position>drums</position>
            </band_member>
        </band>

        <solo_artist a_id="a3" idref="p2">
            <artist_name>Paul McCartney</artist_name>
            <genre>pop</genre>
        </solo_artist>

        <solo_artist a_id="a4" idref="p3">
            <artist_name>John Lennon</artist_name>
            <genre>rock</genre>
        </solo_artist>

        <solo_artist a_id="a5" idref="p6">
            <artist_name>Elton John</artist_name> 
            <genre>pop</genre>
        </solo_artist>

    </artists>

    <records>
        <record a_idref="a1">
            <title>aha</title>
            <track length="14:41">part 1</track>
            <track length="16:41">part 2</track>
        </record>

        <record a_idref="a2">
            <title>Best of Beatles</title>
            <track>let it be</track>
            <track>yesterday</track>
            <track>oh darling</track>
        </record>

        <record a_idref="a4">
            <title>Imagine special edition</title>
            <track length="3:32">Imagine</track>
        </record>

        <record a_idref="a5">
            <title> Tiny Dancer special edition</title>
            <track length="6:17"> Tiny Dancer</track>
        </record> 
    </records>

</record_label>

