<?xml version="1.0" encoding="UTF-8"?> <!--prolog-->
<recepty xmlns:xsi="http://www.w3.org/2001/XMLSchema-instance" 
	xsi:noNamespaceSchemaLocation="data.xsd">
	
	<recept autor="U1" kategorie="desert" hodnoceni="1"> 
		<titulek>Bananova zmrzlina</titulek>
		<doba-pripravy jednotka="hodina">1</doba-pripravy>
		<suroviny>
			<surovina>
				<nazev>banan</nazev>
				<mnozstvi>2ks</mnozstvi>
				<puvod>
					<stat>Ekvádor</stat>
				</puvod>
			</surovina>
			<surovina>
				<nazev>smetana</nazev>
				<mnozstvi>200ml</mnozstvi>
			</surovina>
		</suroviny>
		<popis>
			Neprve udelane to a to a potom to a to a máme hotovo
		</popis>
		<obtiznost>Tento recept je $tag;</obtiznost>
	</recept>
	
	<recept autor="U1" kategorie="desert" hodnoceni="1"> 
		<titulek>Jahodova zmrzlina</titulek>
		<doba-pripravy jednotka="hodina">1</doba-pripravy>
		<suroviny>
			<surovina>
				<nazev>jahody</nazev>
				<mnozstvi>10ks</mnozstvi>
			</surovina>
			<surovina>
				<nazev>smetana</nazev>
				<mnozstvi>200ml</mnozstvi>
			</surovina>
		</suroviny>
		<popis>
			Neprve udelane to a to a potom to a to a máme hotovo
		</popis>
		<obtiznost>Tento recept je $tag;</obtiznost>
	</recept>
	
	<uzivatel uid="U1">
		<jmeno>michal</jmeno>
		<prijmeni>rezabek</prijmeni>
		<email>mail@mail.com</email>
		<pozdrav><?php echo "ahoj"; ?></pozdrav>
	</uzivatel>
</recepty>