<?xml version="1.0" encoding="UTF-8"?>
<!DOCTYPE Interprets SYSTEM "data.dtd">
<Interprets>
	<Interpret InterpretID="I1">
		<Name>Venetian Snares</Name>
		<RealName>Aaron Funk</RealName>
		<Born>January 11, 1975, Winnipeg, Manitoba, Canada</Born>
		<Albums>
			<Album AlbumID="A1">
				<AlbumName>Rossz Csillag Alatt Született</AlbumName>
				<Genre>IDM, Classical music, Breakcore</Genre>
				<Released>March 15, 2005</Released>
				<Label>Planet Mu</Label>
				<Rating Rank="4,8" Votes="536"/>
				<Prize>20$</Prize>
				<SoldOut>No</SoldOut>
				<Store>Amazon.com</Store>
				<Versions>
					<Version Code="ZIQ111CD" Format="CD"/>
					<Version Code="ZIQ111" Format="2x12"/>
				</Versions>
				<Description>
					<?php echo "Last Modified" DATABASE.GETDATE()?>
				Rossz csillag alatt született (Hungarian pronunciation: &HungaryWord;) is a 2005 album by breakcore artist Venetian Snares with rating <Rating Rank="4,8" Votes="536"/>, released on the Planet Mu label. Inspired by an earlier journey of Aaron Funk's to Hungary, the album title and all of the track names are in Hungarian; Rossz csillag alatt született translates to "Born Under a Bad Star," a Hungarian expression which means "cursed from birth." Stylistically, the album consists of classical strings and brass combined with breakbeats.
			<![CDATA[
					This is CDATA section
					document.writeln(DATABASE.GETDATE()); ]]></Description>
			</Album>
			<Album AlbumID="A2">
				<AlbumName>My So-Called Life</AlbumName>
				<Genre>Breakcore</Genre>
				<Released>September 8, 2010</Released>
				<Label>Timesig, Planet Mu</Label>
				<Rating Rank="4,19" Votes="69"/>
				<Versions>
					<Version Code="Timesig001CD" Format="CD"/>
					<Version Code="Timesig001LP" Format="2x12"/>
				</Versions>
				<RelatedAlbum AlbumID="A3" />
			</Album>
		</Albums>
	</Interpret>
	<Interpret InterpretID="I2">
		<Name>Divtech</Name>
		<Albums>
			<Album AlbumID="A3">
				<AlbumName>Music Is Dead</AlbumName>
				<Genre>Thrash, Breakcore</Genre>
				<Released>Nov 2010</Released>
				<Label>Divtech Self-Release</Label>
				<Rating Rank="5" Votes="1"/>
				<Versions>
					<Version Code="S1" Format="CD"/>
				</Versions>
			</Album>
		</Albums>
	</Interpret>
</Interprets>
