<?xml version="1.0" encoding="UTF-8"?>
<evidence>
	<datum_vypisu>2014-04-20</datum_vypisu>


	<sluzebni_cesty>
		<sluzebni_cesta id="sluzebni_cesta-1" zamestnanec="zamestnanec-1" ucel="konference" schvalil="zamestnanec-2">
			<pocatek_cesty>
				<misto>Praha</misto>
				<datum>2012-01-12</datum>
			</pocatek_cesty>
			<konec_cesty>
				<misto>Praha</misto>
				<datum>2012-01-15</datum>
			</konec_cesty>
			<mesto>Ostrava</mesto>
			<stat>ČR</stat>
			<vyuctovani>
				<jizdne mena="CZK" cena="1000"/>
				<noclezne mena="CZK" cena="3000"/>
				<stravne mena="CZK" cena="1000"/>
				<dalsi_vydaje mena="CZK" cena="1500"/>
			</vyuctovani>
			<shrnuti_cesty>
				Konference na téma "Použití NoSQL databazí při řízení tlakovodních reaktorů typu VVER" byla velmi zásadní pro budoucí směřování celého lidstva.
			</shrnuti_cesty>
			<html_odkazy>
				<ul>
					<li>
						<a href="http://en.wikipedia.org/wiki/NoSQL">NoSQL</a>
					</li>
					<li>
						<a href="http://en.wikipedia.org/wiki/VVER">VVER</a>
					</li>
				</ul>
			</html_odkazy>
		</sluzebni_cesta>
		<sluzebni_cesta id="sluzebni_cesta-2" zamestnanec="zamestnanec-5" ucel="skoleni" schvalil="zamestnanec-2">
			<pocatek_cesty>
				<misto>Praha</misto>
				<datum>2012-03-02</datum>
			</pocatek_cesty>
			<konec_cesty>
				<misto>Plzeň</misto>
				<datum>2012-03-03</datum>
			</konec_cesty>
			<mesto>Brno</mesto>
			<stat>ČR</stat>
			<vyuctovani>
				<jizdne mena="CZK" cena="1400"/>
				<noclezne mena="CZK" cena="500"/>
				<stravne mena="CZK" cena="300"/>
			</vyuctovani>
			<shrnuti_cesty>
				Školení na téma administrace MongoDB. Pro dopravu bylo použito <auto_ref id="auto-3">služební auto</auto_ref>, které bylo zanecháno v Plzni.
			</shrnuti_cesty>
			<html_odkazy>
				<ul>
					<li>
						<a href="http://www.mongodb.org/">MongoDB</a>
					</li>
					<li>
						<a href="http://cs.wikipedia.org/wiki/Plze%C5%88">Plzeň</a>
					</li>
				</ul>
			</html_odkazy>
		</sluzebni_cesta>
		<sluzebni_cesta id="sluzebni_cesta-3" zamestnanec="zamestnanec-5" ucel="ostatni" schvalil="zamestnanec-5">
			<pocatek_cesty>
				<misto>Plzeň</misto>
				<datum>2012-03-28</datum>
			</pocatek_cesty>
			<konec_cesty>
				<misto>Praha</misto>
				<datum>2012-03-28</datum>
			</konec_cesty>
			<mesto>Písek</mesto>
			<stat>ČR</stat>
			<vyuctovani>
				<jizdne mena="CZK" cena="600"/>
				<dalsi_vydaje mena="CZK" cena="200"/>
			</vyuctovani>
			<shrnuti_cesty>
				<auto_ref id="auto-3">Služební auto</auto_ref> bylo převezeno zpátky do Prahy.
			</shrnuti_cesty>
		</sluzebni_cesta>
		<sluzebni_cesta id="sluzebni_cesta-4" zamestnanec="zamestnanec-3" ucel="klient" schvalil="zamestnanec-3">
			<pocatek_cesty>
				<misto>Praha</misto>
				<datum>2012-08-23</datum>
			</pocatek_cesty>
			<konec_cesty>
				<misto>Praha</misto>
				<datum>2012-08-31</datum>
			</konec_cesty>
			<mesto>Cadarache</mesto>
			<stat>Francie</stat>
			<zahranicni/>
			<vyuctovani>
				<jizdne mena="EUR" cena="500"/>
				<noclezne mena="EUR" cena="650"/>
				<stravne mena="EUR" cena="500"/>
				<dalsi_vydaje mena="EUR" cena="340"/>
			</vyuctovani>
			<shrnuti_cesty>
				Nasazení databáze OrientDB do ostrého provozu pro obsluhu termonukleárního reaktoru ITER.
			</shrnuti_cesty>
		</sluzebni_cesta>
		<sluzebni_cesta id="sluzebni_cesta-5" zamestnanec="zamestnanec-1" ucel="ostatni" schvalil="zamestnanec-2">
			<pocatek_cesty>
				<misto>Praha</misto>
				<datum>2012-12-12</datum>
			</pocatek_cesty>
			<konec_cesty>
				<misto>Praha</misto>
				<datum>2012-12-12</datum>
			</konec_cesty>
			<mesto>Jičín</mesto>
			<stat>ČR</stat>
			<vyuctovani>
				<jizdne mena="CZK" cena="800"/>
				<stravne mena="CZK" cena="200"/>
				<dalsi_vydaje mena="CZK" cena="300"/>
			</vyuctovani>
			<shrnuti_cesty>
				Objednání výroby reklamních transparentů s nápisem "Českomoravská společnost pro šíření NoSQL databází do jaderných elektráren s. r. o." velikosti 2mx4m v počtu 250 kusů, každý za 500 Kč. Celková cena byla <![CDATA[ document.writeln(250*500); ]]></shrnuti_cesty>
		</sluzebni_cesta>
		<sluzebni_cesta id="sluzebni_cesta-6" zamestnanec="zamestnanec-3" ucel="klient" schvalil="zamestnanec-2">
			<pocatek_cesty>
				<misto>Praha</misto>
				<datum>2013-04-06</datum>
			</pocatek_cesty>
			<konec_cesty>
				<misto>Praha</misto>
				<datum>2013-04-29</datum>
			</konec_cesty>
			<mesto>New York</mesto>
			<stat>USA</stat>
			<zahranicni/>
			<vyuctovani>
				<jizdne mena="USD" cena="2300"/>
				<noclezne mena="USD" cena="4600"/>
				<stravne mena="USD" cena="3000"/>
				<dalsi_vydaje mena="USD" cena="2900"/>
			</vyuctovani>
			<shrnuti_cesty>
				Postupné proškolení zaměstnanců elektráren z východního pobřeží USA pro používání NoSQL databází. Služební cesty se také zúčastnil <zamestnanec_ref id="zamestnanec-5">Ondřej Mladý</zamestnanec_ref>
			</shrnuti_cesty>
		</sluzebni_cesta>
		<sluzebni_cesta id="sluzebni_cesta-7" zamestnanec="zamestnanec-5" ucel="klient" schvalil="zamestnanec-1">
			<pocatek_cesty>
				<misto>Praha</misto>
				<datum>2013-04-06</datum>
			</pocatek_cesty>
			<konec_cesty>
				<misto>Praha</misto>
				<datum>2013-04-29</datum>
			</konec_cesty>
			<mesto>New York</mesto>
			<stat>USA</stat>
			<zahranicni/>
			<vyuctovani>
				<jizdne mena="USD" cena="2300"/>
				<noclezne mena="USD" cena="4600"/>
				<stravne mena="USD" cena="3000"/>
				<dalsi_vydaje mena="USD" cena="1500"/>
			</vyuctovani>
			<shrnuti_cesty>
				Postupné proškolení zaměstnanců elektráren z východního pobřeží USA pro používání NoSQL databází. Služební cesty se také zúčastnil <zamestnanec_ref id="zamestnanec-3">Jiří Říha</zamestnanec_ref>
			</shrnuti_cesty>
		</sluzebni_cesta>
		<sluzebni_cesta id="sluzebni_cesta-8" zamestnanec="zamestnanec-2" ucel="ostatni" schvalil="zamestnanec-2">
			<pocatek_cesty>
				<misto>Praha</misto>
				<datum>2013-06-17</datum>
			</pocatek_cesty>
			<konec_cesty>
				<misto>Praha</misto>
				<datum>2013-06-19</datum>
			</konec_cesty>
			<mesto>Brno</mesto>
			<stat>ČR</stat>
			<vyuctovani>
				<jizdne mena="CZK" cena="1400"/>
				<noclezne mena="CZK" cena="3000"/>
				<stravne mena="CZK" cena="1800"/>
				<dalsi_vydaje mena="CZK" cena="2000"/>
			</vyuctovani>
			<shrnuti_cesty>
				Série prezentací na Brněnských vysokých školách za účelem nabrání dalších zaměstnanců do Českomoravská společnost pro šíření NoSQL databází do jaderných elektráren s. r. o.. Bylo použito <auto_ref id="auto-4">služební auto</auto_ref>
			</shrnuti_cesty>
		</sluzebni_cesta>
		<sluzebni_cesta id="sluzebni_cesta-9" zamestnanec="zamestnanec-1" ucel="klient" schvalil="zamestnanec-1">
			<pocatek_cesty>
				<misto>Praha</misto>
				<datum>2013-12-24</datum>
			</pocatek_cesty>
			<konec_cesty>
				<misto>Praha</misto>
				<datum>2013-12-26</datum>
			</konec_cesty>
			<mesto>Jaslovské Bohunice</mesto>
			<stat>Slovenská republika</stat>
			<zahranicni/>
			<vyuctovani>
				<jizdne mena="EUR" cena="150"/>
				<noclezne mena="EUR" cena="70"/>
				<stravne mena="CZK" cena="60"/>
				<dalsi_vydaje mena="CZK" cena="55"/>
			</vyuctovani>
			<shrnuti_cesty>
				Řešení neočekáváného problému v databázi, který vedl k havárii stupně 6 (těžká havárie) podle mezinárodní stupnice jaderných událostí. Byla nahrána záloha databáze, na příčinu problému se nepřišlo, snad už se problém nebude opakovat.
			</shrnuti_cesty>
			<html_odkazy>
				<ul>
					<li>
						<a href="http://en.wikipedia.org/wiki/International_Nuclear_Event_Scale">International Nuclear Event Scale</a>
					</li>
					<li>
						<a href="http://cs.wikipedia.org/wiki/Jadern%C3%A1_elektr%C3%A1rna_Jaslovsk%C3%A9_Bohunice">Jaderná elektrárna Jaslovské Bohunice</a>
					</li>
				</ul>
			</html_odkazy>
		</sluzebni_cesta>
		<sluzebni_cesta id="sluzebni_cesta-10" zamestnanec="zamestnanec-1" ucel="konference" schvalil="zamestnanec-2">
			<pocatek_cesty>
				<misto>Praha</misto>
				<datum>2014-01-12</datum>
			</pocatek_cesty>
			<konec_cesty>
				<misto>Praha</misto>
				<datum>2014-01-19</datum>
			</konec_cesty>
			<mesto>Berlín</mesto>
			<stat>Německo</stat>
			<zahranicni/>
			<vyuctovani>
				<jizdne mena="EUR" cena="140"/>
				<noclezne mena="EUR" cena="540"/>
				<stravne mena="EUR" cena="320"/>
				<dalsi_vydaje mena="EUR" cena="500"/>
			</vyuctovani>
			<shrnuti_cesty>
				Konference na téma "Jak předcházet haváriím jaderných elektráren způsobených problémem v databázi".
			</shrnuti_cesty>
		</sluzebni_cesta>
		<sluzebni_cesta id="sluzebni_cesta-11" zamestnanec="zamestnanec-4" ucel="klient" schvalil="zamestnanec-1">
			<pocatek_cesty>
				<misto>Praha</misto>
				<datum>2014-01-23</datum>
			</pocatek_cesty>
			<konec_cesty>
				<misto>Praha</misto>
				<datum>2014-01-30</datum>
			</konec_cesty>
			<mesto>Fukušima</mesto>
			<stat>Japonsko</stat>
			<zahranicni/>
			<vyuctovani>
				<jizdne mena="JPY" cena="160000"/>
				<noclezne mena="JPY" cena="80000"/>
				<stravne mena="JPY" cena="75000"/>
				<dalsi_vydaje mena="JPY" cena="140000"/>
			</vyuctovani>
			<shrnuti_cesty>
				Jednání o zavedení databáze MongoDB do kritických částí elektrárny Fukušima.
			</shrnuti_cesty>
			<html_odkazy>
				<ul>
					<li>
						<a href="http://en.wikipedia.org/wiki/Fukushima,_Fukushima">Fukushima</a>
					</li>
				</ul>
			</html_odkazy>
		</sluzebni_cesta>
	</sluzebni_cesty>
</evidence>
