<?xml version="1.0" encoding="UTF-8"?>
<!DOCTYPE knihovni_jednotky SYSTEM "I:\5. škola\FF Psychologie\PŘEDNÁŠKY\Technologie XML\cvičení\1. Úkol - knihovna.dtd">
<knihovni_jednotky>
	<knihovna nazev="Moje knihovna" majitel="Silwer"/>
	<kniha cislo="12">
		<!--knihy nejsou seřazené podle čísla-->
		<druh_vydani/>
		<nazev>Mistrovství v C++</nazev>
		<autor>Stephen Prata &amp; Stephen Prata</autor>
		<původ>
			<zdroj>internet
						<!--upresneni>Uložto.cz</upresneni-->
			</zdroj>
			<datum_získání>
				<rok>2011</rok>
				<mesic>1</mesic>
			</datum_získání>
			<cena/>
		</původ>
		<informace>
			<obor>
				<hlavni>&it;</hlavni>
				<podobor>Programování</podobor>
			</obor>
			<vydání>
				<cislo>3</cislo>
				<datum_vydání><?php echo Date("d.m.Y")?></datum_vydání>
				<jazyk>czech</jazyk>
				<pocet_stran>1120</pocet_stran>
				<rok_prvniho_vydani>2001</rok_prvniho_vydani>
			</vydání>
			<ISBN>978-80-251-1749-1</ISBN>
		</informace>
		<umisteni>
			<regal>15</regal>
			<police>35</police>
			<poradi>1</poradi>
			<znacka>it</znacka>
		</umisteni>
		<priloha/>
		<ukázka>
		<![CDATA[
			int main(void)
			 10: {
			 11:     int x = -1;
			 12:     int navrat;
			 13:     printf("Na jake cislo myslim? Hadej mezi %2i a %2i: ", MIN, MAX);
			
			 15:     navrat = scanf("%i", &x);
			
			 17:     if (navrat == EOF) {
			 18:         printf("\ascanf nemuze cist. Je uzavren standardni vstup stdin\n");
			 19:         return 1;                /* ukoncime funkci main -> konec programu */
			 20:     } else if (navrat != 1) {        /* chceme nacist 1 polozku */
			 21:         printf("\aNezadal jsi cislo!\n");
			 22:         return 1;
			 23:     }
		]]>
		</ukázka>
	</kniha>
	<!--poznámka>
		kniha číslo <ref cislo="12">1</ref> je rozečtená
	</poznámka-->
</knihovni_jednotky>
