<?xml version="1.0" encoding="UTF-8"?>
<!DOCTYPE FOTBALOVY_ZAPAS SYSTEM "data.dtd">
<FOTBALOVY_ZAPAS>
	<LIGA>Hraje se &liga;</LIGA>
	<!--tym hostu-->
	<TYM ID_tymu="id_hostu" domacihoste = "hoste" vyhra_kontumacne="ne">
		<SESTAVA>
			<UTOK>
				<HRAC>
					<JMENO>Pavel Horvát</JMENO>
				</HRAC>
				<HRAC>
					<JMENO>Petr Čech</JMENO>
				</HRAC>
				<HRAC>
					<JMENO>Honza Novák</JMENO>
				</HRAC>
			</UTOK>
			<ZALOHA>
				<HRAC>
					<JMENO>Honza Novák</JMENO>
				</HRAC>
				<HRAC>
					<JMENO>Honza Novák</JMENO>
				</HRAC>
				<HRAC>
					<JMENO>Honza Novák</JMENO>
				</HRAC>
				<HRAC>
					<JMENO>Honza Novák</JMENO>
				</HRAC>
			</ZALOHA>
			<OBRANA>
				<HRAC>
					<JMENO>Honza Novák</JMENO>
				</HRAC>
				<HRAC>
					<JMENO>Honza Novák</JMENO>
				</HRAC>
				<HRAC>
					<JMENO>Honza Novák</JMENO>
				</HRAC>
			</OBRANA>
			<BRANKAR>
				<HRAC>
					<JMENO>Petr Čech</JMENO>
				</HRAC>
			</BRANKAR>
			<LAVICKA>
				<HRAC>
					<JMENO>Honza Novák</JMENO>
				</HRAC>
				<HRAC>
					<JMENO>Honza Novák</JMENO>
				</HRAC>
				<HRAC>
					<JMENO>Honza Novák</JMENO>
				</HRAC>
			</LAVICKA>
		</SESTAVA>
		<TRENER>
			<JMENO>Michal Novák</JMENO>
		</TRENER>
	</TYM>
	<!--tym domacich-->
	<TYM ID_tymu="id_domaci" domacihoste = "domaci" vyhra_kontumacne="ne">
		<SESTAVA>
			<UTOK>
				<HRAC>
					<JMENO>Petr Novák</JMENO>
				</HRAC>
				<HRAC>
					<JMENO>Petr Novák</JMENO>
				</HRAC>
			</UTOK>
			<ZALOHA>
				<HRAC>
					<JMENO>Petr Novák</JMENO>
				</HRAC>
				<HRAC>
					<JMENO>Petr Novák</JMENO>
				</HRAC>
				<HRAC>
					<JMENO>Petr Novák</JMENO>
				</HRAC>
				<HRAC>
					<JMENO>Petr Novák</JMENO>
				</HRAC>
			</ZALOHA>
			<OBRANA>
				<HRAC>
					<JMENO>Petr Novák</JMENO>
				</HRAC>
				<HRAC>
					<JMENO>Petr Novák</JMENO>
				</HRAC>
				<HRAC>
					<JMENO>Petr Novák</JMENO>
				</HRAC>
				<HRAC>
					<JMENO>Petr Novák</JMENO>
				</HRAC>
			</OBRANA>
			<BRANKAR>
				<HRAC>
					<JMENO>Petr Čech</JMENO>
				</HRAC>
			</BRANKAR>
			<LAVICKA>
				<HRAC>
					<JMENO>Petr Novák</JMENO>
				</HRAC>
				<HRAC>
					<JMENO>Petr Novák</JMENO>
				</HRAC>
				<HRAC>
					<JMENO>Petr Novák</JMENO>
				</HRAC>
			</LAVICKA>
		</SESTAVA>
		<TRENER>
			<JMENO>David Novák</JMENO>
		</TRENER>
	</TYM>
	
	<ROZHODCI>
		<JMENO>Pepa Podlý</JMENO>
	</ROZHODCI>
	<STADION>
		<ADRESA></ADRESA>
		<KAPACITA></KAPACITA>
	</STADION>
	<DATUM><?php echo Date("d.m.Y") ?>></DATUM>
	<CAS></CAS>
	<VYSLEDEK domaci="id_domaci" hoste="id_hostu" />
	<KOMENTAR>
		<![CDATA[
			
			document.writeln("&liga;");
			
		]]>
		<AUTOR>
			<JMENO>Adam Novák</JMENO>
		</AUTOR>
	</KOMENTAR>
	<PRILOHA/>
</FOTBALOVY_ZAPAS>
