<?xml version="1.0" encoding="utf-8"?>
<!DOCTYPE evidence SYSTEM "cv1.dtd">
<evidence>
    <!-- Seznam automobilu -->
    <automobily>
        <automobil majitel="R1" vin="TMBEFF414S1000537" spz="1AX 2310">
            <druh>osobní</druh>
            <typ znacka="Škoda" model="Octavia" verze="Tour"/>
            <barva>modrá metalíza <![CDATA[kód výrobce: 2004&12 #12]]></barva>
        </automobil>

        <automobil majitel="R2" vin="WVWZZZ1KZ5W783096" spz="2B3 1256">
            <druh>nákladní</druh>
            <typ znacka="Volkswagen" model="Transporter"/>
            <barva>bílá</barva>
        </automobil>
    </automobily>

    <!-- Seznam ridicu -->
    <ridici>
        <ridic id="R1" vlastnikRP="ano" body="9">
            <jmeno>
                <krestni>Jan</krestni>
                <prijmeni>Novotny</prijmeni>
            </jmeno>

            <vlastnik>
                <!-- Vlastni Octávku -->
                <ref>Škoda Octavia <vinref vin="TMBEFF414S1000537"/></ref>
            </vlastnik>

            <prestupky>
                <prestupek body="3" datum="12-10-2010">
                    Držení telefonního přístroje nebo jiného hovorového nebo
                    záznamového zařízení v ruce nebo jiným způsobem při řízení
                    vozidla
                </prestupek>
            </prestupky>
        </ridic>

        <!-- Má 0 bodů, tedy mu byl sebrán řidičský průkaz -->
        <ridic id="R2" vlastnikRP="ne" body="0">
            <jmeno>
                <krestni>Josef</krestni>
                <prijmeni>Problémový</prijmeni>
            </jmeno>
            <vlastnik>
                <ref><vinref vin="WVWZZZ1KZ5W783096"/></ref>
            </vlastnik>
            <prestupky>
                <prestupek datum="20-1-1995">
                    &rychlost20;
                </prestupek>
                <prestupek datum="12-5-1996">
                    &rychlost40;
                </prestupek>
                <prestupek datum="5-3-1998">
                    &prednost;
                </prestupek>
                <prestupek datum="12-10-2000">
                    &rychlost20;
                </prestupek>
                <prestupek body="2" datum="12-11-2005">
                    &rychlost20;
                </prestupek>
                <prestupek body="2" datum="4-5-2006">
                    &rychlost20;
                </prestupek>
                <prestupek body="6" datum="23-2-2007">
                    &predjizdeni;
                </prestupek>
                <prestupek body="5" datum="12-7-2008">
                    &rychlost40;
                </prestupek>
                <prestupek body="2" datum="12-18-2008">
                    &rychlost20;
                </prestupek>
                <prestupek datum="12-9-2008">
                    &bezRP;
                    <?php include_once "db_conn"; print_zaznam_soudu(); ?>
                </prestupek>
            </prestupky>
        </ridic>

        <ridic id="R3" vlastnikRP="ano" body="12">
            <jmeno>
                <krestni>Jan</krestni>
                <prijmeni>Novák</prijmeni>
            </jmeno>

            <vlastnik>
            </vlastnik>

            <prestupky>
            </prestupky>
        </ridic>
    </ridici>
</evidence>
