<?xml version="1.0" encoding="UTF-8"?>
<adresar xmlns:xsi="http://www.w3.org/2001/XMLSchema-instance" xsi:noNamespaceSchemaLocation="Z:\Dropbox\XML\tomal7am\project\uloha5\data.xsd">
	<subjekty>
		<subjekt sid="s1">
			<nazev>Triada</nazev>
			<zkratka>spol. s r.o.</zkratka>
			<ICO>43524542</ICO>
			<DIC>CZ53425524</DIC>
			<oddelenia>
				<oddeleni oid="o1">
					<nazev>Uctarna</nazev>
					<osoby>
						<osoba pid_ref="p5"/>
					</osoby>
					<adresa aid_ref="a1"/>
					<e-mail eid="e2">
						uctarna@triada.cz
					</e-mail>
					<ucet uid="u1">
						<cisloUctu>53425234</cisloUctu>
						<kodBanky>0300</kodBanky>
					</ucet>
					<kontakt typ="tel" kid="k3">
						<cislo>
							734567894
						</cislo>
					</kontakt>
				</oddeleni>
				<oddeleni oid="o2">
					<nazev>Vyvoj SW</nazev>
					<osoby>
						<osoba pid_ref="p2"/>
						<osoba pid_ref="p3"/>
						<osoba pid_ref="p4"/>
					</osoby>
					<adresa aid_ref="a1"/>
					<e-mail eid="e1">
							sw@triada.cz
						</e-mail>
					<kontakt typ="tel" kid="k2">
						<cislo>
								733543876
							</cislo>
					</kontakt>
					<kontakt typ="Skype" kid="k4">
						<cislo>
										sw_trida
								</cislo>
					</kontakt>
				</oddeleni>
			</oddelenia>
			<osoby>
				<osoba pid="p1">
					<titulP>RNDr.</titulP>
					<jmeno>Jan</jmeno>
					<prijemni>Brychta</prijemni>
					<adresa aid_ref="a1"/>
					<e-mail eid="e3">brychta@triada.cz</e-mail>
					<kontakt typ="tel" kid="k5">
						<cislo>425456782</cislo>
					</kontakt>
				</osoba>
				<osoba pid="p2">
					<titulP>Mgr.</titulP>
					<jmeno>Tomas</jmeno>
					<prijemni>Lechner</prijemni>
					<adresa aid_ref="a1"/>
					<e-mail eid="e4">lechner@triada.cz</e-mail>
					<kontakt typ="tel" kid="k6">
						<cislo>425456783</cislo>
					</kontakt>
					<boss>Brychta</boss>
				</osoba>
				<osoba pid="p3">
					<titulP>Bc.</titulP>
					<jmeno>Petr</jmeno>
					<prijemni>Vavro</prijemni>
					<adresa aid_ref="a1"/>
					<e-mail eid="e5">vavro@triada.cz</e-mail>
					<kontakt typ="tel" kid="k7">
						<cislo>425456784</cislo>
					</kontakt>
					<boss>Brychta</boss>
				</osoba>
				<osoba pid="p4">
					<jmeno>Lukas</jmeno>
					<prijemni>Tomasy</prijemni>
					<adresa aid_ref="a1"/>
					<e-mail eid="e6">tomasy@triada.cz</e-mail>
					<kontakt typ="ICQ" kid="k9">
						<cislo>332227722</cislo>
					</kontakt>
					<kontakt typ="tel" kid="k8">
						<cislo>425456785</cislo>
					</kontakt>
					<boss>Lechner</boss>
				</osoba>
				<osoba pid="p5">
					<titulP>Ing.</titulP>
					<jmeno>Monika</jmeno>
					<prijemni>Matisova</prijemni>
					<adresa aid_ref="a1"/>
					<e-mail eid="e7">matisova@triada.cz</e-mail>
					<boss>Brychta</boss>
				</osoba>
			</osoby>
			<adresa aid="a1">
				<ulice>U Svobodarny</ulice>
				<cisloP>12</cisloP>
				<obec>Praha 9</obec>
				<PSC>199 00</PSC>
				<stat>Ceska republika</stat>
			</adresa>
			<e-mail eid="e8">info@trida.cz</e-mail>
			<datova_schranka did="d1">triada21314</datova_schranka>
			<kontakt typ="tel" kid="k1">
				<cislo>445222333</cislo>
			</kontakt>
		</subjekt>
	</subjekty>
</adresar>
