<?xml version="1.0" encoding="UTF-8"?>
<!DOCTYPE Skoly SYSTEM "data.dtd">
<Skoly>
	<Skola name="cvut">
		<Adresa>
			<Nazev>České vysoké učení technické</Nazev>
			<Ulice>
				<JmenoSk>Technická</JmenoSk>
				<CisloPopisne>2</CisloPopisne>
			</Ulice>
			<Telefon>284659784</Telefon>
			<Fax>284659783</Fax>
			<Email>cvut@cvut.cz</Email>
			<Mesto>Praha</Mesto>
			<PSC>16000</PSC>
		</Adresa>
		<Ucitele>
			<Ucitel id="u_1" refPredmetu="p_1" refHlavniTrida="t_1">
				<KontaktniUdajeU>
					<JmenoU>Radim</JmenoU>
					<PrijmeniU>Vlášek</PrijmeniU>
					<UliceU>Uhlířova</UliceU>
					<CisloPopisneU>1458</CisloPopisneU>
					<TelefonU>269456715</TelefonU>
					<MobilU>603896514</MobilU>
					<EmailU>radim.vlasek@seznam.cz</EmailU>
					<WWWU>www.radimvlasek.cz</WWWU>
					<PSCU>14000</PSCU>
					<MestoU>Praha</MestoU>
				</KontaktniUdajeU>
			</Ucitel>
		</Ucitele>
		<Studenti>
			<Student id="s_1" refTridy="t_1">
				<KontaktniUdajeS>
					<JmenoS>Karel</JmenoS>
					<PrijmeniS>Ptáček</PrijmeniS>
					<UliceS>Lankova</UliceS>
					<CisloPopisneS>876</CisloPopisneS>
					<TelefonS>6048536</TelefonS>
					<PSCS>18000</PSCS>
					<MestoS>Praha</MestoS>
				</KontaktniUdajeS>
			</Student>
		</Studenti>
		<Predmety>
			<Predmet id="p_1" nazev="Chemie"/>	
			<Predmet id="p_2" nazev="Biologie"/>
			<Predmet id="p_3" nazev="Matematika"/>
			<Predmet id="p_4" nazev="Zeměpis"/>
			<Predmet id="p_5" nazev="Psychologie"/>		
		</Predmety>
		<Tridy>
			<Trida id="t_1">
				<Umisteni>Leve kridlo</Umisteni>
			</Trida>
		</Tridy>
	</Skola>
</Skoly>
