<?xml version="1.0" encoding="windows-1250"?>
<?xml-stylesheet type="text/xsl" href="data.xsl"?>
<!-- XML dokument obsahujuci data o skole -->
<!-- <!DOCTYPE school SYSTEM "data.dtd"> -->
<school>
  <!-- Platobne kategorie ucitelov -->
  <payment-categories>
    <pcategory id="p1">
      <base>25000</base>
    </pcategory>
  </payment-categories>
  
  <!-- Zoznam ucitelov -->
  <teachers>
    <teacher id="t1">
      <firstname>John</firstname>
      <surname>Doe</surname>
      <town>Nowhere</town>
      <ZIP>12345</ZIP>
      <street>Elm street</street>
      <telephone type="home">+1-555-45-63</telephone>
      <telephone type="mobile">+1-555-78-90</telephone>
      <email>john.doe@school.gov</email>
      <capability level="low">Physics</capability>
      <capability level="high">Mathematics</capability>
      <salary category="p1">
        <perks>Stravovaci listek</perks>
        <amount>16325</amount>
        <bank-connection>
             <account>123456-8965</account>
             <bank-code>1100</bank-code>
             <description>Salary</description>
        </bank-connection>
      </salary>
      <!-- Den, ked ucitel je dozorom -->
      <duty id="u8" day="wednesday" />
      <duty id="u1" day="tuesday" />
    </teacher>
    <teacher id="t2">
      <firstname>Sue</firstname>
      <surname>Thomas</surname>
      <town>Nowhere</town>
      <ZIP>12345</ZIP>
      <street>Elm street</street>
      <telephone type="home">+1-555-77-98</telephone>
      <telephone type="mobile">+1-555-55-12</telephone>
      <email>sue.thomas@school.gov</email>
      <capability level="high">Literature</capability>
      <salary category="p1">
        <perks>Stravovaci listek</perks>
        <amount>15500</amount>
        <bank-connection>
             <account>234567-1212</account>
             <bank-code>7800</bank-code>
             <description>Salary</description>
        </bank-connection>
      </salary>
    </teacher>
    <teacher id="t3">
      <firstname>Thomas</firstname>
      <surname>Parker</surname>
      <town>Nowhere</town>
      <ZIP>12345</ZIP>
      <street>Elm street</street>
      <telephone type="home">+1-555-11-22</telephone>
      <telephone type="mobile">+1-555-44-82</telephone>
      <email>thomas.parker@school.gov</email>
      <capability level="high">Chemics</capability>
      <salary category="p1">
        <amount>13750</amount>
        <bank-connection>
             <account>981234-7676</account>
             <bank-code>7800</bank-code>
             <description>Salary</description>
        </bank-connection>
      </salary>
      <duty id="u2" day="thursday" />
    </teacher>
    <teacher id="t4">
      <firstname>John</firstname>
      <surname>Mitchelle</surname>
      <town>Nowhere</town>
      <ZIP>12345</ZIP>
      <street>Elm street</street>
      <telephone type="home">+1-555-33-46</telephone>
      <telephone type="mobile">+1-555-98-82</telephone>
      <email>john.mitchelle@school.gov</email>
      <capability level="high">Geography</capability>
      <salary category="p1">
        <amount>14650</amount>
        <bank-connection>
             <account>345621-4566</account>
             <bank-code>4587</bank-code>
             <description>Salary</description>
        </bank-connection>
      </salary>
    </teacher>
  </teachers>

  <!-- Zoznam ziakov -->
  <students>
    <student id="s1" class="c1">
       <s-firstname>John</s-firstname>
       <s-surname>Doe II</s-surname>
       <mark subject="math" datetime="5.3.2012-11:35">5</mark>
       <absence from="1.3.2012-10:35" to="3.3.2012-15:35" confirmed="no">
          <description>
	     <![CDATA[
		     document.writeln("<i>Illness</i>");
	     ]]>
	  </description>
       </absence>
       <absence from="6.3.2012-10:35" to="7.3.2012-10:35" confirmed="yes">
          <description><?php echo("Illness"); ?></description>
       </absence>
    </student>
    <student id="s2" class="c1">
       <s-firstname>Mary</s-firstname>
       <s-surname>Clarck</s-surname>
       <mark subject="literature" datetime="5.3.2012-10:35">1</mark>
       <warning datetime="8.3.2012-11:42" teacher="t1">
          <description>
		      She doesn't have her textbook for the third time in the school year &school-year; .
	      </description>
       </warning>
    </student>
    <student id="s3" class="c1">
       <s-firstname>Thomas</s-firstname>
       <s-surname>Fail</s-surname>
       <mark subject="literature" datetime="12.3.2012-10:42">5</mark>
       <mark subject="literature" datetime="13.3.2012-11:35">5</mark>
       <mark subject="literature" datetime="14.3.2012-10:25">5</mark>
       <mark subject="literature" datetime="15.3.2012-12:12">3</mark>
       <mark subject="literature" datetime="16.3.2012-14:33">5</mark>
    </student>

  </students>

  <!-- Zoznam tried -->
  <classes>
    <class id="c1">
       <name>I.A</name>
       <class-teacher teacher="t1" />
    </class>
  </classes>

</school>
