<?xml version="1.0" encoding="UTF-8"?>
<knihovna>
  
  <tituly>
    
    <titul kod="t1" jazyk="en" zanry="detektivka">
      <nazev>Dramatic Story</nazev>
      <rok>1990</rok>
      <autor><jmeno>John</jmeno><prijmeni>Strange</prijmeni></autor>
      <autor><jmeno>Peter</jmeno><prijmeni>Funny</prijmeni></autor>
      <upoutavka/>
      <exemplare>
        <kniha signatura="t1k1"><stran>150</stran></kniha>
        <cd signatura="t1c1"><delka>90</delka></cd>
        <kniha signatura="t1k2"><stran>150</stran></kniha>
      </exemplare>
    </titul>

    <titul kod="t2" jazyk="cs" zanry="kuchařka">
      <nazev>Nejlepší recepty</nazev>
      <rok>2005</rok>
      <autor><jmeno>Petra</jmeno><prijmeni>Souteživá</prijmeni></autor>
      <exemplare>
      </exemplare>
    </titul>

    <titul kod="t3" jazyk="cs" zanry="učebnice">
      <nazev>Moje čítanka</nazev>
      <rok>1999</rok>
      <autor><jmeno>Alena</jmeno><prijmeni>Pečlivá</prijmeni></autor>
      <autor><jmeno>Jan</jmeno><prijmeni>Hodný</prijmeni></autor>
      <exemplare>
        <kniha signatura="t3k1"><stran>75</stran></kniha>
        <kniha signatura="t3k2"><stran>75</stran></kniha>
        <kniha signatura="t3k3"><stran>50</stran></kniha>
        <kniha signatura="t3k4"><stran>50</stran></kniha>
      </exemplare>
    </titul>

    <titul kod="t4" jazyk="en" zanry="kuchařka učebnice">
      <nazev>Interactive Cooking</nazev>
      <rok>2010</rok>
      <exemplare>
        <cd signatura="t4c1"><delka>45</delka></cd>
        <cd signatura="t4c2"><delka>45</delka></cd>
      </exemplare>
    </titul>
    
  </tituly>
  
  <ctenari>
    
    <ctenar cislo="c1">
      <jmeno>Karel</jmeno>
      <prijmeni>Zvědavý</prijmeni>
      <bydliste>
        <ulice>Čtenářská</ulice>
        <cp>15</cp>
        <obec>Praha</obec>
        <psc>18000</psc>
      </bydliste>
      <rc>881122/1234</rc>
      <email>karel88@spam.ru</email>
      <mobil>723123456</mobil>
    </ctenar>

    <ctenar cislo="c2">
      <jmeno>Veronika</jmeno>
      <prijmeni>Čtivá</prijmeni>
      <bydliste>
        <obec>Praha</obec>
        <psc>12116</psc>
        <ulice>Hlavní</ulice>
        <cp>77</cp>
      </bydliste>
      <rc>955501/4321</rc>
      <email>veronika@email.cz</email>
      <email>v.ctiva@email.cz</email>
      <telefon>800123456</telefon>
    </ctenar>

    <ctenar cislo="c3">
      <jmeno>Lukáš</jmeno>
      <prijmeni>Vnímavý</prijmeni>
      <bydliste>
        <ulice>Vítězná</ulice>
        <cp>1024</cp>
        <obec>Praha</obec>
        <psc>14000</psc>
      </bydliste>
      <rc>900909/2233</rc>
      <email>lukas@email.cz</email>
      <telefon>251314728</telefon>
    </ctenar>
    
  </ctenari>
  
  <vypujcky>

    <vypujcka ctenar="c1" signatura="t1k1" stav="vraceno">
      <pujceno>2011-08-15</pujceno>
      <vraceno>2011-08-10</vraceno>
      <poznamka>
        Zapůjčena kniha <exemplar signatura="t1k1"/> titulu <titul kod="t1"/> čtenářem <ctenar cislo="c1"/>
      </poznamka>
    </vypujcka>

    <vypujcka ctenar="c2" signatura="t3k4" stav="vraceno">
      <pujceno>2012-01-07</pujceno>
      <vraceno>2012-02-29</vraceno>
    </vypujcka>
    
    <vypujcka ctenar="c2" signatura="t1k1" stav="vraceno">
      <pujceno>2012-01-07</pujceno>
      <vraceno>2012-02-27</vraceno>
    </vypujcka>
    
    <vypujcka ctenar="c2" signatura="t4c1" stav="pujceno">
      <pujceno>2012-02-11</pujceno>
      <poznamka>
        Zapůjčeno CD <exemplar signatura="t4c1"/> titulu <titul kod="t4"/> čtenářem <ctenar cislo="c2"/>
      </poznamka>
    </vypujcka>
    
    <vypujcka ctenar="c1" signatura="t3k4" stav="vraceno">
      <pujceno>2012-03-01</pujceno>
      <vraceno>2012-03-05</vraceno>
    </vypujcka>
    
    <vypujcka ctenar="c2" signatura="t1k1" stav="pujceno">
      <pujceno>2012-03-01</pujceno>
      <poznamka>
        Zapůjčena kniha <exemplar signatura="t1k1"/> titulu <titul kod="t1"/> čtenářem <ctenar cislo="c2"/>
      </poznamka>
    </vypujcka>
    
  </vypujcky>
  
</knihovna>