﻿<?xml version="1.0" encoding="UTF-8"?>
<!-- Databáze turnaje v libovolné online FPS počítačové hře -->
<fpstournament>
	<teams>
		<!-- Týmy účastnící se turnaje -->
		<team id="t01">
			<name>Skill3rz</name>
			<members count="4"/>
			<created year="2011" month="7" day="13">
				<founder id="p04"/>
			</created>
			<leader id="p04"/>
			<statistics>
				<season year="2012">
					<win count="8"/>
					<loss count="3"/>
					<draw count="1"/>
				</season>
				<season year="2013">
					<win count="6"/>
					<loss count="4"/>
					<draw count="2"/>
				</season>
			</statistics>
		</team>
		<team id="t02">
			<name>N00bs</name>
			<members count="5"/>
			<created year="2010" month="11" day="26">
				<founder id="p09"/>
			</created>
			<leader id="p12"/>
			<statistics>
				<season year="2011">
					<win count="3"/>
					<loss count="7"/>
					<draw count="0"/>
				</season>
				<season year="2012">
					<win count="4"/>
					<loss count="6"/>
					<draw count="1"/>
				</season>
				<season year="2013">
					<win count="9"/>
					<loss count="2"/>
					<draw count="0"/>
				</season>
			</statistics>
		</team>
		<team id="t03">
			<name>ThePunishers</name>
			<members count="3"/>
			<created year="2012" month="4" day="2">
				<founder id="p02"/>
			</created>
			<leader id="p02"/>
		</team>
	</teams>
	<players>
		<!-- Hráči účastnící se turnaje -->
		<player id="p01" level="3" team="t03">
			<name>HawkEye</name>
		</player>
		<player id="p02" level="55" team="t03">
			<name>Destroyer</name>
		</player>
		<player id="p03" level="3" team="t02">
			<name>FluffyBunny</name>
		</player>
		<player id="p04" level="36" team="t01">
			<name>TheOne</name>
		</player>
		<player id="p05" level="24" team="t01">
			<name>Killer</name>
		</player>
		<player id="p06" level="75" team="t02">
			<name>Slime</name>
		</player>
		<player id="p07" level="1">
			<name>HaXXor</name>
		</player>
		<player id="p08" level="68" team="t01">
			<name>YouWillDie</name>
		</player>
		<player id="p09" level="23" team="t02">
			<name>Noob</name>
		</player>
		<player id="p10" level="7" team="t01">
			<name>Atomic</name>
		</player>
		<player id="p11" level="16" team="t03">
			<name>NeverSayNever</name>
		</player>
		<player id="p12" level="99" team="t02">
			<name>Nguyen</name>
		</player>
		<player id="p13" level="5" team="t02">
			<name>Cheater</name>
		</player>
	</players>
	<matches>
		<!-- Jednotlivé zápasy turnaje -->
		<match id="m01" teamA="t01" teamB="t02" mode="CTF">
			<date year="2014" month="3" day="5"/>
			<score teamA="2" teamB="5"/>
			<comment><![CDATA[ The best player was <b>]]><reference id="p03">FluffyBunny</reference><![CDATA[</b> from team <b>]]><reference id="t02">N00bs</reference><![CDATA[</b>.]]></comment>
		</match>
		<match id="m02" teamA="t01" teamB="t03" mode="Assault">
			<date year="2014" month="3" day="6"/>
			<score teamA="5" teamB="5"/>
		</match>
		<match id="m03" teamA="t02" teamB="t03" mode="CP">
			<date year="2014" month="3" day="7"/>
			<score teamA="17" teamB="3"/>
			<comment><![CDATA[ The best player was <b>]]><reference id="p03">FluffyBunny</reference><![CDATA[</b> from team <b>]]><reference id="t02">N00bs</reference><![CDATA[</b>.]]></comment>
		</match>
	</matches>
	<today>
		<!-- Naprosto zbytečný element, jen jsem nevěděl, jak zakomponovat instrukce pro zpracování -->
		<?php echo Date("d.m.Y")?>
	</today>
</fpstournament>