<?xml version="1.0" encoding="utf-8"?>
<cms xmlns:xsi="http://www.w3.org/2001/XMLSchema-instance" xsi:noNamespaceSchemaLocation="data.xsd">
	<categories>
		<category id="category-1">
			<category-name>Computers</category-name>
			<category id="category-1-1">
				<category-name>Programming</category-name>
				<category id="category-1-1-1">
					<category-name>.NET</category-name>
				</category>
				<category id="category-1-1-2">
					 <category-name>C/C++</category-name>
				</category>
				<category id="category-1-1-3">
					<category-name>HTML/CSS/JS</category-name>
				</category>
				<category id="category-1-1-4">
					<category-name>PHP</category-name>
				</category>
			</category>
			<category id="category-1-2">
				<category-name>Applications</category-name>
			</category>
			<category id="category-1-3">
				<category-name>Operation Systems</category-name>
			</category>
		</category>
		<category id="category-2">
			<category-name>Business</category-name>
			<category id="category-2-1">
				<category-name>Marketing</category-name>
			</category>
			<category id="category-2-2">
				<category-name>Management</category-name>
			</category>
		</category>
		<category id="category-3">
			<category-name>Other</category-name>
		</category>
	</categories>

	<authors>
		<author id="author-1">
			<author-name>Frank Smith</author-name>
			<author-email>frank@smithfamily.com</author-email>
		</author>
		<author id="author-2">
			<author-name>Michael V. Holmes</author-name>
			<author-email>mvh@gmail.com</author-email>
		</author>
		<author id="author-3">
			<author-name>Jim Nickelback</author-name>
			<author-email>jimmy@hotmail.com</author-email>
		</author>
		<author id="author-4">
			<author-name>New author</author-name>
			<author-email></author-email>
		</author>
	</authors>

	<articles>
		<article date="2008-02-17" id="article-1">
			<article-author>
				<article-author-id id="author-1"/>
			</article-author>
			<title>"Hello World" in PHP</title>
			<description>First tutorial for programming in PHP.</description>
			<related id="article-2"/>
			<keywords>
				<keyword>PHP</keyword>
				<keyword>tutorial</keyword>
				<keyword>hello world</keyword>
			</keywords>
			<language>en</language>
			
			<!-- multiple categories -->
			<article-category id="category-1-1-4"/>
			<article-category id="category-1-1"/>
			<article-category id="category-1"/>
			<content>
				To create a Hello World application in PHP, use the following
				source code:
				<![CDATA[
					<?php
						echo "Hello, World!\n";
					?>
				]]>
				After running this code, you should see the following output:
				<?php echo "Hello, World!\n"; ?>
				See also
				<article-ref id="article-2">next tutorial</article-ref>
				.
			</content>
			<image-url>http://www.example.com/image1.gif</image-url>
			<comments>
				<comment>
					<comment-author>John Doe</comment-author>
					<comment-date>2008-02-18</comment-date>
					<comment-content>Great article!</comment-content>
					<comment>
						<comment-author>Jim Beam</comment-author>
						<comment-date>2008-02-19</comment-date>
						<comment-content>Sure thing!</comment-content>
					</comment>
				</comment>
			</comments>
		</article>
		<article date="2008-02-11" id="article-2" new="new">
			<!-- non-existing author -->
			<article-author>
				<author-name>Jack Simpson III.</author-name>
				<author-email>jacks@gmail.com</author-email>
			</article-author>
			<title>Other Article</title>
			<description>Just another article.</description>
			<keywords/>
			<language>en</language>
			<article-category id="category-1"/>
			<article-category id="category-1-1"/>
			<article-category id="category-1-1-4"/>
			<url>http://www.example.com/article2.html</url>
			<comments/>
		</article>
		<article date="2008-02-25" id="article-3">
			<!-- multiple authors -->
			<article-author>
				<article-author-id id="author-3" />
			</article-author>
			<article-author>
				<article-author-id id="author-2" />
			</article-author>
			
			<title>Article 3</title>
			<description>Description</description>
			<keywords/>
			<language>en</language>
			<article-category id="category-1-2" />
			<url>http://www.example.com/article3.html</url>
			<comments/>
		</article>
		<article date="2008-02-27" id="article-4">
			<article-author>
				<article-author-id id="author-1" />
			</article-author>
			
			<title>Article 4</title>
			<description>Description</description>
			<keywords/>
			<language>en</language>
			<article-category id="category-2" />
			<url>http://www.example.com/article4.html</url>
			<comments/>
		</article>
		<article date="2008-02-27" id="article-5">
			<article-author>
				<article-author-id id="author-3" />
			</article-author>
			
			<title>Article 5</title>
			<description>Description</description>
			<keywords/>
			<language>en</language>
			<article-category id="category-2" />
			<url>http://www.example.com/article5.html</url>
			<comments/>
		</article>
	</articles>
</cms>
