<?xml version="1.0" encoding="UTF-8"?>
	<instrumenty>
		<instrument kod="sk">
			<vyrobce>Medica a.s.</vyrobce>
			<datumPorizeni>1.1.2000</datumPorizeni>
			<poznamka>Hodne ostry skalpel</poznamka>
			<dobaSterilizace>5</dobaSterilizace>
		</instrument>
		<instrument kod="gz">
			<vyrobce>Aerol s.r.o.</vyrobce>
			<datumPorizeni>2.2.2001</datumPorizeni>
			<poznamka>Sterilni gaza.</poznamka>
			<dobaSterilizace>0</dobaSterilizace>
		</instrument>
		<instrument kod="df">
			<vyrobce>Medica a.s.</vyrobce>
			<datumPorizeni>30.5.2010</datumPorizeni>
			<dobaSterilizace>0</dobaSterilizace>
		</instrument>
		<instrument kod="sv">
			<vyrobce>Obrim</vyrobce>
			<datumPorizeni>7.7.2004</datumPorizeni>
			<poznamka>Kulata svorka.</poznamka>
			<dobaSterilizace>20</dobaSterilizace>
		</instrument>
		<instrument kod="intrav">
			<vyrobce>Medica a.s.</vyrobce>
			<datumPorizeni>4.5.1998</datumPorizeni>
			<dobaSterilizace>8</dobaSterilizace>
		</instrument>
		<instrument kod="dl">
			<vyrobce>Aerol s.r.o.</vyrobce>
			<datumPorizeni>6.6.2010</datumPorizeni>
			<poznamka>Dlato.</poznamka>
			<dobaSterilizace>40</dobaSterilizace>
		</instrument>
		<instrument kod="vrt">
			<vyrobce>Bosch</vyrobce>
			<datumPorizeni>8.8.2000</datumPorizeni>
			<poznamka>Vrtacka bez priklepu.</poznamka>
			<dobaSterilizace>30</dobaSterilizace>
		</instrument>
		<instrument kod="ods">
			<vyrobce>Bosch</vyrobce>
			<datumPorizeni>4.4.2001</datumPorizeni>
			<poznamka>120ml/s</poznamka>
			<dobaSterilizace>80</dobaSterilizace>
		</instrument>
		<instrument kod="jh">
			<vyrobce>Medica a.s.</vyrobce>
			<datumPorizeni>6.6.2006</datumPorizeni>
			<dobaSterilizace>4</dobaSterilizace>
		</instrument>
		<instrument kod="sn04">
			<vyrobce>Medica a.s.</vyrobce>
			<datumPorizeni>9.9.20009</datumPorizeni>
			<poznamka>Tlusta nit.</poznamka>
			<dobaSterilizace>0</dobaSterilizace>
		</instrument>
		<instrument kod="des">
			<vyrobce>Savo</vyrobce>
			<datumPorizeni>4.3.2005</datumPorizeni>
			<dobaSterilizace>0</dobaSterilizace>
		</instrument>
		<instrument kod="des2">
			<vyrobce>Savo</vyrobce>
			<datumPorizeni>4.4.2005</datumPorizeni>
			<dobaSterilizace>0</dobaSterilizace>
		</instrument>
		<kosiky>
			<kosik kod="k1">
				<instrument kod="sk" />
				<instrument kod="gz" />
				<kosik kod="k2" />
			</kosik>
			<kosik kod="k2">
				<instrument kod="dl" />
			</kosik>
			<kosik kod="k3">
				<instrument kod="vrt" />
				<instrument kod="jh" />
				<instrument kod="ods" />
			</kosik>
		</kosiky>
</instrumenty>
