<?xml version="1.0" encoding="UTF-8"?>
<patterns>
	<pattern id="DomainObject" class="DomainDriven.DomainObject" assembly="DomainDriven.dll">
		<name>Domain Object</name>		
		<description>
			Basic building block of design.
		</description>
	</pattern>

	<pattern id="Entity" class="DomainDriven.Entity" assembly="DomainDriven.dll">
		<name>Entity</name>		
		<description>
			An object that is not defined by its attributes, but rather by a thread of continuity and its identity.
		</description>
		<base-id>DomainObject</base-id>
	</pattern>
	
	<pattern id="AggregateRoot" class="DomainDriven.AggregateRoot" assembly="DomainDriven.dll">
		<name>Aggregate Root</name>		
		<description>
			A collection of objects that are bound together by a root entity, otherwise known as an aggregate root. 
			The aggregrate root guarantees the consistency of changes being made within the aggregate 
			by forbidding external objects from holding references to its members.		
		</description>
		<base-id>Entity</base-id>
	</pattern>
</patterns>
