<?xml version="1.0" ?>
<payments>
	<payment>
		<for>o1</for>
		<amount>300</amount>
	</payment>
	<payment>
		<for>o1</for>
		<amount>100</amount>
	</payment>
	<payment>
		<for>o2</for>
		<amount>240</amount>
	</payment>
	<payment>
		<for>o1</for>
		<amount>100</amount>
	</payment>
	<payment>
		<for>o4</for>
		<amount>240</amount>
	</payment>
	<payment>
		<for>o2</for>
		<amount>1300</amount>
	</payment>
	<payment>
		<for>o5</for>
		<amount>500</amount>
	</payment>
	<payment>
		<for>o4</for>
		<amount>450</amount>
	</payment>
</payments>