<?xml version="1.0" ?>
<!--
	Course: XML Technologies
	Assigment 6
	Author: Adam Blazek
	
	In this assignment we utilize quite simple documents, however, all the features of XQuery are properly exploited.
	
	This document contains:
		- a list of orders
			+ the status attribute is either "done" (the order is completed and shall be paid right away) or "paid" (the order should be already paid)
			+ the work subelement(s) reffers to the repairs (will be explained later)
			+ and of course the price of the order is in the price subelement
		- a list of available repairs
			+ each with a description
			+ cost (not for the customer but for us)
			+ and possible additional required repairs (e.g. we have to restart the device(r3) so that we can path its firmware(r2)) in the requires subelements
				note that this dependency is one directional :)
		- a list of restrictions
			+ the repairs listed here shall not be ordered directly
	
	An order may be paid in multiple payments. We have 2 cash desks producing, unfourtunately, heterogenous records (payments1.xml , payments2.xml). These records, however, are indeed simple - just a list of pairs (orderId,amount).
	-->
	
<servis>
	<orders>
		<order id="o1" status="paid">
			<price>1200</price>
			<work>r1</work>
			<work>r2</work>
		</order>
		<order id="o2" status="done">
			<price>1600</price>
			<work>r4</work>
		</order>
		<order id="o3" status="done">
			<price>600</price>
			<work>r2</work>
		</order>
		<order id="o4" status="paid">
			<price>800</price>
			<work>r1</work>
		</order>
		<order id="o5" status="done">
			<price>1150</price>
			<work>r4</work>
		</order>
		<order id="o6" status="paid">
			<price>999</price>
			<work>r5</work>
		</order>
		<order id="o7" status="done">
			<price>420</price>
			<work>r5</work>
		</order>
	</orders>
	<repairs>
		<repair id="r1">
			<description>Diagnostic</description>
			<cost>200</cost>
		</repair>
		<repair id="r2">
			<description>Firmare patch</description>
			<cost>250</cost>
			<requires>r3</requires>
		</repair>
		<repair id="r3">
			<description>Restart</description>
			<cost>100</cost>
		</repair>
		<repair id="r4">
			<description>General maintenence</description>
			<cost>50</cost>
			<requires>r1</requires>
			<requires>r2</requires>
			<requires>r5</requires>
		</repair>
		<repair id="r5">
			<description>Virus removal</description>
			<cost>300</cost>
		</repair>
	</repairs>
	<restrictions>
		<restriction repairId="r3" />
	</restrictions>
</servis>