<?xml version="1.1" encoding="UTF-8"?>

<!-- Definice dat pomoci DTD -->
<!DOCTYPE Database SYSTEM "data.dtd">

<?textinfo alpha-ascending?>
<!-- XML Data -->
<Database>	
	
	<Person>
		<firstName>
			<![CDATA[
		for (i=5; i < 6; i++)
			{
				document.writeln("<p>Pepik!</p>");
			}
		]]></firstName>
		<lastName>Novák</lastName>
		<telephone telnumber="756321548" secondtelnumber="732456851"></telephone>
		<emailAdress>novak3521@seznam.cz</emailAdress>		
		<adressP>
			<streetP streetP="Hnevkovskeho"></streetP>
			<cityP cityP="Praha"></cityP>
			<pscP pscP="1452"></pscP>		
		</adressP>
		<Objednavka>
			<Name>prvni</Name>
			<BookForBuying bookforbuying="i356"></BookForBuying>
		</Objednavka>	
		
	</Person>
	
	<Library>
	<NameL>"Chodovska knihovna"</NameL>
	<AdressL>
		<streetL streetL="Hnevkovskeho"></streetL>
		<pscL pscL="14590"></pscL>
		<cityL cityL="Praha"></cityL>
	</AdressL>
	
		<book id="i352">
			<NameB>Radkova cesta do pekel</NameB>
			<Typeofbind tob="sita"></Typeofbind>
			<Popis>Super kruta kniha</Popis>
		
			<Author>
				<firstNameA>Radek</firstNameA>
				<lastNameA>Sakrovic</lastNameA>
				<PopisA>uspesny poeta</PopisA>
				<bornPlaceA>
					<CountryA>Česka republika</CountryA>
					<CityA>Praha</CityA>
				</bornPlaceA>
			</Author>
			<Sequel></Sequel>
			<Popularity Popularity="8" positiveComments="velice zazivne cteni"
				negativeComments="Obcas nudne"></Popularity>		
		</book>
		<book id="i353">
			<NameB>R.U.R.</NameB>
			<Typeofbind tob="lepena"></Typeofbind>
			<Popis>Super kruta kniha</Popis>
		
			<Author>
				<firstNameA>Radek</firstNameA>
				<lastNameA>Sakrovic</lastNameA>
				<PopisA>uspesny poeta</PopisA>
				<bornPlaceA>
					<CountryA>Česka republika</CountryA>
					<CityA>Praha</CityA>
				</bornPlaceA>
			</Author>
			<Sequel></Sequel>
			<Popularity Popularity="8" positiveComments="velice zazivne cteni"
				negativeComments="Obcas nudne"></Popularity>		
		</book>
		<book id="i354">
			<NameB>R.U.R.</NameB>
			<Typeofbind tob="lepena"></Typeofbind>
			<Popis>Super kruta kniha</Popis>
		
			<Author>
				<firstNameA>Radek</firstNameA>
				<lastNameA>Sakrovic</lastNameA>
				<PopisA>uspesny poeta</PopisA>
				<bornPlaceA>
					<CountryA>Česka republika</CountryA>
					<CityA>Praha</CityA>
				</bornPlaceA>
			</Author>
			<Sequel></Sequel>
			<Popularity Popularity="8" positiveComments="velice zazivne cteni"
				negativeComments="Obcas nudne"></Popularity>		
		</book>
		<book id="i355">
			<NameB>Blecha</NameB>
			<Typeofbind tob="lepena"></Typeofbind>
			<Popis>Super kruta kniha</Popis>
		
			<Author>
				<firstNameA>Radek</firstNameA>
				<lastNameA>Sakrovic</lastNameA>
				<PopisA>uspesny poeta</PopisA>
				<bornPlaceA>
					<CountryA>Česka republika</CountryA>
					<CityA>Praha</CityA>
				</bornPlaceA>
			</Author>
			<Sequel></Sequel>
			<Popularity Popularity="8" positiveComments="velice zazivne cteni"
				negativeComments="Obcas nudne"></Popularity>		
		</book>
		<book id="i356">
			<NameB>R.U.R.</NameB>
			<Typeofbind tob="lepena"></Typeofbind>
			<Popis>Super kruta kniha</Popis>
		
			<Author>
				<firstNameA>Radek</firstNameA>
				<lastNameA>Sakrovic</lastNameA>
				<PopisA>uspesny poeta</PopisA>
				<bornPlaceA>
					<CountryA>Česka republika</CountryA>
					<CityA>Praha</CityA>
				</bornPlaceA>
			</Author>
			<Sequel></Sequel>
			<Popularity Popularity="8" positiveComments="velice zazivne cteni"
				negativeComments="Obcas nudne"></Popularity>		
		</book>
		<book id="i357">
			<NameB>R.U.R.</NameB>
			<Typeofbind tob="sita"></Typeofbind>
			<Popis>Super kruta kniha</Popis>
		
			<Author>
				<firstNameA>Michal</firstNameA>
				<lastNameA>Sakrovic</lastNameA>
				<PopisA>uspesny poeta</PopisA>
				<bornPlaceA>
					<CountryA>Česka republika</CountryA>
					<CityA>Praha</CityA>
				</bornPlaceA>
			</Author>
			<Sequel></Sequel>
			<Popularity Popularity="5" positiveComments="velice zazivne cteni"
				negativeComments="Obcas nudne"></Popularity>		
		</book>
		<book id="i358">
			<NameB>R.U.R.</NameB>
			<Typeofbind tob="sita"></Typeofbind>
			<Popis>Super kruta kniha</Popis>
		
			<Author>
				<firstNameA>Lukas</firstNameA>
				<lastNameA>Sakrovic</lastNameA>
				<PopisA>uspesny poeta</PopisA>
				<bornPlaceA>
					<CountryA>Česka republika</CountryA>
					<CityA>Praha</CityA>
				</bornPlaceA>
			</Author>
			<Sequel></Sequel>
			<Popularity Popularity="8" positiveComments="velice zazivne cteni"
				negativeComments="Obcas nudne"></Popularity>		
		</book>
		<book id="i359">
			<NameB>Kniha krale Petrika 70</NameB>
			<Typeofbind tob="lepena"></Typeofbind>
			<Popis>Super kruta kniha</Popis>
		
			<Author>
				<firstNameA>Radek</firstNameA>
				<lastNameA>Sakrovic</lastNameA>
				<PopisA>uspesny poeta</PopisA>
				<bornPlaceA>
					<CountryA>Česka republika</CountryA>
					<CityA>Praha</CityA>
				</bornPlaceA>
			</Author>
			<Sequel></Sequel>
			<Popularity Popularity="7" positiveComments="velice zazivne cteni"
				negativeComments="Obcas nudne"></Popularity>		
		</book>
		<book id="i360">
			<NameB>R.U.R.</NameB>
			<Typeofbind tob="lepena"></Typeofbind>
			<Popis>Super kruta kniha</Popis>
		
			<Author>
				<firstNameA>Radek</firstNameA>
				<lastNameA>Sakrovic</lastNameA>
				<PopisA>uspesny poeta</PopisA>
				<bornPlaceA>
					<CountryA>Česka republika</CountryA>
					<CityA>Praha</CityA>
				</bornPlaceA>
			</Author>
			<Sequel></Sequel>
			<Popularity Popularity="9" positiveComments="velice zazivne cteni"
				negativeComments="Obcas nudne"></Popularity>		
		</book>
		<book id="i361">
			<NameB>R.U.R.</NameB>
			<Typeofbind tob="lepena"></Typeofbind>
			<Popis>Super kruta kniha</Popis>
		
			<Author>
				<firstNameA>Radek</firstNameA>
				<lastNameA>Sakrovic</lastNameA>
				<PopisA>uspesny poeta</PopisA>
				<bornPlaceA>
					<CountryA>Česka republika</CountryA>
					<CityA>Praha</CityA>
				</bornPlaceA>
			</Author>
			<Sequel></Sequel>
			<Popularity Popularity="8" positiveComments="velice zazivne cteni"
				negativeComments="Obcas nudne"></Popularity>		
		</book>
		<book id="i362">
			<NameB>Bojove umeni</NameB>
			<Typeofbind tob="lepena"></Typeofbind>
			<Popis>Super kruta kniha</Popis>
		
			<Author>
				<firstNameA>Radek</firstNameA>
				<lastNameA>Sakrovic</lastNameA>
				<PopisA>uspesny poeta</PopisA>
				<bornPlaceA>
					<CountryA>Česka republika</CountryA>
					<CityA>Praha</CityA>
				</bornPlaceA>
			</Author>
			<Sequel></Sequel>
			<Popularity Popularity="8" positiveComments="velice zazivne cteni"
				negativeComments="Obcas nudne"></Popularity>		
		</book>
	</Library>	
	<Library>
	<NameL>"Prazska knihovna"</NameL>
	<AdressL>
		<streetL streetL="Hnevkovskeho"></streetL>
		<pscL pscL="14590"></pscL>
		<cityL cityL="Praha"></cityL>
	</AdressL>
	</Library>	













</Database>	