<?xml version="1.0" encoding="UTF-8"?>

<!-- Seznam jednotek, budov, upgradu atd. pro Starcraft2 -->
<SC2 xmlns:xsi="http://www.w3.org/2001/XMLSchema-instance"
	 xsi:noNamespaceSchemaLocation="data.xsd">
	<race>
		<structures>
			<structure id="Gateway">
				<name>
					Gateway
				</name>
				<hp>
					500
				</hp>
				<shields>
					500
				</shields>
				<cost>
					<minerals>
						150
					</minerals>
					<time>
						65
					</time>
				</cost>
				<builds ids="Zealot Stalker Sentry" />
			</structure>
			<structure id="TwillightCouncil">
				<name>
					TwillightCouncil
				</name>
				<hp>
					750	
				</hp>
				<cost>
					<minerals>
						150
					</minerals>
					<time>
						100
					</time>
				</cost>
				<builds ids="Charge Blink" />
			</structure>
		</structures>
		
		<units >
			<unit id="Stalker" builtin="Gateway">
				<name>
					Stalker
				</name>
				<hp>
					80
				</hp>
				<shields>
					80
				</shields>
				<cost>
					<minerals>
						125
					</minerals>
					<gas>
						50
					</gas>
					<time>
						42
					</time>
					<population>
						2
					</population>
				</cost>
				<speed>
					2.95
				</speed>
				<acceleration>
					1000
				</acceleration>
				<attack>
					<attackSpeed>
						1.44
					</attackSpeed>
					<damage>
						10(+1)
					</damage>
					<count>
						1
					</count>
					<range>
						6
					</range>
				</attack>
				<armor>1(+1)</armor>
				<spells>
					<spell id="Blink">
						<name>
							Blink
						</name>
						<cost>
							<cooldown>
								10
							</cooldown>
						</cost>
						<tooltip>
							Teleports the Stalker to a nearby target location. Ability can only be used once every 10 seconds.
						</tooltip>
						<requires ids="BlinkUpgrade" />
					</spell>
				</spells>
				<types>
					<type>
						Armored - Mechanical
					</type>
				</types>
			</unit>
			<unit id="Sentry" builtin="Gateway">
				<name>
					Sentry
				</name>
				<hp>
					40
				</hp>
				<shields>
					40
				</shields>
				<energy>
					50(200)
				</energy>
				<cost>
					<minerals>
						50
					</minerals>
					<gas>
						100
					</gas>
					<time>
						42
					</time>
					<population>
						2
					</population>
				</cost>
				<speed>
					2.25
				</speed>
				<acceleration>
					1000
				</acceleration>
				<attack>
					<attackSpeed>
						1
					</attackSpeed>
					<damage>
						6(+1)
					</damage>
					<count>
						1
					</count>
					<range>
						5
					</range>
				</attack>
				<armor>1(+1)</armor>
				<spells>
					<spell id="ForceField">
						<name>
							Force Field
						</name>
						<cost>
							<energy>
								50
							</energy>
						</cost>
						<tooltip>
							Barrier that lasts 15 seconds and impedes movement of ground units. Massive units will shatter Force Fields on contact. 
						</tooltip>
					</spell>
					<spell id="GuardianShield">
						<name>
							Guardian Shield
						</name>
						<cost>
							<energy>
								75
							</energy>
						</cost>
						<tooltip>
							Creates a range 4 aura that reduces incoming ranged damage to friendly units by 2. Lasts 15 seconds. 
						</tooltip>
					</spell>
				</spells>
				<types>
					<type>
						Light - Mechanical - Psionic
					</type>
				</types>
			</unit>
			<unit id="Zealot" builtin="Gateway">
				<name>
					Zealot
				</name>
				<hp>
					100
				</hp>
				<shields>
					50
				</shields>
				<cost>
					<minerals>
						100
					</minerals>
					<time>
						38
					</time>
					<population>
						2
					</population>
				</cost>
				<speed>
					2.25
				</speed>
				<acceleration>
					1000
				</acceleration>
				<attack>
					<attackSpeed>
						1.2
					</attackSpeed>
					<damage>
						8(+1)
					</damage>
					<count>
						2
					</count>
					<range>
						0.1
					</range>
				</attack>
				<armor>1(+1)</armor>
				<spells>
					<spell id="Charge">
						<name>
							Charge
						</name>
						<cost>
							<cooldown>
								10
							</cooldown>
						</cost>
						<tooltip>
							Charges your enemy, quickly covering distance in order to engage in melee combat.
							<it font="special">
								For Aiur!
							</it>
						</tooltip>
						<requires ids="ChargeUpgrade" />
							
						
					</spell>
				</spells>
				<types>
					<type>
						biological
					</type>
					<type>
						light
					</type>
				</types>
					
			</unit>	
		</units>
		<upgrades>
			<upgrade id="BlinkUpgrade">
				<name>
					Blink
				</name>
			</upgrade>
			<upgrade id="ChargeUpgrade">
				<name>
					Charge
				</name>
			</upgrade>
		</upgrades>
	</race>
</SC2>