<?xml version="1.0" encoding="UTF-8"?>
<LeagueOfLegends xmlns:xsi="http://www.w3.org/2001/XMLSchema-instance" xsi:noNamespaceSchemaLocation="data.xsd">
	<AbilityEntries>
		<LineAbilityEntry id="aLightBinding">
			<Name>Light Binding</Name>
			<Description><ChampionRef cRef="cLux"/>Lux releases a sphere of light in a line.</Description>
			<Target>hostile</Target>
			<Image>LuxLightBinding.png</Image>
			<Effects>
				<Damage type="magical">60</Damage>
				<Modify property="speed" duration="2" change="absolute">0</Modify>
			</Effects>
			<Width>30</Width>
			<Distance>300</Distance>
			<MaxCollisions>2</MaxCollisions>
		</LineAbilityEntry>
		<LineAbilityEntry id="aPrismaticBarrier">
			<Name>Prismatic Barrier</Name>
			<Description><ChampionRef cRef="cLux"/>Lux shields herself for up to 3 seconds and throws out her wand in a line, applying the same shield to champions in its path.</Description>
			<Target>friendly championOnly</Target>
			<Image>LuxPrismaticWave.png</Image>
			<Effects>
				<Modify property="shield" duration="3" change="relative">80</Modify>
			</Effects>
			<Width>30</Width>
			<Distance>300</Distance>
			<MaxCollisions>0</MaxCollisions>
		</LineAbilityEntry>
		<AreaAbilityEntry id="aLucentSingularity">
			<Name>Lucent Singularity</Name>
			<Description><ChampionRef cRef="cLux"/>Lux sends an anomaly of twisted light to a target area, the zone will detonate and deal magic damage to enemies in the area.</Description>
			<Target>hostile</Target>
			<Image>LuxLightStrikeKugel.png</Image>
			<Effects>
				<Damage type="magical">60</Damage>
				<Modify property="speed" duration="1.5" change="percentage">50</Modify>
			</Effects>
			<Radius>50</Radius>
			<MaxDistance>100</MaxDistance>
		</AreaAbilityEntry>
		<LineAbilityEntry id="aFinalSpark">
			<Name>Final Spark</Name>
			<Description><ChampionRef cRef="cLux"/>Lux fires a broad and long-range beam of light in a line that deals magic damage to all enemies in the area.</Description>
			<Target>hostile</Target>
			<Image>LuxMaliceCannon.png</Image>
			<Effects>
				<Damage type="magical">300</Damage>
			</Effects>
			<Width>30</Width>
			<Distance>1000</Distance>
			<MaxCollisions>0</MaxCollisions>
		</LineAbilityEntry>
		<LineAbilityEntry id="aPiltoverPeacemaker">
			<Name>Piltover Peacemaker</Name>
			<Description><ChampionRef cRef="cCaitlyn"/>Caitlyn fires a projectile that deals physical damage to all targets it passes through.</Description>
			<Target>hostile championOnly</Target>
			<Image>CaitlynPiltoverPeacemaker.png</Image>
			<Effects>
				<Damage type="physical">20</Damage>
			</Effects>
			<Width>50</Width>
			<Distance>250</Distance>
			<MaxCollisions>0</MaxCollisions>
		</LineAbilityEntry>
		<AreaAbilityEntry id="aYordleSnapTrap">
			<Name>Yordle Snap Trap</Name>
			<Description><ChampionRef cRef="cCaitlyn"/>Caitlyn sets a trap at target location that arms after a brief delay. Enemy champions who come within 67.5 range of the trap will detonate it, becoming rooted and taking magic damage over 1.5 seconds.</Description>
			<Target>hostile</Target>
			<Image>CaitlynYordleTrap.png</Image>
			<Effects>
				<Damage type="magical">80</Damage>
				<Modify property="speed" duration="1.5" change="absolute">0</Modify>
			</Effects>
			<Radius>30</Radius>
			<MaxDistance>100</MaxDistance>
		</AreaAbilityEntry>
		<TargetAbilityEntry id="a90CaliberNet">
			<Name>90 Caliber Net</Name>
			<Description><ChampionRef cRef="cCaitlyn"/>Caitlyn fires a net, knocking herself back 400 units in the opposite direction. The net will deal magic damage and slow the first enemy hit by 50%. </Description>
			<Target>hostile championOnly</Target>
			<Image>CaitlynEntrapment.png</Image>
			<Effects>
				<Damage type="magical">80</Damage>
				<Modify property="speed" duration="1" change="percentage">50</Modify>
				<Modify property="knockback">400</Modify>
			</Effects>
			<MaxDistance>2000</MaxDistance>
		</TargetAbilityEntry>
		<TargetAbilityEntry id="aAceInTheHole">
			<Name>Ace in the Hole</Name>
			<Description><ChampionRef cRef="cCaitlyn"/>Caitlyn locks onto a target enemy champion and fire a 3200-speed that deals physical damage to the champion. </Description>
			<Target>hostile championOnly</Target>
			<Image>CaitlynAceintheHole.png</Image>
			<Effects>
				<Damage type="physical">250</Damage>
			</Effects>
			<MaxDistance>500</MaxDistance>
		</TargetAbilityEntry>
		<AreaAbilityEntry id="aBarrelRoll">
			<Name>Barrel Roll</Name>
			<Description><ChampionRef cRef="cGragas"/>Gragas rolls his cask to a location which will explode.</Description>
			<Target>hostile</Target>
			<Image>GragasQ.png</Image>
			<Effects>
				<Damage type="magical">85</Damage>
				<Modify property="attackspeed" duration="1.5" change="percentage">20</Modify>
			</Effects>
			<Radius>100</Radius>
			<MaxDistance>300</MaxDistance>
		</AreaAbilityEntry>
		<TargetAbilityEntry id="aDrunkenRage">
			<Name>Drunken Rage</Name>
			<Description><ChampionRef cRef="cGragas"/>Gragas guzzles down brew from his cask, gaining mana and starting a 1 second channel. If the channel is completed he becomes empoweref, increasing attack damage and refucing physical and magic damage taken for 20 seconds.</Description>
			<Target>self</Target>
			<Image>GragasW.png</Image>
			<Effects>
				<Modify property="mana" change="relative">15</Modify>
				<Modify property="attackdamage" duration="20" change="relative">30</Modify>
				<Modify property="damagereduction" duration="20" change="percentage">10</Modify>
			</Effects>
			<MaxDistance>0</MaxDistance>
		</TargetAbilityEntry>
		<LineAbilityEntry id="aBodySlam">
			<Name>Body Slam</Name>
			<Description><ChampionRef cRef="cGragas"/>Gragas charges forward, dealing magic damage and slowing enemies.</Description>
			<Target>hostile</Target>
			<Image>GragasE.png</Image>
			<Effects>
				<Damage type="magical">80</Damage>
				<Modify property="speed" duration="2.5" change="percentage">35</Modify>
			</Effects>
			<Width>15</Width>
			<Distance>50</Distance>
			<MaxCollisions>1</MaxCollisions>
		</LineAbilityEntry>
		<AreaAbilityEntry id="aExplosiveCask">
			<Name>Explosive Cask</Name>
			<Description><ChampionRef cRef="cGragas"/>Gragas throws his cask to a target 400-radius area, dealing magic damage to enemy units in the area and knocking them back.</Description>
			<Target>hostile</Target>
			<Image>GragasR.png</Image>
			<Effects>
				<Damage type="magical">200</Damage>
				<Modify property="knockback">600</Modify>
			</Effects>
			<Radius>250</Radius>
			<MaxDistance>300</MaxDistance>
		</AreaAbilityEntry>
	</AbilityEntries>
	<ChampionEntries>
		<ChampionEntry id="cLux">
			<Name>Lux</Name>
			<Description>The Lady of Luminosity</Description>
			<Abilities>
				<Ability aRef="aLightBinding"/>
				<Ability aRef="aPrismaticBarrier"/>
				<Ability aRef="aLucentSingularity"/>
				<Ability aRef="aFinalSpark"/>
			</Abilities>
			<Attributes>
				<Health>345</Health>
				<Speed>330</Speed>
				<Defense>
					<Armor>8</Armor>
					<MagicResistance>30</MagicResistance>
				</Defense>
				<Offense>
					<AbilityPower>0</AbilityPower>
					<AttackDamage>50</AttackDamage>
					<AttackSpeed>0.56</AttackSpeed>
				</Offense>
			</Attributes>
		</ChampionEntry>
		<ChampionEntry id="cCaitlyn">
			<Name>Caitlyn</Name>
			<Description>The Sheriff of Piltover</Description>
			<Abilities>
				<Ability aRef="aPiltoverPeacemaker"/>
				<Ability aRef="aYordleSnapTrap"/>
				<Ability aRef="a90CaliberNet"/>
				<Ability aRef="aAceInTheHole"/>
			</Abilities>
			<Attributes>
				<Health>390</Health>
				<Speed>330</Speed>
				<Defense>
					<Armor>13</Armor>
					<MagicResistance>30</MagicResistance>
				</Defense>
				<Offense>
					<AbilityPower>0</AbilityPower>
					<AttackDamage>47</AttackDamage>
					<AttackSpeed>0.56</AttackSpeed>
				</Offense>
			</Attributes>
		</ChampionEntry>
		<ChampionEntry id="cGragas">
			<Name>Gragas</Name>
			<Description>The Rabble Rouser</Description>
			<Abilities>
				<Ability aRef="aBarrelRoll"/>
				<Ability aRef="aDrunkenRage"/>
				<Ability aRef="aBodySlam"/>
				<Ability aRef="aExplosiveCask"/>
			</Abilities>
			<Attributes>
				<Health>434</Health>
				<Speed>330</Speed>
				<Defense>
					<Armor>16</Armor>
					<MagicResistance>30</MagicResistance>
				</Defense>
				<Offense>
					<AbilityPower>0</AbilityPower>
					<AttackDamage>55</AttackDamage>
					<AttackSpeed>0.55</AttackSpeed>
				</Offense>
			</Attributes>
		</ChampionEntry>
	</ChampionEntries>
</LeagueOfLegends>