<?xml version="1.0" encoding="utf-8"?>
<!DOCTYPE blog SYSTEM "data.dtd">
<blog xmlns:xsi="http://www.w3.org/2001/XMLSchema-instance"
xsi:noNamespaceSchemaLocation="data.xsd">  
  <!-- basic info -->
  <info>
    <website-url value="http://xmlblog.cz" />
    <title><?php echo getTitle(); ?></title>
    <lastviewed>
      <![CDATA[
        var currentDate = new Date();
        document.writeln(currentDate.getFullYear() + "/" + currentDate.getMonth() + "/" + currentDate.getDate());  
      ]]>
    </lastviewed>
  </info>
  
  <!-- authors -->
  <authors>
    <author id="a1000256" position="editor">
      <name>John</name>
      <surname>Doe</surname>
      <email>john.doe@xmlblog.cz</email>
      <phone>+420777000777</phone>
    </author>
    <author id="a1000128">
      <name>Paul</name>
      <surname>Simon</surname>
      <email>paul.simon@xmlblog.cz</email>
      <phone>+420777000778</phone>
    </author>
  </authors>  
  
  <!-- blog posts -->
  <articles>

    <article id="p1">
      <post-author idref="a1000256">John Doe</post-author>
      <published-on date="2014-03-01" />
      <content>
        <heading>Article &no;1</heading>
        <text>
          <p>
            Lorem ipsum dolor sit amet, <b>consectetur adipiscing elit</b>. Phasellus at augue ultrices, sagittis quam eu, lacinia tortor. Suspendisse id erat eget orci semper malesuada id nec nulla. Donec molestie sed orci sed vehicula. Morbi imperdiet arcu id rhoncus laoreet. Suspendisse in lectus ac risus fermentum malesuada. Vestibulum a ante justo. Ut sollicitudin convallis velit eget elementum. Nullam faucibus scelerisque metus, in blandit turpis luctus sed. Duis suscipit erat lectus, eu fermentum mauris scelerisque non. Ut porttitor ac leo eu imperdiet. Sed bibendum magna felis, ac dapibus quam porttitor vel. Proin nec consectetur dolor.
          </p>
          <p>
            Nulla facilisi. Vivamus tempus et metus vitae vehicula. Fusce in tristique quam. Pellentesque sed augue <i>eu lorem egestas tincidunt</i>. Nullam aliquam leo sit amet odio accumsan, id semper purus facilisis. Vivamus vitae odio malesuada, malesuada enim sit amet, imperdiet felis. Interdum et malesuada fames ac ante ipsum primis in faucibus. Curabitur volutpat massa imperdiet nulla pretium, faucibus malesuada leo bibendum. Vivamus dignissim malesuada congue. Donec viverra ipsum sit amet mi ultricies eleifend. Aenean blandit magna nec nisi pharetra, quis vulputate tortor porta. Quisque vestibulum libero erat. <img src="img1.png" alt="Image &no;1" /> Interdum et malesuada fames ac ante ipsum primis in faucibus. In arcu libero, pretium at neque fermentum, rutrum fringilla dolor. Morbi convallis vel lacus mattis tempor.
          </p>
        </text>
      </content>
    </article>

    <article id="p2">
      <post-author idref="a1000256">John Doe</post-author>
      <published-on date="2014-03-02" />
      <content>
        <heading>Article &no;2</heading>
        <text>
          <p>
            Lorem ipsum dolor sit amet, <b>consectetur adipiscing elit</b>. Phasellus at augue ultrices, sagittis quam eu, lacinia tortor. Suspendisse id erat eget orci semper malesuada id nec nulla. Donec molestie sed orci sed vehicula. Morbi imperdiet arcu id rhoncus laoreet. Suspendisse in lectus ac risus fermentum malesuada. Vestibulum a ante justo. Ut sollicitudin convallis velit eget elementum. Nullam faucibus scelerisque metus, in blandit turpis luctus sed. Duis suscipit erat lectus, eu fermentum mauris scelerisque non. Ut porttitor ac leo eu imperdiet. Sed bibendum magna felis, ac dapibus quam porttitor vel. Proin nec consectetur dolor.
          </p>
          <p>
            Nulla facilisi. Vivamus tempus et metus vitae vehicula. Fusce in tristique quam. Pellentesque sed augue <i>eu lorem egestas tincidunt</i>. Nullam aliquam leo sit amet odio accumsan, id semper purus facilisis. Vivamus vitae odio malesuada, malesuada enim sit amet, imperdiet felis. Interdum et malesuada fames ac ante ipsum primis in faucibus. Curabitur volutpat massa imperdiet nulla pretium, faucibus malesuada leo bibendum. Vivamus dignissim malesuada congue. Donec viverra ipsum sit amet mi ultricies eleifend. Aenean blandit magna nec nisi pharetra, quis vulputate tortor porta. Quisque vestibulum libero erat. <img src="img1.png" alt="Image &no;1" /> Interdum et malesuada fames ac ante ipsum primis in faucibus. In arcu libero, pretium at neque fermentum, rutrum fringilla dolor. Morbi convallis vel lacus mattis tempor.
          </p>
        </text>
      </content>
    </article>

    <article id="p3">
      <post-author idref="a1000256">John Doe</post-author>
      <published-on date="2014-03-03" />
      <content>
        <heading>Article &no;1</heading>
        <text>
          <p>
            Lorem ipsum dolor sit amet, <b>consectetur adipiscing elit</b>. Phasellus at augue ultrices, sagittis quam eu, lacinia tortor. Suspendisse id erat eget orci semper malesuada id nec nulla. Donec molestie sed orci sed vehicula. Morbi imperdiet arcu id rhoncus laoreet. Suspendisse in lectus ac risus fermentum malesuada. Vestibulum a ante justo. Ut sollicitudin convallis velit eget elementum. Nullam faucibus scelerisque metus, in blandit turpis luctus sed. Duis suscipit erat lectus, eu fermentum mauris scelerisque non. Ut porttitor ac leo eu imperdiet. Sed bibendum magna felis, ac dapibus quam porttitor vel. Proin nec consectetur dolor.
          </p>
          <p>
            Nulla facilisi. Vivamus tempus et metus vitae vehicula. Fusce in tristique quam. Pellentesque sed augue <i>eu lorem egestas tincidunt</i>. Nullam aliquam leo sit amet odio accumsan, id semper purus facilisis. Vivamus vitae odio malesuada, malesuada enim sit amet, imperdiet felis. Interdum et malesuada fames ac ante ipsum primis in faucibus. Curabitur volutpat massa imperdiet nulla pretium, faucibus malesuada leo bibendum. Vivamus dignissim malesuada congue. Donec viverra ipsum sit amet mi ultricies eleifend. Aenean blandit magna nec nisi pharetra, quis vulputate tortor porta. Quisque vestibulum libero erat. <img src="img1.png" alt="Image &no;1" /> Interdum et malesuada fames ac ante ipsum primis in faucibus. In arcu libero, pretium at neque fermentum, rutrum fringilla dolor. Morbi convallis vel lacus mattis tempor.
          </p>
        </text>
      </content>
    </article>

    <article id="p4">
      <post-author idref="a1000128">Paul Simon</post-author>
      <published-on date="2014-03-04" />
      <content>
        <heading>Article &no;4</heading>
        <text>
          <p>
            Lorem ipsum dolor sit amet, <b>consectetur adipiscing elit</b>. Phasellus at augue ultrices, sagittis quam eu, lacinia tortor. Suspendisse id erat eget orci semper malesuada id nec nulla. Donec molestie sed orci sed vehicula. Morbi imperdiet arcu id rhoncus laoreet. Suspendisse in lectus ac risus fermentum malesuada. Vestibulum a ante justo. Ut sollicitudin convallis velit eget elementum. Nullam faucibus scelerisque metus, in blandit turpis luctus sed. Duis suscipit erat lectus, eu fermentum mauris scelerisque non. Ut porttitor ac leo eu imperdiet. Sed bibendum magna felis, ac dapibus quam porttitor vel. Proin nec consectetur dolor.
          </p>
          <p>
            Nulla facilisi. Vivamus tempus et metus vitae vehicula. Fusce in tristique quam. Pellentesque sed augue <i>eu lorem egestas tincidunt</i>. Nullam aliquam leo sit amet odio accumsan, id semper purus facilisis. Vivamus vitae odio malesuada, malesuada enim sit amet, imperdiet felis. Interdum et malesuada fames ac ante ipsum primis in faucibus. Curabitur volutpat massa imperdiet nulla pretium, faucibus malesuada leo bibendum. Vivamus dignissim malesuada congue. Donec viverra ipsum sit amet mi ultricies eleifend. Aenean blandit magna nec nisi pharetra, quis vulputate tortor porta. Quisque vestibulum libero erat. <img src="img1.png" alt="Image &no;1" /> Interdum et malesuada fames ac ante ipsum primis in faucibus. In arcu libero, pretium at neque fermentum, rutrum fringilla dolor. Morbi convallis vel lacus mattis tempor.
          </p>
        </text>
      </content>
    </article>

    <article id="p5">
      <post-author idref="a1000256">John Doe</post-author>
      <published-on date="2014-03-05" />
      <content>
        <heading>Article &no;5</heading>
        <text>
          <p>
            Lorem ipsum dolor sit amet, <b>consectetur adipiscing elit</b>. Phasellus at augue ultrices, sagittis quam eu, lacinia tortor. Suspendisse id erat eget orci semper malesuada id nec nulla. Donec molestie sed orci sed vehicula. Morbi imperdiet arcu id rhoncus laoreet. Suspendisse in lectus ac risus fermentum malesuada. Vestibulum a ante justo. Ut sollicitudin convallis velit eget elementum. Nullam faucibus scelerisque metus, in blandit turpis luctus sed. Duis suscipit erat lectus, eu fermentum mauris scelerisque non. Ut porttitor ac leo eu imperdiet. Sed bibendum magna felis, ac dapibus quam porttitor vel. Proin nec consectetur dolor.
          </p>
          <p>
            Nulla facilisi. Vivamus tempus et metus vitae vehicula. Fusce in tristique quam. Pellentesque sed augue <i>eu lorem egestas tincidunt</i>. Nullam aliquam leo sit amet odio accumsan, id semper purus facilisis. Vivamus vitae odio malesuada, malesuada enim sit amet, imperdiet felis. Interdum et malesuada fames ac ante ipsum primis in faucibus. Curabitur volutpat massa imperdiet nulla pretium, faucibus malesuada leo bibendum. Vivamus dignissim malesuada congue. Donec viverra ipsum sit amet mi ultricies eleifend. Aenean blandit magna nec nisi pharetra, quis vulputate tortor porta. Quisque vestibulum libero erat. <img src="img1.png" alt="Image &no;1" /> Interdum et malesuada fames ac ante ipsum primis in faucibus. In arcu libero, pretium at neque fermentum, rutrum fringilla dolor. Morbi convallis vel lacus mattis tempor.
          </p>
        </text>
      </content>
    </article>

    <article id="p6">
      <post-author idref="a1000128">Paul Simon</post-author>
      <published-on date="2014-03-06" />
      <content>
        <heading>Article &no;1</heading>
        <text>
          <p>
            Lorem ipsum dolor sit amet, <b>consectetur adipiscing elit</b>. Phasellus at augue ultrices, sagittis quam eu, lacinia tortor. Suspendisse id erat eget orci semper malesuada id nec nulla. Donec molestie sed orci sed vehicula. Morbi imperdiet arcu id rhoncus laoreet. Suspendisse in lectus ac risus fermentum malesuada. Vestibulum a ante justo. Ut sollicitudin convallis velit eget elementum. Nullam faucibus scelerisque metus, in blandit turpis luctus sed. Duis suscipit erat lectus, eu fermentum mauris scelerisque non. Ut porttitor ac leo eu imperdiet. Sed bibendum magna felis, ac dapibus quam porttitor vel. Proin nec consectetur dolor.
          </p>
          <p>
            Nulla facilisi. Vivamus tempus et metus vitae vehicula. Fusce in tristique quam. Pellentesque sed augue <i>eu lorem egestas tincidunt</i>. Nullam aliquam leo sit amet odio accumsan, id semper purus facilisis. Vivamus vitae odio malesuada, malesuada enim sit amet, imperdiet felis. Interdum et malesuada fames ac ante ipsum primis in faucibus. Curabitur volutpat massa imperdiet nulla pretium, faucibus malesuada leo bibendum. Vivamus dignissim malesuada congue. Donec viverra ipsum sit amet mi ultricies eleifend. Aenean blandit magna nec nisi pharetra, quis vulputate tortor porta. Quisque vestibulum libero erat. <img src="img1.png" alt="Image &no;1" /> Interdum et malesuada fames ac ante ipsum primis in faucibus. In arcu libero, pretium at neque fermentum, rutrum fringilla dolor. Morbi convallis vel lacus mattis tempor.
          </p>
        </text>
      </content>
    </article>

    <article id="p7">
      <post-author idref="a1000128">Paul Simon</post-author>
      <published-on date="2014-03-07" />
      <content>
        <heading>Article &no;7</heading>
        <text>
          <p>
            Lorem ipsum dolor sit amet, <b>consectetur adipiscing elit</b>. Phasellus at augue ultrices, sagittis quam eu, lacinia tortor. Suspendisse id erat eget orci semper malesuada id nec nulla. Donec molestie sed orci sed vehicula. Morbi imperdiet arcu id rhoncus laoreet. Suspendisse in lectus ac risus fermentum malesuada. Vestibulum a ante justo. Ut sollicitudin convallis velit eget elementum. Nullam faucibus scelerisque metus, in blandit turpis luctus sed. Duis suscipit erat lectus, eu fermentum mauris scelerisque non. Ut porttitor ac leo eu imperdiet. Sed bibendum magna felis, ac dapibus quam porttitor vel. Proin nec consectetur dolor.
          </p>
          <p>
            Nulla facilisi. Vivamus tempus et metus vitae vehicula. Fusce in tristique quam. Pellentesque sed augue <i>eu lorem egestas tincidunt</i>. Nullam aliquam leo sit amet odio accumsan, id semper purus facilisis. Vivamus vitae odio malesuada, malesuada enim sit amet, imperdiet felis. Interdum et malesuada fames ac ante ipsum primis in faucibus. Curabitur volutpat massa imperdiet nulla pretium, faucibus malesuada leo bibendum. Vivamus dignissim malesuada congue. Donec viverra ipsum sit amet mi ultricies eleifend. Aenean blandit magna nec nisi pharetra, quis vulputate tortor porta. Quisque vestibulum libero erat. <img src="img1.png" alt="Image &no;1" /> Interdum et malesuada fames ac ante ipsum primis in faucibus. In arcu libero, pretium at neque fermentum, rutrum fringilla dolor. Morbi convallis vel lacus mattis tempor.
          </p>
        </text>
      </content>
    </article>

    <article id="p8">
      <post-author idref="a1000256">John Doe</post-author>
      <published-on date="2014-03-08" />
      <content>
        <heading>Article &no;8</heading>
        <text>
          <p>
            Lorem ipsum dolor sit amet, <b>consectetur adipiscing elit</b>. Phasellus at augue ultrices, sagittis quam eu, lacinia tortor. Suspendisse id erat eget orci semper malesuada id nec nulla. Donec molestie sed orci sed vehicula. Morbi imperdiet arcu id rhoncus laoreet. Suspendisse in lectus ac risus fermentum malesuada. Vestibulum a ante justo. Ut sollicitudin convallis velit eget elementum. Nullam faucibus scelerisque metus, in blandit turpis luctus sed. Duis suscipit erat lectus, eu fermentum mauris scelerisque non. Ut porttitor ac leo eu imperdiet. Sed bibendum magna felis, ac dapibus quam porttitor vel. Proin nec consectetur dolor.
          </p>
          <p>
            Nulla facilisi. Vivamus tempus et metus vitae vehicula. Fusce in tristique quam. Pellentesque sed augue <i>eu lorem egestas tincidunt</i>. Nullam aliquam leo sit amet odio accumsan, id semper purus facilisis. Vivamus vitae odio malesuada, malesuada enim sit amet, imperdiet felis. Interdum et malesuada fames ac ante ipsum primis in faucibus. Curabitur volutpat massa imperdiet nulla pretium, faucibus malesuada leo bibendum. Vivamus dignissim malesuada congue. Donec viverra ipsum sit amet mi ultricies eleifend. Aenean blandit magna nec nisi pharetra, quis vulputate tortor porta. Quisque vestibulum libero erat. <img src="img1.png" alt="Image &no;1" /> Interdum et malesuada fames ac ante ipsum primis in faucibus. In arcu libero, pretium at neque fermentum, rutrum fringilla dolor. Morbi convallis vel lacus mattis tempor.
          </p>
        </text>
      </content>
    </article>

    <article id="p9">
      <post-author idref="a1000128">Paul Simon</post-author>
      <published-on date="2014-03-08" />
      <content>
        <heading>Article &no;9</heading>
        <text>
          <p>
            Lorem ipsum dolor sit amet, <b>consectetur adipiscing elit</b>. Phasellus at augue ultrices, sagittis quam eu, lacinia tortor. Suspendisse id erat eget orci semper malesuada id nec nulla. Donec molestie sed orci sed vehicula. Morbi imperdiet arcu id rhoncus laoreet. Suspendisse in lectus ac risus fermentum malesuada. Vestibulum a ante justo. Ut sollicitudin convallis velit eget elementum. Nullam faucibus scelerisque metus, in blandit turpis luctus sed. Duis suscipit erat lectus, eu fermentum mauris scelerisque non. Ut porttitor ac leo eu imperdiet. Sed bibendum magna felis, ac dapibus quam porttitor vel. Proin nec consectetur dolor.
          </p>
          <p>
            Nulla facilisi. Vivamus tempus et metus vitae vehicula. Fusce in tristique quam. Pellentesque sed augue <i>eu lorem egestas tincidunt</i>. Nullam aliquam leo sit amet odio accumsan, id semper purus facilisis. Vivamus vitae odio malesuada, malesuada enim sit amet, imperdiet felis. Interdum et malesuada fames ac ante ipsum primis in faucibus. Curabitur volutpat massa imperdiet nulla pretium, faucibus malesuada leo bibendum. Vivamus dignissim malesuada congue. Donec viverra ipsum sit amet mi ultricies eleifend. Aenean blandit magna nec nisi pharetra, quis vulputate tortor porta. Quisque vestibulum libero erat. <img src="img1.png" alt="Image &no;1" /> Interdum et malesuada fames ac ante ipsum primis in faucibus. In arcu libero, pretium at neque fermentum, rutrum fringilla dolor. Morbi convallis vel lacus mattis tempor.
          </p>
        </text>
      </content>
    </article>

    <article id="p10">
      <post-author idref="a1000256">John Doe</post-author>
      <published-on date="2014-03-10" />
      <content>
        <heading>Article &no;10</heading>
        <text>
          <p>
            Lorem ipsum dolor sit amet, <b>consectetur adipiscing elit</b>. Phasellus at augue ultrices, sagittis quam eu, lacinia tortor. Suspendisse id erat eget orci semper malesuada id nec nulla. Donec molestie sed orci sed vehicula. Morbi imperdiet arcu id rhoncus laoreet. Suspendisse in lectus ac risus fermentum malesuada. Vestibulum a ante justo. Ut sollicitudin convallis velit eget elementum. Nullam faucibus scelerisque metus, in blandit turpis luctus sed. Duis suscipit erat lectus, eu fermentum mauris scelerisque non. Ut porttitor ac leo eu imperdiet. Sed bibendum magna felis, ac dapibus quam porttitor vel. Proin nec consectetur dolor.
          </p>
          <p>
            Nulla facilisi. Vivamus tempus et metus vitae vehicula. Fusce in tristique quam. Pellentesque sed augue <i>eu lorem egestas tincidunt</i>. Nullam aliquam leo sit amet odio accumsan, id semper purus facilisis. Vivamus vitae odio malesuada, malesuada enim sit amet, imperdiet felis. Interdum et malesuada fames ac ante ipsum primis in faucibus. Curabitur volutpat massa imperdiet nulla pretium, faucibus malesuada leo bibendum. Vivamus dignissim malesuada congue. Donec viverra ipsum sit amet mi ultricies eleifend. Aenean blandit magna nec nisi pharetra, quis vulputate tortor porta. Quisque vestibulum libero erat. <img src="img1.png" alt="Image &no;1" /> Interdum et malesuada fames ac ante ipsum primis in faucibus. In arcu libero, pretium at neque fermentum, rutrum fringilla dolor. Morbi convallis vel lacus mattis tempor.
          </p>
        </text>
      </content>
    </article>

    <article id="p11">
      <post-author idref="a1000256">John Doe</post-author>
      <published-on date="2014-03-11" />
      <content>
        <heading>Article &no;11</heading>
        <text>
          <p>
            Lorem ipsum dolor sit amet, <b>consectetur adipiscing elit</b>. Phasellus at augue ultrices, sagittis quam eu, lacinia tortor. Suspendisse id erat eget orci semper malesuada id nec nulla. Donec molestie sed orci sed vehicula. Morbi imperdiet arcu id rhoncus laoreet. Suspendisse in lectus ac risus fermentum malesuada. Vestibulum a ante justo. Ut sollicitudin convallis velit eget elementum. Nullam faucibus scelerisque metus, in blandit turpis luctus sed. Duis suscipit erat lectus, eu fermentum mauris scelerisque non. Ut porttitor ac leo eu imperdiet. Sed bibendum magna felis, ac dapibus quam porttitor vel. Proin nec consectetur dolor.
          </p>
          <p>
            Nulla facilisi. Vivamus tempus et metus vitae vehicula. Fusce in tristique quam. Pellentesque sed augue <i>eu lorem egestas tincidunt</i>. Nullam aliquam leo sit amet odio accumsan, id semper purus facilisis. Vivamus vitae odio malesuada, malesuada enim sit amet, imperdiet felis. Interdum et malesuada fames ac ante ipsum primis in faucibus. Curabitur volutpat massa imperdiet nulla pretium, faucibus malesuada leo bibendum. Vivamus dignissim malesuada congue. Donec viverra ipsum sit amet mi ultricies eleifend. Aenean blandit magna nec nisi pharetra, quis vulputate tortor porta. Quisque vestibulum libero erat. <img src="img1.png" alt="Image &no;1" /> Interdum et malesuada fames ac ante ipsum primis in faucibus. In arcu libero, pretium at neque fermentum, rutrum fringilla dolor. Morbi convallis vel lacus mattis tempor.
          </p>
        </text>
      </content>
    </article>

  </articles>
</blog>