<?xml version="1.0" encoding="UTF-8"?>

<dvds>
	<dvd id="m007" length="110">
		<title>Nebraska</title>
		<name>Alexander Payne</name>
		<count>15</count>
		<rating>R</rating>
	</dvd>
	<dvd id="m008" length="161">
		<title>The Hobbit: The Desolation of Smaug</title>
		<name>Peter Jackson</name>
		<count>2</count>
		<rating>PG-13</rating>
	</dvd>
	<dvd id="m009" length="105">
		<title>The Great Gatsby</title>
		<name>Baz Luhrmann</name>
		<count>6</count>
		<rating>PG-13</rating>
	</dvd>
	<dvd id="m010" length="133">
		<title>Star Trek: Into Darkness</title>
		<name>Jeffrey Jacob Abrams</name>
		<count>10</count>
		<rating>PG-13</rating>
	</dvd>
	<dvd id="m011" length="138">
		<title>American Hustle</title>
		<name>David Owen Russell</name>
		<count>8</count>
		<rating>R</rating>
	</dvd>
</dvds>
