<?xml version="1.0" encoding="UTF-8"?>
<!--
    Document   : [01]cviceni.xml
    Created on : February 16, 2012, 5:06 PM
    Author     : me
    Description:
        Tento xml dokument by mel reprezentovat podanou
        zadost o registraci noveho turnaje v kulecniku v kulecnikove
        herne. Zadost lze podat online.
-->
 
<!-- <!DOCTYPE poolTournament SYSTEM "data.dtd">  -->

<poolTournament 
		xmlns:xsi="http://www.w3.org/2001/XMLSchema-instance" 
		xsi:noNamespaceSchemaLocation="data.xsd">

	<skript>
    <![CDATA[
    window.alert("Vyplnte prosim vsechna pole oznacena *");
    ]]>
	</skript>
	
    <!-- datum podani formulare -->
    <deliveryDate confirmed="yes">2012-02-29</deliveryDate>

    <!-- registrovany organizator turnaje-->
    <organizer id = "CK59976" gender = "male">
        <name>Luis</name>
        <surname>Moreno</surname>
        <age>23</age>
        <address>
            <street>Vanickova</street>
            <streetNumber>7</streetNumber>
            <city>Prague</city>
            <postcode>169 00</postcode>
            <country>Czech Republic</country>
            <tel>
                <code>+420</code>
                <number>723978789</number>
            </tel>
        </address>
        <picture src="FacePicture.jpg"/>
    </organizer>

    <!-- parametry registrovaneho turnaje -->
    <tournamentParameters league="yes">

        <!-- turnaj muze byt otevreny verejnosti nebo pouze pro cleny -->
        <privacy>public</privacy>

        <!-- zpusob vyrazovani -->
        <strikeOutType>spider</strikeOutType>

        <!-- genderove omezeni -->
        <genderFilter>mix</genderFilter>

        <!-- trvani turnaje -->
        <duration>
            <start>2012-03-15</start>
            <end>2012-03-25</end>
        </duration>

        <!-- misto odehrani turnaje -->
        <tournamentLocation>
            <street>Dlouha</street>
            <streetNumber>8</streetNumber>
            <city>Prague</city>
        </tournamentLocation>

        <!-- startovne -->
        <startingFee required="yes">
            <amount>250</amount>
            <currency>Czech Crowns</currency>
        </startingFee>

        <!-- parametry odmeny za vyhru -->
        <prix>
            <value>1500</value>
            <currency>Czech Crowns</currency>
            <type>cup</type>
        </prix>
        
        <rewards>
			<check>500</check>
			<cup>bronze</cup>
        </rewards>

        <!-- parametry hry -->
        <gameInfo>
            <gameType>8-ball</gameType>

            <!-- kdo ma 1. stouch -->
            <startStroke>last winner</startStroke>

            <!-- rozhodci -->
            <referee licence="ARK-750649">
                <name>Jan</name>
                <surname>Rozhodci</surname>
                <rank>45</rank>
            </referee>
            
			<!-- rozhodci -->
            <referee licence="AKT-750699">
                <name>Petr</name>
                <surname>Marek</surname>
                <rank>35</rank>
            </referee>
            
        </gameInfo>

        <note>Prosim o rezervaci baru po celou dobu trvani turnaje</note>
    </tournamentParameters>
    
	
    
</poolTournament>