<?xml version="1.0" encoding="UTF-8"?>

<authorList xmlns:xsi="http://www.w3.org/2001/XMLSchema-instance" xsi:noNamespaceSchemaLocation="data.xsd">
	<author authorId="JanKuzdik">
		<name>
			<first>Jan</first>
			<last>Kužník</last>
			<yearOfBirth>1978-09-24</yearOfBirth>
		</name>
		<url>http://technet.idnes.cz/novinari.aspx?idnov=759</url>
	</author>
	<author authorId="Profimedia">
	</author>
	<author authorId="iDNES">
	</author>
	<author authorId="RomanVsetecka">
		<name>
			<first>Roman</first>
			<last>Všetečka</last>
		</name>
		<url>http://notebooky.idnes.cz/novinari.aspx?idnov=760</url>
	</author>
	<author authorId="CERN">
	</author>
	<author authorId="MatousLaznovsky">
		<name>
			<first>Matouš</first>
			<last>Lázňovský</last>
		</name>
		<url>http://technet.idnes.cz/novinari.aspx?idnov=2171</url>
	</author>
</authorList>