<?xml version="1.0" encoding="UTF-8"?>
	
<!-- Seznam hracu na serveru -->	

<players>
	<player>
		<username>hrac1</username>
		<firstName>Josef</firstName>
		<lastName>Hasek</lastName>
		<lvl>25</lvl>
		<itemsEquiped>
			<item>item1</item>
			<item>item3</item>
		</itemsEquiped>
	</player>
	<player>
		<username>hrac2</username>
		<firstName>Tomas</firstName>
		<lastName>Novotny</lastName>
		<lvl>20</lvl>
		<itemsEquiped>
			<item>item2</item>
			<item>item5</item>
		</itemsEquiped>
	</player>
</players>