<Svazky><!-- Svazky jsou konkretni vytisky knih. -->
	<InstanceKnihy Kniha="k92">
		<KoupenoDatum>
			2000-09-13
		</KoupenoDatum>
		<KolikratVypujceno>
			169
		</KolikratVypujceno>
		<Vypujceno/>
		<NaPobocce>Nezname</NaPobocce>
	</InstanceKnihy>
	<InstanceKnihy Kniha="k92">
		<KoupenoDatum>
			1994-09-17
		</KoupenoDatum>
		<KolikratVypujceno>
			169
		</KolikratVypujceno>
		<NaPobocce>Praha 5</NaPobocce>
	</InstanceKnihy>
	<InstanceKnihy Kniha="k35">
		<KoupenoDatum>
			2000-09-13
		</KoupenoDatum>
		<KolikratVypujceno>
			169
		</KolikratVypujceno>
		<Vypujceno/>
		<NaPobocce>Nezname</NaPobocce>
	</InstanceKnihy>
	<InstanceKnihy Kniha="k393">
		<KoupenoDatum>
			2000-03-13
		</KoupenoDatum>
		<KolikratVypujceno>
			129
		</KolikratVypujceno>
		<Vypujceno/>
		<NaPobocce>Nezname</NaPobocce>
	</InstanceKnihy>
	<InstanceKnihy Kniha="k44">
		<KoupenoDatum>
			2005-12-10
		</KoupenoDatum>
		<KolikratVypujceno>
			120
		</KolikratVypujceno>
		<Vypujceno/>
		<NaPobocce>Nezname</NaPobocce>
	</InstanceKnihy>
	<InstanceKnihy Kniha="k234">
		<KoupenoDatum>
			2005-10-10
		</KoupenoDatum>
		<KolikratVypujceno>
			121
		</KolikratVypujceno>
		<NaPobocce>Nezname</NaPobocce>
	</InstanceKnihy>
	<InstanceKnihy Kniha="k44">
		<KoupenoDatum>
			2005-12-10
		</KoupenoDatum>
		<KolikratVypujceno>
			10
		</KolikratVypujceno>
		<Vypujceno/>
		<NaPobocce>Nezname</NaPobocce>
	</InstanceKnihy>
	<InstanceKnihy Kniha="k43">
		<KoupenoDatum>
			2003-12-10
		</KoupenoDatum>
		<KolikratVypujceno>
			12
		</KolikratVypujceno>
		<Vypujceno/>
		<NaPobocce>Nezname</NaPobocce>
	</InstanceKnihy>
	<InstanceKnihy Kniha="k43">
		<KoupenoDatum>
			2003-12-10
		</KoupenoDatum>
		<KolikratVypujceno>
			11
		</KolikratVypujceno>
		<NaPobocce>Nezname</NaPobocce>
	</InstanceKnihy>
	<InstanceKnihy Kniha="k43">
		<KoupenoDatum>
			2003-12-10
		</KoupenoDatum>
		<KolikratVypujceno>
			10
		</KolikratVypujceno>
		<Vypujceno/>
		<NaPobocce>Nezname</NaPobocce>
	</InstanceKnihy>
	<InstanceKnihy Kniha="k35">
		<KoupenoDatum>
			2005-12-10
		</KoupenoDatum>
		<KolikratVypujceno>
			10
		</KolikratVypujceno>
		<Vypujceno/>
		<NaPobocce>Nezname</NaPobocce>
	</InstanceKnihy>
	<InstanceKnihy Kniha="k36">
		<KoupenoDatum>
			2005-12-10
		</KoupenoDatum>
		<KolikratVypujceno>
			123
		</KolikratVypujceno>
		<Vypujceno/>
		<NaPobocce>Nezname</NaPobocce>
	</InstanceKnihy>
	<InstanceKnihy Kniha="k92">
		<KoupenoDatum>
			2005-12-10
		</KoupenoDatum>
		<KolikratVypujceno>
			129
		</KolikratVypujceno>
		<Vypujceno/>
		<NaPobocce>Nezname</NaPobocce>
	</InstanceKnihy>
	<InstanceKnihy Kniha="k92">
		<KoupenoDatum>
			2005-12-10
		</KoupenoDatum>
		<KolikratVypujceno>
			130
		</KolikratVypujceno>
		<Vypujceno/>
		<NaPobocce>Nezname</NaPobocce>
	</InstanceKnihy>
	<InstanceKnihy Kniha="k99">
		<KoupenoDatum>
			2005-12-10
		</KoupenoDatum>
		<KolikratVypujceno>
			120
		</KolikratVypujceno>
		<Vypujceno/>
		<NaPobocce>Nezname</NaPobocce>
	</InstanceKnihy>
</Svazky>
