<?xml version="1.0" encoding="utf-8"?>
<!DOCTYPE serials SYSTEM "data.dtd">
<!-- Modelovane ako databaza serialov s pridanim oblubenych -->

<serials>
  <serial nazov="StarGate" cislo="00001">
    <info >
      <zaner typ="SCI-FI"></zaner>
      <zaner typ="DOBRODRUŽNÉ"></zaner>
      <zaner typ="AKČNÉ"></zaner>
      <popis>&quote;Jeden z najznamejsich scifi serialov nedavnej minulosti&quote;</popis>
      <herci>
        <!--zoznam hercov -->
		    <herec role="Jack O'Neill">Richard Dean Anderson</herec>
	      <herec role="Daniel Jackson">Michael Shanks</herec>
	      <herec role="Samantha Carter">Amanda Tapping</herec>
	      <herec role="Teal'c">Chritopher Judge</herec>
	      <herec role="George Hammond">Don S. Davis</herec>
	      <herec role="Janet Fraiser">Teryl Rothery</herec>
	      <herec role="Cameron Mitchel">Ben Browder</herec>
	      <herec role="Hank Landry">Beau Bridges</herec>
	      <herec role="Vala Mal Doran">Claudia Black</herec>
	      <herec role="Jonas Quinn">Corin Nemec</herec>
	      <herec role="Master Bra'tac">Tony Amendola</herec>
	      <herec role="Ba'al">Cliff Simon</herec>
      </herci>
    </info>
    <diely>
      <!-- zoznam serii serialu -->
    <seria cislo="1">
        <!-- zoznam dielov v serii -->
	      <diel cislo="1" nazov="Children of the Gods" hodnotenie="1">
	      <popis>Program Hviezdna Brána je opäť otvorený. Jack O'Neill je povolaný späť do služby po tom, čo Goa'uld menom Apophis príde na Zem cez nepouživanú bránu a unesie jedného strážneho. Po generálovy Westovy preberá projekt SGC generál Hammond, ktorý chce poslať na Abydos jadrovú bombu. Jack ho však zastaví, pretože na Abydosu ostal doktor Jackson. Ten našiel medzitým novú kartušu s množstvom ďalších adries. Na Abydos zaútočí Apophis a unesie Danielovu manželku Sha'ri a Skaaru, s ktorých urobí Goa'uldov. Team SG-1 je vyslaní ich hžadať na planetu zvanú Chulac, kde sú však zajatý Apophisom.</popis>
	      <trvanie>42:20</trvanie>
	      </diel>
	      
	      <diel cislo="2" nazov="The Enemy Within" hodnotenie="2">
	      <popis>Major Kowalsky bol v minulom diele infikovaný Goa'uldom. Doktori navrhujú operáciu a Goa'ulda chcú z neho vybrať. I keď má veľmi malé šance na prežitie, operácia sa podarila. Alebo nie...?</popis>
	      <trvanie>41:13</trvanie>
	      </diel>
	      <diel cislo="3" nazov="Emancipation"  hodnotenie="5">
	      <popis>Team SG-1 cestuje na neznámu planétu, kde zachránia chlapca pred skupinou vlkov. Tunajší ľudia sú mongoloidného pôvodu, takže ženy použivajú len ako predmet obchodu. Sam je unesená cudzím chlapom, ktorý ju chce vymeniť za dcéru náčelníka iného kmeňa. Ale ten nesúhlasí a ponúkne mu len zlato. Samanthu držia v nepriateľskom tábore proti jej vôli a je teraz na SG-1 ako ju dostať späť.</popis>
	      <trvanie>40:04</trvanie>
	      </diel>
	      <diel cislo="4" nazov="The Broca Divide">
	      <popis>SG-1 cestuje na planétu, kde ľudia sa delia na dve skupiny. Na ľudí svetla (čistí) a na nečistých. Bohužiaľ títo ľudia trpia neznámou chorobou, ktorá spôsobuje šialenstvo. Team SG-1 túto chorobu prinesie i na Zem a sami sa nakazia. Doktorka Fraiser-ová teraz hľadá spôsob, ako všetkých vrátiť do normálneho stavu.
        </popis>
	      </diel>
	      <diel cislo="5" nazov="The First Commandment">
	      <popis>Veliteľ tímu SG-9, kapitán Hanson, je na jednej planéte považovaný za Boha. Obyvatelov tejto planéty núti aby ho uctievali a postavili mu chrám. No planétu ohrozuje neznáme žiarenie a všetci obyvatelia čakajú, že kapitán Hanson tento problém vyrieši. Ten však nevie spustiť goa'uldské zariadenie, ktoré by dalo všetko do poriadku. SG-1 sa vydáva na planétu vyriešiť problém a kapitána Hansona priviesť späť domov.
	      </popis>
	      </diel>
	      <diel cislo="6" nazov="Cold Lazarus">
	      <popis>SG-1 prišli na planétu, kde vidia množstvo modrých kryštáľov zničených tyčovými zbraňmi. Jack však nájde jeden nezničený a priblíži sa k nemu. V zápätí upadne do bezvedomia a kryštáľ preberá Jackovu podobu a vracia sa z nič-netušiacim SG tímon späť na Zem. 'Jack' sa vracia k svojej manželke a chce hovoriť so svojím synom. No Charlie už dávnejšie zomrel. Medzitým sa vráti pravý O'Neill, ktorý ničomu nechápe.
        </popis>
	      </diel>
	      <diel cislo="7" nazov="The Nox">
	      <popis>Team SG-1 sa dozvie od Teal'ca adresu planéty, kde žije neviditelný tvor nazývaný 'Fenri'. A pretože vláda tlačí na SGC, aby získavala nové technológie v boji proti Goa'uldom, je SG-1 poverená priniesť tohto tvora. Sú však na planéte napadnutí Goa'uldom a všetci povraždení. V tom prichádzajú Noxovia.
        </popis>
	      </diel>
	      <diel cislo="8" nazov="Brief Candle">
	      <popis>SG-1 prichádza na planétu, a zistia, že tamojší obyvatelia žiju len sto dní. Sam zistí, že u nich dochádza k rýchlemu stárnutiu a každý večer všetci do jedného z ničoho-nič zaspia. Problém nastane vtedy, keď Jack začne starnúť s nimi. Zvyšok SG tímu sa vráti na Zem a hľadá spôsob ako pomôcť Jackovi. Zistia, že za to môže určité zariadenie v dedine, v ktorej žijú.
	      </popis>
	      </diel>
	      <diel cislo="9" nazov="Thor's Hammer">
	      <popis>SG-1 prichádzajú na Chimériu, kde hneď po prechode bránou sú skenovení Tórovim kladivom, ktoré každého, kto má v sebe symbionta prenesie do labyrintu a na jeho konci je symbion vybraný z tela bez toho, aby hostitel zomrel. To však neplatí pre Jaffov, ktorí nedokážu bez symbionta žiť. Jack s Teal'com sú omylom prenesení do tohto labyrintu a hľadajú cestu späť. Sam a Daniel sa pokúšajú nájsť pomoc u tamojšieho obyvateľstva.
	      </popis>
	      </diel>
	      <diel cislo="10" nazov="The Torment of Tantalus">
	      <popis>Doktor Jackson študuje odtajnené dokumenty a video-záznamy týkajúce sa projektu SG v časoch, keď ho mal na starosti profesor Langford. Zistil, že tomuto mužovi sa podarilo prejsť bránou na inú planétu a požiada generála Hammonda, aby zo zvyškom SG-1 sa mohli vydať hľadať ho. K tímu sa pripojí i Kathryn, ktorá priviedla Daniela k projektu Hviezdna brána. Prejdu bránou a nájdu profesora Langforda, ktorý objavil skutočný poklad.
	      </popis>
	      </diel>
	      <diel cislo="11" nazov="Bloodlines">
	      <popis>Team SG-1 sa vydáva na Chulac, aby zachránili Teal'covho syna Rya'ca pred obradom, pri ktorom mu bude implantovaná do tela larva Goa'ulda. SG-1 má i rozkazy poobzerať sa po larve Goa'ulda a priviesť ju na výskumy na Zem. Teal'covi sa podarí syna zachrániť, no ten trpí chorobou a bez symbionta nemôže prežiť.
	      </popis>
	      </diel>
	      <diel cislo="12" nazov="Fire and Water">
	      <popis>SG-1 sa nečakane vracajú späť do SGC ale bez Daniela. Na planéte kde boli, vraj došlo k erupcii sopky a doktor Jackson pri tom umrel. Ten však je v zajatí Oanesanov.
	      </popis>
	      </diel>
	      <diel cislo="13" nazov="Hathor">
	      <popis>Pri vykopávkach na Mayských pyramídach je objavený sarkofág s egyptskými hieroglyfmi. Sarkofág prinesú doktorovi Jacksonovi do SGC na ďalší výskum. V tej istej dobe však istá žena sa dobíja do SGC a hovorí, že vie o existencii Hviezdnej brány. Je to Goa'uldská kráľovná Hathor, ktorá ovládne všetkých mužov v SGC pomocou určitej látky. Chce zo všetkých urobiť hostiteľov pre Goa'uldské larvy. Tentokrát je to všetko na Sam a ostatné ženy v SGC.
	      </popis>
	      </diel>
	      <diel cislo="14" nazov="Singularity">
	      <popis>Na planéte P8X-987 je zriadená pozemská základňa, z ktorej budú mať vedci možnosť prvykrát zdokumentovať čiernu dieru. Ale keď na planétu príde SG-1 zistia, že všetci sú mŕtvi. Jediný kto prežil je malé dievčatko menom Cassandra. Privedú ju na Zem kde ale zistia, že všetko nie je v poriadku. Cassandra je súčasťov Goa'uldského plánu ako zničiť Zem.
	      </popis>
	      </diel>
	      <diel cislo="15" nazov="Cor-Ai">
	      <popis>SG-1 prichádza na planétu P3X-1279. Jeden z obyvateľov si však pamätá Teal'ca ešte keď bol v službách Apophisa. Obviní ho z vraždy svojho otca a nasleduje 'Cor-ai' súd. Ten rozhodne, že Teal'ca čaká smrť a on sa proti tomuto rozhodnutiu nijak nebráni. Medzitým však na planétu prichádzajú Goa'uldi a situácia sa rázom mení.
	      </popis>
	      </diel>
	      <diel cislo="16" nazov="Enigma">
	      <popis>SG-1 prichádza na planétu, na ktorej to vyzerá ako po katastrofe. Blízko brány však nájdu ešte živých ľudí a zoberú ich rýchlo na Zem k ošetreniu. Od nich zistia, že sa nazývajú Tolláni. Je to moc vyspelá rasa, ktorá bola napadnutá a preto evakuovali svojich ľudí na inú planetu. No to sa však nepodarilo. SGC teraz hľadá vhodnú planétu, kde by mohli Tolláni žiť. No všetky rasy sú pre nich primitívne. Všetko sa ešte skomplikuje, keď Tolláni majú byť umiestnení mimo SGC, aby americká vláda mohli získať ich technológie.</popis>
	      <trvanie>43:40</trvanie>
	      </diel>
	      <diel cislo="17" nazov="Solitudes">
	      <popis>SG-1 prechádza bránou, aby sa dostali späť na Zem. No brána má poruchu a v SGC sa objaví len Daniel a Teal'c. Samantha a Jack sú uväznení na neznámej planéte celej z ľadu. Pokúšajú sa zadať adresu späť ale neúspešne. Dochádza im potrava i voda a vyzerá to s nimi veľmi zle. Daniel sa zatiaľ pokúša zisti kde vlastne sú a zistí, že Sam aj Jack sú po celú dobu už na Zemi.
	      </popis>
	      </diel>
	      <diel cislo="18" nazov="Tin Man">
	      <popis>SG-1 prichádza na planétu obývanú len jednou osobou. Po príchode sa ale všetci dostanú do bezvedomia. Všetci sa prebudia v inej miestnosti na ležadlách a okamžite sa chcú vrátiť späť do SGC. Ten muž ich od návratu odhovára, ale nepodarí sa mu ich zastaviť. Po príchode sa všetci podrobujú lekárskej prehliadke, kde je zistené, že sú to len repliky. Skutočný SG-1 tím je stále na neznámej planéte.
	      </popis>
	      </diel>
	      <diel cislo="19" nazov="There But for the Grace of God">
	      <popis>
	      SG-1 prichádza na planétu, na ktorej nájdu bývalé vedecké laboratórium. Daniel tu preskumáva rôzne predmety. Objaví i zvláštne zrkadlo, v ktorom však nevidí svoj odraz. Dotkne sa ho a okrem zvláštneho záblesku sa nič nestane. Vtedy si všimne, že zvyšok SG-1 tu už nie je a vracia sa späť na Zem. No v SGC však zisťuje, že ho nikto nespoznáva a na Zem práve útočia goa'uldi.
	      </popis>
	      </diel>
	      <diel cislo="20" nazov="Politics">
	      <popis>
	      Do SGC prichádza senátor Kinsey, ktorý nie je spokojný s programom Hviezdna brána. Tvrdí, že SG tímy nie sú dosť razantné v získavaní mimozemských technológii. Senátor dáva však SG-1 šancu, aby ho presvedčili o opaku, inak hrozí, že program Hviezdnej brány ukončí.
	      </popis>
	      </diel>
	      <diel cislo="21" nazov="Within the Serpent's Grasp">
	      <popis>Projekt Hviezdna brána je ukončený. Team SG-1 sa ale rozhodne, že pôjde na planétu, z ktorej goa'uldi v alternatývnom svete viedli svoj útok na Zem. Takto chcú zabrániť zničeniu Zeme.
	      </popis>
	      </diel>
	    </seria>
      <seria cislo="2">
	      <diel cislo="1" nazov="The Serpent's Lair">
	      <popis>SG-1 je zajatý goa'uldom, ktorý chystá útok na Zem. Celá planéta sa chystá na najhoršie a najdôležitejších ľudí začnú posielať na stanovište beta mimo Zeme. Medzitým sa však tím SG-1 pokúša zastaviť útok na svoju planétu a ocitá sa na jednej z útočiacich lodí. Spolu s SG-1 bojuje proti goa'uldom aj majster Bra'tac no Daniel v boji zahynie.
	      </popis>
	      </diel>
	      <diel cislo="2" nazov="In the Line of Duty">
	      <popis>SG-1 prichádza na planétu Nasya, kde na tamojších obyvateľov útočili goa'uldi. Tím SG-1 evakuuje zbytok ľudí. Sú však pod ťažkou paľbou. Sam poskytne jednému mužovi prvú pomoc, dýchanie z úst do úst, pri ktorom do nej prenikne goa'uld. Všetci sa vracajú na Zem. Cassandra však spozná, že Sam je pod nadvládou goa'ulda a je uväznená. Jack sa pokúša prehovoriť goa'ulda aby opustil Samanthu, no ten tvrdí že s goa'uldami nemá nič spoločné.
	      </popis>
	      </diel>
	      <diel cislo="3" nazov="Prisoners">
	      <popis>SG-1 je na planéte, kde povrch je tvorený len dažďovými pralesmi. Pri návrate na Zem stretnú však neznámeho muža, ktorý prosí o pomoc. V tom je celý tím prenesený do veľkej miestnosti, kde sa dozvedia, že muž ktorému pomáhali je zločinec a oni sa stávajú spoluvinníkmi z jeho zločinov. V zapätí sú poslaný bránou na planétu, ktorú používajú ako trestaneckú kolóniu. Tu stretávajú ženu, ktorá by im mohla pomôcť utiecť. Medzitým generál Hammond sa pokúša vyjednávať s neznámou rasou o návrate SG-1.
	      </popis>
	      </diel>
	      <diel cislo="4" nazov="The Gamekeeper">
	      <popis>SG-1 prichádza na planétu P7J-989, kde sa nachádzajú krásne záhrady. Na planéte objavia i zvláštny dóm, v ktorom sa nachádza množstvo kovových boxov. V zapätí sú do týchto boxov uväznení a všetci zaspia. Neskôr sa prebúdzajú a zisťujú, že prežívajú časť svojich životov, ktoré sa stali v minulosti. Pozorujú ich pri tom neznámi ľudia.
	      </popis>
	      </diel>
	      <diel cislo="5" nazov="Need">
	      <popis>SG-1 sa vydáva na planétu P3R-636, kde Daniel zabráni jednej žene v samovražde. Následne je obklopený jaffmi a obvinení s pokusu o vraždu. Pri úteku Daniel zomrie. Ostatný zisťujú, že na planéte je goa'uldská pyramída ale žiadny goa'uld. Celý tím je poslaný na nútené práce do dolov na naquadah. Zachránená dievčina 'Shyla' je dcérou miestneho vládcu a zamiluje sa do Daniela. Ten pod vplyvom goa'uldského sarkofágu je vyliečený a po mnohých pobytoch v sarkofágu chce ostať žiť na planéte po boku Shyli.
	      </popis>
	      </diel>
	      <diel cislo="6" nazov="Thor's Chariot" hodnotenie="2">
	      </diel>
	      <diel cislo="7" nazov="Message in a Bottle">
	      <popis>Team SG-1 je vyslaný na planétu P5C-353, ktorá sa však podobá skôr na Mesiac. Nemá dýchatelnú atmosféru a po mnoho rokov je neobývaná. Členovia SG-1 tu objavia určité mimozemské zariadenie, ktoré má podobu gule a spolu s ním sa vracajú na Zem. Tu zistia, že guľa je schránkou mimozemských organizmov, ktoré čakali na to, kým sa dostanú do vhodného prostredia. Keď zariadenie začne prejavovať známky radiácie SG-1 sa ho pokúša vrátiť na svoju planétu no je už neskoro. Jack sa stane ich rukojemníkom a generálovy Hammondovi a zvyšku tímu SG-1 ostávajú tri hodiny na vyriešenie tohto problému.
	      </popis>
	      </diel>
	      <diel cislo="8" nazov="Family">
	      <popis>SGC je kontaktované majstrom Bra'tacom. Ten prichádza so zlou správou. Apophis uniesol Teal'covho syna Rya'ca. Generál dáva tímu zelenú (čo už má len robiť) a SG-1 prichádza na Chulac. Tím zisťuje že Apophis vymyl Ray'covi mozog a považuje Teal'ca za zradcu (Shol'va) a Apophisa za svojho boha. Nakoniec sa však podarí SG-1 dostať Teal'covu ženu i jeho syna na Zem. No Ray'c všetko len predstiera a stáva sa pre SGC hrozbou.
	      </popis>
	      </diel>
	      <diel cislo="9" nazov="Secrets">
	      <popis>Daniel sa spolu s Teal'com vracajú na Abydos, tak ako to sľúbil Kasufovi. Doktor Jackson zistí, že na Abydosu je ukrytá Apophisova žena Amonet alias Sha're, ktorá čaká jeho dieťa. Apophis chce dieťa použiť ako nového hostiteľa. Medzitým je plukovní O'Neill a kapitán Carterová vo Washingtone D.C., kde preberajú medailu za statočnosť. Jack je tu kontaktovaný novinárom Selig-om, ktorý vie o projektu Hviezdna brána a hrozí, že všetko odhalí verejnosti. Neskôr je pred očami Jacka zabití pri autonehode. Samantha sa stretáva so svojím otcom, ktorý jej povedal, že trpí rakovinou. Hovorí, že zohnal Sam nové miesto v NASA, aby sa jej splnil sen byť vo vesmíre. No tá nemôže prezradiť svoje terajšie pôsobenie. Sha're sa na Abydosu stretáva s Danielom. V dobe tehotenstva je sama sebou, lebo Amonet nemá nad ňou žiadnu moc. No na Abydos prichádza Heru'ur a za každu cenu chce získať Sha're a jeho syna.
	      </popis>
	      </diel>
	      <diel cislo="10" nazov="Bane">
	      <popis>Team SG-1 je na planéte BP6-3Q1. Je tu vyspelá architektúra no planéta je ľudoprázdna. Zrazu je SG-1 napadnutá rojom obrovských komárov a jeden z nich bodne Teal'ca. Medzitým sa vrátia na Zem, ale Teal'covi je čoraz horšie. Zistí sa, že Teal'cova DNA je modifikovaná a ani jeho symbiont to nevie napraviť. Sam si nevie rady a prichádza plukovník Maybourn, ktorý Teal'ca nechá premiestniť na iné miesto k pozorovanie. Ten však utečie a skýva sa v jednej starej budove. Spriatelí sa s mladou dievčinou menom Ally. Teal'covi už neostáva veľa času.
	      </popis>
	      </diel>
	      <diel cislo="11" nazov="Tok'ra">
	      <popis>Samanthe sa zdá sen, v ktorom vidí Jolinar (časť 2-02) a ostatných Tok'rov ako evakuujú planétu napadnutou goa'uldom. Tím SG-1 sa vydáva na planétu, ktorú videla Sam vo sne a stretávajú sa s Tok'rami, s ktorými prišli uzatvoriť mier. Oni však chcú na oplátku tiež niečo získať, pretože prezradenie, ktoré im hrozí, je príliš veľké. Sam sa dozvedela od Tok'ri Martoufa o jeho vzťahu k Jolinar. Tok'rovia stoja len o jednu vec. Žiadajú nových hostiteľov, do ktorých by mohli implantovať ďalších symbiontov. No nikto si nechce dať 'zaviesť hada do hlavy'. Tok'rovia sú už zúfalí, lebo umiera hostiteľ jeden z najváženejších Tok'rov Selmak.
	      </popis>
	      </diel>
	      <diel cislo="12" nazov="The Tok'ra">
	      <popis>Tok'rovia odmietli spojenectvo so Zemou, nakoľko im ľudia nemajú čo ponúknuť. Ani to že nenašli hostiteľa pre Selmak nijako nepomáha situácii. Sam Však dostane nápad, aby sa jej chorý otec Jacob (časť 2-09) stal novým hostiteľom. T7m sa zachráni i on a Tok'ra Selmak. Medzitým sa goa'uldi dozvedeli od špióna polohu základne Tok'rov a chystajú sa na útok. Na planéte prebieha evakuácia a Sam odmieta opustiť svojho otca pokiaľ ho Selmak nevylieči.
	      </popis>
	      </diel>
	      <diel cislo="13" nazov="Spirits">
	      <popis>Tím SG-11 sa vracia z planáty PXY-887, kde ťažili nový kov nazývaný Trinium, Ktorý je stokrát ľahší a pri tom pevnejší ako oceľ. No namiesto SG-11 však bránou prejde len šíp z trinia a trafí Jacka. Zvyšok SG-1 sa vyberie na PXY-887 hľadať SG-11. Tu narazia na indiánsky kmeň Salishov, ktorí im povedali, že SG-11 sú zajatý Duchmi. Radia im aby si prehovorili priamo s Duchmi, ktorý majú podobu vlka a havrana.
	      </popis>
	      </diel>
	      <diel cislo="14" nazov="Touchstone">
	      <popis>Team, ktorý sa vydáva za SG-1 ukradol z planéty Madrona svätí kameň, pomocou ktorého riadili počasie na svojej planéte. Obyvatelia tejto planéty sú teraz odsúdený k smrti, lebo na planete zúria snehové burky a neostáva im veľa času. SG-1 sľúbi, že nájde svätí kameň. Zisťujú, že na zemi sa začne meniť počasie a jedinou príčinou môže byť svätí kameň. Jedinou možnosťou ako sa dostal na Zem je druhá brána.
	      </popis>
	      </diel>
	      <diel cislo="15" nazov="A Matter of Time ">
	      <popis>Pri pokusu o záchranu tímu SG-10, ktorý ostal na planéte P3X-451 dôjde k tomu, že pod vplyvom čiernej diery nejde brána zatvoriť. Pri pokuse kde sa Teal'c a seržant Siller pokúšali vypnúť napájacie zariadenie boli poranený. Nakoniec sa im podarilo zariadenie vypnúť no brána sa nechce zatvoriť. SG-1 neostáva veľa času, lebo v SGC sa začala prejavovať dilatácia času.
	      </popis>
	      </diel>
	      <diel cislo="16" nazov="The Fifth Race" hodnotenie="1">
	      <popis>SG-1 prichádza na planétu kde Daniel objavil text v rovnakom jazyku ako na planéte, kde sa schádzali štyri najvyspelejšie rasy (časť 1-10). Po tom, čo Jack sa pozrel do prístroja, ktorý sa nachádzal na tejto planéte, boli mu do hlavy nahrané všetky znalosti antikou, rasy ktorá postavila systém hviezdnych brán. Na zemi Jack stavia zvláštne zariadenie ktoré ani on nevie na čo vlastne slúži. Začina hovoriť cudzím jazykom a nikto mu už nerozumie. Chce sa dostať na jednu planétu, ktorej adresa tvorí 8 znakov. Tu sa stretáva s Asgardami.
	      </popis>
	      </diel>
	      <diel cislo="17" nazov="Holiday">
	      <popis>SG-1 nájde na planéte P3W-924 starého muža menom Machello, ktorý tvrdí že je veľký bojovník proti goa'uldom. Pri skúmaní jedného prístroja myseľ Daniela prejde do Machella a naopak. Machello sa potom v tele doktora Jacksona vracia do SGC. Berie si dovolenku a chce spoznať Zem.
	      </popis>
	      </diel>
	      <diel cislo="18" nazov="Serpent's Song">
	      <popis>SG-1 dostali odkaz. Krátko potom ako prišli na dohodnutú planétu havaruje tu goa'uldský klzák. Bol v ňom samotný Apophis, ktorý uteká pre svojim nepriateľom, goa'uldom Sokarom. SG-1 uväzní Apophisa a berú ho so sebou do SGC. Ten pomaly umiera a žiada od ľudí nového hostiteľa a na oplátku im povie všetky znalosti goa'uldov. Medzitým na iris útočí Sokar a žiada vydanie Apophisa.
	      </popis>
	      </diel>
	      <diel cislo="19" nazov="One False Step">
	      <popis>V priebehu letu sa prieskumné UAV lietadlo zrúti na planéte PJ2-445 na kaktusovo vyzerajúce rastliny bielej farby. SG-1 je poslaná, aby lietadlo našla. Na planéte nájdu ľudí podobných humanoidom, ktorý však nehovoria a sú celý biely. Krátko potom však títo ľudia začnú upadať do kómatu. Celí tím sa bojí že na planétu priniesli neznámu chorobu, ktorá môže spôsobiť vyhľadenie celého obyvateľstva.
	      </popis>
	      </diel>
	      <diel cislo="20" nazov="Show And Tell">
	      <popis>V SGC dôjde neoprávnenej aktivácii bráni. Na základňu príde malý chlapec so slovami, že prišiel varovať Zem pred útokom goa'uldom. Hovorí, že o SGC mu povedala matka, ktorá sa už dlhšiu dobu tu zdržuje. Ich rasa sa nazýva Reeteliani a sú schopný sa urobiť neviditeľní. Ich rasa bola takmer vyhľadená goa'uldami a teraz chcú oni zneškodniť všetkých potencionálnych hostiteľov a tak aj zničiť goa'uldov. Teda aj ľudskú rasu. Na pomoc im prídu Tok'rovia.
	      </popis>
	      </diel>
	      <diel cislo="21" nazov="1969" hodnotenie="2">
	      <popis>SG-1 sa pripravuje na misiu. Generál Hammond si všimne jazvu na Samanthinej ruke a ihneď napíše odkaz, s tým že ho bude neskôr potrebovať. Následne prejde SG-1 bránou, no ocitne sa späť na Zemi. Avšak v 70. rokoch. Tím je v zajatí a je považovaný za špiónov. Všetkých majú premiestniť na iné miesto a vtedy zistia, že im pri úteku pomáha poručík Hammond. Teraz sa pokúšajú dostať späť do svojho času.
	      </popis>
	      </diel>
	      <diel cislo="22" nazov="Out of Mind">
	      <popis>Jack sa prebudí v budúcnosti na základne SGC. Je v tejto dobe rozmrazený a je mu povedané, že prežil iba on z SG-1. Prebral sa po 70 rokov. Zisťuje, že Zem je stále v boji proti goa'uldom a potrebujú od neho pomoc. Má si spomenúť na všetko čo sa stalo keď velil SG-1. V tej dobe sú rozmrazovaný i ďalší členovia SG-1 a je im povedané to isté ako Jackovi. Ten pri prechádzke objavy Sam a všetko sa komplikuje, keď sa po SGC prechádzajú jaffovia.
	      </popis>
	      </diel>
	    </seria>
	    <seria cislo="3">
	      <diel cislo="1" nazov="Into The Fire">
	      <popis>Jack zistil, že vôbec neopustil svoj čas ale je v zajatí Hathor a ďalších goa'uldov, ktorí sa chceli od SG-1 dozvedieť najnovšie informácie o ostatný vládcov sústavy. Využili ich a teraz spolu hľadajú cestu ako sa dostať z tejto pasce von.
	      </popis>
	      </diel>
	      <diel cislo="2" nazov="Seth">
	      <popis>Na Zem prichádza Selmak alias Jacob Carter, aby informoval SGC o tom, že ne Zemi sa ukrýva goa'uld ménom Seth. Toho nájdu v dobre stráženom objekte, kde si vybudoval svoje vlastné kráľovstvo. Všetkých ľudí ovláda podobnou látkou ako Hathor a tak SG-1 musí vymyslieť ako preniknúť do jeho skrýše bez toho, aby podľahli tejto látke. Situácia sa komplikuje, keď Sethova skrýš je sledovaná i tajnou vládnou organizáciou.
	      </popis>
	      </diel>
	      <diel cislo="3" nazov="Fair Play">
	      <popis>
	      </popis>
	      </diel>
	      <diel cislo="4" nazov="Legacy">
	      <popis>
	      </popis>
	      </diel>
	      <diel cislo="5" nazov="Learning Curve">
	      <popis>
	      </popis>
	      </diel>
	      <diel cislo="6" nazov="Point Of View">
	      <popis>V oblasti 51, kde sú skúmané všetky technológie, ktoré boli získané tímami SG sa aktivuje kvantové zrkadlo, ktorá slúži na prechod medzi alternatývnymi svetmi. Vychádzaju z neho doktorka Carterová a major Kowalsky, ktorý žiadajú o pomoc SGC, nakoľko ich svet je pod útokom goa'uldov. SG-1 má zelenú a s pomocou Teal'ca chcú oslobodiť ich svet.
	      </popis>
	      </diel>
	      <diel cislo="7" nazov="Deadman">
	      <popis>
	      </popis>
	      </diel>
	      <diel cislo="8" nazov="Demons">
	      </diel>
	      <diel cislo="9" nazov="Rules Of Engagement">
	      </diel>
	      <diel cislo="10" nazov="Forever In A Day">
	      </diel>
	    </seria>
	    <seria cislo="1">
	      <diel cislo="1" nazov="">
	      </diel>
	    </seria>
    </diely>

  </serial>
  <serial nazov="Friends">
    <info >
      <zaner typ="SITCOM"></zaner>
      <zaner typ="ROMANTICKÝ"></zaner>
      <herci>
        <!--zoznam hercov -->
		    <herec role="Reachel Green">Jennifer Aniston</herec>
	      <herec role="Chandler Bing">Matthew Perry</herec>
	      <herec role="Monica Geller">Courteney Cox</herec>
	      <herec role="Ross Geller">Lisa Kudrow</herec>
        <herec role="Phoebe Buffay">Lisa Kudrow</herec>
        <herec role="Joey Tribbiani">Matt LeBlanc</herec>
      </herci>
    </info>
    <diely>
      <seria cislo="1">
	      <diel cislo="1" nazov="The One Where Monica Gets a Roommate" hodnotenie="2">
	      <popis>
	      </popis>
	      </diel>
	    </seria>
      <seria cislo="2">
	      <diel cislo="1" nazov="The One with Ross's New Girlfriend">
	      <popis>
	      </popis>
	      </diel>
	    </seria>
      <seria cislo="3">
	      <diel cislo="1" nazov="The One with the Princess Leia Fantasy">
	      <popis>
	      </popis>
	      </diel>
	    </seria>
    </diely>
  </serial>
  <!-- Popis a odkazy k oblubenym serialom-->
  <oblubene>
    Jeden z mojich najoblubenejsich a najpozeranejsich serialov 
    <ref id_ref="StarGate"></ref>.
     Tiez celostevov znami serial    <ref id_ref="Friends">0</ref>
  </oblubene>
  <!--Datum vytvorenia dokumentu vypise medzi < a > -->
  <aktualizovane>
  Finalna verzia
  <![CDATA[
    document.write("<");
  ]]><?php echo Date("d.m.Y") ?><![CDATA[
    document.write(">");
  ]]>
  </aktualizovane>
</serials>
