<?xml version="1.0" encoding="UTF-8"?>
<?databazaFilmov autor="Monika Danilakova" tema="Domaci ukol 1 - Databaza filmov (10 filmov)" ?>

<databazaFilmov>
	<!-- ZOZNAM FILMOV -->
	<!-- Poznamka: fid znamena film id. Identifikatory fid maju tvax f_*, aby sme ich odlisili od identifikatorov zanrov, ktore maju tvar g_* --> 
	
	<film fid="f_1" rating="PG"> 
		<nazov>Monty Python and the Holy Grail</nazov>  
    <info>
			<rok>1975</rok>
			<dlzka>91</dlzka><!-- dlzka filmu je v celych minutach -->
			<reziser>Terry Gilliam</reziser>
		</info>
		<herci> <!-- z pochopitelnych dovodov budu v mojej databaze pri kazdom filme len 3 najdolezitejsi herci/herecky -->
			<herec>
				<meno>Graham Chapman</meno>
        <rokNar>1941</rokNar>
				<hralPostavy> <!-- jeden herec moze hrat aj viac postav -->
					<hranaPostava meno="King Arthur" />
					<hranaPostava meno="Voice of God" />
					<hranaPostava meno="Middle Head" />
					<hranaPostava meno="Hiccoughing Guard" />
				</hralPostavy>
			</herec>
			<herec>
				<meno>John Cleese</meno>
        <rokNar>1939</rokNar>
				<hralPostavy> <!-- jeden herec moze hrat aj viac postav -->
					<hranaPostava meno="Second Swallow-Savvy Guard" />
					<hranaPostava meno="The Black Knight" />
					<hranaPostava meno="Peasant 3" />
					<hranaPostava meno="Sir Lancelot the Brave" />
					<hranaPostava meno="Taunting French Guard" />
					<hranaPostava meno="Tim the Enchanter" />
				</hralPostavy>
			</herec>
			<herec>
				<meno>Eric Idle</meno>
        <rokNar>1943</rokNar>
				<hralPostavy> <!-- jeden herec moze hrat aj viac postav -->
					<hranaPostava meno="Dead Collector" />
					<hranaPostava meno="Peasant 1" />
					<hranaPostava meno="Sir Robin the Not-Quite-So-Brave-as-Sir Launcelot" />
					<hranaPostava meno="First Swamp Castle Guard" />
					<hranaPostava meno="Concorde" />
					<hranaPostava meno="Roger the Shrubber" />
					<hranaPostava meno="Brother Maynard" />
				</hralPostavy>
			</herec>
		</herci>
	</film>
	
	<film fid="f_2" rating="R"> 
		<nazov>Inglourious Basterds</nazov>
    <info>  
			<rok>2009</rok>
			<dlzka>153</dlzka><!-- dlzka filmu je v celych minutach -->
			<reziser>Quentin Tarantino</reziser>
		</info>
		<herci> <!-- z pochopitelnych dovodov budu v mojej databaze pri kazdom filme len 3 najdolezitejsi herci/herecky -->
			<herec>
				<meno>Brad Pitt</meno>
        <rokNar>1963</rokNar>
				<hralPostavy> <!-- jeden herec moze hrat aj viac postav -->
					<hranaPostava meno="Lt. Aldo Raine" />
				</hralPostavy>
			</herec>
			<herec>
				<meno>Mélanie Laurent</meno>
        <rokNar>1983</rokNar>
				<hralPostavy> <!-- jeden herec moze hrat aj viac postav -->
					<hranaPostava meno="Shosanna" />
				</hralPostavy>
			</herec>
			<herec>
				<meno>Christoph Waltz</meno>
        <rokNar>1956</rokNar>
				<hralPostavy> <!-- jeden herec moze hrat aj viac postav -->
					<hranaPostava meno="Col. Hans Landa" />
				</hralPostavy>
			</herec>
		</herci>
	</film>
	
	<film fid="f_4" rating="R"> 
		<nazov>The Shawshank Redemption</nazov>
    <info>  
			<rok>1994</rok>
			<dlzka>142</dlzka><!-- dlzka filmu je v celych minutach -->
			<reziser>Frank Darabont</reziser>
		</info>
		<herci> <!-- z pochopitelnych dovodov budu v mojej databaze pri kazdom filme len 3 najdolezitejsi herci/herecky -->
			<herec>
				<meno>Tim Robbins</meno>
        <rokNar>1958</rokNar>
				<hralPostavy> <!-- jeden herec moze hrat aj viac postav -->
					<hranaPostava meno="Andy Dufresne" />
				</hralPostavy>
			</herec>
			<herec>
				<meno>Morgan Freeman</meno>
        <rokNar>1937</rokNar>
				<hralPostavy> <!-- jeden herec moze hrat aj viac postav -->
					<hranaPostava meno="Ellis Boyd 'Red' Redding" />
				</hralPostavy>
			</herec>
			<herec>
				<meno>Bob Gunton</meno>
        <rokNar>1945</rokNar>
				<hralPostavy> <!-- jeden herec moze hrat aj viac postav -->
					<hranaPostava meno="Warden Norton" />
				</hralPostavy>
			</herec>
		</herci>
	</film>
	
	<film fid="f_6" rating="G"> 
		<nazov>2001: A Space Odyssey</nazov>
    <info>  
			<rok>1968</rok>
			<dlzka>160</dlzka><!-- dlzka filmu je v celych minutach -->
			<reziser>Stanley Kubrick</reziser>
		</info>
		<herci> <!-- z pochopitelnych dovodov budu v mojej databaze pri kazdom filme len 3 najdolezitejsi herci/herecky -->
			<herec>
				<meno>Keir Dullea</meno>
        <rokNar>1936</rokNar>
				<hralPostavy> <!-- jeden herec moze hrat aj viac postav -->
					<hranaPostava meno="Dr. Dave Bowman" />
				</hralPostavy>
			</herec>
			<herec>
				<meno>Gary Lockwood</meno>
        <rokNar>1937</rokNar>
				<hralPostavy> <!-- jeden herec moze hrat aj viac postav -->
					<hranaPostava meno="Dr. Frank Poole" />
				</hralPostavy>
			</herec>
			<herec>
				<meno>William Sylvester</meno>
        <rokNar>1922</rokNar>
				<hralPostavy> <!-- jeden herec moze hrat aj viac postav -->
					<hranaPostava meno="Dr. Heywood R. Floyd" />
				</hralPostavy>
			</herec>
		</herci>
	</film>
	
	<film fid="f_7" rating="PG-13"> 
		<nazov>Forrest Gump</nazov>
    <info>  
			<rok>1994</rok>
			<dlzka>142</dlzka><!-- dlzka filmu je v celych minutach -->
			<reziser>Robert Zemeckis</reziser>
		</info>
		<herci> <!-- z pochopitelnych dovodov budu v mojej databaze pri kazdom filme len 3 najdolezitejsi herci/herecky -->
			<herec>
				<meno>Tom Hanks</meno>
        <rokNar>1956</rokNar>
				<hralPostavy> <!-- jeden herec moze hrat aj viac postav -->
					<hranaPostava meno="Forrest Gump" />
				</hralPostavy>
			</herec>
			<herec>
				<meno>Robin Wright</meno>
        <rokNar>1966</rokNar>
				<hralPostavy> <!-- jeden herec moze hrat aj viac postav -->
					<hranaPostava meno="Jenny Curran" />
				</hralPostavy>
			</herec>
			<herec>
				<meno>Gary Sinise</meno>
        <rokNar>1955</rokNar>
				<hralPostavy> <!-- jeden herec moze hrat aj viac postav -->
					<hranaPostava meno="Lieutenant Dan Taylor" />
				</hralPostavy>
			</herec>
		</herci>
	</film>
</databazaFilmov>