<?xml version="1.0" encoding="windows-1250"?>
<Zborovna xmlns:xsi="http://www.w3.org/2001/XMLSchema-instance"
xsi:noNamespaceSchemaLocation="data.xsd">
  <Ucitel>
    <Key>3</Key>
    <Name>
        <Titl>Mr.</Titl>
        <Firstname>John</Firstname>
		<Surname>Doe</Surname>
	</Name>
  </Ucitel>
  
  <Ucitel>
    <Key>2</Key>
    <Name>
		<Surname>Adams</Surname>
	</Name>
  </Ucitel>

<Ukoly>
  <Ukol predmet="math">
         <Ucitel>3</Ucitel>
         <Popis creator="admin" priority="2">
           Ukol 1
         </Popis>
    </Ukol>
    <Ukol predmet="bio">
         <Ucitel>2</Ucitel>
         <Popis>
           Ukol 2
         </Popis>
  </Ukol>

</Ukoly>
<ReleaseNotes creator="SP" version="0.1">
   XML dokument pro ukoly
</ReleaseNotes>
</Zborovna>