<?xml version="1.0" encoding="UTF-8"?>
<events xmlns:xsi="http://www.w3.org/2001/XMLSchema-instance"
xsi:noNamespaceSchemaLocation="data.xsd">
	<artists> <!-- The definitions of the artists used -->
		<artist id="artist_1">
			<name>Horkyze Slize</name>
			<country>Slovakia</country>
			<description>Crazy punk rock from Slovakia.</description>
		</artist>
		<artist id="artist_2">
			<name>Chiki liki tu-a</name>
			<country>Slovakia</country>
			<description>Eastern Slovakia jokes.</description>
		</artist>
		<artist id="artist_3">
			<name>Polemic</name>
			<country>Slovakia</country>
		</artist>
		<artist id="artist_4">
			<name>Kabat</name>
			<country>Czech rep.</country>
		</artist>
		<artist id="artist_5">
			<name>Chinaski</name>
			<country>Czech rep.</country>
		</artist>
		<artist id="artist_6">
			<name>Karel Plihal</name>
			<country>Czech republic</country>
		</artist>
		<artist id="artist_7">
			<name>Guns &apos;n Roses</name> <!-- entity usage -->
			<country>USA</country>
		</artist>
		<artist id="artist_8">
			<name>Avenged Sevenfold</name>
			<country>USA</country>
		</artist>
		<artist id="artist_9">
			<name>The Beatles</name>
			<country>England</country>
		</artist>
		<artist id="artist_10">
			<name>No Name</name>
			<country>Slovakia</country>
		</artist>
	</artists>

	<concerts>
	
		<concert id="concert_1" isFestival="no">
			<title>Horkye Slize &amp; Chiki liki</title> <!-- entity usage -->
		 	<artist_list>
				<artist_ref a_id="artist_1">Horkyze Slize</artist_ref>
				<artist_ref a_id="artist_2">Chiki liki tu-a</artist_ref>
			</artist_list>
			<venue>
				<name>Lucerna Music Bar</name>
				<address>
					<street></street>
					<city>Prague</city>
				</address>
			</venue>
			<price>200</price>
			<annotation>
				Artists is performing for the first time in Prague.
			</annotation>
			<description>
				<![CDATA[
					this takes place in lucerna
					a longer description
					a longer description part 2

				]]>
				
			
			</description>
		</concert>
		
		<concert id="concert_4" isFestival="yes">
				<title>Another Festival</title>
				<artist_list>
					<artist_ref a_id="artist_4"/>
					<artist_ref a_id="artist_6"/>
					<artist_ref a_id="artist_9"/>
				</artist_list>
			<venue>
				<name>Letisko</name>
				<address>
					<street></street>
					<city>Prague</city>
				</address>
			</venue>
			<annotation>
				A great festival 3.
			</annotation>
			<description>
				<![CDATA[
					a longer description
					a longer description part 2
					...
				]]>
			
			</description>
			<price>400</price>
		</concert>
		
		<concert id="concert_2" isFestival="yes">
			<title>Summer Festival</title>
			<artist_list>
				<artist_ref a_id="artist_4"/>
				<artist_ref a_id="artist_6"/>
				<artist_ref a_id="artist_7"/>
				<artist_ref a_id="artist_8"/>
				<artist_ref a_id="artist_9"/>
			</artist_list>
			<venue>
				<name>Vypich</name>
				<address>
					<street></street>
					<city>Prague</city>
				</address>
			</venue>
			<annotation>
				A great festival.
			</annotation>
			<price>700</price>
			<description>
				<![CDATA[
					a longer description
					a longer description part 2
					...
				]]>
			
			</description>
			
		</concert>

		<concert id="concert_3">
			<title>Polemic</title> 
			<artist_list>
				<artist_ref a_id="artist_1"/>
			</artist_list>
			<venue>
				<name>XT3</name>
				<address>
					<street>Zizkov</street>
					<city>Prague</city>
				</address>
			</venue>
			<annotation>
				Ska jazz band.
			</annotation>
			<description>
				<![CDATA[
					Come along with your friends.
					Free entry.
				]]>
				
			
			</description>
		</concert>
		
	</concerts>
	
</events>