<?xml version="1.0" encoding="UTF-8"?>
<StavebniFirma>
		
	<!-- Seznam zakázek -->
	<Zakazky>
		<!-- Naše první zakázka :-D -->
		<Zakazka zid="z_1" Odberatel="k_1" CisloSmlouvy="123456" DatumZacatkuStavby="1.1.2004" DatumPlanovanehoUkonceni="1.1.2006" DatumUkonceni="1.12.2006" StavStavby="Ukoncena" Zaplaceno="Ano" ZaplacenaCastka="1000000">
			<TypStavby>Dum</TypStavby>
			<PopisStavby>Rodinný dùm</PopisStavby>
			
			<Stavbyvedouci>
				<JmenoOsoby>
					<Jmeno>Sam</Jmeno>
					<Prijmeni>Raimi</Prijmeni>
				</JmenoOsoby>
			</Stavbyvedouci>
			
			<subzakazky>
                <Zakazka zid="z_1.1" Odberatel="k_1" CisloSmlouvy="123456" DatumZacatkuStavby="1.1.2004" DatumPlanovanehoUkonceni="1.1.2006" DatumUkonceni="1.12.2006" StavStavby="Ukoncena" Zaplaceno="Ano" ZaplacenaCastka="100000">
        			
					<TypStavby>Strecha</TypStavby>
                    <PopisStavby>Strecha</PopisStavby>
                    
                    <Stavbyvedouci>
        				<JmenoOsoby>
        					<Jmeno>Fanda</Jmeno>
        					<Prijmeni>Slama</Prijmeni>
        				</JmenoOsoby>
        			</Stavbyvedouci>
                    

        			<subzakazky>
                        <Zakazka zid="z_1.1.1" Odberatel="k_1" CisloSmlouvy="123456" DatumZacatkuStavby="1.1.2004" DatumPlanovanehoUkonceni="1.1.2006" DatumUkonceni="1.12.2006" StavStavby="Ukoncena" Zaplaceno="Ano" ZaplacenaCastka="1000">
                			
							<TypStavby>Okno</TypStavby>
                            <PopisStavby>Stresni okno</PopisStavby>
                            
                            <Stavbyvedouci>
                				<JmenoOsoby>
                					<Jmeno>John</Jmeno>
                					<Prijmeni>Snow</Prijmeni>
                				</JmenoOsoby>
                			</Stavbyvedouci>
                        </Zakazka>
                    </subzakazky>
                </Zakazka>
                
                <Zakazka zid="z_1.2" Odberatel="k_1" CisloSmlouvy="123456" DatumZacatkuStavby="1.1.2004" DatumPlanovanehoUkonceni="1.1.2006" DatumUkonceni="1.12.2006" StavStavby="Ukoncena" Zaplaceno="Ano" ZaplacenaCastka="1000">

					<TypStavby>Zed</TypStavby>
                    <PopisStavby>Obvodova zed</PopisStavby>
                    
                    <Stavbyvedouci>
        				<JmenoOsoby>
        					<Jmeno>Eddard</Jmeno>
        					<Prijmeni>Stark</Prijmeni>
        				</JmenoOsoby>
        			</Stavbyvedouci>
                </Zakazka>
                
            </subzakazky>
			
		</Zakazka>
		
		<Zakazka zid="z_2" Odberatel="k_2" CisloSmlouvy="789456" DatumZacatkuStavby="1.1.2007" DatumPlanovanehoUkonceni="1.4.2014" StavStavby="Probiha" Zaplaceno="Ne">
			
			<TypStavby>Tunel</TypStavby>
			<PopisStavby>Tunel Blanka</PopisStavby>
			
			<Stavbyvedouci>
				<JmenoOsoby>
					<Jmeno>Mario</Jmeno>
					<Prijmeni>Puzo</Prijmeni>
				</JmenoOsoby>
			</Stavbyvedouci>
			
            <subzakazky>
                <Zakazka zid="z_2.1" Odberatel="k_2" CisloSmlouvy="789456" DatumZacatkuStavby="1.1.2007" DatumPlanovanehoUkonceni="1.4.2014" StavStavby="Probiha" Zaplaceno="Ne">
        			
					<TypStavby>Razba</TypStavby>
        			<PopisStavby>Razba tunelu</PopisStavby>
        			
        			<Stavbyvedouci>
        				<JmenoOsoby>
        					<Jmeno>Danerys</Jmeno>
        					<Prijmeni>Targarien</Prijmeni>
        				</JmenoOsoby>
        			</Stavbyvedouci>
        		</Zakazka>
                
                <Zakazka zid="z_2.2" Odberatel="k_2" CisloSmlouvy="789456" DatumZacatkuStavby="1.1.2007" DatumPlanovanehoUkonceni="1.4.2014" StavStavby="Probiha" Zaplaceno="Ne">
        			
					<TypStavby>Oprava</TypStavby>
        			<PopisStavby>Oprava propadu</PopisStavby>
        			
        			<Stavbyvedouci>
        				<JmenoOsoby>
        					<Jmeno>Tyrion</Jmeno>
        					<Prijmeni>Lanister</Prijmeni>
        				</JmenoOsoby>
        			</Stavbyvedouci>
                    
                    <subzakazky>

                        <Zakazka zid="z_2.2.1" Odberatel="k_2" CisloSmlouvy="789456" DatumZacatkuStavby="1.1.2007" DatumPlanovanehoUkonceni="1.4.2014" StavStavby="Probiha" Zaplaceno="Ne">
                			
							<TypStavby>Oprava</TypStavby>
                			<PopisStavby>Stromovka</PopisStavby>
                			
                			<Stavbyvedouci>
                				<JmenoOsoby>
                					<Jmeno>Tyrion</Jmeno>
                					<Prijmeni>Lanister</Prijmeni>
                				</JmenoOsoby>
                			</Stavbyvedouci>
                		</Zakazka>
                        
                        <Zakazka zid="z_2.2.2" Odberatel="k_2" CisloSmlouvy="789456" DatumZacatkuStavby="1.1.2007" DatumPlanovanehoUkonceni="1.4.2014" StavStavby="Probiha" Zaplaceno="Ne">
                			
							<TypStavby>Oprava</TypStavby>
                			<PopisStavby>MIlady Horakove</PopisStavby>
                			
                			<Stavbyvedouci>
                				<JmenoOsoby>
                					<Jmeno>Tyrion</Jmeno>
                					<Prijmeni>Lanister</Prijmeni>
                				</JmenoOsoby>
                			</Stavbyvedouci>
                		</Zakazka>
                    
                    </subzakazky>
                    
        		</Zakazka>
            </subzakazky>
			
		</Zakazka>
		
		<Zakazka zid="z_3" Odberatel="k_3" CisloSmlouvy="456123" DatumZacatkuStavby="1.1.2008" DatumPlanovanehoUkonceni="1.1.2010" DatumUkonceni="1.1.2012" StavStavby="Ukoncena" Zaplaceno="Ano" ZaplacenaCastka="40000000">
			
			<TypStavby>Nadrazi</TypStavby>
			<PopisStavby>Nádraží</PopisStavby>
			
			<Stavbyvedouci>
				<JmenoOsoby>
					<Jmeno>Jan</Jmeno>
					<Prijmeni>Hřebejk</Prijmeni>
				</JmenoOsoby>
			</Stavbyvedouci>
			
		      <subzakazky>
        		<Zakazka zid="z_3.1" Odberatel="k_3" CisloSmlouvy="456123" DatumZacatkuStavby="1.1.2008" DatumPlanovanehoUkonceni="1.1.2010" DatumUkonceni="1.1.2012" StavStavby="Ukoncena" Zaplaceno="Ano" ZaplacenaCastka="40000000">
        			
					<TypStavby>Budova</TypStavby>
        			<PopisStavby>Nadrazni budova</PopisStavby>
        			
        			<Stavbyvedouci>
        				<JmenoOsoby>
        					<Jmeno>Tywin</Jmeno>
        					<Prijmeni>Lanister</Prijmeni>
        				</JmenoOsoby>
        			</Stavbyvedouci>
        			
        		      <subzakazky>
                		<Zakazka zid="z_3.1" Odberatel="k_3" CisloSmlouvy="456123" DatumZacatkuStavby="1.1.2008" DatumPlanovanehoUkonceni="1.1.2010" DatumUkonceni="1.1.2012" StavStavby="Ukoncena" Zaplaceno="Ano" ZaplacenaCastka="40000000">
                			
							<TypStavby>Strecha</TypStavby>
                			<PopisStavby>Strecha</PopisStavby>
                			
                			<Stavbyvedouci>
                				<JmenoOsoby>
                					<Jmeno>Ilyn</Jmeno>
                					<Prijmeni>Payne</Prijmeni>
                				</JmenoOsoby>
                			</Stavbyvedouci>
                			
                		      <subzakazky>
                              
                              </subzakazky>
                
                		</Zakazka>
                      </subzakazky>
        
        		</Zakazka>
              </subzakazky>

		</Zakazka>
		
		<Zakazka zid="z_4" Odberatel="k_3" CisloSmlouvy="987654" DatumZacatkuStavby="1.1.2009" DatumPlanovanehoUkonceni="1.1.2013" DatumUkonceni="1.1.2013" StavStavby="Ukoncena" Zaplaceno="Ano" ZaplacenaCastka="50000000">
			
			<TypStavby>Nadrazi</TypStavby>
			<PopisStavby>Nádraží</PopisStavby>
			
			<Stavbyvedouci>
				<JmenoOsoby>
					<Jmeno>Ridley</Jmeno>
					<Prijmeni>Scott</Prijmeni>
				</JmenoOsoby>
			</Stavbyvedouci>

		</Zakazka>		
		
		<Zakazka zid="z_5" Odberatel="k_2" CisloSmlouvy="46463" DatumZacatkuStavby="1.7.2009" DatumPlanovanehoUkonceni="1.10.2009" DatumUkonceni="8.11.2009" StavStavby="Ukoncena" Zaplaceno="Ano" ZaplacenaCastka="200000">
			
			<TypStavby>Zatepleni</TypStavby>
			<PopisStavby>Zateplení chrámu svatého Víta</PopisStavby>
			
			<Stavbyvedouci>
				<JmenoOsoby>
					<Jmeno>James</Jmeno>
					<Prijmeni>Cameron</Prijmeni>
				</JmenoOsoby>
			</Stavbyvedouci>

		</Zakazka>
		
		<Zakazka zid="z_6" Odberatel="k_5" CisloSmlouvy="346519" DatumZacatkuStavby="8.10.2009" DatumPlanovanehoUkonceni="1.2.2010" DatumUkonceni="20.1.2010" StavStavby="Ukoncena" Zaplaceno="Ano" ZaplacenaCastka="45000">
			
			<TypStavby>Byt</TypStavby>
			<PopisStavby>Rekostrukce podkrovního bytu</PopisStavby>
			
			<Stavbyvedouci>
				<JmenoOsoby>
					<Jmeno>Sam</Jmeno>
					<Prijmeni>Raimi</Prijmeni>
				</JmenoOsoby>
			</Stavbyvedouci>

		</Zakazka>
		
		<Zakazka zid="z_7" Odberatel="k_3" CisloSmlouvy="2158" DatumZacatkuStavby="8.10.2010" DatumPlanovanehoUkonceni="1.2.2014" StavStavby="Probiha" Zaplaceno="Ne">
			
			<TypStavby>Letiste</TypStavby>
			<PopisStavby>Stavba letiště</PopisStavby>
			
			<Stavbyvedouci>
				<JmenoOsoby>
					<Jmeno>Sam</Jmeno>
					<Prijmeni>Cameron</Prijmeni>
				</JmenoOsoby>
			</Stavbyvedouci>

		</Zakazka>		
		
		<Zakazka zid="z_8" Odberatel="k_4" CisloSmlouvy="54852" DatumZacatkuStavby="4.11.2010" DatumPlanovanehoUkonceni="13.12.2012" DatumUkonceni="13.12.2012" StavStavby="Ukoncena" Zaplaceno="Ne">
			
			<TypStavby>Nora</TypStavby>
			<PopisStavby>Hobití nora</PopisStavby>
			
			<Stavbyvedouci>
				<JmenoOsoby>
					<Jmeno>Clint</Jmeno>
					<Prijmeni>Eastwood</Prijmeni>
				</JmenoOsoby>
			</Stavbyvedouci>

		</Zakazka>
		
		<Zakazka zid="z_9" Odberatel="k_4" CisloSmlouvy="987654" DatumZacatkuStavby="1.1.2014" StavStavby="Studie" Zaplaceno="Ne">
			
			<TypStavby>Vez</TypStavby>
			<PopisStavby>Strážní věž</PopisStavby>
			
			<Stavbyvedouci>
				<JmenoOsoby>
					<Jmeno>Andy</Jmeno>
					<Prijmeni>Serkins</Prijmeni>
				</JmenoOsoby>
			</Stavbyvedouci>
			
		</Zakazka>
		
		<Zakazka zid="z_10" Odberatel="k_6" CisloSmlouvy="987654" DatumZacatkuStavby="1.1.2015" StavStavby="Studie" Zaplaceno="Ne">
			
			<TypStavby>Elektrarna</TypStavby>
			<PopisStavby>Dostavba jaderné elektrárny</PopisStavby>
			
			<Stavbyvedouci>
				<JmenoOsoby>
					<Jmeno>Terry</Jmeno>
					<Prijmeni>Jones</Prijmeni>
				</JmenoOsoby>
			</Stavbyvedouci>
			
		</Zakazka>
	</Zakazky>
	
</StavebniFirma>