<?xml version="1.0" encoding="UTF-8"?>
<StavebniFirma>
	
	<!-- Seznam firem dodávajících materiál, nebo provádějících práci -->
	<Dodavatele>
		<Dodavatel did="d_1">
			<Zakazka zid="z_1" />
			<Zakazka zid="z_1" />
			<Zakazka zid="z_1" />
			<Zakazka zid="z_2" />
			<Zakazka zid="z_3" />
			<Zakazka zid="z_5" />
		</Dodavatel>
		
		<Dodavatel did="d_2">
			<Zakazka zid="z_4" />
			<Zakazka zid="z_4" />
			<Zakazka zid="z_4" />
			<Zakazka zid="z_6" />
			<Zakazka zid="z_7" />
			<Zakazka zid="z_8" />
		</Dodavatel>
		
		<Dodavatel did="d_3">
			<Zakazka zid="z_2" />
			<Zakazka zid="z_2" />
			<Zakazka zid="z_3" />
			<Zakazka zid="z_6" />
		</Dodavatel>
	</Dodavatele>
	
</StavebniFirma>