<?xml version="1.0" encoding="UTF-8"?>
<!--Databáza zabanovaných hráčov (ban dlhšie ako mesiac)-->
<banlist>
	<head>
		<title>Databáza zabanovaných hráčov CS 1.6</title>
    </head>
	<hrac>
		<nick>som tu novy</nick>
		<ip>155.128.155.250</ip>
		<steam>STEAM_0:0:1234567</steam>
	</hrac>
	<hrac>
		<nick>bannan</nick>
		<ip>123.81.124.254</ip>
		<ip>151.243.184.75</ip>
		<ip>35.106.233.213</ip>
		<steam>STEAM_0:0:1234567</steam>
	</hrac>
	<hrac>
		<nick>F4ST3R TH3N Y0U</nick>
		<ip>68.11.131.102</ip>
		<steam>STEAM_0:0:1234567</steam>
	</hrac>
	<hrac>
		<nick>BadBoy v1.24</nick>
		<ip>116.172.158.255</ip>
		<ip>99.227.228.139</ip>
		<steam>STEAM_0:0:1234567</steam>
	</hrac>
	<info>Ide o bany staršie ako mesiac (tj. žiaden z hore uvedených hráčov nie je v hlavnej databáze).</info>
	<admin>
		<nick>Admin1</nick>
		<podadmini>
			<admin>
				<nick>Admin1.1</nick>
			</admin>
			<admin>
				<nick>Admin1.2</nick>
				<podadmini>
					<admin>
						<nick>Admin1.2.1</nick>
					</admin>
				</podadmini>
			</admin>
		</podadmini>
	</admin>
	<admin>
		<nick>Admin2</nick>
	</admin>
</banlist>