<?xml version="1.0" encoding="UTF-8"?>
<!--Aktuálna hra - Server only dust2-->
<hra>
	<head>
		<title>Spustená hra CS 1.6 na serveru "only dust2"</title>
    </head>
    <T>
		<wins>4</wins>
		<hrac>
			<nick>BLADEE111</nick>
			<ip>45.141.241.127</ip>
			<kills>24</kills>
			<deaths>10</deaths>
		</hrac>
		<hrac>
			<nick>SeriF^BEOWULF</nick>
			<ip>133.102.130.131</ip>
			<kills>21</kills>
			<deaths>13</deaths>
		</hrac>
		<hrac>
			<nick>)(roflex)(-DatelD</nick>
			<ip>109.132.186.135</ip>
			<kills>12</kills>
			<deaths>9</deaths>
		</hrac>
		<hrac>
			<nick>bikan1 terorista :)</nick>
			<ip>77.196.153.95</ip>
			<kills>4</kills>
			<deaths>15</deaths>
		</hrac>
		<hrac>
			<nick>VOJAK</nick>
			<ip>89.81.19.190</ip>
			<kills>3</kills>
			<deaths>3</deaths>
		</hrac>
		<hrac>
			<nick>[sith_lords]:[kla]</nick>
			<ip>142.110.140.205</ip>
			<kills>1</kills>
			<deaths>0</deaths>
		</hrac>
	</T>
  <CT>
		<wins>8</wins>
		<hrac>
			<nick>Pralinka</nick>
			<ip>23.217.174.90</ip>
			<kills>20</kills>
			<deaths>10</deaths>
		</hrac>
		<hrac>
			<nick>^HardWA[R]e</nick>
			<ip>133.8.219.19</ip>
			<kills>18</kills>
			<deaths>6</deaths>
		</hrac>
		<hrac>
			<nick>LakiLuk</nick>
			<ip>117.150.223.96</ip>
			<kills>7</kills>
			<deaths>3</deaths>
		</hrac>
		<hrac>
			<nick>Laxus</nick>
			<ip>53.149.142.130</ip>
			<kills>6</kills>
			<deaths>6</deaths>
		</hrac>
		<hrac>
			<nick>fortyseven</nick>
			<ip>137.27.119.194</ip>
			<kills>5</kills>
			<deaths>8</deaths>
		</hrac>
		<hrac>
			<nick>[B]fq--*</nick>
			<ip>110.208.144.27</ip>
			<kills>2</kills>
			<deaths>12</deaths>
		</hrac>
		<hrac>
			<nick>Deiw</nick>
			<ip>171.125.47.139</ip>
			<kills>0</kills>
			<deaths>0</deaths>
		</hrac>
    </CT>
	<Spec>
		<hrac>
			<nick>bannan</nick>
			<ip>123.81.124.254</ip>
			<kills>0</kills>
			<deaths>0</deaths>
		</hrac>
	</Spec>
	<info>Zoznam hráčov (nemusia byť v hlavnej databáze - nový hráči sa pridávajú až na konci mapy + nechce sa mi vypisovať ich štatistiky do hlavnej databáze) v hre s minimom informácií o nich.</info>
</hra>
