<?xml version="1.0" encoding="UTF-8"?>

<!-- XML zprava pro umisteni postav, seznam premetu a informace o serveru v rpg hre -->

<rpg>
<!-- nastaveni serveru -->
	<server>
		<serverName>Temny server</serverName>
		<ip>192.168.1.1</ip>
		<port>8052</port>
	</server>
	
<!-- seznam hernich predmetu -->	
	<items>
		<item id = "item1" itemName = "Kraluv mec">			
			<itemType><weaponType></weaponType></itemType>
			<itemInfo>
				<minDmg>12</minDmg>
				<maxDmg>24</maxDmg>
				<stamina>2</stamina>
			</itemInfo>
		</item>
		<item id = "item2" itemName = "Kralovo brneni">			
			<itemType><armorType></armorType></itemType>
			<itemInfo>
				<armor>120</armor>
				<agility>5</agility>
			</itemInfo>
		</item>
		<item id = "item3" itemName = "Kralovo boty">			
			<itemType><armorType></armorType></itemType>
			<itemInfo>
				<armor>20</armor>
				<agility>2</agility>
			</itemInfo>
		</item>
		<item id = "item4" itemName = "Mec zhouby">			
			<itemType><weaponType></weaponType></itemType>
			<itemInfo>
				<minDmg>24</minDmg>
				<maxDmg>62</maxDmg>
				<agility>2</agility>
			</itemInfo>
		</item>
		<item id = "item5" itemName = "Prsten slavy">			
			<itemType><ringType></ringType></itemType>
			<itemInfo>			
				<stamina>8</stamina>	
				<agility>2</agility>				
			</itemInfo>
		</item>
		<item id = "item6" itemName = "Zubri helma">			
			<itemType><armorType></armorType></itemType>
			<itemInfo>
				<armor>250</armor>
				<agility>2</agility>
			</itemInfo>
		</item>
		
	</items>
	
<!-- seznam priser -->	
	<creeps>
		<creep>
			<creepName>Krysar</creepName>
			<creepType><humanoid></humanoid></creepType>
			<creepSkin>45252</creepSkin>
			<creepFraction><allies></allies></creepFraction>
			<creepLocation>
				<creepLocX>12.255153</creepLocX>
				<creepLocY>34.514816</creepLocY>
			</creepLocation>
			<!-- predmety, ktere vypadnou z prisery po jejim zabiti -->
			<creepItemSet>
				<creepItem id="item1"></creepItem>
				<creepItem id="item2"></creepItem>
			</creepItemSet>
			<creepStats>
				<creepDmg>45-65</creepDmg>
				<creepArmor>250</creepArmor>
				<creepHealth>1250</creepHealth>
				<creepMovement>100</creepMovement>
				<creepSize>1</creepSize>
			</creepStats>
		</creep>
		<creep>
			<creepName>Nemrtvak</creepName>
			<creepType><undead></undead></creepType>
			<creepSkin>1522</creepSkin>
			<creepFraction><axis></axis></creepFraction>
			<creepLocation>
				<creepLocX>24.645546</creepLocX>
				<creepLocY>12.546841</creepLocY>
			</creepLocation>
			<creepItemSet>
				<creepItem id="item3"></creepItem>				
			</creepItemSet>
			<creepStats>
				<creepDmg>80-120</creepDmg>
				<creepArmor>380</creepArmor>
				<creepHealth>2540</creepHealth>
				<creepMovement>100</creepMovement>
				<creepSize>1.5</creepSize>
			</creepStats>
		</creep>
		<creep>
			<creepName>Krysar</creepName>
			<creepType><undead></undead></creepType>
			<creepSkin>4452</creepSkin>
			<creepFraction><allies></allies></creepFraction>
			<creepLocation>
				<creepLocX>102.255153</creepLocX>
				<creepLocY>32.514816</creepLocY>
			</creepLocation>
			<!-- predmety, ktere vypadnou z prisery po jejim zabiti -->
			<creepItemSet>
				<creepItem id="item3"></creepItem>
				<creepItem id="item2"></creepItem>
			</creepItemSet>
			<creepStats>
				<creepDmg>50-65</creepDmg>
				<creepArmor>200</creepArmor>
				<creepHealth>1550</creepHealth>
				<creepMovement>100</creepMovement>
				<creepSize>1</creepSize>
			</creepStats>
		</creep>
	</creeps>
</rpg>
