<?xml version="1.0" encoding="UTF-8"?>
<!DOCTYPE database SYSTEM "data.dtd">
<database>
	<!-- Archiv not -->
	<!-- Noty _____________________________________________________________ -->
	<dokumenty>
		<noty>
			<soubor typ="pdf"><?php echo "Adson_CourtlyMasquingAyres.pdf" ?></soubor>
			<nazev><![CDATA[Courly Masquing Ayres]]></nazev>
			<pocetSkladeb>3</pocetSkladeb>
			<skladatel ids="s0001"/>
			<skladba>
				<nazev>1</nazev>
				<pocetStranek>2</pocetStranek>
			</skladba>
			<skladba>
				<nazev>2</nazev>
				<pocetStranek>1</pocetStranek>
			</skladba>
			<skladba>
				<nazev>3</nazev>
				<pocetStranek>1</pocetStranek>
				<nahravky>
					<url></url>
				</nahravky>
			</skladba>
		</noty>
		<noty>
			<soubor typ="pdf">Anon_daphne.pdf</soubor>
			<skladatel ids="s0000"/>
			<skladba>
				<nazev>Daphne</nazev>
				<pocetStranek>2</pocetStranek>
				<nahravky>
					<url>http://www.youtube.com/watch?v=Y091Iw4LHCo</url>
					<url>http://www.youtube.com/watch?v=trkjbjnpjh8</url>
				</nahravky>
			</skladba>
		</noty>
		<noty>
			<soubor typ="pdf">Anon_PavaneEtGalliarde.pdf</soubor>
			<skladatel ids="s0000"/>
			<skladba>
				<nazev>Pavane et Galiarde</nazev>
				<pocetStranek>2</pocetStranek>
			</skladba>
		</noty>
		<noty>
			<soubor typ="pdf">bergamasca.pdf</soubor>
			<skladatel ids="s0002"/>
			<skladba>
				<nazev>Aria la sopra Bergamasca</nazev>
				<pocetStranek>3</pocetStranek>
				<nahravky>
					<url>http://www.youtube.com/watch?v=zf3Igux4KJg</url>
				</nahravky>
			</skladba>
		</noty>
		<noty>
			<soubor typ="pdf">Cattarina.pdf</soubor>
			<skladatel ids="s0004"/>
			<skladba>
				<nazev>La Cattarina á 2. Violiny</nazev>
				<pocetStranek>4</pocetStranek>
			</skladba>
		</noty>
		<noty>
			<soubor typ="pdf">dantzen_und_galliarden.pdf</soubor>
			<nazev>Dänze und Galliarden</nazev>
			<skladatel ids="s0005"/>
			<skladba>
				<nazev>Margaretha</nazev>
			</skladba>
			<skladba>
				<nazev>Anna</nazev>
			</skladba>
			<skladba>
				<nazev>Felicitas</nazev>
			</skladba>
			<skladba>
				<nazev>Rosina</nazev>
			</skladba>
			<skladba>
				<nazev>Euphrosina</nazev>
			</skladba>
			<skladba>
				<nazev>Catharina</nazev>
			</skladba>
			<skladba>
				<nazev>Barbara</nazev>
			</skladba>
		</noty>
		<noty>
			<soubor typ="pdf">Eyck_DerFluytenLust-hof.pdf</soubor>
			<nazev>Der Fluyten Lust-hof</nazev>
			<skladatel ids="s0006"/>
			<skladba>
				<nazev>1. Preludium of Voorspel</nazev>
			</skladba>
			<skladba>
				<nazev>2. Onse Vader in Hemelryck</nazev>
			</skladba>
			<skladba>
				<nazev>3. Doen Daphne d'over schoone Maeght</nazev>
			</skladba>
			<skladba>
				<nazev>4. Psalm 118 </nazev>
			</skladba>
			<skladba>
				<nazev>4* Psalm 118 (1644 version)</nazev>
			</skladba>
			<skladba>
				<nazev>5. Malle Symen (Malsimmes)</nazev>
			</skladba>
			<skladba>
				<nazev>6. Psalm 140, ofte tien Geboden</nazev>
			</skladba>
			<skladba>
				<nazev>7. Aerdigh Martyntje</nazev>
			</skladba>
			<skladba>
				<nazev>8. Pavaen Lachrymæ</nazev>
			</skladba>
			<skladba>
				<nazev>9. Lavignone </nazev>
			</skladba>
			<skladba>
				<nazev>10. Sarabande</nazev>
			</skladba>
			<skladba>
				<nazev>11. Rosemont </nazev>
			</skladba>
			<skladba>
				<nazev>12. Courant, of Ach treurt myn bedroefde</nazev>
			</skladba>
			<skladba>
				<nazev>13. d'Lof-zangh Marie</nazev>
			</skladba>
			<skladba>
				<nazev>14. Frans Ballet</nazev>
			</skladba>
			<skladba>
				<nazev>15. Stil, stil een reys</nazev>
			</skladba>
			<skladba>
				<nazev>16. Fantasia &amp; Echo</nazev>
			</skladba>
			<skladba>
				<nazev>17. Geswinde Bode van de Min</nazev>
			</skladba>
			<skladba>
				<nazev>18. Onan of Tanneken</nazev>
			</skladba>
			<skladba>
				<nazev>19. Psalm 68</nazev>
			</skladba>
			<skladba>
				<nazev>20. l'Amie Cillæ</nazev>
			</skladba>
			<skladba>
				<nazev>21. Bravade</nazev>
			</skladba>
			<skladba>
				<nazev>22. Psalm 103 </nazev>
			</skladba>
			<skladba>
				<nazev>23. Van Goosen</nazev>
			</skladba>
			<skladba>
				<nazev>24. Si vous me voules guerir</nazev>
			</skladba>
			<skladba>
				<nazev>25. Courante</nazev>
			</skladba>
			<skladba>
				<nazev>26. Ghy Ridders in het prachtigh Romen</nazev>
			</skladba>
			<skladba>
				<nazev>27. Ballette Gravesand</nazev>
			</skladba>
			<skladba>
				<nazev>28. Engels Nachtegaeltje</nazev>
			</skladba>
			<skladba>
				<nazev>29. Ach Moorderesse</nazev>
			</skladba>
			<skladba>
				<nazev>30. Lanterlu</nazev>
			</skladba>
			<skladba>
				<nazev>31. Philis schoone Harderinne</nazev>
			</skladba>
			<skladba>
				<nazev>32. Vande Lombart</nazev>
			</skladba>
			<skladba>
				<nazev>33. Comagain</nazev>
			</skladba>
			<skladba>
				<nazev>34. Courant </nazev>
			</skladba>
			<skladba>
				<nazev>35. Tweede Daphne </nazev>
			</skladba>
			<skladba>
				<nazev>36. Amarilli mia Bella</nazev>
			</skladba>
			<skladba>
				<nazev>37. Lus de mi alma</nazev>
			</skladba>
			<skladba>
				<nazev>38. Engels Lied</nazev>
			</skladba>
			<skladba>
				<nazev>39. Philis quam Philander tegen</nazev>
			</skladba>
			<skladba>
				<nazev>40. Al hebben de Princen hare</nazev>
			</skladba>
			<skladba>
				<nazev>41. Tweede Rosemond </nazev>
			</skladba>
			<skladba>
				<nazev>42. De zoete Zoomertyden</nazev>
			</skladba>
			<skladba>
				<nazev>43. Wilhelmus van Nassouwen</nazev>
			</skladba>
			<skladba>
				<nazev>44. Noch een veranderingh van Wilhelmus</nazev>
			</skladba>
			<skladba>
				<nazev>45. Meysje wilje by</nazev>
			</skladba>
			<skladba>
				<nazev>46. Courante Mars</nazev>
			</skladba>
		</noty>
		<noty>
			<soubor typ="pdf">Frescobaldi_CanzonDecima.pdf</soubor>
			<skladatel ids="s0007"/>
			<skladba>
				<nazev>Canzon Decima</nazev>
				<pocetStranek>3</pocetStranek>
			</skladba>
		</noty>
		<noty>
			<soubor typ="pdf">Gastoldi_TuttiVeniteAmati.pdf</soubor>
			<skladatel ids="s0008"/>
			<skladba>
				<nazev>Tutti venite amati</nazev>
				<pocetStranek>2</pocetStranek>
			</skladba>
		</noty>
		<noty>
			<soubor typ="pdf">Hausmann_DreiDeutscheTanze.pdf</soubor>
			<skladatel ids="s0009"/>
			<skladba>
				<nazev>Drei deutsche Tänze</nazev>
				<pocetStranek>2</pocetStranek>
			</skladba>
		</noty>
		<noty>
			<soubor typ="pdf">intermezzo.pdf</soubor>
			<skladba>
				<nazev>Intermezzo</nazev>
				<pocetStranek>2</pocetStranek>
			</skladba>
		</noty>
		<noty>
			<soubor typ="pdf">morley.pdf</soubor>
			<skladatel ids="s0010"/>
			<skladba>
				<nazev>Fantasie: La Girandola</nazev>
				<pocetStranek>2</pocetStranek>
			</skladba>
		</noty>
		<noty>
			<soubor typ="jpg">noty0008.jpg</soubor>
			<skladatel ids="s0011"/>
			<skladba>
				<nazev>Bransle gay</nazev>
				<pocetStranek>1</pocetStranek>
			</skladba>
		</noty>
		<noty>
			<soubor typ="jpg">noty0009.jpg</soubor>
			<skladatel ids="s0011"/>
			<skladba>
				<nazev>Bransle de montirandé</nazev>
				<pocetStranek>1</pocetStranek>
			</skladba>
		</noty>
		<noty>
			<soubor typ="jpg">noty0010.jpg</soubor>
			<skladatel ids="s0011"/>
			<skladba>
				<nazev>Bransle simple</nazev>
				<pocetStranek>1</pocetStranek>
			</skladba>
		</noty>
		<noty>
			<soubor typ="jpg">noty0011.jpg</soubor>
			<skladatel ids="s0011"/>
			<skladba>
				<nazev>Bransle double</nazev>
				<pocetStranek>1</pocetStranek>
			</skladba>
		</noty>
		<noty>
			<soubor typ="jpg">noty0012.jpg</soubor>
			<skladatel ids="s0000"/>
			<skladba>
				<nazev>Tickle my toe</nazev>
				<pocetStranek>1</pocetStranek>
			</skladba>
		</noty>
		<noty>
			<soubor typ="jpg">noty0013.jpg</soubor>
			<skladatel ids="s0000"/>
			<skladba>
				<nazev>A toy</nazev>
				<pocetStranek>1</pocetStranek>
			</skladba>
		</noty>
		<noty>
			<soubor typ="jpg">noty0015.jpg</soubor>
			<skladatel ids="s0000"/>
			<skladba>
				<nazev>My Robin is the greenwood gone</nazev>
				<pocetStranek>1</pocetStranek>
			</skladba>
		</noty>
		<noty>
			<soubor typ="jpg">noty0016.jpg</soubor>
			<skladatel ids="s0000"/>
			<skladba>
				<nazev>Strawberry Leaves</nazev>
				<pocetStranek>1</pocetStranek>
			</skladba>
		</noty>
		<noty>
			<soubor typ="jpg">noty0017.jpg</soubor>
			<skladatel ids="s0000"/>
			<skladba>
				<nazev>Die schöne Lilien</nazev>
				<pocetStranek>1</pocetStranek>
			</skladba>
		</noty>
		<noty>
			<soubor typ="jpg">noty0018.jpg</soubor>
			<skladatel ids="s0012"/>
			<skladba>
				<nazev>Galliarda a 5</nazev>
				<pocetStranek>1</pocetStranek>
			</skladba>
		</noty>
		<noty>
			<soubor typ="jpg">noty0021.jpg</soubor>
			<skladatel ids="s0013"/>
			<skladba>
				<nazev>Der Königinnen Intrada (VII)</nazev>
				<pocetStranek>1</pocetStranek>
			</skladba>
		</noty>
		<noty>
			<soubor typ="jpg">noty0022.jpg</soubor>
			<skladatel ids="s0014"/>
			<skladba>
				<nazev>Adiago</nazev>
				<pocetStranek>1</pocetStranek>
			</skladba>
		</noty>
		<noty>
			<soubor typ="jpg">noty0082.jpg</soubor>
			<skladatel ids="s0015"/>
			<skladba>
				<nazev>Almande pousinghe</nazev>
				<pocetStranek>1</pocetStranek>
			</skladba>
		</noty>
		<noty>
			<soubor typ="jpg">noty0083.jpg</soubor>
			<skladatel ids="s0015"/>
			<skladba>
				<nazev>Galliarde: Aujoly boys</nazev>
				<pocetStranek>1</pocetStranek>
			</skladba>
		</noty>
		<noty>
			<soubor typ="jpg">noty0097.jpg</soubor>
			<skladatel ids="s0012"/>
			<skladba>
				<nazev>Galliarda</nazev>
				<pocetStranek>1</pocetStranek>
			</skladba>
		</noty>
		<noty>
			<soubor typ="jpg">noty0097.jpg</soubor>
			<skladatel ids="s0016"/>
			<skladba>
				<nazev>Galliarda</nazev>
				<pocetStranek>1</pocetStranek>
			</skladba>
		</noty>
		<noty>
			<soubor typ="jpg">noty0102.jpg</soubor>
			<skladatel ids="s0016"/>
			<skladba>
				<nazev>Menuett</nazev>
				<pocetStranek>1</pocetStranek>
			</skladba>
		</noty>
		<noty>
			<soubor typ="jpg">noty0103.jpg</soubor>
			<skladatel ids="s0016"/>
			<skladba>
				<nazev>Choral from cantata No 119</nazev>
				<pocetStranek>1</pocetStranek>
			</skladba>
		</noty>
		<noty>
			<soubor typ="pdf">Palestrina_ PrimoTono.pdf</soubor>
			<skladatel ids="s0017"/>
			<skladba>
				<nazev>Primo Tono</nazev>
				<pocetStranek>2</pocetStranek>
			</skladba>
		</noty>
		<noty>
			<soubor typ="pdf">Palestrina_ SecondoTono.pdf</soubor>
			<skladatel ids="s0017"/>
			<skladba>
				<nazev>Secondo Tono</nazev>
				<pocetStranek>2</pocetStranek>
			</skladba>
		</noty>
		<noty>
			<soubor typ="pdf">Praetorius_Gavote.pdf</soubor>
			<skladatel ids="s0011"/>
			<skladba>
				<nazev>Gavote</nazev>
				<pocetStranek>2</pocetStranek>
			</skladba>
		</noty>
		<noty>
			<soubor typ="pdf">Schein_AllemandeUndTripla.pdf</soubor>
			<skladatel ids="s0018"/>
			<skladba>
				<nazev>Allemande und Tripla</nazev>
				<pocetStranek>2</pocetStranek>
			</skladba>
		</noty>
		<noty>
			<soubor typ="pdf">Simpson_Courante.pdf</soubor>
			<skladatel ids="s0019"/>
			<skladba>
				<nazev>Courante</nazev>
				<pocetStranek>3</pocetStranek>
			</skladba>
		</noty>
		<noty>
			<soubor typ="pdf">Simpson_Volta.pdf</soubor>
			<skladatel ids="s0019"/>
			<skladba>
				<nazev>Volta</nazev>
				<pocetStranek>2</pocetStranek>
			</skladba>
		</noty>
		<noty>
			<soubor typ="pdf">Staden_Courante.pdf</soubor>
			<skladatel ids="s0020"/>
			<skladba>
				<nazev>Courante</nazev>
				<pocetStranek>2</pocetStranek>
			</skladba>
		</noty>
		<noty>
			<soubor typ="pdf">Staden_PavanaGalliardaCouranta.pdf</soubor>
			<skladatel ids="s0020"/>
			<skladba>
				<nazev>Pavana</nazev>
			</skladba>
			<skladba>
				<nazev>Galliarda</nazev>
			</skladba>
			<skladba>
				<nazev>Couranta</nazev>
			</skladba>
		</noty>
	</dokumenty>
	<!-- Skladatelé ____________________________________________________________________________-->
	<skladatele>
		<skladat id="s0000">
			<jmeno>anonym</jmeno>
		</skladat>
		<skladat id="s0001">
			<jmeno>John Adson</jmeno>
			<poznamka>Odkaz na sklatby na internetu<link url="http://icking-music-archive.org/ByComposer/Adson.php"/>
			</poznamka>
		</skladat>
		<skladat id="s0002">
			<jmeno>Marco Uccelliny</jmeno>
			<narozen>1603</narozen>
			<zemrel>1680</zemrel>
		</skladat>
		<skladat id="s0004">
			<jmeno>Tarquinio Merula</jmeno>
			<narozen>1590</narozen>
			<zemrel>1665</zemrel>
		</skladat>
		<skladat id="s0005">
			<jmeno>Erasmus Widmann</jmeno>
			<narozen>1572</narozen>
			<zemrel>1634</zemrel>
		</skladat>
		<skladat id="s0006">
			<jmeno>Jacob van Eyck</jmeno>
			<narozen>1590</narozen>
			<zemrel>1657</zemrel>
		</skladat>
		<skladat id="s0007">
			<jmeno>Girolamo Frescobaldi</jmeno>
			<narozen>1583</narozen>
			<zemrel>1643</zemrel>
		</skladat>
		<skladat id="s0008">
			<jmeno>Giovanni Gastoldi</jmeno>
			<narozen>1556</narozen>
			<zemrel>1622</zemrel>
		</skladat>
		<skladat id="s0009">
			<jmeno>Valentin Hausmann</jmeno>
			<narozen>1560</narozen>
			<zemrel>1612</zemrel>
		</skladat>
		<skladat id="s0010">
			<jmeno>Thomas Morley</jmeno>
			<narozen>1557</narozen>
			<zemrel>1602</zemrel>
		</skladat>
		<skladat id="s0011">
			<jmeno>Michael Praetorius</jmeno>
			<narozen>1571</narozen>
			<zemrel>1621</zemrel>
		</skladat>
		<skladat id="s0012">
			<jmeno>Melchior Franck</jmeno>
			<narozen>1579</narozen>
			<zemrel>1639</zemrel>
		</skladat>
		<skladat id="s0013">
			<jmeno>William Brade</jmeno>
			<narozen>1560</narozen>
			<zemrel>1630</zemrel>
		</skladat>
		<skladat id="s0014">
			<jmeno>Franz Rossel</jmeno>
		</skladat>
		<skladat id="s0015">
			<jmeno>Pierre Phalèse</jmeno>
			<narozen>1510</narozen>
			<zemrel>1575</zemrel>
		</skladat>
		<skladat id="s0016">
			<jmeno>Johann Sebastian Bach</jmeno>
			<narozen>1685</narozen>
			<zemrel>1750</zemrel>
		</skladat>
		<skladat id="s0017">
			<jmeno>Giovanni Pierluigi da Palestrina</jmeno>
			<narozen>1525</narozen>
			<zemrel>1594</zemrel>
		</skladat>
		<skladat id="s0018">
			<jmeno>Johann Hermann Schein</jmeno>
			<narozen>1586</narozen>
			<zemrel>1630</zemrel>
		</skladat>
		<skladat id="s0019">
			<jmeno>Thomas Simpson</jmeno>
			<narozen>1582</narozen>
			<zemrel>1628</zemrel>
		</skladat>
		<skladat id="s0020">
			<jmeno>Johann Staden</jmeno>
			<narozen>1581</narozen>
			<zemrel>1634</zemrel>
		</skladat>
	</skladatele>
</database>
