<?xml version="1.0" encoding="UTF-8" standalone="no"?><!-- Datab?ze turnaje v libovoln? online FPS po??ta?ov? h?e --><fpstournament>
	<teams>
		<!-- T?my ??astn?c? se turnaje -->
		<team id="t01">
			<name>Skill3rz</name>
			<members count="4"/>
			<created day="13" month="7" year="2011">
				<founder id="p04"/>
			</created>
			<leader id="p04"/>
			<statistics>
				<season year="2012">
					<win count="8"/>
					<loss count="3"/>
					<draw count="1"/>
				</season>
				<season year="2013">
					<win count="6"/>
					<loss count="4"/>
					<draw count="2"/>
				</season>
			</statistics>
		</team>
		<team id="t02">
			<name>N00bs</name>
			<members count="5"/>
			<created day="26" month="11" year="2010">
				<founder id="p09"/>
			</created>
			<leader id="p12"/>
			<statistics>
				<season year="2011">
					<win count="3"/>
					<loss count="7"/>
					<draw count="0"/>
				</season>
				<season year="2012">
					<win count="4"/>
					<loss count="6"/>
					<draw count="1"/>
				</season>
				<season year="2013">
					<win count="9"/>
					<loss count="2"/>
					<draw count="0"/>
				</season>
			</statistics>
		</team>
		<team id="t03">
			<name>ThePunishers</name>
			<members count="3"/>
			<created day="2" month="4" year="2012">
				<founder id="p02"/>
			</created>
			<leader id="p02"/>
		</team>
	<team id="t00"><name>AdminTeam</name><members count="1"/><created day="11" month="4" year="2014"><founder id="p00"/></created><leader id="p00"/></team></teams>
	<players>
		<!-- Hr??i ??astn?c? se turnaje -->
		<player id="p01" level="3" team="t03">
			<name>HawkEye</name>
		</player>
		<player id="p02" level="55" team="t03">
			<name>Destroyer</name>
		</player>
		<player id="p03" level="3" team="t02">
			<name>FluffyBunny</name>
		</player>
		<player id="p04" level="36" team="t01">
			<name>TheOne</name>
		</player>
		<player id="p05" level="24" team="t01">
			<name>Killer</name>
		</player>
		<player id="p06" level="75" team="t02">
			<name>Slime</name>
		</player>
		
		<player id="p08" level="68" team="t01">
			<name>YouWillDie</name>
		</player>
		<player id="p09" level="23" team="t02">
			<name>Noob</name>
		</player>
		<player id="p10" level="7" team="t01">
			<name>Atomic</name>
		</player>
		<player id="p11" level="16" team="t03">
			<name>NeverSayNever</name>
		</player>
		<player id="p12" level="99" team="t02">
			<name>Nguyen</name>
		</player>
		<player id="p13" level="5" team="t02">
			<name>Cheater</name>
		</player>
	<player id="p00" level="0" team="t00"><name>Admin</name></player></players>
	<matches>
		<!-- Jednotliv? z?pasy turnaje -->
		<match id="m01" mode="CTF" teamA="t01" teamB="t02">
			<date day="5" month="3" year="2014"/>
			<score teamA="2" teamB="5"/>
			<comment><![CDATA[ The best player was <b>]]><reference id="p03">FluffyBunny</reference><![CDATA[</b> from team <b>]]><reference id="t02">N00bs</reference><![CDATA[</b>.]]></comment>
		</match>
		<match id="m02" mode="Assault" teamA="t01" teamB="t03">
			<date day="6" month="3" year="2014"/>
			<score teamA="5" teamB="5"/>
		</match>
		<match id="m03" mode="CP" teamA="t02" teamB="t03">
			<date day="7" month="3" year="2014"/>
			<score teamA="17" teamB="3"/>
			<comment><![CDATA[ The best player was <b>]]><reference id="p03">FluffyBunny</reference><![CDATA[</b> from team <b>]]><reference id="t02">N00bs</reference><![CDATA[</b>.]]></comment>
		</match>
	</matches>
	<today>
		<!-- Naprosto zbyte?n? element, jen jsem nev?d?l, jak zakomponovat instrukce pro zpracov?n? -->
		<?php echo Date("d.m.Y")?>
	</today>
</fpstournament>