<?xml version="1.0" encoding="UTF-8"?>
<!DOCTYPE moviedatabase SYSTEM "data.dtd" >

<moviedatabase>
	
	<movies>
		<movie id="movie1">
			<title>Harry Potter and the Deathly Hallows, Part 1</title>
			<genres>
				<genre type="Fantasy" />
				<genre type="Action" />
			</genres>
		    <ranking type="PG-13" />
		    <rating>
				<value>9.8</value>
				<num_raters>1200</num_raters>
		    </rating>
		    <budget>
				<value>120000000</value>
				<currency type="USD" />
		    </budget>
		    <length>120</length>
		    <premiere_date>
				<day>12</day>
				<month>12</month>
				<year>2014</year>
		    </premiere_date>
			<movie_directors>
				<director_ref id="director1" />											
			</movie_directors>
			<movie_stars>
				<role>
					<role_actor id="actor1"/>
					<role_name>Hermione Granger</role_name>
				</role>
				<role>
					<role_actor id="actor2"/>
					<role_name>Harry Potter</role_name>
				</role>				
			</movie_stars>
			<movie_writers>
				<writer_ref id="writer1" />
				<writer_ref id="writer2" />
			</movie_writers>
			<movie_info>
			Harry Potter and the Deatlhy Hallows, Part 1 is an amazing movie with talented actors such as the beautiful <act_ref id="actor1">Emma Watson</act_ref> or <act_ref id="actor1">Daniel Radcliffe</act_ref>.			
			</movie_info>
			<movie_producer id="prod1"/>
		</movie>
		<movie id="movie2">
			<title>Harry Potter and the Deathly Hallows, Part 2</title>
			<genres>
				<genre type="Fantasy" />
				<genre type="Action" />
			</genres>
		    <ranking type="PG-13" />
		    <rating>
				<value>9.8</value>
				<num_raters>1200</num_raters>
		    </rating>
		    <budget>
				<value>120000000</value>
				<currency type="USD" />
		    </budget>
		    <length>120</length>
		    <premiere_date>
				<day>12</day>
				<month>12</month>
				<year>2014</year>
		    </premiere_date>
			<movie_directors>
				<director_ref id="director1" />								
			</movie_directors>
			<movie_stars>
				<role>
					<role_actor id="actor1"/>
					<role_name>Hermione Granger</role_name>
				</role>
				<role>
					<role_actor id="actor2"/>
					<role_name>Harry Potter</role_name>
				</role>				
			</movie_stars>
			<movie_writers>
				<writer_ref id="writer1" />
				<writer_ref id="writer2" />
			</movie_writers>
			<movie_info>
			Harry Potter and the Deatlhy Hallows, Part 1 is an amazing movie with talented actors such as the beautiful <act_ref id="actor1">Emma Watson</act_ref> or <act_ref id="actor1">Daniel Radcliffe</act_ref>.			
			</movie_info>
			<movie_producer id="prod1"/>
		</movie>
		
	</movies>
	
	<people>
		<actors>
			<actor id="actor1">
					<name>
						<first_name>Emma</first_name>
						<last_name>Watson</last_name>
					</name>
					<dob>
							<day>1</day>
							<month>12</month>
							<year>1990</year>
					</dob>
					<pob>
							<city>London</city>
							<country>UK</country>
					</pob>
					<gender type="F" />
			</actor>
			<actor id="actor2">
					<name>
						<first_name>Daniel</first_name>
						<last_name>Radcliffe</last_name>
					</name>
					<dob>
							<day>1</day>
							<month>12</month>
							<year>1990</year>
					</dob>
					<pob>
							<city>London</city>
							<country>UK</country>
					</pob>
					<gender type="M" />
			</actor>
			
		</actors>
		<directors>
			<director id="director1">
					<name>
						<first_name>James</first_name>
						<last_name>Bond</last_name>
					</name>
					<dob>
							<day>1</day>
							<month>12</month>
							<year>1990</year>
					</dob>
					<pob>
							<city>London</city>
							<country>UK</country>
					</pob>
					<gender type="M" />
			</director>
		</directors>
		<writers>
			<writer id="writer1">
					<name>
						<first_name>Charles</first_name>
						<last_name>Xavier</last_name>
					</name>
					<dob>
							<day>1</day>
							<month>12</month>
							<year>1990</year>
					</dob>
					<pob>
							<city>London</city>
							<country>UK</country>
					</pob>
					<gender type="M" />
			</writer>
			<writer id="writer2">
					<name>
						<first_name>Erik</first_name>
						<last_name>Lehnsherr</last_name>
					</name>
					<dob>
							<day>1</day>
							<month>12</month>
							<year>1990</year>
					</dob>
					<pob>
							<city>London</city>
							<country>UK</country>
					</pob>
					<gender type="M" />
			</writer>
		</writers>
	</people>
	
	<awards>
		<award
			id="award1"
			name="Oscar"
			year="2014"
			award_type="Best_actress_in_leading_role"
			awarded_to="actor1" 
			/>
		<award
			id="award2"
			name="Golden_Globe"
			year="2014"
			award_type="Best_actor_in_leading_role"
			awarded_to="actor2" 
			/>
	</awards>
	
	<production_companies>
		<producer id="prod1">
				<producer_name>Lionsgate</producer_name>
				<address>
					<city>London</city>
					<country>UK</country>
				</address>
				<contacts>
					<phone>
						<phone_number>724724724</phone_number>
						<phone_number>724724724</phone_number>
					</phone>
					<email>
						<email_addr>me@lionsgate.com</email_addr>
						<email_addr>contact@lionsgate.com</email_addr>
					</email>
				</contacts>
		</producer>	
	</production_companies>
	<version_info>
		<text>
			<![CDATA[				
					document.writeln("XML Movie Database was created by: Kuba Spatny");			
			]]>
					
		</text>
		<date><?php echo Date("d.m.Y")?></date>
		<author>&author;</author>
	
	</version_info>
	
</moviedatabase>
