﻿<?xml version="1.0" encoding="UTF-8"?>

<movieDatabase>

    <movieType druh="movie" id="jaRobot">
        <movieName>Já, robot</movieName>
        <directorName>Alex Proyas</directorName>
        <published>2004</published>
        <rating>82%</rating>
 
         <actors>
            <actor sex="man">Will Smith</actor>
            <actor sex="woman">Bridget Moynahan</actor>
            <actor>Shia LaBeouf</actor>
        </actors>
       <curiosities>
            <curiosity >Kočka Dr. Lanninga (James Cromwell) se jmenuje Asimov.</curiosity>
            <curiosity >Během natáčení havaroval Will Smith na motorce v rychlosti 60 mil za hodinu.</curiosity>
        </curiosities>
        
        <duration>90min</duration>
        
    </movieType>
    
        <movieType druh="serial" id="simpsonovi">
        
        <movieName >Simpsonovi</movieName>
        <directorName>Brad Bird</directorName>
        <published>1989</published>
        <rating>94%</rating>
 
         <actors>
            <actor sex="man">Dan Castellaneta</actor>
            <actor sex="woman">Nancy Cartwright</actor>
            <actor>Hank Azaria</actor>
        </actors>
        
       <curiosities where="simp">
            <curiosity >Seriál drží rekord i v počtu hostujících celebrit.</curiosity>
            <curiosity >Postava Barta se umístila na prvním místě "Top 10 filmových spratků" v časopise TV Guide v roce 2005.</curiosity>
            <curiosity>Hlavní postavy mají žlutou barvu, aby upoutaly pozornost diváků, kteří přeskakují jednotlivé programy v televizi.</curiosity>
        </curiosities>
        
        <episodes>498</episodes>
        
    </movieType>
    
    <movieType druh="movie" id="avengers ">
        
        <movieName>Avengers</movieName>
        <directorName>Joss Whedon</directorName>
        <published>2012</published>
        <rating>91%</rating>
 
         <actors>
            <actor sex="man">Robert Downey Jr.</actor>
            <actor sex="woman">Scarlett Johansson</actor>
            <actor sex="man">Chris Evans</actor>
            <actor sex="man">Chris Hemsworth</actor>
        </actors>
        
       <curiosities>
            <curiosity >O přestávkách během natáčení museli herci nosit dlouhé černé kápě, aby tak neodhalili podobu kostýmů.</curiosity>
            <curiosity >První film studia Marvel, který bude distribuován společností Walt Disney Pictures.</curiosity>
        </curiosities>
        
        <duration>142 min</duration>
        
    </movieType>
    
        <movieType druh="movie" id="sherlock2">
        
        <movieName >Sherlock Holmes: Hra stínů</movieName>
        <directorName>Guy Ritchie</directorName>
        <published>2011</published>
        <rating>75%</rating>
 
         <actors>
            <actor sex="man">Robert Downey Jr.</actor>
            <actor sex="woman">Noomi Rapace</actor>
            <actor sex="man">Jude Law</actor>
        </actors>
        
       <curiosities>
            <curiosity >Seriál drží rekord i v počtu hostujících celebrit.</curiosity>
            <curiosity >Konzultant filmu Lestie S. Klinger pro pokračování navrhoval titul Sherlock Holmes: The Grand Game.  </curiosity>
            <curiosity>Stephen Fry (Mycroft Holmes) a Jared Harris (Profesor Moriarty) slaví narozeniny ve stejný den, a to 24. 8.</curiosity>
        </curiosities>
        
    </movieType>
    
</movieDatabase>
