<?xml version="1.0" encoding="UTF-8"?>
<knihovna xmlns:xsi="http://www.w3.org/2001/XMLSchema-instance"
          xsi:noNamespaceSchemaLocation="data.xsd">
              
  
 
  
  
    <pobocka>
        <adresa>            
            <ulice>technicka</ulice>
            <cisloulice>4343</cisloulice>
            <mesto>praha</mesto>
            <psc>16000</psc>
            <stat>CR</stat>
        </adresa>
        <personal>
            <zamestnanec> 
                <osobni-udaje> 
                    <jmeno>jmeno</jmeno>
                    <prijmeni>prijmeni</prijmeni>
                    <adresa>                        
                        <ulice>bechynova</ulice>
                        <cisloulice>4343</cisloulice>
                        <mesto>praha</mesto>
                        <psc>16000</psc>
                        <stat>CR</stat>
                    </adresa>                    
                    <telefon>4345353</telefon>

                    <email>email@email.cz</email>
                   
                </osobni-udaje>
                <datum-nastupu>
                    2011-11-23
                </datum-nastupu>
              
            </zamestnanec>
        </personal>
        <seznam-ctenaru>
            <ctenar idctenare="1">
                <osobni-udaje> 
                    <jmeno>jmeno</jmeno>
                    <prijmeni>prijmeni</prijmeni>
                    <adresa>                        
                        <ulice>bechynova</ulice>
                        <cisloulice>4343</cisloulice>
                        <mesto>praha</mesto>
                        <psc>16000</psc>
                        <stat>CR</stat>
                    </adresa>                    
                    <telefon>4345353</telefon>

                    <email>email@email.cz</email>
                   
                </osobni-udaje>
                <registrace>
                    <registrace-od>2011-11-23</registrace-od>
                    <registrace-do>2011-11-23</registrace-do>
                </registrace>
                
            </ctenar>
            
            <ctenar idctenare="2">
                <osobni-udaje> 
                    <jmeno>jmeno</jmeno>
                    <prijmeni>prijmeni</prijmeni>
                    <adresa>                        
                        <ulice>bechynova</ulice>
                        <cisloulice>4343</cisloulice>
                        <mesto>praha</mesto>
                        <psc>16000</psc>
                        <stat>CR</stat>
                    </adresa>                    
                    <telefon>4345353</telefon>

                    <email>email@email.cz</email>
                   
                </osobni-udaje>
                <registrace>
                    <registrace-od>2011-11-23</registrace-od>
                    <registrace-do>2011-11-23</registrace-do>
                </registrace>
            </ctenar>
            
        </seznam-ctenaru>
        
        <seznam-titulu>  
            <kniha kod="ABF343"  xsi:type="kniha-type">
                <pocet>43</pocet>
                <nakladatelstvi>                        
                    <nazev>nazev nakl</nazev>
                    <rok-vydani>1998</rok-vydani>
                    <misto-vydani>Praha</misto-vydani>
                </nakladatelstvi>                    
                <popis>kratky popis</popis>                    
                <nazev>nazev</nazev>
                <zaner>veda a technika</zaner>
                <autor>autor</autor>
                <jazyk>jazyk</jazyk>                    
                <pocet-stran>4343</pocet-stran>                    
                <cena>434</cena>
                <ISBN>ISBNFF</ISBN>
                    
            </kniha> 
            
            
            <casopis kod="ABF343" xsi:type="casopis-type" >
                <pocet>43</pocet>
                <nakladatelstvi>                        
                    <nazev>nazev nakl</nazev>
                    <rok-vydani>1998</rok-vydani>
                    <misto-vydani>Praha</misto-vydani>
                </nakladatelstvi>                    
                <popis>kratky popis</popis>                    
                <nazev>nazev</nazev>
                <zaner>veda a technika</zaner>
                <autor>autor</autor>
                <jazyk>jazyk</jazyk>                    
                <pocet-stran>4343</pocet-stran>                    
                <cena>434</cena>
                <ISSN>ABCDF</ISSN>

            </casopis>
            <casopis kod="ABF347" xsi:type="casopis-type" >
                <pocet>43</pocet>
                <nakladatelstvi>                        
                    <nazev>nazev nakl</nazev>
                    <rok-vydani>1998</rok-vydani>
                    <misto-vydani>Praha</misto-vydani>
                </nakladatelstvi>                    
                <popis>kratky popis</popis>                    
                <nazev>nazev</nazev>
                <zaner>veda a technika</zaner>
                <autor>autor</autor>
                <jazyk>jazyk</jazyk>                    
                <pocet-stran>4343</pocet-stran>                    
                <cena>434</cena>
                <ISSN>ABCDF</ISSN>

            </casopis>
        </seznam-titulu>
        
        <seznam-vypujcek>
            <vypujcka idvypujcky="vyp1" status="pujcena">
                <idctenare>1</idctenare>
                <kod-titulu>ABF346</kod-titulu>
                <pokuta></pokuta>
                <pujceno-od>
                    2012-03-14T14:30:34.89
                </pujceno-od>
                <pujceno-do>
                    2012-03-13T14:30:34.89
                </pujceno-do>
               
            </vypujcka>
            
            <vypujcka idvypujcky="vyp2" status="na miste">
                <idctenare>2</idctenare>
                <kod-titulu>ABF345</kod-titulu>
                <pokuta></pokuta>
                <pujceno-od>
                    2012-03-14T14:30:34.89
                </pujceno-od>
                <pujceno-do>
                    2012-03-13T14:30:34.89
                </pujceno-do>
             
            </vypujcka>
            
            
        </seznam-vypujcek>
  
    </pobocka>
  
  
  
              
              
</knihovna>