<?xml version="1.0" encoding="UTF-8"?>
<katalog xmlns:xsi="http://www.w3.org/2001/XMLSchema-instance" xsi:noNamespaceSchemaLocation="file:///D:/mff/LS20112012/XML/ukol4/dily.xsd">
	<!-- Informace o 1. vyrobci a jeho produktech -->
		<produkt ID="p1" cena="1500" vyrobce="v1">
			<popis>Popis 1. produktu</popis>
			<vyraben>
				<od>2012-01-01</od>
				<do>2013-02-01</do>
			</vyraben>
		</produkt>
		<produkt ID="p2" cena="1600" vyrobce="v1">
			<popis>Popis 2. produktu</popis>
			<vyraben>
				<od>2012-02-01</od>
				<do>2013-03-01</do>
			</vyraben>
			<predchozi-typ>p1</predchozi-typ>
		</produkt>
		<produkt ID="p3" cena="1700" vyrobce="v1">
			<popis>Popis 3. produktu</popis>
			<vyraben>
				<od>2012-03-01</od>
				<do>2013-04-01</do>
			</vyraben>
			<soucasti>p2</soucasti>
		</produkt>
		<produkt ID="p4" cena="1550" vyrobce="v1">
			<popis>Popis 4. produktu</popis>
			<vyraben>
				<od>2012-04-01</od>
				<do>2013-05-01</do>
			</vyraben>
			<predchozi-typ>p1</predchozi-typ>
		</produkt>
		<produkt ID="p5" cena="1650" vyrobce="v1">
			<popis>Popis 5. produktu</popis>
			<vyraben>
				<od>2012-05-01</od>
				<do>2013-06-01</do>
			</vyraben>
			<predchozi-typ>p4</predchozi-typ>
		</produkt>
		<produkt ID="p6" cena="1750" vyrobce="v1">
			<popis>Popis 6. produktu</popis>
			<vyraben>
				<od>2012-06-01</od>
				<do>2013-07-01</do>
			</vyraben>
			<soucasti>p4 p5</soucasti>
			<predchozi-typ>p3</predchozi-typ>
		</produkt>
		<produkt ID="p7" cena="1800" vyrobce="v1">
			<popis>Popis 7. produktu</popis>
			<vyraben>
				<od>2012-07-01</od>
				<do>2013-08-01</do>
			</vyraben>
			<soucasti>p4 p5</soucasti>
			<predchozi-typ>p4 p5</predchozi-typ>
		</produkt>
		<produkt ID="p8" cena="1700" vyrobce="v1">
			<popis>Popis 8. produktu</popis>
			<vyraben>
				<od>2012-08-01</od>
				<do>2013-09-01</do>
			</vyraben>
		</produkt>
		<produkt ID="p9" cena="1450" vyrobce="v1">
			<popis>Popis 9. produktu</popis>
			<vyraben>
				<od>2012-09-01</od>
				<do>2013-10-01</do>
			</vyraben>
			<soucasti>p8</soucasti>
		</produkt>
		<produkt ID="p10" cena="1400" vyrobce="v1">
			<popis>Popis 10. produktu</popis>
			<vyraben>
				<od>2012-10-01</od>
				<do>2013-11-01</do>
			</vyraben>
			<soucasti>p8</soucasti>
			<predchozi-typ>p9</predchozi-typ>
		</produkt>
		<produkt ID="p11" cena="1000" vyrobce="v2">
			<popis>Popis 11. produktu
			</popis>
			<vyraben>
				<od>2011-01-01</od>
				<do>2013-01-01</do>
			</vyraben>
		</produkt>
		<produkt ID="p12" cena="990" vyrobce="v2">
			<popis>Popis 12. produktu</popis>
			<vyraben>
				<od>2011-02-01</od>
				<do>2012-03-01</do>
			</vyraben>
			<predchozi-typ>p11</predchozi-typ>
		</produkt>
		<produkt ID="p13" cena="980" vyrobce="v2">
			<popis>Popis 13. produktu</popis>
			<vyraben>
				<od>2011-03-01</od>
				<do>2013-01-01</do>
			</vyraben>
			<soucasti>p12</soucasti>
		</produkt>
		<produkt ID="p14" cena="970" vyrobce="v2">
			<popis>Popis 14. produktu</popis>
			<vyraben>
				<od>2011-04-01</od>
				<do>2013-06-01</do>
			</vyraben>
		</produkt>
		<produkt ID="p15" cena="1010" vyrobce="v2">
			<popis>Popis 15. produktu
			</popis>
			<vyraben>
				<od>2011-05-01</od>
				<do>2012-06-01</do>
			</vyraben>
			<predchozi-typ>p14</predchozi-typ>
		</produkt>
		<produkt ID="p16" cena="1020" vyrobce="v2">
			<popis>Popis 16. produktu</popis>
			<vyraben>
				<od>2011-06-01</od>
				<do>2014-06-01</do>
			</vyraben>
			<soucasti>p13 p15</soucasti>
		</produkt>
</katalog>
