<?xml version="1.0" encoding="windows-1250"?>
<vyrobci xmlns:xsi="http://www.w3.org/2001/XMLSchema-instance" xsi:noNamespaceSchemaLocation="file:///D:/mff/LS20112012/XML/ukol4/vyrobci.xsd">
  <vyrobce ID="v1" Jmeno="Vyrobce 1">
		<info>
			<ico>12345678</ico>
			<dico>CZ 87654321</dico>
			<adresa>
				<ulice>Ulice vyrobce 1</ulice>
				<mesto>Mesto vyrobce 1</mesto>
				<psc>12345</psc>
			</adresa>
			<kontakty>
				<telefony>
					<telefon>123 456789</telefon>
					<telefon>123 456 789</telefon>
				</telefony>
				<mail>mail@prvnivyrobce.com</mail>
			</kontakty>
		</info>
  </vyrobce>
  <vyrobce ID="v2" Jmeno="Vyrobce 2">
		<info>
			<ico>22345678</ico>
			<dico>SK 87654322</dico>
			<adresa>
				<ulice>Ulice vyrobce 2</ulice>
				<mesto stat="SK">Mesto vyrobce 2</mesto>
				<psc>54321</psc>
			</adresa>
			<kontakty>
				<telefony-faxy>
					<telefon>123456789</telefon>
					<fax>123789456</fax>
				</telefony-faxy>
				<mail>mail@druhyvyrobce.com</mail>
			</kontakty>
		</info>
	</vyrobce>
</vyrobci>