<?xml version="1.1" encoding="UTF-8"?>

<!DOCTYPE DATABASE SYSTEM "data.dtd">
	
<DATABASE>
	<PLAYERCOL>
		<PLAYER CHARNAME="Gilgil" CHARCODE="123" ID="player_1"/>
		<PLAYER CHARNAME="Anar" CHARCODE="123" ID="player_2"/>
		<PLAYER CHARNAME="Nergamesh" CHARCODE="123" ID="player_3"/>
		<PLAYER CHARNAME="Ishtahal" CHARCODE="123" ID="player_4"/>
		<PLAYER CHARNAME="Anshaua" CHARCODE="123" ID="player_5"/>
		<PLAYER CHARNAME="Guga" CHARCODE="123" ID="player_6"/>
		<PLAYER CHARNAME="Man" CHARCODE="123" ID="player_7"/>
		<PLAYER CHARNAME="With" CHARCODE="123" ID="player_8"/>
		<PLAYER CHARNAME="Three" CHARCODE="123" ID="player_9"/>
		<PLAYER CHARNAME="Buttocks" CHARCODE="123" ID="player_10"/>
	</PLAYERCOL>
	<MAPCOL>
		<MAP NAME="SHATTERED TEMPLE" ID="map_1"/>
		<MAP NAME="METALOPOLIS" ID="map_2"/>
		<MAP NAME="XEL'NAGA CAVERNS" ID="map_3"/>
	</MAPCOL>
	<REPLAYCOL>
		<REPLAY>
			<GAMEDATA MAP="map_1" REALM="US" GAMETYPE="1v1" WINNINGTEAM="1"> 
				<PLAYERDATA PLAYER="player_1" TEAM="1">
					<COLOR R="FF" B="00" G="00"/>
					<RACE RACE="PROTOSS"/>
				</PLAYERDATA>
				<PLAYERDATA PLAYER="player_2" TEAM="2">
					<COLOR R="00" B="FF" G="00"/>
					<RACE RACE="TERRAN"/>
				</PLAYERDATA>
			</GAMEDATA>
			<REPLAYDATA ENC="BASE64"><![CDATA[U09NRURBVEFIRVJFTE9M]]></REPLAYDATA>
		</REPLAY>		<REPLAY>
			<GAMEDATA MAP="map_1" REALM="US" GAMETYPE="1v1" WINNINGTEAM="1"> 
				<PLAYERDATA PLAYER="player_1" TEAM="1">
					<COLOR R="FF" B="00" G="00"/>
					<RACE RACE="PROTOSS"/>
				</PLAYERDATA>
				<PLAYERDATA PLAYER="player_2" TEAM="2">
					<COLOR R="00" B="FF" G="00"/>
					<RACE RACE="TERRAN"/>
				</PLAYERDATA>
			</GAMEDATA>
			<REPLAYDATA ENC="BASE64"><![CDATA[U09NRURBVEFIRVJFTE9M]]></REPLAYDATA>
		</REPLAY>		<REPLAY>
			<GAMEDATA MAP="map_1" REALM="US" GAMETYPE="1v1" WINNINGTEAM="1"> 
				<PLAYERDATA PLAYER="player_1" TEAM="1">
					<COLOR R="FF" B="00" G="00"/>
					<RACE RACE="PROTOSS"/>
				</PLAYERDATA>
				<PLAYERDATA PLAYER="player_2" TEAM="2">
					<COLOR R="00" B="FF" G="00"/>
					<RACE RACE="TERRAN"/>
				</PLAYERDATA>
			</GAMEDATA>
			<REPLAYDATA ENC="BASE64"><![CDATA[U09NRURBVEFIRVJFTE9M]]></REPLAYDATA>
		</REPLAY>		<REPLAY>
			<GAMEDATA MAP="map_1" REALM="US" GAMETYPE="1v1" WINNINGTEAM="1"> 
				<PLAYERDATA PLAYER="player_1" TEAM="1">
					<COLOR R="FF" B="00" G="00"/>
					<RACE RACE="PROTOSS"/>
				</PLAYERDATA>
				<PLAYERDATA PLAYER="player_2" TEAM="2">
					<COLOR R="00" B="FF" G="00"/>
					<RACE RACE="TERRAN"/>
				</PLAYERDATA>
			</GAMEDATA>
			<REPLAYDATA ENC="BASE64"><![CDATA[U09NRURBVEFIRVJFTE9M]]></REPLAYDATA>
		</REPLAY>
		<REPLAY>
			<GAMEDATA MAP="map_2" REALM="EU" GAMETYPE="1v1" WINNINGTEAM="1"> 
				<PLAYERDATA PLAYER="player_3" TEAM="1">
					<COLOR R="FF" B="00" G="00"/>
					<RACE RACE="PROTOSS"/>
				</PLAYERDATA>
				<PLAYERDATA PLAYER="player_1" TEAM="2">
					<COLOR R="00" B="FF" G="00"/>
					<RACE RACE="ZERG"/>
				</PLAYERDATA>
			</GAMEDATA>
			<REPLAYDATA ENC="BASE64"><![CDATA[VTA5TlJVUkJWRUZJUlZKRlRFOU0=]]></REPLAYDATA>
		</REPLAY>
		<REPLAY>
			<GAMEDATA MAP="map_3" REALM="EU" GAMETYPE="1v1" WINNINGTEAM="1"> 
				<PLAYERDATA PLAYER="player_5" TEAM="1">
					<COLOR R="FF" B="00" G="00"/>
					<RACE RACE="PROTOSS"/>
				</PLAYERDATA>
				<PLAYERDATA PLAYER="player_1" TEAM="2">
					<COLOR R="00" B="FF" G="00"/>
					<RACE RACE="ZERG"/>
				</PLAYERDATA>
			</GAMEDATA>
			<REPLAYDATA ENC="BASE64"><![CDATA[VlRBNVRsSlZVa0pXUlVaSlVsWktSbFJGT1UwPQ==]]></REPLAYDATA>
			<CHATMSG><PLAYERREF REF="player_1"/> HAI!</CHATMSG>
			<CHATMSG><PLAYERREF REF="player_2"/> STFU NOOB! I ROCK U! MY WINRATE <?php player["player_2"].getWinRate?></CHATMSG>
			<!--there aint no such thing as sanity claus-->
		</REPLAY>
	</REPLAYCOL>
</DATABASE>
