<?xml version="1.0" encoding="UTF-8" ?>

<knihy>
 <kniha>
  <jmeno>Jmeno ruze</jmeno>
  <autor>Umberto Eco</autor>

  <diskuse>
   <prispevek podpis="Mervart">
    ... takze proto si myslim, ze to a to.

    <prispevek podpis="Sojka">
     S tim zasadne nesouhlasim
    </prispevek>
   </prispevek>
  </diskuse>
 </kniha>
 <kniha>
  <jmeno>Mravenci</jmeno>
  <autor>Boris Vian</autor>
 </kniha>
 <kniha>
  <jmeno>Pena dni</jmeno>
  <autor>Boris Vian</autor>

  <diskuse>
   <prispevek>
    Hezka!
   </prispevek>
  </diskuse>
 </kniha>
 <kniha>
  <jmeno>Hamlet</jmeno>
  <autor>William Shakespeare</autor>
 </kniha>
</knihy>
