<?xml version="1.0" encoding="UTF-8"?>
<!DOCTYPE obchod SYSTEM "data.dtd">
<obchod>
	<zbozi>
		<ovoce>
			<druh value="citron">
				<jakost value="1"/>
				<barva>zluta</barva>
				<cena>200</cena>
				<trvanlivost>
					<rok>2020</rok>
					<mesic>12</mesic>
					<den>24</den>
				</trvanlivost>
			</druh>
			<druh value="limetka">
				<jakost value="3"/>
				<barva>zelena</barva>
				<cena>5</cena>
				<trvanlivost>
					<rok>2014</rok>
					<mesic>3</mesic>
					<den>22</den>
				</trvanlivost>
			</druh>
		</ovoce>
		<zelenina>
			<druh value="redkvicka">
				<jakost value="1"/>
				<barva>cervena</barva>
				<cena>10</cena>
				<trvanlivost>
					<rok>2014</rok>
					<mesic>3</mesic>
					<den>28</den>
				</trvanlivost>
			</druh>
		</zelenina>
		<uzeniny>
			<druh value="Videnske parky">
				<jakost value="1"></jakost>
				<barva>hnedo-cervena</barva>
				<cena>150</cena>
				<trvanlivost>
					<rok>2015</rok>
					<mesic>1</mesic>
					<den>1</den>
				</trvanlivost>
			</druh>
		</uzeniny>
		<syry>
			<druh value="eidam">
				<jakost value="2"/>
				<barva>zluta</barva>
				<cena>160</cena>
				<trvanlivost>
					<rok>2014</rok>
					<mesic>4</mesic>
					<den>6</den>
				</trvanlivost>
			</druh>
		</syry>
	</zbozi>
	<zamestnanci>
		<zamestnanec ID="_001">
			<jmeno>Zacharias</jmeno>
			<prijmeni>Hruska</prijmeni>
			<datumnarozeni den="13" mesic="9" rok="2010"/>
			<bydliste>
				<ulice>Limetkova</ulice>
				<cislo>284</cislo>
				<mesto>Hrdejovice</mesto>
				<PSC>373 61</PSC>
			</bydliste>
			<telefon>720 682 632</telefon>
			<telefon>387 220 123 </telefon>
			<mail>zacharijas@imejl.cz</mail>
			<mail>zach@zach.ru</mail>
			<mzda>0</mzda>
			<pozice>superboss</pozice>
		</zamestnanec>
		<zamestnanec ID="_999" nadrizeny="_001">
			<jmeno>Evzenie</jmeno>
			<prijmeni>Svestkova</prijmeni>
			<datumnarozeni  den="6" mesic="7" rok="2011"/>
			<bydliste>
				<ulice>Pomelova</ulice>
				<cislo>20</cislo>
				<mesto>&p;</mesto>
				<PSC>140 00</PSC>
			</bydliste>
			<mzda>5</mzda>
			<pozice>uklizecka na toaletach</pozice>
		</zamestnanec>
	</zamestnanci>
	<mottoprodejny>
		<![CDATA[
			<< Mame radi citrony >>
		]]>
	</mottoprodejny>
	<casposledniupravy><?php echo Date("d.m.Y") ?></casposledniupravy>
</obchod>
