<?xml version="1.0" encoding="UTF-8"?>
<!-- databaze knih v domácí knihovně a přehled, které jsou půjčené kamarádům-->
<knihovnicka>
	<status>Stav k <?php echo Date("d.m.Y")?>
	</status>
	<SeznamKnih>
		<kniha id="k001" state="doma">
			<autor>
				<jmeno>David</jmeno>
				<prijmeni>Weber</prijmeni>
			</autor>
			<nazev>Krátká vítězná válka</nazev>
			<stran>561</stran>
		</kniha>
		<kniha id="k002" state="doma">
			<autor>
				<jmeno>Terry</jmeno>
				<prijmeni>Pratchett</prijmeni>
			</autor>
			<nazev>Zimoděj</nazev>
			<stran>259</stran>
		</kniha>
		<kniha id="k003" state="pujcenoKomu">
			<autor>
				<jmeno>Lois</jmeno>
				<prijmeni>McMaster Bujold</prijmeni>
			</autor>
			<nazev>Kryokomby</nazev>
			<jazyk>cz</jazyk>
			<stran>384</stran>
		</kniha>
		<kniha id="k004" state="pujcenoKomu">
			<autor>
				<jmeno>Terry</jmeno>
				<prijmeni>Pratchett</prijmeni>
			</autor>
			<nazev>Pravda</nazev>
			<stran>499</stran>
		</kniha>
		<kniha id="k005" state="doma">
			<autor>
				<jmeno>Terry</jmeno>
				<prijmeni>Pratchett</prijmeni>
			</autor>
			<nazev>Otec Prasátek</nazev>
			<stran>361</stran>
		</kniha>
		<kniha id="k006" state="doma">
			<autor>
				<jmeno>Lois</jmeno>
				<prijmeni>McMaster Bujold</prijmeni>
			</autor>
			<nazev>Vorova hra</nazev>
			<jazyk>cz</jazyk>
			<stran>268</stran>
		</kniha>
		<kniha id="k007" state="doma">
			<autor>
				<jmeno>Lois</jmeno>
				<prijmeni>McMaster Bujold</prijmeni>
			</autor>
			<nazev>Cetaganda</nazev>
			<jazyk>cz</jazyk>
			<stran>294</stran>
		</kniha>
		<kniha id="k008" state="doma">
			<autor>
				<jmeno>Lois</jmeno>
				<prijmeni>McMaster Bujold</prijmeni>
			</autor>
			<nazev>Paměť</nazev>
			<jazyk>cz</jazyk>
			<stran>459</stran>
		</kniha>
		<kniha id="k009" state="pujcenoOd">
			<autor>
				<jmeno>Jiří</jmeno>
				<prijmeni>Pavlovský</prijmeni>
			</autor>
			<nazev>Magie pro každého</nazev>
			<jazyk>cz</jazyk>
			<stran>102</stran>
		</kniha>
		<kniha id="k010" state="pujcenoOd">
			<autor>
				<jmeno>Jiří</jmeno>
				<prijmeni>Pavlovský</prijmeni>
			</autor>
			<nazev>Město mrtvých</nazev>
			<jazyk>cz</jazyk>
			<stran>112</stran>
		</kniha>
		<kniha id="k011" state="doma">
			<autor>
				<jmeno>Sonia</jmeno>
				<prijmeni>Leong</prijmeni>
			</autor>
			<nazev><![CDATA[Romeo & Julie]]></nazev>
			<jazyk>cz</jazyk>
			<stran>65</stran>
		</kniha>
		<kniha id="k012" state="doma">
			<autor>
				<jmeno>Terry</jmeno>
				<prijmeni>Pratchett</prijmeni>
			</autor>
			<nazev>Strata</nazev>
			<jazyk>en</jazyk>
			<stran>259</stran>
		</kniha>
	</SeznamKnih>
	<SeznamVypujcek>
		<vypujcka rid="k003">Šelesta</vypujcka>
		<vypujcka rid="k004">Honza</vypujcka>
	</SeznamVypujcek>
</knihovnicka>
