<?xml version="1.0" encoding="UTF-8"?>

<airline_reservations xsi:noNamespaceSchemaLocation="data.xsd" xmlns="" xmlns:xsi="http://www.w3.org/2001/XMLSchema-instance">

	<reservation r_id="R7300237738">
	
		<flight_provider>Wizz Air</flight_provider>
		<from>PRG</from>
		<to>EIN</to>
	
		<passenger p_id="P77534657866" p_id_type="passport">
	    	<first_name>Mark</first_name>
			<middle_name>Johnson</middle_name>
			<last_name>Twain</last_name>
			<seat_num>44</seat_num>
			<frequent_flyer_number>44658204</frequent_flyer_number>
		</passenger>
					
		<passenger p_id="P77534657866">
			<first_name>Martina</first_name>
			<middle_name>Robert</middle_name>
			<last_name>Hingis</last_name>
			<seat_num>45</seat_num>
		</passenger>			
	
	</reservation>
	
	
	<reservation r_id="R7400237738">
	
		<flight_provider>Wizz Air</flight_provider>
		<from>PRG</from>
		<to>EIN</to>
	
		<passenger p_id="P37534657866" p_id_type="passport">
	    	<first_name>Mark</first_name>
			<middle_name>Johnson</middle_name>
			<last_name>Twain</last_name>
			<seat_num>45</seat_num>
			<frequent_flyer_number>44658204</frequent_flyer_number>
		</passenger>
					
		<passenger p_id="P75534657866">
			<first_name>Martina</first_name>
			<middle_name>Robert</middle_name>
			<last_name>Hingis</last_name>
			<seat_num>47</seat_num>
		</passenger>			
	
	</reservation>

	
	<additional_info a_id="R7300237738">Run the passengers from the reservation through the Interpol database.</additional_info>

</airline_reservations>