<?xml version="1.0" encoding="UTF-8"?>
<!-- Martin Blicha -->
<!DOCTYPE databaza SYSTEM "data.dtd">
<!-- databaza hracov a hier -->
<databaza>
	<!-- zoznam registrovanych hracov -->
	<hraci>
		<hrac id="malyh">
			<meno>
				<krstne>Honza</krstne>
				<priezvisko>Maly</priezvisko>
			</meno>
			<hracove_hry>
				<hracova_hra id="agric"/>
			</hracove_hry>
			<o_hracovi><![CDATA[
					if(you_like_games) then {writeln("You are welcome here!")}
						else {writeln("Propably on the wrong page, bro!")}
				]]></o_hracovi>
		</hrac>
		<hrac id="lopam">
			<meno>
				<krstne>Martin</krstne>
				<priezvisko>Lopata</priezvisko>
			</meno>
			<hracove_hry>
				<hracova_hra id="gameth"/>
				<hracova_hra id="dunglo"/>
				<hracova_hra id="agric"/>
			</hracove_hry>
			<o_hracovi>
				Zanietený hráč, ktorý pri tom trochu aj študuje:)
				<?php echo " The Game of Thrones rules!!!"; ?>
			</o_hracovi>
		</hrac>
		<hrac id="hedej">
			<meno>
				<krstne>Johan</krstne>
				<priezvisko>Heder</priezvisko>
			</meno>
			<hracove_hry>
				<hracova_hra id="gameth"/>
				<hracova_hra id="magekn"/>
			</hracove_hry>
		</hrac>
		<hrac id="zemal">
			<meno>
				<krstne>Lukas</krstne>
				<priezvisko>Zeman</priezvisko>
			</meno>
			<hracove_hry/>
			<o_hracovi>
				Ešte len začínam, ale doskové hry ma veľmi chytili:)
			</o_hracovi>
		</hrac>
		<hrac id="jedir">
			<meno>
				<krstne>Robert</krstne>
				<priezvisko>Jediny</priezvisko>
			</meno>
			<hracove_hry>
				<hracova_hra id="dunglo"/>
				<hracova_hra id="agric"/>
			</hracove_hry>
		</hrac>
		<hrac id="pogoi">
			<meno>
				<krstne>Ivan</krstne>
				<stredne>Nikolajevic</stredne>
				<priezvisko>Pogomorov</priezvisko>
			</meno>
			<hracove_hry>
				<hracova_hra id="gameth"/>
			</hracove_hry>
		</hrac>
		<hrac id="lopef">
			<meno>
				<krstne>Felix</krstne>
				<priezvisko>Lopez</priezvisko>
			</meno>
			<hracove_hry>
				<hracova_hra id="agric"/>
				<hracova_hra id="gameth"/>
			</hracove_hry>
		</hrac>
		<hrac id="dychk">
			<meno>
				<krstne>Kamil</krstne>
				<priezvisko>Dychalka</priezvisko>
			</meno>
			<hracove_hry>
				<hracova_hra id="gameth"/>
				<hracova_hra id="magekn"/>
				<hracova_hra id="agric"/>
				<hracova_hra id="dunglo"/>
			</hracove_hry>
		</hrac>
		<hrac id="dosth">
			<meno>
				<krstne>Hanka</krstne>
				<priezvisko>Dostalova</priezvisko>
			</meno>
			<hracove_hry>
				<hracova_hra id="dunglo"/>
				<hracova_hra id="magekn"/>
			</hracove_hry>
		</hrac>
		<hrac id="machj">
			<meno>
				<krstne>Jana</krstne>
				<priezvisko>Machalovska</priezvisko>
			</meno>
			<hracove_hry/>
			<o_hracovi>
				Za rovnoprávnosť!
			</o_hracovi>
		</hrac>
	</hraci>
	<!-- zoznam registrovanych hier -->
	<hry>
		<hra id="magekn" cestina="ano">
			<nazov>Mage Knight</nazov>
			<pocet_hracov>
				<min>1</min>
				<max>4</max>
				<ideal>4</ideal>
			</pocet_hracov>
			<hodnotenie>
				<celkove>
					<percenta>90%</percenta>
					<poradie>2</poradie>
				</celkove>
				<hracske hrac="hedej">
					<percenta>92%</percenta>
				</hracske>
				<hracske hrac="dychk">
					<percenta>88%</percenta>
				</hracske>
				<hracske hrac="dosth">
					<percenta>91%</percenta>
				</hracske>
			</hodnotenie>
			<popis>
				Hra z fantasy prostredia. Vyberte si jedneho zo styroch hrdinov a ziskajte najviac slavy. <p/> &ceska_hra;
			</popis>
		</hra>
		<hra id="agric">
			<nazov>Agricola</nazov>
			<pocet_hracov>
				<min>1</min>
				<max>5</max>
				<ideal>4</ideal>
			</pocet_hracov>
			<hodnotenie>
				<celkove>
					<percenta>93%</percenta>
					<poradie>1</poradie>
				</celkove>
				<hracske hrac="lopef">
					<percenta>95%</percenta>
				</hracske>
			</hodnotenie>
			<obrazok cesta="agricola.jpg"/>
			<popis>
				Vyborna rodinna hra pre malych aj velkych. Stante sa najlepsim farmarom, rozsirujte a spravujte svoju farmu lepsie a rychlejsie ako ostatni.
			</popis>
		</hra>
		<hra id="gameth" cestina="nie">
			<nazov>Game of Thrones</nazov>
			<pocet_hracov>
				<min>4</min>
				<max>6</max>
				<ideal>6</ideal>
			</pocet_hracov>
			<hodnotenie>
				<celkove>
					<percenta>88%</percenta>
					<poradie>3</poradie>
				</celkove>
			</hodnotenie>
			<popis>
				Hra na motivy znamej kniznej serie. Bojujte proti ostatnym rodom a ovladnite cele kralovstvo!
			</popis>
		</hra>
		<hra id="dunglo" cestina="ano">
			<nazov>Dungeon Lords</nazov>
			<pocet_hracov>
				<min>2</min>
				<max>4</max>
				<ideal>4</ideal>
			</pocet_hracov>
			<hodnotenie>
				<celkove>
					<percenta>80%</percenta>
					<poradie>4</poradie>
				</celkove>
				<hracske hrac="jedir">
					<percenta>85%</percenta>
				</hracske>
				<hracske hrac="lopam">
					<percenta>75%</percenta>
				</hracske>
			</hodnotenie>
			<obrazok cesta="dungeonLords.jpg"/>
			<popis>
				Poznate tie klasicke pribehy, kde sa ako hrdinovia zucastnite bojovej vypravy proti panom temnot? Tak v tejto hre to ochutnate z druhej strany. <p/> Skuste si ake tazke je udrziavat podzemne kralovstvo, starat sa o svojich poddanych a este sa aj branit proti takzvanym hrdinom, ktory Vas ani na chvilu nenechaju na pokoji. <p/> &ceska_hra;
			</popis>
		</hra>
	</hry>
</databaza>
