<?xml version="1.0" encoding="UTF-8"?>

<invoice number="74022013"><!--Element representing one invoice-->
	<supplier id="_1"><!--Element representing supplier of the invoice-->
		<name>Bohuslav</name>
		<surname>Koukal</surname>
		<address>
			<street>Moskevská 116</street>
			<ZIP>46401</ZIP>
			<region code="EU">
				<NUTS1 code="CZ0">
					<NUTS2 code="CZ05">
						<NUTS3 code="CZ051">
							<city>
								Raspenava
							</city>
						</NUTS3>
					</NUTS2>
				</NUTS1>
			</region>
		</address>
		<CIN>8736386</CIN>
		<VATN>CZ86353537</VATN>
	</supplier>
	<purchaser id="_2"><!--Element representing purchaser of the invoice-->
		<company>H1.cz s.r.o.</company>
		<address>
			<street>Na Kopečku 332</street>
			<ZIP>73737</ZIP>
			<city>Brno</city>
		</address>
		<CIN>93038320</CIN>
		<VATN>CZ3832519293</VATN>
	</purchaser>
	<date>
		<taxable_supply>12/02/2012</taxable_supply>
		<due>26/02/2012</due>
		<written_out>14/02/2012</written_out>
	</date>
	<item id="_1" type="service">
		<description>Pronájem reklamních služeb</description>
		<VAT>0,2</VAT>
		<price>1000</price>
	</item>
	<item id="_2" type="service">
		<description>Pronájem reklamních služeb</description>
		<VAT>0,2</VAT>
		<price>2800</price>
	</item>
	<item id="_3" type="service">
		<description>Pronájem reklamních služeb</description>
		<amount>3</amount>
		<VAT>0,2</VAT>
		<price>670</price>
	</item>
	<item id="_4" type="service">
		<description>Externí validační služby</description>
		<VAT>0,2</VAT>
		<price>4700</price>
	</item>
	<item id="_5" type="service">
		<description>Copywriting</description>
		<VAT>0,2</VAT>
		<price>3990</price>
	</item>
	<item id="_9" type="goods">
		<description>Prodej práv k užívání systému</description>
		<VAT>0,2</VAT>
		<price>22000</price>
	</item>
	<item id="_6" type="goods">
		<description>Prodej práv k užívání systému</description>
		<VAT>0,2</VAT>
		<price>82000</price>
	</item>
	<item id="_7">
		<description>OEM licence</description>
		<amount>42</amount>
		<VAT>&apos;0,2&apos;</VAT>
		<price>1000</price>
	</item>
	
	<invoice_price>
		<without_VAT>138500</without_VAT>
		<VAT_total>27700</VAT_total>
		<total>166200</total>
	</invoice_price>
	<verification>
		<![CDATA[Mám rád guláš]]>
	</verification>
	<comment>
		Items <ref idref="_1" />, <ref idref="_2" /> and <ref idref="_3" /> were purchased until 12.02. 2014.
	</comment>
</invoice>
