﻿<?xml version="1.0" encoding="UTF-8"?>
<people>
    <supplier id="_1">
        <name>Bohuslav Koukal</name>
        <CIN>837833</CIN>
        <city>Praha</city>
        <city>Brno</city>
    </supplier>
    
    <purchaser id="_1">
        <name>H1.cz</name>
        <CIN>83353736</CIN>
        <city>Brno</city>
        <city>Liberec</city>
    </purchaser>
    
    <purchaser id="_2">
        <name>optimio.cz</name>
        <CIN>098265</CIN>
        <city>Praha</city>
    </purchaser>
    
    
</people>