<?xml version="1.0" encoding="UTF-8" ?>
<SportObchod>
	<Nakupy>
		<Nakup id="4">
			<Datum>21.2.2014</Datum>
			<Polozka link="t10001"></Polozka>
			<Polozka link="t50002"></Polozka>
		</Nakup>
		<Nakup id="5">
			<Datum>21.2.2014</Datum>
			<Polozka link="t30001"></Polozka>
			<Polozka link="t30002"></Polozka>
			<Polozka link="t40001"></Polozka>
			<Polozka link="t50002"></Polozka>
			<Polozka link="t50001"></Polozka>
			<Polozka link="t70001"></Polozka>
		</Nakup>
		<Nakup id="6">
			<Datum>21.2.2014</Datum>
			<Polozka link="t50002"></Polozka>
		</Nakup>
	</Nakupy>
</SportObchod>