<SportObchod>
	
	
<Zbozi>
		<Obleceni>
			<Tricka>

				<Detske>
					<Tricko znacka="reebok" velikost="M" barva="zluta" productNum="k90004" cena="290" >3</Tricko>
					<Tricko znacka="reebok" velikost="XS" barva="modra" productNum="k90005" cena="690" >0</Tricko>
					<Tricko znacka="umbro" velikost="L" barva="modra" productNum="k90006" cena="390" >10</Tricko>
					<Tricko znacka="umbro" velikost="S" barva="cervena" productNum="k10007" cena="190" >5</Tricko>
				</Detske>
			</Tricka>
			</Obleceni>
			
	
</SportObchod>