<?xml version="1.0" encoding="UTF-8"?>
	<LeagueOfLegends>
		<!-- Plan to the future - add health, base attack damage and armor of each champion -->
		<Champions>
			<Champion>
				<ChampionName>Aatrox</ChampionName>
				<ChampionDescription>the Darkin Blade</ChampionDescription>
				<ChampionAbilities>
					<Ability Order="passive">
						<AbilityName>Blood Well</AbilityName>
						<AbilityDescription>Aatrox passively increases his attack speed by 1.1% for every 2% in the Blood Well Upon taking fatal damage, Blood Well activates and places Aatrox in stasis for up to 3 seconds. Over the stasis duration the Blood Well is emptied and Aatrox restores health equal to its contents plus 10.5 + (15.75 × level). Aatrox can cancel the stasis early after 1 second by moving, but this also ends the health regeneration.
						</AbilityDescription>
						<AbilitySpecification>	
							<Type>Passive</Type>
							<Cooldown Varying="no">225</Cooldown>								
						</AbilitySpecification>						
					</Ability>
					<Ability Order="1">
						<AbilityName>Dark Flight</AbilityName>
						<AbilityDescription>Aatrox takes flight and slams down at a targeted area, dealing physical damage to nearby enemies upon landing. Enemies in the center of the area are also knocked up for 1 second.
						</AbilityDescription>
						<AbilitySpecification>
							<Type>Active</Type>
							<Cooldown>12</Cooldown>
							<Range>650</Range>
							<Cost>10% CURRENT HEALTH</Cost>
						</AbilitySpecification>												
					</Ability>
					<Ability Order="2">
						<AbilityName>Blood Thirst</AbilityName>
						<AbilityDescription>Aatrox heals himself on every third attack. If Aatrox is below 50% health he will heal for three times as much.</AbilityDescription>
						<AbilitySpecification>
							<Type>Toggle</Type>
							<Cooldown>0.5</Cooldown>							
						</AbilitySpecification>
					</Ability>
					<Ability Order="3">
						<AbilityName>Blades of Torment</AbilityName>
						<AbilityDescription>Aatrox unleashes and sends forward the power of his blade, dealing magic damage to enemies in a line and slowing them by 40% for a few seconds.</AbilityDescription>
						<AbilitySpecification>
							<Type>Active</Type>
							<Cooldown>8</Cooldown>
							<Cost>5% CURRENT HEALTH</Cost>
						</AbilitySpecification>
					</Ability>
					<Ability Order="4">
						<AbilityName>Massacre</AbilityName>
						<AbilityDescription>Aatrox draws in the blood of his foes, dealing magic damage to nearby enemy champions. For the next 12 seconds, Aatrox gains bonus attack speed and 175 bonus attack range (325 total range). His 
							attacks are still considered melee.
						</AbilityDescription>
						<AbilitySpecification>
							<Type>Active</Type>
							<Cooldown>70</Cooldown>
						</AbilitySpecification>
					</Ability>
				</ChampionAbilities>		
			</Champion>
			<Champion>
				<ChampionName>Anivia</ChampionName>
				<ChampionDescription>The Cryophoenix</ChampionDescription>
				<ChampionAbilities>
					<Ability Order="passive">
						<AbilityName>Rebirth</AbilityName>
						<AbilityDescription>Upon taking lethal damage, Anivia will transform into an egg with 100% health. While in egg form, Anivia is unable to make any actions and her armor and magic resistance are modified by +20. If her egg survives for 6 seconds, Anivia is revived with the same percentage health that her egg had.
						</AbilityDescription>
						<AbilitySpecification>
							<Type>Passive</Type>
							<Cooldown>240</Cooldown>
						</AbilitySpecification>
					</Ability>
					<Ability Order="1">
						<AbilityName>Flash Frost</AbilityName>
						<AbilityDescription>Anivia unleashes an orb of ice that travels in a line, dealing magic damage to any enemy it passes through. At maximum range, Flash Frost will detonate automatically. SECOND CAST: Anivia detonates 	
							the orb, dealing magic damage and stunning enemies in a 75-radius area for 1 second. Enemies can be damaged by both parts of Flash Frost.
						</AbilityDescription>
						<AbilitySpecification>
							<Type>Active</Type>
							<Cooldown>8</Cooldown>
							<Range>1100</Range>
							<Cost>80 MANA</Cost>
						</AbilitySpecification>
					</Ability>
					<Ability Order="2">
						<AbilityName>Crystallize</AbilityName>
						<AbilityDescription>Anivia constructs an impassable wall of ice at the target location for 5 seconds, perpendicular to Anivia's facing. The wall grants sight in a large area around it.</AbilityDescription>
						<AbilitySpecification>
							<Type>Active</Type>
							<Cooldown>25</Cooldown>
							<Range>1000</Range>
							<Cost>70 MANA</Cost>
						</AbilitySpecification>
					</Ability>
					<Ability Order="3">
						<AbilityName>Frostbite</AbilityName>
						<AbilityDescription>Anivia fires a shard of ice to deal magic damage to a target enemy. Frostbite deals double damage to enemies that are Chilled.</AbilityDescription>
						<AbilitySpecification>
							<Type>Active</Type>
							<Cooldown>5</Cooldown>
							<Range>700</Range>
							<Cost>90 MANA</Cost>
						</AbilitySpecification>
					</Ability>
					<Ability Order="4">
						<AbilityName>Glacial Storm</AbilityName>
						<AbilityDescription>Anivia creates a blizzard in a target 400-radius area, that deals magic damage every second to enemies inside. Enemies damaged by Glacial Storm are Chilled for 1 second, slowing their movement speed 
							and attack speed by 20%. Anivia can re-activate Glacial Storm at any time to disable its effects, and it will deactivate automatically if she gets too far away. Additionally, Glacial Storm will be deactivated by all forms of 
							interrupting crowd control, excluding fear and taunt.
						</AbilityDescription>
						<AbilitySpecification>
							<Type>Active</Type>
							<Cooldown>6</Cooldown>
							<Range>615</Range>
							<Cost>75 MANA</Cost>
						</AbilitySpecification>
					</Ability>
				</ChampionAbilities>
			</Champion>
			<Champion>
				<ChampionName>Karthus</ChampionName>
				<ChampionDescription>the Deathsinger</ChampionDescription>
				<ChampionAbilities>
					<Ability Order="passive">
						<AbilityName>Death Defied</AbilityName>
						<AbilityDescription>Upon dying, Karthus enters a spirit form and becomes immobile and untargetable, allowing him to continue casting spells for 7 seconds. During this time, his abilities cost no mana.</AbilityDescription>
						<AbilitySpecification>
							<Type>Passive</Type>							
						</AbilitySpecification>
					</Ability>
					<Ability Order="1">
						<AbilityName>Lay Waste</AbilityName>
						<AbilityDescription>After a 0.5 second delay, Karthus creates an explosion at target 50-radius area. Enemies hit take magic damage, and this damage is doubled if Lay Waste only hits one unit.</AbilityDescription>
						<AbilitySpecification>
							<Type>Active</Type>
							<Cooldown>1</Cooldown>
							<Range>875</Range>
							<Cost>44 MANA</Cost>
						</AbilitySpecification>
					</Ability>
					<Ability Order="2">
						<AbilityName>Wall of Pain</AbilityName>
						<AbilityDescription>Karthus creates a wall of energy between 2 obelisks at target position for 5 seconds. Enemies who pass this wall have their movement speed reduced by a large amount and their magic resistance 
							reduced by 15% for 5 seconds.
						</AbilityDescription>
						<AbilitySpecification>
							<Type>Active</Type>
							<Cooldown Varying="yes">18</Cooldown>
							<Range>1000</Range>
							<Cost>100 MANA</Cost>
						</AbilitySpecification>
					</Ability>
					<Ability Order="3">
						<AbilityName>Defile</AbilityName>
						<AbilityDescription>Karthus surrounds himself with the souls of his victims, draining his mana to deal magic damage to enemies in range each second</AbilityDescription>
						<AbilitySpecification>
							<Type>Toggle</Type>
							<Range>425</Range>
							<Cost>78 MANA PER SECOND</Cost>
						</AbilitySpecification>
					</Ability>
					<Ability Order="4">
						<AbilityName>Requiem</AbilityName>
						<AbilityDescription>After channeling for 3 seconds, Karthus blasts all enemy champions regardless of their position on the map, dealing magic damage.</AbilityDescription>
						<AbilitySpecification>
							<Type>Active</Type>
							<Cooldown>160</Cooldown>
						</AbilitySpecification>
					</Ability>
				</ChampionAbilities>
			</Champion>
		</Champions>		
		<Items>
			<Regeneration>					
				<Item id="ic_2011" Name="Total Biscuit of Rejuvenation" Description="Restores 20 Health and 10 Mana on consumption, and 150 health over 15 seconds." />
				<Item id="ic_2004" Name="Mana Potion" Description="Restores 100 mana over 15 seconds" />
				<Item id="ic_2003" Name="Health Potion" Description="Restores 150 health over 15 seconds." />								
				<RegenerationDescription>Provides regeneration of champion's basic stats, like mana and health.</RegenerationDescription>				
			</Regeneration>
			<Potions>
				<Item id="ic_2039" Name="Elixir of Brilliance" Description="On use, grants 25–40 ability power, based on champion level, and 10% cooldown reduction for 3 minutes." />
				<Item id="ic_2037" Name="Elixir of Fortitude" Description="On use, grants 120–235 health, based on champion level and 15 attack damage for 3 minutes." />	
				<PotionsDescription>Potions provide temporary boost of certain champion statistics.</PotionsDescription>		
			</Potions>
			<Wards>
				<Item id="ic_2044"  Name="Stealth Ward" Description="Places an invisible ward with 1100 range. Lasts 3 minutes." />
				<Item id="ic_2043" Name="Vision Ward" Description="Places a visible ward with 1100 Vision Sight and 1000 range Magical Sight (can see invisible units). Has infinite duration." />
				<Item id="ic_2049" Name="Sightstone" Description="Consumes a charge to place a  Stealth Ward that reveals the surrounding area for 3 minutes. A player may only have 3 Stealth Wards on the map at one time." />	
				<WardsDescription>Wards generally provide vision in areas where activated.</WardsDescription>
			</Wards>
			<Trinkets>
				<Item id="ic_1001" Name="Greater Vision Totem" Description="Places a  Vision Ward that has infinite duration. (180 second cooldown). Limit 1 Vision Ward on the map per player." />
				<Item id="ic_1002" Name="Scrying Orb" Description="Reveals small location within 1500 / 2500 range for 1 second (120 second cooldown). Enemy champions hit will be revealed for 5 seconds. This does not affect stealth champions." />
				<TrinketsDescription>Trinkets serve as free wards with special effects.</TrinketsDescription>
			</Trinkets>
			<AttackDamage>
				<Item id="ic_3031" Name="Infinity Edge" Description="+70 attack damage +25% critical strike chance" />
				<AttackDamageDescription>Attack Damage items boost champion's AD making its basic attack more powerful.</AttackDamageDescription>
			</AttackDamage>
			<AttackSpeed>
				<Item id="ic_3101" Name="Stinger" Description="+40% attack speed" />
				<Item id="ic_3085" Name="Runaan's Hurricane" Description="+70% attack speed" />
				<AttackSpeedDescription>Attack Speed items reduce cooldown between basic attacks.</AttackSpeedDescription>
			</AttackSpeed>
			<AbilityPower>
				<Item id="ic_1026" Name="Blasting Wand" Description="+40 ability power" />
				<Item id="ic_3089" Name="Rabadon's Deathcap" Description="+120 ability power" />
				<Item id="ic_3116" Name="Rylai's Crystal Scepter" Description="Unique: Dealing spell damage slows the target's movement speed by 35% for 1.5 seconds (15% for multi-target and damage-over-time spells)." />				
				<AbilityPowerDescription>Ability Power items boost champion's AP making its spells more powerful.</AbilityPowerDescription>
			</AbilityPower>
			<CooldownReduction>
				<Item id="ic_3158" Name="Ionian Boots of Lucidity" Description="+15% cooldown reduction" />				
				<CooldownReductionDescription>These items reduce cooldown of all champion's abilities.</CooldownReductionDescription>
			</CooldownReduction>
			<ManaRegeneration>
				<Item id="ic_3003" Name="Archangel's Staff" Description="+250 mana +10 mana regen" />
				<ManaRegenerationDescription>Mana Regen items provide additional mana regeneration throughout the game.</ManaRegenerationDescription>
			</ManaRegeneration>
			<Armor>
				<Item id="ic_3075" Name="Thornmail" Description="On being hit by basic attacks, returns 30% of damage, before any reductions such as armor, as magic damage" />
				<Item id="ic_3143" Name="Randuin's Omen" Description="When hit by basic attacks, reduces the attacker's attack speed by 15% and movement speed by 10% for 1 second." />
				<Item id="ic_3110" Name="Frozen Heart" Description="+95 armor" />
				<ArmorItemDescription>Armor provides defense againts champions' basic attacks.</ArmorItemDescription>				
			</Armor>
			<MagicResistance>
				<Item id="ic_3102" Name="Banshee's Veil" Description="Grants a spell shield that blocks the next enemy ability. This shield refreshes after no damage is taken from enemy champions for 25 seconds." />
				<Item id="ic_3112" Name="Orb of Winter" Description="+70 magic resistance" />
				<MagicResistanceDescription>Magic Resist provides defense against champions' spells.</MagicResistanceDescription>
			</MagicResistance>
			<Health>
				<Item id="ic_3083" Name="Warmog's Armor" Description="You gain health regeneration equal to 1% of your maximum health." />
				<HealthDescription>Health items provide additional health for champions.</HealthDescription>
			</Health>
		</Items>		
		<Patches>											
			<Patch Date="April 25, 2009">
				<Change>
					<ItemChange id="ic_1001" Description="Cost increased to 250 from 200." />					
				</Change>
			</Patch>
			<Patch Date="May 15, 2009">
				<Change>
					<ItemChange id="ic_3031" Description="Fixed a bug where certain item effects would persist past selling the item." />
					<ItemChange id="ic_3075" Description="Temporarily removed." Reason="A problem with a bug." />				
				</Change>
			</Patch>
		</Patches>	
		<Script>
			function buttonAlert(message) {
				alert( message );
			}
		</Script>
	</LeagueOfLegends>