<?xml version="1.0" encoding="UTF-8"?>
<prodejna-potravin id="prodejna1">

	<prodejna>
		<ulice>
			<nazev-ulice>Vaclavske namesti</nazev-ulice>
			<cislo-orientaci>23</cislo-orientaci>
			<cislo-popisne>12</cislo-popisne>
		</ulice>
		<psc>18002</psc>
		<mesto>Praha</mesto>
		<stat>Czech Republic</stat>
		<nazev-prodejna>U zelene lisky</nazev-prodejna>
		<majitel>
			<jmeno>Karel</jmeno>
			<prijmeni>Vosovsky</prijmeni>
			<adresa-domu>
				<ulice>
					<nazev-ulice>U pruhonu</nazev-ulice>
					<cislo-orientaci>212</cislo-orientaci>
					<cislo-popisne>887</cislo-popisne>
				</ulice>
				<psc>35912</psc>
				<mesto>Brno</mesto>
				<stat>String</stat>
			</adresa-domu>
			<ico>159742314</ico>
			<vlastnicky-podil>2</vlastnicky-podil>
		</majitel>
	</prodejna>
	
	<!-- Pro zjednoduseni mam nekonecne sklady -->
	<potraviny>
		<zbozi zid="z1">
			<nazev>Coca cola</nazev>
			<cena>33</cena>
		</zbozi>
		<zbozi zid="z2">
			<nazev>Jablka golden</nazev>
			<cena>50</cena>
		</zbozi>
		<zbozi zid="z3">
			<nazev>Prazene, solene pistacie</nazev>
			<cena>50</cena>
		</zbozi>
		<zbozi zid="z4">
			<nazev>Vejce M 10ks </nazev>
			<cena>43</cena>
		</zbozi>
		<zbozi zid="z5">
			<nazev>Smetana na vareni</nazev>
			<cena>20</cena>
		</zbozi>
	</potraviny>
	
	
	<zakaznici>
		<zakaznik>
			<jmeno>Dominik Taborsky</jmeno>
			<kosik>
				<zbozi zrid="z1"/>
				<zbozi zrid="z2"/>
				<zbozi zrid="z3"/>
				<zbozi zrid="z5"/>
			</kosik>
		</zakaznik>
		<zakaznik>
			<jmeno>Manas Velky</jmeno>
			<kosik>
				<zbozi zrid="z4"/>
				<zbozi zrid="z1"/>
				<zbozi zrid="z2"/>
			</kosik>
		</zakaznik>
		
	</zakaznici>
	
</prodejna-potravin>
