<?xml version="1.0" encoding="UTF-8"?>
<departments>
	<department>
		<name>Manufacturing</name>
		<manager>
			<name>Peter Berg</name>
		</manager>
		<employee>
			<name>Martin Owen</name>
		</employee>
		<employee>
			<name>John Franklin</name>
		</employee>
		<subdepartments>
			<department>
				<name>Development</name>
			</department>
			<department>
				<name>Engineering</name>
				<employee>
					<name>Kate Stone</name>
				</employee>
				<employee>
					<name>John Franklin</name>
				</employee>
			</department>
		</subdepartments>
	</department>
	<department>
		<name>PR</name>
		<manager>
			<name>Lucy Sheeeeeeeeeen</name>
		</manager>
		<employee>
			<name>Caaaaaaaaaaaarl Banks</name>
		</employee>
		<employee>
			<name>Philiiiiiiiiiiiip Stein</name>
		</employee>
	</department>
</departments>
