<?xml version="1.0" encoding="UTF-8"?>
<!-- edited with XMLSpy v2011 sp1 (http://www.altova.com) by End User (free.org) -->
<employees>
	<employee>
		<firstName>John</firstName>
		<lastName>Smith</lastName>
		<email>smith@co.org</email>
		<salary>2000</salary>
		<worksIn>D1</worksIn>
	</employee>
	<employee>
		<firstName>Peter</firstName>
		<lastName>Brown</lastName>
		<email>brown@co.org</email>
		<salary>3000</salary>
		<worksIn>D2</worksIn>
	</employee>
	<employee>
		<firstName>Arthur</firstName>
		<lastName>Taylor</lastName>
		<email>taylor@co.org</email>
		<salary>2500</salary>
		<worksIn>D1.2</worksIn>
	</employee>
	<employee>
		<firstName>Martin</firstName>
		<lastName>Smith</lastName>
		<email>smith.m@co.org</email>
		<salary>2400</salary>
		<worksIn>D1.1</worksIn>
	</employee>
	<employee>
		<firstName>Billy</firstName>
		<lastName>Jackson</lastName>
		<email>jackson.b@co.org</email>
		<salary>3400</salary>
		<worksIn>D3.1</worksIn>
	</employee>
	<employee>
		<firstName>Peter</firstName>
		<lastName>Jones</lastName>
		<email>jones.p@co.org</email>
		<salary>3000</salary>
		<worksIn>D3.1</worksIn>
	</employee>
	<employee>
		<firstName>Norman</firstName>
		<lastName>Black</lastName>
		<email>black.n@co.org</email>
		<salary>3000</salary>
		<worksIn>D3.2</worksIn>
	</employee>
</employees>
