<?xml version="1.0" encoding="UTF-8"?>
<seznam xmlns:xsi="http://www.w3.org/2001/XMLSchema-instance" xsi:noNamespaceSchemaLocation="data.xsd">
	<objednavka oid="34">
		<zakaznik>
			<jmeno>František</jmeno>
			<prijmeni>Rozšlápmáslo</prijmeni>
			<telefon>+420773873973</telefon>
			<vyska>182cm</vyska>
			<hmotnost>85kg</hmotnost>
			<adresa>
				<ulice>
					<nazev>Kolemjdoucího</nazev>
					<cp>47</cp>
				</ulice>
				<obec>Vidlákov</obec>
				<psc>87413</psc>
			</adresa>
			<prukaz typ="OP">180924658</prukaz>	
		</zakaznik>
		<lyze lid="l18304">
			<typ>classic</typ>
			<nazev>Speedster</nazev>
			<znacka>head</znacka>
			<velikost>160cm</velikost>
			<vazani>SX-20</vazani>		
			<barva>černá</barva>
			<cena>1200</cena>
		</lyze>
		<hulky hid="h2730">
			<nazev>Ghost</nazev>
			<znacka>Blizzard</znacka>
			<velikost>120cm</velikost>
			<barva>černá</barva>
			<cena>300</cena>		
		</hulky>
		<boty bid="b6234">			
			<nazev>Jumper</nazev>
			<znacka>Head</znacka>
			<velikost>48</velikost>
			<barva>černá</barva>
			<cena>800</cena>		
		</boty>
		<datum typ="začátek">12.2.2011</datum>
		<datum typ="konec">19.2.2001</datum>		
		<vernostni_program />
		<last_minute />		
		<!-- Poznámky -->
		<poznamka typ="závada">
			Boty <refboty refbid="b6234" /> mají okopanou špičku. <![CDATA[poznámečka]]>
		</poznamka>		
	</objednavka>
	<objednavka oid="35">
		<zakaznik>
			<jmeno>Jiří</jmeno>
			<prijmeni>Nevytasil</prijmeni>
			<telefon>+420773172947</telefon>
			<vyska>171cm</vyska>
			<hmotnost>74kg</hmotnost>
			<adresa>
				<ulice>
					<nazev>U Františka</nazev>
					<cp>26</cp>
				</ulice>
				<obec>Nohelnice</obec>
				<psc>73947</psc>
			</adresa>
			<prukaz typ="OP">839485028</prukaz>	
		</zakaznik>
		<lyze lid="l1635">
			<typ>carving</typ>
			<nazev>Speedster</nazev>
			<znacka>Head</znacka>
			<velikost>150cm</velikost>
			<vazani>CX-25</vazani>		
			<barva>červená</barva>
			<cena>1400</cena>
		</lyze>
		<hulky hid="h2734">
			<nazev>Night-rider</nazev>
			<znacka>Blizzard</znacka>
			<velikost>105cm</velikost>
			<barva>černá</barva>
			<cena>500</cena>		
		</hulky>
		<boty bid="b6243">			
			<nazev>Jumper</nazev>
			<znacka>Head</znacka>
			<velikost>43</velikost>
			<barva>černá-červená</barva>
			<cena>1000</cena>		
		</boty>
		<datum typ="začátek">19.2.2011</datum>
		<datum typ="konec">5.3.2001</datum>
		<!-- Poznámky -->		
	</objednavka>			
</seznam>