<?xml version="1.0" encoding="UTF-8"?>
<!DOCTYPE knihovna SYSTEM "data.dtd">
<knihovna xmlns:xsi="http://www.w3.org/2001/XMLSchema-instance" xsi:noNamespaceSchemaLocation="data.xsd">
	<!-- Následuje výpis všech zákazníků -->
	<zakaznici>
		<zakaznik zakaznik_id="1">
			<jmeno>Petr</jmeno>
			<jmeno>MIlan</jmeno>
			<prijmeni>Hejhal</prijmeni>
			<kontakt>
				<telefon op="O2">721771459</telefon>
				<email>petr.hejhal@centrum.cz</email>
			</kontakt>
			<adresa>
				<ulice>Pařížská 19</ulice>
				<mesto>Praha 1</mesto>
				<stat>KLDR</stat>
				<PSČ>11000</PSČ>
			</adresa>
		</zakaznik>
		<vip_zakaznik zakaznik_id="2">
			<jmeno>Jaroslav</jmeno>
			<prijmeni>Medek</prijmeni>
			<kontakt>
				<telefon>111164545</telefon>
				<email>petr.hejhal@centrum.cz</email>
			</kontakt>
			<adresa>
				<ulice>Na hnojisti 4</ulice>
				<mesto>Beroun</mesto>
				<stat>Česká republika</stat>
				<PSČ>16400</PSČ>
			</adresa>
			<sleva>50%</sleva>
		</vip_zakaznik>
		<zakaznik zakaznik_id="3">
			<jmeno>Radek</jmeno>
			<prijmeni>Jezdik</prijmeni>
			<kontakt>
				<telefon op="O2">56486441</telefon>
				<email><![CDATA[<b>zrzek@blogisek.com</b>]]></email>
			</kontakt>
			<adresa>
				<ulice>Pražského povstání 44</ulice>
				<mesto>Praha 3</mesto>
				<stat>Česká republika</stat>
				<PSČ>13000</PSČ>
			</adresa>
		</zakaznik>
		
		
	</zakaznici>
	<!-- Následuje výčet knih -->
	<knihy>
		<kniha umisteni="A">
			<ISBN>**978-80-7300-229-9**</ISBN>
			<název>Mikeš</název>
			<podtitul>Kocour v botách</podtitul>
			<země_původu>CZ</země_původu>
			<počet_stran>122</počet_stran>
			<coop authors="1 2 3"/>
			<rok_vydání>1950</rok_vydání>
			<žánry>
				<žánr>Pohádka</žánr>
			</žánry>
			<titulni_strana cesta="3_Mikes"/>
			<popis>tato kniha je &vip;</popis>
		</kniha>
		<kniha>
			<ISBN>**944-6-7440-11-2**</ISBN>
			<název>Heureka</název>
			<podtitul>BUBABO</podtitul>
			<země_původu>CZ</země_původu>
			<počet_stran>10</počet_stran>
			<coop authors="1 3"/>
			<rok_vydání>2012</rok_vydání>
			<žánry>
				<žánr>Blbost</žánr>
			</žánry>
			<titulni_strana cesta="3_Mikes"/>
			<popis>tato kniha je &vip;</popis>
		</kniha>
		<kniha umisteni="B">
			<ISBN>**118-80-7400-114-9**</ISBN>
			<název>Lotrando a Zubejda</název>
			<podtitul>Loupežnická pohádka</podtitul>
			<země_původu>SK</země_původu>
			<počet_stran>184</počet_stran>
			<coop authors="1 2 3"/>
			<rok_vydání>1850</rok_vydání>
			<žánry>
				<žánr>Pohádka</žánr>
				<žánr>Komedie</žánr>
			</žánry>
			<titulni_strana cesta="2_Lotrandoazubejda"/>
			<popis>Nejaka pohadka v niz hraji postavy <?php echo $postavy; ?>
			</popis>
		</kniha>
	</knihy>
	<!-- Oddeleni kde mohou byt knihy ulozeny oznacene jednoznacnym kodem a nazvem -->
	<oddeleni nazev="Sekce A" kod="A"/>
	<oddeleni nazev="Sekce B" kod="B"/>
	<oddeleni nazev="Sekce C" kod="C"/>
	<autori>
		<autor autor_id="1">
			<jmeno>Jan</jmeno>
			<prijmeni>Smutný</prijmeni>
			<národnost>CZ</národnost>
		</autor>
		<autor autor_id="2">
			<jmeno>John</jmeno>
			<prijmeni>Eufker</prijmeni>
			<národnost>GB</národnost>
		</autor>
	</autori>
	<!-- Záznamy vyjpůček -->
	<vypujcky>
		<pujcka>
			<vypujcitel id="1"/>
			<ISBN_knihy>**978-80-7300-229-9**</ISBN_knihy>
			<datum>
				<od>2012-05-05</od>
				<do>2015-06-06</do>
			</datum>
			<vráceno>
				<stav bool="NE"/>
			</vráceno>
			<pokuta>0</pokuta>
		</pujcka>
		<pujcka>
			<vypujcitel id="1"/>
			<ISBN_knihy>**918-80-7220-229-9**</ISBN_knihy>
			<datum>
				<od>2012-05-05</od>
				<do>2015-06-06</do>
			</datum>
			<vráceno>
				<stav bool="ANO"/>
			</vráceno>
			<pokuta>50</pokuta>
		</pujcka>
		<pujcka>
			<vypujcitel id="3"/>
			<ISBN_knihy>**918-80-7220-229-9**</ISBN_knihy>
			<datum>
				<od>2012-05-05</od>
				<do>2015-06-06</do>
			</datum>
			<vráceno>
				<stav bool="ANO"/>
			</vráceno>
			<pokuta>50</pokuta>
		</pujcka>
	</vypujcky>
</knihovna>
