<?xml version="1.0" encoding="UTF-8"?>
<musicians>
	<musician musicianID="petrucci">
		<name>John</name>
		<surname>Petrucci</surname>
		<age>46</age>
	</musician>
	<musician musicianID="portnoy">
		<name>Mike</name>
		<surname>Portnoy</surname>
		<age>47</age>
	</musician>
	<musician musicianID="labrie">
		<name>James</name>
		<surname>LaBrie</surname>
		<age>51</age>
	</musician>
	<musician musicianID="rudess">
		<name>Jordan</name>
		<surname>Rudess</surname>
		<age>57</age>
	</musician>
	<musician musicianID="myung">
		<surname>Myung</surname>
		<name>John</name>
		<age>47</age>
	</musician>
</musicians>
