<?xml version="1.0" encoding="UTF-8" standalone="no"?><project main="org.bizis.Main.main" name="bizis">
	<description>
		<![CDATA[
			Informacni system se sklada z modulu main, report, tax, dph, vies, dan_fyzicke, dan_pravnicke, dan_fyzicke, dan_pravnicke, hlaseni_duchpoj, vyuctovani_duchpoj, dan_zavisla, zadost_35d9, zadost_35d5, vyuctovani_srazka, dan_silnicni, dan_nemovita, acc, employees, contract a warehouse a XML parseru do toho nic neni.
		]]><!--Jiny duvod nez dostani formalnim pozadavkum za sekci CDATA hledat netreba-->
	</description>

	<modules>
		
		
		
		<module id="m_dphdp3" name="dph" status="new" version="0.00.000">
			<resources>
				<source>src/modules/report/tax/dphdp3/</source>
			</resources>
			<metainfo>
				<description>Dan z pridane hodnoty</description>
				<ticket uri="https://zilla:8080/module/tax"/>
				<wiki uri="http://wiki/report/dph"/>
				<developers>
					<administrator>Karel Svoboda</administrator>
					<developer>Frantisek Pospisil</developer>
					<tester>Jiri Cerny</tester>
					<tester>Jana Dvorakova</tester>
				</developers>
				<tags>
					<tag>dane</tag><tag>vystup</tag>
				</tags>
			</metainfo>
		</module>
		<module id="m_dphshv" name="vies" status="new" version="0.00.001">
			<resources>
				<source>src/modules/report/tax/dphshv/</source>
			</resources>
			<metainfo>
				<description>Hlaseni VIES</description>
				<ticket uri="https://zilla:8080/module/tax"/>
				<wiki uri="http://wiki/report/vies"/>
				<developers>
					<administrator>Karel Svoboda</administrator>
					<developer>Frantisek Pospisil</developer>
					<tester>Jiri Cerny</tester>
					<tester>Jana Dvorakova</tester>
				</developers>
				<tags>
					<tag>dane</tag><tag>vystup</tag>
				</tags>
			</metainfo>
		</module>
		<module id="m_dpfdp5" name="dan_fyzicke" status="new" version="0.00.000"/>
		<module id="m_dppdp7" name="dan_pravnicke" status="new" version="0.00.000"/>
		<module id="m_pdshl1" name="hlaseni_duchpoj" status="new" version="0.00.000"/>
		<module id="m_pdsvd1" name="vyuctovani_duchpoj" status="new" version="0.00.000"/>
		<module id="m_dpzvd6" name="dan_zavisla" status="new" version="0.00.000"/>
		<module id="m_dpzdb1" name="zadost_35d9" status="new" version="0.00.000"/>
		<module id="m_dpzmb1" name="zadost_35d5" status="new" version="0.00.000"/>
		<module id="m_dpsvd2" name="vyuctovani_srazka" status="new" version="0.00.000"/>
		<module id="m_dsldp1" name="dan_silnicni" status="new" version="0.00.000"/>
		<module id="m_dnedp4" name="dan_nemovita" status="new" version="0.00.000"/>
		<module id="m_acc0" name="acc" status="new" version="0.00.000">
			<suggestions>
				<suggestion module="m_contract0"/>
				<suggestion module="m_warehouse0"/>
			</suggestions>
			<resources>
				<source>src/modules/acc/</source>
				<doc>doc/org/bizis/acc/</doc>
			</resources>
			<metainfo>
				<description>Ucetnictvi</description>
				<ticket uri="https://zilla:8080/module/acc"/>
				<conference uri="xmpp://acc@jabber"/>
				<wiki uri="http://wiki/acc"/>
				<developers>
					<administrator>Jan Novak</administrator>
					<developer>Marek Novotny</developer>
					<developer>Jaroslav Kucera</developer>
					<tester>Jiri Cerny</tester>
					<tester>Radek Prochazka</tester>
					<tester>Stanislav Hajek</tester>
				</developers>
				<tags>
					<tag>data</tag><tag>dane</tag><tag>vystup</tag>
				</tags>
			</metainfo>
		</module>
		<module id="m_employees0" name="employees" status="unstable" version="0.00.000">
			<resources>
				<source>src/modules/employees/</source>
				<doc>doc/org/bizis/employees/</doc>
			</resources>
			<metainfo>
				<description>Zamestnanci</description>
				<ticket uri="https://zilla:8080/module/employ"/>
				<conference uri="xmpp://emloy@jabber"/>
				<wiki uri="http://wiki/employ"/>
				<developers>
					<administrator>Jan Novak</administrator>
					<developer>Vaclav Fiala</developer>
					<tester>Radim Dolezal</tester>
				</developers>
				<tags><tag>zamestnanci</tag></tags>
			</metainfo>
		</module>
		<module id="m_contract0" name="contract" status="testing" version="0.01.023">
			<resources>
				<source>src/modules/contract/</source>
				<build>bin/modules/contract.jar</build>
			</resources>
			<metainfo>
				<description>Smlouvy</description>
				<ticket uri="https://zilla:8080/module/contract"/>
				<conference uri="xmpp://contract@jabber"/>
				<wiki uri="http://wiki/contract"/>
				<developers>
					<administrator>Jan Novak</administrator>
					<developer>Jakub Sedlacek</developer>	
				</developers>
				<tags>
					<tag>smlouvy</tag><tag module="m_acc0">ucetnictvi</tag>
				</tags>
			</metainfo>
		</module>
		<module id="m_warehouse0" name="warehouse" status="new" version="0.00.000">
			<metainfo>
				<description>Sklad</description>
				<ticket uri="https://zilla:8080/module/warehouse"/>
				<conference uri="xmpp://warehouse@jabber"/>
				<wiki uri="http://wiki/warehouse"/>
				<developers>
					<administrator>Jan Novak</administrator>
					<developer>Anna Nemcova</developer>
				</developers>
				<tags><tag>sklad</tag><tag module="m_acc0">ucetnictvi</tag></tags>
			</metainfo>
		</module>
	<module id="m_critical0" name="critical" status="new" version="0.00.000"><dependencies><dependency module="m_dphdp3"/><dependency module="m_dphshv"/><dependency module="m_dpfdp5"/><dependency module="m_dppdp7"/><dependency module="m_pdshl1"/><dependency module="m_pdsvd1"/><dependency module="m_dpzvd6"/><dependency module="m_dpzdb1"/><dependency module="m_dpzmb1"/><dependency module="m_dpsvd2"/><dependency module="m_dsldp1"/><dependency module="m_dnedp4"/><dependency module="m_acc0"/><dependency module="m_employees0"/><dependency module="m_contract0"/><dependency module="m_warehouse0"/></dependencies></module></modules>
</project>