<?xml version="1.0" encoding="UTF-8"?>

<!DOCTYPE eshop-export SYSTEM "eshop.dtd">

<eshop-export datum="2011-03-27">
    <eshop><!-- kontaktní údaje eshopu se nevztahují k datu exportu -->
        <název><?php echo $název; ?></název>
        <majitel>
            <jméno><?php echo $majitel['jméno']; ?></jméno>
            <firma>
                <název><?php echo $majitel['firma']; ?></název>
                <ič><?php echo $majitel['ic']; ?></ič>
                <dič><?php echo $majitel['dic']; ?></dič>
            </firma>
            <adresa>
                <ulice><?php echo $majitel['ulice']; ?></ulice>
                <PSČ><?php echo $majitel['psc']; ?></PSČ>
                <město><?php echo $majitel['město']; ?></město>
            </adresa>
            <spojení>
                <tel><?php echo $majitel['tel']; ?></tel>
                <email><?php echo $majitel['email']; ?></email>
            </spojení>
        </majitel>
        <web><?php echo $kontact['web']; ?></web>
    </eshop>

    <produkty>
        <produkt id="pásek1">
            <název>Kožený pásek s kovovou přeskou</název>
            <cena>320 Kč</cena>
        </produkt>
        <produkt id="triko1">
            <název>Modré tričko s nápisem</název>
            <varianty>
                <varianta id="triko1-S">
                    <název>Velikost S</název>
                    <cena>150 Kč</cena>
                </varianta>
                <varianta id="triko1-M">
                    <název>Velikost M</název>
                    <cena>160 Kč</cena>
                    <popis>
                        <![CDATA[
                            <p>K dispozici i v <b>zelené</b> barvě.</p>
                            <p>V případě zájmu, napište do poznámky u objednávky.</p>
                        ]]>
                    </popis>
                </varianta>
                <varianta id="triko1-L">
                    <název>Velikost L</název>
                    <cena>170 Kč</cena>
                </varianta>
            </varianty>
            <popis>
                <![CDATA[
                    <p>
                        Krásné bavlněné tričko s nápisem. K dostání ve třech velikostech
                        <ul>
                            <li>S</li>
                            <li>M</li>
                            <li>L</li>
                        </ul>
                    </p>
                ]]>
            </popis>
        </produkt>
        <produkt id="bunda1">
            <název>Zimní bunda</název>
            <varianty>
                <varianta id="bunda1-klasik">
                    <název>Klasická varianta</název>
                    <cena>3500 Kč</cena>
                </varianta>
                <varianta id="bunda1-odepínací">
                    <název>Varianta s odepínacím vnitřkem</název>
                    <cena>3950 Kč</cena>
                    <popis>
                        <![CDATA[
                            <p>Lze odepnout vnitřní vrstvu a použít ji jako hřejiou vestu.
                            Vnejší vrstvu lze použít jako větrovku</p>
                        ]]>
                    </popis>
                </varianta>
            </varianty>
            <popis>
                <![CDATA[
                    <p>Kvalitní zimní bunda se <b>speciální hřejivou vrstvou</b>. <b>Nepromokavý povrh</b> zajístí, že budete stále v suchu.
                    Vhodná jak pro <b>zimní turistiku, lyžování</b> tak i do <b>doštivého počasí</b> na podzim.</p>
                ]]>
            </popis>
        </produkt>
        <produkt id="bota1">
            <název>Kožené letní body</název>
            <varianty>
                <varianta id="bota1-38" dostupnost="nedostupný">
                    <název>Velikost 38</název>
                    <cena>2800 Kč</cena>
                    <popis>Bohužel velikost 38 je již vyprodána</popis>
                </varianta>
                <varianta id="bota1-39">
                    <název>Velikost 39</název>
                    <cena>2800 Kč</cena>
                </varianta>
                <varianta id="bota1-40">
                    <název>Velikost 40</název>
                    <cena>2800 Kč</cena>
                </varianta>
                <varianta id="bota1-41">
                    <název>Velikost 41</název>
                    <cena>2800 Kč</cena>
                </varianta>
                <varianta id="bota1-42" dostupnost="nedostupný">
                    <název>Velikost 42</název>
                    <cena>2800 Kč</cena>
                    <popis>Bohužel velikost 42 je již vyprodána</popis>
                </varianta>
                <varianta id="bota1-43">
                    <název>Velikost 43</název>
                    <cena>2800 Kč</cena>
                </varianta>
                <varianta id="bota1-44">
                    <název>Velikost 44</název>
                    <cena>2800 Kč</cena>
                </varianta>
                <varianta id="bota1-45">
                    <název>Velikost 45</název>
                    <cena>2800 Kč</cena>
                </varianta>
                <varianta id="bota1-46">
                    <název>Velikost 46</název>
                    <cena>2800 Kč</cena>
                </varianta>
                <varianta id="bota1-47">
                    <název>Velikost 47</název>
                    <cena>2800 Kč</cena>
                </varianta>
                <varianta id="bota1-48">
                    <název>Velikost 48</název>
                    <cena>2800 Kč</cena>
                </varianta>
                <varianta id="bota1-48-5">
                    <název>Velikost 48,5</název>
                    <cena>2800 Kč</cena>
                </varianta>
                <varianta id="bota1-49">
                    <název>Velikost 49</název>
                    <cena>2800 Kč</cena>
                </varianta>
            </varianty>
            <popis>
                <![CDATA[
                    <p>Letní boty vyrobené z <b>kvalitní kůže</b> vhodné pro každou příležitost.</p>
                ]]>
            </popis>
        </produkt>
    </produkty>

    <zákazníci>
        <zákazník id="zákazník1">
            <jméno>Jan Novák</jméno>
            <adresa>
                <ulice>Městečko u Zapadákova 23</ulice>
                <PSČ>89856</PSČ>
                <město>Zapadákov</město>
            </adresa>
            <spojení>
                <tel>723798456</tel>
            </spojení>
        </zákazník>
        <zákazník id="zákazník2">
            <jméno>Pavel Trámek</jméno>
            <firma>
                <název>Pavel Trámek</název>
                <ič>5498451465</ič>
            </firma>
            <adresa>
                <ulice>Našich hrdinů 5</ulice>
                <PSČ>84653</PSČ>
                <město>Ostrava</město>
            </adresa>
            <spojení>
                <email>tramek.p@seznam.cz</email>
            </spojení>
        </zákazník>
        <zákazník id="zákazník3">
            <firma>
                <název>BOTA s.r.o.</název>
                <ič>123456789</ič>
                <dič>CZ8465231</dič>
            </firma>
            <adresa>
                <ulice>K Obuvníkům 1</ulice>
                <PSČ>45193</PSČ>
                <město>Kladno</město>
            </adresa>
            <spojení>
                <tel>+420 754953789</tel>
                <email>info@bota.cz</email>
            </spojení>
        </zákazník>
    </zákazníci>

    <objednávky>
        <objednávka id="objednávka1" datum="2011-02-18" zákazník="zákazník1">
            <položka produkt="pásek1" množství="1" />
            <položka produkt="triko1" množství="1" varianta="triko1-M" />
            <položka produkt="triko1" množství="1" varianta="triko1-L" />
            <poznámka>Prosím <ref id="triko1-M">tričko</ref> v zelené barvě</poznámka>
        </objednávka>
        <objednávka id="objednávka2" datum="2011-03-09" zákazník="zákazník2">
            <položka produkt="triko1" množství="3" varianta="triko1-S" />
            <položka produkt="bunda1" množství="1" varianta="bunda1-odepínací" />
        </objednávka>
        <objednávka id="objednávka3" datum="2011-03-25" zákazník="zákazník3">
            <položka produkt="bota1" množství="50" varianta="bota1-39" />
            <položka produkt="bota1" množství="50" varianta="bota1-40" />
            <položka produkt="bota1" množství="50" varianta="bota1-41" />
            <položka produkt="bota1" množství="50" varianta="bota1-43" />
            <položka produkt="bota1" množství="50" varianta="bota1-44" />
            <položka produkt="bota1" množství="50" varianta="bota1-45" />
            <položka produkt="bota1" množství="50" varianta="bota1-46" />
            <položka produkt="bota1" množství="50" varianta="bota1-47" />
            <položka produkt="bota1" množství="50" varianta="bota1-48" />
            <položka produkt="bota1" množství="50" varianta="bota1-48-5" />
            <položka produkt="bota1" množství="50" varianta="bota1-49" />
            <poznámka>Prosím, je možné doobjednat velikosti 38 a 42, případně kdy budou k dispozici? Děkuji</poznámka>
        </objednávka>
    </objednávky>
</eshop-export>
