<?xml version="1.0" encoding="UTF-8"?>
	
<!DOCTYPE legie SYSTEM "data.dtd">

<!-- XML II. legie -->
<legie cislo="II" nazev="Augusta" provincie="Britanie">
	<?c while(true)printf("Roma Victor");?>
	<historie>
		Historie:<podtrzene> &legieII; </podtrzene> se ucastnila <br/> 
		dobivani <tucne>Britanie</tucne> pod vedenim <br/>
		<podtrzene>Tita Flavia Vespasiana</podtrzene>.
	</historie>
	
	<hodnost id="h0"><![CDATA[<b>cisar</b>]]></hodnost>
	<hodnost id="h1">legat</hodnost>
	<hodnost id="h2">tribun</hodnost>
	<hodnost id="h3">centurion</hodnost>
	<hodnost id="h4">legionar</hodnost>
	<hodnost id="h5">nosic standarty</hodnost>
	<hodnost id="h6">prvni tribun</hodnost>
	<hodnost id="h7">optio</hodnost>
	<hodnost id="h8">prefekt tábora</hodnost>
	<hodnost id="h9">nosic orla</hodnost>
	
	<kohorta cislo="I">
		<centurie cislo="I">
			<vojak narodnost="rimska" hodnost="h1" stav="jezdec">
				<jmeno> <!-- legat II. legie pozdeji cisar -->
					<praenomen>Titus</praenomen>
					<nomen>Flavius</nomen>
					<cognomen>Vespasianus</cognomen>
				</jmeno>
			</vojak>
			
			<vojak narodnost="rimska" hodnost="h6" stav="senator">
				<jmeno> <!-- dusledny obrance republiky -->
					<praenomen>Marcus</praenomen>
					<nomen>Porcius</nomen>
					<cognomen>Cato</cognomen>
				</jmeno>
			</vojak>
			
			<vojak narodnost="rimska" hodnost="h2" stav="senator">
				<jmeno> <!-- nejvetsi obrance republiky -->
					<praenomen>Marcus</praenomen>
					<nomen>Iunius</nomen>
					<cognomen>Brutus</cognomen>
				</jmeno>
			</vojak>
			
			<vojak narodnost="rimska" hodnost="h3">
				<jmeno> <!-- nejlepsi vychodo-rimsky general -->
					<praenomen>Flavius</praenomen>
					<nomen>Belisarius</nomen>
				</jmeno>
			</vojak>
			
			<vojak narodnost="helenska" hodnost="h4">
				<jmeno> <!-- antensky strategos -->
					<praenomen>Nikias</praenomen>
					<nomen>syn Nikeratuv</nomen>
				</jmeno>
			</vojak>
			<vojak narodnost="rimska" hodnost="h7">
				<jmeno> 
					<praenomen>Marcus</praenomen>
					<nomen>Flavius</nomen>
					<cognomen>Aquila</cognomen>
				</jmeno>
			</vojak>
		</centurie>
	</kohorta>
</legie>