<?xml version="1.0" encoding="UTF-8"?>
<!-- databaze knih v domácí knihovně a přehled, které jsou půjčené kamarádům-->
<knihovnicka xmlns:xs="http://www.w3.org/2001/XMLSchema-instance" xs:noNamespaceSchemaLocation="data.xsd">
	<status>Stav k <?php echo Date("d.m.Y")?>
	</status>
	<SeznamKnih>
		<kniha id="k001" state="doma">
			<autor>
				<jmeno>David</jmeno>
				<prijmeni>Weber</prijmeni>
			</autor>
			<nazev>Krátká vítězná válka</nazev>
		</kniha>
		<kniha id="k002" state="doma">
			<autor>
				<jmeno>Terry</jmeno>
				<prijmeni>Pratchett</prijmeni>
			</autor>
			<nazev>Zimoděj</nazev>
		</kniha>
		<kniha id="k003" state="pujcenoKomu">
			<autor>
				<jmeno>Lois</jmeno>
				<prijmeni>McMaster Bujold</prijmeni>
			</autor>
			<nazev>Kryokomby</nazev>
			<jazyk>cz</jazyk>
		</kniha>
		<kniha id="k004" state="pujcenoKomu">
			<autor>
				<jmeno>Terry</jmeno>
				<prijmeni>Pratchett</prijmeni>
			</autor>
			<nazev>Pravda</nazev>
		</kniha>
		<kniha id="k005" state="doma">
			<autor>
				<jmeno>Terry</jmeno>
				<prijmeni>Pratchett</prijmeni>
			</autor>
			<nazev>Otec Prasátek</nazev>
		</kniha>
		<kniha id="k006" state="doma">
			<autor>
				<jmeno>Lois</jmeno>
				<prijmeni>McMaster Bujold</prijmeni>
			</autor>
			<nazev>Vorova hra</nazev>
			<jazyk>cz</jazyk>
		</kniha>
		<kniha id="k007" state="doma">
			<autor>
				<jmeno>Lois</jmeno>
				<prijmeni>McMaster Bujold</prijmeni>
			</autor>
			<nazev>Cetaganda</nazev>
			<jazyk>cz</jazyk>
		</kniha>
		<kniha id="k008" state="doma">
			<autor>
				<jmeno>Lois</jmeno>
				<prijmeni>McMaster Bujold</prijmeni>
			</autor>
			<nazev>Paměť</nazev>
			<jazyk>cz</jazyk>
		</kniha>
		<kniha id="k009" state="pujcenoOd">
			<autor>
				<jmeno>Jiří</jmeno>
				<prijmeni>Pavlovský</prijmeni>
			</autor>
			<nazev>Magie pro každého</nazev>
			<jazyk>cz</jazyk>
		</kniha>
		<kniha id="k010" state="pujcenoOd">
			<autor>
				<jmeno>Jiří</jmeno>
				<prijmeni>Pavlovský</prijmeni>
			</autor>
			<nazev>Město mrtvých</nazev>
			<jazyk>cz</jazyk>
		</kniha>
		<kniha id="k011" state="doma">
			<autor>
				<jmeno>Sonia</jmeno>
				<prijmeni>Leong</prijmeni>
			</autor>
			<nazev><![CDATA[Romeo & Julie]]></nazev>
			<jazyk>cz</jazyk>
		</kniha>
		<kniha id="k012" state="doma">
			<autor>
				<jmeno>Terry</jmeno>
				<prijmeni>Pratchett</prijmeni>
			</autor>
			<nazev>Strata</nazev>
			<jazyk>en</jazyk>
		</kniha>
	</SeznamKnih>
	<SeznamVypujcek>
		<vypujcka rid="k003">Honza</vypujcka>
		<vypujcka rid="k004">Šelesta</vypujcka>
	</SeznamVypujcek>
</knihovnicka>
