<?xml version="1.0" encoding="utf-8"?>
<dráhy
	xmlns:xsi="http://www.w3.org/2001/XMLSchema-instance"
	xsi:noNamespaceSchemaLocation="data.xsd">

	<stanice>
		<nádraží nádraží_id="n1">
			<název>Praha - Smíchov</název>
			<nástupiště nástupiště_id="n1n1" délka="10" />
			<nástupiště nástupiště_id="n1n2" délka="10" />
			<nástupiště nástupiště_id="n1n3" délka="8" />
			<nástupiště nástupiště_id="n1n4" délka="8" />
		</nádraží>
		<nádraží nádraží_id="n2">
			<název>Wilsonovo - hlavní nádraží</název>
			<nástupiště nástupiště_id="n2n1" délka="9" />
			<nástupiště nástupiště_id="n2n2" délka="9" />
			<nástupiště nástupiště_id="n2n3" délka="9" />
			<nástupiště nástupiště_id="n2n4" délka="9" />
			<nástupiště nástupiště_id="n2n5" délka="9" />
			<nástupiště nástupiště_id="n2n6" délka="9" />
			<nástupiště nástupiště_id="n2n7" délka="9" />
		</nádraží>
		<nádraží nádraží_id="n3">
			<název>Beroun</název>
			<nástupiště nástupiště_id="n3n1" délka="8" />
			<nástupiště nástupiště_id="n3n2" délka="8" />
		</nádraží>
		<nádraží nádraží_id="n4">
			<název>Plzeň hlavní nádraží</název>
			<nástupiště nástupiště_id="n4n1" délka="10" />
			<nástupiště nástupiště_id="n4n2" délka="10" />
			<nástupiště nástupiště_id="n4n3" délka="10" />
			<nástupiště nástupiště_id="n4n4" délka="10" />
			<nástupiště nástupiště_id="n4n5" délka="10" />
			<nástupiště nástupiště_id="n4n6" délka="10" />
		</nádraží>
		<nádraží nádraží_id="n5">
			<název>Ostrava hlavní nádraží</název>
			<nástupiště nástupiště_id="n5n1" délka="10" />
			<nástupiště nástupiště_id="n5n2" délka="10" />
			<nástupiště nástupiště_id="n5n3" délka="10" />
			<nástupiště nástupiště_id="n5n4" délka="10" />
			<nástupiště nástupiště_id="n5n5" délka="5"/>
		</nádraží>
	</stanice>
	<vozy>
		<lokomotiva lokomotiva_id="l1" pohon="elektrický">
			<rychlost jednotka="km/h">120</rychlost>
			<hmotnost jednotka="t">84</hmotnost>
		</lokomotiva>
		<lokomotiva lokomotiva_id="l2" pohon="elektrický">
			<rychlost jednotka="km/h">140</rychlost>
			<hmotnost jednotka="t">155</hmotnost>
			<náklad kapacita="220" jednotka="osoby">cestující></náklad>
		</lokomotiva>
		<lokomotiva lokomotiva_id="l3" pohon="elektrický">
			<rychlost jednotka="km/h">230</rychlost>
			<hmotnost jednotka="t">385</hmotnost>
			<náklad kapacita="135" jednotka="osoby">cestující></náklad>
		</lokomotiva>
		<vagon vagon_id="v1">
			<rychlost jednotka="km/h">140</rychlost>
			<hmotnost jednotka="t">12</hmotnost>
			<náklad kapacita="54" jednotka="osoby">cestující</náklad>
		</vagon>
		<vagon vagon_id="v2">
			<rychlost jednotka="km/h">140</rychlost>
			<hmotnost jednotka="t">12</hmotnost>
			<náklad kapacita="54" jednotka="osoby">cestující</náklad>
		</vagon>
		<vagon vagon_id="v3">
			<rychlost jednotka="km/h">140</rychlost>
			<hmotnost jednotka="t">12</hmotnost>
			<náklad kapacita="54" jednotka="osoby">cestující</náklad>
		</vagon>
		<vagon vagon_id="v4">
			<rychlost jednotka="km/h">140</rychlost>
			<hmotnost jednotka="t">12</hmotnost>
			<náklad kapacita="54" jednotka="osoby">cestující</náklad>
		</vagon>
		<vagon vagon_id="v5">
			<rychlost jednotka="km/h">140</rychlost>
			<hmotnost jednotka="t">12</hmotnost>
			<náklad kapacita="54" jednotka="osoby">cestující</náklad>
		</vagon>
		<vagon vagon_id="v6">
			<rychlost jednotka="km/h">230</rychlost>
			<hmotnost jednotka="t">25</hmotnost>
			<náklad kapacita="70" jednotka="osoby">cestující></náklad>
		</vagon>	
		<vagon vagon_id="v7">
			<rychlost jednotka="km/h">230</rychlost>
			<hmotnost jednotka="t">25</hmotnost>
			<náklad kapacita="70" jednotka="osoby">cestující</náklad>
		</vagon>	
		<vagon vagon_id="v8">
			<rychlost jednotka="km/h">230</rychlost>
			<hmotnost jednotka="t">25</hmotnost>
			<náklad kapacita="70" jednotka="osoby">cestující</náklad>
		</vagon>
		<vagon vagon_id="v9">
			<rychlost jednotka="km/h">110</rychlost>
			<hmotnost jednotka="t">15</hmotnost>
			<náklad kapacita="30" jednotka="m^3">pošta</náklad>
			<náklad kapacita="50" jednotka="m^3">zavazadla</náklad>
		</vagon>
	</vozy>
</dráhy>
