<?xml version="1.0" encoding="UTF-8"?>
<ships>
	<ship>
		<name>Paul Atreides</name>
		<weapons>
			<weaponSlot>
				<weapon type = "Ion cannon" />
			</weaponSlot>
			<weaponSlot>
				<weapon type = "Ion cannon" />
			</weaponSlot>
			<weaponSlot>
				<weapon type = "Plasma gun" />
			</weaponSlot>
			<weaponSlot />
			<weaponSlot />			
		</weapons>		
	</ship>
	<ship>
		<name>Errant Venture</name>
		<weapons>
			<weaponSlot />
			<weaponSlot />
			<weaponSlot />
			<weaponSlot />
		</weapons>
	</ship>
</ships>
