<?xml version="1.0" encoding="UTF-8"?>
<!DOCTYPE sezona SYSTEM "data.dtd">
<sezona>
	<rocnik rok="2011"></rocnik>
	<zapas>
		<datum>&kolo1;</datum>
		<domaci>
			<tymref id="t1">
				<nazev><zkratka>SPA</zkratka>&sp;</nazev>
				<sestava>
					<hracref id="h1" cislo="3">
						Tomáš Řepka
					</hracref>
					<hracref id="h2" kope="pravou">
						Jan Kušnír
					</hracref>
					<hracref id="h3">
						Radek Matějovský
					</hracref>	
					<hracref id="h4">
						Libor Sionko
					</hracref>
					<hracref id="h5" kope="levou">
						Václav Kadlec
					</hracref>
				</sestava>
			</tymref>
		</domaci>
		<hoste>
			<tymref id="t2">
				<nazev><zkratka>SLA</zkratka>Slavia Praha</nazev>
				<!-- Hráči kteří nastoupily k utkání -->
				<sestava>
					<hracref id="h10" kope="pravou">
						Martin Vaniak	
					</hracref>
					<hracref id="h11" kope="pravou">
						Radek Čelůstka	
					</hracref>
					<hracref id="h12">
						Karol Kisel	
					</hracref>
					<hracref id="h13" kope="pravou">
						Milan Černý	
					</hracref>
					<hracref id="h13" kope="pravou">
						Zbynek Pospěch	
					</hracref>
				</sestava>
			</tymref>
		</hoste>
		<score_domaci>2</score_domaci>
		<score_hoste>2</score_hoste>
		<strely_domaci>10</strely_domaci>
		<strely_hoste>12</strely_hoste>
		<fauly_domaci>15</fauly_domaci>
		<fauly_hoste><![CDATA[ >20 ]]> 
		</fauly_hoste>
		<rozhodci>&roz;</rozhodci>
		<divaci>
			<?php echo "Počet diváků je 524."; ?>
		</divaci>
	</zapas>
	<tym id="t1">
		<nazev>&sp;</nazev>
		<!-- Hráči na soupisce -->
		<soupiska>
			<hrac id="h1" cislo="3">
				Tomáš Řepka
			</hrac>
			<hrac id="h2">
				Jan Kušnír
			</hrac>
			<hrac id="h3">
				Radek Matějovský
			</hrac>
			<hrac id="h4">
				Libor Sionko
			</hrac>
			<hrac id="h5">
				Václav Kadlec
			</hrac>
			<hrac id="h6">Leonard Kweuke</hrac>
			<hrac id="h7">Jakub Podaný</hrac>
			<hrac id="h8">Jan Zeman</hrac>
		</soupiska>
	</tym>
	<tym id="t2">
		<nazev>Slavia Praha</nazev>
		<!-- Hráči na soupisce -->
		<soupiska>
			<hrac id="h10">Martin Vaniak</hrac>
			<hrac id="h11">Radek Čelůstka</hrac>
			<hrac id="h12">Karol Kisel</hrac>
			<hrac id="h13">Milan Černý</hrac>
			<hrac id="h14">Zbynek Pospěch</hrac>
			<hrac id="h15">Michal Hubáček</hrac>
			<hrac id="h16">Lukáš Jarolím</hrac>
		</soupiska>
	</tym>
	<tym id="t3">
		<nazev>Baník Ostrava</nazev>
		<!-- Hráči na soupisce -->
		<soupiska>
			<hrac id="h20">Pavel Daněk</hrac>
			<hrac id="h21">Rene Bolf</hrac>
			<hrac id="h22">Chose Neves</hrac>
			<hrac id="h23">Zdenek Senkerik</hrac>
			<hrac id="h24">Adam Varadi</hrac>
			<hrac id="h25">Tomas Marek</hrac>
			<hrac id="h26">Radim Reznik</hrac>
		</soupiska>
	</tym>
	<tym id="t4">
		<nazev>Viktoria Plzeň</nazev>
		<!-- Hráči na soupisce -->
		<soupiska>
			<hrac id="h30">David Limberský</hrac>
			<hrac id="h31">Aleš Neuwirt</hrac>
			<hrac id="h32">David Bystroň</hrac>
			<hrac id="h33">Pavel Horvát</hrac>
			<hrac id="h34">David Petržela</hrac>
			<hrac id="h35">Pavel Rezek</hrac>
			<hrac id="h36">Pavel Trapp</hrac>
		</soupiska>
	</tym>	
</sezona>