<?xml version="1.0" encoding="UTF-8"?>
<!DOCTYPE vtipnik SYSTEM "data.dtd">
<!-- Vitejte v databazi vtipu -->
<vtipnik>
	
    <autori>
        <autor id="aid_0">
            <jmeno>Autor</jmeno>
            <prijmeni>Neznamy</prijmeni>
            <popis>Pokud autor vtipu neni znam, pouzije se tento.</popis>
            <kontakt>
                <mail>info@databazevtipu.cz</mail>
            </kontakt>            
        </autor>
		
        <autor id="aid_1">
            <jmeno>Karel</jmeno>
            <prijmeni>Karel</prijmeni>
            <popis>Neustale pozaduje navraceni podsalku</popis>
            <pohlavi>muz</pohlavi>
            <kontakt>
                <mail>karel@karel.cz</mail>
                <cislo>
                    <mobil>123456789</mobil>
                </cislo>
            </kontakt>
            <nazivu/>
            <narodnost>CZE</narodnost>
            <zamestnani>Ridic autobusu</zamestnani>
            <vtipnost>7</vtipnost>
            <fanout/>
        </autor>

    </autori>

    <vtipy>
        <vtip id="vid_0" autor-id="aid_0">
            <text>Sli dva a prostredni upad.</text>
        </vtip>
		
        <vtip id="vid_1" autor-id="aid_1" kategorie="IT">
            <text>
                <![CDATA[
                    function random() { // returns a completely random number
                        return 4;
                    }
                ]]>
            </text>
        </vtip>
        
        <vtip id="vid_2" autor-id="aid_0" kategorie="IT">
            <text>
                Dva zamilovaní programátoři leží na koleji v postýlce a skoro usínají. Dívka začne svého drahého hladit po tvářičce a něžně zašeptá:
                "Miláčku, myslíš na to, na co myslím já?"
                "Ano, zlatíčko." nakloní se jí k uchu chlapec.
                "A jak bys to implementoval?"
            </text>
        </vtip>
    </vtipy>
	
    <poznamky>
        <poznamka>Dnesni datum je <?php echo Date("d.m.Y")?>.</poznamka>
        <poznamka>Nezapomenout: &todo;</poznamka>
        <poznamka vtip-id="vid_0">Smazat tento vtip, je prilis hloupy.</poznamka>
    </poznamky>

</vtipnik>