<?xml version="1.1" encoding="UTF-8" standalone="no"?><!--
1st homework to the course XML technologies
Author: Adam Blazek

The model is defined and explained in the following file: 'data.dtd'.
--><!-- We are defining two processing instructions in the XML file.
last-update - does not need any explanation :)
data-from - since when are the data taken, the application may ignore anything older( accidentally included ) than this date
--><?meta last-update="2014-03-07" ?>
<?meta data-from="2013-01-01" ?>
<servis>
	<employees>
		<employee employeeId="e1" name="Max Power" position="manager" salary="35000"/>
		<employee employeeId="e2" name="Helga Pretty" position="secretary" salary="17500"/>
		<employee employeeId="e3" name="Greg Diode" position="repairman" salary="23000"/>
		<employee employeeId="e4" name="Ivan Strong" position="warehouseman" salary="18000"/>
	<employee employeeId="e5" name="DOM is cool" position="repairman"/></employees>
	<orders>
		
		<order contact="not given" customer="Another Guy" orderId="o2" priceLimit="2500" state="canceled">
			<dates/>
			<items>
				<item model="galaxy_2">
					<error>Broken display.</error>
				</item>
			</items>
		</order>
		<order contact="roop@coop.com" customer="Next Guy" orderId="o3" priceLimit="800" state="diagnostic">
			<dates>
				<date type="arrival">2014-02-04</date>
			</dates>
			<items>
				<item model="scooba">
					<error>Ate my dog.</error>
				</item>
			</items>
		</order>
		<order contact="my@gmail.com" customer="First Girl" orderId="o4" priceLimit="500" state="waiting">
			<dates/>
			<items>
				<item model="iCrap">
					<error>Too expensive.</error>
				</item>
				<item model="iTile">
					<error>Even more expensive than previous item.</error>
				</item>
			</items>
		</order>
		<order contact="fake@mail.com" customer="Fake Name" orderId="o5" priceLimit="10000" state="onWay">
			<dates>
					<date type="arrival">2013-11-10</date>
					<date type="diagnose">2013-11-14</date>
					<date type="solution">2013-11-15</date>
					<date type="shipping">2013-11-16</date>
			</dates>
			<items>
				<item model="galaxy_2">
					<error>Too shiny.</error>
				</item>
			</items>
		</order>
				<order contact="+420 754 752 123" customer="Random Gal" orderId="o6" priceLimit="1500" state="onWay">
			<dates>
					<date type="open">2014-03-07</date>
			</dates>
			<items>
				<item model="plasma_2400">
					<error>Dead.</error>
				</item>
			</items>
		</order>
		<order contact="not given" customer="Second Girl" orderId="o7" priceLimit="800" state="service">
			<dates/>
			<items>
				<item model="lcd_22">
					<error>Crushed by a space ship.</error>
				</item>
			</items>
		</order>
		<order contact="roop@coop.com" customer="The God" orderId="o8" priceLimit="1999" state="diagnostic">
			<dates>
				<date type="arrival">2014-01-10</date>
			</dates>
			<items>
				<item model="iTile">
					<error>Too flat.</error>
				</item>
			</items>
		</order>
		<order contact="my@gmail.com" customer="Amazing Jerk" orderId="o9" priceLimit="900" state="service">
			<dates/>
			<items>
				<item model="lcd_22">
					<error>Broken display.</error>
				</item>
			</items>
		</order>
		<order contact="fake@mail.com" customer="Firstname Surname" orderId="o10" priceLimit="120" state="finished">
			<dates>
					<date type="arrival">2013-10-8</date>
					<date type="diagnose">2013-10-20</date>
					<date type="solution">2013-10-25</date>
					<date type="shipping">2013-10-30</date>
			</dates>
			<items>
				<item model="galaxy_2">
					<error>Battery is empty. Please recharge it.</error>
				</item>
			</items>
		</order>
	</orders>
	<types>
		<type typeName="tv">
			<brand brandName="samsung">
				<model modelId="plasma_2000"/>
				<model modelId="plasma_2400"/>
				<model modelId="lcd_22"/>
				<model modelId="lcd_22i"/>
			</brand>
		</type>
		<type typeName="phone">
			<brand brandName="samsung">
				<model modelId="galaxy_2"/>
				<model modelId="galaxy_3"/>
				<model modelId="galaxy_4"/>
			</brand>
			<brand brandName="apple">
				<model modelId="iPhone"/>
				<model modelId="iCrap"/>
				<model modelId="iTile"/>
			</brand>
		</type>
		<type typeName="vacuumRobot">
			<brand brandName="iRobot">
				<model modelId="roomba"/>
				<model modelId="scooba"/>
			</brand>
		</type>
	</types>
	<messages>
		<message expires="2014-04-30" from="e1">
			Please dont accept any Samsung staff until May.
		</message>
		
		<message from="e3">
			art.re waiting for a spare part. for <link ref="o10"/>
		</message>
		<message from="e1">
			<![CDATA[
				Please do not use following nasty characters in you messages. It may cause troubles.
				",',(,) and < or >
			]]>
		</message>
	</messages>
</servis>