<!--Toto xml ma simulovat dokument pro odesilani zasilek na Poste-->
<!DOCTYPE Posta_xml SYSTEM "du1.dtd">

<Posta_xml>
	<Logo>
	<![CDATA[
		<-<<<CZechPost.cz>>>->
		]]>
	</Logo>
	<Vytvoreno>
		&Created;
		<?php echo Date("d.m.Y H:i:s")?>
	</Vytvoreno>
	<Posta>
		<Post pid="pid268"/>
	</Posta>
	<Zasilky>
		<Zasilka zid="id01">
			<Odesilatel oid = "p01">
				<Jmeno Kresni ="Pavel" Prijmeni="Omacka"/>
				<Adresa Ulice ="Palackeho" Cp="5" Mesto="Praha" PSC="16500" Stat="CZ"/>
			</Odesilatel>
			<Prijemce kid = "p02">
				<Jmeno Kresni ="Petr" Prijmeni="Svoboda"/>
				<Adresa Ulice="U Krize" Cp="23" Mesto="Praha" PSC="15800" Stat="CZ"/>
				<Adresa Ulice="Na Namesti" Cp="2" Mesto="Praha" PSC="16500" Stat="CZ"/>
				<Telefon>268421562</Telefon>
			</Prijemce>
			<Smerovani>
				<Posta>
					<Post pid="pid218"/>
				</Posta>
			</Smerovani>
			<Typ>Balik</Typ>
			<Datum>2.3.2012</Datum>
			<Hmotnost>5</Hmotnost>
			<Cena>10</Cena>
		</Zasilka>
		<Zasilka zid="id02">
			<Odesilatel oid = "p1">
				<Jmeno Kresni ="Ondrej" Prijmeni="Cerny"/>
				<Adresa Ulice ="Na Hromade" Cp="1" Mesto="Praha" PSC="16700" Stat="CZ"/>
			</Odesilatel>
			<Prijemce kid = "p2">
				<Jmeno Kresni ="Hubert" Prijmeni="Konecny"/>
				<Adresa Ulice="U Hospody" Cp="7" Mesto="Praha" PSC="11800" Stat="CZ"/>
				<Adresa Ulice="Na Namesti" Cp="2" Mesto="Praha" PSC="16500" Stat="CZ"/>
				<Telefon>268421562</Telefon>
			</Prijemce>
			<Smerovani>
				<Ref pid_ref="pid218"/>
			</Smerovani>
			<Typ>Balik</Typ>
			<Datum>2.3.2012</Datum>
			<Hmotnost>5</Hmotnost>
			<Cena>10</Cena>
		</Zasilka>
		<Zasilka zid="id03">
			<Odesilatel_id oid ="p01"/>
			<Prijemce_id kid ="p02"/>
			<Smerovani>
				<Ref pid_ref="pid218"/>
			</Smerovani>
			<Typ>Balik</Typ>
			<Datum>2.2.2012</Datum>
			<Hmotnost>30</Hmotnost>
			<Cena>215</Cena>
		</Zasilka>
		<Zasilka zid="id04">
			<Odesilatel_id oid ="p1"/>
			<Prijemce_id kid ="p2"/>
			<Smerovani>
				<Ref pid_ref="pid268"/>
			</Smerovani>
			<Typ>Dopis</Typ>
			<Datum>10.3.2012</Datum>
			<Hmotnost>1</Hmotnost>
			<Cena>20</Cena>
		</Zasilka>
		<Zasilka zid="id05">
			<Odesilatel_id oid ="p02"/>
			<Prijemce_id kid ="p01"/>
			<Smerovani>
				<Ref pid_ref="pid268"/>
			</Smerovani>
			<Typ>Balik</Typ>
			<Datum>2.2.2012</Datum>
			<Hmotnost>6</Hmotnost>
			<Cena>30</Cena>
		</Zasilka>
		<Zasilka zid="id06">
			<Odesilatel_id oid ="p01"/>
			<Prijemce_id kid ="p02"/>
			<Smerovani>
				<Ref pid_ref="pid268"/>
			</Smerovani>
			<Typ>Balik</Typ>
			<Datum>2.5.2012</Datum>
			<Hmotnost>1</Hmotnost>
			<Cena>15</Cena>
		</Zasilka>
		<Zasilka zid="id07">
			<Odesilatel_id oid ="p2"/>
			<Prijemce_id kid ="p1"/>
			<Smerovani>
				<Ref pid_ref="pid268"/>
			</Smerovani>
			<Typ>Obalka</Typ>
			<Datum>1.2.2012</Datum>
			<Hmotnost>1</Hmotnost>
			<Cena>20</Cena>
		</Zasilka>
		<Zasilka zid="id08">
			<Odesilatel_id oid ="p1"/>
			<Prijemce_id kid ="p2"/>
			<Smerovani>
				<Ref pid_ref="pid268"/>
			</Smerovani>
			<Typ>Balik</Typ>
			<Datum>2.2.2012</Datum>
			<Hmotnost>6</Hmotnost>
			<Cena>30</Cena>
		</Zasilka>
		<Zasilka zid="id09">
			<Odesilatel_id oid ="p01"/>
			<Prijemce_id kid ="p02"/>
			<Smerovani>
				<Ref pid_ref="pid268"/>
			</Smerovani>
			<Typ>Balik</Typ>
			<Datum>2.2.2012</Datum>
			<Hmotnost>6</Hmotnost>
			<Cena>30</Cena>
		</Zasilka>
		<Zasilka zid="id10">
			<Odesilatel_id oid ="p2"/>
			<Prijemce_id kid ="p1"/>
			<Smerovani>
				<Ref pid_ref="pid268"/>
			</Smerovani>
			<Typ>Balik</Typ>
			<Datum>2.2.2012</Datum>
			<Hmotnost>6</Hmotnost>
			<Cena>30</Cena>
		</Zasilka>
	</Zasilky>
	<Zprava>
		Tak sem se muze neco napsat.
		Posta<Ref pid_ref = "pid268"/> mimo provoz!!
		<![CDATA[
			Oblast kde se daji psat v textove podobe i zakazane znaky jako <, >.
			]]>
	
	</Zprava>
</Posta_xml>