<?xml version="1.0" encoding="UTF-8"?>
<!--6.3.2013-->
<kvetinarstvi>
	<zbozi>
		<pocet>11</pocet>
		<rezane_kvetiny>
			<polozka id="k01" dodavatel="do02">
				<nazev>anglicka ruze</nazev>
				<barva>cervena</barva>
				<trvanlivost>8</trvanlivost>
			</polozka>
			<polozka id="k02" dodavatel="do01">
				<nazev>mala ruze</nazev>
				<barva>bilo-cervena</barva>
				<trvanlivost>5</trvanlivost>
			</polozka>
			<polozka id="k08" dodavatel="do01">
				<nazev>umela ruze</nazev>
				<barva>modra</barva>
				<trvanlivost>300</trvanlivost>
			</polozka>
			<polozka id="k09" dodavatel="do01">
				<nazev>mala umela ruze</nazev>
				<barva>modra</barva>
				<trvanlivost>300</trvanlivost>
			</polozka>
			<polozka id="k03" dodavatel="do02">
				<nazev>holandsky tulipan</nazev>
				<barva>zluta</barva>
				<trvanlivost>5</trvanlivost>
			</polozka>
			<polozka id="k07" dodavatel="do02">
				<nazev>tulipan</nazev>
				<barva>cervena</barva>
				<trvanlivost>5</trvanlivost>
			</polozka>
			<polozka id="k04" dodavatel="do01">
				<nazev>orchidej</nazev>
				<barva>bila</barva>
				<trvanlivost>5</trvanlivost>
			</polozka>
			<polozka id="k05" dodavatel="do01">
				<nazev>velka orchidej</nazev>
				<barva>cerna</barva>
				<trvanlivost>5</trvanlivost>
			</polozka>
			<polozka id="k10" dodavatel="do01">
				<nazev>slunecnice</nazev>
				<barva>zluta</barva>
				<trvanlivost>5</trvanlivost>
			</polozka>
			<polozka id="k11" dodavatel="do01">
				<nazev>kytka</nazev>
				<barva>zluto-modra</barva>
				<trvanlivost>5</trvanlivost>
			</polozka>
		</rezane_kvetiny>
		<hrnkove_kvetiny>
			<polozka id="k06" dodavatel="do01">
				<nazev>sem patri nazev</nazev>
				<barva>zelena s bodlinama</barva>
				<trvanlivost>40</trvanlivost>
			</polozka>
		</hrnkove_kvetiny>
	</zbozi>
	<odberatele>
		<odberatel id="od01">
			<jmeno>Antonin Novak</jmeno>
			<telefon>123456789</telefon>
			<adresa/>
		</odberatel>
		<odberatel id="od02">
			<jmeno>Teal&apos;c z Chulaku</jmeno>
			<telefon>123400789</telefon>
			<adresa>
				<ulice>Sobi ulice</ulice>
				<cp>4</cp>
				<mesto>Kvikalkov</mesto>
			</adresa>
		</odberatel>
	</odberatele>
	
</kvetinarstvi>
