<?xml version="1.0" encoding="UTF-8"?>
<accounts>
	<account account_id="ACC_G.P.001" account_type="GIRO">
		<main_debtor>
			<client_ref client_id_ref="CL_CZ.P.001"/>
		</main_debtor>
		<balance>122382</balance>
		<other_debtors>
			<client_ref client_id_ref="CL_CZ.P.006"/>
		</other_debtors>
		<creation_date>2011-12-15</creation_date>
		<transaction>
			<transaction_date>2012-02-16</transaction_date>
			<amount>-2000</amount>
		</transaction>
		<transaction>
			<transaction_date>2012-02-25</transaction_date>
			<amount>-2230</amount>
		</transaction>
		<transaction>
			<transaction_date>2011-05-02</transaction_date>
			<amount>35000</amount>
		</transaction>
	</account>

	<account account_id="ACC_M.P.002" account_type="MORTGAGE">
		<main_debtor>
			<client_ref client_id_ref="CL_CZ.P.001"/>
		</main_debtor>
		<balance>-282930</balance>
		<other_debtors>
			<client_ref client_id_ref="CL_CZ.P.005"/>
		</other_debtors>
		<creation_date>2011-10-16</creation_date>
		<transaction>
			<transaction_date>2011-11-01</transaction_date>
			<amount>100000</amount>
		</transaction>
		<transaction>
			<transaction_date>2011-11-16</transaction_date>
			<amount>22050</amount>
		</transaction>
		<transaction>
			<transaction_date>2011-12-16</transaction_date>
			<amount>22050</amount>
		</transaction>
		<transaction>
			<transaction_date>2012-01-16</transaction_date>
			<amount>22050</amount>
		</transaction>
		<transaction>
			<transaction_date>2012-02-16</transaction_date>
			<amount>22050</amount>
		</transaction>
		<transaction>
			<transaction_date>2012-03-16</transaction_date>
			<amount>22050</amount>
		</transaction>
		<transaction>
			<transaction_date>2012-04-16</transaction_date>
			<amount>100000</amount>
		</transaction>
	</account>

	<account account_id="ACC_CC.P.003" account_type="CREDIT_CARD">
		<main_debtor>
			<client_ref client_id_ref="CL_CZ.P.004"/>
		</main_debtor>
		<balance>60340</balance>
		<creation_date>2012-01-01</creation_date>
		<transaction>
			<transaction_date>2012-01-12</transaction_date>
			<amount>-30000</amount>
		</transaction>
		<transaction>
			<transaction_date>2012-01-25</transaction_date>
			<amount>-12250</amount>
		</transaction>
	</account>

	<account account_id="ACC_L.C.001" account_type="LOAN">
		<main_debtor>
			<client_ref client_id_ref="CL_CZ.C.001"/>
		</main_debtor>
		<balance>-1289400</balance>
		<creation_date>2011-07-05</creation_date>
		<transaction>
			<transaction_date>2011-08-05</transaction_date>
			<amount>21000</amount>
		</transaction>
		<transaction>
			<transaction_date>2011-09-05</transaction_date>
			<amount>21000</amount>
		</transaction>
		<transaction>
			<transaction_date>2011-10-05</transaction_date>
			<amount>21000</amount>
		</transaction>
		<transaction>
			<transaction_date>2011-11-05</transaction_date>
			<amount>21000</amount>
		</transaction>
		<transaction>
			<transaction_date>2011-12-05</transaction_date>
			<amount>21000</amount>
		</transaction>
		<transaction>
			<transaction_date>2012-01-05</transaction_date>
			<amount>21000</amount>
		</transaction>
		<transaction>
			<transaction_date>2012-02-05</transaction_date>
			<amount>21000</amount>
		</transaction>
		<transaction>
			<transaction_date>2012-03-05</transaction_date>
			<amount>21000</amount>
		</transaction>
	</account>

	<account account_id="ACC_L.C.002" account_type="LOAN">
		<main_debtor>
			<client_ref client_id_ref="CL_CZ.C.003"/>
		</main_debtor>
		<balance>-22110700</balance>
		<creation_date>2010-12-01</creation_date>
	</account>

	<account account_id="ACC_L.C.003" account_type="MORTGAGE">
		<main_debtor>
			<client_ref client_id_ref="CL_CZ.C.002"/>
		</main_debtor>
		<balance>-10510000</balance>
		<creation_date>2012-04-11</creation_date>
	</account>
	
	<account account_id="ACC_L.P.004" account_type="LOAN">
		<main_debtor>
			<client_ref client_id_ref="CL_CZ.P.006"/>
		</main_debtor>
		<balance>-200000</balance>
		<creation_date>2010-07-01</creation_date>
		<transaction>
			<transaction_date>2010-07-16</transaction_date>
			<amount>11000</amount>
		</transaction>
		<transaction>
			<transaction_date>2010-08-16</transaction_date>
			<amount>11000</amount>
		</transaction>
		<transaction>
			<transaction_date>2010-09-16</transaction_date>
			<amount>11000</amount>
		</transaction>
		<transaction>
			<transaction_date>2010-10-16</transaction_date>
			<amount>11000</amount>
		</transaction>
		<transaction>
			<transaction_date>2010-11-16</transaction_date>
			<amount>11000</amount>
		</transaction>
		<transaction>
			<transaction_date>2010-12-16</transaction_date>
			<amount>11000</amount>
		</transaction>
		<transaction>
			<transaction_date>2011-01-16</transaction_date>
			<amount>11000</amount>
		</transaction>
		<transaction>
			<transaction_date>2011-02-16</transaction_date>
			<amount>11000</amount>
		</transaction>
		<transaction>
			<transaction_date>2011-03-16</transaction_date>
			<amount>11000</amount>
		</transaction>
		<transaction>
			<transaction_date>2011-04-16</transaction_date>
			<amount>11000</amount>
		</transaction>
		<transaction>
			<transaction_date>2011-05-16</transaction_date>
			<amount>11000</amount>
		</transaction>
		<transaction>
			<transaction_date>2011-06-16</transaction_date>
			<amount>11000</amount>
		</transaction>
		<transaction>
			<transaction_date>2011-07-16</transaction_date>
			<amount>11000</amount>
		</transaction>
		<transaction>
			<transaction_date>2011-08-16</transaction_date>
			<amount>11000</amount>
		</transaction>
		<transaction>
			<transaction_date>2011-09-16</transaction_date>
			<amount>11000</amount>
		</transaction>
		<transaction>
			<transaction_date>2011-10-16</transaction_date>
			<amount>11000</amount>
		</transaction>
		<transaction>
			<transaction_date>2011-11-16</transaction_date>
			<amount>11000</amount>
		</transaction>
		<transaction>
			<transaction_date>2011-12-16</transaction_date>
			<amount>11000</amount>
		</transaction>
		<transaction>
			<transaction_date>2012-01-16</transaction_date>
			<amount>11000</amount>
		</transaction>
		<transaction>
			<transaction_date>2012-02-16</transaction_date>
			<amount>11000</amount>
		</transaction>
		<transaction>
			<transaction_date>2012-03-16</transaction_date>
			<amount>11000</amount>
		</transaction>
		<transaction>
			<transaction_date>2012-04-16</transaction_date>
			<amount>11000</amount>
		</transaction>
	</account>
	
</accounts>
