<?xml version="1.0" encoding="UTF-8"?>
<clients>
	<client client_id="CL_CZ.P.001" client_type="PERSON" nationality="CZ">
		<first_name>Milan</first_name>
		<last_name>Kopriva</last_name>
		<gender>M</gender>
		<birth_date>1958-03-18</birth_date>
		<birth_number>5803180251</birth_number>
		<death_flag>N</death_flag>
		<identity_card_id>107924102</identity_card_id>
		<passport_id>36854102</passport_id>
		<address address_id="ADDR_CZ.P.001.01">
			<street_name>Tocitá</street_name>
			<street_number>1</street_number>
			<city>Praha</city>
			<zip_code>14000</zip_code>
			<country>CZ</country>
		</address>
		<address address_id="ADDR_CZ.P.001.02" address_type="CONTACT">
			<street_name>Vejvanovského</street_name>
			<street_number>16</street_number>
			<city>Praha</city>
			<zip_code>14900</zip_code>
			<country>CZ</country>
		</address>
		<phone>724382631</phone>
		<email>m.kopriva@seznam.cz</email>
		<note>Adresa <address_ref address_id_ref="ADDR_CZ.P.001.01"/> je neplatna. Klient se prestehoval na Adresa adresu <address_ref address_id_ref="ADDR_CZ.P.001.02"/>.
		</note>
	</client>
		
	<client client_id="CL_CZ.P.002" client_type="PERSON" nationality="CZ">
		<first_name>Petr</first_name>
		<last_name>Valter</last_name>
		<gender>M</gender>
		<title_before>JUDr.</title_before>
		<title_after>CSc.</title_after>
		<birth_date>1965-07-21</birth_date>
		<birth_number>6507211997</birth_number>
		<death_flag>N</death_flag>
		<identity_card_id>113922427</identity_card_id>
		<address address_id="ADDR_CZ.P.002_01">
			<street_name>Voronežská</street_name>
			<street_number>8</street_number>
			<city>Liberec</city>
			<zip_code>46001</zip_code>
			<country>Praha</country>
		</address>
		<phone>725592131</phone>
		<email>petrvalter@gmail.com</email>
		<note>Manželka: <client_ref client_id_ref="CL_CZ.P.005"/></note>
	</client>
		
	<client client_id="CL_CZ.P.003" client_type="PERSON" nationality="SK">
		<first_name>Barbora</first_name>
		<last_name>Krásná</last_name>
		<maiden_name>Cadková</maiden_name>
		<gender>F</gender>
		<title_before>PhDr.</title_before>
		<birth_date>1961-05-02</birth_date>
		<birth_number>6155021323</birth_number>
		<death_flag>N</death_flag>
		<identity_card_id>110262061</identity_card_id>
		<passport_id>35548579</passport_id>
		<address address_id="ADDR_CZ.P.003_01" address_type="PERMANENT">
			<street_name>Vetrušice</street_name>
			<street_number>41</street_number>
			<city>Vetrušice</city>
			<zip_code>25067</zip_code>
			<country>CZ</country>
		</address>
		<address address_id="ADDR_CZ.P.003_02" address_type="CONTACT">
			<street_name>Kurzova</street_name>
			<street_number>23</street_number>
			<city>Praha</city>
			<zip_code>15500</zip_code>
			<country>CZ</country>
		</address>
		<address address_id="ADDR_CZ.P.003_03" address_type="CONTACT">
			<street_name>Na Okrouhlíku</street_name>
			<street_number>31</street_number>
			<city>Praha</city>
			<zip_code>18200</zip_code>
			<country>CZ</country>
		</address>
		<phone phone_type="WIRED">272731711</phone>
		<phone phone_type="MOBILE">737185531</phone>
		<note>Adresa <address_ref address_id_ref="ADDR_CZ.P.003_02"/> je do podnajmu, <address_ref address_id_ref="ADDR_CZ.P.003_03"/> je do prace.</note>
	</client>
		
	<client client_id="CL_CZ.P.004" client_type="PERSON" nationality="SK">
		<first_name>Premysl</first_name>
		<last_name>Sajdl</last_name>
		<gender>M</gender>
		<title_before>RNDr.</title_before>
		<title_after>DrSc.</title_after>
		<birth_date>1953-11-12</birth_date>
		<birth_number>531112213</birth_number>
		<death_flag>N</death_flag>
		<identity_card_id>101395033</identity_card_id>
		<passport_id></passport_id>
		<address address_id="ADDR_CZ.P.004_01" address_type="CONTACT">
			<street_name>Saratovská</street_name>
			<street_number>18</street_number>
			<city>Bratislava</city>
			<zip_code>84002</zip_code>
			<country>SK</country>
		</address>
		<phone phone_type="WIRED">380313730</phone>
		<phone phone_type="MOBILE">602187342</phone>
	</client>
		
	<client client_id="CL_CZ.P.005" client_type="PERSON" nationality="CZ">
		<first_name>Jana</first_name>
		<last_name>Valtrová</last_name>
		<maiden_name>Votápková</maiden_name>
		<gender>F</gender>
		<title_before>PaedDr.</title_before>
		<birth_date>1973-01-17</birth_date>
		<birth_number>7301170052</birth_number>
		<identity_card_id>113121194</identity_card_id>
		<address address_id="ADDR_CZ.P.005.01">
			<street_name>Písecná</street_name>
			<street_number>68</street_number>
			<city>Lhota</city>
			<zip_code>19200</zip_code>
			<country>CZ</country>
		</address>
		<phone>605361174</phone>
		<note>Manžel: <client_ref client_id_ref="CL_CZ.P.002"/>.</note>
	</client>
		
	<client client_id="CL_CZ.P.006" client_type="PERSON" nationality="GB">
		<first_name>Tibor</first_name>
		<last_name>Klein</last_name>
		<gender>M</gender>
		<birth_date>1957-11-26</birth_date>
		<birth_number>5711266979</birth_number>
		<identity_card_id>106311284</identity_card_id>
		<passport_id>38766389</passport_id>
		<address address_id="ADDR_CZ.P.006_01" address_type="PERMANENT">
			<street_name>Long street</street_name>
			<street_number>332</street_number>
			<city>London</city>
			<zip_code>22922</zip_code>
			<country>GB</country>
		</address>
		<phone phone_type="MOBILE">602116888</phone>
	</client>
		
	<client client_id="CL_CZ.P.007" client_type="PERSON" nationality="CZ">
		<first_name>Olga</first_name>
		<last_name>Krnáčová</last_name>
		<gender>Ž</gender>
		<birth_date>1962-02-19</birth_date>
		<birth_number>6252191264</birth_number>
		<identity_card_id>113508266</identity_card_id>
		<passport_id>107758271</passport_id>
		<address address_id="ADDR_CZ.P.007_01" address_type="PERMANENT">
			<street_name>Kotorská</street_name>
			<street_number>1574</street_number>
			<city>Praha</city>
			<zip_code>14000</zip_code>
			<country>CZ</country>
		</address>
		<phone phone_type="MOBILE">603545808</phone>
	</client>
	
	<client client_id="CL_CZ.C.001" client_type="CORPORATE">
		<IC>00251739</IC>
		<DIC>105-00251739</DIC>
		<address address_id="ADDR_CZ.C.001_01">
			<street_name>Vidovice</street_name>
			<street_number>63</street_number>
			<city>Kunice</city>
			<zip_code>25163</zip_code>
			<country>CZ</country>
		</address>
		<address address_id="ADDR_CZ.C.001_02">
			<street_name>Ungarova</street_name>
			<street_number>677</street_number>
			<city>Praha</city>
			<zip_code>10800</zip_code>
			<country>CZ</country>
		</address>
		<phone>724147316</phone>
		<phone>777916815</phone>
		<email>e-solutions@bke.cz</email>
		<note><![CDATA[Klient je pravdepodobne fraud, jelikoz ma bonitu < 20000]]></note>
	</client>

	<client client_id="CL_CZ.C.002" client_type="CORPORATE" nationality="SK">
		<IC>00239402</IC>
		<DIC>053-00239402</DIC>
		<address address_id="ADDR_CZ.C.002_01">
			<street_name>Výhledová</street_name>
			<street_number>44</street_number>
			<city>Praha</city>
			<zip_code>15200</zip_code>
			<country>CZ</country>
		</address>
		<phone phone_type="WIRED">416836185</phone>
		<phone>774774800</phone>
	</client>

	<client client_id="CL_CZ.C.003" client_type="CORPORATE">
		<IC>48151262</IC>
		<DIC>223-48151262</DIC>
		<address address_id="ADDR_CZ.C.003_01">
			<street_name>U dejvického rybnícku</street_name>
			<street_number>38</street_number>
			<city>Praha</city>
			<zip_code>16000</zip_code>
			<country>CZ</country>
		</address>
		<phone>603211664</phone>
		<email>amone@pettronel.com</email>
		<note>Pohonné hmoty</note>
	</client>

	<client client_id="CL_CZ.C.004" client_type="CORPORATE">
		<IC>00265721</IC>
		<DIC>201-00265721</DIC>
		<address address_id="ADDR_CZ.C.004_01">
			<street_name>Sadová</street_name>
			<street_number>1128</street_number>
			<city>Dobrichovice</city>
			<zip_code>25229</zip_code>
			<country>CZ</country>
		</address>
		<phone phone_type="MOBILE">776080237</phone>
		<phone phone_type="WIRED">312500412</phone>
		<note>Zverimex, vlastník je klient <client_ref client_id_ref="CL_CZ.P.001"/></note>
	</client>
</clients>