<?xml version="1.0" encoding="UTF-8" ?>
<kuchyne xmlns:xsi="http://www.w3.org/2001/XMLSchema-instance" xsi:noNamespaceSchemaLocation="data.xsd">
	<jidla>
		<jidlo typ="hlavniJidlo" id="j1">
			<jmeno>Francouzské topinky</jmeno>
			<suroviny>
				<surovina>
					<rid>s1</rid>
					<jmeno>Chléb</jmeno>
					<mnozstvi>
						<hodnota>120</hodnota>
						<jednotka>g</jednotka>
					</mnozstvi>
				</surovina>
				
				<surovina>
					<rid>s2</rid>
					<jmeno>Vejce</jmeno>
					<mnozstvi>
						<hodnota>1</hodnota>
						<jednotka>ks</jednotka>
					</mnozstvi>
				</surovina>
				<surovina>
					<rid>s3</rid>
					<jmeno>Mléko</jmeno>
					<mnozstvi>
						<hodnota>50</hodnota>
						<jednotka>ml</jednotka>
					</mnozstvi>
				</surovina>
				<surovina typ="koreni">
					<rid>s4</rid>
					<jmeno>Pepř</jmeno>
				</surovina>
				
				<surovina typ="koreni">
					<rid>s5</rid>
					<jmeno>Sůl</jmeno>
				</surovina>
				
				<surovina typ="pomucka">
					<rid>s6</rid>
					<jmeno>Olej</jmeno>
					<mnozstvi>
						<hodnota>10</hodnota>
						<jednotka>ml</jednotka>
					</mnozstvi>
				</surovina>
				
			</suroviny>
			<recept>
				Rozklepneme <surovinaOdkaz rid="s2">vejce</surovinaOdkaz> a smícháme s <surovinaOdkaz rid="s3">mlékem</surovinaOdkaz>,
				<surovinaOdkaz rid="s5">osolíme</surovinaOdkaz> a <surovinaOdkaz rid="s4">opepříme</surovinaOdkaz>.<br />
				<surovinaOdkaz rid="s1">Chléb</surovinaOdkaz> nakrájíme na středně tenké krajíce, namočíme v rozmíchaných vejcích a osmažíme.<br /><![CDATA[ <img src="francouzskeTopinky.jpg" /> ]]>
				Podáváme se zeleninou.
			</recept>
			<pocetPorci>1</pocetPorci>
			<datumPridani>10.3. 2011</datumPridani>
		</jidlo>
	</jidla>
<!--  ===	TYPY SUROVIN: ===  -->

	<typySurovin>
		<typSuroviny id="s1">
			<jmeno>Chléb</jmeno>
			<obrazek>chleb.jpg</obrazek>
				<baleni>
					<mnozstvi>
						<hodnota>1000</hodnota>
						<jednotka>g</jednotka>
					</mnozstvi>
					<cenaJednotky>30</cenaJednotky>
					<energieJednotky>8000</energieJednotky>
				</baleni>
		</typSuroviny>
		
		
		<typSuroviny id="s2">
			<jmeno>Vejce</jmeno>
			<baleni>
					<mnozstvi>
						<hodnota>1</hodnota>
						<jednotka>ks</jednotka>
					</mnozstvi>
				<cenaJednotky>3</cenaJednotky>
				<energieJednotky>400</energieJednotky>
			</baleni>
		</typSuroviny>
		
		<typSuroviny id="s3">
			<jmeno>Mléko</jmeno>
			<baleni>
				<mnozstvi>
						<hodnota>1000</hodnota>
						<jednotka>ml</jednotka>
				</mnozstvi>
				<cenaJednotky>19</cenaJednotky>
				<energieJednotky>2000</energieJednotky>
			</baleni>
		</typSuroviny>
		
		<typSuroviny id="s4">
			<jmeno>Pepř</jmeno>
		</typSuroviny>
		
		<typSuroviny id="s5">
			<jmeno>Sůl</jmeno>
		</typSuroviny>
		
		<typSuroviny id="s6">
			<jmeno>Olej</jmeno>
			<baleni>
				<mnozstvi>
						<hodnota>1000</hodnota>
						<jednotka>ml</jednotka>
				</mnozstvi>
				<cenaJednotky>42</cenaJednotky>
				<energieJednotky>37000</energieJednotky>
			</baleni>
		</typSuroviny>
	</typySurovin>
</kuchyne>