<?xml version="1.0" encoding="utf-8"?>
<!--4. zápočtový úkol z předmětu Technologie XML-->
<seznam xmlns:aw2="http://www.ms.mff.cuni.cz/~brodecva/aw2">
	<aw2:osoba>
		<aw2:jmeno>Tom</aw2:jmeno>
		<aw2:prijmeni>Hanks</aw2:prijmeni>
		<aw2:oceneni>OSCAR - nejlepší herec v hlavní roli</aw2:oceneni>
		<aw2:oceneni>OSCAR - nejlepší herec v hlavní roli</aw2:oceneni>
	</aw2:osoba>
	<aw2:osoba>
		<aw2:jmeno>Christopher</aw2:jmeno>
		<aw2:prijmeni>Walken</aw2:prijmeni>
		<aw2:oceneni>OSCAR - nejlepší herec ve vedlejší roli</aw2:oceneni>
	</aw2:osoba>
	<aw2:osoba>
		<aw2:jmeno>Catherine</aw2:jmeno>
		<aw2:prijmeni>Zeta-Jones</aw2:prijmeni>
		<aw2:oceneni>OSCAR - nejlepší herečka ve vedlejší roli</aw2:oceneni>
	</aw2:osoba>
	<aw2:osoba>
		<aw2:jmeno>Hans</aw2:jmeno>
		<aw2:prijmeni>Zimmer</aw2:prijmeni>
		<aw2:oceneni>OSCAR - nejlepší původní hudba k filmu</aw2:oceneni>
	</aw2:osoba>
	<aw2:osoba>
		<aw2:jmeno>Morgan</aw2:jmeno>
		<aw2:prijmeni>Freemen</aw2:prijmeni>
		<aw2:oceneni>OSCAR - nejlepší herec ve vedlejší roli</aw2:oceneni>
	</aw2:osoba>
	<aw2:osoba>
		<aw2:jmeno>Phillip</aw2:jmeno>
		<aw2:prijmeni>Kaufmann</aw2:prijmeni>
		<aw2:oceneni>OSCAR - nejlepší původní scénář</aw2:oceneni>
	</aw2:osoba>
	<aw2:osoba>
		<aw2:jmeno>Randy</aw2:jmeno>
		<aw2:prijmeni>Newman</aw2:prijmeni>
		<aw2:oceneni>OSCAR - nejlepší původní píseň k filmu</aw2:oceneni>
	</aw2:osoba>
	<aw2:osoba>
		<aw2:jmeno>Colin</aw2:jmeno>
		<aw2:prijmeni>Firth</aw2:prijmeni>
		<aw2:oceneni>OSCAR - nejlepší herec v hlavní roli</aw2:oceneni>
	</aw2:osoba>
</seznam>