<?xml version="1.0" encoding="utf-8"?>
<!--3. zápočtový úkol z předmětu Technologie XML-->
<katalog>
	<metadata>
		<autor>
			<jmeno>Václav</jmeno>
			<prijmeni>Brodec</prijmeni>
			<pozice>hlavní vývojář</pozice>
			<email typ="soukromy">v-brody@seznam.cz</email>
			<email typ="firemni">brodec@Blablacorp.cz</email>
			<icq>666666666</icq>
			<www>http://www.bcorp.com</www>
			<adresa>
				<ulice>Smetanova</ulice>
				<cp>1224</cp>
				<psc>36301</psc>
				<mesto>Ostrov</mesto>
				<stat kod="CZ">Česká republika</stat>
			</adresa>
			<telefon>+420775445490</telefon>
			<fax>+420333666999</fax>
			<fotografie src="foto-autor.jpg"/>
			<firma>
				<nazev>Blablacorp, a. s.</nazev>
				<ic>798721321</ic>
				<dic>298182132</dic>
				<adresa>
					<ulice>Lisztova</ulice>
					<cp>12</cp>
					<psc>36301</psc>
					<mesto>Ostrov</mesto>
					<stat kod="CZ">Česká republika</stat>
				</adresa>
				<html-kontakty>
					<ul>
						<li><a href="mailto:inbox@bcorp.com">Kontaktní e-mail</a></li>
						<li><a href="http://www.bcorp.com/">Oficiální web</a></li>
						<li><a href="http://www.bcorpfoundation.org/">Oficiální web dobročinné nadace</a></li>
					</ul>
				</html-kontakty>
			</firma>
		</autor>
		<verze>1.0</verze>
		<datum-vytvoreni>5. 3. 2010.</datum-vytvoreni>
<!--Pokusí se zjistit datum pomocí skriptovacího jazyka-->
		<aktualni-datum>28. 3. 2012</aktualni-datum>
	</metadata>
	<demo>
		<prezentace src="demosnimek1"/>
	</demo>
	<filmy>
		<film id="id0001" distribucni-kody="DCZ01 TPOE 2CZ">
			<typ>hraný</typ>
			<nazev>Dvě cesty zla</nazev>
			<rok-vyroby>2007</rok-vyroby>
			<reziseri>
				<osoba-link id="id1001"/>
			</reziseri>
			<herci>
				<osoba-link id="id1001"/>
				<osoba-link id="id1002"/>
			</herci>
			<skladatele>
				<osoba-link id="id1003"/>
			</skladatele>
			<popis> Mladý pár (v hlavní roli slavný <osoba-link id="id1001">svůdce žen Gutierez</osoba-link> a megahvězda <osoba-link id="id1004">Agnetha Ulrichovna</osoba-link>) se vydá na dramatickou plavbu na lodi...</popis>
			<obrazky>
				<fotografie src="dcz-2589.jpg"/>
			</obrazky>
			<videa>
				<video>
					<titulek>Upoutávka 1</titulek>
					<videosoubor src="video"/>
				</video>
			</videa>
		</film>
		<film id="id0002">
			<typ>animovaný</typ>
			<nazev>Krteček Unleashed</nazev>
			<rok-vyroby>2002</rok-vyroby>
			<reziseri>
				<osoba-link id="id1005"/>
				<osoba-link id="id1006"/>
			</reziseri>
			<herci>
				<osoba-link id="id1001"/>
			</herci>
			<skladatele/>
			<popis>Fenomenální film <osoby-linky ids="id1005 id1006">bratří Bobů</osoby-linky>, který dosud nebyl v ČR uveden.</popis>
			<obrazky>
				<fotografie src="ku-2500.jpg"/>
				<fotografie src="ku-2590.jpg"/>
			</obrazky>
			<videa>
				<video>
					<titulek>Předfilm</titulek>
					<videosoubor src="video"/>
				</video>
			</videa>
		</film>
		<film id="id0003">
			<typ>hraný</typ>
			<nazev>Terminál</nazev>
			<rok-vyroby>2004</rok-vyroby>
			<reziseri>
				<osoba-link id="id1007"/>
			</reziseri>
			<herci>
				<osoba-link id="id1008"/>
				<osoba-link id="id1009"/>
			</herci>
			<skladatele/>
			<popis>Dojemný film s hvězdami první velikosti - Oscary ověnčenými <osoba-link id="id1008">Tomem Hanksem</osoba-link> a <osoba-link id="id1009">Catherine Zeta-Jones</osoba-link>.</popis>
			<obrazky>
				<fotografie src="t-21312.jpg"/>
				<fotografie src="t-212832.jpg"/>
				<fotografie src="t-214832.jpg"/>
			</obrazky>
			<videa/>
		</film>
		<film id="id0004">
			<typ>hraný</typ>
			<nazev>The Last Gun</nazev>
			<rok-vyroby>1956</rok-vyroby>
			<reziseri>
				<osoba-link id="id1007"/>
			</reziseri>
			<herci/>
			<skladatele/>
			<popis>Režisér natočil v 13 letech.</popis>
			<obrazky/>
			<videa/>
		</film>
		<film id="id0005">
			<typ>hraný</typ>
			<nazev>Chyť mě, když to dokážeš</nazev>
			<rok-vyroby>2002</rok-vyroby>
			<reziseri>
				<osoba-link id="id1007"/>
			</reziseri>
			<herci>
				<osoba-link id="id1010"/>
				<osoba-link id="id1008"/>				
				<osoba-link id="id1011"/>
			</herci>
			<skladatele/>
			<popis>Hravá komedie podle skutečných událostí</popis>
			<obrazky/>
			<videa/>
		</film>
		<film id="id0006">
			<typ>hraný</typ>
			<nazev>Sucker Punch</nazev>
			<rok-vyroby>2011</rok-vyroby>
			<reziseri>
				<osoba-link id="id1012"/>
			</reziseri>
			<herci>
			</herci>
			<skladatele/>
			<popis>Vizuální nářez roku.</popis>
			<obrazky/>
			<videa/>
		</film>
		<film id="id0007">
			<typ>hraný</typ>
			<nazev>Ospalá díra</nazev>
			<rok-vyroby>1999</rok-vyroby>
			<reziseri />
			<herci>
				<osoba-link id="id1013"/>
				<osoba-link id="id1011"/>
			</herci>
			<skladatele/>
			<popis>Gotický horror.</popis>
			<obrazky/>
			<videa/>
		</film>
	</filmy>
	<osoby>
		<osoba id="id1001">
			<jmeno>Benito</jmeno>
			<prijmeni>Gutierez</prijmeni>
			<datum-narozeni>24. 1. 1980</datum-narozeni>
			<obcanstvi>Argentina</obcanstvi>
		</osoba>
		<osoba id="id1002">
			<jmeno>Alfredo</jmeno>
			<prijmeni>Lotredo</prijmeni>
			<datum-narozeni>2. 11. 1950</datum-narozeni>
			<obcanstvi>Itálie</obcanstvi>
		</osoba>
		<osoba id="id1003">
			<jmeno>Ennio</jmeno>
			<prijmeni>Fefferone</prijmeni>
			<datum-narozeni>2. 11. 1930</datum-narozeni>
			<obcanstvi>Itálie</obcanstvi>
		</osoba>
		<osoba id="id1004">
			<jmeno>Agnetha</jmeno>
			<prijmeni>Ulrichovna</prijmeni>
			<datum-narozeni>22. 11. 1970</datum-narozeni>
			<obcanstvi>Kazachstán</obcanstvi>
		</osoba>
		<osoba id="id1005">
			<jmeno>Billy</jmeno>
			<prijmeni>Bob</prijmeni>
			<datum-narozeni>1. 1. 1971</datum-narozeni>
			<obcanstvi>Spojené státy americké</obcanstvi>
		</osoba>
		<osoba id="id1006">
			<jmeno>Joey</jmeno>
			<prijmeni>Bob</prijmeni>
			<datum-narozeni>1. 1. 1971</datum-narozeni>
			<obcanstvi>Spojené státy americké</obcanstvi>
		</osoba>
		<osoba id="id1007">
			<jmeno>Steven</jmeno>
			<prijmeni>Spielberg</prijmeni>
			<datum-narozeni>18. 12. 1946</datum-narozeni>
			<obcanstvi>Spojené státy americké</obcanstvi>
		</osoba>
		<osoba id="id1008">
			<jmeno>Tom</jmeno>
			<prijmeni>Hanks</prijmeni>
			<datum-narozeni>9. 7. 1956</datum-narozeni>
			<obcanstvi>Spojené státy americké</obcanstvi>
		</osoba>
		<osoba id="id1009">
			<jmeno>Catherine</jmeno>
			<prijmeni>Zeta-Jones</prijmeni>
			<datum-narozeni>25. 9. 1969</datum-narozeni>
			<obcanstvi>Spojené království Velké Británie a Severního Irska</obcanstvi>
		</osoba>
		<osoba id="id1010">
			<jmeno>Leonardo</jmeno>
			<prijmeni>DiCaprio</prijmeni>
			<datum-narozeni>11. 11. 1974</datum-narozeni>
			<obcanstvi>Spojené státy americké</obcanstvi>
		</osoba>
		<osoba id="id1011">
			<jmeno>Christopher</jmeno>
			<prijmeni>Walken</prijmeni>
			<datum-narozeni>31. 3. 1943</datum-narozeni>
			<obcanstvi>Spojené státy americké</obcanstvi>
		</osoba>
		<osoba id="id1012">
			<jmeno>Zack</jmeno>
			<prijmeni>Snyder</prijmeni>
			<datum-narozeni>1. 3. 1966</datum-narozeni>
			<obcanstvi>Spojené státy americké</obcanstvi>
		</osoba>
		<osoba id="id1013">
			<jmeno>Christopher</jmeno>
			<prijmeni>Lee</prijmeni>
			<datum-narozeni>27. 5. 1922</datum-narozeni>
			<obcanstvi>Spojené království Velké Británie a Severního Irska</obcanstvi>
		</osoba>
	</osoby>
</katalog>