<?xml version="1.0" encoding="utf-8"?>
<!--4. zápočtový úkol z předmětu Technologie XML-->
<prehled xmlns:aw1="http://www.ms.mff.cuni.cz/~brodecva/aw1">
	<aw1:laureat aw1:jmeno="Leonardo" aw1:prijmeni="DiCaprio">
		<aw1:uspechy>
			<aw1:cena aw1:id="563">Zlatý globus - nejlepší herec ve filmovém dramatu</aw1:cena>
		</aw1:uspechy>
	</aw1:laureat>
	<aw1:laureat aw1:jmeno="Steven" aw1:prijmeni="Spielberg">
		<aw1:uspechy>
			<aw1:cena aw1:id="786">OSCAR - režie</aw1:cena>
			<aw1:cena aw1:id="799">OSCAR - režie</aw1:cena>
		</aw1:uspechy>
	</aw1:laureat>
	<aw1:laureat aw1:jmeno="Zack" aw1:prijmeni="Snyder">
		<aw1:uspechy>
			<aw1:cena aw1:id="213">Saturn Award - nejlepší režisér</aw1:cena>
		</aw1:uspechy>
	</aw1:laureat>
</prehled>