<?xml version="1.0" encoding="UTF-8"?>
<restaurant>
	<script><![CDATA[
function countwo(a,b)
{
	return a+b;
}
]]></script>
	<!-- list of meals -->
	<menu>
		<meal id="m1" category="Soup">
			<name>Slepačí vývar</name>
			<price>1.20</price>
			<weight>0.33<measure>l</measure>
			</weight>
			<recommended>
				<side_dish>Maso</side_dish>
				<beverage>
					<alco/>
					<non_alco/>
				</beverage>
			</recommended>
			<notice/>
			<allergens_ref>a1</allergens_ref>
		</meal>
		<meal id="m13" category="Soup">
			<name>Slepačí vývar</name>
			<price>3.00</price>
			<weight>0.60<measure>l</measure>
			</weight>
			<recommended>
				<side_dish>Rezance</side_dish>
				<beverage>
					<alco/>
					<non_alco/>
				</beverage>
			</recommended>
			<notice/>
			<allergens_ref>2</allergens_ref>
		</meal>
		<meal id="m14" category="Soup">
			<name>Gulas</name>
			<price>3.20</price>
			<weight>0.45<measure>l</measure>
			</weight>
			<recommended>
				<side_dish>Chlieb</side_dish>
				<beverage>
					<alco/>
					<non_alco/>
				</beverage>
			</recommended>
			<notice/>
		</meal>
		<meal id="m2" category="Soup">
			<name>Kapustnica</name>
			<price>2.20</price>
			<weight>0.33<measure>l</measure>
			</weight>
			<recommended>
				<side_dish>Chlieb</side_dish>
				<beverage>
					<alco/>
					<non_alco/>
				</beverage>
			</recommended>
			<notice></notice>
			<allergens_ref>a3</allergens_ref>
				</meal>
		<meal id="m3" category="Fish">
			<name>Pstruh na rošte s bylinkovým maslom</name>
			<price>5.30</price>
			<weight>200<measure>g</measure>
			</weight>
			<recommended>
				<side_dish>Dusená ryža</side_dish>
				<beverage>
					<alco>Malibu</alco>
					<non_alco>Mlieko</non_alco>
				</beverage>
			</recommended>
			<notice/>
			<allergens_ref>a4</allergens_ref>
		</meal>
		<meal id="m4" category="Fish">
			<name>Pstruh na mlynarsky sposob</name>
			<price>8.30</price>
			<weight>180<measure>g</measure>
			</weight>
			<recommended>
				<side_dish>Otvorený zemiak s tsatzikami</side_dish>
				<beverage>
					<alco>Fernet stock</alco>
					<non_alco>Ice tea</non_alco>
				</beverage>
			</recommended>
			<notice/>
			<allergens_ref>a5</allergens_ref>
		</meal>
		<meal id="m5" category="Fish">
			<name>Losos steak na grile s bylinkami</name>
			<price>7.30</price>
			<weight>200<measure>g</measure>
			</weight>
			<recommended>
				<side_dish>Chlieb</side_dish>
				<beverage>
					<alco>Slivovica Bošácka</alco>
					<non_alco>Džús Toma</non_alco>
				</beverage>
			</recommended>
			<notice/>
						<allergens_ref>a5</allergens_ref>

		</meal>
		<meal id="m6" category="Meatless">
			<name>Bryndzove halusky</name>
			<price mena="Eur">7.50</price>
			<weight>300<measure>g</measure>
			</weight>
			<recommended>
				<side_dish>Zemiakové hranolky</side_dish>
				<beverage>
					<alco>Borovička zlatá</alco>
					<non_alco>Kapucín</non_alco>
				</beverage>
			</recommended>
			<notice/>
			<allergens_ref>a6</allergens_ref>
		</meal>
		<meal id="m7" category="Meatless">
			<name>Lekvárové pirohy so strúhankou a maslom</name>
			<price>5.50</price>
			<weight>250<measure>g</measure>
			</weight>
			<recommended>
				<side_dish>Anglická zelenina</side_dish>
				<beverage>
					<alco>Hruškovica spišská</alco>
					<non_alco>Mlieko</non_alco>
				</beverage>
			</recommended>
			<notice>&lt;</notice>
			<allergens_ref>a7</allergens_ref>
		</meal>
		<meal id="m8" category="Meatless">
			<name>Vyprazany syr</name>
			<price>5.50</price>
			<weight>300<measure>g</measure>
			</weight>
			<recommended>
				<side_dish>Zemiakové hranolky</side_dish>
				<beverage>
					<alco>Borovička zlatá</alco>
					<non_alco>Kapucín</non_alco>
				</beverage>
			</recommended>
			<notice/>
						<allergens_ref>a4</allergens_ref>

		</meal>
		<meal id="m9" category="Meatless">
			<name>Loksa plnena hydinovou pecenou</name>
			<price>6.25</price>
			<weight>300<measure>g</measure>
			</weight>
			<notice/>
			<allergens_ref>a1</allergens_ref>
		</meal>
		<meal id="m10" category="Meat">
			<name>Bravčový rezeň so syrom</name>
			<price>5.20</price>
			<weight>300<measure>g</measure>
			</weight>
			<notice/>
			<allergens_ref>a4</allergens_ref>
		</meal>
		<meal id="m11" category="Meat">
			<name>Pandurska zivanska</name>
			<price>5.50</price>
			<weight>225<measure>g</measure>
			</weight>
			<recommended>
				<side_dish>Gazdovske zemiaky</side_dish>
				<beverage>
					<alco>Smädný mních 10°</alco>
					<non_alco>Cappuccino</non_alco>
				</beverage>
			</recommended>
			<notice/>
			<allergens_ref>a5</allergens_ref>
		</meal>
		<meal id="m12" category="Meat">
			<name>Steak na polovnicky sposob</name>
			<price>10.70</price>
			<weight>250<measure>g</measure>
			</weight>
			<recommended>
				<side_dish>Opekane zemiaky</side_dish>
				<beverage>
					<alco>Šariš sv. 12°</alco>
					<non_alco>Horúca čokoláda</non_alco>
				</beverage>
			</recommended>
			<notice/>
			<allergens_ref>a6</allergens_ref>
		</meal>
	</menu>
	<!-- selling statistic -->
	<statistic>
		<month m="january">
			<meal_s id_ref="m1"/>
			<meal_count>52</meal_count>
		</month>
		<month m="february">
			<meal_s id_ref="m2"/>
			<meal_count>12</meal_count>
		</month>
		<month m="march">
			<meal_s id_ref="m3"/>
			<meal_count>13</meal_count>
		</month>
		<month m="april">
			<meal_s id_ref="m4"/>
			<meal_count>14</meal_count>
		</month>
		<month m="may">
			<meal_s id_ref="m5"/>
			<meal_count>51</meal_count>
		</month>
		<month m="june">
			<meal_s id_ref="m4"/>
			<meal_count>42</meal_count>
		</month>
		<month m="july">
			<meal_s id_ref="m9"/>
			<meal_count>34</meal_count>
		</month>
		<month m="august">
			<meal_s id_ref="m9"/>
			<meal_count>71</meal_count>
		</month>
		<month m="september">
			<meal_s id_ref="m1"/>
			<meal_count>14</meal_count>
		</month>
		<month m="october">
			<meal_s id_ref="m2"/>
			<meal_count>41</meal_count>
		</month>
		<month m="november">
			<meal_s id_ref="m3"/>
			<meal_count>31</meal_count>
		</month>
		<month m="december">
			<meal_s id_ref="m4"/>
			<meal_count>24</meal_count>
		</month>
	</statistic>
</restaurant>
