<?xml version="1.0" encoding="UTF-8"?>
<!--<!DOCTYPE videopujcovna SYSTEM "videopujcovna.dtd">-->
<videopujcovna>
	<zakaznik idZ="Z001">
		<jmeno>Petr</jmeno>
		<prijmeni>Novák</prijmeni>
		<datumNar>1990-05-28</datumNar>
		<vek>22</vek>
		<kontakt>
			<adresa>
				<ulice>U Uranie 22</ulice>
				<mesto>Praha</mesto>
				<psc>170 00</psc>
			</adresa>
			<mail>p.novak@mmm.cz</mail>
		</kontakt>
	</zakaznik>
	<zakaznik idZ="Z002">
		<jmeno>Jan</jmeno>
		<prijmeni>Novotny</prijmeni>
		<datumNar>1990-06-20</datumNar>
		<vek>22</vek>
		<kontakt>
			<adresa>
				<ulice>Dolakova 15</ulice>
				<mesto>Praha</mesto>
				<psc>180 00</psc>
			</adresa>
			<telefon>555666777</telefon>
		</kontakt>
	</zakaznik>
	<zakaznik idZ="Z003">
		<jmeno>Jiří</jmeno>
		<prijmeni>Volavka</prijmeni>
		<datumNar>1990-09-11</datumNar>
		<vek>22</vek>
		<kontakt>
			<adresa>
				<ulice>Dělnická 2</ulice>
				<mesto>Praha</mesto>
				<psc>170 00</psc>
			</adresa>
			<telefon>222333444</telefon>
			<mail>j.volavka@mmm.cz</mail>
		</kontakt>
	</zakaznik>
	<zakaznik idZ="Z004">
		<jmeno>Milan</jmeno>
		<prijmeni>Krátký</prijmeni>
		<datumNar>1990-12-02</datumNar>
		<vek>22</vek>
		<kontakt>
			<adresa>
				<ulice>Lipová 13</ulice>
				<mesto>Praha</mesto>
				<psc>180 00</psc>
			</adresa>
			<telefon>888999888</telefon>
		</kontakt>
	</zakaznik>
	<video idV="V023" kategorie="film" forma="DVD" >
		<nazevPuvod>Eagle Eye</nazevPuvod>
		<nazevPreklad>Oko dravce</nazevPreklad>
		<typ>Akční Mysteriózní Thriller</typ>
		<zemePuvodu>USA / Německo</zemePuvodu>
		<rokVydani>2008</rokVydani>
		<delka>118</delka>
		<obsazeni>
			<rezie>D.J. Caruso</rezie>
			<hudba>Brian Tyler</hudba>
			<herec>
				<jmeno>Michelle Monaghan</jmeno>
				<datumNar>1976-03-23</datumNar>
				<puvod>USA</puvod>
			</herec>
			<herec>
				<jmeno>Shia LaBeouf</jmeno>
				<datumNar>1986-06-11</datumNar>
				<puvod>USA</puvod>
			</herec>
		</obsazeni>
	</video>
	<video idV="V024" kategorie="film" forma="DVD" >
		<nazevPuvod>Transformers</nazevPuvod>
		<nazevPreklad>Transformers</nazevPreklad>
		<typ>Akční Dobrodružný Thriller</typ>
		<zemePuvodu>USA</zemePuvodu>
		<rokVydani>2009</rokVydani>
		<delka>150</delka>
		<obsazeni>
			<rezie>Michael Bay</rezie>
			<hudba>Steve Jablonsky </hudba>
			<herec>
				<jmeno>Megan Fox</jmeno>
				<datumNar>1986-05-16</datumNar>
				<puvod>USA</puvod>
			</herec>
			<herec>
				<jmeno>Shia LaBeouf</jmeno>
				<datumNar>1986-06-11</datumNar>
				<puvod>USA</puvod>
			</herec>
		</obsazeni>
	</video>
	<video idV="V025" kategorie="film" forma="DVD">
		<nazevPuvod>Pirates of the Caribbean: The Curse of the Black Pearl</nazevPuvod>
		<nazevPreklad>Piráti z Karibiku: Prokletí Černé perly </nazevPreklad>
		<typ>Dobrodružný Akční Komedie</typ>
		<zemePuvodu>USA</zemePuvodu>
		<rokVydani>2003</rokVydani>
		<delka>143</delka>
		<obsazeni>
			<rezie>Gore Verbinski</rezie>
			<hudba>Klaus Badelt</hudba>
			<herec>
				<jmeno>Johnny Depp</jmeno>
				<datumNar>1963-06-09 </datumNar>
				<puvod>USA</puvod>
			</herec>
			<herec>
				<jmeno>Orlando Bloom</jmeno>
				<datumNar>1977-01-13</datumNar>
				<puvod>Velká Británie</puvod>
			</herec>
			<herec>
				<jmeno>Keira Knightley</jmeno>
				<datumNar>1985-03-26</datumNar>
				<puvod>Velká Británie</puvod>
			</herec>
		</obsazeni>
	</video>
	<video idV="V066" kategorie="film" forma="Blu-ray" >
		<nazevPuvod>Ice Age</nazevPuvod>
		<nazevPreklad>Doba ledová</nazevPreklad>
		<typ>Animovaný Dobrodružný Komedie Rodinný</typ>
		<zemePuvodu>USA</zemePuvodu>
		<rokVydani>2002</rokVydani>
		<delka>78</delka>
		<obsazeni>
			<rezie>Carlos Saldanha</rezie>
			<rezie>Chris Wedge</rezie>
			<hudba>David Newman</hudba>
			<herec>
				<jmeno>Ray Romano </jmeno>
				<datumNar>1957-12-21</datumNar>
				<puvod>USA</puvod>
			</herec>
			<herec>
				<jmeno>John Leguizamo </jmeno>
				<datumNar>1964-07-22</datumNar>
				<puvod>Kolumbie</puvod>
			</herec>
		</obsazeni>
	</video>
	<video idV="V067" kategorie="film" forma="Blu-ray">
		<nazevPuvod>Pirates of the Caribbean: On Stranger Tides</nazevPuvod>
		<nazevPreklad>Piráti z Karibiku: Na vlnách podivna</nazevPreklad>
		<typ>Dobrodružný Akční Komedie</typ>
		<zemePuvodu>USA</zemePuvodu>
		<rokVydani>2011</rokVydani>
		<delka>131</delka>
		<obsazeni>
			<rezie>Rob Marshall</rezie>
			<hudba>Hans Zimmer </hudba>
			<herec>
				<jmeno>Johnny Depp</jmeno>
				<datumNar>1963-06-09 </datumNar>
				<puvod>USA</puvod>
			</herec>
			<herec>
				<jmeno>Penélope Cruz</jmeno>
				<datumNar>1974-04-28</datumNar>
				<puvod>Španělsko </puvod>
			</herec>
		</obsazeni>
	</video>
	<pujcka idP="P002" vraceno="ANO" >
		<kdo>Z001</kdo>
		<co>
			<vidKopie>V023</vidKopie>
		</co>
		<vypujcil>
			<datum>2012-03-12</datum>
			<cas>14:25:00</cas>
		</vypujcil>
		<vratit>
			<datum>2012-03-13</datum>
			<cas>18:00:00</cas>
		</vratit>
	</pujcka>
	<pujcka idP="P003" vraceno="ANO" >
		<kdo>Z003</kdo>
		<co>
			<vidKopie>V025</vidKopie>
		</co>
		<vypujcil>
			<datum>2012-03-15</datum>
			<cas>14:25:00</cas>
		</vypujcil>
		<vratit>
			<datum>2012-03-16</datum>
			<cas>18:00:00</cas>
		</vratit>
	</pujcka>
	<pujcka idP="P004" vraceno="ANO" >
		<kdo>Z002</kdo>
		<co>
			<vidKopie>V066</vidKopie>
			<vidKopie>V067</vidKopie>
		</co>
		<vypujcil>
			<datum>2012-04-12</datum>
			<cas>14:25:00</cas>
		</vypujcil>
		<vratit>
			<datum>2012-03-13</datum>
			<cas>18:00:00</cas>
		</vratit>
	</pujcka>
	<pujcka idP="P005" vraceno="ANO" >
		<kdo>Z002</kdo>
		<co>
			<vidKopie>V025</vidKopie>
			<vidKopie>V066</vidKopie>
		</co>
		<vypujcil>
			<datum>2012-04-23</datum>
			<cas>14:25:00</cas>
		</vypujcil>
		<vratit>
			<datum>2012-03-13</datum>
			<cas>18:00:00</cas>
		</vratit>
	</pujcka>
	<rezervace idR="R001">
		<kdo>Z001</kdo>
		<co>V066</co>
	</rezervace>
	<rezervace idR="R002">
		<kdo>Z001</kdo>
		<co>V067</co>
	</rezervace>
</videopujcovna>
