<?xml version="1.0" encoding="UTF-8"?>
<akademia xmlns:xsi="http://www.w3.org/2001/XMLSchema-instance" xsi:noNamespaceSchemaLocation="moje.xsd">

	<nazov>Akademie muzickych umeni</nazov>
	<skratka>AMU</skratka>
	<adresa>
			<mesto>praha</mesto>
			<ulica>Malostranske namesti</ulica>
			<email>info@amu.cz</email>
			<cislo>12</cislo>
			<psc>11800</psc>
			
	</adresa>
	
	<fakulta>
	
		
	
		<nazov>Divadelni fakulta</nazov>
		
		
		<zamestnanci>
		
			<ucitel id="Z01">
				<meno>Filip</meno>
				<priezvisko>Tichy</priezvisko>
				<predmet>P01</predmet>
			</ucitel>

			<student id="Z02">
				<meno>Nina</meno>
				<priezvisko>Malacinova</priezvisko>
			</student>
			

			
		</zamestnanci>
		
		<predmet id="P01">Dramatické postavy</predmet>
		
	</fakulta>
	
</akademia>
