<?xml version="1.0" encoding="UTF-8"?>
<!DOCTYPE library SYSTEM "data.dtd">

<!-- evidence knih -->
<library>
	<book>
		<name>Lineární algebra</name>
		<author>Jindřich Bečvář</author>
		<language>czech</language>
		<published>
			<publisher>
				<name>Matfyzpress</name>
				<address>
					<street>Sokolovská</street>
					<num>83</num>
					<city>Praha 8</city>
					<postalCode>18675</postalCode>
				</address>
				<year>2005</year>
			</publisher>
			<printer>
				<name>Reprostředisko UK MFF</name>
				<address>
					<street>Sokolovská</street>
					<num>83</num>
					<city>Praha 8</city>
					<postalCode>18675</postalCode>
				</address>
			</printer>
			<editionNum>3</editionNum>
		</published>
		<ISBN code="ISBN-80-86732-57-6"/>
		<ISBN commentary="druhé vydání" code="ISBN-80-85863-92-8"/>
		<ISBN commentary="první vydání" code="ISBN-80-85863-61-8"/>
		<category>&typeTextbook;</category>
		<category>&typeProfessional;</category>
		<printsInLib>4</printsInLib>
		<locationInLib>
			<present row="1" line="1"/>
			<borrowed day="2" month="5" year="2011"/>
			<depositary row="2" line="3"/>
			<present row="1" line="1"/>
		</locationInLib>
	</book>
	<book>
	    <name>Sbírka úloh a cvičení z matematické analýzy</name>
	    <author>Boris Pavlovič Děmidovič</author>
	    <language>czech</language>
	    <translation>
	    	<name>Collection of Problems and Excersises in Mathematical Analysis</name>
	    	<translator>Miroslav Rozložník</translator>
	    	<translator>Miroslav Tůma</translator>
	    </translation>
	    <published>
	        <publisher>
	            <name>Fragment</name>
	            <address>
	                <street>Pujmanové</street>
	                <num>1221/4</num>
	                <city>Praha 4</city>
	                <postalCode>14000</postalCode>
	            </address>
	            <year>2003</year>
	        </publisher>
	        <printer>
	            <name>Reprostředisko UK MFF</name>
	        </printer>
	        <editionNum>1</editionNum>
	    </published>
	    <ISBN code="ISBN-80-7200-587-1"/>
	    <category>&typeTextbook;</category>
	    <category>&typeProfessional;</category>
	    <printsInLib>1</printsInLib>
	    <locationInLib>
	        <present row="4" line="2"/>
	        <depositary row="1" line="2"/>
	    </locationInLib>
	</book>
	<book>
		<name>Fragile Things Short Fictions and Wonders</name>
		<author>Niel Gaiman</author>
		<language>english</language>
		<published>
			<publisher>
				<name>Headline Publishing Group</name>
				<address>
					<street>Euston Road</street>
					<num>338</num>
					<city>London</city>
					<postalCode>NW13BH</postalCode>
				</address>
				<year>2007</year>
			</publisher>
			<printer>
				<name>CPI Mackays</name>
				<address>
					<street>neznámé</street>
					<num>neznámé</num>
					<city>Chatham</city>
					<postalCode>ME58TD</postalCode>
				</address>
			</printer>
			<editionNum>2</editionNum>
		</published>
		<ISBN commentary="A format" code="ISBN-978-0-755-3415-5"/>
		<ISBN commentary="B format" code="ISBN-978-0-755-3414-8"/>
		<category>&typeFiction;</category>
		<commentary>
			<ISBNref code="ISBN-978-0-755-3415-5"/> je mnohem lepší než <ISBNref code="ISBN-978-0-755-3414-8"/>. Názor z <![CDATA[ { document.writeln(new Date()); } ]]>
		</commentary>
		<printsInLib>2</printsInLib>
		<locationInLib>
			<present row="1" line="2"/>
			<borrowed day="23" month="4" year="2011"/>
		</locationInLib>
	</book>
	<book>
		<name>Američtí bohové</name>
		<author>Niel Gaiman</author>
		<language>czech</language>
		<translation>
			<name>American Gods</name>
			<translator>Ladislava Vojtková</translator>
		</translation>
		<published>
			<publisher>
				<name>Polaris</name>
				<address>
					<street>Poříčí</street>
					<num>218</num>
					<city>Frenštát pod Radhoštěm</city>
				</address>
				<year>2007</year>
			</publisher>
			<printer>
				<name>Printo s.r.o.</name>
				<address>
					<street>Gen. Sochora</street>
					<num>1379</num>
					<city>Ostrava Poruba</city>
				</address>
			</printer>
			<editionNum>2</editionNum>
		</published>
		<ISBN code="ISBN-978-80-7332-098-0"/>
		<category>&typeFiction;</category>
		<commentary>Druhé vydání doplněné autorem &amp; komentář k textu</commentary>
		<printsInLib>2</printsInLib>
		<locationInLib>
			<borrowed day="12" month="4" year="2011"/>
			<present row="1" line="2"/>
		</locationInLib>
	</book>
	<book>
		<name>Matematika pro gymnázia Posloupnosti a řady</name>
		<author>Oldřich Odvárko</author>
		<language>czech</language>
		<published>
			<publisher>
				<name>Prometheus, spol. s r.o.</name>
				<address>
					<street>Žitná</street>
					<num>25</num>
					<city>Praha 1</city>
				</address>
				<phone>+420 691 37 15</phone>
				<year>2001</year>
			</publisher>
			<printer>
				<name>B PRINT</name>
				<address>
					<street>Žitavského</street>
					<num>572</num>
					<city>Praha 5 - Zbraslav</city>
				</address>
			</printer>
			<editionNum>2</editionNum>
		</published>
		<ISBN code="ISBN-80-7196-195-7"/>
		<category>&typeTextbook;</category>
		<commentary>dotisk 2. vydání</commentary>
		<printsInLib>3</printsInLib>
		<locationInLib>
			<borrowed day="2" month="5" year="2011"/>
			<borrowed day="6" month="6" year="2011"/>
			<present row="5" line="3"/>
		</locationInLib>
	</book>
	<book>
		<name>C# a WinForms - programování formulářů Windows</name>
		<author>Chris Sels</author>
		<language>czech</language>
		<translation>
			<name>Windows Forms Programming in C#</name>
			<translator>Jan Pokorný</translator>
		</translation>
		<published>
			<publisher>
				<name>ZONER software s.r.o.</name>
				<address>
					<street>Nové sady</street>
					<num>18/583</num>
					<city>Brno</city>
					<postalCode>60200</postalCode>
				</address>
				<phone>+420 532 190 883</phone>
				<year>2005</year>
			</publisher>
			<printer>
				<name>Zoner Press</name>
			</printer>
			<editionNum>1</editionNum>
		</published>
		<ISBN code="ISBN-80-86815-25-0"/>
		<category>&typeProfessional;</category>
		<commentary><?php echo Date("d.m.Y")?></commentary>
		<printsInLib>1</printsInLib>
		<locationInLib>
			<borrowed day="1" month="3" year="2011"/>
		</locationInLib>
	</book>
	<book>
		<name>Pravděpodobnost a matematická statistika</name>
		<author>Karel Zvára</author>
		<author>Josef Štěpán</author>
		<language>czech</language>
		<published>
			<publisher>
				<name>Matfyzpress</name>
				<address>
					<street>Sokolovská</street>
					<num>83</num>
					<city>Praha 8</city>
					<postalCode>18675</postalCode>
				</address>
				<year>2006</year>
			</publisher>
			<printer>
				<name>Reprostředisko UK MFF</name>
			</printer>
			<editionNum>4</editionNum>
		</published>
		<ISBN code="ISBN-80-86732-71-7"/>
		<ISBN commentary="1. vydání" code="ISBN-80-85863-24-3"/>
		<ISBN commentary="2. vydání" code="ISBN-80-85863-76-6"/>
		<ISBN commentary="3. vydání" code="ISBN-80-85863-93-6"/>
		<category>&typeProfessional;</category>
		<category>&typeTextbook;</category>
		<commentary>Praha 2006</commentary>
		<printsInLib>2</printsInLib>
		<locationInLib>
			<present line="4" row="2"/>
			<present line="4" row="2"/>
		</locationInLib>
	</book>
</library>