<?xml version="1.0" encoding="UTF-8"?>
<!-- <!DOCTYPE jobs SYSTEM "data.dtd"> -->

<!-- 
	DATABÁZE PRACÍ / BRIGÁD
	root element jobs obsahuje nabídky (zadavatel a práce které nabízí) 
	a zájemce o tyto pozice (pomocí reference na id konkrétní práce)
-->

<jobs xmlns:xsi="http://www.w3.org/2001/XMLSchema-instance" 
              xsi:noNamespaceSchemaLocation="data.xsd">
              
	<nabidka>
		<zadavatel>
			<nazev-firmy>Web4u s.r.o.</nazev-firmy>
			<adresa>
				<mesto>Praha <mestska-cast>3</mestska-cast></mesto>
				<ulice-cp>Vinohradská 184</ulice-cp>
				<psc>13052</psc>
			</adresa>
			<jmeno>Jan</jmeno>
			<prijmeni>Bednář</prijmeni>
			<titul>Ing.</titul>
			<email>info@web4u.cz</email>
			<telefon>+420 270 001 456</telefon>
			<web>www.web4u.cz</web>
			<ico>26058774</ico>
			<dic>CZ26058774</dic>
		</zadavatel>
		<prace id="prace1" volne-misto="ano" typ="dohoda o provedeni prace">
			<pozice>PHP programátor</pozice>
			<popis>Hledáme schopného PHP programátora, který by rozšířil náš tým a nastartoval s námi svou kariéru. Kandidát musí znát webové technologie, měl by se rád učit novým věcem a programování by pro něj nemělo být jenom prací, ale i koníčkem. Požadujeme orientaci v LAMP, Javascriptu, HTML/XHTML a CSS.</popis>
			<potrebne-znalosti>PHP 5 a MySQL, HTML, XHTML, JavaScriptu a CSS, základní znalost angličtiny</potrebne-znalosti>
			<plat>150</plat>
			<datum>
				<od>2014-03-20</od>
				<do>2014-09-01</do>
			</datum>
		</prace>
		<prace id="prace2" volne-misto="ne">
			<pozice>Administrátor IT</pozice>
			<popis>Pracovní agentura Web4u hledá kandidáty na pozici Administrátor IT v lokalitě Postřižín.</popis>
			<potrebne-znalosti>instalace a správa počítačového HW a SW, řešení uživatelských problémů s programy skladu, instalace ostatních používaných programů, nastavování telefonů, zálohování dat apod</potrebne-znalosti>
			<plat>170</plat>
			<datum>
				<od>2014-03-15</od>
				<do>2014-12-31</do>
			</datum>
		</prace>
		<prace id="prace3" volne-misto="ano">
			<pozice>IT manažer</pozice>
			<popis>Pracovní agentura hledá kandidáty na pozici IT manažer v Praze.</popis>
			<potrebne-znalosti>vedení týmu mladých programátorů, spolehlivost</potrebne-znalosti>
			<plat>200</plat>
			<datum>
				<od>2014-03-15</od>
			</datum>
		</prace>
	</nabidka>
	
	<zajemce>
		<o-praci id="prace1"/>
		<jmeno>Jaroslav</jmeno>
		<prijmeni>Lukeš</prijmeni>
		<titul>Ing.</titul>
		<email>lukes@gmail.com</email>
		<telefon/>
		<text-zpravy>Dobrý den, mám zájem o Vaši nabídku práce na pozici <pozice>PHP programátor</pozice></text-zpravy>
	</zajemce>
	<zajemce>
		<o-praci id="prace1"/>
		<jmeno>Tomáš</jmeno>
		<prijmeni>Dlaha</prijmeni>
		<email>tomasdlaha@gmail.com</email>
		<telefon>+420 773 023 217</telefon>
		<text-zpravy>Dobrý den, mám zájem o Vaši nabídku práce.></text-zpravy>
	</zajemce>
</jobs>