<?xml version="1.0" standalone="yes"?>
<plugin-manifest>
	<mainFile>XmlDtdChecker.php</mainFile>
	<type>php</type>
	<description>
		Checks validity of supplied XML &amp; DTD documents and coverage of required
		language constructs.
		
		Requires files data.xml and data.dtd with XML valid to supplied DTD. Also
		requires supplied files to contain one of each of following constructs.
		
		DTD: empty elements, text elements, elements with content model, attributes,
		data types (text and enumeration), keys and key references, operators,
		occurence limits for elements and attributes
		XML: elements, attributes, keys and key references, text and mixed content,
		maximum depth of X or more, maximum element fan-out of at least Y (X and Y
		are plugin arguments)
		DTD or XML: entities, processing instructions, CDATA sections, comments
	</description>
	<arguments>
		<argument>maximum depth min.</argument>
		<argument>element fan-out min.</argument>
	</arguments>
</plugin-manifest>