<?xml version="1.0" encoding="windows-1250"?>
	
<!-- Definice dat pomoci DTD 
<!DOCTYPE Database SYSTEM "data.xsd">

<?textinfo alpha-ascending?>
 XML Data -->
 
<database  xmlns:xsi="http://www.w3.org/2001/XMLSchema-instance" xsi:noNamespaceSchemaLocation="data.xsd">	
	
	<person>
		<firstName>Pepa</firstName>
		<lastName>Novak</lastName>
		<telephone>755855955</telephone>
		<address>
			<street>Hnevkovskeho</street>
			<city>Brno</city>
			<country>Ceska republika</country>
		</address>
	</person>
	
	<author descriptionOfAuthor="Total borec"></author>
	<library>
		<countOfClients>345</countOfClients>
		<nameOfLibrary></nameOfLibrary>
		<book nameOfBook="RUR">
			<hodnoceni>23 10 1 45</hodnoceni>
		</book>
	</library>	
	
</database>