<?xml version="1.0" encoding="UTF-8" standalone="no"?><Olympiade_History>
<!-- V tomto elementu budou jednotlive olympiady -->
<?php echo "Informace o Olympiadach"?>
	<Olympiade city="London" country="UK" id="o_1" type="Summer" year="2012">
		<Discipline gender="Men" id="d_1" name="100  metres">
			Tady budou vypsani sportovci:
			
			<![CDATA[<b>...(diky CDATA se mi neparsujou tagy)</b>]]>
		<Sportsman id="s_3"><Record ranking="2" score="9.75"/><Firstname>Yohan</Firstname><Surname>Blake</Surname><Age>24</Age><Nationality>Jamaican</Nationality><PlaceOfBirth>St.James</PlaceOfBirth><Height>180</Height><Weight>76</Weight><Sponsor name="Adidas"><Stuff>Shoes</Stuff></Sponsor><Motto>When you guys are sleeping at night, I am out there working.</Motto></Sportsman></Discipline>
		<Discipline gender="Men" id="d_2" name="Javelin">
			<Sportsman id="s_2">
				<Record ranking="1" score="69.55"/>
				<Firstname>Barbora</Firstname>
				<Surname>?pot?kov?</Surname>
				<Age>32</Age>
				<Nationality>Czech</Nationality>
				<PlaceOfBirth>Jablonec nad Nisou</PlaceOfBirth>
				<Height>189</Height>
				<Weight>80</Weight>
				</Sportsman>
		</Discipline>
		<Discipline gender="Men" id="d_3" name="Kulicky">
			Tato disciplina nema zadneho sportovce.
		</Discipline>
		<DoppingMessage discipline_ID="d_1" id="dm_1" sportsman_ID="s_1"> Tento sportovec dopoval</DoppingMessage>
	</Olympiade>
	<Olympiade city="Sochi" country="Russia" id="o_2" type="Summer" year="2014">
	</Olympiade>
</Olympiade_History>