<?xml version="1.0" encoding="UTF-8"?>
<network xmlns:xsi="http://www.w3.org/2001/XMLSchema-instance" xsi:noNamespaceSchemaLocation="data.xsd">

	<company name="FruitDistributor">
		<description turnover="15000">
			<CEO timeActivity="6">Mark Vltavka</CEO>		
		</description>
		<subcontractors>
			<subcontractor>GrapeDistributor</subcontractor>
		</subcontractors>
	</company>
	
	<company name="GrapeDistributor">
		<description turnover="5000" startYear="2005">
			<CEO timeActivity="5">Leon Van</CEO>		
		</description>
		<subcontractors />
	</company>
	
	<company name="MilkDistributor">
		<description turnover="9000" startYear="2005" >
			<CEO>Milky Way</CEO>		
		</description>
		<subcontractors />
	</company>
	
	<company name="CheeseDistributor">
		<description turnover="11500" startYear="2006" >
			<CEO>Carmel Tyler</CEO>		
		</description>
		<subcontractors />
	</company>
	
	<!-- companies redistributing by using distributors -->
	
	<company name="VegetableDistributor">
		<description turnover="10000" startYear="2010">
			<CEO>Daniel Dupont</CEO>	
		</description>
		<subcontractors>
			<subcontractor>BeansDistributor</subcontractor>
		</subcontractors>
	</company>

	<company name="FruitCompany">
		<description turnover="50000" startYear="2004">
				<CEO>Leo Lumm</CEO>
		</description>
		<subcontractors>
			<subcontractor>FruitDistributor</subcontractor>
		</subcontractors>
	</company>
	
	<?php $v = 2+5*8; ?>
	
	<company name="MilkCompany">
		<description turnover="10000" startYear="2005">
				<CEO>Renaud Dupont</CEO>
		</description>
		<subcontractors>
			<subcontractor>MilkDistributor</subcontractor>
			<subcontractor>CheeseDistributor</subcontractor>
		</subcontractors>
	</company>
	
	<!-- corporation for fruits -->
	<corporation name="FruitCorporation">
		<description turnover="1500000" startYear="2005">
			<CEO>John McCain</CEO>
		</description>
		
		<subcontractors>
			<subcontractor>FruitDistributor</subcontractor>
			<subcontractor>GrapeDistributor</subcontractor>
			<subcontractor>FruitCompany</subcontractor>
		</subcontractors>
		<headoffice phone="420-0000000"></headoffice>
	</corporation>
	
	<!-- main seller using main distributors -->
	
	<company name="Seller">
		<description turnover="1800000" startYear="2006">
				<CEO>Steve Marcel</CEO>
		</description>
		<subcontractors>
			<subcontractor>VegetableDistributor</subcontractor>
			<subcontractor>FruitCompany</subcontractor>
			<subcontractor>GrapeDistributor</subcontractor>
			<subcontractor>MilkCompany</subcontractor>
		</subcontractors>
	</company>
</network>
