<?xml version="1.0" encoding="UTF-8" standalone="no"?>
	<!-- list of games, main part of this document -->
	<games>
		<gameForDownload gameID="GAME_000001" childrenFriendly="no">
			<?cover src="http://www.jrc.cz/obrazek_krabice/ps3_south_park_the_stick_of_truth_61937.jpg"?>
			<title_czech>South Park: Hůl pravdy</title_czech>
			<title_original>South Park: The Stick of Truth</title_original>
			<platformRefs>
				<platformRef platformRef="PLATFORM_PC"/>
				<platformRef platformRef="PLATFORM_PS3"/>
				<platformRef platformRef="PLATFORM_X360"/>
			</platformRefs>
			<description>South Park: The Stick of Truth zachycuje nebezpečná bitevní pole čtvrté třídy základní školy, se kterými se bude muset 	váš hrdina vypořádat, aby zachránil South Park. Dobrodružství pro vás připravili autoři televizního seriálu Trey Parker a Matt Stone, takže se o zábavu nemusíte obávat.
			</description>
			<requirements>
				<requirement forPlatform="PLATFORM_PC">
					<procesor>2 X 2 400 MHz</procesor>
					<ram>2GB</ram>
					<videoCard>GeForce 8800 GT</videoCard>
					<space>5</space>
					<other><![CDATA[Věk >= 18]]></other>
				</requirement>
			</requirements>
			<lastModifiedBy on="2014-03-11">hlavavi1</lastModifiedBy>
			<downloadLink>http://thepiratebay.se/torrent/9699201/South_park_Stick_Of_Truth_-_RELOADED</downloadLink>
			<downloadLink>http://thepiratebay.se/torrent/9696354/South_Park_Stick_Of_Truth-RELOADED</downloadLink>
			<downloadLink>http://thepiratebay.se/torrent/9695787/South_Park_The_Stick_Of_Truth_SKIDROWCRACK</downloadLink>
		</gameForDownload>
		<game gameID="GAME_000002" childrenFriendly="yes">
			<?cover src="http://www.jrc.cz/obrazek_krabice/pc_world_of_warcraft_mists_of_pandaria_41718.jpg"?>
			<title_czech>Word of Warcraft</title_czech>
			<title_original>Word of Warcraft</title_original>
			<platformRefs>
				<platformRef platformRef="PLATFORM_PC"/>
			</platformRefs>
			<description>Legendární World of Warcraft je nepřekonaným králem MMORPG her již více než 9 let. Za tu dlouhou dobu si získal 	srdce desítek miliónů hráčů z celého světa a stal se jednou z nejslavnějších a nejúspěšnějších online her všech dob. Hráči se ujmou rolí hrdinů Warcraftu a budou prozkoumávat jeho rozlehlé končiny, bojovat s nepřáteli a plnit různé úkoly. Vzhledem k tomu, že World of Warcraft spadá do škatulky "masivní multiplayer", mohou se jedním jediným světem procházet tisíce hráčů najednou. Je jen na nich, zda se budou vypravovat za dobrodružstvím spolu nebo se budou navzájem utkávat v mohutných bitvách ve snaze získat vetší moc a slávu, uzavírání spojenectví a sdružování do komunit bude čistě v jejich vlastní režii.</description>
			<requirements>
				<requirement forPlatform="PLATFORM_PC">
					<procesor>800 MHz</procesor>
					<ram>2GB</ram>
					<videoCard>nVidia GeForce 6800</videoCard>
					<space>25</space>
					<other>Pro hru je nutné připojení k internetu</other>
				</requirement>
			</requirements>
			<lastModifiedBy on="2014-03-11">hlavavi1</lastModifiedBy>
		</game>
		<game gameID="GAME_000003" childrenFriendly="yes">
			<?cover src="http://www.jrc.cz/obrazek_krabice/tropico_3_gold_66934.jpg"?>
			<title_czech>Tropico 3</title_czech>
			<title_original>Tropico 3</title_original>
			<platformRefs>
				<platformRef platformRef="PLATFORM_X360"/>
				<platformRef platformRef="PLATFORM_OSX"/>
				<platformRef platformRef="PLATFORM_PC"/>
			</platformRefs>
			<description>Úspěšná a kritiky oceňovaná hra Tropico 3 představuje výbornou možnost jak si doplnit své základní strategické vzdělání. Bohatě pojmutá kampaň vás zavede na tropický ostrůvek, který v roli neomezeného vládce postavíte na vlastní nohy. Ekonomiku ostrova můžete postavit na průmyslu, ale také třeba na písečných plážích se zástupy turistů, kteří budou obdivovat přírodní krásy. Vžijte se do role vůdce malého národu a bavte se stovky hodin zkoumáním detailního politického modelu a dalších podrobností tohoto strategického veledíla.</description>
			<requirements>
				<requirement forPlatform="PLATFORM_PC">
					<procesor>2500 MHz</procesor>
					<ram>1GB</ram>
				</requirement>
			</requirements>
			<lastModifiedBy on="2014-03-11">hlavavi1</lastModifiedBy>
		</game>
		<game gameID="GAME_000005" childrenFriendly="yes">
			<?cover src="http://www.jrc.cz/obrazek_krabice/pc_need_for_speed_rivals_68623.jpg"?>
			<title_czech>Need For Speed: Rivalové</title_czech>
			<title_original>Need For Speed: Rivals </title_original>
			<platformRefs>
				<platformRef platformRef="PLATFORM_PC"/>
				<platformRef platformRef="PLATFORM_PS3"/>
				<platformRef platformRef="PLATFORM_PS4"/>
				<platformRef platformRef="PLATFORM_X360"/>
				<platformRef platformRef="PLATFORM_XONE"/>
			</platformRefs>
			<description>Série Need for Speed vždy přináší nový způsob myšlení a inovativní prvky, nejinak tomu bude i v novém díle s podtitulem Rivals. Engine v podobě Frostbite třetí generace přinese jedinečný adrenalinový zážitek a napínavou atmosféru pouličních závodů, kde se v prostředí otevřeného herního světa utkávají nelegální závodníci a policejní jednotky.
			</description>
			<requirements>
				<requirement forPlatform="PLATFORM_PC">
					<procesor>2 X 2400Mhz</procesor>
					<ram>4GB</ram>
					<videoCard>GeForce 8800 GT</videoCard>
					<space>30</space>
				</requirement>
			</requirements>
			<lastModifiedBy on="2014-03-11">hlavavi1</lastModifiedBy>
		</game>
		<game gameID="GAME_000006" childrenFriendly="yes">
			<?cover src="http://www.jrc.cz/obrazek_krabice/pc_simcity_stand_55477.jpg"?>
			<title_czech>The Simcity</title_czech>
			<title_original>The Simcity</title_original>
			<platformRefs>
				<platformRef platformRef="PLATFORM_PC"/>
				<platformRef platformRef="PLATFORM_OSX"/>
			</platformRefs>
			<description>Oblíbená budovatelská strategie, jejíž historie se datuje až do roku 1989, přichází v nové verzi, která vzbuzuje u všech recenzentů velice pozitivní názory. Není se také čemu divit, nové Simcity je ve všech směrech lepší než její předchůdci a nabídne vám hodiny a hodiny neopakovatelné zábavy při budování vaší metropole.
			</description>
			<requirements>
				<requirement forPlatform="PLATFORM_PC">
					<procesor>2000MHz</procesor>
					<ram>2GB</ram>
					<videoCard>Intel HD3000</videoCard>
					<space>10</space>
				</requirement>
			</requirements>
			<lastModifiedBy on="2014-03-11">hlavavi1</lastModifiedBy>
		</game>
		<game gameID="GAME_000007" childrenFriendly="no">
			<?cover src="http://www.jrc.cz/obrazek_krabice/pc_diablo_iii_reaper_of_souls_69677.jpg"?>
			<title_czech>Diablo III</title_czech>
			<title_original>Diablo 3</title_original>
			<platformRefs>
				<platformRef platformRef="PLATFORM_PS3"/>
				<platformRef platformRef="PLATFORM_PS4"/>
				<platformRef platformRef="PLATFORM_X360"/>
				<platformRef platformRef="PLATFORM_OSX"/>
			</platformRefs>
			<description>Diablo III je následovníkem legendární herní série, které se celosvětově prodalo miliony kusů. Bere si základní prvky od svých předchůdců. Náhodné generování úrovní, obrovská množství příšer, řady jedinečných úkolů, tuny předmětů, a to vše zahrnuje do epického příběhu. Zároveň přidává další nové prvky, díky kterým posouvá žánr RPG zase o stupínek dále. Samozřejmostí je i široká paleta herních postav, mezi kterými máte na výběr. Čtyři jsou zbrusu nové (kouzelník, šaman, lovec démonů a mnich) a doplňuje je oblíbená postava Barbara, která je vylepšená mnoha destruktivními schopnostmi. Každá postava vyžaduje odlišný herní styl a díky tomu vám zprostředkuje unikátní herní zážitek. 
			</description>
			<requirements>
			</requirements>
			<lastModifiedBy on="2014-03-11">hlavavi1</lastModifiedBy>
		</game>
		<game gameID="GAME_000008" childrenFriendly="yes">
			<?cover src="http://www.jrc.cz/obrazek_krabice/wings_of_prey_and_luftwaffe_67876.jpg"?>
			<title_czech>Wings of Prey</title_czech>
			<title_original>IL-2 Sturmovik: Birds of Prey</title_original>
			<platformRefs>
				<platformRef platformRef="PLATFORM_PC"/>
				<platformRef platformRef="PLATFORM_PS3"/>
				<platformRef platformRef="PLATFORM_X360"/>
			</platformRefs>
			<description>Wings of Prey je stejně jako celá slavná série založen na rozsáhlých vzdušných soubojích a operacích během druhé světové války. Hráč se může stát pilotem stíhaček, bitevních letadel nebo bombardérů v jedné z mnoha napinavých misí. K dispozici je celkem šest regionů, pokrývajících hlavní oblasti válečných střetů - bitva o Británii, Stalingrad, Ardeny, Berlín, Sicílii a Korsuň. </description>
			<requirements>
				<requirement forPlatform="PLATFORM_PC">
					<procesor>3400MHz</procesor>
					<procesor>2 X 2400MHz</procesor>
					<ram>1GB</ram>
					<videoCard>GeForce 7600</videoCard>
					<space>10</space>
				</requirement>
			</requirements>
			<lastModifiedBy on="2014-03-11">hlavavi1</lastModifiedBy>
		</game>
		<game gameID="GAME_000009" childrenFriendly="no">
			<?cover src="http://www.jrc.cz/obrazek_krabice_maly/pc_thief_mint_62076.jpg"?>
			<title_czech>Thief</title_czech>
			<title_original>Thief</title_original>
			<platformRefs>
				<platformRef platformRef="PLATFORM_PC"/>
				<platformRef platformRef="PLATFORM_PS3"/>
				<platformRef platformRef="PLATFORM_PS4"/>
				<platformRef platformRef="PLATFORM_X360"/>
				<platformRef platformRef="PLATFORM_XONE"/>
			</platformRefs>
			<description>V pořadí čtvrtý díl, který se snadno dá označit jako samotný restart celé série, si pod svá křídla vzalo vydavatelství Square Enix a jejich zkušení vývojáři z Eidos Montreal, kteří mají na svědomí poslední Deus Ex a úspěšné oživení legendárního Tomb Raidera. I přes drobné průtahy je rozhodně dobře nakročeno směrem k nezapomenutelné a originální akci.</description>
			<requirements>
				<requirement forPlatform="PLATFORM_PC">
					<procesor>2 X 3000MHz</procesor>
					<ram>4GB</ram>
					<videoCard>GeForce GTS 250</videoCard>
					<space>20</space>
				</requirement>
			</requirements>
			<lastModifiedBy on="2014-03-11">hlavavi1</lastModifiedBy>
		</game>
		<game gameID="GAME_000010" childrenFriendly="no">
			<?cover src="http://www.jrc.cz/obrazek_krabice/pc_far_cry_3_51758.jpg"?>
			<title_czech>Far Cry 3</title_czech>
			<title_original>Far Cry 3</title_original>
			<platformRefs>
				<platformRef platformRef="PLATFORM_PC"/>
				<platformRef platformRef="PLATFORM_PS3"/>
				<platformRef platformRef="PLATFORM_X360"/>
			</platformRefs>
			<description>Far Cry 3 nabídne pořádnou jízdu, písek, palmy, vratké stavby s plechovými střechami, domorodce s kalašnikovy a spoustu krve. Hlavním hrdinou třetího pokračování je Jason Brody, osamocený bojovník na okraji světa, uvízlí na tajemném tropickém ostrově odříznutém od civilizace. V tomto divokém ráji, kde bezpráví a násilí jsou každodenní realitou, budou hráči sami určovat, kdy, kde a jak se události odehrají. Hráči se proplíží a prostřílí si svou cestu skrze ostrov, kde nikdo již nedokáže rozeznat co je správné a co špatné.
			</description>
			<requirements>
				<requirement forPlatform="PLATFORM_PC">
					<procesor>2 X 2600MHz</procesor>
					<ram>2GB/4GB pro 32/64bit</ram>
					<videoCard>GeForce 8600 GT</videoCard>
					<videoCard>Radeon HD 2600 Pro</videoCard>
					<space>12</space>
				</requirement>
			</requirements>
			<lastModifiedBy on="2014-03-11">hlavavi1</lastModifiedBy>
		</game>
	</games>