<?xml version="1.0" encoding="UTF-8"?>
<!DOCTYPE statistiky SYSTEM "data.dtd">

<statistiky>
	<tymy>
	
	<tym tym_id="t_sabat">
		<hrac hrac_id="h_baborp">
			<jmeno>Petr Babor</jmeno>
			
			<pole>
				<prihravky uspesne="10" celkem="12"/>
				<auty uspesne="20" celkem="21"/>
			</pole>
			
			<palka>
				<odpaly uspesne="3" celkem="12"/>
				<kradeze uspesne="1" celkem="2"/>
				<body pocet="2"/>
			</palka>
			<?php
				$petrNadhazuje =  rand(1,100) < 50;
				if($petrNadhazuje)
				{
					echo '<nadhoz/>';
				}
?>
			
		</hrac>
		<trener>
			<jmeno>Tomáš Vavruša</jmeno>
		</trener>
	</tym>
	
	<tym tym_id="t_rakovnik">
		<trener>
			<jmeno>Karel Mícha</jmeno>
		</trener>
	</tym>
	</tymy>
	
	<zapasy>
		<zapas datum="5/5/2011">
			<domaci tym_id="t_sabat">
				<!--tady by jeste mohlo neco byt, score zapasove statistiky atd...-->
			</domaci>
			<hoste tym_id="t_rakovnik">
				<!--tady by jeste mohlo neco byt, score zapasove statistiky atd...-->
			</hoste>
			<zprava rozhodci_id="r_jedlicka">
				<metovyRozhodci rozhodci_id="r_manas"/>
				<text>
						&rozdil_7;
				</text>
				<!--aby bylo ucineno za dost zadani, tak tady je smiseny obsah...-->
				<pripominka kdo="domaci">Příliš malá strikezóna <b>!!!</b></pripominka>
				<pripominka kdo="rozhodci">
					<!--uprimne me nenapadlo nejake jine alespon smysluplne vyuziti CDATA v mem tematu-->
					<![CDATA[
						trenér hostujícího týmu je pěknej @#$%#@%$#@$ 
					]]>
				</pripominka>

			</zprava>
			<nahradniTermin/>
			<!--prazdny argument, nepoviny, vyskytuje se v pripade ze slo o odlozene utkani-->
		</zapas>
		
	</zapasy>
	<vsichniRozhodci>
		<rozhodci rozhodci_id="r_jedlicka">
			<jmeno>Radek Jedlička</jmeno>
		</rozhodci>
		<rozhodci rozhodci_id="r_manas">
			<jmeno>Jan Maňas</jmeno>
		</rozhodci>
		<rozhodci rozhodci_id="r_sedlak">
			<jmeno>Josef Sedlák</jmeno>
		</rozhodci>
		<rozhodci rozhodci_id="r_frydek">
			<jmeno>Martin Frýdek</jmeno>
		</rozhodci>
		<rozhodci rozhodci_id="r_mistek">
			<jmeno>František Místek</jmeno>
		</rozhodci>
		<rozhodci rozhodci_id="r_novak">
			<jmeno>Jan Novák</jmeno>
		</rozhodci>
		<rozhodci rozhodci_id="r_klominek">
			<jmeno>Dušan Klomínek</jmeno>
		</rozhodci>
		<rozhodci rozhodci_id="r_rejlek">
			<jmeno>Konrád Rejlek</jmeno>
		</rozhodci>
		<rozhodci rozhodci_id="r_fraumiller">
			<jmeno>Hanz Fraumiller</jmeno>
		</rozhodci>
		<rozhodci rozhodci_id="r_brazda">
			<jmeno>Václav Brázda</jmeno>
		</rozhodci>
	</vsichniRozhodci>
</statistiky>
