<?xml version="1.0" encoding="UTF-8"?>
<komunikace>
	<email>
		<from>tomasy@triada.cz</from>
		<to>matisova@triada.cz</to>
		<message>
			Dobry den,
			v prilohe zasielam supis prac za minuly mesiac
		</message>
	</email>
	<email>
		<from>tomasy@triada.cz</from>
		<to>vavro@triada.cz</to>
		<message>
			nazdar, ako pokracuju prace?
		</message>
	</email>
	<email>
		<from>vavro@triada.cz</from>
		<to>brychta@triada.cz</to>
		<message>
			Dobry den,
			potvrzuji ucast na konferenci
		</message>
	</email>
	<email>
		<from>tomasy@triada.cz</from>
		<to>lechner@triada.cz</to>
		<message>
			Dobry den,
			chcel by som poziadat o pracovne volno buduci utorok, dufam ze je to mozne.
			
			Dakujem
			Tomasy
		</message>
	</email>
</komunikace>