<?xml version="1.0" encoding="UTF-8"?>

<World xsi:noNamespaceSchemaLocation="data.xsd" xmlns:xsi="http://www.w3.org/2001/XMLSchema-instance">
	<Name>Madarska sova
</Name>
	<AuthorMail>huhu@hu.hu</AuthorMail>
	<CustomObjects>
		<CustomObject id="custom1">
			<Rectangle>
				<Vector x="1" y="1" z="1"/>
				<Vector x="2" y="2" z="2"/>
				<Vector x="3" y="4" z="5"/>
				<Quaternion s="1" x="3" y="4" z="5"/>
			</Rectangle>
			<Sphere>
				<Radius>4</Radius>
				<Vector x="4" y="1" z="4"/>
			</Sphere>
			<Cylinder>
				<Radius>3</Radius>
				<Vector x="1" y="4" z="5"/>
				<Length>2</Length>
				<Quaternion s="1" x="3" y="4" z="5"/>
			</Cylinder>
			<Cone>
				<Radius>3</Radius>
				<Vector x="1" y="4" z="5"/>
				<Length>2</Length>
				<Quaternion s="1" x="3" y="4" z="5"/>
			</Cone>
			<Torus>
				<Axis>
					<Vector x="3" y="6" z="7"/>
				</Axis>
				<Center>
					<Vector x="7" y="8" z="4"/>
				</Center>
				<TorusWidth>4</TorusWidth>
				<TorusRadius>4</TorusRadius>
				<Quaternion s="1" x="3" y="4" z="5"/>
			</Torus>
			<Polygon>
				<Vertices>
					<Vertex id="vertex1">
						<Vector x="7" y="8" z="4"/>
					</Vertex>
					<Vertex id="vertex2">
						<Vector x="4" y="8" z="4"/>
					</Vertex>
					<Vertex id="vertex3">
						<Vector x="5" y="8" z="4"/>
					</Vertex>
					<Vertex id="vertex4">
						<Vector x="6" y="8" z="4"/>
					</Vertex>
					<Vertex id="vertex5">
						<Vector x="8" y="8" z="4"/>
					</Vertex>
					<Vertex id="vertex6">
						<Vector x="9" y="8" z="4"/>
					</Vertex>
					<Vertex id="vertex7">
						<Vector x="11" y="8" z="4"/>
					</Vertex>
					<Vertex id="vertex8">
						<Vector x="12" y="8" z="4"/>
					</Vertex>
					<Vertex id="vertex9">
						<Vector x="24" y="8" z="4"/>
					</Vertex>
					<Vertex id="vertex10">
						<Vector x="25" y="8" z="4"/>
					</Vertex>
					<Vertex id="vertex11">
						<Vector x="56" y="8" z="4"/>
					</Vertex>
					<Vertex id="vertex12">
						<Vector x="546" y="8" z="4"/>
					</Vertex>
				</Vertices>
				<Planes>
					<Plane>
						<v vertexRef="vertex1"/>
						<v vertexRef="vertex2"/>
						<v vertexRef="vertex3"/>
					</Plane>
				</Planes>
			</Polygon>
		</CustomObject>
		<CustomObject id="custom2">
			<Rectangle>
				<Vector x="1" y="1" z="1"/>
				<Vector x="2" y="2" z="2"/>
				<Vector x="3" y="4" z="5"/>
				<Quaternion s="1" x="3" y="4" z="5"/>
			</Rectangle>
		</CustomObject>
	</CustomObjects><!-- SCENES -->
	<Scenes>
		<Scene name="scene1">
			<SceneObject>
				<Transformation>
					<Translation>
						<Vector x="67" y="2" z="5"/>
					</Translation>
				</Transformation>
				<Texture>
					<extension>jpg</extension>
					bla.jpg
				</Texture>
				<ObjectReference ref="custom2"/>
			</SceneObject>
			<SceneObject>
				<Transformation>
					<Translation>
						<Vector x="67" y="2" z="5"/>
					</Translation>
				</Transformation>
				<Texture>
					bla2.jpg
				</Texture>
				<ObjectReference ref="custom1"/>
			</SceneObject>
			<SceneObject>
				<Transformation>
					<Translation>
						<Vector x="67" y="2" z="5"/>
					</Translation>
				</Transformation>
				<Texture>
					bla.jpg
				</Texture>
				<ObjectReference ref="custom1"/>
			</SceneObject>
			<SceneObject>
				<Transformation>				
					<Scale>
						<Vector x="2" y="2" z="4"/>
					</Scale>
				</Transformation>
				<Cone>
					<Radius>3</Radius>
					<Vector x="1" y="4" z="5"/>
					<Length>2</Length>
					<Quaternion s="1" x="3" y="4" z="5"/>
				</Cone>
			</SceneObject>
			<SceneObject>
				<Transformation>
					<Translation>
						<Vector x="67" y="2" z="5"/>
					</Translation>
					<Rotation>
						<Quaternion s="3" x="5" y="6" z="7"/>
					</Rotation>
				</Transformation>
				<Torus>
					<Axis>
						<Vector x="3" y="6" z="7"/>
					</Axis>
					<Center>
						<Vector x="7" y="8" z="4"/>
					</Center>
					<TorusWidth>4</TorusWidth>
					<TorusRadius>4</TorusRadius>
					<Quaternion s="1" x="3" y="4" z="5"/>
				</Torus>
			</SceneObject>
		</Scene>
	</Scenes>
</World>
