<?xml version="1.0" encoding="UTF-8"?>
<employees>
<employee>
		<firstName>John</firstName>
		<lastName>Cantor</lastName>
		<email>cantor@co.org</email>
		<salary>2200</salary>
		<worksIn>D1.1.2</worksIn>
	</employee>
	<employee>
		<firstName>Jozef</firstName>
		<lastName>Kaplan</lastName>
		<email>kaplan@co.org</email>
		<salary>2000</salary>
		<worksIn>D1.1.1</worksIn>
	</employee>
	<employee>
		<firstName>John</firstName>
		<lastName>Smith</lastName>
		<email>smith@co.org</email>
		<salary>2000</salary>
		<worksIn>D1</worksIn>
	</employee>
	<employee>
		<firstName>Peter</firstName>
		<lastName>Brown</lastName>
		<email>brown@co.org</email>
		<salary>3000</salary>
		<worksIn>D2</worksIn>
	</employee>
	<employee>
		<firstName>Arthur</firstName>
		<lastName>Taylor</lastName>
		<email>taylor@co.org</email>
		<salary>2500</salary>
		<worksIn>D1.2</worksIn>
	</employee>
	<employee>
		<firstName>Martin</firstName>
		<lastName>Smith</lastName>
		<email>smith.m@co.org</email>
		<salary>2400</salary>
		<worksIn>D1.1</worksIn>
	</employee>
	<employee>
		<firstName>Billy</firstName>
		<lastName>Jackson</lastName>
		<email>jackson.b@co.org</email>
		<salary>3400</salary>
		<worksIn>D3.1</worksIn>
	</employee>
		<employee>
		<firstName>Peter</firstName>
		<lastName>Jones</lastName>
		<email>jones.p@co.org</email>
		<salary>3200</salary>
		<worksIn>D3.1</worksIn>
	</employee>
		<employee>
		<firstName>Norman</firstName>
		<lastName>Black</lastName>
		<email>black.n@co.org</email>
		<salary>2950</salary>
		<worksIn>D3.2</worksIn>
	</employee>
</employees>
