<?xml version="1.0" encoding="UTF-8"?>
<!DOCTYPE photogallery SYSTEM "data.dtd">
<?xml-stylesheet type="text/xsl" href="data.xsl"?>
<photogallery>
	<photos>
		<photo id="p_111023" title="Vážka" owner_id="u_76" gallery_id="g_87" palette="32b">
			<photo_categories>
				<photo_category id="cat_62" />
				<photo_category id="cat_98" />
			</photo_categories>
			<location>
				42.55308,-92.724609
			</location>
			<time date_uploaded="2010-10-12 08:24:54" date_taken="2010-10-11 08:21:22" />
			<comments>
				<comment id="c_89" author="u_56">
					Almost more beautiful than the <photo_ref refid="p_9" />! Great work, man!
				</comment>
				<comment id="c_101" author="u_76" reply_to="c_89">
					Thx.
				</comment>
			</comments>
			<tags>
				<tag>
					<tag_name>nature</tag_name>
					<similar>
						<tag_name>wildlife</tag_name>
						<tag_name>countryside</tag_name>
					</similar>
				</tag>
				<tag>
					<tag_name>insect</tag_name>
				</tag>
			</tags>
			<exif>
				<![CDATA[Panasonic DMC LS-80]]>
			</exif>
		</photo>
		<photo id="p_23" title="Supercars" owner_id="u_76" gallery_id="g_87" palette="grayscale">
			<photo_categories>
				<photo_category id="cat_6" />
			</photo_categories>
			<time date_uploaded="2010-10-12 08:24:58" date_taken="2010-10-11 18:22:22" />
			<comments>
				<comment id="c_1001" author="u_7">
					Wooow. I really want to make a test drive in that.
				</comment>
			</comments>
			<tags>
				<tag>
					<tag_name>Ferrari</tag_name>
					<similar>
						<tag_name>Scuderia</tag_name>
						<tag_name>Maranello</tag_name>
					</similar>
				</tag>
			</tags>
			<exif>
				<![CDATA[Panasonic DMC LS-80]]>
			</exif>
		</photo>
		<photo id="p_9" title="Bee" owner_id="u_61" gallery_id="g_102" palette="32b">
			<photo_categories>
			</photo_categories>
			<location>
				12.55308,22.724609
			</location>
			<time date_uploaded="2009-01-02 18:22:34" date_taken="2009-01-02 10:02:14" />
			<comments />
			<tags />
			<exif>
				<![CDATA[Sony X15]]>
			</exif>
		</photo>
		<photo id="p_129374" title="Eiffel tower" owner_id="u_76" gallery_id="g_80" palette="32b">
			<photo_categories>
				<photo_category id="cat_621" />
			</photo_categories>
			<time date_uploaded="2010-10-19 08:04:51" date_taken="2009-08-17 11:21:02" />
			<comments>
				<comment id="c_1019" author="u_86">
					Been there. Wonderful city and wonderful tower.
				</comment>
			</comments>
			<tags>
				<tag>
					<tag_name>Architecture</tag_name>
					<similar>
						<tag_name>buildings</tag_name>
						<tag_name>sightseeings</tag_name>
					</similar>
				</tag>
			</tags>
			<exif>
				<![CDATA[Android Nexus S]]>
			</exif>
		</photo>
		<photo id="p_1829" title="Mac OS X" owner_id="u_76" gallery_id="g_81" palette="32b">
			<photo_categories />
			<time date_uploaded="2011-03-10 10:24:54" date_taken="2011-03-10 10:24:50" />
			<comments>
			</comments>
			<tags>
				<tag>
					<tag_name>screenshot</tag_name>
				</tag>
			</tags>
		</photo>
		<photo id="p_2392" title="Beer" owner_id="u_76" gallery_id="g_80" palette="32b">
			<photo_categories />
			<location>
				14.508,10.4609
			</location>
			<time date_uploaded="2011-02-10 18:22:12" date_taken="2008-8-2 12:24:54" />
			<comments>
				<comment id="c_8923" author="u_7">
					I'll have one!
				</comment>
			</comments>
			<tags>
				<tag>
					<tag_name>beer</tag_name>
					<similar>
						<tag_name>pilsen</tag_name>
						<tag_name>stella</tag_name>
					</similar>
				</tag>
				<tag>
					<tag_name>pub</tag_name>
				</tag>
			</tags>
			<exif>
				<![CDATA[Panasonic DMC LS-80]]>
			</exif>
		</photo>
		<photo id="p_10231" title="Highway" owner_id="u_76" gallery_id="g_80" palette="grayscale">
			<photo_categories>
				<photo_category id="cat_6" />
			</photo_categories>
			<time date_uploaded="2010-10-12 08:24:54" date_taken="2010-10-11 08:21:22" />
			<comments>
				<comment id="c_8928" author="u_86">
					Is this the SF highway?
				</comment>
			</comments>
			<tags>
				<tag>
					<tag_name>cars</tag_name>
					<similar>
						<tag_name>transport</tag_name>
					</similar>
				</tag>
				<tag>
					<tag_name>asphalt</tag_name>
				</tag>
			</tags>
			<exif>
				<![CDATA[Android Nexus S]]>
			</exif>
		</photo>
		<photo id="p_4444" title="Skoda Yetti" owner_id="u_7" gallery_id="g_8127" palette="32b">
			<photo_categories>
				<photo_category id="cat_6" />
			</photo_categories>
			<time date_uploaded="2011-03-01 11:12:12" date_taken="2011-03-01 08:21:22" />
			<comments />
			<tags>
				<tag>
					<tag_name>Top Gear UK</tag_name>
				</tag>
			</tags>
		</photo>
		<photo id="p_12434" title="BMW M3" owner_id="u_7" gallery_id="g_8127" palette="32b">
			<photo_categories>
				<photo_category id="cat_6" />
			</photo_categories>
			<time date_uploaded="2011-03-02 08:24:54" date_taken="2011-03-02 08:21:22" />
			<comments/>
			<tags>
				<tag>
					<tag_name>BMW</tag_name>
				</tag>
				<tag>
					<tag_name>saloon car</tag_name>
				</tag>
			</tags>
		</photo>
		<photo id="p_9716253" title="Porsche 911 GT3" owner_id="u_7" gallery_id="g_8127" palette="32b">
			<photo_categories>
				<photo_category id="cat_6" />
			</photo_categories>
			<time date_uploaded="2011-03-12 22:24:54" date_taken="2011-03-12 22:21:22" />
			<comments>
				<comment id="c_7623" author="u_76">
					This car is just hidious.
				</comment>
			</comments>
			<tags>
				<tag>
					<tag_name>Vratislavice</tag_name>
					<similar>
						<tag_name>Liberec</tag_name>
						<tag_name>Jablonec nad Nisou</tag_name>
					</similar>
				</tag>
				<tag>
					<tag_name>supercar</tag_name>
				</tag>
			</tags>
		</photo>
	</photos>
	<categories>
		<category id="cat_62" title="Insect" />
		<category id="cat_98" title="Water" />
		<category title="Cars" id="cat_6" />
		<category title="Architecture" id="cat_621" />
	</categories>
	<galleries>
		<gallery id="g_87" title="Slovenia" owner_id="u_86" />
		<gallery id="g_102" title="Insect" owner_id="u_103" />
		<gallery title="Travelling" owner_id="u_76" id="g_80" />
		<gallery title="Screenshots" owner_id="u_76" id="g_81" />
		<gallery title="Top Gear Outtakes" owner_id="u_7" id="g_8127" />
	</galleries>
	<users>
		<user id="u_103" nickname="Teuzz" />
		<user id="u_56" nickname="Joe" />
		<user id="u_61" nickname="Carl" />
		<user id="u_76" nickname="Johnny" />
		<user id="u_86" nickname="Jane" />
		<user nickname="JeremyClarkson" id="u_7" />
	</users>
	<generate_date>
<!--		&c;&ftg; <?php echo date("Y-m-d H:i:s"); ?>-->
	</generate_date>
</photogallery>
