<?xml version="1.0" encoding="UTF-8"?>
<knihovna xmlns:xsi="http://www.w3.org/2001/XMLSchema-instance" xsi:noNamespaceSchemaLocation="data.xsd">
	<nazev>silwer</nazev>
	<kniha majitel="J. Dlouhá">
		<nazevKnihy>XML technologie - Principy a aplikace v praxi</nazevKnihy>
		<autorKnihy>I. Mlýnková</autorKnihy>
		<autorKnihy>M. Nečaský</autorKnihy>
		<autorKnihy>J. Pokorný</autorKnihy>
		<autorKnihy>K. Richta</autorKnihy>
		<autorKnihy>K. Toman</autorKnihy>
		<cislo>22123</cislo>
		<regal>20</regal>
		<police>10</police>
		<poradi>5</poradi>
	</kniha>
	<osoba Prijmeni="Dlouhá" Jmeno="Jana" inicialy="JD" rokPridani="2011">Jana Dlouhá
		<vek>22</vek>
		<bydliste>Ústecký kraj</bydliste>
	</osoba>
	<kniha majitel="Daniel T.">
		<nazevKnihy/>
		<autorKnihy/>
		<cislo>22222</cislo>
		<regal/>
		<police/>
		<poradi/>
	</kniha>
</knihovna>
