﻿<?xml version="1.0" encoding="UTF-8"?>

<!-- 
    hypotetická evidence vlastníků ve virtuálním katastru
    - model reálné situace
-->

<evidence>

	<parcely>

	    <parcela id="p1.1">
	        <cislo>1</cislo>
	        <vymera>1.2584</vymera>
	        <kultura typ="orná" />
	        
	        <sousedni id="p1.2" />
	        
	        <lv cislo="1" ku="Přímětín" />	        
	        
	        <digitalizace probehla="ano">
	            <souradnice x="15.003458" y="15.43544343" />
	            <prubeh>
	                <faze druh="gps">    
	                    <kompletni />
	                    <zprava>
	                        <![CDATA[<ul><li>provedeno focení GPS, data jsou uložena v archivu</li></ul>]]>
	                    </zprava>
	                </faze>
	                <faze druh="letecká">
	                    <zprava>
	                        <![CDATA[<ul><li>čeká na zpracování technika</li></ul>]]>
	                        <technik>Ivan Mladý</technik>
	                    </zprava>                    
	                </faze>
	            </prubeh>
	        </digitalizace>        
	        <zmeneno>12.12.2011</zmeneno>
	        <poznamka><![CDATA[přímý vstup operátora databáze, prostor pro poznámku]]></poznamka>
	    </parcela>    
	
	    <parcela id="p1.2">
	        <cislo>2</cislo>
	        <vymera>2.3655</vymera>
	        <kultura typ="les" />
	        
	        <lv cislo="1" ku="Přímětín" /> 
	                
	        <digitalizace probehla="ne" />
	        <zmeneno>12.12.2011</zmeneno>
	        <poznamka><![CDATA[přímý vstup operátora databáze, prostor pro poznámku]]></poznamka>
	    </parcela>  
	
		<parcela id="p1.3">
	        <cislo>3</cislo>
	        <vymera>6.3555</vymera>
	        <kultura typ="les" />
	        
	        <lv cislo="1" ku="Přímětín" /> 
	                
	        <digitalizace probehla="ne" />
	        <zmeneno>12.12.2011</zmeneno>
	        <poznamka><![CDATA[přímý vstup operátora databáze, prostor pro poznámku]]></poznamka>
	    </parcela>  
	
		<parcela id="p1.4">
	        <cislo>4</cislo>
	        <vymera>12.365</vymera>
	        <kultura typ="orná" />
	        
			<lv cislo="1" ku="Přímětín" />  
	        
	        <digitalizace probehla="ne" />
	        <zmeneno>12.12.2011</zmeneno>
	        <poznamka><![CDATA[přímý vstup operátora databáze, prostor pro poznámku]]></poznamka>
	    </parcela>  
	    
		<parcela id="p1.5">
	        <cislo>5</cislo>
	        <vymera>0.1255</vymera>
	        <kultura typ="orná" />
	        
	        <lv cislo="1" ku="Přímětín" />         
	        
	        <digitalizace probehla="ne" />
	        <zmeneno>12.12.2011</zmeneno>
	        <poznamka><![CDATA[přímý vstup operátora databáze, prostor pro poznámku]]></poznamka>
	    </parcela>  
	    
		<parcela id="p1.6">
	        <cislo>6</cislo>
	        <vymera>0.2288</vymera>
	        <kultura typ="les" />
	        
	        <lv cislo="1" ku="Přímětín" />
	        
	        <digitalizace probehla="ne" />
	        <zmeneno>12.12.2011</zmeneno>
	        <poznamka><![CDATA[přímý vstup operátora databáze, prostor pro poznámku]]></poznamka>
	    </parcela>  


	</parcely>
	
	<vlastnici>
        <vlastnik id="v8808275007">
            <jmeno>Adam</jmeno>
            <prijmeni>Nováček</prijmeni>
            <adresa>
                <ulice>Nová</ulice>
                <cp>15</cp>
                <mesto>Přímětín</mesto>
                <psc>22532</psc>
            </adresa>
            <zmeneno>12.12.2011</zmeneno>
            <aktualni />
        </vlastnik>

        <vlastnik id="v0012455">
            <firma>Obec Přímětín</firma>
            <ico>0012455</ico>
            <adresa>
                <ulice>Náměstí</ulice>
                <cp>1</cp>
                <mesto>Přímětín</mesto>
                <psc>22532</psc>
            </adresa>
            <zmeneno>12.2.1911</zmeneno>
        </vlastnik>	
        
        <vlastnik id="v55162355">
            <firma>Chromotix s.r.o.</firma>
            <ico>55162355</ico>
            <adresa>
                <ulice>Náměstí</ulice>
                <cp>2</cp>
                <mesto>Přímětín</mesto>
                <psc>22532</psc>
            </adresa>
            <zmeneno>12.4.2011</zmeneno>
        </vlastnik>
        	
	</vlastnici>
	
	
	
	<listy-vlastnictvi>
		<ku nazev="Přímětín">
			<lv cislo="1">

		        <vlastnik id="v8808275007">            
		            <zmeneno>12.12.2011</zmeneno>
		            <aktualni />
		        </vlastnik>
		
		        <vlastnik id="v0012455">            
		            <zmeneno>12.2.1911</zmeneno>
		        </vlastnik>
		
				<parcela id="p1.1" />
				<parcela id="p1.2" />
				<parcela id="p1.3" />
				<parcela id="p1.4" />
				<parcela id="p1.5" />
				<parcela id="p1.6" />
			</lv>			
		</ku>
	</listy-vlastnictvi>
    
    
</evidence>