<?xml version="1.0" encoding="UTF-8"?>
<cinema>
  <movies>
    <movie id="m1">
      <name>Let</name>
      <category>Drama</category>
      <length>138</length>
      <price>150</price>
      <suitableFrom>15</suitableFrom>
      <country>Kanada, Francie</country>
      <year>2013</year>
      <director>Robert Zemeckis</director>
      <language>en</language>
      <subtitles>cs</subtitles>
    </movie>
    <movie id="m2">
      <name>Lincoln</name>
      <category>Drama</category>
      <length>150</length>
      <price>150</price>
      <suitableFrom>12</suitableFrom>
      <country>USA</country>
      <year>2013</year>
      <director>Steven Spielberg</director>
      <language>en</language>
      <subtitles>cs</subtitles>
    </movie>
    <movie id="m3">
      <name>Hobit: Neočekávaná cesta</name>
      <category>Dobrodružný, Fantasy</category>
      <length>169</length>
      <price>200</price>
      <country>USA, Nový Zéland</country>
      <year>2012</year>
      <director>Peter Jackson </director>
      <language>cs</language>
      <is3d>true</is3d>
    </movie>
    <movie id="m4">
      <name>Nespoutaný Django</name>
      <category>Western, Dobrodružný, Akční, Drama</category>
      <length>165</length>
      <price>150</price>
      <suitableFrom>15</suitableFrom>
      <country>USA</country>
      <year>2012</year>
      <director>Quentin Tarantino</director>
      <language>en</language>
      <subtitles>cs</subtitles>
    </movie>
    <movie id="m5">
      <name>Hitchcock</name>
      <category>Životopisný, Drama</category>
      <length>98</length>
      <price>120</price>
      <suitableFrom>12</suitableFrom>
      <country>USA</country>
      <year>2012</year>
      <director>Sacha Gervasi</director>
      <language>en</language>
      <subtitles>cs</subtitles>
    </movie>
    <movie id="m6">
      <name>Hotel Transylvánie</name>
      <category>Animovaný, Komedie, Rodinný</category>
      <length>91</length>
      <price>120</price>
      <country>USA</country>
      <year>2012</year>
      <director>Genndy Tartakovsky</director>
      <language>cs</language>
    </movie>
    <movie id="m7">
      <name>Čtyřlístek ve službách krále</name>
      <category>Rodinný, Komedie </category>
      <length>90</length>
      <price>120</price>
      <country>Česko</country>
      <year>2012</year>
      <director>Michal Žabka</director>
      <language>cs</language>
    </movie>
  </movies>
  <projectionRooms>
    <projectionRoom id="f1r1">
      <capacity>200</capacity>
      <is3d>true</is3d>
      <counOfEmergencyExits>3</counOfEmergencyExits>
    </projectionRoom>
    <projectionRoom id="f1r2">
      <capacity>200</capacity>
      <is3d>false</is3d>
      <counOfEmergencyExits>2</counOfEmergencyExits>
    </projectionRoom>
    <projectionRoom id="f2r1">
      <capacity>300</capacity>
      <is3d>true</is3d>
      <counOfEmergencyExits>4</counOfEmergencyExits>
    </projectionRoom>
    <projectionRoom id="f2r2">
      <capacity>300</capacity>
      <is3d>true</is3d>
      <counOfEmergencyExits>4</counOfEmergencyExits>
    </projectionRoom>
    <projectionRoom id="f3r1">
      <capacity>400</capacity>
      <is3d>true</is3d>
      <counOfEmergencyExits>6</counOfEmergencyExits>
    </projectionRoom>
  </projectionRooms>
  <program>
    <projectionDay>
    <info>
		Specialni akce - sleva 20%
    </info>
      <date>2013-02-22</date>
      <projection>
        <time>12:50</time>
        <movieRef>m1</movieRef>
        <projectionRoomRef>f1r1</projectionRoomRef>
    </projection>
      <projection>
        <time>15:00</time>
        <movieRef>m1</movieRef>
        <projectionRoomRef>f1r1</projectionRoomRef>
      </projection>
      <projection>
        <time>13:00</time>
        <movieRef>m2</movieRef>
        <projectionRoomRef>f1r2</projectionRoomRef>
      </projection>
      <projection>
        <time>13:00</time>
        <movieRef>m3</movieRef>
        <projectionRoomRef>f2r2</projectionRoomRef>
      </projection>
      <projection>
        <time>19:00</time>
        <movieRef>m5</movieRef>
        <projectionRoomRef>f3r1</projectionRoomRef>
      </projection>
    </projectionDay>
    <projectionDay>
    <info />
      <date>2013-02-23</date>
      <projection>
        <time>15:50</time>
        <movieRef>m7</movieRef>
        <projectionRoomRef>f1r2</projectionRoomRef>
      </projection>
      <projection>
        <time>19:00</time>
        <movieRef>m7</movieRef>
        <projectionRoomRef>f1r2</projectionRoomRef>
      </projection>
      <projection>
        <time>13:00</time>
        <movieRef>m4</movieRef>
        <projectionRoomRef>f2r2</projectionRoomRef>
      </projection>
      <projection>
        <time>16:00</time>
        <movieRef>m3</movieRef>
        <projectionRoomRef>f1r1</projectionRoomRef>
      </projection>
      <projection>
        <time>19:00</time>
        <movieRef>m5</movieRef>
        <projectionRoomRef>f3r1</projectionRoomRef>
      </projection>
    </projectionDay>
</program>
</cinema>