<?xml version="1.0" encoding="UTF-8"?>
<terroristList xmlns:xsi="http://www.w3.org/2001/XMLSchema-instance" xsi:noNamespaceSchemaLocation="data.xsd">
	<terrorist>
		<name>Al Dzazir</name>
		<aliases>
			<alias>Al Kazar</alias>
		</aliases>
		<biometry>
			<height>155 cm</height>
			<eyeColor>green</eyeColor>
			<hairColor>red</hairColor>
		</biometry>
		<description revision="2014-04-20T13:00:00" author="jv">Description</description>
	</terrorist>
	
	<terrorist>
		<name>Al Dzazir II</name>
		<aliases>
			<alias>Al Kazar</alias>
		</aliases>
		<biometry>
			<height>155 cm</height>
			<eyeColor>green</eyeColor>
			<hairColor>red</hairColor>
		</biometry>
		<description author="jv">Description</description>
	</terrorist>
</terroristList>