<?xml version="1.0"?>
<knihovna xmlns:xsi="http://www.w3.org/2001/XMLSchema-instance"
xsi:noNamespaceSchemaLocation="ukol3.xsd">
	<zanr>
		<sekce jmeno_zanru="beletrie">
			<kiha signatura="100001" autor_id="200001">
				<jmeno_knihy>Pýcha</jmeno_knihy>
				<klicova_slova>
					<slovo>román</slovo>
				</klicova_slova>
			</kiha> 
		</sekce>
		<sekce jmeno_zanru="detektivka">
			<kiha signatura="100001" autor_id="200002">
				<jmeno_knihy>Vražda</jmeno_knihy>
				<klicova_slova>
					<slovo>krimi</slovo>
				</klicova_slova>
			</kiha> 
		</sekce>
	</zanr>
	<seznam_autoru>
		<autor id_osoby="200001">
			<jmeno>Aneta</jmeno>
			<prijmeni>Nováková</prijmeni>
			<adresa_osoby>
				<ulice>Nová Louka</ulice>
				<cislo_popisne>10</cislo_popisne>
				<mesto>Karlovy Vary</mesto>
				<psc>36001</psc>
			</adresa_osoby>
		</autor>
		<autor id_osoby="200002">
			<jmeno>Karel</jmeno>
			<prijmeni>H</prijmeni>
			<adresa_osoby>
				<ulice>Květná</ulice>
				<cislo_popisne>11</cislo_popisne>
				<mesto>Karlovy Vary</mesto>
				<psc>36005</psc>
			</adresa_osoby>
		</autor>
	</seznam_autoru>
	
	<registrace>
		<clen id_osoby="c300001">
			<jmeno>Jan</jmeno>
			<prijmeni>Novák</prijmeni>
			<adresa_osoby>
				<ulice>U Koupalište</ulice>
				<cislo_popisne>2</cislo_popisne>
				<mesto>Karlovy Vary</mesto>
				<psc>36005</psc>
			</adresa_osoby>
			<ucet typ_uctu="plny">
				<clensky_poplatek>zaplaceno
				</clensky_poplatek>
				¨<stav_uctu>-10</stav_uctu>
				
			</ucet>
		
		</clen>
		<clen id_osoby="c300002">
			<jmeno>Jana</jmeno>
			<prijmeni>Nováková</prijmeni>
			<adresa_osoby>
				<ulice>U Rybníka</ulice>
				<cislo_popisne>27</cislo_popisne>
				<mesto>Karlovy Vary</mesto>
				<psc>36001</psc>
			</adresa_osoby>
			<ucet typ_uctu="plny">
				<clensky_poplatek>zaplaceno
				</clensky_poplatek>
				¨<stav_uctu>10</stav_uctu>
				
			</ucet>
		</clen>
	</registrace>
	<seznam_vypujcek>
		<vypujcka id_knihy="100001" id_clena="c300001">
			<poznamka cislo_poznamky="1">ohlé rohy</poznamka>
			<datum_vypujcky datum="2012-04-01"></datum_vypujcky>
		</vypujcka>
	</seznam_vypujcek>
</knihovna>