<?xml version="1.0" encoding="UTF-8" standalone="no"?><SportObchod>
	<Zbozi>
		<Obleceni>
			<Tricka>
				<Tricko barva="modra" cena="690" productNum="t10001" velikost="L" znacka="adidas">10</Tricko>
				<Tricko barva="cervena" cena="690" productNum="t10002" velikost="XL" znacka="adidas">5</Tricko>
				<Tricko barva="modra" cena="590" productNum="t10003" velikost="L" znacka="reebok">7</Tricko>
				<Tricko barva="zluta" cena="590" productNum="t10004" velikost="M" znacka="reebok">3</Tricko>
				<Tricko barva="modra" cena="590" productNum="t10005" velikost="XL" znacka="reebok">0</Tricko>
				<Tricko barva="modra" cena="490" productNum="t10006" velikost="L" znacka="umbro">10</Tricko>
				<Tricko barva="cervena" cena="490" productNum="t10007" velikost="XL" znacka="umbro">5</Tricko>
				<Tricko barva="modra" cena="790" productNum="t10008" velikost="L" znacka="nike">7</Tricko>
				<Tricko barva="zluta" cena="790" productNum="t10009" velikost="M" znacka="nike">3</Tricko>
				<Tricko barva="modra" cena="790" productNum="t10010" velikost="XL" znacka="nike">0</Tricko>
			</Tricka>
			<Kalhoty>
				<Teplaky barva="cerna" cena="990" productNum="t20001" velikost="L" znacka="adidas">3</Teplaky>
				<Teplaky barva="cerna" cena="990" productNum="t20002" velikost="XL" znacka="adidas">6</Teplaky>
				<Teplaky barva="modra" cena="990" productNum="t20003" velikost="L" znacka="adidas">7</Teplaky>
				<Jeans barva="modra" cena="1290" productNum="t20004" velikost="L" znacka="nike">12</Jeans>
			</Kalhoty>
			<Boty>
				<Bezecke barva="zelena" cena="1490" productNum="t30001" velikost="43" znacka="adidas">5</Bezecke>
				<Bezecke barva="zelena" cena="1490" productNum="t30002" velikost="44" znacka="adidas">4</Bezecke>
				<Basketove barva="modra" cena="1290" productNum="t30003" velikost="42" znacka="nike">4</Basketove>
				<Tenisove barva="cervena" cena="1690" productNum="t30004" velikost="41" znacka="adidas">4</Tenisove>
			</Boty>
		</Obleceni>
		<SportovniNacini>
			<Tenis>
				<Raketa cena="2990" jmeno="federerka" productNum="t40001" znacka="head">3</Raketa>
				<Raketa cena="3490" productNum="t40002" znacka="head">3</Raketa>
			</Tenis>
			<Fotbal>
				<Mic cena="490" jmeno="roteiro" productNum="t50001" znacka="adidas">12</Mic>
				<Mic cena="390" jmeno="euro2008" productNum="t50002" znacka="nike">7</Mic>
			</Fotbal>
			<Hokej>
				<Hrac>
					
					<Hokejka cena="1000" delka="150" material="drevo" productNum="t60001" zahnuti="leva" znacka="bauer"><![CDATA[
function GetCount()
{
	return countOfHokejka
}
]]></Hokejka>
				</Hrac>
				<Brankar>
					<Betony cena="5000" productNum="t60002" znacka="Bauer">2</Betony>
				</Brankar>
			</Hokej>
		</SportovniNacini>
	</Zbozi>
	<Nakupy>
		<Nakup>
			<Datum>&lt;?php echo Date(Tue Apr 01 20:14:13 CEST 2014) ?&gt;</Datum>
			<Polozka link="t10001"/>
			<Polozka link="t50002"/>
		</Nakup>
	<Nakup><Datum>&lt;?php echo Date(Tue Apr 01 20:25:35 CEST 2014) ?&gt;</Datum><Polozka link="t10001"/></Nakup><Nakup><Datum>&lt;?php echo Date(Tue Apr 01 20:25:35 CEST 2014) ?&gt;</Datum><Polozka link="t10001"/></Nakup></Nakupy>
</SportObchod>