﻿<?xml version="1.0" encoding="utf-8" ?>
<!DOCTYPE klinika SYSTEM "data.dtd"
  [
  <!ENTITY naše_adresa "Veterinární klinika Vetcentrum a.s., Obuvnická 14, Praha, 16200">
  <!ENTITY jméno_kliniky "Vetcentrum a.s.">
  ]
>
<klinika>
  <pacienti>
    <pacient PID="P2">
      <majitel MID="M7">
        <jméno_příjmení>Josef Novák</jméno_příjmení>
        <adresa>
          <ulice>Květnová 4</ulice>
          <město>Praha</město>
          <PSČ>16000</PSČ>
        </adresa>
        <telefon>+420223456789</telefon>
      </majitel>
      <jméno>Rex</jméno>
      <druh>Pes</druh>
      <rasa>Německý ovčák</rasa>
      <pohlaví p="samec"/>
      <věk>5</věk>
      <očkování>
        <vakcína datum="7.5.2011" platí="ano" vakcína="vzteklina"/>
      </očkování>
      <RegID>R16328</RegID>
      <popis></popis>
      <poznámky>Rád kouše</poznámky>
    </pacient>
    <pacient PID="P6">
      <MajID MID="M7"/>
      <jméno>Dášeňka</jméno>
      <druh>Pes</druh>
      <rasa>Foxteriér</rasa>
      <pohlaví p="samice"/>
      <věk>1</věk>
      <očkování>
        <vakcína datum="4.3.2011" platí="ano" vakcína="vzteklina"/>
      </očkování>
      <RegID>S78545</RegID>
    </pacient>
    <pacient PID="P9">
      <majitel MID="M5">
        <jméno_příjmení>Jan Prášil</jméno_příjmení>
        <adresa>
          <ulice>Pod Drahou 5</ulice>
          <město>Horoměřice</město>
          <PSČ>25262</PSČ>
        </adresa>
        <telefon>+420358752392</telefon>
      </majitel>
      <jméno>Eda</jméno>
      <druh>Želva</druh>
      <rasa>Želva ozdobná</rasa>
      <pohlaví p="samec"/>
      <věk>13</věk>
      <poznámky>Poškozený krunýř</poznámky>
    </pacient>
  </pacienti>
  <veterináři>
    <veterinář VetID="L45" pozice="lékař" titul="MVDr.">
      <jméno_příjmení>Petr Vypečený</jméno_příjmení>
      <adresa>
        <ulice>Třešňová 5</ulice>
        <město>Praha</město>
        <PSČ>15200</PSČ>
      </adresa>
      <telefon>+420245357925</telefon>
    </veterinář>
    <veterinář VetID="S13" pozice="sestra">
      <jméno_příjmení>Petra Krásná</jméno_příjmení>
      <adresa>
        <ulice>Zlomená 7</ulice>
        <město>Praha</město>
        <PSČ>13500</PSČ>
      </adresa>
      <telefon>+420256485219</telefon>
    </veterinář>
    <veterinář VetID="S7" pozice="sestra">
      <jméno_příjmení>Vlaďka Vysmátá</jméno_příjmení>
      <adresa>
        <ulice>Kruhová 5</ulice>
        <město>Praha</město>
        <PSČ>16100</PSČ>
      </adresa>
      <telefon>+420223698547</telefon>
    </veterinář>
  </veterináři>
  <návštěvy>
    <návštěva datum="7.5.2011" PID="P2">
      <zpráva>
        Očkování. Očkovala <VID VetID="S13"/>
      </zpráva>
    </návštěva>
    <návštěva datum="11.7.2011" PID="P2" >
      <zpráva>
        <?php echo="" Date=""("d.m.Y")?>
        Zatržený drápek. Ošetřil <VID VetID="L45">Petra Krásná</VID>. &naše_adresa;
        <?TISKARNA TiskniZpravu()?>
      </zpráva>
    </návštěva>
    <návštěva datum="29.2.2012" PID="P6">
      <zpráva>
        <?php echo="" Date=""("d.m.Y")?>
        Kastrace. Lékař <VID VetID="L45">MVDr. Petr Vypečený</VID>. &naše_adresa;
        <?TISKARNA TiskniZpravu()?>
      </zpráva>
    </návštěva>
    <návštěva datum="12.10.2011" PID="P6">
      <zpráva>
        <?php echo="" Date=""("d.m.Y")?>
        Očkování. Očkovala <VID VetID="S7">Vlaďka Vysmátá</VID>. &naše_adresa;
        <?TISKARNA TiskniZpravu()?>
      </zpráva>
    </návštěva>
    <návštěva datum="7.1.2012" PID="P9">
      <zpráva>
        <?php echo="" Date=""("d.m.Y")?>
        Uštípnutý krunýř. Ošetřil <VID VetID="L45">MVDr. Petr Vypečený</VID>. &naše_adresa;
        <?TISKARNA TiskniZpravu()?>
      </zpráva>
    </návštěva>
  </návštěvy>
  <funkce>
    <![CDATA[
    function Doktori() 
    {
      foreach (Doctor d in Doctors)
        writeln(d.Name_Surname);
    }
    function Pacienti()
    {
      foreach (Patient p in Patients)
        writeln(p.Name);
    }
    ]]>
  </funkce>
</klinika>