<?xml version="1.0" encoding="UTF-8"?>

<books>
	<book>
		<title>Magician</title>
		<sequel>
			<book>
				<title>Silverthorn</title>
				<sequel>			
					<book>
					<title>A Darkness at Sethanon</title>
					</book>
				</sequel>
			</book>
		</sequel>
	</book>
	<book>
		<title>Wizard's First Rule</title>
		<sequel>			
			<book>
				<title>Stone of Tears</title>
				<sequel>				
					<book>
						<title>Blood of the Fold</title>
						<sequel>
						<book>
							<title>Temple of the Winds</title>
						</book>
					</sequel>
					</book>
				</sequel>
			</book>
		</sequel>
	</book>
	<book>
		<title>Godfather</title>
	</book>
	<book>
		<title>Alchemyst</title>
	</book>
	<book>
		<title>Little Prince</title>
	</book>
	<book>
		<title>Warhammer</title>
	</book>
	<book>
		<title>How to do homeworks for dummies</title>
	</book>
</books>