<?xml version="1.0" encoding="UTF-8"?>
<Statistics>
    <Sold>
        <Songs> 
            <year value="1964" Album_ID_ref="a2">
                <numberOfSongs>10982273</numberOfSongs>
                
            </year>
            <year value="2012" Album_ID_ref="a1">
                <numberOfSongs>20600072</numberOfSongs>  
            </year>
            <year value="2013" Album_ID_ref="a2">
                <numberOfSongs>29766677</numberOfSongs>    
            </year>
        </Songs>
        <Spokenwords>
            <year value="2011" Album_ID_ref="a1">
                <numberOfSpokenwords>200001</numberOfSpokenwords>
            </year>
            <year value="2012" Album_ID_ref="a1">
                <numberOfSpokenwords>200002</numberOfSpokenwords>  
            </year>
            <year value="2013">
                <numberOfSpokenwords>200003</numberOfSpokenwords>    
            </year>
        </Spokenwords>
    </Sold>  
    <Released>
        <year value="2011">
            <numberOfSongs>5182274</numberOfSongs>
        </year>
        <year value="2012">
            <numberOfSongs>7800123</numberOfSongs>  
        </year>
        <year value="2013">
            <numberOfSongs>29001471</numberOfSongs>    
        </year>
    </Released>
</Statistics>
