<?xml version="1.0" encoding="UTF-8"?>
<!DOCTYPE document SYSTEM "data.dtd">
<document>
	<casZpracovani><?php echo date('l jS \of F Y h:i:s A'); ?></casZpracovani>
	<hry>
		<zanr>
		 <adventura>
			 <textovka>
			 </textovka>
			 <grafickaTextovka>
			 </grafickaTextovka>
			 <pointAndClick>
			 </pointAndClick>
			 <triDeAdventura>
				 <triDeAkcniAdventura>
				 </triDeAkcniAdventura>
			 </triDeAdventura> 
		 </adventura>
		 <akcni>
			 <triDeAkcni>
			 	<!-- first-person shooter -->
				 <fps>
				 </fps>
				 <!-- third-person shooter -->
				 <tps>
					 <titul>
						 <nazevTitulu>Max Payne</nazevTitulu>
						 <vydano>
							 <datum>23.6.</datum>
							 <rok>2001</rok>
						 </vydano>
						 <vyvojarRef id="vyv_1" />
						 <vyvojarRef id="vyv_2" />
						 <vydavatelRef id="vyd_1" />
						 <vydavatelRef id="vyd_2" />
						 <distributorRef id="dis_1" />
						 <distributorRef id="dis_2" />
						 <medium typ="CD" pocet="1" />
						 <herniMody singleplayer="ano" hotseat="ne" lanMultiplayer="ne" netMultiplayer="ne" />
						 <engine>MAX-FX &tm;</engine>
						 <hardwarovePozadavky>
						 	Windows:
							<cpuFreq>450 MHz</cpuFreq> CPU,
							<ram>96 MB</ram> RAM,
							grafická karta s <videoRam>16 MB</videoRam> RAM,
							mechanika <drive>CD-ROM 4X</drive>,
							<software>Windows 95, DirectX 8.0</software>
						 </hardwarovePozadavky>
					 </titul>
					 <titul>
							<nazevTitulu>BloodRayne</nazevTitulu>
							<vydano>
								<rok>2002</rok>
							</vydano>
							<vyvojarRef id="vyv_3"></vyvojarRef>
							<medium />
							<herniMody />
							<engine></engine>
							<hardwarovePozadavky></hardwarovePozadavky>
						</titul>
				 </tps>
				 <survivalHorror>
				 </survivalHorror>
				 <taktickySimulator>
				 </taktickySimulator>
			 </triDeAkcni>
		 </akcni>
		 <arkada>
			 <plosinovka>
			 </plosinovka>
			 <bojovka>
			 </bojovka>
			 <logicka>
			 </logicka>
			 <sportovni>
			 </sportovni>
			 <zavodni>
			 	<titul>
					<nazevTitulu>Death rally</nazevTitulu>
					<vydano>
						<datum></datum>
						<rok>1996</rok>
					</vydano>
					<vyvojarRef id="vyv_1"></vyvojarRef>
					<medium></medium>
					<herniMody></herniMody>
					<engine></engine>
					<hardwarovePozadavky></hardwarovePozadavky>						
				</titul>
			 </zavodni>
			 <arkanoidLike>
			 </arkanoidLike>
		 </arkada>
		 <strategie>
			 <tahova>
			 </tahova>
			 <realtime>
			 </realtime>
			 <budovatelska>
			 </budovatelska>
			 <towerDefense>
			 </towerDefense>
		 </strategie>
		 <simulator>
			 <zivota>
			 </zivota>
			 <letecky>
			 </letecky>
			 <zavodu>
			 </zavodu>
			 <deskoveHry>
			 </deskoveHry>
			 <sport>
			 </sport>
			 <sportovniManager>
			 </sportovniManager>
		 </simulator>
		 <rpg>
			 <dungeon>
			 </dungeon>
			 <mmorpg>
			 </mmorpg>
		 </rpg>
		</zanr>
	</hry>
	<vyvojari>
		<vyvojar id="vyv_1">
			<nazev>Remedy Entertainment</nazev>		
		</vyvojar>
		<vyvojar id="vyv_2">
			<nazev>3D Realms</nazev>		
		</vyvojar>
		<vyvojar id="vyv_3">
			<nazev>Terminal Reality</nazev>
		</vyvojar>
	</vyvojari>
	<vydavatele>
		<vydavatel id="vyd_1">
			<nazev>Gathering of Developers</nazev>
		</vydavatel>
		<vydavatel id="vyd_2">
			<nazev>Valve Corporation</nazev>
		</vydavatel>
	</vydavatele>
	<distributori>
		<distributor id="dis_1">
			<nazev>Take 2</nazev>
		</distributor>
		<distributor id="dis_2">
			<nazev>Cenega</nazev>
		</distributor>
	</distributori>
	<komentar><![CDATA[< >]]>Stav dokumentu je: &stav;.<![CDATA[< >]]></komentar>
	<komentar><![CDATA[
			Do <vyvojar>, <vydavatel> a <distributor> je třeba přidat nějaká další data – samozřejmě po příšlušných úpravách DTD.
	]]></komentar>
</document>
