<?xml version="1.0" encoding="UTF-8"?>
<!-- A7B36XML Homework  5-->
<!-- Author: Veronika Maurerova - maurever@fel.cvut.cz-->
<xsl:stylesheet version="1.0" xmlns:xsl="http://www.w3.org/1999/XSL/Transform">
	<xsl:output method="html" version="1.0" encoding="UTF-8" indent="yes"/>
	<xsl:template match="/">
		<html>
			<head>
				<title>TODO list</title>
			</head>
			<body>
				<table>
					<thead>
						<tr>
							<th>Jméno</th>
							<th>Příjmení</th>
							<th>Login</th>
						</tr>
					</thead>
					<tbody>
						<xsl:apply-templates select="//user[count(descendant::item[state/@status='undone'])>2]" mode="#default"/>
					</tbody>
				</table>
								<table>
					<thead>
						<tr>
							<th>Poznámka</th>
							<th>Odkazuje se na:</th>
						</tr>
					</thead>
					<tbody>
						<xsl:apply-templates select="//item" />
					</tbody>
				</table>
				<ul>	
					<xsl:for-each select="//user">
						<xsl:variable name="user_id"><xsl:value-of select="@id"></xsl:value-of></xsl:variable>
						<xsl:call-template name="category_list">
							<xsl:with-param name="user_id" select="$user_id" />
						</xsl:call-template>
					</xsl:for-each>
				</ul>
				<div>
				<xsl:for-each select="//user">
					<xsl:call-template name="active_email"></xsl:call-template>
				</xsl:for-each>
				</div>
				<div>
					<xsl:call-template name="user_details_xml"></xsl:call-template>
				</div>				
			</body>
		</html>
	</xsl:template>
	<!-- Vypise do tabulky udaje uzivatelu, kteri maji vice nez 2 nehotove ukoly.-->
	<!-- Pouziti nepojmenovane sablony, XPath, value-of, element, attribut. -->
	<xsl:template match="//user[count(descendant::item[state/@status='undone'])>2]">
	<tr>
		<xsl:element name="td">
			<xsl:value-of select="user_details/name/first_name"/>
		</xsl:element>
		<xsl:element name="td">
			<xsl:value-of select="user_details/name/last_name"/>
		</xsl:element>
		<xsl:element name="td">
			<xsl:attribute name="style">border: solid black 1px;</xsl:attribute>
		<xsl:value-of select="user_details/login"/>
		</xsl:element>
	</tr>
	</xsl:template>
	
	<!-- Vypise poznamky u vsech ukolu a k nim predmety ukolu, na ktere se odkazuji pomoci note_ref.-->
	<!-- Pouziti nepojmenovane sablony, XPath, promenne, value-of, if. -->
	<xsl:template match="//item">
		<tr>
		<td><xsl:value-of select="note"/></td>
		<xsl:variable name="itemRef"><xsl:value-of select="note/note_ref/@refid"/></xsl:variable>
		<xsl:if test="$itemRef != ''">
			<td><xsl:value-of select="//item[@id = $itemRef]/subject"/></td>
		</xsl:if>
		</tr>
	</xsl:template>
	
	<!-- Sablona ziska id uzivatele pres parametr a vypise jake kategorie maji jednotlive todo-listy uzivatelu.-->
	<!-- Pouziti pojmenovane sablony, parametru, for-each, XPath, promenne. -->
	<xsl:template name="category_list">
		<xsl:param name="user_id"/>
		<li>
		<xsl:text>Uživatel </xsl:text>
		<xsl:value-of select="//user[@id = $user_id]/user_details/login"></xsl:value-of>
		<xsl:text> má kategorie: </xsl:text>
		<ul>
			<xsl:for-each select="//user[@id=$user_id]/todo_list/category">
				<li><xsl:value-of select="@name"></xsl:value-of></li>
			</xsl:for-each>
		</ul>
		</li>
	</xsl:template>
	
	<!-- Vypise emaily s informaci jestli jsou aktivni ci nikoliv. -->
	<!-- Pouzití pojmenovane sablony, XPath, choose - when/otherwise, textu. -->
	<xsl:template name="active_email">
		<xsl:choose>
			<xsl:when test="user_details/email/@active = 'true'">
				<xsl:text>aktivní adresa: </xsl:text>
				<xsl:value-of select="user_details/email/text()"></xsl:value-of>
				<xsl:text>, </xsl:text>
			</xsl:when>
			<xsl:otherwise>
				<xsl:text>neaktivní adresa: </xsl:text> 
				<xsl:value-of select="user_details/email/text()"></xsl:value-of>
				<xsl:text>, </xsl:text>
			</xsl:otherwise>
		</xsl:choose>
	</xsl:template>
	
	<!-- Vypise kusy XML kodu s uzivatelskymi udaji. -->
	<!-- Pouzití pojmenovane sablony, XPath, textu, copy-of. -->
	<xsl:template name="user_details_xml">
		<p><xsl:text>Zkopírované kusy XML s uživatelskými údaji: </xsl:text></p>
		<br />
		<xsl:copy-of select="//user/user_details">
		</xsl:copy-of>
	</xsl:template>
</xsl:stylesheet>
