<?xml version="1.0" encoding="UTF-8"?>
<cs_portal>
	<!-- Seznam serveru -->
	<servers>
		<server id="s0" name="Web" server_hw="Anicka" message="Vitejte">
			<ip>cs.soe.cz</ip>
			<map>N/A</map>
			<players>
				<actual>0</actual>
				<maximal>0</maximal>
			</players>
		</server>
		<server id="s1" name="Classic" server_hw="Anicka">
			<ip>88.86.107.57:27015</ip>
			<map>de_inferno</map>
			<players>
				<actual>17</actual>
				<maximal>17</maximal>
			</players>
		</server>
		<server id="s2" name="Deathmatch" server_hw="Anicka">
			<ip>88.86.107.57:27016</ip>
			<map>de_mirage</map>
			<players>
				<actual>0</actual>
				<maximal>30</maximal>
			</players>
		</server>
		<server id="s3" name="Aim" server_hw="Anicka">
			<ip>88.86.107.57:27017</ip>
			<map>aim_dgl</map>
			<players>
				<actual>0</actual>
				<maximal>11</maximal>
			</players>
		</server>
		<server id="s4" name="Sniper" server_hw="Anicka">
			<ip>88.86.107.57:27018</ip>
			<map>aaa_awp</map>
			<players>
				<actual>3</actual>
				<maximal>15</maximal>
			</players>
		</server>
		<server id="s5" name="Knife" server_hw="Anicka">
			<ip>88.86.107.57:27019</ip>
			<map>ka_longer</map>
			<players>
				<actual>1</actual>
				<maximal>17</maximal>
			</players>
		</server>
		<server id="s6" name="Oldschool" server_hw="Anicka">
			<ip>88.86.107.57:27021</ip>
			<map>cs_alpin</map>
			<players>
				<actual>0</actual>
				<maximal>17</maximal>
			</players>
		</server>
		<server id="s7" name="Jailbreak" server_hw="Borivoj">
			<ip>88.86.107.57:27030</ip>
			<map>jb_snow</map>
			<players>
				<actual>0</actual>
				<maximal>20</maximal>
			</players>
		</server>
		<server id="s8" name="Fun" server_hw="Anicka">
			<ip>88.86.107.57:27022</ip>
			<map>fy_poolday_cz</map>
			<players>
				<actual>5</actual>
				<maximal>17</maximal>
				<list>
				<player slot="1">
					<name>Jirka</name>
					<frags>15</frags>
					<deaths>0</deaths>
				</player>
				<player slot="2">
					<name>Adam</name>
					<frags>0</frags>
					<deaths>5</deaths>
				</player>
				<player slot="3">
					<name>Tomas</name>
					<frags>1</frags>
					<deaths>3</deaths>
				</player>
				<player slot="4">
					<name>Sara</name>
					<frags>20</frags>
					<deaths>5</deaths>
				</player>
				<player slot="5">
					<name>Sara</name>
					<frags>15</frags>
					<deaths>20</deaths>
				</player>
				</list>
			</players>
		</server>
		<server id="s9" name="War3FTSaveXP" server_hw="Borivoj">
			<ip>88.86.107.57:27023</ip>
			<map>de_dust</map>
			<players>
				<actual>5</actual>
				<maximal>17</maximal>
			</players>
		</server>
		<server id="s10" name="BetaLongJump" server_hw="Anicka">
			<ip>88.86.107.57:27024</ip>
			<map>kz_longjumps2</map>
			<players>
				<actual>0</actual>
				<maximal>10</maximal>
			</players>
		</server>
	</servers>
	<!-- Seznam banu -->
	<banlist>
		<record id="r1" server_id="s2">
			<player>
				<ip>88.101.245.1</ip>
				<nickname>BrumbA</nickname>
				<total_bans>6</total_bans>
			</player>
			<ban_date>
				<day>23</day>
				<month>7</month>
				<year>2012</year>
				<hour>19</hour>
				<minute>59</minute>
				<second>02</second>
			</ban_date>
			<release_date>
				<day>25</day>
				<month>7</month>
				<year>2012</year>
				<hour>19</hour>
				<minute>59</minute>
				<second>02</second>
			</release_date>
			<reason>Neumi pravidla</reason>
			<type/>
		</record>
		<record id="r2" server_id="s0">
			<player>
				<ip>88.101.245.1</ip>
				<sid>STEAM_0:1:1750700</sid>
				<nickname>BrumbA</nickname>
				<total_bans>6</total_bans>
			</player>
			<ban_date>
				<day>26</day>
				<month>1</month>
				<year>2013</year>
				<hour>13</hour>
				<minute>11</minute>
				<second>15</second>
			</ban_date>
			<release_date>
				<day>7</day>
				<month>2</month>
				<year>2013</year>
				<hour>13</hour>
				<minute>11</minute>
				<second>15</second>
			</release_date>
			<reason>
				<bold>Vlastna</bold> ziadost</reason>
			<type/>
		</record>
		<record id="r3" server_id="s2">
			<player>
				<ip>88.101.245.1</ip>
				<nickname>Aiwa</nickname>
				<total_bans>6</total_bans>
			</player>
			<ban_date>
				<day>26</day>
				<month>1</month>
				<year>2013</year>
				<hour>13</hour>
				<minute>11</minute>
				<second>15</second>
			</ban_date>
			<release_date>
				<day>7</day>
				<month>2</month>
				<year>2013</year>
				<hour>13</hour>
				<minute>11</minute>
				<second>15</second>
			</release_date>
			<reason>
				<bold>Vlastna</bold> ziadost</reason>
			<type/>
		</record>
		<record id="r4" server_id="s2">
			<player>
				<ip>88.101.245.1</ip>
				<sid>STEAM_0:1:1750700</sid>
				<nickname>Dzyyy</nickname>
				<total_bans>6</total_bans>
			</player>
			<ban_date>
				<day>26</day>
				<month>1</month>
				<year>2013</year>
				<hour>13</hour>
				<minute>11</minute>
				<second>15</second>
			</ban_date>
			<release_date>
				<day>7</day>
				<month>2</month>
				<year>2013</year>
				<hour>13</hour>
				<minute>11</minute>
				<second>15</second>
			</release_date>
			<reason>
				<bold>Vlastna</bold> ziadost</reason>
			<type/>
		</record>
	</banlist>
</cs_portal>
