<?xml version="1.0" encoding="UTF-8"?>
<!DOCTYPE pharmacy SYSTEM "data.dtd">

<pharmacy>
	<title>
		<![CDATA[
			document.writeln("<p>Pharmacy</p>");
		]]>
	</title>
	<!-- List of medications -->
	<medications>
		<medication id="_1" name="med1" count="10"/>
		<medication id="_2" name="med2" count="12"/>
		<medication id="_3" name="med3" count="7"/>
		<medication id="_4" name="med4" count="14"/>
		<medication id="_5" name="med5" count="5"/>
		<medication id="_6" name="med6" count="13"/>
		<medication id="_7" name="med7" count="18"/>
		<medication id="_8" name="med8" count="19"/>
		<medication id="_9" name="med9" count="20"/>
		<medication id="_10" name="med10" count="31"/>
	</medications>
	
	<!-- List of customers -->
	<customers>
		<customer_info id="_11">
			<name>Some Name</name>
			<address>
				<street>
					<street_name>First Street</street_name>
					<street_no>15</street_no>
				</street>
				<post_code>123</post_code>
				<city>Praha</city>
				<country>Ceska republika</country>
				<note/>
			</address>
		</customer_info>
		<customer_info id="_12">
			<name>Another Name</name>
			<address>
				<street>
					<street_name>Second Street</street_name>
					<street_no>12</street_no>
				</street>
				<post_code>189</post_code>
				<city>Brartislava</city>
				<country>Slovenska republika</country>
			</address>
		</customer_info>
	</customers>
	
	<!-- List of orders-->
	<orders>
		<order>
			<customer_id id="_11"/>
			<medications_ids ids="_1 _3 _5"/>
			<status invoiced="yes" payed="yes" delivered="no"/>
			<description></description>
		</order>
	</orders>
	<date><?php echo Date("d.m.Y")?></date>
</pharmacy>
