<?xml version="1.0" encoding="UTF-8"?>
<!-- FANTASY-LIKE league, homework #1 -->
<fantasyGame>
    <league name="I.">
        <team team_id="t_1">
            <name>The Skullsmahers</name>
            <heroes>
                <hero name="Gur" race="Giant">
                </hero>
                <hero name="Bur" race="Giant">
                </hero>
                <hero name="Hur" race="Giant">
                        <uses item_id="i_13"/>
                        <uses item_id="i_6"/>
                </hero>
            </heroes>
        </team>    
        <team team_id="t_2">
            <name>The Seventh Army</name>
            <heroes>
                <hero name="Malcolm" race="Human">
                    <uses item_id="i_1"/>
                    <uses item_id="i_7"/>
                </hero>
                <hero name="Guido" race="Hobbit">
                    <uses item_id="i_11"/>
                    <uses item_id="i_6"/>
                </hero>
                <hero name="Gird" race="Dwarf">
                    <uses item_id="i_9"/>
                    <uses item_id="i_8"/>
                </hero>
            </heroes>
        </team>
        <team  team_id="t_3">
            <name>The Crows</name>
            <heroes>
                <hero name="Reiner" race="Human">
                    <uses item_id="i_16"/>
                    <uses item_id="i_4"/>
                </hero>
                <hero name="Rick" race="Human">
                    <uses item_id="i_16"/>
                    <uses item_id="i_4"/>
                </hero>
                <hero name="Lavarus" race="Halfelf">
                    <uses item_id="i_3"/>
                    <uses item_id="i_6"/>
                    <uses item_id="i_2"/>
                </hero>
            </heroes>
        </team>
        <team  team_id="t_4">
            <name>Trollslayers</name>
            <heroes>
                <hero name="Gotrek" race="Dwarf">
                    <uses item_id="i_14"/>
                </hero>
                <hero name="Snorri" race="Dwarf">
                    <uses item_id="i_13"/>
                </hero>
                <hero name="Malakai" race="Dwarf">
                    <uses item_id="i_13"/>
                </hero>
            </heroes>
        </team>
        <team  team_id="t_5"> 
            <name>Khaine's Wrath</name>
            <heroes>
                <hero name="Malekith" race="Darkelf">
                    <uses item_id="i_1"/>
                    <uses item_id="i_1"/>
                    <uses item_id="i_8"/>
                </hero>
                <hero name="Malus" race="Darkelf">
                    <uses item_id="i_1"/>
                    <uses item_id="i_4"/>
                    <uses item_id="i_16"/>
                </hero>
                <hero name="Tornai" race="Darkelf">
                    <uses item_id="i_1"/>
                    <uses item_id="i_4"/>
                    <uses item_id="i_7"/>
                </hero>
            </heroes>
        </team>
            
    </league>
    <items>
            <offense>
                <item name="longsword" item_id="i_1" damage="4"/>
                <item name="longbow" item_id="i_2" damage="3"/>
                <item name="dagger" item_id="i_3" damage="1"/>
                <item name="mace" item_id="i_9" damage="3"/>
                <item name="flail" item_id="i_10" damage="3"/>
                <item name="shortbow" item_id="i_11" damage="2"/>
                <item name="heavy crossbow" item_id="i_12" damage="5"/>
                <item name="warhammer" item_id="i_13" damage="4"/>
                <item name="great axe" item_id="i_14" damage="4"/>
                <item name="two-handed sword" item_id="i_15" damage="5"/>
                <item name="spear" item_id="i_16" damage="4"/>
            </offense>
            <defense>
                <item name="small_shield" item_id="i_4" bonus="1"/>
                <item name="large_shield" item_id="i_5" bonus="2"/>
            </defense>
            <armour>
                <item name="leather_armour" item_id="i_6" bonus="1"/>
                <item name="chainmail" item_id="i_7" bonus="4"/>
                <item name="steel_plate_armour" item_id="i_8" bonus="6"/>
            </armour>
        </items>
</fantasyGame>
