<?xml version="1.0" encoding="UTF-8"?>
<?php echo "Databaze Rodokmen"?>
<!DOCTYPE rodokmen SYSTEM "data.dtd" >
<rodokmen>
	<generace pozn="prvni sledovana generace">
		<manzele>
			<osoba id="o1" pohlavi="&M;">
				<jmeno>Jan</jmeno>
				<prijmeni>Novak</prijmeni>
				<datum_narozeni>
					<rok>1602</rok>
				</datum_narozeni>
				<datum_umrti>
					<mesic>10</mesic>
					<rok>1656</rok>
				</datum_umrti>
			</osoba>
			<osoba id="o2" pohlavi="&Z;">
				<jmeno>Magdalena</jmeno>
				<prijmeni>Novakova</prijmeni>
				<rodne_prijmeni>Novotna</rodne_prijmeni>
				<datum_narozeni>
					<mesic>5</mesic>
					<rok>1610</rok>
				</datum_narozeni>
				<datum_umrti>
					<mesic>5</mesic>
					<rok>1660</rok>
				</datum_umrti>
			</osoba>
			<deti id="o3 o4 o5"></deti>
		</manzele>
		<manzele>
			<osoba pohlavi="&Z;" id="o11">
				<jmeno>Marie</jmeno>
				<prijmeni>Matternichova</prijmeni>
				<rodne_prijmeni>Běla</rodne_prijmeni>
				<datum_narozeni>
					<mesic>11</mesic>
					<rok>1608</rok>
				</datum_narozeni>
				<datum_umrti>
					<rok>1659</rok>
				</datum_umrti>
			</osoba>
			<osoba pohlavi="&M;" id="o12">
				<jmeno>Franz</jmeno>
				<prijmeni>Matternich</prijmeni>
				<stav>šlechtic</stav>
				<titul>aus Říčany</titul>
				<dedicna_prava>titul na syna</dedicna_prava>
				<datum_narozeni>
					<den>31</den>
					<mesic>5</mesic>
					<rok>1602</rok>
				</datum_narozeni>
				<datum_umrti>
					<mesic>5</mesic>
					<rok>1664</rok>
				</datum_umrti>
			</osoba>
			<deti id="o10"/>
		</manzele>
	</generace>
	<generace>
		<osoba id="o3" pohlavi="&Z;">
			<jmeno>Alena</jmeno>
			<prijmeni>Novakova</prijmeni>
			<rodice>
				<matka id="o2"></matka>
				<otec id="o1"></otec>
			</rodice>
			<datum_narozeni>
				<den>25</den>
				<mesic>2</mesic>
				<rok>1628</rok>
			</datum_narozeni>
			<datum_umrti>
				<rok>1644</rok>
			</datum_umrti>
		</osoba>
		<manzele>
			<osoba id="o4" pohlavi="&M;">
				<jmeno>Petr</jmeno>
				<prijmeni>Novak</prijmeni>
				<rodice>
					<matka id="o2"></matka>
					<otec id="o1"></otec>
				</rodice>
				<datum_narozeni>
					<rok>1630</rok></datum_narozeni>
				<datum_umrti>
					<den>25</den>
					<mesic>11</mesic>
					<rok>1691</rok>
				</datum_umrti>
			</osoba>
			<osoba id="o6" pohlavi="&Z;">
				<jmeno>Ludmila</jmeno>
				<prijmeni>Novakova</prijmeni>
				<rodne_prijmeni>Nemcova</rodne_prijmeni>
				<datum_narozeni>
					<rok>1635</rok></datum_narozeni>
				<datum_umrti>
					<den>1</den>
					<mesic>9</mesic>
					<rok>1687</rok>
				</datum_umrti>
			</osoba>
			<deti id="o8"></deti>
		</manzele>
			<osoba id="o5" pohlavi="&Z;">
				<jmeno>Kvetoslava</jmeno>
				<prijmeni>Vlkova</prijmeni>
				<rodne_prijmeni>Novakova</rodne_prijmeni>
				<stav>slechticna</stav>
				<titul>von Uhost</titul>
				<dedicna_prava>deti nededi stav, titul je dedicny</dedicna_prava>
				<barva_oci>modra</barva_oci>
				<rodice>
					<matka id="o2"></matka>
					<otec id="o1"></otec>
				</rodice>
				<datum_narozeni>
					<rok>1632</rok></datum_narozeni>
				<datum_umrti>
					<den>17</den>
					<mesic>4</mesic>
					<rok>1687</rok>
				</datum_umrti>
			</osoba>
			<manzele>
				<osoba pohlavi="&Z;" id="o9">
					<jmeno>Růžena</jmeno>
					<prijmeni>Matternichova</prijmeni>
					<rodne_prijmeni>Šípkova</rodne_prijmeni>
					<datum_narozeni>
						<den>5</den>
						<mesic>8</mesic>
						<rok>1640</rok>
					</datum_narozeni>
					<datum_umrti>
						<rok>1700</rok>
					</datum_umrti>
				</osoba>
				<osoba pohlavi="&M;" id="o10">
					<jmeno>Josef</jmeno>
					<prijmeni>Matternich</prijmeni>
					<stav>hrabě</stav>
					<titul>aus Říčany</titul>
					<dedicna_prava>titul na syna</dedicna_prava>
					<rodice>
						<matka id="o11"></matka>
						<otec id="o12"></otec>
					</rodice>
					<datum_narozeni>
						<den>19</den>
						<mesic>1</mesic>
						<rok>1636</rok>
					</datum_narozeni>
					<datum_umrti>
						<den>3</den>
						<mesic>12</mesic>
						<rok>1699</rok>
					</datum_umrti>
				</osoba>
				<deti id="o7"/>
			</manzele>
	</generace>
	<generace>
		<manzele>
		<osoba id="o7" pohlavi="&M;">
			<jmeno>Vilem</jmeno>
			<prijmeni>Matternich</prijmeni>
			<titul>aus Říčany</titul>
			<dedicna_prava>titul na syna</dedicna_prava>
			<rodice>
				<matka id="o9"></matka>
				<otec id="o10"></otec>
			</rodice>
			<datum_narozeni>
				<den>7</den>
				<mesic>12</mesic>
				<rok>1655</rok>
			</datum_narozeni>
			<datum_umrti>
				<den>8</den>
				<mesic>12</mesic>
				<rok>1696</rok>
			</datum_umrti>
		</osoba>
		<osoba pohlavi="&Z;" id="o8">
			<jmeno>Jarmila</jmeno>
			<prijmeni>Matternichova</prijmeni>
			<rodne_prijmeni>Novakova</rodne_prijmeni>
			<rodice>
				<matka id="o6"></matka>
				<otec id="o4"></otec>
			</rodice>
			<datum_narozeni>
				<den>28</den>
				<mesic>9</mesic>
				<rok>1660</rok>
			</datum_narozeni>
			<datum_umrti>
				<rok>1701</rok>
			</datum_umrti>
		</osoba>
		<deti id="o13 o14 o15"/>
		</manzele>
	</generace>
	<generace>
		<osoba pohlavi="&Z;" id="o13">
			<jmeno>Dana</jmeno>
			<prijmeni>Matternichova</prijmeni>
			<rodice>
				<matka id="o8"></matka>
				<otec id="o7"></otec>
			</rodice>
			<datum_narozeni>
				<den>21</den>
				<mesic>2</mesic>
				<rok>1680</rok>
			</datum_narozeni>
			<datum_umrti>
				<den>5</den>
				<mesic>11</mesic>
				<rok>1685</rok>
			</datum_umrti>
		</osoba>
		<osoba pohlavi="&Z;" id="o14">
			<jmeno>Jana</jmeno>
			<prijmeni>Matternichova</prijmeni>
			<rodice>
				<matka id="o8"></matka>
				<otec id="o7"></otec>
			</rodice>
			<datum_narozeni>
				<den>28</den>
				<mesic>6</mesic>
				<rok>1682</rok>
			</datum_narozeni>
			<datum_umrti>
				<den>18</den>
				<mesic>10</mesic>
				<rok>1685</rok>
			</datum_umrti>
		</osoba>
		<manzele>
			<osoba pohlavi="&M;" id="o15">
				<jmeno>Jakub</jmeno>
				<prijmeni>Matternich</prijmeni>
				<titul>aus Říčany</titul>
				<dedicna_prava>titul na syna</dedicna_prava>
				<rodice>
					<matka id="o8"></matka>
					<otec id="o7"></otec>
				</rodice>
				<datum_narozeni>
					<den>9</den>
					<mesic>7</mesic>
					<rok>1686</rok>
				</datum_narozeni>
				<datum_umrti>
					<den>15</den>
					<mesic>7</mesic>
					<rok>1739</rok>
				</datum_umrti>
			</osoba>
			<osoba pohlavi="&Z;" id="o16">
				<jmeno>Magdalena</jmeno>
				<prijmeni>Matternichova</prijmeni>
				<rodne_prijmeni>Švecová</rodne_prijmeni>
				<datum_narozeni>
					<den>7</den>
					<mesic>3</mesic>
					<rok>1690</rok>
				</datum_narozeni>
				<datum_umrti>
					<den>15</den>
					<mesic>6</mesic>
					<rok>1739</rok>
				</datum_umrti>
			</osoba>
			<deti id="o17"/>
		</manzele>
	</generace>
	<generace>
		<osoba pohlavi="&M;" id="o17">
			<jmeno>Karel</jmeno>
			<prijmeni>Matternich</prijmeni>
			<titul>aus Říčany</titul>
			<dedicna_prava>titul na syna</dedicna_prava>
			<rodice>
				<matka id="o16"></matka>
				<otec id="o15"></otec>
			</rodice>
			<datum_narozeni>
				<den>29</den>
				<mesic>2</mesic>
				<rok>1712</rok>
			</datum_narozeni>
			<datum_umrti>
				<den>29</den>
				<mesic>2</mesic>
				<rok>1772</rok>
			</datum_umrti>
		</osoba>
	</generace>
	<poznamky>
		Spoustu udaju se o teto rodine jiz nepodarilo zjistit, nektera obdobi jsou alespon priblizna.
	</poznamky>
</rodokmen>