<?xml version="1.1" encoding="UTF-8"?>
<udalosti_root 
	xsi:noNamespaceSchemaLocation="data.xsd"
	xmlns:xsi="http://www.w3.org/2001/XMLSchema-instance"
	>
	<!-- soupis vsech uzivatelu, ktere mame v systemu -->
	<uzivatele >
		<uzivatel id="U1">
			<jmeno>Pepa Novák</jmeno>
			<kontakt>
				<email>pepa@seznam.cz</email>
				<telefon>732197722</telefon>
			</kontakt>
		</uzivatel>
		<uzivatel id="U2">
			<jmeno>Jan Vlach</jmeno>
			<kontakt>
				<email>honza12@gmail.com</email>
				<telefon>728726937</telefon>
			</kontakt>
		</uzivatel>
		<uzivatel id="U3">
			<jmeno>Pepa Jandura</jmeno>
			<kontakt>
				<email>pepaJandura@seznam.cz</email>
				<telefon>732432789</telefon>
			</kontakt>
		</uzivatel>
		<uzivatel id="U4">
			<jmeno>Kryštof Osítko</jmeno>
			<kontakt>
				<email>kositko@gmail.com</email>
				<telefon>728745937</telefon>
			</kontakt>
		</uzivatel>
		<uzivatel id="U5">
			<jmeno>Jan Ostřinec</jmeno>
			<kontakt>
				<email>jostrinec@seznam.cz</email>
				<telefon>732145522</telefon>
			</kontakt>
		</uzivatel>
		<uzivatel id="U6">
			<jmeno>Antonín Sova</jmeno>
			<kontakt>
				<email>tondaSova@gmail.com</email>
				<telefon>728729383</telefon>
			</kontakt>
		</uzivatel>
		<uzivatel id="U7">
			<jmeno>Karel Novák</jmeno>
			<kontakt>
				<email>karlik@seznam.cz</email>
				<telefon>737737789</telefon>
			</kontakt>
		</uzivatel>
		<uzivatel id="U8">
			<jmeno>Štěpán Opuchlý</jmeno>
			<kontakt>
				<email>opuchlystepan@seznam.cz</email>
				<telefon>723321937</telefon>
			</kontakt>
		</uzivatel>
		<uzivatel id="U9">
			<jmeno>Jan Odrava</jmeno>
			<kontakt>
				<email>janodrava@seznam.cz</email>
				<telefon>732190522</telefon>
			</kontakt>
		</uzivatel>
		<uzivatel id="U10">
			<jmeno>Karel Marek</jmeno>
			<kontakt>
				<email>karelmarek@gmail.com</email>
				<telefon>648231322</telefon>
			</kontakt>
		</uzivatel>
		<uzivatel id="U11">
			<jmeno>Pavel Omastek</jmeno>
			<kontakt>
				<email>pomastek@seznam.cz</email>
				<telefon>732129022</telefon>
			</kontakt>
		</uzivatel>
		
	</uzivatele>
	
	<!-- soupis vsech udalosti, ktere byly naplanovany -->
	<udalosti>
		<udalost typ="pratelsky_zapas">
			<datum>
				<den>20</den>
				<mesic>březen</mesic>
				<rok>2011</rok>
				<cas>14:00</cas>
			</datum>
			<zalozil idUzivatel="U1"/>
			<misto>Pražačka 3</misto>
			<poznamka>Vyjádřete se co nejdřív !!!</poznamka>
			<zucastniSe>
				<odpovedUzivatele id="U2" odpoved="ano" hraciNavic="2">
					<komentar>Hodi se mi to.</komentar>
				</odpovedUzivatele>
				<odpovedUzivatele id="U4" odpoved="ano">
					<komentar>přijdu si zahrát</komentar>
				</odpovedUzivatele>
				<odpovedUzivatele id="U3" odpoved="ne">
					<komentar>
						<![CDATA[
							mám "naražena" záda
						]]>				
					</komentar>
				</odpovedUzivatele>
				<odpovedUzivatele id="U1" odpoved="ne">
					<komentar>
						<![CDATA[
							jdu do divadla -> nemůžu
						]]>				
					</komentar>
				</odpovedUzivatele>
			</zucastniSe>
		</udalost>
		
		<udalost typ="zapas">
			<datum>
				<den>2</den>
				<mesic>duben</mesic>
				<rok>2011</rok>
				<cas>8:00</cas>
			</datum>
			<zalozil idUzivatel="U1"/>
			<misto>Pražačka 1</misto>
			<poznamka>První zápas nové sezony...</poznamka>
			<zucastniSe>
				<odpovedUzivatele id="U1" odpoved="ano">
				</odpovedUzivatele>
				<odpovedUzivatele id="U4" odpoved="ne">
					<komentar>tentokrat nemuzu</komentar>
				</odpovedUzivatele>
				<odpovedUzivatele id="U3" odpoved="ne" />
				<odpovedUzivatele id="U6" odpoved="ne">
					<komentar>skola</komentar>
				</odpovedUzivatele>
				<odpovedUzivatele id="U5" odpoved="ano" />
				<odpovedUzivatele id="U10" odpoved="ano" />
				<odpovedUzivatele id="U2" odpoved="ano" />
				<odpovedUzivatele id="U8" odpoved="ano" />
				<odpovedUzivatele id="U7" odpoved="ano" />
				<odpovedUzivatele id="U9" odpoved="ne" />
			</zucastniSe>
		</udalost>
		
		<udalost typ="zapas">
			<datum>
				<den>9</den>
				<mesic>duben</mesic>
				<rok>2011</rok>
				<cas>10:00</cas>
			</datum>
			<zalozil idUzivatel="U1"/>
			<misto>Zárubova</misto>
			<zucastniSe>
				<odpovedUzivatele id="U1" odpoved="ano">
				</odpovedUzivatele>
				<odpovedUzivatele id="U2" odpoved="ano" />
				
				<odpovedUzivatele id="U5" odpoved="ano" />
				<odpovedUzivatele id="U3" odpoved="ne" />
			</zucastniSe>
		</udalost>
		
		<udalost typ="zapas">
			<datum>
				<den>9</den>
				<mesic>duben</mesic>
				<rok>2011</rok>
				<cas>14:00</cas>
			</datum>
			<zalozil idUzivatel="U3"/>
			<misto>Libovolná hospůdka</misto>
			<poznamka>Rozbor zápasu</poznamka>
			<zucastniSe>
				<odpovedUzivatele id="U1" odpoved="ano">
				</odpovedUzivatele>
				<odpovedUzivatele id="U2" odpoved="ano">
				</odpovedUzivatele>
				
				<odpovedUzivatele id="U5" odpoved="ano" />
				
			</zucastniSe>
		</udalost>
		
		<udalost typ="ostatni">
			<datum>
				<den>16</den>
				<mesic>duben</mesic>
				<rok>2011</rok>
				<cas>17:00</cas>
			</datum>
			<zalozil idUzivatel="U1"/>
			<misto>Zárubovka</misto>
			<zucastniSe>
				<odpovedUzivatele id="U1" odpoved="ano">
				</odpovedUzivatele>
				<odpovedUzivatele id="U4" odpoved="ne">
					<komentar>tentokrat nemuzu</komentar>
				</odpovedUzivatele>
				<odpovedUzivatele id="U3" odpoved="ne" />
				<odpovedUzivatele id="U6" odpoved="ne">
					<komentar>skola</komentar>
				</odpovedUzivatele>
				<odpovedUzivatele id="U5" odpoved="ne" />
				<odpovedUzivatele id="U10" odpoved="ne" />
				<odpovedUzivatele id="U2" odpoved="ano" />
				<odpovedUzivatele id="U8" odpoved="ne" />
				<odpovedUzivatele id="U7" odpoved="ano" />
				<odpovedUzivatele id="U9" odpoved="ne" />
			
			</zucastniSe>
		</udalost>
		
	</udalosti>
	
	
	<generovano>
		<?php echo Date("d.m.Y")?>
	</generovano>
	<strankaUdalostiTymu>www.nas-tym-home.wz.cz/index.php?action=events&amp;list=true</strankaUdalostiTymu>
</udalosti_root>