<?xml version="1.0" encoding="UTF-8"?>
<negativeComments>Obcas nudne</negativeComments>
<negativeComments>Obcas nudne</negativeComments>
<negativeComments>Obcas nudne</negativeComments>
<negativeComments>Obcas nudne</negativeComments>
<positiveComments>velice zazivne cteni</positiveComments>
<negativeComments>Obcas nudne</negativeComments>
<negativeComments>Obcas nudne</negativeComments>
<positiveComments>velice zazivne cteni</positiveComments>
<positiveComments>velice zazivne cteni</positiveComments>
<positiveComments>velice zazivne cteni</positiveComments>
<positiveComments>velice zazivne cteni</positiveComments>