<?xml version="1.0" encoding="UTF-8"?>
	
<i_noviny>
		  
	<!-- Seznam článků i-novin-->
	<clanky>
		<clanek id="c_1">
			<nazev>Podnebí na Madagaskaru</nazev>
			<autor_clanku idaut_ref="id_1">Alois Mudrtálek</autor_clanku>
			<korektor idaut_ref="id_10" />
			<datum>1.1.2013</datum>
			<verze>1.5</verze>
			<kategorie>Ze světa</kategorie>
			<text>
				<hlavicka>
					<obrazek>//bourka.jpg</obrazek>
					<popis>
						Lorem ipsum dolor sit amet, 
						consectetuer adipiscing 
						elit.
					</popis>					
				</hlavicka>
				<samotny_text>
					Lorem ipsum dolor sit amet, consectetuer adipiscing 
					elit. Duis bibendum, lectus ut viverra rhoncus, 
					dolor nunc faucibus libero, eget facilisis enim 
					ipsum id lacus. Etiam sapien elit, consequat eget, 
					tristique non, venenatis quis, ante. Integer rutrum, 
					orci vestibulum ullamcorper ultricies.
					<![CDATA[
						document.writeln("<p>Awesome weather</p>")
					]]>
				</samotny_text>	
			 </text>
			 <odkazy>www.madagastar.com</odkazy>
			 <je_publikovatelny stat="ano" />
		</clanek>
		<clanek id="c_2">
			<nazev>Jágr zase bez bodu</nazev>
			<autor_clanku idaut_ref="id_5">Evílie Oušalová</autor_clanku>
			<korektor idaut_ref="id_9" />
			<datum>2.1.2013</datum>
			<verze>1.0</verze>
			<kategorie>Sport</kategorie>
			<text>
				<hlavicka>
					<popis>
						Lorem ipsum dolor sit amet, 
						consectetuer adipiscing 
						elit.
					</popis>					
				</hlavicka>
				<samotny_text>
					Lorem ipsum dolor sit amet, consectetuer adipiscing 
					elit. Duis bibendum, lectus ut viverra rhoncus, 
					dolor nunc faucibus libero, eget facilisis enim 
					ipsum id lacus. Etiam sapien elit, consequat eget, 
					tristique non, venenatis quis, ante. Integer rutrum, 
					orci vestibulum ullamcorper ultricies.
				</samotny_text>	
			 </text>
			 <je_publikovatelny stat="ano"/>
		</clanek>
		<clanek id="c_3">
			<nazev>Zdravá výživa</nazev>
			<autor_clanku idaut_ref="id_3">Eliška Romanová</autor_clanku>
			<korektor idaut_ref="id_9" />
			<datum>3.1.2013</datum>
			<verze>0.5</verze>
			<kategorie>Kulinářství</kategorie>
			<text>
				<hlavicka>
					<obrazek>//hambac.jpg</obrazek>
					<popis>
						Lorem ipsum dolor sit amet, 
						consectetuer adipiscing 
						elit.
					</popis>					
				</hlavicka>
				<samotny_text>
					Lorem ipsum dolor sit amet, consectetuer adipiscing 
					elit. Duis bibendum, lectus ut viverra rhoncus, 
					dolor nunc faucibus libero, eget facilisis enim 
					ipsum id lacus. Etiam sapien elit, consequat eget, 
					tristique non, venenatis quis, ante. Integer rutrum, 
					orci vestibulum ullamcorper ultricies.
				</samotny_text>	
			 </text>
			 <je_publikovatelny stat="ne" />
		</clanek>	
	</clanky>
	<!-- Seznam autorů i-novin-->
	<autori>
		<autor idaut="id_1">
			<jmeno>
				<krestni>Alois</krestni>
				<prijmeni>Mudrtálek</prijmeni>
			</jmeno>
			<pozice>redaktor</pozice>
			<plat>20000kč</plat>
		</autor>
		<autor idaut="id_2">
			<jmeno>
				<krestni>Tomáš</krestni>
				<prijmeni>Vysloužil</prijmeni>
			</jmeno>
			<pozice>redaktor</pozice>
		</autor>
		<autor idaut="id_3">
			<jmeno>
				<krestni>Eliška</krestni>
				<prijmeni>Romanová</prijmeni>
			</jmeno>
			<pozice>redaktor</pozice>
			<plat>15000kč</plat>
		</autor>
		<autor idaut="id_4">
			<jmeno>
				<krestni>Marie</krestni>
				<prijmeni>Hodná</prijmeni>
			</jmeno>
			<pozice>sefredaktor</pozice>
			<plat>40000kč</plat>
		</autor>
		<autor idaut="id_5">
			<jmeno>
				<krestni>Evílie</krestni>
				<prijmeni>Oušalová</prijmeni>
			</jmeno>
			<pozice>redaktor</pozice>
		</autor>
		<autor idaut="id_6">
			<jmeno>
				<krestni>Tereza</krestni>
				<prijmeni>Podržtažková</prijmeni>
			</jmeno>
			<pozice>redaktor</pozice>
		</autor>
		<autor idaut="id_7">
			<jmeno>
				<krestni>Samer</krestni>
				<prijmeni>Silo</prijmeni>
			</jmeno>
			<pozice>redaktor</pozice>
		</autor>
		<autor idaut="id_8">
			<jmeno>
				<krestni>Radoslav</krestni>
				<prijmeni>Ohnibuk</prijmeni>
			</jmeno>
			<pozice>redaktor</pozice>
		</autor>
		<autor idaut="id_9">
			<jmeno>
				<krestni>Milan</krestni>
				<prijmeni>Technokrat</prijmeni>
			</jmeno>
			<pozice>redaktor</pozice>
		</autor>
		<autor idaut="id_10">
			<jmeno>
				<krestni>Tomáš</krestni>
				<prijmeni>Rozkazovátor</prijmeni>
			</jmeno>
			<pozice>sefredaktor</pozice>
			<plat>50000kč</plat>
		</autor>
	</autori>
</i_noviny>