<?xml version="1.0" encoding="UTF-8"?>
<!DOCTYPE container SYSTEM "data.dtd">
<container>
	<!-- Scripts for handling the data -->
	<script><![CDATA[
            function calculate(){
                var xmlhttp=new XMLHttpRequest();
                xmlhttp.onreadystatechange=function(){
                    if (xmlhttp.readyState===4 && xmlhttp.status===200){
                        return xmlhttp.responseText;
                    }
                };
                xmlhttp.open("GET",handler.php,true);
                xmlhttp.send();
            }
        ]]></script>
	<!-- What time is the document related to -->
	<!--<company>&company;</company>-->
	<date>Related to <?php echo date();?>
	</date>
	<!-- Employees data -->
	<employees>
		<employee id="_0001">
			<name>George Butler</name>
			<age>42</age>
			<gender>Male</gender>
			<address>
				<street>
					<housenumber>4132</housenumber>Hickory Street
                </street>
				<city>Ogden</city>
				<zipcode>UT 84414</zipcode>
			</address>
			<sellery currency="eur">5465</sellery>
			<relation subordinates="_0002 _0004"/>
		</employee>
		<employee id="_0002" department="_01">
			<name>Jimmie Floyd</name>
			<age>35</age>
			<gender>Male</gender>
			<address>
				<street>
					<housenumber>1667</housenumber> Railroad Street</street>
				<city>Marquette</city>
				<zipcode>MI 49855</zipcode>
			</address>
			<sellery>2315</sellery>
			<relation superior="_0001" subordinates="_0005 _0006 _0007"/>
		</employee>
		<employee id="_0003" department="_02">
			<name>Vicki C. Gauthier</name>
			<age>37</age>
			<gender>Female</gender>
			<address>
				<street>
					<housenumber>2684</housenumber> Steele Street</street>
				<city>Burr Ridge</city>
				<zipcode>IL 60527</zipcode>
			</address>
			<sellery>1025</sellery>
			<relation superior="_0004"/>
		</employee>
		<employee id="_0004" department="_03">
			<name>Kevin N. Garza</name>
			<age>54</age>
			<gender>Male</gender>
			<address>
				<street>
					<housenumber>3689</housenumber> Nash Street</street>
				<city>Chicago</city>
				<zipcode>IL 60607</zipcode>
			</address>
			<sellery>2350</sellery>
			<relation superior="_0001" subordinates="_0003 _0008 _0009 _0010"/>
		</employee>
		<employee id="_0005" department="_01">
			<name>Beatrice R. Dear</name>
			<age>45</age>
			<gender>Female</gender>
			<address>
				<street>
					<housenumber>1432</housenumber> Goff Avenue</street>
				<city>Delton</city>
				<zipcode>MI 49046 </zipcode>
			</address>
			<sellery>1235</sellery>
			<relation superior="_0002"/>
		</employee>
		<employee id="_0006" department="_02">
			<name>Amanda C. Roque</name>
			<age>27</age>
			<gender>Female</gender>
			<address>
				<street>
					<housenumber>904</housenumber> Valley Street</street>
				<city>Berlin</city>
				<zipcode>NJ 08009</zipcode>
			</address>
			<sellery>1356</sellery>
			<relation superior="_0002"/>
		</employee>
		<employee id="_0007" department="_01">
			<name>John S. Costello</name>
			<age>29</age>
			<gender>Male</gender>
			<address>
				<street>
					<housenumber>3767</housenumber> Nicholas Street</street>
				<city>Hope</city>
				<zipcode>KS 67451</zipcode>
			</address>
			<sellery>1415</sellery>
			<relation superior="_0002"/>
		</employee>
		<employee id="_0008" department="_03">
			<name>Karen A. Anderson</name>
			<age>41</age>
			<gender>Female</gender>
			<address>
				<street>
					<housenumber>754</housenumber> Happy Hollow Road</street>
				<city>Laurinburg</city>
				<zipcode>NC 28352</zipcode>
			</address>
			<sellery currency="eur">1235</sellery>
			<relation superior="_0004"/>
		</employee>
		<employee id="_0009" department="_03">
			<name>Dora C. Welborn</name>
			<age>49</age>
			<gender>Female</gender>
			<address>
				<street>
					<housenumber>3254</housenumber> Marietta Street</street>
				<city>Los Angeles</city>
				<zipcode>CA 90017</zipcode>
			</address>
			<sellery currency="gbp">1135</sellery>
			<relation superior="_0004"/>
		</employee>
		<employee id="_0010" department="_03">
			<name>Lance R. Lancaster</name>
			<age>31</age>
			<gender>Male</gender>
			<address>
				<street>
					<housenumber>2007</housenumber> Geraldine Lane</street>
				<city>Elmsford</city>
				<zipcode>NY 10523</zipcode>
			</address>
			<sellery>1568</sellery>
			<relation superior="_0004"/>
		</employee>
	</employees>
	
	<departments>
		<department id="_01">
			<name>IT department</name>
		</department>
		<department id="_02">
			<name>Accounting department</name>
		</department>
		<department id="_03">
			<name>Department of development</name>
		</department>
	</departments>
</container>
