﻿<?xml version="1.0" encoding="UTF-8"?>
<!DOCTYPE units SYSTEM "data.dtd">
<units>
	<military_units>
		<military_unit id="m1">
			<name>Bojová kachnička</name>
			<image>http://img.blesk.cz/img/1/normal620/408463-img-kachna.jpg</image>
			<unit_type type="troop" />
			<faction faction="common" />
			<price>
				<relekit>100</relekit>
				<deralit>0</deralit>
				<arixon>0</arixon>
				<recruits>50</recruits>
			</price>
			<requirements>
				<weapons_industry level="7">100</weapons_industry>
				<machinery_industry level="7">100</machinery_industry>
				<electronics_industry level="7">100</electronics_industry>
			</requirements>
			<crew>0</crew>
			<upkeep>15</upkeep>
			<cargo>
				<cargo_grenade>50</cargo_grenade>
			</cargo>
			<battle_stats>
				<health>1500</health>
				<movement>
					<speed>15</speed>
				</movement>
				<armor>
					<armor_type type="composite" />
					<armor_value>10</armor_value>
				</armor>
				<armor>
					<armor_type type="electromagnetic" />
					<armor_value>1</armor_value>
				</armor>
				<shield>
					<shield_type type="deflector" />
					<shield_value>100</shield_value>
				</shield>
				<arment>
					<unit_equipment id="me1">
						<equipment_quantity>5</equipment_quantity>
					</unit_equipment>
				</arment>
			</battle_stats>
			<description>
				Citace ohledně kachniček z otevřené encyklopedie: <br />
				<formated_text weight="italic">
				<!-- http://cs.wikipedia.org/wiki/Kachni%C4%8Dka -->
				<![CDATA[
					<p><b>Citroën 2CV</b>, lidově zvaný <i>Kachna</i>, <i>Kačena</i> nebo <i>Kachnička</i> (<i>Duck, canette,</i> podle jeho měkkého odpružení, se kterým se vůz při jízdě na nerovnostech nakláněl ze strany na stranu ) či <i>slimák</i> bylo malé francouzské auto produkované ve Francii značkou <a href="/wiki/Citro%C3%ABn" title="Citroën">Citroën</a> v letech <a href="/wiki/1948" title="1948">1948</a> - <a href="/wiki/1990" title="1990">1990</a>.</p>
				]]>
				</formated_text>
				<formated_text color="white" weight="italic">Základní bojová jednotka kachniček</formated_text>
			</description>
		</military_unit>
		<military_unit id="m2">
			<name>Výletní jachta</name>
			<image>i3.cn.cz/1306755158_kachna.jpeg</image>
			<unit_type type="ship" />
			<faction faction="Federation" />
			<price>
				<relekit>1500</relekit>
				<deralit>2500</deralit>
				<arixon>500</arixon>
				<recruits>25</recruits>
			</price>
			<requirements>
				<weapons_industry level="7">1500</weapons_industry>
				<machinery_industry level="7">1500</machinery_industry>
				<electronics_industry level="7">9966</electronics_industry>
			</requirements>
			<crew>25</crew>
			<upkeep>666</upkeep>
			<cargo>
				<cargo_bullet>10000</cargo_bullet>
				<cargo_grenade>10000</cargo_grenade>
				<cargo_missile>2400</cargo_missile>
				<cargo_plasma>0</cargo_plasma>
				<cargo_special cargo_unit="m1" amount="150" />
			</cargo>
			<battle_stats>
				<health>9000</health>
				<movement>
					<speed>16</speed>
				</movement>
				<armor>
					<armor_type type="reactive" />
					<armor_value>150</armor_value>
				</armor>
				<shield>
					<shield_type type="deflector" />
					<shield_value>9000</shield_value>
				</shield>
			</battle_stats>
			<description>
				<formated_text color="yellow" weight="bold">Výletní jachta</formated_text> byla původně zkonstruována pro výlety lidí po řece
				<formated_text weight="italic">Štikov</formated_text>. Ještě před <formated_text color="red" weight="bold">Velkou kachní válkou
				</formated_text> byla využívána výhradně k těmto účelům. Ovšem během prvních let války Federace lidožravých kachniček obsadila
				loděnice, kde se <formated_text color="yellow" weight="bold">výletní jachty</formated_text> konstruovali a dodali jim nový účel.
				<br />
				<formated_text color="white" weight="italic">- dokáže pojmout na 150 <unit_ref ref="m1" />.</formated_text>
			</description>
		</military_unit>
		<military_equipment id="me1">
			<name>Kachní tajná zbraň</name>
			<equipment_effect>
				<damage type="grenade" value="10" penetration="1" />
			</equipment_effect>
			<range>10</range>
			<rate_of_fire>0.5</rate_of_fire>
			<consumption>
				<consumption_grenade>1</consumption_grenade>
			</consumption>
			<description></description>
		</military_equipment>
		<military_equipment id="me2">
			<name>Kachní slzy</name>
			<equipment_effect>
				<heal type="health" value="15" />
			</equipment_effect>
			<range>1</range>
			<rate_of_fire>10</rate_of_fire>
			<consumption/>
			<description>Kachní slzy léčí vše.</description>
		</military_equipment>
	</military_units>
</units>