<?xml version="1.0" encoding="UTF-8"?>
<!-- Databáze turnaje v libovolné online FPS počítačové hře -->
<teams>
	<team id="t01">
		<player>
			<playerId>p14</playerId>
			<playerName>Nuke</playerName>
			<playerLevel>54</playerLevel>
		</player>
	</team>
	<team id="t02">
	</team>
	<team id="t03">
		<player>
			<playerId>p15</playerId>
			<playerName>Psycho</playerName>
			<playerLevel>18</playerLevel>
		</player>
		<player>
			<playerId>p16</playerId>)
			<playerName>SandStorm</playerName>
			<playerLevel>77</playerLevel>
		</player>
	</team>
</teams>
