<?xml version="1.0" encoding="UTF-8"?>
<?php echo "Databaze Rodokmen"?>
<!DOCTYPE rodokmen SYSTEM "data.dtd" >
<rodokmen>
	<generace pozn="prvni sledovana generace">
		<manzele>
			<osoba id="o1" pohlavi="&M;">
				<jmeno>Jan</jmeno>
				<prijmeni>Novak</prijmeni>
				<datum_narozeni>
					<rok><![CDATA[< 1602]]></rok>
				</datum_narozeni>
				<datum_umrti>
					<mesic>10</mesic>
					<rok>1656</rok>
				</datum_umrti>
			</osoba>
			<osoba id="o2" pohlavi="&Z;">
				<jmeno>Magdalena</jmeno>
				<prijmeni>Novakova</prijmeni>
				<rodne_prijmeni>Novotna</rodne_prijmeni>
				<datum_narozeni>
					<mesic>5</mesic>
					<rok>1610</rok>
				</datum_narozeni>
				<datum_umrti>
					<mesic>5</mesic>
					<rok>1660</rok>
				</datum_umrti>
			</osoba>
			<deti id="o3 o4 o5"></deti>
		</manzele>
	</generace>
	<generace>
		<osoba id="o3" pohlavi="&Z;">
			<jmeno>Alena</jmeno>
			<prijmeni>Novakova</prijmeni>
			<rodice>
				<matka id="o2"></matka>
				<otec id="o1"></otec>
			</rodice>
			<datum_narozeni>
				<den>25</den>
				<mesic>2</mesic>
				<rok>1628</rok>
			</datum_narozeni>
			<datum_umrti>
				<rok>1644</rok>
			</datum_umrti>
		</osoba>
		<manzele>
			<osoba id="o4" pohlavi="&M;">
				<jmeno>Petr</jmeno>
				<prijmeni>Novak</prijmeni>
				<rodice>
					<matka id="o2"></matka>
					<otec id="o1"></otec>
				</rodice>
				<datum_narozeni>
					<rok>1630</rok></datum_narozeni>
				<datum_umrti>
					<mesic>11</mesic>
					<rok>1691</rok>
				</datum_umrti>
			</osoba>
			<osoba id="o6" pohlavi="&Z;">
				<jmeno>Ludmila</jmeno>
				<prijmeni>Novakova</prijmeni>
				<rodne_prijmeni>Nemcova</rodne_prijmeni>
				<datum_narozeni>
					<rok>1635</rok></datum_narozeni>
				<datum_umrti>
					<mesic>9</mesic>
					<rok>1687</rok>
				</datum_umrti>
			</osoba>
			<deti id="o7"></deti>
		</manzele>
			<osoba id="o5" pohlavi="&Z;">
				<jmeno>Kvetoslava</jmeno>
				<prijmeni>Vlkova</prijmeni>
				<rodne_prijmeni>Novakova</rodne_prijmeni>
				<stav>slechticna</stav>
				<titul>von Uhost</titul>
				<dedicna_prava>deti nededi stav, titul je dedicny</dedicna_prava>
				<barva_oci>modra</barva_oci>
				<rodice>
					<matka id="o2"></matka>
					<otec id="o1"></otec>
				</rodice>
				<datum_narozeni>
					<rok>1632</rok></datum_narozeni>
				<datum_umrti>
					<mesic>4</mesic>
					<rok>1687</rok>
				</datum_umrti>
			</osoba>
	</generace>
	<generace>
		<osoba id="o7" pohlavi="&M;">
			<jmeno>Vilem</jmeno>
			<prijmeni>Novak</prijmeni>
			<rodice>
				<matka id="o6"></matka>
				<otec id="o4"></otec>
			</rodice>
			<datum_narozeni>
				<den>7</den>
				<mesic>12</mesic>
				<rok>1655</rok>
			</datum_narozeni>
			<datum_umrti>
				<den>8</den>
				<mesic>12</mesic>
				<rok>1656</rok>
			</datum_umrti>
		</osoba>
	</generace>
	<poznamky>
		Spoustu udaju se o teto rodine jiz nepodarilo zjistit, nektera obdobi jsou alespon priblizna.
	</poznamky>
</rodokmen>