<?xml version="1.0" encoding="UTF-8"?>
<Pekaren xmlns:xsi="http://www.w3.org/2001/XMLSchema-instance" xsi:noNamespaceSchemaLocation="data.xsd">
	<nazov>Super Pekáreň</nazov>
	<Info>
		<rokZalozenia>1990</rokZalozenia>
		<info></info>
	</Info>
	<prevadzka id="P_01">
		<nazov>Spokojne Bruska</nazov>
	<adresa>
		<ulica>Jahodova</ulica>
		<cislo>42</cislo>
		<psc>96221</psc>
		<mesto>Zakysane mlieko</mesto>
	</adresa>
	<Pecivo id="ID_1">
		<nazov>Makovy rozok</nazov>
		<druh>Sladke</druh>
		<surovina>mlieko</surovina>
		<surovina>maslo</surovina>
		<surovina>vajcia</surovina>
		<surovina>drozdie</surovina>
		<surovina>muka</surovina>
		<surovina>mak</surovina>
		<surovina>cukor</surovina>
	</Pecivo>
	<Pecivo id="ID_2">
		<nazov>Chlieb</nazov>
		<druh>Slane</druh>
		<surovina>Voda</surovina>
		<surovina>Muka</surovina>
		<surovina>Sol</surovina>
		<surovina>Drozdie</surovina>
	</Pecivo>
	<zamestnanci>
		<pekar id="ID_Z1">
			<meno>Juraj</meno>
			<priezvisko>Bochnik</priezvisko>
			<pecivo>ID_1</pecivo>
			<pecivo>ID_2</pecivo>
		</pekar>
		<Upratovac id="ID_Z2">
			<meno>Klara</meno>
			<priezvisko>Cistotna</priezvisko>
		</Upratovac>
	</zamestnanci>
	</prevadzka>
	<prevadzka id="P_02">
		<nazov>Vanilkove nebo</nazov>
		<adresa>
			<ulica>Hlavna</ulica>
			<cislo>420</cislo>
			<psc>18000</psc>
			<mesto>Praha</mesto>
		</adresa>
		<Pecivo id="ID_03">
			<nazov>Celozrny rozok</nazov>
			<druh>Celozrne</druh>
		</Pecivo>
		<Pecivo id="ID_04">
			<nazov>Celozrna kaiserka</nazov>
			<druh>Celozrne</druh>
		</Pecivo>
		<zamestnanci>
			<pekar id="ID_Z3">
				<meno>Zuzana</meno>
				<priezvisko>Slana</priezvisko>
				<pecivo>ID_03</pecivo>
			</pekar>
		</zamestnanci>
	</prevadzka>
</Pekaren>
