<?xml version="1.1"?>
<!DOCTYPE series_database [
  <!ELEMENT series_database (series,people,current_date)>
  <!ELEMENT series (serie*)>
  <!ELEMENT serie (title,dubbing?,country_of_origin?,description?,ratings?,length?,creator*,genres,actors?,seasons)>
  <!ATTLIST serie id ID #REQUIRED>
  <!ATTLIST serie miniserie (yes|no) "no">
  <!ATTLIST serie production_company CDATA #IMPLIED>
  <!ELEMENT title (#PCDATA)>
  <!ELEMENT dubbing (#PCDATA)>
  <!ELEMENT country_of_origin (#PCDATA)>
  <!ELEMENT description (#PCDATA|character)*>
  <!ELEMENT character ANY>
  <!ATTLIST character id IDREF #REQUIRED>
  <!ELEMENT ratings (rating+)>
  <!ELEMENT rating (who,value)>
  <!ELEMENT who (#PCDATA)>
  <!ELEMENT value (#PCDATA)>
  <!ELEMENT length (#PCDATA)>
  <!ELEMENT creator EMPTY>
  <!ATTLIST creator id IDREF #REQUIRED>
  <!ELEMENT genres (genre+)>
  <!ELEMENT genre (#PCDATA)>
  <!ELEMENT actors (actor+)>
  <!ELEMENT actor (cast)>
  <!ATTLIST actor id ID #REQUIRED>
  <!ATTLIST actor person_id IDREF #REQUIRED>
  <!ELEMENT cast (#PCDATA)>
  <!ELEMENT seasons (season+)>
  <!ELEMENT season (episodes)>
  <!ATTLIST season number CDATA #REQUIRED>
  <!ELEMENT episodes (episode+)>
  <!ELEMENT episode (name?,air_date?,plot?)>
  <!ELEMENT name (#PCDATA)>
  <!ELEMENT air_date (#PCDATA)>
  <!ELEMENT plot (#PCDATA)>
  <!ATTLIST episode number CDATA #REQUIRED>
  <!ELEMENT people (person+)>
  <!ELEMENT person (first_name,surname,date_of_birth?,date_of_death?,nationality?,bio?)>
  <!ATTLIST person id ID #REQUIRED>
  <!ATTLIST person sex CDATA #IMPLIED>
  <!ELEMENT first_name (#PCDATA)>
  <!ELEMENT surname (#PCDATA)>
  <!ELEMENT date_of_birth (#PCDATA)>
  <!ELEMENT date_of_death (#PCDATA)>
  <!ELEMENT nationality (#PCDATA)>
  <!ELEMENT bio (#PCDATA)>
  <!ELEMENT current_date (#PCDATA)>
  <!ENTITY engL "English">
  <!ENTITY japL "Japanese">
  <!ENTITY uk "United Kingdom">
  <!ENTITY usa "United States of America">
  <!ENTITY jap "Japan">
]>


<series_database>
	<series>
		<serie id="s01" miniserie="no" production_company="Fox Television Studios">
			<title>Graceland</title>
			<dubbing>&engL;</dubbing>
			<country_of_origin>&usa;</country_of_origin>
			<description>
				Somewhere in Southern California, in a drug raid run by the US government, a beachfront property was seized and turned into a residence for undercover cops. They are all top agents of the DEA, FBI, and Customs and they are living in this house unofficially known as "Graceland". "Graceland" is a place full of secrets, and bad, good, and blurred moments too. The only idyllic thing is its outside look, but the lives of its residents are nothing like it. The lies which are in the base of their undercover work, are formed a web of lies that pervades everything. Coming of a new graduating at the top of his class, FBI rookie, <character id="ac01">Mike Warren</character>, could make the life of a legendary FBI agent <character id="ac02">Paul Briggs</character> and the others, more complicated or it could reveal the truth. It is based upon actual events.
			</description>
			<ratings>
				<rating>
					<who>IMDb</who>
					<value>7.8</value>
				</rating>
				<rating>
					<who>CSFD</who>
					<value>7.1</value>
				</rating>
			</ratings>
			<length>42</length>
			<!--the length of single episode in minutes-->
			<creator id="p03"/>
			<genres>
				<genre>action</genre>
				<genre>crime</genre>
				<genre>drama</genre>
			</genres>
			<actors>
				<actor id="ac01" person_id="p01">
					<cast>Mike Warren</cast>
				</actor>
				<actor id="ac02" person_id="p02">
					<cast>Paul Briggs</cast>
				</actor>
			</actors>
			<seasons>
				<season number="1">
					<episodes>
						<episode number="1">
							<name>Pilot</name>
							<air_date>6.6.2013</air_date>
							<plot>Welcome to Graceland - a prime piece of real estate that was seized from drug lords and now serves as an undercover residence for agents.</plot>
						</episode>
						<episode number="2">
							<name>Guadalajara Dog</name>
							<air_date>13.6.2013</air_date>
							<plot>When ongoing investigations clash, Briggs and Mike seize the opportunity to tilt rival gangs against each other while Mike learns that undercover life comes with many moral complications.</plot>
						</episode>
						<episode number="3">
							<name>Heat Run</name>
							<air_date>20.6.2013</air_date>
						</episode>
						<episode number="4">
							<name>Pizza Box</name>
							<air_date>27.6.2013</air_date>
						</episode>
						<episode number="5">
							<name>O-Mouth</name>
							<air_date>11.7.2013</air_date>
						</episode>
						<episode number="6">
							<name>Hair of the Dog</name>
							<air_date>18.7.2013</air_date>
						</episode>
						<episode number="7">
							<name>Goodbye High</name>
							<air_date>25.7.2013</air_date>
						</episode>
						<episode number="8">
							<name>Bag Man</name>
							<air_date>8.8.2013</air_date>
						</episode>
						<episode number="9">
							<name>Smoke Alarm</name>
							<air_date>15.8.2013</air_date>
						</episode>
						<episode number="10">
							<name>King's Castle</name>
							<air_date>22.8.2013</air_date>
						</episode>
						<episode number="11">
							<name>Happy Endings</name>
							<air_date>5.9.2013</air_date>
						</episode>
						<episode number="12">
							<name>Pawn</name>
							<air_date>12.9.2013</air_date>
						</episode>
					</episodes>
				</season>
			</seasons>
		</serie>
		<serie id="s02" miniserie="no">
			<title>Being Human</title>
			<dubbing>&engL;</dubbing>
			<country_of_origin>&uk;</country_of_origin>
			<description>A werewolf, a vampire, and a ghost try to live together and get along.</description>
			<length>60</length>
			<!--the length of single episode in minutes-->
			<genres>
				<genre>comedy</genre>
				<genre>drama</genre>
				<genre>fantasy</genre>
			</genres>
			<actors>
				<actor id="ac03" person_id="p04">
					<cast>Tom</cast>
				</actor>
				<actor id="ac04" person_id="p05">
					<cast>Hal</cast>
				</actor>
				<actor id="ac05" person_id="p06">
					<cast>Annie</cast>
				</actor>
				<actor id="ac06" person_id="p07">
					<cast>Nina</cast>
				</actor>
			</actors>
			<seasons>
				<season number="1">
					<episodes>
						<episode number="1">
							<name>Pilot</name>
							<plot>Two twentysomethings, George (a werewolf) and Mitchell (a vampire), move into a flatshare only to discover that their new home is haunted by Annie, the ghost of a previous tenant.</plot>
						</episode>
						<episode number="2">
							<name>Flotsam and Jetsam</name>
							<plot>While Mitchell struggles with his growing lust for blood when asked out on a date, Annie has a harder time dealing with her emotions than she thought when she comes face to face with a someone from her past.</plot>
						</episode>
						<episode number="3">
							<name>Tully</name>
							<plot>George is approached by another werewolf who offers to teach him how to deal with his rare affliction.</plot>
						</episode>
						<episode number="4">
							<name>Ghost Town</name>
							<plot>Mitchell introduces Annie to Gilbert, another ghost, to help her through what should have been her wedding day with Owen.</plot>
						</episode>
						<episode number="5">
							<name>Another Fine Mess</name>
							<plot>Mitchell makes friends with a boy on the street named Bernie, but after a terrible misunderstanding things turn very nasty, and before long there is a full-blown witch-hunt in the neighbourhood.</plot>
						</episode>
						<episode number="6">
							<name>Where the Wild Things Are</name>
							<plot>An old friend of Mitchell's disrupts his return to Herrick and his growing horde or "recruits," and George agrees to help Annie haunt Owen.</plot>
						</episode>
						<episode number="7">
							<name>Blood Moon Rising</name>
							<plot>Mitchell must confront Herrick once and for all.</plot>
						</episode>
					</episodes>
				</season>
				<season number="2">
					<episodes>
						<episode number="1">
							<name>Cure and Contagion</name>
						</episode>
						<episode number="2">
							<name>Serve God, Love Me and Mend</name>
						</episode>
						<episode number="3">
							<name>Long Live the King</name>
						</episode>
						<episode number="4">
							<name>Educating Creature</name>
						</episode>
						<episode number="5">
							<name>The Looking Glass</name>
						</episode>
						<episode number="6">
							<name>In the Morning</name>
						</episode>
						<episode number="7">
							<name>Damage</name>
						</episode>
						<episode number="8">
							<name>All God's Children</name>
						</episode>
					</episodes>
				</season>
				<season number="3">
					<episodes>
						<episode number="1">
							<name>Lia</name>
						</episode>
						<episode number="2">
							<name>Adam's Family</name>
						</episode>
						<episode number="3">
							<name>Type 4</name>
						</episode>
						<episode number="4">
							<name>The Pack</name>
						</episode>
						<episode number="5">
							<name>The Longest Day</name>
						</episode>
						<episode number="6">
							<name>Daddy Ghoul</name>
						</episode>
						<episode number="7">
							<name>Though the Heavens Fall</name>
						</episode>
						<episode number="8">
							<name>The Wolf-Shaped Bullet</name>
						</episode>
					</episodes>
				</season>
				<season number="4">
					<episodes>
						<episode number="1">
							<name>Eve of the War</name>
						</episode>
						<episode number="2">
							<name>Being Human 1955</name>
						</episode>
						<episode number="3">
							<name>The Graveyard Shift</name>
						</episode>
						<episode number="4">
							<name>A Spectre Calls</name>
						</episode>
						<episode number="5">
							<name>Hold the Front Page</name>
						</episode>
						<episode number="6">
							<name>Puppy Love</name>
						</episode>
						<episode number="7">
							<name>Making History</name>
						</episode>
						<episode number="8">
							<name>The War Child</name>
						</episode>
					</episodes>
				</season>
				<season number="5">
					<episodes>
						<episode number="1">
							<name>The Trinity</name>
						</episode>
						<episode number="2">
							<name>Sticks and Rope</name>
						</episode>
						<episode number="3">
							<name>Pie and Prejudice</name>
						</episode>
						<episode number="4">
							<name>The Greater Good</name>
						</episode>
						<episode number="5">
							<name>No Care, All Responsibility</name>
						</episode>
						<episode number="6">
							<name>S5, Ep6 10 Mar. 2013 The Last Broadcast</name>
						</episode>
					</episodes>
				</season>
			</seasons>
		</serie>
		<serie id="s03" miniserie="no" production_company="ABC Studios">
			<title>Once Upon a Time in Wonderland</title>
			<dubbing>&engL;</dubbing>
			<country_of_origin>Canada, &usa;</country_of_origin>
			<description>
				In Victorian England, the young and beautiful <character id="ac07">Alice</character> tells a tale of a strange new land that exists on the other side of a rabbit hole.
			</description>
			<ratings>
				<rating>
					<who>IMDb</who>
					<value>7.1</value>
				</rating>
			</ratings>
			<length>42</length>
			<!--the length of single episode in minutes-->
			<creator id="p08"/>
			<creator id="p09"/>
			<genres>
				<genre>adventure</genre>
				<genre>drama</genre>
				<genre>fantasy</genre>
			</genres>
			<actors>
				<actor id="ac07" person_id="p10">
					<cast>Alice</cast>
				</actor>
				<actor id="ac08" person_id="p04">
					<cast>Knave of Hearts</cast>
				</actor>
			</actors>
			<seasons>
				<season number="1">
					<episodes>
						<episode number="1">
							<name>Down the Rabbit Hole</name>
							<air_date>10.10.2013</air_date>
							<plot>Alice's stories about Wonderland get her admitted to an asylum.</plot>
						</episode>
						<episode number="2">
							<name>Trust Me</name>
							<air_date>17.10.2013</air_date>
							<plot>A flashback reveals how Alice and Cyrus fell in love.</plot>
						</episode>
						<episode number="3">
							<name>Forget Me Not</name>
							<air_date>24.10.2013</air_date>
							<plot>Will Scarlet convinces Robin Hood's Merry Men to steal from Maleficent.</plot>
						</episode>
						<episode number="4">
							<name>The Serpent</name>
							<air_date>7.11.2013</air_date>
							<plot>With the Knave's life in danger, Alice must decide on whether to use one of her wishes; Alice learns more of the Knave's backstory through her friendship with Lizard; Jafar's plan puts the Red Queen in a difficult position.</plot>
						</episode>
						<episode number="5">
							<name>Heart of Stone</name>
							<air_date>14.11.2013</air_date>
							<plot>Will Scarlet and Anastasia pass into Wonderland only to discover it isn't what they imagined; the Red Queen gains her royal status.</plot>
						</episode>
						<episode number="6">
							<name>Who's Alice</name>
							<air_date>21.11.2013</air_date>
							<plot>The Knave is awakened by magic with the help of an unlikely ally and he goes in search of Alice only to find her in terrible danger, and Cyrus does his best to evade the Red Queen.</plot>
						</episode>
						<episode number="7">
							<name>Bad Blood</name>
							<air_date>5.12.2013</air_date>
							<plot>Alice learns her father is in Wonderland and they start healing their relationship; young Jafar is distressed by his mother's death.</plot>
						</episode>
						<episode number="8">
							<name>Home</name>
							<air_date>12.12.2013</air_date>
							<plot>In flashback, we learn about Cyrus' origin story while Alice seeks out the White Rabbit for answers involving his actions in Wonderland</plot>
						</episode>
						<episode number="9">
							<name>Nothing to Fear</name>
							<air_date>6.3.2014</air_date>
							<plot>Cyrus and Alice reluctantly work with the Red Queen to find Will but must also be prepared to defend themselves from Jafar. Will has troubles of his own when the caterpillar finds the bottle.</plot>
						</episode>
						<episode number="10">
							<name>Dirty Little Secrets</name>
							<air_date>13.3.2014</air_date>
						</episode>
						<episode number="11">
							<name>Heart of the Matter</name>
							<air_date>20.3.2014</air_date>
						</episode>
						<episode number="12">
							<name>To Catch a Thief</name>
							<air_date>27.3.2014</air_date>
						</episode>
						<episode number="13">
							<name>And They Lived...</name>
							<air_date>3.4.2014</air_date>
						</episode>
					</episodes>
				</season>
			</seasons>
		</serie>
		<serie id="s04" miniserie="yes">
			<title>Generation Kill</title>
			<dubbing>&engL;</dubbing>
			<country_of_origin>&uk;, &usa;</country_of_origin>
			<ratings>
				<rating>
					<who>IMDb</who>
					<value>8.8</value>
				</rating>
				<rating>
					<who>CSFD</who>
					<value>8.6</value>
				</rating>
			</ratings>
			<genres>
				<genre>war</genre>
				<genre>drama</genre>
			</genres>
			<seasons>
				<season number="1">
					<episodes>
						<episode number="1">
							<name>Get Some</name>
							<air_date>13.7.2008</air_date>
							<plot>Meet the battle hungry USMC 1st Recon Battalion as they deal with the mundane issues of grooming standards, sand storms, a by the book CO and ... waiting. But a variety of creative racial, gay and gender slurs, pizza relieve the tension.</plot>
						</episode>
						<episode number="2">
							<name>The Cradle of Civilization</name>
							<air_date>20.7.2008</air_date>
							<plot>Under orders to consider any Iraqi carrying a weapon hostile, Bravo busts north towards Nasiriyah. Chomping at the bit while others are carrying the fight, the platoon finally gets 'lit up' in a violent but successful skirmish in Al Gharraf.</plot>
						</episode>
						<episode number="3">
							<name>Screwby</name>
							<air_date>27.7.2008</air_date>
							<plot>Having survived its first trial by fire, Bravo presses forward, awaiting orders for a new recon mission. Scoping out a roadside hamlet, the company watches in horror and disbelief as a regimental combat team arrives with guns firing.</plot>
						</episode>
						<episode number="4">
							<name>Combat Jack</name>
							<air_date>3.8.2008</air_date>
							<plot>Having raced to capture the airfield, First Recon is now miles ahead of the rest of the American force and has some time to rest and regroup. The abandoned supply truck has been looted and destroyed and the company is now down to one meal a day.</plot>
						</episode>
						<episode number="5">
							<name>A Burning Dog</name>
							<air_date>10.8.2008</air_date>
							<plot>As they scope a tiny hamlet, the men of Bravo are frustrated by the capricious nature of the war, and Colbert struggles to defend the actions of the higher-ups. Meanwhile, First Recon runs into a number of surprises as they try to cross a bridge.</plot>
						</episode>
						<episode number="6">
							<name>Stay Frosty</name>
							<air_date>17.8.2008</air_date>
							<plot>Outside of Al Kut, Captain America is over-eager in his attempts to subdue a prisoner, while his men's growing disillusionment with his command is growing more apparent.</plot>
						</episode>
						<episode number="7">
							<name>Bomb in the Garden</name>
							<air_date>24.8.2008</air_date>
							<plot>Bravo reaches Baghdad, where the men are shocked by the sheer size and scope of the city. As their time there comes to an end, the Marines take inventory and reflect--even as tensions boil over and disaster strikes.</plot>
						</episode>
					</episodes>
				</season>
			</seasons>
		</serie>
		<serie id="s05" miniserie="no">
			<title>Naruto Shippuuden</title>
			<dubbing>&japL;</dubbing>
			<country_of_origin>&jap;</country_of_origin>
			<description>Naruto Uzumaki, is a loud, hyperactive, adolescent ninja who constantly searches for approval and recognition, as well as to become Hokage, who is acknowledged as the leader and strongest of all ninja in the village.</description>
			<ratings>
				<rating>
					<who>IMDb</who>
					<value>8.6</value>
				</rating>
			</ratings>
			<length>20</length>
			<!--the length of single episode in minutes-->
			<creator id="p11"/>
			<genres>
				<genre>animation</genre>
				<genre>action</genre>
				<genre>adventure</genre>
			</genres>
			<seasons>
				<season number="1">
					<episodes>
						<episode number="1"/>
						<episode number="2"/>
						<episode number="3"/>
						<episode number="4"/>
						<episode number="5"/>
						<episode number="6"/>
						<episode number="7"/>
						<episode number="8"/>
						<episode number="9"/>
						<episode number="10"/>
						<episode number="11"/>
						<episode number="12"/>
						<episode number="13"/>
						<episode number="14"/>
						<episode number="15"/>
						<episode number="16"/>
						<episode number="17"/>
						<episode number="18"/>
						<episode number="19"/>
						<episode number="20"/>
						<episode number="21"/>
						<episode number="22"/>
						<episode number="23"/>
						<episode number="24"/>
						<episode number="25"/>
						<episode number="26"/>
						<episode number="27"/>
						<episode number="28"/>
						<episode number="29"/>
						<episode number="30"/>
						<episode number="31"/>
						<episode number="32"/>
					</episodes>
				</season>
			</seasons>
		</serie>
	</series>
	<people>
		<person id="p01" sex="male">
			<first_name>Aaron</first_name>
			<surname>Tveit</surname>
			<date_of_birth>21.10.1983</date_of_birth>
			<date_of_death/>
			<nationality>&usa;</nationality>
			<!--sekce CDATA je sice vetsinou pro data urcena pro programy, pouzivam ho ale jen kvuli velkemu vyskytu zavorek-->
			<bio>Aaron Tveit was born on October 21, 1983 in Middletown, New York, USA as Aaron Kyle Tveit. He is an actor, known for Bidnici<![CDATA[(2012), Premium Rush (2012) and Howl (2010).]]></bio>
		</person>
		<person id="p02" sex="male">
			<first_name>Daniel</first_name>
			<surname>Sunjata</surname>
			<date_of_birth>30.12.1971</date_of_birth>
			<nationality>&usa;</nationality>
		</person>
		<person id="p03" sex="male">
			<first_name>Jeff</first_name>
			<surname>Eastin</surname>
		</person>
		<person id="p04" sex="male">
			<first_name>Michael</first_name>
			<surname>Socha</surname>
			<date_of_birth>13.12.1987</date_of_birth>
			<nationality>&uk;</nationality>
			<bio>Michael Socha was born on December 13, 1987 in Derby, Derbyshire, England. He is an actor, known for This Is England (2006), Soft (2007) and Being Human (2008).</bio>
			<!--biography-->
		</person>
		<person id="p05" sex="male">
			<first_name>Damien</first_name>
			<surname>Molony</surname>
			<nationality>&uk;</nationality>
		</person>
		<person id="p06" sex="female">
			<first_name>Lenora</first_name>
			<surname>Crichlow</surname>
		</person>
		<person id="p07" sex="female">
			<first_name>Sinead</first_name>
			<surname>Keenan</surname>
			<date_of_birth>27.12.1977</date_of_birth>
			<nationality>Ireland</nationality>
			<bio>Sinead Keenan was born on December 27, 1977 in Dublin, Ireland. She is an actress, known for Being Human (2008), On the Nose (2001) and Trouble with Sex (2005).</bio>
			<!--biography-->
		</person>
		<person id="p08" sex="female">
			<first_name>Jane</first_name>
			<surname>Espenson</surname>
		</person>
		<person id="p09" sex="male">
			<first_name>Zack</first_name>
			<surname>Estrin</surname>
		</person>
		<person id="p10" sex="female">
			<first_name>Sophie</first_name>
			<surname>Lowe</surname>
			<date_of_birth>5.6.1990</date_of_birth>
			<nationality>&uk;</nationality>
		</person>
		<person id="p11" sex="male">
			<first_name>Masashi</first_name>
			<surname>Kishimoto</surname>
			<nationality>&jap;</nationality>
		</person>
	</people>
	<current_date><?php echo Date("d.m.Y")?>
</current_date>
</series_database>