<?xml version="1.0" encoding="UTF-8"?>
<!DOCTYPE Companies SYSTEM "data.dtd">
<Companies>
	<Company>
		<CompanyName>&CD;</CompanyName>
		<Contact>
			<WebAddress>www.cd.cz</WebAddress>
			<PhoneNumber>+420840112113</PhoneNumber>
		</Contact>
		<Residence>
			<Street Number="12">Nabrezi Ludvika Svobody</Street>
			<City>Praha</City>
			<Country>Ceska Republika</Country>
		</Residence>
		<!-- zamestnanci -->
		<Employee EmployerID="e_1">
			<EmployerName>
				<FirstName>Honza</FirstName>
				<LastName>Novak</LastName>
			</EmployerName>
			<Birthday Year="1906" Month="1" Day="1"/>
			<PhoneNumber>777222111</PhoneNumber>
			<PhoneNumber>555878771</PhoneNumber>
			<Posision>
				<Manager/>
			</Posision>
			<HomeAdress PostalCode="13000">
				<Street Number="312">Konevova</Street>
				<City>Praha 3</City>
				<Country>Ceska Republika</Country>
			</HomeAdress>
		</Employee>
		<Employee EmployerID="e_2">
			<EmployerName>
				<FirstName>Horst</FirstName>
				<LastName>Fuchs</LastName>
			</EmployerName>
			<Birthday Year="1991" Month="12" Day="31"/>
			<PhoneNumber>722111181</PhoneNumber>
			<Posision>
				<Operator trainID="t_1"/>
			</Posision>
			<HomeAdress PostalCode="272112">
				<Street Number="1">Pod Strkou</Street>
				<City>Přerov</City>
			</HomeAdress>
		</Employee>
		<Employee EmployerID="e_3">
			<EmployerName>
				<FirstName>Kamila</FirstName>
				<LastName>Petrů</LastName>
			</EmployerName>
			<Birthday Year="1961" Month="4" Day="1"/>
			<PhoneNumber>777111111</PhoneNumber>
			<Posision>
				<Driver/>
			</Posision>
			<HomeAdress PostalCode="121333">
				<Street Number="">12</Street>
				<City>Praha</City>
			</HomeAdress>
		</Employee>
		<Employee EmployerID="e_4">
			<EmployerName>
				<FirstName>Stepan</FirstName>
				<LastName>Stiplistek</LastName>
			</EmployerName>
			<Birthday Year="1979" Month="10" Day="19"/>
			<PhoneNumber>777123455</PhoneNumber>
			<Posision>
				<Dispatcher/>
			</Posision>
			<HomeAdress PostalCode="67611">
				<Street Number="22">Dlouha</Street>
				<City>Bruntal</City>
			</HomeAdress>
		</Employee>
		<Employee EmployerID="e_5">
			<EmployerName>
				<FirstName>Ondrej</FirstName>
				<LastName>Hora</LastName>
			</EmployerName>
			<Birthday Year="1981" Month="7" Day="2"/>
			<PhoneNumber>121234678</PhoneNumber>
			<Posision>
				<Driver/>
			</Posision>
			<HomeAdress PostalCode="12812">
				<Street Number="12">Brnenska</Street>
				<City>Ostrava</City>
			</HomeAdress>
		</Employee>
		<Building>
			<BuildingType>
				<TrainStation/>
			</BuildingType>
			<Street Number="11">Nadrazni</Street>
			<City>Pisek</City>
		</Building>
		<Building>
			<BuildingType>
				<OperetingCentre/>
			</BuildingType>
			<Street Number="211">Ludvika Svobody</Street>
			<City>Praha</City>
		</Building>
		<Building>
			<BuildingType>
				<Depot/>
			</BuildingType>
			<Street Number="27">K depu</Street>
			<City>Olomouc</City>
			<Country>Ceska Republika</Country>
			<GPS East="52.12833" North="18.281321"/>
		</Building>
		<Machine>
			<Train empl_ref="e_3" TrainID="t_1">
				<Locomotive MaxSpeed="200">
					<LocoType>ESO</LocoType>
					<EngineType>
						<FuelReq Specific="AC">Electric</FuelReq>
					</EngineType>
				</Locomotive>
				<TrainCar Length="25" MaxSpeed="200" Weight="49t"/>
				<TrainCar/>
			</Train>
		</Machine>
	</Company>
	<!-- instrukce zpracovani -->
	<?do "something" ?>
	<Company>
		<CompanyName>&DB;</CompanyName>
		<Contact>
			<PhoneNumber>11233123</PhoneNumber>
		</Contact>
		<Residence>
			<Street Number="11"> <![CDATA[ Riemar < ]]> </Street>
			<City>Bern</City>
			<Country>Deutchland</Country>
		</Residence>
		<Employee EmployerID="db_1" SalaryBonus="10000000">
			<EmployerName>
				<FirstName>Hanz</FirstName>
				<LastName>Friezs</LastName>
			</EmployerName>
			<Birthday Year="1958" Month="11" Day="9"/>
			<PhoneNumber>NA</PhoneNumber>
			<Posision>
				<Manager/>
			</Posision>
			<HomeAdress PostalCode="12300">
				<Street Number="11">Hiemel</Street>
				<City>Bern</City>
			</HomeAdress>
		</Employee>
	</Company>
</Companies>
