<?xml version="1.0" encoding="UTF-8"?>
<wow>
	<!-- HRACI -->
	<players>
		<player id="p1">
			<name>Swamper</name>
			<class name="shaman"/>
			<level>90</level>
		</player>
		<player id="p2">
			<name>name1</name>
			<class name="mage"/>
			<level>45</level>
		</player>
		<player id="p3">
			<name>name2</name>
			<class name="druid"/>
			<level>80</level>
		</player>
		<player id="p4">
			<name>name3</name>
			<class name="mage"/>
			<level>90</level>
		</player>
		<player id="p5">
			<name>name4</name>
			<class name="warrior"/>
			<level>73</level>
		</player>
		<player id="p6">
			<name>name5</name>
			<class name="shaman"/>
			<level>15</level>
		</player>
		<player id="p7">
			<name>name6</name>
			<class name="mage"/>
			<level>90</level>
		</player>
		<player id="p8">
			<name>name7</name>
			<class name="druid"/>
			<level>90</level>
		</player>
		<player id="p9">
			<name>name8</name>
			<class name="rogue"/>
			<level>2</level>
		</player>
		<player id="p10">
			<name>name9</name>
			<class name="warrior"/>
			<level>90</level>
		</player>
	</players>
</wow>
