<?xml version="1.0" encoding="UTF-8"?>
<wow>
	<!-- GUILDY -->
	<guilds>
	
		<guild id="g1" name="super guild">
			<leader id="p1"/>
			<level>20</level>
			<spec>PvE</spec>
			<group name="gr3">
				<member id="p1">
					<role>dps</role>
				</member>
				<member id="p9">
					<role>tank</role>
				</member>
			</group>
			<plan>
				Raid on saturday organized by <raidLeader id="p5"/>
			</plan>
		</guild>
	
		<guild id="g1" name="super guild">
			<leader id="p5"/>
			<level>20</level>
			<spec>PvE</spec>
			<group name="gr1">
			
				<member id="p3">
					<role>dps</role>
				</member>
				<member id="p4">
					<role>healer</role>
				</member>
				<member id="p5">
					<role>dps</role>
				</member>
				
			</group>
		</guild>
	
	</guilds>
</wow>
