<?xml version="1.0" encoding="UTF-8"?>
<knihovna xsi:noNamespaceSchemaLocation="data.xsd" xmlns:xsi="http://www.w3.org/2001/XMLSchema-instance">
	<!-- Seznam autoru knih, kazdy autor ma prirazeny sve knihy -->
	<autori>
		<autor jmeno="David Weber">
			<kniha idk="k1" jazyk="CS">
				<nazev>Válka cti</nazev>
				<popis>
					<zanr typ="scifi"/>
					<poznamka>Vesmír Honor Harringtonové</poznamka>
				</popis>
			</kniha>
		</autor>
		<autor jmeno="Sergej Lukjaněnko">
			<kniha idk="k2" jazyk="CS">
				<nazev>Bludiště odrazů</nazev>
				<popis>
					<zanr typ="scifi"/>
				</popis>
			</kniha>
			<kniha idk="k7" jazyk="CS">
				<nazev>Svět stínu</nazev>
				<popis>
					<zanr typ="scifi"/>
				</popis>
			</kniha>
		</autor>
		<autor jmeno="Richard Šusta">
			<kniha idk="k3" jazyk="CS">
				<nazev>Bludiště odrazů</nazev>
				<popis>
					<zanr typ="scifi"/>
				</popis>
			</kniha>
		</autor>
		<autor jmeno="Juraj Červenák">
			<kniha idk="k4" jazyk="CS">
				<nazev>Bohatýr Ocelové žezlo</nazev>
				<popis>
					<zanr typ="fantasy"/>
				</popis>
			</kniha>
		</autor>
		<autor jmeno="Neal Asher">
			<kniha idk="k5" jazyk="CS">
				<nazev>Stahovač</nazev>
				<popis>
					<zanr typ="scifi"/>
				</popis>
			</kniha>
			<kniha idk="k6" jazyk="CS">
				<nazev>Cesta Sabla Keeche</nazev>
				<popis>
					<zanr typ="scifi"/>
					<poznamka>Navazuje na knihu <ref idr="k5">Stahovač</ref>
					</poznamka>
				</popis>
			</kniha>
		</autor>
		<autor jmeno="Terry Pratchett">
		<?parser jazykKnihy="CS"?>
			<kniha idk="k8" jazyk="CS">
				<nazev>Barva kouzel</nazev>
				<popis>
					<zanr typ="fantasy"/>
				</popis>
			</kniha>
			<kniha idk="k9" jazyk="CS">
				<nazev>Lehké fantastično</nazev>
				<popis>
					<zanr typ="fantasy"/>
				</popis>
			</kniha>
			<kniha idk="k10" jazyk="CS">
				<nazev>Čaroprávnost</nazev>
				<popis>
					<zanr typ="fantasy"/>
				</popis>
			</kniha>
			<kniha idk="k11" jazyk="CS">
				<nazev>Mort</nazev>
				<popis>
					<zanr typ="fantasy"/>
				</popis>
			</kniha>
			<kniha idk="k12" jazyk="CS">
				<nazev>Magický prazdroj</nazev>
				<popis>
					<zanr typ="fantasy"/>
				</popis>
			</kniha>
			<kniha idk="k13" jazyk="CS">
				<nazev>Soudné sestry</nazev>
				<popis>
					<zanr typ="fantasy"/>
				</popis>
			</kniha>
			<kniha idk="k14" jazyk="CS">
				<nazev>Pyramidy</nazev>
				<popis>
					<zanr typ="fantasy"/>
				</popis>
			</kniha>
			<kniha idk="k15" jazyk="CS">
				<nazev>Stráže! Stráže!</nazev>
				<popis>
					<zanr typ="fantasy"/>
				</popis>
			</kniha>
			<kniha idk="k16" jazyk="CS">
				<nazev>Erik</nazev>
				<popis>
					<zanr typ="fantasy"/>
				</popis>
			</kniha>
			<kniha idk="k17" jazyk="CS">
				<nazev>Pohyblivé obrázky</nazev>
				<popis>
					<zanr typ="fantasy"/>
				</popis>
			</kniha>
			<kniha idk="k18" jazyk="CS">
				<nazev>Sekáč</nazev>
				<popis>
					<zanr typ="fantasy"/>
					<poznamka>Volně navazuje na 
						<![CDATA[
							foreach(kniha k in PratchettovyKnihy){
								document.write(k.nazev + ", );
							}
						]]>
					</poznamka>
				</popis>
			</kniha>
			<?parser jazykKnihy="EN"?>
			<kniha idk="k19" jazyk="EN">
				<nazev>Pyramids</nazev>
				<popis>
					<zanr typ="fantasy"/>
					<poznamka>Anglická verze knihy <ref idr="k17">Pohyblivé obrázky</ref>
					</poznamka>
				</popis>
			</kniha>
			<kniha idk="k20" jazyk="EN">
				<nazev>The Truth</nazev>
				<popis>
					<zanr typ="fantasy"/>
				</popis>
			</kniha>
		</autor>
	</autori>
	<!-- Seznam uzivatelu s informacemi o uzivateli a seznamem vypujcenych knih -->
	<uzivatele>
		<uzivatel aktivni="ano">
			<identifikace>
				<jmeno>František Novák</jmeno>
				<rc>132456/0221</rc>
			</identifikace>
			<adresa>
				<ulice>Nová</ulice>
				<cislop>24</cislop>
				<psc>12345</psc>
				<mesto>Praha</mesto>
				<stat>CZ</stat>
				<telefon>
					<cislo>123456789</cislo>
				</telefon>
			</adresa>
			<vypujcky>
				<vypujcka vracenoVcas="ano">
					<vypujceno idv="k1"/>
					<od>2012-01-01</od>
					<do>2012-01-21</do>
				</vypujcka>
				<vypujcka vracenoVcas="ano">
					<vypujceno idv="k2"/>
					<od>2012-01-01</od>
					<do>2012-01-21</do>
				</vypujcka>
			</vypujcky>
		</uzivatel>
		<uzivatel>
			<identifikace>
				<jmeno>Květoslav Tulipán</jmeno>
				<rc>870402/0225</rc>
			</identifikace>
			<adresa>
				<ulice>Na Loučce</ulice>
				<cislop>1</cislop>
				<psc>65421</psc>
				<mesto>Praha</mesto>
				<stat>CZ</stat>
				<telefon xsi:type="Tmobil">
					<cislo>987654312</cislo>
					<operator>K2</operator>
				</telefon>
			</adresa>
			<vypujcky>
				<vypujcka vracenoVcas="ano">
					<vypujceno idv="k2"/>
					<od>2012-01-11</od>
					<do>2012-01-25</do>
				</vypujcka>
				<vypujcka vracenoVcas="ano">
					<vypujceno idv="k4"/>
					<od>2012-01-11</od>
					<do>2012-01-25</do>
				</vypujcka>
				<vypujcka vracenoVcas="ano">
					<vypujceno idv="k5"/>
					<od>2012-01-11</od>
					<do>2012-01-25</do>
				</vypujcka>
				<vypujcka vracenoVcas="ano">
					<vypujceno idv="k6"/>
					<od>2012-01-11</od>
					<do>2012-01-25</do>
				</vypujcka>
				<vypujcka vracenoVcas="ano">
					<vypujceno idv="k9"/>
					<od>2011-12-01</od>
					<do>2012-01-01</do>
				</vypujcka>
				<vypujcka vracenoVcas="ano">
					<vypujceno idv="k10"/>
					<od>2011-12-01</od>
					<do>2012-01-01</do>
				</vypujcka>
				<vypujcka>
					<vypujceno idv="k15"/>
					<od>2011-11-11</od>
					<do>2011-12-25</do>
				</vypujcka>
				<vypujcka>
					<vypujceno idv="k19"/>
					<od>2011-11-11</od>
					<do>2011-12-25</do>
				</vypujcka>
				<vypujcka>
					<vypujceno idv="k20"/>
					<od>2012-03-11</od>
				</vypujcka>
				<vypujcka>
					<vypujceno idv="k10"/>
					<od>2012-03-11</od>
				</vypujcka>
				<vypujcka>
					<vypujceno idv="k13"/>
					<od>2012-03-11</od>
				</vypujcka>
				<vypujcka>
					<vypujceno idv="k5"/>
					<od>2012-03-11</od>
				</vypujcka>
			</vypujcky>
		</uzivatel>
		<uzivatel>
			<identifikace>
				<jmeno>Hugo Baklažán</jmeno>
				<rc>681108/0147</rc>
			</identifikace>
			<adresa>
				<ulice>Zahradní</ulice>
				<cislop>6</cislop>
				<psc>12345</psc>
				<mesto>Praha</mesto>
				<stat>CZ</stat>
				<telefon>
					<cislo>111222333</cislo>
				</telefon>
			</adresa>
			<vypujcky>
				<vypujcka vracenoVcas="ano">
					<vypujceno idv="k11"/>
					<od>2012-02-01</od>
					<do>2012-03-01</do>
				</vypujcka>
				<vypujcka vracenoVcas="ano">
					<vypujceno idv="k2"/>
					<od>2012-01-18</od>
					<do>2012-01-31</do>
				</vypujcka>
			</vypujcky>
		</uzivatel>
		<uzivatel>
			<identifikace>
				<jmeno>Ferdinand Horowitz</jmeno>
				<rc>480225/1325</rc>
			</identifikace>
			<adresa>
				<ulice>Východní</ulice>
				<cislop>48</cislop>
				<psc>25638</psc>
				<mesto>Aš</mesto>
				<stat>CZ</stat>
				<telefon>
					<cislo>444555666</cislo>
				</telefon>
			</adresa>
			<vypujcky>
				<vypujcka>
					<vypujceno idv="k17"/>
					<od>2021-03-04</od>
				</vypujcka>
			</vypujcky>
		</uzivatel>
	</uzivatele>
</knihovna>
