<?xml version="1.0"?>
<!DOCTYPE knihovna SYSTEM "data.dtd">

<knihovna>
  <zanr>
    <sekce jmeno="beletrie" id="id001">
      <kniha signatura="id001-001" autor_id="a001" nakladatelstvi="n001">
        <jmeno_knihy>Pýcha a předsudek</jmeno_knihy>
        <klicova_slova>
          <slovo>anglické romány</slovo>
          <slovo>romány pro ženy</slovo>
        </klicova_slova>
        <vydani>
          <cislo_vydani>6<vydal id="n001" /></cislo_vydani>
          <datum_vydani den="9" mesic="11" rok="1993" />
        </vydani>
        </kniha>
        <kniha signatura="id001-002" autor_id="a002" nakladatelstvi="n001">
        <jmeno_knihy>Římanka</jmeno_knihy>
        <klicova_slova>
          <slovo>Italské romány</slovo>
          <slovo>prostitutky</slovo>
        </klicova_slova>
        <vydani>
          <cislo_vydani>10<vydal id="n002" /></cislo_vydani>
          <datum_vydani den="7" mesic="4" rok="1989" />
        </vydani>
      </kniha>
      <kniha signatura="id001-003" autor_id="a003" nakladatelstvi="n002">
        <jmeno_knihy>Proces</jmeno_knihy>
        <klicova_slova>
          <slovo>německý romány</slovo>
          <slovo>absurdní romány</slovo>
        </klicova_slova>
        <vydani>
          <cislo_vydani>3<vydal id="n002" /></cislo_vydani>
          <datum_vydani den="6" mesic="12" rok="1995" />
        </vydani>
      </kniha>
      <kniha signatura="id001-004" autor_id="a003" nakladatelstvi="n002">
        <jmeno_knihy>Proměna</jmeno_knihy>
        <klicova_slova>
          <slovo>německý romány</slovo>
          <slovo>absurdní romány</slovo>
        </klicova_slova>
        <vydani>
          <cislo_vydani>4<vydal id="n002" /></cislo_vydani>
          <datum_vydani den="7" mesic="2" rok="1965" />
        </vydani>
      </kniha>
      <kniha signatura="id001-005" autor_id="a003" nakladatelstvi="n001">
        <jmeno_knihy>Zámek</jmeno_knihy>
        <klicova_slova>
          <slovo>německé romány</slovo>
          <slovo>absurdní román</slovo>
        </klicova_slova>
        <vydani>
          <cislo_vydani>10<vydal id="n006" /></cislo_vydani>
          <datum_vydani den="9" mesic="11" rok="1994" />
        </vydani>
        </kniha>
        <kniha signatura="id001-006" autor_id="a001" nakladatelstvi="n001">
        <jmeno_knihy>Rozum a cit</jmeno_knihy>
        <klicova_slova>
          <slovo>anglický román</slovo>
          <slovo>román pro ženy</slovo>
        </klicova_slova>
        <vydani>
          <cislo_vydani>3<vydal id="n002" /></cislo_vydani>
          <datum_vydani den="7" mesic="12" rok="1989" />
        </vydani>
      </kniha>
      <kniha signatura="id001-007" autor_id="a001" nakladatelstvi="n002">
        <jmeno_knihy>Mansfieldské panství </jmeno_knihy>
        <klicova_slova>
          <slovo>anglický román</slovo>
          <slovo>román pro ženy</slovo>
        </klicova_slova>
        <vydani>
          <cislo_vydani>8<vydal id="n002" /></cislo_vydani>
          <datum_vydani den="6" mesic="12" rok="1990" />
        </vydani>
      </kniha>
      <kniha signatura="id001-008" autor_id="a002" nakladatelstvi="n002">
        <jmeno_knihy>Horalka</jmeno_knihy>
        <klicova_slova>
          <slovo>italský román</slovo>
          <slovo>román pro ženy</slovo>
        </klicova_slova>
        <vydani>
          <cislo_vydani><vydal id="n002" /></cislo_vydani>
          <datum_vydani den="17" mesic="2" rok="1965" />
        </vydani>
      </kniha>
      <kniha signatura="id001-009" autor_id="a002" nakladatelstvi="n001">
        <jmeno_knihy>Cesira</jmeno_knihy>
        <klicova_slova>
          <slovo>italský romá</slovo>
          <slovo>román pro ženy</slovo>
        </klicova_slova>
        <vydani>
          <cislo_vydani>6<vydal id="n001" /></cislo_vydani>
          <datum_vydani den="9" mesic="1" rok="1993" />
        </vydani>
        </kniha>
        <kniha signatura="id001-010" autor_id="a001" nakladatelstvi="n001">
        <jmeno_knihy>Hledání štěstí </jmeno_knihy>
        <klicova_slova>
          <slovo>anglický román</slovo>
          <slovo>román pro ženy</slovo>
        </klicova_slova>
        <vydani>
          <cislo_vydani>8<vydal id="n002" /></cislo_vydani>
          <datum_vydani den="7" mesic="4" rok="1990" />
        </vydani>
      </kniha>
      
      
    </sekce>
    <sekce jmeno="detektivky" id="id002">
      <kniha signatura="id002-001" autor_id="a001" nakladatelstvi="n003">
        <jmeno_knihy>Třetí dívka</jmeno_knihy>
        <klicova_slova>
          <slovo>anglický román</slovo>
          <slovo>detektivní román</slovo>
        </klicova_slova>
        <vydani>
          <cislo_vydani>3<vydal id="n001" /></cislo_vydani>
          <datum_vydani den="5" mesic="3" rok="1998" />
        </vydani>
        </kniha>
        <kniha signatura="id002-002" autor_id="a005" nakladatelstvi="n001">
        <jmeno_knihy>Neděle jako stvořená pro vraždu</jmeno_knihy>
        <klicova_slova>
          <slovo>krimi romomán-</slovo>
          
        </klicova_slova>
        <vydani>
          <cislo_vydani>6<vydal id="n003" /></cislo_vydani>
          <datum_vydani den="4" mesic="6" rok="2000" />
        </vydani>
      </kniha>
      <kniha signatura="id002-003" autor_id="a006" nakladatelstvi="n002">
        <jmeno_knihy>Potíže v ráji</jmeno_knihy>
        <klicova_slova>
          <slovo>detektivky</slovo>
         
        </klicova_slova>
        <vydani>
          <cislo_vydani>9<vydal id="n002" /></cislo_vydani>
          <datum_vydani den="12" mesic="7" rok="2010" />
        </vydani>
      </kniha>
      
    </sekce>
    
  </zanr>
  <seznam_autoru>
    <autor id_autora="a001">
      <jmeno>Jane</jmeno>
      <prijmeni>Austen</prijmeni>
      <datum_narozeni den="16" mesic="12" rok="1975"/>
    </autor>
    <autor id_autora="a002">
      <jmeno>Alberto</jmeno>
      <prijmeni>Moravia</prijmeni>
      <datum_narozeni den="28" mesic="11" rok="1977" />
    </autor>
    <autor id_autora="a003">
      <jmeno>Franz</jmeno>
      <prijmeni>Kafka</prijmeni>
      <datum_narozeni den="3" mesic="7" rok="1983" />
    </autor>
    <autor id_autora="a004">
      <jmeno> Agatha</jmeno>
      <prijmeni>Christie</prijmeni>
      <datum_narozeni den="15" mesic="9" rok="1990"/>
    </autor>
    <autor id_autora="a005">
      
      <jmeno>Zdena</jmeno>
      <prijmeni>FrĂ˝bovĂˇ</prijmeni>
      <datum_narozeni den="30" mesic="8" rok="1994"/>
    </autor>
    <autor id_autora="a006">
    <jmeno>Stanislava</jmeno>
    <prijmeni>Chmelanova</prijmeni>
    <datum_narozeni den="7" mesic="3" rok="1972"/>
    <kontakt>
      <tel_cislo>732098782</tel_cislo>
      <fax>352872872</fax>
      <email>chmelanova@knizky.cz</email>
      <adresa>
        <ulice>Nová Louka</ulice>
        <cislo_popisne>11</cislo_popisne>
        <mesto>Praha</mesto>
        <psc>23787</psc>
      </adresa>
    </kontakt>
    </autor>
  </seznam_autoru>
  <seznam_nakladatelstvi>
  <nakladatelstvi id_nakladatelstvi="n001">
    <jmeno>Moba</jmeno>
    <kontakt>
      <tel_cislo>541126051</tel_cislo>
      <fax>541126068</fax>
      <email>info@moba.cz</email>
      <adresa>
        <ulice>Kotlářskáˇ</ulice>
        <cislo_popisne>53</cislo_popisne>
        <mesto>Brno</mesto>
        <psc>60200</psc>
      </adresa>
    </kontakt>
  </nakladatelstvi>
  <nakladatelstvi id_nakladatelstvi="n002">
    <jmeno>Academika</jmeno>
      <kontakt>
        <tel_cislo>221403838</tel_cislo>
        <email>fortova@academia.cz</email>
        <adresa>
          <ulice>Vodičkova</ulice>
          <cislo_popisne>40</cislo_popisne>
          <mesto>Praha</mesto>
          <psc>11000</psc>
        </adresa>
      </kontakt>
  </nakladatelstvi>
  <nakladatelstvi id_nakladatelstvi="n003">
    <jmeno>Knizni Klub</jmeno>
      <kontakt>
        <tel_cislo>296 536 662</tel_cislo>
        <fax>296536966</fax>
        <adresa>
          <ulice>U svatého Václav</ulice>
          <cislo_popisne>15</cislo_popisne>
          <mesto>České Budějovice</mesto>
          <psc>37001</psc>
        </adresa>
      </kontakt>
  </nakladatelstvi>
  </seznam_nakladatelstvi>
  <registrace>
    <clen id_clena="id_000-000-003">
      
      <jmeno>Štěpán</jmeno>
      <prijmeni>Bráborec</prijmeni>
      <datum_narozeni den="9" mesic="12" rok="1960"/>
      <rodne_cislo>601209/1298</rodne_cislo>
      <adresa>
        <ulice>Mírováˇ</ulice>
        <cislo_popisne>23</cislo_popisne>
        <mesto>Mírová</mesto>
        <psc>35056</psc>
      </adresa>
      <clenstvi >
      <ucet typ="plny">
      <platba rok="2012"/>
      <platba rok="2011"/>
      <platba rok="2010"/>
      <platba rok="2009"/>
      <platba rok="2008"/>
      </ucet>
      </clenstvi>
    </clen>
    <clen id_clena="id_000-000-004">
     
      <jmeno>Ester</jmeno>
      <prijmeni>Vybíralová</prijmeni>
      <datum_narozeni den="30"  mesic="2" rok="1989"/>
      <rodne_cislo>895230/8273</rodne_cislo>
      <adresa>
        <ulice>Novorolskáˇ</ulice>
        <cislo_popisne>2</cislo_popisne>
        <mesto>Karlovy Vary</mesto>
        <psc>38797</psc>
      </adresa>
      <clenstvi >
      <ucet typ="plny">
      <platba rok="2011" />
      </ucet>
      </clenstvi>
    </clen>
    <clen id_clena="id_000-000-005">
      
      <jmeno>Evžen</jmeno>
      <prijmeni>Lovec</prijmeni>
      <datum_narozeni den="3" mesic="12" rok="1950"/>
      <rodne_cislo>401203/9392</rodne_cislo>
      <adresa>
        <ulice>U Krále Jiřího</ulice>
        <cislo_popisne>22</cislo_popisne>
        <mesto>Karlovy Vary</mesto>
        <psc>36008</psc>
      </adresa>
      <clenstvi >
      <ucet typ="senior">
      <platba rok="2012" />
      </ucet>
      </clenstvi>
    </clen>
    <clen id_clena="id_000-000-006">
     
      <jmeno>Václav</jmeno>
      <prijmeni>Jelen</prijmeni>
      <datum_narozeni den="24"  mesic="5" rok="1979"/>
      <rodne_cislo>790524/8270</rodne_cislo>
      <adresa>
        <ulice>U Krále Jiřího</ulice>
        <cislo_popisne>10</cislo_popisne>
        <mesto>Karlovy Vary</mesto>
        <psc>36008</psc>
      </adresa>
      <clenstvi >
      <ucet typ="plny">
      <platba rok="2012" />
      <platba rok="2011" />
      </ucet>
      </clenstvi>
    </clen>
    <clen id_clena="id_000-000-001">
     
      <jmeno>Karel</jmeno>
      <prijmeni>Novák</prijmeni>
      <datum_narozeni den="7" mesic="3" rok="1990"/>
      <rodne_cislo>900307/2345</rodne_cislo>
      <adresa>
        <ulice>U koupaliště›</ulice>
        <cislo_popisne>7</cislo_popisne>
        <mesto>Karlovy Vary</mesto>
        <psc>36005</psc>
      </adresa>
      <clenstvi >
      <ucet typ="plny">
        <platba rok="2012" />
        </ucet>
      </clenstvi>
    </clen>
    <clen id_clena="id_000-000-002">
     
      <jmeno>Aneta</jmeno>
      <prijmeni>Veselá</prijmeni>
      <datum_narozeni den="4" mesic="6" rok="1998"/>
      <rodne_cislo>985604/7629</rodne_cislo>
      <adresa>
        <ulice>Na Okraji</ulice>
        <cislo_popisne>6</cislo_popisne>
        <mesto>Chodov</mesto>
        <psc>35735</psc>
      </adresa>
      <clenstvi >
      <ucet typ="plny">
        <platba rok="2012" /> 
        <platba rok="2011" />
        </ucet>
      </clenstvi>
    </clen>
  </registrace>
  <seznam_vypujcek>
    <vypujcka id="v000-000-001" id_clena="id_000-000-003" signatura="id001-001">
     
      <datum_vypujceni den="10" mesic="1" rok="2012" />
      <poznamka>
      vypůjčila sestra <?php echo vypůjčil rodinný příslušník ?>
      </poznamka>
    </vypujcka>
    <vypujcka id="v000-000-002" id_clena="id_000-000-002" signatura="id001-002">
      
      <datum_vypujceni den="20" mesic="2" rok="2012" />
     
    </vypujcka>
  </seznam_vypujcek>
</knihovna>

