<?xml version="1.0" encoding="UTF-8"?>
<!DOCTYPE knizni_databaze SYSTEM "data.dtd">
<knizni_databaze>
<?xml-stylesheet href="styl.css" type="text/css"?>
	<autori>
		<autor id="_23061">
			<prijmeni>Heller</prijmeni>
			<jmeno>Joseph</jmeno>
			<puvod>USA</puvod>
			<narozen>1923</narozen>
			<zemrel typ="stari">1999</zemrel>					<!--typ umrti-->
			<knihy pocet="3">												<!--pocet knih v databazi-->
				<kniha id="_2306101"
				vazba="pevna">
					<nazev>Hlava 22</nazev>
					<vydana>2005
						<eng vydana="ne"></eng>
						<cze vydana="ano"></cze>
					</vydana>
					<vydana> 1982
						<eng vydana="ano"></eng>
						<cze vydana="ano"></cze>
					</vydana>
					<typ>Roman</typ>
					<zanr> &zanr1;</zanr>
					<zanr> valecna</zanr>
					<zanr>filosoficka</zanr>
					<pocetStran>365
						
					</pocetStran>
					<hl_postava>
						<jmeno>Yossarian</jmeno>
						<povolani>vojak</povolani>
						<povaha>zbabelec</povaha>
					</hl_postava>					
					<knihyAutora idref="_2306102 _2306103"></knihyAutora>
					<dostupnost>&vyprodano;</dostupnost>
				</kniha>
				<kniha id="_2306102"
				vazba="pevna">
					<nazev>zavirame</nazev>
					<vydana>2000
						<eng vydana="ano"></eng>
						<cze vydana="ano"></cze></vydana>
					<typ>povidka</typ>
					<zanr>&zanr1;</zanr>
					<predchudce idref="_2306101"></predchudce>
					<pocetStran>270
						
					</pocetStran>
					<hl_postava>
						<jmeno>Yossarian</jmeno>
						<povolani>vojak</povolani>
						<povaha>zbabelec</povaha>
					</hl_postava>
					<knihyAutora idref="_2306101"></knihyAutora>
					<knihyAutora idref="_2306103"></knihyAutora>
					<dostupnost>&na_sklade;;</dostupnost>
				</kniha>
				<kniha id="_2306103">
					<nazev>buh_vi</nazev>
					<vydana>2005						
						<eng vydana="ano"></eng>
						<cze vydana="ano"></cze></vydana>
					<typ>Roman</typ>
					<zanr>&zanr1;</zanr>
					<pocetStran>312
						
					</pocetStran>
					<hl_postava>
						<jmeno>Buh</jmeno>
						<povolani>stvoritel</povolani>
					</hl_postava>
					<knihyAutora idref="_2306102 _2306103"></knihyAutora>	<!--ukazuje ostatni knihy stejneho autora-->
				</kniha>	
			</knihy>
		</autor>
		<autor id="_23065">
			<prijmeni>Irving</prijmeni>
			<jmeno>John</jmeno>
			<puvod>USA</puvod>
			<narozen>1921</narozen>
			<zemrel typ="vrazda">1973</zemrel>
			<knihy pocet="2">
				<kniha id="_2306501"
				vazba="paperback">
					<nazev>Svet podle Garpa</nazev>
					<typ>Roman</typ>
					<zanr>komedie</zanr>
					<pocetStran>318
					
					</pocetStran>
					<hl_postava>
						<jmeno>Garp</jmeno>
						<povolani>spisovatel</povolani>
					</hl_postava>
				</kniha>
				<kniha id="_2306502" vazba="pevna">
					<nazev>Pravidla Mostarny</nazev>
					<typ>Roman</typ>
					<pocetStran>479</pocetStran>
				</kniha>
			</knihy>
		</autor>
		<autor id="_23062">
			<prijmeni>Sapkowski</prijmeni>
			<jmeno>Andrzej</jmeno>
			<puvod>Polsko</puvod>
			<narozen>1948</narozen>
			<knihy pocet="1">
				<kniha id="_2306201"
				vazba="pevna">
					<serie>
					<![CDATA[
						document.writeln("<p>Kniha je 		 soucasti pentalogie legenda o Ciri</p>")
						]]>
					</serie>
					<nazev>krev_elfu</nazev>
					<vydana>1995
						<eng vydana="ne"></eng>
						<cze vydana="ano"></cze>
					</vydana>
					<typ>Roman</typ>
					<zanr>fantasy</zanr>
					<pocetStran>306
						
					</pocetStran>
					<hl_postava>
						<jmeno>Geralt</jmeno>
						<povolani>zaklinac</povolani>
						<povaha>realista</povaha>
					</hl_postava>
				</kniha>
			</knihy>
		</autor>
		<autor id="_23063">
			<prijmeni>Pratchett</prijmeni>
			<jmeno>Terry</jmeno>
			<puvod>USA</puvod>
			<narozen>1951</narozen>
			<knihy pocet="5">
			<kniha id="_2306301">
			<serie>Uzasna Zemeplocha</serie>
				<nazev>Lehke fantasticno</nazev>
				<vydana>1990</vydana>
				<typ>Roman</typ>
				<pocetStran>295</pocetStran>
			</kniha>
			<kniha id="_2306302" vazba="paperback">
				<nazev>Mort</nazev>
				<typ>Novela</typ>
				<pocetStran>317</pocetStran>
			</kniha>
						<kniha id="_2306303">
			<serie>Uzasna Zemeplocha</serie>
				<nazev>Caroprazdno</nazev>
				<vydana>2001
				</vydana>
				<typ>Roman</typ>
				<pocetStran>295</pocetStran>
			</kniha>
						<kniha id="_2306304">
			<serie>Uzasna Zemeplocha</serie>
				<nazev>posledni svetadil</nazev>
				<vydana>1997</vydana>
				<typ>Roman</typ>
				<pocetStran>271</pocetStran>
			</kniha>
						<kniha id="_2306305">
			<serie>Uzasna Zemeplocha</serie>
				<nazev>Bum</nazev>
				<vydana>2007</vydana>
				<typ>Roman</typ>
				<pocetStran>280</pocetStran>
			</kniha>
			</knihy>
		</autor>
		<autor id="_23007">
			<prijmeni>Orwel</prijmeni>
			<jmeno>George</jmeno>
			<puvod>Anglie</puvod>
			<narozen>1931</narozen>
			<knihy pocet="2">
			<kniha id="_2300701" vazba="pevna">
				<nazev>1984</nazev>
				<vydana>1985
					<eng vydana="ano"></eng>
					<cze vydana="ano"></cze>
				</vydana>
				<typ>Roman</typ>
				<pocetStran>412</pocetStran>
				<knihyAutora idref="_2300702"></knihyAutora>
			</kniha>
			<kniha id="_2300702">
				<nazev>Farma zvirat</nazev>
				<typ>povidka</typ>
				<pocetStran>170</pocetStran>
				<knihyAutora idref="_2300701"></knihyAutora>
			</kniha>
			</knihy>
			
		</autor>
	</autori>

</knizni_databaze>
