<?xml version="1.0" encoding="UTF-8"?>
<!DOCTYPE zemeSveta SYSTEM "C:\Users\Robert\Desktop\xml ukoly\zeme.dtd">
<zemeSveta>
	<Zeme>
		<nazev>USA</nazev>
		<rozlohaM>2200</rozlohaM>
		<pocetobyvatelM>240</pocetobyvatelM>
		<rec>anglictina</rec>
	</Zeme>
	<Zeme>
		<nazev>Rusko</nazev>
		<rozlohaM>8700</rozlohaM>
		<pocetobyvatelM>130</pocetobyvatelM>
		<rec>rustina</rec>
	</Zeme>
	<Zeme>
		<nazev>Polsko</nazev>
		<rozlohaM>36</rozlohaM>
		<pocetobyvatelM>17</pocetobyvatelM>
		<rec>polstina</rec>
	</Zeme>
	<Zeme>
		<nazev>Anglie</nazev>
		<rozlohaM>27</rozlohaM>
		<pocetobyvatelM>40</pocetobyvatelM>
		<rec>anglictina</rec>
	</Zeme>
</zemeSveta>
