<?xml version="1.0" encoding="UTF-8"?>

<!--
    Document   : Ukol1_grudapav.xml
    Created on : 1. březen 2012, 1:07
    Author     : Grudik-thinks
    Description:
        Purpose of the document follows.
-->
<!DOCTYPE root SYSTEM "data.dtd">


<root>
    <datum>
    <![CDATA[
    for (i=0; i < 10; i++)
    {
    document.writeln("<p>Ted se napisu desetkrat pod sebe.</p>");
    }
    ]]>
    <?php echo Date("d.m.Y")?>
    </datum>
    <!--- Zde jsou uvedeny znacky a adresy reklamaci -->
    <Znacky> 
        <Znacka uid="uid1" zn="Canon" >
            <AdresaReklamace>
                <Ulice>Obrtlakova</Ulice>
                <CP>15</CP>
                <Mesto>Praha</Mesto>
                <PSC>10900</PSC>
            </AdresaReklamace>
        </Znacka>
        
        <Znacka uid="uid2" zn="Nikon">
            <AdresaReklamace>
                <Ulice>Nici</Ulice>
                <CP>5</CP>
                <Mesto>Praha</Mesto>
                <PSC>10800</PSC>
            </AdresaReklamace>
        </Znacka>
        
        <Znacka uid="uid3" zn="Pentax">
            <AdresaReklamace>
                <Ulice>Pocerna</Ulice>
                <CP>51</CP>
                <Mesto>Praha</Mesto>
                <PSC>10200</PSC>
            </AdresaReklamace>
        </Znacka>
        
        <Znacka uid="uid4" zn="Panasonic">
            <AdresaReklamace>
                <Ulice>Vopletalova</Ulice>
                <CP>51</CP>
                <Mesto>Praha</Mesto>
                <PSC>10200</PSC>
            </AdresaReklamace>
        </Znacka>
        
        <Znacka uid="uid5" zn="Ricoh">
            <AdresaReklamace>
                <Ulice>Neknubnicka</Ulice>
                <CP>519</CP>
                <Mesto>Praha</Mesto>
                <PSC>10000</PSC>
            </AdresaReklamace>
        </Znacka>
    </Znacky>
    <foto>
        <!--- Zde jsou uvedeny fotoaparaty na prodej -->
        <fotoAparaty>
            <digitalniZrcadlovky>
                <!--- Odkaz na značku je vyžadován kvůli servisu -->
                <zrcadlovka znacka="Canon">
                    <nazev cesta="obr0.png">Canon EOS 7D</nazev>
                    <Cena>50000</Cena>
                    <snimac>CMOS</snimac>
                    <uid>34546546455765</uid>
                    <rozliseni>18</rozliseni>
                    <citlivostMin>100</citlivostMin>
                    <citlivostMax>12800</citlivostMax>
                    <bajonet>canon EF/EF-S</bajonet>
                    <obrazovyProcesor>Dual Digic IV</obrazovyProcesor>
                    <typHledacku>Pentaprism</typHledacku>
                    <blesk a="ano" />
                    <typSnimku>JPG,RAW</typSnimku>
                    <rozhrani>usb 2.0</rozhrani>
                    <servis>
                        <ref uid="uid1">Canon</ref> &serv; 
                    </servis>
                    <doplnujiciInfo/>
                </zrcadlovka>
            </digitalniZrcadlovky>
            <kompakty>
                <kompakt Znacka="Panasonic">
                    <nazev cesta="obr1.png">Panasonic Lumix DMC FT2 Silver</nazev>
                    <uid>23543466456</uid>
                    <Cena>12344</Cena>
                    <!--- Kazdy servis odkazuje na prislusnou adresu, kde se da ftotak reklamovat  -->
                    <servis>
                        <ref uid="uid4">Panasonic</ref> &serv; 
                    </servis>
                </kompakt>
                <kompakt Znacka="Panasonic">
                    <nazev  cesta="obr2.png">Panasonic Lumix JBYVJN Gold</nazev>
                    <uid>1243253464</uid>
                    <Cena>23546</Cena>
                    <servis>
                        <ref uid="uid4">Panasonic</ref> &serv;
                    </servis>
                </kompakt>
                <kompakt Znacka="Panasonic">
                    <nazev cesta="obr3.png">Panasonic Lumix UHYTCFGYV Red</nazev>
                    <uid>34w66547547</uid>
                    <Cena>23535</Cena>
                    <servis>
                        <ref uid="uid4">Panasonic</ref> &serv;
                    </servis>
                </kompakt>
                <kompakt Znacka="Panasonic">
                    <nazev cesta="obr4.png">Nikon YTRTY</nazev>
                    <uid>34w66547547</uid>
                    <Cena>3453464</Cena>
                    <servis>
                        <ref uid="uid2">Nikon</ref> &serv;
                    </servis>
                </kompakt>    
            </kompakty>
        </fotoAparaty>
    </foto>
</root>
