<?xml version="1.0" encoding="UTF-8"?>
<autobusovy_prepravca>
	<!-- Údaje o spoločnosti -->
	<spolocnost>
		<nazov>Turancar</nazov>
		<logo cesta="logo.gif"/>
		<adresa>
			<ulica>Partizanska</ulica>
			<pc>97</pc>
			<psc>974 01</psc>
			<mesto>Banská Bystrica</mesto>
		</adresa>
		<tel>+421 48 4144 216</tel>
		<fax>+421 48 4144 215</fax>
		<email>infolines@turancar.sk</email>
		<ico>22 679 057</ico>
		<dic/>
	</spolocnost>
	
	<!-- Údaje o miestenkách -->
	<miestenka id="1">
		<cestujuci>
			<osobne_udaje>
				<meno_a_priezvisko>
					<meno>Adam</meno>
					<priezvisko>Prvý</priezvisko>
					<cislo_op>123456/1234</cislo_op>
				</meno_a_priezvisko>
			</osobne_udaje>
		</cestujuci>
		<spojenie>
			<odkial>Prievidza</odkial>
			<kam>Praha</kam>
			<datum_a_cas_odchodu>06.03.2011 22:50</datum_a_cas_odchodu>
			<datum_a_cas_prichodu>07.03.2011 05:40</datum_a_cas_prichodu>
			<linka>1234</linka>
		</spojenie>
		<tarif>
			<typ>junior do 26 rokov</typ>
			<cena>325 Kč</cena>
		</tarif>
	</miestenka>
	
	<sprava>Spoločnosť <nazov_spolocnosti>Turancar</nazov_spolocnosti> - Váš najlepší prepravca!</sprava>
	<sprava>
		<![CDATA[
		document.writeln("<p>copyright 2011</p>");
		]]>
	</sprava>
</autobusovy_prepravca>