<?xml version="1.0" encoding="UTF-8" standalone="no"?><conferences>
	<conference id_conference="CID2013">
		<heading>6th International Workshop on Polymer / Metal Nanocomposites</heading>
		<institute>LAboratoire PLAsma et Conversion d'Energie &lt;LAPLACE&gt; Université Paul Sabatier, Bat. 3R3</institute>
		<address>
			<street>118 route de Narbonne</street>
			<post_code>31062</post_code>
			<city>Toulouse</city>
			<country>France</country>
		</address>
		<phone>+33661557693</phone>
		<phone>+33534323112</phone>
		<fax>+33534323113</fax>
		<email>kremena.makasheva@laplace.univ-tlse.fr</email>
		<email>nanoworkshop2013@inp-toulouse.fr</email>
		<about>The 6th edition of "Nanoworkshop" will be held in Toulouse, France from 16th to 18th September 2013 in respect to the tradition revealed first in 2003 at University of Kiel. The Nanoworkshop 2013 will immediately follow the 19th International Vacuum Congress (September 9th-13th, 2013 in Paris, http://www.ivc19.com).</about>
		<opening>
			<date>16.09.2013</date>
			<time>08:00</time>
		</opening>
		<closing>
			<date>18.09.2013</date>
			<time>22:00</time>
		</closing>
		<!-- List of topics -->
		<topics_list>
			<topic id_topic="TID01">PVD and CVD based preparation techniques</topic>
			<topic id_topic="TID02">Novel preparation approaches</topic>
			<topic id_topic="TID03">Optical and plasmonic properties and applications</topic>
			<topic id_topic="TID04">High-density data storage</topic>
			<topic id_topic="TID05">Biological and medical applications</topic>
			<topic id_topic="TID06">Electronic properties and devices</topic>
			<topic id_topic="TID07">Magnetic properties</topic>
			<topic id_topic="TID08">Self-assembled polymer/metal composites</topic>
		</topics_list>
		<participants>
			
								
			<participant id_participant="PID205" pay="yes" type="regular">
				<speaker title="Professor">
					<speaker_name>
						<first_name>Matthias</first_name>
						<surname>Schwartzkopf</surname>
					</speaker_name>
				</speaker>
				<department>Deutsches Elektronen-Synchrotron &lt;DESY&gt;</department>
				<address>
					<street>Notkestr. 85</street>
					<post_code>22607</post_code>
					<city>Hamburg</city>
					<country>Germany</country>
				</address>
				<email>schwartzkopf@chwartzkopf.com</email>
				<phone>+49(0)666111666</phone>
				<fax>+49(0)666111667</fax>
				<presentation_title idRef="TID01">Real-time in situ µGISAXS study of gold cluster growth kinetics during netron sputter deposition</presentation_title>
				<!--Registration Fees include:
					- One copy of the proceedings with USB key, 
					- Coffee breaks,
					- Lunches, 
					- Welcome reception,
					- Admission to the banquet.-->
				<registration>
					<reg_date>16.09.2013</reg_date>
					<reg_time>09:00</reg_time>
					<fee payment="late">480</fee>
				</registration>
				<co_authors>
					<author_name>A. Buffet</author_name>
					<author_name>V. Körstgens</author_name>
					<author_name>E. Metwalli</author_name>
					<author_name>K. Schlage</author_name>
					<author_name>G. Benecke</author_name>
					<author_name>J. Perlich</author_name>
					<author_name>A. Rothkirch</author_name>
					<author_name>G. Herzog</author_name>
				</co_authors>		
			</participant>					
			<participant id_participant="PID255" pay="yes" type="student">
				<speaker title="Magistr">
					<speaker_name>
						<first_name>Jan</first_name>
						<surname>Hanus</surname>
					</speaker_name>
				</speaker>
				<department>Charles University in Prague, Faculty of Mathematics and Physics, Department of Macromolecular Physics</department>
				<address>
					<street>V Holešovičkách 2</street>
					<post_code>18200</post_code>
					<city>Prague</city>
					<country>Czech Republic</country>
				</address>
				<email>hanus@cuni.uk.com</email>
				<phone>+420222111091</phone>
				<fax>+420222111092</fax>
				<presentation_title idRef="TID08">Modification of surfaces by metal and polymeric nanoparticles</presentation_title>
				<registration>
					<reg_date>16.09.2013</reg_date>
					<reg_time>09:20</reg_time>
					<fee payment="in_time">320</fee>
				</registration>
				<co_authors>
					<author_name>Martin Petr</author_name>
					<author_name>Ondrej Kylian</author_name>
					<author_name>Tereza Steinhartova</author_name>
					<author_name>Hynek Biederman</author_name>
				</co_authors>				
			</participant>
			<participant id_participant="PID395" pay="yes" type="student">
				<speaker title="Magistr">
					<speaker_name>
						<first_name>Antoine</first_name>
						<surname>Lonjon</surname>
					</speaker_name>
				</speaker>
				<department>Physique des Polymères – Institut Carnot CIRIMAT Université Paul Sabatier</department>
				<address>
					<city>Toulouse</city>
					<country>France</country>
				</address>
				<email>lonjon@toulus.com</email>
				<phone>+39123123123</phone>
				<fax>+39123123124</fax>
				<presentation_title idRef="TID08">Polymer / metallic nanowires nanocomposites for flexible conductive electrode applications</presentation_title>
				<registration>
					<reg_date>17.09.2013</reg_date>
					<reg_time>08:15</reg_time>
					<fee payment="late">380</fee>
				</registration>
				<co_authors>
					<author_name>L. Laffont</author_name>
					<author_name>P. Demont</author_name>
					<author_name>E. Dantras</author_name>
					<author_name>C. Lacabanne</author_name>
				</co_authors>				
			</participant>	
				
			<participant id_participant="PID408" pay="yes" type="regular">
				<speaker title="Doctor">
					<speaker_name>
						<first_name>Fanggao</first_name>
						<surname>Chang</surname>
					</speaker_name>
				</speaker>
				<department>College of Physics and Electronic Engineering, Henan Normal University</department>
				<address>
					<post_code>453007</post_code>
					<city>Xinxiang</city>
					<country>China</country>
				</address>
				<email>chang@xinxiang.phee.com</email>
				<phone>+37100234899</phone>
				<fax>+37100234898</fax>
				<presentation_title idRef="TID02">The conductivity and permittivity of Ni-silicone rubber composites under uniaxial pressure</presentation_title>
				<registration>
					<reg_date>15.09.2013</reg_date>
					<reg_time>09:10</reg_time>
					<fee payment="late">480</fee>
				</registration>
				<co_authors>
					<author_name>Feng Yang</author_name>
					<author_name>MD. P. Almond</author_name>
					<author_name>Na Zhang</author_name>
					<author_name>Guilin Song</author_name>
				</co_authors>				
			</participant>
			<participant id_participant="PID117" pay="yes" type="regular">
				<speaker title="Doctor">
					<speaker_name>
						<first_name>Oleksandr</first_name>
						<surname>Polonskyi</surname>
					</speaker_name>
				</speaker>
				<department>Institute for Materials Science, Chair for Multicomponent Materials, Christian-Albrechts University at Kiel</department>
				<address>
					<street>Kaiserstr. 2</street>
					<post_code>24143</post_code>
					<city>Kiel</city>
					<country>Germany</country>
				</address>
				<email>polonskyi@copak.com</email>
				<phone>+372221110918</phone>
				<fax>+372221110929</fax>	
				<presentation_title idRef="TID04">Highly efficient transition metal nanoparticle generation in the gas phase by pulsed DC magnetron sputtering</presentation_title>
				<registration>
						<reg_date>15.09.2013</reg_date>
						<reg_time>08:30</reg_time>
						<fee payment="in_time">420</fee>
				</registration>
				<co_authors>
					<author_name>Tilo Peter</author_name>
					<author_name>Amir Mohammad Ahadi</author_name>
					<author_name>Thomas Strunskus</author_name>
					<author_name>Franz Faupel</author_name>			
				</co_authors>		
			</participant>	
			
			
			
					
		</participants>
	</conference>
	<conference id_conference="CID2014">
		<heading>14th International Conference on Plasma Surface Engineering</heading>
		<institute>Europäische Forschungsgesellschaft Dünne Schichten e.V. - EFDS</institute>
		<address>
			<street>Gostritzer Str. 63</street>
			<post_code>01217</post_code>
			<city>Dresden</city>
			<country>Germany</country>
		</address>
		<phone>+49(0)3518718370</phone>
		<fax>+49(0)3518718431</fax>
		<email>pse2014@efds.org</email>			
		<about>The Fourteenth International Conference on <ref idRefTopic="TID141">Plasma Surface Engineering </ref> will be held in Garmisch-Partenkirchen, Germany, from <?php $date = date_create(?>2014-09-15<?php );
		echo date_format($date,  'l jS F Y');
		?> to <?php $date = date_create(?>2014-09-19<?php );
		echo date_format($date,  'l jS F Y');
		?><!--Monday, September 15 to Friday, September 19, 2014-->. The biennial PSE conference series is organized by the European Joint Committee on Plasma and Ion Surface Engineering.</about>
		<opening>
			<date>15.09.2014</date>
			<time>08:00</time>
		</opening>
		<closing>
			<date>19.09.2014</date>
			<time>18:00</time>
		</closing>
		<topics_list>
			<topic id_topic="TID141"><![CDATA[Plasma & ion ]]> surface engineering</topic>
			<topic id_topic="TID142">Deposition technologies</topic>
			<topic id_topic="TID143">Coatings properties and applications</topic>
			<topic id_topic="TID144">Characterization of films and modified surfaces</topic>
			</topics_list>
		<participants>
			
				
			
			
                        
                </participants>
		<message/>
	</conference>
</conferences>