<?xml version="1.0" encoding="UTF-8"?>
<!-- edited with XMLSpy v2011 sp1 (http://www.altova.com) by End User (free.org) -->
<!DOCTYPE fish-elektro SYSTEM "data.dtd">
<fish-elektro>
	<!--sortiment ktory ponukame-->
	
	<sortiment>
		<notebook id="Apple_Macbook_Pro">
			<znacka>Apple</znacka>
			<model>Macbook Pro</model>
			<rozlisenie>1600x900</rozlisenie>
			<rozmer>15</rozmer>
			<procesor>Core 2 Duo</procesor>
			<gpu g="nvidia_7600"></gpu>
			<ram>4</ram>
		</notebook>
		<notebook id="Acer_3820TG">
			<znacka>Acer</znacka>
			<model>3820TG</model>
			<rozlisenie>1366x900</rozlisenie>
			<rozmer>13</rozmer>
			<procesor>i5</procesor>
			<gpu g="ati_hd_5650"></gpu>
			<ram>8</ram>
		</notebook>
		
		<!-- komponeny k nasim pc -->
		<komponenty>
			<procesor id="i5">
				<takt>2333</takt>
				<max_ram>8</max_ram>
				<zbernica>333</zbernica>
			</procesor>
			<procesor id="Core_2_Duo">
				<takt>2200</takt>
				<max_ram>8</max_ram>
				<zbernica>266</zbernica>
			</procesor>
			<graficka_karta id="nvidia_7600">
				<ram>0.5</ram>
				<takt>600</takt>
				<shaders>120</shaders>
			</graficka_karta>
			<graficka_karta id="ati_hd_5650">
				<ram>1</ram>
				<takt>700</takt>
				<shaders>800</shaders>
			</graficka_karta>			
		</komponenty>
				
		<!--prislusenstvo ktore predavame-->
		<prislusenstvo>
			<kabel id="acer bla bla">
				<vykon>90</vykon>
			</kabel>
			<kluc>
				<id>kingston bla</id>
				<velkost>8</velkost>
			</kluc>
			<zanorenie4>
				<zanorenie5>
					<zanorenie6><?ghci sum[1..100] ?></zanorenie6>
				</zanorenie5>
			</zanorenie4>
		</prislusenstvo>
	</sortiment>
	

	
	<!--predajne z ktorych dovazame-->
	<predajne>
		<predajna>Datart<adresa>Ulicna 16</adresa><psc>46879</psc><map><![CDATA[<a href="www.lol.com"/>]]></map>
		</predajna>
		<predajna>Planeo<gps>+54° 2' 55.59", +14° 21' 17.42"</gps><telefon typ="mobil">723646789</telefon>
		</predajna>
		<predajna>Predajna 3<gps>+40° 2' 55.59", +14° 21' 17.42"</gps>
		</predajna>
		<predajna>Predajna 4<gps>+46° 2' 55.59", +14° 21' 17.42"</gps>
		</predajna>
		<predajna>Predajna 5<gps>+51° 2' 46.59", +14° 21' 17.42"</gps><telefon typ="pevna">6574987</telefon>
		</predajna>
		<predajna>Predajna 6<gps>+10° 2' 55.59", +14° 41' 17.42"</gps>
		</predajna>
		<predajna>Predajna 7<gps>+30° 2' 55.59", +14° 21' 17.42"</gps>
		</predajna>
		<predajna>Predajna 8<gps>+26° 2' 55.59", +14° 21' 17.42"</gps>
		</predajna>
		<predajna>Predajna 9<gps>+50° 6' 55.59", +14° 21' 17.42"</gps>
		</predajna>
		<predajna>Predajna 10<gps>+54° 2' 55.59", +14° 21' 17.42"</gps>
		</predajna>
	</predajne>
	
	<xxx/>
	<poznamka>je &poznamka_empty;</poznamka>
	
	
</fish-elektro>
