<?xml version="1.0" encoding="UTF-8"?>
<databaze_zemedelskych_podniku>
	<o_dokumentu>
		Pro vložení naší ikony na vaši stránku vložte do vaší stránky kód: 
		<![CDATA[
			<a href="http://www.mojestrankasdatabazizememelskychpodniku.cz">
			<img src="http://www.mojestrankasdatabazizememelskychpodniku.cz/logo.png">
			</a>
		]]>
		Dnes je <?php echo Date("d.m.Y")?>
	</o_dokumentu>
	
	<podnik id="p0123555">
		<nazev>FARMERS Trutnov s.r.o.</nazev>
		<adresa typ="sidlo">
			<ulice>Volanov 514</ulice>
			<PSC>54101</PSC>
			<mesto>Trutnov</mesto>
			<poznamka>Vrátnice otevřena 6.00-18.00</poznamka>
		</adresa>
		<data_OR ico="653421344" pravni_forma="SRO"/>
		<rostlinna_vyroba>
			<plodina nazev="psenice" typ="ozima" hektaru="430"/>
			<plodina nazev="psenice" typ="jarni" hektaru="200"/>
			<plodina nazev="brambory" hektaru="240"/>
			<plodina nazev="konopi"/>
		</rostlinna_vyroba>
		<zivocisna_vyroba>
			<zvire nazev="ovce">
				<samec pocet="6"/>
				<samice pocet="42"/>
			</zvire>
		</zivocisna_vyroba>
		<sluzby>
			<sluzba>poradenství v oblasti zemědělství</sluzba>
			<sluzba>pronájem zemědělské techniky</sluzba>
		</sluzby>
		<majetek>
			<nemovity>
				<pozemek id_k="0123321444" plocha="4300031" jednotka="m2" typ="zemedelska_puda" hodnota="2300000 Kč"/>
				<pozemek id_k="0123321533" plocha="200" typ="zemedelska_puda" hodnota="1300000 Kč">
					<popis>Tzv. "U borovice", na západ od silnice č. 16</popis>
				</pozemek>
				<budova typ="sklad" hodnota="2400000 Kč"/>
				<budova typ="kanceláře" hodnota="1400000 Kč"/>
			</nemovity>
			<movity>
				<stroj nazev="QR 41" pocet="4" rok_vyroby="2001" typ="kombajn" vyrobce="John Deere" hodnota="6100000 Kč"/>
			</movity>
		</majetek>
		<obdelavana_plocha hektaru="870"/>
		<reditel>
			<jmeno>Ing. Květoslav Hnědý</jmeno>
			<kontakt>telefon: 499 132 123</kontakt>
		</reditel>
		<poznamky>
			<bio>Podnik vyrábí produkty značené jako BIO.</bio>
		</poznamky>
	</podnik>
	
	<podnik id="p432113">
		<nazev>JZD Staré Hamry</nazev>
		<adresa typ="dodaci">
			<ulice>č.p. 544</ulice>
			<PSC>89932</PSC>
			<mesto>Staré Hamry</mesto>
		</adresa>
		<adresa typ="fakturacni">
			<ulice>Ostravká 322</ulice>
			<PSC>89901</PSC>
			<mesto>Ostravice</mesto>
		</adresa>
		<data_OR ico="34324444111" pravni_forma="DRUZSTVO"/>
		<rostlinna_vyroba>
			<plodina nazev="psenice" typ="ozima" hektaru="30"/>
			<plodina nazev="psenice" typ="jarni" hektaru="130"/>
			<plodina nazev="zito" typ="ozima" hektaru="430"/>
			<plodina nazev="zito" typ="jarni" hektaru="430"/>
			<plodina nazev="oves" typ="ozima" hektaru="430"/>
			<plodina nazev="jecmen" typ="ozima" hektaru="430"/>
			<plodina nazev="svestka"/>
			<plodina nazev="vojteska" hektaru="230"/>
			<plodina nazev="proso" typ="jarni" hektaru="40"/>
			<plodina nazev="mak"/>
		</rostlinna_vyroba>
		<obdelavana_plocha hektaru="3122" pudni_druh="piscita"/>
		<agronom>
			<jmeno>Bezruč Petr</jmeno>
			<kontakt>petr.b@jzdstarehamry.cz</kontakt>
		</agronom>
		<poznamky></poznamky>
	</podnik>
	
	<!-- Seznam podniku, ktere jsou cleny Ceskeho zemedelskeho svazu -->
	<cesky_zemedelsky_svaz>
		<clen id="p0123555"/>
		<clen id="p432113"/>
	</cesky_zemedelsky_svaz>
	
</databaze_zemedelskych_podniku>