<?xml version="1.0" encoding="UTF-8"?>
<oxhole xmlns:xsi="http://www.w3.org/2001/XMLSchema-instance" xsi:noNamespaceSchemaLocation="data.xsd">
	<clenove>
		<clen jmeno="Jindrich Michalik" zakladatel="ano" zacatek="2007">
			<prezdivka>Jundrix</prezdivka>
			<cinnosti>
				<cinnost od="2005" skill="frajer">klavesy</cinnost>
				<cinnost skill="typek">solovy zpev</cinnost>
				<tvorba>
					<hudba/>
					<texty/>
				</tvorba>
			</cinnosti>
			<vybava>
				<item id="i003">Roland JUNO Stage</item>
				<!-- plus mikrofony nezname znacky, doplni se pozdeji -->
			</vybava>
		</clen>
		<clen jmeno="Jiri Michalik" zakladatel="ano" zacatek="2007">
			<prezdivka>Ue</prezdivka>
			<cinnosti>
				<cinnost skill="skoromag">bici</cinnost>
			</cinnosti>
			<vybava>
				<item id="i004">bici Tama</item>
				<item id="i005">tuna cinelu</item>
				<!-- upresni bubenik -->
				<item id="i006">tuna palicek</item>
			</vybava>
		</clen>
		<clen jmeno="Jan Cermak" zakladatel="ano" zacatek="2007">
			<prezdivka>Banan</prezdivka>
			<cinnosti>
				<cinnost od="2006" skill="noob">baskytara</cinnost>
				<cinnost skill="noob">vokal</cinnost>
			</cinnosti>
			<vybava>
				<item id="i001">Ibanez SRX300</item>
				<item id="i002">Warwick Pro Fet 3.2</item>
			</vybava>
		</clen>
		<clen jmeno="Jan Orsula" zakladatel="ano" zacatek="2007" konec="2010">
			<prezdivka>Orc</prezdivka>
			<cinnosti>
				<cinnost skill="vajco">kytara</cinnost>
			</cinnosti>
			<vybava>
				<item id="i007">B.C. Rich Warlock</item>
				<item id="i008">kombo Marshall 150W</item>
			</vybava>
		</clen>
		<clen jmeno="Milan Cernil" zakladatel="ano" zacatek="2007">
			<prezdivka>Milanc</prezdivka>
			<cinnosti>
				<cinnost skill="solic">kytara</cinnost>
			</cinnosti>
			<vybava>
				<item id="i009">ESP LTD Stratocaster</item>
				<item id="i010">Laney hlava lampova</item>
			</vybava>
		</clen>
		<clen jmeno="Karel Fridrich" zakladatel="ano" zacatek="2007">
			<prezdivka>Khadl</prezdivka>
			<cinnosti>
				<cinnost skill="drtic">kytara</cinnost>
				<cinnost skill="krakor">vokal</cinnost>
			</cinnosti>
			<vybava>
				<item id="i011">ESP LTD Les Paul</item>
				<item id="i012">Marshall hlava lampova</item>
			</vybava>
		</clen>
	</clenove>
	<diskografie>
		<album>
			<!-- dalsi alba jsou naplanovana, ale jeste se na nich nepracuje -->
			<nazev>Talking ocean</nazev>
			<skladby>
				<skladba ids="Shark">
					<info>
						<zanr>Hard rock first hit</zanr>
						<delka>8:25</delka>
						<cislo>5</cislo>
					</info>
				</skladba>
				<skladba ids="Saturn">
					<info>
						<zanr>Balada</zanr>
						<delka>5:18</delka>
						<cislo>2</cislo>
					</info>
				</skladba>
				<skladba ids="Fullhouse">
					<info>
						<zanr>Heavy</zanr>
						<delka>9:02</delka>
						<cislo>4</cislo>
					</info>
				</skladba>
				<skladba ids="Broken_wings">
					<info>
						<zanr>Balada/rock/heavy</zanr>
						<delka>10:36</delka>
						<cislo>8</cislo>
					</info>
				</skladba>
				<skladba ids="DEM">
					<info>
						<zanr>Prog metal</zanr>
						<delka>11:25</delka>
						<cislo>1</cislo>
					</info>
				</skladba>
				<skladba ids="Quicksand">
					<info>
						<zanr>Prog speed metal</zanr>
						<delka>7:25</delka>
						<cislo>7</cislo>
					</info>
				</skladba>
				<skladba ids="Refused">
					<info>
						<zanr>Prog metal</zanr>
						<delka>13:45</delka>
						<cislo>9</cislo>
					</info>
				</skladba>
				<skladba ids="Destiny">
					<info>
						<zanr>Prog speed metal</zanr>
						<delka>9:45</delka>
						<cislo>10</cislo>
					</info>
				</skladba>
				<skladba ids="Watching_the_dark">
					<info>
						<zanr>Prog metal</zanr>
						<delka>18:02</delka>
						<cislo>6</cislo>
					</info>
				</skladba>
				<skladba ids="Talking_Ocean">
					<info>
						<zanr>Prog speed metal</zanr>
						<delka>8:25</delka>
						<cislo>2</cislo>
					</info>
				</skladba>
				<skladba ids="Monzun">
					<info>
						<zanr>Outro</zanr>
						<delka>1:17</delka>
						<cislo>11</cislo>
					</info>
				</skladba>
			</skladby>
		</album>
	</diskografie>
	<koncerty>
		<koncert>
			<datum>19. 12. 2007</datum>
			<misto>GymSo</misto>
			<spoluhraci>
				<kapela>spousta gymplaku</kapela>
			</spoluhraci>
			<poznamka>
				<no>Prvni</no> nervozni vystoupeni, ucast na Vanocnim koncertu GymSo
			</poznamka>
			<playlist>Shark</playlist>
			<pridavky prvni="Saturn"/>
		</koncert>
		<koncert>
			<datum>25. 1. 2008</datum>
			<misto>Hornicky dum Sokolov</misto>
			<poznamka>
				<no>Druhe</no> a legendarni vystoupeni, pulnocni prekvapeni vlastniho Maturaku, takze spousta publika v bujare nalade
			</poznamka>
			<playlist>Shark, Saturn</playlist>
		</koncert>
		<koncert>
			<datum>27. 6. 2008</datum>
			<misto>B-bar u Cibiho Sokolov</misto>
			<spoluhraci>
				<kapela>Adam Bernau</kapela>
				<kapela>Crom</kapela>
				<kapela>Friday</kapela>
				<kapela>Kato</kapela>
				<kapela>Seven</kapela>
			</spoluhraci>
			<poznamka>
				<no>Treti</no> vystoupeni, poprve na regulernim koncerte pro verejnost a hned predskokani vyhlasene kapely Seven Honzy Kirka Behounka
			</poznamka>
			<playlist>Shark, Fullhouse</playlist>
			<pridavky prvni="Saturn"/>
		</koncert>
	</koncerty>
</oxhole>
