<?xml version="1.0" encoding="UTF-8"?>
<!DOCTYPE musicDB SYSTEM "data.dtd">
<musicDB>
	<!--Contains information about music files-->
	<Artist id="DAD" name="Derek and the Dominos">
		<LastFM>
			<?php echo "<a href=\"http://www.last.fm/music/Derek%2520and%2520the%2520Dominos\">Last.fm artist page</a>" ?><![CDATA[
			function getArtistInfoFromLastFM {/*Obtains artist information using last.fm API*/}
			]]></LastFM>
		<Discography size="1">
			<Album type="Full-Length">
				<Year>1976</Year>
				<Genre id3no="&rock;"/>
				<Featuring>
					<ref id="DAD">Eric Clapton</ref>
				</Featuring>
				<!--id3 tag genre code-->
				<Path>C:\Users\Admin\Music\Derek and the Dominos</Path>
				<ArtworkPath>folder.jpg</ArtworkPath>
				<Tracklist length="1">
					<Song>
						<Path>C:\Users\Admin\Music\Derek and the Dominos\13 - Layla.flac</Path>
						<Filename>13 - Layla.flac</Filename>
						<Tracknumber>13</Tracknumber>
						<Format name="FLAC">
							<Extension>.flac</Extension>
							<Type>Lossless</Type>
							<Bitrate>1411</Bitrate>
						</Format>
						<Length>426</Length>
					</Song>
				</Tracklist>
				<Amazonlink>http://www.amazon.com/Layla-Derek-Dominos/dp/B000002G87</Amazonlink>
				<Amazonrating>5</Amazonrating>
				<Discogslink>http://www.discogs.com/Derek-And-The-Dominos-Layla/master/297445</Discogslink>
				<LastFMlisteners>69761</LastFMlisteners>
			</Album>
		</Discography>
		</Artist>
		<Artist id="PF" name="Pink Floyd">
		<LastFM>
			<?php echo "<a href=\"http://www.last.fm/music/Pink+Floyd">Last.fm artist page</a>" ?><![CDATA[
			function getArtistInfoFromLastFM {/*Obtains artist information using last.fm API*/}
			]]></LastFM>
		<Discography size="1">
			<Album type="Full-Length">
				<Year>1983</Year>
				<!--id3 tag genre code-->
				<Path>C:\Users\Admin\Music\Pink Floyd\The Final Cut</Path>
				<Tracklist length="13">
					<Song>
						<Path>C:\Users\Admin\Music\Pink Floyd\The Final Cut\09 - The Fletcher Memorial Home.flac</Path>
						<Filename>09 - The Fletcher Memorial Home.flac</Filename>
						<Tracknumber>9</Tracknumber>
						<Format name="FLAC">
							<Extension>.flac</Extension>
							<Type>Lossless</Type>
							<Bitrate>1411</Bitrate>
						</Format>
						<Length>250</Length>
					</Song>
				</Tracklist>
				<Amazonlink>http://www.amazon.com/Pink-Floyd-The-Final-Cut/dp/B000002G87</Amazonlink>
				<Amazonrating>5</Amazonrating>
				<Discogslink>http://www.discogs.com/Pink-Floyd-The-Final-Cut/master/42069</Discogslink>
				<LastFMlisteners>1200000</LastFMlisteners>
			</Album>
		</Discography>
	</Artist>
		<Artist id="TGM" name="The Glitch Mob">
		<LastFM>
			<?php echo "<a href=\"http://www.last.fm/music/The-Glitch-Mob">Last.fm artist page</a>" ?><![CDATA[
			function getArtistInfoFromLastFM {/*Obtains artist information using last.fm API*/}
			]]></LastFM>
		<Discography size="2">
			<Album type="Single">
				<Year>2011</Year>
				<Genre id3no="&electronic;"/>
				<!--id3 tag genre code-->
				<Path>C:\Users\Admin\Music\Glitch Mob, The\The Glitch Mob - We Can Make The World Stop\</Path>
				<Tracklist length="1">
					<Song>
						<Path>C:\Users\Admin\Music\Glitch Mob, The\The Glitch Mob - We Can Make The World Stop\1-We_Can_Make_The_World_Stop.flac</Path>
						<Filename>1-We_Can_Make_The_World_Stop.flac</Filename>
						<Tracknumber>1</Tracknumber>
						<Format name="FLAC">
							<Extension>.flac</Extension>
							<Type>Lossless</Type>
							<Bitrate>1411</Bitrate>
						</Format>
						<Length>325</Length>
					</Song>
				</Tracklist>
				<Amazonlink>http://www.amazon.com/The-Glitch-Mob/dp/B000002G87</Amazonlink>
				<Amazonrating>5</Amazonrating>
				<Discogslink>http://www.discogs.com/Pink-Floyd-The-Final-Cut/master/42069</Discogslink>
				<LastFMlisteners>1200000</LastFMlisteners>
			</Album>
			<Album type="Full-Length">
				<Year>2011</Year>
				<Genre id3no="&electronic;"/>
				<!--id3 tag genre code-->
				<Path>C:\Users\Admin\Music\Glitch Mob, The\The Glitch Mob - Drink The Sea\</Path>
				<Tracklist length="3">
					<Song>
						<Path>C:\Users\Admin\Music\Glitch Mob, The\The Glitch Mob - We Can Make The World Stop\01 - Animus Vox.flac</Path>
						<Filename>01 - Animus Vox.flac</Filename>
						<Tracknumber>1</Tracknumber>
					</Song>
					<Song>
						<Path>C:\Users\Admin\Music\Glitch Mob, The\The Glitch Mob - We Can Make The World Stop\02 - Bad Wings.flac</Path>
						<Filename>02 - Bad Wings.flac</Filename>
						<Tracknumber>2</Tracknumber>
					</Song>
					<Song>
						<Path>C:\Users\Admin\Music\Glitch Mob, The\The Glitch Mob - We Can Make The World Stop\1-We_Can_Make_The_World_Stop.flac</Path>
						<Filename>1-We_Can_Make_The_World_Stop.flac</Filename>
						<Tracknumber>3</Tracknumber>
					</Song>
				</Tracklist>
			</Album>
		</Discography>
	</Artist>
</musicDB>
