<?xml version="1.0" encoding="UTF-8"?>
<moviedatabase>	
	<movies>
		<movie id="movie1">
			<title>Harry Potter and the Deathly Hallows, Part 1</title>
			<genres>
				<genre type="Fantasy" />
				<genre type="Action" />
			</genres>
		    <ranking type="PG-13" />
		    <rating>
				<value>9.8</value>
				<num_raters>1200</num_raters>
		    </rating>
		    <budget>
				<value type="equipment" amount="100"></value>
				<value type="actors" amount="100"></value>
		    </budget>
		    <length>120</length>
		    <premiere_date>
				<day>12</day>
				<month>12</month>
				<year>2014</year>
		    </premiere_date>
			<movie_directors>
				<director_ref id="director1" />
			</movie_directors>
			<movie_stars>
				<role>
					<role_actor id="actor1"/>
					<role_name>Hermione Granger</role_name>
				</role>
				<role>
					<role_actor id="actor2"/>
					<role_name>Harry Potter</role_name>
				</role>
			</movie_stars>
			<movie_writers>
				<writer_ref id="writer1" />
				<writer_ref id="writer2" />
			</movie_writers>
			<movie_info>
			Harry Potter and the Deatlhy Hallows, Part 1 is an amazing movie with talented actors such as the beautiful <act_ref id="actor1">Emma Watson</act_ref> or <act_ref id="actor1">Daniel Radcliffe</act_ref>.
			</movie_info>
			<movie_producer id="prod1"/>
		</movie>
		<movie id="movie2">
			<title>Harry Potter and the Deathly Hallows, Part 2</title>
			<genres>
				<genre type="Fantasy" />
				<genre type="Sci-fi" />
			</genres>
		    <ranking type="R" />
		    <rating>
				<value>9.6</value>
				<num_raters>1200</num_raters>
		    </rating>
		    <budget>
				<value type="equipment" amount="1000"></value>
				<value type="actors" amount="2000"></value>
		    </budget>
		    <length>120</length>
		    <premiere_date>
				<day>12</day>
				<month>12</month>
				<year>2013</year>
		    </premiere_date>
			<movie_directors>
				<director_ref id="director1" />
			</movie_directors>
			<movie_stars>
				<role>
					<role_actor id="actor1"/>
					<role_name>Hermione Granger</role_name>
				</role>
				<role>
					<role_actor id="actor2"/>
					<role_name>Harry Potter</role_name>
				</role>
                <role>
                    <role_actor id="actor3"/>
                    <role_name>Russian guy in a pub</role_name>
                </role>
            </movie_stars>
			<movie_writers>
				<writer_ref id="writer1" />
				<writer_ref id="writer2" />
			</movie_writers>
			<movie_info>
			Harry Potter and the Deathly Hallows, Part 2 is an amazing movie with talented actors such as the beautiful <act_ref id="actor1">Emma Watson</act_ref> or <act_ref id="actor1">Daniel Radcliffe</act_ref>.
			</movie_info>
			<movie_producer id="prod1"/>
		</movie>
	</movies>
	
	<people>
		<actors>
			<actor id="actor1">
					<name>
						<first_name>Emma</first_name>
						<last_name>Watson</last_name>
					</name>
					<dob>
							<day>1</day>
							<month>12</month>
							<year>1990</year>
					</dob>
					<pob>
							<city>London</city>
							<country>UK</country>
					</pob>
					<gender type="F" />
			</actor>
			<actor id="actor2">
					<name>
						<first_name>Daniel</first_name>
						<last_name>Radcliffe</last_name>
					</name>
					<dob>
							<day>1</day>
							<month>12</month>
							<year>1990</year>
					</dob>
					<pob>
							<city>London</city>
							<country>UK</country>
					</pob>
					<gender type="M" />
			</actor>
            <actor id="actor3">
                <name>
                    <first_name>Vladimir</first_name>
                    <last_name>Putin</last_name>
                </name>
                <dob>
                    <day>1</day>
                    <month>12</month>
                    <year>1990</year>
                </dob>
                <pob>
                    <city>Moscow</city>
                    <country>Ukraine</country>
                </pob>
                <gender type="M" />
            </actor>
            <actor id="actor4">
                <name>
                    <first_name>Matt</first_name>
                    <last_name>Smith</last_name>
                </name>
                <dob>
                    <day>1</day>
                    <month>12</month>
                    <year>1980</year>
                </dob>
                <pob>
                    <city>New York City</city>
                    <country>USA</country>
                </pob>
                <gender type="M" />
            </actor>
		</actors>
		<directors>
			<director id="director1">
					<name>
						<first_name>James</first_name>
						<last_name>Bond</last_name>
					</name>
					<dob>
							<day>1</day>
							<month>12</month>
							<year>1990</year>
					</dob>
					<pob>
							<city>London</city>
							<country>UK</country>
					</pob>
					<gender type="M" />
			</director>
		</directors>
		<writers>
			<writer id="writer1">
					<name>
						<first_name>Charles</first_name>
						<last_name>Xavier</last_name>
					</name>
					<dob>
							<day>1</day>
							<month>12</month>
							<year>1990</year>
					</dob>
					<pob>
							<city>London</city>
							<country>UK</country>
					</pob>
					<gender type="M" />
			</writer>
			<writer id="writer2">
					<name>
						<first_name>Erik</first_name>
						<last_name>Lehnsherr</last_name>
					</name>
					<dob>
							<day>1</day>
							<month>12</month>
							<year>1990</year>
					</dob>
					<pob>
							<city>London</city>
							<country>UK</country>
					</pob>
					<gender type="M" />
			</writer>
		</writers>
	</people>
	
	<awards>
		<award
			id="award1"
			name="Oscar"
			year="2014"
			award_type="Best actor in leading role"
			awarded_to="actor1"
			/>
		<award
			id="award2"
			name="Golden Globe"
			year="2014"
			award_type="Best actor in leading role"
			awarded_to="actor2"
			/>
        <award
                id="award3"
                name="Oscar"
                year="2014"
                award_type="Best actor in leading role"
                awarded_to="actor1"
                />
	</awards>
	
	<production_companies>
		<producer id="prod1">
				<producer_name>Lionsgate</producer_name>
				<address>
					<city>London</city>
					<country>UK</country>
				</address>
				<contacts>
					<phone>
						<phone_number>+420724724724</phone_number>
						<phone_number>+420724724724</phone_number>
					</phone>
					<email>
						<email_addr>me@lionsgate.com</email_addr>
						<email_addr>contact@lionsgate.com</email_addr>
					</email>
				</contacts>
		</producer>
		<producer id="prod2">
				<producer_name>Fox</producer_name>
				<address>
					<city>LA</city>
					<country>USA</country>
				</address>
				<contacts>
					<phone>
						<phone_number>+420724724724</phone_number>
						<phone_number>+420724724724</phone_number>
					</phone>
					<email>
						<email_addr>me@fox.com</email_addr>						
					</email>
				</contacts>
		</producer>		
	</production_companies>	
	
</moviedatabase>
