<?xml version="1.0"?>
<sazky-online xmlns:xsi="http://www.w3.org/2001/XMLSchema-instance" xsi:noNamespaceSchemaLocation="schema.xsd">
	<uzivatele>
		<uzivatel id="1">
			<osobni-udaje>
				<jmeno>Daniel</jmeno>
				<prijmeni>Lukeš</prijmeni>
				<datum-narozeni>1987-12-25</datum-narozeni>
				<rodne-cislo>871225/8902</rodne-cislo>
				<cislo-op>123456</cislo-op>
				<rodinny-stav stav="svobodny/svobodna"/>
				<adresa-trvale-bydliste>
					<ulice>Imrychova</ulice>
					<cislo-popisne>981</cislo-popisne>
					<cislo-orientacni>3</cislo-orientacni>
					<mesto>Praha 4</mesto>
					<psc>143 00</psc>
					<stat>Česká Republika</stat>
				</adresa-trvale-bydliste>
				<adresa-korespondencni>
					<ulice>Na Štěpnici</ulice>
					<cislo-popisne>1678</cislo-popisne>
					<mesto>Praha 8</mesto>
					<psc>180 00</psc>
					<stat>Česká Republika</stat>
				</adresa-korespondencni>
				<telefon>+420222952772</telefon>
				<mobilni-telefon>+420774122587</mobilni-telefon>
				<email>daniellukes@seznam.cz</email>
			</osobni-udaje>
			<registracni-udaje>
				<uzivatelske-jmeno>DLukes</uzivatelske-jmeno>
				<heslo>12345</heslo>
				<datum-registrace>2012-03-05T22:50:00</datum-registrace>
			</registracni-udaje>
			<platebni-karty>
				<platebni-karta>
					<cislo>456123</cislo>
					<datum-platnosti>10/15</datum-platnosti>
					<kontrolni-kod>000</kontrolni-kod>
					<banka nazev="Komerční banka">
						<cislo-uctu>165-765301985</cislo-uctu>
						<kod-banky>0800</kod-banky>
					</banka>
				</platebni-karta>
				<platebni-karta>
					<cislo>800000</cislo>
					<datum-platnosti>01/20</datum-platnosti>
					<kontrolni-kod>000</kontrolni-kod>
					<banka nazev="HSBC Bank plc">
						<iban>800000-644-225424-2243834-244254</iban>
					</banka>
				</platebni-karta>
			</platebni-karty>
			<poznamka>test <b>poznamky</b></poznamka>
		</uzivatel>
		<uzivatel id="2">
			<osobni-udaje>
				<jmeno>Daniel</jmeno>
				<prijmeni>Lukeš</prijmeni>
				<datum-narozeni>1987-12-25</datum-narozeni>
				<rodne-cislo>871225/8902</rodne-cislo>
				<cislo-op>123456</cislo-op>
				<rodinny-stav stav="svobodny/svobodna"/>
				<adresa-trvale-bydliste>
					<ulice>Imrychova</ulice>
					<cislo-popisne>981</cislo-popisne>
					<cislo-orientacni>3</cislo-orientacni>
					<mesto>Praha 4</mesto>
					<psc>143 00</psc>
					<stat>Česká Republika</stat>
				</adresa-trvale-bydliste>
				<adresa-korespondencni>
					<ulice>Na Štěpnici</ulice>
					<cislo-popisne>1678</cislo-popisne>
					<mesto>Praha 8</mesto>
					<psc>180 00</psc>
					<stat>Česká Republika</stat>
				</adresa-korespondencni>
				<telefon>+420222952772</telefon>
				<mobilni-telefon>+420774122587</mobilni-telefon>
				<email>daniellukes@seznam.cz</email>
			</osobni-udaje>
			<registracni-udaje>
				<uzivatelske-jmeno>DLukes</uzivatelske-jmeno>
				<heslo>12345</heslo>
				<datum-registrace>2012-03-05T22:50:00</datum-registrace>
			</registracni-udaje>
			<platebni-karty>
				<platebni-karta>
					<cislo>456123</cislo>
					<datum-platnosti>10/15</datum-platnosti>
					<kontrolni-kod>000</kontrolni-kod>
					<banka nazev="Komerční banka">
						<cislo-uctu>165-765301985</cislo-uctu>
						<kod-banky>0800</kod-banky>
					</banka>
				</platebni-karta>
				<platebni-karta>
					<cislo>800000</cislo>
					<datum-platnosti>01/20</datum-platnosti>
					<kontrolni-kod>000</kontrolni-kod>
					<banka nazev="HSBC Bank plc">
						<iban>800000-644-225424-2243834-244254</iban>
					</banka>
				</platebni-karta>
			</platebni-karty>
		</uzivatel>
	</uzivatele>
	<sazky>
		<?php echo "podstrom nagenerovany pomoci php"; ?>
	</sazky>
</sazky-online>