<?xml version="1.0" encoding="UTF-8"?>
<!DOCTYPE univerzita SYSTEM "data.dtd">
<univerzita>
	<!-- Udaje o univerzite -->
	<udaje>
		<nazov>Univerzita Kralova v Praze</nazov>
		<latinsky>Universitas Carolina Pragensis</latinsky>
		<skratka>UK</skratka>
		<rok_zalozenia>1348</rok_zalozenia>
		<typ_skoly typ="verejna"/>
		<rektor>prof. Václav Hampl</rektor>
		<pocet_fakult>17</pocet_fakult>
		<uni_sidlo>Praha</uni_sidlo>
		<telefon typ="telefon">(+420) 224 491 850</telefon>
		<telefon typ="fax">(+420) 224 491 895</telefon>
		<www>http://www.cuni.cz</www>
	</udaje>
	<!-- Fakulty -->
	<fakulty>
		<fakulta id="MFFUK">
			<!-- Udaje o fakulte -->
			<fak_udaje>
				<nazov>Matematicko-fyzikální fakulta </nazov>
				<skratka>MFF UK</skratka>
				<rok_zalozenia>1952</rok_zalozenia>
				<dekan>prof. RNDr. Zdeněk Němeček, DrSc</dekan>
				<sidlo adr_budovy="M"/>
				<telefon typ="telefon">22191 1111</telefon>
				<www>http://www.mff.cuni.cz/</www>
			</fak_udaje>
			<budovy_a_arealy>
				<!-- Lokality v ktorych ma fakulta budovy -->
				<lokalita nazov="karlov">
					<!-- Budovy v danej lokalite -->
					<budova znacenie="M">
						<adresa>
							<ulica>Ke Karlovu</ulica>
							<cis_ulice>3</cis_ulice>
							<mesto PSC="12116">Praha 2</mesto>
						</adresa>
					</budova>
					<budova znacenie="F">
						<adresa>
							<ulica>Ke Karlovu</ulica>
							<cis_ulice>5</cis_ulice>
							<mesto>Praha 2</mesto>
						</adresa>
					</budova>
				</lokalita>
				<lokalita nazov="Mala Strana">
					<budova znacenie="S">
						<adresa>
							<ulica>Malostranské nám.</ulica>
							<cis_ulice>25</cis_ulice>
							<mesto PSC="11800">Praha 1</mesto>
						</adresa>
					</budova>
				</lokalita>
			</budovy_a_arealy>
			<!-- Katedry v ramci fakulty -->
			<katedry>
				<katedra skratka="KSI" sekcia="Informaticka">
					<!-- Udaje o danej katedre --> 
					<nazov>Katedra softwarového inženýrství</nazov>
					<sidlo adr_budovy="M"/>
					<telefon typ="telefon">22191 4250</telefon>
					<email>ksi@ksi.mff.cuni.cz</email>
					<www>http://www.ksi.mff.cuni.cz/</www>
					<!-- Pracovnici katedry -->
					<pracovnik id="vojtpe" pozicia="veduci_katedry"/>
					<pracovnik id="mlynir"/>
					<pracovnik id="malyja" pozicia="doktorant"/>
					<!-- Predmety vyucovane v ramci katedry -->
					<predmet kod="NPRG036">
						<!-- Udaje o predmete -->
						<nazov>Technologie XML</nazov>
						<vyucovany semester="letny"/>
						<vyucujuci id="mlynir" >
							<garant/>
						</vyucujuci>
						<vyucujuci id="malyja"/>
						<rozsah>2/2</rozsah>
						<examinacia typ="Z_Zk"/>
						<kredity>6</kredity>
					</predmet>
				</katedra>
			</katedry>
			<!-- Zamestnanci fakulty -->
			<zamestnanci>
				<zamestnanec id="vojtpe">
					<cele_meno>
						<titul_pred>prof. RNDr.</titul_pred>
						<meno>Peter</meno>
						<priezvysko>Vojtáš</priezvysko>
						<titul_za>DrSc.</titul_za>
					</cele_meno>
					<email>vojtas@ksi.mff.cuni.cz</email>
					<www>http://www.ksi.mff.cuni.cz/~vojtas</www>
				</zamestnanec>
				<zamestnanec id="mlynir">
					<cele_meno>
						<titul_pred>RNDr.</titul_pred>
						<meno>Irena</meno>
						<priezvysko>Mlýnková</priezvysko>
						<titul_za>Ph.D.</titul_za>
					</cele_meno>
					<sidlo adr_budovy="M"/>
					<miestnost>S 209</miestnost>
					<poschodie>2</poschodie>
					<adresa>
						<ulica>Malostranské nám.</ulica>
						<cis_ulice>25</cis_ulice>
						<mesto>Praha 1</mesto>
					</adresa>
					<email>mlynkova@ksi.mff.cuni.cz</email>
					<www>http://www.ksi.ms.mff.cuni.cz/~mlynkova/</www>
					<vyucuje kod_predmetu="NPRG036"/>
				</zamestnanec>
				<zamestnanec id="malyja">
					<cele_meno>
						<titul_pred>Mgr.</titul_pred>
						<meno>Jakub</meno>
						<priezvysko>Malý</priezvysko>
					</cele_meno>
					<email>maly@ksi.mff.cuni.cz</email>
					<www>http://www.mff.cuni.cz/fakulta/struktura/lide/5458.htm</www>
					<vyucuje kod_predmetu="NPRG036"/>
				</zamestnanec>
			</zamestnanci>
		</fakulta>
	</fakulty>
	<!-- dokumenty -->
	<dokument>
		&pozdrav; <ref id="malyja">Mgr. Jakub Maly</ref>,
		tymto Vam oznamujem dokoncenie domacej ulohy, 
		dna <datum><?php echo Date("d.m.Y")?></datum>dufam ze ste spokojny 
		a v ramci predmetu <ref id="NPRG036">Technologie XML</ref>
		dostanem za ulohu plny pocet bodov.
		&podakovanie;
		<pozdrav><![CDATA[document.write("S pozdravom");]]></pozdrav>
		&rp;
	</dokument>
</univerzita>
