<?xml version="1.0" encoding="UTF-8"?>
<doc>
	<date>D<?php echo Date("d.m.Y")?></date>
	<organsinfo>
		<organabout organid="oid1" nazev="ledvina" cena="10000"/>
		<organabout organid="oid2" nazev="jatra" cena="15000"/>
		<organabout organid="oid3" nazev="zlucnik" cena="5000"/>
		<organabout organid="oid4" nazev="plice" cena="50000"/>
		<organabout organid="oid5" nazev="srdce" cena="100000"/>
		<organabout organid="oid6" nazev="mozek" cena="1000000"/>
		<organabout organid="oid7" nazev="oko" cena="80000"/>
		<organabout organid="oid8" nazev="zaludek" cena="50000"/>
		<organabout organid="oid9" nazev="tenkestrevo" cena="45000"/>
		<organabout organid="oid10" nazev="tlustestrevo" cena="15000"/>
	</organsinfo>	
	<donators>
		<donator did="did1" Jmeno="Petr" Prijmeni="Muk" Adresa="Praha 10" RokNarozeni="1959" Pohlavi="muz" Dobrovolny="ne" Nazivu="ano">
			<organs>
				<organref oid="oid8" stav="neznamy" />
				<organref oid="oid9" stav="neznamy" />
			</organs>
		</donator>
		<donator did="did2" Jmeno="Agata" Prijmeni="Hanychova" Adresa="Praha 6" RokNarozeni="1974" Pohlavi="zena" Dobrovolny="ne" Nazivu="ano">
					
			<organs>
				<organref oid="oid7" strana="prava" stav="zachovaly" />
				<organref oid="oid7" strana="leva" stav="zachovaly" />
				<organref oid="oid8" stav="spatny" />
				
			</organs>
		</donator>

	</donators>

</doc>