<?xml version="1.0" encoding="UTF-8"?>
<?databazaFilmov autor="Monika Danilakova" tema="Domaci ukol 1 - Databaza filmov (10 filmov)" ?>

<movie_database>
  <movie fid="f_0">
		<about>
			<year>1994</year>
      <rating>R</rating>
			<length>154</length> 
			<director>Quentin Tarantino</director>
      <title>Pulp Fiction</title>  
		</about>
	</movie>	
	
	<movie fid="f_3"> 
    <about>  
			<year>1975</year>
      <rating>R</rating>
			<length>133</length>
			<director>Milos Forman</director>
      <title><![CDATA[One Flew Over the Cuckoo's Nest]]></title>
		</about>
	</movie>
	
	<movie fid="f_5"> 
    <about>  
			<year>1988</year>
      <rating>G</rating>
			<length>86</length>
			<director>Hayao Miyazaki</director>
      <title>Tonari no Totoro</title>
		</about>
	</movie>
	
	<movie fid="f_8"> 
    <about> 
			<year>1999</year>
      <rating>R</rating>
			<length>139</length>
			<director>David Fincher</director>
      <title>Fight Club</title> 
		</about>
	</movie>
	
	<movie fid="f_9">
    <about>  
			  <year>2009</year>
        <rating>PG-13</rating>
			  <length>108</length>
			  <director>John Singleton</director>
        <title><![CDATA[Fast & Furious]]></title>
		</about>
	</movie>
</movie_database>