<?xml version="1.0" encoding="windows-1250"?>

<ratingy>
    <rating id="G">
      G (General Audiences): Rating G, prezývaný "detský", zaručuje, že film neobsahuje žiadne prejavy zmieneného: explicitné prejavy sexuality, nevhodné motívy, nahotu, prejavy násilia, hrubý, vulgárny alebo urážlivý jazyk, konzumáciu drog a prejavy deviácií. Na získanie tohoto hodnotenia musí byť film celkom neškodný a nevinný.   
    </rating>
    <rating id="PG">
      PG (Parental Guidance Suggested): PG-rating upozorňuje rodičov, aby zvážili, či svoje deti nechajú film zhliadnuť. Rodičom sa navrhuje, aby svoje mladšie deti na film hodnotený PG sprevádzali, podľa komisie môžu byť niektoré scény v týchto filmoch nevhodné pre deti. Tieto filmy zároveň nesmú žiadnym spôsobom zobrazovať konzumáciu drog. Filmy v tejto kategórii môžu obsahovať: mierne prejavy násilia, rúhanie, nevýrazné zobrazenie nahoty.
    </rating>
    <rating id="PG-13">
      PG-13 (Parents Strongly Cautioned): Kategória filmov PG-13 je najobsiahlejšia, pretože ide zároveň o najvyššie možné hodnotenie, ktoré môžu producenti za film dostať bez toho, aby sa to výrazne podpísalo na zisku.
Klasifikáciou PG-13 MPAA rodičom dôrazne odporúča, aby svoje deti mladšie ako 13 rokov na film sprevádzali. Takto ohodnotený film smie obsahovať viac prejavov nevhodných motívov, násilia, nahoty, hrubého jazyka. Zároveň akékoľvek zobrazenie používania drog vedie k udeleniu najmenej tohoto ratingu, viacmenej bežne je taký film zaradený ešte o kategóriu vyššie. Nahota v týchto snímkoch nesmie byť sexuálneho charakteru. Zaujímavosťou môže byť požiadavka na zaradenie filmu do tejto kategórie, pokiaľ obsahuje hoci len jediné slovo týkajúce sa sexuality.
    </rating>
    <rating id="R">
      R (Restricted): Na film s ratingom R smie mládež do 16 rokov iba v sprievode dospelej osoby. Filmy s hodnotením R môžu obsahovať hrubý jazyk, výrazne násilné scény, nahotu spojenú so sexualitou alebo používanie drog. Tak, ako použitie jedného sexuálne zafarbeného výrazu predurčuje film najmenej do ratingu PG-13, viac takých slov vo filme automaticky posúva film do kategórie R.
    </rating>
    <rating id="NC-17">
      NC-17 (No one 17 and under admitted): Udelenie ratingu NC-17 oznamuje, že film obsahuje veľmi výrazné prejavy sexuality, násilia, hrubej reči, nahoty a pod. Rating NC-17 zároveň znamená, že film nesmie navštevovať mládež do 17 rokov.
    </rating>
</ratingy>