<?xml version="1.0" encoding="UTF-8"?>
<!DOCTYPE crm PUBLIC "crm" "data.dtd">

<!--
System modelujici jednoduche CRM pokryva
* kontaktni informace o zakaznicich (nazev firmy, kontaktni osoba, adresa, email, atd.)
* historie kontaktu se zakaznikem, tj. prehled problemu ve vztahu k zakaznikovi nebo jinych pozadavku zakaznika a stav jejich reseni
* uzivatele systemu, tj. osoby pracujici se systemem a tito jsou referencovani napr. u konkretniho problemu, tj. jako osoba, ktera danemu zakaznikovi napriklad telefonovala
-->

<!-- xpath dotazy - zde jejich textove interpretace, vlastni dotazy tez v souborech xpathN.xp
xpath1.xp - zvolit prijmeni kontaktnich osob zakazniku, ktere jsou pravnicka osoba - //prijmeni[ancestor-or-self::zakaznik[@typ="pravnicka"]]
xpath2.xp - vybrat ico zazniku, jejichz kontakt ma email - //zakaznik[kontaktniosoba/kontakt/email]/ico/text()
xpath3.xp - vybrat pozadavek ze zaznamu z historie, ktere nemaji poznamku - //historie/zaznam[not(poznamka)]/pozadavek/text()
xpath4.xp - vybrat predposledni zaznam z historie (tj. predposledni v xml strome) - /descendant::zaznam[position() = last() - 1]
xpath5.xp - vratit pocet zakazniku, kteri jsou fyzicka osoba - count(//zakaznik[@typ="fyzicka"])
-->
<crm>
	<zakaznici>
		<zakaznik vip="ano" typ="pravnicka" id="za1">
			<nazev>První realitní, a.s.</nazev>
			<ico>123456789</ico>
			<dic>&diccz;123456789</dic>
			<adresa typ="sidlo">
				<ulice>Údolní 12</ulice>
				<psc>18000</psc>
				<obec>Praha 8</obec>
			</adresa>
			<kontaktniosoba>
				<jmeno>Jan</jmeno>
				<prijmeni>Novák</prijmeni>
				<funkce kod="f001"/>
				<kontakt>
					<telefon>+420123456789</telefon>
					<email>jan.novak@prvnirealitni.tld</email>
					<skype>bafala</skype>
				</kontakt>
			</kontaktniosoba>
		</zakaznik>
		<zakaznik typ="pravnicka" id="za2">
			<nazev>Autoservis Jindra, s.r.o.</nazev>
			<ico>446622112</ico>
			<dic>&diccz;446622112</dic>
			<adresa typ="sidlo">
				<ulice>Jihlavská 10</ulice>
				<psc>62500</psc>
				<obec>Brno</obec>
			</adresa>
			<adresa typ="pobocka">
				<ulice>Na kopečku 44</ulice>
				<psc>70200</psc>
				<obec>Olomouc</obec>
			</adresa>
			<adresa typ="pobocka">
				<ulice>Ostrovní 88</ulice>
				<psc>77900</psc>
				<obec>Ostrava</obec>
			</adresa>
			<kontaktniosoba>
				<jmeno>Iveta</jmeno>
				<prijmeni>Krátká</prijmeni>
				<funkce kod="f004"/>
				<kontakt>
					<telefon>+420353535111</telefon>
					<email>iveta.kratka@jindra.tld</email>
				</kontakt>
			</kontaktniosoba>
			<kontaktniosoba>
				<jmeno>Jiřina</jmeno>
				<prijmeni>Dlouhá</prijmeni>
				<funkce kod="f004"/>
				<kontakt>
					<telefon>+420353535112</telefon>
					<email>jirina.dlouha@jindra.tld</email>
				</kontakt>
			</kontaktniosoba>
		</zakaznik>
    <zakaznik typ="fyzicka" id="za3">
      <jmeno>Jiří</jmeno>
      <prijmeni>Mýdlo</prijmeni>
      <adresa typ="bydliste">
        <ulice>Malé náměstí 36</ulice>
        <psc>11000</psc>
        <obec>Praha 1</obec>
      </adresa>
    </zakaznik>
    <zakaznik typ="fyzicka" id="za4">
      <jmeno>Barbora</jmeno>
      <prijmeni>Štastná</prijmeni>
      <adresa typ="bydliste">
        <ulice>V úžlabině</ulice>
        <psc>16000</psc>
        <obec>Praha 6</obec>
      </adresa>
    </zakaznik>
    <zakaznik typ="fyzicka" id="za5">
      <jmeno>Igor</jmeno>
      <prijmeni>Dlouhý</prijmeni>
      <adresa typ="bydliste">
        <ulice>Na pahorku 15</ulice>
        <psc>13000</psc>
        <obec>Praha 3</obec>
      </adresa>
    </zakaznik>
	</zakaznici>
	<historie>
		<zaznam id="z1" zakaznik="za1">
			<den>5.3.2011</den>
			<hodina>17:34</hodina>
			<prijeti zpusob="email"/>
			<pozadavek>Výměna pneumatik, kontrola oleje a brzdových destiček.</pozadavek>
			<stav>k vyřízení</stav>
			<poznamka/>
			<poridil uzivatel="uz1"/>
			<vytvari_objednavku>ano</vytvari_objednavku>
			<kontaktovat stav="ne"/>
			<archivovat>ne</archivovat>
		</zaznam>
		<zaznam id="z2" zakaznik="za1">
			<den>10.3.2011</den>
			<hodina>12:15</hodina>
			<prijeti zpusob="telefon"/>
			<pozadavek>Zákazník reklamuje zásilku <ref id="z1"/></pozadavek>
			<stav>vyřízeno</stav>
			<poznamka>Při silném brždění pískají brzdy.</poznamka>
			<poridil uzivatel="uz1"/>
			<vytvari_objednavku>ne</vytvari_objednavku>
			<kontaktovat stav="ano" kdy="15.3.2011"/>
			<archivovat>ne</archivovat>
		</zaznam>
    <zaznam id="z3" zakaznik="za3">
      <den>21.3.2011</den>
      <hodina>16:23</hodina>
      <prijeti zpusob="telefon"/>
      <pozadavek>Odtah a oprava vozidla po dopravní nehodě.</pozadavek>
      <stav>vyřízeno</stav>      
      <poridil uzivatel="uz2"/>
      <vytvari_objednavku>ano</vytvari_objednavku>
      <kontaktovat stav="ano" kdy="10.4.2011"/>
      <archivovat>ano</archivovat>
    </zaznam>
    <zaznam id="z4" zakaznik="za4">
      <den>22.3.2011</den>
      <hodina>9:11</hodina>
      <prijeti zpusob="email"/>
      <pozadavek>Přestavba na LPG.</pozadavek>
      <stav>vyřízeno</stav>      
      <poridil uzivatel="uz2"/>
      <vytvari_objednavku>ano</vytvari_objednavku>
      <kontaktovat stav="ne"/>
      <archivovat>ano</archivovat>
    </zaznam>
	</historie>
	<uzivatele>
		<uzivatel id="uz1" povolen="ano">
			<plne_jmeno>Jan Pomalý</plne_jmeno>
			<login>janpomaly</login>
			<!-- hash z hesla se soli -->
			<heslo><![CDATA[abcdefg]]></heslo>
			<uz_email><?php check_email(jan.pomaly@crm.tld) ?>jan.pomaly@crm.tld</uz_email>
		</uzivatel>
		<uzivatel id="uz2">
			<plne_jmeno>Ivana Šikovná</plne_jmeno>
			<login>ivanasikovna</login>
			<!-- hash z hesla se soli -->
			<heslo><![CDATA[iopodfa]]></heslo>
			<uz_email><?php check_email(ivana.sikovna@crm.tld) ?>ivana.sikovna@crm.tld</uz_email>
		</uzivatel>
	</uzivatele>
	<funkcevycet>
		<pozice id="f001" jmeno="Ředitel"/>
		<pozice id="f002" jmeno="Programátor"/>
		<pozice id="f003" jmeno="Operátor callcentra"/>
		<pozice id="f004" jmeno="Asistentka prodeje"/>
	</funkcevycet>
</crm>