<?xml version="1.0" encoding="UTF-8"?>
<!DOCTYPE Olympiade_History SYSTEM "data.dtd" [
<!ENTITY beginning "Tady budou vypsani sportovci:" >
]>
<Olympiade_History>
<!-- V tomto elementu budou jednotlive olympiady -->
<?php echo "Informace o Olympiadach"?>
	<Olympiade id="o_1" type="Summer" year="2012" country="UK" city="London">
		<Discipline id="d_1" name="100  metres" gender="Men">
			&beginning;
			<Sportsman id="s_1">
				<Record ranking="1" score="9.63 s"/>
				<Firstname>Usain</Firstname>
				<Surname>Bolt</Surname>
				<Age>27</Age>
				<Nationality>Jamaican</Nationality>
				<PlaceOfBirth>Sherwood  Content</PlaceOfBirth>
				<Height>196</Height>
				<Weight>94</Weight>
				<Sponsor name="Puma">
				<Stuff>Shoes</Stuff>
				<Stuff>Clothes</Stuff>
				</Sponsor>
				<Sponsor name="Sumsung">
				<Stuff>Mobile phone</Stuff>
				</Sponsor>
				<Motto>A lot of legends, a lot of people, have come before me. But this is my time.</Motto>	
				</Sportsman>
			<![CDATA[<b>...(diky CDATA se mi neparsujou tagy)</b>]]>
		</Discipline>
		<Discipline name="Javelin" id="d_2">
			<Sportsman id="s_2">
				<Record ranking="1" score="69.55"/>
				<Firstname>Barbora</Firstname>
				<Surname>Špotáková</Surname>
				<Age>32</Age>
				<Nationality>Czech</Nationality>
				<PlaceOfBirth>Jablonec nad Nisou</PlaceOfBirth>
				<Height>189</Height>
				<Weight>80</Weight>
				</Sportsman>
		</Discipline>
		<Discipline name="Kulicky" id="d_3">
			Tato disciplina nema zadneho sportovce.
		</Discipline>
		<DoppingMessage id="dm_1" discipline_ID="d_1" sportsman_ID ="s_1"> Tento sportovec dopoval</DoppingMessage>
	</Olympiade>
	<Olympiade id="o_2" city="Sochi" year="2014" country="Russia">
	</Olympiade>
</Olympiade_History>
