<?xml version="1.0" encoding="UTF-8"?>
<!DOCTYPE kniznica SYSTEM "data.dtd">
<kniznica>
<!-- datum vygenerovania xml-->
<datum><?php echo date("d.m.Y H:i.s")?></datum>
<!-- zoznam zaregistrovanych citatelov -->
	<citatelia>
		<citatel cislo="c654">
			<meno>Marián Labuda</meno>
			<doklad>	
				<cislo>4658464</cislo>
			</doklad>
		</citatel>
		<citatel cislo="c555">
			<meno>Martin Antovič</meno>
			<doklad typ="pas">
				<cislo>SP23458</cislo>
			</doklad>
		</citatel>
		<citatel cislo="c554">
			<meno>Martin Krakovsky</meno>
			<doklad typ="op">
				<cislo>SP23</cislo>
			</doklad>
		</citatel>
	</citatelia>
	<!--- zoznam vypozicanych knih -->
	<knihy>
		<kniha cislo="k12">
			<nazov>Pravepodnobnostné algoritmy</nazov>
			<originalny_nazov>Randomizes Algorithms</originalny_nazov>
			<autor>Rajeev Motwani</autor>
			<zaner>náučná literatúra</zaner>
			<pocet_stran>582</pocet_stran>
			<jazyk>EN</jazyk>
			<vydavatelstvo>Cambrdge university press</vydavatelstvo>
			<rok_vydania>1999</rok_vydania>
			<vypozicky>
				<vypozicka citatel="c555">
					<pokuta dovod="neskore vratenie">50</pokuta>
					<poskodenie/>
				</vypozicka>
				<vypozicka citatel="c654"></vypozicka>
			</vypozicky>
			<stav><![CDATA[
document.writeln("zachovalá");
]]></stav>
		</kniha>
		<kniha cislo="k132">
			<nazov>Pravepodnobnostné algoritmy 2</nazov>
			<originalny_nazov>Randomizes Algorithms</originalny_nazov>
			<autor>Rajeev Motwani</autor>
			<zaner>náučná literatúra</zaner>
			<pocet_stran>582</pocet_stran>
			<jazyk>EN</jazyk>
			<vydavatelstvo>Cambrdge university press</vydavatelstvo>
			<rok_vydania>1999</rok_vydania>
			<vypozicky>
				<vypozicka citatel="c555">
					
				</vypozicka>
				<vypozicka citatel="c554">
<pokuta dovod="neskore vratenie">50</pokuta>
					<poskodenie></poskodenie>				
				</vypozicka>
				<vypozicka citatel="c654">
					
				</vypozicka>
			</vypozicky>
			<stav><![CDATA[
document.writeln("zachovalá");
]]></stav>
		</kniha>
		<kniha cislo="k142">
			<nazov>Pravepodnobnostné algoritmy 2</nazov>
			<originalny_nazov>Randomizes Algorithms</originalny_nazov>
			<autor>Rajeev Schijev</autor>
			<zaner>náučná literatúra</zaner>
			<pocet_stran>52</pocet_stran>
			<jazyk>SK</jazyk>
			<vydavatelstvo>Cambrdge university press</vydavatelstvo>
			<rok_vydania>1999</rok_vydania>
			<vypozicky>
			</vypozicky>
			<stav><![CDATA[
document.writeln("zachovalá");
]]></stav>
		</kniha>
		<kniha cislo="k122">
			<nazov>Pravepodnobnost 3</nazov>
			<originalny_nazov>Randomizes Algorithms</originalny_nazov>
			<autor>Rajeev Motnov</autor>
			<zaner>náučná literatúra</zaner>
			<pocet_stran>52</pocet_stran>
			<jazyk>EN</jazyk>
			<vydavatelstvo>Cambrdge university press</vydavatelstvo>
			<rok_vydania>1999</rok_vydania>
			<vypozicky>
				<vypozicka citatel="c555">
					<pokuta dovod="neskore vratenie">50</pokuta>
					
				</vypozicka>
				
			</vypozicky>
			<stav>ok</stav>
		</kniha>
	</knihy>
</kniznica> 