<songs>
    <song>
        <title>Beat the heat</title>
        <length>340</length>
        <band_name>Walk The Dog</band_name>
        <album_name>Very first album</album_name>
    </song>
    <song>
        <title>Jericho</title>
        <length>215</length>
        <band_name>Walk The Dog</band_name>
        <album_name>Very first album</album_name>
    </song>
    <song>
        <title>Ultrasonic</title>
        <length>140</length>
        <band_name>Walk The Dog</band_name>
        <album_name>Very first album</album_name>
    </song>
    <song>
        <title>XMLing</title>
        <length>255</length>
        <band_name>Walk The Dog</band_name>
        <album_name>Very first album</album_name>
    </song>
    <song>
        <title>Pocket Rocket</title>
        <length>146</length>
        <band_name>Ultima</band_name>
        <album_name>Pips</album_name>
    </song>
    <song>
        <title>Bonghaloo</title>
        <length>112</length>
        <band_name>Ultima</band_name>
        <album_name>Pips</album_name>
    </song>
    <song>
        <title>Devastator</title>
        <length>199</length>
        <band_name>Ultima</band_name>
        <album_name>Pips</album_name>
    </song>
    <song>
        <title>Stars above the vlad</title>
        <length>176</length>
        <band_name>Cosmic Wolfies</band_name>
        <album_name>Lazor</album_name>
    </song>
    <song>
        <title>Ponjo</title>
        <length>392</length>
        <band_name>Cosmic Wolfies</band_name>
        <album_name>Lazor</album_name>
    </song>
    <song>
        <title>Doodiestar</title>
        <length>440</length>
        <band_name>Cosmic Wolfies</band_name>
        <album_name>Lazor</album_name>
    </song>
</songs>