<?xml version="1.0" encoding="UTF-8"?>
<!DOCTYPE objednavka SYSTEM "data.dtd" >
<objednavka>
 <![CDATA[
	Tento text se neparsuje
]]>
		<obchod>
			<info>
				<jmenoFirma>Presta shop</jmenoFirma>
				<sidliste>
						<ulice>Hlavni</ulice>
						<cpp>256</cpp>
						<psc>15063</psc>
						<mesto>Praha</mesto>
						<zeme>cze</zeme>
				</sidliste>
				<telefony>
					<tel>111222333</tel>
					<tel>777222333</tel>
					<tel>666222333</tel>
				</telefony>
				<ic>AB4569</ic>
				<dic>HAB5639</dic>
			</info>
			<zprava>
				 Zprava pro prijemce<odradkovani/>
				 <ref id="AB123">Produkt</ref> ma byt dorucen behem zitra
				 <odradkovani/>
				 &copy;
			</zprava>
			<zbozi>
					<produkt id="AB123">
					     <typ>notebook</typ>
						<nazev>
							<firma>HP</firma>
							<model>4510s</model>
						</nazev>
						<pocet>1</pocet>
						<cena>12000</cena>
						<dorucit>
							<zeme>cze</zeme>
							<mesto>brno</mesto>
							<adresa>
								<ulice>Paralelni</ulice>
								<cpp>2</cpp>
								<psc>15090</psc>
							</adresa>	
						</dorucit>
						<kontakt>
								<osoba>
										<jmeno>Alex</jmeno>
										<prijmeni>Goldfish</prijmeni>
								</osoba>
								<email>test@test.cz</email>
								<telefon>789456123</telefon>
						</kontakt>
					</produkt>
	
			</zbozi>
		</obchod>
		<obchod>
			<info>
				<id>KA35687</id>
			</info>
			<zprava></zprava>
			<zbozi>
				<produkt id="AB133">
					     <typ>netbook</typ>
						<nazev>
							<firma>Acer</firma>
							<model>aspire one</model>
						</nazev>
						<pocet>1</pocet>
						<cena>8000</cena>
						<dorucit>
							<zeme>cze</zeme>
							<mesto>Praha</mesto>
							<adresa>
								<ulice>Peterkova</ulice>
								<cpp>7</cpp>
								<psc>13080</psc>
							</adresa>	
						</dorucit>
						<kontakt>
								<osoba>
										<jmeno>Petr</jmeno>
										<prijmeni>Novotny</prijmeni>
								</osoba>
								<email>test@test.cz</email>
								<telefon>759600472</telefon>
						</kontakt>
					</produkt>
				<produkt id="DF56">
					     <typ>PC</typ>
						<nazev>
							<firma>Apple</firma>
							<model>iTower</model>
						</nazev>
						<pocet>1</pocet>
						<cena>40000</cena>
						<dorucit>
							<zeme>cze</zeme>
							<mesto>Praha</mesto>
							<adresa>
								<ulice>Hlavateho</ulice>
								<cpp>758</cpp>
								<psc>14900</psc>
							</adresa>	
						</dorucit>
						<kontakt>
								<osoba>
										<jmeno>Adela</jmeno>
										<prijmeni>Novakova</prijmeni>
								</osoba>
								<email>test@test.cz</email>
								<telefon>789566560</telefon>
						</kontakt>
					</produkt>
					
					<produkt id="AD133">
					     <typ>netbook</typ>
						<nazev>
							<firma>Asus</firma>
							<model>turbo 5</model>
						</nazev>
						<pocet>2</pocet>
						<cena>20000</cena>
						<dorucit>
							<zeme>cze</zeme>
							<mesto>Plzen</mesto>
							<adresa>
								<ulice>Vlaskova</ulice>
								<cpp>35</cpp>
								<psc>10530</psc>
							</adresa>	
						</dorucit>
						<kontakt>
								<osoba>
										<jmeno>Franta</jmeno>
										<prijmeni>Novak</prijmeni>
								</osoba>
								<email>test@test.cz</email>
								<telefon>752238560</telefon>
						</kontakt>
					</produkt>
					
					<produkt id="CF133">
					     <typ>netbook</typ>
						<nazev>
							<firma>Acer</firma>
							<model>happy</model>
						</nazev>
						<pocet>1</pocet>
						<cena>10000</cena>
						<dorucit>
							<zeme>cze</zeme>
							<mesto>Praha</mesto>
							<adresa>
								<ulice>Ruska</ulice>
								<cpp>77</cpp>
								<psc>1238</psc>
							</adresa>	
						</dorucit>
						<kontakt>
								<osoba>
										<jmeno>Pavel</jmeno>
										<prijmeni>Novacek</prijmeni>
								</osoba>
								<email>test@test.cz</email>
								<telefon>789238560</telefon>
						</kontakt>
					</produkt>
					<produkt id="CD133">
					     <typ>netbook</typ>
						<nazev>
							<firma>Acer</firma>
							<model>aspire one</model>
						</nazev>
						<pocet>2</pocet>
						<cena>16000</cena>
						<dorucit>
							<zeme>cze</zeme>
							<mesto>Brno</mesto>
							<adresa>
								<ulice>U dubu</ulice>
								<cpp>29</cpp>
								<psc>14900</psc>
							</adresa>	
						</dorucit>
						<kontakt>
								<osoba>
										<jmeno>Pavel</jmeno>
										<prijmeni>Kozokar</prijmeni>
								</osoba>
								<email></email>
								<telefon>759660472</telefon>
						</kontakt>
					</produkt>
									<produkt id="AB233">
					     <typ>notebook</typ>
						<nazev>
							<firma>Asus</firma>
							<model>G5</model>
						</nazev>
						<pocet>1</pocet>
						<cena>16000</cena>
						<dorucit>
							<zeme>cze</zeme>
							<mesto>Praha</mesto>
							<adresa>
								<ulice>U trpasliku</ulice>
								<cpp>28</cpp>
								<psc>13000</psc>
							</adresa>	
						</dorucit>
						<kontakt>
								<osoba>
										<jmeno>Anna</jmeno>
										<prijmeni>Novotna</prijmeni>
								</osoba>
								<email>test@test.cz</email>
								<telefon>769000472</telefon>
						</kontakt>
					</produkt>
									<produkt id="DF133">
					     <typ>netbook</typ>
						<nazev>
							<firma>Asus</firma>
							<model>mini S</model>
						</nazev>
						<pocet>1</pocet>
						<cena>8000</cena>
						<dorucit>
							<zeme>cze</zeme>
							<mesto>Praha</mesto>
							<adresa>
								<ulice>Pramenska</ulice>
								<cpp>39</cpp>
								<psc>130760</psc>
							</adresa>	
						</dorucit>
						<kontakt>
								<osoba>
										<jmeno>Lukas</jmeno>
										<prijmeni>Bohaty</prijmeni>
								</osoba>
								<email></email>
								<telefon>774200472</telefon>
						</kontakt>
					</produkt>
									<produkt id="HE133">
					     <typ>PC</typ>
						<nazev>
							<firma>HP</firma>
							<model>superTower</model>
						</nazev>
						<pocet>3</pocet>
						<cena>42000</cena>
						<dorucit>
							<zeme>cze</zeme>
							<mesto>Praha</mesto>
							<adresa>
								<ulice>U kanclu</ulice>
								<cpp>37</cpp>
								<psc>25104</psc>
							</adresa>	
						</dorucit>
						<kontakt>
								<osoba>
										<jmeno>Honza</jmeno>
										<prijmeni>Podnikavy</prijmeni>
								</osoba>
								<email>test@test.cz</email>
								<telefon>753654720</telefon>
						</kontakt>
					</produkt>
									<produkt id="FC153">
					     <typ>notebook</typ>
						<nazev>
							<firma>Samsung</firma>
							<model>DL 35</model>
						</nazev>
						<pocet>1</pocet>
						<cena>16000</cena>
						<dorucit>
							<zeme>cze</zeme>
							<mesto>Praha</mesto>
							<adresa>
								<ulice>Plynova</ulice>
								<cpp>8</cpp>
								<psc>12000</psc>
							</adresa>	
						</dorucit>
						<kontakt>
								<osoba>
										<jmeno>Tereza</jmeno>
										<prijmeni>Sladka</prijmeni>
								</osoba>
								<email></email>
								<telefon>759600472</telefon>
						</kontakt>
					</produkt>
									<produkt id="GH251">
					     <typ>netbook</typ>
						<nazev>
							<firma>Asus</firma>
							<model>fantasy</model>
						</nazev>
						<pocet>1</pocet>
						<cena>10000</cena>
						<dorucit>
							<zeme>cze</zeme>
							<mesto>Praha</mesto>
							<adresa>
								<ulice>Pavlova</ulice>
								<cpp>13</cpp>
								<psc>13500</psc>
							</adresa>	
						</dorucit>
						<kontakt>
								<osoba>
										<jmeno>Martin</jmeno>
										<prijmeni>Kulaty</prijmeni>
								</osoba>
								<email></email>
								<telefon>758600472</telefon>
						</kontakt>
					</produkt>
			</zbozi>
		</obchod>
</objednavka>
