﻿<?xml version="1.0" encoding="UTF-8"?>
<cenik>
  <auto typ="osobni">
    <zaklad>600000</zaklad>
  </auto>
  
  <auto typ="nakladni">
    <zaklad>400000</zaklad>
  </auto>
  
  <auto typ="sportovni">
    <zaklad>900000</zaklad>
  </auto>
  
  <auto typ="motorky">
    <zaklad>250000</zaklad>
  </auto>
  
  <auto typ="veterani">
    <zaklad>2000000</zaklad>
  </auto>
  
  <vybava>
    <polozka typ="Navigace">25000</polozka>
    <polozka typ="Kožené sedačky">50000</polozka>
    <polozka typ="Kožený volant">5000</polozka>
    <polozka typ="Sportovní koncovka výfuku">2000</polozka>
    <polozka typ="Vyhřívané sedačky">36000</polozka>
  </vybava>
</cenik>