<?xml version="1.0" encoding="UTF-8"?>
<!DOCTYPE katalog_restauraci SYSTEM "data.dtd">
<katalog_restauraci>
	<seznam_restauraci>
		<restaurace id="r001">
			<nazev>
				Rybka
			</nazev>
			<kontakt koureni="kuraci">
				<tel>
					775233122
				</tel>
				<adresa>
					<ulice>Vinohradska</ulice>
					<c.p.>16</c.p.>
					<psc>12000</psc>
					<mesto>Praha</mesto>
				</adresa>
			</kontakt>
			<kontakt koureni="kuraci_a_nekuraci">
				<tel>
					665222111
				</tel>
				<tel>
					665223372
				</tel>
				<adresa>
					<ulice>Myslivecka</ulice>
					<c.p.>18</c.p.>
					<psc>11000</psc>
					<mesto>Praha</mesto>
				</adresa>
			</kontakt>
			<kategorie>
				<tag>kavarna</tag>
				<tag>poledni menu</tag>
				<tag>&gambac;</tag>
			</kategorie>
			<pripominky>
				upravit obsah
			</pripominky>
		</restaurace>
		<restaurace id="r002">
			<nazev>
				Zanzibar
			</nazev>
			<kontakt koureni="kuraci_a_nekuraci">
				<tel>
					772333111
				</tel>
				<adresa>
					<ulice>Sokolovska</ulice>
					<c.p.>163</c.p.>
					<psc>14000</psc>
					<mesto>Praha</mesto>
				</adresa>
			</kontakt>
			<kategorie>
				<tag>kavarna</tag>
				<tag>poledni menu</tag>
				<tag>&krus;</tag>
				<tag>&plzen; </tag>
			</kategorie>
			<pripominky/>
		</restaurace>
	</seznam_restauraci>
	<seznam_uzivatelu>
		<uzivatel id="u001">
			<username>
				alex
			</username>
			<popis>
				Student 
			</popis>
		</uzivatel>
		<uzivatel id="u002">
			<username>
				petr
			</username>
		</uzivatel>
		<uzivatel id="u003">
			<username>
				nof
			</username>
		</uzivatel>
		<uzivatel id="u004">
			<username>
				kol
			</username>
		</uzivatel>
		<uzivatel id="u005">
			<username>
				gilinger
			</username>
		</uzivatel>
		<uzivatel id="u006">
			<username>
				ter
			</username>
		</uzivatel>
		<uzivatel id="u007">
			<username>
				mk
			</username>
		</uzivatel>
		<uzivatel id="u008">
			<username>
				gh
			</username>
		</uzivatel>
		<uzivatel id="u009">
			<username>
				qwert
			</username>
		</uzivatel>
		<uzivatel id="u010">
			<username>
				los
			</username>
		</uzivatel>
	</seznam_uzivatelu>
	<seznam_recenzi>
		<recenze id="rc01" restaurace_ref_id="r001" uzivatel_ref_id="u002">
			<hodnoceni>
				5.0
			</hodnoceni>
			<komentar>
				Dobra restaurace. Pekne jidlo. Dost levne a dobra lokalita.
			</komentar>
		</recenze>
		<recenze id="rc02" restaurace_ref_id="r002" uzivatel_ref_id="u001">
			<hodnoceni>
				3.0
			</hodnoceni>
			<komentar>
				Maji spinave okna.
			</komentar>
			<varovani/>
		</recenze>
		<recenze id="rc03" restaurace_ref_id="r002" uzivatel_ref_id="u002">
			<hodnoceni>
				4.0
			</hodnoceni>
			<komentar>
				Dost dobra restaurace.
			</komentar>
			<varovani/>
		</recenze>
		<recenze id="rc04" restaurace_ref_id="r001" uzivatel_ref_id="u004">
			<hodnoceni>
				1.0
			</hodnoceni>
			<komentar>
				blbe misto
			</komentar>
			<varovani/>
		</recenze>
		<recenze id="rc05" restaurace_ref_id="r002" uzivatel_ref_id="u007">
			<hodnoceni>
				2.0
			</hodnoceni>
			<komentar>
				:(
			</komentar>
			<varovani/>
		</recenze>
	</seznam_recenzi>
</katalog_restauraci>
