<?xml version="1.0" encoding="UTF-8"?>
<prague_gps>
	<entry ulice="Votovicka" c.p.="2" coordinates="12-43-54.526 N 155-03-26.463 W"/>
	<entry ulice="Votovicka" c.p.="56" coordinates="45-43-54.526 N 155-03-26.463 W"/>
	<entry ulice="Votovicka" c.p.="22" coordinates="18-43-54.526 N 155-03-26.463 W"/>
	<entry ulice="Vodickova" c.p.="33" coordinates="66-43-54.526 N 155-03-26.463 W"/>
	<entry ulice="Vodickova" c.p.="8" coordinates="22-43-54.526 N 155-03-26.463 W"/>
	<entry ulice="Vodickova" c.p.="9" coordinates="17-43-54.526 N 155-03-26.463 W"/>
	<entry ulice="Petrinska" c.p.="11" coordinates="23-43-54.526 N 155-03-26.463 W"/>
	<entry ulice="Petrinska" c.p.="29" coordinates="94-43-54.526 N 155-03-26.463 W"/>
	<entry ulice="Petrinska" c.p.="13" coordinates="23-43-54.526 N 155-03-26.463 W"/>
	<entry ulice="Petrinska" c.p.="42" coordinates="19-87-54.526 N 155-03-26.463 W"/>
	<entry ulice="Petrinska" c.p.="26" coordinates="19-43-54.526 N 155-03-26.463 W"/>
	<entry ulice="Jindrisska" c.p.="57" coordinates="19-43-54.526 N 155-03-26.463 W"/>
	<entry ulice="Jindrisska" c.p.="19" coordinates="19-43-54.526 N 155-03-26.463 W"/>
	<entry ulice="Litova" c.p.="98" coordinates="19-43-54.526 N 155-03-26.463 W"/>
	<entry ulice="Litova" c.p.="36" coordinates="19-67-54.526 N 155-03-26.463 W"/>
	<entry ulice="Litova" c.p.="41" coordinates="19-43-54.526 N 155-03-26.463 W"/>	
	<entry ulice="Vinohradska" c.p.="16" coordinates="11-42-54.526 N 157-03-28.466 W"/>
	<entry ulice="Vinohradska" c.p.="72" coordinates="19-43-54.526 N 155-03-26.463 W"/>
	<entry ulice="Vinohradska" c.p.="73" coordinates="19-43-54.526 N 155-03-26.463 W"/>
	<entry ulice="Vinohradska" c.p.="74" coordinates="19-43-54.526 N 155-03-26.463 W"/>
	<entry ulice="Myslivecka" c.p.="18" coordinates="11-41-57.526 N 153-01-26.461 W"/>
	<entry ulice="Myslivecka" c.p.="28" coordinates="19-43-54.526 N 155-03-26.463 W"/>
	<entry ulice="Sokolovska" c.p.="13" coordinates="19-43-54.526 N 155-03-26.463 W"/>
	<entry ulice="Sokolovska" c.p.="15" coordinates="19-43-54.526 N 155-03-26.463 W"/>
	<entry ulice="Sokolovska" c.p.="16" coordinates="19-43-54.526 N 155-03-26.463 W"/>
	<entry ulice="Sokolovska" c.p.="19" coordinates="19-43-54.526 N 155-03-26.463 W"/>
	<entry ulice="Sokolovska" c.p.="163" coordinates="14-57-54.526 N 155-04-26.452 W"/>
	<entry ulice="Korunni" c.p.="9" coordinates="19-43-54.526 N 155-03-26.463 W"/>
	<entry ulice="Korunni" c.p.="14" coordinates="19-43-54.526 N 155-03-26.463 W"/>
	<entry ulice="Korunni" c.p.="17" coordinates="19-43-54.526 N 155-03-26.463 W"/>
	<entry ulice="Korunni" c.p.="19" coordinates="19-43-54.526 N 155-03-26.463 W"/>
	<entry ulice="Korunni" c.p.="21" coordinates="19-43-54.526 N 155-03-26.463 W"/>
	<entry ulice="Luzicka" c.p.="8" coordinates="19-43-54.526 N 155-03-26.463 W"/>
	<entry ulice="Luzicka" c.p.="15" coordinates="19-43-54.526 N 155-03-26.463 W"/>
	<entry ulice="Luzicka" c.p.="16" coordinates="19-43-54.526 N 155-03-26.463 W"/>
	<entry ulice="Francouzska" c.p.="1" coordinates="19-43-54.526 N 155-03-26.463 W"/>
	<entry ulice="Francouzska" c.p.="2" coordinates="19-43-54.526 N 155-03-26.463 W"/>
	<entry ulice="Francouzska" c.p.="3" coordinates="19-43-54.526 N 155-03-26.463 W"/>
	<entry ulice="Francouzska" c.p.="4" coordinates="19-43-54.526 N 155-03-26.463 W"/>
	<entry ulice="Francouzska" c.p.="5" coordinates="19-43-54.526 N 155-03-26.463 W"/>
	<entry ulice="Francouzska" c.p.="6" coordinates="19-43-54.526 N 155-03-26.463 W"/>
	<entry ulice="Slezska" c.p.="13" coordinates="19-43-54.526 N 155-03-26.463 W"/>
	<entry ulice="Slezska" c.p.="14" coordinates="19-43-54.526 N 155-03-26.463 W"/>
	<entry ulice="Slezska" c.p.="15" coordinates="19-43-54.526 N 155-03-26.463 W"/>
	<entry ulice="Slezska" c.p.="16" coordinates="19-43-54.526 N 155-03-26.463 W"/>
	<entry ulice="Ruska" c.p.="56" coordinates="19-43-54.526 N 155-03-26.463 W"/>
	<entry ulice="Ruska" c.p.="58" coordinates="19-43-54.526 N 155-03-26.463 W"/>
	<entry ulice="Ruska" c.p.="59" coordinates="19-43-54.526 N 155-03-26.463 W"/>
	<entry ulice="Ruska" c.p.="68" coordinates="19-43-54.526 N 155-03-26.463 W"/>
	<entry ulice="Vrsovicka" c.p.="3" coordinates="19-43-54.526 N 155-03-26.463 W"/>
	<entry ulice="Vrsovicka" c.p.="4" coordinates="19-43-54.526 N 155-03-26.463 W"/>
	<entry ulice="Vrsovicka" c.p.="7" coordinates="19-43-54.526 N 155-03-26.463 W"/>
	<entry ulice="Vrsovicka" c.p.="8" coordinates="19-43-54.526 N 155-03-26.463 W"/>
	<entry ulice="Vrsovicka" c.p.="9" coordinates="19-43-54.526 N 155-03-26.463 W"/>	
</prague_gps>
