<?xml version="1.0" encoding="UTF-8"?>
<cards>
	<card type="minion" cost="3" attack="2" health="4">
		<name>Frothing Berserker</name>
		<class>Warrior</class>
		<text>Whenever a minion takes damage, gain +1 attack.</text>
		<flavor>He used to work as an accountant before he tried his hand at Berserkering.</flavor>
		<rarity>2</rarity>
	</card>
	<card type="spell" cost="0">
		<name>Soulfire</name>
		<class>Warlock</class>
		<text>Deal 4 damage. Discard a random card.</text>
		<flavor>Are you lighting a soul on fire? Or burning someone with your OWN soul? This seems like an important distinction.</flavor>
		<rarity>0</rarity>
	</card>
	<card type="weapon" cost="2" attack="3" durability="2">
		<name>Fiery War Axe</name>
		<class>Warrior</class>
		<text/>
		<flavor>During times of tranquility and harmony, this weapon was called by its less popular name, Chilly Peace Axe.</flavor>
		<rarity>0</rarity>
	</card>
</cards>