<?xml version="1.0" encoding="UTF-8"?>
<!--6.3.2013-->
<kvetinarstvi xmlns:xs="http://www.w3.org/2001/XMLSchema-instance" xs:noNamespaceSchemaLocation="data.xsd">
	<dovolena mame_dovolenou="ano">Havaj</dovolena>
	<zbozi>
	<pocet>45</pocet>
		<rezane_kvetiny>
			<polozka id="k01" dodavatel="do02">
					<nazev>anglicka velka</nazev>
					<barva>cervena</barva>
			</polozka>
			<polozka id="k02" dodavatel="do01">
					<nazev>mala zihana</nazev>
					<barva>bilo-cervena</barva>
			</polozka>
			<polozka id="k08" dodavatel="do01">
					<nazev>umela</nazev>
					<barva>modra</barva>
			</polozka>
			<polozka id="k09" dodavatel="do01">
					<nazev>mala umela</nazev>
					<barva>modra</barva>
			</polozka>
			<polozka id="k03" dodavatel="do02">
				  	<nazev>holandsky zluty</nazev>
					<barva>zluta</barva>
			</polozka>
			<polozka id="k07" dodavatel="do02">
				  	<nazev>holandsky cerveny</nazev>
					<barva>cervena</barva>
			</polozka>
			<polozka id="k04" dodavatel="do01">
				  	<nazev>sem patri nazev</nazev>
					<barva>bila</barva>
			</polozka>
			<polozka id="k05" dodavatel="do01">
				  	<nazev>sem patri nazev</nazev>
					<barva>cerna</barva>
			</polozka>
			<polozka id="k10" dodavatel="do01">
				  	<nazev>sem patri nazev</nazev>
					<barva>zluta</barva>
			</polozka>
			<polozka id="k11" dodavatel="do01">
				  	<nazev>sem patri nazev</nazev>
					<barva>zluto-modra</barva>
			</polozka>
		</rezane_kvetiny>
		<hrnkove_kvetiny>
			<polozka id="k06" dodavatel="do01">
				  	<nazev>sem patri nazev</nazev>
					<barva>zelena s bodlinama</barva>
			</polozka>
		</hrnkove_kvetiny>
	</zbozi>
	<odberatele>
		<odberatel id="od01">
			<jmeno>Antonin Novak</jmeno>
			<telefon>123456789</telefon>
			<adresa/>
		</odberatel>
		<odberatel id="od02">
			<jmeno>Teal&apos;c z Chulaku</jmeno>
			<telefon>123400789</telefon>
			<adresa>
				<ulice>Sobi ulice</ulice>
				<cp>4</cp>
				<mesto>Kvikalkov</mesto>
			</adresa>
		</odberatel>
	</odberatele>
	<dodavatele>
		<dodavatel id="do01">
			<jmeno>Bedrich Mach</jmeno>
			<telefon>123456798</telefon>
			<telefon>120345067</telefon>
			<telefon>188845067</telefon>
			<adresa/>
		</dodavatel>
		<dodavatel id="do02">
			<jmeno>Cyril Metodej</jmeno>
			<telefon>123456897</telefon>
			<adresa>
				<ulice>Brnenska</ulice>
				<cp>100</cp>
				<mesto>Praha</mesto>
			</adresa>
		</dodavatel>
		<dodavatel id="do03">
			<jmeno>Joe Black</jmeno>
			<telefon>123456799</telefon>
			<telefon>120345068</telefon>
			<adresa/>
		</dodavatel>
	</dodavatele>
</kvetinarstvi>
