<?xml version="1.0" encoding="UTF-8"?>
<!DOCTYPE vrs SYSTEM "data.dtd">

<!-- vrs= Video Rental Service -->

<vrs>
	
	<customers>
		
		<customer id="c001">
			<name>John Smith</name>
			<rentals>
				
				<rental id="m001">
					<dateFrom date="28.2.2014"/>
					<dateTo date="3.3.2014"/>
				</rental>
				
				<rental id="m010">
					<dateFrom date="21.2.2014"/>
					<dateTo date="24.2.2014"/>					
				</rental>
				
			</rentals>
		</customer>
		
	</customers>
	
	<movies>
		
		<movie id="m001" count="5" rating="PG-13">
			<title>Gravity</title>
			<director>Alfonso Cuarón</director>
			<length>91</length>
		</movie>
		
		<movie id="m002" count="1" rating="R">
			<title>12 Years a Slave</title>
			<director>Steve McQueen</director>
			<length>134</length>
		</movie>
		
		<movie id="m003" count="0" rating="PG-13">
			<title>Captain Philips</title>
			<director>Paul Greengrass</director>
			<length>134</length>
		</movie>
		
		<movie id="m004" count="3" rating="R">
			<title>Dallas Buyers Club</title>
			<director>Jean-Marc Vallée</director>
			<length>116</length>
		</movie>
		
		<movie id="m005" count="5" rating="R">
			<title>The Wolf of Wall Street</title>
			<director>Martin Scorsese</director>
			<length>179</length>
		</movie>
						
		<movie id="m006" count="5" rating="R">
			<title>Her</title>
			<director>Spike Jonze</director>
			<length>126</length>
		</movie>
		
		<movie id="m007" count="15" rating="R">
			<title>Nebraska</title>
			<director>Alexander Payne</director>
			<length>110</length>
		</movie>
		
		<movie id="m008" count="2" rating="PG-13">
			<title>The Hobbit: The Desolation of Smaug</title>
			<director>Peter Jackson</director>
			<length>161</length>
		</movie>
		
		<movie id="m009" count="6" rating="PG-13">
			<title>The Great Gatsby</title>
			<director>Baz Luhrmann</director>
			<length>105</length>
		</movie>
		
		<movie id="m010" count="10" rating="PG-13">
			<title>Star Trek: Into Darkness</title>
			<director>J. J. Abrams</director>
			<length>133</length>
		</movie>
		
		<movie id="m011" count="8" rating="R">
			<title>American Hustle</title>
			<director>David O. Russell</director>
			<length>138</length>
		</movie>
		
		<movie id="m000" count="5" rating="G">
			<title><![CDATA[The proper use of < & & in XML documents movie]]></title>
			<director>W3C</director>
			<length>300</length>
		</movie>
		
	</movies>
	
	
	<modified>Valid up to date <?php echo Date("d.m.Y")?></modified>
	
	<author>&author;</author>
</vrs>