<?xml version="1.0" encoding="UTF-8"?>
<herci>
	<herec>
		<jmeno>Tom Hanks</jmeno>
		<rok_narozeni>1956</rok_narozeni>
	</herec>
	<herec>
		<jmeno>Robin Wright</jmeno>
		<rok_narozeni>1966</rok_narozeni>
	</herec>
	<herec>
		<jmeno>Gary Sinise</jmeno>
		<rok_narozeni>1955</rok_narozeni>
	</herec>
	<herec>
		<jmeno>Mykelti Williamson</jmeno>
		<rok_narozeni>1960</rok_narozeni>
	</herec>
	<herec>
		<jmeno>Sally Field</jmeno>
		<rok_narozeni>1946</rok_narozeni>
	</herec>
	<herec>
		<jmeno>David Morse</jmeno>
		<rok_narozeni>1953</rok_narozeni>
	</herec>
	<herec>
		<jmeno>Bonnie Hunt</jmeno>
		<rok_narozeni>1951</rok_narozeni>
	</herec>
	<herec>
		<jmeno>Michael Clarke Duncan</jmeno>
		<rok_narozeni>1957</rok_narozeni>
	</herec>
	<herec>
		<jmeno>James Cromwell</jmeno>
		<rok_narozeni>1940</rok_narozeni>
	</herec>
	<herec>
		<jmeno>Peter Dobson</jmeno>
		<rok_narozeni>1964</rok_narozeni>
	</herec>
	<herec>
		<jmeno>Siobhan Fallon</jmeno>
		<rok_narozeni>1961</rok_narozeni>
	</herec>
	<herec>
		<jmeno>Kurt Russell</jmeno>
		<rok_narozeni>1951</rok_narozeni>
	</herec>
</herci>