<?xml version="1.0" encoding="UTF-8"?>

<!DOCTYPE pirate-fleet SYSTEM "data.dtd">

<pirate-fleet>
	
	<captains>
		<captain id="capt_morgan" ship="Morgenstern">
			<name>Captain Morgan</name>
			<victories>
				<victory type="ship_sunk" battle="queen_catherine_sunk"></victory>
				<victory type="ship_captured" battle="morgan_20.11.1656"></victory>
			</victories>
		</captain>
		
		<captain id="barbossa" ship="black_pearl">
			<name>Captain Frederick Barbossa</name>
			<victories>
				<victory type="ship_sunk" battle="barbossa_14.10.1656"></victory>
			</victories>
		</captain>
		
		<captain id="felix" ship="vespus">
		<name>Captain Felix the Clever</name>
		<victories></victories>
		</captain>
		
	</captains>
	
	
	
	<ships>
		<ship name="Morgenstern" captain="capt_morgan">
			<name>The Morgenstern</name>
			<type>Ship of the line</type>
			<crew full="FALSE">162</crew>
			<armament>
				<guns calliber="12inch">44</guns>
			</armament>
			<loot>
				<loot-item>
					Gold chest dug out at treasure island by the lads, had gold nuggets <value gold="10000" />
					in it and some diamonds too <value gold="4500" />.
				</loot-item>
			</loot>
			<age>13</age>
			<status value="active"></status>
			<origin>&british;</origin>
			<flag>Pirate</flag>
			<home_port>Tortuga</home_port>
		</ship>
		
		<ship name="black_pearl" captain="barbossa">
			<name>The Black Pearl</name>
			<type>Attack vessel</type>
			<crew full="TRUE">150</crew>
			<armament>
				<guns calliber="12pounder">20</guns>
				<guns calliber="7inch">10</guns>
				<guns calliber="8pounder">10</guns>
				<guns calliber="4inch">6</guns>
			</armament>
			<loot>
				<loot-item>Nothing but rats, aye</loot-item>
			</loot>
			<age>53</age>
			<status value="active"></status>
			<origin>Pirate</origin>
			<flag>Pirate</flag>
			<home_port>Tortuga</home_port>
		</ship>
		
		<ship name="vespus" captain="felix">
			<name>The Vespus</name>
			<type>Battle barge</type>
			<crew full="TRUE">140</crew>
			<armament>
				<guns calliber="12pounder">25</guns>
				<guns calliber="7inch">14</guns></armament>
			<loot><loot-item>Some rum at least <value gold="500" /></loot-item></loot>
			<age>3</age>
			<status value="retrofitted"></status>
			<origin>Dutch</origin>
			<flag>Pirate</flag>
			<home_port>Tortuga</home_port>
		</ship>
	</ships>
	
	<loot>
		<loot-item>Gold, jewels and other riches in Tortuga treasury <value gold="10 000 000" />.</loot-item>
	</loot>
	
	<battles>
	
		<battle id="morgan_20.11.1656">
			<friendlies>
				<ship-battle name="Morgenstern" result="ok" >
					<name>The Morgenstern</name>
				</ship-battle>
			</friendlies>
			<enemies>
				<enemy-ship>
					<affinity> <![CDATA[ <- Jack & company ->]]> </affinity>
					<name>The Jackingston</name>
					<status value="captured" />
					<type>Skuner</type>
					<cargo>spices and cotton</cargo>
				</enemy-ship>
			</enemies>
			<location latitude="2.14.55N" longitude="14.33.41W"> Open sea	</location>
		</battle>
		
		<battle id="queen_catherine_sunk">
			<friendlies>
				<ship-battle name="Morgenstern" result="damaged" >
					<name>The Morgenstern</name>
				</ship-battle>
			</friendlies>
			<enemies>
				<enemy-ship>
					<affinity>&british;</affinity>
					<name>Queen Catherine</name>
					<commander>Sir Arlington</commander>
					<status value="sunk" />
					<type>Ship of the line</type>
				</enemy-ship>
				<enemy-ship>
					<affinity>&british;</affinity>
					<name>The Hotspur</name>
					<commander>Horatio Hornblower</commander>
					<status value="active" />
					<type>Escort</type>
				</enemy-ship>
			</enemies>
			<location latitude="0.3.9N" longitude="24.33.41W"> Open sea	</location>
		</battle>
		
		<battle id="barbossa_14.10.1656">
			<friendlies>
				<ship-battle name="black_pearl" result="ok" >
					<name>The Black pearl</name>
				</ship-battle>
			</friendlies>
			<enemies>
				<enemy-ship>
					<affinity>Dutch Kingdom</affinity>
					<name>Brederode</name>
					<commander>Maarten Tromp</commander>
					<status value="sunk" />
					<type>Ship of the line</type>
				</enemy-ship>
					<enemy-ship>
					<affinity>Dutch Kingdom</affinity>
					<name>Ruckstenson</name>
					<status value="missing" />
					<type>Sloop</type>
				</enemy-ship>
			</enemies>
			<location latitude="0.3.9N" longitude="24.33.41W"> Open sea	</location>
		</battle>
		
	</battles>
</pirate-fleet>
