<?xml version="1.0" encoding="UTF-8"?>
<!DOCTYPE BadmintonLeague SYSTEM "data.dtd">
<BadmintonLeague Category="U-25" Year="2011/2012">
	<TeamMatches>
		<TeamMatch Date="29.2.2012" HomeTeam_ID="Team_1" GuestTeam_ID="Team_2" WinnerTeam="Team_1">
			<Matches>
				<SingleM HomePlayer_ID="Pla_1_1" GuestPlayer_ID="Pla_2_1" Referee_ID="Ref_1">
					<Sets>
						<Set>
							<Score_Home>11</Score_Home>
							<Score_Guest>13</Score_Guest>
							<Duration>15</Duration>
						</Set>
						<Set>
							<Score_Home>11</Score_Home>
							<Score_Guest>7</Score_Guest>
							<Duration>12</Duration>
						</Set>
						<Set>
							<Score_Home>11</Score_Home>
							<Score_Guest>7</Score_Guest>
							<Duration>10</Duration>
						</Set>
					</Sets>
					<HomePlayerPoints>2</HomePlayerPoints>
					<GuestPlayerPoints>1</GuestPlayerPoints>
				</SingleM>
				<SingleF HomePlayer_ID="Pla_1_2" GuestPlayer_ID="Pla_2_2" Referee_ID="Ref_2">
					<Sets>
						<Set>
							<Score_Home>11</Score_Home>
							<Score_Guest>7</Score_Guest>
							<Duration>11</Duration>
						</Set>
						<Set>
							<Score_Home>11</Score_Home>
							<Score_Guest>13</Score_Guest>
							<Duration>13</Duration>
						</Set>
						<Set>
							<Score_Home>11</Score_Home>
							<Score_Guest>7</Score_Guest>
							<Duration>13</Duration>
						</Set>
					</Sets>
					<HomePlayerPoints>2</HomePlayerPoints>
					<GuestPlayerPoints>1</GuestPlayerPoints>
				</SingleF>
				<Mix HomePlayer_IDs="Pla_1_1   Pla_1_2" GuestPlayer_IDs="Pla_2_1  Pla_2_2" Referee_ID="Ref_3">
					<Sets>
						<Set>
							<Score_Home>11</Score_Home>
							<Score_Guest>13</Score_Guest>
						</Set>
						<Set>
							<Score_Home>11</Score_Home>
							<Score_Guest>13</Score_Guest>
						</Set>
					</Sets>
					<HomePlayerPoints>0</HomePlayerPoints>
					<GuestPlayerPoints>2</GuestPlayerPoints>
				</Mix>
			</Matches>
			<HomeTeamPoints>2</HomeTeamPoints>
			<GuestTeamPoints>1</GuestTeamPoints>
		</TeamMatch>
		<!--<TeamMatch Date="12.3.2012" HomeTeam_ID="Team_2" GuestTeam_ID="Team_3" WinnerTeam="Team_3">
			<Matches>
				<SingleM HomePlayer_ID="Pla_2_1" GuestPlayer_ID="Pla_3_1" Referee_ID="Ref_1">
					<Sets>
						<Set>
							<Score_Home>11</Score_Home>
							<Score_Guest>9</Score_Guest>
							<Duration>15</Duration>
						</Set>
						<Set>
							<Score_Home>8</Score_Home>
							<Score_Guest>11</Score_Guest>
							<Duration>14</Duration>
						</Set>
						<Set>
							<Score_Home>10</Score_Home>
							<Score_Guest>12</Score_Guest>
							<Duration>10</Duration>
						</Set>
					</Sets>
				</SingleM>
				<SingleF HomePlayer_ID="Pla_2_2" GuestPlayer_ID="Pla_3_2" Referee_ID="Ref_2">
					<Sets>
						<Set>
							<Score_Home>3</Score_Home>
							<Score_Guest>11</Score_Guest>
							<Duration>10</Duration>
						</Set>
						<Set>
							<Score_Home>1</Score_Home>
							<Score_Guest>11</Score_Guest>
							<Duration>8</Duration>
						</Set>
					</Sets>
				</SingleF>
				<Mix HomePlayer_IDs="Pla_2_1   Pla_2_2" GuestPlayer_IDs="Pla_3_3  Pla_3_2" Referee_ID="Ref_3">
					<Sets>
						<Set>
							<Score_Home>13</Score_Home>
							<Score_Guest>11</Score_Guest>
						</Set>
						<Set>
							<Score_Home>13</Score_Home>
							<Score_Guest>11</Score_Guest>
						</Set>
					</Sets>
				</Mix>
			</Matches>
		</TeamMatch>-->
	</TeamMatches>
	<Teams>
		<Team ID="Team_1" Name="Draci Chodov" CoachName="Radek Votava" City="Praha - Chodov">
			<Players>
				<Player LicenceNumber="Pla_1_1">
					<FirstName>Ondra</FirstName>
					<LastName>Heřmánek</LastName>
					<Age>23</Age>
					<Street>Jana Růžičky</Street>
					<City>Praha - Chodov</City>
					<Nationality>Česká</Nationality>
					<Sex Value="M"/>
					<Mobile>728000000</Mobile>
					<Email>onashackem@seznam.cz</Email>
					<LastYearRank>1</LastYearRank>
				</Player>
				<Player LicenceNumber="Pla_1_2">
					<FirstName>Věra</FirstName>
					<MiddleName>Bastawy</MiddleName>
					<LastName>Flechtnerová</LastName>
					<Age>23</Age>
					<Street>Jana Růžičky</Street>
					<City>Praha - Chodov</City>
					<Nationality>Česká</Nationality>
					<Sex Value="F"/>
					<Mobile>728000000</Mobile>
					<Email>pip.pip@seznam.cz</Email>
					<LastYearRank>1</LastYearRank>
				</Player>
			</Players>
		</Team>
		<Team ID="Team_2" Name="Prosečtí ITaci" CoachName="Pavel Turek" City="Praha - Prosek">
			<Players>
				<Player LicenceNumber="Pla_2_1">
					<FirstName>Roman</FirstName>
					<LastName>Štefko</LastName>
					<Age>23</Age>
					<Street>Panelák</Street>
					<City>Praha - Prosek</City>
					<Nationality>Česká</Nationality>
					<Sex Value="M"/>
					<Mobile>723000000</Mobile>
					<Email>stefko@gmail.com</Email>
				</Player>
				<Player LicenceNumber="Pla_2_2">
					<FirstName>Alena</FirstName>
					<MiddleName>Orny</MiddleName>
					<LastName>Vitaiová</LastName>
					<Age>23</Age>
					<Street>Panelák</Street>
					<City>Praha - Prosek</City>
					<Nationality>Česká</Nationality>
					<Sex Value="F"/>
					<Mobile>722000000</Mobile>
					<Email>orny@seznam.cz</Email>
				</Player>
			</Players>
		</Team>
		<Team ID="Team_3" Name="Budějovičtí geeci" CoachName="Michal Turoň" City="Praha - Pankrác">
			<Players>
				<Player LicenceNumber="Pla_3_1">
					<FirstName>Jiří</FirstName>
					<LastName>Helmich</LastName>
					<Age>23</Age>
					<Street>Kačerov</Street>
					<City>Praha - Kačerov</City>
					<Nationality>Česká</Nationality>
					<Sex Value="M"/>
					<Mobile>721000000</Mobile>
					<Email>jirka@gmail.com</Email>
					<LastYearRank>16</LastYearRank>
				</Player>
				<Player LicenceNumber="Pla_3_2">
					<FirstName>Alena</FirstName>
					<LastName>Varkočková</LastName>
					<Age>23</Age>
					<Street>Kačerov</Street>
					<City>Praha - Kačerov</City>
					<Nationality>Česká</Nationality>
					<Sex Value="F"/>
					<Mobile>720000000</Mobile>
					<Email>alca@gmail.com</Email>
					<LastYearRank>17</LastYearRank>
				</Player>
				<Player LicenceNumber="Pla_3_3">
					<FirstName>Martin</FirstName>
					<LastName>Mraz</LastName>
					<Age>25</Age>
					<Street>Pankrac</Street>
					<City>Praha - Pankrac</City>
					<Nationality>Česká</Nationality>
					<Sex Value="M"/>
					<Mobile>602000000</Mobile>
					<Email>mrazik@gmail.com</Email>
					<LastYearRank>160</LastYearRank>
				</Player>
			</Players>
		</Team>
	</Teams>
	<Referees>
		<Referee ID="Ref_1" Name="Dana Štěpánková" Sex="F" Class="A" PrevYearEval="2.5"/>
		<Referee ID="Ref_2" Name="Ondřej Berka" Sex="M" Class="B" PrevYearEval="2"/>
		<Referee ID="Ref_3" Name="Jiří Pivoňka" Sex="M" Class="C" PrevYearEval="4"/>
	</Referees>
	<Info>
		<Version>1.1</Version>
		<Date>
			<?php echo Date("d.m.Y") ?>
		</Date>
		<Rules><![CDATA[
document.writeln("
&rules;");
]]></Rules>
	</Info>
</BadmintonLeague>
