<?xml version="1.0" encoding="UTF-8"?>

<courses>
	<course language="english" level="A2" classroom="classroom1" teacher="t001">
		<info>English course level
				<b>A2</b><![CDATA[<<20% discount>>]]>
			</info>
		<enrolled id="s0001">
			<detail payed="yes">
				<note>will start 2 weeks later</note>
			</detail>
		</enrolled>
		<enrolled id="s0012">
			<detail/>
		</enrolled>
		<enrolled id="s0023">
			<detail payed="yes">
				<note>Asked for a dictionary - should receive on the first lesson</note>
			</detail>
		</enrolled>
		<enrolled id="s0034">
			<detail payed="no"/>
		</enrolled>
		<enrolled id="s0045">
			<detail payed="yes"/>
		</enrolled>
		<enrolled id="s0056">
			<detail payed="no"/>
		</enrolled>
	</course>
	<course language="english" level="B2" classroom="classroom1" teacher="t001">
		<enrolled id="s0100">
			<detail payed="no"/>
		</enrolled>
		<enrolled id="s0056">
			<detail payed="no"/>
		</enrolled>
	</course>
	<course language="german" level="B1" classroom="classroom3" teacher="t034">
		<info>German course level
				<b>B1</b>
		</info>
		<enrolled id="s0067">
			<detail payed="yes"/>
		</enrolled>
		<enrolled id="s0100">
			<detail payed="no"/>
		</enrolled>
	</course>
	<course language="german" level="B2" classroom="classroom2" teacher="t034"/>
</courses>
