<?xml version="1.0" encoding="UTF-8"?>
<!DOCTYPE Movies PUBLIC "Movies" "data.dtd">
	
<Movies>
	<Movie MOVIE_ID="A1">
		<Title>Černá labuť</Title>
		<OriginalTitle>Black Swan</OriginalTitle>
		<Year>2010</Year>
		<LengthMinutes>108</LengthMinutes>
		<Caregories>
			<Category>Drama</Category>
			<Category>Mystery</Category>
			<Category>Thriller</Category>
		</Caregories>
		<Rating Rank="8,5" Users="89,675" Reviews="692" Critics="413" Metascore="79"/>
		<Plot>
			 <?php echo "Last Modified" DATABASE.GETDATE()?>
				&ShortPlot; A ballet dancer (<Star STAR_ID="S0680" />) wins the lead in "Swan Lake" and is perfect for the role of the delicate White Swan - Princess Odette - but slowly loses her mind as she becomes more and more like Odile, the Black Swan (<Star STAR_ID="S480" />).
			<![CDATA[
					This is CDATA section
					document.writeln(DATABASE.GETDATE());
		]]>
			</Plot>
		<Directors>
			<Director>Darren Aronofsky</Director>
		</Directors>
		<Writers>
			<Writer>Mark Heyman</Writer>
			<Writer>Andres Heinz</Writer>
		</Writers>
		<Cast>
			<Star STAR_ID="S0680">Natalie Portman</Star>
			<Star STAR_ID="S480">Mila Kunis</Star>
			<Star STAR_ID="S5687">Vincent Cassel</Star>
		</Cast>
		<Details>
			<OfficalSites>
				<!-- Default location "EN" -->
				<Site>http://www.foxsearchlight.com/blackswan/</Site>
				<Site Location="FR">http://www.blackswan-lefilm.com/</Site>
			</OfficalSites>
			<Country>USA</Country>
			<Languages>
				<Language>English</Language>
				<Language>French</Language>
				<Language>Italian</Language>
			</Languages>
			<RelatedMovies>
				<RelatedMovie MOVIE_ID="A2"/>
			</RelatedMovies>
		</Details>
	</Movie>
	
	<Movie MOVIE_ID="A2">
		<Title>Sbal prachy a vypadni</Title>
		<OriginalTitle>Lock, Stock and Two Smoking Barrels</OriginalTitle>
		<Year>1998</Year>
		<LengthMinutes>107</LengthMinutes>
		<Caregories>
			<Category>Crime</Category>
			<Category>Thriller</Category>
		</Caregories>
		<Rating Rank="8,2" Users="137,921" Reviews="469" Critics="133" Metascore="66"/>
		<Plot>
		<?php echo "Last Modified" DATABASE.GETDATE()?>
			&ShortPlot; Four London working class (<Star STAR_ID="S068W0" />, <Star STAR_ID="SCD480" />, <Star STAR_ID="E87"/>, <Star STAR_ID="T55687"/>) stiffs pool their money to put one in a high stakes card game, but things go wrong and they end up owing half a million pounds and having one week to come up with the cash.
			</Plot>
		<Directors>
			<Director>Guy Ritchie</Director>
		</Directors>
		<Writers>
			<Writer>Guy Ritchie</Writer>
		</Writers>
		<Cast>
			<Star STAR_ID="S068W0">Jason Flemyng</Star>
			<Star STAR_ID="SCD480">Dexter Fletcher</Star>
			<Star STAR_ID="E87">Nick Moran</Star>
			<Star STAR_ID="T55687">Jason Statham</Star>
		</Cast>
		<Details>
			<Country>UK</Country>
			<Languages>
				<Language>English</Language>
			</Languages>
		</Details>
	</Movie>
</Movies>
