<?xml version="1.0" encoding="UTF-8"?>
<autopark xmlns:xsi="http://www.w3.org/2001/XMLSchema-instance" xsi:noNamespaceSchemaLocation="data.xsd">
	<auto id="auto-1">
		<vin>128988129823</vin>
		<spz>2A29288</spz>
		<znacka>Skoda</znacka>
		<typ>Superb</typ>
		<rok-vyroby>2009</rok-vyroby>		
		<parametry>
			<motor>
				<spotreba>9.2</spotreba>
				<objem>3,0</objem>
				<maxrychlost>210kmh</maxrychlost>
			</motor>
		</parametry>
		<porizovaci-cena>750000</porizovaci-cena>
		<pujcovne>1230</pujcovne>
		<!-- Poznamky k vozidlu + zname poruchy -->
		<poznamky>
				Potreba vymenit olej pri 20000km
				Technicke kontroly:
				<![CDATA[
					for (i=2011; i <= 2020; $++)
					{
						document.writeln(i);
					}
				]]><porucha vyresena="ne">
					Promackly blatnik.
				</porucha>
		</poznamky>
		<nahrada autoID="auto-2" />
	</auto>
	<auto id="auto-2">
		<vin>76587236829387</vin>
		<spz>4S58829</spz>
		<znacka>BMW</znacka>
		<typ>X6</typ>
		<rok-vyroby>2011</rok-vyroby>
		<parametry>
			<motor>
				<spotreba>14.3</spotreba>
				<objem>4,5</objem>
				<maxrychlost>260kmh</maxrychlost>
			</motor>
		</parametry>
		<porizovaci-cena>1800000</porizovaci-cena>
		<pujcovne>2700</pujcovne>
		<!-- Poznamky k vozidlu + zname poruchy -->
		<poznamky>
			<porucha vyresena="ano">
					Poskrabana karoserie od klice.
				</porucha>
		</poznamky>
		<nahrada autoID="auto-3" />
	</auto>
	<auto id="auto-3">
		<vin>67832989182489</vin>
		<spz>2AU6577</spz>
		<znacka>Volkswagen</znacka>
		<typ>Golf</typ>
		<rok-vyroby>2010</rok-vyroby>
		<parametry>
			<motor>
				<spotreba>7.2</spotreba>
				<objem>1,9</objem>
				<maxrychlost>190kmh</maxrychlost>
			</motor>
		</parametry>
		<porizovaci-cena>800000</porizovaci-cena>
		<pujcovne>1530</pujcovne>
		<!-- Poznamky k vozidlu + zname poruchy -->
		<poznamky>
				
		</poznamky>
		<nahrada autoID="auto-1" />
	</auto>
</autopark>
