<?xml version="1.0" encoding="utf-8"?>
<!DOCTYPE prehled_ETL SYSTEM "data.dtd">

<!-- Cilova databaze a jeji verze - pro info, ktere konstrukce lze pouzit -->
<?target_database system="oracle" version="11.1" ?>

<!-- Prehled celkoveho stavu ETL -->
<prehled_ETL>
     <seznam_prostredi>
         <prostredi id_prostredi="prostredi_devel">DEVEL<hostname>devel.firma.domena</hostname></prostredi>
         <prostredi id_prostredi="prostredi_deploy">DEPLOY<hostname>deploy.firma.domena</hostname></prostredi>
         <prostredi id_prostredi="prostredi_preprod">PREPROD<hostname>preprod.firma.domena</hostname></prostredi>
         <prostredi id_prostredi="prostredi_prod">PROD<hostname>prod.firma.domena</hostname></prostredi>
     </seznam_prostredi>
     <!-- Prehled databazovych jobu -->
     <seznam_jobu>
         <job id_jobu="job_load_ze_zdroje1" aktivni="ANO">
             <nazev_jobu>Load ze zdroje1</nazev_jobu>
             <cas_spusteni>00:20:00<spoustet_denne /></cas_spusteni>
             <seznam_kroku>
                 <krok id_statementu="statement1" />
                 <krok id_statementu="statement2" />
                 <krok id_statementu="statement3" />
                 <krok id_statementu="statement4" />
                 <krok id_statementu="statement5" />
                 <krok id_statementu="statement6" />
                 <krok id_statementu="statement7" />
                 <krok id_statementu="statement8" />
                 <krok id_statementu="statement9" />
                 <krok id_statementu="statement10" />
             </seznam_kroku>
             <nainstalovano_na_prostredi>
                 <nainstalovane_prostredi id_prostredi="prostredi_devel">nainstalovano kdysi davno</nainstalovane_prostredi>
                 <nainstalovane_prostredi id_prostredi="prostredi_deploy" />
                 <nainstalovane_prostredi id_prostredi="prostredi_preprod" />
                 <nainstalovane_prostredi id_prostredi="prostredi_prod">nainstalovano pred tydnem</nainstalovane_prostredi>
             </nainstalovano_na_prostredi>
         </job>
         <job id_jobu="job_load_ze_zdroje2" aktivni="NE">
             <nazev_jobu>Load ze zdroje 2</nazev_jobu>
             <cas_spusteni>02:00:00</cas_spusteni>
             <seznam_kroku>
                 <krok id_statementu="statement11">Nejaka poznamka k tomu kroku</krok>
             </seznam_kroku>
             <nainstalovano_na_prostredi>
             </nainstalovano_na_prostredi>
         </job>
         <job id_jobu="job_load_ze_zdroje3" aktivni="ANO">
             <nazev_jobu>Load ze zdroje3</nazev_jobu>
             <cas_spusteni>03:00:00</cas_spusteni>
             <seznam_kroku>
             </seznam_kroku>
             <nainstalovano_na_prostredi>
                 <nainstalovane_prostredi id_prostredi="prostredi_devel" />
             </nainstalovano_na_prostredi>
         </job>
         <job id_jobu="job_udrzba" aktivni="ANO">
             <nazev_jobu>Udrzba</nazev_jobu>
             <cas_spusteni>23:00:00</cas_spusteni>
             <seznam_kroku>
                 <krok id_statementu="statement11" />
             </seznam_kroku>
             <nainstalovano_na_prostredi>
                 <nainstalovane_prostredi id_prostredi="prostredi_devel" />
                 <nainstalovane_prostredi id_prostredi="prostredi_deploy" />
                 <nainstalovane_prostredi id_prostredi="prostredi_preprod" />
                 <nainstalovane_prostredi id_prostredi="prostredi_prod" />
             </nainstalovano_na_prostredi>
	     <zavislosti_jobu>
	     	<job_prerekvizita id_jobu="job_load_ze_zdroje1" />
	     </zavislosti_jobu>
         </job>
     </seznam_jobu>
     <!-- Prehled jednotlivych statementu, ktere jsou pouzity v jobech -->
     <seznam_statementu>
         <statement id_statementu="statement1" spustit_po_uzivatelem="DWH_USER1" >
	     <insert_select_statement>
	         <tabulka> 
	             <db_schema>DWH_OBLAST1</db_schema>
	             <jmeno_tabulky>tabulka10</jmeno_tabulky> 
	         </tabulka>
	         <sloupce>sloupec1, sloupec2, sloupec3</sloupce>
	         <tabulka> 
	             <db_schema>DWH_OBLAST2</db_schema>
	             <jmeno_tabulky>tabulka10</jmeno_tabulky> 
	         </tabulka>
	         <hodnoty>sloupec1+sloupec2, sloupec2, sloupec3-sloupec4</hodnoty>
		 <where_podminka>
		     sloupec4 &lt; sloupec5
		 </where_podminka>
		 <where_podminka>
		     sloupec4 &lt;= sloupec6
		 </where_podminka>
	     </insert_select_statement>
	 </statement>
         <statement id_statementu="statement2" >
	     <null_statement />
	 </statement>
         <statement id_statementu="statement3" >
	     <null_statement />
	 </statement>
         <statement id_statementu="statement4" >
	     <insert_statement>
	         <tabulka> 
	             <db_schema>DWH_OBLAST1</db_schema>
	             <jmeno_tabulky>tabulka4</jmeno_tabulky> 
	         </tabulka>
	         <sloupce>sloupec1, sloupec2, sloupec3</sloupce>
	         <hodnoty>1, 2, &datum_loadu;</hodnoty>
	     </insert_statement>
	 </statement>
         <statement id_statementu="statement5" >
	     <delete_statement>
	         <tabulka> 
	             <db_schema>DWH_OBLAST1</db_schema>
	             <jmeno_tabulky>tabulka3</jmeno_tabulky> 
	         </tabulka>
	     </delete_statement>
	 </statement>
         <statement id_statementu="statement6" >
	     <delete_statement>
	         <tabulka> 
	             <db_schema>DWH_OBLAST1</db_schema>
	             <jmeno_tabulky>tabulka2</jmeno_tabulky> 
	         </tabulka>
		 <where_podminka>
		     sloupec4 &gt; sloupec5
		 </where_podminka>
		 <where_podminka>
		     sloupec4 &gt; sloupec6
		 </where_podminka>
	     </delete_statement>
	 </statement>
         <statement id_statementu="statement7" >
	     <update_statement>
	         <tabulka> 
	             <db_schema>DWH_OBLAST1</db_schema>
	             <jmeno_tabulky>tabulka1</jmeno_tabulky> 
	         </tabulka>
		 <prirazeni>
		     sloupec1 = &zacatek_casu;
		 </prirazeni>
	     </update_statement>
	 </statement>
         <statement id_statementu="statement8" >
	     <update_statement>
	         <tabulka> 
	             <db_schema>DWH_OBLAST1</db_schema>
	             <jmeno_tabulky>tabulka1</jmeno_tabulky> 
	         </tabulka>
		 <prirazeni>
		     sloupec2 = &konec_casu;
		 </prirazeni>
	     </update_statement>
	 </statement>
         <statement id_statementu="statement9" >
	     <update_statement>
	         <tabulka> 
	             <db_schema>DWH_OBLAST1</db_schema>
	             <jmeno_tabulky>tabulka1</jmeno_tabulky> 
	         </tabulka>
		 <prirazeni>
		     sloupec3 = &datum_loadu;
		 </prirazeni>
		 <where_podminka>
		     sloupec4 &gt; sloupec5
		 </where_podminka>
	     </update_statement>
	 </statement>
         <statement id_statementu="statement10">
	     <analyze_statement>
	         <tabulka> 
	             <db_schema>DWH_OBLAST1</db_schema>
	             <jmeno_tabulky>tabulka1</jmeno_tabulky> 
	         </tabulka>
	     </analyze_statement>
	 </statement>
         <statement id_statementu="statement11">
	     <analyze_statement>
	         <tabulka> 
	             <db_schema>DWH_OBLAST1</db_schema>
	             <jmeno_tabulky>tabulka1</jmeno_tabulky> 
	         </tabulka>
	     </analyze_statement>
	 </statement>
     </seznam_statementu>
     <!-- Vselijake komentare -->
     <globalni_komentare>
     <![CDATA[
     <HTML>
     <HEAD>
     <TITLE>...</TITLE>
     <BODY>
     gfnasgondfgmdfs;gvdsf
     </BODY>
     </HTML>
     ]]>
     </globalni_komentare>
</prehled_ETL>


