<?xml version="1.0" encoding="UTF-8"?>
<cinema>
	
	<auditoria>
		<auditorium idAuditorium="_S1">
			<name>Velky sal</name>
			<capacity seats="45"/>
			<sup3D support="true"/>
		</auditorium>
		<auditorium idAuditorium="_S2">
			<name>Stredni sal</name>
			<capacity seats="120"/>
			<sup3D support="true"/>
		</auditorium>
		<auditorium idAuditorium="_S3">
			<name>Maly sal</name>
			<capacity seats="200"/>
			<sup3D support="false"/>
		</auditorium>
		<auditorium idAuditorium="_S4">
			<name>Operacni sal</name>
			<capacity seats="140"/>
			<sup3D support="true"/>
		</auditorium>
	</auditoria>
	
	<films>
		<film idFilm="_F1">
			<name>Ctyricet jedna</name>
			<genres>
				<genre>dokumentarni</genre>
				<genre>akcni</genre>
				<genre>horor</genre>
				<genre>pohadka</genre>
			</genres>
			<originCountries>
				<country>Legoland</country>
				<country>Disneyland</country>
				<country>Stredozeme</country>
			</originCountries>		
			<language dabing="FALSE" titles="madarske">svahilstina</language>
			<length min="720"/>
			<customersRating rating="6"/>
			<availability from="11"/>
			<sup3D support="false"/>
			<director>Igracik</director>
			<stars>
				<star>Kacer Donald</star>
				<star>Mickey Mouse</star>
				<star>Legolas</star>
			</stars>
			<summary>Toto je strasne dlouhy text, kvuli kteremu tento film proste musite videt.</summary>
			<premiere playID="_P128"/>
		</film>
		<film idFilm="_F3">
			<name>Drama o ukradene propisce</name>
			<genres>
				<genre>dokumentarni</genre>
				<genre>drama</genre>
			</genres>
			<originCountries>
				<country>Ceska republika</country>
			</originCountries>		
			<language>cesky</language>
			<length min="75"/>
			<availability from="15"/>
			<sup3D support="false"/>
			<director>Vaclav Klaus</director>
			<stars>
				<star>Vaclav Klaus</star>
			</stars>
			<summary>Kterak se propiska sama zatoulala do Klausovy kapsy</summary>
		</film>
	</films>
	
	<schedules>
		<scheduleDay day="21" month="11" year="2014">
			<rAuditorium id="_S1">
				<playTime start="8:15" end="20:15" playID="_P128">
					<rFilm id="_F1"/>
					<occupancy seats="21"/>
					<tickets price="2319"/>
				</playTime>
			</rAuditorium>
			<rAuditorium id="_S2">
				<playTime start="8:15" end="20:15" playID="_P235">
					<rFilm id="_F3"/>
					<occupancy seats="35"/>
					<tickets price="197"/>
				</playTime>
			</rAuditorium>
		</scheduleDay>
	</schedules>
	
	<customers>
		<customer clientID="_C25">
			<firstName>Bonifac</firstName>
			<lastName>Skocdopole</lastName>
			<dateOfBirth day="29" month="2" year="1987"/>
			<telephoneNumber>156846565</telephoneNumber>
			<emails>
				<email>skocdopole@pole.cz</email>
				<email>vyskoczpole@novadoba.com</email>
			</emails>
		</customer>
		<customer clientID="_C32">
			<firstName>Karel</firstName>
			<lastName>Vomacka</lastName>
			<dateOfBirth day="12" month="8" year="1964"/>
			<telephoneNumber>541215342</telephoneNumber>
			<emails>
				<email>tatarska@vomacka.UHO</email>
			</emails>
		</customer>
	</customers>
	
	<reservations>
		<reservation clientID="_C25" playID="_P128">
			<seats>
				<seat number="2"/>
				<doubleSeat number="1"/>
			</seats>
			<payed already="TRUE">10120</payed>
			<note>Doufam, ze zase bude vsude rozhazeny popcorn zdarma</note>
		</reservation>
		<reservation clientID="_32" playID="_P235">
			<seats>
				<seat number="4"/>
				<doubleSeat number="0"/>
			</seats>
			<payed already="TRUE">10030</payed>
			<note>POZOR: obcas ma problem s placenim</note>
		</reservation>
		<reservation clientID="_C25" playID="_P235">
			<seats>
				<seat number="1"/>
				<doubleSeat number="0"/>
			</seats>
			<payed already="FALSE">120</payed>
			<note>Bude zaplaceno na miste</note>
		</reservation>
	</reservations>
	
</cinema>