<?xml version="1.0" encoding="utf-8" standalone="no"?><football_club>
    <info>
        <name>Arsenal</name>
        <fullname>Arsenal Football Club</fullname>
        <nickname>The Gunners</nickname>
        <founded>1886</founded>
        <ground id="emiratesstadium">Emirates Stadium</ground>
        <training_ground>London Colney</training_ground>
        <city>London</city>
        <nation>England</nation>
        <league>Premier League</league>
        <last_season_standing>4</last_season_standing>
    </info>
    <staff>
        <management>
            <chairman id="chr01">
                <name>Sir Chips Keswick</name>
                <nation>England</nation>
                <date_of_birth>2.2.1940</date_of_birth>
            </chairman>
            <chief_executive_officer id="ceo01">
                <name>Ivan Gazidis</name>
                <nation>South Africa</nation>
                <date_of_birth>13.9.1964</date_of_birth>
            </chief_executive_officer>
            <manager id="mgr01">
                <name>Ars?ne Wenger</name>
                <nation>France</nation>
                <date_of_birth>22.10.1949</date_of_birth>
                <contract type="full_time">
                    <!-- 5 urovni -->
                    <started>14.8.2010</started>
                    <expires>30.6.2014</expires>
                    <wage>115000</wage>
                </contract>
            </manager>
        </management>
        <coaches>
            <coach id="cch01" job="assistant_manager">
                <name>Steve Bould</name>
                <nation>England</nation>
                <contract type="full_time">
                    <started>1.7.2012</started>
                    <expires>30.6.2015</expires>
                    <wage>19999</wage>
                </contract>
            </coach>
            <coach id="cch02" job="coach">
                <name>Boro Primorac</name>
                <nation>Bosnia &amp; Herzegovina</nation>
                <contract type="full_time">
                    <started>15.5.2011</started>
                    <expires>30.6.2014</expires>
                    <wage>30000</wage>
                </contract>
            </coach>
            <coach id="cch03" job="fitness_coach">
                <name>Tony Colbert</name>
                <nation>England</nation>
                <contract type="full_time">
                    <started>1.7.2010</started>
                    <expires>30.6.2013</expires>
                    <wage>2199</wage>
                </contract>
            </coach>
            <coach id="cch04" job="goalkeeper_coach">
                <name>Gerry Peyton</name>
                <nation>Ireland</nation>
                <contract type="full_time">
                    <started>1.7.2010</started>
                    <expires>30.6.2013</expires>
                    <wage>3000</wage>
                </contract>
            </coach>
        </coaches>
        <physiotherapists>
            <physiotherapist id="phs01">
                <name>Colin Lewin</name>
                <nation>England</nation>
                <contract type="full_time">
                    <started>1.7.2009</started>
                    <expires>30.6.2013</expires>
                    <wage>2999</wage>
                </contract>
            </physiotherapist>
        </physiotherapists>
        <scouts>
            <scout id="sct01">
                <name>Steve Rowley</name>
                <nation>England</nation>
                <contract type="full_time">
                    <started>1.7.2010</started>
                    <expires>30.6.2013</expires>
                    <wage>5199</wage>
                </contract>
            </scout>
            <scout id="sct02">
                <name>Gilles Grimandi</name>
                <nation>France</nation>
                <contract type="full_time">
                    <started>1.7.2010</started>
                    <expires>30.6.2014</expires>
                    <wage>1799</wage>
                </contract>
            </scout>
        </scouts>
    </staff>
    <players>
        <player id="p1" position="goalkeeper" squad="first_team">
            <name>Wojciech Szczesny</name>
            <nation>Poland</nation>
            <date_of_birth>18.4.1990</date_of_birth>
            <number>1</number>
            <contract type="full_time">
                <started>11.11.2010</started>
                <expires>30.6.2015</expires>
                <wage>30000</wage>
            </contract>
        </player>
        
        
        <player id="p6" position="defender" squad="first_team">
            <name>Laurent Koscielny</name>
            <nation>France</nation>
            <date_of_birth>10.9.1985</date_of_birth>
            <number>6</number>
            <contract type="full_time">
                <started>24.7.2012</started>
                <expires>30.6.2017</expires>
                <wage>60000</wage>
            </contract>
        </player>
        <player id="p4" position="defender" squad="first_team">
            <name>Per Mertesacker</name>
            <nation>Germany</nation>
            <date_of_birth>29.9.1984</date_of_birth>
            <number>4</number>
            <contract type="full_time">
                <started>31.8.2011</started>
                <expires>30.6.2015</expires>
                <wage>80000</wage>
            </contract>
        </player>
        
        <player id="p5" position="defender" squad="first_team">
            <name>Thomas Vermaelen</name>
            <nation>Belgium</nation>
            <date_of_birth>14.11.1985</date_of_birth>
            <number>5</number>
            <contract type="full_time">
                <started>18.10.2011</started>
                <expires>30.6.2015</expires>
                <wage>69999</wage>
            </contract>
        </player>
        <player id="p17" position="defender" squad="first_team">
            <name>Natxo Monreal</name>
            <nation>Spain</nation>
            <date_of_birth>26.2.1986</date_of_birth>
            <number>17</number>
            <contract type="full_time">
                <started>31.1.2013</started>
                <expires>30.6.2017</expires>
                <wage>34782</wage>
            </contract>
        </player>
        <player id="p3" position="defender" squad="first_team">
            <name>Bacary Sagna</name>
            <nation>France</nation>
            <date_of_birth>14.2.1983</date_of_birth>
            <number>3</number>
            <contract type="full_time">
                <started>10.5.2008</started>
                <expires>30.6.2014</expires>
                <wage>40000</wage>
            </contract>
        </player>
        <player id="p28" position="defender" squad="first_team">
            <name>Kieran Gibbs</name>
            <nation>England</nation>
            <date_of_birth>26.9.1989</date_of_birth>
            <number>28</number>
            <contract type="full_time">
                <started>19.12.2012</started>
                <expires>30.6.2018</expires>
                <wage>39999</wage>
            </contract>
        </player>
        <player id="p10" position="midfielder" squad="first_team">
            <name>Jack Wilshere</name>
            <nation>England</nation>
            <date_of_birth>1.1.1992</date_of_birth>
            <number>10</number>
            <contract type="full_time">
                <started>9.12.2012</started>
                <expires>30.6.2018</expires>
                <wage>79999</wage>
            </contract>
        </player>
        <player id="p8" position="midfielder" squad="first_team">
            <name>Mikel Arteta</name>
            <nation>Spain</nation>
            <date_of_birth>28.3.1982</date_of_birth>
            <number>8</number>
            <contract type="full_time">
                <started>31.8.2011</started>
                <expires>30.6.2015</expires>
                <wage>65000</wage>
            </contract>
        </player>
        <player id="p16" position="midfielder" squad="first_team">
            <name>Aaron Ramsey</name>
            <nation>Wales</nation>
            <date_of_birth>26.12.1990</date_of_birth>
            <number>16</number>
            <contract type="full_time">
                <started>19.12.2012</started>
                <expires>30.6.2018</expires>
                <wage>59999</wage>
            </contract>
        </player>
        
        <player id="p7" position="midfielder" squad="first_team">
            <name>Tom?? Rosick?</name>
            <nation>Czech Republic</nation>
            <date_of_birth>4.10.1980</date_of_birth>
            <number>7</number>
            <contract type="full_time">
                <started>12.3.2012</started>
                <expires>30.6.2014</expires>
                <wage>49999</wage>
            </contract>
        </player>
        <player id="p19" position="midfielder" squad="first_team">
            <name>Santi Cazorla</name>
            <nation>Spain</nation>
            <date_of_birth>13.12.1984</date_of_birth>
            <number>19</number>
            <contract type="full_time">
                <started>7.8.2012</started>
                <expires>30.6.2016</expires>
                <wage>70000</wage>
            </contract>
        </player>
        <player id="p15" position="midfielder" squad="first_team">
            <name>Alex Oxlade-Chaimberlain</name>
            <nation>England</nation>
            <date_of_birth>15.8.1993</date_of_birth>
            <number>15</number>
            <contract type="full_time">
                <started>19.12.2012</started>
                <expires>30.6.2018</expires>
                <wage>51999</wage>
            </contract>
        </player>
        <player id="p11" position="midfielder" squad="first_team">
            <name>Mesut ?zil</name>
            <nation>Germany</nation>
            <date_of_birth>15.10.1988</date_of_birth>
            <number>11</number>
            <contract type="full_time">
                <started>17.8.2013</started>
                <expires>30.6.2019</expires>
                <wage>83326</wage>
            </contract>
        </player>
        
        <player id="p14" position="forward" squad="first_team">
            <name>Theo Walcott</name>
            <nation>England</nation>
            <date_of_birth>16.3.1989</date_of_birth>
            <number>14</number>
            <contract type="full_time">
                <started>18.1.2013</started>
                <expires>30.6.2016</expires>
                <wage>99999</wage>
            </contract>
        </player>
        <player id="p9" position="forward" squad="first_team">
            <name>Lukas Podolski</name>
            <nation>Germany</nation>
            <date_of_birth>4.6.1985</date_of_birth>
            <number>9</number>
            <contract type="full_time">
                <started>1.7.2012</started>
                <expires>30.6.2016</expires>
                <wage>100000</wage>
            </contract>
        </player>
        <player id="p12" position="forward" squad="first_team">
            <name>Olivier Giroud</name>
            <nation>France</nation>
            <date_of_birth>30.9.1986</date_of_birth>
            <number>12</number>
            <contract type="full_time">
                <started>1.7.2012</started>
                <expires>30.6.2016</expires>
                <wage>50000</wage>
            </contract>
        </player>
    <player id="p20" position="midfielder" squad="first_team"><name>Mathieu Flamini</name><nation>France</nation><date_of_birth>7.3.1984</date_of_birth><number>20</number><contract><started>29.8.2013</started><expires>30.6.2015</expires><wage>50000</wage></contract></player></players>
    <fixtures>
        <match id="m01" referee="Mark Webb" squad="p1 p6 p4  p17 p8 p10 p7 p11 p14 p12">
            <opponent>Tottenham Hotspur</opponent>
            <date>1.9.2013</date>
            <place stadiumRef="emiratesstadium"/>
            <competition>Premier League</competition>
            <captain playerRef="p10"/>
        </match>
        <match id="m02" referee="Andree Marriner" squad="p1 p6 p4 p28 p3 p16 p10 p7 p11 p19 p9">
            <opponent>Borussia Dortmund</opponent>
            <date>22.10.2013</date>
            <place stadiumRef="emiratesstadium"/>
            <competition>Champions League</competition>
            <captain playerRef="p7"/>
        </match>
    </fixtures>
</football_club>