<?xml version="1.0" encoding="UTF-8"?>

<Receptar xmlns:xsi="http://www.w3.org/2001/XMLSchema-instance" version="1.0" xsi:noNamespaceSchemaLocation="data.xsd">						<!--Data serverov na ktorych su recepty-->
	<server name="www.recepty.sk"  id="_s1" dlzka_behu="185 h" running="true" state="SR">
		<slovnik>
			<druh name="Maso" >
				<poddruh name="Hovadzie">
					<zlozka name="./">
						<recept id="_s1_1" cena="100 eur" name="Kozmické Curry s ryžou">
							<autor_receptu id="_s1_a1"/>
							<suroviny>
								<surovina>
									<druh_suroviny number="423">																													
										<energia>
											<prvok id="id_3">
											</prvok>
										</energia>
									</druh_suroviny>
								</surovina>
							</suroviny>
							<cas_pripravy>20 m</cas_pripravy>
							<text font="Arial">
							V hrnci zohrejeme olej a opražíme cesnak a cibuľu do mäkka. Pridáme zázvor a zvyšné korenia a varíme 1 minútu.
							Pridáme mäso a varíme do hneda. Potom pridáme vývar a červenú papriku privedieme do varu a varíme na nízkej 
							teplote asi 50 minút alebo pokiaľ sa mäso neuvarí. Podľa chuti osolíme a okoreníme. 
 							Ryžu uvaríme podľa návodu na obale, pridáme kurkumu-korenie aby nám ryžu zafarbilo do žlta.
  							Ryžu naservírujeme na taniere na to dáme mäsové curry a posypeme koriandrom. Dobrú chuť.
							<![CDATA[<Viac informácií nájdete na http://http://www.receptar.sk/]]>				
							</text>
							<energeticka_hodnota typ="J">200</energeticka_hodnota>
							<typ_receptu>polievka</typ_receptu>
							<teplota_podavaneho_receptu>25</teplota_podavaneho_receptu>
							<narocnost>Stredne obtiažne</narocnost>
							<obrazky_receptu><img src="http://www.xx.yy/img_i1"/></obrazky_receptu>
							<datum_pridania>2011-09-09</datum_pridania>
							<komentare>
								<komentar deprecated="true">
									<autor_komentara id="_s1_a1"/>
									<datum_pridania>2011-09-11</datum_pridania>
									<text_komentara font="Arial">Prosim o ziadost</text_komentara>
								</komentar>
								<komentar deprecated="false">
									<autor_komentara id="_s1_a3"/>
									<datum_pridania>2011-09-11</datum_pridania>
									<text_komentara font="Arial">First</text_komentara>
								</komentar>
								<komentar deprecated="false">
									<autor_komentara id="_s1_a2"/>
									<datum_pridania>2011-09-12</datum_pridania>
									<text_komentara font="Arial">Do not tell me</text_komentara>
								</komentar>
							</komentare>
						</recept>						
					</zlozka>
					<zlozka name="P" pocet_receptov="1" cena="20 eur">
						<recept id="_s1_2" name="Praženica" cena="10 eur">
							<autor_receptu id="_s1_ax"/>
							<suroviny>
								<surovina>
									<druh_suroviny number="106">									
										<energia>
											<prvok id="id_1">
												<davka>
													<dnova>
														<doporucena> <?php echo ($id_1); ?> </doporucena>
													</dnova>
													<aktualna typ="mg">10</aktualna>
												</davka>
											</prvok>
										</energia>
									</druh_suroviny>
								</surovina>
							</suroviny>
							<cas_pripravy>100 m</cas_pripravy>
							<text font="Arial">
							Na panvicu dame vajcia :)						
							</text>
							<energeticka_hodnota typ="J">200</energeticka_hodnota>
							<typ_receptu>Quick lunch</typ_receptu>	
							<teplota_podavaneho_receptu>-2</teplota_podavaneho_receptu>			
							<datum_pridania>2011-09-09</datum_pridania>
							<komentare>
								<komentar deprecated="false">
									<autor_komentara id="_s1_a1"/>
									<datum_pridania>2011-09-10</datum_pridania>
									<text_komentara font="Arial">First</text_komentara>
								</komentar>
							</komentare>
						</recept>
					</zlozka>
				</poddruh>
				<poddruh name="Bravcove">
					<zlozka name="H">
						<recept id="_s1_4" cena="20 eur" name="Hurky">
						</recept>
						<recept id="_s1_5" cena="3 eur" name="Horehronsky rezen">
						</recept>
					</zlozka>
				</poddruh>
			</druh>
			<druh name="Dezerty">
				<poddruh name="Vodove">
					<zlozka name="Z">
						<recept id="_s1_4" cena="0.50 eur" name="Zmrzlinovy pohar extra">
							<autor_receptu id="_s1_a1"/>
							<suroviny>
								<surovina>
									<druh_suroviny number="55">
										<energia>
										</energia>
									</druh_suroviny>
								</surovina>
							</suroviny>
							<cas_pripravy>5 m</cas_pripravy>
							<text font="Arial">
							Vsetko nasypeme do mechu :)
							<![CDATA[<Viac informácií nájdete na http://http://www.receptar.sk/]]>				
							</text>
							<energeticka_hodnota typ="J">2.2</energeticka_hodnota>
							<typ_receptu>polievka</typ_receptu>
							<teplota_podavaneho_receptu>25</teplota_podavaneho_receptu>
							<narocnost>Stredne obtiažne</narocnost>
							<obrazky_receptu><img src="http://www.xx.yy/img_i1"/></obrazky_receptu>
							<datum_pridania>2011-09-09</datum_pridania>
							<komentare>
								<komentar deprecated="true">
									<autor_komentara id="_s1_a2"/>
									<datum_pridania>2011-09-11</datum_pridania>
									<text_komentara font="Arial">Prosim o ziadost</text_komentara>
								</komentar>
							</komentare>
						</recept>						
					</zlozka>					
				</poddruh>
			</druh>
		</slovnik>
		<autory>
			<registrovany>
				<autor id="_s1_a1">
					<meno>"JOZO"</meno>
					<kontakt typ="email">jozo@seznam.cz</kontakt>
					<datum_pridania>1999-01-20</datum_pridania>			
					<pocet_receptov>2</pocet_receptov>
				</autor>
				
				<autor id="_s1_a2">
					<meno>"Peter"</meno>
					<kontakt typ="mob">908653257</kontakt>
					<datum_pridania>1999-01-22</datum_pridania>			
					<pocet_receptov>2</pocet_receptov>
				</autor>
				
				<autor id="_s1_a3">
					<meno>"Lukas"</meno>
					<kontakt typ="tel">7896916</kontakt>
					<datum_pridania>1999-02-20</datum_pridania>			
					<pocet_receptov>2</pocet_receptov>
				</autor>
			</registrovany>
			<neregistrovany>
				<autor id="_s1_ax">
					<meno>"anonym"</meno>
					<pocet_duplikatov>100</pocet_duplikatov>				
				</autor>
			</neregistrovany>
		</autory>
		<dnesny_datum>2012-03-10</dnesny_datum>
		<products>
			<product>
				<number>423</number>
				<name>Ryza</name>
				<stav>Dlhozrnná</stav>
				<price>1</price>
			</product>
			<product>
				<number>106</number>
				<name>vajcia</name>
				<stav>čerstvé</stav>
				<price>0.40</price>
			</product>
			<product>
				<number>55</number>
				<name>Lad</name>
				<stav>zmrazeny</stav>
				<price>0.20</price>
			</product>
		</products>
	</server>
	<server name="www.recepty.cz" id="_s2" dlzka_behu="250 h" running="true" state="CZ">
		<slovnik>
			<druh name="Maso">
				<poddruh name="Uzeniny">
					<zlozka name="/.">
						<recept id="_s2_1" cena="250 Kc" name="Tulácky guláš">
							<autor_receptu id="_s1_a1"/>
							<suroviny>
								<surovina>
									<druh_suroviny number="100">										
										<energia>
											<prvok id="id_5">
												<davka>
													<dnova>
														<doporucena> <?php echo ($id_1); ?> </doporucena>
													</dnova>
													<aktualna typ="mg">10</aktualna>
												</davka>
											</prvok>
											<prvok id="id_2">
												<davka>
													<dnova>
														<doporucena> <?php echo ($id_2); ?> </doporucena>
													</dnova>
													<aktualna typ="mg">6</aktualna>
												</davka>
											</prvok>
											<prvok id="id_3">
											</prvok>
										</energia>
									</druh_suroviny>
								</surovina>
								<surovina>
									<druh_suroviny number="102">
										<energia>
											<prvok id="id_2">
												<davka>
													<dnova>
														<doporucena> <?php echo ($id_2); ?> </doporucena>
													</dnova>
													<aktualna typ="mg">6</aktualna>
												</davka>
											</prvok>
											<prvok id="id_3">
											</prvok>
										</energia>
									</druh_suroviny>
								</surovina>
							</suroviny>
							<cas_pripravy>200 s</cas_pripravy>
														<text font="Arial">
Do nádoby s väčším množstvom oleja dáme na kocky pokrájanú cibuľu, zemiaky, baklažán, cuketu,
							tekvicu a podusíme. Pridáme bobkový list, podlejeme vínom, hydinovým vývarom a ďalej dusíme.
							Pridáme rajčinový prírodný pretlak, soľ, mleté čierne korenie, bobkový list.
							<![CDATA[<Viac informácií nájdete na http://http://www.receptar.sk/]]>				
							</text>
							<energeticka_hodnota typ="J">200</energeticka_hodnota>
							<typ_receptu>polievka</typ_receptu>
							<narocnost>Ľahké</narocnost>
							<obrazky_receptu><img src="http://www.xx.yy/img_i1"/></obrazky_receptu>
							<datum_pridania>2011-09-09</datum_pridania>
							<komentare>
								<komentar deprecated="false">
									<autor_komentara id="_s2_a1"/>
									<datum_pridania>2011-10-11</datum_pridania>
									<text_komentara font="Arial">Skvely recept</text_komentara>
								</komentar>
								<komentar deprecated="false">
									<autor_komentara id="_s2_a2"/>
									<datum_pridania>2011-10-12</datum_pridania>
									<text_komentara font="Arial">Hodnotte!!!</text_komentara>
								</komentar>
							</komentare>
						</recept>
						<recept id="_s2_2" cena="60 Kc" name="Praženica">
							<autor_receptu id="_s1_ax"/>
							<suroviny>
								<surovina>
									<druh_suroviny number="106">
										<energia>
											<prvok id="id_1">
												<davka>
													<dnova>
														<doporucena> <?php echo ($id_1); ?> </doporucena>
													</dnova>
													<aktualna typ="mg">10</aktualna>
												</davka>
											</prvok>
										</energia>
									</druh_suroviny>

								</surovina>
							</suroviny>
							<cas_pripravy>100 m</cas_pripravy>
							<text font="Arial">
							Na panvicu dame rozslahane vajcia :)					
							</text>
							<energeticka_hodnota typ="J">200</energeticka_hodnota>
							<typ_receptu>Quick lunch</typ_receptu>
							<obrazky_receptu><img src="http://www.xx.yy/img_i2"/></obrazky_receptu>
							<datum_pridania>2011-09-09</datum_pridania>
							<komentare>
							</komentare>
						</recept>
					</zlozka>
				</poddruh>
			</druh>
		</slovnik>
		<autory>
			<registrovany>
				<autor id="_s2_a1">
					<meno>"recepty73"</meno>
					<kontakt typ="email">maria@seznam.cz</kontakt>
					<datum_pridania>1999-01-20</datum_pridania>			
					<pocet_receptov>4</pocet_receptov>
				</autor>
				<autor id="_s2_a2">
					<meno>"Zdenek"</meno>
					<kontakt typ="email">zdenek@seznam.cz</kontakt>
					<datum_pridania>1999-01-20</datum_pridania>			
					<pocet_receptov>3</pocet_receptov>
				</autor>
				<autor id="_s2_a3">
					<meno>"Varic12"</meno>
					<kontakt typ="tel">7896916</kontakt>
					<datum_pridania>1999-01-20</datum_pridania>			
					<pocet_receptov>1</pocet_receptov>
				</autor>
			</registrovany>
			<neregistrovany>
				<autor id="_s2_ax">
					<meno>"anonym"</meno>
				</autor>
			</neregistrovany>
		</autory>
		<dnesny_datum>2012-03-14</dnesny_datum>
		<products>
			<product>
				<number>100</number>
				<name>Klobása</name>
				<stav>Dle chuti: ostravká,maďarská</stav>
				<price>218</price>
			</product>
			<product>
				<number>106</number>
				<name>Cibule</name>
				<stav>cerstvi</stav>
				<price>5</price>
			</product>
			<product>
				<number>102</number>
				<name>vajce</name>
				<stav>cerstvi stredne</stav>
				<price>7</price>
			</product>			
		</products>
	</server>
</Receptar>
