<?xml version="1.0" encoding="UTF-8"?>
<?pi instruction?>
<!DOCTYPE seznam SYSTEM "data.dtd">
<seznam>
	<objednavka oid="o34">
		<zákazník>
			<jméno>František</jméno>
			<příjmení>Rozšlápmáslo</příjmení>
			<telefon>+420773873973</telefon>
			<výška>182cm</výška>
			<hmotnost>85kg</hmotnost>
			<adresa>
				<ulice>
					<název>Kolemjdoucího</název>
					<čp>47</čp>
				</ulice>
				<obec>Vidlákov</obec>
				<psč>87413</psč>
			</adresa>
			<průkaz typ="OP">180924658</průkaz>	
		</zákazník>
		<lyže lid="l18304">
			<typ>classic</typ>
			<název>Speedster</název>
			<značka>&h;</značka>
			<velikost>160cm</velikost>
			<vázání>SX-20</vázání>		
			<barva>černá</barva>
		</lyže>
		<hůlky hid="h2730">
			<název>Ghost</název>
			<značka>Blizzard</značka>
			<velikost>120cm</velikost>
			<barva>černá</barva>		
		</hůlky>
		<boty bid="b6234">
			<velikost>48</velikost>
			<název>Jumper</název>
			<značka>&h;</značka>
			<barva>černá</barva>		
		</boty>
		<datum typ="začátek">12.2.2011</datum>
		<datum typ="konec">19.2.2001</datum>
		<cena>3450Kč</cena>
		<vernostni_program />
		<last_minute />		
		<!-- Poznámky -->
		<poznámka typ="závada">
			Boty <refboty refbid="b6234" /> mají okopanou špičku. <![CDATA[poznámečka]]>
		</poznámka>		
	</objednavka>
	<objednavka oid="o35">
		<zákazník>
			<jméno>Jiří</jméno>
			<příjmení>Nevytasil</příjmení>
			<telefon>+420773172947</telefon>
			<výška>171cm</výška>
			<hmotnost>74kg</hmotnost>
			<adresa>
				<ulice>
					<název>U Františka</název>
					<čp>26</čp>
				</ulice>
				<obec>Nohelnice</obec>
				<psč>73947</psč>
			</adresa>
			<průkaz typ="OP">839485028</průkaz>	
		</zákazník>
		<lyže lid="l1635">
			<typ>carving</typ>
			<název>Speedster</název>
			<značka>&h;</značka>
			<velikost>150cm</velikost>
			<vázání>CX-25</vázání>		
			<barva>červená</barva>
		</lyže>
		<hůlky hid="h2734">
			<název>Night-rider</název>
			<značka>Blizzard</značka>
			<velikost>105cm</velikost>
			<barva>černá</barva>		
		</hůlky>
		<boty bid="b6243">
			<velikost>43</velikost>
			<název>Jumper</název>
			<značka>&h;</značka>
			<barva>černá-červená</barva>		
		</boty>
		<datum typ="začátek">19.2.2011</datum>
		<datum typ="konec">5.3.2001</datum>
		<cena>4850Kč</cena>
		<!-- Poznámky -->		
	</objednavka>			
</seznam>