<?xml version="1.0" encoding="UTF-16" standalone="no"?><root>
    <attributes cdata="cdata_value" fixed="fixed" id="i1" idref="i1" required="req" žš�?řcj�?ťň="blue"/>
    <text>hello</text>
    <字汉>
        &amp; <![CDATA[ cdata ]]><?process arg?><!-- comment -->
    </字汉>
    <b>
        <c>
            <d>
                <e/>
                <e/>
                <e/>
                <e/>
                <e/>
                <e/>
                <e/>
                <e/>
                <e/>
                <e/>
            </d>
        </c>
    </b>
</root>