<?xml version="1.1" encoding="UTF-8"?>
<!DOCTYPE eshopexport SYSTEM "data.dtd">
<eshopexport>
    
    <!-- date of export creation -->
    <created><?php echo date("Y-m-d H:i:s"); ?></created> 
    
    <!-- export version -->
    <export_version>&version;</export_version>
    
    <!-- eshop, from which those data were exported -->
    <eshop url="http://www.afoothappy.com"><![CDATA[Afoot & happy]]></eshop>
  
    <!-- list of all available products by categories -->
    <catalogue>
        <category name="Batohy">
            <category name="Mětské">
                <product id="cfx12">
                    <title>City free X12</title>
                    <perex>Lehký batoh do města.</perex>
                    <description>Kapsa na notebook součástí. Maximální nosnost 15kg.</description>
                    <price>600</price>
                    <price_vat vat="0.20">720</price_vat>
                    <manufacturer idman_ref="NanoFiber">NanoFiber</manufacturer>
                    <availability type="skladem">5</availability>
                    <img_url>www.fotkybatohu.cz/nejakaFotka.jpg</img_url>
                    <recycle_fee>35</recycle_fee>
                    <warranty>2</warranty>
                    <borrow></borrow>
                </product>
            </category>
            <product id="mga1">
                <title>Mountain goat A1</title>
                <perex>Pevný outdoorový batoh.</perex>
                <description>Nejlepší společník na horské cesty. Plně nastavitelný zádový systém. Obsah 70+10 l. Na švy a zipy je záruka doživotní.</description>
                <price>7000</price>
                <price_vat vat="0.20">8400</price_vat>
                <manufacturer idman_ref="NanoFiber">NanoFiber</manufacturer>
                <availability type="nedostupný">0</availability>
                <img_url></img_url>
                <recycle_fee>120</recycle_fee>
                <warranty>3</warranty>
            </product>
        </category>
        <category name="Stany">
            <product id="ssc">
                <title>Safe sky CLASSIC</title>
                <perex>Nejoblíbenější stan pro 3 osoby.</perex>
                <description>Klasický model od MySky, který nezklame. Trochu větší hmotnost (3kg) ja vyvážena jednoduchostí a bytelností konstrukce, díky které je stan postaven i sbalen do 3 minut.</description>
                <price>4000</price>
                <price_vat vat="0.30">5200</price_vat>
                <manufacturer idman_ref="MySky">MySky</manufacturer>
                <availability type="nedostupný">0</availability>
                <img_url></img_url>
                <recycle_fee>150</recycle_fee>
                <warranty>2</warranty>
            </product>
        </category>
    </catalogue>
    
    <!-- details of all manufacturers providing products above -->
    <manufacturers>
        <manufacturer_details idman="NanoFiber">
            <name>Nano Fiber a.s.</name>
            <ic>00000000</ic>
            <dic>11111111</dic>
            <address>123, Angel street, London, England</address>
        </manufacturer_details>
        <manufacturer_details idman="MySky">
            <name>My Sky s.r.o.</name>
            <ic>22222222</ic>
            <dic>33333333</dic>
            <address>2, Rich street, San Francisco, USA</address>
        </manufacturer_details>
    </manufacturers>       
        
</eshopexport>