<?xml version="1.0" encoding="UTF-8"?>
<managers>
	<manager typ="vlastnik" id="c1">
		<titul_pred>RNDr.</titul_pred>
		<jmeno>Jan</jmeno>
		<prijmeni>Strašil</prijmeni>
		<pohlavi>M</pohlavi>
		<titul_za>Ph.D</titul_za>
		<adresa>
			<ulice>Pátkova 3</ulice>
			<mesto>Praha</mesto>
			<psc>180 53</psc>
		</adresa>
		<telefon kam="domu">+420 720 235 413</telefon>
		<telefon kam="domu">+420 602 523 124</telefon>
		<telefon kam="do_prace">+420 225 321 245</telefon>
	</manager>
	<manager typ="spoluvlastnik" id="c2">
		<titul_pred>Bc.</titul_pred>
		<jmeno>Jana</jmeno>
		<prijmeni>Tichá</prijmeni>
		<pohlavi>F</pohlavi>
		<nadrizeny nid="c4"/>
		<adresa>
			<ulice>Jana Masarika 15</ulice>
			<mesto>Brno</mesto>
			<psc>256 23</psc>
		</adresa>
		<telefon kam="do_prace">+420 123 124 256</telefon>
		<telefon kam="do_prace">+420 325 158 458</telefon>
	</manager>
	<manager typ="spoluvlastnik" id="c3">
		<jmeno>Josef</jmeno>
		<prijmeni>Nový</prijmeni>
		<pohlavi>M</pohlavi>
		<nadrizeny nid="c1"/>
		<adresa>
			<ulice>Pobřežní 56</ulice>
			<mesto>Pardubice</mesto>
			<psc>235 45</psc>
		</adresa>
		<telefon kam="domu">+420 720 123 548</telefon>
	</manager>
	<manager typ="vlastnik" id="c4">
		<titul_pred>Mgr.</titul_pred>
		<jmeno>Bohumil</jmeno>
		<prijmeni>Stejskal</prijmeni>
		<pohlavi>M</pohlavi>
		<adresa>
			<ulice>ČSA 125</ulice>
			<mesto>Brno</mesto>
			<psc>256 23</psc>
		</adresa>
		<telefon kam="do_prace">+420 253 254 258</telefon>
		<telefon kam="domu">+420 169 452 325</telefon>
		<telefon kam="domu">+420 235 642 136</telefon>
	</manager>
</managers>
