<?xml version="1.0" encoding="UTF-8"?>
<firmy>

<firma tel="+420 253 254 258">
<nazev>Mlékárny.S.R.O</nazev>
<sidlo>Kunín</sidlo>
<stat>CR</stat>
<zisk mena="Kc" doba="hodina">5320</zisk>

<zamestnanci>
<zamestnanec mesto="Košice" pohlavi="F">
<jmeno>Katarína</jmeno>
<prijmeni>Smoleňáková</prijmeni>
<stat>SR</stat>
</zamestnanec>

<zamestnanec mesto="Zlín" pohlavi="M">
<jmeno>Petr</jmeno>
<prijmeni>Opatrný</prijmeni>
<stat>CR</stat>
</zamestnanec>

</zamestnanci>
</firma>

<firma tel="+411 322 158 777">
<nazev>IKEA</nazev>
<sidlo>Stockholm</sidlo>
<stat>Svedsko</stat>
<zisk mena="svedska_koruna" doba="hodina">1982</zisk>

<zamestnanci>

<zamestnanec mesto="Upsala" pohlavi="M">
<jmeno>Marek</jmeno>
<prijmeni>Novy</prijmeni>
<stat>Švédsko</stat>
</zamestnanec>

<zamestnanec mesto="Praha" pohlavi="F">
<jmeno>Petra</jmeno>
<prijmeni>Komárková</prijmeni>
<stat>CR</stat>
</zamestnanec>

<zamestnanec mesto="Vídeň" pohlavi="M">
<jmeno>Kurt</jmeno>
<prijmeni>Schneider</prijmeni>
<stat>Rakousko</stat>
</zamestnanec>

</zamestnanci>
</firma>

<firma tel="+420 325 158 458">
<nazev>Nová huť</nazev>
<sidlo>Ostrava</sidlo>
<stat>CR</stat>
<zisk mena="Kc" doba="hodina">5730</zisk>
<zamestnanci>

<zamestnanec mesto="Praha" pohlavi="M">
<jmeno>Marek</jmeno>
<prijmeni>Novy</prijmeni>
<stat>CR</stat>
</zamestnanec>

<zamestnanec mesto="Ostrava" pohlavi="F">
<jmeno>Pavel</jmeno>
<prijmeni>Srstka</prijmeni>
<stat>CR</stat>
</zamestnanec>

<zamenstanec mesto="Bratislava" pohlavi="F">
<jmeno>Jana</jmeno>
<prijmeni>Lipková</prijmeni>
<stat>SR</stat>
</zamenstanec>

<zamestnanec mesto="Praha" pohlavi="M">
<jmeno>Marek</jmeno>
<prijmeni>Novy</prijmeni>
<stat>CR</stat>
</zamestnanec>

</zamestnanci>
</firma>



</firmy>