<?xml version="1.0" encoding="UTF-8" ?>
<!DOCTYPE Receptar SYSTEM "data.dtd">


<Receptar version="1.0">						<!--Data serverov na ktorych su recepty-->
	<server name="www.recepty.sk" pocet_receptov="18000" id="_s1" dlzka_behu="185 &hod;" >
		<slovnik>
			<druh name="Maso" pocet_receptov="7000">
				<poddruh name="Hovadzie" pocet_receptov="196">
					<zlozka name="./" pocet_receptov="1">
						<recept id="_s1_1" cena="100 &mena;" name="Kozmické Curry s ryžou">
							<autor_receptu id="_s1_a1"/>
							<suroviny>
								<surovina>
									<druh_suroviny>
										<názov>Ryža</názov>
										<stav>Dlhozrnná</stav>
										<energia>
											<prvok id="id_3">
											</prvok>
										</energia>
									</druh_suroviny>
									<množstvo typ="g">225</množstvo>
								</surovina>
							</suroviny>
							<cas_pripravy dlzka="20 &min;" />
							<text font="Arial" >
							V hrnci zohrejeme olej a opražíme cesnak a cibuľu do mäkka. Pridáme zázvor a zvyšné korenia a varíme 1 minútu.
							Pridáme mäso a varíme do hneda. Potom pridáme vývar a červenú papriku privedieme do varu a varíme na nízkej 
							teplote asi 50 minút alebo pokiaľ sa mäso neuvarí. Podľa chuti osolíme a okoreníme. 
 							Ryžu uvaríme podľa návodu na obale, pridáme kurkumu-korenie aby nám ryžu zafarbilo do žlta.
  							Ryžu naservírujeme na taniere na to dáme mäsové curry a posypeme koriandrom. Dobrú chuť.<odkaz id="_s1_1"/>	
							<![CDATA[<Viac informácií nájdete na http://http://www.receptar.sk/]]>				
							</text>
							<energeticka_hodnota typ="J">200</energeticka_hodnota>
							<typ_receptu>polievka</typ_receptu>
							<narocnost>Stredne obtiažne</narocnost>
							<obrazky_receptu><img src="http://www.xx.yy/img_i1"/></obrazky_receptu>
							<datum_pridania>9.9.2011</datum_pridania>
							<komentare>
								<komentar>
									<autor_komentara id="_s1_a1"/>
									<datum_pridania>10.9.2011</datum_pridania>
									<text_komentara font="Arial">Prosim o ziadost</text_komentara>
								</komentar>
								<komentar>
									<autor_komentara id="_s1_a3"/>
									<datum_pridania>11.9.2011</datum_pridania>
									<text_komentara font="Arial">First</text_komentara>
								</komentar>
								<komentar>
									<autor_komentara id="_s1_a2"/>
									<datum_pridania>12.9.2011</datum_pridania>
									<text_komentara font="Arial">Do not tell me</text_komentara>
								</komentar>
							</komentare>
						</recept>						
					</zlozka>
					<zlozka name="P" pocet_receptov="1">
						<recept id="_s1_2" name="Praženica">
							<autor_receptu id="_s1_ax"/>
							<suroviny>
								<surovina>
									<druh_suroviny>
										<názov>vajce</názov>
										<stav>čerstvé</stav>
										<energia>
											<prvok id="id_1">
												<davka>
													<dnova>
														<doporucena> <?php echo ($id_1); ?> </doporucena>
													</dnova>
													<aktualna typ="mg">10</aktualna>
												</davka>
											</prvok>
										</energia>
									</druh_suroviny>
									<množstvo typ="g">150</množstvo>
								</surovina>
							</suroviny>
							<cas_pripravy dlzka="100 &min;"/>
							<text font="Arial">
							Na panvicu dame vajcia :)<odkaz id="_s1_1"/>						
							</text>
							<energeticka_hodnota typ="J">200</energeticka_hodnota>
							<typ_receptu>Quick lunch</typ_receptu>				
							<datum_pridania>9.9.2011</datum_pridania>
							<komentare>
								<komentar>
									<autor_komentara id="_s1_a1"/>
									<datum_pridania>10.9.2011</datum_pridania>
									<text_komentara font="Arial">First</text_komentara>
								</komentar>
							</komentare>
						</recept>
					</zlozka>
				</poddruh>
			</druh>
		</slovnik>
		<autory>
			<registrovany>
				<autor id="_s1_a1">
					<meno>"JOZO"</meno>
					<kontakt typ="email">jozo@seznam.cz</kontakt>
					<datum_pridania>20.1.1999</datum_pridania>			
					<pocet_receptov>2</pocet_receptov>
				</autor>
				<autor id="_s1_a2">
					<meno>"Peter"</meno>
					<kontakt typ="mob">+420908653257</kontakt>
					<datum_pridania>22.1.1999</datum_pridania>			
					<pocet_receptov>2</pocet_receptov>
				</autor>
				<autor id="_s1_a3">
					<meno>"Lukas"</meno>
					<kontakt typ="tel">+4217896916</kontakt>
					<datum_pridania>20.2.1999</datum_pridania>			
					<pocet_receptov>2</pocet_receptov>
				</autor>
			</registrovany>
			<neregistrovany>
				<autor id="_s1_ax">
					<meno>"anonym"</meno>
					<datum_pridania>EMPTY</datum_pridania>
				</autor>
			</neregistrovany>
		</autory>
		<dnesny_datum> <?php 
					    $date= Date("d.m.Y"); 
						echo ($date); ?> </dnesny_datum>
	</server>
	<server name="www.recepty.cz" pocet_receptov="23438" id="_s2" dlzka_behu="250 &hod;" >
		<slovnik>
			<druh name="Maso" pocet_receptov="7160">
				<poddruh name="Uzeniny" pocet_receptov="670">
					<zlozka name="/." pocet_receptov="1">
						<recept id="_s2_1" cena="250 &mena;" name="Tulácky guláš">
							<autor_receptu id="_s1_a1"/>
							<suroviny>
								<surovina>
									<druh_suroviny>
										<názov>Klobása</názov>
										<stav>Dle chuti: ostravká,maďarská</stav>
										<energia>
											<prvok id="id_5">
												<davka>
													<dnova>
														<doporucena> <?php echo ($id_1); ?> </doporucena>
													</dnova>
													<aktualna typ="mg">10</aktualna>
												</davka>
											</prvok>
											<prvok id="id_2">
												<davka>
													<dnova>
														<doporucena> <?php echo ($id_2); ?> </doporucena>
													</dnova>
													<aktualna typ="mg">6</aktualna>
												</davka>
											</prvok>
											<prvok id="id_3">
											</prvok>
										</energia>
									</druh_suroviny>
									<množstvo typ="g">200</množstvo>
								</surovina>
								<surovina>
									<druh_suroviny>
										<názov>Cibuľa</názov>
										<energia>
											<prvok id="id_2">
												<davka>
													<dnova>
														<doporucena> <?php echo ($id_2); ?> </doporucena>
													</dnova>
													<aktualna typ="mg">6</aktualna>
												</davka>
											</prvok>
											<prvok id="id_3">
											</prvok>
										</energia>
									</druh_suroviny>
									<množstvo typ="g">200</množstvo>
								</surovina>
							</suroviny>
							<cas_pripravy dlzka="100 &sec;" />
							<text font="Arial" >
Do nádoby s väčším množstvom oleja dáme na kocky pokrájanú cibuľu, zemiaky, baklažán, cuketu,
							tekvicu a podusíme. Pridáme bobkový list, podlejeme vínom, hydinovým vývarom a ďalej dusíme. &br;
							Pridáme rajčinový prírodný pretlak, soľ, mleté čierne korenie, bobkový list.<odkaz id="_s1_1"/>	
							<![CDATA[<Viac informácií nájdete na http://http://www.receptar.sk/]]>				
							</text>
							<energeticka_hodnota typ="J">200</energeticka_hodnota>
							<typ_receptu>polievka</typ_receptu>
							<narocnost>Ľahké</narocnost>
							<obrazky_receptu><img src="http://www.xx.yy/img_i1"/></obrazky_receptu>
							<datum_pridania>9.9.2011</datum_pridania>
							<komentare>
								<komentar>
									<autor_komentara id="_s2_a1"/>
									<datum_pridania>10.9.2011</datum_pridania>
									<text_komentara font="Arial">Skvely recept</text_komentara>
								</komentar>
								<komentar>
									<autor_komentara id="_s2_a2"/>
									<datum_pridania>12.10.2011</datum_pridania>
									<text_komentara font="Arial">Hodnotte!!!</text_komentara>
								</komentar>
							</komentare>
						</recept>
						<recept id="_s2_2" cena="60 &mena;" name="Praženica">
							<autor_receptu id="_s1_ax"/>
							<suroviny>
								<surovina>
									<druh_suroviny>
										<názov>vajce</názov>
										<stav>čerstvé</stav>
										<energia>
											<prvok id="id_1">
												<davka>
													<dnova>
														<doporucena> <?php echo ($id_1); ?> </doporucena>
													</dnova>
													<aktualna typ="mg">10</aktualna>
												</davka>
											</prvok>
										</energia>
									</druh_suroviny>
									<množstvo typ="g">150</množstvo>
								</surovina>
							</suroviny>
							<cas_pripravy dlzka="100 &min;"/>
							<text font="Arial">
							Na panvicu dame vajcia :)<odkaz id="_s1_1"/>						
							</text>
							<energeticka_hodnota typ="J">200</energeticka_hodnota>
							<typ_receptu>Quick lunch</typ_receptu>
							<obrazky_receptu><img src="http://www.xx.yy/img_i2"/></obrazky_receptu>
							<datum_pridania>9.9.2011</datum_pridania>
							<komentare>
							</komentare>
						</recept>
					</zlozka>
				</poddruh>
			</druh>
		</slovnik>
		<autory>
			<registrovany>
				<autor id="_s2_a1">
					<meno>"recepty73"</meno>
					<kontakt typ="email">maria@seznam.cz</kontakt>
					<datum_pridania>20.1.1999</datum_pridania>			
					<pocet_receptov>4</pocet_receptov>
				</autor>
				<autor id="_s2_a2">
					<meno>"Zdenek"</meno>
					<kontakt typ="email">zdenek@seznam.cy</kontakt>
					<datum_pridania>20.1.1999</datum_pridania>			
					<pocet_receptov>3</pocet_receptov>
				</autor>
				<autor id="_s2_a3">
					<meno>"Varic12"</meno>
					<kontakt typ="tel">+4217896916</kontakt>
					<datum_pridania>20.1.1999</datum_pridania>			
					<pocet_receptov>1</pocet_receptov>
				</autor>
			</registrovany>
			<neregistrovany>
				<autor id="_s2_ax">
					<meno>"anonym"</meno>
					<datum_pridania>EMPTY</datum_pridania>
				</autor>
			</neregistrovany>
		</autory>
		<dnesny_datum> <?php 
					    $date= Date("d.m.Y"); 
						echo ($date); ?> </dnesny_datum>
	</server>
	<stopove_prvky>
		<prvok_d id="id_1">
			<name_d>Ca</name_d>
			<doporucena_d typ="mg">10</doporucena_d>
			<nedoporucena_d typ="mg">1000</nedoporucena_d>
		</prvok_d>
		<prvok_d id="id_2">
			<name_d>Mg</name_d>
			<doporucena_d typ="mg">5</doporucena_d>
			<nedoporucena_d typ="mg">500</nedoporucena_d>
		</prvok_d>
		<prvok_d id="id_3">
			<name_d>Na</name_d>
			<doporucena_d typ="mg">10</doporucena_d>
			<nedoporucena_d typ="mg">1500</nedoporucena_d>
		</prvok_d>
		<prvok_d id="id_4">
			<name_d>K</name_d>
			<doporucena_d typ="mg">55</doporucena_d>
			<nedoporucena_d typ="mg">150</nedoporucena_d>
		</prvok_d>
		<prvok_d id="id_5">
			<name_d>Fe</name_d>
			<doporucena_d typ="mg">17</doporucena_d>
			<nedoporucena_d typ="mg">450</nedoporucena_d>
		</prvok_d>
		<prvok_d id="id_6">
			<name_d>Cl</name_d>
			<doporucena_d typ="mg">30</doporucena_d>
			<nedoporucena_d typ="mg">300</nedoporucena_d>
		</prvok_d>
	</stopove_prvky>
</Receptar>
