<?xml version="1.0" encoding="UTF-8"?>
	<osoby>
		<zamestnanec>
			<jmeno>
				<krestni>Karel</krestni>
				<prijmeni>novák</prijmeni>
			</jmeno>
			<kontakt>733698854</kontakt>
			<plat>32400</plat>
			<email>neco@cvut.cz</email>
			<nazev_poboc>První Mobilní</nazev_poboc>
		</zamestnanec>
		<zamestnanec>
			<jmeno>
				<krestni>Martina</krestni>
				<prijmeni>Procházková</prijmeni>
			</jmeno>
			<kontakt>603654484</kontakt>
			<plat>11200</plat>
			<email>mproch@seznam.cz</email>
			<nazev_poboc>Druhá Mobilní</nazev_poboc>
		</zamestnanec>
		<zamestnanec>
			<jmeno>
				<krestni>Martina</krestni>
				<prijmeni>Kyselá</prijmeni>
			</jmeno>
			<kontakt>66565554</kontakt>
			<plat>61200</plat>
			<email>mkys@seznam.cz</email>
			<nazev_poboc>První Mobilní</nazev_poboc>
		</zamestnanec>
		<zamestnanec>
			<jmeno>
				<krestni>Jana</krestni>
				<prijmeni>slaná</prijmeni>
			</jmeno>
			<kontakt>652654484</kontakt>
			<plat>36200</plat>
			<email>slanka@seznam.cz</email>
			<nazev_poboc>Druhá Mobilní</nazev_poboc>
		</zamestnanec>
	</osoby>