<?xml version="1.0" encoding="UTF-8"?>
	
<Database>	
		
	<Library>
	<NameL>"Chodovska knihovna"</NameL>
		
		<Book id="i352">
			<NameB>Radkova cesta do pekel</NameB>
			<Popis>Super kruta kniha</Popis>
			<Popularity Popularity="1" positiveComments="velice zazivne cteni"
				negativeComments="Obcas nudne"></Popularity>		
		</Book>
		<Book id="i353">
			<NameB>R.U.R.</NameB>
			<Popis>Super kruta kniha</Popis>
		
			<Popularity Popularity="2" positiveComments="velice zazivne cteni"
				negativeComments="Obcas nudne"></Popularity>		
		</Book>
		<Book id="i354">
			<NameB>R.U.R.</NameB>
			<Popis>Super kruta kniha</Popis>
		
			<Popularity Popularity="3" positiveComments="velice zazivne cteni"
				negativeComments="Obcas nudne"></Popularity>		
		</Book>
		<Book id="i355">
			<NameB>Blecha</NameB>
			<Popis>Super kruta kniha</Popis>
		
			<Popularity Popularity="4" positiveComments="velice zazivne cteni"
				negativeComments="Obcas nudne"></Popularity>		
		</Book>
		<Book id="i356">
			<NameB>R.U.R.</NameB>
			<Typeofbind tob="lepena"></Typeofbind>
			<Popis>Super kruta kniha</Popis>
		
			<Popularity Popularity="8" positiveComments="velice zazivne cteni"
				negativeComments="Obcas nudne"></Popularity>		
		</Book>
		<Book id="i357">
			<NameB>R.U.R.</NameB>
			<Popis>Super kruta kniha</Popis>
		
			<Popularity Popularity="5" positiveComments="velice zazivne cteni"
				negativeComments="Obcas nudne"></Popularity>		
		</Book>
		<Book id="i358">
			<NameB>R.U.R.</NameB>
			<Popis>Super kruta kniha</Popis>
		
			<Popularity Popularity="6" positiveComments="velice zazivne cteni"
				negativeComments="Obcas nudne"></Popularity>		
		</Book>
		<Book id="i359">
			<NameB>Kniha krale Petrika 70</NameB>
			<Popis>Super kruta kniha</Popis>
		
			<Popularity Popularity="7" positiveComments="velice zazivne cteni"
				negativeComments="Obcas nudne"></Popularity>		
		</Book>
		<Book id="i360">
			<NameB>R.U.R.</NameB>
			<Popis>Super kruta kniha</Popis>
		
			<Popularity Popularity="9" positiveComments="velice zazivne cteni"
				negativeComments="Obcas nudne"></Popularity>		
		</Book>
		<Book id="i361">
			<NameB>R.U.R.</NameB>
			<Typeofbind tob="lepena"></Typeofbind>
			<Popis>Super kruta kniha</Popis>
		
			<Popularity Popularity="8" positiveComments="velice zazivne cteni"
				negativeComments="Obcas nudne"></Popularity>		
		</Book>
		<Book id="i362">
			<NameB>Bojove umeni</NameB>
			<Popis>Super kruta kniha</Popis>
		
			<Popularity Popularity="10" positiveComments="velice zazivne cteni"
				negativeComments="Obcas nudne"></Popularity>		
		</Book>
	</Library>	
</Database>	