<databazeHer>
	<!-- seznam vydavatelu-->
	<vydavatele>
		<vydavatel>
			<nazev>Czech Game Edition</nazev>
			<web url="http://www.czechgames.com"/>
			<zeme>Czech Republic</zeme>
		</vydavatel>
		<vydavatel>
			<nazev>Rio Grande Games</nazev>
			<web url="http://riograndegames.com"/>
			<zeme>Germany</zeme>
		</vydavatel>
		<vydavatel>
			<nazev>Albi</nazev>
			<web url="http://www.albi.cz/"/>
			<adresa>
				<ulice>Thámova 289/13</ulice>
				<psc>186 00</psc>
				<mesto>Praha 8</mesto>
			</adresa>
		</vydavatel>
	</vydavatele>
	<!-- seznam tvurcu -->
	<tvurci>
		<tvurce>
			<jmeno>Donald X. Vaccarino</jmeno>
			<rokNarozeni>1969</rokNarozeni>
			<zemePuvodu>Germany</zemePuvodu>
			<vzor>Klaus-Jürgen Wrede</vzor>
		</tvurce>
		<tvurce>
			<jmeno>Vlaada (Vladimír) Chvátil</jmeno>
			<zemePuvodu>Czech republic</zemePuvodu>
			<vzor>Donald X. Vaccarino</vzor>
		</tvurce>
		<tvurce>
			<jmeno>Klaus-Jürgen Wrede</jmeno>
			<zemePuvodu>Germany</zemePuvodu>
		</tvurce>
	</tvurci>
	
	<!-- klasicky seznam her -->
	<hry>
		<hra>
			<nazev>Dominion</nazev>
			<alternativniNazvy>
				<alternativniNazev>Доминион</alternativniNazev>
			</alternativniNazvy>
			<tvurce>Donald X. Vaccarino</tvurce>
			<pocetHracu>
				<minPocet>2</minPocet>
				<maxPocet>8</maxPocet>
			</pocetHracu>
			<doporucenyVek>
				<minVek>8</minVek>
				<maxVek>99</maxVek>
			</doporucenyVek>
			<rokVydani>2008</rokVydani>
			<jazyky>
				<jazyk>english</jazyk>
				<jazyk>german</jazyk>
			</jazyky>
			<hraciDoba cas="min">30</hraciDoba>
			<seznamVydavatelu>
				<vydavatel>Albi></vydavatel>
			</seznamVydavatelu>
		</hra>
		<hra>
			<nazev>Space Alert</nazev>
			<tvurce>Vlaada (Vladimír) Chvátil</tvurce>
			<pocetHracu>
				<minPocet>1</minPocet>
				<maxPocet>5</maxPocet>
			</pocetHracu>
			<doporucenyVek>
				<minVek>12</minVek>
				<maxVek>99</maxVek>
			</doporucenyVek>
			<rokVydani>2008</rokVydani>
			<jazyky>
				<jazyk>czech</jazyk>
				<jazyk>german</jazyk>
				<jazyk>english</jazyk>
			</jazyky>
			<hraciDoba cas="min">35</hraciDoba>
			<seznamVydavatelu>
				<vydavatel>Czech Game Edition</vydavatel>
			</seznamVydavatelu>
		</hra>
		<hra>
			<nazev>Carcassone</nazev>
			<alternativniNazvy>
				<alternativniNazev>Στα Κάστρα του Μυστρα</alternativniNazev>
			</alternativniNazvy>
			<tvurce>Klaus-Jürgen Wrede</tvurce>
			<pocetHracu>
				<minPocet>2</minPocet>
				<maxPocet>5</maxPocet>
			</pocetHracu>
			<doporucenyVek>
				<minVek>8</minVek>
				<maxVek>99</maxVek>
			</doporucenyVek>
			<rokVydani>2000</rokVydani>
			<jazyky>
				<jazyk>german</jazyk>
				<jazyk>czech</jazyk>
			</jazyky>
			<hraciDoba cas="min">60</hraciDoba>
			<seznamVydavatelu>
				<vydavatel>Albi</vydavatel>
			</seznamVydavatelu>
		</hra>
		
		<hra>
			<nazev>Vládci podzemí</nazev>
			<tvurce>Vlaada (Vladimír) Chvátil</tvurce>
			<pocetHracu>
				<minPocet>2</minPocet>
				<maxPocet>4</maxPocet>
			</pocetHracu>
			<doporucenyVek>
				<minVek>12</minVek>
				<maxVek>99</maxVek>
			</doporucenyVek>
			<rokVydani>2009</rokVydani>
			<jazyky>
				<jazyk>czech</jazyk>
				<jazyk>german</jazyk>
				<jazyk>english</jazyk>
			</jazyky>
			<hraciDoba cas="min">120</hraciDoba>
			<seznamVydavatelu>
				<vydavatel>Czech Game Edition</vydavatel>
				<vydavatel>Mindk Ok</vydavatel>
			</seznamVydavatelu>
		</hra>		
		
	</hry>
	<!-- katalog her z e-shopu -->
	<katalogHer>

		<polozka nazev="Dixit">
			<kod>32k4s3</kod>
			<autor>Jean-Louis Roubira</autor>
			<cena mena="czk">650</cena>
			<lokalizace lang="czech">česky</lokalizace>
			<detail minHracu="3" maxHracu="6" minVek="8" dobaHry="30 min" />
		</polozka>
		
		
		<polozka nazev="Carcassone">
			<kod>3k3s02</kod>
			<autor>Klaus-Jürgen Wrede</autor>
			<cena mena="czk">350</cena>
			<lokalizace lang="czech">česky</lokalizace>
			<detail minHracu="2" maxHracu="5" minVek="8" dobaHry="60 min" />
		</polozka>


		<polozka nazev="Abalone">
			<kod>321kdsf</kod>
			<autor>Laurent Levi</autor>
			<cena mena="eur">20</cena>
			<lokalizace lang="czech">česky</lokalizace>
			<detail minHracu="2" maxHracu="2" minVek="7" dobaHry="40 min" />
		</polozka>
	
	</katalogHer>
</databazeHer>