<?xml version="1.0" encoding="UTF-8"?>
<treneri>
	<trener id="t001" jmeno="Pavel" info="Lektor na spinning">
		<fotka>
			treneri/foto3.jpg			
		</fotka>	
		<plat>
			44444
		</plat>	
	</trener>
	<trener id="t001" jmeno="Petr" info="Lekce jogy">
		<fotka>
			treneri/foto1.jpg
		</fotka>
		<plat>
			5000
		</plat>
	</trener>
	<trener id="t002" jmeno="Karel" info="Pivni kursy">
		<fotka>
			treneri/foto2.jpg
		</fotka>
		<plat>
			456546
		</plat>
	</trener>
	<trener id="t003" jmeno="Standa" info="Plavani">
		<fotka>
			treneri/foto3.jpg
		</fotka>
		<plat>
			4565465
		</plat>
	</trener>
	<trener id="t004">
		<fotka>
			treneri/foto4.jpg
		</fotka>
	</trener>
	<trener id="t005">
		<fotka>
			treneri/foto5.jpg
		</fotka>
	</trener>		
</treneri>