<?xml version="1.0" encoding="windows-1250"?>
<materials>
    <material>
      <id>0.1</id>
      <diffuse r="0.0" g="0.0" b="0.0"/>
      <specular r="0.0" g="0.0" b="0.0"/>
      <transmissive r="1.0" g="1.0" b="1.0"/>
      <power> 60.0 </power>
      <index> 1.0 </index>
    </material>
    <!--************************************************************************************-->
    <material>
      <id>1.0</id>
      <diffuse r="0.1" g="0.5" b="0.1"/>
      <specular r="0.0" g="0.5" b="0.0"/>
      <transmissive r="0.0" g="0.0" b="0.0"/>
      <power> 60.0 </power>
      <index> 1.0 </index>
    </material>
    <!--************************************************************************************-->
    <material>
      <id>2.0</id>
      <diffuse r="0.1" g="0.1" b="0.5"/>
      <specular r="0.0" g="0.0" b="0.0"/>
      <transmissive r="0.0" g="0.0" b="0.0"/>
      <power> 60.0 </power>
      <index> 1.0 </index>
    </material>
    <!--************************************************************************************-->
    <material>
      <id>3.0</id>
      <diffuse r="0.8" g="0.3" b="0.8"/>
      <specular r="0.0" g="0.0" b="0.0"/>
      <transmissive r="0.0" g="0.0" b="0.0"/>
      <power> 60.0 </power>
      <index> 1.0 </index>
    </material>
    <!--************************************************************************************-->
    <material>
      <id>4.0</id>
      <diffuse r="0.8" g="0.8" b="0.0"/>
      <specular r="0.0" g="0.0" b="0.0"/>
      <transmissive r="0.0" g="0.0" b="0.0"/>
      <power> 60.0 </power>
      <index> 1.0 </index>
    </material>
    <!--************************************************************************************-->
    <material>
      <id>5.0</id>
      <diffuse r="0.5" g="0.5" b="0.5"/>
      <specular r="0.0" g="0.0" b="0.0"/>
      <transmissive r="0.0" g="0.0" b="0.0"/>
      <power> 60.0 </power>
      <index> 1.0 </index>
    </material>
    <!--************************************************************************************-->
    <material>
      <id>6.0</id>
      <diffuse r="0.5" g="0.5" b="0.5"/>
      <specular r="0.0" g="0.0" b="0.0"/>
      <transmissive r="0.5" g="0.5" b="0.5"/>
      <power> 20.0 </power>
      <index> 1.6 </index>
    </material>
    <!--************************************************************************************-->
    <material>
      <id>7.0</id>
      <diffuse r="0.0" g="0.0" b="0.0"/>
      <specular r="1.0" g="1.0" b="1.0"/>
      <transmissive r="0.0" g="0.0" b="0.0"/>
      <power> 60.0 </power>
      <index> 1.0 </index>
    </material>
</materials>