<?xml version="1.0" encoding="windows-1250"?>
<solids>
  <square>
    <material>5.0</material>
    <transformation>
      <scale x="8.0" y="6.0" z="1.0"/>
      <rotateX angle="90.0"/>
      <translate x="0.0" y="6.0" z="0.0"/>
    </transformation>
  </square>
  <!--************************************************************************************-->
  <square>
    <material>4.0</material>
    <transformation>
      <scale x="8.0" y="6.0" z="1.0"/>
      <rotateX angle="90.0"/>
    </transformation>
  </square>
</solids>