<?xml version="1.0" encoding="UTF-8"?>
<reservations>
    
    <info_guests> 
        <pass passId="A2013298403"/>
        <name> Ondrej Kanka </name>
        <mail>ondrej.kanka@seznam.cz</mail>
         
    </info_guests>
    
    <reservation passIdref="A2013298403" resId="A0123">
        <country_list>
            <country>Afghanistan</country>    
            <country>Akrotiri</country>    
            <country>Albania</country>    
            <country>Algeria</country>    
            <country>American Samoa</country>    
            <country>Andorra</country>    
            <country>Angola</country>    
            <country>Anguilla</country>    
            <country>Antarctica</country>    
            <country>Antigua and Barbuda</country>    
            <country>Argentina</country>    
            <country>Armenia</country>    
            <country>Aruba</country>
            <country>other</country>
        </country_list>
        <rooms> 
            <room> 
                <beds> double </beds>
                <chairs> 3 </chairs>
                <lockers> 
                    <bedside> 2</bedside>
                    <hanger>1</hanger>
                </lockers>
            </room>
        </rooms>
        <category>standard</category>
        <check-in day="5" month=" march" year=" 2012"/>
        <check-out day="10" month=" march" year="2012"/>
        <services>breakfast tv internet</services>
        <price>3000</price> 
        <signature> 
        </signature>
    </reservation>
 

    <payments>
        <name> Bozena Minova </name>
        <card_info> visa </card_info>
    </payments>

    <confirmations>
        <tel>123 456 789</tel>
    </confirmations>
    
    <p_infos>
        <mail>bozena.minova@seznam.cz</mail>
        <p_tel>775178107</p_tel>
    </p_infos>
     
    <!-- ======================= other================================ -->
    
    <info_guests> 
        <pass passId="A5679298403"/>
        <name> Marek Smid </name>
        <mail>marek@seznam.cz</mail>
    </info_guests>
    
    <reservation passIdref="A5679298403" resId="A0124">
        <country_list>
            <country>Afghanistan</country>    
            <country>Akrotiri</country>    
            <country>Albania</country>    
            <country>Algeria</country>    
            <country>American Samoa</country>    
            <country>Andorra</country>    
            <country>Angola</country>    
            <country>Anguilla</country>    
            <country>Antarctica</country>    
            <country>Antigua and Barbuda</country>    
            <country>Argentina</country>    
            <country>Armenia</country>    
            <country>Aruba</country>
            <country>other</country>
        </country_list>
        <rooms> 
            <room> 
                <beds> single </beds>
                <chairs> 1 </chairs>
                <lockers> 
                    <bedside> 2</bedside>
                    <hanger>1</hanger>
                </lockers>
            </room>
        </rooms>
        <category>standard</category>
        <check-in day="20" month=" march" year=" 2012"/>
        <check-out day="11" month=" april" year="2012"/>
        <services>breakfast minibar internet</services>
        <price>1700</price> 
        <signature> 
       
        </signature>
    </reservation>
    <payments>
        <name> Bozena Minova </name>
        <card_info> visa </card_info>
    </payments>

    <confirmations>
        <tel>123 456 789</tel>
    </confirmations>
    
    <p_infos>
        <mail>bozena.minova@seznam.cz</mail>
        <p_tel>775178107</p_tel>
    </p_infos>

   <!--========================= other======================= -->
   
    <info_guests> 
        <pass passId="A3433298403"/>
        <name> Tomas Tkadlec </name>
        <mail>tomas.t@seznam.cz</mail>
         
    </info_guests>
    
    <reservation passIdref="A3433298403" resId="A0121">
        <country_list>
            <country>Afghanistan</country>    
            <country>Akrotiri</country>    
            <country>Albania</country>    
            <country>Algeria</country>    
            <country>American Samoa</country>    
            <country>Andorra</country>    
            <country>Angola</country>    
            <country>Anguilla</country>    
            <country>Antarctica</country>    
            <country>Antigua and Barbuda</country>    
            <country>Argentina</country>    
            <country>Armenia</country>    
            <country>Aruba</country>
            <country>other</country>
        </country_list>
        <rooms> 
            <room> 
                <beds> double </beds>
                <chairs> 5 </chairs>
                <lockers> 
                    <bedside> 2</bedside>
                    <hanger>1</hanger>
                </lockers>
            </room>
        </rooms>
        <category> suite </category>
        <check-in day="15" month=" march" year=" 2012"/>
        <check-out day="20" month=" march" year="2012"/>
        <services>breakfast internet</services>
        <price>2400</price> 
        <signature> 
        </signature>
    </reservation>
 

    <payments>
        <name> Tomas Tkadlec </name>
        <card_info> master </card_info>
    </payments>

    <confirmations>
        <mail>tomas.t@seznam.cz</mail>
        <tel>123 323 789</tel>
    </confirmations>
    
    <p_infos>
        <mail>tomas.t@seznam.cz</mail>
        <p_tel>123 323 789</p_tel>
    </p_infos>
    
   
   <!-- ============= other ================ --> 
    
    <info_guests> 
        <pass passId="A3433248403"/>
        <name> Stanislav Lantora </name>
        <mail>first@stanislav.cz</mail>
    </info_guests>
    
    <reservation passIdref="A3433248403" resId="A0126">
        <country_list>
            <country>Afghanistan</country>    
            <country>Akrotiri</country>    
            <country>Albania</country>    
            <country>Algeria</country>    
            <country>American Samoa</country>    
            <country>Andorra</country>    
            <country>Angola</country>    
            <country>Anguilla</country>    
            <country>Antarctica</country>    
            <country>Antigua and Barbuda</country>    
            <country>Argentina</country>    
            <country>Armenia</country>    
            <country>Aruba</country>
            <country>other</country>
        </country_list>
        <rooms> 
            <room> 
                <beds> double </beds>
                <chairs> 2 </chairs>
                <lockers> 
                    <bedside> 2</bedside>
                    <hanger>1</hanger>
                </lockers>
            </room>
        </rooms>
        <category> deluxe </category>
        <check-in day="25" month=" march" year=" 2012"/>
        <check-out day="27" month=" march" year="2012"/>
        <services>breakfast tv minibar internet</services>
        <price>4400</price> 
        <signature> 
        </signature>
    </reservation>
 

    <payments>
        <name> Milos Baros </name>
        <card_info> master </card_info>
    </payments>

    <confirmations>
        <mail>cinestar@mail.cz</mail>
        <address> Černý Most, Chlumecká 8</address>         
        <tel>111 111 111</tel>
        <company>CineStar</company>
    </confirmations>
    
    <p_infos>
        <mail>milos@milos.cz</mail>
        <p_tel>243 323 789</p_tel>
    </p_infos>
    
    
    
    
    
    <!-- ================ other =================== -->
    
    <info_guests> 
        <pass passId="A3490273982"/>
        <name> Vera Karafova </name>
        <mail>kar@vera.cz</mail>
    </info_guests>
    
    <reservation passIdref="A3490273982" resId="A0130">
        <country_list>
            <country>Afghanistan</country>    
            <country>Akrotiri</country>    
            <country>Albania</country>    
            <country>Algeria</country>    
            <country>American Samoa</country>    
            <country>Andorra</country>    
            <country>Angola</country>    
            <country>Anguilla</country>    
            <country>Antarctica</country>    
            <country>Antigua and Barbuda</country>    
            <country>Argentina</country>    
            <country>Armenia</country>    
            <country>Aruba</country>
            <country>other</country>
        </country_list>
        <rooms> 
            <room> 
                <beds> single </beds>
                <beds>child</beds>
                <chairs> 2 </chairs>
                <lockers> 
                    <bedside> 3</bedside>
                    <hanger>2</hanger>
                </lockers>
            </room>
        </rooms>
        <category> standard </category>
        <check-in day="25" month=" april" year=" 2012"/>
        <check-out day="28" month=" april" year="2012"/>
        <services>breakfast internet</services>
        <price>3200</price> 
        <signature> 
        </signature>
    </reservation>
 

    <payments>
        <name> Vera Karafova </name>
        <card_info> master </card_info>
    </payments>

    <confirmations>
        <mail>kar@vera.cz</mail>
        <tel>123 685 789</tel>
    </confirmations>
    
    <p_infos>
        <mail>kar@vera.cz</mail>
        <p_tel>123 685 789</p_tel>
    </p_infos>
    
    <!-- =============== other ================== -->
    
    <info_guests> 
        <pass passId="A3433291234"/>
        <name> Martin Antonov </name>
        <mail>martin@antonov.cz</mail>
    </info_guests>
    
    <reservation passIdref="A3433291234" resId="A0131">
        <country_list>
            <country>Afghanistan</country>    
            <country>Akrotiri</country>    
            <country>Albania</country>    
            <country>Algeria</country>    
            <country>American Samoa</country>    
            <country>Andorra</country>    
            <country>Angola</country>    
            <country>Anguilla</country>    
            <country>Antarctica</country>    
            <country>Antigua and Barbuda</country>    
            <country>Argentina</country>    
            <country>Armenia</country>    
            <country>Aruba</country>
            <country>other</country>
        </country_list>
        <rooms> 
            <room> 
                <beds> single </beds>
                <chairs> 2 </chairs>
                <lockers> 
                    <bedside> 1</bedside>
                    <hanger>1</hanger>
                </lockers>
            </room>
        </rooms>
        <category> standard </category>
        <check-in day="15" month=" july" year=" 2012"/>
        <check-out day="20" month=" august" year="2012"/>
        <services>breakfast internet</services>
        <price>10500</price> 
        <signature> 
        </signature>
    </reservation>
 

    <payments>
        <name> Martin Antonov </name>
        <card_info> master </card_info>
    </payments>

    <confirmations>
        <mail>martin@antonov.cz</mail>
        <tel>123 323 980</tel>
    </confirmations>
    
    <p_infos>
        <mail>martin@antonov.cz</mail>
        <p_tel>123 323 789</p_tel>
    </p_infos>
    
    
    <!--============= other ==================== -->
    
    <info_guests> 
        <pass passId="A3433212345"/>
        <name> Dagmar Krejckova </name>
        <mail>dagmar@dagmar</mail>
         
    </info_guests>
    
    <reservation passIdref="A3433212345" resId="A0134">
        <country_list>
            <country>Afghanistan</country>    
            <country>Akrotiri</country>    
            <country>Albania</country>    
            <country>Algeria</country>    
            <country>American Samoa</country>    
            <country>Andorra</country>    
            <country>Angola</country>    
            <country>Anguilla</country>    
            <country>Antarctica</country>    
            <country>Antigua and Barbuda</country>    
            <country>Argentina</country>    
            <country>Armenia</country>    
            <country>Aruba</country>
            <country>other</country>
        </country_list>
        <rooms> 
            <room> 
                <beds> single </beds>
                <chairs> 2 </chairs>
                <lockers> 
                    <bedside> 2</bedside>
                    <hanger>1</hanger>
                </lockers>
            </room>
        </rooms>
        <category> standard </category>
        <check-in day="15" month=" may" year=" 2012"/>
        <check-out day="16" month=" may" year="2012"/>
        <services>breakfast internet</services>
        <price>400</price> 
        <signature> 
        </signature>
    </reservation>
 

    <payments>
        <name> Daniela Krejckova </name>
        <card_info> master </card_info>
    </payments>

    <confirmations>
        <mail>dagmar@dagmar.cz</mail>
        <tel>123 323 534</tel>
    </confirmations>
    
    <p_infos>
        <mail>daniela@krejckova.cz</mail>
        <p_tel>123 323 781</p_tel>
    </p_infos>
    
    
    <!-- ================ other ================ -->
    
        
    <info_guests> 
        <pass passId="A3412398403"/>
        <name> Kveta Cejka </name>
        <mail>kveta@seznam.cz</mail>
    </info_guests>
    
    <reservation passIdref="A3412398403" resId="A0136">
        <country_list>
            <country>Afghanistan</country>    
            <country>Akrotiri</country>    
            <country>Albania</country>    
            <country>Algeria</country>    
            <country>American Samoa</country>    
            <country>Andorra</country>    
            <country>Angola</country>    
            <country>Anguilla</country>    
            <country>Antarctica</country>    
            <country>Antigua and Barbuda</country>    
            <country>Argentina</country>    
            <country>Armenia</country>    
            <country>Aruba</country>
            <country>other</country>
        </country_list>
        <rooms> 
            <room> 
                <beds> single </beds>
                <chairs> 2 </chairs>
                <lockers> 
                    <bedside> 1</bedside>
                    <hanger>1</hanger>
                </lockers>
            </room>
        </rooms>
        <category> standard </category>
        <check-in day="17" month=" march" year=" 2012"/>
        <check-out day="20" month=" march" year="2012"/>
        <services>breakfast internet</services>
        <price>1400</price> 
        <signature> 
        </signature>
    </reservation>
 

    <payments>
        <name> Josef Cejka </name>
        <card_info> visa </card_info>
    </payments>

    <confirmations>
        <mail>kveta@seznam.cz</mail>
        <tel>123 303 789</tel>
    </confirmations>
    
    <p_infos>
        <mail>josef@seznam.cz</mail>
        <p_tel>123 777 789</p_tel>
    </p_infos>
 
</reservations>
