<?xml version="1.0" encoding="UTF-8"?>

<databaze>
	<zanr id="z1">
		<nazev>adventura</nazev>
		<zanr>
			<nazev>3D adventura</nazev>
			<hra multiplayer="ano">
				<nazev>URU: Ages Beyond Myst</nazev>
			</hra>
		</zanr>
		<zanr>
			<nazev>2D adventura</nazev>
			<hra multiplayer="ne">
				<nazev>Moment of Silence</nazev>
			</hra>
			<hra multiplayer="ne">
				<nazev>Moment of Silence 2</nazev>
			</hra>
		</zanr>
	</zanr>
	<zanr id="z2">
	<nazev>TPS</nazev>
			<zanr>
				<nazev>Gangster akce</nazev>
				<hra multiplayer="ne">
					<nazev>Death to Rights</nazev>
				</hra>
				<hra multiplayer="ano">
					<nazev>Max Payne 3</nazev>
				</hra>
			</zanr>
			<zanr>
				<nazev>Mestska akce</nazev>
				<hra multiplayer="ne">
					<nazev>Grand Theft Auto 3</nazev>
				</hra>
			</zanr>
	</zanr>
</databaze>