<?xml version="1.0" encoding="UTF-8"?>
<!DOCTYPE prekladatelskaSkupina SYSTEM "./data.dtd" [
<!ENTITY jpn "&#156;">	
]>

<!-- Autor: Vorisek Lukas (vorislu1@fel.cvut.cz) -->

<prekladatelskaSkupina>
	<!-- informace o souboru -->
	<jmenoSkupiny>BAKA-FANSUBS</jmenoSkupiny>
	<verze>1</verze>
	
	<!-- seznam clenu -->
	<cleni>
		<!-- jeden urcity clen -->
		<clen id="uid_1">
			<jmeno>ThuThi</jmeno>
			<prijmeni>Tran</prijmeni>
			<nick>May</nick>
			<popisClena pouzit="ano">
			<![CDATA[Nejaky popis teto osoby. Muzu se v nem take odkazovat na projekty ]]><pref id="pid_2" /><![CDATA[ takze mam smiseny obsah]]>
			</popisClena>
			
			<pozice>
				<post name="prekladatel"/>
				<post name="korektor"/>
				<post name="zastupce_vedouciho"/>
			</pozice>
		</clen>
		<clen id="uid_2">
			<jmeno>Vit</jmeno>
			<prijmeni>Pilecky</prijmeni>
			<nick>TrimVi</nick>
			<popisClena pouzit="ne">
			<![CDATA[Nejaky popis teto osoby, ten se ale nepouzije]]>
			</popisClena>			
			
			<pozice>
				<post name="prekladatel"/>
				<post name="korektor"/>
				<post name="vedouci"/>
			</pozice>
		</clen>
	</cleni>
	
	<!-- projekty -->
	<projekty>
		<!-- jeden projekt -->
		<projekt id="pid_1">
			<!-- zakladni informace -->
			<nazevOfficial>Kore wa Zombie Desuka?</nazevOfficial>
			<!-- CDATA kvuli japonstine -->
			<nazevJaponsky><![CDATA[これはゾンビですか?]]></nazevJaponsky>
			<stavProjektu>Dokonceno</stavProjektu>
			<vysilano od="2000" do="2012" />
			<casNaEpizodu minut="20" />
			<zanry>
				<zanr>Podle novely</zanr>
				<zanr>Seinen</zanr>
			</zanry>
			<prekladatele>
				<prekladatel id="uid_1" />
			</prekladatele>
			<korektori>
				<korektor id="uid_2" />
				<korektor id="uid_1" />
			</korektori>
			<popisProjektu>
			<![CDATA[Pribeh se toci kolem ...]]>
			</popisProjektu>
			<price cena="1200" />
			
			<!-- dodatkove informace dle typu -->
			<animeProjekt epizod="12" typ="TVSerie">
				<dily>
					<!-- jeden dil -->
					<dil n="1">
						<!-- nazev, link ke stazeni, kvaltia -->
						<nazev>Yes, I`m a Magical Garment Girl</nazev>
						<url>http://someaddress.com</url>
						<kvalita>HD</kvalita>
					</dil>
					<dil n="2">
						<nazev>No, It`s a Vampire Ninja</nazev>
						<url>http://someaddress.com</url>
						<kvalita>HD</kvalita>
					</dil>
				</dily>
			</animeProjekt>
		</projekt>
		
		<projekt id="pid_2">
			<nazevOfficial>Boku no kanojo wa saibôgu</nazevOfficial>
			<stavProjektu>Preklada se</stavProjektu>
			<vysilano od="2010" do="2010" />
			<casNaEpizodu minut="25" />
			<zanry>
				<zanr>Akcni</zanr>
				<zanr>Komedie</zanr>
				<zanr>Romance</zanr>
				<zanr>Sci-fi</zanr>
			</zanry>
			<prekladatele>
				<prekladatel id="uid_1" />
			</prekladatele>
			<korektori />
			<popisProjektu>
			<![CDATA[Pribeh se toci kolem ...]]>
			</popisProjektu>
			
			<doramaProjekt epizod="1" typ="Film">
				<dily>
					<dil n="1">
						<nazev>Film</nazev>
						<url>http://someaddress.com</url>
						<kvalita>SD</kvalita>
					</dil>
				</dily>
			</doramaProjekt>
		</projekt>
                
		<projekt id="pid_3">
			<!-- zakladni informace -->
			<nazevOfficial>Fairy Tail</nazevOfficial>
			<!-- CDATA kvuli japonstine -->
			<nazevJaponsky><![CDATA[フェアリーテイル]]></nazevJaponsky>
			<stavProjektu>Dokonceno</stavProjektu>
			<vysilano od="2005" do="2012" />
			<casNaEpizodu minut="25" />
			<zanry>
				<zanr>Podle novely</zanr>
				<zanr>Seinen</zanr>
                                <zanr>Magie</zanr>
			</zanry>
			<prekladatele>
				<prekladatel id="uid_1" />
			</prekladatele>
			<korektori>
				<korektor id="uid_2" />
				<korektor id="uid_1" />
			</korektori>
			<popisProjektu>
			<![CDATA[Pribeh se toci kolem ...]]>
			</popisProjektu>
			<price cena="1200" />
			
			<!-- dodatkove informace dle typu -->
			<animeProjekt epizod="175" typ="TVSerie">
				<dily>
					<!-- jeden dil -->
					<dil n="1">
						<!-- nazev, link ke stazeni, kvaltia -->
						<nazev>The Fairy Tail</nazev>
						<url>http://someaddress.com</url>
						<kvalita>HD</kvalita>
					</dil>
					<dil n="2">
						<nazev>Fire Dragon, Monkey, and Bull</nazev>
						<url>http://someaddress.com</url>
						<kvalita>HD</kvalita>
					</dil>
				</dily>
			</animeProjekt>
		</projekt>                

	</projekty>
</prekladatelskaSkupina>
