<?xml version="1.0" encoding="UTF-8"?>
<!DOCTYPE catalog SYSTEM "data.dtd">
<?php ob_flush(); ?>
<catalog>
<softwares>
	<software sid="sid1" serial_number="1111" in_use="archived">
		<name>Visual Studio 2008</name>
		<year>2008</year>
		<systems>
			<system>
			<sname>&win;XP</sname>
			<bit>32</bit>
			</system>
		</systems>
		<size>2GB</size>
		<medium>DVD</medium>
		<software_publisher>
		<pref prefid="pid1" />Microsoft</software_publisher>
		<version>2008</version>
		<license>Unlimited</license>
		<documentation>Book</documentation>
		<description>Developing tool</description>
		<note>Good software<![CDATA[Special note]]></note>
	</software>
</softwares>

<publishers>
	<publisher pid="pid1">
		<pname>Microsoft</pname>
		<psoftwares>
			<psoftware psid="sid1">Visual Studio 2008</psoftware>
		</psoftwares>
	</publisher>
</publishers>


</catalog>
