<?xml version="1.0" encoding="UTF-8"?>
<!DOCTYPE lab SYSTEM "lab.dtd">
<!-- sprava laboratore--> 
<lab>	
		<users>
			<user id="us1">
				<name>
					<firstname>Karel</firstname>
					<lastname>Novák</lastname>
				</name>
								
				<rights>
					<right>Nakupovat
					</right>
					<right>Přístup do trezoru
					</right>
					<right>Přístup do LAB1
					</right>
				</rights>
			</user>
			<user id="us2">
				<name>
					<firstname>Jan</firstname>
					<lastname>Zelený</lastname>
				</name>
								
				<rights>
					<right>Přístup do LAB1
					</right>
				</rights>
			</user>
		</users>
		
		<groups>
			<group id="gr1" name="Výzkum malárie">
				<members>
					<member id="us2" />
					<member id="us2" />
				</members>
				<head id="us1" />
			</group>
		</groups>
		
	<work>
		<tasks>
			<task user="us1" project="p1">Uklidit LAB1</task>
			<task user="us1" project="p1">Nachystat chemikálie</task>
			<task user="us1" project="p1">Zkoumat vliv SD2 na Df2</task>
			<task user="us1" project="p1">Dělat neco jiného</task>
			<task user="us1" project="p1">Nakoupit nové vybavení</task>
			<task user="us2" project="p1">Udělat inventuru</task>
			<task user="us2" project="p1">Zajistit grant</task>
			<task user="us2" project="p1">Přečíst odborné články</task>
			<task user="us2" project="p1">Uklidit znovu lab1</task>
			<task user="us2" project="p1">bádat</task>
		</tasks>
		<projects>
			<project id="p1">Najít lék na malárii</project>
		</projects>
		
		
		
	</work>
</lab>