<zbozi>
		<polozka>
			<nazev>ovesne_vlocky</nazev>
			<cena>25</cena>
			<mnozstvi>500</mnozstvi>
		</polozka>
		<polozka>
			<nazev>banan</nazev>
			<cena>9</cena>
			<mnozstvi>1</mnozstvi>
		</polozka>
		<polozka>
			<nazev>jablko</nazev>
			<cena>4</cena>
			<mnozstvi>1</mnozstvi>
		</polozka>
		<polozka>
			<nazev>datle</nazev>
			<cena>20</cena>
			<mnozstvi>10</mnozstvi>
		</polozka>
		<polozka>
			<nazev>liskove_orisky</nazev>
			<cena>19</cena>
			<mnozstvi>100</mnozstvi>
		</polozka>
		<polozka>
			<nazev>kakao</nazev>
			<cena>30</cena>
			<mnozstvi>100</mnozstvi>
		</polozka>
		<polozka>
			<nazev>skorice</nazev>
			<cena>5</cena>
			<mnozstvi>10</mnozstvi>
		</polozka>
		<polozka>
			<nazev>cukr</nazev>
			<cena>35</cena>
			<mnozstvi>1000</mnozstvi>
		</polozka>
		<polozka>
			<nazev>mouka</nazev>
			<cena>27</cena>
			<mnozstvi>1000</mnozstvi>
		</polozka>
		<polozka>
			<nazev>voda</nazev>
			<cena>4</cena>
			<mnozstvi>1000</mnozstvi>
		</polozka>
		<polozka>
			<nazev>mleko</nazev>
			<cena>9</cena>
			<mnozstvi>500</mnozstvi>
		</polozka>
		<polozka>
			<nazev>vejce</nazev>
			<cena>28</cena>
			<mnozstvi>6</mnozstvi>
		</polozka>
		<polozka>
			<nazev>sul</nazev>
			<cena>11</cena>
			<mnozstvi>500</mnozstvi>
		</polozka>
		<polozka>
			<nazev>susene_drozdi</nazev>
			<cena>15</cena>
			<mnozstvi>100</mnozstvi>
		</polozka>
		<polozka>
			<nazev>brambory</nazev>
			<cena>34</cena>
			<mnozstvi>1000</mnozstvi>
		</polozka>
		<polozka>
			<nazev>cesnek</nazev>
			<cena>5</cena>
			<mnozstvi>1</mnozstvi>
		</polozka>
		<polozka>
			<nazev>majoranka</nazev>
			<cena>16</cena>
			<mnozstvi>20</mnozstvi>
		</polozka>
		<polozka>
			<nazev>tuk</nazev>
			<cena>14</cena>
			<mnozstvi>250</mnozstvi>
		</polozka>
		<polozka>
			<nazev>syr</nazev>
			<cena>26</cena>
			<mnozstvi>100</mnozstvi>
		</polozka>
		<polozka>
			<nazev>jahody</nazev>
			<cena>39</cena>
			<mnozstvi>500</mnozstvi>
		</polozka>
		<polozka>
			<nazev>maslo</nazev>
			<cena>19</cena>
			<mnozstvi>125</mnozstvi>
		</polozka>
		<polozka>
			<nazev>smetana_ke_slechani</nazev>
			<cena>20</cena>
			<mnozstvi>200</mnozstvi>
		</polozka>
		<polozka>
			<nazev>detske_piskoty</nazev>
			<cena>17</cena>
			<mnozstvi>200</mnozstvi>
		</polozka>
		<polozka>
			<nazev>zelatina</nazev>
			<cena>12</cena>
			<mnozstvi>10</mnozstvi>
		</polozka>
		<polozka>
			<nazev>kureci_prsni_rizky</nazev>
			<cena>149</cena>
			<mnozstvi>1000</mnozstvi>
		</polozka>
		<polozka>
			<nazev>pepr</nazev>
			<cena>16</cena>
			<mnozstvi>10</mnozstvi>
		</polozka>
		<polozka>
			<nazev>horcice</nazev>
			<cena>24</cena>
			<mnozstvi>150</mnozstvi>
		</polozka>
		<polozka>
			<nazev>kukuricne_lupinky</nazev>
			<cena>31</cena>
			<mnozstvi>100</mnozstvi>
		</polozka>
		<polozka>
			<nazev>celer</nazev>
			<cena>26</cena>
			<mnozstvi>1</mnozstvi>
		</polozka>
		<polozka>
			<nazev>orechy</nazev>
			<cena>23</cena>
			<mnozstvi>100</mnozstvi>
		</polozka>
		<polozka>
			<nazev>jogurt</nazev>
			<cena>8</cena>
			<mnozstvi>150</mnozstvi>
		</polozka>
		<polozka>
			<nazev>majoneza</nazev>
			<cena>13</cena>
			<mnozstvi>100</mnozstvi>
		</polozka>
		<polozka>
			<nazev>zelena_petrzelka</nazev>
			<cena>20</cena>
			<mnozstvi>50</mnozstvi>
		</polozka>
		<polozka>
			<nazev>cibule</nazev>
			<cena>2</cena>
			<mnozstvi>1</mnozstvi>
		</polozka>
		<polozka>
			<nazev>salat</nazev>
			<cena>17</cena>
			<mnozstvi>1</mnozstvi>
		</polozka>
		<polozka>
			<nazev>rajcata</nazev>
			<cena>10</cena>
			<mnozstvi>1</mnozstvi>
		</polozka>
		<polozka>
			<nazev>bazalka</nazev>
			<cena>18</cena>
			<mnozstvi>15</mnozstvi>
		</polozka>
		<polozka>
			<nazev>olejvo_olej</nazev>
			<cena>50</cena>
			<mnozstvi>300</mnozstvi>
		</polozka>
		<polozka>
			<nazev>hovezi_maso</nazev>
			<cena>189</cena>
			<mnozstvi>1000</mnozstvi>
		</polozka>
		<polozka>
			<nazev>uzeny_bucek</nazev>
			<cena>35</cena>
			<mnozstvi>100</mnozstvi>
		</polozka>
		<polozka>
			<nazev>nakladana_cibulka</nazev>
			<cena>9</cena>
			<mnozstvi>50</mnozstvi>
		</polozka>
		<polozka>
			<nazev>mrkev</nazev>
			<cena>3</cena>
			<mnozstvi>1</mnozstvi>
		</polozka>
		<polozka>
			<nazev>bobkovy_lis</nazev>
			<cena>18</cena>
			<mnozstvi>10</mnozstvi>
		</polozka>
		<polozka>
			<nazev>kysele_okurky</nazev>
			<cena>30</cena>
			<mnozstvi>10</mnozstvi>
		</polozka>
		<polozka>
			<nazev>olej</nazev>
			<cena>49</cena>
			<mnozstvi>1000</mnozstvi>
		</polozka>
		<polozka>
			<nazev>tymian</nazev>
			<cena>16</cena>
			<mnozstvi>10</mnozstvi>
		</polozka>
		<polozka>
			<nazev>pivo</nazev>
			<cena>16</cena>
			<mnozstvi>500</mnozstvi>
		</polozka>
		<polozka>
			<nazev>cervena_repa</nazev>
			<cena>23</cena>
			<mnozstvi>1000</mnozstvi>
		</polozka>
		<polozka>
			<nazev>houby</nazev>
			<cena>45</cena>
			<mnozstvi>100</mnozstvi>
		</polozka>
		<polozka>
			<nazev>petrzel</nazev>
			<cena>26</cena>
			<mnozstvi>1</mnozstvi>
		</polozka>
		<polozka>
			<nazev>anglicke_koreni</nazev>
			<cena>24</cena>
			<mnozstvi>20</mnozstvi>
		</polozka>
		<polozka>
			<nazev>citronova_stava</nazev>
			<cena>15</cena>
			<mnozstvi>100</mnozstvi>
		</polozka>
		
</zbozi>