<?xml version="1.0" encoding="UTF-8" ?>
<!DOCTYPE SportObchod  >
<SportObchod>
	<Zbozi>
		<Obleceni>
			<Tricka>
				<Tricko znacka="adidas" velikost="L" barva="modra" productNum="t10001" cena="690" >10</Tricko>
				<Tricko znacka="adidas" velikost="XL" barva="cervena" productNum="t10002" cena="690" >5</Tricko>
				<Tricko znacka="reebok" velikost="L" barva="modra" productNum="t10003" cena="590" >7</Tricko>
				<Tricko znacka="reebok" velikost="M" barva="zluta" productNum="t10004" cena="590" >3</Tricko>
				<Tricko znacka="reebok" velikost="XL" barva="modra" productNum="t10005" cena="590" >0</Tricko>
				<Tricko znacka="umbro" velikost="L" barva="modra" productNum="t10006" cena="490" >10</Tricko>
				<Tricko znacka="umbro" velikost="XL" barva="cervena" productNum="t10007" cena="490" >5</Tricko>
				<Tricko znacka="nike" velikost="L" barva="modra" productNum="t10008" cena="790" >7</Tricko>
				<Tricko znacka="nike" velikost="M" barva="zluta" productNum="t10009" cena="790" >3</Tricko>
				<Tricko znacka="nike" velikost="XL" barva="modra" productNum="t10010" cena="790">0</Tricko>
			</Tricka>
			<Kalhoty>
				<Teplaky znacka="adidas" velikost="L" barva="cerna" productNum="t20001" cena="990">
					3</Teplaky>
				<Teplaky znacka="adidas" velikost="XL" barva="cerna" productNum="t20002" cena="990">6</Teplaky>
				<Teplaky znacka="adidas" velikost="L" barva="modra" productNum="t20003" cena="990">7</Teplaky>
				<Jeans znacka="nike" velikost="L" barva="modra" productNum="t20004" cena="1290">12</Jeans>
			</Kalhoty>
			<Boty>
				<Bezecke znacka="adidas" velikost="43" barva="zelena" productNum="t30001" cena="1490">5</Bezecke>
				<Bezecke znacka="adidas" velikost="44" barva="zelena" productNum="t30002" cena="1490"></Bezecke>
				<Basketove znacka="nike" velikost="42" barva="modra" productNum="t30003" cena="1290">4</Basketove>
				<Tenisove znacka="adidas" velikost="41" barva="cervena" productNum="t30004" cena="1690">4</Tenisove>
			</Boty>
		</Obleceni>
		<SportovniNacini>
			<Tenis>
				<Raketa znacka="head" jmeno="federerka" productNum="t40001" cena="2990">3</Raketa>
				<Raketa znacka="head" productNum="t40002" cena="3490">3</Raketa>
			</Tenis>
			<Fotbal>
				<Mic znacka="adidas" jmeno="roteiro" productNum="t50001" cena="490">12</Mic>
				<Mic znacka="nike" jmeno="euro2008" productNum="t50002" cena="390">7</Mic>
			</Fotbal>
			<Volejbal>
				<Mic znacka="nike" jmeno="euro2006" productNum="t70001" cena="390">2</Mic>
			</Volejbal>
			<Hokej>
				<Hrac>
					
					<Hokejka znacka="bauer" delka="150" zahnuti="leva" productNum="t60001" cena="1000" material="drevo">0</Hokejka>
				</Hrac>
				<Brankar>
					<Betony znacka="Bauer" productNum="t60002" cena="5000">2</Betony>
				</Brankar>
			</Hokej>
		</SportovniNacini>
	</Zbozi>
	<Nakupy>
		<Nakup>
			<Datum>21.2.2014</Datum>
			<Polozka link="t10001"></Polozka>
			<Polozka link="t50002"></Polozka>
		</Nakup>
		<Nakup>
			<Datum>21.2.2014</Datum>
			<Polozka link="t30001"></Polozka>
			<Polozka link="t30002"></Polozka>
			<Polozka link="t40001"></Polozka>
			<Polozka link="t50002"></Polozka>
			<Polozka link="t50001"></Polozka>
			<Polozka link="t70001"></Polozka>
		</Nakup>
		<Nakup>
			<Datum>21.2.2014</Datum>
			<Polozka link="t50002"></Polozka>
		</Nakup>
	</Nakupy>
</SportObchod>