<?xml version="1.0" encoding="UTF-8"?>
<?xml-stylesheet type="text/xsl" href="transform2html.xsl"?>

<!DOCTYPE databaze_serialu SYSTEM "data.dtd">

<!-- databáze aktuálně vysílaných seriálů s diváky a jejich oblíbenými serály -->
<databaze_serialu>
	<!-- divák reprezentuje jednoho člověka, který sleduje seriály -->
	<divaci>
		<divak id="d_id1" datum_registrace="11.02.2011">
			<!-- divákovy osobní údaje -->
			<osobni_udaje>
				<jmeno>Franta</jmeno>
				<prijmeni>Vomáčka</prijmeni>
				<vek>23</vek>
				<vzdelani>&strsm;</vzdelani>
				<mesto>Praha</mesto>
			</osobni_udaje>
			<!-- zde jsou divákovy oblíbené seriálky včetně referencí na jejich ID -->
			<oblibene_serialy>
				<oblib_serial ref_id="s_id1" misto_sledovani="počítač">Big Bang Theory
					<hodnoceni>9/10</hodnoceni>
				</oblib_serial>
				<oblib_serial ref_id="s_id8" misto_sledovani="počítač">IT Crowd
					<hodnoceni>9/10</hodnoceni>
				</oblib_serial>
				<oblib_serial ref_id="s_id9" misto_sledovani="televize">Futurama
					<hodnoceni>8/10</hodnoceni>
				</oblib_serial>
				<oblib_serial ref_id="s_id10" misto_sledovani="televize">Simpsonovi
					<hodnoceni>10/10</hodnoceni>
				</oblib_serial>
			</oblibene_serialy>
		</divak>
		<divak id="d_id2" datum_registrace="10.03.2011">
			<osobni_udaje>
				<jmeno>Pepa</jmeno>
				<prijmeni>Skočdopole</prijmeni>
				<vek>30</vek>
				<vzdelani>&vys;</vzdelani>
				<mesto>Praha</mesto>
				<telefon>650121232</telefon>
			</osobni_udaje>
			<oblibene_serialy>
				<oblib_serial ref_id="s_id4" misto_sledovani="počítač">Dexter
					<hodnoceni>10/10</hodnoceni>
				</oblib_serial>
				<oblib_serial ref_id="s_id5" misto_sledovani="počítač">Dr. House
					<hodnoceni>10/10</hodnoceni>
				</oblib_serial>
				<oblib_serial ref_id="s_id7" misto_sledovani="počítač">Chuck
					<hodnoceni>9/10</hodnoceni>
				</oblib_serial>
			</oblibene_serialy>
		</divak>
		<divak id="d_id3" datum_registrace="20.03.2011">
			<osobni_udaje>
				<jmeno>Tereza</jmeno>
				<prijmeni>Nováková</prijmeni>
				<vek>26</vek>
				<vzdelani>&vys;</vzdelani>
				<mesto>Brno</mesto>
			</osobni_udaje>
			<oblibene_serialy>
				<oblib_serial ref_id="s_id4" misto_sledovani="počítač">Dexter
					<hodnoceni>9/10</hodnoceni>
				</oblib_serial>
				<oblib_serial ref_id="s_id1" misto_sledovani="počítač">Big Bang Theory
					<hodnoceni>10/10</hodnoceni>
					</oblib_serial>
			</oblibene_serialy>
		</divak>
	</divaci>
	<!-- seznam seriálů -->
	<serialy>
		<serial id="s_id1">
			<nazev>Big Bang Theory</nazev>
			<zanr>komedie</zanr>
			<technicke_parametry>
				<zacatek_vysilani>2007</zacatek_vysilani>
				<konec_vysilani/>
				<delka_epizody>20 minut</delka_epizody>
			</technicke_parametry>
			<hlavni_postavy>
				<postava>
					<jmeno>Shledon</jmeno>
					<herec>Jim Parsons</herec>
				</postava>
				<postava>
					<jmeno>Leonard Hofstadter</jmeno>
					<herec>Johnny Galecki</herec>
				</postava>
				<postava>
					<jmeno>Penny</jmeno>
					<herecka>Kaley Cuoco</herecka>
				</postava>
				<postava>
					<jmeno>Howard Wolowitz</jmeno>
					<herec>Simon Helberg</herec>
				</postava>
				<postava>
					<jmeno>Raj Koothrappali</jmeno>
					<herec>Kunal Nayyar</herec>
				</postava>
			</hlavni_postavy>
		</serial>
		<serial id="s_id2">
			<nazev>Breaking Bad</nazev>
			<zanr>krimi</zanr>
			<zanr>drama</zanr>
			<technicke_parametry>
				<zacatek_vysilani>2008</zacatek_vysilani>
				<konec_vysilani/>
				<delka_epizody>45 minut</delka_epizody>
			</technicke_parametry>
			<hlavni_postavy>
				<postava>
					<jmeno>Walter White</jmeno>
					<herec>Bryan Cranston</herec>
				</postava>
				<postava>
					<jmeno>Skyler White</jmeno>
					<herecka>Anna Gunn</herecka>
				</postava>
				<postava>
					<jmeno>Jesse Pinkman</jmeno>
					<herec>Aaron Paul</herec>
				</postava>
				<postava>
					<jmeno>Hank Schrader</jmeno>
					<herec>Dean Norris</herec>
				</postava>
				<postava>
					<jmeno>Marie Schrader</jmeno>
					<herecka>Betsy Brandt</herecka>
				</postava>
				<postava>
					<jmeno>Walter White Jr.</jmeno>
					<herec>RJ Mitte</herec>
				</postava>
			</hlavni_postavy>
		</serial>
		<serial id="s_id3">
			<nazev>Californication</nazev>
			<zanr>komedie</zanr>
			<zanr>drama</zanr>
			<technicke_parametry>
				<zacatek_vysilani>2007</zacatek_vysilani>
				<konec_vysilani/>
				<delka_epizody>30 minut</delka_epizody>
			</technicke_parametry>
			<hlavni_postavy>
				<postava>
					<jmeno>Hank Moody</jmeno>
					<herec>David Duchovny</herec>
				</postava>
				<postava>
					<jmeno>Karen</jmeno>
					<herecka>Natascha McElhone</herecka>
				</postava>
				<postava>
					<jmeno>Becca Moody</jmeno>
					<herecka>Madeleine Martin</herecka>
				</postava>
				<postava>
					<jmeno>Charlie Runkle</jmeno>
					<herec>Evan Handler</herec>
				</postava>
				<postava>
					<jmeno>Marcy Runkle</jmeno>
					<herecka>Pamela Adlon</herecka>
				</postava>
			</hlavni_postavy>
		</serial>
		<serial id="s_id4">
			<nazev>Dexter</nazev>
			<zanr>krimi</zanr>
			<zanr>drama</zanr>
			<zanr>thriller</zanr>
			<technicke_parametry>
				<zacatek_vysilani>2006</zacatek_vysilani>
				<konec_vysilani/>
				<delka_epizody>60 minut</delka_epizody>
			</technicke_parametry>
			<hlavni_postavy>
				<postava>
					<jmeno>Dexter Morgan</jmeno>
					<herec>Michael C. Hall</herec>
				</postava>
				<postava>
					<jmeno>Debra Morgan</jmeno>
					<herecka>Jennifer Carpenter</herecka>
				</postava>
				<postava>
					<jmeno>Lt. Maria Laguerta</jmeno>
					<herecka>Lauren Vélez</herecka>
				</postava>
				<postava>
					<jmeno>Sgt. Angel Batista</jmeno>
					<herec>David Zayas</herec>
				</postava>
			</hlavni_postavy>
		</serial>
		<serial id="s_id5">
			<nazev>House MD</nazev>
			<zanr>drama</zanr>
			<technicke_parametry>
				<zacatek_vysilani>2004</zacatek_vysilani>
				<konec_vysilani/>
				<delka_epizody>45 minut</delka_epizody>
			</technicke_parametry>
			<hlavni_postavy>
				<postava>
					<jmeno>Dr. Gregory House</jmeno>
					<herec>Hugh Laurie</herec>
				</postava>
				<postava>
					<jmeno>Dr. James Wilson</jmeno>
					<herec>Robert Sean Leonard</herec>
				</postava>
				<postava>
					<jmeno>Dr. Lisa Cuddy</jmeno>
					<herecka>Lisa Edelstein</herecka>
				</postava>
				<postava>
					<jmeno>Dr. Eric Foreman</jmeno>
					<herec>Omar Epps</herec>
				</postava>
				<postava>
					<jmeno>Dr. Robert Chase</jmeno>
					<herec>Jesse Spencer</herec>
				</postava>
			</hlavni_postavy>
		</serial>
		<serial id="s_id6">
			<nazev>How I Met Your Mother</nazev>
			<zanr>komedie</zanr>
			<technicke_parametry>
				<zacatek_vysilani>2005</zacatek_vysilani>
				<konec_vysilani/>
				<delka_epizody>20 minut</delka_epizody>
			</technicke_parametry>
			<hlavni_postavy>
				<postava>
					<jmeno>Ted Mosby</jmeno>
					<herec>Josh Radnor</herec>
				</postava>
				<postava>
					<jmeno>Marshall Eriksen</jmeno>
					<herec>Jason Segel</herec>
				</postava>
				<postava>
					<jmeno>Robin Scherbatsky</jmeno>
					<herecka>Cobie Smulders</herecka>
				</postava>
				<postava>
					<jmeno>Barney Stinson</jmeno>
					<herec>Neil Patrick Harris</herec>
				</postava>
				<postava>
					<jmeno>Lily Aldrin</jmeno>
					<herecka>Alyson Hannigan</herecka>
				</postava>
			</hlavni_postavy>
		</serial>
		<serial id="s_id7">
			<nazev>Chuck</nazev>
			<zanr>akční</zanr>
			<zanr>komedie</zanr>
			<zanr>drama</zanr>
			<technicke_parametry>
				<zacatek_vysilani>2007</zacatek_vysilani>
				<konec_vysilani/>
				<delka_epizody>45 minut</delka_epizody>
			</technicke_parametry>
			<hlavni_postavy>
				<postava>
					<jmeno>Chuck Bartowski</jmeno>
					<herec>Zachary Levi</herec>
				</postava>
				<postava>
					<jmeno>Sarah Walker</jmeno>
					<herecka>Yvonne Strahovski</herecka>
				</postava>
				<postava>
					<jmeno>Ellie Bartowski</jmeno>
					<herecka>Sarah Lancaster</herecka>
				</postava>
				<postava>
					<jmeno>John Casey</jmeno>
					<herec>Adam Baldwin</herec>
				</postava>
				<postava>
					<jmeno>Devon 'Captain Awesome' Woodcomb</jmeno>
					<herec>Ryan McPartlin</herec>
				</postava>
				<postava>
					<jmeno>Morgan Grimes</jmeno>
					<herec>Joshua Gomez</herec>
				</postava>
				<postava>
					<jmeno>Lester Patel</jmeno>
					<herec>Vik Sahay</herec>
				</postava>
				<postava>
					<jmeno>Jeff Barnes</jmeno>
					<herec>Scott Krinsky</herec>
				</postava>
			</hlavni_postavy>
		</serial>
		<serial id="s_id8">
			<nazev>IT Crowd</nazev>
			<zanr>komedie</zanr>
			<technicke_parametry>
				<zacatek_vysilani>2006</zacatek_vysilani>
				<konec_vysilani/>
				<delka_epizody>20 minut</delka_epizody>
			</technicke_parametry>
			<hlavni_postavy>
				<postava>
					<jmeno>Roy</jmeno>
					<herec>Chris O'Dowd</herec>
				</postava>
				<postava>
					<jmeno>Moss</jmeno>
					<herec>Richard Ayoade</herec>
				</postava>
				<postava>
					<jmeno>Jen</jmeno>
					<herecka>Katherine Parkinson</herecka>
				</postava>
			</hlavni_postavy>
		</serial>
		<serial id="s_id9">
			<nazev>Futurama </nazev>
			<zanr>komedie</zanr>
			<zanr>animované</zanr>
			<zanr>sci-fi</zanr>
			<technicke_parametry>
				<zacatek_vysilani>1999</zacatek_vysilani>
				<konec_vysilani/>
				<delka_epizody>30 minut</delka_epizody>
			</technicke_parametry>
			<hlavni_postavy>
				<postava>
					<jmeno>Philip J. Fry</jmeno>
					<herec>Billy West</herec>
				</postava>
				<postava>
					<jmeno>Turanga Leela</jmeno>
					<herecka>Katey Sagal</herecka>
				</postava>
				<postava>
					<jmeno>Bender</jmeno>
					<herec>John Di Maggio</herec>
				</postava>
				<postava>
					<jmeno>Linda</jmeno>
					<herecka>Tress MacNeille</herecka>
				</postava>
			</hlavni_postavy>
		</serial>
		<serial id="s_id10">
			<nazev>The Simpsons</nazev>
			<zanr>komedie</zanr>
			<zanr>animované</zanr>
			<technicke_parametry>
				<zacatek_vysilani>1989</zacatek_vysilani>
				<konec_vysilani/>
				<delka_epizody>22 minut</delka_epizody>
			</technicke_parametry>
			<hlavni_postavy>
				<postava>
					<jmeno>Homer Simpson</jmeno>
					<herec>Dan Castellaneta</herec>
				</postava>
				<postava>
					<jmeno>Marge Simpson</jmeno>
					<herecka>Julie Kavner</herecka>
				</postava>
				<postava>
					<jmeno>Bart Simpson</jmeno>
					<herecka>Nancy Cartwright</herecka>
				</postava>
				<postava>
					<jmeno>Lisa Simpson</jmeno>
					<herecka>Yeardley Smith</herecka>
				</postava>
			</hlavni_postavy>
		</serial>
	</serialy>
	<!--informace-->
	<info>
		<?php echo "V této databázi jsou 2 diváci a 10 seriálů."?>
		<![CDATA[http://www.imdb.com]]>
	</info>
</databaze_serialu>
