<?xml version="1.0" encoding="utf-8"?>

<associates>
  <associate>
    <name>Robert C. Cooper</name> 
      <serial name="StarGate">
        <post>Writer</post>
        <post>Producer</post>  
      </serial>
  </associate>
  <associate>
    <name>Brad Wright</name> 
    <serial name="StarGate">
        <post>Writer</post>
        <post>Producer</post>  
    </serial>
  </associate>
  <associate>
    <name>Marta Kauffman</name> 
    <serial name="Friends">
    <post>Writer</post>
    <post>Producer</post>    
    <post>Director</post>  
    </serial>
  </associate>
  <associate>
    <name>Gary Halvorson</name> 
      <serial name="Friends">
        <post>Director</post>  
      </serial>
      <serial name="Stargate">
        <post>Director</post>  
      </serial>
  </associate>
</associates>
