<?xml version="1.0" encoding="UTF-8"?>
<!-- <!DOCTYPE MHD SYSTEM "data.dtd"> -->

<?PREPROCESS SET1 ?>

<MHD>
	
<!-- SEZNAM ZASTAVEK METRA -->
<!-- ========================================== -->
	
	<zastavka zastID="ZLI" nazev="Zličín" />
	<zastavka zastID="STO" nazev="Stodůlky" />
	<zastavka zastID="LUK" nazev="Luka" />
	<zastavka zastID="LUZ" nazev="Lužiny" />
	<zastavka zastID="HUR" nazev="Hůrka" />
	<zastavka zastID="NBT" nazev="Nové Butovice" />
	<zastavka zastID="JIN" nazev="Jinonice" />
	<zastavka zastID="RAD" nazev="Radlická" />
	<zastavka zastID="SMN" nazev="Smíchovské nádraží" />
	<zastavka zastID="AND" nazev="Anděl" />
	<zastavka zastID="KAN" nazev="Karlovo náměstí" />
	<zastavka zastID="NAT" nazev="Národní třída" />
	<zastavka zastID="MUS" nazev="Můstek" />
	<zastavka zastID="NAR" nazev="Náměstí republiky" />
	<zastavka zastID="FLO" nazev="Florenc" />
	<zastavka zastID="KRI" nazev="Křižíkova" />
	<zastavka zastID="INV" nazev="Invalidovna" />
	<zastavka zastID="PAL" nazev="Palmovka" />
	<zastavka zastID="CSM" nazev="Českomoravská" />
	<zastavka zastID="VYS" nazev="Vysočanská" />
	<zastavka zastID="KOL" nazev="Kolbenova" />
	<zastavka zastID="HLO" nazev="Hloubětín" />
	<zastavka zastID="RAZ" nazev="Rajská zahrada" />
	<zastavka zastID="CEM" nazev="Černý most" />
	
	
<!-- DALSI ZASTAVKY -->	
<!-- ========================================== -->
	
	<zastavka zastID="MZM" nazev="Most Závodu míru" pasmo="0" />
	<zastavka zastID="ZNM" nazev="Zbraslavké náměstí" pasmo="0" />
	
	<zastavka zastID="PCH" nazev="Petrov - Chlomek" pasmo="2" />
	<zastavka zastID="PET" nazev="Petrov" pasmo="2" />


<!-- LINKY METRA -->	
<!-- ========================================== -->
	
	<linka druh="metro" linID="MB" nazev="B" >
		<zastavkaNaLince zastID="ZLI" />
		<zastavkaNaLince zastID="STO" />
		<zastavkaNaLince zastID="LUK" />
		<zastavkaNaLince zastID="LUZ" />
		<zastavkaNaLince zastID="HUR" />
		<zastavkaNaLince zastID="NBT" />
		<zastavkaNaLince zastID="JIN" />
		<zastavkaNaLince zastID="RAD" />
		<zastavkaNaLince zastID="SMN" />
		<zastavkaNaLince zastID="AND" />
		<zastavkaNaLince zastID="KAN" />
		<zastavkaNaLince zastID="NAT" />
		<zastavkaNaLince zastID="MUS" />
		<zastavkaNaLince zastID="NAR" />
		<zastavkaNaLince zastID="FLO" />
		<zastavkaNaLince zastID="KRI" />
		<zastavkaNaLince zastID="INV" />
		<zastavkaNaLince zastID="PAL" />
		<zastavkaNaLince zastID="CSM" />
		<zastavkaNaLince zastID="VYS" />
		<zastavkaNaLince zastID="KOL" />
		<zastavkaNaLince zastID="HLO" />
		<zastavkaNaLince zastID="RAZ" />
		<zastavkaNaLince zastID="CEM" />
	</linka>
	
	
<!-- LINKY AUTOBUSU -->	
<!-- ========================================== -->

	<linka druh="bus" nazev="246" linID="B246">
		<zastavkaNaLince zastID="SMN" />
		<zastavkaNaLince zastID="MZM" naZnameni="ano" />
	</linka>
	
	<linka druh="bus" nazev="333" linID="B333">
		<zastavkaNaLince zastID="FLO" />
		<zastavkaNaLince zastID="PAL" naZnameni="ano" />
		<zastavkaNaLince zastID="KOL" />
		<zastavkaNaLince zastID="CEM" />
	</linka>
	
	<linka druh="bus" nazev="335" linID="B335">
		<zastavkaNaLince zastID="LUK" />
		<zastavkaNaLince zastID="AND"/>
		<zastavkaNaLince zastID="MZM" />
	</linka>
	
	<linka druh="bus" nazev="231" linID="B231">
		<zastavkaNaLince zastID="KOL" />
		<zastavkaNaLince zastID="HLO" />
		<zastavkaNaLince zastID="RAZ" naZnameni="ano" />
		<zastavkaNaLince zastID="CEM" />
	</linka>	
	
<!-- ZAMESTNANCI -->	
<!-- ========================================== -->
	
	<zamestnanci odd="Řidiči">
	
		<zamestnanec zamID="z001" jmeno="Karel" prijmeni="Novák" platovaTrida="1">
			
			<adresa>
				<ulice nazev="Dlouhá" >
					<cisloVUlici druh="popisne" c="400" />
					<cisloVUlici druh="orientacni" c="40" />
				</ulice>
				<mesto nazev="Praha" />
				<PSC psc="110 00" />
			</adresa>
			
			<heslo><![CDATA[ xxx1<58|'5 ]]></heslo>			
			
			<poznamka>Večer nevolat na pevnou linku.</poznamka>
			<poznamka><b>POZOR: </b>Nesnáší oslovení <i>Karlíčku!</i></poznamka>
			
		</zamestnanec>
		
		<zamestnanec zamID="z002" jmeno="Frank" prijmeni="O'Harra" platovaTrida="2">
			
			<adresa>
				<ulice nazev="V Kopřivách" >
					<cisloVUlici druh="orientacni" c="22" />
				</ulice>
				<mesto nazev="Praha" />
				<PSC psc="120 00" />
			</adresa>
			
		</zamestnanec>		
		
		<zamestnanec zamID="z003" jmeno="František" prijmeni="Ohrada" platovaTrida="1">
			
			<adresa>
				<ulice nazev="Veselá" >
					<cisloVUlici druh="orientacni" c="12345" />
				</ulice>
				<mesto nazev="Praha" />
				<PSC psc="111 22" />
			</adresa>
			
		</zamestnanec>	
		
	</zamestnanci>
	
<!-- REVIZORI -->	
<!-- ========================================== -->

<seznamKontrol>

	<kontrola ID="k001">
		<pasazerOP>111222333</pasazerOP>
		<pokuta castka="1000" za="neplaceneJizdne" />
	</kontrola>
	
	<kontrola ID="k002">
		<pasazerOP>111222444</pasazerOP>
		<pokuta castka="1000" za="neplaceneJizdne" />
		<pokuta castka="800" za="vytrznost" />
	</kontrola>
	
	<kontrola ID="k003">
		<pasazerOP>111222333</pasazerOP>
		<pokuta castka="2000" za="neplaceneJizdne" />
		<pokuta castka="1000" za="predlozeniNeplatnehoDokladu" />
		<pokuta castka="800" za="vytrznost" />
	</kontrola>
	
	<kontrola ID="k004">
		<pasazerOP>111222555</pasazerOP>
		<pokuta castka="1000" za="neplaceneJizdne" />
	</kontrola>
	
	<kontrola ID="k005">
		<pasazerOP>111222444</pasazerOP>
		<pokuta castka="1000" za="neplaceneJizdne" />
	</kontrola>

</seznamKontrol>
	
</MHD>
