<?xml version="1.0" encoding="UTF-8"?>
	
<Zprava>
	<Zamestnanec Jmeno="Jarek Novak">
		<Ulice>U studanky 15</Ulice>
		<Mesto>Praha 3</Mesto>
		<PSC>15200</PSC>
		<CisloKarty>1234</CisloKarty>
		<VelikostBot>42</VelikostBot>
		<Zajmy>
			hudba cteni tanec
		</Zajmy>
	</Zamestnanec>
	
	<Zamestnanec Jmeno="Josef Vokrk" Prezdivka="Pepik">
		<Ulice>U privozu 34</Ulice>
		<Mesto>Brno</Mesto>
		<PSC>23456</PSC>
		<CisloKarty>4567</CisloKarty>
		<VelikostBot>nezadana</VelikostBot>
		<Zajmy>
			fotbal hokej basketbal
		</Zajmy>
	</Zamestnanec>

	<Firma Nazev="Rohliky s.r.o">
		<Ulice>Prvomajova 23</Ulice>
		<Mesto>Praha 2</Mesto>
		<PSC>15000</PSC>
	</Firma>
</Zprava>