<?xml version="1.0" encoding="utf-8" ?>
<!DOCTYPE klinika SYSTEM "data.dtd"
  [
  <!ENTITY nase_adresa "Veterinarni klinika Vetcentrum a.s., Obuvnicka 14, Praha, 16200">
  <!ENTITY jmeno_kliniky "Vetcentrum a.s.">
  ]
>
<klinika>
  <pacienti>
    <pacient PID="P2">
      <majitel MID="M7">
        <jmeno_prijmeni>Josef Novak</jmeno_prijmeni>
        <adresa>
          <ulice>Kvetnova 4</ulice>
          <mesto>Praha</mesto>
          <PSC>16000</PSC>
        </adresa>
        <telefon>+420223456789</telefon>
      </majitel>
      <jmeno>Rex</jmeno>
      <druh>Pes</druh>
      <rasa>Nemecky ovcak</rasa>
      <pohlavi p="samec"/>
      <vek>5</vek>
      <ockovani>
        <vakcina datum="2011-05-07" plati="ano" vakcina="vzteklina"/>
        <vakcina vakcina="tetanus" datum="2011-05-07" plati="ano"/>
      </ockovani>
      <RegID>R16328</RegID>
      <popis></popis>
      <poznamky>Rad kouse</poznamky>
    </pacient>
    <pacient PID="P6">
      <MajID MID="M7"/>
      <jmeno>Daseňka</jmeno>
      <druh>Pes</druh>
      <rasa>Foxterier</rasa>
      <pohlavi p="samice"/>
      <vek>1</vek>
      <ockovani>
        <vakcina datum="2011-03-04" plati="ano" vakcina="vzteklina"/>
      </ockovani>
      <RegID>S78545</RegID>
    </pacient>
    <pacient PID="P10">
		<MajID MID="M7"/>
		<jmeno>Čenda</jmeno>
		<druh>had</druh>
		<rasa>koralovka</rasa>
		<pohlavi p="samec"/>
		<vek>7</vek>
	</pacient>
    <pacient PID="P9">
      <majitel MID="M5">
        <jmeno_prijmeni>Jan Prasil</jmeno_prijmeni>
        <adresa>
          <ulice>Pod Drahou 5</ulice>
          <mesto>Horomerice</mesto>
          <PSČ>25262</PSČ>
        </adresa>
        <telefon>+420358752392</telefon>
      </majitel>
      <jmeno>Eda</jmeno>
      <druh>Zelva</druh>
      <rasa>Zelva ozdobna</rasa>
      <pohlavi p="samec"/>
      <vek>13</vek>
      <poznamky>Poskozeny krunyr</poznamky>
    </pacient>
    <pacient PID="P11">
		<majitel MID="M11">
			<jmeno_prijmeni>Tomas Karel</jmeno_prijmeni>
			<adresa>
				<ulice>Tomanova 11</ulice>
				<mesto>Praha 6</mesto>
				<PSČ>16200</PSČ>
			</adresa>
			<telefon>+420225698341</telefon>
		</majitel>
		<jmeno>Karlik</jmeno>
		<druh>papusek</druh>
		<rasa>Ara</rasa>
		<pohlavi p="samec"/>
		<vek>12</vek>
		<ockovani>
			<vakcina vakcina="ptaci pseudomor" datum="2008-08-11"/>
		</ockovani>
	</pacient>
  </pacienti>
  <veterinari>
  <veterinar VetID="L7" pozice="lekar" titul="MVDr.">
      <jmeno_prijmeni>Zdenek Skalpel</jmeno_prijmeni>
      <adresa>
        <ulice>Víezna 2</ulice>
        <mesto>Praha</mesto>
        <PSČ>12200</PSČ>
      </adresa>
      <telefon>+420245927883</telefon>
    </veterinar>
    <veterinar VetID="L45" pozice="lekar" titul="MVDr.">
      <jmeno_prijmeni>Petr Vypeceny</jmeno_prijmeni>
      <adresa>
        <ulice>Tresnova 5</ulice>
        <mesto>Praha</mesto>
        <PSČ>15200</PSČ>
      </adresa>
      <telefon>+420245357925</telefon>
    </veterinar>
    <veterinar VetID="S13" pozice="sestra">
      <jmeno_prijmeni>Petra Krasna</jmeno_prijmeni>
      <adresa>
        <ulice>Zlomena 7</ulice>
        <mesto>Praha</mesto>
        <PSČ>13500</PSČ>
      </adresa>
      <telefon>+420256485219</telefon>
    </veterinar>
    <veterinar VetID="S7" pozice="sestra">
      <jmeno_prijmeni>Vladka Vysmata</jmeno_prijmeni>
      <adresa>
        <ulice>Kruhova 5</ulice>
        <mesto>Praha</mesto>
        <PSČ>16100</PSČ>
      </adresa>
      <telefon>+420223698547</telefon>
    </veterinar>
    <veterinar VetID="S5" pozice="sestra" titul="Ing.">
		<jmeno_prijmeni>Karel Stavitel</jmeno_prijmeni>
		<adresa>
			<ulice>Budovatelu 4</ulice>
			<mesto>Praha</mesto>
			<PSČ>12000</PSČ>
		</adresa>
		<telefon>+420224584735</telefon>
	</veterinar>
  </veterinari>
  <navstevy>
    <navsteva datum="2011-05-07" PID="P2">
      <zprava>
        Ockovani. Ockovala <VID VetID="S13"/>
      </zprava>
    </navsteva>
    <navsteva datum="2011-07-11" PID="P2" >
      <zprava>
        <?php echo="" Date=""("d.m.Y")?>
        Zatrzeny drapek. Osetril <VID VetID="L45">Petra Krasna</VID>. &nase_adresa;
        <?TISKARNA TiskniZpravu()?>
      </zprava>
    </navsteva>
    <navsteva datum="2012-02-29" PID="P6">
      <zprava>
        <?php echo="" Date=""("d.m.Y")?>
        Kastrace. Lekar <VID VetID="L45">MVDr. Petr Vypeceny</VID>. &nase_adresa;
        <?TISKARNA TiskniZpravu()?>
      </zprava>
    </navsteva>
    <navsteva datum="2011-10-12" PID="P6">
      <zprava>
        <?php echo="" Date=""("d.m.Y")?>
        Ockovani. Ockovala <VID VetID="S7">Vladka Vysmata</VID>. &nase_adresa;
        <?TISKARNA TiskniZpravu()?>
      </zprava>
    </navsteva>
    <navsteva datum="2012-01-07" PID="P9">
      <zprava>
        <?php echo="" Date=""("d.m.Y")?>
        Ustipnuty krunyr. Osetril <VID VetID="L45">MVDr. Petr Vypeceny</VID>. &nase_adresa;
        <?TISKARNA TiskniZpravu()?>
      </zprava>
    </navsteva>
  </navstevy>
  <funkce>
    <![CDATA[
    function Doktori() 
    {
      foreach (Doctor d in Doctors)
        writeln(d.Name_Surname);
    }
    function Pacienti()
    {
      foreach (Patient p in Patients)
        writeln(p.Name);
    }
    ]]>
  </funkce>
</klinika>