<?xml version="1.0" encoding="UTF-8" ?>
<!DOCTYPE kuchyne PUBLIC "letenky 1.0" "data.dtd">
<!-- 
	Jednoduchý informační systém kuchyně.
	Skládá se ze seznamu surovin (<typySurovin>)
	a pokrmů z nich tvořených (<jidla>).
	-->
<kuchyne>
	<jidla>
		<jidlo typ="hlavniJidlo" id="j1">
			<jmeno>Francouzské topinky</jmeno>
			<suroviny>
				<surovina rid="s1">
					<jmeno>Chléb</jmeno>
					<mnozstvi>
						<hodnota>120</hodnota>
						<jednotka>g</jednotka>
					</mnozstvi>
				</surovina>
				
				<surovina rid="s2">
					<jmeno>Vejce</jmeno>
					<mnozstvi>
						<hodnota>1</hodnota>
						<jednotka>ks</jednotka>
					</mnozstvi>
				</surovina>
				<surovina rid="s3">
					<jmeno>Mléko</jmeno>
					<mnozstvi>
						<hodnota>50</hodnota>
						<jednotka>ml</jednotka>
					</mnozstvi>
				</surovina>
				<surovina rid="s4" typ="koreni">
					<jmeno>Pepř</jmeno>
				</surovina>
				
				<surovina rid="s5" typ="koreni">
					<jmeno>Sůl</jmeno>
				</surovina>
				
				<surovina rid="s6" typ="pomucka">
					<jmeno>Olej</jmeno>
					<mnozstvi>
						<hodnota>10</hodnota>
						<jednotka>ml</jednotka>
					</mnozstvi>
				</surovina>
				
			</suroviny>
			<recept>
				Rozklepneme <surovinaOdkaz rid="s2">vejce</surovinaOdkaz> a smícháme s <surovinaOdkaz rid="s3">mlékem</surovinaOdkaz>,
				<surovinaOdkaz rid="s5">osolíme</surovinaOdkaz> a <surovinaOdkaz rid="s4">opepříme</surovinaOdkaz>.<br />
				<surovinaOdkaz rid="s1">Chléb</surovinaOdkaz> nakrájíme na středně tenké krajíce, namočíme v rozmíchaných vejcích a osmažíme.<br />
				Podáváme se zeleninou.
			</recept>
			<dobaPripravy></dobaPripravy>
			<pocetPorci>1</pocetPorci>
			<narocnostPripravy>1</narocnostPripravy>
			<hodnoceni>2.5</hodnoceni>
			<obrazky>
				<obrazek>francouzskeTopinky</obrazek>
			</obrazky>
			<zdroj><autor>Adam</autor></zdroj>
			<datumPridani>10.3. 2011</datumPridani>
			<naposledyVareno>10.3. 2011</naposledyVareno>
		</jidlo>
		
		<jidlo typ="moucnik" id="j2">
			<jmeno>Bábovka</jmeno>
			<suroviny>
				<surovina rid="s2">
					<jmeno>Vejce</jmeno>
					<mnozstvi>
						<hodnota>3</hodnota>
						<jednotka>ks</jednotka>
					</mnozstvi>
				</surovina>
				<surovina rid="s3">
					<jmeno>Mléko</jmeno>
					<mnozstvi>
						<hodnota>300</hodnota>
						<jednotka>ml</jednotka>
					</mnozstvi>
				</surovina>
				
				<surovina rid="s8">
					<jmeno>Mouka</jmeno>
					<mnozstvi>
						<hodnota>300</hodnota>
						<jednotka>g</jednotka>
					</mnozstvi>
				</surovina>
				
				<surovina rid="s6">
					<jmeno>Olej</jmeno>
					<mnozstvi>
						<hodnota>100</hodnota>
						<jednotka>ml</jednotka>
					</mnozstvi>
				</surovina>
			</suroviny>
			<recept>
					Nic			
			</recept>
			<dobaPripravy></dobaPripravy>
			<pocetPorci>1</pocetPorci>
			<narocnostPripravy>1</narocnostPripravy>
			<hodnoceni>2.5</hodnoceni>
			<datumPridani>20.3. 2011</datumPridani>
			<naposledyVareno>15.3. 2011</naposledyVareno>
		</jidlo>
		
		<jidlo typ="moucnik" id="j3">
			<jmeno>Štrůdl</jmeno>
			<suroviny>
				<surovina rid="s2">
					<jmeno>Vejce</jmeno>
					<mnozstvi>
						<hodnota>3</hodnota>
						<jednotka>ks</jednotka>
					</mnozstvi>
				</surovina>
				
				<surovina rid="s8">
					<jmeno>Mouka</jmeno>
					<mnozstvi>
						<hodnota>200</hodnota>
						<jednotka>g</jednotka>
					</mnozstvi>
				</surovina>
				
				<surovina rid="s6">
					<jmeno>Olej</jmeno>
					<mnozstvi>
						<hodnota>100</hodnota>
						<jednotka>ml</jednotka>
					</mnozstvi>
				</surovina>
				
				<surovina rid="s9">
					<jmeno>Jablka</jmeno>
					<mnozstvi>
						<hodnota>3</hodnota>
						<jednotka>ks</jednotka>
					</mnozstvi>
				</surovina>
			</suroviny>
			<recept>
							
			</recept>
			<dobaPripravy></dobaPripravy>
			<pocetPorci>1</pocetPorci>
			<narocnostPripravy>1</narocnostPripravy>
			<hodnoceni>2.5</hodnoceni>
			<datumPridani>20.4. 2011</datumPridani>
			<naposledyVareno>15.4. 2011</naposledyVareno>
		</jidlo>
	</jidla>
<!--  ===	TYPY SUROVIN: ===  -->
	<typySurovin>
		<typSuroviny id="s1">
			<jmeno>Chléb</jmeno>
			<obrazek>chleb.jpg</obrazek>
				<baleni>
					<mnozstvi>
						<hodnota>1000</hodnota>
						<jednotka>g</jednotka>
					</mnozstvi>
					<cenaJednotky>30</cenaJednotky>
					<energieJednotky>8000</energieJednotky>
				</baleni>
		</typSuroviny>
		
		
		<typSuroviny id="s2">
			<jmeno>Vejce</jmeno>
			<baleni>
					<mnozstvi>
						<hodnota>1</hodnota>
						<jednotka>ks</jednotka>
					</mnozstvi>
				<cenaJednotky>3</cenaJednotky>
				<energieJednotky>400</energieJednotky>
			</baleni>
		</typSuroviny>
		
		<typSuroviny id="s3">
			<jmeno>Mléko</jmeno>
			<baleni>
				<mnozstvi>
						<hodnota>1000</hodnota>
						<jednotka>ml</jednotka>
				</mnozstvi>
				<cenaJednotky>19</cenaJednotky>
				<energieJednotky>2000</energieJednotky>
			</baleni>
		</typSuroviny>
		
		<typSuroviny id="s4">
			<jmeno>Pepř</jmeno>
		</typSuroviny>
		
		<typSuroviny id="s5">
			<jmeno>Sůl</jmeno>
		</typSuroviny>
		
		<typSuroviny id="s6">
			<jmeno>Olej</jmeno>
			<baleni>
				<mnozstvi>
						<hodnota>1000</hodnota>
						<jednotka>ml</jednotka>
				</mnozstvi>
				<cenaJednotky>42</cenaJednotky>
				<energieJednotky>37000</energieJednotky>
			</baleni>
		</typSuroviny>
			
		<typSuroviny id="s7">
			<jmeno>Kečup</jmeno>
			<baleni>
				<mnozstvi>
						<hodnota>500</hodnota>
						<jednotka>ml</jednotka>
				</mnozstvi>
				<cenaJednotky>32</cenaJednotky>
				<energieJednotky>6000</energieJednotky>
			</baleni>
		</typSuroviny>
			
		<typSuroviny id="s8">
			<jmeno>Mouka</jmeno>
			<baleni>
				<mnozstvi>
						<hodnota>1000</hodnota>
						<jednotka>g</jednotka>
				</mnozstvi>
				<cenaJednotky>20</cenaJednotky>
				<energieJednotky>2000</energieJednotky>
			</baleni>
		</typSuroviny>
			
		<typSuroviny id="s9">
			<jmeno>Jablka</jmeno>
			<baleni>
				<mnozstvi>
						<hodnota>1</hodnota>
						<jednotka>ks</jednotka>
				</mnozstvi>
				<cenaJednotky>5</cenaJednotky>
				<energieJednotky>500</energieJednotky>
			</baleni>
		</typSuroviny>
	</typySurovin>
</kuchyne>