<?xml version="1.0" encoding="UTF-8" ?>
<!-- 
	-->
	<jidla>
		
		
		<jidlo typ="moucnik" id="j2">
			<jmeno>Bábovka</jmeno>
			<suroviny>
				<surovina rid="s2">
					<jmeno>Vejce</jmeno>
					<mnozstvi>
						<hodnota>3</hodnota>
						<jednotka>ks</jednotka>
					</mnozstvi>
				</surovina>
				<surovina rid="s3">
					<jmeno>Mléko</jmeno>
					<mnozstvi>
						<hodnota>300</hodnota>
						<jednotka>ml</jednotka>
					</mnozstvi>
				</surovina>
				
				<surovina rid="s8">
					<jmeno>Mouka</jmeno>
					<mnozstvi>
						<hodnota>300</hodnota>
						<jednotka>g</jednotka>
					</mnozstvi>
				</surovina>
				
				<surovina rid="s6">
					<jmeno>Olej</jmeno>
					<mnozstvi>
						<hodnota>100</hodnota>
						<jednotka>ml</jednotka>
					</mnozstvi>
				</surovina>
			</suroviny>
			<recept>
					Nic			
			</recept>
			<dobaPripravy></dobaPripravy>
			<pocetPorci>1</pocetPorci>
			<narocnostPripravy>1</narocnostPripravy>
			<hodnoceni>2.5</hodnoceni>
			<datumPridani>20.3. 2011</datumPridani>
			<naposledyVareno>15.3. 2011</naposledyVareno>
		</jidlo>
		
		<jidlo typ="moucnik" id="j3">
			<jmeno>Štrůdl</jmeno>
			<suroviny>
				<surovina rid="s2">
					<jmeno>Vejce</jmeno>
					<mnozstvi>
						<hodnota>3</hodnota>
						<jednotka>ks</jednotka>
					</mnozstvi>
				</surovina>
				
				<surovina rid="s8">
					<jmeno>Mouka</jmeno>
					<mnozstvi>
						<hodnota>200</hodnota>
						<jednotka>g</jednotka>
					</mnozstvi>
				</surovina>
				
				<surovina rid="s6">
					<jmeno>Olej</jmeno>
					<mnozstvi>
						<hodnota>100</hodnota>
						<jednotka>ml</jednotka>
					</mnozstvi>
				</surovina>
				
				<surovina rid="s9">
					<jmeno>Jablka</jmeno>
					<mnozstvi>
						<hodnota>3</hodnota>
						<jednotka>ks</jednotka>
					</mnozstvi>
				</surovina>
			</suroviny>
			<recept>
							
			</recept>
			<dobaPripravy></dobaPripravy>
			<pocetPorci>1</pocetPorci>
			<narocnostPripravy>1</narocnostPripravy>
			<hodnoceni>2.5</hodnoceni>
			<datumPridani>20.4. 2011</datumPridani>
			<naposledyVareno>15.4. 2011</naposledyVareno>
		</jidlo>
	</jidla>