<?xml version="1.0" encoding="UTF-8" ?>
	<typySurovin>
		<typSuroviny id="s1">
			<jmeno>Chléb</jmeno>
			<obrazek>chleb.jpg</obrazek>
				<baleni>
					<mnozstvi>
						<hodnota>1000</hodnota>
						<jednotka>g</jednotka>
					</mnozstvi>
					<cenaJednotky>30</cenaJednotky>
					<energieJednotky>5000</energieJednotky>
				</baleni>
        <baleni>
					<mnozstvi>
						<hodnota>600</hodnota>
						<jednotka>g</jednotka>
					</mnozstvi>
					<cenaJednotky>20</cenaJednotky>
					<energieJednotky>3000</energieJednotky>
				</baleni>
		</typSuroviny>
		
		
		<typSuroviny id="s2">
			<jmeno>Vejce</jmeno>
			<baleni>
					<mnozstvi>
						<hodnota>1</hodnota>
						<jednotka>ks</jednotka>
					</mnozstvi>
				<cenaJednotky>3</cenaJednotky>
				<energieJednotky>400</energieJednotky>
			</baleni>
		</typSuroviny>
		
		<typSuroviny id="s3">
			<jmeno>Mléko</jmeno>
			<baleni>
				<mnozstvi>
						<hodnota>1000</hodnota>
						<jednotka>ml</jednotka>
				</mnozstvi>
				<cenaJednotky>19</cenaJednotky>
				<energieJednotky>2000</energieJednotky>
			</baleni>
		</typSuroviny>
		
		<typSuroviny id="s4">
			<jmeno>Pepř</jmeno>
		</typSuroviny>
		
		<typSuroviny id="s5">
			<jmeno>Sůl</jmeno>
		</typSuroviny>
		
		<typSuroviny id="s6">
			<jmeno>Olej</jmeno>
			<baleni>
				<mnozstvi>
						<hodnota>1000</hodnota>
						<jednotka>ml</jednotka>
				</mnozstvi>
				<cenaJednotky>42</cenaJednotky>
				<energieJednotky>37000</energieJednotky>
			</baleni>
		</typSuroviny>
			
		<typSuroviny id="s7">
			<jmeno>Kečup</jmeno>
			<baleni>
				<mnozstvi>
						<hodnota>500</hodnota>
						<jednotka>ml</jednotka>
				</mnozstvi>
				<cenaJednotky>32</cenaJednotky>
				<energieJednotky>6000</energieJednotky>
			</baleni>
		</typSuroviny>
			
		<typSuroviny id="s8">
			<jmeno>Mouka</jmeno>
			<baleni>
				<mnozstvi>
						<hodnota>1000</hodnota>
						<jednotka>g</jednotka>
				</mnozstvi>
				<cenaJednotky>20</cenaJednotky>
				<energieJednotky>2000</energieJednotky>
			</baleni>
		</typSuroviny>
			
		<typSuroviny id="s9">
			<jmeno>Jablka</jmeno>
			<baleni>
				<mnozstvi>
						<hodnota>1</hodnota>
						<jednotka>ks</jednotka>
				</mnozstvi>
				<cenaJednotky>5</cenaJednotky>
				<energieJednotky>500</energieJednotky>
			</baleni>
		</typSuroviny>
	</typySurovin>