<?xml version="1.0" encoding="UTF-8"?>
<matches>
<match>
<home id="pp"/>
<away id="drw"/>

				<goal side="pp" time="7:18"/>
				<goal side="pp" time="24:33"/>
				<penalty player="Evgeniy Stoichkof" minutes="5" type="roughing" time="59:58"/>
				
				<winner>pp</winner>
</match>

<match>
<home id="cb"/>
<away id="sjs"/>

				<goal side="cb" time="19:08"/>
				<goal side="cb" time="24:21"/>
				<goal side="cb" time="44:51"/>
				<goal side="cb" time="54:11"/>
				<penalty player="Jamie Langenbrunner" minutes="5" type="roughing" time="59:58"/>
				<penalty player="Kevin Lough" minutes="5" type="roughing" time="59:58"/>
				<penalty player="Marc Modalo" minutes="5" type="roughing" time="59:58"/>
				
				<winner>cb</winner>
</match>

<match>
<home id="vc"/>
<away id="sjs"/>

				<goal side="vc" time="17:18"/>
				<goal side="vc" time="56:21"/>
				<penalty player="Jim Hound" minutes="5" type="roughing" time="59:58"/>
				<penalty player="Mike Douna" minutes="5" type="roughing" time="59:58"/>
				
				<winner>vc</winner>
</match>
</matches>