<?xml version="1.0" encoding="UTF-8"?>

<players>
<player>
	<name>Jamie Langenbrunner</name>
	<info>Has 4 children, happy family, interested in $$$</info>
</player>

<player>
	<name>Glen Beck</name>
	<info>Republican, popular TV host, religious</info>
</player>

<player>
	<name>William McLancaster</name>
	<info>A scotish person</info>
</player>

<player>
	<name>Hugo Mortensen</name>
	<info>Hideously ugly, has nuchback</info>
</player>

<player>
	<name>Evgeniy Stoichkof</name>
	<info>Russian patriot, distant Putin's cousin</info>
</player>
</players>

