<?xml version="1.0" encoding="UTF-8"?>
<Knihovna>
	<Autori>
		<Autor DatumNarozeni="1564" DatumUmrti="23-04-1616" Id="A1">
			<JmenoAutora>
				William Shakespeare
			</JmenoAutora>
		</Autor>
		<Autor DatumNarozeni="03-01-1892" DatumUmrti="02-09-1973" Id="A2">
			<JmenoAutora>
				John Ronald Reuel Tolkien
			</JmenoAutora>
		</Autor>
		<Autor DatumNarozeni="03-01-1892" DatumUmrti="02-09-1973" Id="A3">
			<JmenoAutora>
				J. K. Rowling
			</JmenoAutora>
		</Autor>
		<Autor DatumNarozeni="19-08-1988" Id="A4">
			<JmenoAutora>
				Veronica Roth
			</JmenoAutora>
		</Autor>
	</Autori>
	<?dbapp end_authors?>
	<Knihy><!-- Knihy reprezentuji jednotlive tituly. -->
		<Kniha Autor="A1" VKnihovne="ne" Id="k11">
			<NazevKnihy>
				Hamlet
			</NazevKnihy>
			<Kapitoly>
				<Kapitola>
					<NazevKapitoly>
						Prvni kapitola
					</NazevKapitoly>
				</Kapitola>
				<Kapitola>
					<NazevKapitoly>
						Druha kapitola
					</NazevKapitoly>
				</Kapitola>
			</Kapitoly>
			<RokVydani>
				1603
			</RokVydani>
			<KnihaDalsiInfo>
				<![CDATA[<cosi>dalsi data knihy</cosi>]]>					
			</KnihaDalsiInfo>
		</Kniha>
		<Kniha Autor="A3" VKnihovne="ne" Id="k234">
			<NazevKnihy>
				Harry Potter a Kámen mudrců
			</NazevKnihy>
			<RokVydani>
				2000
			</RokVydani>
		</Kniha>
		<Kniha Autor="A3" VKnihovne="ne" Id="k21">
			<NazevKnihy>
				Harry Potter a Tajemná komnata
			</NazevKnihy>
			<RokVydani>
				2000
			</RokVydani>
		</Kniha>
		<Kniha Autor="A3" VKnihovne="ne" Id="k34">
			<NazevKnihy>
				Harry Potter a vězeň z Azkabanu
			</NazevKnihy>
			<RokVydani>
				2001
			</RokVydani>
		</Kniha>
		<Kniha Autor="A3" VKnihovne="ne" Id="k44">
			<NazevKnihy>
				Harry Potter a Ohnivý pohár
			</NazevKnihy>
			<RokVydani>
				2001
			</RokVydani>
		</Kniha>
		<Kniha Autor="A3" VKnihovne="ne" Id="k43">
			<NazevKnihy>
				Harry Potter a Fénixův řád
			</NazevKnihy>
			<RokVydani>
				2004
			</RokVydani>
		</Kniha>
		<Kniha Autor="A3" VKnihovne="ne" Id="k35">
			<NazevKnihy>
				Harry Potter a princ dvojí krve
			</NazevKnihy>
			<RokVydani>
				2005
			</RokVydani>
		</Kniha>
		<Kniha Autor="A3" VKnihovne="ne" Id="k36">
			<NazevKnihy>
				Harry Potter a Relikvie smrti
			</NazevKnihy>
			<RokVydani>
				2008
			</RokVydani>
		</Kniha>
		<Kniha Autor="A2" VKnihovne="ne" Jazyk="EN" Id="k38">
			<NazevKnihy>
				The Lord of the Rigns - The Fellowship of the Ring
			</NazevKnihy>
			<RokVydani>
				1954
			</RokVydani>
		</Kniha>
		<Kniha Autor="A2" VKnihovne="ne" Jazyk="EN" Id="k92">
			<NazevKnihy>
				The Lord of the Rigns - The Two Towers
			</NazevKnihy>
			<RokVydani>
				1954
			</RokVydani>
		</Kniha>
		<Kniha Autor="A2" VKnihovne="ne" Jazyk="EN" Id="k99">
			<NazevKnihy>
				The Lord of the Rigns - The Return of the King
			</NazevKnihy>
			<RokVydani>
				1955
			</RokVydani>
		</Kniha>
	</Knihy>
	<Svazky><!-- Svazky jsou konkretni vytisky knih. -->
		<InstanceKnihy Kniha="k38">
			<KoupenoDatum>
				2010-08-11
			</KoupenoDatum>
			<KolikratVypujceno>
				244
			</KolikratVypujceno>
			<Vypujceno />
			<NaPobocce>
				Praha 9
			</NaPobocce>
		</InstanceKnihy>
		<InstanceKnihy Kniha="k92">
			<KoupenoDatum>
				2000-09-13
			</KoupenoDatum>
			<KolikratVypujceno>
				169
			</KolikratVypujceno>
			<Vypujceno />
			<NaPobocce>
			</NaPobocce>
		</InstanceKnihy>
		<InstanceKnihy Kniha="k99">
			<KoupenoDatum>
				1984-02-12
			</KoupenoDatum>
			<KolikratVypujceno>
				450
			</KolikratVypujceno>
			<Vypujceno />
			<NaPobocce>
				Praha 6
			</NaPobocce>
		</InstanceKnihy>
	</Svazky>
</Knihovna>
