<?xml version="1.0" encoding="UTF-8"?>
<!DOCTYPE football SYSTEM "data.dtd">

<football>
	<version>&status;</version>
	<date><?php echo Date("d.m.Y")?></date>
	<text>
	<![CDATA[
	Text with forbidden stuff like & or <> etc.
	]]>
	</text>
	
	<league name="czech">
		<team id="plzen">
			<full_name>Viktoria Plzen</full_name>
			<coach>
				<name>Pavel</name>
				<surname>Vrba</surname>
				<age>60</age>
			</coach>
			<players>
				<player id="Kozacik" position="G"/>
				<player id="Reznik" position="D"/>
				<player id="Cisovsky" position="D"/>
				<player id="Prochazka" position="D"/>
				<player id="Limbersky" position="D"/>
				<player id="Horvath" position="M"/>
				<player id="Rajtoral" position="M"/>
				<player id="Kolar" position="M"/>
				<player id="Kovarik" position="M"/>
				<player id="Tecl" position="A"/>
				<player id="Bakos" position="A"/>
			</players>
		</team>

		<team id="sparta">
			<full_name>Sparta Praha</full_name>
			<coach>
				<name>Vitezslav </name>
				<surname>Lavicka</surname>
				<age>49</age>
			</coach>
			<players>
				<player id="Vaclik" position="G"/>
				<player id="Zapotocny" position="D"/>
				<player id="Svejdik" position="D"/>
				<player id="Holek" position="D"/>
				<player id="Pamic" position="D"/>
				<player id="Kadlec" position="M"/>
				<player id="Vacha" position="M"/>
				<player id="Matejovsky" position="M"/>
				<player id="Krejci" position="M"/>
				<player id="Kweuke" position="A"/>
				<player id="Lafata" position="A"/>
			</players>
		</team>

		<team id="slavia">
			<full_name>Slavia Praha</full_name>
			<coach>
				<name>Petr</name>
				<surname>Rada</surname>
				<age>54</age>
			</coach>
			<players>
				<player id="Contofalsky" position="G"/>
				<player id="Nitriansky" position="D"/>
				<player id="Bortel" position="D"/>
				<player id="Dobrotka" position="D"/>
				<player id="Juhar" position="D"/>
				<player id="Vosahlik" position="M"/>
				<player id="Gecov" position="M"/>
				<player id="Petrak" position="M"/>
				<player id="Zmrhal" position="M"/>
				<player id="Skutka" position="A"/>
				<player id="Fenin" position="A"/>
			</players>
		</team>

		<team id="ostrava">
			<full_name>Banik Ostrava</full_name>
			<coach>
				<name>Martin</name>
				<surname>Pulpit</surname>
				<age>46</age>
			</coach>
			<players>
				<player id="Barta" position="G"/>
				<player id="Frydrych" position="D"/>
				<player id="Vomacka" position="D"/>
				<player id="Kapralik" position="D"/>
				<player id="Stary" position="D"/>
				<player id="Fantis" position="M"/>
				<player id="Droppa" position="M"/>
				<player id="Hable" position="M"/>
				<player id="Kukec" position="M"/>
				<player id="Milosavljev" position="M"/>
				<player id="Baros" position="A"/>
			</players>
		</team>			
		
		<round number="1">
			<match>
				<team_home id="plzen"/>
				<team_away id="sparta"/>
				<score>
					<home>6</home>
					<away>0</away>
				</score>
				<goal who="Bakos" when="1"/>
				<goal who="Horvath" when="10"/>
				<goal who="Bakos" when="20"/>
				<goal who="Horvath" when="30"/>
				<goal who="Bakos" when="45"/>
				<goal who="Horvath" when="90"/>
			</match>
			<match>
				<team_home id="slavia"/>
				<team_away id="ostrava"/>
				<score>
					<home>1</home>
					<away>1</away>
				</score>
				<goal who="Fenin" when="64"/>
				<goal who="Baros" when="82"/>
			</match>			
		</round>
		
		<round number="2">
			<match>
				<team_home id="plzen"/>
				<team_away id="slavia"/>
				<score>
					<home>3</home>
					<away>0</away>
				</score>
				<goal who="Bakos" when="26"/>
				<goal who="Bakos" when="57"/>
				<goal who="Horvath" when="84"/>
			</match>
			<match>
				<team_home id="sparta"/>
				<team_away id="ostrava"/>
				<score>
					<home>2</home>
					<away>1</away>
				</score>
				<goal who="Baros" when="5"/>
				<goal who="Kweuke" when="60"/>
				<goal who="Lafata" when="88"/>
			</match>			
		</round>
		
		<round number="3">
			<match>
				<team_home id="plzen"/>
				<team_away id="ostrava"/>
				<score>
					<home>11</home>
					<away>0</away>
				</score>
				<goal who="Bakos" when="5"/>
				<goal who="Bakos" when="12"/>
				<goal who="Bakos" when="27"/>
				<goal who="Bakos" when="39"/>
				<goal who="Horvath" when="45"/>
				<goal who="Horvath" when="53"/>
				<goal who="Horvath" when="62"/>
				<goal who="Horvath" when="69"/>
				<goal who="Kozacik" when="75"/>
				<goal who="Kozacik" when="84"/>
				<goal who="Baros" when="90" own="A"/>
			</match>
			<match>
				<team_home id="sparta"/>
				<team_away id="slavia"/>
				<score>
					<home>0</home>
					<away>0</away>
				</score>
			</match>			
		</round>
		
		<round number="4">
			<match>
				<team_home id="sparta"/>
				<team_away id="plzen"/>
				<score>
					<home>0</home>
					<away>3</away>
				</score>
				<goal who="Bakos" when="47"/>
				<goal who="Horvath" when="61"/>
				<goal who="Bakos" when="88"/>
			</match>
			<match>
				<team_home id="ostrava"/>
				<team_away id="slavia"/>
				<score>
					<home>1</home>
					<away>2</away>
				</score>
				<goal who="Fenin" when="10"/>
				<goal who="Fenin" when="60"/>
				<goal who="Baros" when="89"/>
			</match>			
		</round>
		
		<round number="5">
			<match>
				<team_home id="slavia"/>
				<team_away id="plzen"/>
				<score>
					<home>0</home>
					<away>1</away>
				</score>
				<goal who="Horvath" when="34"/>
			</match>
			<match>
				<team_home id="ostrava"/>
				<team_away id="sparta"/>
				<score>
					<home>0</home>
					<away>1</away>
				</score>
				<goal who="Lafata" when="70"/>
			</match>			
		</round>
		
		<round number="6">
			<match>
				<team_home id="ostrava"/>
				<team_away id="plzen"/>
				<score>
					<home>0</home>
					<away>4</away>
				</score>
				<goal who="Baros" when="17" own="A"/>
				<goal who="Horvath" when="46"/>
				<goal who="Bakos" when="77"/>
				<goal who="Horvath" when="89"/>
			</match>
			<match>
				<team_home id="slavia"/>
				<team_away id="sparta"/>
				<score>
					<home>1</home>
					<away>0</away>
				</score>
				<goal who="Fenin" when="59"/>
			</match>			
		</round>
	</league>
</football>
