<?xml version="1.0" encoding="UTF-8"?>
<LeagueOfLegends>
	<Champions>
		<Champion>
			<Name>Nocturne</Name>
			<Description>the Eternal Nightmare</Description>
			<MainRole>Assassin</MainRole>
			<Abilities>
				<Passive>Umbra Blades</Passive>
				<First>Duskbringer</First>
				<Second>Shroud of Darkness</Second>
				<Third>Unspeakable Horror</Third>
				<Ultimate>Paranoia</Ultimate>
			</Abilities>
		</Champion>
		<Champion>
			<Name>Jinx</Name>
			<Description>the Loose Cannon</Description>
			<MainRole>Marksman</MainRole>
			<Abilities>
				<Passive>Get Excited!</Passive>
				<First>Switcheroo!</First>
				<Second>Zap!</Second>
				<Third>Flame Chompers!</Third>
				<Ultimate>Flame Chompers!</Ultimate>
			</Abilities>
		</Champion>
		<Champion>
			<Name>Syndra</Name>
			<Description>the Dark Sovereign</Description>
			<MainRole>Mage</MainRole>
			<Abilities>
				<Passive>Transcendent</Passive>
				<First>Dark Sphere</First>
				<Second>Force of Will</Second>
				<Third>Scatter the Weak</Third>
				<Ultimate>Unleashed Power</Ultimate>
			</Abilities>
		</Champion>
		<Champion>
			<Name>Orianna</Name>
			<Description>the Lady of Clockwork</Description>
			<MainRole>Mage</MainRole>
			<Abilities>
				<Passive>Clockwork Windup</Passive>
				<First>Command: Attack</First>
				<Second>Command: Dissonance</Second>
				<Third>Command: Protect</Third>
				<Ultimate>Command: Shockwave</Ultimate>
			</Abilities>
		</Champion>
		<Champion>
			<Name>Kha'Zix</Name>
			<Description>the Voidreaver</Description>
			<MainRole>Assassin</MainRole>
			<Abilities>
				<Passive>Unseen Threat</Passive>
				<First>Taste Their Fear</First>
				<Second>Void Spike</Second>
				<Third>Leap</Third>
				<Ultimate>Void Assault</Ultimate>
			</Abilities>
		</Champion>
		<Champion>
			<Name>Zed</Name>
			<Description>the Master of Shadows</Description>
			<MainRole>Assassin</MainRole>
			<Abilities>
				<Passive>Contempt for the Weak</Passive>
				<First>Razor Shuriken</First>
				<Second>Living Shadow</Second>
				<Third>Shadow Slash</Third>
				<Ultimate>Death Mark</Ultimate>
			</Abilities>
		</Champion>
		<Champion>
			<Name>Ziggs</Name>
			<Description>the Hexplosives Expert</Description>
			<MainRole>Mage</MainRole>
			<Abilities>
				<Passive>Short Fuse</Passive>
				<First>Bouncing Bomb</First>
				<Second>Satchel Charge</Second>
				<Third>Hexplosive Minefield</Third>
				<Ultimate>Mega Inferno Bomb</Ultimate>
			</Abilities>
		</Champion>
	</Champions>
	<Lanes>
		<Top>
			<Champion name="Nocturne"/>
			<Champion name="Kha'Zix"/>
			<Champion name="Zed"/>
		</Top>
		<Middle>
			<Champion name="Syndra"/>
			<Champion name="Orianna"/>
			<Champion name="Kha'Zix"/>
			<Champion name="Zed"/>
			<Champion name="Ziggs"/>
		</Middle>
		<Carry>
			<Champion name="Jinx"/>
		</Carry>		
		<Support>
			<Champion name="Orianna"/>
		</Support>
		<Jungle>
			<Champion name="Nocturne"/>
			<Champion name="Kha'Zix"/>
			<Champion name="Zed"/>
		</Jungle>
	</Lanes>
</LeagueOfLegends>
