<?xml version="1.0"?>
<herci-sw>
  <osoba kod="H0001">
    <udaje>
      <jmeno>Harrison Ford</jmeno>
      <adresa>Prazska 1, Praha, 100 00</adresa>
    </udaje>
    <oceneny-film>
      <kod>FILM001</kod>
      <oceneni>1</oceneni>
    </oceneny-film>
    <oceneny-film>
      <kod>FILM005</kod>
      <oceneni>2</oceneni>
    </oceneny-film>
  </osoba>
  <osoba kod="H0002">
    <udaje>
      <jmeno>Mark Hamill</jmeno>
      <adresa>Brnenska 2, Brno, 200 00</adresa>
    </udaje>
    <oceneny-film>
      <kod>FILM002</kod>
      <oceneni>5</oceneni>
    </oceneny-film>
    <oceneny-film>
      <kod>FILM003</kod>
      <oceneni>1</oceneni>
    </oceneny-film>
  </osoba>
  <osoba kod="H0003">
    <udaje>
      <jmeno>Carrie Fisher</jmeno>
      <adresa>Prazska 1, Praha, 100 00</adresa>
    </udaje>
    <oceneny-film>
      <kod>FILM001</kod>
      <oceneni>5</oceneni>
    </oceneny-film>
    <oceneny-film>
      <kod>FILM002</kod>
      <oceneni>1</oceneni>
    </oceneny-film>
  </osoba>
</herci-sw>
