<?xml version="1.0"?>
<filmy>
        <film>
                <kod>SWE01</kod>
                <nazev>Star Wars: Epizoda I - Skrytá hrozba</nazev>
                <podobne>
                        <podobny kod="SWE02">Star Wars 2</podobny>
                </podobne>
        </film>
        <film>
                <kod>SWE04</kod>
                <nazev>Star Wars: Epizoda IV - Nová naděje</nazev>
                <podobne>
                        <podobny kod="SWE05">Hvezdne Valky V</podobny>
                        <podobny kod="SWE06">Hvezdne Valky VI</podobny>
                </podobne>
        </film>
        <film>
                <kod>SWE05</kod>
                <nazev>Star Wars: Epizoda V - Impérium vrací úder</nazev>
                <podobne>
                        <podobny kod="SWE04">Hvezdne Valky 4</podobny>
                        <podobny kod="SWE06">Hvezdne Valky 6</podobny>
                </podobne>
        </film>
        <film>
                <kod>SWE06</kod>
                <nazev>Star Wars: Epizoda VI - Návrat Jediho</nazev>
                <podobne>
                        <podobny kod="SWE01">Star Wars Ep. 1</podobny>
                        <podobny kod="SWE04">Hvezdne Valky IV</podobny>
                        <podobny kod="SWE05">Hvezdne Valky V</podobny>
                </podobne>
        </film>
        <film>
                <kod>ST10</kod>
                <nazev>Star Trek X: Nemesis</nazev>
                <podobne>
                        <podobny kod="ST07">Generations</podobny>
                        <podobny kod="ST08">First Contact</podobny>
                        <podobny kod="SWE06">Return of the Jedi</podobny>
                </podobne>
        </film>
        <film>
                <kod>SWE02</kod>
                <nazev>Star Wars: Episode II</nazev>
                <podobne>
                </podobne>
        </film>
</filmy>
