<?xml version="1.0"?>
<st>
  <herci>
    <muz kod="H0001">
      <vlozeno>19.9.2007</vlozeno>
      <osoba kod="Z001" />
      <oceneny-film>
        <cislo>FILM001</cislo>
        <pocet-oceneni>1</pocet-oceneni>
      </oceneny-film>
      <oceneny-film>
        <cislo>FILM005</cislo>
        <pocet-oceneni>2</pocet-oceneni>
      </oceneny-film>
    </muz>
    <muz kod="H0002">
      <vlozeno>19.9.2007</vlozeno>
      <osoba kod="Z002" />
      <oceneny-film>
        <cislo>FILM004</cislo>
        <pocet-oceneni>1</pocet-oceneni>
      </oceneny-film>
    </muz>
    <zena kod="H0003">
      <vlozeno>20.9.2007</vlozeno>
      <osoba kod="Z003" />
      <oceneny-film>
        <cislo>FILM002</cislo>
        <pocet-oceneni>4</pocet-oceneni>
      </oceneny-film>
      <oceneny-film>
        <cislo>FILM001</cislo>
        <pocet-oceneni>2</pocet-oceneni>
      </oceneny-film>
    </zena>
  </herci>
  <osoby>
    <osoba kod="Z001">
      <jmeno>William Shatner</jmeno>
      <adresa>
        <ulice>Smrkova 11</ulice>
        <mesto>Smrkov</mesto>
        <psc>111 11</psc>
      </adresa>
    </osoba>
    <osoba kod="Z002">
      <jmeno>Leonard Nimoy</jmeno>
      <adresa>
        <ulice>Borovicova 22</ulice>
        <mesto>Borov</mesto>
        <psc>222 22</psc>
      </adresa>
    </osoba>
  </osoby>
</st>
