<?xml version="1.0" encoding="UTF-8"?>
<vsichni-herci><!--
integrace informacich o hercich z ruznych filmu
ze souboru info1.xml a info2.xml
--><herec>
      <kod>I2-H0003</kod>
      <vlozeno>20.9.2007</vlozeno>
      <jmeno/>
      <pohlavi>zena</pohlavi>
      <adresa>, , </adresa>
      <oceneni>6</oceneni>
   </herec>
   <herec>
      <kod>I1-H0003</kod>
      <vlozeno/>
      <jmeno>Carrie Fisher</jmeno>
      <pohlavi/>
      <adresa>Prazska 1, Praha, 100 00</adresa>
      <oceneni>6</oceneni>
   </herec>
   <herec>
      <kod>I1-H0001</kod>
      <vlozeno/>
      <jmeno>Harrison Ford</jmeno>
      <pohlavi/>
      <adresa>Prazska 1, Praha, 100 00</adresa>
      <oceneni>3</oceneni>
   </herec>
   <herec>
      <kod>I2-H0002</kod>
      <vlozeno>19.9.2007</vlozeno>
      <jmeno>Leonard Nimoy</jmeno>
      <pohlavi>muz</pohlavi>
      <adresa>Borovicova 22, Borov, 222 22</adresa>
      <oceneni>1</oceneni>
   </herec>
   <herec>
      <kod>I1-H0002</kod>
      <vlozeno/>
      <jmeno>Mark Hamill</jmeno>
      <pohlavi/>
      <adresa>Brnenska 2, Brno, 200 00</adresa>
      <oceneni>6</oceneni>
   </herec>
   <herec>
      <kod>I2-H0001</kod>
      <vlozeno>19.9.2007</vlozeno>
      <jmeno>William Shatner</jmeno>
      <pohlavi>muz</pohlavi>
      <adresa>Smrkova 11, Smrkov, 111 11</adresa>
      <oceneni>3</oceneni>
   </herec>
</vsichni-herci>