<?xml version="1.0" encoding="UTF-8"?><x:html xmlns:x="http://www.w3.org/1999/xhtml" xml:lang="cs" lang="cs">
   <!--
vytvoreni tabulky se seznamem hercu a udajich o nich ze souboru data.xml,
vystup ho XHTML,
vyskytly se problemy s namespace - diskusi a reseni jsem nasel tady:
http://x-query.com/pipermail/talk/2007-March/001929.html
a proto pouzivam prefix x: a teprve pak je to validni )
-->
   <x:head>
      <meta http-equiv="Content-Type" content="text/html; charset=UTF-8" />
      <x:title>Herci</x:title><x:style type="text/css">
        table {border: 2px solid green;}
        td {border: 1px solid green;}</x:style></x:head>
   <x:body>
      <x:table>
         <x:tr>
            <x:td><x:b>Kod</x:b></x:td>
            <x:td><x:b>Jmeno</x:b></x:td>
            <x:td><x:b>Vek</x:b></x:td>
            <x:td><x:b>Typ role</x:b></x:td>
            <x:td><x:b>Postava</x:b></x:td>
         </x:tr>
         <x:tr>
            <x:td>h407</x:td>
            <x:td>Alec Guinness</x:td>
            <x:td>60</x:td>
            <x:td>vedlejsi</x:td>
            <x:td> </x:td>
         </x:tr>
         <x:tr>
            <x:td>h405</x:td>
            <x:td>Anthony Daniels</x:td>
            <x:td>20</x:td>
            <x:td>hlavni</x:td>
            <x:td>C-3PO</x:td>
         </x:tr>
         <x:tr>
            <x:td>h504</x:td>
            <x:td>Anthony Daniels</x:td>
            <x:td>20</x:td>
            <x:td>hlavni</x:td>
            <x:td>C-3PO</x:td>
         </x:tr>
         <x:tr>
            <x:td>h508</x:td>
            <x:td>Billy Dee Williams</x:td>
            <x:td>36</x:td>
            <x:td>vedlejsi</x:td>
            <x:td>Lando Calrissian</x:td>
         </x:tr>
         <x:tr>
            <x:td>h403</x:td>
            <x:td>Carrie Fisher</x:td>
            <x:td>25</x:td>
            <x:td>hlavni</x:td>
            <x:td>Leia Organa</x:td>
         </x:tr>
         <x:tr>
            <x:td>h503</x:td>
            <x:td>Carrie Fisher</x:td>
            <x:td>25</x:td>
            <x:td>hlavni</x:td>
            <x:td>Leia Organa</x:td>
         </x:tr>
         <x:tr>
            <x:td>h507</x:td>
            <x:td>Frank Oz</x:td>
            <x:td>16</x:td>
            <x:td>hlavni</x:td>
            <x:td>mistr Yoda</x:td>
         </x:tr>
         <x:tr>
            <x:td>h410</x:td>
            <x:td>Garrick Hagon</x:td>
            <x:td>25</x:td>
            <x:td>vedlejsi</x:td>
            <x:td> </x:td>
         </x:tr>
         <x:tr>
            <x:td>h401</x:td>
            <x:td>Harrison Ford</x:td>
            <x:td>28</x:td>
            <x:td>hlavni</x:td>
            <x:td>Han Solo</x:td>
         </x:tr>
         <x:tr>
            <x:td>h501</x:td>
            <x:td>Harrison Ford</x:td>
            <x:td>28</x:td>
            <x:td>hlavni</x:td>
            <x:td>Han Solo</x:td>
         </x:tr>
         <x:tr>
            <x:td>h406</x:td>
            <x:td>James Earl Jones</x:td>
            <x:td>40</x:td>
            <x:td>hlavni</x:td>
            <x:td>Darth Vader</x:td>
         </x:tr>
         <x:tr>
            <x:td>h505</x:td>
            <x:td>James Earl Jones</x:td>
            <x:td>40</x:td>
            <x:td>hlavni</x:td>
            <x:td>Darth Vader</x:td>
         </x:tr>
         <x:tr>
            <x:td>h408</x:td>
            <x:td>Kenny Baker</x:td>
            <x:td>18</x:td>
            <x:td>hlavni</x:td>
            <x:td>R2-D2</x:td>
         </x:tr>
         <x:tr>
            <x:td>h506</x:td>
            <x:td>Kenny Baker</x:td>
            <x:td>18</x:td>
            <x:td>hlavni</x:td>
            <x:td>R2-D2</x:td>
         </x:tr>
         <x:tr>
            <x:td>h402</x:td>
            <x:td>Mark Hamill</x:td>
            <x:td>25</x:td>
            <x:td>hlavni</x:td>
            <x:td>Luke Skywalker</x:td>
         </x:tr>
         <x:tr>
            <x:td>h502</x:td>
            <x:td>Mark Hamill</x:td>
            <x:td>25</x:td>
            <x:td>hlavni</x:td>
            <x:td>Luke Skywalker</x:td>
         </x:tr>
         <x:tr>
            <x:td>h404</x:td>
            <x:td>Peter Cushing</x:td>
            <x:td>40</x:td>
            <x:td>vedlejsi</x:td>
            <x:td> </x:td>
         </x:tr>
         <x:tr>
            <x:td>h409</x:td>
            <x:td>Peter Mayhew</x:td>
            <x:td>30</x:td>
            <x:td>vedlejsi</x:td>
            <x:td> </x:td>
         </x:tr>
      </x:table>
   </x:body>
</x:html>