<?xml version="1.0" encoding="UTF-8"?>
<filmy><!--
Doplneni informaci tykajicich se hercu v souboru data.xml 
o bydliste a pocet ziskanych oceneni, ze souboru info1.xml 
--><film->
      <nazev>Star Wars: Epizoda IV</nazev>
      <stav dostupnost="dvd"/>
      <reziser id="r100001">
         <jmeno>George Lucas</jmeno>
         <email>george@starwars.com</email>
         <telefon>123456789</telefon>
         <adresa ulice="Avenue" cp="1" mesto="Hollywood" psc="54321"/>
         <natocil>
            <odkaz typ="film" cil="f1204">Tento film</odkaz>
            <odkaz typ="film" cil="f1205">Další film</odkaz>
         </natocil>
      </reziser>
      <natocen>1977</natocen>
      <herci>
         <herec>
            <jmeno>Harrison Ford</jmeno>
            <cislo>h401</cislo>
            <vek>28</vek>
            <role>hlavni</role>
            <postava>Han Solo</postava>
            <adresa>Prazska 1, Praha, 100 00</adresa>
            <pocet-oceneni>3</pocet-oceneni>
         </herec>
         <herec>
            <jmeno>Mark Hamill</jmeno>
            <cislo>h402</cislo>
            <vek>25</vek>
            <role>hlavni</role>
            <postava>Luke Skywalker</postava>
            <adresa>Brnenska 2, Brno, 200 00</adresa>
            <pocet-oceneni>6</pocet-oceneni>
         </herec>
         <herec>
            <jmeno>Carrie Fisher</jmeno>
            <cislo>h403</cislo>
            <vek>25</vek>
            <role>hlavni</role>
            <postava>Leia Organa</postava>
            <adresa>Prazska 1, Praha, 100 00</adresa>
            <pocet-oceneni>6</pocet-oceneni>
         </herec>
      </herci>
      <poznamka>
                        Tento film dostal spoustu ocenění.
                </poznamka>
   </film->
   <film->
      <nazev>Star Wars: Epizoda V</nazev>
      <stav dostupnost="kino"/>
      <reziser>
         <reg_číslo id="r100001">George Lucas</reg_číslo>
      </reziser>
      <natocen>2001</natocen>
      <herci>
         <herec>
            <jmeno>Harrison Ford</jmeno>
            <cislo>h501</cislo>
            <vek>28</vek>
            <role>hlavni</role>
            <postava>Han Solo</postava>
            <adresa>Prazska 1, Praha, 100 00</adresa>
            <pocet-oceneni>3</pocet-oceneni>
         </herec>
         <herec>
            <jmeno>Mark Hamill</jmeno>
            <cislo>h502</cislo>
            <vek>25</vek>
            <role>hlavni</role>
            <postava>Luke Skywalker</postava>
            <adresa>Brnenska 2, Brno, 200 00</adresa>
            <pocet-oceneni>6</pocet-oceneni>
         </herec>
         <herec>
            <jmeno>Carrie Fisher</jmeno>
            <cislo>h503</cislo>
            <vek>25</vek>
            <role>hlavni</role>
            <postava>Leia Organa</postava>
            <adresa>Prazska 1, Praha, 100 00</adresa>
            <pocet-oceneni>6</pocet-oceneni>
         </herec>
      </herci>
      <poznamka>
                        Film natočený v roce 1980. Je podobný filmu <odkaz typ="film" cil="f1204"/>.
                        Nejlepší herec, co ve filmu hraje: <odkaz typ="herec" cil="h501"/> (Han Solo).
                        
                        Doprovod mu dělají Mark Hamill jako Luke &amp; Carrie Fisher jako Leia.
                        
                </poznamka>
   </film->
</filmy>