<?xml version="1.0" encoding="UTF-8"?>
<filmy><!--
rekurzivni pruchod dokumentem info3.xml,
pro kazdy film se najde seznam podobnych filmu a pokracuje to rekurzivne,
dava se pozor na zacykleni
--><film>
      <kod>ST10</kod>
      <nazev>Star Trek X: Nemesis</nazev>
      <seznam-podobnych-filmu>
         <film>
            <kod>SWE01</kod>
            <nazev>Star Wars: Epizoda I - Skrytá hrozba</nazev>
         </film>
         <film>
            <kod>SWE02</kod>
            <nazev>Star Wars: Episode II</nazev>
         </film>
         <film>
            <kod>SWE04</kod>
            <nazev>Star Wars: Epizoda IV - Nová naděje</nazev>
         </film>
         <film>
            <kod>SWE05</kod>
            <nazev>Star Wars: Epizoda V - Impérium vrací úder</nazev>
         </film>
         <film>
            <kod>SWE06</kod>
            <nazev>Star Wars: Epizoda VI - Návrat Jediho</nazev>
         </film>
      </seznam-podobnych-filmu>
   </film>
   <film>
      <kod>SWE01</kod>
      <nazev>Star Wars: Epizoda I - Skrytá hrozba</nazev>
      <seznam-podobnych-filmu>
         <film>
            <kod>SWE02</kod>
            <nazev>Star Wars: Episode II</nazev>
         </film>
      </seznam-podobnych-filmu>
   </film>
   <film>
      <kod>SWE02</kod>
      <nazev>Star Wars: Episode II</nazev>
      <seznam-podobnych-filmu/>
   </film>
   <film>
      <kod>SWE04</kod>
      <nazev>Star Wars: Epizoda IV - Nová naděje</nazev>
      <seznam-podobnych-filmu>
         <film>
            <kod>SWE01</kod>
            <nazev>Star Wars: Epizoda I - Skrytá hrozba</nazev>
         </film>
         <film>
            <kod>SWE02</kod>
            <nazev>Star Wars: Episode II</nazev>
         </film>
         <film>
            <kod>SWE05</kod>
            <nazev>Star Wars: Epizoda V - Impérium vrací úder</nazev>
         </film>
         <film>
            <kod>SWE06</kod>
            <nazev>Star Wars: Epizoda VI - Návrat Jediho</nazev>
         </film>
      </seznam-podobnych-filmu>
   </film>
   <film>
      <kod>SWE05</kod>
      <nazev>Star Wars: Epizoda V - Impérium vrací úder</nazev>
      <seznam-podobnych-filmu>
         <film>
            <kod>SWE01</kod>
            <nazev>Star Wars: Epizoda I - Skrytá hrozba</nazev>
         </film>
         <film>
            <kod>SWE02</kod>
            <nazev>Star Wars: Episode II</nazev>
         </film>
         <film>
            <kod>SWE04</kod>
            <nazev>Star Wars: Epizoda IV - Nová naděje</nazev>
         </film>
         <film>
            <kod>SWE06</kod>
            <nazev>Star Wars: Epizoda VI - Návrat Jediho</nazev>
         </film>
      </seznam-podobnych-filmu>
   </film>
   <film>
      <kod>SWE06</kod>
      <nazev>Star Wars: Epizoda VI - Návrat Jediho</nazev>
      <seznam-podobnych-filmu>
         <film>
            <kod>SWE01</kod>
            <nazev>Star Wars: Epizoda I - Skrytá hrozba</nazev>
         </film>
         <film>
            <kod>SWE02</kod>
            <nazev>Star Wars: Episode II</nazev>
         </film>
         <film>
            <kod>SWE04</kod>
            <nazev>Star Wars: Epizoda IV - Nová naděje</nazev>
         </film>
         <film>
            <kod>SWE05</kod>
            <nazev>Star Wars: Epizoda V - Impérium vrací úder</nazev>
         </film>
      </seznam-podobnych-filmu>
   </film>
</filmy>