<?xml version="1.0" encoding="UTF-8"?>
<!-- stavy rozhodcich -->
<referees>
	<referee licence="AER-234588">
		<state>active</state>
	</referee>
	
	<referee licence="AER-234688">
		<state>inactive</state>
	</referee>
	
	<referee licence="AER-234988">
		<state>inactive</state>
	</referee>
	
	<referee licence="AER-234508">
	<state>active</state>
	</referee>
	
	<!-- rozhodci -->
	<referee licence="AKT-750649">
<state>active</state>
	</referee>
	
	<!-- dalsi rozhodci -->
	<referee licence="AKC-230598">
<state>active</state>
	</referee>

	<referee licence="AKB-950517">
		<state>active</state>
	</referee>

	<referee licence="AKL-950599">
<state>active</state>
	</referee>
</referees>
