<?xml version="1.0" encoding="UTF-8"?>
<eshop xmlns:xsi="http://www.w3.org/2001/XMLSchema-instance" xsi:noNamespaceSchemaLocation="data.xsd">
	<!--Toto je xml dokument sloužící jako jednoduchý export z eshopového systému. -->
    <uzivatele>
        <uzivatel id="o1" osoba="fyzicka">
            <titulpred>Ing.</titulpred>
            <osloveni>Pane inženýre</osloveni>
            <jmeno>Petr</jmeno>
            <prijmeni>Novák</prijmeni>
            <titulza>CSC</titulza>
            <cislo>+420606432432</cislo>
            <email>pepanovak@gmail.com</email>
            <adresa typ="dodaci">
                <ulice>Masarykova
                    <cp>22</cp>
                </ulice>
                <mesto>Kutná Hora</mesto>
                <psc>24567</psc>
                <stat>ČR</stat>
            </adresa>
            <adresa typ="fakturacni">
                <ulice>Tavolníkova
                    <cp>23</cp>
                </ulice>
                <mesto>Praha 4</mesto>
                <psc>23456</psc>
                <stat>ČR</stat>
            </adresa>
            <bonusklub>
                <body>1234</body>
                <recenzeref id="r1"/>
            </bonusklub>
        </uzivatel>
        <uzivatel id="o2" osoba="fyzicka">
            <jmeno>Josef</jmeno>
            <prijmeni>Petr</prijmeni>
            <cislo>721834956</cislo>
            <email>petr.josef@seznam.cz</email>
            <adresa typ="dodaci">
                <ulice>Chlum
                    <cp>32</cp>
                </ulice>
                <mesto>Chlum</mesto>
                <psc>23456</psc>
                <stat>ČR</stat>
            </adresa>
            <bonusklub>
                <body>459</body>
            </bonusklub>
        </uzivatel>
        <uzivatel id="o3" osoba="firma">
            <nazevfirmy typ="as">Alza.cz</nazevfirmy>
            <ico>23234283</ico>
            <dic>23425223423</dic>
            <cislo>253467532</cislo>
            <email>obchod@alza.cz</email>
            <adresa typ="dodaci">
                <ulice>Holešovická
                    <cp>2</cp>
                </ulice>
                <mesto>Praha</mesto>
                <psc>27382</psc>
                <stat>ČR</stat>
            </adresa>
            <adresa typ="fakturacni">
                <ulice>Plaňanská
                    <cp>23</cp>
                </ulice>
                <mesto>Praha</mesto>
                <psc>27323</psc>
                <stat>ČR</stat>
            </adresa>
            <bonusklub>
                <body>1122345</body>
            </bonusklub>
        </uzivatel>
        <uzivatel id="o4" osoba="fyzicka">
            <jmeno>Jan</jmeno>
            <prijmeni>Kott</prijmeni>
            <cislo>675943234</cislo>
            <email>jank@mail.com</email>
            <adresa typ="dodaci">
                <ulice>Lidická
                    <cp>21</cp>
                </ulice>
                <mesto>Vlašim</mesto>
                <psc>25801</psc>
                <stat>sr</stat>
            </adresa>
            <bonusklub>
                <body>23455</body>
                <recenzeref id="r2"/>
                <recenzeref id="r3"/>
            </bonusklub>
        </uzivatel>
    </uzivatele>
    <faktury>
        <faktura id="f1">
            <objednavatel id="o1"/>
            <zbozi id="z1">
                <kusu>2</kusu>
            </zbozi>
            <zbozi id="z3">
                <kusu>1</kusu>
            </zbozi>
            <cena>33456</cena>
        </faktura>
        <faktura id="f2">
            <objednavatel id="o1"/>
            <zbozi id="z4">
                <kusu>3</kusu>
            </zbozi>
            <cena>60000</cena>
        </faktura>
        <faktura id="f3">
            <objednavatel id="o3"/>
            <zbozi id="z1">
                <kusu>2</kusu>
            </zbozi>
            <zbozi id="z3">
                <kusu>3</kusu>
            </zbozi>
            <zbozi id="z4">
                <kusu>5</kusu>
            </zbozi>
            <cena>120000</cena>
        </faktura>
    </faktury>
    <produkty>
        <produkt id="z1">
            <nazev>Myš Genius</nazev>
            <popis>Toto je popis myši.</popis>
            <cena>123</cena>
            <zaruka>36</zaruka>
            <recenze id="r1">
                <nazev>Rozumná myš</nazev>
                <text>Toto je recenze myši jenž stojí pár korun.</text>
                <like>
                    <uzivatelklub id="o1"/>
                    <uzivatelklub id="o3"/>
                </like>
                <unlike>
                    <uzivatelklub id="o2"/>
                </unlike>
            </recenze>
            <recenze id="r2">
                <nazev>Myš k ničemu</nazev>
                <text>Tato myš je absolutně nepoužitelná.</text>
                <like>
                </like>
                <unlike>
                    <uzivatelklub id="o2"/>
                </unlike>
                <comment id="o1">To jsou keci, používat se dá.</comment>
            </recenze>
        </produkt>
        <produkt id="z2">
            <nazev>Notebook Dell</nazev>
            <popis>Notebook, který vyniká ve všem.</popis>
            <cena>32222</cena>
            <zaruka>24</zaruka>
            <recenze id="r3">
                <nazev>Výborný stroj</nazev>
                <text>Jsem naprosto spokojen. Je dobré na něm spustit tento skript <![CDATA[while(true){};]]>
                </text>
                <like>
                    <uzivatelklub id="o1"/>
                    <uzivatelklub id="o4"/>
                </like>
                <unlike>
                </unlike>
                <comment id="o3">To je fakt, též jsem naprosto spokojen.</comment>
            </recenze>
        </produkt>
        <produkt id="z3">
            <nazev>LCD Panasonic</nazev>
            <popis>Vynikající 42 palcová LCD televize do vašeho obýváku.</popis>
            <cena>16878</cena>
            <zaruka>24</zaruka>
        </produkt>
        <produkt id="z4">
            <nazev>Intel core i7</nazev>
            <popis>Nejvýkonnější procesor současnosti.</popis>
            <cena>13000</cena>
            <zaruka>24</zaruka>
        </produkt>
    </produkty>
    <datumgenerovani>
        <?php echoDate("d.m.Y"); ?>
    </datumgenerovani>
</eshop>
