<?xml version="1.0" encoding="utf-8"?>
<produkty>
<produkt id="z1">
			<nazev>Myš Genius</nazev>
			<popis>Toto je popis myši.</popis>
			<cena>123</cena>
			<zaruka>36</zaruka>
			<recenze id="r1">
				<nazev>Rozumná myš</nazev>
				<text>Toto je recenze myši jenž stojí pár korun.</text>
				<like>
					<uzivatelklub id="o1"/>
					<uzivatelklub id="o3"/>
				</like>
				<unlike>
					<uzivatelklub id="o2"/>
				</unlike>
			</recenze>
			<recenze id="r2">
				<nazev>Myš k ničemu</nazev>
				<text>Tato myš je absolutně nepoužitelná.</text>
				<like>
				</like>
				<unlike>
					<uzivatelklub id="o2"/>
				</unlike>
				<comment id="o1">To jsou keci, používat se dá.</comment>
			</recenze>
		</produkt>
		<produkt id="z2">
			<nazev>Notebook Dell</nazev>
			<popis>Notebook, který vyniká ve všem.</popis>
			<cena>32222</cena>
			<zaruka>24</zaruka>
			<recenze id="r3">
				<nazev>Výborný stroj</nazev>
				<text>Jsem naprosto spokojen. Je dobré na něm spustit tento skript <![CDATA[while(true){};]]></text>
				<like>
					<uzivatelklub id="o1"/>
					<uzivatelklub id="o4"/>
				</like>
				<unlike>
				</unlike>
				<comment id="o3">To je fakt, též jsem naprosto spokojen.</comment>
			</recenze>
		</produkt>
		<produkt id="z3">
			<nazev>LCD Panasonic</nazev>
			<popis>Vynikající 42 palcová LCD televize do vašeho obýváku.</popis>
			<cena>16878</cena>
			<zaruka>24</zaruka>
		</produkt>
		<produkt id="z4">
			<nazev>Intel core i7</nazev>
			<popis>Nejvýkonnější procesor současnosti.</popis>
			<cena>13000</cena>
			<zaruka>24</zaruka>
		</produkt>
</produkty>


