<?xml version="1.0" encoding="UTF-8"?>
	<Pobocka 
		xmlns:xsi="http://www.w3.org/2001/XMLSchema-instance"
 		xsi:noNamespaceSchemaLocation="data.xsd">
  		<Vedouci Jmeno="Jan" Prijmeni="Novak"/>
		<Zamestnanci>
			<Zamestnanec ID="A3B" Jmeno="Jan" Prijmeni="Novak" Vek="26">
				<Plat>15000</Plat>
			</Zamestnanec>
			<Zamestnanec ID="A3C" Jmeno="David" Prijmeni="Jancik" Vek="30">
				<Poznamka>Maka, zvazit pridavek</Poznamka>
				<Plat>18000</Plat>
			</Zamestnanec>
			<Zamestnanec ID="A3D" Jmeno="Jana" Prijmeni="Rybarova" Vek="21">
				<Plat>21000</Plat>
			</Zamestnanec>
		</Zamestnanci>	
		<Objednavky>
			<Objednavka objID="OBJ_001">Platna</Objednavka>
			<Objednavka objID="OBJ_002">Neplatna</Objednavka>
			<Objednavka objID="OBJ_003">Platna</Objednavka>
		</Objednavky>
 </Pobocka>