<?xml version="1.0" encoding="UTF-8"?>
<!DOCTYPE hudba SYSTEM "data.dtd">
<!-- "THE BEER-WARE LICENSE" (Revision 42):
 <petr.kalivoda@gmail.com> wrote this file. As long as you retain this notice you
 can do whatever you want with this stuff. If we meet some day, and you think
 this stuff is worth it, you can buy me a beer in return. -->
<hudba>
    <interpreti>
        <interpret id="in-1">
            <název>The Beatles</název>
            <žánr název="RockAndRoll" textový-popis="Rock &amp; roll" />
            <popis>
                <![CDATA[
                    The Beatles byla anglická rock'n'rollová kapela z Liverpoolu. 
                    Jejími členy byli John Lennon (zpěv, doprovodná kytara), Paul McCartney 
                    (zpěv, basová kytara), George Harrison (sólová kytara, zpěv) 
                    a Ringo Starr (bicí, příležitostně zpěv). Patří mezi komerčně 
                    nejúspěšnější a kritiky nejuznávanější kapely v historii populární 
                    hudby. Hudba Beatles je dodnes hraná a oblíbená po celém světě. 
                ]]>
            </popis>
        </interpret>
        <interpret id="in-2">
            <název>Bob Dylan</název>
            <žánr název="Folk" />
            <žánr název="Country" />
            <žánr název="Blues" />
            <popis-v-odkazech>
                Wikipedie CS: <odkaz>http://cs.wikipedia.org/wiki/Bob_Dylan</odkaz>
                Wikipedie EN: <odkaz>http://en.wikipedia.org/wiki/Bob_Dylan</odkaz>
                Oficiální stránky: <odkaz>http://www.bobdylan.com</odkaz>
            </popis-v-odkazech>
        </interpret>
    </interpreti>
    <alba>
        <album interpret-id="in-1" komentář="Fakt dobrý album tyjo.">
            <titul>A hard day's night</titul>
            <producent>George Martin</producent>
            <studio>Abbey Road Studios</studio>
            <label>Parlophone</label>
            <datum-nahrání>10. července 1964</datum-nahrání>
            <datum-vydání>26. července 1964</datum-vydání>
            <délka-celkem>30 minut 45 sekund</délka-celkem>
            <počet-skladeb><?php echo "13";?> <!-- hodně důležitý --></počet-skladeb>
            <jazyk>Anglicky</jazyk>
            <druh>Studiové</druh>
            <skladby>
                <skladba>
                    <jméno>A Hard Day's Night</jméno>
                    <délka>2:34</délka>
                </skladba>
                <skladba>
                    <jméno>I Should Have Known Better</jméno>
                    <délka>2:46</délka>
                </skladba>
                <skladba>
                    <jméno>If I Fell</jméno>
                    <délka>2:24</délka>
                </skladba>
                <skladba>
                    <jméno>I'm Happy Just to Dance with You</jméno>
                    <délka>1:59</délka>
                </skladba>
                <skladba>
                    <jméno>And I Love Her</jméno>
                    <délka>2:33</délka>
                </skladba>
                <skladba>
                    <jméno>Tell Me Why</jméno>
                    <délka>2:12</délka>
                </skladba>
                <skladba>
                    <jméno>Can't Buy Me Love</jméno>
                    <délka>2:14</délka>
                </skladba>
                <skladba>
                    <jméno>Any Time at All</jméno>
                    <délka>2:15</délka>
                </skladba>
                <skladba>
                    <jméno>I'll Cry Instead</jméno>
                    <délka>1:49</délka>
                </skladba>
                <skladba>
                    <jméno>Things We Said Today</jméno>
                    <délka>2:40</délka>
                </skladba>
                <skladba>
                    <jméno>When I Get Home</jméno>
                    <délka>2:20</délka>
                </skladba>
                <skladba>
                    <jméno>You Can't Do That</jméno>
                    <délka>2:39</délka>
                </skladba>
                <skladba>
                    <jméno>I'll Be Back</jméno>
                    <délka>2:20</délka>
                </skladba>
            </skladby>
        </album>
    </alba>
</hudba>
