<?xml version="1.0" encoding="UTF-8"?>
<!DOCTYPE Kino SYSTEM "data.dtd">

<!--
    Document   : data.xml
    Created on : March 1, 2012, 6:14 PM
    Author     : Administrator
    Description:
        Purpose of the document follows.
-->

<Kino>
    <rezervace>
        <!--Vytvoreni rezervace na film do kina-->
        <vstupenky>
            <vstupenka id_vstupenka="v1" id_film="f1">
                <vyzvednuti><?php echo "Vstupenka byla vyzvednuta dne:".Date("d.m.Y")?>
                </vyzvednuti>        
                <zakaznik>
                    <zJmeno>Lubos Dolezal</zJmeno>
                </zakaznik>
                <kino>
                    <kNazev>Cinestar Hradec Kralove</kNazev>
                    <sal>5</sal>
                    <rada>10</rada>
                    <sedadlo>12</sedadlo>
                </kino>
                <cena>160 Kc</cena>
                <sleva/>
                <datum>
                    <den>1.3.12 </den>
                    <cas>15:00</cas>
                </datum>
            </vstupenka>
            <vstupenka id_vstupenka="v3" id_film="f1">
                <vyzvednuti><?php echo "Vstupenka byla vyzvednuta dne:".Date("d.m.Y")?>
                </vyzvednuti>        
                <zakaznik>
                    <zJmeno>Petr Sutak</zJmeno>
                </zakaznik>
                <kino>
                    <kNazev>Cinestar Hradec Kralove</kNazev>
                    <sal>5</sal>
                    <rada>10</rada>
                    <sedadlo>12</sedadlo>
                </kino>
                <cena>160 Kc</cena>
                <sleva/>
                <datum>
                    <den>1.3.12 </den>
                    <cas>15:00</cas>
                </datum>
            </vstupenka>
            <vstupenka id_vstupenka="v1" id_film="f2">
                <vyzvednuti><?php echo "Vstupenka byla vyzvednuta dne:".Date("d.m.Y")?>
                </vyzvednuti>
                <zakaznik>
                    <zJmeno>Vaclav Neckar</zJmeno>
                </zakaznik>
                <kino>
                    <kNazev>Cinestar Praha Andel</kNazev>
                    <sal>1</sal>
                    <rada>35</rada>
                    <sedadlo>18</sedadlo>
                </kino>
                <cena>220 Kc</cena>
                <sleva></sleva>
                <datum>
                    <den>1.3.12 </den>
                    <cas>20:00</cas>
                </datum>
            </vstupenka>
        </vstupenky>
        <filmy>
            <film id_film="f1" proDospele="ne">
        <!--informace o filmu-->
                <fNazev>Forrest Gump</fNazev>
                <zeme>&USA;</zeme>
                <rok>1994</rok>
                <reziser>Robert Zemeckis </reziser>
                <zanr>Drama, komedie, romanticky</zanr>
                <delka>142 min</delka>
                <titulky>anglicke</titulky>
                <herci>
                	<herec>Tom Hanks</herec>
                    <herec>Robin Wright</herec>
                    <herec>Gary Sinise</herec>
                </herci>
                <popis><![CDATA[Tom Hanks ve sve asi nejlepsi roli, pod taktovkou Roberta Zemeckise aneb fiktivní biografie fiktivniho hrdiny sveé zeme. Naprosto neokoukany hrdina, ktery vsemi nesnazemi propluje s eleganci a poradnou davkou stesti, ktere si ani neuvedomuje.]]>
                </popis>
                <hodnoceniIMDB>9.5</hodnoceniIMDB>
            </film>

            <film id_film="f2" proDospele="ano">
                <fNazev>Pelisky</fNazev>
                <zeme>&CZ;</zeme>
                <rok>1999</rok>
                <reziser>jan Hrebejk </reziser>
                <zanr>Komedie, drama</zanr>
                <delka>116 min</delka>
                <titulky/>
                <herci>
                    <herec>Jiri Kodet</herec>
                    <herec>Emilia Vasaryova</herec>
                    <herec>Miroslav Donutil</herec>
                    </herci>
                <popis>Pribehy jedne historicke generace - starnoucich rodicu, dospivajici mladeze a malych deti. Dej je zasazen do konce 60. let. Drzitel nekolika oceneni
                </popis>
                <hodnoceniIMDB>8.0</hodnoceniIMDB>
            </film>
        </filmy>
    </rezervace>
</Kino>
