<?xml version="1.0" encoding="UTF-8"?>
<!DOCTYPE seznamHer SYSTEM "data.dtd">
<!-- hlavni seznam her -->
<seznamHer>
	<vydavatele>
		<vydavatel vidId="vyd1">
			<nazev>Czech Game Edition</nazev>
			<web url="http://www.czechgames.com"/>
			<zeme>Czech Republic</zeme>
		</vydavatel>
		<vydavatel vidId="vyd2">
			<nazev>Rio Grande Games</nazev>
			<web url="http://riograndegames.com"/>
			<zeme>&ge;</zeme>
		</vydavatel>
	</vydavatele>
	<tvurci>
		<tvurce tvurceId="tvur1">
			<jmeno>Donald X. Vaccarino</jmeno>
			<rokNarozeni>1969</rokNarozeni>
			<zemePuvodu>Německo</zemePuvodu>
		</tvurce>
	</tvurci>
	<hra>
		<nazev>Dominion</nazev>
		<alternativniNazvy>
			<alternativniNazev>Доминион</alternativniNazev>
			<alternativniNazev>도미니언</alternativniNazev>
		</alternativniNazvy>
		<tvurce idref="tvur1"/>
		<pocetHracu>
			<minPocet>2</minPocet>
			<maxPocet>8</maxPocet>
		</pocetHracu>
		<doporucenyVek>
			<minVek>8</minVek>
			<maxVek>99</maxVek>
		</doporucenyVek>
		<rokVydani>2008</rokVydani>
		<jazyky>English</jazyky>
		<hraciDoba>30 min</hraciDoba>
		<hlavniMechanismus type="card" />
		<seznamVydavatelu>
			<vydavatel>
				<nazev>Albi</nazev>
				<web url="http://www.albi.cz/" />
				<zeme>Czech Republic</zeme>
			</vydavatel>
		</seznamVydavatelu>
	</hra>
	<hra>
		<nazev>Space Alert</nazev>
		<tvurce>
			<jmeno>Vlaada (Vladimír) Chvátil</jmeno>
			<zemePuvodu>Czech republic</zemePuvodu>
		</tvurce>
		<pocetHracu>
			<minPocet>1</minPocet>
			<maxPocet>5</maxPocet>
		</pocetHracu>
		<doporucenyVek od="12" do="100"/>
		<rokVydani>2008</rokVydani>
		<jazyky>
			<jazyk>Czech</jazyk>
			<jazyk>German</jazyk>
			<jazyk>English</jazyk>
		</jazyky>
		<hraciDoba>35 min</hraciDoba>
		<hlavniMechanismus type="cooperative"/>
		<seznamVydavatelu>
			<vydavatel vidref="vyd1"/>
		</seznamVydavatelu>
	</hra>
	<hra>
		<nazev>Carcassone</nazev>
		<alternativniNazvy>
			<alternativniNazev>Στα Κάστρα του Μυστρα</alternativniNazev>
		</alternativniNazvy>
		<tvurce>
			<jmeno>Klaus-Jürgen Wrede</jmeno>
			<zemePuvodu>Germany</zemePuvodu>
		</tvurce>
		<pocetHracu>
			<minPocet>2</minPocet>
			<maxPocet>5</maxPocet>
		</pocetHracu>
		<doporucenyVek>
			<minVek>8</minVek>
			<maxVek>99</maxVek>
		</doporucenyVek>
		<rokVydani>2000</rokVydani>
		<jazyky>German</jazyky>
		<hraciDoba>60 min</hraciDoba>
		<hlavniMechanismus type="card"/>
		<seznamVydavatelu>
			<vydavatel vidref="vyd2"/>
			<vydavatel>
				<nazev>Albi</nazev>
				<web url="http://www.albi.cz/" />				
				<adresa>
					<ulice>Thámova 289/13</ulice>
					<psc>186 00</psc>
					<mesto>Praha 8</mesto>
				</adresa>
			<zeme>&cz;</zeme>
			</vydavatel>
		</seznamVydavatelu>
		<popis>
		<![CDATA[
			<strong>Dobra hra!</strong>
			]]>
		</popis>
	</hra>
	<posledniAktualizace><?php echo Date("d.m.Y")?></posledniAktualizace>
</seznamHer>