<?xml version="1.0" encoding="utf-8"?>

<!DOCTYPE order SYSTEM "data.DTD">
<order>
  <customer>
    <reference>7A3B88552</reference>
  </customer>

  <payment>
    <method>
      <card>
        <company>VISA</company>
        <number>123-456-789-00</number>
        <ccv>123</ccv>
        <expiry>2012-12</expiry>
        <name>Tomas Trojanek</name>
      </card>
    </method>
    <billing>
      <person>
        <name>
          <first>Tomáš</first>
          <middle/>
          <last>Trojánek</last>
        </name>
        <titles>
          <title>Bc.</title>
        </titles>
        <contact>
          <phone>+420 123 456 789</phone>
          <email>tomas.trojanek@email.com</email>
        </contact>
      </person>
      <address>
        <street>
          <name>Dlouhá</name>
          <number>3310/12</number>
        </street>
        <city>Prague</city>
        <zip>100 00</zip>
        <country>Czech Republic</country>
      </address>
    </billing>
  </payment>

  <items>
    <item id="iid1">
      <quantity>1</quantity>
    </item>
    <item id="iid2">
      <quantity>2</quantity>
      <options>
        <giftwrap color="green" pattern="polka-dotted" />
      </options>
    </item>
    <item id="iid3">
      <quantity>1</quantity>      
    </item>
    <item id="iid4">
      <quantity>1</quantity>
    </item>
    <item id="iid5">
      <quantity>1</quantity>
    </item>
    <item id="iid6">
      <quantity>1</quantity>
    </item>
    <item id="iid7">
      <quantity>1</quantity>
    </item>
    <item id="iid8">
      <quantity>1</quantity>
    </item>
    <item id="iid9">
      <quantity>1</quantity>
    </item>
    <item id="iid10">
      <quantity>1</quantity>
    </item>
  </items>

  <shipping>
    <method>
      <standard/>
    </method>
    <destination>
      <person>
        <name>
          <first>Tomáš</first>
          <middle/>
          <last>Trojánek</last>
        </name>
        <titles>
          <title>Bc.</title>
        </titles>
        <contact>
          <phone>+420 123 456 789</phone>
          <email>tomas.trojanek@email.com</email>
        </contact>
      </person>
      <address>
        <street>
          <name>Dlouhá</name>
          <number>3310/12</number>
        </street>
        <city>Prague</city>
        <zip>100 00</zip>
        <country>Czech Republic</country>
      </address>
    </destination>
  </shipping>

  <note>
    Dear &company;, please do not put <itemref idref="iid2" /> together. Wrap them separately. Also, use boxes &lt; 3m. Thank you.
  </note>

  <actions><?eshop send_reminder ?></actions>

  <checksum><![CDATA[ASBASDJ23ASDNKIA23ALSDJM]]></checksum>
</order>


