<?xml version="1.0" encoding="UTF-8"?>
<?xml-stylesheet href="data2html.xsl" type="text/xsl"?>
<!DOCTYPE library SYSTEM "data.dtd">
<library>
    <authors>
        <author id="A_123">
            <first-name>John</first-name>
            <middle-name>Francis</middle-name>
            <last-name>Doe</last-name>
            <webpage>http://johndoepublishing.com</webpage>
            <email>john@doe.com</email>
            <publisher>John &amp; Doe publishing</publisher>
            <language>English</language>
            <nationality>USA</nationality>
            <address>Someplace, somewhere, USA</address>
            <opinion approved="yes" poster="Anonymous">Boring and tedious books, on top of all that, he is an arrogant faggot</opinion>
            <opinion approved="no" poster="John Doe">
                <?opinion filtered-html?>
                <![CDATA[
                Great <b>writing</b> style, compelling stories
                ]]>
                <reply>
                    Failed self criticism :-/
                </reply>
            </opinion>
            <opinion approved="yes" poster="Anonymous">Hated both books by him</opinion>
        </author>
        <author id="A_1234">
            <first-name>Helmut</first-name>
            <last-name>Doe</last-name>
            <publisher>John &amp; Doe publishing</publisher>
            <language>English</language>
        </author>
    </authors>
    <inventory>
        <!-- might need refactoring once we start stocking DVDs -->
        <book isdb="1234567">
            <refauthor id="A_123" />
            
            <instance id="I_123" />
        </book>
        <book isdb="12345678">
            <refauthor id="A_123" />
            
            <instance id="I_1234" />
        </book>
    </inventory>
    
    <evidence>
        <lended date="16.3.2011" time="11:08" id="A_123" />
        <returned date="18.3.2011" time="8:00" id="A_123" />
    </evidence>
</library>
