<?xml version="1.0" encoding="UTF-8"?>
<NHL xmlns:xsi="http://www.w3.org/2001/XMLSchema-instance" xsi:noNamespaceSchemaLocation="data.xsd">
	<teams>
		<conference name="Eastern">
			<division name="Atlantic">
				<team id="ea1" name="New Jersey Devils">
					<state name="NJ">
						<city>Newark</city>
					</state>
					<stadium capacity="17625">Prudential Center</stadium>
					<founded year="1974"/>
				</team>
				<team id="ea2" name="New York Islanders">
					<state name="NY">
						<city>Uniondale</city>
					</state>
					<stadium capacity="16170">Nassau Veterans Memorial Coliseum"></stadium>
					<founded year="1972"/>
				</team>
				<team id="ea3" name="New York Rangers">
					<state name="NY">
						<city>New York City</city>
					</state>
					<stadium capacity="17200">Madison Square Garden</stadium>
					<founded year="1926"/>
				</team>
				<team id="ea4" name="Philadelphia Flyers">
					<state name="PA">
						<city>Philadelphia</city>
					</state>
					<stadium capacity="19537">Wells Fargo Center</stadium>
				</team>
				<team id="ea5" name="Pittsburgh Penguins">
					<state name="PA">
						<city>Pittsburgh</city>
					</state>
					<stadium capacity="18387">Consol Energy Center</stadium>
					<founded year="1967"/>
				</team>
			</division>
			<division name="Northeast">
    </division>
			<division name="Southeast">
    </division>
		</conference>
		<conference name="Western">
  </conference>
	</teams>
	<matches>
		<match id="m1" date="2013-01-01">
			<homeTeam teamID="ea1">
				<goals>6</goals>
			</homeTeam>
			<awayTeam teamID="ea2">
				<goals>4</goals>
			</awayTeam>
			<officials>
				<referee>George White</referee>
				<referee>Joe Pitziani</referee>
				<linesman>Michael Di Pietro</linesman>
				<linesman>Steve Gordon</linesman>
			</officials>
			<end type="REG"/>
		</match>
		<match id="m2" date="2013-01-02">
			<homeTeam teamID="ea3">
				<goals>2</goals>
			</homeTeam>
			<awayTeam teamID="ea4">
				<goals>4</goals>
			</awayTeam>
			<end type="REG"/>
		</match>
		<match id="m3" date="2013-01-03">
			<homeTeam teamID="ea1">
				<goals>1</goals>
			</homeTeam>
			<awayTeam teamID="ea3">
				<goals>0</goals>
			</awayTeam>
			<officials>
				<referee>George White</referee>
				<referee>Steve Gordon</referee>
				<linesman>John Walk</linesman>
				<linesman>Michael Di Pietro</linesman>
			</officials>
			<end type="OT"/>
		</match>
		<match id="m4" date="2013-01-03">
			<homeTeam teamID="ea2">
				<goals>5</goals>
			</homeTeam>
			<awayTeam teamID="ea4">
				<goals>3</goals>
			</awayTeam>
			<officials>
				<referee>Joe Pitziani</referee>
				<referee>Frank Black</referee>
				<linesman>John Walk</linesman>
				<linesman>James Green</linesman>
			</officials>
			<end type="REG"/>
		</match>
		<match id="m5" date="2013-01-05">
			<homeTeam teamID="ea1">
				<goals>6</goals>
			</homeTeam>
			<awayTeam teamID="ea5">
				<goals>4</goals>
			</awayTeam>
			<end type="REG"/>
		</match>
		<match id="m6" date="2013-01-05">
			<homeTeam teamID="ea2">
				<goals>6</goals>
			</homeTeam>
			<awayTeam teamID="ea3">
				<goals>5</goals>
			</awayTeam>
			<end type="SO"/>
		</match>
		<match id="m7" date="2013-01-06">
			<homeTeam teamID="ea2">
				<goals>0</goals>
			</homeTeam>
			<awayTeam teamID="ea5">
				<goals>4</goals>
			</awayTeam>
			<end type="REG"/>
		</match>
		<match id="m8" date="2013-01-06">
			<homeTeam teamID="ea1">
				<goals>5</goals>
			</homeTeam>
			<awayTeam teamID="ea4">
				<goals>2</goals>
			</awayTeam>
			<end type="REG"/>
		</match>
		<match id="m9" date="2013-01-07">
			<homeTeam teamID="ea5">
				<goals>6</goals>
			</homeTeam>
			<awayTeam teamID="ea3">
				<goals>4</goals>
			</awayTeam>
			<end type="REG"/>
		</match>
		<match id="m10" date="2013-03-07">
			<homeTeam teamID="ea5">
				<goals>4</goals>
			</homeTeam>
			<awayTeam teamID="ea4">
				<goals>1</goals>
			</awayTeam>
			<end type="REG"/>
		</match>
	</matches>
</NHL>
