<?xml version="1.0" encoding="UTF-8"?>
<Sponsors>
	<Sponsor name="Nike" team_id="t_00">
		<Budget>150000</Budget>
		<SubSponsors>
			<Sponsor name="Nike Pro">
				<Budget>10000</Budget>
			</Sponsor>
			<Sponsor name="Nike More Pro">
				<Budget>17500</Budget>
			</Sponsor>
			<Sponsor name="Nike Even More Pro">
				<Budget>20000</Budget>
			</Sponsor>
		</SubSponsors>
	</Sponsor>	
	<Sponsor name="Adidas" team_id="t_03">
		<Budget>100000</Budget>
		<SubSponsors>
			<Sponsor name="More Stripes">
				<Budget>5000</Budget>
			</Sponsor>
			<Sponsor name="Not Enough Stripes">
				<Budget>12000</Budget>
			</Sponsor>
			<Sponsor name="Still Not Enough Stripes">
				<Budget>20000</Budget>
			</Sponsor>
		</SubSponsors>
	</Sponsor>	
</Sponsors>