<?xml version="1.0" encoding="UTF-8" ?>
<playlist>
  <title>Erick Macek - Albums</title>
  <annotation>http://www.erickmacek.com</annotation>
  <creator>906, LLC</creator>
  <info>http://www.erickmacek.com</info>
  <location>http://www.erickmacek.com/assets/music/albums.xml</location>
  <license>Erick Macek</license>
  <trackList> 
		     
<track>

<location>http://www.erickmacek.com/assets/music/albums/colorsmaychange/01WhoAmItoBe.mp3</location>
<image>http://www.erickmacek.com/assets/music/albums/colorsmaychange/cover_cmc.jpg</image>
<annotation>Who Am I to Be</annotation>
<info>http://itunes.apple.com/us/album/colors-may-change/id449626122</info>

</track>			 

<track>

<location>http://www.erickmacek.com/assets/music/albums/colorsmaychange/02Don'tLietoMe.mp3</location>
<image>http://www.erickmacek.com/assets/music/albums/colorsmaychange/cover_cmc.jpg</image>
<annotation>Don't Lie to Me</annotation>
<info>http://itunes.apple.com/us/album/colors-may-change/id449626122</info>

</track>	

<track>

<location>http://www.erickmacek.com/assets/music/albums/colorsmaychange/03MyLove.mp3</location>
<image>http://www.erickmacek.com/assets/music/albums/colorsmaychange/cover_cmc.jpg</image>
<annotation>My Love</annotation>
<info>http://itunes.apple.com/us/album/colors-may-change/id449626122</info>

</track>

<track>

<location>http://www.erickmacek.com/assets/music/albums/colorsmaychange/04AllOverAgain.mp3</location>
<image>http://www.erickmacek.com/assets/music/albums/colorsmaychange/cover_cmc.jpg</image>
<annotation>All Over Again</annotation>
<info>http://itunes.apple.com/us/album/colors-may-change/id449626122</info>

</track>

<track>

<location>http://www.erickmacek.com/assets/music/albums/colorsmaychange/05CallItaDay.mp3</location>
<image>http://www.erickmacek.com/assets/music/albums/colorsmaychange/cover_cmc.jpg</image>
<annotation>Call It a Day</annotation>
<info>http://itunes.apple.com/us/album/colors-may-change/id449626122</info>

</track>

<track>

<location>http://www.erickmacek.com/assets/music/albums/colorsmaychange/06ImOnMyWay.mp3</location>
<image>http://www.erickmacek.com/assets/music/albums/colorsmaychange/cover_cmc.jpg</image>
<annotation>I'm On My Way</annotation>
<info>http://itunes.apple.com/us/album/colors-may-change/id449626122</info>

</track>

<track>

<location>http://www.erickmacek.com/assets/music/albums/colorsmaychange/07MysteryofOklahoma.mp3</location>
<image>http://www.erickmacek.com/assets/music/albums/colorsmaychange/cover_cmc.jpg</image>
<annotation>Mystery Of Oklahoma</annotation>
<info>http://itunes.apple.com/us/album/colors-may-change/id449626122</info>

</track>

<track>

<location>http://www.erickmacek.com/assets/music/albums/colorsmaychange/08LongLongTime.mp3</location>
<image>http://www.erickmacek.com/assets/music/albums/colorsmaychange/cover_cmc.jpg</image>
<annotation>Long Long Time</annotation>
<info>http://itunes.apple.com/us/album/colors-may-change/id449626122</info>

</track>

<track>

<location>http://www.erickmacek.com/assets/music/albums/colorsmaychange/09ThisSong.mp3</location>
<image>http://www.erickmacek.com/assets/music/albums/colorsmaychange/cover_cmc.jpg</image>
<annotation>This Song</annotation>
<info>http://itunes.apple.com/us/album/colors-may-change/id449626122</info>

</track>

<track>

<location>http://www.erickmacek.com/assets/music/albums/colorsmaychange/10IWannaBelieve.mp3</location>
<image>http://www.erickmacek.com/assets/music/albums/colorsmaychange/cover_cmc.jpg</image>
<annotation>I Wanna Believe</annotation>
<info>http://itunes.apple.com/us/album/colors-may-change/id449626122</info>

</track>

<track>

<location>http://www.erickmacek.com/assets/music/albums/colorsmaychange/11TheSinner.mp3</location>
<image>http://www.erickmacek.com/assets/music/albums/colorsmaychange/cover_cmc.jpg</image>
<annotation>The Sinner</annotation>
<info>http://itunes.apple.com/us/album/colors-may-change/id449626122</info>

</track>

<track>

<location>http://www.erickmacek.com/assets/music/albums/colorsmaychange/12IllBeFine.mp3</location>
<image>http://www.erickmacek.com/assets/music/albums/colorsmaychange/cover_cmc.jpg</image>
<annotation>I'll Be Fine</annotation>
<info>http://itunes.apple.com/us/album/colors-may-change/id449626122</info>

</track>

<track>

<location>http://www.erickmacek.com/assets/music/albums/colorsmaychange/13Sometimes.mp3</location>
<image>http://www.erickmacek.com/assets/music/albums/colorsmaychange/cover_cmc.jpg</image>
<annotation>Sometimes</annotation>
<info>http://itunes.apple.com/us/album/colors-may-change/id449626122</info>

</track>

<track>

<location>http://www.erickmacek.com/assets/music/albums/colorsmaychange/14ThatICare.mp3</location>
<image>http://www.erickmacek.com/assets/music/albums/colorsmaychange/cover_cmc.jpg</image>
<annotation>That I Care</annotation>
<info>http://itunes.apple.com/us/album/colors-may-change/id449626122</info>

</track>

<track>

<location>http://www.erickmacek.com/assets/music/albums/colorsmaychange/15TakeMeBack.mp3</location>
<image>http://www.erickmacek.com/assets/music/albums/colorsmaychange/cover_cmc.jpg</image>
<annotation>Take Me Back</annotation>
<info>http://itunes.apple.com/us/album/colors-may-change/id449626122</info>

</track>
			 
<track>

<location>http://www.erickmacek.com/assets/music/albums/JustRight/01SeptemberRain.mp3</location>
<image>http://www.erickmacek.com/assets/music/albums/JustRight/cover_JR.jpg</image>
<annotation>September Rain</annotation>
<info>http://itunes.apple.com/us/album/just-right/id286132446</info>

</track>

<track>

<location>http://www.erickmacek.com/assets/music/albums/JustRight/02HardToCallMyHome.mp3</location>
<image>http://www.erickmacek.com/assets/music/albums/JustRight/cover_JR.jpg</image>
<annotation>Hard to Call My Home</annotation>
<info>http://itunes.apple.com/us/album/just-right/id286132446</info>

</track>

<track>

<location>http://www.erickmacek.com/assets/music/albums/JustRight/03AriesMan.mp3</location>
<image>http://www.erickmacek.com/assets/music/albums/JustRight/cover_JR.jpg</image>
<annotation>Aries Man</annotation>
<info>http://itunes.apple.com/us/album/just-right/id286132446</info>

</track>

<track>

<location>http://www.erickmacek.com/assets/music/albums/JustRight/04Home.mp3</location>
<image>http://www.erickmacek.com/assets/music/albums/JustRight/cover_JR.jpg</image>
<annotation>Home</annotation>
<info>http://itunes.apple.com/us/album/just-right/id286132446</info>

</track>

<track>

<location>http://www.erickmacek.com/assets/music/albums/JustRight/05BeMyAnswer.mp3</location>
<image>http://www.erickmacek.com/assets/music/albums/JustRight/cover_JR.jpg</image>
<annotation>Be My Answer</annotation>
<info>http://itunes.apple.com/us/album/just-right/id286132446</info>

</track>

<track>

<location>http://www.erickmacek.com/assets/music/albums/JustRight/06SetMeFree.mp3</location>
<image>http://www.erickmacek.com/assets/music/albums/JustRight/cover_JR.jpg</image>
<annotation>Set Me Free</annotation>
<info>http://itunes.apple.com/us/album/just-right/id286132446</info>

</track>

<track>

<location>http://www.erickmacek.com/assets/music/albums/JustRight/07JustRight.mp3</location>
<image>http://www.erickmacek.com/assets/music/albums/JustRight/cover_JR.jpg</image>
<annotation>Just Right</annotation>
<info>http://itunes.apple.com/us/album/just-right/id286132446</info>

</track>

<track>

<location>http://www.erickmacek.com/assets/music/albums/JustRight/08Papa.mp3</location>
<image>http://www.erickmacek.com/assets/music/albums/JustRight/cover_JR.jpg</image>
<annotation>Papa</annotation>
<info>http://itunes.apple.com/us/album/just-right/id286132446</info>

</track>

<track>

<location>http://www.erickmacek.com/assets/music/albums/JustRight/09SheDoesntCareAnymore.mp3</location>
<image>http://www.erickmacek.com/assets/music/albums/JustRight/cover_JR.jpg</image>
<annotation>She Doesn't Care Anymore</annotation>
<info>http://itunes.apple.com/us/album/just-right/id286132446</info>

</track>

<track>

<location>http://www.erickmacek.com/assets/music/albums/JustRight/10BeMine.mp3</location>
<image>http://www.erickmacek.com/assets/music/albums/JustRight/cover_JR.jpg</image>
<annotation>Be Mine</annotation>
<info>http://itunes.apple.com/us/album/just-right/id286132446</info>

</track>

<track>

<location>http://www.erickmacek.com/assets/music/albums/JustRight/11iBelongToYou.mp3</location>
<image>http://www.erickmacek.com/assets/music/albums/JustRight/cover_JR.jpg</image>
<annotation>i Belong to You</annotation>
<info>http://itunes.apple.com/us/album/just-right/id286132446</info>

</track>

<track>

<location>http://www.erickmacek.com/assets/music/albums/JustRight/12LiveLoveAndLearn.mp3</location>
<image>http://www.erickmacek.com/assets/music/albums/JustRight/cover_JR.jpg</image>
<annotation>Live, Love and Learn</annotation>
<info>http://itunes.apple.com/us/album/just-right/id286132446</info>

</track>



<track>

<location>http://www.erickmacek.com/assets/music/albums/LivingDream/01OnTheOtherSideOfTheRoad.mp3</location>
<image>http://www.erickmacek.com/assets/music/albums/LivingDream/cover_LD.jpg</image>
<annotation>On the Other Side of the Road</annotation>
<info>http://itunes.apple.com/us/album/living-dream/id256472086</info>

</track>

<track>

<location>http://www.erickmacek.com/assets/music/albums/LivingDream/02WalkAway.mp3</location>
<image>http://www.erickmacek.com/assets/music/albums/LivingDream/cover_LD.jpg</image>
<annotation>Walk Away</annotation>
<info>http://itunes.apple.com/us/album/living-dream/id256472086</info>

</track>

<track>

<location>http://www.erickmacek.com/assets/music/albums/LivingDream/03Music.mp3</location>
<image>http://www.erickmacek.com/assets/music/albums/LivingDream/cover_LD.jpg</image>
<annotation>Music</annotation>
<info>http://itunes.apple.com/us/album/living-dream/id256472086</info>

</track>

<track>

<location>http://www.erickmacek.com/assets/music/albums/LivingDream/04MissEverybodysBusiness.mp3</location>
<image>http://www.erickmacek.com/assets/music/albums/LivingDream/cover_LD.jpg</image>
<annotation>Miss Everybody's Business</annotation>
<info>http://itunes.apple.com/us/album/living-dream/id256472086</info>

</track>

<track>

<location>http://www.erickmacek.com/assets/music/albums/LivingDream/05NoOneSaidItWasEasy.mp3</location>
<image>http://www.erickmacek.com/assets/music/albums/LivingDream/cover_LD.jpg</image>
<annotation>No One Said It Was Easy</annotation>
<info>http://itunes.apple.com/us/album/living-dream/id256472086</info>

</track>

<track>

<location>http://www.erickmacek.com/assets/music/albums/LivingDream/06Dream.mp3</location>
<image>http://www.erickmacek.com/assets/music/albums/LivingDream/cover_LD.jpg</image>
<annotation>Dream</annotation>
<info>http://itunes.apple.com/us/album/living-dream/id256472086</info>

</track>

<track>

<location>http://www.erickmacek.com/assets/music/albums/LivingDream/07OnlyFailure.mp3</location>
<image>http://www.erickmacek.com/assets/music/albums/LivingDream/cover_LD.jpg</image>
<annotation>Only Failure</annotation>
<info>http://itunes.apple.com/us/album/living-dream/id256472086</info>

</track>

<track>

<location>http://www.erickmacek.com/assets/music/albums/LivingDream/08SimpleFear.mp3</location>
<image>http://www.erickmacek.com/assets/music/albums/LivingDream/cover_LD.jpg</image>
<annotation>Simple Fear</annotation>
<info>http://itunes.apple.com/us/album/living-dream/id256472086</info>

</track>

<track>

<location>http://www.erickmacek.com/assets/music/albums/LivingDream/09ThisTime.mp3</location>
<image>http://www.erickmacek.com/assets/music/albums/LivingDream/cover_LD.jpg</image>
<annotation>This Time</annotation>
<info>http://itunes.apple.com/us/album/living-dream/id256472086</info>

</track>

<track>

<location>http://www.erickmacek.com/assets/music/albums/LivingDream/10Waiting.mp3</location>
<image>http://www.erickmacek.com/assets/music/albums/LivingDream/cover_LD.jpg</image>
<annotation>Waiting</annotation>
<info>http://itunes.apple.com/us/album/living-dream/id256472086</info>

</track>
  </trackList>
</playlist>