<?xml version="1.0" encoding="UTF-8"?>
<hudba xmlns:xsi="http://www.w3.org/2001/XMLSchema-instance"
         xsi:noNamespaceSchemaLocation="data.xsd">
    <interpreti>
        <interpret interpret-id="in-1">
            <nazev>The Beatles</nazev>
            <zanr nazev="RockAndRoll" textovy-popis="Rock &amp; roll" />
            <popis jazyk="cz">
                <![CDATA[
                    The Beatles byla anglická rock'n'rollová kapela z Liverpoolu. 
                    Jejími členy byli John Lennon (zpěv, doprovodná kytara), Paul McCartney 
                    (zpěv, basová kytara), George Harrison (sólová kytara, zpěv) 
                    a Ringo Starr (bicí, příležitostně zpěv). Patří mezi komerčně 
                    nejúspěšnější a kritiky nejuznávanější kapely v historii populární 
                    hudby. Hudba Beatles je dodnes hraná a oblíbená po celém světě. 
                ]]>
            </popis>
        </interpret>
        <interpret interpret-id="in-2">
            <nazev>Bob Dylan</nazev>
            <zanr nazev="Folk" />
            <zanr nazev="Country" />
            <zanr nazev="Blues" />
            <popis-v-odkazech>
                Wikipedie CS: <odkaz>http://cs.wikipedia.org/wiki/Bob_Dylan</odkaz>
                Wikipedie EN: <odkaz>http://en.wikipedia.org/wiki/Bob_Dylan</odkaz>
                Oficiální stránky: <odkaz>http://www.bobdylan.com</odkaz>
            </popis-v-odkazech>
        </interpret>
    </interpreti>
    <alba>
        <album interpret-id="in-1" komentar="Fakt dobrý album tyjo.">
            <titul>A hard day's night</titul>
            <producent>George Martin</producent>
            <studio>Abbey Road Studios</studio>
            <label>Parlophone</label>
            <datum-nahrani>10. července 1964</datum-nahrani>
            <datum-vydani>26. července 1964</datum-vydani>
            <delka-celkem>30 minut 45 sekund</delka-celkem>
            <pocet-skladeb><?php echo "13";?> <!-- hodně důležitý --></pocet-skladeb>
            <jazyk>Anglicky</jazyk>
            <druh>Studiové</druh>
            <skladby>
                <skladba>
                    <jmeno>A Hard Day's Night</jmeno>
                    <delka>2:34</delka>
                </skladba>
                <skladba>
                    <jmeno>I Should Have Known Better</jmeno>
                    <delka>2:46</delka>
                </skladba>
                <skladba>
                    <jmeno>If I Fell</jmeno>
                    <delka>2:24</delka>
                </skladba>
                <skladba>
                    <jmeno>I'm Happy Just to Dance with You</jmeno>
                    <delka>1:59</delka>
                </skladba>
                <skladba>
                    <jmeno>And I Love Her</jmeno>
                    <delka>2:33</delka>
                </skladba>
                <skladba>
                    <jmeno>Tell Me Why</jmeno>
                    <delka>2:12</delka>
                </skladba>
                <skladba>
                    <jmeno>Can't Buy Me Love</jmeno>
                    <delka>2:14</delka>
                </skladba>
                <skladba>
                    <jmeno>Any Time at All</jmeno>
                    <delka>2:15</delka>
                </skladba>
                <skladba>
                    <jmeno>I'll Cry Instead</jmeno>
                    <delka>1:49</delka>
                </skladba>
                <skladba>
                    <jmeno>Things We Said Today</jmeno>
                    <delka>2:40</delka>
                </skladba>
                <skladba>
                    <jmeno>When I Get Home</jmeno>
                    <delka>2:20</delka>
                </skladba>
                <skladba>
                    <jmeno>You Can't Do That</jmeno>
                    <delka>2:39</delka>
                </skladba>
                <skladba>
                    <jmeno>I'll Be Back</jmeno>
                    <delka>2:20</delka>
                </skladba>
            </skladby>
        </album>
    </alba>
</hudba>
