<?xml version="1.0" encoding="UTF-8" standalone="no"?><!-- Tomas Faltin -->
<new_players>
	<player>
		<name>Radim</name>
		<surname>Reznik</surname>
		<birth>
			<day>20</day>
			<month>1</month>
			<year>1989</year>
		</birth>
		<position>midfielder</position>
		<number>14</number>
	</player>
	<player>
		<name>Jan</name>
		<surname>Kovarik</surname>
		<birth>
			<day>19</day>
			<month>6</month>
			<year>1988</year>
		</birth>
		<position>attacker</position>
		<number>19</number>
	</player>
</new_players>