<?xml version="1.0" encoding="UTF-8" standalone="no"?><!-- Tomas Faltin -->
<squads>				
				<team couch="Pavel Vrba" name="FC Viktoria Plzen">
								<captain name="Pavel_Horvath"/>
								<players>
									<player name="Daniel_Kolar" number="26" position="midfielder">
													<birth day="22" month="10" year="1985"/>
													<address>
																	<town>Brno</town>
													</address>
									</player><player name="David_Limbersky" number="8" position="defender">
													<birth day="6" month="10" year="1983"/>
													<address>
																	<town>Plzen</town>
													</address>
									</player><player name="Frantisek_Rajtoral" number="27" position="defender">
													<birth day="12" month="3" year="1986"/>
													<address>
																	<town>Brno</town>
													</address>
									</player><player name="Marek_Bakos" number="23" position="attacker">
													<birth day="15" month="4" year="1983"/>
													<address>
																	<town>Brno</town>
													</address>
									</player><player name="Marian_Cisovsky" number="28" position="defender">
													<birth day="2" month="11" year="1979"/>
													<address>
																	<town>Plzen</town>
													</address>
									</player><player name="Martin_Fillo" number="11" position="midfielder">
													<birth day="7" month="2" year="1986"/>
													<address>
																	<town>Plzen</town>
													</address>
									</player><player name="Matus_Kozacik" number="1" position="goal-keeper">
													<birth day="27" month="12" year="1983"/>
													<address>
																	<town>Bratislava</town>
													</address>
									</player><player name="Pavel_Horvath" number="10" position="midfielder">
													<birth day="22" month="4" year="1975"/>
													<address>
																	<town>Praha</town>
													</address>
									</player><player name="Stanislav_Tecl" number="9" position="attacker">
													<birth day="1" month="9" year="1990"/>
													<address>
																	<town>Plzen</town>
													</address>
									</player>
									<player name="Vaclav-Prochazka" number="21" position="defender">
													<birth day="8" month="5" year="1984"/>
													<address>
																	<town>Praha</town>
													</address>
									</player><player name="Vladimir_Darida" number="16" position="midfielder">
													<birth day="8" month="8" year="1990"/>
													<address>
																	<town>Plzen</town>
													</address>
									</player></players>
				</team>
				
				<team name="Klapzubova 11">
					<captain name="Franta" />
					<player name="Alois" position="goal-keeper">
						<kids>
							<player name="Brona" position="defender" />
							<player name="Cecilie" position="attacker">
								<kids>
									<player name="David" position="midfielder" />
								</kids>
							</player>
							<player name="Edvin" position="attacker" />
						</kids>
					</player>
					<player name="Franta" position="midfielder" />
					<player name="Gabina" position="midfielder">
						<kids>
							<player name="Honza" position="defender" />
							<player name="Chrudim" position="defender">
								<kids>
									<player name="Ivan" position="midfielder" />
									<player name="Jana" position="defender" />
								</kids>
							</player>
						</kids>
					</player>					
				</team>
</squads>