<?xml version="1.0" encoding="UTF-8"?>
<sklad xmlns:xsi="http://www.w3.org/2001/XMLSchema-instance">
	<naSklade>
		<sections>
			<section>
				<name>Divna literatura</name>
				<subsections>
					<section>
						<name>Hodne divna literatura</name>
						<book>
							<isbn>ASD531</isbn>
							<name>Jaja a paja</name>
							<authors>
								<author>Frantisek Spisovatel</author>
							</authors>
							<published>1985</published>
						</book>
					</section>
					<section>
						<name>Malo divna literatura</name>
						<book>
							<isbn>8652SD</isbn>
							<name>Medvidek Pu</name>
							<authors>
								<author>Alan Alexander Milne</author>
							</authors>
							<published>1922</published>
						</book>
					</section>
				</subsections>
			</section>
			<section>
				<name>Normalni literatura</name>
				<book>
					<isbn>85543556</isbn>
					<name>Odvážná školačka</name>
					<authors>
						<author>Jevgenij Lvovič Švarc</author>
					</authors>
					<published>1961</published>
				</book>
			</section>
		</sections>
		
		
		
	</naSklade>
</sklad>