<?xml version="1.0" encoding="UTF-8"?>
<!DOCTYPE breweries_database SYSTEM "data.dtd" [
	<!ENTITY abv "Alcohol contents by volume">
]>
<breweries_database>
	<breweries_list>
		<!-- using Processing instruction-->
		<?sort alpha-ascending?>
		<!-- elements and subelements describing breweries_database -->
		<brewery id="id_00001" tours="yes" size="big" ann_prod="1367424">
			<name>Staropramen</name>
			<founded>1869</founded>
			<address>
				<street>
					<street_name>Nadrazni</street_name>
					<street_nr>84</street_nr>
				</street>
				<city>Prague</city>
				<postcode>150 54</postcode>
				<country>Czech Rep.</country>
			</address>
			<phone>02 - 5719 1111</phone>
			<fax>02 - 5719 1288</fax>
			<email>info@ppivovary.cz</email>
			<website>www.staropramen.cz</website>
			<note>
				<!-- using CDATA section--><![CDATA[Staropramen beer is present in Hašek's novel: "Osudy dobreho vojaka Švejka za svetove valky". ]]></note>
			<beers_list>
				<beer>
					<beer_name>Staropramen Svetly</beer_name>
				&abv; is<alc_vol>4</alc_vol>% and <plato> 10</plato>° on Plato scale.
			</beer>
				<beer>
					<beer_name>Staropramen Cerny</beer_name>
				&abv; is<alc_vol>4.5</alc_vol>% and 
				<plato>11</plato>° on Plato scale.
			</beer>
				<beer>
					<beer_name>Staropramen Granat</beer_name>
				&abv; is<alc_vol>4.8</alc_vol>% and 
				<plato>11</plato>° on Plato scale.
			</beer>
				<beer>
					<beer_name>Staropramen Lezak</beer_name>
				&abv; is<alc_vol>5.2</alc_vol>% and 
				<plato>12</plato>° on Plato scale.
			</beer>
			</beers_list>
			<locals_list>
				<place lid_ref="l_4"/>
				<place lid_ref="l_5"/>
				<place lid_ref="l_7"/>
			</locals_list>
		</brewery>
		<brewery id="id_00002 "  size="small" ann_prod="6000">
			<name>Uneticky pivovar</name>
			<founded>1710</founded>
			<address>
				<street>
					<street_name>Ryznerova</street_name>
					<street_nr>19</street_nr>
				</street>
				<city>Unetice</city>
				<postcode>252 62</postcode>
				<country>Czech Rep.</country>
			</address>
			<phone>602 341 447</phone>
			<phone>635 441 936</phone>
			<fax> </fax>
			<email>lucie.tkadlecova@unetickypivovar.cz</email>
			<website>http://www.unetickypivovar.cz</website>
			<!-- using pre-defined entitiy for special character: &apos; -->
			<note>Brewing traditional Czech lager, using traditional time tested methods, Uneticke&apos;s beer consistently has a fresh, wholesome, and pure taste that comes only with the best lager.</note>
			<beers_list>
				<beer>
					<beer_name>Uneticke pivo 10</beer_name>
				&abv; is<alc_vol>3.8</alc_vol>% and 
				<plato>10</plato>° on Plato scale.
			</beer>
				<beer>
					<beer_name>Uneticke pivo 12</beer_name>
				&abv; is<alc_vol>4.9</alc_vol>% and 
				<plato>12</plato>° on Plato scale.
			</beer>
				<beer>
					<beer_name>Uneticky special 13</beer_name>
				&abv; is<alc_vol>5.5</alc_vol>% and 
				<plato>13</plato>° on Plato scale.
			</beer>
				<beer>
					<beer_name>Staropramen Lezak</beer_name>
				&abv; is<alc_vol>5.2</alc_vol>% and 
				<plato>12</plato>° on Plato scale.
			</beer>
			</beers_list>
			<locals_list>
				<place lid_ref="l_6"/>
				<place lid_ref="l_7"/>
			</locals_list>
		</brewery>
		<brewery id="id_00003" tours="no" size="small" ann_prod="2200">
			<name>U Fleku</name>
			<founded>1499</founded>
			<address>
				<street>
					<street_name>Kremencova </street_name>
					<street_nr>11</street_nr>
				</street>
				<city>Prague</city>
				<postcode>110 00</postcode>
				<country>Czech Rep.</country>
			</address>
			<phone>+420 224 934 019–20</phone>
			<fax>+420 224 934 805</fax>
			<email>ufleku@ufleku.cz</email>
			<website>ufleku.cz</website>
			<note>The U Fleku brewery is the only brewery in Central Europe which has been brewing beer for 500 straight years. When communists came to power the business was nationalised and after the fall of the communist regime the restaurant and the brewery were returned to the original owners in 1991, the Brtnik family.</note>
			<beers_list>
				<beer>
					<beer_name>Flekovsky lezak</beer_name>
				&abv; is<alc_vol>5.5</alc_vol>% and 
				<plato>13</plato>° on Plato scale.
			</beer>
			</beers_list>
			<locals_list>
				<place lid_ref="l_5"/>
				<place lid_ref="l_6"/>
				<place lid_ref="l_7"/>
			</locals_list>
		</brewery>
		<brewery id="id_00004" tours="yes" size="small" ann_prod="1500">
			<name>Novomestsky pivovar </name>
			<founded>1993</founded>
			<address>
				<street>
					<street_name>Vodickova</street_name>
					<street_nr>20</street_nr>
				</street>
				<city>Prague</city>
				<postcode>110 00</postcode>
				<country>Czech Rep.</country>
			</address>
			<phone>+420 222 232 448</phone>
			<fax>420 222 231 662</fax>
			<email>sales@npivovar.cz</email>
			<website>http://www.npivovar.cz</website>
			<note>The New Town brewery is a unique Old Bohemian restaurant and mini-brewery in the centre of Prague, which specializes in traditional Czech cuisine.</note>
			<beers_list>
				<beer>
					<beer_name>Novomestsky svetly lezak</beer_name>
				&abv; is<alc_vol>3.5</alc_vol>% and 
				<plato>11</plato>° on Plato scale.
			</beer>
				<beer>
					<beer_name>Novomestsky tmavy lezak</beer_name>
				&abv; is<alc_vol>4.5</alc_vol>% and 
				<plato>11</plato>° on Plato scale.
			</beer>
			</beers_list>
			<locals_list>
				<place lid_ref="l_5"/>
			</locals_list>
		</brewery>
		<brewery id="id_00005" tours="yes" size="big" ann_prod="914000">
			<name>Starobrno</name>
			<founded>1872</founded>
			<address>
				<street>
					<street_name>Hlinky</street_name>
					<street_nr>160/12</street_nr>
				</street>
				<city>Brno</city>
				<postcode>661 47</postcode>
				<country>Czech Rep.</country>
			</address>
			<phone>+420 543 516 111</phone>
			<fax>+420 543 211 035</fax>
			<email>starobrno@starobrno.cz</email>
			<website>www.starobrno.cz</website>
			<beers_list>
				<beer>
					<beer_name>Starobrno Tradicni</beer_name>
				&abv; is<alc_vol>4</alc_vol>% and 
				<plato>10</plato>° on Plato scale.
			</beer>
				<beer>
					<beer_name>Starobrno Medium</beer_name>
				&abv; is<alc_vol>4.5</alc_vol>% and 
				<plato>11</plato>° on Plato scale.
			</beer>
				<beer>
					<beer_name>Starobrno Rezak</beer_name>
				&abv; is<alc_vol>4</alc_vol>% and 
				<plato>10</plato>° on Plato scale.
			</beer>
				<beer>
					<beer_name>Starobrno Cerne</beer_name>
				&abv; is<alc_vol>3.8</alc_vol>% and 
				<plato>10</plato>° on Plato scale.
			</beer>
			</beers_list>
			<locals_list>
				<place lid_ref="l_4"/>
				<place lid_ref="l_5"/>
			</locals_list>
		</brewery>
		<brewery id="id_00006" tours="yes" ann_prod="86864">
			<name>Pivovar Rychtar</name>
			<founded>1913</founded>
			<address>
				<street>
					<street_name>Resslova</street_name>
					<street_nr>260</street_nr>
				</street>
				<city>Hlinsko v Cechach</city>
				<postcode>539 01</postcode>
				<country>Czech Rep.</country>
			</address>
			<phone>+420 469 311 471</phone>
			<fax>+420 469 311 383</fax>
			<email>pivo@rychtar.cz</email>
			<website>www.rychtar.cz</website>
			<beers_list>
				<beer>
					<beer_name>Rychtar Klasik</beer_name>
				&abv; is<alc_vol>4</alc_vol>% and 
				<plato>10</plato>° on Plato scale.
			</beer>
				<beer>
					<beer_name>Rychtar Natur</beer_name>
				&abv; is<alc_vol>4.9</alc_vol>% and 
				<plato>12</plato>° on Plato scale.
			</beer>
				<beer>
					<beer_name>Rychtar Standard</beer_name>
				&abv; is<alc_vol>4.5</alc_vol>% and 
				<plato>11</plato>° on Plato scale.
			</beer>
				<beer>
					<beer_name>Rychtar Premium</beer_name>
				&abv; is<alc_vol>5</alc_vol>% and 
				<plato>12</plato>° on Plato scale.
			</beer>
				<beer>
					<beer_name>Rychtar Rataj</beer_name>
				&abv; is<alc_vol>4.8</alc_vol>% and 
				<plato>12</plato>° on Plato scale.
			</beer>
			</beers_list>
			<locals_list>
				<place lid_ref="l_6"/>
			</locals_list>
		</brewery>
		<brewery id="id_00007" tours="yes" size="medium" ann_prod="30000">
			<name>Pivovar Rohozec</name>
			<founded>1850 </founded>
			<address>
				<street>
					<street_name>Maly Rohozec</street_name>
					<street_nr>29</street_nr>
				</street>
				<city>Turnov</city>
				<postcode>511 01</postcode>
				<country>Czech Rep.</country>
			</address>
			<phone> +420 481 321 219</phone>
			<fax> +420 481 323 916</fax>
			<email>pivorohozec@pivorohozec.cz</email>
			<website>http://www.pivorohozec.cz</website>
			<note>The brewery was built on the outskirts of Turnov in the middle of the 19th century by the Unger family, the owners of the local estate.</note>
			<beers_list>
				<beer>
					<beer_name>Rohozec Podskalak</beer_name>
				&abv; is<alc_vol>4.2</alc_vol>% and 
				<plato>10</plato>° on Plato scale.
			</beer>
				<beer>
					<beer_name>Rohozec Skalak 11 % </beer_name>
				&abv; is<alc_vol>5</alc_vol>% and 
				<plato>11</plato>° on Plato scale.
			</beer>
				<beer>
					<beer_name>Rohozec Skalak 12 % </beer_name>
				&abv; is<alc_vol>5.3</alc_vol>% and 
				<plato>12</plato>° on Plato scale.
			</beer>
			</beers_list>
			<locals_list>
				<place lid_ref="l_4"/>
				<place lid_ref="l_5"/>
				<place lid_ref="l_7"/>
			</locals_list>
		</brewery>
		<brewery id="id_00008" tours="dn" size="medium" ann_prod="81439">
			<name>Bohemia Regent</name>
			<founded>1379</founded>
			<address>
				<street>
					<street_name>Trocnovske namesti</street_name>
					<street_nr>124</street_nr>
				</street>
				<city>Trebon</city>
				<postcode>379 14</postcode>
				<country>Czech Rep.</country>
			</address>
			<phone>384 721 319</phone>
			<fax>384 721 321</fax>
			<email>info@pivovar-regent.cz</email>
			<website>www.pivovar-regent.cz</website>
			<beers_list>
				<beer>
					<beer_name>Bohemia Regent Jedenactka</beer_name>
				&abv; is<alc_vol>4.6</alc_vol>% and 
				<plato>11</plato>° on Plato scale.
			</beer>
				<beer>
					<beer_name>Bohemia Regent Premium</beer_name>
				&abv; is<alc_vol>5</alc_vol>% and 
				<plato>12</plato>° on Plato scale.
			</beer>
				<beer>
					<beer_name>Bohemia Regent Tmavy</beer_name>
				&abv; is<alc_vol>4.4</alc_vol>% and 
				<plato>11</plato>° on Plato scale.
			</beer>
			</beers_list>
			<locals_list>
				<place lid_ref="l_5"/>
				<place lid_ref="l_7"/>
			</locals_list>
		</brewery>
		<brewery id="id_00009" tours="yes" size="medium" ann_prod="65352">
			<name>Chodovar</name>
			<founded>1573</founded>
			<address>
				<street>
					<street_name>Pivovarska</street_name>
					<street_nr>107</street_nr>
				</street>
				<city>Chodova Plana</city>
				<postcode>348 13</postcode>
				<country>Czech Rep.</country>
			</address>
			<phone>+420 374 794 181</phone>
			<fax>+420 374 611 600</fax>
			<email>chodovar@chodo­var.cz</email>
			<website>www.chodovar.cz</website>
			<note>xxx</note>
			<beers_list>
				<beer>
					<beer_name>Chodovar Desitka</beer_name>
				&abv; is<alc_vol>4</alc_vol>% and 
				<plato>10</plato>° on Plato scale.
			</beer>
				<beer>
					<beer_name>Chodovar Zlata jedenactka</beer_name>
				&abv; is<alc_vol>4.5</alc_vol>% and 
				<plato>11</plato>° on Plato scale.
			</beer>
				<beer>
					<beer_name>Prezident Premium</beer_name>
				&abv; is<alc_vol>5</alc_vol>% and 
				<plato>12</plato>° on Plato scale.
			</beer>
				<beer>
					<beer_name>Zamecky lezak Special</beer_name>
				&abv; is<alc_vol>5.1</alc_vol>% and 
				<plato>13</plato>° on Plato scale.
			</beer>
			</beers_list>
			<locals_list>
				<place lid_ref="l_5"/>
				<place lid_ref="l_6"/>
			</locals_list>
		</brewery>
		<brewery id="id_00010" tours="no" size="medium" ann_prod="250000">
			<name>Amber</name>
			<founded>1994</founded>
			<address>
				<street>
					<street_name>Gregorkiewicza</street_name>
					<street_nr>1</street_nr>
				</street>
				<city>Bielkowko</city>
				<postcode>83-050</postcode>
				<country>Poland</country>
			</address>
			<phone>+48 58 682 66 21</phone>
			<fax>+48 58 682 61 50</fax>
			<email/>
			<website>www.browar-amber.pl</website>
			<note>The Amber Brewery is one of the most modern small and medium brewery companies in Poland. Located in the midst of morainal hills surrounding Gdansk, the Brewery proudly continues excellent brewery traditions present in this region for centuries. </note>
			<beers_list>
				<beer>
					<beer_name>Pszeniczniak</beer_name>
				&abv; is<alc_vol>5.2</alc_vol>% and 
				<plato>12</plato>° on Plato scale.
			</beer>
				<beer>
					<beer_name>Piwo Zywe</beer_name>
				&abv; is<alc_vol>6.2</alc_vol>% and 
				<plato>14</plato>° on Plato scale.
			</beer>
				<beer>
					<beer_name>Kozlak</beer_name>
				&abv; is<alc_vol>6.5</alc_vol>% and 
				<plato>15</plato>° on Plato scale.
			</beer>
				<beer>
					<beer_name>Zlote Lwy</beer_name>
				&abv; is<alc_vol>5.6</alc_vol>% and 
				<plato>12</plato>° on Plato scale.
			</beer>
			</beers_list>
			<locals_list>
				<place lid_ref="l_1"/>
				<place lid_ref="l_2"/>
				<place lid_ref="l_3"/>
			</locals_list>
		</brewery>
	</breweries_list>
	<locals_base>
		<!-- set of all locals + keys attributes -->
		<local lid="l_1">
			<local_name>Jadalnia pod Zielonym Smokiem </local_name>
			<local_address>
				<street>
					<street_name>Szeroka</street_name>
					<street_nr>125</street_nr>
				</street>
				<city>Gdansk</city>
				<postcode>80-835</postcode>
			</local_address>
		</local>
		<local lid="l_2">
			<local_name>Kandelabry</local_name>
			<local_address>
				<street>
					<street_name>Aleja Jana Pawla II</street_name>
					<street_nr>9</street_nr>
				</street>
				<city>Gdynia</city>
				<postcode>81-345</postcode>
			</local_address>
		</local>
		<local lid="l_3">
			<local_name>Pub Bumerang</local_name>
			<local_address>
				<street>
					<street_name>Zwyciestwa</street_name>
					<street_nr>4a</street_nr>
				</street>
				<city>Koszalin</city>
				<postcode>75-031</postcode>
			</local_address>
		</local>
		<local lid="l_4">
			<local_name>Pivnice v Plachovce</local_name>
			<local_address>
				<street>
					<street_name>Placheho</street_name>
					<street_nr>31</street_nr>
				</street>
				<city>Plzen</city>
				<postcode>301 00</postcode>
			</local_address>
		</local>
		<local lid="l_5">
			<local_name>U Sv. Jana</local_name>
			<local_address>
				<street>
					<street_name>Trhanov</street_name>
					<street_nr>11</street_nr>
				</street>
				<city>Chodsko</city>
				<postcode>345 33</postcode>
			</local_address>
		</local>
		<local lid="l_6">
			<local_name>U Pinkasu</local_name>
			<local_address>
				<street>
					<street_name>Jungmannovo nam.</street_name>
					<street_nr>15/16</street_nr>
				</street>
				<city>Prague</city>
				<postcode>110 00 </postcode>
			</local_address>
		</local>
		<local lid="l_7">
			<local_name>Zubaty pes</local_name>
			<local_address>
				<street>
					<street_name>Petrohradska</street_name>
					<street_nr>216/3</street_nr>
				</street>
				<city>Prague</city>
				<postcode>110 00 </postcode>
			</local_address>
		</local>
	</locals_base>
</breweries_database>
