<?xml version="1.0" encoding="UTF-8"?>
<departments>    
    <department>        
        <name>Manufacturing</name>
        <manager>
            <name>Peter Berg</name>
        </manager>
        <employee>
            <name>Martin Owen</name>
        </employee>
        <subdepartments>
            <department>
                <name>Development</name>                
            </department>
            <department>
                <name>Engineering</name>
                <employee>
                    <name>Kate Stone</name>
                </employee>
            </department>
        </subdepartments>        
    </department>
    <department>
        <name>PR</name>
        <manager>Lucy Sheen</manager>
        <name>Carl Banks</name>
        <name>Philip Stein</name>
    </department>
</departments>
