<?xml version="1.0" encoding="UTF-8"?>
<games>
	<game>
		<name>Age of Empires</name>
		<successor>
			<game>
				<name>Age of Empires 2</name>
					<successor>
						<game>
							<name>Age of Empires 3</name>							
						</game>
					</successor>
					<successor>
						<game>
							<name>Age of Empires 2 : Conquerors</name>							
						</game>
					</successor>
			</game>
		</successor>
		<successor>
			<game>
				<name>Age of Empires : Rise of Rome</name>							
			</game>
		</successor>
	</game>
	<game>
		<name>Half-Life</name>
		<successor>
			<game>
				<name>Half-Life 2</name>							
			</game>
		</successor>
	</game>
	<game>
		<name>Civilization 5</name>
	</game>
</games>