<?xml version="1.0" encoding="UTF-8"?>

<!--
Doplnujici data pro ulohu xquery, pro priklad s nacitanim heterogennich dat.
Soubor obsahuje zaznamy o kontaktech se zakazniky v jine forme xml nez soubor data.xml. 
Soubor simuluje informace ziskane pres telefonni callcentrum.
-->

<crm>
	<callcentrum>
		<hovor id="ho1" stav="k vyřízení" nova_objednavka="ano" poridil="uz1">
			<cas den="2011-03-18" hodina="12:59"/>		
			<pozadavek>Kontrola v rámci akce "jarní kontrola".</pozadavek>						
			<zakaznik idzakaznika="za1" kontaktovat="ne"/>							
		</hovor>
		<hovor id="ho2" stav="uzavřeno" nova_objednavka="ne" poridil="uz2">
			<cas den="2011-03-20" hodina="14:11"/>		
			<pozadavek>Informace na ceny stěračů.</pozadavek>						
			<zakaznik idzakaznika="za1" kontaktovat="ne"/>							
			<souvisejici-hovory>
				<souvisejici-hovor rel="ho1" />
			</souvisejici-hovory>
		</hovor>
		<hovor id="ho3" stav="k vyřízení" nova_objednavka="ano" poridil="uz1">
			<cas den="2011-03-28" hodina="10:45"/>		
			<pozadavek>Objednávka odtahu, havárie na dálnici D5.</pozadavek>						
			<zakaznik idzakaznika="za2" kontaktovat="ano"/>							
		</hovor>
		<hovor id="ho4" stav="k vyřízení" nova_objednavka="ano" poridil="uz3">
			<cas den="2011-04-05" hodina="09:13"/>		
			<pozadavek>Oprava po nehodě.</pozadavek>						
			<zakaznik idzakaznika="za2" kontaktovat="ne"/>							
			<souvisejici-hovory>
				<souvisejici-hovor rel="ho3" />
			</souvisejici-hovory>
		</hovor>
		<hovor id="ho5" stav="uzavřeno" nova_objednavka="ne" poridil="uz2">
			<cas den="2011-04-08" hodina="15:54"/>		
			<pozadavek>Dotaz, zda je oprava vyřízena.</pozadavek>						
			<zakaznik idzakaznika="za2" kontaktovat="ano"/>							
			<souvisejici-hovory>
				<souvisejici-hovor rel="ho4" />
			</souvisejici-hovory>
		</hovor>
		<hovor id="ho6" stav="uzavřeno" nova_objednavka="ne" poridil="uz3">
			<cas den="2011-04-12" hodina="10:49"/>		
			<pozadavek>Urgence opravy.</pozadavek>						
			<zakaznik idzakaznika="za2" kontaktovat="ano"/>							
			<souvisejici-hovory>
				<souvisejici-hovor rel="ho5" />
			</souvisejici-hovory>
		</hovor>
		<hovor id="ho7" stav="k vyřízení" nova_objednavka="ano" poridil="uz2">
			<cas den="2011-04-18" hodina="13:13"/>		
			<pozadavek>Objednávka na výměnu předního skla, Škoda Superb.</pozadavek>						
			<zakaznik idzakaznika="za3" kontaktovat="ne"/>							
		</hovor>
		<hovor id="ho8" stav="uzavřeno" nova_objednavka="ne" poridil="uz1">
			<cas den="2011-04-19" hodina="15:00"/>		
			<pozadavek>Dotaz na stav opravy.</pozadavek>						
			<zakaznik idzakaznika="za3" kontaktovat="ne"/>							
			<souvisejici-hovory>
				<souvisejici-hovor rel="ho7" />
			</souvisejici-hovory>
		</hovor>
		<hovor id="ho9" stav="k vyřízení" nova_objednavka="ano" poridil="uz2">
			<cas den="2011-04-20" hodina="13:26"/>		
			<pozadavek>Výměna výfuku, Škoda Fabia.</pozadavek>						
			<zakaznik idzakaznika="za4" kontaktovat="ano"/>							
		</hovor>
		<hovor id="ho10" stav="k vyřízení" nova_objednavka="ano" poridil="uz2">
			<cas den="2011-04-20" hodina="13:32"/>		
			<pozadavek>Kontrola klimatizace.</pozadavek>						
			<zakaznik idzakaznika="za5" kontaktovat="ne"/>							
		</hovor>
	</callcentrum>
</crm>