<?xml version="1.0" encoding="UTF-8"?>
<!DOCTYPE Softwares SYSTEM "D:\záloha\DOKUMENTY\cvut 4. semestr\XML\Semestrální práce\XML_DTD\DatbaseSoftwaru.dtd">
<Softwares> <!--Korenovy element. Oznacuje mnozinu vsech softwaru -->

	<Software idS="idS_1"> <!-- jednoznacny identifikator softwaru -->
		<Nazev>Spy Emergency </Nazev>
		<Popis> Spy Emergency je anti-spyware, anti-trojan a anti-spam software, který rychle a 
					 bezpečně najde a odstraní spyware, viry, adware.
		 </Popis>
		<Vyrobce id="id_1" sidlo="Praha 6" jmenoSpolecnosti="Accenture" spolecnost="s.r.o"/> <!-- prazdný elemnt, urceni pouze pres atributy-->
		<Licence druh="freeware"/>
		<Developer idD="idD_1">  <!-- identifikator urcuje jednosznacne kazdeho vyvoajre, dale jsou podelemnty k jeho urceni -->
			<Jmeno>Josef</Jmeno>
			<Prijmeni>Novak</Prijmeni>
			<Titul>ING</Titul>
			<Jazyk>C++, C#</Jazyk>
			<Bydliste>Praha 1</Bydliste>
			<PSC>56986</PSC>
			<Ulice>Vanickova</Ulice>
		</Developer>
		<Developer idD="idD_2">
			<Jmeno>David</Jmeno>
			<Prijmeni>Obrsal</Prijmeni>
			<Titul>Bc</Titul>
			<Jazyk>C#, Java</Jazyk>
			<Bydliste>Praha 1</Bydliste>
			<PSC>56986</PSC>
			<Ulice>Jiraskova</Ulice>
		</Developer>
		<ProgramovaciJazyk>C#</ProgramovaciJazyk>
		<Velikost>16MB</Velikost>
		<Verze>10.0.4</Verze>
		<Obrazek>
			<file>Picture/spyEmergency.png</file>
			<label>Spy Emegrenci1</label>
		</Obrazek>
		<Obrazek>
			<file>Picture/spyEmergency2.png</file>
			<label>Spy Emegrenci2</label>
		</Obrazek>
		<DatumVydani>17.2.2012</DatumVydani>
	</Software>
	
	<Software  idS ="idS_2">
		<Nazev>Room Arranger</Nazev>
		<Popis>Jedná se o program, pomocí kterého si můžete snadno vytvořit pokoj, byt či celý dům.</Popis>
		<Vyrobce id="id_2" sidlo="Praha 6" jmenoSpolecnosti="SimpleWay" spolecnost="a.s"/>
		<Licence druh="GPL"/>
		<Developer idD="idD_3">
			<Jmeno>Roman</Jmeno>
			<Prijmeni>Fridrich</Prijmeni>
			<Titul>Mgr</Titul>
			<Jazyk>Java, C#, Delphi</Jazyk>
			<Bydliste>Beroun</Bydliste>
			<PSC>89536</PSC>
			<Ulice>Jiraskova</Ulice>
		</Developer>
		<Developer idD="idD_4">
			<Jmeno>Martin</Jmeno>
			<Prijmeni>Hajek</Prijmeni>
			<Titul>ING</Titul>
			<Jazyk>C++, Java, C#</Jazyk>
			<Bydliste>Beroun</Bydliste>
			<PSC>98696</PSC>
			<Ulice></Ulice>
		</Developer>
		<ProgramovaciJazyk>Java</ProgramovaciJazyk>
		<Velikost>2MB</Velikost>
		<Verze>1.0</Verze>
		<Verze>1.1</Verze>
		<Obrazek>
			<file>picture/roomArranger.jpg</file>
			<label>room arranger</label>
		</Obrazek>
		<DatumVydani>10.10.2011</DatumVydani>
	</Software>
	
</Softwares>
