<?xml version="1.0" encoding="UTF-8"?>
<!DOCTYPE sis SYSTEM "data.dtd">

<sis>
	<?php $beginning = microtime(); ?>
<fakulty>
   <fakulta nazov="MFF" id="f1">
      <katedra nazov="KAM" id="k1" budova="MS">
         <zamestnanec>
            <osoba id="z1">
               <krstneMeno>KAMak</krstneMeno>
               <priezvisko>Prvy</priezvisko>
            </osoba>
            <zameranie>farbenie 6-regularnych 4-suvislych ultradivnych grafov</zameranie>
            <miestnost oznacenie="S112"/>
            <vyucovanePredmety>
               <semesterVyuky rok="2012" cast="L">
                  <vyucovanyPredmet id="p1">
                     <konanieVyuky>
                        <miestnost oznacenie="S3" />
                        <cas den="Po" h="10" m="40" tyzdne="kazdy" />
                     </konanieVyuky>
                  </vyucovanyPredmet>
                  <vyucovanyPredmet id="p2">
                     <konanieVyuky>
                        <miestnost oznacenie="S8" />
                        <cas den="Ut" h="17" m="20" tyzdne="kazdy" />
                     </konanieVyuky>
                  </vyucovanyPredmet>
               </semesterVyuky>
            </vyucovanePredmety>
         </zamestnanec>
      </katedra>
      <katedra nazov="KMA" id="k2" budova="Karlin">
         <zamestnanec>
            <osoba id="z2">
               <krstneMeno>Analytik</krstneMeno>
               <priezvisko>Nulty</priezvisko>
            </osoba>
            <zameranie>neobycajne diferencialne kolmice</zameranie>
            <miestnost oznacenie="K13" />
            <vyucovanePredmety>
               <semesterVyuky rok="2012" cast="L">
                  <vyucovanyPredmet id="p3">
                     <konanieVyuky>
                        <miestnost oznacenie="S3" />
                        <cas den="St" h="14" m="00" tyzdne="kazdy" />
                     </konanieVyuky>
                  </vyucovanyPredmet>
                  <vyucovanyPredmet id="p4">
                     <konanieVyuky>
                        <miestnost oznacenie="S8" />
                        <cas den="Št" h="12" m="20" tyzdne="kazdy" />
                     </konanieVyuky>
                  </vyucovanyPredmet>
               </semesterVyuky>
            </vyucovanePredmety>
         </zamestnanec>
      </katedra>
   </fakulta>
</fakulty>
<predmety>
   <predmet id="p1" nazov="Programovani I" zapocet="Z" skuska="Zk" kredity="6" />
   <predmet id="p3" nazov="Programovani II" zapocet="Z" prerekvizity="p1" kredity="6" />
   <predmet id="p2" nazov="Matematicka analyza I" zapocet="Z" skuska="Zk" kredity="6" />
   <predmet id="p4" nazov="Matematicka analyza II" zapocet="Z" prerekvizity="p2" skuska="Zk" kredity="6" />
   <predmet id="p5" nazov="Matematicka analyza III" zapocet="Z" skuska="Zk" korekvizity="p2" kredity="5" />
</predmety>
<studenti>
   <student>
      <osoba id="o1">
         <krstneMeno>Jose</krstneMeno>
         <priezvisko>Atrometi</priezvisko>
      </osoba>
      <stavStudia ziskaneKredity="0" rocnik="1">
         <semesterStudia poradoveCislo="1" rok="2012" cast="zima">&stdPrvySemester;</semesterStudia>
      </stavStudia>
   </student>
   <student>
      <osoba id="o2">
         <krstneMeno>Tabor</krstneMeno>
         <priezvisko>Bakes</priezvisko>
      </osoba>
      <stavStudia ziskaneKredity="0" rocnik="1">
         <semesterStudia poradoveCislo="1" rok="2012" cast="zima">
         	&stdPrvySemester;
         </semesterStudia>
      </stavStudia>
   </student>
   <student>
      <osoba id="o3">
         <krstneMeno>Steven</krstneMeno>
         <priezvisko>Baldur</priezvisko>
      </osoba>
      <stavStudia ziskaneKredity="0" rocnik="1">
         <semesterStudia poradoveCislo="1" rok="2012" cast="zima">&stdPrvySemester;</semesterStudia>
      </stavStudia>
   </student>
   <student>
      <osoba id="o4">
         <krstneMeno>Pater</krstneMeno>
         <priezvisko>Basten, von</priezvisko>
      </osoba>
      <stavStudia ziskaneKredity="0" rocnik="1">
         <semesterStudia poradoveCislo="1" rok="2012" cast="zima">&stdPrvySemester;</semesterStudia>
      </stavStudia>
   </student>
   <student>
      <osoba id="o5">
         <krstneMeno>Marchech</krstneMeno>
         <priezvisko>Tahun</priezvisko>
      </osoba>
      <stavStudia ziskaneKredity="0" rocnik="1">
         <semesterStudia poradoveCislo="1" rok="2012" cast="zima">&stdPrvySemester;</semesterStudia>
      </stavStudia>
   </student>
   <student>
      <osoba id="o11">
         <krstneMeno>Tobias</krstneMeno>
         <priezvisko>Barkwhof</priezvisko>
      </osoba>
      <stavStudia ziskaneKredity="0" rocnik="1">
         <semesterStudia poradoveCislo="1" rok="2012" cast="zima">&stdPrvySemester;</semesterStudia>
      </stavStudia>
   </student>
   <student>
      <osoba id="o6">
         <krstneMeno>Macho</krstneMeno>
         <priezvisko>Bansky</priezvisko>
      </osoba>
      <stavStudia ziskaneKredity="45" rocnik="2">
         <semesterStudia poradoveCislo="1" rok="2012" cast="zima">&stdPrvySemester;</semesterStudia>
         <semesterStudia poradoveCislo="3" rok="2013" cast="zima">&stdPrvySemester;</semesterStudia>
      </stavStudia>
   </student>
   <student>
      <osoba id="o7">
         <krstneMeno>Johnny</krstneMeno>
         <priezvisko>Zloutek</priezvisko>
      </osoba>
      <stavStudia ziskaneKredity="0" rocnik="1">
         <semesterStudia poradoveCislo="1" rok="2012" cast="zima">&stdPrvySemester;</semesterStudia>
      </stavStudia>
   </student>
   <student>
      <osoba id="o8">
         <krstneMeno>Stetam</krstneMeno>
         <priezvisko>Odboc</priezvisko>
      </osoba>
      <stavStudia ziskaneKredity="0" rocnik="1">
         <semesterStudia poradoveCislo="1" rok="2012" cast="zima">&stdPrvySemester;</semesterStudia>
      </stavStudia>
   </student>
   <student>
      <osoba id="o9">
         <krstneMeno>Javorsval</krstneMeno>
         <priezvisko>Prazec</priezvisko>
      </osoba>
      <stavStudia ziskaneKredity="0" rocnik="1">
         <semesterStudia poradoveCislo="1" rok="2012" cast="zima">&stdPrvySemester;</semesterStudia>
      </stavStudia>
   </student>
   <student>
      <osoba id="o10">
         <krstneMeno>Kabul</krstneMeno>
         <priezvisko>Tecka</priezvisko>
      </osoba>
      <stavStudia ziskaneKredity="0" rocnik="1">
         <semesterStudia poradoveCislo="1" rok="2012" cast="zima"></semesterStudia>
      </stavStudia>
   </student>
   <student>
		<osoba id="o1364133528">
			<krstneMeno>
				Kleofas
			</krstneMeno>
			<priezvisko>
				Veleznaly
			</priezvisko>
		</osoba>
		<stavStudia rocnik="2" ziskaneKredity="0"/>
	</student>
</studenti>
<budovy>
   <budova id="MS" fakulta="f1">
      <adresa>
         <ulica>Malostranske nam.</ulica>
         <psc>10</psc>
         <mesto>Praha</mesto>
         <stat>CR</stat>
      </adresa>
   </budova>
   <budova id="Karlin" fakulta="f1">
      <adresa>
         <ulica>Malostranske nam.</ulica>
         <psc>10</psc>
         <mesto>Praha</mesto>
         <stat>CR</stat>
      </adresa>
   </budova>
</budovy>
   <!-- timestamp - if this was an XML generated from database -->
   <generatedOn>
   	<![CDATA[ 
   	var now = new Date();
	now.format("dd-M-yy h:mm:tt");
   	document.write(now); 
   	 ]]>
   </generatedOn>
   <processedIn><?php echo microtime() - $beginning; ?></processedIn>
</sis>