<?xml version="1.0" encoding="UTF-8"?>
<?xml-stylesheet href="data.xsl" type="text/xsl"?>
<!DOCTYPE guitarShop PUBLIC "kytarovyObchod" "data.dtd">
<guitarShop>
	<majitel IC="0345345339" DIC="CZ0345346369" stav="staly">
		Jmenuji se Tomas Nepotrebko.
		<jmeno>Tomas Nepotrebko</jmeno>
		<nazevFirmy />
		<datumRegistrace>22.03.2008</datumRegistrace>
	</majitel>
	
	<!-- popis kytar -->
	
	<kytary>
		<noveKytary>
			<electroKytary>
				<kytara model="GIBSON Flying V" Kod="HN107655">
					<jeLevoruka/>
					<jeSkladem/>
					<barva>Ebony</barva>
					<material>palisandr</material>
					<forma>Flying V</forma>
					<pocetStrun>6</pocetStrun>
					<cenaVKc>
						<value>23 241</value>
						<znMeny>CZK</znMeny>
					</cenaVKc>
					<cenaVEuro>
						<value>957</value>
						<znMeny>EUR</znMeny>
					</cenaVEuro>
					<hodnoceniUzivatelemi>2</hodnoceniUzivatelemi>
					<komentar>
						<![CDATA[ 
						Je moc pekna! Vhodna pouze pro levaci! 
						]]>
					</komentar>
				</kytara>
				<kytara model="GIBSON Flying V" Kod="HN107654">
					<jeSkladem/>
					<barva>White</barva>
					<material>eben</material>
					<forma>Flying V</forma>
					<pocetStrun>6</pocetStrun>
					<cenaVKc>
						<value>23 241</value>
						<znMeny>CZK</znMeny>
					</cenaVKc>
					<cenaVEuro>
						<value>957</value>
						<znMeny>EUR</znMeny>
					</cenaVEuro>
					<hodnoceniUzivatelemi>2</hodnoceniUzivatelemi>
					<komentar>
						<![CDATA[ 
						Je moc pekna!
						]]>
					</komentar>
				</kytara>
				<kytara model="FENDER American Standard" Kod="HN098130">
					<barva>Sunburst</barva>
					<material>palisandr</material>
					<forma>Stratocaster</forma>
					<pocetStrun>7</pocetStrun>
					<cenaVKc>
						<value>50 980</value>
						<znMeny>CZK</znMeny>
					</cenaVKc>
					<cenaVEuro>
						<value>2001</value>
						<znMeny>EUR</znMeny>
					</cenaVEuro>
					<hodnoceniUzivatelemi>1</hodnoceniUzivatelemi>
					<komentar>
						<![CDATA[ 
						Na ni hral sam Ragnar Bily! 
						]]>
					</komentar>
				</kytara>
			
			</electroKytary>
			
			<bassKytary>
				<kytara model="CORT Action Bass LH" Kod="HN111016">
					<jeSkladem/>
					<barva>White</barva>
					<material>palisandr</material>
					<forma>Walnut Satin</forma>
					<pocetStrun>4</pocetStrun>
					<cenaVKc>
						<value>4 000</value>
						<znMeny>CZK</znMeny>
					</cenaVKc>
					<cenaVEuro>
						<value>153</value>
						<znMeny>EUR</znMeny>
					</cenaVEuro>
					<hodnoceniUzivatelemi>3</hodnoceniUzivatelemi>
					<komentar>
						<![CDATA[ 
						Je vhodna pro zacatecnici
						]]>
					</komentar>
				</kytara>
			
			</bassKytary>
			
			<ukulele>
				<kytara model="MexicNew" Kod="HN107354">
					<jeSkladem/>
					<barva>White</barva>
					<material>Wood</material>
					<pocetStrun>4</pocetStrun>
					<cenaVKc>
						<value>589</value>
						<znMeny>CZK</znMeny>
					</cenaVKc>
					<cenaVEuro>
						<value>21</value>
						<znMeny>EUR</znMeny>
					</cenaVEuro>
					<komentar>
						<![CDATA[ 
						Exoticky hudebni nastroj z Mexiky.
						]]>
					</komentar>
				</kytara>
			
			</ukulele>
			
		</noveKytary>
		
		<pouziteKytary>
			<electroKytary>
				<kytara model="GIBSON Flying V" Kod="HN107658">
					<jeSkladem/>
					<barva>White</barva>
					<material>eben</material>
					<forma>Flying V</forma>
					<pocetStrun>6</pocetStrun>
					<cenaVKc>
						<value>10 000</value>
						<znMeny>CZK</znMeny>
					</cenaVKc>
					<cenaVEuro>
						<value>500</value>
						<znMeny>EUR</znMeny>
					</cenaVEuro>
					<komentar>
						<![CDATA[ 
						Je skoro nova. Jenomze chbeji jeden roh...
						]]>
					</komentar>
				</kytara>
			
			</electroKytary>
			
			<bassKytary>
				<kytara model="IBANEZ BTB 305FM" Kod="HN107456">
					<jeSkladem/>
					<barva>Black</barva>
					<material>eben</material>
					<forma>BTB</forma>
					<pocetStrun>4</pocetStrun>
					<cenaVKc>
						<value>56 235</value>
						<znMeny>CZK</znMeny>
					</cenaVKc>
					<cenaVEuro>
						<value>2015</value>
						<znMeny>EUR</znMeny>
					</cenaVEuro>
					<komentar>
						<![CDATA[ 
						Je pouzivana asi 2 roky.
						]]>
					</komentar>
				</kytara>
				<kytara model="IBANEZ BTB 700DX" Kod="HN127654">
					<jeSkladem/>
					<barva>Brown</barva>
					<material>eben</material>
					<forma>BTB</forma>
					<pocetStrun>5</pocetStrun>
					<cenaVKc>
						<value>15 235</value>
						<znMeny>CZK</znMeny>
					</cenaVKc>
					<cenaVEuro>
						<value>726</value>
						<znMeny>EUR</znMeny>
					</cenaVEuro>
					<komentar>
						<![CDATA[ 
						Nasel jsem ji na ulici.
						]]>
					</komentar>
				</kytara>
			
			</bassKytary>
			
			<akustickeKytary>
				<kytara model="BLOND CLU-224" Kod="HN107973">
					<jeLevoruka/>
					<jeSkladem/>
					<barva>Brown</barva>
					<material>palisandr</material>
					<forma>Standart</forma>
					<pocetStrun>6</pocetStrun>
					<cenaVKc>
						<value>1 358</value>
						<znMeny>CZK</znMeny>
					</cenaVKc>
					<cenaVEuro>
						<value>48</value>
						<znMeny>EUR</znMeny>
					</cenaVEuro>
					<komentar>
						<![CDATA[ 
						Je kradena.
						]]>
					</komentar>
				</kytara>
			
			</akustickeKytary>
		
		</pouziteKytary>
	
	</kytary>
	
	<!-- vypisuje upozorneni -->
	
	<upozorneni>
		Kytary jsou ted' na ceste z Norska, proto muzete ji koupit minimalne prez dva dny.
		<ssyl ID="HN107654"/>
	<?php echo "S pozdravem, Tomas nepotrebko"?>
	</upozorneni>
</guitarShop>