<?xml version="1.0" encoding="UTF-8"?>
<kancelar xmlns:xsi="http://www.w3.org/2001/XMLSchema-instance" xsi:noNamespaceSchemaLocation="data.xsd">
	<firma id="id1">
		<nazev>Pat &amp; Mat s.r.o.</nazev>
		<ICO>123456</ICO>
		<DIC>CZ123456</DIC>
	</firma>
	<firma id="id2">
		<nazev>tunel</nazev>
		<ICO>111</ICO>
		<DIC>CZ111</DIC>
	</firma>
	<lide>
		<zamestnanec id="id1" pracuje_o_vikendu="ano" nadrizeny="id1" zamestnavatel="id1">
			<jmeno>Pat</jmeno>
			<prijmeni>kdoví</prijmeni>
			<datum_narozeni>1976-01-01</datum_narozeni>
			<prirazeni>
				<aktualni>
					<pozice>Řiditel Světa</pozice>
				</aktualni>
				<predchozi>
					<pozice>komparz v animovaných filmech</pozice>
				</predchozi>
			</prirazeni>
			<dalsi_info>
				Postavy Pat a Mat se poprvé objevily v roce 1976 ve filmu <url><?php echo($film_url); ?></url>. Svých jmen Pat a Mat se kutilové dočkali až v roce 1989. 
			</dalsi_info>
		</zamestnanec>
	</lide>
</kancelar>
