<?xml version="1.0" encoding="UTF-8"?>
<Book>
   <NameB>
      <NameB>Radkova cesta do pekel</NameB>
   </NameB>1</Book>
<Book>
   <NameB>
      <NameB>Bojove umeni</NameB>
   </NameB>10</Book>
<Book>
   <NameB>
      <NameB>R.U.R.</NameB>
   </NameB>2</Book>
<Book>
   <NameB>
      <NameB>R.U.R.</NameB>
   </NameB>3</Book>
<Book>
   <NameB>
      <NameB>Blecha</NameB>
   </NameB>4</Book>
<Book>
   <NameB>
      <NameB>R.U.R.</NameB>
   </NameB>5</Book>
<Book>
   <NameB>
      <NameB>R.U.R.</NameB>
   </NameB>6</Book>
<Book>
   <NameB>
      <NameB>Kniha krale Petrika 70</NameB>
   </NameB>7</Book>
<Book>
   <NameB>
      <NameB>R.U.R.</NameB>
   </NameB>8</Book>
<Book>
   <NameB>
      <NameB>R.U.R.</NameB>
   </NameB>8</Book>
<Book>
   <NameB>
      <NameB>R.U.R.</NameB>
   </NameB>9</Book>