<?xml version="1.0" encoding="UTF-8"?>
<document xmlns:xsi="http://www.w3.org/2001/XMLSchema-instance" xsi:noNamespaceSchemaLocation="data.xsd">
	<company name="TransKE">
		<office>
			<contact>
				<office_adress>Pekna 5, 04011 Kosice, Slovakia</office_adress>
				<office_phone>+421556441111</office_phone>
				<office_email>info@transke.sk</office_email>
				<office_pobox></office_pobox>
			</contact>
			<employees>
				<employee id="e1">
					<employee_name>Jan Cerveny</employee_name>
					<employee_position>CEO</employee_position>
				</employee>
				<employee id="e2">
					<employee_name>Jan Oranzovy</employee_name>
					<employee_position>Driver</employee_position>
				</employee>
				<employee id="e5">
					<employee_name>Jan Ruzovy</employee_name>
					<employee_position>Driver</employee_position>
				</employee>
				<employee id="e6">
					<employee_name>Jan Cierny</employee_name>
					<employee_position>Driver</employee_position>
				</employee>
				<employee id="e7">
					<employee_name>Jan Biely</employee_name>
					<employee_position>Mechanic</employee_position>
				</employee>
				<employee  id="e8">
					<employee_name>Jan Transparentny</employee_name>
					<employee_position>IT Specialist</employee_position>
				</employee>
				<employee id="e9">
					<employee_name>Jan Zlty</employee_name>
					<employee_position>Security</employee_position>
				</employee>
			</employees>
			<trucks>
				<truck spz="KE-123AB" man="DAF" type="FX105" stk="yes" employee_id="e4">Pekny</truck>
				<truck spz="KE-123CD" man="DAF" type="FX95" stk="no" employee_id="e5">Cerveny</truck>
				<truck spz="KE-123EF" man="Volvo" type="FH16" stk="yes">Funkcny</truck>
			</trucks>
		</office>
	</company>
</document>