<?xml version="1.0" encoding="UTF-8"?>
<vozidla xmlns:xsi="http://www.w3.org/2001/XMLSchema-instance" xsi:noNamespaceSchemaLocation="data.xsd">

	<vozidlo typ="metro">
		<znacka>8811</znacka>

		<domaciDepo rezervace="ano">Kačerov</domaciDepo>
		<domaciDepo>Hostivař</domaciDepo>
		
		<oprava cisloZasahu="A-0001" />
		<oprava cisloZasahu="A-0002" />
		<reklamace cisloZasahu="B-0001" />
		
	</vozidlo>
	
	<vozidlo typ="bus" aktivni="ne">
		<inventarniCislo>123456789012</inventarniCislo>
		
		<domaciDepo>Na Knížecí</domaciDepo>
		<domaciDepo>Nové Butovice</domaciDepo>
		
		<oprava cisloZasahu="A-0003" />
		<placenaOprava cisloZasahu="C-0001">
			<dodavatel>Hotten Totten, s.r.o.</dodavatel>
			<cena>1000000</cena>
		</placenaOprava>
		
	</vozidlo>

</vozidla>


