<?xml version="1.0" encoding="UTF-8"?>
<!DOCTYPE sazkarsky-system SYSTEM "sazkarsky-system.dtd">
<sazkarsky-system>
	<seznam-uzivatelu>
		<uzivatel id="uzivatel_1">
			<jmeno>Karel</jmeno>
			<prijmeni>Ohebný</prijmeni>
			<vek>38</vek>
			<ucet typ="sazkar" />
			<info>
				Můj nejoblíbenější tým je <tym>AC Sparta Praha</tym>.
			</info>
		</uzivatel>
		
		<uzivatel id="uzivatel_2">
			<jmeno>Marcela</jmeno>
			<prijmeni>Utěrková</prijmeni>
			<vek>23</vek>
			<ucet />
			<info>
				Můj nejoblíbenější tým je <tym>HC Karviná</tym>.
			</info>
		</uzivatel>
		
		<uzivatel id="uzivatel_3">
			<jmeno>Jaroslav</jmeno>
			<prijmeni>Přísný</prijmeni>
			<vek>35</vek>
			<ucet typ="ekonom" />
			<info>
				Určuji kurzy pouze <sport>hokej</sport>.
			</info>
		</uzivatel>
	</seznam-uzivatelu>
	
	<seznam-sazek>
		<sazka id="sazka_1">
			<sazkar id="uzivatel_1" />
			<kurzy>
				<domaci kurz="1.2" />
				<hoste kurz="2.5" />
				<remiza kurz="2.0" />
			</kurzy>
			<vsazeno typ="domaci" />
			<sport>hokej</sport>
			<datum>9.1.2012</datum>
			<tymy>
				<tym1>HC Sparta Praha</tym1>
				<tym2>HC Kometa Brno</tym2>
			</tymy>
		</sazka>
		
		<sazka id="sazka_2">
			<sazkar id="uzivatel_1" />
			<kurzy>
				<domaci kurz="8.9" />
				<hoste kurz="1.1" />
				<remiza kurz="4.9" />
			</kurzy>
			<vsazeno typ="domaci" />
			<sport>hokej</sport>
			<datum>10.1.2012</datum>
			<tymy>
				<tym1>Bílí Tygři Liberec</tym1>
				<tym2>BK Mladá Boleslav</tym2>
			</tymy>
		</sazka>
		
		<sazka id="sazka_3">
			<sazkar id="uzivatel_1" />
			<kurzy>
				<domaci kurz="2.1" />
				<hoste kurz="1.8" />
				<remiza kurz="2.0" />
			</kurzy>
			<vsazeno typ="hoste" />
			<sport>fotbal</sport>
			<datum>10.1.2012</datum>
			<tymy>
				<tym1>FK Teplice</tym1>
				<tym2>FK Slovácko</tym2>
			</tymy>
		</sazka>
		
		<sazka id="sazka_4">
			<sazkar id="uzivatel_2" />
			<kurzy>
				<domaci kurz="3.1" />
				<hoste kurz="1.3" />
				<remiza kurz="2.5" />
			</kurzy>
			<vsazeno typ="hoste" />
			<sport>fotbal</sport>
			<datum>19.1.2012</datum>
			<tymy>
				<tym1>FK Slavia Praha</tym1>
				<tym2>AC Sparta Praha</tym2>
			</tymy>
		</sazka>
		
		<sazka id="sazka_5">
			<sazkar id="uzivatel_2" />
			<kurzy>
				<domaci kurz="1.5" />
				<hoste kurz="1.5" />
				<remiza kurz="1.3" />
			</kurzy>
			<vsazeno typ="remiza" />
			<sport>basketbal</sport>
			<datum>3.2.2012</datum>
			<tymy>
				<tym1>ČEZ Nymburk</tym1>
				<tym2>BK Pardubice</tym2>
			</tymy>
		</sazka>
		
		<sazka id="sazka_6">
			<sazkar id="uzivatel_1" />
			<kurzy>
				<domaci kurz="3.6" />
				<hoste kurz="1.3" />
				<remiza kurz="2.3" />
			</kurzy>
			<vsazeno typ="remiza" />
			<sport>fotbal</sport>
			<datum>3.2.2012</datum>
			<tymy>
				<tym1>FK Sigma Olomouc</tym1>
				<tym2>FK Jablonec</tym2>
			</tymy>
		</sazka>
		
		<sazka id="sazka_7">
			<sazkar id="uzivatel_2" />
			<kurzy>
				<domaci kurz="1.7" />
				<hoste kurz="1.3" />
				<remiza kurz="1.5" />
			</kurzy>
			<vsazeno typ="hoste" />
			<sport>hokej</sport>
			<datum>19.2.2012</datum>
			<tymy>
				<tym1>HC Oceláři Třinec</tym1>
				<tym2>HC Plzeň 1929</tym2>
			</tymy>
		</sazka>
		
		<sazka id="sazka_8">
			<sazkar id="uzivatel_2" />
			<kurzy>
				<domaci kurz="1.6" />
				<hoste kurz="2.4" />
				<remiza kurz="2.1" />
			</kurzy>
			<vsazeno typ="domaci" />
			<sport>hokej</sport>
			<datum>19.2.2012</datum>
			<tymy>
				<tym1>PSG Zlín</tym1>
				<tym2>BK Mladá Boleslav</tym2>
			</tymy>
		</sazka>
		
		<sazka id="sazka_9">
			<sazkar id="uzivatel_2" />
			<kurzy>
				<domaci kurz="1.1" />
				<hoste kurz="7.9" />
				<remiza kurz="5.3" />
			</kurzy>
			<vsazeno typ="domaci" />
			<sport>hokej</sport>
			<datum>21.2.2012</datum>
			<tymy>
				<tym1>HC Sparta Praha</tym1>
				<tym2>HC VERVA Litvínov</tym2>
			</tymy>
		</sazka>
		
		<sazka id="sazka_10">
			<sazkar id="uzivatel_1" />
			<kurzy>
				<domaci kurz="1.4" />
				<hoste kurz="2.0" />
				<remiza kurz="1.8" />
			</kurzy>
			<vsazeno typ="remiza" />
			<sport>basketbal</sport>
			<datum>28.2.2012</datum>
			<tymy>
				<tym1>BK Děčín</tym1>
				<tym2>BK Prostějov</tym2>
			</tymy>
		</sazka>
	</seznam-sazek>
</sazkarsky-system>