<?xml version="1.0" encoding="UTF-8"?>

<databaze>
	<hry>
		<hra id="h1" multiplayer="ne" forma="komercni" rozsah="plna">
			<nazev>Mafia: The City of Lost Heaven</nazev>
			<datum-vydani>
				<den>29</den>
				<mesic>8</mesic>
				<rok>2002</rok>
			</datum-vydani>
			<zanry>
				<zanr>TPS</zanr>
				<zanr>zavodni</zanr>
			</zanry>
			<tvurci>
				<tvurce id="v1" />
			</tvurci>
			<videa>
				<video pridal="u21" typ="trailer" url="http://www.youtube.com/watch?v=YFPyOHgSC1A" />
				<video pridal="u21" typ="gameplay" url="http://www.youtube.com/watch?v=G1uY_GuHKVw" />
			</videa>
			<odkazy>
				<odkaz pridal="u21" url="http://www.mafiagame.cz/"></odkaz>
			</odkazy>
			<popis>
			<![CDATA[Mladý taxikář Tommy Angelo si žije poklidným životem v americkém městě Lost Heaven. Probíhají 30. léta a v této krizí zmítané době je vděčný i za to. Vše se změní jednoho dne. Tom si dává pravidelnou cigaretu u auta, když uslyší náraz; místní mafiáni nezvládli řízení v automobilové honičce a docela nutně potřebují svézt. Tom, dívaje se do ústí pistole, nemá na výběr, a aniž by si to sám uvědomil, právě se zapletl s něčím, z čeho už nelze couvnout. Začíná jeho život v rodině dona Salieriho... 

Mafia je akční hra viděná z pohledu třetí osoby, ve které retrospektivně prožíváte Tomův příběh. Stanete se členem jedné z mafiánských rodin, jež válčí o moc nad celým městem. Právě na příběh klade Mafia největší důraz a mnohdy se díky velkému počtu cut-scén blíží spíše filmovému zážitku. Mise plníte v žijícím městě s využitím několika desítek dobových automobilů a zbraní. Vyzkoušíte si vybírání výpalného, krádeže aut i přestřelky, dokonce se zúčastníte automobilového závodu. 

Mafia po svém vydání sklidila velký ohlas jak u nás, tak v zahraničí, a to i díky své tematice, která byla v roce 2002 ve hrách ještě poměrně neprobádaná. 

Fanoušci se po dlouhých 8 letech dočkali pokračování Mafia II.]]>
			</popis>
		</hra>
		<hra id="h4073" multiplayer="ne" forma="komercni" rozsah="plna">
			<nazev>Mafia II</nazev>
			<datum-vydani>
				<den>24</den>
				<mesic>8</mesic>
				<rok>2010</rok>
			</datum-vydani>
			<zanry>
				<zanr>TPS</zanr>
				<zanr>zavodni</zanr>
			</zanry>
			<tvurci>
				<tvurce id="v2" />
			</tvurci>
			<videa>
			</videa>
			<odkazy>
				<odkaz pridal="u22" url="http://www.2kgames.com/mafia2/"></odkaz>
			</odkazy>
			<popis>
				Pokracovani klasicke hry Mafia z mafianskeho prostredi. Bere si velkou inspiraci ze snimku Godfather.
			</popis>
		</hra>
		<hra id="h732" multiplayer="ano" forma="komercni" rozsah="plna">
			<nazev>Day of Defeat</nazev>
			<datum-vydani>
				<den>1</den>
				<mesic>5</mesic>
				<rok>2003</rok>
			</datum-vydani>
			<zanry>
				<zanr>FPS</zanr>
				<zanr>online akce</zanr>
			</zanry>
			<tvurci>
				<tvurce id="v5" />
			</tvurci>
			<videa>
				<video pridal="u21" typ="gameplay" url="http://www.youtube.com/watch?v=3yGgWRiwJy8#!" />
			</videa>
			<odkazy>
				<odkaz pridal="u21" url="http://www.dayofdefeat.com/" />
			</odkazy>
			<popis>
				Day of Defeat (DoD) je fps z WWII. Ve hře se dá hrát za Američany, Brity i Němce.
				Hlavním principem je obsazování vlajek na mapě. Pokud jsou všechny vlajky obsazeny tým zvítězí.
				Na některé vlajky (obzvláště ty klíčové) musí vlajku "brát" 2 hráči a zabere to nějaký čas, takže
				je možnost na protiútok druhého týmu. Hra původně vyšla jako mód na hru Half-Life. Za 3 roky již
				hra vyšla v krabicové verzi. Společně s Counter-Strike je nejhranější hrou na GoldSrc enginu.
			</popis>
		</hra>
		<hra id="h1885" multiplayer="ne" forma="freeware" rozsah="plna">
			<nazev>Mrtvé město</nazev>
			<datum-vydani>
				<rok>2004</rok>
			</datum-vydani>
			<zanry>
				<zanr>adventura</zanr>
			</zanry>
			<tvurci>
				<tvurce id="v1" />
			</tvurci>
			<videa>
				<video pridal="u1" typ="gameplay" url="http://www.youtube.com/watch?v=J5xVYjMbnm0" />
			</videa>
			<odkazy>
			</odkazy>
			<popis>
				Mrtvé město je 2D hororová adventura od českého týmu Nihilis viděná z vlastního pohledu.
				Hra je zasazena do několika temných a depresivních míst, ze kterých na vás dýchá noirová
				atmosféra, a to třeba hřbitov, který obývá nekrofilní hrobník, zaplivaný bar s dealerem
				drog na záchodě, či váš hnusný byt, ve kterém navíc nejde elektřina. 

				Jak tomu většinou bývá v žánru noir, hra je celá černobílá a lokace ztvárněné zajímavě.
				Ve hře nečekejte nějaké složité puzzly, přece jen jde spíše o příběh a průměrný hráč
				adventur hru dohraje zhruba za hodinu. 

				A příběh? Jste propuštěn z psychiatrické léčebny, kde jste byl dočasně ubytován po
				vraždě vaší přítelkyně Tess. V hlavě máte myšlenky jen na to, jak najít vraha a pomstít její smrt.
			</popis>
		</hra>
		<hra id="h6666" multiplayer="ano" forma="free2play" rozsah="plna">
			<nazev>War Thunder</nazev>
			<datum-vydani>
				<den>1</den>
				<mesic>11</mesic>
				<rok>2012</rok>
			</datum-vydani>
			<zanry>
				<zanr>letecky simulator</zanr>
			</zanry>
			<tvurci>
				<tvurce id="v6" />
			</tvurci>
			<videa>
				<video pridal="u0" typ="trailer" url="http://www.youtube.com/watch?v=Y_SZDfj9kDE" />
			</videa>
			<odkazy>
			</odkazy>
			<popis>
				Vývoj MMO letecké simulace War Thunder započal v roce 2009, tehdy ještě pod
				původním názvem World of Planes. Kvůli snadné zaměnitelnosti názvu s World of Tanks
				a jeho leteckou odnoží World of Warplanes, později název změněn.
				Hru vytvořili ruští Gaijin Entertainment na optimalizovaném enginu použitém v předchozím
				titulu Il-2 Sturmovik: Cliffs of Dover. War Thunder se momentálně nachází ve fázi open beta. 
			</popis>
		</hra>
		<hra id="h30" multiplayer="ano" forma="komercni" rozsah="plna">
			<nazev>Freelancer</nazev>
			<datum-vydani>
				<den>5</den>
				<mesic>3</mesic>
				<rok>2003</rok>
			</datum-vydani>
			<zanry>
				<zanr>vesmirny simulator</zanr>
			</zanry>
			<tvurci>
				<tvurce id="v7" />
			</tvurci>
			<videa>
			</videa>
			<odkazy>
				<odkaz pridal="u22" url="http://www.microsoft.com/games/freelancer/" />
			</odkazy>
			<popis>
				Freelancer je volným pokračováním Starlancera. Aliance, která prohrála válku na Zemi, 
				se rozhodla opustit planetu (nic jiné jí asi nezbylo) a vydala se v pěti obrovských 
				lodích hledat nové místo pro život. Nakonec se usadili v nové galaxii, kde založili 
				svoji novou civilizaci. Postupně se však, jak je tomu vždy, začali objevovat problémy, 
				rostla kriminalita a tak v systému najdete kromě oficiálních organizací také nejrůznější zločinecké bandy a spolky... 
			</popis>
		</hra>
		<hra id="h475" multiplayer="ne" forma="komercni" rozsah="plna">
			<nazev>Starlancer</nazev>
			<datum-vydani>
				<rok>2000</rok>
			</datum-vydani>
			<zanry>
				<zanr>vesmirny simulator</zanr>
			</zanry>
			<tvurci>
				<tvurce id="v7" />
			</tvurci>
			<videa>
			</videa>
			<odkazy>
			</odkazy>
			<popis>
				V roce 2160 lidé dokončili kolonizaci sluneční soustavy a prozatím tak dosáhli mezí své expanze. Dva hlavní mocenské bloky na Zemi se následně rozhodly konečně uzavřít mírovou smlouvu, aby mohli sdílet soustavu v poklidu dohromady. Zatímco úmysly tzv. Západní koalice, sestávající z USA, států Evropy a z Austrálie, jsou bezelstně čisté, Východní Aliance, složená z Ruska, Číny a Japonska, to nemyslí upřímně. Událost, při níž má dojít ve Fort Kennedy k podpisu smlouvy, promění darebná Aliance v krvavou lázeň. Francouzská a španělská vesmírná flotila je zcela zdecimována a Koalice je brzy vytlačena ze všech planet včetně Země. Zbytky flotil se přeskupí u Tritonu, měsíce Neptunu. V té chvíli nastupuje na scénu hráč, který se přidává k 45. dobrovolnické skvadroně, pod velením Marie Enriquez. Letka operuje z britské letadlové lodi ANS Reliant kapitána Roberta Fostera...
			</popis>
		</hra>
		<hra id="h51" multiplayer="ano" forma="komercni" rozsah="plna">
			<nazev>Vietcong</nazev>
			<datum-vydani>
				<den>27</den>
				<mesic>3</mesic>
				<rok>2003</rok>
			</datum-vydani>
			<zanry>
				<zanr>FPS</zanr>
			</zanry>
			<tvurci>
				<tvurce id="v4" />
				<tvurce id="v1" />
			</tvurci>
			<videa>
				<video typ="gameplay" pridal="u1" url="http://www.youtube.com/watch?v=YklhIr3WZ18" />
			</videa>
			<odkazy>
				<odkaz pridal="u1" url="http://bonusweb.idnes.cz/vietcong-prozijte-prave-peklo-det-/Recenze.aspx?c=A030329_vietcong_bw" />
			</odkazy>
			<popis>
				Valecna FPS z obdobi vietnamske valky od tvurcu Mafie.
			</popis>
		</hra>
		<hra id="h4139" multiplayer="ne" forma="komercni" rozsah="add-on">
			<nazev>Mafia II: Jimmy's Vendetta</nazev>
			<datum-vydani>
				<rok>2010</rok>
			</datum-vydani>
			<zanry>
				<zanr>TPS</zanr>
				<zanr>zavodni</zanr>
			</zanry>
			<tvurci>
				<tvurce id="v2" />
			</tvurci>
			<videa>
			</videa>
			<odkazy>
			</odkazy>
			<popis>
				Jimmy's Vendetta je první větší DLC pro PC verzi veleočekávané Mafie II. Koupit lze výhradně přes Steam. 
			</popis>
		</hra>
		<hra id="h215" multiplayer="ne" forma="komercni" rozsah="plna">
			<nazev>Fallout 2</nazev>
			<datum-vydani>
				<den>30</den>
				<mesic>9</mesic>
				<rok>1998</rok>
			</datum-vydani>
			<zanry>
				<zanr>RPG</zanr>
			</zanry>
			<tvurci>
				<tvurce id="v3" />
			</tvurci>
			<videa>
				<video pridal="u22" typ="intro" url="http://www.youtube.com/watch?v=e3PXiV95kwA" />
			</videa>
			<odkazy>
			</odkazy>
			<popis>
				Fallout 2 je sequelem dnes již kultovního post-nukleárního RPG Fallout. Příběh se tentokrát točí kolem GECKu, "prastarého kufříku, který dokáže vše rozzelenat" - a který vaše (řádně zdegenerovaná) vesnice aktuálně potřebuje. Hra dodržuje a rozvíjí všechny oblíbené prvky (vývoj postavy založený na systému SPECIAL, dobré a košaté dialogy, unikátní "lore") prvního dílu. Ačkoliv je hra asi čtyřikrát větší než předchůdce, byla díky velkému nátlaku na vývojáře dokončena během pouhých 11 měsíců. Pod hru byli poprvé oficiálně podepsáni Black Isle Studios. 
			</popis>
		</hra>
	</hry>
	<vyvojari>
		<vyvojar id="v1">
			<nazev>Illusion Softworks</nazev>
			<zeme-puvodu>Ceska republika</zeme-puvodu>
			<popis>
				<![CDATA[
				Nejúspěšnější českou herní vývojářskou firmu založil Petr Vochozka v roce 1997. Je to vlastně přetransformovaná firma Vochozka Trading. Úspěšným debutem IS byla hra Hidden & Dangerous, vydaná v roce 1999. Největší úspěch IS přišel v roce 2002 vydáním legendární Mafie. V roce 2003 bylo vydáno také pokračování jejich prvotiny, Hidden & Dangerous 2. 
				]]>
			</popis>
			<rok-vzniku>1997</rok-vzniku>
			<rok-zaniku>2008</rok-zaniku>
			<vytvorene-hry>
				<vytvorena-hra id="h1" />
				<vytvorena-hra id="h1885" />
			</vytvorene-hry>
		</vyvojar>
		<vyvojar id="v2">
			<nazev>2K Czech</nazev>
			<zeme-puvodu>Ceska republika</zeme-puvodu>
			<popis>
				<![CDATA[
				2K Czech je české vývojářské studio z Brna, které vzniklo v lednu roku 2008 odkoupením Illusion Softworks firmou Take-Two Interactive. Zatím jedinou hrou studia je pokračování legendární Mafie, Mafia II
				]]>
			</popis>
			<rok-vzniku>2008</rok-vzniku>
			<rok-zaniku></rok-zaniku>
			<vytvorene-hry>
				<vytvorena-hra id="h4073" />
				<vytvorena-hra id="h4139" />
			</vytvorene-hry>
		</vyvojar>
		<vyvojar id="v3">
			<nazev>Black Isle Studios</nazev>
			<zeme-puvodu>USA</zeme-puvodu>
			<popis>
				<![CDATA[
				Toto Kalifornské studio bylo založeno v roce 1996 jako divize vývojáře a vydavatele počítačových her Interplay Productions. "Black Isle (Černý ostrov)" je skotským ostrovem, ze kterého pochází zakladatel studia Feargus Urquhart. Formálně studio navázalo na vývojářskou činnost skupiny lidí v Interplay, která tvořila RPG. 
				]]>
			</popis>
			<rok-vzniku>1996</rok-vzniku>
			<rok-zaniku>2003</rok-zaniku>
			<vytvorene-hry>
				<vytvorena-hra id="h215" />
			</vytvorene-hry>
		</vyvojar>
		<vyvojar id="v4">
			<nazev>Pterodon</nazev>
			<zeme-puvodu>Ceska republika</zeme-puvodu>
			<popis>
				<![CDATA[
				Roku 2006 přešlo studio Pterodon pod Illusion Softworks (nyní pod jménem 2K Czech), kde stále působí jako ucelený vývojářský tým.
				]]>
			</popis>
			<rok-vzniku>1998</rok-vzniku>
			<rok-zaniku>2006</rok-zaniku>
			<vytvorene-hry>
				<vytvorena-hra id="h51" />
			</vytvorene-hry>
		</vyvojar>
		<vyvojar id="v5">
			<nazev>Valve Software</nazev>
			<zeme-puvodu>USA</zeme-puvodu>
			<popis>
				<![CDATA[
				Valve je společnost zabývající se vývojem zábavního softwaru a technologií, založená v roce 1996 dlouhodobímy zaměstnanci Microsoftu Gabe Newell a Mike Harrington v Kirklandu ve státě Washington. V dubnu 2003 společnost přesunula své sídlo do nedalekého Bellevue, kde tehdy ještě sídlil její původní vydavatel, Sierra Entertainment. V té době se Valve se svým vydavatelem soudilo o distribuci některých her. Valve soud, který trval tři roky, vyhrálo. Na trh prorazila se hrou Half-Life, která dodnes získala přes 50 ocenění "Hra roku" a byla v letech 1999, 2001 a 2005 vyhlášena PC Gamerem za "Nejlepší PC hru všech dob". Za dvanáct let své historie se Valve propracovalo od nováčka na trhu, od kterého se nic neočekávalo, k jedné z vůdčích společností herního odvětví se 160 vývojáři. Portfolio společnosti se skládá z více jak 20 milionů celosvětově prodaných kopií a Steam herní účty zabírají přes 80% online PC trhu. 
				]]>
			</popis>
			<rok-vzniku>1996</rok-vzniku>
			<rok-zaniku></rok-zaniku>
			<vytvorene-hry>
				<vytvorena-hra id="h732" />
			</vytvorene-hry>
		</vyvojar>
		<vyvojar id="v6">
			<nazev>Gaijin Entertainment</nazev>
			<zeme-puvodu>Rusko</zeme-puvodu>
			<popis>
				<![CDATA[
				Gaijin Entertainment je ruská vývojářská společnost. Firma se zabývá především hrami pro PC a PowerTV, kromě toho jsou autory Dagor Engine 3. Stejně jako většině ruských vývojářských společností vydává jejich hry firma 1C
				]]>
			</popis>
			<rok-vzniku>2001</rok-vzniku>
			<rok-zaniku></rok-zaniku>
			<vytvorene-hry>
				<vytvorena-hra id="h6666" />
			</vytvorene-hry>
		</vyvojar>
		<vyvojar id="v7">
			<nazev>Digital Anvil</nazev>
			<zeme-puvodu>USA</zeme-puvodu>
			<popis>
				<![CDATA[
				Společnost Digital Anvil byla založena v roce 1996 známým herním vývojářem a autorem Wing Commandera Chrisem Robertsem, který s několika dalšími zaměstnanci opustil společnost Origin Systems. 
				]]>
			</popis>
			<rok-vzniku>1996</rok-vzniku>
			<rok-zaniku>2006</rok-zaniku>
			<vytvorene-hry>
				<vytvorena-hra id="h30" />
				<vytvorena-hra id="h475" />
			</vytvorene-hry>
		</vyvojar>
	</vyvojari>
	<uzivatele>
		<admin id="u0">
			<nick>Frankie</nick>
			<jmeno>Franta Vejvoda</jmeno>
			<povolani>programator</povolani>
			<bydliste>
				<mesto>Praha</mesto>
				<kraj>Praha</kraj>
				<stat>Ceska republika</stat>
			</bydliste>
			<profil>under construction</profil>
			<komentare></komentare>
			<pratele></pratele>
			<heslo_stranky>1234</heslo_stranky>
		</admin>
		<uzivatel id="u1">
			<nick>Memphis</nick>
			<jmeno>Marek Zeman</jmeno>
			<povolani>webdesigner</povolani>
			<bydliste>
				<mesto>Zlin</mesto>
				<kraj>Zlinsky</kraj>
				<stat>Ceska republika</stat>
			</bydliste>
			<profil>Ahoj, jmenuju se Marek a jsem prvni uzivatel techto stranek</profil>
			<komentare>
				<komentar hra="h1" titulek="hra tisicileti">
					Tak na tuhle hru jsem cekal spoustu let a cekani se vyplatilo. Super grafika i pribeh. Davam 100 procent.
				</komentar>
			</komentare>
			<pratele>
				<pritel uzivatel="u21" />
				<pritel uzivatel="u22" />
			</pratele>
		</uzivatel>
		<uzivatel id="u21">
			<nick>Indian</nick>
			<jmeno>Janko Indos</jmeno>
			<povolani>soustruznik</povolani>
			<bydliste>
				<mesto>Zilina</mesto>
				<kraj>Zilinsky</kraj>
				<stat>Slovensko</stat>
			</bydliste>
			<profil>under construction</profil>
			<komentare></komentare>
			<pratele></pratele>
		</uzivatel>
		<uzivatel id="u22">
			<nick>Dunemaster</nick>
			<jmeno>Jan Bok</jmeno>
			<povolani>student</povolani>
			<bydliste>
				<mesto>Litomerice</mesto>
				<kraj>Ustecky</kraj>
				<stat>Ceska republika</stat>
			</bydliste>
			<profil>Ahoj, jsem student MFF UK a mym momentalnim <i>konickem</i> je delani XML dokumentu.</profil>
			<komentare></komentare>
			<pratele>
				<pritel uzivatel="u1">
					<poznamka>Nejlepsi kamos!</poznamka>
				</pritel>
			</pratele>
		</uzivatel>
	</uzivatele>
	<info><?php echo "Cas pripojeni k databazi: " . date(DATE_RFC822); ?></info>
</databaze>