<?xml version="1.0" encoding="UTF-8"?>
<?xml-stylesheet href="styl.css" type="text/css" ?>
<!DOCTYPE vazna_hudba SYSTEM "data.dtd">
<vazna_hudba>

	<![CDATA[
		for (i=0; i < 10; i++)
		{
			document.writeln("<p>Vazna hudba</p>");
		}
	]]>
	
	<!-- skladatele -->
	<skladatele>
		<skladatel skladatel_id="id_s_1" era_ref="era_3" zijici="ne">
			<osobni_udaje>
				<jmeno>
					<krestni>Frederic</krestni>
					<prijmeni>Chopin</prijmeni>
				</jmeno>
				<narozeni datum_narozeni="1.2.1810" datum_umrti="17.10.1849" misto_narozeni="Polsko"/>	
			</osobni_udaje>
			<zivot>Narodil se v obci <mesto>Żelazowa Wola</mesto> nacházející se 60 km </zivot>
		</skladatel>
		
		<skladatel skladatel_id="id_s_2" era_ref="era_3" zijici="ne">
			<osobni_udaje>
				<jmeno>
					<krestni>Sergei</krestni>
					<prijmeni>Rachmaninoff</prijmeni>
				</jmeno>
				<narozeni datum_narozeni="1.4.1873" datum_umrti="28.3.1943" misto_narozeni="Rusko"/>	
			</osobni_udaje>
			<zivot>popis zivota</zivot>
		</skladatel>
		
		<skladatel skladatel_id="id_s_3" era_ref="era_2" zijici="ne">
			<osobni_udaje>
				<jmeno>
					<krestni>Wolfgang Amadeus</krestni>
					<prijmeni>Mozart</prijmeni>
				</jmeno>
				<narozeni datum_narozeni="27.1.1756" datum_umrti="5.12.1791" misto_narozeni="Salzburg"/>	
			</osobni_udaje>
			<zivot>popis zivota</zivot>
		</skladatel>	
	</skladatele>
	
	<!-- dila ruznych skladatelu -->
	<dila>
		<skladba skladatel_ref="id_s_1" druh="klavirni">
			<nazev>Heroická polonéza</nazev>
			<oznaceni>Op. 53, No. 6</oznaceni>
			<tonina>As dur</tonina>
		</skladba>
		<skladba skladatel_ref="id_s_1" druh="klavirni">
			<nazev>Polonéza-Fantasia</nazev>
			<oznaceni>Op. 61, No. 7</oznaceni>
			<tonina>As dur</tonina>
		</skladba>
		<skladba skladatel_ref="id_s_1" druh="klavirni">
			<nazev>Nocturno</nazev>
			<oznaceni>Op. 0, No. 1</oznaceni>
			<tonina>B moll</tonina>
		</skladba>
		<skladba skladatel_ref="id_s_1" druh="klavirni">
			<nazev>Nocturno</nazev>
			<oznaceni>Op. 72, No. 19</oznaceni>
			<tonina>E moll</tonina>
		</skladba>
		<skladba skladatel_ref="id_s_1" druh="klavirni">
			<nazev>Etuda - &quot;Revoluční&quot;</nazev>
			<oznaceni>Op. 10, No. 12</oznaceni>
			<tonina>C moll</tonina>
		</skladba>
		
		<skladba skladatel_ref="id_s_2" druh="klavirni">
			<nazev>1. klavírní koncer</nazev>
			<oznaceni>Op. 1</oznaceni>
			<tonina>Fis moll</tonina>
		</skladba>
		<skladba skladatel_ref="id_s_2" druh="klavirni">
			<nazev>2. klavírní koncer</nazev>
			<oznaceni>Op. 18</oznaceni>
			<tonina>C moll</tonina>
		</skladba>
		<skladba skladatel_ref="id_s_2" druh="klavirni">
			<nazev>Preludium</nazev>
			<oznaceni>Op. 23, No. 5</oznaceni>
			<tonina>G moll</tonina>
		</skladba>
		
		<skladba skladatel_ref="id_s_3" druh="opera">
			<nazev>Don Giovanni</nazev>
		</skladba>
		<skladba skladatel_ref="id_s_3" druh="opera">
			<nazev>Kouzelná flétna</nazev>
		</skladba>
	</dila>
	
	<!-- preddefinovane ery -->
	<obdobi>
		<era era_id="era_1">baroko</era>
		<era era_id="era_2">klasicismus</era>
		<era era_id="era_3">romantismus</era>
		<era era_id="era_4">20. stoleti</era>
	</obdobi>
	
</vazna_hudba>