<?xml version="1.0" encoding="UTF-8"?>
<document xmlns:xsi="http://www.w3.org/2001/XMLSchema-instance" xsi:noNamespaceSchemaLocation="data.xsd">
	<stations>
		<!-- skupiny zastávek sdružují vždy všechny zastávky stejného jména -->
		<stationGroup id="361">
			<name full="false">Malostranské náměstí</name>
			<station id="S361.1" type="Tram" way="DC">
				<usage>30</usage>
				<coordinates>
					<lat>14.404328</lat>
					<lon>50.088001</lon>
				</coordinates>
				<comments>Zastávka u MFF</comments>
			</station>
			<station id="S361.2" type="Tram" way="ZC">
				<usage>30</usage>
				<coordinates>
					<lat>14.404478</lat>
					<lon>50.088271</lon>
				</coordinates>
			</station>
		</stationGroup>
		<stationGroup>
			<name>Anděl</name>
			<station type="Tram" way="DC" id="S1040.1">
				<usage>40</usage>
				<coordinates>
					<lat>14.403618</lat>
					<lon>50.071911</lon>
				</coordinates>
			</station>
			<station type="Tram" way="ZC" id="S1040.2">
				<usage>40</usage>
				<coordinates>
					<lat>14.402696</lat>
					<lon>50.071934</lon>
				</coordinates>
			</station>
			<station type="Tram" way="DC" id="S1040.3">
				<usage>45</usage>
				<coordinates>
					<lat>14.404229</lat>
					<lon>50.071730</lon>
				</coordinates>
			</station>
			<station type="Tram" way="ZC" id="S1040.4">
				<usage>45</usage>
				<coordinates>
					<lat>14.404553</lat>
					<lon>50.070967</lon>
				</coordinates>
			</station>
			<station type="Bus" way="DC" id="S1040.12">
				<coordinates>
					<lat>14.402883</lat>
					<lon>50.071521</lon>
				</coordinates>
			</station>
			<station type="Bus" way="DC" id="S1040.13">
				<coordinates>
					<lat>14.402970</lat>
					<lon>50.071233</lon>
				</coordinates>
			</station>
			<station type="Bus" way="ZC" id="S1040.14">
				<coordinates>
					<lat>14.402661</lat>
					<lon>50.071403</lon>
				</coordinates>
			</station>
			<station type="Bus" way="DC" id="S1040.81">
				<coordinates>
					<lat>14.401842</lat>
					<lon>50.071778</lon>
				</coordinates>
			</station>
			<station type="Metro" id="S1040.1001">
				<usage>51</usage>
				<coordinates>
					<lat>14.403298</lat>
					<lon>50.068222</lon>
				</coordinates>
			</station>
		</stationGroup>
		<stationGroup>
			<name>Hellichova</name>
			<station type="Tram" id="S138.1" way="DC">
				<usage>30</usage>
				<coordinates>
					<lat>14.404190</lat>
					<lon>50.085585</lon>
				</coordinates>
			</station>
			<station type="Tram" id="S138.2" way="ZC">
				<usage>30</usage>
				<coordinates>
					<lat>14.404465</lat>
					<lon>50.084210</lon>
				</coordinates>
			</station>
		</stationGroup>
		<stationGroup>
			<name>Vítězné náměstí</name>
			<station type="Tram" id="S321.3" way="DC"/>
			<station type="Tram" id="S321.4" way="ZC"/>
		</stationGroup>
		<stationGroup>
			<name>Hradčanská</name>
			<station type="Tram" id="S163.11" way="DC"/>
			<station type="Tram" id="S163.12" way="ZC"/>
		</stationGroup>
		<stationGroup>
			<name>Malostranská</name>
			<station type="Tram" id="S360.1" way="DC"/>
			<station type="Tram" id="S360.2" way="ZC"/>
		</stationGroup>
		<stationGroup>
			<name>Pražský hrad</name>
			<station type="Tram" id="S598.1" way="DC"/>
			<station type="Tram" id="S598.2" way="ZC"/>
		</stationGroup>
		<stationGroup>
			<name>Vltavská</name>
			<station type="Tram" id="S100.3" way="DC"/>
		</stationGroup>
	</stations>
	<lines>
		<line name="20" type="Tram">
			<!-- každá linka má typicky 2 směry, některé mají jen 1 (okružní) -->
			<lineWay>
				<!-- každý směr tvoří seznam konkrétních zastávek -->
				<stref id="S321.3"/>
				<stref id="S163.11"/>
				<stref id="S360.1"/>
				<stref id="S361.1"/>
				<stref id="S138.1"/>
				<stref id="S1040.4"/>
			</lineWay>
			<lineWay>
				<stref id="S1040.3"/>
				<stref id="S138.2"/>
				<stref id="S361.2"/>
				<stref id="S360.2"/>
				<stref id="S163.12"/>
				<stref id="S321.4"/>
			</lineWay>
			<comments>
				Zastávka <stref id="S361.1"/> je nejblíže k <![CDATA[<MFF>]]>.
				Platí do <?php echo date("d.M.Y") ?>.
			</comments>
		</line>
		<line name="12" type="Tram">
			<lineWay>
				<stref id="S360.1"/>
				<stref id="S361.1"/>
				<stref id="S138.1"/>
				<stref id="S1040.4"/>
			</lineWay>
			<lineWay>
				<stref id="S1040.3"/>
				<stref id="S138.2"/>
				<stref id="S361.2"/>
				<stref id="S360.2"/>
			</lineWay>
		</line>
		<specialLine name="91" type="Tram">
			<lineWay>
				<stref id="S361.2"></stref>
				<stref id="S360.2"></stref>
			</lineWay>
			<departureDays>So, Ne</departureDays>
		</specialLine>
	</lines>
</document>
