<?xml version="1.0" encoding="UTF-8"?>
<customers>
    <customer>
        <name>Firma s. r. o.</name>
        <projects>
            <project id="proj_1">
                <status>FINISHED</status>
                <price>250000</price>
            </project>
            <project id="proj_2">
                <status>IN DEVELOPMENT</status>
                <price>15000</price>
            </project>
        </projects>
        <contact_employees>
            <employee id="staff_1"></employee>
            <employee id="staff_2"></employee>
        </contact_employees>
    </customer>
    <customer>
        <name>Akciovka a. s.</name>
        <projects>
            <project id="proj_3">
                <status>IN DEVELOPMENT</status>
                <price>50000</price>
            </project>
        </projects>
        <contact_employees>
            <employee id="staff_6">
                
            </employee>
            <employee id="staff_2"></employee>
        </contact_employees>
    </customer>
    <customer>
        <name>Malá firma v. o. s.</name>
        <projects>
            <project id="proj_4">
                <status>FINISHED</status>
                <price>10000</price>
            </project>
        </projects>
        <contact_employees>
            <employee id="staff_4">
                
            </employee>
            <employee id="staff_2"></employee>
        </contact_employees>
    </customer>
</customers>
