<?xml version="1.0" encoding="UTF-8"?>

<catalog xmlns:xsi="http://www.w3.org/2001/XMLSchema-instance" xsi:noNamespaceSchemaLocation="data.xsd">
	<publishers>
		<publisher id="_1">
			<name>2K Games</name>
			<headquarters>
				<address>
					<city>Moscow</city>
					<state>Russia</state>
				</address>
			</headquarters>
		</publisher>
		<publisher id="_2">
			<name>3D Reals</name>
			<headquarters>
				<address>
					<city>Garland</city>
					<state>USA</state>
				</address>
			</headquarters>
		</publisher>
		<publisher id="_3">
			<name>Activision</name>
			<headquarters>
				<address>
					<city>Santa Monica</city>
					<state>USA</state>
				</address>
			</headquarters>
		</publisher>
		<publisher id="_4">
			<name>Bethesda Softworks</name>
			<headquarters>
				<address>
					<city>Rockville</city>
					<state>USA</state>
				</address>
			</headquarters>
		</publisher>
		<publisher id="_5">
			<name>Blizzard Entertainment</name>
			<headquarters>
				<address>
					<city>Irvine</city>
					<state>USA</state>
				</address>
			</headquarters>
			<webpage valid="true">www.blizzard.com</webpage>
		</publisher>
	</publishers>
	<developers>
		<developer id="_6">
			<name>Black Isle</name>
			<headquarters>
				<address>
					<city>Orange County</city>
					<state>USA</state>
				</address>
			</headquarters>
		</developer>
		<developer id="_7">
			<name>Bethesda Game Studios</name>
			<headquarters>
				<address>
					<city>Rockville</city>
					<state>USA</state>
				</address>
			</headquarters>
		</developer>
		<developer id="_8">
			<name>Mojang</name>
			<headquarters>
				<address>
					<city>Stockholm</city>
					<state>Sweden</state>
				</address>
			</headquarters>
		</developer>
		<developer id="_9">
			<name>Human Head Studios</name>
			<headquarters>
				<address>
					<city>Madison</city>
					<state>USA</state>
				</address>
			</headquarters>
		</developer>
	</developers>
	<titles>
		<game id="_10">
			<name>The Elder Scrolls V: Skyrim</name>
			<year>2011</year>
			<description><?php echo getDescription("Skyrim") ?>
</description>
			<genre type="RPG"/>
			<genre type="3rdPerson"/>
			<genre type="Action"/>
			<gamePublisher idref="_4"/>
			<gameDeveloper idref="_7"/>
			<platform playableOn="PC"/>
			<platform playableOn="XBOX"/>
			<platform playableOn="Playstation3"/>
			<attachments picture="http://pictures.com/Skyrim.jpg"/>
			<!-- may not be always available-->
		</game>
		<game id="_11">
			<name>Fallout</name>
			<year>1997</year>
			<description>An epic adventure set in a <setting>post-apocalyptic</setting> world.</description>
			<genre type="RPG"/>
			<genre type="Adventure"/>
			<gamePublisher idref="_4"/>
			<gameDeveloper idref="_6"/>
			<platform playableOn="PC"/>
			<attachments/>
		</game>
		<game id="_12">
			<name>Prey</name>
			<year>2006</year>
			<description><![CDATA[
				<h1>Action game</h1>
				<p>You can shoot stuff in this game.</p>
				]]></description>
			<genre type="1stPerson"/>
			<genre type="Action"/>
			<gamePublisher idref="_1"/>
			<gameDeveloper idref="_9"/>
			<platform playableOn="PC"/>
			<platform playableOn="XBOX"/>
			<attachments/>
		</game>
	</titles>
</catalog>