<?xml version="1.0" encoding="utf-8" standalone="yes" ?>
<investors>
	<investor>
		<investor_name>
			Mark Thiel
		</investor_name>
		<startup>
			Hpricot
		</startup>
		<email>
			mark@thiel.com
		</email>
		<phone_number>
			5357640306
		</phone_number>
	</investor>
	<investor>
		<investor_name>
			Stephen Lovey
		</investor_name>
		<startup>
			<![CDATA[Nagilla & Co.]]>]
		</startup>
		<email>
			stephen.lovey@gmail.com
		</email>
		<phone_number>
			7854389901
		</phone_number>
	</investor>
</investors>
