<?xml version="1.0" encoding="UTF-8"?>
<!-- leading XML declaration -->
<!DOCTYPE residence SYSTEM "residence.dtd">
<!-- root element -->
<residence>
	<!-- people connected with the residence-->
	<person>
		<employee id="id_1" working="yes" complaint="no" criminal_record="NA">
			<name>
				<first_name>Adam</first_name>
				<surname>Lakatos</surname>
			</name>
			<email>lakatos@gmail.com</email>
			<birth_number>610615/5532</birth_number>
			<age>41</age>
			<address>
				<street>Tupolevova</street>
				<house_number>23</house_number>
				<city>Praha</city>
				<zip>18200</zip>
				<state>Czech republic</state>
			</address>
			<salary>15000</salary>
			<position>Engineer</position>
			<working_since>
				<day>1</day>
				<month>1</month>
				<year>2000</year>
			</working_since>
			<evaluation>Polite and reliable employee</evaluation>			
		</employee>
		<student idS="idS_1" room="B1602"  complaint="no" debt="1000">
			<name>
				<first_name>Antal</first_name>
				<surname>Stasek</surname>
			</name>
			<email>lakatos@gmail.com</email>
			<birth_number>861103/4987</birth_number>
			<address>
				<street>Tereskovove</street>
				<house_number>1</house_number>
				<city>Bajkonur</city>
				<zip>12354</zip>
				<state>Kazachstan</state>
			</address>
			<faculty>MFF</faculty>									
		</student>
	</person>
	<!-- objects in the residence -->
	<object>
		<!-- list of inventories -->
		<inventories>
			<inventory idI="idI_1">
				<name_inv>table</name_inv>
				<value>1000</value>
			</inventory>
			<inventory idI="idI_2">
				<name_inv>chair</name_inv>
				<value>400</value>
			</inventory>
			<inventory idI="idI_3">
				<name_inv>light</name_inv>
				<value>100</value>
			</inventory>
		</inventories>
		<!-- rooms to occupy -->
		<room idR="B1602" velikost="1">Celkem novy a cisty</room>
	</object>
</residence>
