<?xml version="1.0" encoding="UTF-8"?>


<databaze xmlns:xsi = "http://www.w3.org/2001/XMLSchema-instance" xsi:noNamespaceSchemaLocation = "data.xsd">
	<filmy>
		<film herci = "Neeson Kingsley" reziser = "Spielberg">
			<jmeno>Schindler's List</jmeno>
			<rok>1993</rok>
			<delka>195</delka>
		</film>
		<film herci = "Cruise" reziser = "Spielberg">
			<jmeno>War of the Worlds</jmeno>
			<rok>2005</rok>
		</film>
		<film herci = "Pitt Freeman Paltrow" reziser = "Fincher">
			<jmeno>Se7en</jmeno>
			<rok>1995</rok>
			<delka>127</delka>
		</film>
		<film herci = "Downey Paltrow" reziser = "Favreau">
			<jmeno>Iron Man</jmeno>
			<rok>2008</rok>
		</film>
		<film herci = "Norton Pitt Bonham_Carter" reziser = "Fincher">
			<jmeno>Fight Club</jmeno>
			<rok>1999</rok>
		</film>
		<film herci = "Eisenberg" reziser = "Fincher">
			<jmeno>The Social Network</jmeno>
			<rok>2010</rok>
		</film>
		<film herci = "DiCaprio Page" reziser = "Nolan">
			<jmeno>Inception</jmeno>
			<rok>2010</rok>
		</film>
		<film herci = "Bale" reziser = "Nolan">
			<jmeno>The Dark Knight</jmeno>
			<rok>2008</rok>
		</film>
		<film herci = "Jackman Bale" reziser = "Nolan">
			<jmeno>The Prestige</jmeno>
			<rok>2006</rok>
		</film>
		<film herci = "Brando" reziser = "Coppola">
			<jmeno>The Godfather</jmeno>
			<rok>1972</rok>
			<delka>169</delka>
		</film>
		
	</filmy>
	<lide>
		<reziseri>
			<reziser id = "Spielberg">
				<jmeno>Steven <druhe_jmeno>Alan</druhe_jmeno> Spielberg</jmeno>
			</reziser>
			<reziser id = "Fincher">
				<jmeno>David Fincher</jmeno>
			</reziser>
			<reziser id = "Favreau">
				<jmeno>Jon Favreau</jmeno>
			</reziser>
			<reziser id="Nolan">
				<jmeno>Christopher Nolan</jmeno>
			</reziser>
			<reziser id="Coppola">
				<jmeno>Francis <druhe_jmeno>Ford</druhe_jmeno> Coppola</jmeno>
			</reziser>
			<reziser id="Aronofsky">
				<jmeno>Darren Aronofsky</jmeno>
			</reziser>
		</reziseri>
		<herci>
			<herec id = "Neeson" jmeno = "Liam Neeson" pohlavi = "m" />
			<herec id = "Paltrow" jmeno = "Gwyneth Paltrow" pohlavi = "f" />
			<herec id = "Kingsley" jmeno = "Ben Kingsley" pohlavi = "m" />
			<herec id = "Cruise" jmeno = "Tom Cruise" pohlavi = "m" />
			<herec id = "Pitt" jmeno = "Brad Pitt" pohlavi = "m" />
			<herec id="Knightley" jmeno="Keira Knightley" pohlavi="f"/>
			<herec id = "Freeman" jmeno = "Morgan Freeman" pohlavi = "m" />
			<herec id = "Downey" jmeno = "Robert Downey" pohlavi = "m" />
			<herec id="Norton" jmeno="Edward Norton" pohlavi="m"/>
			<herec id="Bonham_Carter" jmeno="Helena Bonham Carter" pohlavi = "f"/>
			<herec id="DiCaprio" jmeno="Leonardo DiCaprio" pohlavi="m"/>
			<herec id="Page" jmeno="Ellen Page" pohlavi="f"/>
			<herec id="Bale" jmeno="Christian Bale" pohlavi="m"/>
			<herec id="Jackman" jmeno="Hugh Jackman"/>
			<herec id="Portman" jmeno="Natalie Portman" pohlavi="f"/>
			<herec id="Eisenberg" jmeno="Jesse Eisenberg" pohlavi="m"/>
			<herec id="Brando" jmeno="Marlon Brando" pohlavi="m"/>
		</herci>
	</lide>
</databaze>
