<?xml version="1.0" encoding="UTF-8"?>
<NavstevniKniha>
	<Prispevek id="1" subid="0" author="User A">lorem ipsum and so on</Prispevek>
	<Prispevek id="2" subid="1" author="User A">Response!</Prispevek>
	<Prispevek id="3" subid="1" author="User A">Repondre</Prispevek>
	<Prispevek id="4" subid="3" author="User B">Pouvez vous parler en anglais?</Prispevek>
	<Prispevek id="5" subid="4" author="Someone">Yes</Prispevek>
	<Prispevek id="6" subid="0" author="Someone">Ahoj</Prispevek>
	<Prispevek id="7" subid="0" author="Someone">Ahoj</Prispevek>
	<Prispevek id="8" subid="0" author="Someone">Ahoj</Prispevek>
	<Prispevek id="9" subid="0" author="ninth id">Ahoj</Prispevek>
	<Prispevek id="10" subid="0" author="tenth id">Ahoj</Prispevek>
</NavstevniKniha>