<?xml version="1.0" encoding="UTF-8"?>
<films>
   <film id="Ddvd_id_11">
      <name orig_name="I, Robot"/>
      <hrefs>
         <href type="imdb" url="http://www.imdb.com/title/tt0343818/"/>
         <href type="csfd" url="http://www.csfd.cz/film/91975"/>
      </hrefs>
   </film>
   <film id="Ffilm_id_0">
      <name name="Crow"/>
      <hrefs>
         <href type="csfd" url="http://www.csfd.cz/film/16745"/>
         <href type="imdb" url="http://www.imdb.com/title/tt0109506/"/>
      </hrefs>
   </film>
   <film id="Ffilm_id_1">
      <name name="Dark City"/>
      <hrefs>
         <href type="csfd" url="http://www.csfd.cz/film/18233"/>
      </hrefs>
   </film>
</films>