<?xml version="1.0" encoding="UTF-8"?>

<!-- Language School -->



<school
	xmlns:xsi="http://www.w3.org/2001/XMLSchema-instance"
	xsi:noNamespaceSchemaLocation="data.xsd">
	<classrooms>
		<classroom number="classroom1" capacity="16"/>
		<classroom number="classroom2" capacity="16"/>
		<classroom number="classroom3" capacity="10"/>
	</classrooms>
	<people>
		<teacher id="t001" language="english">Dagmar Písková</teacher>
		<teacher id="t012" language="english">Elena Plíšková</teacher>
		<teacher id="t023" language="english">Eva Dvořáková</teacher>
		<teacher id="t034" language="german">Petr Rychlý</teacher>
		<student id="s0001" email="krali@seznam.cz">Igor Král</student>
		<student id="s0012" email="petrcerny@centrum.cz">Petr Černý</student>
		<student id="s0023" email="jama@gmail.com">Jana Malá</student>
		<student id="s0034" email="marie.velka@gmail.com">Marie Velká</student>
		<student id="s0045" email="hubicka@gmail.com">Jan Hubička</student>
		<student id="s0056" email="martinnovo@seznam.cz">Martin Novotný</student>
		<student id="s0067" email="kovac34@seznam.cz">Michal Kováč</student>
		<student id="s0078" email="rychvajan@seznam.cz">Jan Rychvalský</student>
		<student id="s0089" email="smrckakarel@seznam.cz">Karel Smrčka</student>
		<student id="s0100" email="katerinachladkova@seznam.cz">Kateřina Chládková</student>
	</people>
	<courses>
		<course language="english" level="A2" classroom="classroom1" teacher="t001">
			<info>English course level
				<b>A2</b><![CDATA[<<20% discount>>]]>
			</info>
			<enrolled id="s0001">
				<detail  payed="yes">
					<note>will start 2 weeks later</note>
				</detail>
			</enrolled>
			<enrolled id="s0012">
				<detail  payed="yes"/>
			</enrolled>
			<enrolled id="s0023">
				<detail  payed="yes">
					<note>Asked for a dictionary - should receive on the first lesson</note>
				</detail>
			</enrolled>
			<enrolled id="s0034">
				<detail  payed="no"/>
			</enrolled>
			<enrolled id="s0045">
				<detail  payed="yes"/>
			</enrolled>
			<enrolled id="s0056">
				<detail  payed="no"/>
			</enrolled>
		</course>
		<course language="english" level="B2" classroom="classroom1" teacher="t001">
			<enrolled id="s0100">
				<detail payed="no"></detail>
			</enrolled>
		</course>
		<course language="german" level="B1" classroom="classroom3" teacher="t034">
			<info>German course level
				<b>B1</b>
			</info>
			<enrolled id="s0067">
				<detail  payed="yes"/>
			</enrolled>
			<enrolled id="s0078">
				<detail  payed="yes"/>
			</enrolled>
			<enrolled id="s0089">
				<detail  payed="yes"/>
			</enrolled>
			<enrolled id="s0100">
				<detail  payed="yes"/>
			</enrolled>
		</course>
		<course language="german" level="B2" classroom="classroom2" teacher="t034">
		</course>
	</courses>
	<note>
		<?php $created=mktime(0,0,0,3,11,2012);

		$now=time();

		$days=floor(($now-$created)/(60*60*24));

		echo "This document is $days old";

	?>
	</note>
</school>
