<?xml version="1.0" encoding="UTF-8"?>
<autori>
		<autor autor_id="a1">
			<jmeno>
				<krestni>Jiří</krestni>
				<prijmeni>Matoušek</prijmeni>
			</jmeno>
		</autor>
		<autor autor_id="a2">
			<jmeno>
				<krestni>Jaroslav</krestni>
				<prijmeni>Nešetřil</prijmeni>
			</jmeno>
		</autor>
		<autor autor_id="a3">
			<jmeno>
				<krestni>Ezechiel</krestni>
				<prijmeni>Nicnenapsal</prijmeni>
			</jmeno>
		</autor>
		<autor autor_id="a4">
			<jmeno>
				<krestni>J.R.R.</krestni>
				<prijmeni>Tolkien</prijmeni>
			</jmeno>
		</autor>
		<autor autor_id="a5">
			<jmeno>
				<prijmeni>Wikibooks</prijmeni>				
			</jmeno>
		</autor>
	</autori>
