<?xml version="1.0" encoding="UTF-8"?>
<!DOCTYPE katalog SYSTEM "data.dtd">
<katalog>
	<info>
		Katalog e-knih, vytvořeno 3.5.2012.
	</info>
	<zaznamy>
		<zaznam zaznam_id="z1" ref_soubor="s1">
			<nazev typ_nazvu="hlavni">
				Lorem ipsum
			</nazev>
			<fulltext>
				<![CDATA[
				Lorem ipsum dolor sit amet, consectetur adipiscing elit.
				Nulla ullamcorper, leo sit amet luctus adipiscing, enim nibh iaculis felis, in rutrum leo urna eget sapien.
				Aliquam scelerisque, magna sed gravida vulputate, purus leo dignissim eros, vel consectetur lectus ipsum in urna.
				Pellentesque tristique augue in tellus condimentum dictum.
				]]>
			</fulltext>	
		</zaznam>
		<zaznam zaznam_id="z2" ref_soubor="s2">
			<ref_autor autor_id="a1"/>
			<ref_autor autor_id="a2"/>
			<nazev typ_nazvu="hlavni">
				Kapitoly z diskrétní matematiky		
			</nazev>
			<ref_tag tag_id="t1"/>			
		</zaznam>
		<zaznam zaznam_id="z3" ref_soubor="s3">
			<ref_autor autor_id="a4"/>
			<nazev typ_nazvu="hlavni">
				Pán Prstenů: Společenstvo prstenu
			</nazev>
			<nazev typ_nazvu="original">
				The Lord Of The Rings: The Fellowship Of The Ring
			</nazev>
			<nazev typ_nazvu="serie">
				Pán Prstenů
			</nazev>
			<ref_tag tag_id="t2"/>
		</zaznam>
		<zaznam zaznam_id="z4" ref_soubor="s4">
			<ref_autor autor_id="a4"/>
			<nazev typ_nazvu="hlavni">
				Pán Prstenů: Dvě věže
			</nazev>
			<nazev typ_nazvu="original">
				The Lord Of The Rings: Two Towers
			</nazev>
			<nazev typ_nazvu="serie">
				Pán Prstenů
			</nazev>
			<ref_tag tag_id="t2"/>
		</zaznam>
		<zaznam zaznam_id="z5" ref_soubor="s5">
			<ref_autor autor_id="a4"/>
			<nazev typ_nazvu="hlavni">
				Pán Prstenů: Návrat krále
			</nazev>
			<nazev typ_nazvu="original">
				The Lord Of The Rings: The Return Of The King
			</nazev>
			<nazev typ_nazvu="serie">
				Pán Prstenů
			</nazev>
			<ref_tag tag_id="t2"/>
		</zaznam>
		<zaznam zaznam_id="z6" ref_soubor="s6">
			<nazev>
				Bakalářská práce
			</nazev>
			<ref_tag tag_id="t1"/>
		</zaznam>
		<zaznam zaznam_id="z7">
			<nazev>
				Ztracená tajemná kniha
			</nazev>
			<ref_tag tag_id="t3"/>
		</zaznam>
		<zaznam zaznam_id="z8" ref_soubor="s7">
			<ref_autor autor_id="a5"/>
			<nazev>
				LaTeX
			</nazev>						
		</zaznam>
		<zaznam zaznam_id="z9" ref_soubor="s8">
			<ref_autor autor_id="a4"/>
			<nazev typ_nazvu="hlavni">
				Hobit aneb cesta tam a zase zpátky
			</nazev>
			<nazev typ_nazvu="original">
				The Hobbit
			</nazev>
			<ref_tag tag_id="t2"/>
		</zaznam>
		<zaznam zaznam_id="z10" ref_soubor="s9">
			<nazev typ_nazvu="hlavni">
				Advanced Course English		
			</nazev>
			<ref_tag tag_id="t1"/>			
		</zaznam>
	</zaznamy>	
	<data>
		<disk vol="1234-3154">
			<adresar nazev_adresare="C:">
				<adresar nazev_adresare="Dokumenty">
					<adresar nazev_adresare="Knihy">
						<soubor soubor_id="s8" nazev_souboru="The Hobbit.pdf" velikost="1597"/>
						<soubor soubor_id="s3" nazev_souboru="lotr1.pdf" velikost="1450"/>
						<soubor soubor_id="s4" nazev_souboru="lotr2.pdf" velikost="1037"/>
						<soubor soubor_id="s5" nazev_souboru="lotr3.pdf" velikost="1909"/>						
					</adresar>
					<soubor soubor_id="s6" nazev_souboru="bak.pdf" velikost="873"/>
					<adresar nazev_adresare="Skripta">
						<adresar nazev_adresare="Anglina">
							<soubor soubor_id="s9" nazev_souboru="cae.djvu" velikost="39463"/>
						</adresar>
						<soubor soubor_id="s2" nazev_souboru="kapitoly.pdf" velikost="40853"/>
					</adresar>					
					<soubor soubor_id="s7" nazev_souboru="LaTeX.pdf" velikost="4157"/>
				</adresar>
			</adresar>
		</disk>
		<disk vol="7894-6543">
			<adresar nazev_adresare="D:">
				<adresar nazev_adresare="Test">
					<soubor soubor_id="s1" nazev_souboru="test.txt" velikost="1"/>
				</adresar>
			</adresar>
		</disk>
	</data>
	<tagy>
		<tag tag_id="t1" nazev_tagu="Studium"/>
		<tag tag_id="t2" nazev_tagu="Fantasy"/>
		<tag tag_id="t3" nazev_tagu="Smazáno"/>
		<tag tag_id="t4" nazev_tagu="Nepřečteno"/>
	</tagy>
</katalog>