<?xml version="1.0" encoding="UTF-8"?>
<response stat="ok">
    <photos>
        <photo id="268923" name="DSCF5048" owner="jf">
            <dimensions>
                <dimension name="tiny" width="60" height="45" server="img" ident="/cdn-a//73/25/67/55"/>
                <dimension name="small" width="140" height="105" server="img" ident="/cdn-a//a5/59/80/0c"/>
                <dimension name="medium" width="320" height="240" server="img" ident="/cdn-a//c0/cc/1c/d4"/>
                <dimension name="large" width="640" height="480" server="img" ident="/cdn-a//32/e5/2d/1a"/>
                <dimension name="big" width="1024" height="768" server="img" ident="/cdn-a//04/f6/b5/b6"/>
            </dimensions>
            <additional>
                <description>
                    <![CDATA[]]></description>
                <date taken="" uploaded="18.4.2011 10:04:26" modified="18.4.2011T10:04:26"/>
                <tags/>
                <owner>jf</owner>
                <comments/>
            </additional>
        </photo>
        <photo id="268922" name="DSCF5028" owner="jf">
            <dimensions>
                <dimension name="tiny" width="60" height="45" server="img" ident="/cdn-a//01/16/28/ac"/>
                <dimension name="small" width="140" height="105" server="img" ident="/cdn-a//3a/64/6e/24"/>
                <dimension name="medium" width="320" height="240" server="img" ident="/cdn-a//0e/3f/0e/2a"/>
                <dimension name="large" width="640" height="480" server="img" ident="/cdn-a//73/b0/0f/10"/>
                <dimension name="big" width="1024" height="768" server="img" ident="/cdn-a//12/74/a1/0e"/>
            </dimensions>
            <additional>
                <description>
                    <![CDATA[]]></description>
                <date taken="" uploaded="18.4.2011 10:04:02" modified="18.4.2011 10:04:02"/>
                <tags/>
                <owner>jf</owner>
                <comments/>
            </additional>
        </photo>
        <photo id="268919" name="Adamek_4" owner="pipo">
            <dimensions>
                <dimension name="tiny" width="39" height="60" server="img" ident="/cdn-a//27/0a/fe/be"/>
                <dimension name="small" width="93" height="140" server="img" ident="/cdn-a//54/32/46/3f"/>
                <dimension name="medium" width="213" height="320" server="img" ident="/cdn-a//9b/57/83/8a"/>
                <dimension name="large" width="426" height="640" server="img" ident="/cdn-a//4d/c2/c7/ae"/>
                <dimension name="big" width="682" height="1024" server="img" ident="/cdn-a//fb/9e/94/de"/>
            </dimensions>
            <additional>
                <description>
                    <![CDATA[]]></description>
                <date taken="" uploaded="17.4.2011 20:06:11" modified="17.4.2011 20:06:11"/>
                <tags/>
                <owner>pipo</owner>
                <comments/>
            </additional>
        </photo>
        <photo id="268751" name="DSCF0444" owner="alyra">
            <dimensions>
                <dimension name="tiny" width="60" height="45" server="img" ident="/cdn-a//f0/da/6f/d8"/>
                <dimension name="small" width="140" height="105" server="img" ident="/cdn-a//30/39/d2/d7"/>
                <dimension name="medium" width="320" height="240" server="img" ident="/cdn-a//64/f9/46/70"/>
                <dimension name="large" width="640" height="480" server="img" ident="/cdn-a//a5/c6/d3/2c"/>
                <dimension name="big" width="1024" height="768" server="img" ident="/cdn-a//40/7a/f4/23"/>
            </dimensions>
            <additional>
                <description>
                    <![CDATA[]]></description>
                <date taken="" uploaded="14.4.2011 18:32:32" modified="14.4.2011 18:32:32"/>
                <tags/>
                <owner>alyra</owner>
                <comments/>
            </additional>
        </photo>
        <photo id="268776" name="P1000595" owner="grampeet">
            <dimensions>
                <dimension name="tiny" width="60" height="35" server="img" ident="/cdn-a//f5/46/c7/1b"/>
                <dimension name="small" width="140" height="82" server="img" ident="/cdn-a//f5/78/ba/2b"/>
                <dimension name="medium" width="320" height="188" server="img" ident="/cdn-a//2c/2e/10/a8"/>
                <dimension name="large" width="640" height="376" server="img" ident="/cdn-a//8b/af/07/b0"/>
                <dimension name="big" width="1024" height="601" server="img" ident="/cdn-a//df/69/68/56"/>
            </dimensions>
            <additional>
                <description>
                    <![CDATA[]]></description>
                <date taken="" uploaded="14.4.2011 22:10:28" modified="14.4.2011 22:10:28"/>
                <tags/>
                <owner>grampeet</owner>
                <comments/>
            </additional>
        </photo>
        <photo id="268755" name="M&#x11B;sto naruby" owner="alyra">
            <dimensions>
                <dimension name="tiny" width="60" height="45" server="img" ident="/cdn-a//90/24/44/c6"/>
                <dimension name="small" width="140" height="105" server="img" ident="/cdn-a//9a/ef/77/78"/>
                <dimension name="medium" width="320" height="240" server="img" ident="/cdn-a//0f/4c/86/eb"/>
                <dimension name="large" width="640" height="480" server="img" ident="/cdn-a//c2/17/c8/05"/>
                <dimension name="big" width="800" height="600" server="img" ident="/cdn-a//93/ae/77/41"/>
            </dimensions>
            <additional>
                <description>
                    <![CDATA[]]></description>
                <date taken="" uploaded="14.4.2011 18:34:28" modified="14.4.2011 18:34:28"/>
                <tags/>
                <owner>alyra</owner>
                <comments/>
            </additional>
        </photo>
        <photo id="268746" name="DSC_1152a" owner="pyetrs">
            <dimensions>
                <dimension name="tiny" width="60" height="43" server="img" ident="/cdn-a//b6/67/14/db"/>
                <dimension name="small" width="140" height="100" server="img" ident="/cdn-a//31/00/1c/5b"/>
                <dimension name="medium" width="320" height="229" server="img" ident="/cdn-a//b5/69/bd/69"/>
                <dimension name="large" width="640" height="458" server="img" ident="/cdn-a//20/71/21/2e"/>
                <dimension name="big" width="1024" height="734" server="img" ident="/cdn-a//89/59/d2/50"/>
            </dimensions>
            <additional>
                <description>
                    <![CDATA[Karlův most v nočním podání]]></description>
                <date taken="" uploaded="14.4.2011 08:52:50" modified="14.4.2011 08:52:50"/>
                <tags>
                    <tag>most</tag>
                    <tag>Karlův</tag>
                    <tag>praha</tag>
                    <tag>architektura</tag>
                    <tag>noční</tag>
                </tags>
                <owner>pyetrs</owner>
                <comments/>
            </additional>
        </photo>
        <photo id="268618" name="Z&#xE1;pad slunce" owner="mik69">
            <dimensions>
                <dimension name="tiny" width="60" height="40" server="img" ident="/cdn-a//a9/d3/bc/b8"/>
                <dimension name="small" width="140" height="93" server="img" ident="/cdn-a//25/88/0b/ae"/>
                <dimension name="medium" width="320" height="214" server="img" ident="/cdn-a//d2/b1/c4/a3"/>
                <dimension name="large" width="640" height="428" server="img" ident="/cdn-a//f5/ba/56/7f"/>
                <dimension name="big" width="1024" height="685" server="img" ident="/cdn-a//f5/2b/1d/33"/>
            </dimensions>
            <additional>
                <description>
                    <![CDATA[Zapadající slunce na D11]]></description>
                <date taken="" uploaded="12.4.2011 17:51:21" modified="12.4.2011 17:51:21"/>
                <tags/>
                <owner>mik69</owner>
                <comments/>
            </additional>
        </photo>
        <photo id="268680" name="DSC_0156" owner="hantja">
            <dimensions>
                <dimension name="tiny" width="60" height="39" server="img" ident="/cdn-a//f8/b8/0f/1c"/>
                <dimension name="small" width="140" height="92" server="img" ident="/cdn-a//33/97/53/63"/>
                <dimension name="medium" width="320" height="212" server="img" ident="/cdn-a//36/23/56/ec"/>
                <dimension name="large" width="640" height="424" server="img" ident="/cdn-a//30/01/e8/5e"/>
                <dimension name="big" width="1024" height="679" server="img" ident="/cdn-a//00/70/08/d4"/>
            </dimensions>
            <additional>
                <description>
                    <![CDATA[]]></description>
                <date taken="" uploaded="12.4.2011 23:56:02" modified="12.4.2011 23:56:02"/>
                <tags/>
                <owner>hantja</owner>
                <comments/>
            </additional>
        </photo>
        <photo id="268699" name="Chlorofyl" owner="mik69">
            <dimensions>
                <dimension name="tiny" width="60" height="39" server="img" ident="/cdn-a//86/6b/11/0d"/>
                <dimension name="small" width="140" height="92" server="img" ident="/cdn-a//ea/3a/05/18"/>
                <dimension name="medium" width="320" height="212" server="img" ident="/cdn-a//8f/95/19/bd"/>
                <dimension name="large" width="640" height="424" server="img" ident="/cdn-a//ea/74/6a/2e"/>
                <dimension name="big" width="1024" height="679" server="img" ident="/cdn-a//09/a1/ab/f8"/>
            </dimensions>
            <additional>
                <description>
                    <![CDATA[Brzy po ránu]]></description>
                <date taken="" uploaded="13.4.2011 10:12:33" modified="13.4.2011 10:12:33"/>
                <tags/>
                <owner>mik69</owner>
                <comments/>
            </additional>
        </photo>
        <photo id="268707" name="L&#xED;to&#x17E;nice" owner="mik69">
            <dimensions>
                <dimension name="tiny" width="60" height="39" server="img" ident="/cdn-a//e2/4e/71/20"/>
                <dimension name="small" width="140" height="92" server="img" ident="/cdn-a//88/51/e3/d9"/>
                <dimension name="medium" width="320" height="212" server="img" ident="/cdn-a//c6/e5/de/f5"/>
                <dimension name="large" width="640" height="424" server="img" ident="/cdn-a//b6/4a/b2/7a"/>
                <dimension name="big" width="1024" height="679" server="img" ident="/cdn-a//4c/8b/db/c5"/>
            </dimensions>
            <additional>
                <description>
                    <![CDATA[Podzim v Lítožnici]]></description>
                <date taken="" uploaded="13.4.2011 10:37:42" modified="13.4.2011 10:37:42"/>
                <tags/>
                <owner>mik69</owner>
                <comments/>
            </additional>
        </photo>
        <photo id="268709" name="NNZ4 web" owner="pentaxista">
            <dimensions>
                <dimension name="tiny" width="60" height="39" server="img" ident="/cdn-a//3a/50/e3/2c"/>
                <dimension name="small" width="140" height="92" server="img" ident="/cdn-a//c6/2f/f4/b4"/>
                <dimension name="medium" width="320" height="212" server="img" ident="/cdn-a//42/68/d8/3a"/>
                <dimension name="large" width="640" height="425" server="img" ident="/cdn-a//03/28/e5/81"/>
                <dimension name="big" width="1024" height="680" server="img" ident="/cdn-a//fe/2e/14/bd"/>
            </dimensions>
            <additional>
                <description>
                    <![CDATA[Opuštěné nádraží]]></description>
                <date taken="" uploaded="13.4.2011 14:14:02" modified="13.4.2011 14:14:02"/>
                <tags>
                    <tag>nádraží</tag>
                    <tag>Praha</tag>
                </tags>
                <owner>pentaxista</owner>
                <comments/>
            </additional>
        </photo>
        <photo id="268480" name="v&#x10D;ela na kv&#x11B;tin&#x11B;" owner="zuzaja">
            <dimensions>
                <dimension name="tiny" width="60" height="45" server="img" ident="/cdn-a//d6/a1/c3/80"/>
                <dimension name="small" width="140" height="105" server="img" ident="/cdn-a//20/50/7c/21"/>
                <dimension name="medium" width="320" height="240" server="img" ident="/cdn-a//ea/9a/8d/19"/>
                <dimension name="large" width="640" height="480" server="img" ident="/cdn-a//78/a4/37/01"/>
                <dimension name="big" width="1024" height="768" server="img" ident="/cdn-a//db/2a/eb/b1"/>
            </dimensions>
            <additional>
                <description>
                    <![CDATA[]]></description>
                <date taken="" uploaded="10.4.2011 13:53:30" modified="10.4.2011 13:53:30"/>
                <tags/>
                <owner>zuzaja</owner>
                <comments/>
            </additional>
        </photo>
        <photo id="268475" name="zelen&#xE1; je tr&#xE1;va copy" owner="leprikonek">
            <dimensions>
                <dimension name="tiny" width="60" height="37" server="img" ident="/cdn-a//1f/fd/3a/27"/>
                <dimension name="small" width="140" height="88" server="img" ident="/cdn-a//b9/2d/51/2a"/>
                <dimension name="medium" width="320" height="201" server="img" ident="/cdn-a//67/2b/9b/ee"/>
                <dimension name="large" width="640" height="402" server="img" ident="/cdn-a//57/d8/31/d5"/>
                <dimension name="big" width="1024" height="644" server="img" ident="/cdn-a//0d/33/75/b3"/>
            </dimensions>
            <additional>
                <description>
                    <![CDATA[]]></description>
                <date taken="" uploaded="10.4.2011 09:57:45" modified="10.4.2011 09:57:45"/>
                <tags/>
                <owner>leprikonek</owner>
                <comments/>
            </additional>
        </photo>
        <photo id="268257" name="DSC_0525" owner="kikinervy">
            <dimensions>
                <dimension name="tiny" width="60" height="40" server="img" ident="/cdn-a//55/88/13/6e"/>
                <dimension name="small" width="140" height="93" server="img" ident="/cdn-a//e5/e4/c7/09"/>
                <dimension name="medium" width="320" height="214" server="img" ident="/cdn-a//cd/fa/e4/34"/>
                <dimension name="large" width="640" height="429" server="img" ident="/cdn-a//a4/47/42/ba"/>
                <dimension name="big" width="1024" height="687" server="img" ident="/cdn-a//84/3a/79/85"/>
            </dimensions>
            <additional>
                <description>
                    <![CDATA[]]></description>
                <date taken="" uploaded="9.4.2011 11:02:30" modified="9.4.2011 11:02:30"/>
                <tags/>
                <owner>kikinervy</owner>
                <comments/>
            </additional>
        </photo>
    </photos>
</response>
