<?xml version="1.0" encoding="UTF-8"?>
<obchod xmlns:xsi="http://www.w3.org/2001/XMLSchema-instance" xsi:noNamespaceSchemaLocation="data.xsd">
	<zbozi>
		<ovoce>
			<item id="001">
				<nazev>citron</nazev>
				<barva>zluta</barva>
				<cena>200</cena>
				<trvanlivost>2020-12-24</trvanlivost>
			</item>
			<item id="002">
				<nazev>limetka</nazev>
				<barva>zelena</barva>
				<cena>30</cena>
				<trvanlivost>2014-04-22</trvanlivost>
			</item>
			<item id="003">
				<nazev>pomeranc</nazev>
				<barva>oranzova</barva>
				<cena>20</cena>
				<trvanlivost>2014-05-13</trvanlivost>
			</item>
			<item id="004">
				<nazev>banan</nazev>
				<barva>zluta</barva>
				<cena>17</cena>
				<trvanlivost>2014-04-23</trvanlivost>
			</item>
			<item id="005">
				<nazev>hruska</nazev>
				<barva>zluta</barva>
				<cena>24</cena>
				<trvanlivost>2014-06-11</trvanlivost>
			</item>
			<item id="006">
				<nazev>jablko</nazev>
				<barva>cervena</barva>
				<cena>10</cena>
				<trvanlivost>2014-07-07</trvanlivost>
			</item>
			<item id="007">
				<nazev>hroznove vino</nazev>
				<barva>zelena</barva>
				<cena>40</cena>
				<trvanlivost>2014-04-25</trvanlivost>
			</item>
			<item id="008">
				<nazev>boruvka</nazev>
				<barva>modra</barva>
				<cena>35</cena>
				<trvanlivost>2014-04-12</trvanlivost>
			</item>
			<item id="009">
				<nazev>mandarinka</nazev>
				<barva>oranzova</barva>
				<cena>26</cena>
				<trvanlivost>2014-04-30</trvanlivost>
			</item>
			<item id="010">
				<nazev>kiwi</nazev>
				<barva>zelena</barva>
				<cena>32</cena>
				<trvanlivost>2014-04-15</trvanlivost>
			</item>
		</ovoce>
		<zelenina>
			<item id="011">
				<nazev>redkvicka</nazev>
				<barva>cervena</barva>
				<cena>10</cena>
				<trvanlivost>2014-03-28</trvanlivost>
			</item>
			<item id="012">
				<nazev>rajce</nazev>
				<barva>cervena</barva>
				<cena>26</cena>
				<trvanlivost>2014-04-30</trvanlivost>
			</item>
			<item id="013">
				<nazev>okurka</nazev>
				<barva>zelena</barva>
				<cena>35</cena>
				<trvanlivost>2014-05-17</trvanlivost>
			</item>
		</zelenina>
		<sladkosti>
			<item id="014">
				<nazev>cokolada</nazev>
				<barva>hneda</barva>
				<cena>42</cena>
				<trvanlivost>2015-04-30</trvanlivost>
			</item>
		</sladkosti>
		<napoje>
			<item id="015">
				<nazev>kofola</nazev>
				<barva>cerna</barva>
				<cena>28</cena>
				<trvanlivost>2014-09-17</trvanlivost>
			</item>
		</napoje>
	</zbozi>
	<zamestnanci>
		<zamestnanec ID="001">
			<jmeno>Zacharias</jmeno>
			<prijmeni>Hruska</prijmeni>
			<datumNarozeni>2010-09-13</datumNarozeni>
			<bydliste>
				<ulice>Limetkova</ulice>
				<cislo>284</cislo>
				<mesto>Hrdejovice</mesto>
				<PSC>373 61</PSC>
			</bydliste>
			<telefon typ="mobil">+420 720 682 632</telefon>
			<telefon typ="pevna linka">+420 387 220 123</telefon>
			<mail>zacharijas@imejl.cz</mail>
			<mail>zach@zach.ru</mail>
			<mzda>0</mzda>
			<pozice>superboss</pozice>
		</zamestnanec>
		<zamestnanec ID="999" nadrizeny="001">
			<jmeno>Evzenie</jmeno>
			<prijmeni>Svestkova</prijmeni>
			<datumNarozeni>2011-07-06</datumNarozeni>
			<bydliste>
				<ulice>Pomelova</ulice>
				<cislo>20</cislo>
				<mesto>Praha</mesto>
				<PSC>140 00</PSC>
			</bydliste>
			<telefon typ="mobil">+420 723 412 365</telefon>
			<mail>evzenie@svestkova.cz</mail>
			<mzda>5</mzda>
			<pozice>uklizecka na toaletach</pozice>
		</zamestnanec>
		<zamestnanec ID="072" nadrizeny="001">
			<jmeno>Martin</jmeno>
			<prijmeni>Cokolada</prijmeni>
			<datumNarozeni>2014-04-21</datumNarozeni> 
			<bydliste>
				<ulice>Cokoladova</ulice>
				<cislo>21</cislo>
				<mesto>Cokoladov</mesto>
				<PSC>123 45</PSC>
			</bydliste>
			<telefon typ="mobil">+420 723 952 741</telefon>
			<mail>coko@lada.cz</mail>
			<mzda>20</mzda>
			<pozice>ochutnavac cokolad</pozice>
		</zamestnanec>
	</zamestnanci>
</obchod>
