<?xml version="1.0" encoding="UTF-8"?>

<phones>
	<phone id="m14">
		<brand>Samsung</brand>
		<name>Galaxy Note 3</name>
		<weight>182</weight>
		<os>Android</os>
		<cpu>1.8</cpu>
		<display>5.0</display>
		<memory>
					<sd slot="yes"/>
					1</memory>
		<battery>1560</battery>
		<dimensions w="3.12" h="5.95" t="0.33"/>
		<disclaimer>Battery power consumption depends on factors such as network configuration, signal strength, operating temperature,<![CDATA[<br>]]>features selected, vibrate mode, backlight settings, browser use, frequency of calls and voice, data and other applications usage patterns.</disclaimer>
		<price>100</price>
	</phone>
	<phone id="m15">
		<brand>Samsung2</brand>
		<name>Galaxy Note 5</name>
		<weight>182</weight>
		<os>Android</os>
		<cpu>1.9</cpu>
		<display>5.0</display>
		<memory>
					<sd slot="yes"/>1</memory>
		<battery>1150</battery>
		<dimensions w="3.12" h="5.95" t="0.33">AA</dimensions>
		<disclaimer>Battery power consumption depends on other applications usage patterns.</disclaimer>
		<price>140</price>
	</phone>
	<phone id="m24">
		<brand>Apple</brand>
		<name>5S</name>
		<serial>5S-5SAFTS</serial>
		<weight>112</weight>
		<os>iOS</os>
		<cpu>1.3</cpu>
		<display>4.0</display>
		<memory>
					<sd slot="no"/>1</memory>
		<battery>1560</battery>
		<dimensions w="2.31" h="4.87" t="0.30">AA</dimensions>
		<disclaimer>Available. Released 2013, September.</disclaimer>
	</phone>
	<phone id="m25">
		<brand>Apple</brand>
		<name>52S</name>
		<serial>52S-5SAFTS</serial>
		<weight>11</weight>
		<os>iOS</os>
		<cpu>12.3</cpu>
		<display>4.0</display>
		<memory>
					<sd slot="yes"/>1</memory>
		<battery>11560</battery>
		<dimensions w="2.31" h="4.87" t="0.30">AA</dimensions>
		<disclaimer>Available. Released 2213, September.</disclaimer>
		<price>600</price>
	</phone>
	<phone id="m35">
		<brand>Microsoft</brand>
		<name>Lumia</name>
		<serial>AA32</serial>
		<weight>11</weight>
		<os>Windows Phone</os>
		<cpu>12.3</cpu>
		<display>4.0</display>
		<memory>
					<sd slot="yes"/>1</memory>
		<battery>11560</battery>
		<dimensions w="2.31" h="4.87" t="0.30">AA</dimensions>
		<disclaimer>Available. Released 2113, September.</disclaimer>
		<price>200</price>
	</phone>
</phones>