<?xml version="1.0" encoding="UTF-8"?>

<knihy>
	<kniha idautora="1">
		<nazev>Zakerne psani, ktere ani KOH-I-NOOR nezvladne</nazev>
		<jazyk>cs</jazyk>
		<kapitoly>
			<kapitola cislo="1" stran="15"></kapitola>
		</kapitoly>
		<oblibenost>14</oblibenost>
	</kniha>
	
	<kniha idautora="2">
		<nazev>Modry az za usima</nazev>
		<jazyk>cs</jazyk>
		<kapitoly>
			<kapitola cislo="1" stran="24">
				<podkapitola cislo="1.1" stran="12"></podkapitola>
				<podkapitola cislo="1.2" stran="12"></podkapitola>
			</kapitola>
			<kapitola cislo="2" stran="12"></kapitola>
			<kapitola cislo="3" stran="36">
				<podkapitola cislo="3.1" stran="9"></podkapitola>
				<podkapitola cislo="3.2" stran="11"></podkapitola>
				<podkapitola cislo="3.3" stran="16"></podkapitola>
			</kapitola>
		</kapitoly>
		<oblibenost>23</oblibenost>
	</kniha>
	
	<kniha idautora="2">
		<nazev>Plnici ci kulickove pero</nazev>
		<jazyk>en</jazyk>
		<kapitoly>
			<kapitola cislo="1" stran="10"></kapitola>
		</kapitoly>
		<oblibenost>67</oblibenost>
	</kniha>
	
	<kniha idautora="3">
		<nazev>Jak na zeny</nazev>
		<jazyk>de</jazyk>
		<kapitoly>
			<kapitola cislo="1" stran="33"></kapitola>
			<kapitola cislo="2" stran="11"></kapitola>
			<kapitola cislo="3" stran="44">
				<podkapitola cislo="3.1" stran="34"></podkapitola>
				<podkapitola cislo="3.2" stran="10"></podkapitola>
			</kapitola>
			<kapitola cislo="4" stran="22"></kapitola>
		</kapitoly>
		<oblibenost>100</oblibenost>
	</kniha>
	
	<kniha idautora="3">
		<nazev>Machinarium</nazev>
		<jazyk>cs</jazyk>
		<kapitoly>
			<kapitola cislo="1" stran="3"></kapitola>
			<kapitola cislo="2" stran="5"></kapitola>
			<kapitola cislo="3" stran="7"></kapitola>
			<kapitola cislo="4" stran="2"></kapitola>
			<kapitola cislo="5" stran="1"></kapitola>
		</kapitoly>
		<oblibenost>79</oblibenost>
	</kniha>
	
	<kniha idautora="4">
		<nazev>Hasicske dejiny</nazev>
		<jazyk>de</jazyk>
		<kapitoly>
			<kapitola cislo="1" stran="47"></kapitola>
			<kapitola cislo="2" stran="29"></kapitola>
			<kapitola cislo="3" stran="22"></kapitola>
			<kapitola cislo="4" stran="51"></kapitola>
			<kapitola cislo="5" stran="93">
				<podkapitola cislo="5.1" stran="43"></podkapitola>
				<podkapitola cislo="5.2" stran="50"></podkapitola>
			</kapitola>
			<kapitola cislo="6" stran="50"></kapitola>
			<kapitola cislo="7" stran="54"></kapitola>
		</kapitoly>
		<oblibenost>54</oblibenost>
	</kniha>

</knihy>