<?xml version='1.0' encoding='UTF-8'?> <!-- Instrukce o znakove sade-->
<?xml-stylesheet href="css.css" type="text/css"?> 
<!DOCTYPE prihlasky SYSTEM "data.dtd">
<prihlasky> <!-- korenovy element-->
	<zavodnik id="zavodnik_1">
		<jmeno>Anna</jmeno>
		<prijmeni>Mala</prijmeni>
		<vek>12</vek>
		<rc>105612/1111</rc>
		<klub>bohemians</klub>
		<telefon>606666666</telefon>
		<email>email@email</email>
		<aktivni>ano</aktivni>
		<kategorie>
			<zakovska></zakovska>		
		</kategorie>
		<zavody>
			<zavod id="zavod_1" nazev="mistrovstvi CR 2011" kategorie="zakovska">
					<lokace>Praha</lokace>
					<doprovod>
						<ubytovani_navic>
							<pocet_luzek id_zavodu="zavod_1" id_zavodnika="zavodnik_1" celkem="3"></pocet_luzek>
						</ubytovani_navic>
					</doprovod>
					<poznamka refid="zavodnik_1"><![CDATA[
	void main()
                    {
                    }
	//jakakoliv jina funkce	
	]]></poznamka>				
			</zavod>
		</zavody>	
	</zavodnik>
	<!-- 2 -->
	<zavodnik id="zavodnik_2">
		<jmeno>Petr</jmeno>
		<prijmeni>Dvorak</prijmeni>
		<vek>15</vek>
		<rc>105612/1111</rc>
		<klub>bohemians</klub>
		<telefon>606111111</telefon>
		<email>email@email</email>
		<aktivni>ne</aktivni>		
		<kategorie>
			<dorost></dorost>
		</kategorie>
		<zavody>
			<zavod id="zavod_2" nazev="Klokan Cup 2012" kategorie="dorost">
					<lokace>Praha</lokace>
					<doprovod>
						<ubytovani_navic>
							<pocet_luzek id_zavodu="zavod_2" id_zavodnika="zavodnik_2" celkem="2"></pocet_luzek>
						</ubytovani_navic>					
					</doprovod>					
					<poznamka refid="zavodnik_2"><![CDATA[
	void main()
                    {
                    }
	//jakakoliv jina funkce	
	]]></poznamka>
			</zavod>
		</zavody>	
	</zavodnik>	
	<!-- 3 -->
	<zavodnik id="zavodnik_3">
		<jmeno>Martina</jmeno>
		<prijmeni>Benesova</prijmeni>
		<vek>18</vek>
		<rc>105612/1111</rc>
		<klub>bohemians</klub>
		<telefon>6066555555</telefon>
		<email>email@email</email>
		<aktivni>ano</aktivni>		
		<kategorie>
			<mistrovska></mistrovska>
		</kategorie>
		<zavody>
			<zavod id="zavod_3" nazev="mistrovstvi CR 2011" kategorie="mistrovska">
					<lokace>Praha</lokace>
					<doprovod>
						<ubytovani_navic>
							<pocet_luzek id_zavodu="zavod_3" id_zavodnika="zavodnik_3" celkem="5"></pocet_luzek>
						</ubytovani_navic>
					</doprovod>					
					<poznamka refid="zavodnik_3"><![CDATA[
	void main()
                    {
                    }
	//jakakoliv jina funkce	
	]]></poznamka>
			</zavod>
		</zavody>	
	</zavodnik>
</prihlasky> <!-- ukonceni korenoveho elementu-->
