<?xml version="1.0" encoding="UTF-8"?>
<?emams makeSingle(); ?>
<materskaSkola xml:lang="cs" xmlns:xsi="http://www.w3.org/2001/XMLSchema-instance" xsi:noNamespaceSchemaLocation="data.xsd">
    <!-- Pracovištěm je myšlena budova nebo systém budov -->
    <pracoviste xml:id="nakopecku" umisteni="Na Kopečku 15, Praha" spravce="Josef Málek"/>
    <pracoviste xml:id="bilahora" umisteni="Bělohorská 200, Praha " spravce="František Fisher"/>
    <skolniRok datum-od="2013-09-02" datum-do="2014-06-27">
        <trida xml:id="slunicka" nazev="Sluníčka" kde="nakopecku"/>
        <trida xml:id="broucci" nazev="Broučci" kde="nakopecku"/>
        <trida xml:id="kyticky" nazev="Kytičky" kde="bilahora"/>
        <?emams Validate({rodne-cislo});?>
        <matrikaDeti>
            <dite rodne-cislo="0959288286" trida="slunicka">
                <jmeno>Jana</jmeno>
                <prijmeni>Dvořáková</prijmeni>
                <zakonnyZastupce typ="otec" titul-pred-jmenem="Ing.">
                    <jmeno>Tomáš</jmeno>
                    <prijmeni>Dvořák</prijmeni>
                </zakonnyZastupce>
            </dite>
            <dite rodne-cislo="0903085557" trida="slunicka">
                <jmeno>Martin</jmeno>
                <prijmeni>Dvořák</prijmeni>
                <zakonnyZastupce typ="otec" titul-pred-jmenem="Ing.">
                    <jmeno>Tomáš</jmeno>
                    <prijmeni>Dvořák</prijmeni>
                </zakonnyZastupce>
            </dite>
            <dite rodne-cislo="0803184508" trida="slunicka" postizeni="pohybové">
                <jmeno>Miroslav</jmeno>
                <prijmeni>Kučera</prijmeni>
                <vyjadreniLekare>
                    Doporučuji častý pobyt venku dle vyhlášky MSMT
                    <podpisvr>MUDr. Zdeněk Skořepa</podpisvr>
                </vyjadreniLekare>
                <zakonnyZastupce typ="matka">
                    <jmeno>Alena</jmeno>
                    <prijmeni>Kučerová</prijmeni>
                </zakonnyZastupce>
            </dite>
            <dite rodne-cislo="0956153539" trida="slunicka">
                <jmeno>Eva</jmeno>
                <prijmeni>Veselá</prijmeni>
                <zakonnyZastupce typ="poručník" titul-pred-jmenem="Bc.">
                    <jmeno>Milan</jmeno>
                    <prijmeni>Černý</prijmeni>
                </zakonnyZastupce>
            </dite>
            <dite rodne-cislo="0802144541" trida="slunicka">
                <jmeno>Petr</jmeno>
                <prijmeni>Horák</prijmeni>
            </dite>
            <dite rodne-cislo="0860217174" trida="slunicka">
                <jmeno>Kateřina</jmeno>
                <prijmeni>Svobodová</prijmeni>
                <zakonnyZastupce typ="matka" titul-pred-jmenem="RNDr.">
                    <jmeno>Věra</jmeno>
                    <prijmeni>Svobodová</prijmeni>
                </zakonnyZastupce>
                <zakonnyZastupce typ="otec">
                    <jmeno>Vojtěch</jmeno>
                    <prijmeni>Svoboda</prijmeni>
                </zakonnyZastupce>
            </dite>
            <dite rodne-cislo="0701182075" trida="slunicka" postizeni="zrakové">
                <jmeno>Jiří</jmeno>
                <prijmeni>Procházka</prijmeni>
                <vyjadreniLekare>
                    Zakazuji jíst méně než
                    <dulezite>0,5kg mrkve denně</dulezite>
                    <podpisvr>MUDr. Karel Slávek</podpisvr>
                </vyjadreniLekare>
                <zakonnyZastupce typ="otec">
                    <jmeno>Jiří</jmeno>
                    <prijmeni>Procházka</prijmeni>
                </zakonnyZastupce>
            </dite>
            <dite rodne-cislo="0961119917" trida="broucci">
                <jmeno>Lenka</jmeno>
                <prijmeni>Novotná</prijmeni>
            </dite>
            <dite rodne-cislo="0909117341" trida="broucci">
                <jmeno>Josef</jmeno>
                <prijmeni>Krejčí</prijmeni>
            </dite>
            <dite rodne-cislo="1011089024" trida="slunicka">
                <jmeno>Václav</jmeno>
                <prijmeni>Veselý</prijmeni>
                <zakonnyZastupce typ="otec" titul-pred-jmenem="Mgr.">
                    <jmeno>Pavel</jmeno>
                    <prijmeni>Veselý</prijmeni>
                </zakonnyZastupce>
                <zakonnyZastupce typ="matka" titul-pred-jmenem="Ing.">
                    <jmeno>Veronika</jmeno>
                    <prijmeni>Veselá</prijmeni>
                </zakonnyZastupce>
            </dite>
        </matrikaDeti>
    </skolniRok>
</materskaSkola>
