<?xml version="1.0" encoding="utf-8"?>
<!DOCTYPE serials SYSTEM "data.dtd">
<!-- Modelovane ako databaza serialov s pridanim oblubenych -->

<serials>
  <serial nazov="StarGate" cislo="00001">
    <info >
      <zaner typ="SCI-FI"></zaner>
      <zaner typ="DOBRODRUŽNÉ"></zaner>
      <zaner typ="AKČNÉ"></zaner>
      <popis>&quote;Jeden z najznamejsich scifi serialov nedavnej minulosti&quote;</popis>
      <herci>
        <!--zoznam hercov -->
		    <herec role="Jack O'Neill">Richard Dean Anderson</herec>
	      <herec role="Daniel Jackson">Michael Shanks</herec>
	      <herec role="Samantha Carter">Amanda Tapping</herec>
	      <herec role="Teal'c">Chritopher Judge</herec>
	      <herec role="George Hammond">Don S. Davis</herec>
	      <herec role="Janet Fraiser">Teryl Rothery</herec>
	      <herec role="Cameron Mitchel">Ben Browder</herec>
	      <herec role="Hank Landry">Beau Bridges</herec>
	      <herec role="Vala Mal Doran">Claudia Black</herec>
	      <herec role="Jonas Quinn">Corin Nemec</herec>
	      <herec role="Master Bra'tac">Tony Amendola</herec>
	      <herec role="Ba'al">Cliff Simon</herec>
      </herci>
    </info>
    <diely>
      <!-- zoznam serii serialu -->
    <seria cislo="1">
        <!-- zoznam dielov v serii -->
	      <diel cislo="1" nazov="Children of the Gods" hodnotenie="1">
	      <popis>Program Hviezdna Brána je opäť otvorený. Jack O'Neill je povolaný späť do služby po tom, čo Goa'uld menom Apophis príde na Zem cez nepouživanú bránu a unesie jedného strážneho. Po generálovy Westovy preberá projekt SGC generál Hammond, ktorý chce poslať na Abydos jadrovú bombu. Jack ho však zastaví, pretože na Abydosu ostal doktor Jackson. Ten našiel medzitým novú kartušu s množstvom ďalších adries. Na Abydos zaútočí Apophis a unesie Danielovu manželku Sha'ri a Skaaru, s ktorých urobí Goa'uldov. Team SG-1 je vyslaní ich hžadať na planetu zvanú Chulac, kde sú však zajatý Apophisom.</popis>
	      <trvanie>42:20</trvanie>
	      </diel>
	      
	      <diel cislo="2" nazov="The Enemy Within" hodnotenie="2">
	      <popis>Major Kowalsky bol v minulom diele infikovaný Goa'uldom. Doktori navrhujú operáciu a Goa'ulda chcú z neho vybrať. I keď má veľmi malé šance na prežitie, operácia sa podarila. Alebo nie...?</popis>
	      <trvanie>41:13</trvanie>
	      </diel>
	      <diel cislo="3" nazov="Emancipation"  hodnotenie="5">
	      <popis>Team SG-1 cestuje na neznámu planétu, kde zachránia chlapca pred skupinou vlkov. Tunajší ľudia sú mongoloidného pôvodu, takže ženy použivajú len ako predmet obchodu. Sam je unesená cudzím chlapom, ktorý ju chce vymeniť za dcéru náčelníka iného kmeňa. Ale ten nesúhlasí a ponúkne mu len zlato. Samanthu držia v nepriateľskom tábore proti jej vôli a je teraz na SG-1 ako ju dostať späť.</popis>
	      <trvanie>40:04</trvanie>
	      </diel>
	      <diel cislo="4" nazov="The Broca Divide"></diel>
	      <diel cislo="5" nazov="The First Commandment"></diel>
	      <diel cislo="6" nazov="Cold Lazarus"></diel>
	      <diel cislo="7" nazov="The Nox"></diel>
	      <diel cislo="8" nazov="Brief Candle"></diel>
	      <diel cislo="9" nazov="Thor's Hammer"></diel>
	      <diel cislo="10" nazov="The Torment of Tantalus"></diel>
	      <diel cislo="11" nazov="Bloodlines"></diel>
	      <diel cislo="12" nazov="Fire and Water"></diel>
	      <diel cislo="13" nazov="Hathor"></diel>
	      <diel cislo="14" nazov="Singularity"></diel>
	      <diel cislo="15" nazov="Cor-Ai"></diel>
	      <diel cislo="16" nazov="Enigma">
	      <popis>SG-1 prichádza na planétu, na ktorej to vyzerá ako po katastrofe. Blízko brány však nájdu ešte živých ľudí a zoberú ich rýchlo na Zem k ošetreniu. Od nich zistia, že sa nazývajú Tolláni. Je to moc vyspelá rasa, ktorá bola napadnutá a preto evakuovali svojich ľudí na inú planetu. No to sa však nepodarilo. SGC teraz hľadá vhodnú planétu, kde by mohli Tolláni žiť. No všetky rasy sú pre nich primitívne. Všetko sa ešte skomplikuje, keď Tolláni majú byť umiestnení mimo SGC, aby americká vláda mohli získať ich technológie.</popis>
	      <trvanie>43:40</trvanie>
	      </diel>
	      <diel cislo="17" nazov="Solitudes"></diel>
	      <diel cislo="18" nazov="Tin Man"></diel>
	      <diel cislo="19" nazov="There But for the Grace of God"></diel>
	      <diel cislo="20" nazov="Politics"></diel>
	      <diel cislo="21" nazov="Within the Serpent's Grasp"></diel>
	    </seria>
    </diely>

  </serial>
  <serial nazov="Friends">
    <info >
      <zaner typ="SITCOM"></zaner>
      <zaner typ="ROMANTICKÝ"></zaner>
      <herci>
        <!--zoznam hercov -->
		    <herec role="Reachel Green">Jennifer Aniston</herec>
	      <herec role="Chandler Bing">Matthew Perry</herec>
	      <herec role="Monica Geller">Courteney Cox</herec>
	      <herec role="Ross Geller">Lisa Kudrow</herec>
        <herec role="Phoebe Buffay">Lisa Kudrow</herec>
        <herec role="Joey Tribbiani">Matt LeBlanc</herec>
      </herci>
    </info>
    <diely>
      <seria cislo="1">
	      <diel cislo="1" nazov="The One Where Monica Gets a Roommate" hodnotenie="2"></diel>
	    </seria>
      <seria cislo="2">
	      <diel cislo="1" nazov="The One with Ross's New Girlfriend"></diel>
	    </seria>
      <seria cislo="3">
	      <diel cislo="1" nazov="The One with the Princess Leia Fantasy"></diel>
	    </seria>
    </diely>
  </serial>
  <!-- Popis a odkazy k oblubenym serialom-->
  <oblubene>
    Jeden z mojich najoblubenejsich a najpozeranejsich serialov. 
    <ref id_ref="StarGate">0</ref>
  </oblubene>
  <!--Datum vytvorenia dokumentu vypise medzi < a > -->
  <aktualizovane>
  Finalna verzia
  <![CDATA[
    document.write("<");
  ]]><?php echo Date("d.m.Y") ?><![CDATA[
    document.write(">");
  ]]>
  </aktualizovane>
</serials>
