<?xml version="1.0" encoding="UTF-8" standalone="no"?><frisbee_team>
	<hraci>    <!--Soupiska tymu-->
		<hrac id="_0001" pohlavi="muz" status="aktivni">
			<name>Milan Dohnal</name>
			<adress>
				<street>Nerudova</street>
				<number>12</number>
				<town>Praha 1</town>
				<post-code>12100</post-code>
			</adress>
			<phone>777123666</phone>
		</hrac>
		<hrac id="_0002" pohlavi="muz" status="aktivni">
			<name>Ondra Srb</name>
			<adress>
				<street>Prazska</street>
				<number>215</number>
				<town>Praha 8</town>
			</adress>
			<phone>777124566</phone>
		</hrac>
		<hrac id="_0003" pohlavi="muz" status="pasivni">
			<name>Vit Fiala</name>
			<adress>
				<street>K Cihelne</street>
				<number>65</number>
				<town>Praha 1</town>
				<country>CZE</country>
			</adress>
			<phone>607123666</phone>
		</hrac>
		<hrac id="_0004" pohlavi="muz" status="aktivni">
			<name>Patrik</name>
			<adress>
				<street>Belounska</street>
				<number>2</number>
				<town>Praha 4</town>
				<post-code>14100</post-code>
				<country>CZE</country>
			</adress>
			<phone>665123666</phone>
			<phone>664654666</phone>
		</hrac>
		<hrac id="_0005" pohlavi="muz" status="aktivni">
			<name>Honza Slavek</name>
			<adress>
				<town>Praha 6</town>
				<post-code>16000</post-code>
			</adress>
		</hrac>
		<hrac id="_0006" pohlavi="muz" status="aktivni">
			<name>Petr Dvorak</name>
			<adress>
				<street>Zabrova</street>
				<number>697</number>
				<town>Praha 2</town>
				<post-code>12100</post-code>
			</adress>
			<phone>77456666</phone>
		</hrac>
		<hrac id="_0007" pohlavi="zena" status="aktivni">
			<name>Katka Melka</name>
			<adress>
				<street>Spojovaci</street>
				<number>18</number>
				<town>Praha 7</town>
				<post-code>17100</post-code>
			</adress>
			<phone>606523666</phone>
		</hrac>
		<hrac id="_0008" pohlavi="zena" status="pasivni">
			<name>Lucka K.</name>
			<adress>
				<town>Praha</town>
			</adress>
			<phone>606524446</phone>
		</hrac>
		<hrac id="_0009" pohlavi="zena" status="aktivni">
			<name>Eliska Bohata</name>
			<adress>
				<street>Na Namesti</street>
				<number>1</number>
				<town>Plzen</town>
			</adress>
			<phone>606526986</phone>
		</hrac>
		<hrac id="_0010" pohlavi="zena" status="aktivni">
			<name>Betka</name>
			<adress>
				<street>Karlak</street>
			</adress>
			<phone>609993666</phone>
		</hrac>
	
	</hraci>
	<akce> <!--planovane aktivity-->
		<treninky>  <!--pravidelne treninky-->
			<pondelni_trenink doba="90" id="_1001">
				<datum>5.3.2014</datum>
				<start>19:00</start>
			</pondelni_trenink>
			<stredecni_trenink doba="90" id="_1002">
				<datum>7.3.2014</datum>
				<start>19:00</start>
			</stredecni_trenink>
			<pondelni_trenink doba="90" id="_1003">
				<datum>12.3.2014</datum>
				<start>19:00</start>
			</pondelni_trenink>
			<stredecni_trenink doba="90" id="_1004">
				<datum>14.3.2014</datum>
				<start>19:00</start>
			</stredecni_trenink>
		</treninky>
		<turnaje>   <!--dulezite turnaje - nutne zucastnit se-->
			<turnaj id="_2001" name="kvalifikace_MR_open">
				<datum>7.6.2014</datum>
				<start>8:00</start>
				<popis>Hrajem v Plzni, sraz na miste, spime v telocvicne.</popis>
			</turnaj>
			<turnaj id="_2002" name="kvalifikace_MR_zeny">
				<datum>7.6.2014</datum>
				<start>8:00</start>
				<popis>"Hrajem v Plzni, sraz na miste, spime v telocvicne."</popis>
			</turnaj>			
			<turnaj id="_2003" name="MR_open">
				<datum>7.8.2014</datum>
				<start>8:00</start>
				<popis>Hrajem v Havlickove Brode, sraz na miste, spime ve stanech. Bude vyber do Acka dle ucasti na trenincich.</popis>
			</turnaj>
			<turnaj id="_2004" name="MR_zeny">
				<datum>7.8.2014</datum>
				<start>8:00</start>
				<popis>Hrajem v Havlickove Brode, sraz na miste, spime ve stanech. Bude vyber do Acka dle ucasti na trenincich.</popis>
			</turnaj>
		</turnaje>
		<ostatni/>
	</akce>
	<zpravy>
		<zprava akce_id="_2002" uzivatel_id="_0003"> 
			<text>Je tam malo zenskejch, koukejte si napsat dochazku!!</text>
			<date><?php echo Date("d.m.Y")?></date>
			<priloha/>
		</zprava>
	</zpravy>
</frisbee_team>