<?xml version="1.0" encoding="UTF-8"?>
<?xml-stylesheet href="data.xsl" type="text/xsl"?>
<?author watzkdav?>
<!-- databaze / infocache balicku nainstalovanych pomoci balickovaciho systemu -->
<packages xmlns:xsi="http://www.w3.org/2001/XMLSchema-instance" xsi:noNamespaceSchemaLocation="data.xsd">
	<package id="pkg1">
		<pkginfo>
			<name>pion-net</name>
			<category>net-libs</category>
			<version revision="2">4.0.7</version>
			<license>GPL-2</license>
			<homepage>http://www.pion.org/projects/pion-network-library</homepage>
			<description>A C++ development library for implementing lightweight HTTP interfaces</description>
			<keywords>~x86 ~amd64 ~sparc ~ppc</keywords>
			<repository>official</repository>
			<slot>4</slot>
			<eapi>3</eapi>
		</pkginfo>
		<useflags>
			<use name="debug" enabled="false"/>
			<use name="log4cpp"/>
		</useflags>
		<buildinfo>
			<buildtime start="1330274574" stop="1330274729"/>
			<buildflags cflags="-O2" cxxflags="-O2" ldflags="-Wl,-O1 -Wl,--as-needed" makeflags="-j5"/>
			<buildsize>
				<?size 10628000?>
			</buildsize>
		</buildinfo>
		<dependencies>
			<dependency type="build" package="dev-libs/boost-build"/>
			<dependency type="run" package="dev-libs/boost"/>
			<dependency type="run" package="dev-libs/log4cpp"/>
			<if use="debug">
				<dependency type="run" package="dev-libs/boost" needuse="debug"/>
				<if use="log4cpp">
					<dependency type="run" package="dev-libs/log4cpp" needuse="debug"/>
				</if>
			</if>
		</dependencies>
	</package>
	<package id="pkg2">
		<pkginfo>
			<name>fatrat</name>
			<category>net-misc</category>
			<version>1.2.0</version>
			<license>GPL-2</license>
			<homepage>http://fatrat.dolezel.info/</homepage>
			<description><![CDATA[
				Qt4 based download manager with support for HTTP, FTP, SFTP, BitTorrent and more
			]]></description>
			<keywords>~x86 ~amd64</keywords>
			<repository>official</repository>
			<slot>1</slot>
			<eapi>3</eapi>
		</pkginfo>
		<useflags>
			<use type="use" name="bittorrent" enabled="false"/>
			<use name="webinterface"/>
		</useflags>
		<buildinfo>
			<buildtime start="1330276854" stop="1330276913"/>
			<buildflags cflags="-O2" cxxflags="-O2" ldflags="-Wl,-O1 -Wl,--as-needed" makeflags="-j4"/>
			<buildsize>
				<?size 19168040?>
			</buildsize>
		</buildinfo>
		<dependencies>
			<dependency type="build" package="net-libs/pion-net" pkgid="pkg1"/>
		</dependencies>
	</package>
</packages>
