<?xml version="1.0" encoding="UTF-8"?>
<Movies xmlns:xsi="http://www.w3.org/2001/XMLSchema-instance" xsi:noNamespaceSchemaLocation="data.xsd">
	<Movie MOVIE_ID="A1">
		<Title>Černá labuť</Title>
		<OriginalTitle>Black Swan</OriginalTitle>
		<Year>2010</Year>
		<LengthMinutes>108</LengthMinutes>
		<Categories>
			<Category>Drama</Category>
			<Category>Mystery</Category>
			<Category>Thriller</Category>
		</Categories>
		<Rating Rank="8,5" Users="89,675" Reviews="692" Critics="413" Metascore="79"/>
		<Plot>
		A ballet dancer (<Star STAR_ID="S0680"/>) wins the lead in "Swan Lake" and is perfect for the role of the delicate White Swan - Princess Odette - but slowly loses her mind as she becomes more and more like Odile, the Black Swan (<Star STAR_ID="S480"/>).
		</Plot>
		<Directors>
			<Director>Darren Aronofsky</Director>
		</Directors>
		<Cast>
			<!-- Stars are located on different place -->
			<Star STAR_ID="S0680">Natalie Portman</Star>
			<Star STAR_ID="S480">Mila Kunis</Star>
			<Star STAR_ID="S5687">Vincent Cassel</Star>
		</Cast>
		<Details>
			<OfficalSites>
				<!-- Default location "EN" -->
				<Site>http://www.foxsearchlight.com/blackswan/</Site>
				<Site Location="FR">http://www.blackswan-lefilm.com/</Site>
			</OfficalSites>
			<Countries>
				<Country>USA</Country>
			</Countries>
			<!-- Languages in movie -->
			<Languages>
				<Language>English</Language>
				<Language>French</Language>
				<Language>Italian</Language>
			</Languages>
			<Writers>
				<Writer>
					<!-- Possible add more informations -->
					<Name>Mark Heyman</Name>
					<DateBirth>6.2.1958</DateBirth>
				</Writer>
				<Writer>
					<Name>Andres Heinz</Name>
				</Writer>
			</Writers>
			<RelatedMovies>
				<RelatedMovie MOVIE_ID="A2"/>
			</RelatedMovies>
		</Details>
	</Movie>
	<Movie MOVIE_ID="A2">
		<Title>Sbal prachy a vypadni</Title>
		<OriginalTitle>Lock, Stock and Two Smoking Barrels</OriginalTitle>
		<Year>1998</Year>
		<LengthMinutes>107</LengthMinutes>
		<Categories>
			<Category>Crime</Category>
			<Category>Thriller</Category>
		</Categories>
		<Rating Rank="8,2" Users="137,921" Reviews="469" Critics="133" Metascore="66"/>
		<Plot>
			Four London working class (<Star STAR_ID="S068W0"/>, <Star STAR_ID="SCD480"/>, <Star STAR_ID="E87"/>, <Star STAR_ID="T55687"/>) stiffs pool their money to put one in a high stakes card game, but things go wrong and they end up owing half a million pounds and having one week to come up with the cash.
			</Plot>
		<Directors>
			<Director>Guy Ritchie</Director>
		</Directors>
		<Cast>
			<Star STAR_ID="S068W0">Jason Flemyng</Star>
			<Star STAR_ID="SCD480">Dexter Fletcher</Star>
			<Star STAR_ID="E87">Nick Moran</Star>
			<Star STAR_ID="T55687">Jason Statham</Star>
		</Cast>
		<Details>
			<Countries>
				<Country>UK</Country>
			</Countries>
			<Languages>
				<Language>English</Language>
			</Languages>
			<Writers>
				<Writer>
					<Name>Guy Ritchie</Name>
					<DateBirth>10.9.1968</DateBirth>
				</Writer>
			</Writers>
		</Details>
	</Movie>
	<Movie MOVIE_ID="A3">
		<Title>Obchodník se smrtí</Title>
		<OriginalTitle>Lord of War</OriginalTitle>
		<Year>2005</Year>
		<LengthMinutes>122</LengthMinutes>
		<Categories>
			<Category>Crime</Category>
			<Category>Drama</Category>
			<Category>Thriller</Category>
		</Categories>
		<Rating Rank="7,7" Users="86,753" Reviews="393" Critics="182" Metascore="62"/>
		<Plot>
			An arms dealer confronts the morality of his work as he is being chased by an Interpol agent. 
		</Plot>
		<Directors>
			<Director>Andrew Niccol</Director>
		</Directors>
		<Cast>
			<Star STAR_ID="X068W0">Nicolas Cage</Star>
			<Star STAR_ID="DFCD480">Ethan Hawker</Star>
			<Star STAR_ID="E677">Jared Leto </Star>
		</Cast>
		<Details>
			<Countries>
				<Country>France</Country>
				<Country>USA</Country>
				<Country>Germany</Country>
			</Countries>
			<Languages>
				<Language>English</Language>
				<Language>Ukrainian</Language>
				<Language>German</Language>
			</Languages>
			<Writers>
				<Writer>
					<Name>Andrew Niccol</Name>
					<DateBirth>10.6.1964</DateBirth>
				</Writer>
			</Writers>
		</Details>
	</Movie>
	<Movie MOVIE_ID="A4">
		<Title>Kmotr</Title>
		<OriginalTitle>The Godfather </OriginalTitle>
		<Year>1972</Year>
		<LengthMinutes>175</LengthMinutes>
		<Categories>
			<Category>Crime</Category>
			<Category>Drama</Category>
		</Categories>
		<Rating Rank="9,2" Users="444,787" Reviews="1469" Critics="156" Metascore="100"/>
		<Plot>
			The aging patriarch of an organized crime dynasty transfers control of his clandestine empire to his reluctant son.  
		</Plot>
		<Directors>
			<Director>Francis Ford Coppola</Director>
		</Directors>
		<Cast>
			<Star STAR_ID="X06N8W0">Marlon Brando</Star>
			<Star STAR_ID="DFD480">Al Pacino</Star>
			<Star STAR_ID="E6797">James Caan</Star>
		</Cast>
		<Details>
			<Countries>
				<Country>USA</Country>
			</Countries>
			<Languages>
				<Language>English</Language>
				<Language>Italian</Language>
				<Language>Latin</Language>
			</Languages>
			<Writers>
				<Writer>
					<Name>Mario Puzo</Name>
					<DateBirth>15.10.1920</DateBirth>
				</Writer>
			</Writers>
		</Details>
	</Movie>
	<Movie MOVIE_ID="A5">
		<Title>Vykoupení z veznice Shawshank</Title>
		<OriginalTitle>The Shawshank Redemption</OriginalTitle>
		<Year>1994</Year>
		<LengthMinutes>142</LengthMinutes>
		<Categories>
			<Category>Drama</Category>
			<Category>Crime</Category>
		</Categories>
		<Rating Rank="9,2" Users="580,956" Reviews="2349" Critics="141" Metascore="80"/>
		<Plot>
			Two imprisoned men bond over a number of years, finding solace and eventual redemption through acts of common decency.
		</Plot>
		<Directors>
			<Director>Frank Darabont</Director>
		</Directors>
		<Cast>
			<!-- Stars are located on different place -->
			<Star STAR_ID="V0680">Tim Robbins</Star>
			<Star STAR_ID="V480">Morgan Freeman</Star>
			<Star STAR_ID="V5687">Bob Gunton </Star>
		</Cast>
		<Details>
			<Countries>
				<Country>USA</Country>
			</Countries>
			<!-- Languages in movie -->
			<Languages>
				<Language>English</Language>
			</Languages>
			<Writers>
				<Writer>
					<!-- Possible add more informations -->
					<Name>Stephen King</Name>
					<DateBirth>21.9.1947</DateBirth>
				</Writer>
			</Writers>
		</Details>
	</Movie>
	<Movie MOVIE_ID="A6">
		<Title>Americká krása</Title>
		<OriginalTitle>American Beauty</OriginalTitle>
		<Year>1999</Year>
		<LengthMinutes>122</LengthMinutes>
		<Categories>
			<Category>Drama</Category>
		</Categories>
		<Rating Rank="8,6" Users="321,222" Reviews="2550" Critics="284" Metascore="86"/>
		<Plot>
			Lester Burnham, a depressed suburban father in a mid-life crisis, decides to turn his hectic life around after developing an infatuation for his daughter's attractive friend.
		</Plot>
		<Directors>
			<Director>Sam Mendes</Director>
		</Directors>
		<Cast>
			<!-- Stars are located on different place -->
			<Star STAR_ID="V0680">Kevin Spacey</Star>
			<Star STAR_ID="V480">Annette Bening</Star>
			<Star STAR_ID="V5687">Thora Birch</Star>
		</Cast>
		<Details>
			<OfficalSites>
				<!-- Default location "EN" -->
				<Site>http://www.dreamworks.com/ab/</Site>
			</OfficalSites>
			<Countries>
				<Country>USA</Country>
			</Countries>
			<!-- Languages in movie -->
			<Languages>
				<Language>English</Language>
			</Languages>
			<Writers>
				<Writer>
					<!-- Possible add more informations -->
					<Name>Alan Ball</Name>
					<DateBirth>13.5.1957</DateBirth>
				</Writer>
			</Writers>
		</Details>
	</Movie>
</Movies>
