<?xml version="1.0" encoding="UTF-8"?>
<!--DOCTYPE film_database SYSTEM "data.dtd"-->
<!-- Databáze filmů - úloha z prg036-->
<film_database xmlns:xsi="http://www.w3.org/2001/XMLSchema-instance" xsi:noNamespaceSchemaLocation="data.xsd">
<film id="film1">
	<titles>
		<original_title>Český sen</original_title>
		<english_title>Czech Dream</english_title>
		<local_title>Český sen</local_title>
	</titles>
	<basic_info>
		<countries>
			<country><iso>203</iso><nazev>Česká republika</nazev></country>
		</countries>
		<spoken_languages>
			<language><iso>cs</iso><nazev>Čeština</nazev></language>
			<language><iso>dj</iso><nazev>Další jazyk</nazev></language>
		</spoken_languages>
	</basic_info>
	<relations>
		<director id="person1"/>
		<director id="person2"/>
	</relations>
	<tech_info>
		<runtime sec="0" min="27" hr="1" />
	</tech_info>
	<texts>
		<synopsis_short>Czech Dream is a funny and provocative look at the effects of rampant consumerism on a post-communist society. Filip Remunda and Vít Klusák, film students set out to explore the manipulative power of advertising in all its perversity, by creating an ad campaign for something that does not exist: Czech Dream - the Hypermarket for a better life! It is probably the most famous film of <person_ref id="person1"/>.</synopsis_short>
	</texts>
</film>
<film id="film2">
	<titles>
		<original_title>Film jako Brno</original_title>
		<english_title>Big as Brno</english_title>
		<local_title>Film jako Brno</local_title>
	</titles>
	<basic_info>
		<countries>
			<country><iso>203</iso><nazev>Česká republika, Další země:)</nazev></country>
		</countries>
		<spoken_languages>
			<language><iso>cs</iso><nazev>Čeština</nazev></language>
		</spoken_languages>
		<release_date year="2011" month="2"/>
	</basic_info>
	<relations>
		<director id="person3"/>
		<director id="person4"/>
		<director id="person5"/>
		<director id="person6"/>
		<director id="person7"/>
		<director id="person8"/>
		<director id="person1"/>
		<editor id="person4"/>
		<editor id="person5"/>
		<editor id="person6"/>
		<editor id="person8"/>
		<editor id="person1"/>
		<camera id="person9"/>
		<camera id="person10"/>
		<camera id="person11"/>
		<camera id="person1"/>
	</relations>
	<tech_info>
		<runtime min="12" hr="1"></runtime>
	</tech_info>
	<texts>
		<synopsis_short>Film is divided into seven chapters made by first-year FAMU students and their teacher Vít Klusák. Each segment reports on one group involved in a neo-Nazi march (and its blockade) in Brno: right-wing radicals, blockaders, Roma, policemen, attendees of political rallies, journalists, and the uninterested but all-knowing animals at the zoo. <film_ref id="film1"/> was also directed by Vít Klusák.<!--&copyright;-->MFDF Jihlava</synopsis_short>
		<synopsis_long>adsf<?php // tady by třeba mohlo být php ?></synopsis_long>
		<directors_bio><![CDATA[Son of <i>Emil Viklicky</i>. Half brother of <i>Pavel Klusák</i>. ]]></directors_bio>
	</texts>
</film>
	<person id="person3">Andran Abramjan</person>
	<person id="person4">Jan Strejcovský</person>
	<person id="person5">Kristýna Bartošová</person>
	<person id="person6">Lukáš Senft</person>
	<person id="person7">Natálie Císařovská</person>
	<person id="person8">Robin Kvapil</person>
	<person id="person1">Vít Klusák</person>
	<person id="person9">Marek Matvija</person>
	<person id="person10">Marek Brožek</person>
	<person id="person11">Stanislav Adámek</person>
	<person id="person2">Filip Remunda</person>
</film_database>
