<?xml version="1.0" encoding="UTF-8"?>
<!DOCTYPE kino SYSTEM "data.dtd">
<kino>
	<!--
		kino ma 2 casti, prvni cast je databaze filmu, ve ktere jsou vsechny dostupne filmy
		(nemusi byt promitane) a druha cast je vlastni kalendar promitani rozdeleny do dnu,
		kazdy den muze byt promitanych nekolik filmu 
	-->
	<databaze_filmu>
		<film idf="f_0001" promitany="ano">
			<nazev>Postradatelní</nazev>
			<zanr>Akcni, Dobrodruzny, Thriller</zanr>
			<zeme>USA</zeme>
			<rezie>Sylvester Stallone</rezie>
			<herci>
				<herec>Sylvester Stallone</herec>
				<herec>Jason Statham</herec>
				<herec>Jet Li</herec>
				<herec>Dolph Lundgren</herec>
				<herec>Eric Roberts</herec>
				<herec>Randy Couture</herec>
				<herec>Steve Austin</herec>
				<herec>Arnold Schwarzenegger</herec>
				<herec>Bruce Willis</herec>
				<herec>Mickey Rourke</herec>
			</herci>			
			<popis>...</popis>			
		</film>
	</databaze_filmu>
	<kalendar>
		<den>	
			<datum>1.3.2013
			</datum>		
			<promitani kapacita="790">
				<promitany_film>
					Postradatelní
					<odkaz_film film_ref="f_0001"></odkaz_film>
				</promitany_film>				
				<cas>13:00</cas>
				<cas>17:00</cas>
				<cas>21:00</cas>
			</promitani>
		</den>
	</kalendar>
</kino>