<?xml version="1.0" encoding="UTF-8"?>
<obchod>
	<oddeleni>
		<jmeno>jidlo</jmeno>
		<pododdeleni>
			<oddeleni>
				<jmeno>maso</jmeno>
			</oddeleni>
			<oddeleni>
				<jmeno>ovoce</jmeno>
				<pododdeleni>
					<oddeleni>
						<jmeno>tropy</jmeno>
					</oddeleni>
				</pododdeleni>
			</oddeleni>
		</pododdeleni>
	</oddeleni>	
	<oddeleni>
		<jmeno>zdravi</jmeno>
		<pododeleni>
			<oddeleni>
				<jmeno>zabava</jmeno>
			</oddeleni>
		</pododeleni>
	</oddeleni>
	<oddeleni>
		<jmeno>elektrospotrebice</jmeno>
		<pododdeleni>
			<oddeleni>
				<jmeno>uklizeni</jmeno>
			</oddeleni>
			<oddeleni>
				<jmeno>zabava</jmeno>
			</oddeleni>
		</pododdeleni>
	</oddeleni>
</obchod>
