<?xml version="1.0" encoding="UTF-8"?>
<produkty>
	<produkt id="i_12345">
		<jmeno>banan</jmeno>
		<dovozce>Shnila jidla s.r.o.</dovozce>
		<cena>
			<za_kg>25</za_kg>
		</cena>
	</produkt>
	<produkt id="i_88888">
		<jmeno>banan</jmeno>
		<dovozce>Tropicka prekvapeni a.s.</dovozce>
		<cena>
			<za_kg>20</za_kg>
		</cena>
	</produkt>
	<produkt id="i_98765">
		<jmeno>vysavac</jmeno>
		<dovozce>Sunty a.s.</dovozce>
		<cena>
			<za_ks>2499</za_ks>
		</cena>
	</produkt>
	<produkt id="i_24680">
		<jmeno>multivitamin</jmeno>
		<dovozce>Projimadla s.r.o.</dovozce>
		<cena>
			<za_ks>39</za_ks>
		</cena>
	</produkt>
	<produkt id="i_55555">
		<jmeno>slivovice</jmeno>
		<dovozce>Methanol a.s.</dovozce>
		<cena>
			<za_ks>129</za_ks>
		</cena>
	</produkt>
</produkty>
