<?xml version="1.0" encoding="UTF-8"?>

<doc xmlns:xsi="http://www.w3.org/2001/XMLSchema-instance" 
		xsi:noNamespaceSchemaLocation="C:\Users\Venda\Documents\School\XML\data.xsd"		>
	<datum><?php echo Date("Y-M-d")?></datum>
	<organyinfo>
		<organinfo organid="oid1" nazev="ledvina" cena="10000"/>
		<organinfo organid="oid2" nazev="jatra" cena="15000"/>
		<organinfo organid="oid3" nazev="zlucnik" cena="5000"/>
		<organinfo organid="oid4" nazev="plice" cena="50000"/>
		<organinfo organid="oid5" nazev="srdce" cena="100000"/>
		<organinfo organid="oid6" nazev="mozek" cena="1000000"/>
		<organinfo organid="oid7" nazev="oko" cena="80000"/>
		<organinfo organid="oid8" nazev="zaludek" cena="50000"/>
		<organinfo organid="oid9" nazev="tenkestrevo" cena="45000"/>
		<organinfo organid="oid10" nazev="tlustestrevo" cena="15000"/>
	</organyinfo>	
	<darci>
		<darce did="did1">
			<info Jmeno="Milan" Prijmeni="Hodný" Adresa="Praha 1" RokNarozeni="1956" Pohlavi="muz" Dobrovolny="ano" Nazivu="ano" />
			<organy>
				<organref oid="oid1" strana="prava" stav="neznamy" />
				<organref oid="oid1" strana="leva" stav="neznamy" />
			</organy>
		</darce>
		<darce did="did2">
			<info Jmeno="Karel" Prijmeni="Datel" Adresa="Praha 8" RokNarozeni="1964" Pohlavi="muz" Dobrovolny="ne" Nazivu="ne">
				<Smrt title="Dopravni nehoda">
						<![CDATA[ Tento pan zemrel <b>nestastnou</b> nahodou. ]]>
				</Smrt>	
			</info>
			<organy>
				<organref oid="oid1" strana="prava" stav="spatny" />
				<organref oid="oid1" strana="leva" stav="spatny" />
				<organref oid="oid8" stav="spatny" />
				
			</organy>
		</darce>

	</darci>

</doc>