<?xml version="1.0" encoding="UTF-8"?>
<!DOCTYPE data SYSTEM "data.dtd">


<data>
<!--rezervace vstupnek do kina -->
<rezervace-vstupenek id="A2">

<zakaznik rodneCislo="219139082">
<vek>16</vek>
<adresa>
<ulice>Konevova 13</ulice>
<mesto>Praha 3</mesto>
<PSC>130 00</PSC>
</adresa>
</zakaznik>

<vstupenky>

<vstupenek idVstupenek="CZ23082012">

<informace>
<vstupne>120 kc</vstupne>
<film>XML FOREVER</film>
<!--doba trvani-->
<cas>
<zacatek>17:30</zacatek>
<konec> 20:00</konec>
</cas>

<datum> 20.2.2012</datum>

<mistnost>
 <sal>cislo 3</sal>
 <sedadlo>4</sedadlo>
</mistnost>



<jmeno > Petr Novak</jmeno>

<typ-vstupenek typ="Normalni"/>


<!--spolecnost co provozuje kino-->

<spolecnost>Palace Cinemas a.s</spolecnost>

</informace>
</vstupenek>




</vstupenky> 




<!--odkaz na vstupenku -->

<zprava> vstupenek <ref idVstupenek="CZ23082012"></ref>  je od 16 let ?   </zprava>


</rezervace-vstupenek>


</data>