<?xml version="1.0" ?>
<HODNOCENI>
<HRAC ID_HRACE="_6">
	<BODY>5</BODY>
	<BODY>1</BODY>
	<BODY>5</BODY>
	<BODY>5</BODY>
	<BODY>2</BODY>
</HRAC>

<HRAC ID_HRACE="_2">
	<BODY>5</BODY>
	<BODY>5</BODY>
	<BODY>5</BODY>
	<BODY>5</BODY>
	<BODY>2</BODY>
</HRAC>

<HRAC ID_HRACE="_3">
	<BODY>5</BODY>
	<BODY>5</BODY>
	<BODY>5</BODY>
	<BODY>5</BODY>
	<BODY>2</BODY>
</HRAC>

<HRAC ID_HRACE="_4">
	<BODY>5</BODY>
	<BODY>5</BODY>
	<BODY>5</BODY>
	<BODY>5</BODY>
	<BODY>2</BODY>
</HRAC>

<HRAC ID_HRACE="_5">
	<BODY>5</BODY>
	<BODY>5</BODY>
	<BODY>5</BODY>
	<BODY>5</BODY>
	<BODY>2</BODY>
</HRAC>
</HODNOCENI>