<?xml version="1.0" encoding="UTF-8"?>
<!DOCTYPE IMHistory SYSTEM "data.dtd">
<IMHistory>
	<Printline>
		<![CDATA[
			document.writeln("Historie Vavat s Mamat")
		]]>
		<?php echo Date("d.m.Y")?>
	</Printline>
	<Udalost idU = "idU_1">		
		<Kontakt>Mamat</Kontakt>
		<Od>&ME;</Od>
		<Cas>
			<Hodina>14</Hodina>
			<Minuta>56</Minuta>
			<Sekunda>36</Sekunda>
		</Cas>
		<Datum>
			<Den>
				<Pisemne>
					<Normal>Pondělí</Normal>
					<Zkratka>Po</Zkratka>
				</Pisemne>
				<Ciselne>6</Ciselne>
			</Den>
			<Mesic>
				<Pisemne>
					<Normal>Únor</Normal>
					<Zkratka>Feb</Zkratka>
				</Pisemne>
				<Ciselne>2</Ciselne>
			</Mesic>
			<Rok>2012</Rok>
		</Datum>
		<Protokol>ICQ</Protokol>
		<ID>263563010</ID>
		<Zprava sifrovani="ne">Ahoj</Zprava>
		<SMTP></SMTP>
	</Udalost>
	<Udalost idU = "idU_2">
		<Kontakt>Mamat</Kontakt>
		<Od>Mamat</Od>
		<Cas>
			<Hodina>14</Hodina>
			<Minuta>57</Minuta>
			<Sekunda>30</Sekunda>
		</Cas>
		<Datum>
			<Den>
				<Pisemne>
					<Normal>Pondělí</Normal>
					<Zkratka>Po</Zkratka>
				</Pisemne>
				<Ciselne>6</Ciselne>
			</Den>
			<Mesic>
				<Pisemne>
					<Normal>Únor</Normal>
					<Zkratka>Feb</Zkratka>
				</Pisemne>
				<Ciselne>2</Ciselne>
			</Mesic>
			<Rok>2012</Rok>
		</Datum>
		<Protokol>ICQ</Protokol>
		<ID>124578963</ID>
		<Zprava sifrovani="ne">Cus</Zprava>
		<SMTP></SMTP>
	</Udalost>
	<Udalost idU = "idU_3">
		<Kontakt>Mamat</Kontakt>
		<Od>&ME;</Od>
		<Cas>
			<Hodina>14</Hodina>
			<Minuta>58</Minuta>
			<Sekunda>15</Sekunda>
		</Cas>
		<Datum>
			<Den>
				<Pisemne>
					<Normal>Pondělí</Normal>
					<Zkratka>Po</Zkratka>
				</Pisemne>
				<Ciselne>6</Ciselne>
			</Den>
			<Mesic>
				<Pisemne>
					<Normal>Únor</Normal>
					<Zkratka>Feb</Zkratka>
				</Pisemne>
				<Ciselne>2</Ciselne>
			</Mesic>
			<Rok>2012</Rok>
		</Datum>
		<Protokol>ICQ</Protokol>
		<ID>263563010</ID>
		<Zprava sifrovani="ano">Koukni na tohle videjko <URL>http://www.youtube.com/watch?v=QH2-TGUlwu4</URL> XD</Zprava>
		<SMTP></SMTP>
	</Udalost>
	<Udalost idU = "idU_4">
		<Kontakt>Mamat</Kontakt>
		<Od>Mamat</Od>
		<Cas>
			<Hodina>15</Hodina>
			<Minuta>00</Minuta>
			<Sekunda>45</Sekunda>
		</Cas>
		<Datum>
			<Den>
				<Pisemne>
					<Normal>Pondělí</Normal>
					<Zkratka>Po</Zkratka>
				</Pisemne>
				<Ciselne>6</Ciselne>
			</Den>
			<Mesic>
				<Pisemne>
					<Normal>Únor</Normal>
					<Zkratka>Feb</Zkratka>
				</Pisemne>
				<Ciselne>2</Ciselne>
			</Mesic>
			<Rok>2012</Rok>
		</Datum>
		<Protokol>ICQ</Protokol>
		<ID>124578963</ID>
		<Zprava sifrovani="ne">Omg :D</Zprava>
		<SMTP></SMTP>
	</Udalost>
	<Udalost idU = "idU_5">
		<Kontakt>Mamat</Kontakt>
		<Od>&ME;</Od>
		<Cas>
			<Hodina>15</Hodina>
			<Minuta>01</Minuta>
			<Sekunda>13</Sekunda>
		</Cas>
		<Datum>
			<Den>
				<Pisemne>
					<Normal>Pondělí</Normal>
					<Zkratka>Po</Zkratka>
				</Pisemne>
				<Ciselne>6</Ciselne>
			</Den>
			<Mesic>
				<Pisemne>
					<Normal>Únor</Normal>
					<Zkratka>Feb</Zkratka>
				</Pisemne>
				<Ciselne>2</Ciselne>
			</Mesic>
			<Rok>2012</Rok>
		</Datum>
		<Protokol>ICQ</Protokol>
		<ID>263563010</ID>
		<Zprava sifrovani="ne">XD</Zprava>
		<SMTP></SMTP>
	</Udalost>
	<Udalost idU = "idU_6">
		<Kontakt>Mamat</Kontakt>
		<Od>Mamat</Od>
		<Cas>
			<Hodina>15</Hodina>
			<Minuta>02</Minuta>
			<Sekunda>02</Sekunda>
		</Cas>
		<Datum>
			<Den>
				<Pisemne>
					<Normal>Pondělí</Normal>
					<Zkratka>Po</Zkratka>
				</Pisemne>
				<Ciselne>6</Ciselne>
			</Den>
			<Mesic>
				<Pisemne>
					<Normal>Únor</Normal>
					<Zkratka>Feb</Zkratka>
				</Pisemne>
				<Ciselne>2</Ciselne>
			</Mesic>
			<Rok>2012</Rok>
		</Datum>
		<Protokol>ICQ</Protokol>
		<ID>124578963</ID>
		<Zprava sifrovani="ne">Dobrej vymaz mozku</Zprava>
		<SMTP></SMTP>
	</Udalost>
	<Udalost idU = "idU_7">
		<Kontakt>Mamat</Kontakt>
		<Od>&ME;</Od>
		<Cas>
			<Hodina>16</Hodina>
			<Minuta>02</Minuta>
			<Sekunda>30</Sekunda>
		</Cas>
		<Datum>
			<Den>
				<Pisemne>
					<Normal>Pondělí</Normal>
					<Zkratka>Po</Zkratka>				
				</Pisemne>
				<Ciselne>6</Ciselne>
			</Den>
			<Mesic>
				<Pisemne>
					<Normal>Únor</Normal>
					<Zkratka>Feb</Zkratka>
				</Pisemne>
				<Ciselne>2</Ciselne>
			</Mesic>
			<Rok>2012</Rok>
		</Datum>
		<Protokol>ICQ</Protokol>
		<ID>263563010</ID>
		<Zprava sifrovani="ne">hh</Zprava>
		<SMTP></SMTP>
	</Udalost>
	<Udalost idU = "idU_8">
		<Kontakt>Mamat</Kontakt>
		<Od>Mamat</Od>
		<Cas>
			<Hodina>16</Hodina>
			<Minuta>06</Minuta>
			<Sekunda>13</Sekunda>
		</Cas>
		<Datum>
			<Den>
				<Pisemne>
					<Normal>Pondělí</Normal>
					<Zkratka>Po</Zkratka>
				</Pisemne>
				<Ciselne>6</Ciselne>
			</Den>
			<Mesic>
				<Pisemne>
					<Normal>Únor</Normal>
					<Zkratka>Feb</Zkratka>					
				</Pisemne>
				<Ciselne>2</Ciselne>
			</Mesic>
			<Rok>2012</Rok>
		</Datum>
		<Protokol>ICQ</Protokol>
		<ID>124578963</ID>
		<Zprava sifrovani="ne">??</Zprava>
		<SMTP></SMTP>
	</Udalost>
	<Udalost idU = "idU_9">
		<Kontakt>Mamat</Kontakt>
		<Od>&ME;</Od>
		<Cas>
			<Hodina>16</Hodina>
			<Minuta>7</Minuta>
			<Sekunda>10</Sekunda>
		</Cas>
		<Datum>
			<Den>
				<Pisemne>
					<Normal>Pondělí</Normal>
					<Zkratka>Po</Zkratka>
				</Pisemne>
				<Ciselne>6</Ciselne>
			</Den>
			<Mesic>
				<Pisemne>
					<Normal>Únor</Normal>
					<Zkratka>Feb</Zkratka>
				</Pisemne>
				<Ciselne>2</Ciselne>
			</Mesic>
			<Rok>2012</Rok>
		</Datum>
		<Protokol>ICQ</Protokol>
		<ID>263563010</ID>
		<Zprava sifrovani="ne">Odpovídám na <ref rID="idU_8">toto</ref></Zprava>
		<SMTP></SMTP>
	</Udalost>
	<Udalost idU = "idU_10">
		<Kontakt>Mamat</Kontakt>
		<Od>Mamat</Od>
		<Cas>
			<Hodina>16</Hodina>
			<Minuta>07</Minuta>
			<Sekunda>33</Sekunda>
		</Cas>
		<Datum>
			<Den>
				<Pisemne>
					<Normal>Pondělí</Normal>
					<Zkratka>Po</Zkratka>
				</Pisemne>
				<Ciselne>6</Ciselne>
			</Den>
			<Mesic>
				<Pisemne>
					<Normal>Únor</Normal>
					<Zkratka>Feb</Zkratka>					
				</Pisemne>
				<Ciselne>2</Ciselne>
			</Mesic>
			<Rok>2012</Rok>
		</Datum>
		<Protokol>ICQ</Protokol>
		<ID>124578963</ID>
		<Transfer cesta="C:\Users\Mamat\Pictures\obr1.jpg" jmeno="obr1.jpg"/>
		<Zprava sifrovani="ano"/>
		<SMTP></SMTP>
	</Udalost>
	<Udalost idU = "idU_11">
		<Kontakt>Mamat</Kontakt>
		<Od>&ME;</Od>
		<Cas>
			<Hodina>16</Hodina>
			<Minuta>08</Minuta>
			<Sekunda>29</Sekunda>
		</Cas>
		<Datum>
			<Den>
				<Pisemne>
					<Normal>Pondělí</Normal>
					<Zkratka>Po</Zkratka>
				</Pisemne>
				<Ciselne>6</Ciselne>
			</Den>
			<Mesic>
				<Pisemne>
					<Normal>Únor</Normal>
					<Zkratka>Feb</Zkratka>
				</Pisemne>
				<Ciselne>2</Ciselne>
			</Mesic>
			<Rok>2012</Rok>
		</Datum>
		<Protokol>ICQ</Protokol>
		<ID>263563010</ID>
		<Zprava sifrovani="ne">Co to je?</Zprava>
		<SMTP></SMTP>
	</Udalost>
</IMHistory>
