<?xml version="1.0" encoding="UTF-8" ?>

<!--<!DOCTYPE SCHEDULE SYSTEM "data.dtd">-->
<SCHEDULE xmlns:xsi="http://www.w3.org/2001/XMLSchema-instance" xsi:noNamespaceSchemaLocation="data.xsd">
 <MATCH matchID="HeatLakers1">
  <TEAM teamID="Heat">
  	<NAME>Miami Heat</NAME>
  	<PLAYER playerID="LBJ" bestBuddy="DWade" active="true" position="PG">
  		<NAME>LeBron</NAME>
  		<SURNAME>James</SURNAME>
  		<DOPPING lastCheckUp="today"></DOPPING>
  		<COOP>Dwyane Wade</COOP>
  		<STATS>
  			<PPG>27.0</PPG>
  			<APG>11.2</APG>
  			<RPG>14.5</RPG>
  			<BPG>2.0</BPG>
  			<SPG>1.8</SPG>
  			<PLG>20</PLG>
  			<ALG>8</ALG>
  			<RLG>6</RLG>
  			<BLG>1</BLG>
  			<SLG>2</SLG>
  		</STATS>
  		<ALLSTAR>7</ALLSTAR>
  	</PLAYER>
  	<PLAYER playerID="DWade" bestBuddy="LBJ" active="true" position="SF">
  		<NAME>Dwyane</NAME>
  		<SURNAME>Wade</SURNAME>
  		<DOPPING lastCheckUp="today"></DOPPING>
  		<COOP>LeBron James</COOP>
  		<STATS>
  			<PPG>21.0</PPG>
  			<APG>10.2</APG>
  			<RPG>6.2</RPG>
  			<BPG>0.8</BPG>
  			<SPG>2.3</SPG>
  			<PLG>20</PLG>
  			<ALG>8</ALG>
  			<RLG>6</RLG>
  			<BLG>1</BLG>
  			<SLG>2</SLG>
  		</STATS>
  	</PLAYER>
  	<ARENA>AmericanAirlines Arena, Miami, Florida</ARENA>
  </TEAM>
  <TEAM teamID="Lakers">
  	<NAME>Los Angeles Lakers</NAME>
  	<PLAYER playerID="Kobe" bestBuddy="DWade" active="true" position="SF">
  		<NAME>Kobe</NAME>
  		<SURNAME>Bryant</SURNAME>
  		<DOPPING lastCheckUp="yesterday"></DOPPING>
  		<COOP>Dwight Howard, Steve Nash</COOP>
  		<STATS>
  			<PPG>26.7</PPG>
  			<APG>2.4</APG>
  			<RPG>8.2</RPG>
  			<BPG>2.0</BPG>
  			<SPG>3.0</SPG>
  			<PLG>20</PLG>
  			<ALG>8</ALG>
  			<RLG>6</RLG>
  			<BLG>1</BLG>
  			<SLG>2</SLG>
  		</STATS>
  	</PLAYER>
  	<PLAYER playerID="DH" bestBuddy="Kobe" active="false" position="C">
  		<NAME>Dwight</NAME>
  		<SURNAME>Howard</SURNAME>
  		<DOPPING lastCheckUp="yesterday"></DOPPING>
  		<COOP>Kobe Bryant, Steve Nash</COOP>
  		<STATS>
  			<PPG>22.7</PPG>
  			<APG>2.4</APG>
  			<RPG>17.4</RPG>
  			<BPG>8.1</BPG>
  			<SPG>0.2</SPG>
  			<PLG>20</PLG>
  			<ALG>8</ALG>
  			<RLG>6</RLG>
  			<BLG>1</BLG>
  			<SLG>2</SLG>
  		</STATS>
  	</PLAYER>
  	<ARENA>Staples Center, Downtown L.A., California</ARENA>
  </TEAM>
  <ARENA homeTeam="Heat">AmericanAirlines Arena, Miami, Florida</ARENA>
  <DATE>2015-09-12</DATE>
 </MATCH>
</SCHEDULE>