<TEAM teamID="Heat">
 <PLAYER>
 	<NAME>Mario</NAME>
 	<SURNAME>Chalmers</SURNAME>
 	<STARTER>True</STARTER>
 </PLAYER>
 <PLAYER>
 	<NAME>Dwyane</NAME>
 	<SURNAME>Wade</SURNAME>
 </PLAYER>
 <PLAYER>
 	<NAME>LeBron</NAME>
 	<SURNAME>James</SURNAME>
 	<STARTER>True</STARTER>
 </PLAYER>
 <PLAYER>
 	<NAME>Ray</NAME>
 	<SURNAME>Allen</SURNAME>
 </PLAYER>
 <PLAYER>
 	<NAME>Chris</NAME>
 	<SURNAME>Bosh</SURNAME>
 	<STARTER>True</STARTER>
 </PLAYER>
 <PLAYER>
 	<NAME>Udonis</NAME>
 	<SURNAME>Haslem</SURNAME>
 </PLAYER>
 <PLAYER>
 	<NAME>Norris</NAME>
 	<SURNAME>Cole</SURNAME>
 </PLAYER>
 <PLAYER>
 	<NAME>Chris</NAME>
 	<SURNAME>Andersen</SURNAME>
 </PLAYER>
 <PLAYER>
 	<NAME>James</NAME>
 	<SURNAME>Jones</SURNAME>
 </PLAYER>
 <PLAYER>
 	<NAME>Rashard</NAME>
 	<SURNAME>Lewis</SURNAME>
 </PLAYER>
 <PLAYER>
 	<NAME>Mike</NAME>
 	<SURNAME>Miller</SURNAME>
 </PLAYER>
 <PLAYER>
 	<NAME>Shayne</NAME>
 	<SURNAME>Battier</SURNAME>
 	<STARTER>True</STARTER>
 </PLAYER>
 <PLAYER>
 	<NAME>Joel</NAME>
 	<SURNAME>Anthony</SURNAME>
 </PLAYER>
</TEAM>