<TEAM teamID="Lakers">
 <PLAYER>
 	<NAME>Steve</NAME>
 	<SURNAME>Nash</SURNAME>
 	<STARTER>True</STARTER>
 </PLAYER>
 <PLAYER>
 	<NAME>Dwight</NAME>
 	<SURNAME>Howard</SURNAME>
 </PLAYER>
 <PLAYER>
 	<NAME>Kobe</NAME>
 	<SURNAME>Bryant</SURNAME>
 	<STARTER>True</STARTER>
 </PLAYER>
 <PLAYER>
 	<NAME>Steve</NAME>
 	<SURNAME>Blake</SURNAME>
 </PLAYER>
 <PLAYER>
 	<NAME>Earl</NAME>
 	<SURNAME>Clark</SURNAME>
 	<STARTER>True</STARTER>
 </PLAYER>
 <PLAYER>
 	<NAME>Chris</NAME>
 	<SURNAME>Duhon</SURNAME>
 </PLAYER>
 <PLAYER>
 	<NAME>Pau</NAME>
 	<SURNAME>Gasol</SURNAME>
 </PLAYER>
 <PLAYER>
 	<NAME>Jordan</NAME>
 	<SURNAME>Hill</SURNAME>
 </PLAYER>
 <PLAYER>
 	<NAME>Antawn</NAME>
 	<SURNAME>Jamison</SURNAME>
 </PLAYER>
 <PLAYER>
 	<NAME>Metta</NAME>
 	<SURNAME>World Peace</SURNAME>
 </PLAYER>
</TEAM>