<?xml version="1.0" encoding="UTF-8"?>
<project xmlns:xsi="http://www.w3.org/2001/XMLSchema-instance" xsi:noNamespaceSchemaLocation="data.xsd" program_version="0.1a">
    <project_info>
        <project_name>Untitled song</project_name>
        <project_license>(c) <author>Unknown &amp; anonymous</author></project_license>
        <created>
            <date>2014/03/03</date>
            <time>22:44</time>
        </created>
        <modified>
            <date>2014/3/4</date>
            <time>23:59</time>
        </modified>
        <comment>This song is a <b>masterpiece</b> produced by <u>thousands</u> of geniuses who have secretly cooperated on it <u>for last 1337 years</u> and have dedicated their whole lives to bringing a perfect song to life.</comment>
    </project_info>
    <instruments>
        <instrument id="GrandPiano" type="sampled">
            <samples>
                <prefix>gp-</prefix>
                <extension>.wav</extension>
                <folder>global/instruments/samples/piano/grand piano/</folder>
            </samples>
        </instrument>
        <instrument id="Recording" type="wave_instrument">
            <recordings base_path="project/recordings/">
                <recording id="rec1" file="752347113.wav" />
                <recording id="rec2" file="615391374.wav" />
            </recordings>
        </instrument>
    </instruments>
    <tracks>
        <track>
            <parameters>
                <name>Piano Main</name>
                <instrument_ref instrument_id="GrandPiano" />
                <volume unit="percent">70</volume>
            </parameters>
            <notes>
                <!-- May not be accurate, but hopefully it is :D -->
                <note tone="C1" start="0" length="0.5" />
                <note tone="D1" start="0.5" length="0.5" />
                <note tone="E1" start="1" length="0.5" />
                <note tone="F1" start="1.5" length="0.5" />
                <note tone="G1" start="2" length="0.5" />
                <note tone="G1" start="3" length="0.5" />
                
                <note tone="A1" start="4" length="0.5" />
                <note tone="A1" start="5" length="0.5" />
                <note tone="G1" start="6" length="0.5" />
                
                <note tone="A1" start="8" length="0.5" />
                <note tone="A1" start="9" length="0.5" />
                <note tone="G1" start="10" length="0.5" />
                
                <note tone="F1" start="12" length="0.25" />
                <note tone="F1" start="12.5" length="0.25" />
                <note tone="F1" start="13" length="0.25" />
                <note tone="F1" start="13.5" length="0.25" />
                <note tone="E1" start="14" length="0.5" />
                <note tone="E1" start="15" length="0.5" />
                <note tone="D1" start="16" length="0.5" />
                <note tone="D1" start="17" length="0.5" />
                <note tone="G1" start="18" length="1" />
                
                <note tone="F1" start="19" length="0.25" />
                <note tone="F1" start="19.5" length="0.25" />
                <note tone="F1" start="20" length="0.25" />
                <note tone="F1" start="20.5" length="0.25" />
                <note tone="E1" start="21" length="0.5" />
                <note tone="E1" start="22" length="0.5" />
                <note tone="D1" start="23" length="0.5" />
                <note tone="D1" start="24" length="0.5" />
                <note tone="C1" start="25" length="1" />
            </notes>
        </track>
        <track>
            <parameters>
                <name>Solo</name>
                <instrument_ref instrument_id="Recording" />
                <volume unit="percent">25</volume>
            </parameters>
            <recording_regions>
                <recording_region recording_ref="rec1" start="0" length="10.5" />
                <recording_region recording_ref="rec2" start="12" length="14" />
            </recording_regions>
        </track>
    </tracks>
</project>
