<?xml version="1.0" encoding="UTF-8"?>
<!DOCTYPE library SYSTEM "library.dtd">
<library>
	<book salesCode="421552542">
		<author>Standa</author>
		<name>Pokusy s nukleární fúzí pro začátečníky</name>
		<published>
			<publisher>
				<name>Mladý vědec</name>
				<address>
					<street>Plukovníkova</street>
					<num>12</num>
					<city>Raketov</city>
					<postalCode>12476</postalCode>
				</address>
				<year>2009</year>
			</publisher>
			<editionNum>1</editionNum>
		</published>
		<ISBN code="421552542">fdfs</ISBN>
		<language>čeština</language>
		<category>učebnice</category>
		<commentary>
		</commentary>
		<printsInLib>2</printsInLib>
		<locationInLib>
			<present row="5" line="3"/>
			<present row="5" line="3"/>
		</locationInLib>
	</book>
	<book>
		<author>Jindřich Bečvář</author>
		<name>Lineární algebra</name>
		<published>
			<publisher>
				<name>Matfyzpress</name>
				<address>
					<street>Sokolovská</street>
					<num>83</num>
					<city>Praha 8</city>
					<postalCode>18675</postalCode>
				</address>
				<year>2005</year>
			</publisher>
			<printer>
				<name>Reprostředisko UK MFF</name>
				<address>
					<street>Sokolovská</street>
					<num>83</num>
					<city>Praha 8</city>
					<postalCode>18675</postalCode>
				</address>
			</printer>
			<editionNum>3</editionNum>
		</published>
		<ISBN code="80-86732-57-6"></ISBN>
		<ISBN code="80-85863-92-8"></ISBN>
		<ISBN code="80-85863-61-8"></ISBN>
		<language>čeština</language>
		<category>učebnice</category>
		<commentary></commentary>
		<printsInLib>4</printsInLib>
		<locationInLib>
			<present row="9" line="1"/>
			<borrowed until="2.5.2011"/>
			<depositary row="5" line="3"/>
			<present row="9" line="1"/>
		</locationInLib>
	</book>
	<book>
		<author>Niel Gaiman</author>
		<name>Fragile Things Short Fictions and Wonders</name>
		<published>
			<publisher>
				<name>Headline Publishing Group</name>
				<address>
					<street>Euston Road</street>
					<num>338</num>
					<city>London</city>
					<postalCode>NW13BH</postalCode>
				</address>
				<year>2007</year>
			</publisher>
			<printer>
				<name>CPI Mackays</name>
				<address>
					<street>?</street>
					<num>?</num>
					<city>Chatham</city>
					<postalCode>ME58TD</postalCode>
				</address>
			</printer>
			<editionNum>2</editionNum>
		</published>
		<ISBN code="978-0-755-3415-5">A format</ISBN>
		<ISBN code="978-0-755-3414-8">B format</ISBN>
		<language>english</language>
		<category>krásná literatura</category>
		<commentary><ref code="978-0-755-3415-5"/> je mnohem lepší než<ref code="978-0-755-3414-8"/></commentary>
		<printsInLib>2</printsInLib>
		<locationInLib>
			<present row="1" line="2"/>
			<borrowed until="23.4.2011"/>
		</locationInLib>
	</book>
		<book>
		<author>Niel Gaiman</author>
		<name>Američtí bohové</name>
		<published>
			<publisher>
				<name>Polaris</name>
				<address>
					<street>Poříčí</street>
					<num>218</num>
					<city>Frenštát pod Radhoštěm</city>
				</address>
				<year>2007</year>
			</publisher>
			<printer>
				<name>Printo s.r.o.</name>
				<address>
					<street>Gen. Sochora</street>
					<num>1379</num>
					<city>Ostrava Poruba</city>
				</address>
			</printer>
			<editionNum>2</editionNum>
		</published>
		<ISBN code="978-80-7332-098-0"></ISBN>
		<language>čeština</language>
		<category>krásná literatura</category>
		<commentary>Druhé vydání doplněné autorem</commentary>
		<printsInLib>2</printsInLib>
		<locationInLib>
			<borrowed until="12.4.2011"/>
			<present row="1" line="2"/>
		</locationInLib>
	</book>
	<book>
		<author>Oldřich Odvárko</author>
		<name>Matematika pro gymnázia Posloupnosti a řady</name>
		<published>
			<publisher>
				<name>Prometheus, spol. s r.o.</name>
				<address>
					<street>Žitná</street>
					<num>25</num>
					<city>Praha 1</city>
				</address>
				<phone>+420 691 37 15</phone>
				<year>2001</year>
			</publisher>
			<printer>
				<name>&quot;B&quot; PRINT</name>
				<address>
					<street>Žitavského</street>
					<num>572</num>
					<city>Praha 5 - Zbraslav</city>
				</address>
			</printer>
			<editionNum>2</editionNum>
		</published>
		<ISBN code="80-7196-195-7"></ISBN>
		<language>čeština</language>
		<category>učebnice</category>
		<commentary>dotisk 2. vydání</commentary>
		<printsInLib>3</printsInLib>
		<locationInLib>
			<borrowed until="2.5.2011"/>
			<borrowed until="6.6.2011"/>
			<present row="5" line="3"/>
		</locationInLib>
	</book>
	<book>
		<author>Chris Sels</author>
		<name>C# a WinForms - programování formulářů Windows</name>
		<published>
			<publisher>
				<name>ZONER software s.r.o.</name>
				<address>
					<street>Nové sady</street>
					<num>18/583</num>
					<city>Brno</city>
					<postalCode>60200</postalCode>
				</address>
				<phone>+420 532 190 883</phone>
				<year>2005</year>
			</publisher>
			<printer>
				<name>Zoner Press</name>
			</printer>
			<editionNum>1</editionNum>
		</published>
		<ISBN code="80-86815-25-0"></ISBN>
		<language>čeština</language>
		<category>odborné</category>
		<commentary></commentary>
		<printsInLib>1</printsInLib>
		<locationInLib>
			<borrowed until="1.3.2011"/>
		</locationInLib>
	</book>
</library>

