<?xml version="1.0" encoding="UTF-8"?>
<!DOCTYPE GameStudios [
<!ELEMENT GameStudios (GameStudio*)>
<!ELEMENT GameStudio (StudioName, Contacts, Employees, Games)>
<!ATTLIST GameStudio
	CEO IDREF #REQUIRED
	ID ID #REQUIRED
>
<!ELEMENT StudioName (#PCDATA)>
<!ELEMENT Contacts (Address+, PhoneNumber+, Email*)>
<!ELEMENT Address (Street, PostalCode?, City, Country)>
<!ELEMENT Street (#PCDATA)>
<!ATTLIST Street
	Number CDATA #REQUIRED
>
<!ELEMENT PostalCode EMPTY>
<!ATTLIST PostalCode
	Code CDATA #REQUIRED
>
<!ELEMENT City (#PCDATA)>
<!ELEMENT Country (#PCDATA)>
<!ELEMENT PhoneNumber EMPTY>
<!ATTLIST PhoneNumber
	Number CDATA #REQUIRED
	Type (land_line | cell_phone) #IMPLIED 
>
<!ELEMENT Email (#PCDATA)>
<!ELEMENT Employees (CurrentEmployees, Ex-employees?)>
<!ELEMENT CurrentEmployees (Employee*)>
<!ELEMENT Ex-employees (Employee*)>
<!ELEMENT Employee (Name, Contacts, Position, Knowledge, Remark?)>
<!ATTLIST Employee
	ID ID #REQUIRED
>
<!ELEMENT Name (Firstname+, Surname)>
<!ELEMENT Firstname (#PCDATA)>
<!ELEMENT Surname (#PCDATA)>
	
<!ELEMENT Position (#PCDATA)>
	
<!--
	<!ENTITY % Level "Level (Beginner | Intermediate | Advanced) #IMPLIED">
-->

<!ELEMENT Knowledge (ProgrammingLanguage*, Application*, Language*)>
<!ELEMENT ProgrammingLanguage EMPTY>
<!ATTLIST ProgrammingLanguage
	Language CDATA #REQUIRED
	Level (Beginner | Intermediate | Advanced) #IMPLIED
>
	
<!ELEMENT Application EMPTY>
<!ATTLIST Application
	Name CDATA #REQUIRED
	Level (Beginner | Intermediate | Advanced) #IMPLIED
>

<!ELEMENT Language EMPTY>
<!ATTLIST Language
	Name CDATA #REQUIRED
	Level (Beginner | Intermediate | Advanced) #IMPLIED
>
	
<!ELEMENT Games (Game*)>
<!ELEMENT Game (Genres, Platforms, Engine?, Budget?, ReleaseDates?)>
<!ATTLIST Game
	ID ID #REQUIRED
	Name CDATA #REQUIRED
	Designers IDREFS #IMPLIED
	LeadProgrammer IDREF #IMPLIED
>
<!ELEMENT Genres (Genre+)>
<!ELEMENT Genre EMPTY>
<!ATTLIST Genre
	GameGenre (RPG | Action | Sports | Rhythm | Strategy | Multiplayer | MMO | Casual | Shooter | FPS | Adventure | Simulation) #REQUIRED
>
<!ELEMENT Platforms (Platform+)>
<!ELEMENT Platform (#PCDATA)>

<!ELEMENT Engine (#PCDATA)>

<!ELEMENT Budget (#PCDATA)>
<!ELEMENT ReleaseDates (ReleaseDate+)>

<!ELEMENT ReleaseDate (Date)>
<!ATTLIST ReleaseDate
	Location CDATA #IMPLIED
	Platform CDATA #IMPLIED
>
<!ELEMENT Date (Time?, Day?, Month, Year)>
<!ELEMENT Day (#PCDATA)>
<!ELEMENT Month (#PCDATA)>
<!ELEMENT Year (#PCDATA)>

<!ELEMENT Time EMPTY>
<!ATTLIST Time
	Seconds CDATA #IMPLIED
	Minutes CDATA #IMPLIED
	Hours CDATA #IMPLIED
>
	
<!ELEMENT Remark (#PCDATA | Bold | Italic | Underline)*>
<!ELEMENT Bold (#PCDATA|Italic|Underline)*>
<!ELEMENT Italic (#PCDATA|Bold|Underline)*>
<!ELEMENT Underline (#PCDATA|Bold|Underline)*>
	
<!ENTITY Win "Microsoft Windows">
<!ENTITY Office "Microsoft Office">
<!ENTITY VS2010 "Microsoft Visual Studio 2010">
]>

<!--Database of stuios that develope video games.-->
<GameStudios>
	<!--Processing instruction-->
	<?validator "strict"?>
	<!--Using IDREF attribute to reference the CEO of the game studio (use of IDREF was required-->
	<GameStudio ID="GS_BIOWARE" CEO="BIO_EM_ID_1">
		<StudioName>BioWare</StudioName>
		<Contacts>
			 <Address>
				<Street Number="200-4445">Calgary Trail NW</Street>
				<City>Edmonton AB</City>
				<Country>Canada T6H 5R7</Country>
			</Address>
			<PhoneNumber Number="780-430-0164"/>
			<Email>contact@bioware.com</Email>
		</Contacts>
		<Employees>
		<CurrentEmployees>
		<Employee ID="BIO_EM_ID_1">
				<Name>
					<Firstname>
						Ray
					</Firstname>
					<Surname>
						Muzyka
					</Surname>
				</Name>
				<Contacts>
					<Address>
						<Street Number="22">Borroughs</Street>
						<PostalCode Code="7773"></PostalCode>
						<City>Montreal</City>
						<Country>Canada</Country>
					</Address>
					<PhoneNumber Number="111222333"/>
				</Contacts>
				<Position>CEO
				</Position>
				<Knowledge>
					<ProgrammingLanguage Language="C++" Level="Advanced"/>
					<Application Name="&Office;" Level="Advanced"/>
					<Language Name="English"/>
					<Language Name="French"/>
				</Knowledge>
			</Employee>
			<Employee ID="BIO_EM_ID_2">
				<Name>
					<Firstname>
						John
					</Firstname>
					<Surname>
						Ohlen
					</Surname>
				</Name>
				<Contacts>
					<Address>
						<Street Number="77">Oak Street</Street>
						<PostalCode Code="3341"></PostalCode>
						<City>Ottawa</City>
						<Country>Canada</Country>
					</Address>
					<PhoneNumber Number="3217845"/>
				</Contacts>
				<Position>
					Designer
				</Position>
				<Knowledge>
					<ProgrammingLanguage Language="C++" Level="Advanced"/>
					<ProgrammingLanguage Language="C#" Level="Advanced"/>
					<ProgrammingLanguage Language="Java" Level="Advanced"/>
					<Application Name="&Office;" Level="Advanced"/>
					<Application Name="&VS2010;" Level="Advanced"/>
					<Language Name="English"/>
					<Language Name="French"/>
				</Knowledge>
			</Employee>
			<Employee ID="BIO_EM_ID_3">
				<Name>
					<Firstname>
						David
					</Firstname>
					<Surname>
						Gaidier
					</Surname>
				</Name>
				<Contacts>
					<Address>
						<Street Number="12">High End</Street>
						<PostalCode Code="3378"></PostalCode>
						<City>Montreal</City>
						<Country>Canada</Country>
					</Address>
					<PhoneNumber Number="669778521"/>
				</Contacts>
				<Position>
					Programmer
				</Position>
				<Knowledge>
					<ProgrammingLanguage Language="C++" Level="Advanced"/>
					<ProgrammingLanguage Language="C#" Level="Advanced"/>
					<ProgrammingLanguage Language="Java" Level="Advanced"/>
					<ProgrammingLanguage Language="PHP" Level="Intermediate"/>
					<Application Name="&Office;" Level="Advanced"/>
					<Application Name="&VS2010;" Level="Advanced"/>
					<Language Name="English"/>
					<Language Name="French"/>
				</Knowledge>
			</Employee>
			<Employee ID="BIO_EM_ID_4">
				<Name>
					<Firstname>
						David
					</Firstname>
					<Surname>
						Falkner
					</Surname>
				</Name>
				<Contacts>
					<Address>
						<Street Number="787">Sesame</Street>
						<PostalCode Code="1234"></PostalCode>
						<City>Toronto</City>
						<Country>Canada</Country>
					</Address>
					<PhoneNumber Number="124777562"/>
				</Contacts>
				<Position>
					Lead programmer
				</Position>
				<Knowledge>
					<ProgrammingLanguage Language="C++" Level="Advanced"/>
					<ProgrammingLanguage Language="C#" Level="Advanced"/>
					<Application Name="&Office;" Level="Advanced"/>
					<Application Name="&VS2010;" Level="Advanced"/>
					<Language Name="English"/>
					<Language Name="French"/>
				</Knowledge>
			</Employee>
			<Employee ID="BIO_EM_ID_5">
				<Name>
					<Firstname>
						Mark
					</Firstname>
					<Surname>
						Brockington
					</Surname>
				</Name>
				<Contacts>
					<Address>
						<Street Number="798">Lumber Street</Street>
						<PostalCode Code="2477"></PostalCode>
						<City>Ottawa</City>
						<Country>Canada</Country>
					</Address>
					<PhoneNumber Number="66788953"/>
					<Email>MBrock@gmail.com</Email>
				</Contacts>
				<Position>
					Designer
				</Position>
				<Knowledge>
					<ProgrammingLanguage Language="C#" Level="Advanced"/>
					<Language Name="English"/>
					<Language Name="French"/>
				</Knowledge>
			</Employee>
		</CurrentEmployees>
		<!--EX______________________________________________________EX-->
		<Ex-employees>
			<Employee ID="BIO_EXEM_ID_1">
				<Name>
					<Firstname>
						John 
					</Firstname>
					<Surname>
						Winsky
					</Surname>
				</Name>
				<Contacts>
					<Address>
						<Street Number="988">Bloom Street</Street>
						<PostalCode Code="3352"></PostalCode>
						<City>Westfield</City>
						<Country>USA</Country>
					</Address>
					<PhoneNumber Number="777999888"/>
				</Contacts>
				<Position>
					Programmer, Designer
				</Position>
				<Knowledge>
					<ProgrammingLanguage Language="C++" Level="Advanced"/>
					<ProgrammingLanguage Language="C#" Level="Advanced"/>
					<Application Name="&Office;" Level="Advanced"/>
					<Application Name="&VS2010;" Level="Advanced"/>
					<Language Name="English"/>
				</Knowledge>
			</Employee>
			<Employee ID="BIO_EXEM_ID_2">
				<Name>
					<Firstname>
						Patrick
					</Firstname>
					<Surname>
						Winsky
					</Surname>
				</Name>
				<Contacts>
					<Address>
						<Street Number="338">Angle Street</Street>
						<PostalCode Code="2177"></PostalCode>
						<City></City>
						<Country>USA</Country>
					</Address>
					<PhoneNumber Number="121474669"/>
				</Contacts>
				<Position>
					Programmer, designer
				</Position>
				<Knowledge>
					<ProgrammingLanguage Language="C++" Level="Advanced"/>
					<Language Name="English"/>
				</Knowledge>
			</Employee>
		</Ex-employees>	
		</Employees>
		<Games>
			<Game ID="BIO_G_ID_1" Name="Shattered Steel" Designers="BIO_EXEM_ID_1 BIO_EXEM_ID_2" LeadProgrammer="BIO_EXEM_ID_2">
				<Genres>
					<Genre GameGenre="Action"/>
					<Genre GameGenre="Simulation"/>
				</Genres>
				<Platforms>
					<Platform>
						MS-DOS
					</Platform>
					<Platform>Mac OS</Platform>
				</Platforms>
				<ReleaseDates>
					<ReleaseDate Location="North America">
						<Date>
							<Day>30</Day>
							<Month>9</Month>
							<Year>1996</Year>
						</Date>
					</ReleaseDate>
				</ReleaseDates>
			</Game>
			<Game ID="BIO_G_ID_2" Name="Baldur's Gate" Designers="BIO_EM_ID_2">
				<Genres>
					<Genre GameGenre="RPG"/>
				</Genres>
				<Platforms>
					<Platform>
						Microsoft Windows
					</Platform>
					<Platform>
						Mac OS
					</Platform>
				</Platforms>
				<Engine>Infinity Engine</Engine>
				<ReleaseDates>
					<ReleaseDate>
						<Date>
							<Day>30</Day>
							<Month>11</Month>
							<Year>1998</Year>
						</Date>
					</ReleaseDate>
				</ReleaseDates>
			</Game>
			<Game ID="BIO_G_ID_3" Name="Baldur's Gate: Tales of the Sword Coast" Designers="BIO_EM_ID_1 BIO_EM_ID_2" LeadProgrammer="BIO_EXEM_ID_2">
				<Genres>
					<Genre GameGenre="RPG"/>
				</Genres>
				<Platforms>
					<Platform>
						Microsoft Windows
					</Platform>
					<Platform>
						Mac OS
					</Platform>
				</Platforms>
				<Engine>Infinity Engine</Engine>
				<ReleaseDates>
					<ReleaseDate>
						<Date>
							<Day>30</Day>
							<Month>4</Month>
							<Year>1999</Year>
						</Date>
					</ReleaseDate>
				</ReleaseDates>
			</Game>
			<Game ID="BIO_G_ID_4" Name="MDK2">
				<Genres>
					<Genre GameGenre="Shooter"/>
				</Genres>
				<Platforms>
					<Platform>
						Microsoft Windows
					</Platform>
					<Platform>
						Playstation 2
					</Platform>
					<Platform>
						Dreamcast
					</Platform>
					<Platform>
						Wii
					</Platform>
				</Platforms>
				<Engine>Omega Engine</Engine>
				<ReleaseDates>
					<ReleaseDate Platform="Dreamcast">
						<Date>
							<Day>31</Day>
							<Month>3</Month>
							<Year>2000</Year>
						</Date>
					</ReleaseDate>
					<ReleaseDate Location="North America" Platform="Microsoft Windows">
						<Date>
							<Day>31</Day>
							<Month>5</Month>
							<Year>2000</Year>
						</Date>
					</ReleaseDate>
					<ReleaseDate Location="Europe" Platform="Microsoft Windows">
						<Date>
							<Day>9</Day>
							<Month>7</Month>
							<Year>2000</Year>
						</Date>
					</ReleaseDate>
					<ReleaseDate Location="North America" Platform="Playstation 2">
						<Date>
							<Day>26</Day>
							<Month>3</Month>
							<Year>2001</Year>
						</Date>
					</ReleaseDate>
					<ReleaseDate Location="Europe" Platform="Playstation 2">
						<Date>
							<Day>26</Day>
							<Month>5</Month>
							<Year>2001</Year>
						</Date>
					</ReleaseDate>
					<ReleaseDate Platform="Wii">
						<Date>
							<Day>9</Day>
							<Month>5</Month>
							<Year>2011</Year>
						</Date>
					</ReleaseDate>
				</ReleaseDates>
			</Game>
			<Game ID="BIO_G_ID_5" Name="Baldur's Gate II: Shadows of Amn" Designers="BIO_EM_ID_2 BIO_EM_ID_3">
				<Genres>
					<Genre GameGenre="RPG"/>
				</Genres>
				<Platforms>
					<Platform>
						Microsoft Windows
					</Platform>
					<Platform>
						Mac OS
					</Platform>
				</Platforms>
				<Engine>Infinity Engine</Engine>
				<ReleaseDates>
					<ReleaseDate>
						<Date>
							<Day>24</Day>
							<Month>9</Month>
							<Year>2000</Year>
						</Date>
					</ReleaseDate>
				</ReleaseDates>
			</Game>
			<Game ID="BIO_G_ID_6" Name="Baldur's Gate II: Throne of Bhaal" Designers="BIO_EM_ID_2 BIO_EM_ID_3">
				<Genres>
					<Genre GameGenre="RPG"/>
				</Genres>
				<Platforms>
					<Platform>
						&Win;
					</Platform>
					<Platform>
						Mac OS
					</Platform>
				</Platforms>
				<Engine>Infinity Engine</Engine>
				<ReleaseDates>
					<ReleaseDate>
						<Date>
							<Day>21</Day>
							<Month>6</Month>
							<Year>2001</Year>
						</Date>
					</ReleaseDate>
				</ReleaseDates>
			</Game>
			<Game ID="BIO_G_ID_7" Name="Neverwinter Nights">
				<Genres>
					<Genre GameGenre="RPG"/>
				</Genres>
				<Platforms>
					<Platform>
						&Win;
					</Platform>
					<Platform>
						Mac OS
					</Platform>
					<Platform>
						Linux
					</Platform>
				</Platforms>
				<Engine>Aurora Engine</Engine>
				<ReleaseDates>
					<ReleaseDate Location="North America" Platform="Microsoft Windows">
						<Date>
							<Day>18</Day>
							<Month>6</Month>
							<Year>2002</Year>
						</Date>
					</ReleaseDate>
					<ReleaseDate Location="Europe" Platform="Microsoft Windows">
						<Date>
							<Day>3</Day>
							<Month>7</Month>
							<Year>2002</Year>
						</Date>
					</ReleaseDate>
					<ReleaseDate Location="Australia" Platform="Microsoft Windows">
						<Date>
							<Day>3</Day>
							<Month>7</Month>
							<Year>2002</Year>
						</Date>
					</ReleaseDate>
					<ReleaseDate Platform="Linux">
						<Date>
							<Day>20</Day>
							<Month>6</Month>
							<Year>2003</Year>
						</Date>
					</ReleaseDate>
					<ReleaseDate Platform="Max OS">
						<Date>
							<Month>8</Month>
							<Year>2003</Year>
						</Date>
					</ReleaseDate>
				</ReleaseDates>
			</Game>
			<Game ID="BIO_G_ID_8" Name="Neverwinter Nights: Shadows of Undrentide">
				<Genres>
					<Genre GameGenre="RPG"/>
				</Genres>
				<Platforms>
					<Platform>
						&Win;
					</Platform>
					<Platform>
						Mac OS
					</Platform>
					<Platform>
						Linux
					</Platform>
				</Platforms>
				<Engine>Aurora Engine</Engine>
				<ReleaseDates>
					<ReleaseDate Location="North America" Platform="Microsoft Windows">
						<Date>
							<Day>21</Day>
							<Month>6</Month>
							<Year>2003</Year>
						</Date>
					</ReleaseDate>
					<ReleaseDate Location="Europe" Platform="Microsoft Windows">
						<Date>
							<Day>27</Day>
							<Month>6</Month>
							<Year>2003</Year>
						</Date>
					</ReleaseDate>
					<ReleaseDate Location="Australia" Platform="Microsoft Windows">
						<Date>
							<Day>27</Day>
							<Month>6</Month>
							<Year>2003</Year>
						</Date>
					</ReleaseDate>
					<ReleaseDate Platform="Linux">
						<Date>
							<Day>30</Day>
							<Month>6</Month>
							<Year>2003</Year>
						</Date>
					</ReleaseDate>
					<ReleaseDate Platform="Mac OS">
						<Date>
							<Month>8</Month>
							<Year>2004</Year>
						</Date>
					</ReleaseDate>
				</ReleaseDates>
			</Game>
			<Game ID="BIO_G_ID_9" Name="Neverwinter Nights: Hordes of the Underdark">
				<Genres>
					<Genre GameGenre="RPG"/>
				</Genres>
				<Platforms>
					<Platform>
						&Win;
					</Platform>
					<Platform>
						Mac OS
					</Platform>
					<Platform>
						Linux
					</Platform>
				</Platforms>
				<Engine>Aurora Engine</Engine>
				<ReleaseDates>
					<ReleaseDate Location="North America" Platform="Microsoft Windows">
						<Date>
							<Day>2</Day>
							<Month>12</Month>
							<Year>2003</Year>
						</Date>
					</ReleaseDate>
					<ReleaseDate Location="Europe" Platform="Microsoft Windows">
						<Date>
							<Day>5</Day>
							<Month>12</Month>
							<Year>2003</Year>
						</Date>
					</ReleaseDate>
					<ReleaseDate Location="Japan" Platform="Microsoft Windows">
						<Date>
							<Day>23</Day>
							<Month>9</Month>
							<Year>2004</Year>
						</Date>
					</ReleaseDate>
					<ReleaseDate Platform="Linux">
						<Date>
							<Day>17</Day>
							<Month>12</Month>
							<Year>2003</Year>
						</Date>
					</ReleaseDate>
					<ReleaseDate Platform="Mac OS">
						<Date>
							<Month>8</Month>
							<Year>2004</Year>
						</Date>
					</ReleaseDate>
				</ReleaseDates>
			</Game>
			<Game ID="BIO_G_ID_10" Name="Star Wars: Knights of the Old Republic" Designers="BIO_EM_ID_2" LeadProgrammer="BIO_EM_ID_4">
				<Genres>
					<Genre GameGenre="RPG"/>
				</Genres>
				<Platforms>
					<Platform>
						Xbox
					</Platform>
					<Platform>
						&Win;
					</Platform>
					<Platform>
						Mac OS
					</Platform>
					<Platform>
						Linux
					</Platform>
				</Platforms>
				<Engine>Odyssey Engine</Engine>
				<ReleaseDates>
					<ReleaseDate Location="North America" Platform="Xbox">
						<Date>
							<Day>15</Day>
							<Month>7</Month>
							<Year>2003</Year>
						</Date>
					</ReleaseDate>
					<ReleaseDate Location="Europe" Platform="Xbox">
						<Date>
							<Day>12</Day>
							<Month>9</Month>
							<Year>2003</Year>
						</Date>
					</ReleaseDate>
					<ReleaseDate Location="North America" Platform="Microsoft Windows">
						<Date>
							<Day>19</Day>
							<Month>11</Month>
							<Year>2003</Year>
						</Date>
					</ReleaseDate>
					<ReleaseDate Location="Europe" Platform="Microsoft Windows">
						<Date>
							<Day>5</Day>
							<Month>12</Month>
							<Year>2003</Year>
						</Date>
					</ReleaseDate>
					<ReleaseDate Location="North America" Platform="Mac OS">
						<Date>
							<Day>7</Day>
							<Month>9</Month>
							<Year>2004</Year>
						</Date>
					</ReleaseDate>
				</ReleaseDates>
			</Game>
			<Game ID="BIO_G_ID_11" Name="Jade Empire">
				<Genres>
					<Genre GameGenre="RPG"/>
					<Genre GameGenre="Action"/>
				</Genres>
				<Platforms>
					<Platform>
						Xbox
					</Platform>
					<Platform>
						&Win;
					</Platform>
				</Platforms>
				<Engine>Odyssey Engine</Engine>
				<ReleaseDates>
					<ReleaseDate Platform="Xbox">
						<Date>
							<Day>12</Day>
							<Month>4</Month>
							<Year>2005</Year>
						</Date>
					</ReleaseDate>
				</ReleaseDates>
			</Game>
		</Games>
	</GameStudio>
	<!--VALVE___________________________________________________________VALVE-->
	<GameStudio ID="GS_VALVE" CEO="VAL_EM_ID_1">
		<StudioName>Valve</StudioName>
		<Contacts>
			 <Address>
				<Street Number="77592">Steam Street</Street>
				<City>Bellevue</City>
				<Country>USA</Country>
			</Address>
			<PhoneNumber Number="780-430-0164"/>
			<Email>contact@valvesoftware.com</Email>
		</Contacts>
		<Employees>
		<CurrentEmployees>
		<!--Most of people do not exist in the real world - just fictional data.-->
		<Employee ID="VAL_EM_ID_1">
				<Name>
					<Firstname>
						Gabe
					</Firstname>
					<Firstname>
						Logan
					</Firstname>
					<Surname>
						Newell
					</Surname>
				</Name>
				<Contacts>
					<Address>
						<Street Number="778">Main Street</Street>
						<PostalCode Code="6487"></PostalCode>
						<City>Bellevue</City>
						<Country>USA</Country>
					</Address>
					<PhoneNumber Number="998222747"/>
					<Email>gaben@valvesoftware.com</Email>
				</Contacts>
				<Position>
					CEO
				</Position>
				<Knowledge>
					<ProgrammingLanguage Language="C++" Level="Advanced"/>
					<ProgrammingLanguage Language="C#" Level="Advanced"/>
					<ProgrammingLanguage Language="Java" Level="Advanced"/>
					<ProgrammingLanguage Language="PHP" Level="Intermediate"/>
					<Application Name="&Office;" Level="Advanced"/>
					<Application Name="&VS2010;" Level="Advanced"/>
					<Language Name="English"/>
					<Language Name="German"/>
				</Knowledge>
				<Remark>
					<!--Use of CDATA section-->
					<!--Source: Wikipedia: http://en.wikipedia.org/wiki/Gabe_Newell-->
					<![CDATA[
						Gabe Logan Newell (born November 3, 1962) is the co-founder and managing director of video game development and online distribution company Valve Corporation.
						After having dropped out of Harvard University Newell spent thirteen years working for Microsoft Corporation, ultimately becoming a "Microsoft Millionaire". Newell has described himself as "producer on the first three releases of Windows".[3] Inspired by Michael Abrash, who left Microsoft to work on the computer game Quake at id Software, Newell and another Microsoft employee, Mike Harrington, left Microsoft to found Valve in 1996. He and Harrington used their money to fund Valve through the development of Half-Life.
						During production on Half-Life 2, he spent several months focusing on the Steam project. In 2007, Newell openly expressed his displeasure over developing his software for gaming consoles, particularly the PlayStation 3. In regard to the system, Newell was once quoted as claiming that developing processes for the console in general was "a waste of everybody's time" and "a disaster on many levels ... I'd say, even at this late date, they should just cancel it and do a do over. Just say, 'This was a horrible disaster and we're sorry and we're going to stop selling this and stop trying to convince people to develop for it'." Nevertheless, at E3 in 2010, Newell appeared on stage at Sony's keynote; while acknowledging his past outspoken comments on console development, he discussed the open nature of Sony's PlayStation 3 platform, and announced Portal 2 for the console, remarking that with Steamworks support it would be the best version for any console.[7] Newell has also criticized the Xbox Live service, referring to it as "a train wreck".
						In December 2010, Forbes named Newell as "A Name You Should Know" mainly for his work on Steam having partnerships with multiple major developers.
						]]>
				</Remark>
			</Employee>
			<Employee ID="VAL_EM_ID_2">
				<Name>
					<Firstname>
						Doug
					</Firstname>
					<Surname>
						Lombardi
					</Surname>
				</Name>
				<Contacts>
					<Address>
						<Street Number="771">Machine Street</Street>
						<PostalCode Code="6487"></PostalCode>
						<City>Bellevue</City>
						<Country>USA</Country>
					</Address>
					<PhoneNumber Number="114167892"/>
					<Email>DougLombardi@Valve.com</Email>
				</Contacts>
				<Position>
					Producer, manager
				</Position>
				<Knowledge>
					<ProgrammingLanguage Language="C#" Level="Advanced"/>
					<Application Name="&Office;" Level="Advanced"/>
					<Application Name="&VS2010;" Level="Advanced"/>
					<Language Name="English"/>
					<Language Name="German"/>
					<Language Name="Spanish"/>
				</Knowledge>
			</Employee>
		</CurrentEmployees>
		<Ex-employees>
			<Employee ID="VAL_EXEM_ID_1">
				<Name>
					<Firstname>
						Minh
					</Firstname>
					<Surname>
						Le
					</Surname>
				</Name>
				<Contacts>
					<Address>
						<Street Number="111">Cát Linh</Street>
						<PostalCode Code=""></PostalCode>
						<City>Hanoi</City>
						<Country>Vietnam</Country>
					</Address>
					<PhoneNumber Number="223788999"/>
				</Contacts>
				<Position>
					Designer, programmer
				</Position>
				<Knowledge>
					<ProgrammingLanguage Language="C++" Level="Advanced"/>
					<ProgrammingLanguage Language="C#" Level="Advanced"/>
					<ProgrammingLanguage Language="PHP" Level="Intermediate"/>
					<Application Name="&Office;" Level="Advanced"/>
					<Application Name="&VS2010;" Level="Advanced"/>
					<Language Name="English"/>
					<Language Name="Vietnamese"/>
					<Language Name="Korean"/>
				</Knowledge>
			</Employee>
		</Ex-employees>	
		</Employees>
		<Games>
			<Game ID="VAL_G_ID_1" Name="Half-Life">
				<Genres>
					<Genre GameGenre="FPS"/>
				</Genres>
				<Platforms>
					<Platform>
						Playstation 2
					</Platform>
					<Platform>
						&Win;
					</Platform>
				</Platforms>
				<Engine>GoldSrc</Engine>
				<ReleaseDates>
					<ReleaseDate Location="North America" Platform="Playstation 2">
						<Date>
							<Day>11</Day>
							<Month>11</Month>
							<Year>2001</Year>
						</Date>
					</ReleaseDate>
					<ReleaseDate Location="Europe" Platform="Playstation 2">
						<Date>
							<Day>30</Day>
							<Month>11</Month>
							<Year>2001</Year>
						</Date>
					</ReleaseDate>
					<ReleaseDate  Platform="Microsoft Windows">
						<Date>
							<Day>19</Day>
							<Month>11</Month>
							<Year>1998</Year>
						</Date>
					</ReleaseDate>
				</ReleaseDates>
			</Game>
			<Game ID="VAL_G_ID_2" Name="Team Fortress Classic">
				<Genres>
					<Genre GameGenre="FPS"/>
				</Genres>
				<Platforms>
					<Platform>
						&Win;
					</Platform>
				</Platforms>
				<Engine>GoldSrc</Engine>
				<ReleaseDates>
					<ReleaseDate>
						<Date>
							<Day>7</Day>
							<Month>4</Month>
							<Year>1999</Year>
						</Date>
					</ReleaseDate>
				</ReleaseDates>
			</Game>
			<Game ID="VAL_G_ID_3" Name="Half-Life: Opposing Force">
				<Genres>
					<Genre GameGenre="FPS"/>
				</Genres>
				<Platforms>
					<Platform>
						&Win;
					</Platform>
				</Platforms>
				<Engine>GoldSrc</Engine>
				<ReleaseDates>
					<ReleaseDate Location="North America">
						<Date>
							<Day>10</Day>
							<Month>11</Month>
							<Year>1999</Year>
						</Date>
					</ReleaseDate>
					<ReleaseDate Location="Europe">
						<Date>
							<Day>15</Day>
							<Month>11</Month>
							<Year>1999</Year>
						</Date>
					</ReleaseDate>
				</ReleaseDates>
			</Game>
			<Game ID="VAL_G_ID_4" Name="Deathmatch Classic">
				<Genres>
					<Genre GameGenre="FPS"/>
				</Genres>
				<Platforms>
					<Platform>
						&Win;
					</Platform>
				</Platforms>
				<Engine>GoldSrc</Engine>
				<ReleaseDates>
					<ReleaseDate>
						<Date>
							<Day>1</Day>
							<Month>6</Month>
							<Year>2001</Year>
						</Date>
					</ReleaseDate>
				</ReleaseDates>
			</Game>
		<Game ID="VAL_G_ID_5" Name="Ricochet">
				<Genres>
					<Genre GameGenre="FPS"/>
				</Genres>
				<Platforms>
					<Platform>
						&Win;
					</Platform>
				</Platforms>
				<Engine>GoldSrc</Engine>
				<ReleaseDates>
					<ReleaseDate>
						<Date>
							<Day>1</Day>
							<Month>11</Month>
							<Year>2000</Year>
						</Date>
					</ReleaseDate>
				</ReleaseDates>
			</Game>
			<Game ID="VAL_G_ID_6" Name="Counter-Strike">
				<Genres>
					<Genre GameGenre="FPS"/>
				</Genres>
				<Platforms>
					<Platform>
						&Win;
					</Platform>
					<Platform>
						Xbox
					</Platform>
				</Platforms>
				<Engine>GoldSrc</Engine>
				<ReleaseDates>
					<ReleaseDate Platform="&Win;">
						<Date>
							<Day>8</Day>
							<Month>11</Month>
							<Year>2000</Year>
						</Date>
					</ReleaseDate>
					<ReleaseDate Platform="Xbox">
						<Date>
							<Day>25</Day>
							<Month>3</Month>
							<Year>2004</Year>
						</Date>
					</ReleaseDate>
				</ReleaseDates>
			</Game>
			<Game ID="VAL_G_ID_7" Name="Half-Life: Blue Shift">
				<Genres>
					<Genre GameGenre="FPS"/>
				</Genres>
				<Platforms>
					<Platform>
						&Win;
					</Platform>
					<Platform>
						Xbox
					</Platform>
				</Platforms>
				<Engine>GoldSrc</Engine>
				<ReleaseDates>
					<ReleaseDate Platform="&Win;">
						<Date>
							<Day>12</Day>
							<Month>6</Month>
							<Year>2001</Year>
						</Date>
					</ReleaseDate>
				</ReleaseDates>
			</Game>
			<Game ID="VAL_G_ID_8" Name="Day of Defeat">
				<Genres>
					<Genre GameGenre="FPS"/>
				</Genres>
				<Platforms>
					<Platform>
						&Win;
					</Platform>
				</Platforms>
				<Engine>GoldSrc</Engine>
				<ReleaseDates>
					<ReleaseDate Platform="&Win;">
						<Date>
							<Day>1</Day>
							<Month>5</Month>
							<Year>2003</Year>
						</Date>
					</ReleaseDate>
				</ReleaseDates>
			</Game>
			<Game ID="VAL_G_ID_9" Name="Counter-Strike: Condition Zero">
				<Genres>
					<Genre GameGenre="FPS"/>
				</Genres>
				<Platforms>
					<Platform>
						&Win;
					</Platform>
				</Platforms>
				<Engine>GoldSrc</Engine>
				<ReleaseDates>
					<ReleaseDate Platform="&Win;">
						<Date>
							<Day>23</Day>
							<Month>3</Month>
							<Year>2004</Year>
						</Date>
					</ReleaseDate>
				</ReleaseDates>
			</Game>
			<Game ID="VAL_G_ID_10" Name="Counter-Strike: Source">
				<Genres>
					<Genre GameGenre="FPS"/>
				</Genres>
				<Platforms>
					<Platform>
						&Win;
					</Platform>
					<Platform>
						Mac OS X
					</Platform>
				</Platforms>
				<Engine>Source Engine</Engine>
				<ReleaseDates>
					<ReleaseDate Platform="&Win;">
						<Date>
							<Day>1</Day>
							<Month>11</Month>
							<Year>2004</Year>
						</Date>
					</ReleaseDate>
					<ReleaseDate Platform="Mac OS X;">
						<Date>
							<Day>23</Day>
							<Month>6</Month>
							<Year>2010</Year>
						</Date>
					</ReleaseDate>
				</ReleaseDates>
			</Game>
		</Games>
	</GameStudio>
</GameStudios>