<?xml version="1.0" encoding="UTF-8"?>
<!DOCTYPE kvetinarstvi SYSTEM "data.dtd">
<!--6.3.2013-->
<kvetinarstvi>
	<dovolena mame_dovolenou="ano"></dovolena>
	<zprava>Autorem je &autor;</zprava>
	<zbozi>
		<rezane_kvetiny>
			<ruze id="k01" dodavatel="do02">
					anglicka velka
					<barva>cervena</barva>
			</ruze>
			<ruze id="k02" dodavatel="do01">
					mala zihana
					<barva>bilo-cervena</barva>
			</ruze>
			<ruze id="k08" dodavatel="do01">
					umela
					<barva>modra</barva>
			</ruze>
			<ruze id="k09" dodavatel="do01">
					mala umela
					<barva>modra</barva>
			</ruze>
			<tulipan id="k03" dodavatel="do02">
				  	holandsky zluty
					<barva>zluta</barva>
			</tulipan>
			<tulipan id="k07" dodavatel="do02">
				  	holandsky cerveny
					<barva>cervena</barva>
			</tulipan>
			<orchidej id="k04" dodavatel="do01">
				  	sem patri nazev
					<barva>bila</barva>
			</orchidej>
			<orchidej id="k05" dodavatel="do01">
				  	sem patri nazev
					<barva>cerna</barva>
			</orchidej>
			<orchidej id="k10" dodavatel="do01">
				  	sem patri nazev
					<barva>zluta</barva>
			</orchidej>
			<orchidej id="k11" dodavatel="do01">
				  	sem patri nazev
					<barva>zluto-modra</barva>
			</orchidej>
		</rezane_kvetiny>
		<hrnkove_kvetiny>
			<kaktus id="k06" dodavatel="do01">
				  	sem patri nazev
					<barva>zelena s bodlinama</barva>
			</kaktus>
		</hrnkove_kvetiny>
	</zbozi>
	<odberatele>
		<odberatel id="od01">
			<jmeno>Antonin Novak</jmeno>
			<telefon>123456789</telefon>
			<adresa/>			
		</odberatel>
		<odberatel id="od02">
			<jmeno>Teal&apos;c z Chulaku</jmeno>
			<telefon>123400789</telefon>
			<adresa>
				<ulice>Sobi ulice</ulice>
				<cp>4</cp>
				<mesto>Kvikalkov</mesto>
			</adresa>
			</odberatel>
	</odberatele>
	<dodavatele>
		<dodavatel id="do01">
			<jmeno>Bedrich Mach</jmeno>
			<telefon>123456798</telefon>
			<telefon>120345067</telefon>
			<telefon>188845067</telefon>
			<adresa/>	
		</dodavatel>
		<dodavatel id="do02">
			<jmeno>Cyril Metodej</jmeno>
			<telefon>123456897</telefon>
			<adresa>
				<ulice>Brnenska</ulice>
				<cp>100</cp>
				<mesto>Praha</mesto>
			</adresa>
		</dodavatel>
		<dodavatel id="do03">
			<jmeno>Joe Black</jmeno>
			<telefon>123456799</telefon>
			<telefon>120345068</telefon>
		</dodavatel>
	</dodavatele>
</kvetinarstvi>