<?xml version="1.0" encoding="UTF-8"?>
<listek xmlns:xsi="http://www.w3.org/2001/XMLSchema-instance" xsi:noNamespaceSchemaLocation="data.xsd">
	<info>
		<provozovatel IČ="1234567890" DIČ="CZ1234567890">
			<jméno>Rudolf Pivrnec</jméno>
			<adresa>
				<ulice>Pivní 22</ulice>
				<město>Chmelov</město>
				<psč>54321</psč>
			</adresa>
		</provozovatel>
		<otvíračka>
			<kdy>
				<den>Pondělí</den>
				<co>
					<otevřeno>
						<od>10:00:00</od>
						<do>23:00:00</do>
					</otevřeno>
				</co>
			</kdy>
			<kdy>
				<den>Úterý</den>
				<co>
					<zavřeno/>
				</co>
			</kdy>
			<kdy>
				<den>Středa</den>
				<co>
					<zavřeno/>
				</co>
			</kdy>
			<kdy>
				<den>Čtvrtek</den>
				<co>
					<otevřeno>
						<od>10:00:00</od>
						<do>23:59:59</do>
					</otevřeno>
				</co>
			</kdy>
			<kdy>
				<den>Pátek</den>
				<co>
					<otevřeno>
						<od>10:00:00</od>
						<do>03:00:00</do>
					</otevřeno>
				</co>
			</kdy>
			<kdy>
				<den>Sobota</den>
				<co>
					<otevřeno>
						<od>10:00:00</od>
						<do>03:00:00</do>
					</otevřeno>
				</co>
			</kdy>
			<kdy>
				<den>Neděle</den>
				<co>
					<otevřeno>
						<od>10:00:00</od>
						<do>23:59:59</do>
					</otevřeno>
				</co>
			</kdy>
		</otvíračka>
		<upozornění>Všechny ceny jsou včetně DPH. Není bohužel možnost platit kartou.</upozornění>
	</info>
	<nápoje>
		<piva>
			<světlé>
				<pivo id="p1">
					<název>Radegast Premium</název>
					<stupeň>12</stupeň>
					<množství>0.5</množství>
					<cena>25</cena>
				</pivo>
				<pivo id="p2">
					<název>Radegast Original</název>
					<stupeň>10</stupeň>
					<množství>0.5</množství>
					<cena>20</cena>
				</pivo>
				<pivo id="p3">
					<název>Pilsner Urquell</název>
					<stupeň>12</stupeň>
					<množství>0.5</množství>
					<cena>30</cena>
				</pivo>
				<pivo id="p4">
					<název>Svijanská Desítka</název>
					<stupeň>10</stupeň>
					<množství>0.5</množství>
					<cena>22</cena>
				</pivo>
				<pivo id="p5">
					<název>Svijanský Máz</název>
					<stupeň>11</stupeň>
					<množství>0.5</množství>
					<cena>22</cena>
				</pivo>
				<pivo id="p6">
					<název>Svijanský Rytíř</název>
					<stupeň>12</stupeň>
					<množství>0.5</množství>
					<cena>24</cena>
				</pivo>
				<pivo id="p7">
					<název>Svijanský Kníže</název>
					<stupeň>13</stupeň>
					<množství>0.5</množství>
					<cena>26</cena>
				</pivo>
				<pivo id="p8">
					<název>Ostravar Original</název>
					<stupeň>10</stupeň>
					<množství>0.5</množství>
					<cena>20</cena>
				</pivo>
				<pivo id="p9">
					<název>Ostravar Premium</název>
					<stupeň>12</stupeň>
					<množství>0.5</množství>
					<cena>25</cena>
				</pivo>
				<pivo id="p10">
					<název>Ostravar Bazal</název>
					<stupeň>11</stupeň>
					<množství>0.5</množství>
					<cena>22</cena>
				</pivo>
				<pivo id="p11">
					<název>Kozel Premium</název>
					<stupeň>12</stupeň>
					<množství>0.5</množství>
					<cena>25</cena>
				</pivo>
			</světlé>
			<tmavé>
				<pivo id="p12">
					<název>Kozel Černý</název>
					<stupeň>12</stupeň>
					<množství>0.5</množství>
					<cena>25</cena>
				</pivo>
				<pivo id="p13">
					<název>Svijanská Kněžna</název>
					<stupeň>13</stupeň>
					<množství>0.5</množství>
					<cena>26</cena>
				</pivo>
			</tmavé>
			<speciální>
				<pivo id="p14">
					<název>Kvasničák</název>
					<stupeň>13</stupeň>
					<množství>0.5</množství>
					<cena>26</cena>
				</pivo>
				<pivo id="p15">
					<název>Baron</název>
					<stupeň>15</stupeň>
					<množství>0.4</množství>
					<cena>28</cena>
				</pivo>
				<pivo id="p16">
					<název>Weizen</název>
					<stupeň>12</stupeň>
					<množství>0.4</množství>
					<cena>30</cena>
				</pivo>
			</speciální>
		</piva>
		<nealko>
			<čaje>
				<čaj>
					<typ>černý</typ>
					<množství/>
					<cena>10</cena>
				</čaj>
				<čaj>
					<typ>zelený</typ>
					<množství/>
					<cena>10</cena>
				</čaj>
				<čaj>
					<typ>ovocný</typ>
					<množství/>
					<cena>10</cena>
				</čaj>
				<čaj>
					<typ>bylinkový</typ>
					<množství/>
					<cena>15</cena>
				</čaj>
			</čaje>
			<džusy>
				<džus>
					<příchuť>pomerančový</příchuť>
					<množství>0.33</množství>
					<cena>15</cena>
				</džus>
				<džus>
					<příchuť>ananasový</příchuť>
					<množství>0.33</množství>
					<cena>15</cena>
				</džus>
				<džus>
					<příchuť>brusinkový</příchuť>
					<množství>0.4</množství>
					<cena>20</cena>
				</džus>
			</džusy>
			<sodovky>
				<sodovka>
					<název>Kofola</název>
					<množství>0.5</množství>
					<cena>25</cena>
				</sodovka>
				<sodovka>
					<název>Coca Cola</název>
					<množství>0.33</množství>
				</sodovka>
				<sodovka>
					<název>Sprite</název>
					<množství>0.33</množství>
					<cena>30</cena>
				</sodovka>
				<sodovka>
					<název>Mirinda</název>
					<množství>0.33</množství>
				</sodovka>
				<sodovka>
					<název>Schweppes Tonic</název>
					<množství>0.33</množství>
					<cena>30</cena>
				</sodovka>
				<sodovka>
					<název>Korunní</název>
					<množství>0.33</množství>
					<cena>20</cena>
				</sodovka>
			</sodovky>
		</nealko>
		<alko>
			<vína>
				<víno>
					<název>Rulandské bílé</název>
					<ročník>2002</ročník>
					<cena>130</cena>
				</víno>
				<víno>
					<název>Veltlínské zelené</název>
					<ročník>2004</ročník>
					<cena>140</cena>
				</víno>
				<víno>
					<název>Modrý portugal</název>
					<ročník>2003</ročník>
					<cena>200</cena>
				</víno>
			</vína>
			<destiláty>
				<destilát id2="d1">
					<název>Tuzemák</název>
					<alkohol>40</alkohol>
					<množství>0.04</množství>
					<cena>20</cena>
				</destilát>
				<destilát id2="d2">
					<název>Vodka</název>
					<alkohol>40</alkohol>
					<množství>0.04</množství>
					<cena>20</cena>
				</destilát>
				<destilát id2="d3">
					<název>Whiskey Irská</název>
					<alkohol>40</alkohol>
					<množství>0.04</množství>
					<cena>40</cena>
				</destilát>
				<destilát id2="d4">
					<název>Vodka Finská</název>
					<alkohol>40</alkohol>
					<množství>0.04</množství>
					<cena>40</cena>
				</destilát>
				<destilát id2="d5">
					<název>Rum Jamajský</název>
					<alkohol>40</alkohol>
					<množství>0.04</množství>
					<cena>50</cena>
				</destilát>
			</destiláty>
		</alko>
	</nápoje>
	<pochutiny>
		<pochutina>
			<název>Brambůrky</název>
			<množství>250</množství>
			<cena>25</cena>
		</pochutina>
		<pochutina>
			<název>Tyčinky</název>
			<množství>100</množství>
			<cena>20</cena>
		</pochutina>
		<pochutina>
			<název>Pistácie</název>
			<množství>100</množství>
			<cena>25</cena>
		</pochutina>
		<pochutina>
			<název>Oříšky</název>
			<množství>100</množství>
			<cena>20</cena>
		</pochutina>
		<pochutina>
			<název>Čokoláda</název>
			<množství>150</množství>
			<cena>25</cena>
		</pochutina>
	</pochutiny>
	<akce>
		<nabídka>
				  Při koupi třech piv <ref id="p15">Baron</ref> Vám přineseme tři panáky <ref id="d5">jamajského rumu</ref> zdarma!
		 </nabídka>
		<nabídka>
				 Ke každému pivu <ref id="p1">Radegast</ref> dostanete druhé zdarma!
		 </nabídka>
		<nabídka>
				 Ke dvěma pivům <ref id="p13">Svijanská Kněžna</ref> dostanete zdarma pivo <ref id="p7">Svijanský Kníže</ref>!
		 </nabídka>
	</akce>
</listek>
