<?xml version="1.0" encoding="UTF-8"?>
<!DOCTYPE command_structure SYSTEM "command.dtd">
<command_structure>
	<commander name="boss">
		<underling name="barbossa"></underling>
		<underling name="morgan"></underling>
	</commander>
	<commander name="barbossa">
		<underling name="sparrow"></underling>
		<underling name="sheng"></underling>
	</commander>
	<commander name="sparrow">
		<underling name="turner"></underling>
	</commander>
	<commander name="morgan">
		<underling name="drake"></underling>
		<underling name="greg"></underling>
	</commander>
	<commander name="drake">
		<underling name="felix"></underling>
	</commander>
</command_structure>
