<?xml version="1.0" encoding="UTF-8"?>
<!DOCTYPE pirates SYSTEM "pirates.dtd">
<pirates>
	<pirate id="boss">
		<name>Captain Allmighty</name>
	</pirate>
	<pirate id="barbossa">
		<name>Captain Frederick Barbossa</name>
	</pirate>
	<pirate id="morgan">
		<name>Captain Morgan</name>
	</pirate>
	<pirate id="sparrow">
		<name>Captain Jack Sparrow</name>
	</pirate>
	<pirate id="sheng">
		<name>Captain Lao Sheng</name>
	</pirate>
	<pirate id="turner">
		<name>Captain Bill Turner</name>
	</pirate>
	<pirate id="drake">
		<name>Captain Ferdinand Drake</name>
	</pirate>
	<pirate id="felix">
		<name>Captain Felix</name>
	</pirate>
</pirates>
