<?xml version="1.0" encoding="UTF-8"?>
<!DOCTYPE chovatele_brouku_CR SYSTEM "data.dtd">
<!-- Zde je libovolný komentář -->

<chovatele_brouku_CR>
	<aktualni_k_datu><?php echo Date("d.m.Y")?></aktualni_k_datu>
	<datova_cast>
<![CDATA[
function matchwo(a,b)
{
if (a < b && a < 0) then
  {
  return 1;
  }
else
  {
  return 0;
  }
}
]]>
</datova_cast>
	<chovatel uid="a1">
	<jmeno>František Rychlý</jmeno>
		<aktivni akt="ano"/>
		<kontaktni_udaje>
			<adresa>
				<mesto>Praha</mesto>
				<ulice>Tupolevova 3214</ulice>
				<psc>18300</psc>		
			</adresa>
			<telefon>737150653</telefon>
			<email>broukyrad@email.cz</email>
		</kontaktni_udaje>
		<chovani_brouci>
			<zlatohlavci>
			
				<zlatohlavek stadium="L1">
					<druh>&chelorrhina1;</druh>
					<generace>F2</generace>
					<pocet_chovanych_kusu>30</pocet_chovanych_kusu>
				</zlatohlavek>
				
								<zlatohlavek stadium="IMAGO">
					<druh>&eudicella1;</druh>
					<generace>F10</generace>
					<pocet_chovanych_kusu>42</pocet_chovanych_kusu>
				</zlatohlavek>
				
								<zlatohlavek stadium="OVO">
					<druh>&goliathus1;</druh>
					<generace>F1</generace>
					<pocet_chovanych_kusu>15</pocet_chovanych_kusu>
				</zlatohlavek>
				
			</zlatohlavci>
			
		</chovani_brouci>
		<poznamka>
		<spoluprace id="a3"></spoluprace>
		<spoluprace id="a2"></spoluprace>
		</poznamka>
	</chovatel>
	<chovatel uid="a2">
	<jmeno>Radek Sedláček</jmeno>
		<aktivni akt="ne"></aktivni>
		<kontaktni_udaje>
			<adresa>
				<mesto>Ranná</mesto>
				<ulice>Na Kopečku 32</ulice>
				<psc>53908</psc>		
			</adresa>
			<telefon>720550239</telefon>
			<email>Radek.s@gmeil.cz</email>
		</kontaktni_udaje>
		<chovani_brouci>
		
			<nosorozici>
				<nosorozik stadium="L3">
					<druh>&xilotrupes1;</druh>
					
					<generace>L3</generace>
					<pocet_chovanych_kusu>20</pocet_chovanych_kusu>				
				</nosorozik>			
			</nosorozici>
			
		</chovani_brouci>	
		</chovatel>
	<chovatel uid="a3">
	<jmeno>Jan Kráčmera</jmeno>
		<aktivni akt="ano"></aktivni>
		<kontaktni_udaje>
			<adresa>
				<mesto>Nová Ves u Chotěboře</mesto>
				<ulice>Ladova 42</ulice>
				<psc>68741</psc>		
			</adresa>
			<telefon>733652891</telefon>
			<email>louskacek@yahoo.com</email>
		</kontaktni_udaje>
		<chovani_brouci>
			<zlatohlavci>
			
				<zlatohlavek stadium="IMAGO">
					<druh>&chelorrhina1;</druh>
					
					<generace>F3</generace>
					<pocet_chovanych_kusu>20</pocet_chovanych_kusu>
				</zlatohlavek>
				
				<zlatohlavek stadium="IMAGO">
					<druh>&chelorrhina2;</druh>
					
					<generace>F4</generace>
					<pocet_chovanych_kusu>15</pocet_chovanych_kusu>
				</zlatohlavek>
				
				<zlatohlavek stadium="L2">
					<druh>&eudicella1;</druh>
					
					<generace>F3</generace>
					<pocet_chovanych_kusu>41</pocet_chovanych_kusu>
				</zlatohlavek>
				
				<zlatohlavek stadium="OVO">
					<druh>&eudicella2;</druh>
					
					<generace>F1</generace>
					<pocet_chovanych_kusu>54</pocet_chovanych_kusu>
				</zlatohlavek>
				
				<zlatohlavek stadium="L2">
					<druh>&eudicella3;</druh>
					
					<generace>F6</generace>
					<pocet_chovanych_kusu>62</pocet_chovanych_kusu>
				</zlatohlavek>
				
				<zlatohlavek stadium="OVO">
					<druh>&eudicella4;</druh>
					
					<generace>F1</generace>
					<pocet_chovanych_kusu>62</pocet_chovanych_kusu>
				</zlatohlavek>
				
				<zlatohlavek stadium="IMAGO">
					<druh>&eudicella5;</druh>
					
					<generace>F1</generace>
					<pocet_chovanych_kusu>62</pocet_chovanych_kusu>
				</zlatohlavek>
				
				<zlatohlavek stadium="L3">
					<druh>&eudicella6;</druh>
					
					<generace>F4</generace>
					<pocet_chovanych_kusu>62</pocet_chovanych_kusu>
				</zlatohlavek>
				
			<zlatohlavek stadium="IMAGO">
					<druh>&eudicella7;</druh>
					
					<generace>F2</generace>
					<pocet_chovanych_kusu>62</pocet_chovanych_kusu>
				</zlatohlavek>
			

			<zlatohlavek stadium="L1">
					<druh>&eudicella8;</druh>
					
					<generace>F2</generace>
					<pocet_chovanych_kusu>62</pocet_chovanych_kusu>
				</zlatohlavek>
		

			<zlatohlavek stadium="L1">
					<druh>&eudicella9;</druh>
					
					<generace>F2</generace>
					<pocet_chovanych_kusu>62</pocet_chovanych_kusu>
				</zlatohlavek>
			
			
			<zlatohlavek stadium="L3">
					<druh>&goliathus1;;</druh>
					
					<generace>F2</generace>
					<pocet_chovanych_kusu>62</pocet_chovanych_kusu>
				</zlatohlavek>
				
			</zlatohlavci>
						
			<nosorozici>
				<nosorozik stadium="IMAGO">
					<druh>&xilotrupes2;</druh>
					
					<generace>F0</generace>
					<pocet_chovanych_kusu>10</pocet_chovanych_kusu>				
				</nosorozik>	
						
			</nosorozici>
			
		</chovani_brouci>	
		<poznamka>
		<spoluprace id="a1"></spoluprace>
		<spoluprace id="a1"></spoluprace>
		<spoluprace id="a3"></spoluprace>
		<spoluprace id="a5"></spoluprace>
		</poznamka>
	</chovatel>
	<chovatel uid="a4">
	<jmeno>Jiří Kudláček</jmeno>
		<aktivni akt="ne"></aktivni>
		<kontaktni_udaje>
			<adresa poznamka="adresa není aktivní">
				<mesto>Ostrava</mesto>
				<ulice>Jiráskova 34</ulice>
				<psc>18455</psc>		
			</adresa>
			<telefon>163352279</telefon>
			<email>jirka.kudlacek@seznam.cz</email>
		</kontaktni_udaje>
		<chovani_brouci>
		
		</chovani_brouci>	
	</chovatel>
	<chovatel uid="a5">
	<jmeno>Martin Novák</jmeno>
		<aktivni akt="ano"></aktivni>
		<kontaktni_udaje>
			<adresa poznamka="adresa není platná">
				<mesto></mesto>
				<ulice></ulice>
				<psc></psc>		
			</adresa>
			<telefon></telefon>
			<email></email>
		</kontaktni_udaje>
		<chovani_brouci>
			<nosorozici>
			
				<nosorozik stadium="L3">
					<druh>&xilotrupes1;</druh>
					<generace>F3</generace>
					<pocet_chovanych_kusu>23</pocet_chovanych_kusu>				
				</nosorozik>		
				
				<nosorozik stadium="IMAGO">
					<druh>&xilotrupes1;</druh>
					<generace>F2</generace>
					<pocet_chovanych_kusu>12</pocet_chovanych_kusu>				
				</nosorozik>
				
				<nosorozik stadium="L3">
					<druh>&xilotrupes2;</druh>
					<generace>F4</generace>
					<pocet_chovanych_kusu>15</pocet_chovanych_kusu>				
				</nosorozik>
				
				<nosorozik stadium="OVO">
					<druh>&dynastes1;</druh>
					<generace>F1</generace>
					<pocet_chovanych_kusu>42</pocet_chovanych_kusu>				
				</nosorozik>
				
				<nosorozik stadium="OVO">
					<druh>&dynastes2;;</druh>
					<generace>F7</generace>
					<pocet_chovanych_kusu>11</pocet_chovanych_kusu>				
				</nosorozik>
					
			</nosorozici>
		</chovani_brouci>	
		<poznamka>
		<spoluprace id="a1"></spoluprace>
		<spoluprace id="a6"></spoluprace>
		</poznamka>
	</chovatel>
	<chovatel uid="a6">
	<jmeno></jmeno>
		<aktivni akt="ano"></aktivni>
		<kontaktni_udaje>
			<adresa>
				<mesto></mesto>
				<ulice></ulice>
				<psc></psc>		
			</adresa>
			<telefon></telefon>
			<email></email>
		</kontaktni_udaje>
		<chovani_brouci>
		
			<zlatohlavci>
			
				<zlatohlavek stadium="L1">
					<druh>&pachnoda1;</druh>
					<generace>F?</generace>
					<pocet_chovanych_kusu>150</pocet_chovanych_kusu>
				</zlatohlavek>
				
				<zlatohlavek stadium="L2">
					<druh>&pachnoda1;</druh>
					<generace>F?</generace>
					<pocet_chovanych_kusu>300</pocet_chovanych_kusu>
				</zlatohlavek>
				<zlatohlavek stadium="L3">
					<druh>&pachnoda1;</druh>
					<generace>F?</generace>
					<pocet_chovanych_kusu>250</pocet_chovanych_kusu>
				</zlatohlavek>
				<zlatohlavek stadium="IMAGO">
					<druh>&pachnoda1;</druh>
					<generace>F?</generace>
					<pocet_chovanych_kusu>50</pocet_chovanych_kusu>
				</zlatohlavek>
				<zlatohlavek stadium="OVO">
					<druh>&pachnoda1;</druh>
					<generace>F?</generace>
					<pocet_chovanych_kusu>??</pocet_chovanych_kusu>
				</zlatohlavek>
				
			</zlatohlavci>

		</chovani_brouci>	
		<poznamka>
		Zde může být libovolný text.
		<spoluprace id="a1"></spoluprace>
		Vnořený i mezi atributy.
		<spoluprace id="a3"></spoluprace>
		</poznamka>
	</chovatel>
</chovatele_brouku_CR> 
