﻿<?xml version="1.0" encoding="UTF-8"?>
<!DOCTYPE nemocnica SYSTEM "data.dtd">
<nemocnica názov="Nemocnica Martina Galajdu v Košiciach">
	<oddelenie id="MGK100" časť="dospelí" názov="Centrum reprodukční medicíny">
		<prednosta idZamestnanca="konspal100"/>
		<zástupca idZamestnanca="bernibr101"/>
		<primár idZamestnanca="mikuslo102"/>
		<vrchnáSestra idZamestnanca="renadob103"/>
		<sekretariátPrednostu id="sekrPred100" e-mail="CRMPred&mail;" tel="&tel;100" fax="&fax;100"/>
		<sekretariátPrimára id="sekrPrim100" e-mail="CRMPrim&mail;" tel="&tel;101" fax="&fax;101"/>
		<popis><![CDATA[
			Gynekologicko-porodnická klinika poskytuje komplexní péči v oboru gynekologie a porodnictví.
			Zaměřuje se hlavně na subspecializace, které díky špičkovému vybavení FN Martina Galajdu umožňují poskytovat 
			péči na evropské úrovni.]]>
		</popis>
		<umiestnenieKliniky>Klinika sa nachádza na <adresa>Klimkovičova ulica 25, Košice</adresa> v objekte fakultnej
			nemocnice Martina Galajdu pavilón D budova 100
		</umiestnenieKliniky>
		<web intranet="&server;/CRM/login" extranet="&server;/CRM/welcome"/>
		<zoznamAmbulancii>
			<ambulancia id="MGK100A100" názov="Všeobecná ambulancia" tel="&tel;113">
				<lekári>
					<vedúciLekár idZamestnanca="mareape105"/>
					<lekár idZamestnanca="hugoChv107"/>
					<lekár idZamestnanca="rastjan106"/>
				</lekári>
				<sestry>
					<sestra idZamestnanca="katajem109"/>
					<sestra idZamestnanca="renadob103"/>
				</sestry>
				<zdravotnéÚkony obdobieOd="07/11" obdobieDo="08/11">
					<zdravotnýÚkon id="MGK100A113Z100">
						<pacient idPacienta="bohcho2041" krstné="Bohuš" priezvisko="Chorý" rč="861106/2041"/>
						<ošetrujúciLekár idZamestnanca="hugoChv107"/>
						<nález><![CDATA[Pacient sa sťažuje na ostrú bolest v oblasti kolena ľavej nohy. Mierny zápal kolenného kĺbu. Bolesť sa prejavuje
							pri pohybe kolena vpred a vzad.]]>
						</nález>
						<liečba><![CDATA[CRT kolena, fixovanie v dlahe, a kľud na lôžku]]></liečba>
						<dátum deň="06" mesiac="07" rok="2011"/>
						<liek naPredpis="áno" idLieku="LKM-345-543" názovLieku="Špecigél" účinnáLátka="Špecigelus Kolenus">
							<dávkovanie>Liek podávať <frekvencia>2 krát denne</frekvencia> preorálne vždy po 
								jedle, <množstvo>2tablety</množstvo> a zapiť veľkým množstvom
								čistej vody, ideálne studenej a priamo z vodovodu.
							</dávkovanie>
						</liek>
						<poznámka idPoznámky="MGK100A113Z100P001" predmet="LKM-345-543">
							Čiastočne hradí poisťovňa.
						</poznámka>
						<poznámka idPoznámky="MGK100A113Z100P002" predmet="LKM-345-543">
							Pacient pri skúšobnom potere nejavil známky alergickej reakcie na <predmet>podaný Liek.</predmet>
						</poznámka>
					</zdravotnýÚkon>
				</zdravotnéÚkony>
				<poznámka idPoznámky="MGK100A100P001" predmet="MGK100A113Z100P002" dátum="08/07/2011">
					Pacientovi sa začali objavovať bradavice, zrejme ako reakcia na podanú masť. <predmet>Napriek tomu že pôvodne nejavil známky podráždenia.</predmet>
				</poznámka>
			</ambulancia>
			<?documentParser this.checkConsistency(); ?>
			<ambulancia id="MGK100A114" názov="Závodná ambulancia" tel="&tel;114">
				<lekári>
					<vedúciLekár idZamestnanca="mareape105"/>
				</lekári>
				<sestry>
					<sestra idZamestnanca="renadob103"/>
				</sestry>
				<zdravotnéÚkony obdobieOd="07/11" obdobieDo="08/11">
					<zdravotnýÚkon id="MGK100A114Z100">
						<pacient idPacienta="antsli3504" krstné="Anton" priezvisko="Slíž" rč="861106/3503"/>
						<ošetrujúciLekár idZamestnanca="mareape105"/>
						<nález><![CDATA[Pacient nepočuje na ľavé oko. Viečko má prilepené zrejme sekundovým lepidlom. Odmieta však spurne túto
							viariantu. Pacient tvrdí že to trvá <2 dni]]>
						</nález>
						<liečba><![CDATA[Lepidlo rozpustené, oko dezinfikované iódom, následná prelepifikácia pirátskou páskou]]></liečba>
						<dátum deň="13" mesiac="07" rok="2011"/>
						<liek naPredpis="nie" idLieku="OKY-456-654" názovLieku="Očný Substrát" účinnáLátka="Kozí syr">
							<dávkovanie>Oko vlhčiť predpísanými kvapkami <frekvencia>2 krát denne</frekvencia><množstvo>30 kvapkami</množstvo> po dobu
								30 dní a to v rátane víkendov, dní pracovného pokoja, cirkevných sviatkov a aj sviatku MDŽ. Na sviatok 1.mája netreba.
							</dávkovanie>
						</liek>
						<poznámka idPoznámky="MGK100A100Z100P001" predmet="antsli3504">
							<predmet>Pacient</predmet>sa už nachádza v evidencii polikliniky sever, kde má aj založenú zdravotnú kartu. Nezakladaný!
						</poznámka>
					</zdravotnýÚkon>
					<zdravotnýÚkon id="MGK100A114Z43243">
						<pacient idPacienta="antsli342342" krstné="Anton" priezvisko="Slíž" rč="861106/3503"/>
						<ošetrujúciLekár idZamestnanca="mareape105"/>
						<nález><![CDATA[Pacient nepočuje na ľavé oko. Viečko má prilepené zrejme sekundovým lepidlom. Odmieta však spurne túto
							viariantu. Pacient tvrdí že to trvá <2 dni]]>
						</nález>
						<liečba><![CDATA[Lepidlo rozpustené, oko dezinfikované iódom, následná prelepifikácia pirátskou páskou]]></liečba>
						<dátum deň="13" mesiac="07" rok="2011"/>
						<liek naPredpis="nie" idLieku="OKY-456-643244" názovLieku="Očný Substrát" účinnáLátka="Kozí syr">
							<dávkovanie>Oko vlhčiť predpísanými kvapkami <frekvencia>2 krát denne</frekvencia><množstvo>30 kvapkami</množstvo> po dobu
								30 dní a to v rátane víkendov, dní pracovného pokoja, cirkevných sviatkov a aj sviatku MDŽ. Na sviatok 1.mája netreba.
							</dávkovanie>
						</liek>
						<poznámka idPoznámky="MGK100A1432400P001" predmet="antsli3504">
							<predmet>Pacient</predmet>sa už nachádza v evidencii polikliniky sever, kde má aj založenú zdravotnú kartu. Nezakladaný!
						</poznámka>
					</zdravotnýÚkon>
					<zdravotnýÚkon id="MGK100A114Z123432">
						<pacient idPacienta="antsli35234234" krstné="Anton" priezvisko="Slíž" rč="861106/3503"/>
						<ošetrujúciLekár idZamestnanca="mareape105"/>
						<nález><![CDATA[Pacient nepočuje na ľavé oko. Viečko má prilepené zrejme sekundovým lepidlom. Odmieta však spurne túto
							viariantu. Pacient tvrdí že to trvá <2 dni]]>
						</nález>
						<liečba><![CDATA[Lepidlo rozpustené, oko dezinfikované iódom, následná prelepifikácia pirátskou páskou]]></liečba>
						<dátum deň="13" mesiac="07" rok="2011"/>
						<liek naPredpis="nie" idLieku="OKY434234654" názovLieku="Očný Substrát" účinnáLátka="Kozí syr">
							<dávkovanie>Oko vlhčiť predpísanými kvapkami <frekvencia>2 krát denne</frekvencia><množstvo>30 kvapkami</množstvo> po dobu
								30 dní a to v rátane víkendov, dní pracovného pokoja, cirkevných sviatkov a aj sviatku MDŽ. Na sviatok 1.mája netreba.
							</dávkovanie>
						</liek>
						<poznámka idPoznámky="MGK100A100Z1043240P001" predmet="antsli3504">
							<predmet>Pacient</predmet>sa už nachádza v evidencii polikliniky sever, kde má aj založenú zdravotnú kartu. Nezakladaný!
						</poznámka>
					</zdravotnýÚkon>
				</zdravotnéÚkony>
			</ambulancia>
			<?documentParser this.checkConsistency(); ?>
		</zoznamAmbulancii>
		<zoznamZamestnancov>
			<zamestnanec id="konspal100" krstné="Konštantín" priezvisko="Palonder" profil="doktor">
				<titul>MUDr.</titul>
				<titul>csc.</titul>
				<pager číslo="&pager;100"/>
			</zamestnanec>
			<zamestnanec id="bernibr101" krstné="Bernadrdt" priezvisko="Ibrahim" profil="doktor">
				<titul>MUDr.</titul>
				<titul>csc.</titul>
				<pager číslo="&pager;101"/>
			</zamestnanec>
			<zamestnanec id="mikuslo102" krstné="Mikuláš" priezvisko="Slovák" profil="doktor">
				<titul>MUDr.</titul>
				<pager číslo="&pager;102"/>
			</zamestnanec>
			<zamestnanec id="renadob103" krstné="Renáta" priezvisko="Dobrotivá" profil="sestra">
				<titul>bc.</titul>
				<pager číslo="&pager;103"/>
			</zamestnanec>
			<zamestnanec id="martzal104" krstné="Martin" priezvisko="Zalomil" profil="údržba">
				<pager číslo="&pager;104"/>
			</zamestnanec>
			<zamestnanec id="mareape105" krstné="Marek" priezvisko="Apendix" profil="doktor">
				<titul>MUDr.</titul>
				<titul>csc.</titul>
				<pager číslo="&pager;105"/>
			</zamestnanec>
			<zamestnanec id="rastjan106" krstné="Rastislav" priezvisko="Janeček" profil="doktor">
				<titul>MUDr.</titul>
				<pager číslo="&pager;106"/>
			</zamestnanec>
			<zamestnanec id="hugoChv107" krstné="Hugo" priezvisko="Chvála" profil="doktor">
				<titul>MUDr.</titul>
				<pager číslo="&pager;107"/>
			</zamestnanec>
			<zamestnanec id="agatpri108" krstné="Agáta" priezvisko="Prítulná" profil="sestra">
				<titul>bc.</titul>
				<pager číslo="&pager;108"/>
			</zamestnanec>
			<zamestnanec id="katajem109" krstné="Katarína" priezvisko="Jemná" profil="sestra">
				<titul>bc.</titul>
				<pager číslo="&pager;109"/>
			</zamestnanec>
			<?documentParser this.checkIDs(); ?>
		</zoznamZamestnancov>
		<poznámka idPoznámky="MGK100P001" zadávateľ="katajem109" predmet="rastjan106">
			<predmet>MUDr.Janeček</predmet> počas pracovnej doby obťažoval sestričky.
		</poznámka>
	</oddelenie>
	<oddelenie id="MGK200" časť="deti" názov="Detská poliklinika">
		<prednosta idZamestnanca="konspal100"/>
		<zástupca idZamestnanca="bernibr101"/>
		<primár idZamestnanca="mikuslo102"/>
		<vrchnáSestra idZamestnanca="renadob103"/>
		<sekretariátPrednostu id="sekrPred200" e-mail="CRMPred&mail;" tel="&tel;100" fax="&fax;200"/>
		<sekretariátPrimára id="sekrPrim200" e-mail="CRMPrim&mail;" tel="&tel;201" fax="&fax;201"/>
		<popis><![CDATA[
			Gynekologicko-porodnická klinika poskytuje komplexní péči v oboru gynekologie a porodnictví.
			Zaměřuje se hlavně na subspecializace, které díky špičkovému vybavení FN Martina Galajdu umožňují poskytovat 
			péči na evropské úrovni.]]>
		</popis>
		<umiestnenieKliniky>Klinika sa nachádza na <adresa>Klimkovičova ulica 25, Košice</adresa> v objekte fakultnej
			nemocnice Martina Galajdu pavilón D budova 100
		</umiestnenieKliniky>
		<web intranet="&server;/CRM/login" extranet="&server;/CRM/welcome"/>
		<zoznamAmbulancii>
			<ambulancia id="MGK200A100" názov="Obecná ambulancia" tel="&tel;213">
				<lekári>
					<vedúciLekár idZamestnanca="mareape105"/>
					<lekár idZamestnanca="hugoChv107"/>
					<lekár idZamestnanca="rastjan106"/>
				</lekári>
				<sestry>
					<sestra idZamestnanca="katajem109"/>
					<sestra idZamestnanca="renadob103"/>
				</sestry>
				<zdravotnéÚkony obdobieOd="07/11" obdobieDo="08/11">
					<zdravotnýÚkon id="MGK200A113Z100">
						<pacient idPacienta="Lubcho2042" krstné="Ľuboš" priezvisko="Chorý" rč="861106/2042"/>
						<ošetrujúciLekár idZamestnanca="hugoChv107"/>
						<nález><![CDATA[Pacient sa sťažuje na ostrú bolest v oblasti kolena ľavej nohy. Mierny zápal kolenného kĺbu. Bolesť sa prejavuje
							pri pohybe kolena vpred a vzad.]]>
						</nález>
						<liečba><![CDATA[CRT kolena, fixovanie v dlahe, a kľud na lôžku]]></liečba>
						<dátum deň="06" mesiac="07" rok="2011"/>
						<liek naPredpis="áno" idLieku="LKM-345-542" názovLieku="Turbo Špecigél" účinnáLátka="Špecigelus Kolenus">
							<dávkovanie>Liek podávať <frekvencia>2 krát denne</frekvencia> preorálne vždy po 
								jedle, <množstvo>2tablety</množstvo> a zapiť veľkým množstvom
								čistej vody, ideálne studenej a priamo z vodovodu.
							</dávkovanie>
						</liek>
						<poznámka idPoznámky="MGK200A113Z100P001" predmet="LKM-345-543">
							Čiastočne hradí poisťovňa.
						</poznámka>
						<poznámka idPoznámky="MGK200A113Z100P002" predmet="LKM-345-543">
							Pacient pri skúšobnom potere nejavil známky alergickej reakcie na <predmet>podaný Liek.</predmet>
						</poznámka>
					</zdravotnýÚkon>
				</zdravotnéÚkony>
				<poznámka idPoznámky="MGK200A100P001" predmet="MGK100A113Z100P002" dátum="08/07/2011">
					Pacientovi sa začali objavovať bradavice, zrejme ako reakcia na podanú masť. <predmet>Napriek tomu že pôvodne nejavil známky podráždenia.</predmet>
				</poznámka>
			</ambulancia>
			<?documentParser this.checkConsistency(); ?>
			<ambulancia id="MGK200A114" názov="Verejná ambulancia" tel="&tel;114">
				<lekári>
					<vedúciLekár idZamestnanca="mareape105"/>
				</lekári>
				<sestry>
					<sestra idZamestnanca="renadob103"/>
				</sestry>
				<zdravotnéÚkony obdobieOd="07/11" obdobieDo="08/11">
					<zdravotnýÚkon id="MGK200A114Z100">
						<pacient idPacienta="brasli3505" krstné="Braňo" priezvisko="Slíž" rč="861106/3505"/>
						<ošetrujúciLekár idZamestnanca="mareape105"/>
						<nález><![CDATA[Pacient nepočuje na ľavé oko. Viečko má prilepené zrejme sekundovým lepidlom. Odmieta však spurne túto
							viariantu. Pacient tvrdí že to trvá <2 dni]]>
						</nález>
						<liečba><![CDATA[Lepidlo rozpustené, oko dezinfikované iódom, následná prelepifikácia pirátskou páskou]]></liečba>
						<dátum deň="13" mesiac="07" rok="2011"/>
						<poznámka idPoznámky="MGK200A100Z100P001" predmet="antsli3504">
							<predmet>Pacient</predmet>sa už nachádza v evidencii polikliniky sever, kde má aj založenú zdravotnú kartu. Nezakladaný!
						</poznámka>
					</zdravotnýÚkon>
					<zdravotnýÚkon id="M3443214Z100">
						<pacient idPacienta="bras344343505" krstné="Braňo" priezvisko="Slíž" rč="861106/3505"/>
						<ošetrujúciLekár idZamestnanca="mareape105"/>
						<nález><![CDATA[Pacient nepočuje na ľavé oko. Viečko má prilepené zrejme sekundovým lepidlom. Odmieta však spurne túto
							viariantu. Pacient tvrdí že to trvá <2 dni]]>
						</nález>
						<liečba><![CDATA[Lepidlo rozpustené, oko dezinfikované iódom, následná prelepifikácia pirátskou páskou]]></liečba>
						<dátum deň="13" mesiac="07" rok="2011"/>
						<poznámka idPoznámky="MGK200A1343434100P001" predmet="antsli3504">
							<predmet>Pacient</predmet>sa už nachádza v evidencii polikliniky sever, kde má aj založenú zdravotnú kartu. Nezakladaný!
						</poznámka>
					</zdravotnýÚkon>
				</zdravotnéÚkony>
			</ambulancia>
			<?documentParser this.checkConsistency(); ?>
		</zoznamAmbulancii>
		<zoznamZamestnancov>
			<zamestnanec id="lonspal100" krstné="Lonštantín" priezvisko="Palonder" profil="doktor">
				<titul>MUDr.</titul>
				<titul>csc.</titul>
				<pager číslo="&pager;200"/>
			</zamestnanec>
			<zamestnanec id="zernibr101" krstné="Zernadrdt" priezvisko="Ibrahim" profil="doktor">
				<titul>Prof.</titul>
				<titul>MUDr.</titul>
				<titul>csc.</titul>
				<pager číslo="&pager;201"/>
			</zamestnanec>
			<zamestnanec id="genadob203" krstné="Genáta" priezvisko="Dobrotivá" profil="sestra">
				<titul>bc.</titul>
				<pager číslo="&pager;203"/>
			</zamestnanec>
			<zamestnanec id="fartzal204" krstné="Fartin" priezvisko="Zalomil" profil="údržba">
				<pager číslo="&pager;204"/>
			</zamestnanec>
			<zamestnanec id="hareape205" krstné="Harek" priezvisko="Apendix" profil="doktor">
				<titul>MUDr.</titul>
				<titul>csc.</titul>
				<pager číslo="&pager;205"/>
			</zamestnanec>
			<zamestnanec id="jastjan206" krstné="Jastislav" priezvisko="Janeček" profil="doktor">
				<titul>MUDr.</titul>
				<pager číslo="&pager;206"/>
			</zamestnanec>
			<zamestnanec id="gugoChv207" krstné="Gugo" priezvisko="Chvála" profil="doktor">
				<titul>MUDr.</titul>
				<pager číslo="&pager;207"/>
			</zamestnanec>
			<zamestnanec id="igatpri208" krstné="Igáta" priezvisko="Prítulná" profil="sestra">
				<titul>bc.</titul>
				<pager číslo="&pager;208"/>
			</zamestnanec>
			<zamestnanec id="datajem209" krstné="Datarína" priezvisko="Jemná" profil="sestra">
				<titul>bc.</titul>
				<pager číslo="&pager;209"/>
			</zamestnanec>
			<?documentParser this.checkIDs(); ?>
		</zoznamZamestnancov>
		<poznámka idPoznámky="MGK200P001" zadávateľ="katajem109" predmet="rastjan106">
			<predmet>MUDr.Janeček</predmet> počas pracovnej doby obťažoval sestričky.
		</poznámka>
	</oddelenie>
	<oddelenie id="MGK300" časť="dospelí" názov="Centrum Plastickej medicíny">
		<prednosta idZamestnanca="konspal100"/>
		<zástupca idZamestnanca="bernibr101"/>
		<primár idZamestnanca="mikuslo102"/>
		<vrchnáSestra idZamestnanca="renadob103"/>
		<sekretariátPrednostu id="sekrPred300" e-mail="CRMPred&mail;" tel="&tel;300" fax="&fax;300"/>
		<sekretariátPrimára id="sekrPrim300" e-mail="CRMPrim&mail;" tel="&tel;301" fax="&fax;301"/>
		<popis><![CDATA[
			Gynekologicko-porodnická klinika poskytuje komplexní péči v oboru gynekologie a porodnictví.
			Zaměřuje se hlavně na subspecializace, které díky špičkovému vybavení FN Martina Galajdu umožňují poskytovat 
			péči na evropské úrovni.]]>
		</popis>
		<umiestnenieKliniky>Klinika sa nachádza na <adresa>Klimkovičova ulica 25, Košice</adresa> v objekte fakultnej
			nemocnice Martina Galajdu pavilón D budova 100
		</umiestnenieKliniky>
		<web intranet="&server;/CRM/login" extranet="&server;/CRM/welcome"/>
		<zoznamAmbulancii>
			<ambulancia id="MGK300A100" názov="Vnútorná ambulancia" tel="&tel;313">
				<lekári>
					<vedúciLekár idZamestnanca="mareape105"/>
					<lekár idZamestnanca="hugoChv107"/>
					<lekár idZamestnanca="rastjan106"/>
				</lekári>
				<sestry>
					<sestra idZamestnanca="katajem109"/>
					<sestra idZamestnanca="renadob103"/>
				</sestry>
				<zdravotnéÚkony obdobieOd="07/11" obdobieDo="08/11">
					<zdravotnýÚkon id="MGK300A113Z100">
						<pacient idPacienta="hohcho2044" krstné="Hohuš" priezvisko="Chorý" rč="861106/2044"/>
						<ošetrujúciLekár idZamestnanca="hugoChv107"/>
						<nález><![CDATA[Pacient sa sťažuje na ostrú bolest v oblasti kolena ľavej nohy. Mierny zápal kolenného kĺbu. Bolesť sa prejavuje
							pri pohybe kolena vpred a vzad.]]>
						</nález>
						<liečba><![CDATA[CRT kolena, fixovanie v dlahe, a kľud na lôžku]]></liečba>
						<dátum deň="06" mesiac="07" rok="2011"/>
						<liek naPredpis="áno" idLieku="LKM-345-548" názovLieku="Brutal Špecigél" účinnáLátka="Špecigelus Kolenus">
							<dávkovanie>Liek podávať <frekvencia>2 krát denne</frekvencia> preorálne vždy po 
								jedle, <množstvo>2tablety</množstvo> a zapiť veľkým množstvom
								čistej vody, ideálne studenej a priamo z vodovodu.
							</dávkovanie>
						</liek>
						<poznámka idPoznámky="MGK300A113Z100P001" predmet="LKM-345-543">
							Čiastočne hradí poisťovňa.
						</poznámka>
						<poznámka idPoznámky="MGK300A113Z100P002" predmet="LKM-345-543">
							Pacient pri skúšobnom potere nejavil známky alergickej reakcie na <predmet>podaný Liek.</predmet>
						</poznámka>
					</zdravotnýÚkon>
				</zdravotnéÚkony>
				<poznámka idPoznámky="MGK300A100P001" predmet="MGK100A113Z100P002" dátum="08/07/2011">
					Pacientovi sa začali objavovať bradavice, zrejme ako reakcia na podanú masť. <predmet>Napriek tomu že pôvodne nejavil známky podráždenia.</predmet>
				</poznámka>
			</ambulancia>
			<?documentParser this.checkConsistency(); ?>
			<ambulancia id="MGK300A114" názov="Preemptívna ambulancia" tel="&tel;114">
				<lekári>
					<vedúciLekár idZamestnanca="mareape105"/>
				</lekári>
				<sestry>
					<sestra idZamestnanca="renadob103"/>
				</sestry>
				<zdravotnéÚkony obdobieOd="07/11" obdobieDo="08/11">
					<zdravotnýÚkon id="MGK300A114Z100">
						<pacient idPacienta="bntsli3504" krstné="Bnton" priezvisko="Slíž" rč="861106/3503"/>
						<ošetrujúciLekár idZamestnanca="mareape105"/>
						<nález><![CDATA[Pacient nepočuje na ľavé oko. Viečko má prilepené zrejme sekundovým lepidlom. Odmieta však spurne túto
							viariantu. Pacient tvrdí že to trvá <2 dni]]>
						</nález>
						<liečba><![CDATA[Lepidlo rozpustené, oko dezinfikované iódom, následná prelepifikácia pirátskou páskou]]></liečba>
						<dátum deň="13" mesiac="07" rok="2011"/>
						<liek naPredpis="nie" idLieku="OKY-456-659" názovLieku="Super Očný Substrát" účinnáLátka="Kozí syr">
							<dávkovanie>Oko vlhčiť predpísanými kvapkami <frekvencia>2 krát denne</frekvencia><množstvo>30 kvapkami</množstvo> po dobu
								30 dní a to v rátane víkendov, dní pracovného pokoja, cirkevných sviatkov a aj sviatku MDŽ. Na sviatok 1.mája netreba.
							</dávkovanie>
						</liek>
						<poznámka idPoznámky="MGK300A100Z100P001" predmet="antsli3504">
							<predmet>Pacient</predmet>sa už nachádza v evidencii polikliniky sever, kde má aj založenú zdravotnú kartu. Nezakladaný!
						</poznámka>
					</zdravotnýÚkon>
				</zdravotnéÚkony>
			</ambulancia>
			<?documentParser this.checkConsistency(); ?>
		</zoznamAmbulancii>
		<zoznamZamestnancov>
			<zamestnanec id="konshal100" krstné="Konštantín" priezvisko="Halonder" profil="doktor">
				<titul>MUDr.</titul>
				<titul>csc.</titul>
				<pager číslo="&pager;100"/>
			</zamestnanec>
			<zamestnanec id="bernabr101" krstné="Bernadrdt" priezvisko="Abrahim" profil="doktor">
				<titul>Prof.</titul>
				<titul>MUDr.</titul>
				<titul>csc.</titul>
				<pager číslo="&pager;101"/>
			</zamestnanec>
			<zamestnanec id="renajob103" krstné="Renáta" priezvisko="Jobrotivá" profil="sestra">
				<titul>bc.</titul>
				<pager číslo="&pager;103"/>
			</zamestnanec>
			<zamestnanec id="martkal104" krstné="Martin" priezvisko="Kalomil" profil="údržba">
				<pager číslo="&pager;104"/>
			</zamestnanec>
			<zamestnanec id="mareepe105" krstné="Marek" priezvisko="Ependix" profil="doktor">
				<titul>MUDr.</titul>
				<titul>csc.</titul>
				<pager číslo="&pager;105"/>
			</zamestnanec>
			<zamestnanec id="rastban106" krstné="Rastislav" priezvisko="Baneček" profil="doktor">
				<titul>MUDr.</titul>
				<pager číslo="&pager;106"/>
			</zamestnanec>
			<zamestnanec id="hugoehv107" krstné="Hugo" priezvisko="Ehvála" profil="doktor">
				<titul>MUDr.</titul>
				<pager číslo="&pager;107"/>
			</zamestnanec>
			<zamestnanec id="katahem109" krstné="Katarína" priezvisko="Hemná" profil="sestra">
				<titul>bc.</titul>
				<pager číslo="&pager;109"/>
			</zamestnanec>
			<?documentParser this.checkIDs(); ?>
		</zoznamZamestnancov>
		<poznámka idPoznámky="MGK300P001" zadávateľ="katajem109" predmet="rastjan106">
			<predmet>MUDr.Janeček</predmet> počas pracovnej doby obťažoval sestričky.
		</poznámka>
	</oddelenie>
</nemocnica>