<?xml version="1.0" encoding="UTF-8"?>

<!--
    Document   : newXMLDocument.xml
    Created on : 1. březen 2012, 10:09
    Author     : Tomas
    Description:
        Purpose of the document follows.
-->

<vypujcka>
    <zakaznik>
        <jmeno>
            <krestniJmeno>
          
            </krestniJmeno>  
      
            <prijmeni>
          
      
            </prijmeni>
        </jmeno>
    
        <bydliste>
            <ulice></ulice>
            <cp></cp>
            <mesto>
                
            </mesto>
            <psc></psc>
    
        </bydliste>
        
        <komentar>

        </komentar>
        
        <pocetLidi>
            
        </pocetLidi>
    </zakaznik>
    
    <datum>
        <den></den>    
        <mesic></mesic>
        <rok></rok>
    </datum>
    
    <lod>
        <vyrobce>
            <nazev></nazev>    
            <sidlo>
                <adresa>
                    <ulice></ulice>
                    <cp></cp>
                    <mesto></mesto>
                    <psc></psc>
                </adresa>
            </sidlo>
        </vyrobce>   
        
        <kapacita></kapacita>
        
    
    
    </lod>
    

</vypujcka>
