<?xml version="1.0" encoding="UTF-8"?>
<!DOCTYPE cs_portal SYSTEM "data.dtd">
<cs_portal>
	<!-- Seznam serveru -->
	<servers>
		<server id="s0" server_hw="Anicka">
			<name>Web</name>
			<ip/>
			<map/>
			<players>
				<actual/>
				<maximal/>
			</players>
		</server>
		<server id="s1" server_hw="Anicka">
			<name>Classic</name>
			<ip>88.86.107.57:27015</ip>
			<map>de_inferno</map>
			<players>
				<actual>17</actual>
				<maximal>17</maximal>
			</players>
		</server>
		<server id="s2" server_hw="Borivoj">
			<name>War3FT SaveXP</name>
			<ip>88.86.107.57:27023</ip>
			<map>de_dust</map>
			<players>
				<actual>5</actual>
				<maximal>17</maximal>
			</players>
		</server>
	</servers>
	<!-- Seznam banu -->
	<banlist>
		<date>
			<?php echo Date("d.m.Y")?>
		</date>
		<record id="r1" server_id="s2">
			<player_ip>88.101.245.1</player_ip>
			<player_sid>STEAM_0:1:1750700</player_sid>
			<player_nickname><![CDATA[
					<<!>>Biosek<<!>>
				]]></player_nickname>
			<player_total_bans>6</player_total_bans>
			<ban_date>
				<day>23</day>
				<month>7</month>
				<year>2012</year>
				<time>
					<hour>19</hour>
					<minute>59</minute>
					<second>02</second>
				</time>
			</ban_date>
			<release_date>
				<day>25</day>
				<month>7</month>
				<year>2012</year>
				<time>
					<hour>19</hour>
					<minute>59</minute>
					<second>02</second>
				</time>
			</release_date>
			<reason offcomment="Neumi pravidla">&Neplneni;</reason>
			<admin_nickname>S1mon</admin_nickname>
			<admin_ip>8.8.8.8</admin_ip>
			<admin_sid>STEAM_0:1:1111111</admin_sid>
			<type/>
		</record>
		<record id="r2" server_id="s0">
			<player_ip>88.101.245.1</player_ip>
			<player_sid>STEAM_0:1:1750700</player_sid>
			<player_nickname>Biosek</player_nickname>
			<player_total_bans>6</player_total_bans>
			<ban_date>
				<day>26</day>
				<month>1</month>
				<year>2013</year>
				<time>
					<hour>13</hour>
					<minute>11</minute>
					<second>15</second>
				</time>
			</ban_date>
			<release_date>
				<day>7</day>
				<month>2</month>
				<year>2013</year>
				<time>
					<hour>13</hour>
					<minute>11</minute>
					<second>15</second>
				</time>
			</release_date>
			<reason>
				<bold>Vlastna</bold> ziadost</reason>
			<admin_nickname>DeiForm</admin_nickname>
			<admin_ip>8.8.8.8</admin_ip>
			<admin_sid>STEAM_0:1:222222</admin_sid>
			<type/>
		</record>
	</banlist>
</cs_portal>
