<?xml version="1.0" encoding="UTF-8"?>
<klienti>
	<klient id="kl-1">
		<jmeno>Jiri</jmeno>
		<prijmeni>Janousek</prijmeni>
		<ulice>Jankovcova</ulice>
		<cp>34</cp>
		<mesto>Praha 6</mesto>
		<psc>16200</psc>
		<stat>Czech Republic</stat>
		<telefon>+420727998263</telefon>
		<email>jiri.janousek@zeznam.cz</email>
		<registrovan>
			<?php echo Date("d.m.Y")?>
		</registrovan>
		<vypujcky>
			<vypujcka autoid="auto-1" od="10/02/2011" do="20/02/2011"/>
		</vypujcky>
	</klient>
	<klient id="kl-2">
		<jmeno>Frantisek</jmeno>
		<prijmeni>Bilek</prijmeni>
		<ulice>Francouzska</ulice>
		<cp>12</cp>
		<mesto>Praha 2</mesto>
		<psc>12200</psc>
		<stat>Czech Republic</stat>
		<telefon>+420777882263</telefon>
		<email>bilekf@doodle.com</email>
		<registrovan>
			<?php echo Date("d.m.Y")?>
		</registrovan>
		<vypujcky>
			<vypujcka autoid="auto-3" od="10/12/2010" do="26/12/2010"/>
		</vypujcky>		
		<doporucil>kl-1</doporucil>
	</klient>
	<klient id="kl-3">
		<jmeno>Jaroslava</jmeno>
		<prijmeni>Hadrbolcova</prijmeni>
		<ulice>Pricna</ulice>
		<cp>2</cp>
		<mesto>Ostrava</mesto>
		<psc>43321</psc>
		<stat>Czech Republic</stat>
		<telefon>+420437772910</telefon>
		<email>hadrbol@ostex.cz</email>
		<registrovan>
			<?php echo Date("d.m.Y")?>
		</registrovan>
		<vypujcky>
			<vypujcka autoid="auto-3" od="10/12/2010" do="26/12/2010"/>
			<vypujcka autoid="auto-1" od="10/12/2010" do="26/12/2010"/>
			<vypujcka autoid="auto-2" od="10/12/2010" do="26/12/2010"/>
		</vypujcky>
		<doporucil>kl-2</doporucil>
	</klient>
</klienti>
