<?xml version="1.0" encoding="UTF-8"?>
<sis>
<predmety>
   <predmet id="p1" zapocet="Z" skuska="Zk" kredity="6" >Programovani I</predmet>
   <predmet id="p3" zapocet="Z" prerekvizity="p1" kredity="6">Programovani II</predmet>
   <predmet id="p2" zapocet="Z" skuska="Zk" kredity="6">Matematicka analyza I</predmet>
   <predmet id="p4" zapocet="Z" prerekvizity="p2" skuska="Zk" kredity="6">Matematicka analyza II</predmet>
   <predmet id="p5" zapocet="Z" skuska="Zk" korekvizity="p2" kredity="5">Matematicka analyza III</predmet>
</predmety>
</sis>