<?xml version="1.0" encoding="UTF-8"?>
<sis>
<studenti>
   <student>
      <osoba id="o1">
         <krstneMeno>Jose</krstneMeno>
         <priezvisko>Atrometi</priezvisko>
      </osoba>
      <stavStudia ziskaneKredity="0" rocnik="2">
         <semesterStudia poradoveCislo="1" rok="2012" cast="zima"><zapisanyPredmet id="p1" cviciaci="z1" /><zapisanyPredmet id="p2" cviciaci="z2" /></semesterStudia>
      </stavStudia>
   </student>
   <student>
      <osoba id="o2">
         <krstneMeno>Tabor</krstneMeno>
         <priezvisko>Bakes</priezvisko>
      </osoba>
      <stavStudia ziskaneKredity="0" rocnik="1">
         <semesterStudia poradoveCislo="1" rok="2012" cast="zima">
         	<zapisanyPredmet id="p1" cviciaci="z1" /><zapisanyPredmet id="p2" cviciaci="z2" />
         </semesterStudia>
      </stavStudia>
   </student>
   <student>
      <osoba id="o3">
         <krstneMeno>Steven</krstneMeno>
         <priezvisko>Baldur</priezvisko>
      </osoba>
      <stavStudia ziskaneKredity="0" rocnik="1">
         <semesterStudia poradoveCislo="1" rok="2012" cast="zima"><zapisanyPredmet id="p1" cviciaci="z1" /><zapisanyPredmet id="p2" cviciaci="z2" /></semesterStudia>
      </stavStudia>
   </student>
   <student>
      <osoba id="o4">
         <krstneMeno>Pater</krstneMeno>
         <priezvisko>Basten, von</priezvisko>
      </osoba>
      <stavStudia ziskaneKredity="0" rocnik="1">
         <semesterStudia poradoveCislo="1" rok="2012" cast="zima"><zapisanyPredmet id="p1" cviciaci="z1" /><zapisanyPredmet id="p2" cviciaci="z2" /></semesterStudia>
      </stavStudia>
   </student>
   <student>
      <osoba id="o5">
         <krstneMeno>Marchech</krstneMeno>
         <priezvisko>Tahun</priezvisko>
      </osoba>
      <stavStudia ziskaneKredity="0" rocnik="1">
         <semesterStudia poradoveCislo="1" rok="2012" cast="zima"><zapisanyPredmet id="p1" cviciaci="z1" /><zapisanyPredmet id="p2" cviciaci="z2" /></semesterStudia>
      </stavStudia>
   </student>
   <student>
      <osoba id="o11">
         <krstneMeno>Tobias</krstneMeno>
         <priezvisko>Barkwhof</priezvisko>
      </osoba>
      <stavStudia ziskaneKredity="0" rocnik="1">
         <semesterStudia poradoveCislo="1" rok="2012" cast="zima"><zapisanyPredmet id="p1" cviciaci="z1" /><zapisanyPredmet id="p2" cviciaci="z2" /></semesterStudia>
      </stavStudia>
   </student>
   <student>
      <osoba id="o6">
         <krstneMeno>Macho</krstneMeno>
         <priezvisko>Bansky</priezvisko>
      </osoba>
      <stavStudia ziskaneKredity="45" rocnik="2">
         <semesterStudia poradoveCislo="1" rok="2012" cast="zima"><zapisanyPredmet id="p1" cviciaci="z1" /><zapisanyPredmet id="p2" cviciaci="z2" /></semesterStudia>
         <semesterStudia poradoveCislo="3" rok="2013" cast="zima"><zapisanyPredmet id="p1" cviciaci="z1" /><zapisanyPredmet id="p2" cviciaci="z2" /></semesterStudia>
      </stavStudia>
   </student>
   <student>
      <osoba id="o7">
         <krstneMeno>Johnny</krstneMeno>
         <priezvisko>Zloutek</priezvisko>
      </osoba>
      <stavStudia ziskaneKredity="0" rocnik="1">
         <semesterStudia poradoveCislo="1" rok="2012" cast="zima"><zapisanyPredmet id="p1" cviciaci="z1" /><zapisanyPredmet id="p2" cviciaci="z2" /></semesterStudia>
      </stavStudia>
   </student>
   <student>
      <osoba id="o8">
         <krstneMeno>Stetam</krstneMeno>
         <priezvisko>Odboc</priezvisko>
      </osoba>
      <stavStudia ziskaneKredity="0" rocnik="1">
         <semesterStudia poradoveCislo="1" rok="2012" cast="zima"><zapisanyPredmet id="p1" cviciaci="z1" /><zapisanyPredmet id="p2" cviciaci="z2" /></semesterStudia>
      </stavStudia>
   </student>
   <student>
      <osoba id="o9">
         <krstneMeno>Javorsval</krstneMeno>
         <priezvisko>Prazec</priezvisko>
      </osoba>
      <stavStudia ziskaneKredity="0" rocnik="1">
         <semesterStudia poradoveCislo="1" rok="2012" cast="zima"><zapisanyPredmet id="p1" cviciaci="z1" /><zapisanyPredmet id="p2" cviciaci="z2" /></semesterStudia>
      </stavStudia>
   </student>
   <student>
      <osoba id="o10">
         <krstneMeno>Kabul</krstneMeno>
         <priezvisko>Tecka</priezvisko>
      </osoba>
      <stavStudia ziskaneKredity="0" rocnik="1">
         <semesterStudia poradoveCislo="1" rok="2012" cast="zima"></semesterStudia>
      </stavStudia>
   </student>
   <student>
		<osoba id="o1364133528">
			<krstneMeno>Kleofas</krstneMeno>
			<priezvisko>Veleznaly</priezvisko>
		</osoba>
		<stavStudia rocnik="2" ziskaneKredity="0"/>
	</student>
</studenti>
</sis>