<?xml version="1.0" encoding="UTF-8"?>
<!-- leading XML declaration -->
	<!-- people connected with the residence-->
<residence>
	<person>
		<employee id="id_1" working="yes" complaint="no" criminal_record="NA">
			<name>
				<first_name>Adam</first_name>
				<surname>Lakatos</surname>
			</name>
			<email>lakatos@gmail.com</email>
			<birth_number>810615/5532</birth_number>
			<age>31</age>
			<address>
				<street>Tupolevova</street>
				<house_number>23</house_number>
				<city>Bydzov</city>
				<zip>18200</zip>
				<state>Czech republic</state>
			</address>
			<salary>15000</salary>
			<position>Engineer</position>
			<working_since>
				<day>1</day>
				<month>1</month>
				<year>2000</year>
			</working_since>
			<evaluation>Polite and reliable employee</evaluation>
		</employee>
		<employee id="id_2" working="yes" complaint="yes" criminal_record="yes">
			<name>
				<first_name>Dagmar</first_name>
				<surname>Povolna</surname>
			</name>
			<email>povolna@kam.com</email>
			<birth_number>410715/5532</birth_number>
			<age>70</age>
			<address>
				<street>Patkova</street>
				<house_number>3</house_number>
				<city>Praha</city>
				<zip>18200</zip>
				<state>Czech republic</state>
			</address>
			<salary>18000</salary>
			<position>Office manager</position>
			<working_since>
				<day>1</day>
				<month>1</month>
				<year>1960</year>
			</working_since>
			<evaluation>Unreliable and unpolite</evaluation>
		</employee>
		<employee id="id_3" working="yes" complaint="yes" criminal_record="no">
			<name>
				<first_name>Dagmar</first_name>
				<surname>Pucharova</surname>
			</name>
			<email>pucharovaDagmar@kam.com</email>
			<birth_number>710715/5532</birth_number>
			<age>40</age>
			<address>
				<street>Patkova</street>
				<house_number>3</house_number>
				<city>Praha</city>
				<zip>18200</zip>
				<state>Czech republic</state>
			</address>
			<salary>16000</salary>
			<position>Office manager</position>
			<working_since>
				<day>1</day>
				<month>1</month>
				<year>1990</year>
			</working_since>
		</employee>
		<student idS="idS_1" room="B1602" complaint="no" debt="1000">
			<name>
				<first_name>Antal</first_name>
				<surname>Stasek</surname>
			</name>
			<email>stasekAntal@gmail.com</email>
			<email>stasek@seznam.cz</email>
			<email>anonymous@komedie.cz</email>
			<birth_number>861103/4987</birth_number>
			<address>
				<street>Tereskovove</street>
				<house_number>1</house_number>
				<city>Bajkonur</city>
				<zip>12354</zip>
				<state>Kazachstan</state>
			</address>
			<faculty>MFF</faculty>
		</student>
		<student idS="idS_2" room="B1601" complaint="no" debt="1000">
			<name>
				<first_name>Zbydek</first_name>
				<surname>Lebeda</surname>
			</name>
			<email>zlebeda@gmail.com</email>
			<birth_number>861012/4547</birth_number>
			<address>
				<street>Gagrin</street>
				<house_number>1</house_number>
				<city>As</city>
				<zip>12354</zip>
				<state>Czech Republic</state>
			</address>
			<faculty>MFF</faculty>
		</student>
	</person>
</residence>
