<?xml version="1.0" encoding="UTF-8"?>
<!--Database of games.-->
<Games>
	<Game ID="BIO_G_ID_1" Name="Shattered Steel" Designers="BIO_EXEM_ID_1 BIO_EXEM_ID_2" LeadProgrammer="BIO_EXEM_ID_2">
		<Price>15</Price>
		<Sales>70000</Sales>
		<Reviews>
			<Review from="IGN" score="8"></Review>
			<Review from="LEVEL" score="7"></Review>
			<Review from="EDGE" score="8"></Review>
			<Review from="Eurogamer" score="6"></Review>
		</Reviews>
	</Game>
	<Game ID="BIO_G_ID_2" Name="Baldur's Gate" Designers="BIO_EM_ID_2">
		<Price>40</Price>
		<Sales>2000000</Sales>
		<Reviews>
			<Review from="IGN" score="10"></Review>
			<Review from="LEVEL" score="10"></Review>
			<Review from="EDGE" score="9"></Review>
			<Review from="Eurogamer" score="9"></Review>
			<Review from="Gamestar" score="10"></Review>
		</Reviews>
	</Game>
	<Game ID="BIO_G_ID_3" Name="Baldur's Gate: Tales of the Sword Coast" Designers="BIO_EM_ID_1 BIO_EM_ID_2" LeadProgrammer="BIO_EXEM_ID_2">
		<Price>40</Price>
		<Sales>500000</Sales>
		<Reviews>
			<Review from="IGN" score="9"></Review>
			<Review from="LEVEL" score="9"></Review>
			<Review from="EDGE" score="8"></Review>
			<Review from="Eurogamer" score="7"></Review>
			<Review from="Gamestar" score="8"></Review>
			<Review from="Score" score="7"></Review>
		</Reviews>
	</Game>
	<Game ID="BIO_G_ID_4" Name="MDK2">
		<Price>45</Price>
		<Sales>700000</Sales>
		<Reviews>
			<Review from="IGN" score="8"></Review>
			<Review from="LEVEL" score="7"></Review>
			<Review from="EDGE" score="7"></Review>
			<Review from="Eurogamer" score="8"></Review>
			<Review from="Gamestar" score="8"></Review>
			<Review from="Score" score="9"></Review>
		</Reviews>
	</Game>
	<Game ID="BIO_G_ID_5" Name="Baldur's Gate II: Shadows of Amn" Designers="BIO_EM_ID_2 BIO_EM_ID_3">
		<Price>50</Price>
		<Sales>3500000</Sales>
		<Reviews>
			<Review from="IGN" score="10"></Review>
			<Review from="LEVEL" score="10"></Review>
			<Review from="EDGE" score="9"></Review>
			<Review from="Eurogamer" score="10"></Review>
			<Review from="Gamestar" score="10"></Review>
			<Review from="Score" score="10"></Review>
		</Reviews>
	</Game>
	<Game ID="BIO_G_ID_6" Name="Baldur's Gate II: Throne of Bhaal" Designers="BIO_EM_ID_2 BIO_EM_ID_3">
		<Price>25</Price>
		<Sales>1500000</Sales>
		<Reviews>
			<Review from="IGN" score="9"></Review>
			<Review from="LEVEL" score="9"></Review>
			<Review from="EDGE" score="9"></Review>
			<Review from="Eurogamer" score="8"></Review>
			<Review from="Gamestar" score="9"></Review>
			<Review from="Score" score="10"></Review>
		</Reviews>
	</Game>
	<Game ID="BIO_G_ID_7" Name="Neverwinter Nights">
		<Price>50</Price>
		<Sales>2300500</Sales>
		<Reviews>
			<Review from="IGN" score="9"></Review>
			<Review from="LEVEL" score="9"></Review>
			<Review from="EDGE" score="8"></Review>
			<Review from="Eurogamer" score="8"></Review>
			<Review from="Gamestar" score="7"></Review>
			<Review from="Score" score="8"></Review>
		</Reviews>
	</Game>
	<Game ID="BIO_G_ID_8" Name="Neverwinter Nights: Shadows of Undrentide">
		<Price>30</Price>
		<Sales>700000</Sales>
		<Reviews>
			<Review from="IGN" score="7"></Review>
			<Review from="LEVEL" score="8"></Review>
			<Review from="EDGE" score="7"></Review>
			<Review from="Eurogamer" score="8"></Review>
			<Review from="Gamestar" score="7"></Review>
			<Review from="Score" score="8"></Review>
		</Reviews>
	</Game>
	<Game ID="BIO_G_ID_9" Name="Neverwinter Nights: Hordes of the Underdark">
		<Price>30</Price>
		<Sales>650000</Sales>
		<Reviews>
			<Review from="IGN" score="6"></Review>
			<Review from="LEVEL" score="7"></Review>
			<Review from="EDGE" score="7"></Review>
			<Review from="Eurogamer" score="6"></Review>
			<Review from="Gamestar" score="6"></Review>
			<Review from="Score" score="7"></Review>
		</Reviews>
	</Game>
	<Game ID="BIO_G_ID_10" Name="Star Wars: Knights of the Old Republic" Designers="BIO_EM_ID_2" LeadProgrammer="BIO_EM_ID_4">
		<Price>60</Price>
		<Sales>1700000</Sales>
		<Reviews>
			<Review from="IGN" score="10"></Review>
			<Review from="LEVEL" score="9"></Review>
			<Review from="EDGE" score="9"></Review>
			<Review from="Eurogamer" score="10"></Review>
			<Review from="Gamestar" score="9"></Review>
			<Review from="Score" score="8"></Review>
		</Reviews>
	</Game>
	<Game ID="VAL_G_ID_1" Name="Half-Life">
		<Price>35</Price>
		<Sales>3500000</Sales>
		<Reviews>
			<Review from="IGN" score="8"></Review>
			<Review from="LEVEL" score="7"></Review>
			<Review from="EDGE" score="8"></Review>
			<Review from="Eurogamer" score="8"></Review>
			<Review from="Gamestar" score="9"></Review>
			<Review from="Score" score="7"></Review>
		</Reviews>
	</Game>
	<Game ID="VAL_G_ID_3" Name="Half-Life: Opposing Force">
		<Price>15</Price>
		<Sales>1500000</Sales>
		<Reviews>
			<Review from="IGN" score="7"></Review>
			<Review from="LEVEL" score="6"></Review>
			<Review from="EDGE" score="7"></Review>
			<Review from="Eurogamer" score="5"></Review>
			<Review from="Gamestar" score="7"></Review>
			<Review from="Score" score="6"></Review>
		</Reviews>
	</Game>
	<Game ID="VAL_G_ID_4" Name="Deathmatch Classic">
		<Price>10</Price>
		<Sales>1000000</Sales>
		<Reviews>
			<Review from="IGN" score="7"></Review>
			<Review from="LEVEL" score="6"></Review>
			<Review from="EDGE" score="7"></Review>
			<Review from="Eurogamer" score="8"></Review>
			<Review from="Gamestar" score="7"></Review>
			<Review from="Score" score="7"></Review>
		</Reviews>
	</Game>
	<Game ID="VAL_G_ID_5" Name="Ricochet">
		<Price>10</Price>
		<Sales>500000</Sales>
		<Reviews>
			<Review from="IGN" score="6"></Review>
			<Review from="LEVEL" score="5"></Review>
			<Review from="EDGE" score="5"></Review>
			<Review from="Eurogamer" score="6"></Review>
			<Review from="Gamestar" score="5"></Review>
			<Review from="Score" score="6"></Review>
		</Reviews>
	</Game>
	<Game ID="VAL_G_ID_6" Name="Counter-Strike">
		<Price>0</Price>
		<Sales>12000000</Sales>
	</Game>
	<Game ID="VAL_G_ID_7" Name="Half-Life: Blue Shift">
		<Price>10</Price>
		<Sales>3500000</Sales>
		<Reviews>
			<Review from="IGN" score="5"></Review>
			<Review from="LEVEL" score="4"></Review>
			<Review from="EDGE" score="6"></Review>
			<Review from="Eurogamer" score="5"></Review>
			<Review from="Gamestar" score="4"></Review>
			<Review from="Score" score="6"></Review>
		</Reviews>
	</Game>
	<Game ID="VAL_G_ID_8" Name="Day of Defeat">
		<Price>5</Price>
		<Sales>570000</Sales>
		<Reviews>
			<Review from="IGN" score="7"></Review>
			<Review from="LEVEL" score="7"></Review>
			<Review from="EDGE" score="7"></Review>
			<Review from="Eurogamer" score="8"></Review>
			<Review from="Gamestar" score="8"></Review>
			<Review from="Score" score="7"></Review>
		</Reviews>
	</Game>
	<Game ID="VAL_G_ID_9" Name="Counter-Strike: Condition Zero">
		<Price>25</Price>
		<Sales>800000</Sales>
	</Game>
	<Game ID="VAL_G_ID_10" Name="Counter-Strike: Source">
		<Price>20</Price>
		<Sales>6200567</Sales>
		<Reviews>
			<Review from="IGN" score="8"></Review>
			<Review from="LEVEL" score="8"></Review>
			<Review from="EDGE" score="8"></Review>
			<Review from="Eurogamer" score="8"></Review>
			<Review from="Gamestar" score="8"></Review>
			<Review from="Score" score="9"></Review>
		</Reviews>
	</Game>
</Games>