<?xml version="1.0" encoding="UTF-8"?>
<!--Database of games workgroups in different studios.-->
<GameStudios>
	<GameStudio>
		<NameOfTheStudio>BioWare</NameOfTheStudio>
		<Workgroup>
			<Name>Main Group</Name>
			<Workgroup>
				<Name>Game Development Group</Name>
				<Workgroup>
					<Name>AI Group</Name>
					<Employees>
						<Name>David Falkner</Name>
					</Employees>
				</Workgroup>
				<Workgroup>
					<Name>Graphics Group</Name>
					<Employees>
						<Name>Mark Brockington</Name>
						<Name>John Winsky</Name>
					</Employees>
				</Workgroup>
				<Workgroup>
					<Name>Physics Group</Name>
					<Employees>
						<Name>David Gaidier</Name>
					</Employees>
				</Workgroup>
				<Workgroup>
					<Name>Game Mechanics Group</Name>
					<Workgroup>
						<Name>Combat Group</Name>
						<Employees>
							<Name>John Ohlen</Name>
							<Name>Ray Muzyka</Name>
						</Employees>
					</Workgroup>
					<Workgroup>
						<Name>Exploration Group</Name>
						<Employees>
							<Name>Ray Muzyka</Name>
						</Employees>
					</Workgroup>
				</Workgroup>
			</Workgroup>
			<Workgroup>
				<Name>Marketing Group</Name>
				<Employees>
					<Name>Ray Muzyka</Name>
				</Employees>
			</Workgroup>
		</Workgroup>
	</GameStudio>
	<GameStudio>
		<NameOfTheStudio>Valve</NameOfTheStudio>
		<Workgroup>
			<Name>Main Creative Group</Name>
			<Workgroup>
				<Name>Cool Ideas Group</Name>
				<Employees>
					<Name>Gabe Logan Newell</Name>
					<Name>Doug Lombardi</Name>
					<Name>Minh Le</Name>
				</Employees>
			</Workgroup>
			<Workgroup>
				<Name>Graphics</Name>
				<Workgroup>
					<Name>Artworks</Name>
					<Employees>
					<Name>Doug Lombardi</Name>
				</Employees>
				</Workgroup>
				<Workgroup>
					<Name>3D Graphics</Name>
				</Workgroup>
			</Workgroup>
			<Workgroup>
				<Name>Artificial Intelligence</Name>
				<Employees>
					<Name>Gabe Logan Newell</Name>
					<Name>Minh Le</Name>
				</Employees>
			</Workgroup>
			<Workgroup>
				<Name>Game Design</Name>
				<Workgroup>
					<Name>Game Mechanics</Name>
					<Employees>
					<Name>Gabe Logan Newell</Name>
					<Name>Doug Lombardi</Name>
					<Name>Minh Le</Name>
				</Employees>
				</Workgroup>
				<Workgroup>
					<Name>Level Design</Name>
					<Employees>
						<Name>Gabe Logan Newell</Name>
						<Name>Doug Lombardi</Name>
						<Name>Minh Le</Name>
					</Employees>
				</Workgroup>
			</Workgroup>
		</Workgroup>
	</GameStudio>
</GameStudios>
