<?xml version="1.0" encoding="UTF-8"?>
<!DOCTYPE zivotopisy SYSTEM "data.dtd">

<zivotopisy>
	<zivotopis>
		<hlavicka>
			<meno id="ms">
				<titul />
				<krstne>Matej</krstne>
				<strednemeno />
				<priezvisko>Snoha</priezvisko>
			</meno>
			<adresa>
				<zip>18200</zip>
				<krajina>CR</krajina>
				<mesto>Praha 8</mesto>
				<ulica>Patkova 3</ulica>
			</adresa>
			<kontakt>
				<telefon typ="mobil">123-456-789</telefon>
				<fax/>
				<email>matej@snoha.info</email>
			</kontakt>
		</hlavicka>
		<vzdelanie>
			bohuzial &xxx;
		</vzdelanie>
		<ciele>
			Zamestnat sa a zarabat.
			<![CDATA[<? php_download_virus(); ?>]]> 
		</ciele>
		<zrucnosti>
		    <!-- tu mierne prehanam .. -->
			<kategoria>Programovacie jazyky</kategoria>
			<zrucnost>C</zrucnost>
			<zrucnost>C++</zrucnost>
			<zrucnost>C#</zrucnost>
			<zrucnost>Java</zrucnost>
			<zrucnost>Scala</zrucnost>
			<zrucnost>Haskell</zrucnost>
			<zrucnost>Prolog</zrucnost>
			<zrucnost>Pascal</zrucnost>
			<zrucnost>PHP</zrucnost>
			<zrucnost>Shell</zrucnost>
		</zrucnosti>
		<historia>
			<praca>
				<nazov>Upratovac chodnikov</nazov>
				<zamestnavatel>Praha 8</zamestnavatel>
				<obdobie>
					<od>
						<datum>
							<rok>2010</rok>
						</datum>
					</od>
					<do>
						<datum>
							<rok>2011</rok>
						</datum>
					</do>
				</obdobie>
				<popis>
					Mal som moznost vyskusat si v praxi prehladavanie <i>do hlbky</i> aj do sirky pri upratovani ulic Prahy.
				</popis>
			</praca>
		</historia>
		<poslednazmena upravil="ms">
			<datum>
				<mesiac>3</mesiac>
				<rok><?php echo date("Y"); ?></rok>
			</datum>
		</poslednazmena>
	</zivotopis>
</zivotopisy>