<?xml version="1.0"?>
<!-- Popis sveta 
priklad popisu jednoduche deployment systemu
v objectContaineru jsou specifikovany obrazy disku (imageConfigurations/image) a ruzne hw konfigurace
dle hw typu (hwTypeConfiguration)

dale v //server jsou popisy deployovacich serveru vcetne nastaveni sluzeb jako dhcp,dns,tftp pro pxe boot
//server/registeredMachines obsahuje seznam konkretnich stroju registrovanych u daneho server vc. informaci
o hw typu, nabootovanem obrazu, jeho verzi a casu nabootovani.
-->
<organization name="TestOrg">
    <objectContainer>
        <imageConfigurations>
            <image name='PCimage'>
              <scImageName>Image for PCs</scImageName>
              <scImageFile>testPC</scImageFile>
              <versions>
                <version disabled='1'>1</version>
                <version disabled='0'>2</version>
              </versions>
            </image>
            <image name='NBimage'>
              <scImageName>Image for notebooks</scImageName>
              <scImageFile>testNB</scImageFile>
              <versions>
                <version disabled='0'>3</version>
              </versions>
            </image>
        </imageConfigurations>
        <hwTypeConfiguration hwType="PC">
            <image>PCimage</image>
            <hwTypeName>test PC</hwTypeName>
            <harddisk device="sda" size='500000'>
              <partition>
                <password/>
                <partSize>5000</partSize>
                <partMount>swap</partMount>
                <partType>swap</partType>
              </partition>
              <partition>
                <password/>
                <partSize>495000</partSize>
                <partMount>/</partMount>
                <partType>ext4</partType>
              </partition>
            </harddisk>
        </hwTypeConfiguration>
        <hwTypeConfiguration hwType="terminal">
            <image>terminalImage</image>
            <hwTypeName>diskless PC/terminal</hwTypeName>
            <ramdisk device="sda" size='3000' />
        </hwTypeConfiguration>
        <hwTypeConfiguration hwType="notebook">
            <image>NBimage</image>
            <hwTypeName>notebook</hwTypeName>
            <harddisk device="sda" size='150000'>
              <partition>
                <password/>
                <partSize>5000</partSize>
                <partMount>swap</partMount>
                <partType>swap</partType>
              </partition>
              <partition>
                <password/>
                <partSize>45000</partSize>
                <partMount>/</partMount>
                <partType>ext4</partType>
              </partition>
              <partition>
                <password>testPass</password>
                <partSize>100000</partSize>
                <partMount>/home</partMount>
                <partType>ext4</partType>
              </partition>
            </harddisk>
        </hwTypeConfiguration>
    </objectContainer>
</organization>
