<?xml version="1.0"?>
<!-- Popis sveta 
priklad popisu jednoduche deployment systemu
v objectContaineru jsou specifikovany obrazy disku (imageConfigurations/image) a ruzne hw konfigurace
dle hw typu (hwTypeConfiguration)

dale v //server jsou popisy deployovacich serveru vcetne nastaveni sluzeb jako dhcp,dns,tftp pro pxe boot
//server/registeredMachines obsahuje seznam konkretnich stroju registrovanych u daneho server vc. informaci
o hw typu, nabootovanem obrazu, jeho verzi a casu nabootovani.
-->
<organization name="TestOrg">
    <server name='linuxLab'>
        <netmask>255.255.255.0</netmask>
        <dynamicIp>TRUE</dynamicIp>
        <networkNumber>192.168.150.0</networkNumber>
        <dhcpFixedRange>192.168.150.20,192.168.150.200</dhcpFixedRange>
        <dhcpRange>192.168.150.220,192.168.150.240</dhcpRange>
        <defaultGw>192.168.150.1</defaultGw>
        <dnsPrefix>LIN</dnsPrefix>
        <services>
            <service name="dns">
              <serviceEnabled>TRUE</serviceEnabled>
              <dnsName>dns</dnsName>
              <serviceStartScript>named</serviceStartScript>
            </service>
            <service name="tftp">
              <serviceEnabled>TRUE</serviceEnabled>
              <dnsName>tftp</dnsName>
              <serviceStartScript>atftpd</serviceStartScript>
            </service>
            <service name="dhcp">
              <serviceEnabled>TRUE</serviceEnabled>
              <dnsName>dhcp</dnsName>
              <dhcpFixedLeaseTime>14400</dhcpFixedLeaseTime>
              <serviceStartScript>dhcpd</serviceStartScript>
              <dhcpDynLeaseTime>300</dhcpDynLeaseTime>
            </service>
        </services>
        <registeredMachines>
            <machine dnsName="LIN01">
                <macAddress>00:00:90:FF:00:01</macAddress>
                <ipHostNumber>192.168.242.51</ipHostNumber>
                <hwType>PC</hwType>
                <bootedImage>PCimage-2;1332344895</bootedImage>
            </machine>
            <machine dnsName="LIN02">
                <macAddress>00:00:90:FF:00:02</macAddress>
                <ipHostNumber>192.168.242.52</ipHostNumber>
                <hwType>PC</hwType>
                <bootedImage>PCimage-1;1332344895</bootedImage>
            </machine>
            <machine dnsName="LIN03">
                <macAddress>00:00:90:FF:00:03</macAddress>
                <ipHostNumber>192.168.242.53</ipHostNumber>
                <hwType>notebook</hwType>
                <bootedImage>NBimage-1;1332344895</bootedImage>
            </machine>
        </registeredMachines>
    </server>
</organization>
