<?xml version="1.0" encoding="UTF-8"?>
<FOTBALOVYZAPAS xmlns:xsi="http://www.w3.org/2001/XMLSchema-instance"
xsi:noNamespaceSchemaLocation="data.xsd">
	<LIGA soutez="1.liga">Hraje se Gambrinus liga</LIGA>
	<!--tym hostu-->
	<TYM id="Kocourkov" domacihoste = "hoste" vyhra_kontumacne="ne">
		<SESTAVA>
			<UTOK>
				<HRAC>
					<JMENO>Pavel Horvát</JMENO>
				</HRAC>
				<HRAC>
					<JMENO>Petr Čech</JMENO>
				</HRAC>
				<HRAC>
					<JMENO>Honza Novák</JMENO>
				</HRAC>
			</UTOK>
			<ZALOHA>
				<HRAC>
					<JMENO>Honza Novák</JMENO>
				</HRAC>
				<HRAC>
					<JMENO>Honza Novák</JMENO>
				</HRAC>
				<HRAC>
					<JMENO>Honza Novák</JMENO>
				</HRAC>
				<HRAC>
					<JMENO>Honza Novák</JMENO>
				</HRAC>
			</ZALOHA>
			<OBRANA>
				<HRAC>
					<JMENO>Honza Novák</JMENO>
				</HRAC>
				<HRAC>
					<JMENO>Honza Novák</JMENO>
				</HRAC>
				<HRAC>
					<JMENO>Honza Novák</JMENO>
				</HRAC>
			</OBRANA>
			<BRANKAR>
				<HRAC>
					<JMENO>Petr Čech</JMENO>
				</HRAC>
			</BRANKAR>
			<LAVICKA>
				<HRAC>
					<JMENO>Honza Novák</JMENO>
				</HRAC>
				<HRAC>
					<JMENO>Honza Novák</JMENO>
				</HRAC>
				<HRAC>
					<JMENO>Honza Novák</JMENO>
				</HRAC>
			</LAVICKA>
		</SESTAVA>
		<TRENER>
			<JMENO>Michal Novák</JMENO>
		</TRENER>
	</TYM>
	<!--tym domacich-->
	<TYM id="Nekopov" domacihoste = "domaci" vyhra_kontumacne="ne">
		<SESTAVA>
			<UTOK>
				<HRAC>
					<JMENO>Petr Novák</JMENO>
				</HRAC>
				<HRAC>
					<JMENO>Petr Novák</JMENO>
				</HRAC>
			</UTOK>
			<ZALOHA>
				<HRAC>
					<JMENO>Petr Novák</JMENO>
				</HRAC>
				<HRAC>
					<JMENO>Petr Novák</JMENO>
				</HRAC>
				<HRAC>
					<JMENO>Petr Novák</JMENO>
				</HRAC>
				<HRAC>
					<JMENO>Petr Novák</JMENO>
				</HRAC>
			</ZALOHA>
			<OBRANA>
				<HRAC>
					<JMENO>Petr Novák</JMENO>
				</HRAC>
				<HRAC>
					<JMENO>Petr Novák</JMENO>
				</HRAC>
				<HRAC>
					<JMENO>Petr Novák</JMENO>
				</HRAC>
				<HRAC>
					<JMENO>Petr Novák</JMENO>
				</HRAC>
			</OBRANA>
			<BRANKAR>
				<HRAC>
					<JMENO>Petr Čech</JMENO>
				</HRAC>
			</BRANKAR>
			<LAVICKA>
				<HRAC>
					<JMENO>Petr Novák</JMENO>
				</HRAC>
				<HRAC>
					<JMENO>Petr Novák</JMENO>
				</HRAC>
				<HRAC>
					<JMENO>Petr Novák</JMENO>
				</HRAC>
			</LAVICKA>
		</SESTAVA>
		<TRENER>
			<JMENO>David Novák</JMENO>
		</TRENER>
	</TYM>
	
	<ROZHODCI>
		<JMENO>Pepa Podlý</JMENO>
	</ROZHODCI>
	<STADION>
		<ADRESA></ADRESA>
		<KAPACITA>10000</KAPACITA>
	</STADION>
	<DATUM>2012-09-12</DATUM>
	<CAS>15:30:00</CAS>
	<VYSLEDEK domaci="Kocourkov" hoste="Nekopov" />
	<KOMENTAR>
		
		<AUTOR>
			<JMENO>Adam Novák</JMENO>
		</AUTOR>
	</KOMENTAR>
	<PRILOHA/>
</FOTBALOVYZAPAS>
