<?xml version="1.0" encoding="UTF-8"?>
<!--
To change this template, choose Tools | Templates
and open the template in the editor.
-->
<!--<!DOCTYPE hobby SYSTEM "hobby.dtd">-->

<hobby-centrum>
    <seznam-zamestnancu>
        <zamestnanec id="z_01">
            <jmeno>Pavel Novak</jmeno>
            <rc>901212/5433</rc>
            <kontakt>    
                <adresa>
                    <ulice>Tumy</ulice>
                    <cp>6543</cp>
                    <mesto>Uherske Hradiste</mesto>
                    <psc>34563</psc>
                </adresa>
                <telefon>987654567</telefon>
            </kontakt>
            <role>zamestnanec</role>
            <karta d_id="z_01">
                <vydano>12/12/2012</vydano>
                <platnost>1/1/2013</platnost>
            </karta>
        </zamestnanec>
        <zamestnanec id="z_02">
            <jmeno>Jaroslav Novak</jmeno>
            <rc>741201/1432</rc>
            <kontakt>    
                <adresa>
                    <ulice>Borova</ulice>
                    <cp>1038</cp>
                    <mesto>Praha</mesto>
                    <psc>12363</psc>
                </adresa>
                <telefon>13254567</telefon>
            </kontakt>
            <role>zamestnanec</role>
            <karta d_id="z_02">
                <vydano>12/12/2012</vydano>
                <platnost>12/12/2013</platnost>
            </karta>
        </zamestnanec>
        <zamestnanec id="m_01">
            <jmeno>Frantisek Zulc</jmeno>
            <rc>640229/2134</rc>
            <kontakt>
                <adresa>
                    <ulice>Uzska</ulice>
                    <cp>65</cp>
                    <mesto>Praha</mesto>
                    <psc>12345</psc>
                </adresa>
                <telefon>234576545</telefon>
            </kontakt>
            <role>manazer</role>
            <karta d_id="m_01">
                <vydano>12/1/2012</vydano>
                <platnost>31/12/2052</platnost>
            </karta>
        </zamestnanec>
    </seznam-zamestnancu>
    <seznam-klientu>
        <klient id="k_01">
            <jmeno>Vaclav Rudoch</jmeno>
            <rc>701212/541</rc>
            <kontakt>    
                <adresa>
                    <ulice>Nova</ulice>
                    <cp>6543</cp>
                    <mesto>Brno</mesto>
                    <psc>34563</psc>
                </adresa>
                <telefon>199654567</telefon>
            </kontakt>
            <role>klient</role>
            <karta d_id="k_01">
                <vydano>12/12/2012</vydano>
                <platnost>12/12/2013</platnost>
            </karta>
        </klient>
        <klient id="k_02">
            <jmeno>Jiri Stransky</jmeno>
            <rc>8101012/2321</rc>
            <kontakt>    
                <adresa>
                    <ulice>U Sadu</ulice>
                    <cp>123</cp>
                    <mesto>Brno</mesto>
                    <psc>34563</psc>
                </adresa>
                <telefon>27654567</telefon>
            </kontakt>
            <role>klient</role>
            <karta d_id="k_02">
                <vydano>12/12/2012</vydano>
                <platnost>12/12/2013</platnost>
            </karta>
        </klient>
        <klient id="k_03">
            <jmeno>Jarmila Podhorska</jmeno>
            <rc>8105311/3321</rc>
            <kontakt>    
                <adresa>
                    <ulice>Bohuminska</ulice>
                    <cp>1233</cp>
                    <mesto>Karvina</mesto>
                    <psc>76542</psc>
                </adresa>
                <telefon>87654213</telefon>
            </kontakt>
            <role>klient</role>
            <karta d_id="k_03">
                <vydano>12/12/2012</vydano>
                <platnost>12/12/2013</platnost>
            </karta>
        </klient>
    </seznam-klientu>
    <mistnost cislo="c1" spravce_id="z_01">
        <seznam-vybaveni>
            <vybaveni mnozstvi="5" cena-kusu="1000">cinka 10kg</vybaveni>
            <vybaveni mnozstvi="5" cena-kusu="1000">cinka 5kg</vybaveni>
            <vybaveni mnozstvi="5" cena-kusu="1000">cinka 7,5kg</vybaveni>
            <vybaveni mnozstvi="5" cena-kusu="1000">cinka 12,5kg</vybaveni>
            <vybaveni mnozstvi="5" cena-kusu="1000">cinka 15kg</vybaveni>
            <vybaveni mnozstvi="5" cena-kusu="1000">zavazi 10kg</vybaveni>
            <vybaveni mnozstvi="5" cena-kusu="1000">zavazi 15kg</vybaveni>
            <vybaveni mnozstvi="5" cena-kusu="1000">zavazi 20kg</vybaveni>
            <vybaveni mnozstvi="5" cena-kusu="1000">zavazi 25kg</vybaveni>
            <vybaveni mnozstvi="5" cena-kusu="2000">boxovaci pytel 25kg</vybaveni>
            <vybaveni mnozstvi="5" cena-kusu="3500">boxovaci pytel 40kg</vybaveni>
            <vybaveni mnozstvi="5" cena-kusu="4000">boxovaci pytel 50kg</vybaveni>
            <vybaveni mnozstvi="2" cena-kusu="98000">boxersky ring</vybaveni>
        </seznam-vybaveni>
    </mistnost>
    <mistnost cislo="c_2" spravce_id="m_01">
        <seznam-vybaveni>
            <vybaveni mnozstvi="1" cena-kusu="500000">horolezecka stena</vybaveni>
            <vybaveni mnozstvi="10" cena-kusu="1000">horolezecke lano 50m</vybaveni>
            <vybaveni mnozstvi="10" cena-kusu="900">horolezecke lano 40m</vybaveni>
            <vybaveni mnozstvi="50" cena-kusu="100">horolezecka karabina</vybaveni>
            <vybaveni mnozstvi="10" cena-kusu="1500">horolezecka prilba</vybaveni>
            <vybaveni mnozstvi="10" cena-kusu="1400">horolezecky uvazek</vybaveni>
        </seznam-vybaveni>
    </mistnost>
    
</hobby-centrum>
