<?xml version="1.0" encoding="UTF-8"?>
<!DOCTYPE autopujcovna SYSTEM "C:\Users\Vojta\Dropbox\Škola\XML\hlavacka.dtd">
<autopujcovna>
	<zakaznik>
		<firma>
			<id>14</id>
			<nazev>alza</nazev>
			<IČ>156</IČ>
			<DIČ>64516</DIČ>
			<adresa>
				<ulice>belušova</ulice>
				<č.p>1825</č.p>
				<PSČ>156 00</PSČ>
				<město>praha</město>
				<stat>čr</stat>
			</adresa>
			<telefon>732578994</telefon>
		</firma>
	</zakaznik>
	<seznam>
		<rezervace>
			<id_rezervace rid="id_1">111</id_rezervace>
			<kod_mista_vyzved>645</kod_mista_vyzved>
			<kod_mista_vraceni>65</kod_mista_vraceni>
			<třída_vozu>Z</třída_vozu>
			<SPZ>a7b36XML</SPZ>
			<tateTimeVyzvednuti>17:3.2100</tateTimeVyzvednuti>
			<tateTimeVraceni>17:3.2101</tateTimeVraceni>
			<číslo_řidičského_průkazu>1858189685196</číslo_řidičského_průkazu>
			<jmenořidiče>Karel</jmenořidiče>
			<motor>nafta</motor>
			<zprávy>
				<zprava_pro_agenta>nazdar karle</zprava_pro_agenta>
			</zprávy>
		</rezervace>
		<rezervace>
			<id_rezervace rid="id_1">2</id_rezervace>
			<kod_mista_vyzved>22</kod_mista_vyzved>
			<kod_mista_vraceni>222</kod_mista_vraceni>
			<třída_vozu>Z</třída_vozu>
			<SPZ>a7b36XML2222</SPZ>
			<tateTimeVyzvednuti>17:3.2000</tateTimeVyzvednuti>
			<tateTimeVraceni>17:3.2001</tateTimeVraceni>
			<číslo_řidičského_průkazu>2222222</číslo_řidičského_průkazu>
			<jmenořidiče>pavel</jmenořidiče>
			<motor>nafta</motor>
			<zprávy>
				<zprava_pro_agenta>nazdar ty vol....</zprava_pro_agenta>
			</zprávy>
		</rezervace>
		<rezervace>
			<id_rezervace rid="id_2">33333</id_rezervace>
			<kod_mista_vyzved>3333</kod_mista_vyzved>
			<kod_mista_vraceni>333</kod_mista_vraceni>
			<třída_vozu>Z</třída_vozu>
			<SPZ>a7b36XML33</SPZ>
			<tateTimeVyzvednuti>17:3.2003</tateTimeVyzvednuti>
			<tateTimeVraceni>17:3.2101</tateTimeVraceni>
			<číslo_řidičského_průkazu>33333</číslo_řidičského_průkazu>
			<jmenořidiče>pepa</jmenořidiče>
			<motor>benzín</motor>
			<zprávy>
				<zprava_pro_agenta>nazdar pepo</zprava_pro_agenta>
			</zprávy>
		</rezervace>
		<rezervace rid="id_3">
			<id_rezervace>4444</id_rezervace>
			<kod_mista_vyzved>5555</kod_mista_vyzved>
			<kod_mista_vraceni>55555</kod_mista_vraceni>
			<třída_vozu>Q</třída_vozu>
			<SPZ>a7b36XML55555</SPZ>
			<tateTimeVyzvednuti>17:3.2200</tateTimeVyzvednuti>
			<tateTimeVraceni>17:3.2321</tateTimeVraceni>
			<číslo_řidičského_průkazu>132</číslo_řidičského_průkazu>
			<jmenořidiče>Karel</jmenořidiče>
			<motor>nafta</motor>
			<zprávy>
				<zprava_pro_agenta id="hodnota">nazdar  hele karle</zprava_pro_agenta>
			</zprávy>
		</rezervace>
		<zpravy_pro_agenta>
			<zprava vid_ref="id_1">praha</zprava>
			<zprava vid_ref="id_2">brno</zprava>
			<zprava vid_ref="id_3">olomouc</zprava>
		</zpravy_pro_agenta>
	</seznam>
</autopujcovna>
