<?xml version="1.0" encoding="UTF-8"?>
<reklamace>
	<sluzba ukon="U001">
		<zasilka>
			<typ>Balík</typ>
			<hmotnost>1.435Kg</hmotnost>
			<hodnotazasilky>950Kč</hodnotazasilky>
			<krehke/>
			<doporucene/>
			<pojisteni>950Kč</pojisteni>
			<odpovedni/>
			<obchodnibalik/>
			<adresat>
				<titul>Ing</titul>
				<jmeno>Radek</jmeno>
				<prijmeni>Rychlý</prijmeni>
				<ulice>Pod Dálnicí</ulice>
				<cislopopisne>5566</cislopopisne>
				<cisloorientacni>1</cisloorientacni>
				<obec>Praha</obec>
				<psc>12000</psc>
			</adresat>
			<prijemce>
				<titul>Ing</titul>
				<jmeno>Adolf</jmeno>
				<prijmeni>Krátký</prijmeni>
				<ulice>Pod Zatáčkou</ulice>
				<cislopopisne>3344</cislopopisne>
				<cisloorientacni>12</cisloorientacni>
				<obec>Praha</obec>
				<psc>12000</psc>
			</prijemce>
		</zasilka>
		<poukazka>
				<hodnota>950Kč</hodnota>
				<platnost>
					<den>15</den>
					<mesic>4</mesic>
					<rok>2011</rok>
				</platnost>
				<prijemcepoukazky>
					<jmeno>Milan</jmeno>
					<prijmeni>Mladý</prijmeni>
					<cisloOP>873992977</cisloOP>
				</prijemcepoukazky>
			</poukazka>
	</sluzba>
	<sluzba ukon="U001">
		<czechpoint typpozadavku="vypiszobchodnihorejstriku">
				<data>
					<vstupni>Firma: Oracle</vstupni>
					<vystupni/>
				</data>
			</czechpoint>
		<poukazka>
			<hodnota>50Kč</hodnota>
			<platnost>
				<den>15</den>
				<mesic>4</mesic>
				<rok>2011</rok>
			</platnost>
			<prijemcepoukazky>
				<jmeno>Milan</jmeno>
				<prijmeni>Mladý</prijmeni>
				<cisloOP>873992977</cisloOP>
			</prijemcepoukazky>
		</poukazka>
	</sluzba>
	<sluzba ukon="U003">
		<poukazka>
			<hodnota>18000Kč</hodnota>
			<platnost>
				<den>30</den>
				<mesic>3</mesic>
				<rok>2011</rok>
			</platnost>
			<prijemcepoukazky>
				<jmeno>Karel</jmeno>
				<prijmeni>Odvážný</prijmeni>
				<cisloOP>8939997755</cisloOP>
			</prijemcepoukazky>
		</poukazka>	
	</sluzba>
</reklamace>