<?xml version="1.0" encoding="UTF-8"?>

<tan_skola_ostatni>
	<pracovnici>
		<pracovnik>
			<pracovnik_id>pra1</pracovnik_id>
			<osobni_udaje>
				<jmeno>František Drda</jmeno>
				<kontakty>
					<email>ep1</email>
					<adresa>ap1</adresa>
				</kontakty>
			</osobni_udaje>
			<napln_prace>Uklízeč</napln_prace>
		</pracovnik>
		<pracovnik>
			<pracovnik_id>pra2</pracovnik_id>
			<osobni_udaje>
				<jmeno>Josef Kouma</jmeno>
				<kontakty>
					<email>ep2</email>
					<adresa>ap2</adresa>
				</kontakty>
			</osobni_udaje>
			<napln_prace>Manager</napln_prace>
		</pracovnik>
		<pracovnik>
			<pracovnik_id>pra3</pracovnik_id>
			<osobni_udaje>
				<jmeno>Marie Hroudová</jmeno>
				<kontakty>
					<email>ep3</email>
					<adresa>ap3</adresa>
				</kontakty>
			</osobni_udaje>
			<napln_prace>Vrátná</napln_prace>
		</pracovnik>
	</pracovnici>
</tan_skola_ostatni>
