<?xml version="1.0" encoding="UTF-8"?>

<kurzy>
	<kurz pro_skupinu="obecne" uroven="zacatecnici" sal_id="sal3">
		<kurz_id id="kur1"/>
		<cas_zacatek>20:30</cas_zacatek>
		<cas_konec>21:50</cas_konec>
		<den>pondělí</den>
		<termin_zacatek>18. 4. 2011</termin_zacatek>
		<termin_konec>20. 6. 2011</termin_konec>
		<cena>1750</cena>
		<popis>Kurz albánské salsy</popis>
		<mistri>
			<lektor_ref lektor_id="lek10"/>
			<lektor_ref lektor_id="lek11"/>
		</mistri>
		<ucastnici>
			<ucastnik>
				<student_ref student_id="stu1"/>
				<tanpartner_ref student_id="stu2"/>
			</ucastnik>
			<ucastnik>
				<student_ref student_id="stu2"/>
				<tanpartner_ref student_id="stu1"/>
			</ucastnik>
		</ucastnici>
	</kurz>
	<kurz pro_skupinu="obecne" uroven="mirne_pokrocili" sal_id="sal3">
		<kurz_id id="kur2"/>
		<cas_zacatek>19:00</cas_zacatek>
		<cas_konec>20:20</cas_konec>
		<den>pondělí </den>
		<termin_zacatek>18. 4. 2011</termin_zacatek>
		<termin_konec>20. 6. 2011</termin_konec>
		<cena>3500</cena>
		<mistri>
			<lektor_ref lektor_id="lek10"/>
			<lektor_ref lektor_id="lek11"/>
		</mistri>
		<ucastnici>
			<ucastnik>
				<student_ref student_id="stu1"/>
				<tanpartner_ref student_id="stu2"/>
			</ucastnik>
			<ucastnik>
				<student_ref student_id="stu2"/>
				<tanpartner_ref student_id="stu1"/>
			</ucastnik>
		</ucastnici>
	</kurz>
	<kurz pro_skupinu="obecne" uroven="mirne_pokrocili" sal_id="sal3">
		<kurz_id id="kur3"/>
		<cas_zacatek>20:30</cas_zacatek>
		<cas_konec>21:50</cas_konec>
		<den>čtvrtek</den>
		<termin_zacatek>21. 4. 2011</termin_zacatek>
		<termin_konec>23. 6. 2011</termin_konec>
		<cena>1750</cena>
		<mistri>
			<lektor_ref lektor_id="lek10"/>
			<lektor_ref lektor_id="lek11"/>
		</mistri>
		<ucastnici>
			<ucastnik>
				<student_ref student_id="stu1"/>
				<tanpartner_ref student_id="stu2"/>
			</ucastnik>
			<ucastnik>
				<student_ref student_id="stu2"/>
				<tanpartner_ref student_id="stu1"/>
			</ucastnik>
		</ucastnici>
	</kurz>
	<!-- atd... -->
</kurzy>