<?xml version="1.0" encoding="UTF-8"?>
<letiste nazev="Letiste Naima vysněného" id="1">
	<adresa>
		<stat>CZE</stat>
		<mesto>Praha</mesto>
		<ulice>Cihlarska</ulice>
		<cisloPopisne>13</cisloPopisne>
		<smerovaciCislo>190 01</smerovaciCislo>
	</adresa>
	<terminaly>
		<terminal cislo="1">
			<popis terminal="1"><![CDATA[
				>>>>>Terminál pro vnitrostátní lety<<<<<<<
			]]></popis>
		</terminal>
		<terminal cislo="2">
			<popis terminal="2"><![CDATA[
				>>>>>Terminál pro mezinárodní lety<<<<<<<
				]]></popis>
			<pridlety>
            </pridlety>
		</terminal>
		<terminal cislo="3">
			<popis terminal="3"><![CDATA[
				>>>>>Terminál pro osobní lety<<<<<<<
				]]></popis>
			<pridlety/>
		</terminal>
	</terminaly>
</letiste>
