﻿<?xml version="1.0" encoding="UTF-8"?>
<!DOCTYPE spaceFlights PUBLIC "spaceFlightsDefs" "data.dtd">
<spaceFlights>
	<about>List of spaceflights up to date &actDate;. Last update: <?php echo CreatedAt()?></about>
	<astronauts>
		<astronaut id="YuriGagarin" name="Yuri Gagarin" bornDate="9.3.1934" diedDate="27.3.1968">
			<country>USSR</country>
			<noOfMissions>1</noOfMissions>
		</astronaut>
		<astronaut id="AlanShepard" name="Alan Shepard" bornDate="18.11.1923" diedDate="21.7.1998">
			<country>USA</country>
			<noOfMissions>2</noOfMissions>
		</astronaut>
		<astronaut id="GusGrissom" name="Gus Grissom" bornDate="3.4.1926" diedDate="27.1.1967">
			<country>USA</country>
			<noOfMissions>2</noOfMissions>
		</astronaut>
		<astronaut id="GhermanTitov" name="Gherman Titov" bornDate="11.9.1935" diedDate="20.9.2000">
			<country>USSR</country>
			<noOfMissions>1</noOfMissions>
		</astronaut>
		<astronaut id="JohnGlenn" name="John Glenn" bornDate="18.7.1921">
			<country>USA</country>
			<noOfMissions>2</noOfMissions>
		</astronaut>		
		<astronaut id="ScottCarpenter" name="Scott Carpenter" bornDate="1.5.1925">
			<country>USA</country>
			<noOfMissions>1</noOfMissions>
		</astronaut>
		<astronaut id="AndrianNikolayev" name="Andrian Nikolayev" bornDate="5.9.1929" diedDate="3.7.2004">
			<country>USSR</country>
			<noOfMissions>1</noOfMissions>
		</astronaut>
		<astronaut id="PavelPopovich" name="Pavel Popovich" bornDate="5.10.1930" diedDate="29.9.2009">
			<country>USSR</country>
			<noOfMissions>1</noOfMissions>
		</astronaut>
		<astronaut id="WallySchirra" name="Wally Schirra" bornDate="12.3.1923" diedDate="3.5.2007">
			<country>USA</country>
			<noOfMissions>3</noOfMissions>
		</astronaut>
		<astronaut id="GordonCooper" name="Gordon Cooper" bornDate="6.3.1927" diedDate="4.10.2004">
			<country>USA</country>
			<noOfMissions>2</noOfMissions>
		</astronaut>			
	</astronauts>
	<missions>
		<mission name="Vostok 1">				
			<spaceAgency>OKB-1</spaceAgency>
			<launchDate>12.4.1961</launchDate>
			<landingDate>12.4.1961</landingDate>
			<launchSite>Baikonur</launchSite>
			<crew>
				<crewMember astronautID="YuriGagarin" />
			</crew>
			<spacecraft name="Vostok 3KA" reusable="no">
				<country>USSR</country>
				<manufacturer>RKK Energiya</manufacturer>
				<firstFlightDate>15.5.1960</firstFlightDate>
				<crewCapacity>1</crewCapacity>
				<mass>4730</mass>
				<modules>
				<module name="Vostok SA">
					<purpose>Reentry module</purpose>
					<mass>2460</mass>
					<dimensions length="5" diameter="2.3" />
				</module>
				<module name="Vostok PA">
					<purpose>Equipment module</purpose>
					<mass>2270</mass>
					<dimensions length="2.25" diameter="2.43" />
				</module>
				</modules>
			</spacecraft>
			<launcher name="Vostok-K">
				<country>USSR</country>
				<manufacturer>OKB-1</manufacturer>
				<firstFlightDate>22.12.1960</firstFlightDate>
				<successRate>84.6</successRate>
				<stages>2</stages>
				<payloadLTO>4730</payloadLTO>
			</launcher>
			<memo>
				<![CDATA[
				First human spaceflight.
				The craft entered an orbital trajectory but didn't make a full orbit.
				Pilot ejected from the capsule before landing (planned ejection for safety reasons).
				]]>
			</memo>
		</mission>
		<mission name="Mercury-Redstone 3">
			<spaceAgency>NASA</spaceAgency>
			<launchDate>5.5.1961</launchDate>
			<landingDate>5.5.1961</landingDate>
			<launchSite>Cape Canaveral</launchSite>
			<crew>
				<crewMember astronautID="AlanShepard" />
			</crew>
			<spacecraft name="Mercury" reusable="no">
				<country>USA</country>
				<manufacturer>McDonnell Aircraft Corporation</manufacturer>
				<firstFlightDate>9.9.1959</firstFlightDate>
				<crewCapacity>1</crewCapacity>
				<mass>1935</mass>
				<modules>
				<module name="Mercury">
					<mass>1935</mass>
					<dimensions length="3.51" diameter="1.89" />
				</module>
				</modules>
			</spacecraft>
			<launcher name="Mercury-Redstone">
				<country>USA</country>
				<manufacturer>Chrysler Corporation</manufacturer>
				<firstFlightDate>21.11.1960</firstFlightDate>
				<successRate>83.3</successRate>
				<stages>1</stages>
				<payloadLTO>0</payloadLTO>
			</launcher>
			<memo>
				Suborbital flight.
				First landing with a pilot.
				First manual controlled orientation of the spacecraft.
			</memo>
		</mission>
		<mission name="Mercury-Redstone 4">
			<spaceAgency>NASA</spaceAgency>
			<launchDate>21.7.1961</launchDate>
			<landingDate>21.7.1961</landingDate>
			<launchSite>Cape Canaveral</launchSite>
			<crew>
				<crewMember astronautID="GusGrissom" />
			</crew>
			<spacecraft name="Mercury" reusable="no">
				<country>USA</country>
				<manufacturer>McDonnell Aircraft Corporation</manufacturer>
				<firstFlightDate>9.9.1959</firstFlightDate>
				<crewCapacity>1</crewCapacity>
				<mass>1935</mass>
				<modules>
				<module name="Mercury">
					<mass>1935</mass>
					<dimensions length="3.51" diameter="1.89" />
				</module>
				</modules>
			</spacecraft>
			<launcher name="Mercury-Redstone">
				<country>USA</country>
				<manufacturer>Chrysler Corporation</manufacturer>
				<firstFlightDate>21.11.1960</firstFlightDate>
				<successRate>83.3</successRate>
				<stages>1</stages>
				<payloadLTO>0</payloadLTO>
			</launcher>
			<memo>
				Suborbital flight.
			</memo>			
		</mission>			
		<mission name="Vostok 2">
			<spaceAgency>OKB-1</spaceAgency>
			<launchDate>6.8.1961</launchDate>
			<landingDate>7.8.1961</landingDate>
			<launchSite>Baikonur</launchSite>
			<crew>
				<crewMember astronautID="GhermanTitov" />
			</crew>
			<spacecraft name="Vostok 3KA" reusable="no">
				<country>USSR</country>
				<manufacturer>RKK Energiya</manufacturer>
				<firstFlightDate>15.5.1960</firstFlightDate>
				<crewCapacity>1</crewCapacity>
				<mass>4730</mass>
				<modules>
				<module name="Vostok SA">
					<purpose>Reentry module</purpose>
					<mass>2460</mass>
					<dimensions length="5" diameter="2.3" />
				</module>
				<module name="Vostok PA">
					<purpose>Equipment module</purpose>
					<mass>2270</mass>
					<dimensions length="2.25" diameter="2.43" />
				</module>
				</modules>
			</spacecraft>
			<launcher name="Vostok-K">
				<country>USSR</country>
				<manufacturer>OKB-1</manufacturer>
				<firstFlightDate>22.12.1960</firstFlightDate>
				<successRate>84.6</successRate>
				<stages>2</stages>
				<payloadLTO>4730</payloadLTO>
			</launcher>
			<memo>
				First orbital flight.
				One day in orbit.
			</memo>		
		</mission>
		<mission name="Mercury-Atlas 6">
		<spaceAgency>NASA</spaceAgency>
		<launchDate>20.2.1962</launchDate>
		<landingDate>20.2.1962</landingDate>
		<launchSite>Cape Canaveral</launchSite>
		<crew>
			<crewMember astronautID="JohnGlenn" />
		</crew>
		<spacecraft name="Mercury" reusable="no">
			<country>USA</country>
			<manufacturer>McDonnell Aircraft Corporation</manufacturer>
			<firstFlightDate>9.9.1959</firstFlightDate>
			<crewCapacity>1</crewCapacity>
			<mass>1935</mass>
			<modules>
			<module name="Mercury">
				<mass>1935</mass>
				<dimensions length="3.51" diameter="1.89" />
			</module>
			</modules>
		</spacecraft>
		<launcher name="Atlas LV-3B">
			<country>USA</country>
			<manufacturer>Convair</manufacturer>
			<firstFlightDate>29.7.1960</firstFlightDate>
			<successRate>77.8</successRate>
			<stages>2</stages>
		</launcher>
		<memo>
			First landing with a pilot from orbital trajectory.
		</memo>	
		</mission>
		<mission name="Mercury-Atlas 7">
			<spaceAgency>NASA</spaceAgency>
			<launchDate>24.5.1962</launchDate>
			<landingDate>24.5.1962</landingDate>
			<launchSite>Cape Canaveral</launchSite>
			<crew>
				<crewMember astronautID="ScottCarpenter" />
			</crew>
			<spacecraft name="Mercury" reusable="no">
				<country>USA</country>
				<manufacturer>McDonnell Aircraft Corporation</manufacturer>
				<firstFlightDate>9.9.1959</firstFlightDate>
				<crewCapacity>1</crewCapacity>
				<mass>1935</mass>
				<modules>
				<module name="Mercury">
					<mass>1935</mass>
					<dimensions length="3.51" diameter="1.89" />
				</module>
				</modules>
			</spacecraft>
			<launcher name="Atlas LV-3B">
				<country>USA</country>
				<manufacturer>Convair</manufacturer>
				<firstFlightDate>29.7.1960</firstFlightDate>
				<successRate>77.8</successRate>
				<stages>2</stages>
			</launcher>
		</mission>
		<mission name="Vostok 3">
		<spaceAgency>OKB-1</spaceAgency>
		<launchDate>11.8.1962</launchDate>
		<landingDate>15.8.1962</landingDate>
		<launchSite>Baikonur</launchSite>
		<crew>
			<crewMember astronautID="AndrianNikolayev" />
		</crew>
		<spacecraft name="Vostok 3KA" reusable="no">
			<country>USSR</country>
			<manufacturer>RKK Energiya</manufacturer>
			<firstFlightDate>15.5.1960</firstFlightDate>
			<crewCapacity>1</crewCapacity>
			<mass>4730</mass>
			<modules>
			<module name="Vostok SA">
				<purpose>Reentry module</purpose>
				<mass>2460</mass>
				<dimensions length="5" diameter="2.3" />
			</module>
			<module name="Vostok PA">
				<purpose>Equipment module</purpose>
				<mass>2270</mass>
				<dimensions length="2.25" diameter="2.43" />
			</module>
			</modules>
		</spacecraft>
		<launcher name="Vostok-K">
			<country>USSR</country>
			<manufacturer>OKB-1</manufacturer>
			<firstFlightDate>22.12.1960</firstFlightDate>
			<successRate>84.6</successRate>
			<stages>2</stages>
			<payloadLTO>4730</payloadLTO>
		</launcher>
			<memo>
				Two spacecraft in orbit at the same time (with Vostok 4).
			</memo>		
	</mission>
		<mission name="Vostok 4">
			<spaceAgency>OKB-1</spaceAgency>
			<launchDate>12.8.1962</launchDate>
			<landingDate>15.8.1962</landingDate>
			<launchSite>Baikonur</launchSite>
			<crew>
				<crewMember astronautID="PavelPopovich" />
			</crew>
			<spacecraft name="Vostok 3KA" reusable="no">
				<country>USSR</country>
				<manufacturer>RKK Energiya</manufacturer>
				<firstFlightDate>15.5.1960</firstFlightDate>
				<crewCapacity>1</crewCapacity>
				<mass>4730</mass>
				<modules>
				<module name="Vostok SA">
					<purpose>Reentry module</purpose>
					<mass>2460</mass>
					<dimensions length="5" diameter="2.3" />
				</module>
				<module name="Vostok PA">
					<purpose>Equipment module</purpose>
					<mass>2270</mass>
					<dimensions length="2.25" diameter="2.43" />
				</module>
				</modules>
			</spacecraft>
			<launcher name="Vostok-K">
				<country>USSR</country>
				<manufacturer>OKB-1</manufacturer>
				<firstFlightDate>22.12.1960</firstFlightDate>
				<successRate>84.6</successRate>
				<stages>2</stages>
				<payloadLTO>4730</payloadLTO>
			</launcher>
			<memo>
				Two spacecraft in orbit at the same time (with Vostok 3).
			</memo>
		</mission>
		<mission name="Mercury-Atlas 8">
			<spaceAgency>NASA</spaceAgency>
			<launchDate>3.10.1962</launchDate>
			<landingDate>3.10.1962</landingDate>
			<launchSite>Cape Canaveral</launchSite>
			<crew>
				<crewMember astronautID="WallySchirra" />
			</crew>
			<spacecraft name="Mercury" reusable="no">
				<country>USA</country>
				<manufacturer>McDonnell Aircraft Corporation</manufacturer>
				<firstFlightDate>9.9.1959</firstFlightDate>
				<crewCapacity>1</crewCapacity>
				<mass>1935</mass>
				<modules>
				<module name="Mercury">
					<mass>1935</mass>
					<dimensions length="3.51" diameter="1.89" />
				</module>
				</modules>
			</spacecraft>
			<launcher name="Atlas LV-3B">
				<country>USA</country>
				<manufacturer>Convair</manufacturer>
				<firstFlightDate>29.7.1960</firstFlightDate>
				<successRate>77.8</successRate>
				<stages>2</stages>
			</launcher>
		</mission>
		<mission name="Mercury-Atlas 9">
			<spaceAgency>NASA</spaceAgency>
			<launchDate>15.5.1963</launchDate>
			<landingDate>16.5.1963</landingDate>
			<launchSite>Cape Canaveral</launchSite>
			<crew>
				<crewMember astronautID="GordonCooper" />
			</crew>
			<spacecraft name="Mercury" reusable="no">
				<country>USA</country>
				<manufacturer>McDonnell Aircraft Corporation</manufacturer>
				<firstFlightDate>9.9.1959</firstFlightDate>
				<crewCapacity>1</crewCapacity>
				<mass>1935</mass>
				<modules>
				<module name="Mercury">
					<mass>1935</mass>
					<dimensions length="3.51" diameter="1.89" />
				</module>
				</modules>
			</spacecraft>
			<launcher name="Atlas LV-3B">
				<country>USA</country>
				<manufacturer>Convair</manufacturer>
				<firstFlightDate>29.7.1960</firstFlightDate>
				<successRate>77.8</successRate>
				<stages>2</stages>
			</launcher>
		</mission>			
	</missions>
</spaceFlights>