﻿<?xml version="1.0" encoding="UTF-8" ?>
<?xml-stylesheet type="text/xsl" href="data.xsl"?>

<movieDatabase>

    <movieType type="movie" id="jaRobot">
        
        <movieName >Já, robot</movieName>
        <directorName>Alex Proyas</directorName>
        <published>2004</published>
        <rating>82%</rating>
 
         <actors>
            <actor sex="man">Will Smith</actor>
            <actor sex="woman">Bridget Moynahan</actor>
            <actor>Shia LaBeouf</actor>
        </actors>
        
       <curiosities>
            <curiosity >Kočka Dr. Lanninga (James Cromwell) se jmenuje Asimov.</curiosity>
            <curiosity >Během natáčení havaroval Will Smith na motorce v rychlosti 60 mil za hodinu.</curiosity>
        </curiosities>
        
        <duration>90min</duration>
        
    </movieType>
    
        <movieType type="serial" id="simpsonovi">
        
        <movieName >Simpsonovi</movieName>
        <directorName>Brad Bird</directorName>
        <published>1989</published>
        <rating>94%</rating>
 
         <actors>
            <actor sex="man">Dan Castellaneta</actor>
            <actor sex="woman">Nancy Cartwright</actor>
            <actor>Hank Azaria</actor>
        </actors>
        
       <curiosities>
            <curiosity >Seriál drží rekord i v počtu hostujících celebrit.</curiosity>
            <curiosity >Postava Barta se umístila na prvním místě "Top 10 filmových spratků" v časopise TV Guide v roce 2005.</curiosity>
            <curiosity>Hlavní postavy mají žlutou barvu, aby upoutaly pozornost diváků, kteří přeskakují jednotlivé programy v televizi.</curiosity>
        </curiosities>
        
        <episodes>498</episodes>
        
    </movieType>
    
</movieDatabase>