<?xml version="1.0" encoding="UTF-8"?>
<patterns>
   <pattern>
      <name>Domain Object</name>
      <base-patterns/>
   </pattern>
   <pattern>
      <name>Entity</name>
      <base-patterns>
         <pattern>
            <name>Domain Object</name>
         </pattern>
      </base-patterns>
   </pattern>
   <pattern>
      <name>Aggregate Root</name>
      <base-patterns>
         <pattern>
            <name>Entity</name>
         </pattern>
         <pattern>
            <name>Domain Object</name>
         </pattern>
      </base-patterns>
   </pattern>
</patterns>