<?xml version="1.0" encoding="UTF-8"?>
<eshop xmlns:xsi="http://www.w3.org/2001/XMLSchema-instance" xsi:noNamespaceSchemaLocation="data1.xsd">
	<products>
		<product pid="PID1">
			<name>Big hammer</name>
			<description>
				Great tool for breaking resistant things.
			</description>
			<price>1000</price>
			<weight>700</weight>
			<stock>257</stock>
		</product>
		<product pid="PID2">
			<name comment="Need rename.">Standard hammer</name>
			<description>
				Multipurpose tool.
			</description>
			<price>700</price>
			<weight>200</weight>
			<stock>124</stock>
		</product>
		<product pid="PID3">
			<name>Small hammer</name>
			<description>
				Small hammer for precious operation.
			</description>
			<price>20</price>
			<weight>100</weight>
			<stock>356</stock>
		</product>
		<product pid="PID4">
			<name>Philips screw driver</name>
			<description>
				Standard scredriver for electronics.
			</description>
			<price>100</price>
			<weight>200</weight>
			<stock>456</stock>
		</product>
		<product pid="PID5">
			<name>Flat screwdriver</name>
			<description>
				Flat screwdriver for oldschool screws.
			</description>
			<price>150</price>
			<weight>240</weight>
			<stock>354</stock>
		</product>
		<product pid="PID6">
			<name>Flashlight</name>
			<description>
				Standard flashlight.
			</description>
			<price>400</price>
			<weight>250</weight>
			<stock>56</stock>
		</product>
		<product pid="PID7">
			<name>Ethernet switch</name>
			<description>
				10 port ethernet switch
			</description>
			<price>2000</price>
			<weight>100</weight>
			<stock>12</stock>
		</product>
		<product pid="PID8">
			<name>Optic fiber</name>
			<description>
				10Mb/s optical fiber - price for 1m
			</description>
			<price>200</price>
			<weight>20</weight>
			<stock>87</stock>
		</product>
		<product pid="PID9">
			<name>R-SMA male connector</name>
			<description>
				Reverese SMA male conector.
			</description>
			<price>100</price>
			<weight>20</weight>
			<stock>213</stock>
		</product>
		<product pid="PID10">
			<name>UTP cable</name>
			<description>
				Cat. 6e UTP calbe 100m pack.
			</description>
			<price>200</price>
			<weight>100</weight>
			<stock>29</stock>
		</product>
		<product pid="PID11">
			<name>Unnamed product</name>
			<price>0</price>
			<weight>0</weight>
			<stock>0</stock>
		</product>
		<product pid="PID12">
			<name>Unnamed product2</name>
			<price>0</price>
			<weight>0</weight>
			<stock>0</stock>
		</product>
		<product pid="PID13">
			<name>Unnamed product2</name>
			<price>0</price>
			<weight>0</weight>
			<stock>0</stock>
		</product>
		<product pid="PID14">
			<name>Unnamed product2</name>
			<price>0</price>
			<weight>0</weight>
			<stock>0</stock>
		</product>
		<product pid="PID15">
			<name>Unnamed product2</name>
			<price>0</price>
			<weight>0</weight>
			<stock>0</stock>
		</product>
	</products>
	<customers>
		<customer cid="CID0">
			<name>Privileged user</name>
			<contacts>
				<address>
					<street>Market street</street>
					<housenumber>18</housenumber>
					<postalcode>18249</postalcode>
					<city>London</city>
					<state>Great Britain</state>
				</address>
				<email>john.doe@gmail.com</email>
				<phone>+245893503823</phone>
			</contacts>
		</customer>
		<customer cid="CID1">
			<name>John Doe</name>
			<contacts>
				<address>
					<street>Market street</street>
					<housenumber>18</housenumber>
					<postalcode>18249</postalcode>
					<city>London</city>
					<state>Great Britain</state>
				</address>
				<email>john.doe@seznam.cz</email>
				<email>john.doe@gmail.com</email>
				<phone>+345345344823</phone>
				<phone>+245893503823</phone>
			</contacts>
		</customer>
	</customers>
	<orders>
		<order oid="OID1" cid="CID1" state="shipped" done="yes">
			<items>
				<item pid="PID1" count="3"/>
			</items>
			<message>stateok</message>
			<processby>
				<?php processorder("manual override") ?>></processby>
		</order>
		<order oid="OID2" cid="CID1" state="waiting">
			<items>
				<item pid="PID1" count="3"/>
			</items>
			<!-- This order was injected to the system by hand -->
			<message><![CDATA[<b>THIS ORDER DID NOT PASSED PROCESSING</b>]]></message>
			<processby>
				<?php processorder("manual override") ?>></processby>
		</order>
		<order oid="OID3" cid="CID1" state="shipped">
			<items>
				<item pid="PID2" count="32"/>
				<item pid="PID6" count="13"/>
				<item pid="PID5" count="85"/>
				<item pid="PID10" count="39"/>
			</items>
			<message>stateok</message>
			<processby>
				<?php processorder("manual override") ?>></processby>
		</order>
		<order oid="OID4" cid="CID0" state="waiting">
			<items>
			</items>
			<message>stateok</message>
			<processby>
				<?php processorder("manual override") ?>></processby>
		</order>
		<order oid="OID5" cid="CID1" state="waiting">
			<items>
				<item pid="PID2" count="32"/>
				<item pid="PID6" count="13"/>
				<item pid="PID5" count="85"/>
				<item pid="PID10" count="39"/>
			</items>
			<message>stateok</message>
			<processby>
				<?php processorder("manual override") ?>></processby>
		</order>
	</orders>
</eshop>
