<?xml version="1.0" encoding="UTF-8"?>
<!DOCTYPE reference_data SYSTEM "data.dtd">
<reference_data>
	<!-- Datum posledního stažení dokumentu -->
	<last_fetch_date><?php echo Date("d.m.Y"); ?></last_fetch_date>
	
	<!-- definice metadat pro entity (které reálně nemusí být uložené v xml, nemají dtd, apod) -->
	<model>
		<!-- definice jednotlivých číselníků -->
		<entities>
			<!-- číselník trojpísmenných ISO kódů zemí-->
			<entity id="entity_country_code" label="Country codes">
				<attributes>
					<attribute name="iso_code" dataType="string" displayType="editable" />
					<attribute name="country" dataType="string" displayType="editable" />
					<attribute name="description" dataType="text" displayType="editable" />
				</attributes>
			</entity>
			<!-- číselník 2písmenných synonym k 3písmenným ISO kódům zemí -->
			<entity id="entity_2char_country_code" label="2-char ISO country codes">
				<attributes>
					<attribute name="iso_code" dataType="string" displayType="reference" />
					<attribute name="iso_2cc" dataType="string" displayType="editable" />
				</attributes>
			</entity>
			<!-- číselník měst -->
			<entity id="entity_city" label="Cities">
				<attributes>
					<attribute name="id" dataType="string" displayType="generated" />
					<attribute name="city" dataType="string" displayType="editable" />
					<attribute name="population" dataType="integer" displayType="editable" />
					<attribute name="country_code" dataType="string" displayType="reference" />
					<attribute name="remark" dataType="text" displayType="editable" />
				</attributes>
			</entity>
			<!-- číselník letišť -->
			<entity id="entity_airport" label="Airports">
				<attributes>
					<attribute name="id" dataType="string" displayType="generated" />
					<attribute name="city_id" dataType="string" displayType="reference" />
					<attribute name="iata_code" dataType="string" displayType="editable" />
					<attribute name="airport_name" dataType="text" displayType="editable" />
				</attributes>
			</entity>
			<!-- číselník mezinárodních telefonních předvoleb -->
			<entity id="entity_phone_prefix" label="International country calling codes">
				<attributes>
					<attribute name="iso_2cc"  dataType="string" displayType="reference" />
					<attribute name="phone_prefix" dataType="integer" displayType="editable" />
					<attribute name="comment" dataType="text" displayType="editable" />
				</attributes>
			</entity>
		</entities>
		
		<!-- definice vazeb mezi číselníky -->
		<relationships>
			<relationship name="cc_city" type="generalization" parent_entity="entity_country_code" child_entity="entity_city" parent_key="iso_code" child_key="country_code" />
			<relationship name="city_airport" type="generalization" parent_entity="entity_city" child_entity="entity_airport" parent_key="id" child_key="city_id" />
			<relationship name="cc_2cc" type="synonym" parent_entity="entity_country_code" child_entity="entity_2char_country_code" parent_key="iso_code" child_key="iso_code" />
			<relationship name="2cc_phone_prefix" type="generalization" parent_entity="entity_2char_country_code" child_entity="entity_phone_prefix" parent_key="iso_2cc" child_key="iso_2cc" />
		</relationships>
	</model>
	<!-- reálně nedává moc smysl mít data vložená přímo v tomto souboru, který definuje metadata, ale pro účely domácích úkolů se to možná bude hodit... -->
	<data>
		<!-- source: http://userpage.chemie.fu-berlin.de/diverse/doc/ISO_3166.html -->
		<record type="entity_country_code" id="cc_cze">
			<attr name="iso_code">CZE</attr>
			<attr name="country">CZECH REPUBLIC</attr>
			<attr name="description"></attr>
		</record>
		<record type="entity_country_code" id="cc_usa">
			<attr name="iso_code">USA</attr>
			<attr name="country">UNITED STATES</attr>
			<attr name="description"></attr>
		</record>

		<!-- source: http://userpage.chemie.fu-berlin.de/diverse/doc/ISO_3166.html -->
		<record type="entity_2char_country_code" id="cc_cz">
			<attr name="iso_code">CZE</attr>
			<attr name="iso_2cc">CZ</attr>
		</record>
		<record type="entity_2char_country_code" id="cc_us">
			<attr name="iso_code">USA</attr>
			<attr name="iso_2cc">US</attr>
		</record>
		
		<!-- sources: http://en.wikipedia.org/wiki/List_of_North_American_Numbering_Plan_area_codes
				http://en.wikipedia.org/wiki/List_of_country_calling_codes -->
		<record type="entity_phone_prefix" id="prefix_420">
			<attr name="iso_2cc">CZ</attr>
			<attr name="phone_prefix">420</attr>
			<attr name="comment"></attr>
		</record>
		<record type="entity_phone_prefix" id="prefix_1201">
			<attr name="iso_2cc">US</attr>
			<attr name="phone_prefix">1201</attr>
			<attr name="comment">New Jersey (Hackensack, Jersey City, Hoboken, Bayonne, Ridgewood, Union City, Teaneck, New Milford, and most of northeastern New Jersey)</attr>
		</record>
		<record type="entity_phone_prefix" id="prefix_1205">
			<attr name="iso_2cc">US</attr>
			<attr name="phone_prefix">1205</attr>
			<attr name="comment">Alabama (Birmingham; Tuscaloosa, and parts of western and central Alabama); Originally covered all of Alabama; split to create <ref refid="prefix_1334">334</ref> (1995) and <ref refid="prefix_1256">256</ref> (1998).</attr>
		</record>
		<record type="entity_phone_prefix" id="prefix_1334">
			<attr name="iso_2cc">US</attr>
			<attr name="phone_prefix">1334</attr>
			<attr name="comment">Alabama (Montgomery, Auburn, Dothan, Enterprise, Eufaula, Opelika, Phenix City, Selma, Tuskegee and most of southeastern Alabama)</attr>
		</record>
		<record type="entity_phone_prefix" id="prefix_1256">
			<attr name="iso_2cc">US</attr>
			<attr name="phone_prefix">1256</attr>
			<attr name="comment">Alabama (Huntsville, Decatur, Cullman, Gadsden, Madison, Florence, Sheffield, Tuscumbia, Fort Payne, Scottsboro, and most of northern Alabama)</attr>
		</record>
		<record type="entity_phone_prefix" id="prefix_1203">
			<attr name="iso_2cc">US</attr>
			<attr name="phone_prefix">1203</attr>
			<attr name="comment">Connecticut (Bridgeport, Danbury, New Haven, Waterbury, and southwestern Connecticut); Originally covered all of Connecticut; split in 1995 to create 860.Overlain by 475 in December 2009.</attr>
		</record>
		<record type="entity_phone_prefix" id="prefix_1302">
			<attr name="iso_2cc">US</attr>
			<attr name="phone_prefix">1302</attr>
			<attr name="comment">Delaware (all)</attr>
		</record>
		<record type="entity_phone_prefix" id="prefix_1307">
			<attr name="iso_2cc">US</attr>
			<attr name="phone_prefix">1307</attr>
			<attr name="comment">Wyoming (all)</attr>
		</record>
		<record type="entity_phone_prefix" id="prefix_1385">
			<attr name="iso_2cc">US</attr>
			<attr name="phone_prefix">1385</attr>
			<attr name="comment">Utah; Overlain on 801 in 2009.</attr>
		</record>
		<record type="entity_phone_prefix" id="prefix_1401">
			<attr name="iso_2cc">US</attr>
			<attr name="phone_prefix">1401</attr>
			<attr name="comment">Rhode Island (all)</attr>
		</record>
		<record type="entity_phone_prefix" id="prefix_1406">
			<attr name="iso_2cc">US</attr>
			<attr name="phone_prefix">1406</attr>
			<attr name="comment">Montana (all)</attr>
		</record>
		<record type="entity_phone_prefix" id="prefix_1413">
			<attr name="iso_2cc">US</attr>
			<attr name="phone_prefix">1413</attr>
			<attr name="comment">Massachusetts (Springfield, Pittsfield, Holyoke, Greenfield, and most of Western Massachusetts)</attr>
		</record>
		<record type="entity_phone_prefix" id="prefix_1518">
			<attr name="iso_2cc">US</attr>
			<attr name="phone_prefix">1518</attr>
			<attr name="comment">New York State (Albany, Schenectady, Plattsburgh, Saranac Lake, Lake George, Westport, and most of northeastern New York State)</attr>
		</record>
		<record type="entity_phone_prefix" id="prefix_1609">
			<attr name="iso_2cc">US</attr>
			<attr name="phone_prefix">1609</attr>
			<attr name="comment"><![CDATA[
			New Jersey (Trenton, Atlantic City, Princeton, and most of central & southeastern New Jersey); Created in 1958 by split from ]]><ref refid="prefix_1201">201</ref>. Split in 1999 to create 856.
			</attr>				
		</record>
	</data>
</reference_data>