<?xml version="1.0" encoding="UTF-8"?>
<!--<!DOCTYPE rezervace SYSTEM "data.dtd">-->
<!--///////////////////////////////////////////////////////////////////////////////////////////-->
<!--/////////////////////////// REZERVAČNÍ SYSTÉM ///////////////////////////-->
<!--///////////////////////////////////////////////////////////////////////////////////////////-->
<kino xmlns:xsi="http://www.w3.org/2001/XMLSchema-instance" xsi:noNamespaceSchemaLocation="data.xsd">
	<rezervace>
		<!--/////////////////////////////////////////////////////////////////////////////-->
		<!--///////////////////////////  VSTUPENKY ///////////////////////////-->
		<!--/////////////////////////////////////////////////////////////////////////////-->
		<vstupenky>
			<vstupenka id_vstupenky="v01" id_filmu="f01">
				<!--vstupenka na určitý film v určité datum-->
				<osoba xsi:type="osoba_zákazník">
					<jméno>Jan</jméno>
					<příjmení>Janko</příjmení>
					<číslo_průkazu>150216458</číslo_průkazu>
				</osoba>
				<vstupenka_udaje>
					<adresa>
						<název>CINEMA CITY Nový smíchov</název>
						<město>Praha</město>
					</adresa>
					<sál>4</sál>
					<řada>10</řada>
					<sedadlo>12</sedadlo>
				</vstupenka_udaje>
				<cena>
					<částka>199</částka>
					<měna>kč</měna>
				</cena>
				<sleva/>
				<datum>
					<den>08.03.2012 </den>
					<čas>18:00</čas>
				</datum>
				<leták src="./newsletter.pdf">Ano</leták>
			</vstupenka>
			<vstupenka id_vstupenky="v02" id_filmu="f03">
				<!--vstupenka na určitý film v určité datum-->
				<osoba xsi:type="osoba_zákazník">
					<jméno>Karel</jméno>
					<příjmení>Drahoš</příjmení>
					<číslo_průkazu>138426146</číslo_průkazu>
				</osoba>
				<vstupenka_udaje>
					<adresa>
						<název>CINEMA CITY Nový smíchov</název>
						<město>Praha</město>
					</adresa>
					<sál>3</sál>
					<řada>2</řada>
					<sedadlo>4</sedadlo>
				</vstupenka_udaje>
				<cena>
					<částka>150</částka>
					<měna>kč</měna>
				</cena>
				<sleva/>
				<datum>
					<den>12.03.2012 </den>
					<čas>19:00</čas>
				</datum>
				<leták src="./newsletter.pdf">Ano</leták>
			</vstupenka>
		</vstupenky>
		<!--///////////////////////////////////////////////////////////////////-->
		<!--///////////////////////////  FILMY ///////////////////////////-->
		<!--///////////////////////////////////////////////////////////////////-->
		<filmy>
			<film id_filmu="f01" tretiRozmer="ne">
				<!--informace o filmech na programu-->
				<název>Moneyball</název>
				<rok>2011</rok>
				<země>USA</země>
				<osoba xsi:type="osoba_režisér">
					<jméno>Bennett</jméno>
					<příjmení>Miller</příjmení>
					<počet_filmů>21</počet_filmů>
				</osoba>
				<osoba xsi:type="osoba_hudba">
					<jméno>Mychael</jméno>
					<příjmení>Danna</příjmení>
					<hlavní_hudební_nástroj>klávesy</hlavní_hudební_nástroj>
				</osoba>
				<herci>
					<osoba xsi:type="osoba_herec">
						<jméno>Brad</jméno>
						<příjmení>Pitt</příjmení>
						<počet_oscarů_herci>3</počet_oscarů_herci>
					</osoba>
					<osoba xsi:type="osoba_herec">
						<jméno>Jonah</jméno>
						<příjmení>Hill</příjmení>
						<počet_oscarů_herci>0</počet_oscarů_herci>
					</osoba>
					<osoba xsi:type="osoba_herečka">
						<jméno>Robin</jméno>
						<příjmení>Wright</příjmení>
						<počet_oscarů_herečky>0</počet_oscarů_herečky>
					</osoba>
				</herci>
				<žánry>
					<žánr>drama</žánr>
					<žánr>sportovní</žánr>
					<žánr>životopisný</žánr>
				</žánry>
				<délka>
					<hodiny>2</hodiny>
					<minuty>13</minuty>
				</délka>
				<titulky>Ano</titulky>
				<dvd>Ne, k datumu <![CDATA[ <?php echo Date("d.m.Y")?> ]]></dvd>
				<popis>Snímek Moneyball společnosti Columbia Pictures je natočen podle skutečného příběhu Billyho Beaneho (Brad Pitt) – bývalého nadějného hráče baseballu s vyhlídkami na oslnivou kariéru, který se poté, co nedokázal splnit nadějná očekávání, se svou soutěživou povahou raději zaměřil na administrativní stránku tohoto sportu. Na počátku sezóny v roce 2002 se Billy ocitá v zapeklité situaci: jeho špatně financovaný tým Oakland Athletics, zvaný též lidově A's, přišel o své nejlepší hráče (znovu), kteří se nechali zlákat velkými týmy (a s tím souvisejícími nemalými platy) a on je nucen dát svůj tým znovu do pořádku a zahájit sezónu s třetinou původního rozpočtu. V touze po vítězství se Billy rozhodne jít proti klasickým zvyklostem, které v baseballu platí. Zaměří se zcela mimo baseballová hřiště na zneuznané teorie Billyho Jamese a najme Petera Branda (Jonah Hill), inteligentního ekonoma, který vystudoval univerzitu v Yale. Společně se postaví selskému rozumu vyzbrojeni odhodláním vše přehodnotit a vybaveni počítačovou statistickou analýzou, kterou baseballová administrativa dlouhodobě ignoruje. Dospějí k neuvěřitelným závěrům a začnou najímat hráče, které zbytek baseballového světa považuje za příliš nevhodné, příliš staré, příliš nemocné nebo příliš problematické, kteří jsou ale současně všichni velmi nedocenění. Jak se Billy a Peter neúnavně tlačí kupředu, vzbudí jejich nové metody a pozoruhodná sestava outsiderů pozornost ostatních týmů, médií, fanoušků i hlavního manažera jejich vlastního týmu (Philip Seymour Hoffman), který odmítá spolupracovat. Tento experiment ale nakonec vede nejenom ke změnám v tom, jak se baseball hraje, ale také k výsledku, který Billymu definitivně otevře oči a posune ho na zcela novou úroveň.
			</popis>
				<ohodnocení>79%</ohodnocení>
			</film>
			<film id_filmu="f02" tretiRozmer="ano">
				<!--informace o filmech na programu-->
				<název>Ocelová pěst</název>
				<rok>2011</rok>
				<země>USA</země>
				<osoba xsi:type="osoba_režisér">
					<jméno>Shawn</jméno>
					<příjmení>Levy</příjmení>
					<počet_filmů>15</počet_filmů>
				</osoba>
				<osoba xsi:type="osoba_hudba">
					<jméno>Danny</jméno>
					<příjmení>Elfman</příjmení>
					<hlavní_hudební_nástroj>saxofon</hlavní_hudební_nástroj>
				</osoba>
				<herci>
					<osoba xsi:type="osoba_herec">
						<jméno>Hugh</jméno>
						<příjmení>Jackman</příjmení>
						<počet_oscarů_herci>2</počet_oscarů_herci>
					</osoba>
					<osoba xsi:type="osoba_herec">
						<jméno>Dakota</jméno>
						<příjmení>Goyo</příjmení>
						<počet_oscarů_herci>0</počet_oscarů_herci>
					</osoba>
					<osoba xsi:type="osoba_herečka">
						<jméno>Evangeline</jméno>
						<příjmení>Lilly</příjmení>
						<počet_oscarů_herečky>0</počet_oscarů_herečky>
					</osoba>
				</herci>
				<žánry>
					<žánr>akční</žánr>
					<žánr>drama</žánr>
					<žánr>sci-fi</žánr>
					<žánr>sportovní</žánr>
				</žánry>
				<délka>
					<hodiny>2</hodiny>
					<minuty>7</minuty>
				</délka>
				<titulky>Ne</titulky>
				<dvd>Ne, k datumu <![CDATA[ <?php echo Date("d.m.Y")?> ]]></dvd>
				<popis>V akčním snímku z blízké budoucnosti Ocelová pěst představuje Hugh Jackman Charlieho Kentona, bývalého boxera, jehož milovaný sport ovládli dva a půl metru vysocí oceloví roboti a lidé jako Charlie už do něj nadále nijak nezapadají. Protože nemá s kým zápasit a nemá žádné vyhlídky na lepší budoucnost, je nucen přivydělávat si jako promotér robotických zápasů. Daří se mu jakž takž protloukat tím, že dává dohromady mizerné a vysloužilé roboty a cestuje od jednoho turnaje k druhému, kamkoliv, kde je schopen si nějak přivydělat. Když už se zdá, že situace nemůže být zoufalejší a komplikovanější, vpadne mu znenadání a proti jeho vůli do života jeho syn Max (Dakota Goyo), se kterým už delší dobu není v kontaktu. Oba společně spojí síly, aby postavili a vytrénovali nového robota a proměnili ho v boxerského šampiona. Zatímco si buduje jméno v brutálním a nemilosrdném světě robotických zápasů, zjišťuje Charlie, že se mu navzdory všem očekáváním nabízí poslední šance na boxerský comeback.
			</popis>
				<ohodnocení>75%</ohodnocení>
			</film>
			<film id_filmu="f03" tretiRozmer="ne">
				<!--informace o filmech na programu-->
				<název>Temný rytíř</název>
				<rok>2008</rok>
				<země>USA</země>
				<osoba xsi:type="osoba_režisér">
					<jméno>Christopher</jméno>
					<příjmení>Nolan</příjmení>
					<počet_filmů>45</počet_filmů>
				</osoba>
				<osoba xsi:type="osoba_hudba">
					<jméno>Hans</jméno>
					<příjmení>Zimmer</příjmení>
					<hlavní_hudební_nástroj>kytara</hlavní_hudební_nástroj>
				</osoba>
				<herci>
					<osoba xsi:type="osoba_herec">
						<jméno>Christian</jméno>
						<příjmení>Bale</příjmení>
						<počet_oscarů_herci>1</počet_oscarů_herci>
					</osoba>
					<osoba xsi:type="osoba_herec">
						<jméno>Heath</jméno>
						<příjmení>Ledger</příjmení>
						<počet_oscarů_herci>1</počet_oscarů_herci>
					</osoba>
					<osoba xsi:type="osoba_herec">
						<jméno>Aaron</jméno>
						<příjmení>Eckhart</příjmení>
						<počet_oscarů_herci>0</počet_oscarů_herci>
					</osoba>
				</herci>
				<žánry>
					<žánr>akční</žánr>
					<žánr>thriller</žánr>
					<žánr>krimi</žánr>
					<žánr>drama</žánr>
				</žánry>
				<délka>
					<hodiny>2</hodiny>
					<minuty>38</minuty>
				</délka>
				<titulky>Ne</titulky>
				<dvd>Ne, k datumu <![CDATA[ <?php echo Date("d.m.Y")?> ]]></dvd>
				<popis>Akční dobrodružná fantasy v režii Christophera Nolana navazuje na film Batman začíná a Christian Bale si v ní zopakoval roli Batmana/Bruce Waynea v nekončícím boji se zločinem. Wayne v kostýmu netopýřího muže jde spolu s poručíkem Jamesem Gordonem (Gary Oldman) z Gothamské policie po králi zločinců Jokerovi známého podle symbolu - hrací karty s žolíkem - kterou zanechává na místech činu. Vtipálek s prořízlou tváří (Heath Ledger) má tentokrát v plánu Batmanovi dokázat, že slova Gotham a mír nikdy nebudou stát v jedné větě vedle sebe. Na uvolněné místo po bývalém králi místní mafie usedá Sal Maroni (Eric Roberts) a přebírá vládu nad většinou gangů v Gothamu. Na scéně se rovněž objevuje nový státní návladní Harvey Dent (Aaron Eckhart), který by rozdanými kartami (i s žolíkem v balíčku) mohl pořádně zamíchat.
			</popis>
				<ohodnocení>90%</ohodnocení>
			</film>
		</filmy>
	</rezervace>
</kino>
