<?xml version="1.0" encoding="UTF-8"?>
<!DOCTYPE E-shop SYSTEM "eshop.dtd">
<E-shop>
   
   <Office>
		<Name>Nanonull, Inc.</Name>
		<Location>US</Location>
		<Address>
			<street>900 Cummings Center</street>
			<city>Beverly</city>
			<postcode>120 00</postcode>
		</Address>
		<Phone>+1 (321) 555 5155 0</Phone>
		<Email>office@nanonull.com</Email>
		<Department>
			<Name>Administration</Name>
			<Person  >
					<First>Vernon</First>
					<Last>Callaby</Last>
					<Title>Office Manager</Title>
					<Email>v.callaby@nanonull.com</Email>
				    <Address>
						<street>900 Cummings Center</street>
			            <city>Beverly</city>
			            <postcode>120 00</postcode>
		            </Address>
			</Person>
			<Person >
				<First>Frank</First>
				<Last>Further</Last>
				<Title>Accounts Receivable</Title>
				<Email>f.further@nanonull.com</Email>
				 <Address>
						<street>900 Cummings Center</street>
			            <city>Beverly</city>
			            <postcode>120 00</postcode>
		            </Address>
			</Person>
			<Person>
				<First>Loby</First>
				<Last>Matise</Last>
				<Title>Accounting Manager</Title>
				<Email>l.matise@nanonull.com</Email>
				<Address>
						<street>900 Cummings Center</street>
			            <city>Beverly</city>
			            <postcode>120 00</postcode>
		            </Address>
			</Person>
		</Department>
		<Department>
			<Name>Marketing</Name>
			<Person>
				<First>Joe</First>
				<Last>Martin</Last>
				<Title>Marketing Manager Europe</Title>
				<Email>j.martin@nanonull.com</Email>
				<Address>
						<street>900 Cummings Center</street>
			            <city>Beverly</city>
			            <postcode>120 00</postcode>
		            </Address>
			</Person>
			<Person>
				<First>Susi</First>
				<Last>Sanna</Last>
				<Title>Art Director</Title>
				<Email>s.sanna@nanonull.com</Email>
				<Address>
						<street>900 Cummings Center</street>
			            <city>Beverly</city>
			            <postcode>120 00</postcode>
		         </Address>
			</Person>
		</Department>	
		<Department>
			<Name> Technical Support</Name>
			<Person>
				<First>Alex</First>
				<Last>Martin</Last>
				<Title>IT Manager</Title>
				<Email>a.martin@nanonull.com</Email>
				<Address>
						<street>900 Cummings Center</street>
			            <city>Beverly</city>
			            <postcode>120 00</postcode>
		         </Address>
			</Person>
			<Person>
				<First>George</First>
				<Last>Hammer</Last>
				<Title>Web Developer</Title>
				<Email>g.hammer@nanonull.com</Email>
				<Address>
						<street>900 Cummings Center</street>
			            <city>Beverly</city>
			            <postcode>120 00</postcode>
		         </Address>
			</Person>
			<Person>
				<First>Jessica</First>
				<Last>Bander</Last>
				<Title>Support Engineer</Title>
				<Email>j.band@nanonull.com</Email>
				<Address>
						<street>900 Cummings Center</street>
			            <city>Beverly</city>
			            <postcode>120 00</postcode>
		            </Address>
			</Person>
		</Department>
	</Office>
	
<Products>
   <Books>
		  <book idb="b01">
				  <author>Jack Herrington</author>
				  <title>PHP Hacks</title>
				  <publisher>O'Reilly</publisher>
				  <quantity>12</quantity>
	     </book>
	     <book idb="b02">
				  <author>Jack Herrington</author>
				  <title>Podcasting Hacks</title>
				  <publisher>O'Reilly</publisher>
				  <quantity>20</quantity>
		 </book>
		 <book idb="b03" >
				  <author>Cicely Mary Barker</author>
				  <title>How to find flower fairies</title>
				  <publisher>O'Reilly</publisher>
				  <quantity>11</quantity>
		  </book>
		  <book idb="b04" >
				  <author>Cicely Mary Barker</author>
				  <title>Secret garden</title>
				  <publisher>O'Reilly</publisher>
				  <quantity>11</quantity>
		  </book>
		   <book idb="b05" >
				  <author>James Howard</author>
				  <title>Granphic book design</title>
				  <publisher>Kingsley</publisher>
				  <quantity>5</quantity>
			</book>
		   <book  idb="b06">
				  <author>James Mathew Barrie</author>
				  <title>Peter Pan</title>
				  <publisher>Kingsley</publisher>
				  <quantity>15</quantity>
			</book>
		   <book  idb="b07">
				
				  <author>Myrea Pettit</author>
				  <title>Art book </title>
				  <publisher>Kingsley</publisher>
				  <quantity>15</quantity>
			</book>
		   <book  idb="b08" >
				  <author>David Delamare</author>
				  <title>Like a dream</title>
				  <publisher>Kingsley</publisher>
				  <quantity>7</quantity>
		  </book>
	   <book  idb="b09" >
				  <author>James Browns</author>
				  <title>Beautiful soul</title>
				  <publisher>Kingsley</publisher>
				  <quantity>27</quantity>
	  </book>
	    <book   idb="b10" >
				  <author>Nicholas Kassem</author>
				  <title>Designing enterprise</title>
				  <publisher>Kingsley</publisher>
				  <quantity>7</quantity>
	  </book>
  </Books>
   <Cds>
           <music id="m01">
             <author>Richard Clayderman</author>
			  <title>Relax vol.1</title>
			  <quantity>7</quantity>
           </music>
           <music id="m02">
             <author>Richard Clayderman</author>
			  <title>Relax vol.2</title>
			  <quantity>5</quantity>
           </music>
           <music id="m03">
             <author>Richard Clayderman</author>
			  <title>Relax vol.3</title>
			  <quantity>3</quantity>
           </music>
             <game id="g01">
				 <author>SE</author>
				  <title>Final fantasy X</title>
				  <quantity>7</quantity>
            </game>
              <game id="g02">
				 <author>SE</author>
				 <title>Final fantasy XII</title>
				 <quantity>8</quantity>
            </game>
            <movie id="mo01">
				 <title>Harry Potter I</title>
				 <country>USA</country>
				 <quantity>8</quantity>
            </movie>
   
   </Cds>
   </Products>	
	<Orders >
	<order  ido="o1">
		<shipTo >
			<Name>Helen Zoe</Name>
			<Address>	
					<street>47 Eden Street</street>
					<city>Cambridge</city>
					<postcode>126</postcode>
			</Address>
		</shipTo>
		<billTo >
			<Name>Robert Smith</Name>
			<Address>
				<street>8 Oak Avenue</street>
				<city>Old Town</city>
				 <postcode>126</postcode> 
			 </Address>
		</billTo>
		<Items>
			<item idit="m01">
					<productName>Relax vol.1</productName>
					<quantity>2</quantity>
					<price>99.95</price>
					<shipDate>1999-12-05</shipDate>
			</item>
			<item idit="m02">
					<productName>Relax vol.2</productName>
					<quantity>1</quantity>
					<price>248.90</price>
					<shipDate>2000-02-14</shipDate>
			</item>
			<item idit="b01">
					<productName>Uncut diamond</productName>
					<quantity>7</quantity>
					<price>79.90</price>
					<shipDate>2000-01-07</shipDate>
			</item>
			<item idit="g01">
					<productName>Final Fantasy X</productName>
					<quantity>3</quantity>
					<price>89.90</price>
					<shipDate>2000-01-07</shipDate>
			</item>
			<item idit="g02">
					<productName>Final Fantasy XII</productName>
					<quantity>1</quantity>
					<price>4879.00</price>
					<shipDate>1999-12-05</shipDate>
			</item>
			<item idit="mo01">
					<productName>Harry Potter I</productName>
					<quantity>5</quantity>
					<price>179.90</price>
					<shipDate>2000-02-14</shipDate>
			</item>
		</Items>
	</order>
</Orders>


</E-shop>