<?xml version="1.0" encoding="UTF-8"?>
<E-shop>
	<Office>
		<Name>Nanonull, Inc.</Name>
		<Location>US</Location>
		<Address>
			<ipo:street>900 Cummings Center</ipo:street>
			<ipo:city>Beverly</ipo:city>
			<ipo:state>MA</ipo:state>
			<ipo:zip>01915</ipo:zip>
		</Address>
		<Phone>+1 (321) 555 5155 0</Phone>
		<Fax>+1 (321) 555 5155 4</Fax>
		<EMail>office@nanonull.com</EMail>
		<Department>
			<Name>Administration</Name>
			<Person>
				<First>Vernon</First>
				<Last>Callaby</Last>
				<Title>Office Manager</Title>
				<PhoneExt>582</PhoneExt>
				<EMail>v.callaby@nanonull.com</EMail>
				<Shares>1500</Shares>
				<LeaveTotal>25</LeaveTotal>
				<LeaveUsed>4</LeaveUsed>
				<LeaveLeft>21</LeaveLeft>
			</Person>
			<Person>
				<First>Frank</First>
				<Last>Further</Last>
				<Title>Accounts Receivable</Title>
				<PhoneExt>471</PhoneExt>
				<EMail>f.further@nanonull.com</EMail>
				<Shares>0</Shares>
				<LeaveTotal>22</LeaveTotal>
				<LeaveUsed>2</LeaveUsed>
				<LeaveLeft>20</LeaveLeft>
			</Person>
			<Person>
				<First>Loby</First>
				<Last>Matise</Last>
				<Title>Accounting Manager</Title>
				<PhoneExt>963</PhoneExt>
				<EMail>l.matise@nanonull.com</EMail>
				<LeaveTotal>25</LeaveTotal>
				<LeaveUsed>7</LeaveUsed>
				<LeaveLeft>18</LeaveLeft>
			</Person>
		</Department>
		<Department>
			<Name>Marketing</Name>
			<Person>
				<First>Joe</First>
				<Last>Martin</Last>
				<Title>Marketing Manager Europe</Title>
				<PhoneExt>620</PhoneExt>
				<EMail>j.martin@nanonull.com</EMail>
				<Shares>2000</Shares>
				<LeaveTotal>30</LeaveTotal>
				<LeaveUsed>14</LeaveUsed>
				<LeaveLeft>16</LeaveLeft>
			</Person>
			<Person>
				<First>Susi</First>
				<Last>Sanna</Last>
				<Title>Art Director</Title>
				<PhoneExt>622</PhoneExt>
				<EMail>s.sanna@nanonull.com</EMail>
				<Shares>1000</Shares>
				<LeaveTotal>22</LeaveTotal>
				<LeaveUsed>1</LeaveUsed>
				<LeaveLeft>21</LeaveLeft>
			</Person>
		</Department>	
		<Department>
			<Name>IT &amp; Technical Support</Name>
			<Person>
				<First>Alex</First>
				<Last>Martin</Last>
				<Title>IT Manager</Title>
				<PhoneExt>778</PhoneExt>
				<EMail>a.martin@nanonull.com</EMail>
				<Shares>2000</Shares>
				<LeaveTotal>22</LeaveTotal>
				<LeaveUsed>10</LeaveUsed>
				<LeaveLeft>12</LeaveLeft>
			</Person>
			<Person>
				<First>George</First>
				<Last>Hammer</Last>
				<Title>Web Developer</Title>
				<PhoneExt>223</PhoneExt>
				<EMail>g.hammer@nanonull.com</EMail>
				<Shares>0</Shares>
				<LeaveTotal>19</LeaveTotal>
				<LeaveUsed>9</LeaveUsed>
				<LeaveLeft>10</LeaveLeft>
			</Person>
			<Person>
				<First>Jessica</First>
				<Last>Bander</Last>
				<Title>Support Engineer</Title>
				<PhoneExt>241</PhoneExt>
				<EMail>j.band@nanonull.com</EMail>
				<Shares>0</Shares>
				<LeaveTotal>25</LeaveTotal>
				<LeaveUsed>13</LeaveUsed>
				<LeaveLeft>12</LeaveLeft>
			</Person>
			<Person>
				<First>Lui</First>
				<Last>King</Last>
				<Title>Support Engineer</Title>
				<PhoneExt>345</PhoneExt>
				<EMail>l.king@nanonull.com</EMail>
				<Shares>500</Shares>
				<LeaveTotal>20</LeaveTotal>
				<LeaveUsed>6</LeaveUsed>
				<LeaveLeft>14</LeaveLeft>
			</Person>
		</Department>
	</Office>
	<purchaseOrder >
	<shipTo export-code="1" xsi:type="ipo:EU-Address">
		<ipo:name>Helen Zoe</ipo:name>
		<ipo:street>47 Eden Street</ipo:street>
		<ipo:city>Cambridge</ipo:city>
		<ipo:postcode>126</ipo:postcode>
	</shipTo>
	<billTo xsi:type="ipo:US-Address">
		<ipo:name>Robert Smith</ipo:name>
		<ipo:street>8 Oak Avenue</ipo:street>
		<ipo:city>Old Town</ipo:city>
		<ipo:state>AK</ipo:state>
		<ipo:zip>95819</ipo:zip>
	</billTo>
	<Items>
		<item partNum="833-AA">
			<productName>Lapis necklace</productName>
			<quantity>2</quantity>
			<price>99.95</price>
			<ipo:comment>Need this for the holidays!</ipo:comment>
			<shipDate>1999-12-05</shipDate>
		</item>
		<item partNum="748-OT">
			<productName>Diamond heart</productName>
			<quantity>1</quantity>
			<price>248.90</price>
			<ipo:comment>Valentine's day packaging.</ipo:comment>
			<shipDate>2000-02-14</shipDate>
		</item>
		<item partNum="783-KL">
			<productName>Uncut diamond</productName>
			<quantity>7</quantity>
			<price>79.90</price>
			<shipDate>2000-01-07</shipDate>
		</item>
		<item partNum="238-KK">
			<productName>Amber ring</productName>
			<quantity>3</quantity>
			<price>89.90</price>
			<ipo:comment>With no inclusions, please.</ipo:comment>
			<shipDate>2000-01-07</shipDate>
		</item>
		<item partNum="229-OB">
			<productName>Pearl necklace</productName>
			<quantity>1</quantity>
			<price>4879.00</price>
			<shipDate>1999-12-05</shipDate>
		</item>
		<item partNum="128-UL">
			<productName>Jade earring</productName>
			<quantity>5</quantity>
			<price>179.90</price>
			<shipDate>2000-02-14</shipDate>
		</item>
	</Items>
</purchaseOrder>

</E-shop>	