<?xml version="1.0" encoding="UTF-8"?>
<!DOCTYPE davka SYSTEM "data.dtd">
<!-- XML obsahuje jen minimální data, 
pro větší data by bylo vhodné použít nějaký automatický plnič,
nebo data importovat z databáze.
-->
<davka>
	<doklad id="d0001" refId="d0003" typ="objednavka">
		<datum><?php echo Date("d.m.Y")?></datum>
		<firma>
			<adresa>
				<fakturacni>
					<jmeno>Alois Maňas</jmeno>
					<ulice>U náhonu 14</ulice>
					<mesto>Praha</mesto>
					<psc>100 00</psc>
				</fakturacni>
			</adresa>
			<email>aloiz@manas.cz</email>
		</firma>
		<cena>25 000</cena>
		<dph>20</dph>
		<forma>hotově</forma>
		<mena zkratka="czk" nazev="Česká koruna"></mena>
		<polozka>
			<kod>THS001</kod>
			<nazev>Nosič Thule</nazev>
			<cena>1000</cena>
			<dph>20</dph>
			<mnozstvi>25</mnozstvi>
		</polozka>
		<dokument>obj1.pdf</dokument>
		<text>Objednávka vytvořena po telefonické domluvě</text>
		<poznamka>
			<datum>2011-3-1 14:00:00</datum>
			<note>Klientovi zavolat 3.3.2011 ve 14 hodin</note>
		</poznamka>
	</doklad>
	<doklad id="d0002" refId="d0003" typ="objednavka">
		<datum><?php echo Date("d.m.Y")?></datum>
		<firma>
			<adresa>
				<fakturacni>
					<jmeno>Alois Maňas</jmeno>
					<ulice>U náhonu 14</ulice>
					<mesto>Praha</mesto>
					<psc>100 00</psc>
				</fakturacni>
			</adresa>
			<email>aloiz@manas.cz</email>
		</firma>
		<cena>14 000</cena>
		<dph>20</dph>
		<forma>hotově</forma>
		<mena zkratka="czk" nazev="Česká koruna"></mena>
		<polozka>
			<kod>THS002</kod>
			<nazev>Nosič Thule kombinovany</nazev>
			<cena>2000</cena>
			<dph>20</dph>
			<mnozstvi>3</mnozstvi>
		</polozka>
		<polozka>
			<kod>THS003</kod>
			<nazev>Zahrádka typová - Audi A4</nazev>
			<cena>4000</cena>
			<dph>20</dph>
			<mnozstvi>2</mnozstvi>
		</polozka>
		<text>Objednávka přijata mailem, spojit do jedne faktury s objednavkou d0001</text>
	</doklad>
	<doklad id="d0003" refAg="d0001 d0002" typ="faktura">
		<datum>2011-3-4 8:00:00</datum>
		<splatnost>2011-3-4</splatnost>
		<firma>
			<adresa>
				<fakturacni>
					<jmeno>Alois Maňas</jmeno>
					<ulice>U náhonu 14</ulice>
					<mesto>Praha</mesto>
					<psc>100 00</psc>
				</fakturacni>
			</adresa>
			<email>aloiz@manas.cz</email>
		</firma>
		<cena>39 000</cena>
		<dph>20</dph>
		<forma>hotově</forma>
		<mena zkratka="czk" nazev="Česká koruna"></mena>
		<text>&fakt1;<noPrint>objednáívky d0001 a d0002</noPrint></text>
		<poznamka>
			<datum>2011-3-4</datum>
			<note><![CDATA[
				mail("alois@manas.cz","faktura", "zasilame fakturu");
				]]>
			</note>
		</poznamka>
	</doklad>	
</davka>