<?xml version="1.0" encoding="UTF-8"?>
<!DOCTYPE data SYSTEM "data.dtd">
<data>
	<!--rezervace vstupnek do kina -->
	<rezervace-vstupenek id="A2">
		<zakaznik rodneCislo="B1">
			<vek>16 </vek>
		<jmeno>Petr</jmeno>
	 <prijmeni>Novak</prijmeni>	
			<adresa>
				<ulice>Konevova 13 </ulice>
				<mesto>Praha 3</mesto>
				<PSC>130 00</PSC>
			</adresa>
		</zakaznik>
		
		<zakaznik rodneCislo="B2">
			<vek>23</vek>
			<jmeno>Eliska</jmeno>
			<prijmeni>Novakova</prijmeni>
			<adresa>
				<ulice>Konevova 23</ulice>
				<mesto>Praha 2</mesto>
				<PSC>130 00</PSC>
			</adresa>
		</zakaznik>

		
		<vstupenky>
			<vstupenek idVstupenek="CZ1">
				<informace>
					<vstupne>120 kc</vstupne>
					<film>XML FOREVER</film>
					<!--doba trvani-->
					<cas>
						<zacatek>17:30</zacatek>
						<konec> 20:00</konec>
					</cas>
					<datum>
						<?php echo Data("d.m.Y")?>
					</datum>
					<mistnost>
						<sal>cislo 3</sal>
						<sedadlo>4</sedadlo>
					</mistnost>
					
					<jmeno> Petr</jmeno>
					<prijmeni>Novak</prijmeni>
					
					
					<typ-vstupenek typ="Normalni"/>
					<!--spolecnost co provozuje kino-->
					<spolecnost><![CDATA[  
for(i=0;i<3;i++)
{
document.writeln("< PALACE CINEMA >")

}
]]></spolecnost>
					<obsah-filmu>
						<kratky-popis>
   pribehl od chlapce co vyrustal s HTML a jednoho dne spatril xML a zamiluje se do ni.
</kratky-popis>
					</obsah-filmu>
					
					<vedlejsi-inf>
						<herec>
							<jmeno> Franta</jmeno>
						</herec>
						<reziser> &author;</reziser>
					</vedlejsi-inf>
				</informace>
			</vstupenek>
			
			<vstupenek idVstupenek="CZ2">
				<informace>
					<vstupne>100</vstupne>
					<film>XPath forever</film>
					<cas>
						<zacatek>13:00</zacatek>
						<konec>17:00</konec>
					</cas>
					<datum>15.2.2012</datum>
					<mistnost>
						<sal>a4</sal>
						<sedadlo>34</sedadlo>
					</mistnost>
					<jmeno>Zabijakt</jmeno>
					<prijmeni>Steel</prijmeni>
						<typ-vstupenek typ="Normalni"/>
					<spolecnost>Palace Cinema</spolecnost>
					<obsah-filmu>
						<kratky-popis>Film o Xpath</kratky-popis>
					</obsah-filmu>
					<vedlejsi-inf>
						<herec>
							<jmeno>Petr Xpath</jmeno>
						</herec>
						<reziser>Brad Xpath</reziser>
					</vedlejsi-inf>
				</informace>
			</vstupenek>
			
			<vstupenek idVstupenek="CZ3">
				<informace>
					<vstupne>200</vstupne>
					<film>XML a XPath</film>
					<cas>
						<zacatek>20:00</zacatek>
						<konec>22:00</konec>
					</cas>
					<datum>15.3.2012</datum>
					<mistnost>
						<sal>3a</sal>
						<sedadlo>34</sedadlo>
					</mistnost>
					<jmeno>XML Novakova</jmeno>
					<prijmeni>Zabijak</prijmeni>
						<typ-vstupenek typ="Normalni"/>
					<spolecnost>XML a.s</spolecnost>
					<obsah-filmu>
						<kratky-popis>film o XML a Xpath</kratky-popis>
					</obsah-filmu>
					<vedlejsi-inf>
						<herec>
							<jmeno>XML Zabijak</jmeno>
						</herec>
						<reziser>Xpath milovnik</reziser>
					</vedlejsi-inf>
				</informace>
			</vstupenek>
			
			
		</vstupenky>
		
		
		
		
		
		
		
		
		

		<!--odkaz na vstupenku -->
		<zprava> vstupenek <ref refNaVstupenku="CZ1"/>  je od 16 let ?</zprava>
	</rezervace-vstupenek>
</data>
