<?xml version="1.0" encoding="utf-8" ?>
<!DOCTYPE football_club [
  <!-- deklarace entit -->
<!ENTITY premierleague "Premier League">
<!ENTITY championsleague "Champions League">

<!-- v klubu musi byt informace, zamestnanci, hraci, a mohou byt i zapasy-->
<!ELEMENT football_club (info, staff, players, fixtures?)>
<!ELEMENT info (name, fullname, nickname, founded, ground, training_ground, city, nation, league, last_season_standing)>
<!ELEMENT name (#PCDATA)>
<!ELEMENT fullname (#PCDATA)>
<!ELEMENT nickname (#PCDATA)>
<!ELEMENT founded (#PCDATA)>
<!ELEMENT ground (#PCDATA)>
<!ELEMENT training_ground (#PCDATA)>
<!ELEMENT city (#PCDATA)>
<!ELEMENT nation (#PCDATA)>
<!ELEMENT league (#PCDATA)>
<!ELEMENT last_season_standing (#PCDATA)>
<!ELEMENT staff (management, coaches?, physiotherapists?, scouts?)>
<!-- klub musi mit vlastnika, muze nebo nemusi mit CEO a manazera, muze nebo nemusi mit vice reditelu -->
<!ELEMENT management (chairman, chief_executive_officer?, manager?, director*)>
<!ELEMENT chairman (name, nation?, date_of_birth?, contract?)>
<!ELEMENT date_of_birth (#PCDATA)>
<!ELEMENT chief_executive_officer (name, nation?, date_of_birth?)>
<!ELEMENT manager (name, nation, date_of_birth, contract)>
<!-- zacatek kontraktu, konec kontraktu a mzda mohou byt v jakemkoliv poradi-->
<!ELEMENT contract ((started, expires, wage)|(started, wage, expires)|(expires, started, wage)|(expires, wage, started)|(wage, started, expires)|(wage, expires, started))>
<!ELEMENT started (#PCDATA)>
<!ELEMENT expires (#PCDATA)>
<!ELEMENT wage (#PCDATA)>
<!-- v klubu muze byt zamestnano libovolne mnozstvi treneru -->
<!ELEMENT coaches (coach)*>
<!-- vyplneni narodnosti u trenera neni povinne-->
<!ELEMENT coach (name, nation?, contract)>
<!ELEMENT physiotherapists (physiotherapist)*>
<!ELEMENT physiotherapist (name, nation?, contract)>
<!ELEMENT scouts (scout)*>
<!ELEMENT scout (name, nation?, contract)>
<!ELEMENT players (player)*>
<!ELEMENT player (name, nation, date_of_birth, number, contract, homegrown?)>
<!ELEMENT number (#PCDATA)>
<!ELEMENT homegrown EMPTY>
<!ELEMENT fixtures (match)*>
<!ELEMENT match (opponent, date, place, competition, captain)>
<!-- smiseny obsah, bud se vepise souper, nebo rovnou nadefinuje-->
<!ELEMENT opponent (#PCDATA|football_club)*>
<!ELEMENT date (#PCDATA)>
<!-- misto zapasu muze byt jakekoliv-->
<!ELEMENT place ANY>
<!ELEMENT competition (#PCDATA)>
<!-- prazdny element -->
<!ELEMENT captain EMPTY>

<!-- stadion by mel mit ID-->
<!ATTLIST ground id ID #REQUIRED>
<!ATTLIST chairman id ID #REQUIRED>
<!-- trener muze zastupovat pouze 4 role, ale vyplneni role neni povinne-->
<!ATTLIST chief_executive_officer id ID #REQUIRED>
<!ATTLIST manager id ID #REQUIRED>
<!ATTLIST coach id ID #REQUIRED
    job (assistant_manager|coach|fitness_coach|goalkeeper_coach) #IMPLIED>
<!ATTLIST physiotherapist id ID #REQUIRED>
<!ATTLIST scout id ID #REQUIRED>
<!-- pokud hrac nebo zamestnanec nema kontrakt, musi byt explicitne deklarovano-->
<!ATTLIST contract type (none|youth|part_time|full_time) #REQUIRED>
<!ATTLIST player id ID #REQUIRED
    squad (first_team|reserve_team|u18) #IMPLIED
    position (goalkeeper|defender|midfielder|forward) #REQUIRED>
<!ATTLIST match id ID #REQUIRED
    squad IDREFS #REQUIRED
    referee CDATA #IMPLIED>
<!-- pokud existuje ID stadionu, mela by na nej byt pouzita reference-->
<!ATTLIST place stadiumRef IDREF #IMPLIED>
<!-- kapitan tymu pro zapas musi byt urcen-->
<!ATTLIST captain playerRef IDREF #REQUIRED>
]>

<football_club>
    <info>
        <name>Arsenal</name>
        <fullname>Arsenal Football Club</fullname>
        <nickname>The Gunners</nickname>
        <founded>1886</founded>
        <ground id="emiratesstadium">Emirates Stadium</ground>
        <training_ground>London Colney</training_ground>
        <city>London</city>
        <nation>England</nation>
        <league>&premierleague;</league>
        <last_season_standing>4</last_season_standing>
    </info>
    <staff>
        <management>
            <chairman id="chr01">
                <name>Sir Chips Keswick</name>
                <nation>England</nation>
                <date_of_birth>2.2.1940</date_of_birth>
            </chairman>
            <chief_executive_officer id="ceo01">
                <name>Ivan Gazidis</name>
                <nation>South Africa</nation>
                <date_of_birth>13.9.1964</date_of_birth>
            </chief_executive_officer>
            <manager id="mgr01">
                <name>Arsène Wenger</name>
                <nation>France</nation>
                <date_of_birth>22.10.1949</date_of_birth>
                <contract type="full_time">
                    <!-- 5 urovni -->
                    <started>14.8.2010</started>
                    <expires>30.6.2014</expires>
                    <wage>115000</wage>
                </contract>
            </manager>
        </management>
        <coaches>
            <coach id="cch01" job="assistant_manager">
                <name>Steve Bould</name>
                <nation>England</nation>
                <contract type="full_time">
                    <started>1.7.2012</started>
                    <expires>30.6.2015</expires>
                    <wage>19999</wage>
                </contract>
            </coach>
            <coach id="cch02" job="coach">
                <name>Boro Primorac</name>
                <nation>Bosnia &amp; Herzegovina</nation>
                <contract type="full_time">
                    <started>15.5.2011</started>
                    <expires>30.6.2014</expires>
                    <wage>30000</wage>
                </contract>
            </coach>
            <coach id="cch03" job="fitness_coach">
                <name>Tony Colbert</name>
                <nation>England</nation>
                <contract type="full_time">
                    <started>1.7.2010</started>
                    <expires>30.6.2013</expires>
                    <wage>2199</wage>
                </contract>
            </coach>
            <coach id="cch04" job="goalkeeper_coach">
                <name>Gerry Peyton</name>
                <nation>Ireland</nation>
                <contract type="full_time">
                    <started>1.7.2010</started>
                    <expires>30.6.2013</expires>
                    <wage>3000</wage>
                </contract>
            </coach>
        </coaches>
        <physiotherapists>
            <physiotherapist id="phs01">
                <name>Colin Lewin</name>
                <nation>England</nation>
                <contract type="full_time">
                    <started>1.7.2009</started>
                    <expires>30.6.2013</expires>
                    <wage>2999</wage>
                </contract>
            </physiotherapist>
        </physiotherapists>
        <scouts>
            <scout id="sct01">
                <name>Steve Rowley</name>
                <nation>England</nation>
                <contract type="full_time">
                    <started>1.7.2010</started>
                    <expires>30.6.2013</expires>
                    <wage>5199</wage>
                </contract>
            </scout>
            <scout id="sct02">
                <name>Gilles Grimandi</name>
                <nation>France</nation>
                <contract type="full_time">
                    <started>1.7.2010</started>
                    <expires>30.6.2014</expires>
                    <wage>1799</wage>
                </contract>
            </scout>
        </scouts>
    </staff>
    <players>
        <player id="p1" squad="first_team" position="goalkeeper">
            <name>Wojciech Szczesny</name>
            <nation>Poland</nation>
            <date_of_birth>18.4.1990</date_of_birth>
            <number>1</number>
            <contract type="full_time">
                <started>11.11.2010</started>
                <expires>30.6.2015</expires>
                <wage>30000</wage>
            </contract>
            <homegrown />
        </player>
        <player id="p21" squad="first_team" position="goalkeeper">
            <name>Lukasz Fabianski</name>
            <nation>Poland</nation>
            <date_of_birth>18.4.1985</date_of_birth>
            <number>21</number>
            <contract type="full_time">
                <started>12.6.2009</started>
                <expires>30.6.2013</expires>
                <wage>20000</wage>
            </contract>
        </player>
        <player id="p36" squad="reserve_team" position="goalkeeper">
            <name>Damián Martínez</name>
            <nation>Argentina</nation>
            <date_of_birth>2.9.1992</date_of_birth>
            <number>36</number>
            <contract type="full_time">
                <started>2.9.2010</started>
                <expires>30.6.2014</expires>
                <wage>1999</wage>
            </contract>
            <homegrown />
        </player>
        <player id="p6" squad="first_team" position="defender">
            <name>Laurent Koscielny</name>
            <nation>France</nation>
            <date_of_birth>10.9.1985</date_of_birth>
            <number>6</number>
            <contract type="full_time">
                <started>24.7.2012</started>
                <expires>30.6.2017</expires>
                <wage>60000</wage>
            </contract>
        </player>
        <player id="p4" squad="first_team" position="defender">
            <name>Per Mertesacker</name>
            <nation>Germany</nation>
            <date_of_birth>29.9.1984</date_of_birth>
            <number>4</number>
            <contract type="full_time">
                <started>31.8.2011</started>
                <expires>30.6.2015</expires>
                <wage>80000</wage>
            </contract>
        </player>
        <player id="p25" squad="first_team" position="defender">
            <name>Carl Jenkinson</name>
            <nation>England</nation>
            <date_of_birth>8.2.1992</date_of_birth>
            <number>25</number>
            <contract type="full_time">
                <started>12.11.2012</started>
                <expires>30.6.2018</expires>
                <wage>24999</wage>
            </contract>
            <homegrown />
        </player>
        <player id="p5" squad="first_team" position="defender">
            <name>Thomas Vermaelen</name>
            <nation>Belgium</nation>
            <date_of_birth>14.11.1985</date_of_birth>
            <number>5</number>
            <contract type="full_time">
                <started>18.10.2011</started>
                <expires>30.6.2015</expires>
                <wage>69999</wage>
            </contract>
        </player>
        <player id="p17" squad="first_team" position="defender">
            <name>Natxo Monreal</name>
            <nation>Spain</nation>
            <date_of_birth>26.2.1986</date_of_birth>
            <number>17</number>
            <contract type="full_time">
                <started>31.1.2013</started>
                <expires>30.6.2017</expires>
                <wage>34782</wage>
            </contract>
        </player>
        <player id="p3" squad="first_team" position="defender">
            <name>Bacary Sagna</name>
            <nation>France</nation>
            <date_of_birth>14.2.1983</date_of_birth>
            <number>3</number>
            <contract type="full_time">
                <started>10.5.2008</started>
                <expires>30.6.2014</expires>
                <wage>40000</wage>
            </contract>
        </player>
        <player id="p28" squad="first_team" position="defender">
            <name>Kieran Gibbs</name>
            <nation>England</nation>
            <date_of_birth>26.9.1989</date_of_birth>
            <number>28</number>
            <contract type="full_time">
                <started>19.12.2012</started>
                <expires>30.6.2018</expires>
                <wage>39999</wage>
            </contract>
            <homegrown />
        </player>
        <player id="p10" squad="first_team" position="midfielder">
            <name>Jack Wilshere</name>
            <nation>England</nation>
            <date_of_birth>1.1.1992</date_of_birth>
            <number>10</number>
            <contract type="full_time">
                <started>9.12.2012</started>
                <expires>30.6.2018</expires>
                <wage>79999</wage>
            </contract>
            <homegrown />
        </player>
        <player id="p8" squad="first_team" position="midfielder">
            <name>Mikel Arteta</name>
            <nation>Spain</nation>
            <date_of_birth>28.3.1982</date_of_birth>
            <number>8</number>
            <contract type="full_time">
                <started>31.8.2011</started>
                <expires>30.6.2015</expires>
                <wage>65000</wage>
            </contract>
        </player>
        <player id="p16" squad="first_team" position="midfielder">
            <name>Aaron Ramsey</name>
            <nation>Wales</nation>
            <date_of_birth>26.12.1990</date_of_birth>
            <number>16</number>
            <contract type="full_time">
                <started>19.12.2012</started>
                <expires>30.6.2018</expires>
                <wage>59999</wage>
            </contract>
            <homegrown />
        </player>
        <player id="p47" squad="u18" position="midfielder">
            <name>Serge Gnabry</name>
            <nation>Germany</nation>
            <date_of_birth>14.7.1995</date_of_birth>
            <number>47</number>
            <contract type="youth">
                <started>1.7.2011</started>
                <expires>30.6.2014</expires>
                <wage>0</wage>
            </contract>
            <homegrown />
        </player>
        <player id="p7" squad="first_team" position="midfielder">
            <name>Tomáš Rosický</name>
            <nation>Czech Republic</nation>
            <date_of_birth>4.10.1980</date_of_birth>
            <number>7</number>
            <contract type="full_time">
                <started>12.3.2012</started>
                <expires>30.6.2014</expires>
                <wage>49999</wage>
            </contract>
        </player>
        <player id="p19" squad="first_team" position="midfielder">
            <name>Santi Cazorla</name>
            <nation>Spain</nation>
            <date_of_birth>13.12.1984</date_of_birth>
            <number>19</number>
            <contract type="full_time">
                <started>7.8.2012</started>
                <expires>30.6.2016</expires>
                <wage>70000</wage>
            </contract>
        </player>
        <player id="p15" squad="first_team" position="midfielder">
            <name>Alex Oxlade-Chaimberlain</name>
            <nation>England</nation>
            <date_of_birth>15.8.1993</date_of_birth>
            <number>15</number>
            <contract type="full_time">
                <started>19.12.2012</started>
                <expires>30.6.2018</expires>
                <wage>51999</wage>
            </contract>
            <homegrown />
        </player>
        <player id="p11" squad="first_team" position="midfielder">
            <name>Mesut Özil</name>
            <nation>Germany</nation>
            <date_of_birth>15.10.1988</date_of_birth>
            <number>11</number>
            <contract type="full_time">
                <started>17.8.2013</started>
                <expires>30.6.2019</expires>
                <wage>83326</wage>
            </contract>
        </player>
        <player id="p32" squad="reserve_team" position="midfielder">
            <name>Ryô Miyaichi</name>
            <nation>Japan</nation>
            <date_of_birth>14.12.1992</date_of_birth>
            <number>32</number>
            <contract type="full_time">
                <started>1.1.2011</started>
                <expires>30.6.2016</expires>
                <wage>4999</wage>
            </contract>
            <homegrown />
        </player>
        <player id="p14" squad="first_team" position="forward">
            <name>Theo Walcott</name>
            <nation>England</nation>
            <date_of_birth>16.3.1989</date_of_birth>
            <number>14</number>
            <contract type="full_time">
                <started>18.1.2013</started>
                <expires>30.6.2016</expires>
                <wage>99999</wage>
            </contract>
            <homegrown />
        </player>
        <player id="p9" squad="first_team" position="forward">
            <name>Lukas Podolski</name>
            <nation>Germany</nation>
            <date_of_birth>4.6.1985</date_of_birth>
            <number>9</number>
            <contract type="full_time">
                <started>1.7.2012</started>
                <expires>30.6.2016</expires>
                <wage>100000</wage>
            </contract>
        </player>
        <player id="p12" squad="first_team" position="forward">
            <name>Olivier Giroud</name>
            <nation>France</nation>
            <date_of_birth>30.9.1986</date_of_birth>
            <number>12</number>
            <contract type="full_time">
                <started>1.7.2012</started>
                <expires>30.6.2016</expires>
                <wage>50000</wage>
            </contract>
        </player>
    </players>
    <fixtures>
        <match id="m01" squad="p1 p6 p4 p25 p17 p8 p10 p7 p11 p14 p12" referee="Mark Webb">
            <opponent>Tottenham Hotspur</opponent>
            <date>1.9.2013</date>
            <place stadiumRef="emiratesstadium" />
            <competition>&premierleague;</competition>
            <captain playerRef="p10" />
        </match>
        <match id="m02" squad="p1 p6 p4 p28 p3 p16 p10 p7 p11 p19 p9" referee="Andree Marriner">
            <opponent>Borussia Dortmund</opponent>
            <date>22.10.2013</date>
            <place stadiumRef="emiratesstadium" />
            <competition>&championsleague;</competition>
            <captain playerRef="p7" />
        </match>
    </fixtures>
</football_club>