<?xml version="1.0" encoding="UTF-8" ?>
	<!DOCTYPE knihkupectvi SYSTEM "data.dtd">
	<knihkupectvi>
		<autor id_a="a_1">
			<jmeno>Jaroslav Foglar</jmeno>
			<jazyk>cs</jazyk>
			<cv>
				<narozeni>
					<datum>
						<den>6</den>
						<mesic>7</mesic>
						<rok>1907</rok>
					</datum>
					<misto>Praha</misto>
				</narozeni>
				<umrti>
					<datum>
						<den>23</den>
						<mesic>1</mesic>
						<rok>1999</rok>
					</datum>
					<misto>Praha</misto>
				</umrti>
			</cv>
		</autor>
		
		<autor id_a="a_2">
			<jmeno>Heinrich Böll</jmeno>
			<jazyk>de</jazyk>
			<cv>
				<narozeni>
					<datum>
						<rok>1917</rok>
					</datum>
					<misto>Kolín nad Rýnem</misto>
				</narozeni>
				<umrti>
					<datum>
						<rok>1985</rok>
					</datum>
				</umrti>
			</cv>
		</autor>
				
		<nakladatelstvi id_n="n_1">
			<nazev>Albatros</nazev>
			<adresa>
				<mesto>Praha 4</mesto>
				<ulice>Na Pankráci</ulice>
				<cp>30/1618</cp>
				<psc>140 00</psc>
			</adresa>
		</nakladatelstvi>
		<nakladatelstvi id_n="n_2">
			<nazev>Garamond</nazev>
			<adresa>
				<mesto>Praha 1</mesto>
				<ulice>Soukenická</ulice>
				<cp>8</cp>
				<psc>110 00</psc>
			</adresa>
		</nakladatelstvi>
		
		<kniha isbn="i_121">
			<titul>Ztracená čest</titul>
			<cena>250</cena>
			<autorRef ref="a_2"/>
			<naklRef ref="n_2"/>
		</kniha>
		<kniha isbn="i_122">
			<titul>Přístav volá</titul>
			<cena>189</cena>
			<autorRef ref="a_2"/>
			<naklRef ref="n_2"/>
			<poznamka> Další informace k nalezeni <odkaz href="http://www.musteraddresse.cz">zde</odkaz>.</poznamka>
		</kniha>
		<kniha isbn="i_123">
			<titul>Strach nad Bobří řekou</titul>
			<cena>180</cena>
			<autorRef ref="a_1"/>
			<naklRef ref="n_1"/>	
			<rokVydani>1990</rokVydani>
			<poznamka> Další informace k nalezeni <odkaz href="&odkaz;">zde</odkaz>.</poznamka>		
		</kniha>
		<kniha isbn="i_124">
			<titul>Strach nad Bobří řekou</titul>
			<cena>180</cena>
			<autorRef ref="a_1"/>
			<naklRef ref="n_1"/>	
			<rokVydani>1990</rokVydani>
			<poznamka> Další informace k nalezeni <odkaz href="&odkaz;">zde</odkaz>.</poznamka>		
		</kniha>
		<kniha isbn="i_125">
			<titul>Když Duben přichází</titul>
			<cena>180</cena>
			<autorRef ref="a_1"/>
			<naklRef ref="n_1"/>	
			<rokVydani>1989</rokVydani>
		</kniha>
		<kniha isbn="i_126">
			<titul>Rychlé Šípy</titul>
			<cena>560</cena>
			<autorRef ref="a_1"/>
			<naklRef ref="n_1"/>	
			<rokVydani>1950</rokVydani>		
		</kniha>
		<kniha isbn="i_127">
			<titul>Devadesátka pokračuje</titul>
			<cena>199</cena>
			<autorRef ref="a_1"/>
			<naklRef ref="n_1"/>	
			<rokVydani>1980</rokVydani>
			<poznamka>Momentálně není na skladě. Všem se moc omlouváme.</poznamka>		
		</kniha>
		<kniha isbn="i_128">
			<titul>Und sagte kein einziges Wort.</titul>
			<cena>180</cena>
			<autorRef ref="a_2"/>
			<naklRef ref="n_1"/>	
			<rokVydani>1970</rokVydani>	
		</kniha>
		<date><?php echo date("Y:m:d");?></date>
		<lastModified><![CDATA[javascript:alert(document.lastModified) ]]></lastModified>
	</knihkupectvi>