<?xml version="1.0" encoding="UTF-8"?>
<!--
    Document   : [01]cviceni.xml
    Created on : February 16, 2012, 5:06 PM
    Author     : me
    Description:
        Tento xml dokument by mel reprezentovat podanou
        zadost o registraci noveho turnaje v kulecniku v kulecnikove
        herne. Zadost lze podat online.
-->
<!DOCTYPE poolTournament SYSTEM "data.dtd">
<poolTournament>

	<skript>
    <![CDATA[
    window.alert("Vyplnte prosim vsechna pole oznacena *");
    ]]>
	</skript>
    
	<!-- datum podani formulare -->
	<deliveryDate>29.2.2012</deliveryDate>
	<!-- registrovany organizator turnaje-->
	<organizer id="CK59976" gender="male">
		<name>Luis</name>
		<surname>Moreno</surname>
		<age>23</age>
		<address>
			<street>Vanickova</street>
			<streetNumber>7</streetNumber>
			<city>Prague</city>
			<postcode>169 00</postcode>
			<country>Czech Republic</country>
			<tel>
				<code>420</code>
				<number>723 978 789</number>
			</tel>
			<tel>
				<code>420</code>
				<number>724 554 365</number>
			</tel>
		</address>
		<picture src="FacePicture.jpg"/>
	</organizer>
	<!-- parametry registrovaneho turnaje -->
	<tournamentParameters league="2">
		<!-- turnaj muze byt otevreny verejnosti nebo pouze pro cleny -->
		<privacy>public</privacy>
		<!-- zpusob vyrazovani -->
		<strikeOutType>spider</strikeOutType>
		<!-- genderove omezeni -->
		<genderFilter>mix</genderFilter>
		<!-- trvani turnaje -->
		<duration>
			<start>15.3.2012</start>
			<end>25.3.2012</end>
		</duration>
		<!-- misto odehrani turnaje -->
		<tournamentLocation>
			<street>Dlouha</street>
			<streetNumber>8</streetNumber>
			<city>Prague 10</city>
		</tournamentLocation>
		<!-- startovne -->
		<startingFee>
			<required>yes</required>
			<amount>250</amount>
			<currency>Czech Crowns</currency>
		</startingFee>
		<!-- pozadavky na hrace -->
		<playerRestrictions>
			<minimumAge>15</minimumAge>
			<rank>15</rank>
			<maxPlayers>150</maxPlayers>
		</playerRestrictions>
		<!-- parametry odmeny za vyhru -->
		<prix>
			<value>1500</value>
			<currency>Czech Crowns</currency>
			<type>cup</type>
		</prix>
		<!-- parametry odmeny za vyhru -->
		<prix>
			<value>3000</value>
			<currency>Euro</currency>
			<type>cash</type>
		</prix>
		<!-- parametry hry -->
		<gameInfo>
			<gameType>8-ball</gameType>
			<!-- kdo ma 1. stouch -->
			<startStroke>last winner</startStroke>
			
			<referee licence="AKB-950517"/>
			<referee licence="AKL-950599"/>
			<referee licence="AKC-230598"/>
			
		</gameInfo>
		<note>Prosim o rezervaci baru po celou dobu trvani turnaje</note>
	</tournamentParameters>

</poolTournament>
