<?xml version="1.0" encoding="UTF-8"?>
<!-- vytvoril jsem hierarchii rozhodcich -->
<referees>
	<referee licence="AER-234588">
		<name>Rostislav</name>
		<surname>Marek</surname>
		<rank>40</rank>
		
		<subReferees>
		
			<referee licence="CKL-387309">
				<name>Petr</name>
				<surname>Sokolik</surname>
				<rank>20</rank>
				
				<subReferees>
					<referee licence="CKE-388309">
						<name>Marek</name>
						<surname>Dalik</surname>
						<rank>3</rank>
					</referee>
					
					<referee licence="CKB-380309">
						<name>Dan</name>
						<surname>Moravek</surname>
						<rank>3</rank>
					</referee>					
					
				</subReferees>			
			</referee>
			
		</subReferees>
	</referee>
	
	<referee licence="AER-234688">
		<name>Jan</name>
		<surname>Drchal</surname>
		<rank>56</rank>
		
		<subReferees>
		
			<referee licence="AER-233333">
				<name>Milan</name>
				<surname>Stepanek</surname>
				<rank>32</rank>
			</referee>
			
		</subReferees>
	</referee>
	
	<referee licence="AER-234988">
		<name>Marek</name>
		<surname>Pekoc</surname>
		<rank>42</rank>
	</referee>
	
	<referee licence="AER-234508">
		<name>Petr</name>
		<surname>Michalek</surname>
		<rank>40</rank>
	</referee>
	
	<!-- rozhodci -->
	<referee licence="AKT-750649">
		<name>Jan</name>
		<surname>Rozhodci</surname>
		<rank>50</rank>
	</referee>
	<!-- dalsi rozhodci -->
	<referee licence="AKC-230598">
		<name>Petr</name>
		<surname>Janosik</surname>
		<rank>30</rank>
	</referee>
	<!-- dalsi rozhodci -->
	<referee licence="AKB-950517">
		<name>David</name>
		<surname>Kubasek</surname>
		<rank>55</rank>
	</referee>
	<!-- dalsi rozhodci -->
	<referee licence="AKL-950599">
		<name>Roman</name>
		<surname>Janousek</surname>
		<rank>45</rank>
	</referee>
</referees>
