<?xml version="1.0" encoding="UTF-8"?>
<!DOCTYPE kurzy SYSTEM "data.dtd">
<kurzy>
    <datum format="dd.mm.yyy"><?php echo Date("dd.mm.YYYY")?></datum>
    <kurz k_id="kurz0001">
        <misto>
            <nazev>Zacatecnici</nazev>
            <adresa>
                <ulice>Bronzová 2034</ulice>
                <psc>15500</psc>
            </adresa>
        </misto>
        <termin>
            <datum format="dd.mm.yyy">12.03.2012</datum>
            <cas format="hh:mm">17:30</cas>
        </termin>
        <trener>
            <osoba o_id="osoba_1">
                <jmeno>Dasa</jmeno>
                <prijmeni>Nemeckova</prijmeni>
                <pohlavi>F</pohlavi>
                <vek>25</vek>
                <adresa>
                    <ulice>Wiedermannova 1967</ulice>
                    <psc>15000</psc>
                </adresa>
                <telefon>123456789</telefon>
            </osoba>
        </trener>
        <bruslari>
            <bruslar>
                <osoba o_id="osoba_2">
                    <jmeno>Jan</jmeno>
                    <prijmeni>Chytry</prijmeni>
                    <pohlavi>M</pohlavi>
                    <vek>5</vek>
                    <adresa>
                        <ulice>U Slovanky 7</ulice>
                        <psc>10700</psc>
                    </adresa>
                    <telefon>123456789</telefon>
                </osoba>
                <platba>
                    <castka mena="CZK">900</castka>
                    <datum format="dd.mm.yyy">11.03.2012</datum>
                    <zaplaceno hodnota="TRUE"/>
                </platba>
            </bruslar>
            <bruslar>
                <osoba o_id="osoba_3">
                    <jmeno>Karolina</jmeno>
                    <prijmeni>Svetla</prijmeni>
                    <pohlavi>Z</pohlavi>
                    <vek>4</vek>
                    <adresa>
                        <ulice>Zazvorkova 1969</ulice>
                        <psc>15500</psc>
                    </adresa>
                    <telefon>123456789</telefon>
                </osoba>
                <platba>
                    <castka mena="CZK">900</castka>
                    <datum format="dd.mm.yyy">11.03.2012</datum>
                    <zaplaceno hodnota="TRUE"/>
                </platba>
            </bruslar>
            <bruslar>
                <osoba o_id="osoba_4">
                    <jmeno>Petra</jmeno>
                    <prijmeni>Dolezalova</prijmeni>
                    <pohlavi>Z</pohlavi>
                    <vek>5</vek>
                    <adresa>
                        <ulice>Brdickova 1913</ulice>
                        <psc>15500</psc>
                    </adresa>
                    <telefon>123456789</telefon>
                </osoba>
                <platba>
                    <castka mena="CZK">900</castka>
                    <datum format="dd.mm.yyy">11.03.2012</datum>
                    <zaplaceno hodnota="FALSE"/>
                </platba>
            </bruslar>
            <bruslar>
                <osoba o_id="osoba_8">
                    <jmeno>Petra</jmeno>
                    <prijmeni>Dolezalova</prijmeni>
                    <pohlavi>Z</pohlavi>
                    <vek>5</vek>
                    <adresa>
                        <ulice>Brdickova 1913</ulice>
                        <psc>15500</psc>
                    </adresa>
                    <telefon>123456789</telefon>
                </osoba>
                <platba>
                    <castka mena="CZK">900</castka>
                    <datum format="dd.mm.yyy">11.03.2012</datum>
                    <zaplaceno hodnota="FALSE"/>
                </platba>
            </bruslar>
            <bruslar>
                <osoba o_id="osoba_9">
                    <jmeno>Petra</jmeno>
                    <prijmeni>Dolezalova</prijmeni>
                    <pohlavi>Z</pohlavi>
                    <vek>5</vek>
                    <adresa>
                        <ulice>Brdickova 1913</ulice>
                        <psc>15500</psc>
                    </adresa>
                    <telefon>123456789</telefon>
                </osoba>
                <platba>
                    <castka mena="CZK">900</castka>
                    <datum format="dd.mm.yyy">11.03.2012</datum>
                    <zaplaceno hodnota="FALSE"/>
                </platba>
            </bruslar>
            <bruslar>
                <osoba o_id="osoba_10">
                    <jmeno>Petra</jmeno>
                    <prijmeni>Dolezalova</prijmeni>
                    <pohlavi>Z</pohlavi>
                    <vek>5</vek>
                    <adresa>
                        <ulice>Brdickova 1913</ulice>
                        <psc>15500</psc>
                    </adresa>
                    <telefon>123456789</telefon>
                </osoba>
                <platba>
                    <castka mena="CZK">900</castka>
                    <datum format="dd.mm.yyy">11.03.2012</datum>
                    <zaplaceno hodnota="FALSE"/>
                </platba>
            </bruslar>
            <bruslar>
                <osoba o_id="osoba_11">
                    <jmeno>Petra</jmeno>
                    <prijmeni>Dolezalova</prijmeni>
                    <pohlavi>Z</pohlavi>
                    <vek>5</vek>
                    <adresa>
                        <ulice>Brdickova 1913</ulice>
                        <psc>15500</psc>
                    </adresa>
                    <telefon>123456789</telefon>
                </osoba>
                <platba>
                    <castka mena="CZK">900</castka>
                    <datum format="dd.mm.yyy">11.03.2012</datum>
                    <zaplaceno hodnota="FALSE"/>
                </platba>
            </bruslar>
            <bruslar>
                <osoba o_id="osoba_12">
                    <jmeno>Petra</jmeno>
                    <prijmeni>Dolezalova</prijmeni>
                    <pohlavi>Z</pohlavi>
                    <vek>5</vek>
                    <adresa>
                        <ulice>Brdickova 1913</ulice>
                        <psc>15500</psc>
                    </adresa>
                    <telefon>123456789</telefon>
                </osoba>
                <platba>
                    <castka mena="CZK">900</castka>
                    <datum format="dd.mm.yyy">11.03.2012</datum>
                    <zaplaceno hodnota="FALSE"/>
                </platba>
            </bruslar>
            <bruslar>
                <osoba o_id="osoba_13">
                    <jmeno>Petra</jmeno>
                    <prijmeni>Dolezalova</prijmeni>
                    <pohlavi>Z</pohlavi>
                    <vek>5</vek>
                    <adresa>
                        <ulice>Brdickova 1913</ulice>
                        <psc>15500</psc>
                    </adresa>
                    <telefon>123456789</telefon>
                </osoba>
                <platba>
                    <castka mena="CZK">900</castka>
                    <datum format="dd.mm.yyy">11.03.2012</datum>
                    <zaplaceno hodnota="FALSE"/>
                </platba>
            </bruslar>
            <bruslar>
                <osoba o_id="osoba_14">
                    <jmeno>Petra</jmeno>
                    <prijmeni>Dolezalova</prijmeni>
                    <pohlavi>Z</pohlavi>
                    <vek>5</vek>
                    <adresa>
                        <ulice>Brdickova 1913</ulice>
                        <psc>15500</psc>
                    </adresa>
                    <telefon>123456789</telefon>
                </osoba>
                <platba>
                    <castka mena="CZK">900</castka>
                    <datum format="dd.mm.yyy">11.03.2012</datum>
                    <zaplaceno hodnota="FALSE"/>
                </platba>
            </bruslar>
        </bruslari>
        <poznamka>
            Seznam bruslaru:
            <ref ref_id="osoba_2">1</ref>
            <ref ref_id="osoba_3">2</ref>
            <ref ref_id="osoba_4">3</ref>
            <ref ref_id="osoba_8">4</ref>
            <ref ref_id="osoba_9">5</ref>
            <ref ref_id="osoba_10">6</ref>
            <ref ref_id="osoba_11">7</ref>
            <ref ref_id="osoba_12">8</ref>
            <ref ref_id="osoba_13">9</ref>
            <ref ref_id="osoba_14">10</ref>
        </poznamka>
    </kurz>
    <kurz k_id="kurz0002">
        <misto>
            <nazev>Zacatecnici</nazev>
            <adresa>
                <ulice>Bronzová 2034</ulice>
                <psc>15500</psc>
            </adresa>
        </misto>
        <termin>
            <datum format="dd.mm.yyy">12.03.2012</datum>
            <cas format="hh:mm">17:30</cas>
        </termin>
        <trener>
            <id>trener1</id>
        </trener>
        <bruslari>
            <bruslar>
                <osoba o_id="osoba_5">
                    <id>osoba_5</id>
                </osoba>
                <platba>
                    <castka mena="CZK">900</castka>
                    <datum format="dd.mm.yyy">11.03.2012</datum>
                    <zaplaceno hodnota="TRUE"/>
                </platba>
            </bruslar>
            <bruslar>
                <osoba o_id="osoba_6">
                    <jmeno>Karolina</jmeno>
                    <prijmeni>Svetla</prijmeni>
                    <pohlavi>Z</pohlavi>
                    <vek>4</vek>
                    <adresa>
                        <ulice>Zazvorkova 1969</ulice>
                        <psc>15500</psc>
                    </adresa>
                    <telefon>123456789</telefon>
                </osoba>
                <platba>
                    <castka mena="CZK">900</castka>
                    <datum format="dd.mm.yyy">11.03.2012</datum>
                    <zaplaceno hodnota="TRUE"/>
                </platba>
            </bruslar>
            <bruslar>
                <osoba o_id="osoba_7">
                    <jmeno>Petra</jmeno>
                    <prijmeni>Dolezalova</prijmeni>
                    <pohlavi>Z</pohlavi>
                    <vek>5</vek>
                    <adresa>
                        <ulice>Brdickova 1913</ulice>
                        <psc>15500</psc>
                    </adresa>
                    <telefon>123456789</telefon>
                </osoba>
                <platba>
                    <castka mena="CZK">900</castka>
                    <datum format="dd.mm.yyy">11.03.2012</datum>
                    <zaplaceno hodnota="FALSE"/>
                </platba>
            </bruslar>
        </bruslari>
        <poznamka>
            Seznam osob:
            <ref ref_id="osoba_5">1</ref>
            <ref ref_id="osoba_6">2</ref>
            <ref ref_id="osoba_7">3</ref>
        </poznamka>
    </kurz>
    <poznamka>
        Seznam kurzu:
        <ref ref_id="kurz0001">1</ref>
        <ref ref_id="kurz0002">2</ref>
        <![CDATA[
            for (i=0; i < 10; i++){
                document.writeln("<p>Ahoj</p>");
            }
        ]]>

        &smile;
    </poznamka>
</kurzy>
