﻿<?xml version="1.0" encoding="UTF-8"?>
<!DOCTYPE store SYSTEM "data.dtd">
<!-- A processing instruction and a comment as required by assignment description -->
<?xml-stylesheet href="some.xsl" type="text/xml"?>

<store>

  <machines>
  
    <machine id="WRHECRNQR0" class="big-tower">
      <name><manufacturer>HP</manufacturer><brand>Pavilion</brand> H9-1100ec</name>
      <price>16490</price>
      <cpu arch="x86_64" cores="8">Intel Xeon E3</cpu>
      <description><![CDATA[The HPE h9 series Pc with its sophisticated design is matched only by its sophisticated technology. Experience more speed, power and system resources.]]></description>
      <hard-drives>
        <hard-drive ref_id="hd_001"/>
        <hard-drive ref_id="hd_001"/>
      </hard-drives>
      <internal-graphic-card/>
    </machine>
    
    <machine id="AFK1SY0PD4">
      <name><manufacturer>Dell</manufacturer><brand>Precision</brand> T1600</name>
      <price>23646</price>
      <cpu arch="x86_64" cores="4">Intel Core i5</cpu>
      <hard-drive ref_id="hd_002"/>
      <graphic-card ref_id="gc_001"/>
    </machine>
    
    <machine id="VRBIKIG5U5" class="slim-tower">
      <name><manufacturer>Dell</manufacturer><brand>Optiflex</brand> 990</name>
      <price>185654</price>
      <cpu arch="x86_64" cores="2">Intel Core i5</cpu>
      <hard-drive ref_id="hd_003"/>
      <graphic-card ref_id="gc_002"/>
    </machine>
    
    <machine id="ZQ3EXOZFEQ" class="box">
      <name><manufacturer>Fujitsu</manufacturer><brand>Esprimo</brand> Q900</name>
      <price>9087</price>
      <cpu arch="arm" cores="2">ARM Cortex-M</cpu>
      <internal-graphic-card/>
    </machine>
    
    <machine id="HNS8NXXE1M" class="box">
      <name><manufacturer>Asus</manufacturer><brand>EeeBox</brand> PC EB1021</name>
      <price>18433</price>
      <cpu arch="x86" cores="2">Intel Atom D2700</cpu>
      <hard-drive ref_id="hd_002"/>
      <internal-graphic-card/>
    </machine>
    
    <machine id="Y239KLLCBX" class="mid-tower">
      <name><manufacturer>Dell</manufacturer><brand>Optiflex</brand> 790</name>
      <price>35444</price>
      <cpu arch="x86_64" cores="4">Intel Pentium Sandy Bridge 300</cpu>
      <hard-drives>
        <hard-drive ref_id="hd_002"/>
        <hard-drive ref_id="hd_003"/>
      </hard-drives>
      <graphic-card ref_id="gc_005"/>
    </machine>
    
    <machine id="K9V8JED1MC" class="slim-tower">
      <name><manufacturer>Dell</manufacturer><brand>Vostro</brand> 260 ST</name>
      <price>11847</price>
      <cpu arch="x86_64" >Intel Atom E74</cpu>
      <hard-drive ref_id="hd_004"/>
      <graphic-card ref_id="gc_002"/>
    </machine>
    
    <machine id="WXKIA9DQ6E" class="slim-tower">
      <name><manufacturer>HP</manufacturer><brand>Compaq</brand>8100 Elite</name>
      <price>19585</price>
      <cpu arch="x86_64" cores="2">Intel Core i3</cpu>
      <hard-drive ref_id="hd_004"/>
      <graphic-card ref_id="gc_003"/>
    </machine>
    
    <machine id="X7IMIMRZNA" class="big-tower">
      <name><manufacturer>Dell</manufacturer><brand>Optiflex</brand> 390-MT</name>
      <price>41900</price>
      <cpu arch="x86_64" cores="4">Intel Xeon E5</cpu>
      <hard-drives>
        <hard-drive ref_id="hd_001"/>
        <hard-drive ref_id="hd_001"/>
        <hard-drive ref_id="hd_002"/>
        <hard-drive ref_id="hd_002"/>
      </hard-drives>
      <graphic-card ref_id="gc_004"/>
    </machine>
    
    <machine id="V4XVO2923V" class="mid-tower">
      <name><manufacturer>Fujitsu</manufacturer><brand>Esprimo</brand> P500</name>
      <price>33544</price>
      <cpu arch="x86_64" cores="2">Intel Core i3</cpu>
      <hard-drive ref_id="hd_002"/>
      <graphic-card ref_id="gc_001"/>
    </machine>
    
    <machine id="RK1XK027R2" class="mid-tower">
      <name><manufacturer>Asus</manufacturer><brand>Essentio</brand> CM-1730</name>
      <price>23500</price>
      <cpu arch="x86_64" cores="4">Intel Core i7</cpu>
      <hard-drive ref_id="hd_001"/>
      <graphic-card ref_id="gc_002"/>
    </machine>
    
    <machine id="FSEMJEPTNL" class="mid-tower">
      <name><manufacturer>Asus</manufacturer> CG-8250</name>
      <price>11453</price>
      <cpu arch="x86" cores="1">Intel Atom Z522</cpu>
      <hard-drive ref_id="hd_002"/>
      <internal-graphic-card/>
    </machine>
    
  </machines>
  
  <components>
  
    <graphic-cards>
      <graphic-card id="gc_001">HP NVIDIA Quadro 5000 2,5GB, PCI-E </graphic-card>
      <graphic-card id="gc_002">Asus ARES/2DIS, 4GD5, PCI-E </graphic-card>
      <graphic-card id="gc_003">Zotac GTX 590 3072MB, PCI-E </graphic-card>
      <graphic-card id="gc_004">GIGABYTE GTX 590 Hard-Core Gaming 3072MB </graphic-card>
      <graphic-card id="gc_005">HP NVIDIA Quadro 4000 2GB, PCI-E </graphic-card>
    </graphic-cards>
    
    <hard-drives>
      <hard-drive id="hd_001" capacity="500GB" manufacturer="Seagate" model="Barracuda"/>
      <hard-drive id="hd_002" capacity="1TB" manufacturer="Samsung" model="Ecogreen"/>
      <hard-drive id="hd_003" capacity="2TB" manufacturer="Western Digital" model="Caviar"/>
      <hard-drive id="hd_004" capacity="500GB" manufacturer="Seagate" model="Barracuda"/>
    </hard-drives>
    
  </components>
  
</store>
