<?xml version="1.0" encoding="UTF-8"?>
   	<!DOCTYPE alcoholShop SYSTEM "data.dtd" >
	    <alcoholShop>  									<!-- Kompletní předávací data webového obchodu s alkoholem -->
	    	
	   		<zbozi>
	   			
	   			<polozka pid="id_2"  typ="pivo" cena="9">
	   				<jmeno> Kozlik 11 &stupen; </jmeno>
	   				<popis> Vyborne pivo od pivovaru <vyrobce> Plzeňský prazdroj </vyrobce>  </popis>
					<dostupnost>
					  	<pocet> <?php echo ($id_2); ?> </pocet>
					</dostupnost>	
	   			</polozka>
	   			
	   			<polozka pid="id_3"  typ="liker" cena="250">
	   				<jmeno> Baileys </jmeno>
	   				<popis> Sladký tlamolep <vyrobce> Gilbeys </vyrobce>  </popis>
					<dostupnost>
					  	<dodani>
					  		<date>
					  			<rok value="2013"/>
					  			<mesic value="1" />
					  			<day value="3" />
					  		</date>
					  		<ocekavanyPocet> <?php echo ($id_3); ?> </ocekavanyPocet>
					  	</dodani>
					</dostupnost>	
	   			</polozka>	
	   			
	   			<polozka pid="id_8"  typ="vino" cena="850">
	   				<jmeno> Slámové víno </jmeno>
	   				<popis> Luxusní víno <vyrobce>  Vinné sklepy Valtice, a.s. </vyrobce>  </popis>
					<dostupnost>
					  	<pocet> <?php echo ($id_8); ?> </pocet>
					</dostupnost>	
	   			</polozka>
	   			
	   			<polozka pid="id_10"  typ="destilat" cena="350">
	   				<jmeno> Nemiroff </jmeno>
	   				<popis> Nejlepší vodka, co jsem pil <vyrobce> Nemyriv, Hungary </vyrobce>  </popis>
					<dostupnost>
					  	<pocet> <?php echo ($id_10); ?> </pocet>
					</dostupnost>	
	   			</polozka>	
	   			
	   			<polozka pid="id_12"  typ="liker" cena="250">
	   				<jmeno> Metaxa </jmeno>
	   				<popis> Dotkni se slunce <vyrobce>  Spyros Metaxas </vyrobce>  </popis>
					<dostupnost>
					  	<dodani>
					  		<date>
					  			<rok value="2013"/>
					  			<mesic value="12" />
					  			<day value="14" />
					  		</date>
					  		<ocekavanyPocet> 15 </ocekavanyPocet>
					  	</dodani>
					</dostupnost>	
	   			</polozka>	
	   			
	   			<polozka pid="id_15"  typ="destilat" cena="100">
	   				<jmeno> Pražská vodka </jmeno>
	   				<popis> Ideální volba, pokud chcete oslepnout <vyrobce> Dynybyl </vyrobce>  </popis>
					<dostupnost>
					  	<pocet> <?php echo ($id_15); ?> </pocet>
					</dostupnost>	
	   			</polozka>	
	   			
	   		
	   			<zlevnene>
	   				<sleva ref_pid="id_2" neomezeno="ANO" akcnicena="7 &mena;"/>
	   				<sleva ref_pid="id_8" akcnicena="750 &mena;"/>
	   				<sleva ref_pid="id_15" akcnicena="70 &mena;" />
	   			</zlevnene>	
	   		</zbozi>
	   		
	   		<zakaznici>
	   			
	   			<zakaznik rodnecislo="454512/2310" zid="zid_001">
	   				<name>
		   				<fname> David </fname>
		   				<sname>Svatek</sname>
	   				</name>
	   				<kontakt>
	   				  <telefon number="14425446"/>
	   				  <telefon number="552215646"/>
	   				  <email acc="svatekd@gmail.com" />
	   				</kontakt>
	   			</zakaznik>
	   			
	   			<zakaznik rodnecislo="55421/12557" zid="zid_002">
	   				<name>
	   					<fname> Petr </fname>
	   					<sname>Příhoda</sname>
	   				</name>
	   				<kontakt>
	   				  <telefon number="54544246"/>
	   				  <email acc="alkac@gmail.com" />
	   				</kontakt>
	   			</zakaznik>
	   			
	   			<zakaznik rodnecislo="55544/125" zid="zid_003">
	   				<name>
		   				<fname> Milan </fname>
		   				<sname>Buriánek</sname>
	   				</name>
	   				<kontakt>
	   				  <telefon number="54544246"/>
	   				  <email acc="buris@gmail.com" />
	   				</kontakt>
	   			</zakaznik>
	   			
	   			<zakaznik rodnecislo="154054/1121" zid="zid_004">
	   				<name>
		   				<fname> Karel </fname>
		   				<sname>Pelikán</sname>
	   				</name>
	   				<kontakt>
	   				  <telefon number="51211246"/>
	   				</kontakt>
	   			</zakaznik>
	   			
	   			
	   			<zakaznik rodnecislo="101044/125" zid="zid_005">
	   				<name>
		   				<fname> Dominik </fname>
		   				<sname> Šafrata </sname>
	   				</name>
	   				<kontakt>
	   				  <telefon number="54124246"/>
	   				  <email acc="minka@gmail.com" />
	   				</kontakt>
	   			</zakaznik>
	   			
	   			
	   			<zakaznik rodnecislo="11212/2112" zid="zid_006">
	   				<name>
		   				<fname>Michal </fname>
		   				<sname>Houska</sname>
	   				</name>
	   				<kontakt>
	   				  <telefon number="14545454"/>
	   				  <telefon number="11154522"/>
	   				  <email acc="houser@seznam.cz" />
	   				</kontakt>
	   			</zakaznik>
	   			
	   			<zakaznik rodnecislo="55422/1225" zid="zid_007">
	   				<name>
		   				<fname> Franta </fname>
		   				<sname>Nádvorník</sname>
	   				</name>
	   				<kontakt>
	   				  <telefon number="5454446"/>
	   				  <email acc="napravnik@gmail.com" />
	   				</kontakt>
	   			</zakaznik>
	   			
	   			<zakaznik rodnecislo="8451481/1267" zid="zid_008">
	   				<name>
		   				<fname> Karel </fname>
		   				<sname>Novák</sname>
	   				</name>
	   				<kontakt>
	   				  <telefon number="7854246"/>
	   				  <email acc="Karel@gmail.com" />
	   				</kontakt>
	   			</zakaznik>
	   			
	   			<zakaznik rodnecislo="421541/1267" zid="zid_009">
	   				<name>
		   				<fname> Oskar </fname>
		   				<sname>Lehotský</sname>
	   				</name>
	   				<kontakt>
	   				  <telefon number="7854246"/>
	   				</kontakt>
	   			</zakaznik>
	   			
	   			<zakaznik rodnecislo="154054/1121" zid="zid_0010">
	   				<name>
		   				<fname> Karel </fname>
		   				<sname>Pelikán</sname>
	   				</name>
	   				<kontakt>
	   				  <telefon number="51211246"/>
	   				</kontakt>
	   			</zakaznik>
	   			
	   			<zakaznik rodnecislo="000001/0001" zid="zid_0011">
	   				<name>
		   				<fname> Chuck </fname>
		   				<sname>Norris</sname>
	   				</name>
	   				<kontakt>
	   				  <telefon number="123456789"/>
	   				  <email acc="gmail@chucknorris.com" />            <!-- Chuck Norris has a Gmail account -->
	   				  <email acc="The@one.com"/>
	   				</kontakt>
	   			</zakaznik>
	   			
	   		</zakaznici>
	   		
	   		<dodavatele>
	   			
	   			<firma fid="fid_001" jmeno="Fruko" ico="5445554" dico="54545121">
	   				
	   				<jednatel  email="martin@david.cz" >
	   					<jname>Martin David</jname>
	   					<zodpovedny>
	   						<odData>1.1.2007</odData>
	   						<doData>2.2.2010</doData>
	   					</zodpovedny>
	   				</jednatel>
	   				
	   				<jednatel  email="lofas@pas.cz" >
	   					<jname>Franta Lofasko</jname>
	   					<zodpovedny>
	   						<odData>2.2.2010</odData>
	   						<doData>8.2.2010</doData>
	   					</zodpovedny>
	   				</jednatel>
	   				
	   				<jednatel email="martin@david.cz" >
	   					<jname>Martin David</jname>
	   					<zodpovedny>
	   						<odData>8.2.2010</odData>
	   						<doData>25.4.2012</doData>
	   					</zodpovedny>
	   				</jednatel>
	   				
	   				
	   			</firma>
	   				
	   			<firma fid="fid_002" jmeno="Blanice" ico="544545">
	   				<jednatel  email="radek@peklo.com" >
	   					<jname> Radek Čert</jname>
	   				<zodpovedny>
	   						<odData>8.2.2010</odData>
	   						<doData>25.4.2012</doData>
	   					</zodpovedny>
	   				</jednatel>
	   			</firma>
	   			
	   		</dodavatele>
	   		
	   		<financniPohledavky>
	   			<faktura ref_zid="zid_004" castka="14000 &mena;" splatnost="14.2.2012" odeslana="ANO" upominka="ANO" />
	   			<faktura ref_zid="zid_004" castka="1250 &mena;" splatnost="1.8.2013" odeslana="ANO" upominka="ANO" />
	   			<faktura ref_zid="zid_008" castka="12000 &mena;" splatnost="4.12.2012" odeslana="ANO" />   <!-- Upominka připravena pro tisk-->
	   			<faktura ref_zid="zid_007" castka="14000 &mena;" splatnost="1.1.2013" odeslana="ANO" />
	   			<faktura ref_zid="zid_004" castka="14000 &mena;" splatnost="27.5.2013" odeslana="ANO" upominka="ANO" />
	   		</financniPohledavky>
	   		
	   		<zpravaPrijemci>
	   			<text> Tento xml může být načten pomocí následujícího JS kodu</text>
	   			<code>
	   			<![CDATA[    
	   				var xmlDoc;
    				function loadxml()
    				{
      					xmlDoc = new ActiveXObject("Microsoft.XMLDOM");
      					xmlDoc.async = false;
      					xmlDoc.onreadystatechange = readXML;
      					xmlDoc.load("ukol.xml");
    				}	
	   			]]>
	   			</code>
	   		</zpravaPrijemci>
	   		
	    </alcoholShop>