<?xml version="1.0" encoding="UTF-8" standalone="no" ?>
<!DOCTYPE root PUBLIC "dtd" "data.dtd" [
<!ENTITY v "Vytvořit">
]>
<!-- toto je komentář vytvořený za účelem naplnění zadání -->
<root>
	<projects>
		<project id="proj_1">
			<title>Domácí úkol</title>
			<description>
				První domácí úkol z předmětu <a href="http://is.cuni.cz/studium/">Technologie XML</a>.
			</description>
			<milestones>
				<milestone id="ms_1">
					<title>&v; XML soubor</title>
					<description></description>
					<tasks>
						<task id="task_1">
							<title>Napsat značku záhlaví XML</title>
							<description>
								<![CDATA[Značka se píše <?xml (...)?>]]>
							</description>
							<team>
								<team-member id="staff_1" />
							</team>
						</task>
						<task id="task-2">
							<title>Napsat DOCTYPE</title>
							<team>
								<team-member id="staff_1" />
							</team>
						</task>
						<task id="task-3">
							<title>&v; element s hloubkou 5</title>
							<team>
								<team-member id="staff_1" />
							</team>
						</task>
						<task id="task-4">
							<title>&v; první z 10 úkolů</title>
							<team>
								<team-member id="staff_1" />
							</team>
						</task>
						<task id="task-5">
							<title>&v; druhý z 10 úkolů</title>
							<team>
								<team-member id="staff_1" />
							</team>
						</task>
						<task id="task-6">
							<title>&v; třetí z 10 úkolů</title>
							<team>
								<team-member id="staff_1" />
							</team>
						</task>
						<task id="task-7">
							<title>&v; čtvrtý z 10 úkolů</title>
							<team>
								<team-member id="staff_1" />
							</team>
						</task>
						<task id="task-8">
							<title>&v; pátý z 10 úkolů</title>
							<team>
								<team-member id="staff_1" />
							</team>
						</task>
						<task id="task-9">
							<title>&v; šestý z 10 úkolů</title>
							<team>
								<team-member id="staff_1" />
							</team>
						</task>
						<task id="task-10">
							<title>&v; další čtyři úkoly</title>
							<team>
								<team-member id="staff_1" />
								<team-member id="staff_2" />
							</team>
						</task>
					</tasks>
				</milestone>
				<milestone id="ms_2">
					<title>&v; DTD soubor</title>
					<description>Vytvoření souboru, proti němuž se bude toto XML validovat</description>
					<tasks>
						<task id="task-11">
							<title>&v; další čtyři úkoly</title>
							<team>
								<team-member id="staff_1" />
								<team-member id="staff_2" />
							</team>
						</task>
					</tasks>
				</milestone>
			</milestones>
		</project>
	</projects>
	<staff>
		<member id="staff_1" real="yes">
			<name>Dominik Janata</name>
			<sislogin value="JANATAD" />
		</member>	
		<member id="staff_2" real="no">
			<name>Uživatel Pokusný</name>
		</member>
	</staff>
</root>