<?xml version="1.0" encoding="UTF-8"?>
<knihovna xmlns:xsi="http://www.w3.org/2001/XMLSchema-instance" xsi:noNamespaceSchemaLocation="data.xsd">

	<knihy>
		<kniha id="51">
			<název>Pepíkova cesta</název>
			<autor>Pavel Štastný</autor>
			<poznámka>neexistuje</poznámka>
		</kniha>
		<kniha id="42">
			<název>Kocour Mikeš</název>
			<autor>Josef Lada</autor>
		</kniha>
		<kniha id="63">
			<název>Titanik</název>
			<autor>Potopil</autor>
		</kniha>
	</knihy>

	<členové>
		<člen>
			<jméno>Karel Malý</jméno>
			<email>maly@mail.ma</email>
			<email>maly@seznam.cz</email>
			<email>maly@volny.cz</email>
			<poznámka>Neplatí</poznámka>
		</člen>
		<člen>
			<jméno>Jan Veliký</jméno>
			<půjčeno>42</půjčeno>
			<půjčeno>51</půjčeno>
		</člen>
	</členové>

</knihovna>
