<?xml version="1.0" encoding="UTF-8"?>


<MTGMatch xsi:noNamespaceSchemaLocation="data.xsd" xmlns:xsi="http://www.w3.org/2001/XMLSchema-instance">
	<MTGPlayer DCI_Number="dci2666" Oponnent="dci2667">
		<PlayerName>Petr Holeček</PlayerName>
		<RodneCislo>9005182736</RodneCislo>
		<MTGDeck>
			<deckName>Green Aggro</deckName>
			<Maindeck>
				<MTGCard color="colorless" id="id123456789" cardName="Forest">
					<type>land</type>
					<manacost>0</manacost>
					<flavor_text>Flavor text of Forest.</flavor_text>
				</MTGCard>
				<MTGCard color="green"  id="id123456788" cardName="Leatherback baloth">
					<type>creature</type>
					<manacost>GGG</manacost>
					<flavor_text>Flavor text of Leatherback Baloth.</flavor_text>
				</MTGCard>
				<MTGCard color="green" id="id123456780" cardName="Giant Growth">
					<type>instant</type>
					<manacost>G</manacost>
					<flavor_text><![CDATA[Flavor text of Giant Growth. + testing character <> \đ#|€Đ[@€ .]]></flavor_text>
				</MTGCard>
			</Maindeck>
			<Sideboard>
				<MTGCard color="green"  id="id12345678" cardName="Naturalize">
					<type>land</type>
					<manacost>1G</manacost>
					<flavor_text>Flavor text of Naturalize.</flavor_text>
				</MTGCard>
			</Sideboard>
		</MTGDeck>
		<Height>182</Height>
		<Weight>80</Weight>
		<Sex>Male</Sex>
		<Idnum>999999</Idnum>
		<Favourite_color>green</Favourite_color>
		<Favourite_deck></Favourite_deck>
		<Favourite_card>leatherback baloth</Favourite_card>
		<Phone>482311568</Phone>
	</MTGPlayer>
	<MTGPlayer DCI_Number="dci2667" Oponnent="dci2666">
		<PlayerName>Jakub Altšmíd</PlayerName>
		<RodneCislo>8512242736</RodneCislo>
		<MTGDeck>
			<deckName>Red Burn</deckName>
			<Maindeck>
				<MTGCard color="colorless" id="id123456786" cardName="Mountain">
					<type>land</type>
					<manacost>0</manacost>
					<flavor_text>Flavor text of Mountain.</flavor_text>
				</MTGCard>
				<MTGCard color="red"  id="id123456785" cardName="Ball Lightning">
					<type>creature</type>
					<manacost>RRR</manacost>
					<flavor_text>Flavor text of Ball Lightning.</flavor_text>
				</MTGCard>
				<MTGCard color="red"  id="id123456784" cardName="Lightning bolt">
					<type>instant</type>
					<manacost>R</manacost>
					<flavor_text>Lightning Bolt.</flavor_text>
				</MTGCard>
			</Maindeck>
			<Sideboard>
				<MTGCard color="red"  id="id123456783" cardName="Smash To Smithereens">
					<type>instant</type>
					<manacost>1R</manacost>
					<flavor_text><![CDATA[ <> ]]>
					</flavor_text>
				</MTGCard>
			</Sideboard>
		</MTGDeck>
		<Height>190</Height>
		<Weight>95</Weight>
		<Sex>Male</Sex>
		<Idnum>666666</Idnum>
		<Favourite_color/>
		<Favourite_deck></Favourite_deck>
		<Favourite_card>Snapcaster Mage</Favourite_card>
		<Phone>482399674</Phone>
	</MTGPlayer>
	<Date>
		<Time>10:00:00</Time>
		<Day>22</Day>
		<Month>February</Month>
		<Year>2012</Year>
	</Date>
	<Place>
		<Continent>Europe</Continent>
		<Country>Czech Republic</Country>
		<City>Frýdlant</City>
		<Street>Husova</Street>
		<HouseNumber>666</HouseNumber>
	</Place>
</MTGMatch>
