<?xml version="1.0" encoding="UTF-8"?>
<!--
    Toto je dokument pro realitu videopujcovna eviduje jednotlive filmy a udaje o nich a dale pak zakaznika a co si kdy jaky zakaznik pujcil
-->
<videopujcovna>
    <zakaznici>
        <zakaznik id="z1">
            <jmeno>Jan</jmeno>
            <prijmeni>Kubat</prijmeni>
            <narozen>26.08.1988</narozen>
            <registrovan>           
                <?php date("d.m.Y");?>
            </registrovan>
            <adresa>
                <ulice>Pod Zemankou</ulice>
                <cislo popisne="273" orientacni="21" />
                <psc>14700</psc>
                <mesto>Praha 4 - Braník</mesto>
            </adresa>
            <telefon type="cell">728780116</telefon>
            <email>jan.kubat@release.cz</email>
            <poznamka>
                <![CDATA[
                    <strong>nevraci obaly</strong>
                ]]>
            </poznamka>
        </zakaznik>
        <zakaznik id="z2">
            <jmeno>Ondrej</jmeno>
            <prijmeni>Novak</prijmeni>
            <narozen>26.08.1987</narozen>
            <registrovan>           
                <?php date("d.m.Y");?>
            </registrovan>
            <adresa>
                <ulice>Pod Zemankou</ulice>
                <cislo popisne="273" orientacni="21" />
                <psc>14700</psc>
                <mesto>Praha 4 - Braník</mesto>
            </adresa>
            <telefon type="cell">728780116</telefon>
            <telefon type="land">24460875</telefon>
            <poznamka>
                <![CDATA[
                    <strong>nevraci obaly</strong>
                ]]>
            </poznamka>
        </zakaznik>
        <zakaznik id="z3">
            <jmeno>Petr</jmeno>
            <prijmeni>Pan</prijmeni>
            <narozen>26.08.1987</narozen>
            <registrovan>           
                <?php date("d.m.Y");?>
            </registrovan>
            <adresa>
                <ulice>Pod Zemankou</ulice>
                <cislo popisne="273" orientacni="21" />
                <psc>14700</psc>
                <mesto>Praha 4 - Braník</mesto>
            </adresa>
            <telefon type="cell">728780116</telefon>
            <telefon type="land">24460875</telefon>
            <poznamka>
                <![CDATA[
                    <strong>nevraci obaly</strong>
                ]]>
            </poznamka>
        </zakaznik>
    </zakaznici>
</videopujcovna>
