<?xml version="1.0" encoding="UTF-8"?>
<locals>
    <pub id="_01">
        <pubname>U Zlateho Tygra</pubname>
        <phone></phone>
        <where>
            <town>Prague</town>
            <street>Husova 17</street>
        </where>
        <rate>3</rate>  
    </pub>   
    <pub id="_02">
        <pubname>Pivnice U capa</pubname>
        <phone>541 210 189</phone>
        <where>
            <town>Brno</town>
            <street>Obilní trh 10</street>
        </where>
        <rate>2</rate>  
    </pub>  
    <pub id="_03">
        <pubname>U Dudku</pubname>
        <phone>518 839 210 </phone>
        <where>
            <town>Bruntal</town>
            <street>Doktora Edvarda Beneše 34</street>
        </where>
        <rate>5</rate>  
    </pub>      
    <pub id="_04">
        <pubname>U Zabaka</pubname>
        <phone>553 839 210</phone>
        <where>
            <town>Liberec</town>
            <street>náměstí Sokolovské 312/1</street>
        </where>
        <rate>3</rate>  
    </pub>      
    <pub id="_05">
        <pubname>300% normy</pubname>
        <phone>611 210 839</phone>
        <where>
            <town>Kolobrzeg</town>
            <street>Dubois 16a/10</street>
        </where>
        <rate>5</rate>  
    </pub>     
</locals>
