<?xml version="1.0" encoding="UTF-8"?>
<people>
    <person>
        <fullname> John Smith </fullname>
        <profession> taxi driver </profession>
        <age> 26 </age>
        <citizenship> USA </citizenship>
        <points>
            <beer val ="4">Staropramen Granat</beer>
            <beer val ="5">Staropramen Lezak</beer>
            <beer val ="4">Rychtar Premium</beer>
            <beer val ="3">Rychtar Rataj</beer>
            <beer val ="2">Bohemia Regent Tmavy</beer>
        </points>
    </person>
    
    <person>
        <fullname> Mark Salt </fullname>
        <profession> teacher </profession>
        <age> 23 </age>
        <citizenship> England </citizenship>
        <points> 
            <beer val ="1">Rohozec Skalak 12 %</beer> 
            <beer val ="4">Rychtar Natur</beer>
            <beer val ="4">Bohemia Regent Jedenactka</beer>
            <beer val ="5">Bohemia Regent Premium</beer>
            <beer val ="3">Bohemia Regent Tmavy</beer>
            <beer val ="3">Chodovar Desitka</beer>
            <beer val ="2">Chodovar Zlata jedenactka</beer>
            <beer val ="1">Flekovsky lezak</beer>           
        </points>
    </person>
    
    <person>
        <fullname> Johnny Bravo </fullname>
        <profession> actor </profession>
        <age> 34 </age>
        <citizenship> USA </citizenship>
        <points>
            <beer val ="1">Starobrno Cerne</beer>
            <beer val ="2">Prezident Premium</beer>
            <beer val ="2">Rychtar Rataj</beer>
            <beer val ="3">Kozlak</beer>
            <beer val ="1">Novomestsky tmavy lezak</beer>
            <beer val ="5">Starobrno Medium</beer>
            <beer val ="5">Rychtar Klasik</beer>            
        </points>
    </person>
    
    <person>
        <fullname> Zenon Piekny </fullname>
        <profession> economist </profession>
        <age> 43 </age>
        <citizenship> Poland </citizenship>
        <points>
            <beer val ="3">Novomestsky tmavy lezak</beer>
            <beer val ="1">Starobrno Medium</beer>
            <beer val ="4">Rychtar Klasik</beer>
            <beer val ="4">Staropramen Svetly</beer>
            <beer val ="2">Staropramen Cerny</beer>
            <beer val ="1">Rohozec Skalak 11 %</beer>           
        </points>
    </person>
    
    <person>
        <fullname> Zofia Kowalska </fullname>
        <profession> dentist </profession>
        <age> 37 </age>
        <citizenship> Poland </citizenship>
        <points>
            <beer val ="5">Staropramen Cerny</beer>
            <beer val ="5">Rohozec Skalak 11 %</beer>
            <beer val ="3">Pszeniczniak</beer>
            <beer val ="3">Piwo Zywe</beer>
            <beer val ="1">Zlote Lwy</beer>
        </points>
        
    </person>
    
    <person>
        <fullname> Andrzej Konieczny </fullname>
        <profession> writer </profession>
        <age> 23 </age>
        <citizenship> Poland </citizenship>
        <points>
            <beer val ="1">Pszeniczniak</beer>
            <beer val ="5">Piwo Zywe</beer>
            <beer val ="1">Zlote Lwy</beer>
            <beer val ="2">Uneticke pivo 12</beer>
            <beer val ="3">Rohozec Podskalak</beer>
            <beer val ="3">Chodovar Desitka</beer>
            <beer val ="1">Zamecky lezak Special</beer>            
        </points>
    </person>
    
    <person>
        <fullname> Jan Krtek </fullname>
        <profession> judge </profession>
        <age> 57 </age>
        <citizenship> Czech Republic </citizenship>
        <points>
            <beer val ="1">Chodovar Desitka</beer>
            <beer val ="2">Zamecky lezak Special</beer>
            <beer val ="3">Bohemia Regent Premium</beer>
            <beer val ="4">Starobrno Tradicni</beer>
            <beer val ="5">Staropramen Granat</beer>
            <beer val ="1">Staropramen Lezak</beer>
            
        </points>
    </person>
    
    <person>
        <fullname> Helmut Grun </fullname>
        <profession> politician </profession>
        <age> 45 </age>
        <citizenship> Germany </citizenship>
        <points>
            <beer val ="1">Staropramen Granat</beer>
            <beer val ="3">Staropramen Lezak</beer>
            <beer val ="2">Rohozec Skalak 12 %</beer>
            <beer val ="2">Bohemia Regent Tmavy</beer>
            <beer val ="4">Rychtar Standard</beer>
            <beer val ="5">Bohemia Regent Jedenactka</beer>
            <beer val ="3">Starobrno Rezak</beer>  
        </points>
    </person>
    
    <person>
        <fullname> Gregorij Lib </fullname>
        <profession> student </profession>
        <age> 22 </age>
        <citizenship> Russia </citizenship>
        <points>
            <beer val ="5">Bohemia Regent Tmavy</beer>
            <beer val ="5">Rychtar Standard</beer>
            <beer val ="1">Bohemia Regent Jedenactka</beer>
            <beer val ="2">Starobrno Rezak</beer>
            <beer val ="2">Uneticky special 13</beer>
            <beer val ="1">Uneticke pivo 10</beer>
            
        </points>
    </person>
    
    <person>
        <fullname> Agnieszka Szymanska </fullname>
        <profession> programmer </profession>
        <age> 32 </age>
        <citizenship> Poland </citizenship>
        <points>
            <beer val ="1">Uneticke pivo 10</beer>
            <beer val ="4">Rychtar Premium</beer>
            <beer val ="1">Novomestsky svetly lezak</beer>
            <beer val ="5">Chodovar Zlata jedenactka</beer>
            <beer val ="5">Rychtar Natur</beer>
            <beer val ="2">Flekovsky lezak</beer>
            <beer val ="1">Staropramen Lezak</beer>           
        </points>
    </person>
    
    <person>
        <fullname> Karol Nic </fullname>
        <profession> miner </profession>
        <age> 41 </age>
        <citizenship> Czech Republic </citizenship>
        <points>
            <beer val ="1">Staropramen Cerny</beer>
            <beer val ="3">Pszeniczniak</beer>
            <beer val ="4">Starobrno Rezak</beer>
            <beer val ="3">Uneticke pivo 12</beer>
            <beer val ="4">Novomestsky svetly lezak</beer>           
        </points>
    </person>
    
    <person>
        <fullname> Bogdan Pietruszka </fullname>
        <profession> miner </profession>
        <age> 31 </age>
        <citizenship> Poland </citizenship>
        <points>
            <beer val ="1">Uneticke pivo 12</beer>
            <beer val ="4">Novomestsky svetly lezak</beer>
            <beer val ="5">Starobrno Tradicni</beer>
            <beer val ="2">Zamecky lezak Special</beer>
            <beer val ="2">Rychtar Natur</beer>
            
        </points>
    </person>
    
    <person>
        <fullname> Zofia Kalska </fullname>
        <profession> cashier </profession>
        <age> 40 </age>
        <citizenship> Poland </citizenship>
        <points>
            <beer val ="2">Zamecky lezak Special</beer>
            <beer val ="4">Rychtar Natur</beer>
            <beer val ="4">Flekovsky lezak</beer>
            <beer val ="1">Rychtar Premium</beer>
            <beer val ="1">Staropramen Granat</beer>          
        </points>
    </person>
    
    <person>
        <fullname> Michal Holly </fullname>
        <profession> sailor </profession>
        <age> 30 </age>
        <citizenship> Slovakia </citizenship>
        <points>
            <beer val ="2">Kozlak</beer> 
            <beer val ="2">Starobrno Cerne</beer> 
            <beer val ="5">Prezident Premium</beer> 
            <beer val ="4">Rychtar Premium</beer> 
            <beer val ="1">Staropramen Lezak</beer> 
            <beer val ="2">Zamecky lezak Special</beer> 
            
        </points>
    </person>
    
    <person>
        <fullname> Zbigniew Wesoly </fullname>
        <profession> policeman </profession>
        <age> 44 </age>
        <citizenship> Poland </citizenship>
        <points>
            <beer val ="1">Staropramen Granat</beer>
            <beer val ="2">Staropramen Lezak</beer>
            <beer val ="4">Rychtar Premium</beer>
            <beer val ="4">Rychtar Rataj</beer>
            <beer val ="2">Bohemia Regent Tmavy</beer>   
        </points>
    </person>
    
</people>
