<?xml version="1.0" encoding="UTF-8"?>
<databaze>
	<!-- sekce znamych klientu -->
	<klient kl_id="venous">
		<osoba>
			<jmeno>Vaclav</jmeno>
			<prijmeni>Zahradnicek</prijmeni>
			<adresa>
				<ulice>Nase</ulice>
				<cp>38</cp>
				<mesto>Praha</mesto>
				<zip>10000</zip>
			</adresa>
		</osoba>
		<poznamka>Venous odvedle</poznamka>
	</klient>
	<klient kl_id="prerost">
		<firma>
			<nazev>Prerost a Svorc, s.r.o.</nazev>
			<ico>684614646</ico>
			<dic>4145145343</dic>
			<adresa>
				<ulice>Veleslavinska</ulice>
				<cp>11</cp>
				<mesto>Praha</mesto>
				<zip>16000</zip>
			</adresa>
		</firma>
	</klient>
	<!-- sekce nejcasteji pouzivanych nahradnich dilu-->
	<dil dil_id="BL24624">
		<partno>BL24624</partno>
		<skladem>3</skladem>
		<poznamka>levy predni blatnik na skodu 100</poznamka>
	</dil>
	<dil dil_id="halo">
		<partno>8af4g61dg6da4</partno>
		<skladem>33</skladem>
		<poznamka>halogenova zarovka 100W</poznamka>
	</dil>
	<dil dil_id="svicka">
		<partno>eryt9w4ny5</partno>
		<skladem>93</skladem>
		<poznamka>motorova svicka typu eryt9</poznamka>
	</dil>
	<!-- evidence probihajicich a vyrizenych zakazek -->
	<zakazka zak_id="z1" klient="venous" prijal="sef" provedl="mladej" typ="prezouvani">
		<zadani>
			<datum>
				<rok>2011</rok>
				<mesic>10</mesic>
				<den>12</den>
			</datum>
		</zadani>
		<platba>
			<cena>400</cena>
			<hotove/>
			<zaplaceno/>
		</platba>
		<poznamka>prezuti na vlastni zimni sadu kol.</poznamka>
	</zakazka>
	<zakazka zak_id="z2" klient="venous" prijal="sef" provedl="starej" typ="stk">
		<zadani>
			<datum>
				<rok>2013</rok>
				<mesic>4</mesic>
				<den>21</den>
			</datum>
		</zadani>
		<vyhotoveni>
			<datum>
				<rok>2010</rok>
				<mesic>4</mesic>
				<den>24</den>
			</datum>
		</vyhotoveni>
		<pouzity_dil mnozstvi="1" dil="halo"/>
		<platba>
			<cena>1100</cena>
			<kartou>
				<karta>641456464514</karta>
				<datum>
					<rok>2010</rok>
					<mesic>4</mesic>
					<den>24</den>
				</datum>
			</kartou>
			<zaplaceno/>
		</platba>
		<poznamka>STK, bezne ukony. vymena leve potkavaci<ref id="halo">zarovky</ref>.</poznamka>
	</zakazka>
	<zakazka zak_id="z3" klient="venous" prijal="starej" provedl="starej" typ="stk">
		<zadani>
			<datum>
				<rok>2012</rok>
				<mesic>4</mesic>
				<den>21</den>
			</datum>
		</zadani>
		<vyhotoveni>
			<datum>
				<rok>2012</rok>
				<mesic>4</mesic>
				<den>24</den>
			</datum>
		</vyhotoveni>
		<pouzity_dil mnozstvi="4" dil="svicka"/>
		<platba>
			<cena>5100</cena>
			<hotove/>
		</platba>
		<poznamka>STK, bezne ukony. vymena <ref id="svicka">svicek</ref> a oleje, kontrola geometrie kol.</poznamka>
	</zakazka>
</databaze>