<?xml version="1.0" encoding="UTF-8"?>
<?xml-stylesheet href="styl.css" type="text/css"?>

<!-- databaze autoservisu Rozbil a Nespravil, s.r.o., &web; -->
<databaze>
	<zamestnanec zam_id="sef" pozice="vedouci" zamestnan="ano">
		<jmeno>Antonin</jmeno>
		<prijmeni>Rozbil</prijmeni>
		<nastup>
			<datum>
				<rok>1998</rok>
				<mesic>02</mesic>
				<den>01</den>
			</datum>
		</nastup>
		<uvazek>plny</uvazek>
		<plat>35000</plat>
		<rc>7612160083</rc>
		<cpojistence>4814643541</cpojistence>
		<specializace>management podniku</specializace>
		<poznamka>zakladatel firmy, pan <![CDATA[<b>VELIKY</b>]]></poznamka>
	</zamestnanec>
	<zamestnanec zam_id="starej" pozice="mechanik">
		<jmeno>Ctirad</jmeno>
		<prijmeni>Nespravil</prijmeni>
		<nastup>
			<datum>
				<rok>1998</rok>
				<mesic>2</mesic>
				<den>1</den>
			</datum>
		</nastup>
		<uvazek>plny</uvazek>
		<plat>25000</plat>
		<rc>5201160009</rc>
		<cpojistence>43174844146</cpojistence>
		<kvalifikace>dipl. automechanik</kvalifikace>
		<specializace>karoserie, motor</specializace>
		<invalida>ano</invalida>
		<poznamka>senior pracovnik, studna vedeni</poznamka>
	</zamestnanec>
	<zamestnanec zam_id="madlenka" pozice="asistent">
		<jmeno>Magdalena</jmeno>
		<prijmeni>Hraskova</prijmeni>
		<nastup>
			<datum>
				<rok>1998</rok>
				<mesic>8</mesic>
				<den>6</den>
			</datum>
		</nastup>
		<uvazek>80%</uvazek>
		<plat>14000</plat>
		<rc>9351210011</rc>
		<cpojistence>668147684641</cpojistence>
		<kvalifikace>39D :-)</kvalifikace>
	</zamestnanec>
	<zamestnanec zam_id="mladej" pozice="mechanik" zamestnan="ano">
		<jmeno>Jindrich</jmeno>
		<prijmeni>Hlavacek</prijmeni>
		<nastup>
			<datum>
				<rok>2007</rok>
				<mesic>5</mesic>
				<den>20</den>
			</datum>
		</nastup>
		<uvazek>plny</uvazek>
		<plat>11800</plat>
		<rc>9001110456</rc>
		<cpojistence>52345678643</cpojistence>
		<kvalifikace>vyuceny automechanik</kvalifikace>
	</zamestnanec>
</databaze>