<?xml version="1.0" encoding="windows-1250"?>
<!DOCTYPE formula1 SYSTEM "data.dtd">

<formula1>
  <season year="2010">
    <races>
        <race number="1" name="Bahrain GP">
          <date>14.03.2010</date>
          <venue>Sakhir <country>Bahrain</country></venue>
          <circuit>Bahrain International Circuit</circuit>
          <distance>
            <km>308.405</km>
            <laps>49</laps>
          </distance>
          <weather>Sunny</weather>
          <results>
            <pole_position>
              <driver>Sebastian Vettel</driver>
              <team>Red Bull</team>
              <time>1:54.101</time>
            </pole_position>
            <fastest_lap>
              <driver>Fernando Alonso</driver>
              <team>Ferrari</team>
              <time>1:58.287</time>
            </fastest_lap>
            <podium_finish>
              <first fastest_lap="yes">
                <driver>Fernando Alonso</driver>
                <team>Ferrari</team>
                <time>1:39:20.396</time>
              </first>
              <second>
                <driver>Felipe Massa</driver>
                <team>Ferrari</team>
                <time>1:39:36.495</time>
              </second>
              <third>
                <driver>Lewis Hamilton</driver>
                <team>McLaren Mercedes</team>
                <time>1:39:43.578</time>
              </third>
            </podium_finish>
          </results>
        </race>
        <race number="2" name="Australian GP">
          <date>28.03.2010</date>
          <venue>Melbourne <country>Australia</country></venue>
          <circuit>Melbourne Grand Prix Circuit</circuit>
          <distance>
            <km>307.574</km>
            <laps>58</laps>
          </distance>
          <weather>Overcast with light rain at start</weather>
          <results>
            <pole_position>
              <driver>Sebastian Vettel</driver>
              <team>Red Bull</team>
              <time>1:23.919</time>
            </pole_position>
            <fastest_lap>
              <driver>Mark Webber</driver>
              <team>Red Bull</team>
              <time>1:28.358</time>
            </fastest_lap>
            <podium_finish>
              <first fastest_lap="no">
                <driver>Jenson Button</driver>
                <team>McLaren Mercedes</team>
                <time>1:33:36.531</time>
              </first>
              <second>
                <driver>Robert Kubica</driver>
                <team>Renault</team>
                <time>1:33:48.565</time>
              </second>
              <third>
                <driver>Felipe Massa</driver>
                <team>Ferrari</team>
                <time>1:33:51.019</time>
              </third>
            </podium_finish>
          </results>
        </race>

        <!-- TODO: add other races -->
        
    </races>

    <point_system>
        <points position="1" award="25"/>
        <points position="2" award="18"/>
        <points position="3" award="15"/>
        <points position="4" award="12"/>
        <points position="5" award="10"/>
        <points position="6" award="8"/>
        <points position="7" award="6"/>
        <points position="8" award="4"/>
        <points position="9" award="2"/>
        <points position="10" award="1"/>
    </point_system>

    <race_drivers>
        <r_driver>
          <r_name>Jenson Button</r_name>
          <driver_no>1</driver_no>
          <nationality>Great Britain</nationality>
          <r_team ref_id="id_1"/>
        </r_driver>
        <r_driver>
          <r_name>Lewis Hamilton</r_name>
          <driver_no>2</driver_no>
          <nationality>Great Britain</nationality>
          <r_team ref_id="id_1"/>
        </r_driver>
        <r_driver>
          <r_name>Michael Schumacher</r_name>
          <driver_no>3</driver_no>
          <nationality>Germany</nationality>
          <r_team ref_id="id_2"/>
        </r_driver>
        <r_driver>
          <r_name>Nico Rosberg</r_name>
          <driver_no>4</driver_no>
          <nationality>Germany</nationality>
          <r_team ref_id="id_2"/>
        </r_driver>
        <r_driver>
          <r_name>Sebastian Vettel</r_name>
          <driver_no>5</driver_no>
          <nationality>Germany</nationality>
          <r_team ref_id="id_3"/>
        </r_driver>
        <r_driver>
          <r_name>Mark Webber</r_name>
          <driver_no>6</driver_no>
          <nationality>Australia</nationality>
          <r_team ref_id="id_3"/>
        </r_driver>
        <r_driver>
          <r_name>Felipe Massa</r_name>
          <driver_no>7</driver_no>
          <nationality>Brazil</nationality>
          <r_team ref_id="id_4"/>
        </r_driver>
        <r_driver>
          <r_name>Fernando Alonso</r_name>
          <driver_no>8</driver_no>
          <nationality>Spain</nationality>
          <r_team ref_id="id_4"/>
        </r_driver>
        <r_driver>
          <r_name>Rubens Barrichello</r_name>
          <driver_no>9</driver_no>
          <nationality>Brazil</nationality>
          <r_team ref_id="id_5"/>
        </r_driver>
        <r_driver>
          <r_name>Nico Hulkenberg</r_name>
          <driver_no>10</driver_no>
          <nationality>Germany</nationality>
          <r_team ref_id="id_5"/>
        </r_driver>
        
        <!-- TODO: add other drivers -->
        
    </race_drivers>

    <race_teams>
        <rr_team id="id_1">
          <name>McLaren Mercedes</name>
          <chassis>MP4-25</chassis>
          <engine>Mercedes</engine>
          <tyres>Bridgestone</tyres>
        </rr_team>
        <rr_team id="id_2">
          <name>Mercedes GP</name>
          <chassis>MGP W01</chassis>
          <engine>Mercedes</engine>
          <tyres>Bridgestone</tyres>
        </rr_team>
        <rr_team id="id_3">
          <name>Red Bull</name>
          <chassis>RB6</chassis>
          <engine>Renault</engine>
          <tyres>Bridgestone</tyres>
        </rr_team>
        <rr_team id="id_4">
          <name>Ferrari</name>
          <chassis>F10</chassis>
          <engine>Ferrari</engine>
          <tyres>Bridgestone</tyres>
        </rr_team>
        <rr_team id="id_5">
          <name>Williams</name>
          <chassis>FW32</chassis>
          <engine>Cosworth</engine>
          <tyres>Bridgestone</tyres>
        </rr_team>

        <!-- TODO: add other teams -->

    </race_teams>

  </season>

  <copyright>
   -- &amp;c; <?php echo date('Y'); ?> T.Hurt --
   <![CDATA[
     for (i=0; i < 2; $++)
     {
         document.writeln("<p>All rights reserved!!</p>");
     }
   ]]>
  </copyright>
</formula1>