<?xml version="1.0" encoding="UTF-8"?>
<psi>
	<pes>
		<registracniCislo>CMKU_TS_1562_13</registracniCislo>
		<jmeno>Angelic_flas_pearl_of_the_moon</jmeno>
		<datumNarozeni>2013-02-23</datumNarozeni>
	</pes>
	<pes>
		<registracniCislo>CMKU_TS_1530_12</registracniCislo>
		<jmeno>Kale_Zlaty_Klondike</jmeno>
		<datumNarozeni>2012-10-23</datumNarozeni>
	</pes>
	<pes>
		<registracniCislo>CMKU_TS_1533_12</registracniCislo>
		<jmeno>Karkulka_Zlaty_Klondike</jmeno>
		<datumNarozeni>2012-10-23</datumNarozeni>
	</pes>
	<pes>
		<registracniCislo>CMKU_CIN_4919_12_13</registracniCislo>
		<jmeno>Fan_fan_tulip_queen_malverne</jmeno>
		<datumNarozeni>2012-01-10</datumNarozeni>
	</pes>
	<pes>
		<registracniCislo>CLP_BEA_6619</registracniCislo>
		<jmeno>Anda_z_kamenskych_vrchu</jmeno>
		<datumNarozeni>2010-09-05</datumNarozeni>
	</pes>
	<pes>
		<registracniCislo>REG_TD_2159_10</registracniCislo>
		<jmeno>Archie_z_bileckeho_lesa</jmeno>
		<datumNarozeni>2010-12-09</datumNarozeni>
	</pes>
</psi>