<?xml version="1.0" encoding="UTF-8"?>
<seznam>
	<pes>
		<jmeno>Angelic_flas_pearl_of_the_moon</jmeno>
		<poradi>8500</poradi>
	</pes>
	<pes>
		<jmeno>Kale_Zlaty_Klondike</jmeno>
		<poradi>8501</poradi>
	</pes>
	<pes>
		<jmeno>Karkulka_Zlaty_Klondike</jmeno>
		<poradi>8515</poradi>
	</pes>
	<pes>
		<jmeno>Fan_fan_tulip_queen_malverne</jmeno>
		<poradi>8003</poradi>
	</pes>
	<pes>
		<jmeno>Anda_z_kamenskych_vrchu</jmeno>
		<poradi>7121</poradi>
	</pes>
	<pes>
		<jmeno>Archie_z_bileckeho_lesa</jmeno>
		<poradi>6201</poradi>
	</pes>
</seznam>