<?xml version="1.0" encoding="UTF-8"?>
<!DOCTYPE videopujcovna SYSTEM "videopujcovna.dtd">
<videopujcovna>
	<zakaznik idZ="Z001">
		<jmeno>Petr</jmeno>
		<prijmeni>Novák</prijmeni>
		<datumNar>28.5.1990</datumNar>
		<vek>22</vek>
		<kontakt>
			<adresa>
				<ulice>U Uranie 22</ulice>
				<mesto>Praha</mesto>
				<psc>170 00</psc>
			</adresa>

			<mail>p.novak@mmm.cz</mail>
		</kontakt>
	</zakaznik>
	<zakaznik idZ="Z002">
		<jmeno>Jan</jmeno>
		<prijmeni>Novotny</prijmeni>
		<datumNar>20.6.1990</datumNar>
		<vek>22</vek>
		<kontakt>
			<adresa>
				<ulice>Dolakova 15</ulice>
				<mesto>Praha</mesto>
				<psc>180 00</psc>
			</adresa>
			<telefon>555666777</telefon>
		</kontakt>
	</zakaznik>
	<video idV="V023" kategorie="film" forma="DVD">
		<nazevPuvod>Eagle Eye</nazevPuvod>
		<nazevPreklad>Oko dravce</nazevPreklad>
		<typ>@ak / @m / @t</typ>
		<zemePuvodu>USA / Německo</zemePuvodu>
		<rokVydani>2008</rokVydani>
		<delka>118</delka>
		<obsazeni>
			<rezie>D.J. Caruso</rezie>
			<hudba>Brian Tyler</hudba>
			<herec>
				<jmeno>Michelle Monaghan</jmeno>
				<datumNar>23.3.1976</datumNar>
				<puvod>USA</puvod>
			</herec>
			<herec>
				<jmeno>Shia LaBeouf</jmeno>
				<datumNar>11.6.1986</datumNar>
				<puvod>USA</puvod>
			</herec>
		</obsazeni>
	</video>
	<video idV="V066" kategorie="film" forma="Blu-ray">
		<nazevPuvod>Ice Age</nazevPuvod>
		<nazevPreklad>Doba ledová</nazevPreklad>
		<typ>@an / @d / @k / @r</typ>
		<zemePuvodu>USA</zemePuvodu>
		<rokVydani>2002</rokVydani>
		<delka>78</delka>
		<obsazeni>
			<rezie>Carlos Saldanha</rezie>
			<rezie>Chris Wedge</rezie>
			<hudba>David Newman</hudba>
			<herec>
				<jmeno>Ray Romano </jmeno>
				<datumNar>21.12.1957</datumNar>
				<puvod>USA</puvod>
			</herec>
			<herec>
				<jmeno>John Leguizamo </jmeno>
				<datumNar>22.7.1964</datumNar>
				<puvod>Kolumbie</puvod>
			</herec>
		</obsazeni>
	</video>
	<pujcka idP="P002" vraceno="ANO">
		<kdo><ref1 idZ="Z001">Novák</ref1></kdo>
		<co><ref2 idV="V023">Oko dravce</ref2></co>
		<vypujcil>
			<datum>12.3.2012</datum>
			<cas>14:25</cas>
		</vypujcil>
		<vratit>
			<datum>13.3.2012</datum>
			<cas>18:00</cas>
		</vratit>
	</pujcka>
	<rezervace idR="R001">
		<kdo><ref1 idZ="Z001">Novák</ref1></kdo>
		<co><ref2 idV="V066">Doba ledová</ref2></co>
	</rezervace>
</videopujcovna>