<?xml version="1.0" encoding="UTF-8"?>
<?xml-stylesheet type="text/xsl" href="file:///D:/P%c5%98EDN%c3%81%c5%a0KY/Technologie%20XML/%c3%bakoly/%c3%bakol3%20-%20xslt/data.xsl"?>

<?schema?>

<knihovni_jednotky>
	<knihovna nazev="Moje knihovna" majitel="Silwer"/>
	<kniha cislo="8">
		<druh_vydani>elektronická</druh_vydani>
		<nazev>Mistrovství v C++</nazev>
		<autor>Stephen Prata &amp; Stephen Prata</autor>
		<původ>
			<zdroj>internet
			</zdroj>
			<datum_získání>
				<rok>2011</rok>
				<mesic>1</mesic>
			</datum_získání>
			<cena/>
		</původ>
		<informace>
			<obor>
				<hlavni>it</hlavni>
				<podobor>Programování</podobor>
			</obor>
			<vydání>
				<cislo>3</cislo>
				<datum_vydání/>
				<jazyk>czech</jazyk>
				<pocet_stran>1120</pocet_stran>
				<rok_prvniho_vydani>2001</rok_prvniho_vydani>
			</vydání>
			<ISBN>10</ISBN>
		</informace>
		<umisteni>
			<regal>15</regal>
			<police>35</police>
			<poradi>1</poradi>
			<znacka>it</znacka>
		</umisteni>
		<priloha/>
	</kniha>
	<kniha cislo="1">
		<druh_vydani/>
		<nazev>Technologie XML</nazev>
		<autor>I. Mlýnková, M. Nečaský</autor>
		<původ>
			<zdroj/>
			<datum_získání>
				<rok/>
				<mesic/>
			</datum_získání>
			<cena/>
		</původ>
		<informace>
			<obor>
				<hlavni/>
				<podobor/>
			</obor>
			<vydání>
				<cislo/>
				<datum_vydání/>
				<jazyk/>
				<pocet_stran/>
				<rok_prvniho_vydani/>
			</vydání>
			<ISBN/>
		</informace>
		<umisteni>
			<regal/>
			<police/>
			<poradi/>
			<znacka/>
		</umisteni>
		<priloha/>
	</kniha>
	<kniha cislo="2">
		<druh_vydani/>
		<nazev>Programujeme aplikace pro Symbian OS - V jazyce C++</nazev>
		<autor>Richard Harrison</autor>
		<původ>
			<zdroj/>
			<datum_získání>
				<rok/>
				<mesic/>
			</datum_získání>
			<cena/>
		</původ>
		<informace>
			<obor>
				<hlavni/>
				<podobor/>
			</obor>
			<vydání>
				<cislo/>
				<datum_vydání/>
				<jazyk/>
				<pocet_stran>408</pocet_stran>
				<rok_prvniho_vydani/>
			</vydání>
			<ISBN>80-251-1243-8</ISBN>
		</informace>
		<umisteni>
			<regal/>
			<police/>
			<poradi/>
			<znacka/>
		</umisteni>
		<priloha/>
	</kniha>
	<kniha cislo="3">
		<druh_vydani/>
		<nazev>Mistrovství v programování SQL Serveru 2005</nazev>
		<autor>Andrew J. Brust, Stephen Forte</autor>
		<původ>
			<zdroj/>
			<datum_získání>
				<rok/>
				<mesic/>
			</datum_získání>
			<cena/>
		</původ>
		<informace>
			<obor>
				<hlavni/>
				<podobor/>
			</obor>
			<vydání>
				<cislo/>
				<datum_vydání/>
				<jazyk/>
				<pocet_stran>848</pocet_stran>
				<rok_prvniho_vydani/>
			</vydání>
			<ISBN>978-80-251-1607-4</ISBN>
		</informace>
		<umisteni>
			<regal/>
			<police/>
			<poradi/>
			<znacka/>
		</umisteni>
		<priloha/>
	</kniha>
	<kniha cislo="4">
		<druh_vydani/>
		<nazev>Linux - Začínáme programovat, překlad 4. vydání</nazev>
		<autor>Neil Matthew, Richard Stones </autor>
		<původ>
			<zdroj/>
			<datum_získání>
				<rok/>
				<mesic/>
			</datum_získání>
			<cena/>
		</původ>
		<informace>
			<obor>
				<hlavni/>
				<podobor/>
			</obor>
			<vydání>
				<cislo/>
				<datum_vydání/>
				<jazyk/>
				<pocet_stran>832</pocet_stran>
				<rok_prvniho_vydani/>
			</vydání>
			<ISBN>978-80-251-1933-4</ISBN>
		</informace>
		<umisteni>
			<regal/>
			<police/>
			<poradi/>
			<znacka/>
		</umisteni>
		<priloha/>
	</kniha>
	<kniha cislo="5">
		<druh_vydani/>
		<nazev>Dokonalý kód - Umění programování a techniky tvorby software</nazev>
		<autor>Steve McConnell</autor>
		<původ>
			<zdroj/>
			<datum_získání>
				<rok/>
				<mesic/>
			</datum_získání>
			<cena/>
		</původ>
		<informace>
			<obor>
				<hlavni/>
				<podobor/>
			</obor>
			<vydání>
				<cislo/>
				<datum_vydání/>
				<jazyk/>
				<pocet_stran>896</pocet_stran>
				<rok_prvniho_vydani/>
			</vydání>
			<ISBN>80-251-0849-X</ISBN>
		</informace>
		<umisteni>
			<regal/>
			<police/>
			<poradi/>
			<znacka/>
		</umisteni>
		<priloha/>
	</kniha>
	<kniha cislo="6">
		<druh_vydani/>
		<nazev>1001 tipů a triků pro Microsoft Visual Basic</nazev>
		<autor/>
		<původ>
			<zdroj/>
			<datum_získání>
				<rok/>
				<mesic/>
			</datum_získání>
			<cena/>
		</původ>
		<informace>
			<obor>
				<hlavni/>
				<podobor/>
			</obor>
			<vydání>
				<cislo/>
				<datum_vydání/>
				<jazyk/>
				<pocet_stran/>
				<rok_prvniho_vydani/>
			</vydání>
			<ISBN/>
		</informace>
		<umisteni>
			<regal/>
			<police/>
			<poradi/>
			<znacka/>
		</umisteni>
		<priloha/>
	</kniha>
	<kniha cislo="7">
		<druh_vydani/>
		<nazev>Microsoft Visual Basic 2010 - Krok za krokem</nazev>
		<autor>Michael Halvorson</autor>
		<původ>
			<zdroj>Luxor</zdroj>
			<datum_získání>
				<rok/>
				<mesic/>
			</datum_získání>
			<cena>500</cena>
		</původ>
		<informace>
			<obor>
				<hlavni>Programování</hlavni>
				<podobor>Visual baisc 2010</podobor>
			</obor>
			<vydání>
				<cislo/>
				<datum_vydání/>
				<jazyk/>
				<pocet_stran>480</pocet_stran>
				<rok_prvniho_vydani/>
			</vydání>
			<ISBN>978-80-251-3146-6</ISBN>
		</informace>
		<umisteni>
			<regal/>
			<police/>
			<poradi/>
			<znacka/>
		</umisteni>
		<priloha/>
	</kniha>
	<kniha cislo="10">
		<druh_vydani/>
		<nazev>Microsoft Visual C# 2010 - Krok za krokem</nazev>
		<autor>John Sharp</autor>
		<původ>
			<zdroj/>
			<datum_získání>
				<rok/>
				<mesic/>
			</datum_získání>
			<cena/>
		</původ>
		<informace>
			<obor>
				<hlavni/>
				<podobor/>
			</obor>
			<vydání>
				<cislo/>
				<datum_vydání/>
				<jazyk/>
				<pocet_stran>696</pocet_stran>
				<rok_prvniho_vydani/>
			</vydání>
			<ISBN>978-80-251-3147-3</ISBN>
		</informace>
		<umisteni>
			<regal/>
			<police/>
			<poradi/>
			<znacka/>
		</umisteni>
		<priloha/>
	</kniha>
	<kniha cislo="9">
		<druh_vydani/>
		<nazev>Oracle - Programování v PL/SQL</nazev>
		<autor/>
		<původ>
			<zdroj/>
			<datum_získání>
				<rok/>
				<mesic/>
			</datum_získání>
			<cena/>
		</původ>
		<informace>
			<obor>
				<hlavni/>
				<podobor/>
			</obor>
			<vydání>
				<cislo/>
				<datum_vydání/>
				<jazyk/>
				<pocet_stran/>
				<rok_prvniho_vydani/>
			</vydání>
			<ISBN/>
		</informace>
		<umisteni>
			<regal/>
			<police/>
			<poradi/>
			<znacka/>
		</umisteni>
		<priloha/>
	</kniha>
</knihovni_jednotky>
