<?xml version="1.0" encoding="UTF-8"?>
<!DOCTYPE knihovna SYSTEM "data.dtd">


<knihovna>
	<ctenari>
		<ctenar>
			<info>
				<ctenarskeCislo>1</ctenarskeCislo>
				<jmeno>Tomáš</jmeno>
				<prijmeni>Skalický</prijmeni>
				<telefon>604222222</telefon>
				<datumNarozeni>
					<den>3</den>
					<mesic>5</mesic>
					<rok>1990</rok>
				</datumNarozeni>
			</info>
			<vypujcky>
				<vypujcka vyp_id="vyp_1" vraceno="ano" ref_vid="vyt_5">
					<datumVypujcky>
						<den>2</den>
						<mesic>1</mesic>
						<rok>2013</rok>
					</datumVypujcky>
				</vypujcka>
				<vypujcka vyp_id="vyp_2" vraceno="ano" ref_vid="vyt_1">
					<datumVypujcky>
						<den>2</den>
						<mesic>2</mesic>
						<rok>2013</rok>
					</datumVypujcky>
				</vypujcka>
			</vypujcky>
		</ctenar>
		<ctenar>
			<info>
				<ctenarskeCislo>2</ctenarskeCislo>
				<jmeno>Jan</jmeno>
				<prijmeni>Nepomucký</prijmeni>
				<telefon>604222222</telefon>
				<datumNarozeni>
					<den>3</den>
					<mesic>5</mesic>
					<rok>1990</rok>
				</datumNarozeni>
			</info>
			<vypujcky>
				<vypujcka vyp_id="vyp_3" vraceno="ne" ref_vid="vyt_7">
					<datumVypujcky>
						<den>2</den>
						<mesic>1</mesic>
						<rok>2013</rok>
					</datumVypujcky>
				</vypujcka>
				<vypujcka vyp_id="vyp_4" vraceno="ne" ref_vid="vyt_11">
					<datumVypujcky>
						<den>2</den>
						<mesic>2</mesic>
						<rok>2013</rok>
					</datumVypujcky>
					<poznamka>Uzivatel stale nevratil <refvyp ref_vyp_id="vyp_3"/></poznamka>
				</vypujcka>
			</vypujcky>
		</ctenar>
		<ctenar>
			<info>
				<ctenarskeCislo>22</ctenarskeCislo>
				<jmeno>Jan</jmeno>
				<prijmeni>Neznal</prijmeni>
				<telefon>604222222</telefon>
				<datumNarozeni>
					<den>3</den>
					<mesic>5</mesic>
					<rok>1990</rok>
				</datumNarozeni>
			</info>
			<vypujcky>
			</vypujcky>
		</ctenar>
	</ctenari>
	<knihy>
		<kniha isbn="1111115">
			<nazev>Ze života hmyzu</nazev>
			<rokVydani>1922</rokVydani>
			<refnakladatelstvi ref_nak_id="nak_3"/>
			<refautor ref_aut_id="aut_1 aut_2"/>
			<vytisky>
				<vytisk vid="vyt_1">
					<vydani>1</vydani>
				</vytisk>
				<vytisk vid="vyt_2">
					<vydani>1</vydani>
				</vytisk>
			</vytisky>
		</kniha>
		<kniha isbn="415886">
			<nazev>Havran</nazev>
			<rokVydani>1850</rokVydani>
			<refnakladatelstvi ref_nak_id="nak_1"/>
			<refautor ref_aut_id="aut_4"/>
			<vytisky>
				<vytisk vid="vyt_3">
					<vydani>2</vydani>
				</vytisk>
			</vytisky>
		</kniha>
		<kniha isbn="466245">
			<nazev>Jáma a kyvadlo</nazev>
			<rokVydani>1854</rokVydani>
			<refnakladatelstvi ref_nak_id="nak_3"/>
			<refautor ref_aut_id="aut_4"/>
			<vytisky>
				<vytisk vid="vyt_4">
					<vydani>3</vydani>
				</vytisk>
				<vytisk vid="vyt_5">
					<vydani>2</vydani>
				</vytisk>
			</vytisky>
		</kniha>
		<kniha isbn="543255">
			<nazev>Kral Lear</nazev>
			<rokVydani>1590</rokVydani>
			<refnakladatelstvi ref_nak_id="nak_1"/>
			<refautor ref_aut_id="aut_5"/>
			<vytisky>
				<vytisk vid="vyt_6">
					<vydani>8</vydani>
				</vytisk>
			</vytisky>
		</kniha>
		<kniha isbn="564238">
			<nazev>R.U.R.</nazev>
			<rokVydani>1910</rokVydani>
			<refnakladatelstvi ref_nak_id="nak_2"/>
			<refautor ref_aut_id="aut_2"/>
			<vytisky>
				<vytisk vid="vyt_7">
					<vydani>5</vydani>
				</vytisk>
				<vytisk vid="vyt_8">
					<vydani>3</vydani>
				</vytisk>
			</vytisky>
		</kniha>
		<kniha isbn="481886">
			<nazev>Restaurant na konci vesmíru</nazev>
			<rokVydani>1980</rokVydani>
			<refnakladatelstvi ref_nak_id="nak_1"/>
			<refautor ref_aut_id="aut_3"/>
			<vytisky>
			</vytisky>
		</kniha>
		<kniha isbn="686472">
			<nazev>Romeo a Julie</nazev>
			<rokVydani>1600</rokVydani>
			<refnakladatelstvi ref_nak_id="nak_4"/>
			<refautor ref_aut_id="aut_5"/>
			<vytisky>
				<vytisk vid="vyt_10">
					<vydani>1</vydani>
				</vytisk>
				<vytisk vid="vyt_11">
					<vydani>1</vydani>
				</vytisk>
			</vytisky>
		</kniha>
		<kniha isbn="846225">
			<nazev>Zářivé hlubiny</nazev>
			<rokVydani>1916</rokVydani>
			<refnakladatelstvi ref_nak_id="nak_5"/>
			<refautor ref_aut_id="aut_1 aut_2"/>
			<vytisky>
				<vytisk vid="vyt_12">
					<vydani>3</vydani>
				</vytisk>
				<vytisk vid="vyt_13">
					<vydani>3</vydani>
				</vytisk>
			</vytisky>
		</kniha>
		<kniha isbn="873215">
			<nazev>Dášenka</nazev>
			<rokVydani>1933</rokVydani>
			<refnakladatelstvi ref_nak_id="nak_2"/>
			<refautor ref_aut_id="aut_2"/>
			<vytisky>
				<vytisk vid="vyt_14">
					<vydani>5</vydani>
				</vytisk>
			</vytisky>
		</kniha>
		<kniha isbn="873245">
			<nazev>Stopařův průvodce po galaxii</nazev>
			<rokVydani>1980</rokVydani>
			<refnakladatelstvi ref_nak_id="nak_1"/>
			<refautor ref_aut_id="aut_3"/>
			<vytisky>
				<vytisk vid="vyt_15">
					<vydani>2</vydani>
				</vytisk>
				<vytisk vid="vyt_16">
					<vydani>2</vydani>
				</vytisk>
			</vytisky>
		</kniha>
	</knihy>
	<autori>
		<autor aut_id="aut_1">
			<jmeno>Josef</jmeno>
			<prijmeni>Čapek</prijmeni>
			<datumNarozeni>
				<den>23</den>
				<mesic>3</mesic>
				<rok>1887</rok>
			</datumNarozeni>
		</autor>
		<autor aut_id="aut_2">
			<jmeno>Karel</jmeno>
			<prijmeni>Čapek</prijmeni>
			<datumNarozeni>
				<den>9</den>
				<mesic>1</mesic>
				<rok>1890</rok>
			</datumNarozeni>
		</autor>
		<autor aut_id="aut_3">
			<jmeno>Douglas</jmeno>
			<prijmeni>Adams</prijmeni>
			<datumNarozeni>
				<den>11</den>
				<mesic>3</mesic>
				<rok>1952</rok>
			</datumNarozeni>
		</autor>
		<autor aut_id="aut_4">
			<jmeno>Edgar</jmeno>
			<prijmeni>Poe</prijmeni>
			<datumNarozeni>
				<den>19</den>
				<mesic>1</mesic>
				<rok>1809</rok>
			</datumNarozeni>
		</autor>
		<autor aut_id="aut_5">
			<jmeno>William</jmeno>
			<prijmeni>Shakespeare</prijmeni>
			<datumNarozeni>
				<den>26</den>
				<mesic>4</mesic>
				<rok>1564</rok>
			</datumNarozeni>
		</autor>
	</autori>
	<nakladatelstvi>
		<naklad nak_id="nak_1">
			<nazev>Books inc.</nazev>
			<mesto>Londýn</mesto>
		</naklad>
		<naklad nak_id="nak_2">
			<nazev>Experodam</nazev>
			<mesto>Praha</mesto>
		</naklad>
		<naklad nak_id="nak_3">
			<nazev>Naše nakladatelsví</nazev>
			<mesto>Praha</mesto>
		</naklad>
		<naklad nak_id="nak_4">
			<nazev>Proglas</nazev>
			<mesto>Brno</mesto>
		</naklad>
		<naklad nak_id="nak_5">
			<nazev>Tučňák</nazev>
			<mesto>Plzeň</mesto>
		</naklad>
		<naklad nak_id="nak_6">
			<nazev>Filda</nazev>
			<mesto>Praha</mesto>
		</naklad>
	</nakladatelstvi>
	<oknihovne>
		<![CDATA[
		Celý dokument je rozdělen na několik částí:
		<ctenari> - informace o čtenářích a jejich výpůjčkách
		<knihy> - informace o knihách a jejich výtiscích
		<autori> - informace o autorech knih
		<nakladatelstvi> - informace o nakladatelstvích
		]]>
		Stav knihovny je &stav;
		Dnešní datum je <?php Date("d.m.Y")?>
	</oknihovne>
</knihovna>
