<?xml version="1.0" encoding="utf-8"?>
<tournament xmlns:xsi="http://www.w3.org/2001/XMLSchema-instance" xsi:noNamespaceSchemaLocation="data.xsd">
  <name>Cobra Cup</name>
  <organizer>
    <?php print $organizer_name ?>
  </organizer>
  <categories>
    <age id="age-pupils" min="1998" max="2000">
      <male>
        <name>Pupils</name>
        <category max="26" />
        <category min="26" max="30" />
        <category min="30" max="33" />
        <category min="33" max="36" />
        <category min="36" max="40" />
        <category min="40" max="45" />
        <category min="45" max="50" />
        <category min="50" max="55" />
        <category min="55" />
      </male>
      <female>
        <name>Pupils</name>
        <category max="26" />
        <category min="26" max="30" />
        <category min="30" max="33" />
        <category min="33" max="36" />
        <category min="36" max="40" />
        <category min="40" max="45" />
        <category min="45" max="50" />
        <category min="50" max="55" />
        <category min="55" />
      </female>
    </age>
    <age id="age-juniors" min="1995" max="1997">
      <male>
        <name>Juniors</name>
        <category max="45" />
        <category min="45" max="48" />
        <category min="48" max="51" />
        <category min="51" max="55" />
        <category min="55" max="59" />
        <category min="59" max="63" />
        <category min="63" max="68" />
        <category min="68" max="73" />
        <category min="73" max="78" />
        <category min="78" />
      </male>
      <female>
        <name>Juniors</name>
        <category max="42" />
        <category min="42" max="44" />
        <category min="44" max="46" />
        <category min="46" max="49" />
        <category min="49" max="52" />
        <category min="52" max="55" />
        <category min="55" max="59" />
        <category min="59" max="63" />
        <category min="63" max="68" />
        <category min="68" />
      </female>
    </age>
  </categories>
  <teams>
    <team id="kangsim">
      <name>SK Kangsim Dojang</name>
      <chairman>Marek Doxanský</chairman>
      <contact>
        <phone-cell operator="Vodafone">497562483</phone-cell>
        <mail>info@kangsim.cz</mail>
      </contact>
    </team>
    <team id="cobra">
      <name>SK Cobra Dojang</name>
      <chairman>Ing. Bohuslav Hybrant</chairman>
      <contact>
        <phone-home city="Praha">281924158</phone-home>
      </contact>
    </team>
    <team id="sejong">
      <name>Sejong Dojang</name>
      <chairman>Ing. Ondřej Havlíček</chairman>
      <contact>
        <mail>shou@sejong.cz</mail>
      </contact>
    </team>
    <team id="lt">
      <name full="true"><![CDATA[SK Levý Tag <]]></name>
      <chairman>Mgr. Maxim Dokonalý</chairman>
      <contact>
        <mail>jsem@borec.cz</mail>
      </contact>
    </team>
  </teams>
  <contestants>
    <contestant team="kangsim" pin="900913/2159" proficiency-level="1-dan">
      <name>Robert Husák</name>
      <born>1996-08-06</born>
      <weight>76</weight>
    </contestant>
    <contestant team="kangsim" pin="9009136849" proficiency-level="1-kup">
      <name>Petr Husák</name>
      <born>1996-09-05</born>
      <weight>68</weight>
    </contestant>
    <contestant team="sejong" pin="9009136850" proficiency-level="10-kup">
      <name>Pavel Vomáčka</name>
      <born>1999-09-08</born>
      <weight>70</weight>
    </contestant>
  </contestants>
</tournament>