<?xml version="1.0" encoding="UTF-8"?>
<!DOCTYPE knihyInfo SYSTEM "data2.dtd">
<knihyInfo>
	<kniha>
		<nazev>boure mecu</nazev>
		<autor>
				<firstName>George</firstName>
				<secondName>Martin</secondName>
				<CoO>USA</CoO>
		</autor>
		<serie>
			<nazevSerie>Pisen ledu a ohne</nazevSerie>
			<poradi p="3"></poradi>
		</serie>
	</kniha>
	<kniha>
			<nazev>Hra o truny</nazev>
		<autor>
				<firstName>George</firstName>
				<secondName>Martin</secondName>
				<CoO>USA</CoO>
		</autor>
		<serie>
			<nazevSerie>Pisen ledu a ohne</nazevSerie>
			<poradi p="1"></poradi>
		</serie>
	</kniha>
	<kniha>
		<nazev>Stret kralu</nazev>
		<autor>
				<firstName>George</firstName>
				<secondName>Martin</secondName>
				<CoO>USA</CoO>
		</autor>
		<serie>
			<nazevSerie>Pisen ledu a ohne</nazevSerie>
			<poradi p="2"></poradi>
		</serie>
	</kniha>
	<kniha>
		<nazev>krev_elfu</nazev>
		<autor>
			<firstName>Andrzej</firstName>
			<secondName>Sapkowski</secondName>
			<CoO>Polsko</CoO>
			
		</autor>
	</kniha>
	<kniha>
		<nazev>Damy a panove</nazev>
		<autor>
			<firstName>Terry</firstName>
			<secondName>Pratchett</secondName>
		</autor>
		<serie>
			<nazevSerie>Uzasna Zemeplocha</nazevSerie>
			<poradi p="17"></poradi>
		</serie>
	</kniha>
		<kniha>
		<nazev>Podivny regiment</nazev>
		<autor>
			<firstName>Terry</firstName>
			<secondName>Pratchett</secondName>
		</autor>
		<serie>
			<nazevSerie>Uzasna Zemeplocha</nazevSerie>
			<poradi p="13"></poradi>
		</serie>
	</kniha>
		<kniha>
		<nazev>Mort</nazev>
		<autor>
			<firstName>Terry</firstName>
			<secondName>Pratchett</secondName>
		</autor>
		<serie>
			<nazevSerie>Uzasna Zemeplocha</nazevSerie>
			<poradi p="14"></poradi>
		</serie>
	</kniha>
	
</knihyInfo>