<?xml version="1.0" encoding="UTF-8"?>
<data xmlns:xsi="http://www.w3.org/2001/XMLSchema-instance" xsi:noNamespaceSchemaLocation="data.xsd">
	<!--rezervace vstupnek do kina -->
	<rezervace-vstupenek>
	
		<zakaznik rodneCislo="B1">
			<vek>16 </vek>
			<jmeno>Petr</jmeno>
			<prijmeni>Novak</prijmeni>
			<adresa>
				<ulice>Konevova 13 </ulice>
				<mesto>Praha 3</mesto>
				<PSC>130 00</PSC>
			</adresa>
		</zakaznik>
		
		
		
		<zakaznik rodneCislo="B2">
			<vek>23</vek>
			<jmeno>Eliska</jmeno>
			<prijmeni>Novakova</prijmeni>
			<adresa>
				<ulice>Konevova 23</ulice>
				<mesto>Praha 2</mesto>
				<PSC>130 00</PSC>
			</adresa>
		</zakaznik>
		
		
		
		<vstupenky>
			<vstupenek idVstupenek="CZ1">
			
				<informace>
					<vstupne>120</vstupne>
					<film>XML FOREVER</film>
					<!--doba trvani-->
					<cas>
						<zacatek>17:20:34.45</zacatek>
						<konec> 20:00:00.00</konec>
					</cas>
					
					<datum>2011-05-23</datum>
					<mistnost>
						<sal>3</sal>
						<sedadlo>4</sedadlo>
					</mistnost>
					
					<jmeno> Petr</jmeno>
					<prijmeni>Novak</prijmeni>
					
					<typ-vstupenek>normalni</typ-vstupenek>
					
				</informace>
				
				
			</vstupenek>
		<vstupenek idVstupenek="CZ2">
				<informace>
					<vstupne>120</vstupne>
					<film>XML Schema Forever</film>
					<!--doba trvani-->
					<cas>
						<zacatek>17:20:34.45</zacatek>
						<konec> 20:00:00.00</konec>
					</cas>
					
					<datum>2012-05-23</datum>
					<mistnost>
						<sal>4</sal>
						<sedadlo>4</sedadlo>
					</mistnost>
					
					<jmeno> Honza</jmeno>
					<prijmeni>Novak</prijmeni>
					
					<typ-vstupenek>normalni</typ-vstupenek>
				
					
				</informace>
		</vstupenek>
			
		</vstupenky>
		<!--odkaz na vstupenku -->
		<zprava>
			<spolecnost>Palace Cinema</spolecnost>
			<obsah-filmu>Coool Film</obsah-filmu>
			<vedlejsi-inf>
				<herec>
					<jmeno>Brad Pitt</jmeno>
				</herec>
				<reziser>Tran Tuan Anh</reziser>
			</vedlejsi-inf>
		</zprava>
		
	</rezervace-vstupenek>


</data>
