<?xml version="1.0" encoding="UTF-8"?>
<vystava nazev="DUO_CACIB_BRNO" datum="2014-02-23">
	<rozhodci>
		<jmeno>Adam_Ostrowski</jmeno>
		<narodnost>PL</narodnost>
		<podrozhodci>
			<rozhodci>
				<jmeno>Antonin_Mudra</jmeno>
				<narodnost>CZ</narodnost>
			</rozhodci>
		</podrozhodci>
	</rozhodci>
	<rozhodci>
		<jmeno>Lenka_Frncova</jmeno>
		<narodnost>CZ</narodnost>
		<podrozhodci>
			<rozhodci>
				<jmeno>Peter_Mazura</jmeno>
				<narodnost>SK</narodnost>
				<podrozhodci>
					<rozhodci>
						<jmeno>Piotr_Krol</jmeno>
						<narodnost>SK</narodnost>
					</rozhodci>
				</podrozhodci>
			</rozhodci>
		</podrozhodci>
	</rozhodci>
	<kruh cislo="P30" rozhodci="Adam_Ostrowski">
		<rasa jmeno="tibetsky_spanel">
			<trida nazev="mlady">
				<pes registracni_cislo="CMKU_TS_1562_13" poradi="8500">				
				</pes>
				<pes registracni_cislo="CMKU_TS_1530_12" poradi="8501">
					<posudek hodnoceni="Vyborna">
						<![CDATA[Mohl by být < než ostatní psi.]]>
					</posudek>
				</pes>
			</trida>
			<trida nazev="mezitrida">
				<fena registracni_cislo="CMKU_TS_1533_12" poradi="8515">
					<posudek hodnoceni="Velmi_dobra">
						Dobrá hlava a postoj.
					</posudek>
				</fena>
			</trida>
		</rasa>
	</kruh>
	<kruh cislo="P31" rozhodci="Antonin_Mudra">
		<rasa jmeno="Cinsky_chocholaty_pes_bez_srsti">
			<trida>
				<pes registracni_cislo="CMKU_CIN_4919_12_13" poradi="8003">
					<posudek>
					</posudek>
				</pes>
			</trida>
		</rasa>
	</kruh>
	<kruh cislo="P10" rozhodci="Lenka_Frncova">
		<rasa jmeno="Beagle">
			<trida nazev="sampioni">
				<fena registracni_cislo="CLP_BEA_6619" poradi="7121">
					<posudek>
					</posudek>
				</fena>
			</trida>
		</rasa>
	</kruh>
	<kruh cislo="F41" rozhodci="Piotr_Krol">
		<rasa jmeno="Tibetska_doga">
			<trida>
				<pes registracni_cislo="REG_TD_2159_10" poradi="6201">
					<posudek>
					</posudek>
				</pes>
			</trida>
		</rasa>
	</kruh>
	<poznamka>
		Údaje jsou platné k <datum><?php echo Date("d.m.Y")?></datum>.
	</poznamka>
</vystava>