<?xml version="1.0" encoding="UTF-8"?>
<library xmlns:xsi="http://www.w3.org/2001/XMLSchema-instance" xsi:noNamespaceSchemaLocation="data.xsd">
	<book>
		<author>Jindřich Bečvář</author>
		<name>Lineární algebra</name>
		<published>
			<publisher>
				<name>Matfyzpress</name>
				<address>
					<street>Sokolovská</street>
					<num>83</num>
					<city>Praha 8</city>
					<postalCode>18675</postalCode>
				</address>
				<year>2005</year>
			</publisher>
			<printer>
				<name>Reprostředisko UK MFF</name>
				<address>
					<street>Sokolovská</street>
					<num>83</num>
					<city>Praha 8</city>
					<postalCode>18675</postalCode>
				</address>
			</printer>
			<editionNum>3</editionNum>
		</published>
		<ISBN>ISBN 80-86732-57-6</ISBN>
		<otherEditions>
			<ISBN commentary="druhé vydání">ISBN 80-85863-92-8</ISBN>
			<ISBN commentary="první vydání">ISBN 80-85863-61-8</ISBN>
		</otherEditions>
		<language>čeština</language>
		<category>učebnice</category>
		<printsInLib>4</printsInLib>
		<locationInLib>
			<present row="9" line="1"/>
			<borrowed day="2" month="5" year="2011"/>
			<depositary row="5" line="3"/>
			<present row="9" line="1"/>
		</locationInLib>
	</book>
	<book>
		<author>Niel Gaiman</author>
		<name>Fragile Things Short Fictions and Wonders</name>
		<published>
			<publisher>
				<name>Headline Publishing Group</name>
				<address>
					<street>Euston Road</street>
					<num>338</num>
					<city>London</city>
					<postalCode>NW13BH</postalCode>
				</address>
				<year>2007</year>
			</publisher>
			<printer>
				<name>CPI Mackays</name>
				<address>
					<street>neznámé</street>
					<num>neznámé</num>
					<city>Chatham</city>
					<postalCode>ME58TD</postalCode>
				</address>
			</printer>
			<editionNum>2</editionNum>
		</published>
		<ISBN commentary="A format">ISBN 978-0-755-3415-5</ISBN>
		<otherEditions>
			<ISBN commentary="B format">ISBN 978-0-755-3414-8</ISBN>
		</otherEditions>
		<language>english</language>
		<category>krásná literatura</category>
		<commentary>
			<ISBN>ISBN 978-0-755-3415-5</ISBN> je mnohem lepší než<ISBN>ISBN 978-0-755-3414-8</ISBN>
		</commentary>
		<printsInLib>2</printsInLib>
		<locationInLib>
			<present row="1" line="2"/>
			<borrowed day="23" month="4" year="2011"/>
		</locationInLib>
	</book>
	<book>
		<author>Niel Gaiman</author>
		<name>Američtí bohové</name>
		<translation>
			<name>American Gods</name>
			<translator>Ladislava Vojtková</translator>
		</translation>
		<published>
			<publisher>
				<name>Polaris</name>
				<address>
					<street>Poříčí</street>
					<num>218</num>
					<city>Frenštát pod Radhoštěm</city>
				</address>
				<year>2007</year>
			</publisher>
			<printer>
				<name>Printo s.r.o.</name>
				<address>
					<street>Gen. Sochora</street>
					<num>1379</num>
					<city>Ostrava Poruba</city>
				</address>
			</printer>
			<editionNum>2</editionNum>
		</published>
		<ISBN>ISBN 978-80-7332-098-0</ISBN>
		<language>čeština</language>
		<category>krásná literatura</category>
		<commentary>Druhé vydání doplněné autorem</commentary>
		<printsInLib>2</printsInLib>
		<locationInLib>
			<borrowed day="12" month="4" year="2011"/>
			<present row="1" line="2"/>
		</locationInLib>
	</book>
	<book>
		<author>Oldřich Odvárko</author>
		<name>Matematika pro gymnázia Posloupnosti a řady</name>
		<published>
			<publisher>
				<name>Prometheus, spol. s r.o.</name>
				<address>
					<street>Žitná</street>
					<num>25</num>
					<city>Praha 1</city>
				</address>
				<phone>+420 691 37 15</phone>
				<year>2001</year>
			</publisher>
			<printer>
				<name>B PRINT</name>
				<address>
					<street>Žitavského</street>
					<num>572</num>
					<city>Praha 5 - Zbraslav</city>
				</address>
			</printer>
			<editionNum>2</editionNum>
		</published>
		<ISBN>ISBN 80-7196-195-7</ISBN>
		<language>čeština</language>
		<category>učebnice</category>
		<commentary>dotisk 2. vydání</commentary>
		<printsInLib>3</printsInLib>
		<locationInLib>
			<borrowed day="2" month="5" year="2011"/>
			<borrowed day="6" month="6" year="2011"/>
			<present row="5" line="3"/>
		</locationInLib>
	</book>
	<book>
		<author>Chris Sels</author>
		<name>C# a WinForms - programování formulářů Windows</name>
		<translation>
			<name>Windows Forms Programming in C#</name>
			<translator>Jan Pokorný</translator>
		</translation>
		<published>
			<publisher>
				<name>ZONER software s.r.o.</name>
				<address>
					<street>Nové sady</street>
					<num>18/583</num>
					<city>Brno</city>
					<postalCode>60200</postalCode>
				</address>
				<phone>+420 532 190 883</phone>
				<year>2005</year>
			</publisher>
			<printer>
				<name>Zoner Press</name>
			</printer>
			<editionNum>1</editionNum>
		</published>
		<ISBN>ISBN 80-86815-25-0</ISBN>
		<language>čeština</language>
		<category>odborné</category>
		<commentary/>
		<printsInLib>1</printsInLib>
		<locationInLib>
			<borrowed day="1" month="3" year="2011"/>
		</locationInLib>
	</book>
	<book>
		<author>Karel Zvára</author>
		<author>Josef Štěpán</author>
		<name>Pravděpodobnost a matematická statistika</name>
		<published>
			<publisher>
				<name>Matfyzpress</name>
				<address>
					<street>Sokolovská</street>
					<num>83</num>
					<city>Praha 8</city>
					<postalCode>18675</postalCode>
				</address>
				<year>2006</year>
			</publisher>
			<printer>
				<name>Reprostředisko UK MFF</name>
			</printer>
			<editionNum>4</editionNum>
		</published>
		<ISBN>ISBN 80-86732-71-7</ISBN>
		<otherEditions>
			<ISBN commentary="1. vydání">ISBN 80-85863-24-3</ISBN>
			<ISBN commentary="2. vydání">ISBN 80-85863-76-6</ISBN>
			<ISBN commentary="3. vydání">ISBN 80-85863-93-6</ISBN>
		</otherEditions>
		<language>čeština</language>
		<category>odborné</category>
		<category>učebnice</category>
		<commentary>Praha 2006</commentary>
		<printsInLib>2</printsInLib>
		<locationInLib>
			<present line="4" row="2"/>
			<present line="4" row="2"/>
		</locationInLib>
	</book>
</library>
