<?xml version="1.0" encoding="UTF-8"?>
<?xml-stylesheet type="text/xsl" href="data.xsl"?>
<!DOCTYPE dbexport SYSTEM "data.dtd">

<dbexport xmlns:xsi="http://www.w3.org/2001/XMLSchema-instance"
    xsi:noNamespaceSchemaLocation="data.xsd" id="_fdb1">
    <filmy>
        <film id="_f1" typ="film">
            <nazev lang="cz">Argo</nazev>
            <nazev lang="orig">Argo</nazev>
            <zanr>Drama, Thriller, Historicky</zanr>
            <rok>2012</rok>
            <delka>120</delka>
            <reziser id="_t1" />
            <popis>
                Dramatický thriller Argo vychází ze skutečného příběhu. Popisuje tajnou operaci na záchranu šesti Američanů, která se odehrála na pozadí krize s rukojmími v Íránu. Film ukazuje divákům skutečnost, která nebyla známa celá desetiletí. Dne 4. listopadu 1979 vrcholí íránská revoluce. Radikálové pronikají na americké velvyslanectví v Teheránu, kde zajímají celkem 52 amerických rukojmí. Uprostřed nastalého chaosu se nicméně šesti Američanům podaří uprchnout a ukrýt se v domě kanadského velvyslance. CIA si je velmi dobře vědoma toho, že je jen otázkou času, než bude šest uprchlíků nalezeno a velmi pravděpodobně i zabito, a tak specialista CIA na „exfiltraci“ jménem Tony Mendez (Affleck) přichází s riskantním plánem na jejich bezpečný odsun ze země. A ten plán je tak neuvěřitelný, jako by se mohl stát jen ve filmu.
            </popis>
            <hodnoceni>78</hodnoceni>
            <herci>
                <herec id="_t1">
                    <celejmeno>Ben Affleck</celejmeno>
                </herec>
                <herec id="_t2">
                    <celejmeno>Bryan Cranston</celejmeno>
                </herec>
                <herec id="_t3">
                    <celejmeno>John Goodman</celejmeno>
                </herec>
            </herci>
        </film>
        <film id="_f2" typ="film">
            <nazev lang="cz">Let</nazev>
            <nazev lang="orig">Flight</nazev>
            <zanr>Drama</zanr>
            <rok>2012</rok>
            <delka>138</delka>
            <reziser id="_t4" />
            <popis>
                Kapitán Whip Whitaker (Washington) je velezkušený pilot, kterému sebeprudší turbulence ani nestojí za zvýšení hlasu či adrenalinu v krvi. Když během rutinního letu jím pilotované dopravní letadlo vlétne do mohutné bouře, chladnokrevně ho vyvede do bezpečí, za což si vyslouží potlesk 96 cestujících a šesti členů posádky. Radost je předčasná, letadlu postupně začnou vynechávat funkce, je čím dál neovladatelnější a Whip se odhodlá k šílenému činu – otočí ho vzhůru nohama, což ho má déle udržet ve vzduchu a mezitím se pokusí najít co nejvhodnější místo k přistání. Před rovným pásem louky ho znovu otočí a ve dvousetkilometrové rychlosti sedne na zem. Jako zázrakem přežije 96 lidí. Když se Whip posléze probudí v nemocnici, dozví se, že se stal národním hrdinou. Adorace ale trvá jen do chvíle, než padne klíčová otázka: Co dělal kapitán před osudným letem? V tu chvíli pro něj začíná nový boj. Boj, který nakonec bude těžší než ten, který svedl se živly a neovladatelným letadlem.
            </popis>
            <hodnoceni>72</hodnoceni>
            <herci>
                <herec id="_t5">
                    <celejmeno>Denzel Washington</celejmeno>
                </herec>
                <herec id="_t6">
                    <celejmeno>Kelly Reilly</celejmeno>
                </herec>
                <herec id="_t3">
                    <celejmeno>John Goodman</celejmeno>
                </herec>
            </herci>
        </film>
        <film id="_f3" typ="film">
            <nazev lang="cz">Na divoké vlně</nazev>
            <nazev lang="orig">Chasing Mavericks</nazev>
            <zanr>Drama, Sportovni</zanr>
            <rok>2012</rok>
            <delka>117</delka>
            <reziser id="_t7" />
            <popis>
                Film natočený podle životního příběhu Jaya Moriartyho (Jonny Weston), neuvěřitelně talentovaného surfaře, jehož styl dodnes obdivují tisíce fanoušků divokých vln. Jeho snem bylo zdolat Mavericks - jednu z největších mořských vln na světě. Když je Jayovi 15 let, zjistí, že místo, kde se Mavericks objevuje, opravdu existuje a nachází se dokonce jen několik mil od jeho domova v Santa Cruz. Podaří se mu přesvědčit místní legendu Rickyho "Frosty" Hessona (Gerard Butler), bývalého záchranáře a reprezentanta v plavání, aby ho začal trénovat. Zkušený profesionál po prvních hodinách pochopí, že v mladém klukovi se skrývá nejen dokonalý cit pro moře, ale i neskutečně pevná vůle, která mu pomáhá zdolávat i ty nejtěžší překážky. Mezi Jayem a Rickym se postupně vytvoří jedinečné přátelství a tak je spojuje nejen touha po zdolání nezkrotné vlny. Aby Jay dokázal pokořit Mavericks musí nejdříve absolvovat tvrdou fyzickou i psychickou přípravu a pak se může i on stát legendou pro další generace surfařů.
            </popis>
            <hodnoceni>66</hodnoceni>
            <herci>
                <herec id="_t8">
                    <celejmeno>Gerard Butler</celejmeno>
                </herec>
                <herec id="_t9">
                    <celejmeno>Abigail Spencer</celejmeno>
                </herec>
                <herec id="_t10">
                    <celejmeno>Jonny Weston</celejmeno>
                </herec>
            </herci>
        </film>
    </filmy>
    <tvurci>
        <tvurce id="_t1">
            <jmeno>Ben</jmeno>
            <prijmeni>Affleck</prijmeni>
            <narodnost>USA</narodnost>
        </tvurce>
        <tvurce id="_t2">
            <jmeno>Bryan</jmeno>
            <prijmeni>Cranston</prijmeni>
            <narodnost>USA</narodnost>
        </tvurce>
        <tvurce id="_t3">
            <jmeno>John</jmeno>
            <prijmeni>Goodman</prijmeni>
            <narodnost>USA</narodnost>
        </tvurce>
        <tvurce id="_t4">
            <jmeno>Robert</jmeno>
            <prijmeni>Zemeckis</prijmeni>
            <narodnost>USA</narodnost>
        </tvurce>
        <tvurce id="_t5">
            <jmeno>Denzel</jmeno>
            <prijmeni>Washington</prijmeni>
            <narodnost>USA</narodnost>
        </tvurce>
        <tvurce id="_t6">
            <jmeno>Kelly</jmeno>
            <prijmeni>Reilly</prijmeni>
            <narodnost>GBR</narodnost>
        </tvurce>
        <tvurce id="_t7">
            <jmeno>Curtis</jmeno>
            <prijmeni>Hanson</prijmeni>
            <narodnost>USA</narodnost>
        </tvurce>
        <tvurce id="_t8">
            <jmeno>Gerard</jmeno>
            <prijmeni>Butler</prijmeni>
            <narodnost>GBR</narodnost>
        </tvurce>
        <tvurce id="_t9">
            <jmeno>Abigail</jmeno>
            <prijmeni>Spencer</prijmeni>
            <narodnost>USA</narodnost>
        </tvurce>
        <tvurce id="_t10">
            <jmeno>Jonny</jmeno>
            <prijmeni>Weston</prijmeni>
        </tvurce>
    </tvurci>
    <!--Info-->
    <poznamka>
        <![CDATA[
            document.writeln("Zaloha databaze");
        ]]>
        <uzivatel>Michal Vlcek</uzivatel>
    </poznamka>
    <datum><?php echo Date("Y-m-d")?></datum>
</dbexport>
