﻿<?xml version="1.0" encoding="UTF-8"?>

<!-- 
    hypotetická evidence vlastníků ve virtuálním katastru
    - model reálné situace
-->

<evidence>
    
    <parcela id="p1.1">
        <cislo>1</cislo>
        <vymera>1.2584</vymera>
        <kultura typ="orná" />
        
        <sousedni id="p1.2" />

        <vlastnik id="v8808275007">
            <jmeno>Adam</jmeno>
            <prijmeni>Nováček</prijmeni>
            <adresa>
                <ulice>Nová</ulice>
                <cp>15</cp>
                <mesto>Přímětín</mesto>
                <psc>22532</psc>
            </adresa>
            <zmeneno>2011-12-12</zmeneno>
            <aktualni />
        </vlastnik>

        <vlastnik id="v0012455">
            <firma>Obec Přímětín</firma>
            <ico>0012455</ico>
            <adresa>
                <ulice>Náměstí</ulice>
                <cp>1</cp>
                <mesto>Přímětín</mesto>
                <psc>22532</psc>
            </adresa>
            <zmeneno>1911-02-12</zmeneno>
        </vlastnik>
        
        <lv cislo="1">
            <ku>Přímětín</ku>
            <verze>1773</verze>
        </lv>           
        <digitalizace probehla="ano"/>     
        <zmeneno>2011-12-12</zmeneno>
        <poznamka><![CDATA[přímý vstup operátora databáze, prostor pro poznámku]]></poznamka>
    </parcela>    

    <parcela id="p1.2">
        <cislo>2</cislo>
        <vymera>2.3655</vymera>
        <kultura typ="les" />
        
        <vlastnik id="v55162355">
            <firma>Chromotix s.r.o.</firma>
            <ico>55162355</ico>
            <adresa>
                <ulice>Náměstí</ulice>
                <cp>2</cp>
                <mesto>Přímětín</mesto>
                <psc>22532</psc>
            </adresa>
            <zmeneno>2011-04-12</zmeneno>
            <aktualni />
        </vlastnik>
        
        <lv cislo="1">
            <ku>Přímětín</ku>
            <verze>1773</verze>
        </lv>        
        <digitalizace probehla="ne" />
        <zmeneno>2011-12-12</zmeneno>
        <poznamka><![CDATA[přímý vstup operátora databáze, prostor pro poznámku]]></poznamka>
    </parcela>  
    
</evidence>
