<?xml version="1.0" encoding="UTF-8"?>
<!DOCTYPE database SYSTEM "data.dtd">
<?xml-stylesheet type="text/xsl" href="data.xsl"?>
<database>
	<people>
		<person id="cameronj">
			<name>
				James Cameron
			</name>
			<work as="Director"/>
			<work as="Producer"/>
		</person>
	</people>
	<movies>
		<movie id="_avatar" title="Avatar">
			<base_info>
				<title>Avatar</title>
				<title>Avatar: An IMAX 3D Experience</title>
				<genre>
					<Action/>
					<Adventure/>
					<Fantasy/>
				</genre>
				<director name="James Cameron" director_id="cameronj"/>
				<duration time="162"/>
				<duration time="171">
					<note>
				 		special edition
					</note>
				</duration>
				<rating of_10="8.1"/>
				<year yr="2009"/>
			</base_info>
			<link href="http://www.imdb.com/title/tt0499549/">IMDb</link>
			<link>default</link>
			<more_info><![CDATA[
				A paraplegic Marine dispatched to the moon Pandora on a unique mission becomes torn between following his orders and protecting the world he feels is his home.		
				]]></more_info>
			<catalog_number cat="D" num="76"/>
		</movie>
		<movie id="_mummy2" title="The Mummy Returns">
			<base_info>
				<title>Mumie se vrací</title>
				<title>The Mummy Returns</title>
				<genre>
					<Action/>
					<Adventure/>
					<Fantasy/>
				</genre>
				<director name="Stephen Sommers"/>
				<duration time="130"/>
				<rating of_10="6.2"/>
				<year yr="2001"/>
			</base_info>
			<link href="http://www.imdb.com/title/tt0209163/">IMDb</link>
			<more_info><![CDATA[
		The mummified body of Imhotep is shipped to a museum in London, where he once again wakes and begins his campaign of rage and terror.		
		]]></more_info>
			<catalog_number cat="D" num="6"/>
		</movie>
		<movie id="_shrek" title="Shrek">
			<base_info>
				<title>Shrek</title>
				<genre>
					<Animation/>
					<Adventure/>
					<Comedy/>
				</genre>
				<director name="Andrew Adamson"/>
				<director name="Vicky Jenson"/>
				<duration time="90"/>
				<rating of_10="7.9"/>
				<year yr="2001"/>
			</base_info>
			<link href="http://www.imdb.com/title/tt0126029/">IMDb</link>
			<more_info><![CDATA[
		An ogre, in order to regain his swamp, travels along with an annoying donkey in order to bring a princess to a scheming lord, wishing himself King.
		]]></more_info>
			<catalog_number cat="A" num="1"/>
		</movie>
		<movie id="_shrek2" title="Shrek 2">
			<base_info>
				<title>Shrek 2</title>
				<genre>
					<Animation/>
					<Adventure/>
					<Comedy/>
				</genre>
				<director name="Andrew Adamson"/>
				<director name="Kelly Asbury"/>
				<director name="Conrad Vernon"/>
				<duration time="93"/>
				<rating of_10="7.4"/>
				<year yr="2004"/>
			</base_info>
			<link href="http://www.imdb.com/title/tt0298148/">IMDb</link>
			<more_info><![CDATA[
		Princess Fiona's parents invite her and Shrek to dinner to celebrate her marriage. If only they knew the newlyweds were both ogres.
		]]></more_info>
			<catalog_number cat="A" num="2"/>
		</movie>
		<movie id="_vanhelsing" title="Van Helsing">
			<base_info>
				<title>Van Helsing</title>
				<genre>
					<Action/>
					<Adventure/>
					<Drama/>
				</genre>
				<director name="Stephen Sommers"/>
				<duration time="131"/>
				<rating of_10="5.7"/>
				<year yr="2004"/>
			</base_info>
			<link href="http://www.imdb.com/title/tt0338526/">IMDb</link>
			<more_info><![CDATA[
		The notorious monster hunter is sent to Transylvania to stop Count Dracula who is using Dr. Frankenstein's research and a werewolf for some sinister purpose.
		]]></more_info>
			<catalog_number cat="D" num="25"/>
		</movie>
		<!-- testovaci film -->
		<movie id="_test" title="Test">
			<base_info>
				<title>Test</title>
				<genre>
					<Action/>
					<Adventure/>
					<Animation/>
					<Biography/>
					<Comedy/>
					<Crime/>
					<Drama/>
					<Family/>
					<Fantasy/>
					<Film-Noir/>
					<Game-Show/>
					<History/>
					<Horror/>
					<Music/>
					<Musical/>
					<Mystery/>
					<Romance/>
					<Sci-Fi/>
					<Thriller/>
					<War/>
					<Western/>
				</genre>
				<director name="Bratr Samo"/>
				<duration time="349"/>
				<duration time="480">
					<note>
						all night edition
					</note>
				</duration>
				<rating of_10="0"/>
				<year yr="2013"/>
			</base_info>
			<link href="http://www.youtube.com/watch?v=oHg5SJYRHA0">Full movie</link>
			<more_info><![CDATA[
					Lorem Ipsum is simply dummy text of the printing and typesetting industry. Lorem Ipsum has been the industry's standard dummy text ever since the 1500s, when an unknown printer took a galley of type and scrambled it to make a type specimen book. It has survived not only five centuries, but also the leap into electronic typesetting, remaining essentially unchanged. It was popularised in the 1960s with the release of Letraset sheets containing Lorem Ipsum passages, and more recently with desktop publishing software like Aldus PageMaker including versions of Lorem Ipsum.
				]]><?php echo Date("d.m.Y")?>
			</more_info>
		</movie>
	</movies>
</database>
