<?xml version="1.0" encoding="UTF-8"?>
<!DOCTYPE breweries_database SYSTEM "data.dtd" [
	<!ENTITY abv "Alcohol contents by volume">
]>
<breweries_database>
	<breweries_list>
		<!-- using Processing instruction-->
		<?sort alpha-ascending?>
		<!-- elements and subelements describing breweries_database -->
		<brewery id="id_00001" tours="yes" size="big">
			<name>Staropramen</name>
			<founded>1869</founded>
			<hl_year>1367424</hl_year>
			<address>
				<street>
					<street_name>Nádražní</street_name>
					<street_nr>84</street_nr>
				</street>
				<city>Prague</city>
				<postcode>150 54</postcode>
				<country>Czech Rep.</country>
			</address>
			<phone>02 - 5719 1111</phone>
			<fax>02 - 5719 1288</fax>
			<email>info@ppivovary.cz</email>
			<website>www.staropramen.cz</website>
			<note>
				<!-- using CDATA section--><![CDATA[Staropramen beer is present in Hašek's novel: "Osudy dobrého vojáka Švejka za světové války". ]]></note>
			<beers_list>
				<beer>
					<beer_name>Staropramen Světlý</beer_name>
				&abv; is<alc_vol>4% </alc_vol> and <plato> 10°</plato> on Plato scale.
			</beer>
				<beer>
					<beer_name>Staropramen Černý</beer_name>
				&abv; is<alc_vol>4.5% </alc_vol> and 
				<plato>11°</plato> on Plato scale.
			</beer>
				<beer>
					<beer_name>Staropramen Granát</beer_name>
				&abv; is<alc_vol>4.8% </alc_vol> and 
				<plato>11°</plato> on Plato scale.
			</beer>
				<beer>
					<beer_name>Staropramen Ležák</beer_name>
				&abv; is<alc_vol>5.2% </alc_vol> and 
				<plato>12°</plato> on Plato scale.
			</beer>
			</beers_list>
			<locals_list>
				<place lid_ref="l_4"/>
				<place lid_ref="l_5"/>
				<place lid_ref="l_7"/>
			</locals_list>
		</brewery>
		<brewery id="id_00002 " size="small">
			<name>Únětický pivovar</name>
			<founded>1710</founded>
			<hl_year>6000</hl_year>
			<address>
				<street>
					<street_name>Rýznerova</street_name>
					<street_nr>19</street_nr>
				</street>
				<city>Únětice</city>
				<postcode>252 62</postcode>
				<country>Czech Rep.</country>
			</address>
			<phone>602 341 447</phone>
			<phone>635 441 936</phone>
			<fax> </fax>
			<email>lucie.tkadlecova@unetickypivovar.cz</email>
			<website>http://www.unetickypivovar.cz</website>
			<!-- using pre-defined entitiy for special character: &apos; -->
			<note>Brewing traditional Czech lager, using traditional time tested methods, Únětické&apos;s beer consistently has a fresh, wholesome, and pure taste that comes only with the best lager.</note>
			<beers_list>
				<beer>
					<beer_name>Únětické pivo 10°</beer_name>
				&abv; is<alc_vol>3,8% </alc_vol> and 
				<plato>10°</plato> on Plato scale.
			</beer>
				<beer>
					<beer_name>Únětické pivo 12°</beer_name>
				&abv; is<alc_vol>4.9% </alc_vol> and 
				<plato>12°</plato> on Plato scale.
			</beer>
				<beer>
					<beer_name>Únětický speciál 13°</beer_name>
				&abv; is<alc_vol>5,5% </alc_vol> and 
				<plato>13°</plato> on Plato scale.
			</beer>
				<beer>
					<beer_name>Staropramen Ležák</beer_name>
				&abv; is<alc_vol>5.2% </alc_vol> and 
				<plato>12°</plato> on Plato scale.
			</beer>
			</beers_list>
			<locals_list>
				<place lid_ref="l_6"/>
				<place lid_ref="l_7"/>
			</locals_list>
		</brewery>
		<brewery id="id_00003" tours="yes" size="small">
			<name>U Fleků</name>
			<founded>1499</founded>
			<hl_year>2200</hl_year>
			<address>
				<street>
					<street_name>Křemencova </street_name>
					<street_nr>11</street_nr>
				</street>
				<city>Prague</city>
				<postcode>110 00</postcode>
				<country>Czech Rep.</country>
			</address>
			<phone>+420 224 934 019–20</phone>
			<fax>+420 224 934 805</fax>
			<email>ufleku@ufleku.cz</email>
			<website>ufleku.cz</website>
			<note>The U Fleků brewery is the only brewery in Central Europe which has been brewing beer for 500 straight years. When communists came to power the business was nationalised and after the fall of the communist regime the restaurant and the brewery were returned to the original owners in 1991, the Brtník family.</note>
			<beers_list>
				<beer>
					<beer_name>Flekovský ležák</beer_name>
				&abv; is<alc_vol>5,5% </alc_vol> and 
				<plato>13°</plato> on Plato scale.
			</beer>
			</beers_list>
			<locals_list>
				<place lid_ref="l_5"/>
				<place lid_ref="l_6"/>
				<place lid_ref="l_7"/>
			</locals_list>
		</brewery>
		<brewery id="id_00004" tours="yes" size="small">
			<name>Novoměstský pivovar </name>
			<founded>1993</founded>
			<hl_year>1500</hl_year>
			<address>
				<street>
					<street_name>Vodičkova</street_name>
					<street_nr>20</street_nr>
				</street>
				<city>Prague</city>
				<postcode>110 00</postcode>
				<country>Czech Rep.</country>
			</address>
			<phone>+420 222 232 448</phone>
			<fax>420 222 231 662</fax>
			<email>sales@npivovar.cz</email>
			<website>http://www.npivovar.cz</website>
			<note>The New Town brewery is a unique Old Bohemian restaurant and mini-brewery in the centre of Prague, which specializes in traditional Czech cuisine.</note>
			<beers_list>
				<beer>
					<beer_name>Novoměstský světlý ležák</beer_name>
				&abv; is<alc_vol>3,5% </alc_vol> and 
				<plato>11°</plato> on Plato scale.
			</beer>
				<beer>
					<beer_name>Novoměstský tmavý ležák</beer_name>
				&abv; is<alc_vol>4.5% </alc_vol> and 
				<plato>11°</plato> on Plato scale.
			</beer>
			</beers_list>
			<locals_list>
				<place lid_ref="l_5"/>
			</locals_list>
		</brewery>
		<brewery id="id_00005" tours="yes" size="big">
			<name>Starobrno</name>
			<founded>1872</founded>
			<hl_year> 914 000</hl_year>
			<address>
				<street>
					<street_name>Hlinky</street_name>
					<street_nr>160/12</street_nr>
				</street>
				<city>Brno</city>
				<postcode>661 47</postcode>
				<country>Czech Rep.</country>
			</address>
			<phone>+420 543 516 111</phone>
			<fax>+420 543 211 035</fax>
			<email>starobrno@starobrno.cz</email>
			<website>www.starobrno.cz</website>
			<beers_list>
				<beer>
					<beer_name>Tradiční</beer_name>
				&abv; is<alc_vol>4% </alc_vol> and 
				<plato>10°</plato> on Plato scale.
			</beer>
				<beer>
					<beer_name>Medium</beer_name>
				&abv; is<alc_vol>4.5% </alc_vol> and 
				<plato>11°</plato> on Plato scale.
			</beer>
				<beer>
					<beer_name>Řezák</beer_name>
				&abv; is<alc_vol>4% </alc_vol> and 
				<plato>10°</plato> on Plato scale.
			</beer>
				<beer>
					<beer_name>Černé</beer_name>
				&abv; is<alc_vol>3.8% </alc_vol> and 
				<plato>10°</plato> on Plato scale.
			</beer>
			</beers_list>
			<locals_list>
				<place lid_ref="l_4"/>
				<place lid_ref="l_5"/>
			</locals_list>
		</brewery>
		<brewery id="id_00006" tours="yes">
			<name>Pivovar Rychtář</name>
			<founded>1913</founded>
			<hl_year>86,864</hl_year>
			<address>
				<street>
					<street_name>Resslova</street_name>
					<street_nr>260</street_nr>
				</street>
				<city>Hlinsko v Čechách</city>
				<postcode>539 01</postcode>
				<country>Czech Rep.</country>
			</address>
			<phone>+420 469 311 471</phone>
			<fax>+420 469 311 383</fax>
			<email>pivo@rychtar.cz</email>
			<website>www.rychtar.cz</website>
			<beers_list>
				<beer>
					<beer_name>Rychtář Klasik</beer_name>
				&abv; is<alc_vol>4% </alc_vol> and 
				<plato>10°</plato> on Plato scale.
			</beer>
				<beer>
					<beer_name>Rychtář Natur</beer_name>
				&abv; is<alc_vol>4.9% </alc_vol> and 
				<plato>12°</plato> on Plato scale.
			</beer>
				<beer>
					<beer_name>Rychtář Standard</beer_name>
				&abv; is<alc_vol>4.5% </alc_vol> and 
				<plato>11°</plato> on Plato scale.
			</beer>
				<beer>
					<beer_name>Rychtář Premium</beer_name>
				&abv; is<alc_vol>5% </alc_vol> and 
				<plato>12°</plato> on Plato scale.
			</beer>
				<beer>
					<beer_name>Rychtář Rataj</beer_name>
				&abv; is<alc_vol>4.8% </alc_vol> and 
				<plato>12°</plato> on Plato scale.
			</beer>
			</beers_list>
			<locals_list>
				<place lid_ref="l_6"/>
			</locals_list>
		</brewery>
		<brewery id="id_00007" tours="yes" size="medium">
			<name>Pivovar Rohozec</name>
			<founded>1850 </founded>
			<hl_year>30000</hl_year>
			<address>
				<street>
					<street_name>Malý Rohozec</street_name>
					<street_nr>29</street_nr>
				</street>
				<city>Turnov</city>
				<postcode>511 01</postcode>
				<country>Czech Rep.</country>
			</address>
			<phone> +420 481 321 219</phone>
			<fax> +420 481 323 916</fax>
			<email>pivorohozec@pivorohozec.cz</email>
			<website>http://www.pivorohozec.cz</website>
			<note>The brewery was built on the outskirts of Turnov in the middle of the 19th century by the Unger family, the owners of the local estate.</note>
			<beers_list>
				<beer>
					<beer_name>Rohozec Podskalák</beer_name>
				&abv; is<alc_vol>4.2% </alc_vol> and 
				<plato>10°</plato> on Plato scale.
			</beer>
				<beer>
					<beer_name>Rohozec Skalák 11 % </beer_name>
				&abv; is<alc_vol>5% </alc_vol> and 
				<plato>11°</plato> on Plato scale.
			</beer>
				<beer>
					<beer_name>Rohozec Skalák 12 % </beer_name>
				&abv; is<alc_vol>5.3% </alc_vol> and 
				<plato>12°</plato> on Plato scale.
			</beer>
			</beers_list>
			<locals_list>
				<place lid_ref="l_4"/>
				<place lid_ref="l_5"/>
				<place lid_ref="l_7"/>
			</locals_list>
		</brewery>
		<brewery id="id_00008" tours="yes" size="medium">
			<name>Bohemia Regent</name>
			<founded>1379</founded>
			<hl_year>81439</hl_year>
			<address>
				<street>
					<street_name>Trocnovské náměstí</street_name>
					<street_nr>124</street_nr>
				</street>
				<city>Třeboň</city>
				<postcode>379 14</postcode>
				<country>Czech Rep.</country>
			</address>
			<phone>384 721 319</phone>
			<fax>384 721 321</fax>
			<email>info@pivovar-regent.cz</email>
			<website>www.pivovar-regent.cz</website>
			<beers_list>
				<beer>
					<beer_name>Bohemia Regent Jedenáctka</beer_name>
				&abv; is<alc_vol>4.6% </alc_vol> and 
				<plato>11°</plato> on Plato scale.
			</beer>
				<beer>
					<beer_name>Bohemia Regent Premium</beer_name>
				&abv; is<alc_vol>5% </alc_vol> and 
				<plato>12°</plato> on Plato scale.
			</beer>
				<beer>
					<beer_name>Bohemia Regent Tmavý</beer_name>
				&abv; is<alc_vol>4.4% </alc_vol> and 
				<plato>11°</plato> on Plato scale.
			</beer>
			</beers_list>
			<locals_list>
				<place lid_ref="l_5"/>
				<place lid_ref="l_7"/>
			</locals_list>
		</brewery>
		<brewery id="id_00009" tours="yes" size="medium">
			<name>Chodovar</name>
			<founded>1573</founded>
			<hl_year>65352</hl_year>
			<address>
				<street>
					<street_name>Pivovarská</street_name>
					<street_nr>107</street_nr>
				</street>
				<city>Chodová Planá</city>
				<postcode>348 13</postcode>
				<country>Czech Rep.</country>
			</address>
			<phone>+420 374 794 181</phone>
			<fax>+420 374 611 600</fax>
			<email>chodovar@chodo­var.cz</email>
			<website>www.chodovar.cz</website>
			<note>xxx</note>
			<beers_list>
				<beer>
					<beer_name>Chodovar Desítka</beer_name>
				&abv; is<alc_vol>4% </alc_vol> and 
				<plato>10°</plato> on Plato scale.
			</beer>
				<beer>
					<beer_name>Chodovar Zlatá jedenáctka</beer_name>
				&abv; is<alc_vol>4.5% </alc_vol> and 
				<plato>11°</plato> on Plato scale.
			</beer>
				<beer>
					<beer_name>Prezident Premium</beer_name>
				&abv; is<alc_vol>5% </alc_vol> and 
				<plato>12°</plato> on Plato scale.
			</beer>
				<beer>
					<beer_name>Zámecký ležák Speciál</beer_name>
				&abv; is<alc_vol>5,1% </alc_vol> and 
				<plato>13°</plato> on Plato scale.
			</beer>
			</beers_list>
			<locals_list>
				<place lid_ref="l_5"/>
				<place lid_ref="l_6"/>
			</locals_list>
		</brewery>
		<brewery id="id_00010" tours="no" size="medium">
			<name>Amber</name>
			<founded>1994</founded>
			<hl_year>250000 </hl_year>
			<address>
				<street>
					<street_name>Gregorkiewicza</street_name>
					<street_nr>1</street_nr>
				</street>
				<city>Bielkówko</city>
				<postcode>83-050</postcode>
				<country>Poland</country>
			</address>
			<phone>+48 58 682 66 21</phone>
			<fax>+48 58 682 61 50</fax>
			<email/>
			<website>www.browar-amber.pl</website>
			<note>The Amber Brewery is one of the most modern small and medium brewery companies in Poland. Located in the midst of morainal hills surrounding Gdansk, the Brewery proudly continues excellent brewery traditions present in this region for centuries. </note>
			<beers_list>
				<beer>
					<beer_name>Pszeniczniak</beer_name>
				&abv; is<alc_vol>5,2% </alc_vol> and 
				<plato>12,1°</plato> on Plato scale.
			</beer>
				<beer>
					<beer_name>Piwo Żywe</beer_name>
				&abv; is<alc_vol>6,2% </alc_vol> and 
				<plato>14,5°</plato> on Plato scale.
			</beer>
				<beer>
					<beer_name>Koźlak</beer_name>
				&abv; is<alc_vol>6,5% </alc_vol> and 
				<plato>15,1°</plato> on Plato scale.
			</beer>
				<beer>
					<beer_name>Złote Lwy</beer_name>
				&abv; is<alc_vol>5,6% </alc_vol> and 
				<plato>12,2°</plato> on Plato scale.
			</beer>
			</beers_list>
			<locals_list>
				<place lid_ref="l_1"/>
				<place lid_ref="l_2"/>
				<place lid_ref="l_3"/>
			</locals_list>
		</brewery>
	</breweries_list>
	<locals_base>
		<!-- set of all locals + keys attributes -->
		<local lid="l_1">
			<local_name>Jadalnia pod Zielonym Smokiem </local_name>
			<local_address>
				<street>
					<street_name>Szeroka</street_name>
					<street_nr>125</street_nr>
				</street>
				<city>Gdańsk</city>
				<postcode>80-835</postcode>
			</local_address>
		</local>
		<local lid="l_2">
			<local_name>Kandelabry</local_name>
			<local_address>
				<street>
					<street_name>Aleja Jana Pawła II</street_name>
					<street_nr>9</street_nr>
				</street>
				<city>Gdynia</city>
				<postcode>81-345</postcode>
			</local_address>
		</local>
		<local lid="l_3">
			<local_name>Pub Bumerang</local_name>
			<local_address>
				<street>
					<street_name>Zwycięstwa</street_name>
					<street_nr>4a</street_nr>
				</street>
				<city>Koszalin</city>
				<postcode>75-031</postcode>
			</local_address>
		</local>
		<local lid="l_4">
			<local_name>Pivnice v Plachovce</local_name>
			<local_address>
				<street>
					<street_name>Plachého</street_name>
					<street_nr>31</street_nr>
				</street>
				<city>Plzeň</city>
				<postcode>301 00</postcode>
			</local_address>
		</local>
		<local lid="l_5">
			<local_name>U Sv. Jána</local_name>
			<local_address>
				<street>
					<street_name>Trhanov</street_name>
					<street_nr>11</street_nr>
				</street>
				<city>Chodsko</city>
				<postcode>345 33</postcode>
			</local_address>
		</local>
		<local lid="l_6">
			<local_name>U Pinkasů</local_name>
			<local_address>
				<street>
					<street_name>Jungmannovo nám.</street_name>
					<street_nr>15/16</street_nr>
				</street>
				<city>Prague</city>
				<postcode>110 00 </postcode>
			</local_address>
		</local>
		<local lid="l_7">
			<local_name>Zubatý pes</local_name>
			<local_address>
				<street>
					<street_name>Petrohradská</street_name>
					<street_nr>216/3</street_nr>
				</street>
				<city>Prague</city>
				<postcode>110 00 </postcode>
			</local_address>
		</local>
	</locals_base>
</breweries_database>
