<?xml version="1.0" encoding="UTF-8"?>
<!DOCTYPE tasks SYSTEM "data.dtd">
<tasks>
	<userland>
		<users>
			<user id="u1">
				<name>
					<displayname>Franta</displayname>
					<firstname>František</firstname>
					<lastname>Novák</lastname>
				</name>
				<passwd>hashhesla</passwd>
				<i18n>
					<lang><![CDATA[cs]]></lang><!-- to se sem teda vůbec nehodí -->
					<country><?php echo "CZ"; ?></country>
				</i18n>
				<devices>
					<device>iOS
					</device>
					<device>web
					</device>
					<device>mac
					</device>
				</devices>
			</user>
			<user id="u2">
				<name>
					<displayname>Pepa</displayname>
					<lastname>Novák</lastname>
				</name>
				<passwd>hashhesla12345</passwd>
				<i18n>
					<lang>cs</lang>
					<country>CZ</country>
				</i18n>
				<devices>
					<device>iOS
					</device>
					<device>web
					</device>
				</devices>
			</user>
		</users>
		<groups>
			<group id="g1" name="Prdeláři z MFF">
				<members>
					<member id="u1" />
				</members>
				<admins>
					<admin id="u1" />
				</admins>
			</group>
		</groups>
	</userland>
	<taskland>
		<tasklist>
			<task user="u1" area="a0">Koupit mléko</task>
			<task user="u1" area="a0">Koupit vejce</task>
			<task user="u1" area="a0">Koupit chléb</task>
			<task user="u1" area="a0">Koupit salám</task>
			<task user="u1" area="a0">Koupit sýr &amp; ementál</task>
			<task user="u1" area="a0">Koupit rohlíky</task>
			<task user="u1" area="a0">Koupit hřebíky</task>
			<task user="u1" area="a0">Koupit kolíky</task>
			<task user="u1" area="a0" tags="t1 t2">Koupit auto</task>
			<task user="u1" area="a0">Koupit sazeničky</task>
		</tasklist>
		<projectlist>
			<project id="p0" user="u1">Výchozí projekt</project>
		</projectlist>
		<aorlist>
			<area id="a0" user="u1">Doma</area>
		</aorlist>
		<taglist>
			<tag id="t1" user="u1" type="normal">challenge</tag>
			<tag id="t2" user="u1" type="normal">long time</tag>
		</taglist>
	</taskland>
</tasks>