<?xml version="1.0" encoding="UTF-8" standalone="no"?>
<Knihovna xmlns:xsi="http://www.w3.org/2001/XMLSchema-instance" xsi:noNamespaceSchemaLocation="knihovna.xsd">
	<Autori>
		<Autor DatumNarozeni="1564" DatumUmrti="1616-04-23" Id="A1" ZemePuvodu="Anglie">
			<JmenoAutora>
				William Shakespeare
			</JmenoAutora>
		</Autor>
		<Autor DatumNarozeni="1892-01-03" DatumUmrti="1973-09-02" Id="A2">
			<JmenoAutora>
				John Ronald Reuel Tolkien
			</JmenoAutora>
		</Autor>
		<Autor DatumNarozeni="1892-01-03" DatumUmrti="1973-09-02" Id="A3">
			<JmenoAutora>
				J. K. Rowling
			</JmenoAutora>
		</Autor>
		<Autor DatumNarozeni="1988-08-19" Id="A4">
			<JmenoAutora>
				Veronica Roth
			</JmenoAutora>
		</Autor>
	<Autor DatumNarozeni="1977-08-24" Id="A5"><JmenoAutora>John Green</JmenoAutora></Autor></Autori>
	<?dbapp end_authors?>
	<Knihy><!-- Knihy reprezentuji jednotlive tituly. -->
		<Kniha Autor="A1" Id="k11" Jazyk="CZ" VKnihovne="false">
			<NazevKnihy>
				Hamlet
			</NazevKnihy>
			<Kapitoly>
				<Kapitola>
					<NazevKapitoly>
						Prvni kapitola
					</NazevKapitoly>
				</Kapitola>
				<Kapitola>
					<NazevKapitoly>
						Druha kapitola
					</NazevKapitoly>
				</Kapitola>
			</Kapitoly>
			<RokVydani>
				1603
			</RokVydani>
			<KnihaDalsiInfo>
				<![CDATA[<cosi>dalsi data knihy</cosi>]]>					
			</KnihaDalsiInfo>
		</Kniha>
		<Kniha Autor="A3" Id="k234" Jazyk="CZ" VKnihovne="false">
			<NazevKnihy>
				Harry Potter a Kámen mudrců
			</NazevKnihy>
			<RokVydani>
				2000
			</RokVydani>
		</Kniha>
		<Kniha Autor="A3" Id="k21" Jazyk="CZ" VKnihovne="false">
			<NazevKnihy>
				Harry Potter a Tajemná komnata
			</NazevKnihy>
			<RokVydani>
				2000
			</RokVydani>
		</Kniha>
		<Kniha Autor="A3" Id="k34" Jazyk="CZ" VKnihovne="false">
			<NazevKnihy PuvodniNazev="Harry Potter and the Prisoner of Azkaban">
				Harry Potter a vězeň z Azkabanu
			</NazevKnihy>
			<RokVydani>
				2001
			</RokVydani>
		</Kniha>
		<Kniha Autor="A3" Id="k44" Jazyk="CZ" VKnihovne="false">
			<NazevKnihy>
				Harry Potter a Ohnivý pohár
			</NazevKnihy>
			<RokVydani>
				2001
			</RokVydani>
		</Kniha>
		<Kniha Autor="A3" Id="k43" Jazyk="CZ" VKnihovne="false">
			<NazevKnihy>
				Harry Potter a Fénixův řád
			</NazevKnihy>
			<RokVydani>
				2004
			</RokVydani>
		</Kniha>
		<Kniha Autor="A3" Id="k35" Jazyk="CZ" VKnihovne="false">
			<NazevKnihy>
				Harry Potter a princ dvojí krve
			</NazevKnihy>
			<RokVydani>
				2005
			</RokVydani>
		</Kniha>
		<Kniha Autor="A3" Id="k36" Jazyk="CZ" VKnihovne="false">
			<NazevKnihy>
				Harry Potter a Relikvie smrti
			</NazevKnihy>
			<RokVydani>
				2008
			</RokVydani>
		</Kniha>
		<Kniha Autor="A2" Id="k38" Jazyk="EN" VKnihovne="false">
			<NazevKnihy>
				The Lord of the Rigns - The Fellowship of the Ring
			</NazevKnihy>
			<RokVydani>
				1954
			</RokVydani>
		</Kniha>
		<Kniha Autor="A2" Id="k92" Jazyk="EN" VKnihovne="false">
			<NazevKnihy>
				The Lord of the Rigns - The Two Towers
			</NazevKnihy>
			<RokVydani>
				1954
			</RokVydani>
		</Kniha>
		<Kniha Autor="A2" Id="k99" Jazyk="EN" VKnihovne="false">
			<NazevKnihy>
				The Lord of the Rigns - The Return of the King
			</NazevKnihy>
			<RokVydani>
				1955
			</RokVydani>
		</Kniha>
	</Knihy>
	<Svazky><!-- Svazky jsou konkretni vytisky knih. -->
		
		<InstanceKnihy Kniha="k92">
			<KoupenoDatum>
				2000-09-13
			</KoupenoDatum>
			<KolikratVypujceno>
				169
			</KolikratVypujceno>
			<NaPobocce>Nezname</NaPobocce>
		</InstanceKnihy>
		
	</Svazky>
</Knihovna>
