<?xml version="1.0" encoding="UTF-8"?>

<FILM-DATABAZE xmlns:xsi="http://www.w3.org/2001/XMLSchema-instance" xsi:noNamespaceSchemaLocation="data.xsd">
    <SEZNAM_ZAKAZNIKU>
        <ZAKAZNIK ID_ZAKAZNIK="A1" >
            <UDAJE>
                <OSOBNI_UDAJE>
                    <JMENO>Jan</JMENO>
                    <PRIJMENI>Novak</PRIJMENI>
                    <ULICE>Konevevoa 171</ULICE>
                    <MESTO>Praha </MESTO>
                    <PSC>13000</PSC>
                    <TELEFON>721633557</TELEFON>

                </OSOBNI_UDAJE>
                <HISTORIE_FILMU>
                    <PUJCENY_FILM ID_HISTORIE="e1">
                        <PUJCENO>2.3.2011</PUJCENO>
                        <VRACENO>4.2.2014</VRACENO>
               
                    </PUJCENY_FILM>
              
                </HISTORIE_FILMU>
            </UDAJE>

        </ZAKAZNIK>
        <ZAKAZNIK ID_ZAKAZNIK="A2"  >
            <UDAJE>
                <OSOBNI_UDAJE>
                    <JMENO>Franta</JMENO>
                    <PRIJMENI>Opicak</PRIJMENI>
                    <ULICE>Divoka</ULICE>
                    <MESTO>Praha 3</MESTO>
                    <PSC>1300</PSC>
                    <TELEFON>721633557</TELEFON>
                  
                </OSOBNI_UDAJE>
                
                <HISTORIE_FILMU>
                    <PUJCENY_FILM ID_HISTORIE="e2">
                        <PUJCENO>2.3.2011</PUJCENO>
                        <VRACENO>4.3.2001</VRACENO>
                    </PUJCENY_FILM>
                    <PUJCENY_FILM ID_HISTORIE="e3">
                        <PUJCENO>12.2.2011</PUJCENO>
                        <VRACENO>21.2.2001</VRACENO>
                    </PUJCENY_FILM>
                    <PUJCENY_FILM ID_HISTORIE="e1">
                        <PUJCENO>2.1.2011</PUJCENO>
                        <VRACENO>8.1.2001</VRACENO>
                    </PUJCENY_FILM>
                </HISTORIE_FILMU>
            </UDAJE>
           
        </ZAKAZNIK>
        
        <ZAKAZNIK ID_ZAKAZNIK="A3" >
            <UDAJE>
                <OSOBNI_UDAJE>
                    <JMENO>Jan</JMENO>
                    <PRIJMENI>Novak</PRIJMENI>
                  
                    <ULICE>U Potucku 2</ULICE>
                    <MESTO>Praha 1</MESTO>
                    <PSC>110 00</PSC>
                </OSOBNI_UDAJE>
                <HISTORIE_FILMU>
                </HISTORIE_FILMU>
            </UDAJE>
    
        </ZAKAZNIK>
        
    </SEZNAM_ZAKAZNIKU>
    
    
    <SEZNAM_FILMY>
    
        <FILM ID_FILM="B1">
            <NAZEV>Muži v černém 3 </NAZEV>
            <REZISER>Barry Sonnenfeld</REZISER>
            <ROK>2010</ROK>
            <ZANR>Komedie</ZANR>
            <JAZYK>anglicky</JAZYK>
        </FILM>
        
        <FILM ID_FILM="B2">
            <NAZEV>Černobylské deníky </NAZEV>
            <REZISER>Chernobyl Diaries</REZISER>
            <ROK>1855</ROK>
            <ZANR>Horror</ZANR>
            <JAZYK>anglicky</JAZYK>
        </FILM>
        
        
        <FILM ID_FILM="B3">
            <NAZEV>Sněhurka a lovec</NAZEV>
            <REZISER>Rupert Sanders</REZISER>
            <ROK>1935</ROK>
            <ZANR>akcni</ZANR>
            <JAZYK>anlicky</JAZYK>
        </FILM>
        
        
    </SEZNAM_FILMY>
    
    
    
    
    
    
    
    <SEZNAM_EXEMPLARU>
        <EXEMPLAR ID_EXEMPLARE="e1" ID_FILM_REF="B1" >
            <KOUPENO>2.3.2008</KOUPENO>
        </EXEMPLAR>
        <EXEMPLAR ID_EXEMPLARE="e2" ID_FILM_REF="B2" >
            <KOUPENO>8.8.2008</KOUPENO>
        </EXEMPLAR>
        <EXEMPLAR ID_EXEMPLARE="e3" ID_FILM_REF="B2" >
            <KOUPENO>8.6.2005</KOUPENO>
        </EXEMPLAR>
        <EXEMPLAR ID_EXEMPLARE="e4" ID_FILM_REF="B3" >
            <KOUPENO>21.9.2010</KOUPENO>
        </EXEMPLAR>
    </SEZNAM_EXEMPLARU>
    <SEZNAM_REZERVACI>
        <REZERVACE ID_REZERVACE="r1" ID_ZAKAZNIK_REF="c1" ID_FILM_REF="B2" >
            <DATUM_REZERVACE>2.3.2012</DATUM_REZERVACE>
        </REZERVACE>
    </SEZNAM_REZERVACI>
    
    <SEZNAM_PUJCENYCH_FILMU>
        <PUJCENI ID_PUJCENI="p1" ID_ZAKAZNIK_REF="A2" ID_EXEMPLARE_REF="e2" >
            <DATUM_PUJCENI>2.3.2012</DATUM_PUJCENI>
        </PUJCENI>
        <PUJCENI ID_PUJCENI="p2" ID_ZAKAZNIK_REF="A1" ID_EXEMPLARE_REF="e1" >
            <DATUM_PUJCENI>4.3.2012</DATUM_PUJCENI>
        </PUJCENI>
        <PUJCENI ID_PUJCENI="p3" ID_ZAKAZNIK_REF="A2" ID_EXEMPLARE_REF="e3" >
            <DATUM_PUJCENI>5.3.2012</DATUM_PUJCENI>
        </PUJCENI>
    </SEZNAM_PUJCENYCH_FILMU> 
</FILM-DATABAZE>
