<?xml version="1.0" encoding="UTF-8"?>
<REZISERI xmlns:xsi="http://www.w3.org/2001/XMLSchema-instance">
    <REZISER jmeno="Barry Sonnenfeld">
        <OBSAH>
Ve filmu Muži v černém 3 jsou známí agenti J (Will Smith) a K (Tommy Lee Jones) zpět... A opět včas.
 J během svého patnáctiletého fungování v agentuře Muži v černém viděl spoustu nevysvětlitelných věcí, ale nic - ani mimozemšťané - 
 ho nedokáže tak zmást jako jeho sarkastický tajnůstkářský partner. Ale když je život agenta K i 
 osud planety Země v ohrožení, musí agent J cestovat v čase zpět do minulosti, aby dal vše do pořádku. J zjistí, že existují tajemství vesmíru, o kterých mu K nikdy neřekl. A ona tajemství budou odhalena,
 když se v minulosti spojí s mladým agentem K (Josh Brolin), aby zachránil svého partnera, agenturu a budoucnost lidstva.
        </OBSAH>
    </REZISER>
    
    <REZISER jmeno="Chernobyl Diaries">
        <OBSAH>
        V tomto filme ide o príbeh skupiny šiestich mladých turistov, ktorých nudia klasické ponukové katalógy cestovných kancelárii a chceli by zažiť 
        niečo naozaj výnimočné, čo sa vymyká bežným dovolenkovým predstavám. Najmú si sprievodcu, ktorý im sľubuje extrémny zážitok - exkurziu do mesta Pripjať, kde voľakedy bývali zamestnanci černobyľského jadrového reaktora. Napriek mnohým varovaniam sa tam vyberú, aby čoskoro zistili, 
        že katastrofa spred 25 rokov si vyberá svoje obete aj v súčasnosti. Mesto duchov nie je totiž opustené úplne.. (oficiální text distributora)
        </OBSAH>
    </REZISER>
    
    <REZISER jmeno="Rupert Sanders">
        <OBSAH>
        
Mocná čarodějnice Ravenna (Charlize Theron) se lstí vetřela do přízně krále prosperující a mocné říše, 
        
který z ní záhy udělá královnu a pak zemře. Ravenně ale podle proroctví kouzelného zrcadla stojí ve štěstí nevlastní dcera
        
 Sněhurka (Kristen Stewart) a posedlost vlastní krásou, kterou by si ráda uchovala navěky. Všechny problémy by vyřešila Sněhurčina smrt, jenže dívka právě uprchla z domácího vězení do Temného lesa, odkud se ještě nikdo živý nevrátil. Ale královna potřebuje mít jistotu, a tak si najme odvážného lovce (Chris Hemsworth), který dostane za úkol ji vystopovat a přivést zpátky. Jeho sebevražednou misi komplikují nejen podivuhodní obyvatelé, kteří les obývají, ale také to, že Sněhurka není jen tak obyčejná holka. Klidu na práci lovci nepřidává ani statečný princ (Sam Claflin), jenž pro ni má slabost už od dětství, a hlavně partička sedmi trpaslíků, kteří sice nejsou tak roztomilí jako Prófa a
        
 Stydlín, zato se umí náramně ohánět se sekyrou a vědí, že se Sněhurkou jim svitla naděje na záchranu temnotou zmítané říše.
        </OBSAH>
        
    </REZISER>
</REZISERI>
