<?xml version="1.0" encoding="UTF-8"?>
<!--DOCTYPE app SYSTEM "data.dtd"-->
<app xmlns:xsi="http://www.w3.org/2001/XMLSchema-instance" xsi:noNamespaceSchemaLocation="file:///C:/Users/student/Desktop/data.xsd">
	<languages>
		<language lid="lang-cs">czech</language>
		<language lid="lang-en">english</language>
		<language lid="lang-de">german</language>
	</languages>
	<users>
		<user uid="u1">
			<firstName>Marek</firstName>
			<lastName>Lisý</lastName>
			<login>
				<?php echo getLoginByID(1); ?>
			</login>
			<password>0800fc577294c34e0b28ad2839435945</password>
			<!-- MD5 hash -->
			<address>
				<street>455 Larkspur Dr.</street>
				<city>San Jose</city>
				<postalCode>CA 92926</postalCode>
			</address>
			<interfaceLanguage language_id="lang-en"/>
			<lecturedLanguage language_id="lang-de"/>
			<registered>201103101059</registered>
			<lastLogin>201103121130</lastLogin>
			<lesson>35</lesson>
		</user>
		<user uid="u2">
			<firstName>Petr</firstName>
			<lastName>Lichý</lastName>
			<login>
				<?php echo getLoginByID(1); ?>
			</login>
			<password>0800fc577294c34e0b28ad2839435945</password>
			<!-- MD5 hash -->
			<address>
				<street>455 Larkspur Dr.</street>
				<city>San Jose</city>
				<postalCode>CA 92926</postalCode>
			</address>
			<interfaceLanguage language_id="lang-cs"/>
			<lecturedLanguage language_id="lang-de"/>
			<registered>201103101059</registered>
			<lastLogin>201103121130</lastLogin>
			<lesson>32</lesson>
		</user>
	</users>
	<exercises>
		<section name="reading">
			<exercise id="read-questions">
				<description>
					Read the <b>text</b> and answer to the <b>questions</b>.
				</description>
				<settings type="required" attempts="2"/>
			</exercise>
			<exercise id="read-abstract">
				<description>
					Read the <b>text</b> and write 3 sentences about it.
				</description>
				<settings type="optional"/>
				<text><![CDATA[
						<HMTL> tag.
						<html> tag is the basic tag of html document. It is required by the new HTML 5 standard...
					]]></text>
			</exercise>
		</section>
		<section name="listening">
			<exercise id="listen-questions">
				<description>
					Listen to the short recording and answer to the <b>questions</b>.
				</description>
				<settings type="required" attempts="3"/>
			</exercise>
			<exercise id="listen-abstract">
				<description>
					Listen to the recording from previous <link href="listen-questions">exercise</link> and write 3 sentences about it.
				</description>
				<settings type="optional"/>
			</exercise>
		</section>
	</exercises>
</app>
