<?xml version="1.0" encoding="UTF-8"?>
<?databazaFilmov autor="Monika Danilakova" tema="Domaci ukol 1 - Databaza filmov (10 filmov)" ?>

<databazaFilmov>
	<!-- ZOZNAM FILMOV -->
	<!-- Poznamka: fid znamena film id. Identifikatory fid maju tvax f_*, aby sme ich odlisili od identifikatorov zanrov, ktore maju tvar g_* --> 
    <film fid="f_0" rating="R">
    <nazov>Pulp Fiction</nazov>  
		<info>
			<rok>1994</rok>
			<dlzka>154</dlzka> <!-- dlzka filmu je v celych minutach -->
			<reziser>Quentin Tarantino</reziser>
		</info>
		<herci> <!-- z pochopitelnych dovodov budu v mojej databaze pri kazdom filme len 3 najdolezitejsi herci/herecky -->
			<herec>
				<meno>John Travolta</meno>
				<hralPostavy> <!-- jeden herec moze hrat aj viac postav -->
					<hranaPostava meno="Vincent Vega" />
				</hralPostavy>
			</herec>
			<herec>
				<meno>Uma Thurman</meno>
				<hralPostavy> <!-- jeden herec moze hrat aj viac postav -->
					<hranaPostava meno="Mia Wallace" />
				</hralPostavy>
			</herec>
			<herec>
				<meno>Samuel L. Jackson</meno>
				<hralPostavy> <!-- jeden herec moze hrat aj viac postav -->
					<hranaPostava meno="Jules Winnfield" />
				</hralPostavy>
			</herec>
		</herci>
	</film>	
	
	<film fid="f_1" rating="PG"> 
		<nazov>Monty Python and the Holy Grail</nazov>  
    <info>
			<rok>1975</rok>
			<dlzka>91</dlzka><!-- dlzka filmu je v celych minutach -->
			<reziser>Terry Gilliam</reziser>
		</info>
		<herci> <!-- z pochopitelnych dovodov budu v mojej databaze pri kazdom filme len 3 najdolezitejsi herci/herecky -->
			<herec>
				<meno>Graham Chapman</meno>
				<hralPostavy> <!-- jeden herec moze hrat aj viac postav -->
					<hranaPostava meno="King Arthur" />
					<hranaPostava meno="Voice of God" />
					<hranaPostava meno="Middle Head" />
					<hranaPostava meno="Hiccoughing Guard" />
				</hralPostavy>
			</herec>
			<herec>
				<meno>John Cleese</meno>
				<hralPostavy> <!-- jeden herec moze hrat aj viac postav -->
					<hranaPostava meno="Second Swallow-Savvy Guard" />
					<hranaPostava meno="The Black Knight" />
					<hranaPostava meno="Peasant 3" />
					<hranaPostava meno="Sir Lancelot the Brave" />
					<hranaPostava meno="Taunting French Guard" />
					<hranaPostava meno="Tim the Enchanter" />
				</hralPostavy>
			</herec>
			<herec>
				<meno>Eric Idle</meno>
				<hralPostavy> <!-- jeden herec moze hrat aj viac postav -->
					<hranaPostava meno="Dead Collector" />
					<hranaPostava meno="Peasant 1" />
					<hranaPostava meno="Sir Robin the Not-Quite-So-Brave-as-Sir Launcelot" />
					<hranaPostava meno="First Swamp Castle Guard" />
					<hranaPostava meno="Concorde" />
					<hranaPostava meno="Roger the Shrubber" />
					<hranaPostava meno="Brother Maynard" />
				</hralPostavy>
			</herec>
		</herci>
	</film>
	
	<film fid="f_2" rating="R"> 
		<nazov>Inglourious Basterds</nazov>
    <info>  
			<rok>2009</rok>
			<dlzka>153</dlzka><!-- dlzka filmu je v celych minutach -->
			<reziser>Quentin Tarantino</reziser>
		</info>
		<herci> <!-- z pochopitelnych dovodov budu v mojej databaze pri kazdom filme len 3 najdolezitejsi herci/herecky -->
			<herec>
				<meno>Brad Pitt</meno>
				<hralPostavy> <!-- jeden herec moze hrat aj viac postav -->
					<hranaPostava meno="Lt. Aldo Raine" />
				</hralPostavy>
			</herec>
			<herec>
				<meno>Mélanie Laurent</meno>
				<hralPostavy> <!-- jeden herec moze hrat aj viac postav -->
					<hranaPostava meno="Shosanna" />
				</hralPostavy>
			</herec>
			<herec>
				<meno>Christoph Waltz</meno>
				<hralPostavy> <!-- jeden herec moze hrat aj viac postav -->
					<hranaPostava meno="Col. Hans Landa" />
				</hralPostavy>
			</herec>
		</herci>
	</film>
	
	<film fid="f_3" rating="R"> 
		<nazov><![CDATA[One Flew Over the Cuckoo's Nest]]></nazov>
    <info>  
			<rok>1975</rok>
			<dlzka>133</dlzka><!-- dlzka filmu je v celych minutach -->
			<reziser>Milos Forman</reziser>
		</info>
		<herci> <!-- z pochopitelnych dovodov budu v mojej databaze pri kazdom filme len 3 najdolezitejsi herci/herecky -->
			<herec>
				<meno>Jack Nicholson</meno>
				<hralPostavy> <!-- jeden herec moze hrat aj viac postav -->
					<hranaPostava meno="R.P. McMurphy" />
				</hralPostavy>
			</herec>
			<herec>
				<meno>Louise Fletcher</meno>
				<hralPostavy> <!-- jeden herec moze hrat aj viac postav -->
					<hranaPostava meno="Nurse Ratched" />
				</hralPostavy>
			</herec>
			<herec>
				<meno>Michael Berryman</meno>
				<hralPostavy> <!-- jeden herec moze hrat aj viac postav -->
					<hranaPostava meno="Ellis" />
				</hralPostavy>
			</herec>
		</herci>
	</film>
	
	<film fid="f_4" rating="R"> 
		<nazov>The Shawshank Redemption</nazov>
    <info>  
			<rok>1994</rok>
			<dlzka>142</dlzka><!-- dlzka filmu je v celych minutach -->
			<reziser>Frank Darabont</reziser>
		</info>
		<herci> <!-- z pochopitelnych dovodov budu v mojej databaze pri kazdom filme len 3 najdolezitejsi herci/herecky -->
			<herec>
				<meno>Tim Robbins</meno>
				<hralPostavy> <!-- jeden herec moze hrat aj viac postav -->
					<hranaPostava meno="Andy Dufresne" />
				</hralPostavy>
			</herec>
			<herec>
				<meno>Morgan Freeman</meno>
				<hralPostavy> <!-- jeden herec moze hrat aj viac postav -->
					<hranaPostava meno="Ellis Boyd 'Red' Redding" />
				</hralPostavy>
			</herec>
			<herec>
				<meno>Bob Gunton</meno>
				<hralPostavy> <!-- jeden herec moze hrat aj viac postav -->
					<hranaPostava meno="Warden Norton" />
				</hralPostavy>
			</herec>
		</herci>
	</film>
	
	<film fid="f_5" rating="G"> 
		<nazov>Tonari no Totoro</nazov>
    <info>  
			<rok>1988</rok>
			<dlzka>86</dlzka><!-- dlzka filmu je v celych minutach -->
			<reziser>Hayao Miyazaki</reziser>
		</info>
		<herci> <!-- z pochopitelnych dovodov budu v mojej databaze pri kazdom filme len 3 najdolezitejsi herci/herecky -->
			<herec>
				<meno>Hitoshi Takagi</meno>
				<hralPostavy> <!-- jeden herec moze hrat aj viac postav -->
					<hranaPostava meno="Totoro (voice)" />
				</hralPostavy>
			</herec>
			<herec>
				<meno>Noriko Hidaka</meno>
				<hralPostavy> <!-- jeden herec moze hrat aj viac postav -->
					<hranaPostava meno="Satsuki (voice)" />
				</hralPostavy>
			</herec>
			<herec>
				<meno>Toshiyuki Amagasa</meno>
				<hralPostavy> <!-- jeden herec moze hrat aj viac postav -->
					<hranaPostava meno="Kanta (voice)" />
				</hralPostavy>
			</herec>
		</herci>
	</film>
	
	<film fid="f_6" rating="G"> 
		<nazov>2001: A Space Odyssey</nazov>
    <info>  
			<rok>1968</rok>
			<dlzka>160</dlzka><!-- dlzka filmu je v celych minutach -->
			<reziser>Stanley Kubrick</reziser>
		</info>
		<herci> <!-- z pochopitelnych dovodov budu v mojej databaze pri kazdom filme len 3 najdolezitejsi herci/herecky -->
			<herec>
				<meno>Keir Dullea</meno>
				<hralPostavy> <!-- jeden herec moze hrat aj viac postav -->
					<hranaPostava meno="Dr. Dave Bowman" />
				</hralPostavy>
			</herec>
			<herec>
				<meno>Gary Lockwood</meno>
				<hralPostavy> <!-- jeden herec moze hrat aj viac postav -->
					<hranaPostava meno="Dr. Frank Poole" />
				</hralPostavy>
			</herec>
			<herec>
				<meno>William Sylvester</meno>
				<hralPostavy> <!-- jeden herec moze hrat aj viac postav -->
					<hranaPostava meno="Dr. Heywood R. Floyd" />
				</hralPostavy>
			</herec>
		</herci>
	</film>
	
	<film fid="f_7" rating="PG-13"> 
		<nazov>Forrest Gump</nazov>
    <info>  
			<rok>1994</rok>
			<dlzka>142</dlzka><!-- dlzka filmu je v celych minutach -->
			<reziser>Robert Zemeckis</reziser>
		</info>
		<herci> <!-- z pochopitelnych dovodov budu v mojej databaze pri kazdom filme len 3 najdolezitejsi herci/herecky -->
			<herec>
				<meno>Tom Hanks</meno>
				<hralPostavy> <!-- jeden herec moze hrat aj viac postav -->
					<hranaPostava meno="Forrest Gump" />
				</hralPostavy>
			</herec>
			<herec>
				<meno>Robin Wright</meno>
				<hralPostavy> <!-- jeden herec moze hrat aj viac postav -->
					<hranaPostava meno="Jenny Curran" />
				</hralPostavy>
			</herec>
			<herec>
				<meno>Gary Sinise</meno>
				<hralPostavy> <!-- jeden herec moze hrat aj viac postav -->
					<hranaPostava meno="Lieutenant Dan Taylor" />
				</hralPostavy>
			</herec>
		</herci>
	</film>
	
	<film fid="f_8" rating="R"> 
		<nazov>Fight Club</nazov> 
    <info> 
			<rok>1999</rok>
			<dlzka>139</dlzka><!-- dlzka filmu je v celych minutach -->
			<reziser>David Fincher</reziser>
		</info>
		<herci> <!-- z pochopitelnych dovodov budu v mojej databaze pri kazdom filme len 3 najdolezitejsi herci/herecky -->
			<herec>
				<meno>Brad Pitt</meno>
				<hralPostavy> <!-- jeden herec moze hrat aj viac postav -->
					<hranaPostava meno="Tyler Durden" />
				</hralPostavy>
			</herec>
			<herec>
				<meno>Edward Norton</meno>
				<hralPostavy> <!-- jeden herec moze hrat aj viac postav -->
					<hranaPostava meno="The Narrator" />
				</hralPostavy>
			</herec>
			<herec>
				<meno>Helena Bonham Carter</meno>
				<hralPostavy> <!-- jeden herec moze hrat aj viac postav -->
					<hranaPostava meno="Marla Singer" />
				</hralPostavy>
			</herec>
		</herci>
	</film>
	
	<film fid="f_9" rating="PG-13">
		<nazov><![CDATA[Fast & Furious]]></nazov>
    <info>  
			  <rok>2009</rok>
			  <dlzka>108</dlzka><!-- dlzka filmu je v celych minutach -->
			  <reziser>John Singleton</reziser>
		</info>
		<herci> <!-- z pochopitelnych dovodov budu v mojej databaze pri kazdom filme len 3 najdolezitejsi herci/herecky -->
			<herec>
				<meno>Vin Diesel</meno>
				<hralPostavy> <!-- jeden herec moze hrat aj viac postav -->
					<hranaPostava meno="Dominic Toretto" />
				</hralPostavy>
			</herec>
			<herec>
				<meno>Paul Walker</meno>
				<hralPostavy> <!-- jeden herec moze hrat aj viac postav -->
					<hranaPostava meno="Brian O'Conner" />
				</hralPostavy>
			</herec>
			<herec>
				<meno>Michelle Rodriguez</meno>
				<hralPostavy> <!-- jeden herec moze hrat aj viac postav -->
					<hranaPostava meno="Letty" />
				</hralPostavy>
			</herec>
		</herci>
	</film>
</databazaFilmov>