<?xml version="1.0" encoding="UTF-8"?>

<store xmlns:xsi="http://www.w3.org/2001/XMLSchema-instance" xsi:noNamespaceSchemaLocation="data.xsd">
	<language>en-us</language>
	<title>Phone Web Store</title>
	<logo>
		<title>Phone WS</title>
		<url>http://www.pws.com/img/logo.png</url>
		<target>http://www.pws.com/</target>
		<width>90</width>
		<height>90</height>
	</logo>
	<link>http://www.pws.com/</link>
	<description>Phone Web Store - Cell Phone Specifications and Information.</description>
	<!-- Insert copyright with actual year -->
	<copyright><![CDATA[
		String insertActualCopyright(){
			return "All information I copied in ";
		}
	]]><?php echo Date("d.m.Y")?></copyright>
	<editor>
		<name>Eldar Iosip</name>
		<email>iosipeld@fel.cvut.cz</email>
	</editor>
	<mobilePhones>
		<android>
			<phone id="m14">
				<brand>Samsung</brand>
				<name>Galaxy Note 3</name>
				<weight>182</weight>
				<os>Android</os>
				<cpu>1.8</cpu>
				<display>5.0</display>
				<memory>1</memory>
				<battery>1560</battery>
				<dimensions w="3.12" h="5.95" t="0.33"/>
				<disclaimer>Battery power consumption depends on factors such as network configuration, signal strength, operating temperature,<![CDATA[<br>]]>features selected, vibrate mode, backlight settings, browser use, frequency of calls and voice, data and other applications usage patterns.</disclaimer>
			</phone>
			<phone id="m15">
				<brand>Samsung2</brand>
				<name>Galaxy Note 45</name>
				<weight>182</weight>
				<os>Android</os>
				<cpu>1.9</cpu>
				<display>5.0</display>
				<memory>1</memory>
				<battery>1560</battery>
				<dimensions w="3.12" h="5.95" t="0.33">AA</dimensions>
				<disclaimer>Battery power consumption depends on factors such as network configuration, signal strength, operating temperature,<![CDATA[<br>]]>features selected, vibrate mode, backlight settings, browser use, frequency of calls and voice, data and other applications usage patterns.</disclaimer>
			</phone>
		</android>
		<ios>
			<phone id="m24">
				<brand>Apple</brand>
				<name>5S</name>
				<serial>5S-5SAFTS</serial>
				<weight>112</weight>
				<os>iOS</os>
				<cpu>1.3</cpu>
				<display>4.0</display>
				<memory>1</memory>
				<battery>1560</battery>
				<dimensions w="2.31" h="4.87" t="0.30">AA</dimensions>
				<disclaimer>Available. Released 2013, September.</disclaimer>
			</phone>
		</ios>
		<windows/>
	</mobilePhones>
</store>