<?xml version="1.0" encoding="UTF-8"?>

<!-- Data represents tasks and information about them -->
<TODO-list xmlns:xsi="http://www.w3.org/2001/XMLSchema-instance" xsi:noNamespaceSchemaLocation="data.xsd">
	<people>
		<worker id="prsn_101">
			<name>Jan</name>
			<surname>Novák</surname>
			<salary>33000</salary>
		</worker>
		<worker id="prsn_102">
			<name>František</name>
			<surname>Vopička</surname>
			<salary>30000</salary>
		</worker>
		<worker id="prsn_103">
			<name>Lenka</name>
			<surname>Holá</surname>
			<salary>35000</salary>
		</worker>
		<owner id="prsn_104">
			<name>Zdeněk</name>
			<surname>Netopil</surname>
			<share>100</share>
		</owner>
	</people>
	<teams>
		<team id="tm_201">
			<name>IT</name>
			<members>
				<person-ref ref="prsn_101" />
				<person-ref ref="prsn_103" />
				<person-ref ref="prsn_104" />
			</members>
		</team>
		<team id="tm_202">
			<name>Sales</name>
			<members>
				<person-ref ref="prsn_103" />
				<person-ref ref="prsn_104" />
			</members>
		</team>
		<team id="tm_203">
			<name>Cleaners</name>
			<members>
				<person-ref ref="prsn_102" />
			</members>
		</team>
	</teams>
	<tasks>
		<task done="No">
			<title shortname="Test">Testovací úloha</title>
			<solver ref="tm_202" />
			<notes/>
		</task>
		<task done="Yes">
			<title shortname="Okna">Umýt okna v ředitelově kanceláři</title>
			<solver ref="tm_203" />
			<notes>
				<note>HOTOVO</note>
			</notes>
		</task>
		<task done="No">
			<title shortname="Doušek">Tvorba software pro firmu Doušek a spol.</title>
			<solver ref="tm_201" />
			<notes>
				<note>Podklady přijdou 5.3.2014.</note>
				<note>Tak kde jsou ty podklady?</note>
				<note>Podklady vloženy na filehosting.</note>
				<note>Předejte to klukům k testování.</note>
				<note>Víte někdo, kdy přijde konečně Dave do práce?</note>
				<note>Po tom včerejšku asi hned tak ne :)</note>
				<note>To by <b>stačilo</b>! Věnujte se raději práci.</note>
				<note>
					Můžete mi říct, kdo dal do kódu tohle:
					<![CDATA[
						tree.root.compose << tree.root;
					]]>
					Vyhodilo to požadavek na <?php echo pow(2, 64); ?> bytů paměti.
				</note>
				<note>Tak první vlaštovka. Předveďte to někdo klientovi, ať máme zpětnou vazbu.</note>
				<note>Vyjádření klienta máte v mailech.</note>
			</notes>
		</task>
	</tasks>
</TODO-list>