<?xml version="1.0" encoding="UTF-8"?>
<!--Domácí úkol 1 na XML, Martin Stránský-->
<!--some transformation-->
<?xml-stylesheet type="text/xsl" href="trans.xsl"?>
<!DOCTYPE root SYSTEM "data.dtd">

<root>
	<!--List of films-->
	<films>
		<film id="The_Ghost_Writer">
			<film_name>The Ghost Writer</film_name>
			<genres>
				<thriller/>, mystery
			</genres>
			<releasedates>
				<cinema>
					<us>19 &Fb; 2010</us>
					<cz>10 &Jn; 2010</cz>
				</cinema>
				<dvd>
					<us>3 &Ag; 2010</us>
					<cz>4 &Fb; 2011</cz>
				</dvd>
			</releasedates>
			<actors_infilm>
				<main_actors>
					<actor_infilm idref="Ewan_McGregor">
						<character_name>The Ghost</character_name>
					</actor_infilm>	
					<actor_infilm idref="Jon_Bernthal">
						<character_name>Rick Ricardelli</character_name>
					</actor_infilm>
				</main_actors>
				<side_actors>
					<actor_infilm idref="Anna_Botting">
						<character_name>SKY TV Newsreader</character_name>
					</actor_infilm>
					<actor_infilm idref="Tim_Pierce">
						<character_name>Roy</character_name>
					</actor_infilm>
					<actor_infilm idref="James_Belushi">
						<character_name>John Maddox</character_name>
					</actor_infilm>
					<actor_infilm idref="Timothy_Hutton">
						<character_name>Sidney Kroll</character_name>
					</actor_infilm>
					<actor_infilm idref="Yvonne_Tomlinson">
						<character_name>Stewardess</character_name>
					</actor_infilm>
					<actor_infilm idref="Milton_Welsh">
						<character_name>Taxi Driver</character_name>
					</actor_infilm> 
					<actor_infilm idref="Alister_Mazzotti">
						<character_name>Protection Officer #1</character_name>
					</actor_infilm>
					<actor_infilm idref="Tim_Faraday">
						<character_name>Barry</character_name>
					</actor_infilm> 	
				</side_actors>
			</actors_infilm>
			<director_infilm idref="Roman_Polanski"/>
			<summary><![CDATA[
			A ghostwriter hired to complete the memoirs of a former British prime minister uncovers secrets that put his own life in jeopardy. ]]>
			</summary>
			<rating>7.5</rating>
		</film>
		<film id="Pulp_Fiction">
			<film_name>Pulp Fiction</film_name>
			<genres>
				crime, <drama/><thriller/>
			</genres>
			<releasedates>
				<cinema>
					<us>23 &Sp; 1994</us>
				</cinema>
				<dvd>
					<us>23 &Fb; 1999</us>
					<cz>23 &Ag; 1999</cz>
				</dvd>
			</releasedates>
			<actors_infilm>
				<main_actors>
					<actor_infilm idref="John_Travolta">
						<character_name>Vincent Vega </character_name>
					</actor_infilm>
					<actor_infilm idref="Phil_LaMarr">
						<character_name>Marvin</character_name>
					</actor_infilm>
				</main_actors>
				<side_actors></side_actors>
			</actors_infilm>
			<director_infilm idref="Quentin_Tarantino"></director_infilm>
			<summary></summary>
			<rating></rating>
		</film>
	</films>
	<!--List of actors-->
	<actors>
		<actor id="Ewan_McGregor" favourite_color="invisible">
			<name sex="male">Ewan McGregor</name>
			<birth>
				<date>&Mr; 31, 1971</date> in Perth, Perthshire, Scotland, UK</birth>
			<films_inperson>
				<film_inperson idref="The_Ghost_Writer"/>
			</films_inperson>
		</actor>
		<actor id="Anna_Botting" favourite_color="red">
			<name sex="female">Anna Botting</name>
				<birth>
					<date>1967</date> in Surrey, England, UK
				</birth>
			<films_inperson>
				<film_inperson idref="The_Ghost_Writer"/>
			</films_inperson>
		</actor>
		<actor id="Tim_Pierce">
			<name sex="male">Tom Pierce</name>
			<films_inperson>
				<film_inperson idref="The_Ghost_Writer"/>
			</films_inperson>
		</actor>
		<actor id="Jon_Bernthal" favourite_color="blue">
			<name sex="male">Jon Berthal</name>
			<films_inperson>
				<film_inperson idref="The_Ghost_Writer"/>
			</films_inperson>
		</actor> 
		<actor id="James_Belushi">
			<name sex="male"></name>
			<films_inperson>
				<film_inperson idref="The_Ghost_Writer"/>
			</films_inperson>
		</actor>
		<actor id="Timothy_Hutton" favourite_color="pink">
			<name sex="male"></name>
			<films_inperson>
				<film_inperson idref="The_Ghost_Writer"/>
			</films_inperson>
		</actor>
		<actor id="Yvonne_Tomlinson">
			<name sex="female">Yvonne Tomlinson</name>
			<films_inperson>
				<film_inperson idref="The_Ghost_Writer"/>
			</films_inperson>
		</actor>
		<actor id="Milton_Welsh">
			<name sex="male">Milton Welsh</name>
			<films_inperson>
				<film_inperson idref="The_Ghost_Writer"/>
			</films_inperson>
		</actor>	
		<actor id="Alister_Mazzotti" favourite_color="black">
			<name sex="male">Alister Mazzotti</name>
			<films_inperson>
				<film_inperson idref="The_Ghost_Writer"/>
			</films_inperson>
		</actor>
		<actor id="Tim_Faraday" favourite_color="blue">
			<name sex="male">Tim Faraday</name>
			<films_inperson>
				<film_inperson idref="The_Ghost_Writer"/>
			</films_inperson>
		</actor> 
		<actor id="John_Travolta">
			<name sex="male">John Travolta</name>
			<films_inperson>
				<film_inperson idref="Pulp_Fiction"/>
			</films_inperson>
		</actor>
		<actor id="Phil_LaMarr">
			<name sex="male">Phil LaMarr</name>
			<films_inperson>
				<film_inperson idref="Pulp_Fiction"/>
			</films_inperson>
		</actor>
	</actors>
	<!--List of directors-->
	<directors>
		<director id="Roman_Polanski">
			<name  sex="male">Roman Polanski</name>
				<birth>
					<date>&Ag; 18, 1933</date> in Paris, France
				</birth>
				<films_inperson>
					<film_inperson idref="The_Ghost_Writer"/>
				</films_inperson>
		</director>
		<director id="Quentin_Tarantino">
			<name sex="male">Quentin Tarantino</name>
			<birth><date>&Mr; 27, 1963</date> in Knoxville, Tennessee, USA</birth>
			<films_inperson>
				<film_inperson idref="Pulp_Fiction"/>
			</films_inperson>
		</director>
	</directors>
</root>
