<?xml version="1.0" encoding="UTF-8" standalone="no"?>
<!DOCTYPE alba SYSTEM "alba.dtd">
<!-- Dokument do ktereho se ukladaji osobni data uzivatele o jednotvlivych albech-->
<alba>
	<album idalba="TD02">
		<td>Živé dvojalbum <i>legendární irské skupiny</i>.</td>
		<zapujceno pujceno= "ANO" >Kunhůta</zapujceno>
	</album>
	<album idalba="SR97">
		<td>Skoro tak dobre jako predesle...</td>
		<zapujceno pujceno="ANO">Bronislav</zapujceno>
	</album>
	<album idalba="SR02">
		<td>Album Sigur Rós s <b>nejzvláštnějším jménem</b></td>
		<zapujceno pujceno="ANO">Kunhůta</zapujceno>
	</album>
	<album idalba="SR08">
		<td>Posledni album nejznámější islandké kapely, musím se sehnat ostatní alba a filmy</td>
		<zapujceno pujceno="NE"></zapujceno>
	</album>
	<album idalba="AM95">
		<td>Nejznamejsi album Alanis Morissette.</td>
		<zapujceno pujceno="ANO">Joachim</zapujceno>
	</album>
</alba>