<?xml version="1.0" encoding="UTF-8" standalone="no"?>
<!DOCTYPE sbirkaalb SYSTEM "data.dtd">
<sbirkaalb>
	<umelci>
		<umelec idumelce="AM1974" pohlavi="zena">
			<jmeno>Alanis</jmeno>
			<prijmeni>Morissette</prijmeni>
			<roknarozeni>1974</roknarozeni>
		</umelec>
		<umelec idumelce="SR1994">
			<jmenokapely>Sigur Rós</jmenokapely>
			<rokzalozeni>1974</rokzalozeni>
			<umelec idumelce="JP1975" pohlavi="muz" kapelaref="SR1994">
				<jmeno>Jón Þór</jmeno> 
				<prijmeni>Birgisson</prijmeni>
				<roknarozeni>1975</roknarozeni>
				<umeleckejmeno>Jónsi</umeleckejmeno>
			</umelec>
			<umelec idumelce="GH1976" pohlavi="muz" kapelaref="SR1994">
				<jmeno>Georg</jmeno> 
				<prijmeni>Hólm</prijmeni>
				<roknarozeni>1976</roknarozeni>
			</umelec>
			<umelec idumelce="KS1978" pohlavi="muz" kapelaref="SR1994">
				<jmeno>Kjartan</jmeno> 
				<prijmeni>Sveinsson</prijmeni>
				<roknarozeni>1978</roknarozeni>
			</umelec>
			<umelec idumelce="OP1977" pohlavi="muz" kapelaref="SR1994">
				<jmeno>Orri Páll</jmeno> 
				<prijmeni>Dýrason</prijmeni>
				<roknarozeni>1977</roknarozeni>
			</umelec>
		</umelec>
		<umelec idumelce="TD1962">
			<jmenokapely>The Dubliners</jmenokapely>
			<rokzalozeni>1962</rokzalozeni>
			<umelec idumelce="RD1934" pohlavi="muz" kapelaref="TD1962">
				<jmeno>Ronnie</jmeno>
				<prijmeni>Drew</prijmeni>
				<roknarozeni>1934</roknarozeni>
			</umelec>
			<umelec idumelce="LK1940" pohlavi="muz" kapelaref="TD1962">
				<jmeno>Luke</jmeno>
				<prijmeni>Kelly</prijmeni>
				<roknarozeni>1940</roknarozeni>
			</umelec>
			<umelec idumelce="CB1935" pohlavi="muz" kapelaref="TD1962">
				<jmeno>Ciaran</jmeno>
				<prijmeni>Bourke</prijmeni>
				<roknarozeni>1935</roknarozeni>
			</umelec>
			<umelec idumelce="PW1944" pohlavi="muz" kapelaref="TD1962">
				<jmeno>Patsy</jmeno>
				<prijmeni>Watchorn</prijmeni>
				<roknarozeni>1944</roknarozeni>
			</umelec>
		</umelec>
		
		
	</umelci>
	<zanry>
		<zanr idzanru="J1" nazevzanru="Jazz"/>
		<zanr idzanru="F1" nazevzanru="Folk"/>
		<zanr idzanru="R1" nazevzanru="Rock"/>
		<zanr idzanru="P1" nazevzanru="Punk"/>
		<zanr idzanru="M1" nazevzanru="Metal"/>
	</zanry>
	<alba>
		<album idalba="TD02" umelecref="TD1962" zanrref="F1">
			<nazevalba>Live from the Gaiety</nazevalba>
			<rokvydani>2003</rokvydani>
			<seznamskladeb disk="1">
				<skladba idskladby="TD0301" hodnoceni="3">
					<nazev>The Black Velvet Band</nazev>
					<delka>3:48</delka>
					<cislo>1</cislo>
				</skladba>
				<skladba idskladby="TD0302" hodnoceni="4">
					<nazev>The Foggy Dew</nazev>
					<delka>2:32</delka>
					<cislo>2</cislo>
				</skladba>
				<skladba idskladby="TD0303" hodnoceni="3">
					<nazev>The Banks of the Roses</nazev>
					<delka>4:12</delka>
					<cislo>3</cislo>
				</skladba>
				<skladba idskladby="TD0304" hodnoceni="5">
					<nazev>Carrickfergus</nazev>
					<delka>2:57</delka>
					<cislo>4</cislo>
				</skladba>
				<skladba idskladby="TD0305" hodnoceni="2">
					<nazev>McAlpine's Fusiliers</nazev>
					<delka>4:32</delka>
					<cislo>5</cislo>
				</skladba>
				<skladba idskladby="TD0306" hodnoceni="4">
					<nazev>Seven Drunken Nights</nazev>
					<delka>4:08</delka>
					<cislo>6</cislo>
				</skladba>
				<skladba idskladby="TD0307" hodnoceni="4">
					<nazev>Don't Give It Up 'Til It's Over</nazev>
					<delka>5:03</delka>
					<cislo>7</cislo>
				</skladba>
				<skladba idskladby="TD0308" hodnoceni="5">
					<nazev>South Australia</nazev>
					<delka>3:28</delka>
					<cislo>8</cislo>
				</skladba>
				<skladba idskladby="TD0309" hodnoceni="4">
					<nazev>Dublin in the Rare Oul' Times</nazev>
					<delka>2:07</delka>
					<cislo>9</cislo>
				</skladba>
			</seznamskladeb>
			<seznamskladeb disk="2">
				<skladba idskladby="TD03012" hodnoceni="3">
					<nazev>Whiskey In The Jar</nazev>
					<delka>3:19</delka>
					<cislo>1</cislo>
				</skladba>
				<skladba idskladby="TD03022" hodnoceni="4">
					<nazev>Grace</nazev>
					<delka>4:28</delka>
					<cislo>2</cislo>
				</skladba>
				<skladba idskladby="TD03032" hodnoceni="3">
					<nazev><![CDATA[The Showman's Fancy & Wonder Hornpipe]]></nazev>
					<delka>2:45</delka>
					<cislo>3</cislo>
				</skladba>
				<skladba idskladby="TD03042" hodnoceni="5">
					<nazev>The Wild Rover</nazev>
					<delka>3:17</delka>
					<cislo>4</cislo>
				</skladba>
				<skladba idskladby="TD03052" hodnoceni="2">
					<nazev>Raglan Road</nazev>
					<delka>1:59</delka>
					<cislo>5</cislo>
				</skladba>
				<skladba idskladby="TD03062" hodnoceni="4">
					<nazev>Rosin the Bow</nazev>
					<delka>3:35</delka>
					<cislo>6</cislo>
				</skladba>
				<skladba idskladby="TD03072" hodnoceni="4">
					<nazev>The Fields of Athenry</nazev>
					<delka>2:15</delka>
					<cislo>7</cislo>
				</skladba>
				<skladba idskladby="TD03082" hodnoceni="5">
					<nazev>Marino Casino</nazev>
					<delka>4:54</delka>
					<cislo>8</cislo>
				</skladba>
				<skladba idskladby="TD03092" hodnoceni="4">
					<nazev>Dirty Old Town</nazev>
					<delka>2:16</delka>
					<cislo>9</cislo>
				</skladba>
				<skladba idskladby="TD03102" hodnoceni="4">
					<nazev>The Irish Rover"</nazev>
					<delka>3:34</delka>
					<cislo>10</cislo>
				</skladba>
				<skladba idskladby="TD03112" hodnoceni="4">
					<nazev>Molly Malone</nazev>
					<delka>3:49</delka>
					<cislo>11</cislo>
				</skladba>
			</seznamskladeb>
		</album>
		<album idalba="SR97" umelecref="SR1994" zanrref="R1">
			<nazevalba>Von</nazevalba>
			<rokvydani>1997</rokvydani>
			<seznamskladeb>
				<skladba idskladby="SR9701" hodnoceni="4">
					<nazev>Sigur Rós</nazev>
					<delka>9:47</delka>
					<cislo>1</cislo>
				</skladba>
				<skladba idskladby="SR9702" hodnoceni="5">
					<nazev>Dögun</nazev>
					<delka>5:50</delka>
					<cislo>2</cislo>
				</skladba>
				<skladba idskladby="SR9703" hodnoceni="4">
					<nazev>Hún Jörð …</nazev>
					<delka>7:18</delka>
					<cislo>3</cislo>
				</skladba>
				<skladba idskladby="SR9704" hodnoceni="3">
					<nazev>Leit að lífi</nazev>
					<delka>2:34</delka>
					<cislo>4</cislo>
				</skladba>
				<skladba idskladby="SR9705" hodnoceni="5">
					<nazev>Myrkur</nazev>
					<delka>6:14</delka>
					<cislo>5</cislo>
				</skladba>
				<skladba idskladby="SR9706" hodnoceni="4">
					<nazev>18 sekúndur fyrir sólarupprás</nazev>
					<delka>0:18</delka>
					<cislo>6</cislo>
				</skladba>
				<skladba idskladby="SR9707" hodnoceni="4">
					<nazev>Hafssól</nazev>
					<delka>12:24</delka>
					<cislo>7</cislo>
				</skladba>
				<skladba idskladby="SR9708" hodnoceni="2">
					<nazev>Veröld ný og óð</nazev>
					<delka>3:29</delka>
					<cislo>8</cislo>
				</skladba>
				<skladba idskladby="SR9709" hodnoceni="4">
					<nazev>Von</nazev>
					<delka>5:12</delka>
					<cislo>9</cislo>
				</skladba>
				<skladba idskladby="SR9710" hodnoceni="3">
					<nazev>Mistur</nazev>
					<delka>2:16</delka>
					<cislo>10</cislo>
				</skladba>
				<skladba idskladby="SR9711" hodnoceni="5">
					<nazev>Syndir Guðs (Opinberun frelsarans)</nazev>
					<delka>7:38</delka>
					<cislo>11</cislo>
				</skladba>
				<skladba idskladby="SR9712" hodnoceni="5">
					<nazev>Rukrym</nazev>
					<delka>8:59</delka>
					<cislo>12</cislo>
				</skladba>
			</seznamskladeb>
		</album>
	<album idalba="SR02" umelecref="SR1994" zanrref="R1">
			<nazevalba>( )</nazevalba>
			<rokvydani>2002</rokvydani>
			<seznamskladeb>
				<skladba idskladby="SR0201" hodnoceni="4">
					<nazev>Vaka</nazev>
					<delka>6:38</delka>
					<cislo>1</cislo>
				</skladba>
				<skladba idskladby="SR0202" hodnoceni="5">
					<nazev>Fyrsta</nazev>
					<delka>7:33</delka>
					<cislo>2</cislo>
				</skladba>
				<skladba idskladby="SR0203" hodnoceni="4">
					<nazev>Samskeyti</nazev>
					<delka>6:33</delka>
					<cislo>3</cislo>
				</skladba>
				<skladba idskladby="SR0204" hodnoceni="3">
					<nazev>Njósnavélin</nazev>
					<delka>6:57</delka>
					<cislo>4</cislo>
				</skladba>
				<skladba idskladby="SR0205" hodnoceni="5">
					<nazev>Álafoss</nazev>
					<delka>9:57</delka>
					<cislo>5</cislo>
				</skladba>
				<skladba idskladby="SR0206" hodnoceni="4">
					<nazev>E-Bow</nazev>
					<delka>8:48</delka>
					<cislo>6</cislo>
				</skladba>
				<skladba idskladby="SR0207" hodnoceni="4">
					<nazev>Dauðalagið</nazev>
					<delka>12:52</delka>
					<cislo>7</cislo>
				</skladba>
				<skladba idskladby="SR0208" hodnoceni="2">
					<nazev>Popplagið</nazev>
					<delka>11:43</delka>
					<cislo>8</cislo>
				</skladba>
			</seznamskladeb>
		</album>
		<album idalba="SR08" umelecref="SR1994" zanrref="R1">
			<nazevalba>Með suð í eyrum við spilum endalaust</nazevalba>
			<rokvydani>2008</rokvydani>
			<seznamskladeb disk="1">
				<skladba idskladby="SRSR0801" hodnoceni="4">
					<nazev>Gobbledigook</nazev>
					<delka>3:08</delka>
					<cislo>1</cislo>
				</skladba>
				<skladba idskladby="SRSR0802" hodnoceni="5">
					<nazev>Inní mér syngur vitleysingur</nazev>
					<delka>4:05</delka>
					<cislo>2</cislo>
				</skladba>
				<skladba idskladby="SRSR0803" hodnoceni="4">
					<nazev>Góðan daginn</nazev>
					<delka>5:15</delka>
					<cislo>3</cislo>
				</skladba>
				<skladba idskladby="SRSR0804" hodnoceni="3">
					<nazev>Við spilum endalaust</nazev>
					<delka>3:33</delka>
					<cislo>4</cislo>
				</skladba>
				<skladba idskladby="SRSR0805" hodnoceni="5">
					<nazev>Festival</nazev>
					<delka>9:24</delka>
					<cislo>5</cislo>
				</skladba>
				<skladba idskladby="SRSR0806" hodnoceni="4">
					<nazev>Með suð í eyrum</nazev>
					<delka>4:56</delka>
					<cislo>6</cislo>
				</skladba>
				<skladba idskladby="SRSR0807" hodnoceni="4">
					<nazev>Ára bátur</nazev>
					<delka>8:57</delka>
					<cislo>7</cislo>
				</skladba>
				<skladba idskladby="SRSR0808" hodnoceni="2">
					<nazev>Illgresi</nazev>
					<delka>4:13</delka>
					<cislo>8</cislo>
				</skladba>
				<skladba idskladby="SRSR0809" hodnoceni="4">
					<nazev>Fljótavík</nazev>
					<delka>3:49</delka>
					<cislo>9</cislo>
				</skladba>
				<skladba idskladby="SRSR0810" hodnoceni="3">
					<nazev>Straumnes</nazev>
					<delka>2:01</delka>
					<cislo>10</cislo>
				</skladba>
				<skladba idskladby="SRSR0811" hodnoceni="5">
					<nazev>All Alright</nazev>
					<delka>6:21</delka>
					<cislo>11</cislo>
				</skladba>
			</seznamskladeb>
		</album>
		
		<album idalba="AM95" umelecref="AM1974" zanrref="R1">
			<nazevalba>Jagged Little Pill</nazevalba>
			<rokvydani>1995</rokvydani>
			<seznamskladeb disk="1">
				<skladba idskladby="AM9501" hodnoceni="5">
					<nazev>All I Really Want</nazev>
					<delka>4:45</delka>
					<cislo>1</cislo>
				</skladba>
				<skladba idskladby="AM9502" hodnoceni="4">
					<nazev>You Oughta Know</nazev>
					<delka>4:09</delka>
					<cislo>2</cislo>
				</skladba>
				<skladba idskladby="AM9503" hodnoceni="5">
					<nazev>Perfect</nazev>
					<delka>3:08</delka>
					<cislo>3</cislo>
				</skladba>
				<skladba idskladby="AM9504" hodnoceni="4">
					<nazev>Hand in My Pocket</nazev>
					<delka>3:42</delka>
					<cislo>4</cislo>
				</skladba>
				<skladba idskladby="AM9505" hodnoceni="3">
					<nazev>Right Through You</nazev>
					<delka>2:56</delka>
					<cislo>5</cislo>
				</skladba>
				<skladba idskladby="AM9506" hodnoceni="3">
					<nazev>Forgiven</nazev>
					<delka>5:00</delka>
					<cislo>6</cislo>
				</skladba>
				<skladba idskladby="AM9507" hodnoceni="4">
					<nazev>You Learn</nazev>
					<delka>4:00</delka>
					<cislo>7</cislo>
				</skladba>
				<skladba idskladby="AM9508" hodnoceni="5">
					<nazev>Head over Feet</nazev>
					<delka>4:27</delka>
					<cislo>8</cislo>
				</skladba>
				<skladba idskladby="AM9509" hodnoceni="4">
					<nazev>Mary Jane</nazev>
					<delka>4:41</delka>
					<cislo>9</cislo>
				</skladba>
				<skladba idskladby="AM9510" hodnoceni="3">
					<nazev>Ironic</nazev>
					<delka>3:50</delka>
					<cislo>10</cislo>
				</skladba>
				<skladba idskladby="AM9511" hodnoceni="4">
					<nazev>Not the Doctor</nazev>
					<delka>3:48</delka>
					<cislo>11</cislo>
				</skladba>
				<skladba idskladby="AM9512" hodnoceni="3">
					<nazev>Wake Up</nazev>
					<delka>4:54</delka>
					<cislo>12</cislo>
				</skladba>
				<skladba idskladby="AM9513" hodnoceni="3">
					<nazev>Your House</nazev>
					<delka>8:13</delka>
					<cislo>13</cislo>
				</skladba>
			</seznamskladeb>
		</album>
	</alba>
</sbirkaalb>