<?xml version="1.0" encoding="UTF-8"?>
<!DOCTYPE adventure SYSTEM "data.dtd">
<adventure name="matfyzak" start_state="doma">
	<story>Jednoho dne jsi se probudil <stateref id="doma"/> a uvědomil sis, že by ses rád stal matfyzákem. Matika tě vždycky bavila.</story>
	<item name="listek">
	 <html_description><strong>listek</strong> je <em>velice</em> důležitý předmět.</html_description>
	</item>
	<!--pocatecni stav - doma-->
	<state name="doma">
		<!--spravny postup je prohledat misto, potom S-->
		<story>Jsi doma a vůbec nevíš, kde začít.</story>
		<hidden_items>
			<item name="obcanka" />
		</hidden_items>
		<option key="s">
			<text>Jít na studijní oddělení</text>
			<action>
				<goto state="studijni" />
			</action>
		</option>
		<option key="p">
			<text>Jít na nějakou přednášku</text>
			<action>
				<message>Šel jsi na přednášku a nerozumněl jsi zhola ničemu. Vrátil jsi se <stateref id="doma">domů</stateref>.</message>
			</action>
		</option>
	</state>
	<state name="studijni">
		<!--spravny postup je M, pripadne Z-->
		<story>Jsi na studijním oddělení. Mají zde takovou divnou mašinku, co tiskne jedno číslo za druhým. Tady se asi matfyzáci učí počítat. Sedí tu podivně vyhlížející tvor, pravděpodobně člověk, a něco si čte.</story>
		<option id="opt_domu" key="d">
			<text>Vrátit se <stateref id="doma">domů</stateref></text>
			<action>
				<goto state="doma" />
			</action>
		</option>
		<option key="m" id="opt_tlacitko">
			<text>Zmáčknout nějaké tlačítko na té mašince</text>
			<action>
				<give item="listek"></give>
				<goto state="studijni_listek" />
			</action>
		</option>
		<option id="opt_pomoc" key="z">
			<text>Zeptat se toho člověka, co máš dělat</text>
			<action>
				<message>"Ahoj, ty jsi tu poprvé, viď? Tamhleta mašinka ti dá pořadové číslo - až se objeví na displeji spolu s dalším číslem, můžeš vstoupit do dveří s tím číslem."</message>
			</action>
		</option>
	</state>
	<state name="studijni_listek">
		<!--spravny postup je P-->
		<story>Mašinka vytiskla lístek s číslem "<?php echo getPrintId(); ?>".</story>
		<optionref option="opt_domu" />
		<optionref option="opt_pomoc" />
		<option key="p">
			<text>Počkat, co se stane</text>
			<action>
				<goto state="studijni_cislo" />
			</action>
		</option>
	</state>
	<state name="studijni_cislo">
		<!--spravny postup je D-->
		<story>Na displeji před tebou se objevilo číslo "<?php echo getLastPrintedId(); ?>".</story>
		<optionref option="opt_domu" />
		<optionref option="opt_pomoc" />
		<optionref option="opt_tlacitko"><mustnothave item="listek"/></optionref>
		<option key="v">
			<musthave item="listek" />
			<text>Zakřičet "Jupí, vyhrál jsem!"</text>
			<action>
				<message>Ten človek se na tebe dost divně podíval. Výhru nikdo nenese. To číslo má asi jiný význam.</message>
			</action>
		</option>
		<option key="d">
			<musthave item="listek" />
			<text>Vstoupit do dveří s číslem, které se objevilo na displeji vedle</text>
			<action>
				<goto state="studijni_prepazka" />
			</action>
		</option>
	</state>
	<state name="studijni_prepazka">
		<!--spravny postup je P-->
		<story>Vešel jsi do dveří a objevil jsi tam přepážku, u které seděla paní.</story>
		<optionref option="opt_domu" />
		<option key="p">
			<text>Promluvit s paní</text>
			<action>
				<musthave item="obcanka" failmessage="'Paní ti řekla, že aby ses mohl přihlásit ke studiu, musíš mít u sebe občanku. Asi jsi jí nechal doma." />
				<goto state="studijni_prepazka_index" />
			</action>
		</option>
	</state>

	<state name="studijni_prepazka_index">
		<!--spravny postup je S, pozor,na U okamzite prohra-->
		<story>Dostal jsi od paní referentky index a šel jsi domů. Jsi úspěšně přihlášen na &fakulta;.</story>
		<option key="s">
			<text>Začít studovat</text>
			<action>
				<goto state="studovat" />
			</action>
		</option>
		<option key="u">
			<text>Vrátit se na studijní a uplatit je, abys dostal diplom rovnou</text>
			<action>
				<message>Zavolali na tebe policii a zavřeli tě do vězení. Prohrál jsi.</message>
				<endgame result="lost"/>
			</action>
		</option>
	</state>
	<state name="studovat">
		<!--spravny postup je P a T, H vede k prohre-->
		<story>Je z tebe student. Nyní se rozhodni, jak povedeš svůj studentský život.</story>
		<option key="h">
			<text>Jít s kamarády do hospody</text>
			<action>
				<goto state="hospoda"/>
			</action>
		</option>
		<option key="p">
			<text>Pilně se učit</text>
			<action>
				<message>Pilně jsi se učil a za pět let úspěšně vystudoval.</message>
				<goto state="promoce" />
			</action>
		</option>
		<option key="t">
			<text>Trochu se učit</text>
			<action>
				<message>Trochu jsi se učil. tvůj nejoblíbenější program, který jsi vyrobil, byl:
				<![CDATA[
				while (! me->asleep())
				{
					sheep++;
				}
				]]>
				za šest let jsi s odřenýma ušima vystudoval.</message>
				<goto state="promoce" />
			</action>
		</option>
	</state>
	<state name="hospoda">
		<!--spravny postup je O - odvrati prohru-->
		<story>Jsi v hospodě. U stolu vedle sedí pánové v kravatě.</story>
		<option key="o" id="opt_opit">
			<text>opít se</text>
			<action>
				<message>Opil jsi se do němoty a všechno zapomněl. Budeš se muset víc učit.</message>
				<goto state="studovat" />
			</action>
		</option>
		<option key="k">
			<text>přisednout si k pánům v kravatě</text>
			<action>
				<goto state="kravata" />
			</action>
		</option>
	</state>
	<state name="kravata">
		<!--spravny postup je O - odvrati prohru-->
		<story>Pánové v kravatě se baví o tom, že potřebují PHP programátora na nový perspektivní projekt. PHP jsi dělal na střední, něco už umíš.</story>
		<optionref option="opt_opit" />
		<option key="n">
			<text>Nabídnout se, že bys tuto práci rád vzal</text>
			<action>
				<message>Gratulujeme, získal jsi zaměstnání, během roka jsi vydělával víc peněz měsíčně, než jsi vůbec doposud viděl pohromadě. Nicméně &fakulta; jsi nevystudoval, takže tuhle hru jsi prohrál.</message>
				<endgame result="lost" />
			</action>
		</option>
	</state>
	<state name="promoce">
		<!--spravny postup je D - vitezny stav-->
		<story>Konečně jsi se dostal až na promoci!</story>
		<option key="d">
			<text>Převzít diplom</text>
			<action>
				<message>Gratuluji, úspěšně jsi vystudoval &fakulta;</message>
				<endgame result="won" />
			</action>
		</option>
	</state>
</adventure>
