<?xml version="1.0" encoding="UTF-8"?>
<!-- Seznam aut a seznam vypujcek -->
<autopujcovna xmlns:xsi="http://www.w3.org/2001/XMLSchema-instance" xsi:noNamespaceSchemaLocation="data.xsd">
	<seznam-aut>
		<auto id="auto_1">
			<spz>C99 89-98</spz>
			<typ-motoru typ="naftovy" />
			<vyrobce>Audi</vyrobce>
			<model>A6</model>
			<vyrobeno>
				<den>1</den>
				<mesic>1</mesic>
				<rok>2009</rok>
				<zeme>
					<nazev kod="DE">Nemecko</nazev>
				</zeme>
			</vyrobeno>
			<barva>cerna</barva>
		</auto>
		<auto id="auto_2">
			<spz>U5A 01-11</spz>
			<typ-motoru typ="benzinovy" />
			<vyrobce>Peugeot</vyrobce>
			<model>108</model>
			<vyrobeno>
				<den>23</den>
				<mesic>12</mesic>
				<rok>2008</rok>
				<zeme>
					<nazev kod="FR">Francie</nazev>
				</zeme>
			</vyrobeno>
			<barva>modra</barva>
		</auto>
		<auto id="auto_3">
			<spz>4U1 54-54</spz>
			<typ-motoru typ="naftovy" />
			<vyrobce>Alfa Romeo</vyrobce>
			<model>GTV</model>
			<vyrobeno>
				<den>5</den>
				<mesic>4</mesic>
				<rok>2012</rok>
				<zeme>
					<nazev kod="IT">Italie</nazev>
				</zeme>
			</vyrobeno>
			<barva>cervena</barva>
		</auto>
	</seznam-aut>
	
	<seznam-vypujcek>
		<vypujcka id="vypujcka_1">
			<kod-mista-vyzvednuti kod="LBC" />
			<kod-mista-vraceni kod="PHA" />
			<datum-vyzvednuti>8.1.2012</datum-vyzvednuti>
			<datum-vraceni>8.2.2012</datum-vraceni>
			<vypujcene-auto id="auto_1" />
			<cislo-ridicskeho-prukazu cislo="11112222" />
		</vypujcka>
		
		<vypujcka id="vypujcka_2">
			<kod-mista-vyzvednuti kod="DC" />
			<kod-mista-vraceni kod="UL" />
			<datum-vyzvednuti>19.1.2012</datum-vyzvednuti>
			<datum-vraceni>28.1.2012</datum-vraceni>
			<vypujcene-auto id="auto_2" />
			<cislo-ridicskeho-prukazu cislo="56728987" />
		</vypujcka>
		
		<vypujcka id="vypujcka_3">
			<kod-mista-vyzvednuti kod="PHA" />
			<kod-mista-vraceni kod="PHA" />
			<datum-vyzvednuti>2.2.2012</datum-vyzvednuti>
			<datum-vraceni>8.2.2012</datum-vraceni>
			<vypujcene-auto id="auto_2" />
			<cislo-ridicskeho-prukazu cislo="34224111" />
		</vypujcka>
		
		<vypujcka id="vypujcka_4">
			<kod-mista-vyzvednuti kod="BRN" />
			<kod-mista-vraceni kod="OLM" />
			<datum-vyzvednuti>19.2.2012</datum-vyzvednuti>
			<datum-vraceni>19.2.2012</datum-vraceni>
			<vypujcene-auto id="auto_3" />
			<cislo-ridicskeho-prukazu cislo="65678900" />
			<komentar>Tomuto člověku již nic nepůjčovat. Smlouva byla uzavřena na 5 dní, auto vrátil již ten den a celé zaneřáděné. Vyrovnání probíhalo soudní cestou. Více informací ve spise <a href="http://www.auto-malek.cz/spis.php?id=8263">číslo #8263</a></komentar>
		</vypujcka>
		
		<vypujcka id="vypujcka_5">
			<kod-mista-vyzvednuti kod="OPV" />
			<kod-mista-vraceni kod="OPV" />
			<datum-vyzvednuti>24.2.2012</datum-vyzvednuti>
			<datum-vraceni>27.2.2012</datum-vraceni>
			<vypujcene-auto id="auto_3" />
			<cislo-ridicskeho-prukazu cislo="10090211" />
		</vypujcka>
		
		<vypujcka id="vypujcka_6">
			<kod-mista-vyzvednuti kod="AS" />
			<kod-mista-vraceni kod="KV" />
			<datum-vyzvednuti>1.3.2012</datum-vyzvednuti>
			<datum-vraceni>2.3.2012</datum-vraceni>
			<vypujcene-auto id="auto_1" />
			<cislo-ridicskeho-prukazu cislo="56989022" />
		</vypujcka>
		
		<vypujcka id="vypujcka_7">
			<kod-mista-vyzvednuti kod="ML" />
			<kod-mista-vraceni kod="ML" />
			<datum-vyzvednuti>11.3.2012</datum-vyzvednuti>
			<datum-vraceni>12.3.2012</datum-vraceni>
			<vypujcene-auto id="auto_2" />
			<cislo-ridicskeho-prukazu cislo="45881020" />
		</vypujcka>
		
		<vypujcka id="vypujcka_8">
			<kod-mista-vyzvednuti kod="JBL" />
			<kod-mista-vraceni kod="LBC" />
			<datum-vyzvednuti>7.4.2012</datum-vyzvednuti>
			<datum-vraceni>29.4.2012</datum-vraceni>
			<vypujcene-auto id="auto_1" />
			<cislo-ridicskeho-prukazu cislo="32890010" />
		</vypujcka>
		
		<vypujcka id="vypujcka_9">
			<kod-mista-vyzvednuti kod="CB" />
			<datum-vyzvednuti>3.5.2012</datum-vyzvednuti>
			<vypujcene-auto id="auto_3" />
			<cislo-ridicskeho-prukazu cislo="32226711" />
		</vypujcka>
		
		<vypujcka id="vypujcka_10">
			<kod-mista-vyzvednuti kod="ML" />
			<datum-vyzvednuti>19.5.2012</datum-vyzvednuti>
			<vypujcene-auto id="auto_2" />
			<cislo-ridicskeho-prukazu cislo="90016723" />
		</vypujcka>
	</seznam-vypujcek>
</autopujcovna>