<?xml version="1.0" encoding="UTF-8"?>
<statistics>
	<team name="SCO">
		<player>
			<name>David Murdoch</name>
			<stats>
				<draw count="12" success="81"/>
				<takeout count="8" success="78"/>
			</stats>
		</player>
		<player>
			<name>Warwick Smith</name>
			<stats>
				<draw count="10" success="72"/>
				<takeout count="10" success="74"/>
			</stats>
		</player>
		<player>
			<name>Glen Muirhead</name>
			<stats>
				<draw count="9" success="78"/>
				<takeout count="11" success="84"/>
			</stats>
		</player>
		<player>
			<name>Ross Hepburn</name>
			<stats>
				<draw count="14" success="84"/>
				<takeout count="6" success="68"/>
			</stats>
		</player>
	</team>
</statistics>
