<?xml version="1.0" encoding="UTF-8"?>
<!DOCTYPE statistiky SYSTEM "statistiky.dtd">
<statistiky>
	<tym>
		<nazev>CZE</nazev>
		<hraci>
			<hrac>
				<jmeno>Jakub Skala</jmeno>
				<draw pocet="16" uspesnost="67"/>
				<takeout pocet="4" uspesnost="45"/>
			</hrac>
			<hrac>
				<jmeno>Michael Vecer</jmeno>
				<draw pocet="8" uspesnost="45"/>
				<takeout pocet="12" uspesnost="75"/>
			</hrac>
			<hrac>
				<jmeno>Jan Sedlar</jmeno>
				<draw pocet="11" uspesnost="72"/>
				<takeout pocet="9" uspesnost="65"/>
			</hrac>
			<hrac>
				<jmeno>Karel Klima</jmeno>
				<draw pocet="7" uspesnost="80"/>
				<takeout pocet="13" uspesnost="93"/>
			</hrac>
		</hraci>
	</tym>
	<tym>
		<nazev>SUI</nazev>
		<hraci>
			<hrac>
				<jmeno>Valentin Tanner</jmeno>
				<draw pocet="13" uspesnost="75"/>
				<takeout pocet="7" uspesnost="78"/>
			</hrac>
			<hrac>
				<jmeno>Roger Gulka</jmeno>
				<draw pocet="7" uspesnost="78"/>
				<takeout pocet="13" uspesnost="85"/>
			</hrac>
			<hrac>
				<jmeno>Peter De Cruz</jmeno>
				<draw pocet="11" uspesnost="82"/>
				<takeout pocet="9" uspesnost="88"/>
			</hrac>
			<hrac>
				<jmeno>Benoit Schwarz</jmeno>
				<draw pocet="14" uspesnost="90"/>
				<takeout pocet="6" uspesnost="80"/>
			</hrac>
		</hraci>
	</tym>
</statistiky>
