<labels>
    <label name="Global Electro">
        <label_code>L15525</label_code>
        <albums>
            <album album_id="0"/>
            <album album_id="8"/>
        </albums>
        <sublabels>

            <label name="Madsteel">
                <label_code>L42566</label_code>
                <albums>
                    <album album_id="7"/>
                </albums>
            </label>

        </sublabels>
    </label>

    <label name="MusiCo">
        <label_code>L27373</label_code>

        <albums>
            <album album_id="6"/>
        </albums>

        <sublabels>

            <label name="Madsteel">
                <label_code>L34587</label_code>
                <albums>
                    <album album_id="5"/>
                    <album album_id="2"/>
                </albums>
            </label>

            <label name="MorroL">
                <label_code>L98723</label_code>

                <albums>
                </albums>
                <sublabels>

                    <label name="Madsteel">
                        <label_code>L66833</label_code>
                        <albums>
                            <album album_id="3"/>
                        </albums>
                    </label>
                </sublabels>
            </label>
        </sublabels>
    </label>
    <label name="Indie">
        <label_code>L62277</label_code>

        <albums>
            <album album_id="4"/>
        </albums>
    </label>
</labels>