<?xml version="1.0" encoding="UTF-8"?>
<!DOCTYPE terroristDatabase SYSTEM "data.dtd">
<?xml-stylesheet href="data.xsl" type="text/xsl"?>
<terroristDatabase>
	<groups>
		<group id="group_001">
			<name>AlQaeda</name>
			<description>A top terrorist organization.</description>
			<leaders>
				<boss>
					<personRef ref="person_001" />
				</boss>
			</leaders>
			<groups>
				<group id="group_005">
					<name>Al Hijra</name>
					<description><?php LoadGroupDescription('group_005'); ?></description>
					<leaders>
						<boss>
							<personRef ref="person_011" />
						</boss>
					</leaders>
				</group>
			</groups>
		</group>
		<group id="group_002">
			<name>IRA</name>
			<members>
				<personRef ref="person_010" />
			</members>
		</group>
		<group id="group_003">
			<name>ETA</name>
		</group>
		<group id="group_004">
			<name>OSA</name>
			<description>Not a top terrorist organization, but we do not like them.<![CDATA[ function LoadDynamicInfo('group_004'); ]]></description>
		</group>
	</groups>
	<persons>
		<person id="person_001">
			<name>Osama bin Laden</name>
			<status active="no" alive="no" />
			<description>Former leader of <groupRef ref="group_001" />.</description>
		</person>
		<person id="person_002">
			<name>Ayman al-Zawahiri</name>
		</person>
		<person id="person_003">
			<name>Saif al-Adel</name>
			<description>Close friend of <personRef ref="person_001" /></description>
		</person>
		<person id="person_004">
			<name>Atiyah Abd al-Rahman</name>
		</person>
		<person id="person_005">
			<name>Anwar al-Awlaki</name>
		</person>
		<person id="person_006">
			<name>Adam Yahiye Gadahn</name>
		</person>
		<person id="person_007">
			<name>Wadih el-Hage</name>
		</person>
		<person id="person_008">
			<name>Sharif Mobley</name>
		</person>
		<person id="person_009">
			<name>Mohammed Wali Zazi</name>
		</person>
		<person id="person_010">
			<name>Sean Hughes</name>
		</person>
		<person id="person_011">
			<name>Abu Rida al Suri</name>
			<description>Financier of <groupRef ref="group_004" /> via <groupRef ref="group_005" />. Veteran of Afghanistan-Soviet civil war (1980-1989).
			Funds &gt; 500,000&#36; per year.</description>
			<encounterings>
				<encountering>
					<description>Meeting of terrorists.</description>
					<timestamp>
						<date>1999-03-04</date>
					</timestamp>
					<place>
						<name>Khartoum, Sudan</name>
						<description>Capital of Sudan</description>
					</place>
				</encountering>
			</encounterings>
		</person>
	</persons>
	<places>
	</places>
</terroristDatabase>