<?xml version="1.0" encoding="UTF-8"?>
<!DOCTYPE autopujcovna SYSTEM "data.dtd">
<autopujcovna>
	<!-- Seznam vozidel ve vozovem parku -->
	<autopark>
		<auto id="auto-1">
			<vin>128988129823</vin>
			<spz>2A29288</spz>
			<znacka>Skoda</znacka>
			<typ>Superb</typ>
			<rok-vyroby>2009</rok-vyroby>
			<parametry>				
				<motor>				
					<spotreba>9,2</spotreba>
					<objem>3,0</objem>
					<maxrychlost>210&kmh;</maxrychlost>
				</motor>
			</parametry>
			<porizovaci-cena>750000</porizovaci-cena>
			<pujcovne>1230</pujcovne>
			<!-- Poznamky k vozidlu + zname poruchy -->
			<poznamky>
				Potreba vymenit olej pri 20000km
				Technicke kontroly:
				<![CDATA[
					for (i=2011; i <= 2020; $++)
					{
						document.writeln(i);
					}
				]]>
				<porucha vyresena="ne">
					Promackly blatnik.
				</porucha>
		</poznamky>
		</auto>
	</autopark>
	<klienti>
		<klient id="kl-1">
			<jmeno>Jiri</jmeno>
			<prijmeni>Janousek</prijmeni>
			<ulice>Jankovcova</ulice>
			<cp>34</cp>
			<mesto>Praha 6</mesto>
			<psc>16200</psc>
			<stat>Czech Republic</stat>
			<telefon>+420727998263</telefon>
			<email>jiri.janousek@zeznam.cz</email>
			<registrovan><?php echo Date("d.m.Y")?></registrovan>
			<vypujcky>
				<vypujcka autoid="auto-1" od="10/02/2011" do="20/02/2011"/>
			</vypujcky>
		</klient>
	</klienti>
</autopujcovna>
