<?xml version="1.0" encoding="UTF-8"?>
<downtempo>
	<genre>
		<name>Musique Concrete</name>
	</genre>
	<genre>
		<name>Minimalism</name>
		<ancestor>Musique Concrete</ancestor>
	</genre>
	<genre>
		<name>Ambient</name>
		<ancestor>Minimalism</ancestor>
		<ancestor>Psychedelia</ancestor>
	</genre>
	<genre>
		<name>Classical</name>
		<ancestor>Minimalism</ancestor>
	</genre>
	<genre>
		<name>Psychedelia</name>
		<ancestor>Classical</ancestor>
	</genre>
	<genre>
		<name>Ambient House</name>
		<ancestor>Ambient</ancestor>
	</genre>
	<genre>
		<name>Ambient Breaks</name>
		<ancestor>Ambient House</ancestor>
	</genre>
	<genre>
		<name>Acid Jazz</name>
		<ancestor>Ambient Breaks</ancestor>
	</genre>
	<genre>
		<name>Trip Hop</name>
		<ancestor>Ambient Breaks</ancestor>
	</genre>
	<genre>
		<name>Downbeat</name>
		<ancestor>Acid Jazz</ancestor>
		<ancestor>Trip Hop</ancestor>
	</genre>
	<genre>
		<name>Illbient</name>
		<ancestor>Ambient Breaks</ancestor>
		<ancestor>Acid Jazz</ancestor>
	</genre>
	<genre>
		<name>Nu Jazz</name>
		<ancestor>Illbient</ancestor>
		<ancestor>Acid Jazz</ancestor>
	</genre>
</downtempo>