<?xml version="1.0" encoding="UTF-8"?>
<vozy>
	<vuz>
		<znacka>BMW</znacka>
		<model>e36 318i</model>
		<rozmery>
			<rozmer>
				<sirka>195</sirka>
				<profil>65</profil>
				<disk>R15</disk>
			</rozmer>
			<rozmer>
				<sirka>205</sirka>
				<profil>55</profil>
				<disk>R16</disk>
			</rozmer>
			<rozmer>
				<sirka>215</sirka>
				<profil>55</profil>
				<disk>R16</disk>
			</rozmer>
			<rozmer>
				<sirka>225</sirka>
				<profil>45</profil>
				<disk>R17</disk>
			</rozmer>
		</rozmery>
	</vuz>
	<vuz>
		<znacka>Skoda</znacka>
		<model>Octavia 1.6i</model>
		<rozmery>
			<rozmer>
				<sirka>175</sirka>
				<profil>80</profil>
				<disk>R14</disk>
			</rozmer>
			<rozmer>
				<sirka>195</sirka>
				<profil>65</profil>
				<disk>R15</disk>
			</rozmer>
			<rozmer>
				<sirka>205</sirka>
				<profil>60</profil>
				<disk>R15</disk>
			</rozmer>			
			<rozmer>
				<sirka>205</sirka>
				<profil>55</profil>
				<disk>R16</disk>
			</rozmer>
		</rozmery>
	</vuz>
</vozy>