<?xml version="1.0"?>
<!DOCTYPE Sklad SYSTEM "data.dtd">
<Sklad>
	<Dodavatele>
		<Dodavatel DoId="dodavate1_1">
			<Firma Nazev="Alea s.r.o" ic="12345678" dic="CZ1234567899"/>
			<Kontakty>
				<Adresa>
					<Ulice>Italská 3040</Ulice>
					<Mesto>Praha 2</Mesto>
					<PSC>222 01</PSC>
				</Adresa>
				<TelNum cislo="73355422"/>
				<TelNum cislo="31244312"/>
			</Kontakty>
		</Dodavatel>
		<Dodavatel DoId="dodavate1_2">
			<Firma Nazev="Roboto" ic="87654321"/>
			<Kontakty>
				<Adresa>
					<Ulice>Španělská 202</Ulice>
					<Mesto>Pardubice</Mesto>
					<PSC>232 11</PSC>
				</Adresa>
				<TelNum cislo="733115222"/>
			</Kontakty>
		</Dodavatel>
		<Dodavatel DoId="dodavate1_3">
			<Osoba Jmeno="Karel" Prijmeni="Pluhař" rcislo="841120/0452"/>
			<Kontakty>
				<Adresa>
					<Ulice>Hradec Králové</Ulice>
					<Mesto>Pražská 4012</Mesto>
					<PSC>273 11</PSC>
				</Adresa>
				<TelNum cislo="23351422"/>
			</Kontakty>
		</Dodavatel>
		<Dodavatel DoId="dodavate1_4">
			<Firma Nazev="Senzor a.s." ic="12387654"/>
			<Kontakty>
				<Adresa>
					<Ulice>Louny</Ulice>
					<Mesto>Kudrnova 1021</Mesto>
					<PSC>172 41</PSC>
				</Adresa>
				<TelNum cislo="63255412"/>
			</Kontakty>
		</Dodavatel>
		<Dodavatel DoId="dodavate1_5">
			<Firma Nazev="Zamzung" ic="123212354"/>
			<Kontakty>
				<Adresa>
					<Ulice>Nesselweg 4012</Ulice>
					<Mesto stat="Německo">Berlin</Mesto>
					<PSC>54570</PSC>
				</Adresa>
				<TelNum cislo="+0049563255422"/>
			</Kontakty>
		</Dodavatel>
	</Dodavatele>
	<Zakaznici>
		<Zakaznik ZaId="zakaznik_1">
			<Firma Nazev="Elektro Rhesus s.r.o" ic="11112222"/>
			<Kontakty>
				<Adresa>
					<Ulice>Rakouská 1023</Ulice>
					<Mesto>Pardubice</Mesto>
					<PSC>232 11</PSC>
				</Adresa>
				<TelNum cislo="71335522"/>
				<TelNum cislo="21125212"/>
			</Kontakty>
		</Zakaznik>
		<Zakaznik ZaId="zakaznik_2">
			<Osoba Jmeno="Petr" Prijmeni="Dluha" rcislo="640112/0643"/>
			<Kontakty>
				<Adresa>
					<Ulice>Rakouská 1023</Ulice>
					<Mesto>Pardubice</Mesto>
					<PSC>232 11</PSC>
				</Adresa>
				<TelNum cislo="73355422"/>
			</Kontakty>
		</Zakaznik>
		<Zakaznik ZaId="zakaznik_3">
			<Osoba Jmeno="Martin" Prijmeni="Pecina" rcislo="610221/0343"/>
			<Kontakty>
				<Adresa>
					<Ulice>Slovenská 523</Ulice>
					<Mesto>Ostrava</Mesto>
					<PSC>222 11</PSC>
				</Adresa>
				<TelNum cislo="531523114"/>
			</Kontakty>
		</Zakaznik>
		<Zakaznik ZaId="zakaznik_4">
			<Osoba Jmeno="Tomáš" Prijmeni="Nejasný" rcislo="541224/0131"/>
			<Kontakty>
				<Adresa>
					<Ulice>Mongolská 5300</Ulice>
					<Mesto>Brno</Mesto>
					<PSC>111 24</PSC>
				</Adresa>
				<TelNum cislo="61345422"/>
			</Kontakty>
		</Zakaznik>
		<Zakaznik ZaId="zakaznik_5">
			<Osoba Jmeno="Petr" Prijmeni="Franta" rcislo="690124/0131"/>
			<Kontakty>
				<Adresa>
					<Ulice>Dolského 501</Ulice>
					<Mesto>Sázava</Mesto>
					<PSC>110 23</PSC>
				</Adresa>
				<TelNum cislo="631463132"/>
			</Kontakty>
		</Zakaznik>
		<Zakaznik ZaId="zakaznik_6">
			<Osoba Jmeno="Rostislav" Prijmeni="Pur" rcislo="820604/0521"/>
			<Kontakty>
				<Adresa>
					<Ulice>Moskevská 2010</Ulice>
					<Mesto>Klatovy</Mesto>
					<PSC>211 24</PSC>
				</Adresa>
				<TelNum cislo="61143422"/>
			</Kontakty>
		</Zakaznik>
		<Zakaznik ZaId="zakaznik_7">
			<Osoba Jmeno="Josef" Prijmeni="Konečný" rcislo="740124/0231"/>
			<Kontakty>
				<Adresa>
					<Ulice>Dlouhá 4120</Ulice>
					<Mesto>Zlín</Mesto>
					<PSC>121 14</PSC>
				</Adresa>
				<TelNum cislo="31325422"/>
			</Kontakty>
		</Zakaznik>
		<Zakaznik ZaId="zakaznik_8">
			<Osoba Jmeno="Radek" Prijmeni="Buben" rcislo="741001/0131"/>
			<Kontakty>
				<Adresa>
					<Ulice>Spojovací 130</Ulice>
					<Mesto>Lovosice</Mesto>
					<PSC>311 21</PSC>
				</Adresa>
				<TelNum cislo="41341412"/>
			</Kontakty>
		</Zakaznik>
		<Zakaznik ZaId="zakaznik_9">
			<Osoba Jmeno="Jan" Prijmeni="Polívka" rcislo="840921/0732"/>
			<Kontakty>
				<Adresa>
					<Ulice>U kláštera 2310</Ulice>
					<Mesto>Radlice</Mesto>
					<PSC>211 34</PSC>
				</Adresa>
				<TelNum cislo="241123322"/>
			</Kontakty>
		</Zakaznik>
		<Zakaznik ZaId="zakaznik_10">
			<Osoba Jmeno="Michael" Prijmeni="Matek" rcislo="451201/0711"/>
			<Kontakty>
				<Adresa>
					<Ulice>Pod lampou 2130</Ulice>
					<Mesto>Liberec</Mesto>
					<PSC>152 21</PSC>
				</Adresa>
				<TelNum cislo="75148482"/>
			</Kontakty>
		</Zakaznik>
		<Zakaznik ZaId="zakaznik_11">
			<Osoba Jmeno="Martin" Prijmeni="Budík" rcislo="790214/0431"/>
			<Kontakty>
				<Adresa>
					<Ulice>Západní 5300</Ulice>
					<Mesto>Krumlov</Mesto>
					<PSC>101 81</PSC>
				</Adresa>
				<TelNum cislo="451357811"/>
			</Kontakty>
		</Zakaznik>
	</Zakaznici>
	<SeznamZbozi>
		<Zbozi ZbId="zbozi_1" pocet="10">
			<Nazev>Zamzung 26HA3146</Nazev>
			<Kategorie>Televize</Kategorie>
			<Vyrobce>Zamzung</Vyrobce>
			<Cena mena="Eur">400</Cena>
			<Komentar><![CDATA[Jedina LCD televize na trhu s odezvou <1ms.]]></Komentar>
			<Informace>
				<Vlastnost nazev="Uhlopřička" hodnota="26&quot;/66cm"/>
				<Vlastnost nazev="Druh panelu" hodnota="LCD"/>
				<Vlastnost nazev="Jas (cd/m2)" hodnota="370"/>
				<Vlastnost nazev="Formát obrazu" hodnota="16:9"/>
				<Vlastnost nazev="Rozlišení" hodnota="HD Ready (1366x768)"/>
			</Informace>
		</Zbozi>
		<Zbozi ZbId="zbozi_2" pocet="5">
			<Nazev>Fador F-1180</Nazev>
			<Kategorie>Pračky</Kategorie>
			<Vyrobce>Fador</Vyrobce>
			<Cena>5999</Cena>
			<Informace>
				<Vlastnost nazev="Kapacita" hodnota="8kg"/>
				<Vlastnost nazev="Třída pracího výkonu" hodnota="A"/>
				<Vlastnost nazev="Odložený start" hodnota="ano"/>
				<Vlastnost nazev="Spotřeba vody(l)" hodnota="59"/>
				<Vlastnost nazev="Energetická třída" hodnota="B+"/>
			</Informace>
		</Zbozi>
		<Zbozi ZbId="zbozi_3" pocet="113">
			<Nazev>Baterie AAA baleni po 4</Nazev>
			<Kategorie>Akumulátory</Kategorie>
			<Vyrobce>Watt</Vyrobce>
			<Cena>30</Cena>
			<Komentar>Jednorázové baterie, akční cena platí jen do<?php echo date("d.m.Y",time()+60*60*24*3);?>

			<!-- Nevěděl jsem kam přidat instrukce pro zpracování, tak jsem 
					vytvořil trochu umělý příklad akční nabídky, která platí pořád do příštích tří dnů
					 --></Komentar>
		</Zbozi>
		<Zbozi ZbId="zbozi_4" pocet="50">
			<Nazev>iMusic NS100</Nazev>
			<Kategorie>MP3 přehrávače</Kategorie>
			<Vyrobce>iMusic</Vyrobce>
			<Cena>799</Cena>
			<Informace>
				<Vlastnost nazev="Pamět(GB)" hodnota="8"/>
				<Vlastnost nazev="Výdrž baterie (hodiny)" hodnota="20"/>
				<Vlastnost nazev="funkce FullSound"/>
				<Vlastnost nazev="Fm tuner s RDS"/>
			</Informace>
		</Zbozi>
	</SeznamZbozi>
	<Zakazky>
		<Zakazka typ="prijem" ZkId="zakazka1">
			<Skym id="dodavate1_5"/>
			<Kdy datum="04.11.2011" cas="16:15"/>
			<Komentar>Jedna pračka přišla v poničené krabici vrácena nazpět.</Komentar>
			<OdkazZbozi ZbId="zbozi_1" pocet="10"/>
		</Zakazka>
		<Zakazka typ="prijem" ZkId="zakazka2">
			<Skym id="dodavate1_2"/>
			<Kdy datum="05.11.2011" cas="12:00"/>
			<OdkazZbozi ZbId="zbozi_3" pocet="50"/>
			<OdkazZbozi ZbId="zbozi_4" pocet="10"/>
		</Zakazka>
		<Zakazka typ="prodej" ZkId="zakazka3">
			<Skym id="zakaznik_3"/>
			<Kdy datum="05.11.2011"/>
			<OdkazZbozi ZbId="zbozi_4" pocet="1"/>
		</Zakazka>
		<Zakazka typ="prodej" ZkId="zakazka4">
			<Skym id="zakaznik_1"/>
			<Kdy datum="06.11.2011"/>
			<OdkazZbozi ZbId="zbozi_2" pocet="20"/>
			<OdkazZbozi ZbId="zbozi_3" pocet="100"/>
		</Zakazka>
	</Zakazky>
</Sklad>