<?xml version="1.0" encoding="UTF-8" standalone="no"?>
<!DOCTYPE bookstore SYSTEM "data.dtd">


<!-- processing instruction --><?xml-stylesheet type="text/xsl" href="data.xsl"?>

<!-- DOCTYPE definition -->
<!-- data definition -->
<bookstore>
	<!-- bookstore info -->
	<bookstore_info>
		<store_name>Happy bookstore</store_name>
		<store_address>Teddybear Plaza 7, Honolulu, Hawaii</store_address>
		<store_email>info@happybookstore.com</store_email>
	</bookstore_info>
	<!-- catalog of books -->
	<catalog>
		<book isbn="i9788055123622" instock="yes">
			<title>Nákaza</title>
			<title_original>The Fall</title_original>
			<authors>
				<author>Guillermo del Toro</author>
				<author>Chuck Hogan</author>
			</authors>
			<categories>
				<category>Adventure</category>
				<category>Thriller</category>
			</categories>
			<price>
				<amount>11.12</amount>
				<currency>EUR</currency>
			</price>
			<pages>264</pages>
			<publish_date>2011</publish_date>
			<publisher>Ikar</publisher>
			<language>SVK</language>
			<description>Druhý diel upírskej trilógie, pokračovanie úspešných Žihadiel. Na planétu padá súmrak, nočné príšery obsadzujú Zem. New York a postupne aj zvyšok sveta podliehajú nákaze, ktorá mení ľudí na upírov. Žiaľ, len málokto vie, aká je skutočná príčina epidémie, a tak sa zdá, že Majster – zlovestný prastarý upír – čoskoro ovládne svet. Na čele vzdoru stojí čudná hŕstka odhodlaných. Ak chcú odvážlivci zastaviť pád ľudstva, musia stoj čo stoj získať vzácnu ručne písanú knihu. V jej strieborných doskách je ukrytý kľúč na vykynoženie nemŕtvych...</description>
		</book>
		<book isbn="i9780340896969" instock="yes">
			<title>One day</title>
			<title_original>One day</title_original>
			<authors>
				<author>David Nicholls</author>
			</authors>
			<categories>
				<category>Drama</category>
			</categories>
			<price>
				<amount>7.40</amount>
				<currency>EUR</currency>
			</price>
			<pages>448</pages>
			<publish_date>2009</publish_date>
			<publisher><![CDATA[Hodder & Stoughton]]></publisher>
			<language>ENG</language>
			<description>'A wonderful, wonderful book: wise, funny, perceptive, compassionate and often unbearably sad. The best British social novel since Jonathan Coe's What a Carve Up!'</description>
		</book>
		<book isbn="i9788073461249" instock="no">
			<title>Místa české historie</title>
			<title_original>Místa české historie</title_original>
			<categories>
				<category>History</category>
			</categories>
			<price>
				<amount>11.29</amount>
				<currency>EUR</currency>
			</price>
			<pages>160</pages>
			<publish_date>2011</publish_date>
			<publisher>Rubico</publisher>
			<language>CZE</language>
			<description>Kniha přibližuje místa, na kterých se odehrály události důležité pro českou historii. Například bitva na Bílé Hoře, u Slavkova, zavraždění Ludmily, čarodějnické procesy, poprava českých pánů a mnoho dalších. V knize je popsána samotná událost, historické dokumenty i současná podoba místa.</description>
		</book>
		<book isbn="i9788024736754" instock="no">
			<title>Lektorské finty</title>
			<title_original>Lektorské finty</title_original>
			<categories>
				<category>Coursebook</category>
			</categories>
			<price>
				<amount>5.68</amount>
				<currency>EUR</currency>
			</price>
			<pages>111</pages>
			<publish_date>2011</publish_date>
			<publisher>Grada</publisher>
			<language>CZE</language>
			<description>Praktická a názorná knížka přináší zejména začínajícím lektorům, trenérům a učitelům tipy a příklady, jak zkvalitnit svá školení. V aktualizovaném a rozšířeném vydání příručky naleznete například lektorský manuál včetně jeho ukázek a řadu nových kreativních technik a jejich příkladů. Dále se dozvíte se, čím se liší dobrý a špatný lektor, jak posluchače vtáhnout do výuky, jak získat a udržet jejich pozornost, jak uvádět příklady a dávat zpětnou vazbu. Hlavní pozornost je věnována interaktivitě při výuce, které se řada lektorů stále brání.</description>
		</book>
		<book isbn="i9788080856816" instock="no">
			<title>Prekliate miesto</title>
			<authors>
				<author>Fred Vargas</author>
			</authors>
			<categories>
				<category>Fantasy</category>
			</categories>
			<price>
				<amount>8.86</amount>
				<currency>EUR</currency>
			</price>
			<pages>304</pages>
			<publish_date>2009</publish_date>
			<publisher>Slovart</publisher>
			<language>SVK</language>
			<description>Komisár Jean-Baptiste Adamsberg cestuje do Londýna na trojdňovú konferenciu. Anglický kolega ho zasvätí do tajomstva starého londýnskeho cintorína, pred ktorým sa nájde hromada starých topánok, pekne zoradených, špičkami smerom k hlavnému vchodu. Lenže topánky nie sú prázdne, sú v nich aj odrezané nohy. Po návrate do Paríža však hlavný komisár pustí celú vec z hlavy, pretože ho čaká nový prípad. Brutálny, strašný. Obeťou vraždy je osamelý bohatý, starý novinár, ktorého telo nájdu doslova roztrúsené po celom byte. Adamsberga kontaktuje kolega z Viedne a oznámi mu, že podobný prípad sa pred časom stal aj tam. Začína sa zložité pátranie. Stopy vedú až do srbskej dedinky, v ktorej žil a zomrel vampír Peter Blagojevic. Adamsberg vyšetruje na mieste činu, ocitne sa v hrobke so starými mŕtvolami, ale našťastie ho zachráni bývalý kolega, ktorý ho sleduje. Kto si myslí, že Vlad Dracula bol jediný svojho druhu, hlboko sa mýli.
				<anchor href="http://www.martinus.sk/?uItem=67411"/>
			</description>
		</book>
		<book isbn="i9788020611833" instock="yes">
			<title>Ruská elita</title>
			<categories>
				<category>History</category>
			</categories>
			<price>
				<amount>9.79</amount>
				<currency>EUR</currency>
			</price>
			<pages>256</pages>
			<publish_date>2011</publish_date>
			<publisher>Naše vojsko</publisher>
			<language>CZE</language>
			<description>Proslulé „Modré barety“, tedy ruské výsadkové a zvláštní jednotky, mají v mezinárodním měřítku vynikající pověst. Je to poprvé, co povolili člověku ze Západu, aby je detailně prostudoval. Tak blízký přistup k výsadkovým jednotkám dosud neměl žádný autor. Žádnému cizinci se rovněž nedostalo té možnosti, aby nahlédl tak důvěrně do nitra brigád Specnaz. Carey Schofield popisuje život důstojníků a vojáků těchto jednotek, dává jej do nezbytného kontextu a předkládá čtenáři přehled jejich vývoje a průběh operaci, kterých se elitní jednotky zúčastnily.
				<anchor href="http://www.martinus.sk/?uItem=102482"/>
			</description>
		</book>
		<book isbn="i9788022013932" instock="yes">
			<title>Ohlásená vražda</title>
			<authors>
				<author>Agatha Christie</author>
			</authors>
			<categories>
				<category>Crime</category>
			</categories>
			<price>
				<amount>3.62</amount>
				<currency>EUR</currency>
			</price>
			<pages>200</pages>
			<publish_date>2007</publish_date>
			<publisher>Zelená knižnica</publisher>
			<language>SVK</language>
			<description>Pokojnú hladinu života vidieckeho mestečka rozvíri inzerát, ktorý oznamuje, že v dome slečny Blackockovej príde k vražde. Z navonok nevinného žartíka sa nakoniec vykľuje hrôzostrašná skutočnosť.Svedkov smrti mladého muža je viac ako dosť, vo vzduchu však visí otázka. Bola to vražda, alebo nešťastná náhoda? Aj inšpektor Craddock je bezradný.Mozaiku záhadného prípadu môže zložiť iba slečna Marplová so svojím skvelým postrehom. Musí sa však poponáhľať, lebo vrah bez milosti odstraňuje tých, čo vedia priveľa.</description>
		</book>
	</catalog>
	<!-- list of orders -->
	<orders>
		<order orderid="id_1" state="pending">
			<customer>
				<name titul="None" sex="M">Janko Mrkvička</name>
				<address>
					<street>Záhradnícka</street>
					<street_number>123</street_number>
					<city>Konopná</city>
					<zip_code>987 65</zip_code>
					<state/>
					<country>Slovenská Republika</country>
				</address>
			</customer>
			<date>13-03-2011</date>
			<shopping_cart>
				<item bisbn="i9788073461249" />
				<item bisbn="i9788024736754"/>
				<item bisbn="i9788024736754"/>
			</shopping_cart>
		</order>
		<order orderid="id_2" state="pending">
			<customer>
				<name titul="Doc." sex="F">Sonička Učená</name>
				<address>
					<city>Východná</city>
					<zip_code>123 45</zip_code>
					<country>Slovenská Republika</country>
				</address>
			</customer>
			<date>11-01-2011</date>
			<shopping_cart>
				<item bisbn="i9780340896969"/>
				<item bisbn="i9788080856816"/>
				<item bisbn="i9788024736754"/>
			</shopping_cart>
		</order>
		<order orderid="id_3" state="completed">
			<customer>
				<name titul="None" sex="M">Adam Šangala</name>
				<address>
					<street>Písmenková</street>
					<street_number>5</street_number>
					<city>Piešťany</city>
					<zip_code>921 01</zip_code>
					<state/>
					<country>Slovenská Republika</country>
				</address>
			</customer>
			<date>23-07-2010</date>
			<shopping_cart>
				<item bisbn="i9788055123622"/>
				<item bisbn="i9780340896969"/>
				<item bisbn="i9788020611833"/>
			</shopping_cart>
		</order>
	</orders>
	<pending_orders />
	<big_orders />
	<info>
		<data>Súbor vytvorený 14-03-2011 &#169; Tomáš Dzurenko</data>
		<mailto>tomas.dzurenko@gmail.com</mailto>
	</info>
</bookstore>