<?xml version="1.0" encoding="UTF-8" standalone="no"?>
<!DOCTYPE obchod SYSTEM "data.dtd">
<obchod nazev="Internetové knihkupectví Koniáš"
	xmlns:xsi="http://www.w3.org/2001/XMLSchema-instance" 
	xsi:noNamespaceSchemaLocation="data.xsd"
	>
  <katalog>
    <sekce nazev="vse">
      <sekce nazev="beletrie">
        <sekce nazev="fantasy"></sekce>
        <sekce nazev="sci-fi"></sekce>
        <sekce nazev="spolecensky roman"></sekce>
      </sekce>
      <sekce nazev="naucne">
        <sekce nazev="ucebnice">
          <sekce nazev="psychologie"></sekce>
        </sekce>
      </sekce>
      <sekce nazev="literatura faktu">
        <sekce nazev="zivotopis"></sekce>
      </sekce>
    </sekce>
    <kniha id="prod001" isbn="978-80-00-02122-5">
      <nazev>Harry Potter a relikvie smrti</nazev>
      <autor>Joanne K. Rowlingová</autor>
      <zanr>fantasy</zanr>
      <doporucenaCena>549</doporucenaCena>
      <cena>467</cena>
      <dostupnost>skladem</dostupnost>
      <skladem>999</skladem>
      <popis>
        <p>
          Potterovská fantasy-sága se uzavírá, sedmým dílem nelítostný zápas
          dobra se zlem vrcholí.
        </p>
        <p>
          Věrní fanouškové si vychutnají
          kromě dobrodružství i „odtajnění“ dosud nevyjasněných záhad a dostanou
          odpověď na četné nezodpovězené otázky.
        </p>
      </popis>
      <uzivatelskeHodnoceni>
        <hodnoceni autor="zak001" spokojenost="7">
          <p>Diky bohu, ze uz je konec!</p>
        </hodnoceni>
      </uzivatelskeHodnoceni>
      <!-- recenze zadavat jako html odkazy -->
      <externiRecenze>
        <recenze>&recenzeKnihy;harry-poter-a-relikvie-smrti</recenze>
        <recenze>&recenzeFantasy;harry-poter-a-relikvie-smrti</recenze>
      </externiRecenze>
    </kniha>
    <kniha id="prod002" isbn="978-80-7203-942-5">
      <nazev>Magie a manipulace mysli</nazev>
      <autor>Derren Brown</autor>
      <zanr>psychologie</zanr>
      <tagy>magie psychologie parapsychologie manipulace ovládání hypnóza</tagy>
      <doporucenaCena>359</doporucenaCena>
      <cena>305</cena>
      <dostupnost>skladem</dostupnost>
      <skladem>3</skladem>
      <popis>
        <p>
          Derren Brown v knize popisuje metody manipulace mysli, napovídá,
          jak se naučit „číst“ chování lidí, důkladně probírá umění hypnózy,
          vysvětluje alternativní medicínu jako placebo efekt a věnuje se také
          zábavnímu průmyslu kolem magie.
        </p>
      </popis>
      <!-- recenze zadavat jako html odkazy -->
      <externiRecenze>
        <recenze>http://hloupy.blog.cz/manipuluji-vasi-mysli.php</recenze>
      </externiRecenze>
    </kniha>
    <kniha id="prod003" isbn="978-80-7203-963-0">
      <nazev>Jantarové kukátko</nazev>
      <autor>Philip Pullman</autor>
      <zanr>fantasy</zanr>
      <doporucenaCena>298</doporucenaCena>
      <cena>305</cena>
      <dostupnost>skladem</dostupnost>
      <skladem>253</skladem>
      <popis>
        <div>
          <div>
            <p>
              Ve třetím dílu fantasy trilogie musí Will nejprve najít Lyru,
              kterou její matka, krásná paní Coulterová, drží omámenou v odlehlé
              jeskyni. Jejich společná cesta je pak vede do říše mrtvých,
              kde se oba setkávají se svými blízkými. Bitva na nebesích vrcholí a
              Lyra bezděky naplňuje úlohu, k níž byla předurčena. Pak ale ji i
              Willa čeká nejtěžší rozhodnutí ze všech.
            </p>
          </div>
          <div>

            <p>
              <!--&souvisejici;-->

              <knihaRef kniha="prod005" >Úvodní díl trilogie - Zlatý kompas</knihaRef>
              <knihaRef kniha="prod004" >Druhý díl trilogie - Jedinečný nůž</knihaRef>
            </p>
          </div>
        </div>
      </popis>
      <!-- recenze zadavat jako html odkazy -->
      <externiRecenze>
        <recenze>&recenzeKnihy;jantarove-kukatko</recenze>
        <recenze>&recenzeFantasy;jantarove-kukatko</recenze>
      </externiRecenze>
    </kniha>
    <kniha id="prod004" isbn="978-80-7203-887-9">
      <nazev>Jedinečný nůž</nazev>
      <autor>Philip Pullman</autor>
      <zanr>fantasy</zanr>
      <doporucenaCena>279</doporucenaCena>
      <cena>237</cena>
      <dostupnost>skladem</dostupnost>
      <skladem>102</skladem>
      <popis>
        <div>
          <div>
            <p>
              V tomto pokračování Will, dvanáctiletý chlapec, který nešťastnou
              náhodou zabil muže, jenž se mu vloupal do domu, prochází tajným oknem
              do paralelního světa, kde se setkává s dívenkou Lyrou, známou již z
              <knihaRef kniha="prod005">prvního dílu</knihaRef>.
              Společně musí svést bitvu proti bytostem, které hodlají
              zaběhlý pořádek paralelních světů zničit.
            </p>
          </div>
        </div>
        <div>
          <p>
            <!--&souvisejici;-->
            <knihaRef kniha="prod005" >Úvodní díl trilogie - Zlatý kompas</knihaRef>
            <knihaRef kniha="prod003" >Třetí díl trilogie - Jantarové kukátko</knihaRef>
          </p>
        </div>
      </popis>
    </kniha>
    <kniha id="prod005" isbn="978-80-7203-989-0">
      <nazev>Zlatý kompas</nazev>
      <autor>Philip Pullman</autor>
      <zanr>fantasy</zanr>
      <doporucenaCena>279</doporucenaCena>
      <cena>237</cena>
      <dostupnost>skladem</dostupnost>
      <skladem>102</skladem>
      <popis>
        <p>
          První díl rozsáhlé románové fantasy trilogie. V paralelním světě podobném
          tomu našemu žije dvanáctiletá Lyra. V jejím světě má každý člověk daemona,
          který ho provází po celý život a je jakýmsi vnějším zpodobněním jeho povahy,
          a žijí tu i jiné podivuhodné bytosti, například mluvící medvědí kyrysníci
          nebo půvabné divoženky létající na borových větvích.
        </p>
        <p>
          Lyra s jejich pomocí
          putuje daleko na sever, aby zachránila svého kamaráda Rogera a další děti,
          které unesli obávaní Vrahouni. Na cestě ji provází aletheometr, přístroj
          podobný zlatému kompasu, který tomu, kdo s ním umí zacházet, odpoví na
          každou otázku.
        </p>
        <p>
          <!--&souvisejici;-->
          <knihaRef kniha="prod004" >Druhý díl trilogie - Jedinečný nůž</knihaRef>
          <knihaRef kniha="prod003" >Třetí díl trilogie - Jantarové kukátko</knihaRef>
        </p>
      </popis>
      <!-- recenze zadavat jako html odkazy -->
      <externiRecenze>
        <recenze>&recenzeKnihy;zlaty-kompas</recenze>
        <recenze>&recenzeFantasy;zlaty-kompas</recenze>
      </externiRecenze>
    </kniha>
  </katalog>
  <zakaznici>
    <!-- typ zakaznika - fyzicka/pravnicka osoba, nepovinne ico, dic -->
    <!-- zakaznici s atributem vip="ano" maji urcite vyhody, napr. neplati postovne a balne -->
    <zakaznik id="zak001">
      <kontakt>
        <jmeno>Petr</jmeno>
        <prijmeni>Vopicka</prijmeni>
        <adresa>
          <mesto>Praha</mesto>
          <ulice>Milady Horakové</ulice>
          <cp>54/2043</cp>
          <psc>120 00</psc>
          <?php lookup_in_map(Milady Horákové, 54/2043, Praha); ?>
        </adresa>
        <email></email>
        <telefon></telefon>
        <fax></fax>
      </kontakt>
      <objednavky>
        <!-- stavy prijata/zaplacena/expedovana/pripravena k odberu/vyzvednuta-->
        <objednavka id="obj001" stav="prijata" datum="2008-04-03">
          <polozky>
            <polozka produkt="prod001" kusu="1" />
          </polozky>
          <celkovaCena>467</celkovaCena>
          <platba zpusob="dobirka" prirazka="0" />
          <doruceni zpusob="posta" prirazka="0" />
        </objednavka>
      </objednavky>
    </zakaznik>
    <zakaznik id="zak002" vip="ano">
      <kontakt>
        <subjekt>
          <nazev>Malé rodinné knihkupectví</nazev>
          <ic>CZ123424</ic>
          <dic>54321324</dic>
        </subjekt>
        <adresa>
          <mesto>Jičín</mesto>
          <ulice>Denisova</ulice>
          <cp>234</cp>
          <psc>50601</psc>
          <?php lookup_in_map(Denisova 234, Jičín); ?>
        </adresa>
        <email></email>
        <telefon></telefon>
        <fax></fax>
      </kontakt>
      <objednavky>
        <!-- stavy prijata|zaplacena|expedovana|pripravena-k-odberu|vyzvednuta-->
        <objednavka id="obj002" stav="expedovana" datum="2008-01-01">
          <polozky>
            <polozka produkt="prod001" kusu="10" />
            <polozka produkt="prod002" kusu="5" />
            <polozka produkt="prod003" kusu="1" />
          </polozky>
          <celkovaCena>6465</celkovaCena>
          <platba zpusob="prevodem" prirazka="0" />
          <doruceni zpusob="dodavkova-sluzba" prirazka="0"/>
        </objednavka>
        <objednavka id="obj003" stav="zaplacena" datum="2008-01-03">
          <polozky>
            <polozka produkt="prod001" kusu="10" />
          </polozky>
          <celkovaCena>6159</celkovaCena>
          <platba zpusob="prevodem" prirazka="0"></platba>
          <doruceni zpusob="dodavkova-sluzba" prirazka="0" />
        </objednavka>
      </objednavky>
    </zakaznik>
  </zakaznici>
  <administrativa>
    <mail>
      <hlavicka><![CDATA[<p>Dobrý den,</p>]]></hlavicka>
      <paticka>
        <![CDATA[
<p>Za knihkupectví <a href="http://www.konias.cz>Koniáš</a><br />
José Chroustal. (<a href="mailto:generalni.reditel@konias.cz">generalni.rediel@konias.cz</a>)<br />
</p>]]>
      </paticka>
      <sablony>
        <p id="obsahObjednavky">
          Vaše objednávka obsahuje následující položky:
        </p>
      </sablony>
      <separator>
        <hr />
      </separator>
    </mail>
  </administrativa>
  <posledninepovinneprazdny/>
  <poslednipovinneprazdny>d</poslednipovinneprazdny>
</obchod>

