﻿<?xml version="1.0" encoding="UTF-8"?>
<!DOCTYPE seznam PUBLIC "evidence" "data.dtd">
<!-- XML,DTD DU1 -->
<seznam>
    <autori>
        <autor role="reziser" ida="A7854">
            <prijmeni>Cameron</prijmeni>
            <jmeno>James</jmeno>          
            <rocnik>1954</rocnik>
            <narodnost>&CAN;</narodnost>
            <kontakt>
                <web>http://www.cameron.com</web>
                <telefon>654785213</telefon>
                <telefon>964785136</telefon>        
                <bydliste>
                    <ulice>Seaton St
                        <cp>97</cp>
                    </ulice>
                    <mesto>Toronto
                        <psc>85496</psc>
                    </mesto>
                    <stat>Kanada</stat>
                </bydliste>
            </kontakt>
        </autor>
        <autor role="interpret" ida="A1254">
            <prijmeni>Lambert</prijmeni>
            <jmeno>Adam</jmeno>           
            <rocnik>1982</rocnik>
            <narodnost>&USA;</narodnost>
            <kontakt>
                <web>http://www.lambert.com</web>
                <email>lam@google.com</email>
                <telefon>321467854</telefon>               
                <bydliste>
                    <ulice>English Ave
                        <cp>578</cp>
                    </ulice>
                    <mesto>Indianapolis
                        <psc>67834</psc>
                    </mesto>
                    <stat>Indiana</stat>
                </bydliste>
            </kontakt>
            <zanry>Rock,Glam rock,Pop</zanry>
            <nastroje>Zpev</nastroje>
            <prvni_album><![CDATA[Take One]]>
            </prvni_album>
            <oceneni>American Idol</oceneni>
            <poznamka>V roce 2010 byl nominován na cenu Grammy Award v kategorii Best Male Pop Vocal Performance za píseň Whataya Want From Me. Dnes je: <?php echo Date("d.m.Y")?> 
            </poznamka>
        </autor>
        <autor role="interpret" ida="A9846">
            <prijmeni>Hudson</prijmeni>
            <jmeno>Jennifer</jmeno>          
            <rocnik>1981</rocnik>
            <narodnost>&USA;</narodnost>
            <kontakt>
                <web>http://www.hudson.com</web>
                <email>jennifer@hudson.com</email>
                <telefon>764752136</telefon>
                <telefon>987415463</telefon>               
                <bydliste>
                    <ulice>Monroe
                        <cp>648</cp>
                    </ulice>
                    <mesto>Chicago
                        <psc>98547</psc>
                    </mesto>
                    <stat>Illinois</stat>
                </bydliste>
            </kontakt>
        </autor>
    </autori>
    <media>
        <medium zanr="hudebni" idm="M127">
            <nazev>For Your Entertainment</nazev>
            <nosic>CD</nosic>         
            <vydano>2007</vydano>
        </medium>
        <medium zanr="hudebni" idm="M452">
            <nazev>Beg For Mercy</nazev>
            <nosic>CD</nosic>        
            <vydano>2004</vydano>
        </medium>
        <medium zanr="filmovy" idm="M658" reziser="A7854">
            <nazev>Avatar</nazev>
            <nosic>DVD</nosic>     
            <vydano>2009</vydano>
            <delka jednotka="min">187</delka>
        </medium>
        <medium zanr="hudebni" idm="M644">
            <nazev>Glam Nation Live</nazev>
            <nosic>CD</nosic>       
            <vydano>2002</vydano>
        </medium>
        <medium zanr="filmovy" idm="M547" reziser="A7854">
            <nazev>Spiderman</nazev>
            <nosic>CD</nosic>          
            <vydano>2006</vydano>
            <delka jednotka="min">131</delka>
        </medium>
    </media>
  
    <songs>
        <song album="M644" interpret="A1254">
            <nazev>If I Can't Have You</nazev>
            <vydano>2001</vydano>
            <delka jednotka="sec">314</delka>
        </song>
        <song album="M644" interpret="A1254">
            <nazev>Play That Funky Music</nazev>
            <vydano>2004</vydano>
            <delka jednotka="sec">234</delka>          
        </song>
        <song album="M644" interpret="A1254">
            <nazev>Born To Be Wild</nazev>
            <vydano>2008</vydano>
            <delka jednotka="sec">367</delka>          
            <soubor umisteni="songs/Born-To-Be-Wild"/>
        </song>
        <song album="M452" interpret="A9846">
            <nazev>What's Up</nazev>
            <vydano>2003</vydano>
            <delka jednotka="sec">204</delka>           
        </song>
        <song album="M452" interpret="A9846">
            <nazev>Rock With You</nazev>
            <vydano>2011</vydano>
            <delka jednotka="sec">236</delka>          
        </song>
    </songs>
</seznam>