<?xml version="1.0" encoding="UTF-8"?>
<guitarShop xmlns:xsi="http://www.w3.org/2001/XMLSchema-instance" xsi:noNamespaceSchemaLocation="data.xsd">
	<majitel IC="0345345339" DIC="CZ0345346369" stav="staly">
		<jmeno>Tomas Nepotrebko</jmeno>
		<nazevFirmy/>
		<datumRegistrace>2008-03-15</datumRegistrace>
	</majitel>
	<!-- popis kytar -->
	<kytary>
		<noveKytary>
			<electroKytary>
				<kytara model="GIBSON Flying V" Kod="HN107655">
					<jeLevoruka/>
					<jeSkladem/>
					<forma>Flying V</forma>
					<barva>Ebony</barva>
					<material>palisandr</material>
					<pocetStrun>6</pocetStrun>
					<cenaVKc>
						<value>23 241</value>
						<znMeny>CZK</znMeny>
					</cenaVKc>
					<cenaVEuro>
						<value>957</value>
						<znMeny>EUR</znMeny>
					</cenaVEuro>
					<hodnoceniUzivatelemi>2</hodnoceniUzivatelemi>
				</kytara>
				<kytara model="GIBSON Flying V" Kod="HN107654">
					<jeSkladem/>
					<forma>Flying V</forma>
					<barva>White</barva>
					<material>eben</material>
					<pocetStrun>6</pocetStrun>
					<cenaVKc>
						<value>23 241</value>
						<znMeny>CZK</znMeny>
					</cenaVKc>
					<cenaVEuro>
						<value>957</value>
						<znMeny>EUR</znMeny>
					</cenaVEuro>
					<hodnoceniUzivatelemi>2</hodnoceniUzivatelemi>
				</kytara>
				<kytara model="FENDER American Standard" Kod="HN098130">
					<forma>Stratocaster</forma>
					<barva>Sunburst</barva>
					<material>palisandr</material>
					<pocetStrun>7</pocetStrun>
					<cenaVKc>
						<value>50 980</value>
						<znMeny>CZK</znMeny>
					</cenaVKc>
					<cenaVEuro>
						<value>2001</value>
						<znMeny>EUR</znMeny>
					</cenaVEuro>
					<hodnoceniUzivatelemi>1</hodnoceniUzivatelemi>
				</kytara>
			</electroKytary>
			<bassKytary>
				<kytara model="CORT Action Bass LH" Kod="HN111016">
					<jeSkladem/>
					<forma>Walnut Satin</forma>
					<barva>White</barva>
					<material>palisandr</material>
					<pocetStrun>4</pocetStrun>
					<cenaVKc>
						<value>4 000</value>
						<znMeny>CZK</znMeny>
					</cenaVKc>
					<cenaVEuro>
						<value>153</value>
						<znMeny>EUR</znMeny>
					</cenaVEuro>
					<hodnoceniUzivatelemi>3</hodnoceniUzivatelemi>
				</kytara>
			</bassKytary>
			<ukulele>
				<kytara model="MexicNew" Kod="HN107354">
					<jeSkladem/>
					<barva>White</barva>
					<material>Wood</material>
					<pocetStrun>4</pocetStrun>
					<cenaVKc>
						<value>589</value>
						<znMeny>CZK</znMeny>
					</cenaVKc>
					<cenaVEuro>
						<value>21</value>
						<znMeny>EUR</znMeny>
					</cenaVEuro>
				</kytara>
			</ukulele>
		</noveKytary>
		<pouziteKytary>
			<electroKytary>
				<kytara model="GIBSON Flying V" Kod="HN107658">
					<jeSkladem/>
					<forma>Flying V</forma>
					<barva>White</barva>
					<material>eben</material>
					<pocetStrun>6</pocetStrun>
					<cenaVKc>
						<value>10 000</value>
						<znMeny>CZK</znMeny>
					</cenaVKc>
					<cenaVEuro>
						<value>500</value>
						<znMeny>EUR</znMeny>
					</cenaVEuro>
				</kytara>
			</electroKytary>
			<bassKytary>
				<kytara model="IBANEZ BTB 305FM" Kod="HN107456">
					<jeSkladem/>
					<forma>BTB</forma>
					<barva>Black</barva>
					<material>eben</material>
					<pocetStrun>4</pocetStrun>
					<cenaVKc>
						<value>56 235</value>
						<znMeny>CZK</znMeny>
					</cenaVKc>
					<cenaVEuro>
						<value>2015</value>
						<znMeny>EUR</znMeny>
					</cenaVEuro>
				</kytara>
				<kytara model="IBANEZ BTB 700DX" Kod="HN127654">
					<jeSkladem/>
					<forma>BTB</forma>
					<barva>Brown</barva>
					<material>eben</material>
					<pocetStrun>5</pocetStrun>
					<cenaVKc>
						<value>15 235</value>
						<znMeny>CZK</znMeny>
					</cenaVKc>
					<cenaVEuro>
						<value>726</value>
						<znMeny>EUR</znMeny>
					</cenaVEuro>
				</kytara>
			</bassKytary>
			<akustickeKytary>
				<kytara model="BLOND CLU-224" Kod="HN107973">
					<jeLevoruka/>
					<jeSkladem/>
					<forma>Standart</forma>
					<barva>Brown</barva>
					<material>palisandr</material>
					<pocetStrun>6</pocetStrun>
					<cenaVKc>
						<value>1 358</value>
						<znMeny>CZK</znMeny>
					</cenaVKc>
					<cenaVEuro>
						<value>48</value>
						<znMeny>EUR</znMeny>
					</cenaVEuro>
				</kytara>
			</akustickeKytary>
		</pouziteKytary>
	</kytary>
	<upozorneni  ID="HN107654">
		Kytary jsou ted' na ceste z Norska, proto muzete je koupit minimalne prez dva dny.
	</upozorneni>
</guitarShop>
