<?xml version="1.0" encoding="UTF-8"?>
<E-shop xmlns:xsi="http://www.w3.org/2001/XMLSchema-instance" xsi:noNamespaceSchemaLocation="data.xsd">
	<!-- Model e-shop -->
	<!-- office-->
	<Office>
		<Name>Rising star</Name>
		<Address>
			<street>Jenstejnska</street>
			<city>Prague</city>
			<postcode>120 00</postcode>
		</Address>
		<Email>office@risingStar.com</Email>
		<!-- department -->
		<Department name="Administration">
			<Person sex="Male">
				<Name>Petr Novak</Name>
				<Title>Office Manager</Title>
				<Email>novakp@risingStar.com</Email>
				<Address>
					<street>9 Chodov Center</street>
					<city>Prague</city>
					<postcode>140 00</postcode>
				</Address>
			</Person>
			<Person sex="Male">
				<Name>David Sved</Name>
				<Title>Accounts Receivable</Title>
				<Email>svedd@risingStar.com</Email>
			</Person>
			<Person sex="Female">
				<Name>Linda Serakova</Name>
				<Title>Accounting Manager</Title>
				<Email>serak@risingStar.com</Email>
			</Person>
		</Department>
		<Department name="Marketing">
			<Person sex="Female">
				<Name>Marina Salakova</Name>
				<Title>Marketing Manager </Title>
				<Email>salak@nanonull.com</Email>
				<Address>
					<street>Karlovo namesti</street>
					<city>Prague</city>
					<postcode>120 00</postcode>
				</Address>
			</Person>
			<Person sex="Male">
				<Name>Martin Pokorny</Name>
				<Title>Art Director</Title>
				<Email>pokorny@nanonull.com</Email>
			</Person>
		</Department>
		<Department name="Technical Support">
			<Person sex="Male">
				<Name>Alex Fisher</Name>
				<Title>IT Manager</Title>
				<Email>fisher@nanonull.com</Email>
			</Person>
			<Person sex="Female">
				<Name>Lenka Androva</Name>
				<Title>Web Developer</Title>
				<Email>androva@nanonull.com</Email>
			</Person>
		</Department>
	</Office>
	<!-- Vyrobky-->
	<Products>
		<!-- kategorie -->
		<Category name="Books">
			<product id="b01" format="book">
				<author>Jack Herrington</author>
				<title>PHP Hacks</title>
				<publisher>O'Reilly</publisher>
				<price>3</price>
				<quantity>12</quantity>
				<popis >good book</popis>
			</product>
			<product id="b02" format="book">
				<author>Jack Herrington</author>
				<title>Podcasting Hacks</title>
				<publisher>O'Reilly</publisher>
				<price>3</price>
				<quantity>20</quantity>
			</product>
			<product id="b03" format="book">
				<author>Cicely Mary Barker</author>
				<title>How to find flower fairies</title>
				<publisher>O'Reilly</publisher>
				<price>2</price>
				<quantity>11</quantity>
			</product>
			<product id="b04" format="book">
				<author>Cicely Mary Barker</author>
				<title>Secret garden</title>
				<publisher>O'Reilly</publisher>
				<price>4</price>
				<quantity>11</quantity>
			</product>
			<product id="b05">
				<author>James Howard</author>
				<title>Granphic book design</title>
				<publisher>Kingsley</publisher>
				<price>2</price>
				<quantity>3</quantity>
			</product>
			<product id="b06" format="book">
				<author>James Mathew Barrie</author>
				<title>Peter Pan</title>
				<publisher>Kingsley</publisher>
				<price>3</price>
				<quantity>15</quantity>
			</product>
			<product id="b07" format="book">
				<author>Myrea Pettit</author>
				<title>Art book </title>
				<publisher>Kingsley</publisher>
				<price>4</price>
				<quantity>15</quantity>
			</product>
			<product id="b08" format="book">
				<author>David Delamare</author>
				<title>Like a dream</title>
				<publisher>Kingsley</publisher>
				<price>5</price>
				<quantity>7</quantity>
			</product>
			<product id="b09" format="book">
				<author>James Browns</author>
				<title>Beautiful soul</title>
				<publisher>Kingsley</publisher>
				<price>7</price>
				<quantity>27</quantity>
			</product>
			<product id="b10" format="book">
				<author>Nicholas Kassem</author>
				<title>Designing enterprise</title>
				<publisher>Kingsley</publisher>
				<price>4</price>
				<quantity>7</quantity>
			</product>
		</Category>
		<Category name="music">
			<product id="m01" format="CD">
				<author>Richard Clayderman</author>
				<title>Relax vol.1</title>
				<price>2</price>
				<quantity>7</quantity>
			</product>
			<product id="m02" format="CD">
				<author>Richard Clayderman</author>
				<title>Relax vol.2</title>
				<price>2</price>
				<quantity>5</quantity>
			</product>
			<product id="m03">
				<author>Richard Clayderman</author>
				<title>Relax vol.3</title>
				<price>2</price>
				<quantity>3</quantity>
			</product>
		</Category>
		<Category name="Games">
			<product id="g01" format="DVD">
				<author>SE</author>
				<title>Final fantasy X</title>
				<price>5</price>
				<quantity>7</quantity>
			</product>
			<product id="g02" format="DVD">
				<author>SE</author>
				<title>Final fantasy XII</title>
				<price>5</price>
				<quantity>8</quantity>
			</product>
		</Category>
		<Category name="Film">
			<product id="mo01" format="DVD">
				<title>Harry Potter I</title>
				<country>USA</country>
				<price>5</price>
				<quantity>8</quantity>
			</product>
		</Category>
		<Category name="Software"/>
	</Products>
	<!-- Objednavky -->
	<Orders>
		<order ido="o1">
			<shipTo>
				<Name>Helen Zoe</Name>
				<Address>
					<street>47 Eden Street</street>
					<city>Cambridge</city>
					<postcode>126</postcode>
				</Address>
			</shipTo>
			<billTo>
				<Name>Robert Smith</Name>
				<Address>
					<street>8 Oak Avenue</street>
					<city>Old Town</city>
					<postcode>126</postcode>
				</Address>
			</billTo>
			<Items>
				<item idref="m01" name="Relax vol.1" price="2" quantity="1"/>
				<item idref="m02" name="Relax vol.2" price="2" quantity="1"/>
				<item idref="b01" name="PHP Hacks" price="3" quantity="1"/>
				<item idref="g01" name="Final fantasy X" price="5" quantity="1"/>
				<item idref="g02" name="Final fantasy XII" price="5" quantity="1"/>
				<item idref="mo01" name="Harry Potter I" price="4" quantity="1"/>
			</Items>
			<totalCost> 21</totalCost>
			<shipDate>2012-02-14</shipDate>
		</order>
		<order ido="o2">
			<shipTo>
				<Name>Alena Petrackova</Name>
				<Address>
					<street>47 Nalysine</street>
					<city>Prague 4</city>
					<postcode>140 00</postcode>
				</Address>
			</shipTo>
			<billTo>
				<Name>Alena Petrackova</Name>
				<Address>
					<street>47 Nalysine</street>
					<city>Prague 4</city>
					<postcode>140 00</postcode>
				</Address>
			</billTo>
			<Items>
				<item idref="m02" name="Relax vol.2" price="2" quantity="1"/>
				<item idref="b01" name="PHP Hacks" price="3" quantity="1"/>
				<item idref="mo01" name="Harry Potter I" price="4" quantity="1"/>
			</Items>
			<totalCost> 21</totalCost>
			<shipDate>2012-02-14</shipDate>
		</order>
	</Orders>
</E-shop>
