<?xml version="1.0" encoding="UTF-8"?>
<knihovna
          xmlns:xsi="http://www.w3.org/2001/XMLSchema-instance"
          xsi:noNamespaceSchemaLocation="data.xsd">
 <knihy>
  <kniha id="kn-jr">
   <rok>1980</rok>
   <autor>Umberto Eco</autor>
   <nazev>Jmeno ruze</nazev>
   <komentar autor="Anton Ego">
    Kdokoliv, kdo to necetl, je idiot, a zaslouzi toliko pohrdani.
   </komentar>
  </kniha>
  <kniha id="kn-bau">
   <rok>2000</rok>
   <autor>Umberto Eco</autor>
   <nazev>Baudolino</nazev>
  </kniha>
 </knihy>
 <exemplare>
  <exemplar kniha="kn-jr" status="vypujcene">
   <rok>2006</rok>
   <ziskan>2008-10-23</ziskan>
  </exemplar>
 </exemplare>
</knihovna>
