<?xml version="1.0" encoding="UTF-8" standalone="no"?><obchod>
	<zbozi>
		<ovoce>
			<druh value="citron">
				<jakost value="1"/>
				<barva>zluta</barva>
				<cena value="200"/>
				<trvanlivost>
					<rok>2020</rok>
					<mesic>12</mesic>
					<den>24</den>
				</trvanlivost>
			</druh>
			<druh value="limetka">
				<jakost value="3"/>
				<barva>zelena</barva>
				<cena value="30"/>
				<trvanlivost>
					<rok>2014</rok>
					<mesic>4</mesic>
					<den>22</den>
				</trvanlivost>
			</druh>
			<druh value="pomeranc">
				<jakost value="2"/>
				<barva>oranzova</barva>
				<cena value="20"/>
				<trvanlivost>
					<rok>2014</rok>
					<mesic>5</mesic>
					<den>13</den>
				</trvanlivost>
			</druh>
			<druh value="banan">
				<jakost value="1"/>
				<barva>zluta</barva>
				<cena value="17"/>
				<trvanlivost>
					<rok>2014</rok>
					<mesic>4</mesic>
					<den>23</den>
				</trvanlivost>
			</druh>
			<druh value="hruska">
				<jakost value="2"/>
				<barva>zluta</barva>
				<cena value="24"/>
				<trvanlivost>
					<rok>2014</rok>
					<mesic>6</mesic>
					<den>11</den>
				</trvanlivost>
			</druh>
			
			<druh value="hroznove vino">
				<jakost value="1"/>
				<barva>zelena</barva>
				<cena value="40"/>
				<trvanlivost>
					<rok>2014</rok>
					<mesic>4</mesic>
					<den>25</den>
				</trvanlivost>
			</druh>
			<druh value="boruvka">
				<jakost value="2"/>
				<barva>modra</barva>
				<cena value="35"/>
				<trvanlivost>
					<rok>2014</rok>
					<mesic>4</mesic>
					<den>12</den>
				</trvanlivost>
			</druh>
			
			<druh value="kiwi">
				<jakost value="3"/>
				<barva>zelena</barva>
				<cena value="32"/>
				<trvanlivost>
					<rok>2014</rok>
					<mesic>4</mesic>
					<den>15</den>
				</trvanlivost>
			</druh>
		<druh value="jahoda"><jakost value="1"/><barva>cervena</barva><cena value="42"/><trvanlivost><rok>2014</rok><mesic>6</mesic><den>8</den></trvanlivost></druh></ovoce>
		<zelenina>
			<druh value="redkvicka">
				<jakost value="1"/>
				<barva>cervena</barva>
				<cena value="10"/>
				<trvanlivost>
					<rok>2014</rok>
					<mesic>3</mesic>
					<den>28</den>
				</trvanlivost>
			</druh>
		</zelenina>
		<uzeniny>
			<druh value="Videnske parky">
				<jakost value="1"/>
				<barva>hneda</barva>
				<cena value="150"/>
				<trvanlivost>
					<rok>2015</rok>
					<mesic>1</mesic>
					<den>1</den>
				</trvanlivost>
			</druh>
		</uzeniny>
		<syry>
			<druh value="eidam">
				<jakost value="2"/>
				<barva>zluta</barva>
				<cena value="160"/>
				<trvanlivost>
					<rok>2014</rok>
					<mesic>4</mesic>
					<den>6</den>
				</trvanlivost>
			</druh>
		</syry>
	</zbozi>
	<zamestnanci>
		<zamestnanec ID="_001">
			<jmeno>Zacharias</jmeno>
			<prijmeni>Hruska</prijmeni>
			<datumnarozeni den="13" mesic="9" rok="2010"/>
			<bydliste>
				<ulice>Limetkova</ulice>
				<cislo>284</cislo>
				<mesto>Hrdejovice</mesto>
				<PSC>373 61</PSC>
			</bydliste>
			<telefon>720 682 632</telefon>
			<telefon>387 220 123 </telefon>
			<mail>zacharijas@imejl.cz</mail>
			<mail>zach@zach.ru</mail>
			<mzda>0</mzda>
			<pozice>superboss</pozice>
		</zamestnanec>
		<zamestnanec ID="_999" nadrizeny="_001">
			<jmeno>Evzenie</jmeno>
			<prijmeni>Svestkova</prijmeni>
			<datumnarozeni den="6" mesic="7" rok="2011"/>
			<bydliste>
				<ulice>Pomelova</ulice>
				<cislo>20</cislo>
				<mesto>Praha</mesto>
				<PSC>140 00</PSC>
			</bydliste>
			<mzda>5</mzda>
			<pozice>uklizecka na toaletach</pozice>
		</zamestnanec>
	</zamestnanci>
	<mottoprodejny>
		<![CDATA[
			<< Mame radi citrony >>
		]]>
	</mottoprodejny>
	<casposledniupravy><?php echo Date("d.m.Y") ?></casposledniupravy>
</obchod>