<?xml version="1.0" encoding="UTF-8" standalone="no" ?>
<?myparser dtd-required="yes" ?>
<!DOCTYPE eshop SYSTEM 'data.dtd'>
<!-- AUTOR: Miloslav Mrvík <mrvikmil@fel.cvut.cz> -->
<!--
    Modeluji eshop
-->
<eshop>
    <!-- Seznam produktů -->
    <products>
        <!-- Produkt -->
        <product id="product1" id_category="category2">
            <name>Triko</name><!-- Název produktu -->
            <price>100</price><!-- Cena produktu -->
            <description><!-- Popis produktu -->
                <short><![CDATA[Supermegaextra triko]]></short><!-- popis krátký -->
                <long><![CDATA[Supermegaextra triko se vzorem happykitty, které určitě potěší každého.]]></long><!-- popis dlouhý -->
            </description>
            <sizes><!-- Velikosti produktu -->
                <size>S</size><!-- Velikost S -->
                <size>M</size>
                <size>L</size>
            </sizes>
        </product>
        <product id="product2" id_category="category2">
            <name>Triko pro &slon;</name>
            <price>250</price>
            <description>
                <short><![CDATA[Triko, do kterého by se vešel i slon]]></short>
            </description>
            <sizes>
                <size>L</size>
                <size>XL</size>
                <size>XXL</size>
                <size>XXXL</size>
            </sizes>
        </product>
        <product id="product3" id_category="category3">
            <name>Kalhoty pro &slon;</name>
            <price>500</price>
            <description>
                <long><![CDATA[Kalhoty, do kterých by se vešel i slon]]></long>
            </description>
            <sizes>
                <size>L</size>
                <size>XL</size>
                <size>XXL</size>
                <size>XXXL</size>
            </sizes>
        </product>
        <product id="product4" id_category="category3">
            <name>Kalhoty pro všechny</name>
            <price>500</price>
            <description>
                <short><![CDATA[Kalhoty pro každého, nositelné kamkoliv]]></short>
                <long><![CDATA[Dříve se tomu říkalo elasťáky, ale dnes to nejsou obyčejné elasťáky, ale cool technologie, která umožní roztažení kalhot na požadovanou velikost.]]></long>
            </description>
            <sizes><!-- ano, je to kvůli fan-out -->
                <size>XXXS</size>
                <size>XXS</size>
                <size>XS</size>
                <size>S</size>
                <size>M</size>
                <size>L</size>
                <size>XL</size>
                <size>XXL</size>
                <size>XXXL</size>
                <size>XXXXL</size>
            </sizes>
        </product>
    </products>
    
    <!-- Seznam kategorií -->
    <categories>
        <category id="category1" name="Obleceni" />
        <category id="category2" id_parent="category1" name="Trika" />
        <category id="category3" id_parent="category1" name="Kalhoty" />
    </categories>
    
    <!-- Seznam objednávek -->
    <orders>
        <order id="order1" status="new"><!-- Objednávka -->
            <delivery>
                <service name="courier" />
                <address>
                    <name>Pepa Zdepa</name>
                    <street>Nábřeží 8</street>
                    <zip>11000</zip>
                </address>
            </delivery>
            <item id_product="product1" size="L" />
        </order>
        <order id="order2" status="done">
            <delivery>
                <service name="personal" />
                <address>
                    <name>Prokop Buben</name>
                    <street>Smyfonická 156</street>
                    <zip>18000</zip>
                </address>
            </delivery>
            <item id_product="product1" size="L" />
        </order>
        <order id="order3" status="canceled">
            <delivery>
                <service name="post" />
                <address>
                    <name>Tomáš Marný</name>
                    <street>Marná 66</street>
                    <zip>26801</zip>
                </address>
            </delivery>
            <item id_product="product2" size="L" />
            <item id_product="product3" size="L" />
        </order>
    </orders>
</eshop>
