<?xml version="1.0" encoding="utf-8"?>
<!-- <!DOCTYPE library SYSTEM "data.dtd">
<?php Date()?>
Toto je databaza knih vo formate XML -->
<library>
	<authors>
		<author aid="author1">
			<givenName>Terry</givenName>
			<lastName>Pratchett</lastName>
			<authorBooks>
				<bookId id="book1"/>
			</authorBooks>
			<dateBirth>28.4.1948</dateBirth>
			<dateDeath>-</dateDeath>
		</author>
		<author aid="author2">
			<givenName>John</givenName>
			<middleName>Ronald</middleName>
			<middleName>Reuel</middleName>
			<lastName>Tolkien</lastName>
			<authorBooks>
				<bookId id="book2"/>
			</authorBooks>
			<dateBirth>3.1.1892</dateBirth>
			<dateDeath>2.9.1973</dateDeath>
		</author>
	</authors>
	<books>
		<book ISBN="978-0061020711" author="author1" bid="book1" back="paper">
			<title>The Colour of Magic</title>
			<subtitle>Test</subtitle>
			<pages>210</pages>
			<yearPublication>2000</yearPublication>
			<publisher>HarperTorch</publisher>
			<synopsis>
        The main character is an incompetent and cynical wizard named <char id="character1">Rincewind</char>. He involuntarily becomes a guide to the rich but naive tourist from the Agatean Empire, <char id="character2">Twoflower</char>. Forced to flee the city of Ankh-Morpork to escape a terrible fire that was caused by a bartendor who misunderstood the concept of insurance, which Twoflower told him about, they begin on a journey across the Disc.

        Unknown to them, their journey is controlled by the Gods playing a board game. <char id="character1">Rincewind</char> and <char id="character2">Twoflower</char> are controlled by the Lady, and is pitted agaist the champions of Zephyrus, the god of slight breezes, Fate and Offler the Crocodile God, in the game supervised by Blind Io. The duo face a mountain troll and are separated. The ignorant Twoflower ends up being led to the Temple of Bel-Shamharoth, and Rincewind ends up in a tree-nymph inhabited tree. Rincewind manages to escape while the tree-nymphs try to kill him and is reunited with the tourist. Together with Hrun the Barbarian, they escape from the Temple of Bel-Shamharoth the Soul Eater, which collapses. Later, Hrun agrees to travel with and protect Twoflower and Rincewind in exchange for Heroic pictures of him from Twoflower's magical picture box.

        They visit Wyrmberg, an upside-down mountain which is home to dragons that only exist in the imagination. The names of the dragons' riders feature punctuation in the middle, making reference and parody of the Dragonriders of Pern series by Anne McCaffery. They nearly go over the waterfall on the edge of the Disc, only to be rescued and taken to the country of Krull, a city perched on the very edge of the Discworld inhabited by hydrophobic wizards. The Krullians wish to discover the gender of Great A'Tuin, the giant turtle which carries the Discworld through space, so they have built a space capsule to launch over the Edge. They intend on sacrificing Rincewind and Twoflower to get Fate to smile on the voyage. Instead, Rincewind, Twoflower and Tethis the water troll hijack the capsule in an attempt to escape and are launched off the Disc themselves.
      </synopsis>
			<characters>
				<character chid="character1">
					<name>Rincewind</name>
					<description>
            Rincewind has the ability to pick up the essentials of foreign languages quickly (the essentials being how to scream for help, or, in point of fact, how to scream - not as simple as it sounds owing to the existence of Discworld languages such as that in which "Aargh!" means "Quick! More boiling oil") and fluency only slightly less quickly, and appears to have the ability to blend in with any situation. During The Colour of Magic, when he was projected into a universe that may or may not have been our own, he assumed the role of a nuclear physicist. In keeping with his nature, the role was as a physicist who specialized in the 'breakaway oxidation phenomena' of certain reactors – or, to put another way, what happens when those reactors caught fire (Terry Pratchett served as the press officer for several nuclear power plants before he became a full-time writer). He has speculated on the nature of science, expressing in The Colour of Magic the hope that there was something "better than magic" in the world, and speculated on the possibility of harnessing lightning, for which he was mocked by "sensible" Discworld citizens. Rincewind is also fairly streetwise. He is often depicted as a harsh critic of the selected stupidities surrounding him, even though he can't help but comply with whatever absurdity that arises. For example, in the computer games starring him, he consistently spotted the ludicrous events around him and would then make jokes and puns to the unaware participants. He also seems to display, despite his apparent failure as a wizard, a fairly extensive magical knowledge, recognizing various spells, magical artifacts and concepts throughout his escapades.

            Some of Rincewind's talents once stemmed from a semi-sentient and highly destructive spell that had lodged itself inside his mind and scared off all other spells (mentioned in The Colour of Magic and The Light Fantastic; though it must be stated that even without the spell's interference he was still an extremely incompetent wizard). The spell occasionally tries to make itself heard whenever Rincewind is going through a stressful time; as he was falling to his near-death, he said the first seven out of eight words of the spell.

            His cowardice, facility with languages, and tendency to come out a hero despite himself suggest that his character is partially based on Harry Paget Flashman of the Flashman series of novels.[citation needed] In Sourcery and Unseen Academicals Rincewind claims that he never knew his mother as she ran away before he was born.
          </description>
				</character>
				<character chid="character2">
					<name>Twoflower</name>
					<description>Twoflower is a native of the Agatean Empire, on the Counterweight Continent, where he works as an "inn-sewer-ants" clerk, and is the first tourist ever on the Discworld. After his return, he wrote "What I did on My Holidays".</description>
				</character>
				<character chid="character3">
					<name>The Luggage</name>
					<description>The Luggage is a large chest that follows Rincewind literally wherever he goes- even onto Roundworld, which Rincewind only visited virtually. It is made of sapient pearwood (a magical, intelligent plant which is nearly extinct, impervious to magic, and only grows in a few places outside the Agatean Empire, generally on sites of very old magic). It can produce hundreds of little legs protruding from its underside and can move very fast if the need arises. It has been described as "half suitcase, half homicidal maniac"</description>
				</character>
			</characters>
		</book>
		<book ISBN="978-0007269709" author="author2" bid="book2" back="paper">
			<title>Lord of the Rings, The: The Fellowship of the Ring</title>
			<pages>576</pages>
			<yearPublication>2008</yearPublication>
			<publisher>HarperCollins</publisher>
			<synopsis>In ancient times the Rings of Power were crafted by the Elven-smiths, and Sauron, the Dark Lord, forged the One Ring, filling it with his own power so that he could rule all others. But the One Ring was taken from him, and though he sought it throughout Middle-earth, it remained lost to him. After many ages it fell into the hands of Bilbo Baggins, as told in THE HOBBIT. In a sleepy village in the Shire, young Frodo Baggins finds himself faced with an immense task, as his elderly cousin Bilbo entrusts the Ring to his care. Frodo must leave his home and make a perilous journey across Middle-earth to the Cracks of Doom, there to destroy the Ring and foil the Dark Lord in his evil purpose.</synopsis>
			<characters>
				<character chid="character4">
					<name>Frodo Baggins</name>
					<description>Frodo is introduced in The Fellowship of the Ring as the adoptive heir of Bilbo Baggins. In "A Long Expected Party" it is revealed that Frodo's parents Drogo Baggins and Primula Brandybuck had been killed in a boating accident when Frodo was 12; he subsequently spent the next 9 years living with his maternal family, the Brandybucks in Brandywine Hall. At the age of 21 he was adopted by his cousin, Bilbo, who brought him to live at Bag End. By coincidence he and Bilbo shared the same birthday, 22nd September. It was Bilbo who introduced the Elvish languages (Middle-earth) to Frodo, and they often shared long walking trips together.</description>
				</character>
			</characters>
		</book>
		<book ISBN="978-0060855888" bid="book3" author="author1" back="paper">
			<title>Light Fantastic</title>
			<pages>272</pages>
			<yearPublication>2005</yearPublication>
			<publisher>Harper Paperbacks</publisher>
			<synopsis/>
			<characters>
				<charref charid="character1"/>
				<charref charid="character2"/>
				<charref charid="character3"/>
			</characters>
		</book>
		<book ISBN="978-0060855901" bid="book4" author="author1" back="paper">
			<title>Equal Rites</title>
			<pages>240</pages>
			<yearPublication>2005</yearPublication>
			<publisher>Harper Paperbacks</publisher>
			<synopsis>In Equal Rites, a dying wizard tries to pass on his powers to an eighth son of an eighth son, who is just at that moment being born. The fact that the son is actually a daughter is discovered just a little too late...</synopsis>
			<characters>
				<character chid="character5">
					<name>Esmerelda "Esme" Weatherwax</name>
					<description>Granny Weatherwax, if she can help it, wears a plain black dress, a somewhat battered black cloak and a tall, pointed witch's hat, skewered to her 'iron-hard grey bun' hairstyle with multiple hatpins. She is thin, and, while not really that tall, has such a commanding presence that she seems tall.</description>
				</character>
				<character chid="character6">
					<name>Eskarina Smith</name>
					<description></description>
				</character>
			</characters>
		</book>
		<book ISBN="978-0061020681" bid="book5" author="author1" back="paper">
			<title>Mort</title>
			<pages>243</pages>
			<yearPublication>2001</yearPublication>
			<publisher>HarperTorch</publisher>
			<synopsis>In this Discworld installment, Death comes to Mort with an offer he can't refuse -- especially since being, well, dead isn't compulsory.As Death's apprentice, he'll have free board and lodging, use of the company horse, and he won't need time off for family funerals. The position is everything Mort thought he'd ever wanted, until he discovers that this perfect job can be a killer on his love life.</synopsis>
			<characters><character chid="character7">
				<name>Death</name>
				<description>Like most Grim Reapers, he is a black-robed skeleton usually carrying a scythe. He does not appear to be Death in the universal sense; his jurisdiction, so to speak, appears to be only the Discworld itself.</description>
				</character>
				<character chid="character8">
					<name>Mort</name>
					<description>As a teenager, Mort had a personality and temperament that made him rather unsuited to the family farming business. Mort's father, named Lezek, felt that Mort thought too much, which prevented him from achieving anything practical. Thus, Lezek took him to a local hiring fair, hoping that Mort would land an apprenticeship with some tradesman; not only would this provide a job for his son, but it would also make his son's propensity towards thinking someone else's problem.</description>
				</character>
				<character chid="character9">
					<name>Lady Ysabell, Duchess of Sto Helit</name>
					<description>Ysabell is the adopted daughter of Death, who saved her as a baby when her parents were killed in the Great Nef desert.</description>
				</character>
			</characters>
		</book>
		<book ISBN="978-0061020674" bid="book6" author="author1" back="paper">
			<title>Sourcery</title>
			<pages>288</pages>
			<yearPublication>2001</yearPublication>
			<publisher>HarperTorch</publisher>
			<synopsis>When last seen, the singularly inept wizard Rincewind had fallen off the edge of the world. Now magically, he's turned up again, and this time he's brought the Luggage.

But that's not all....

Once upon a time, there was an eighth son of an eighth son who was, of course, a wizard. As if that wasn't complicated enough, said wizard then had seven sons. And then he had an eighth son -- a wizard squared (that's all the math, really). Who of course, was a source of magic -- a sorcerer.</synopsis>
			<characters>
				<charref charid="character1"></charref>
				<charref charid="character3"></charref>
			</characters>
		</book>
		<book ISBN="978-0061020667" bid="book7" author="author1" back="paper">
			<title>Wyrd Sisters</title>
			<pages>288</pages>
			<yearPublication>2001</yearPublication>
			<publisher>HarperTorch</publisher>
			<synopsis>Meet Granny Weatherwx, the most highly regarded non-leader a coven of non-social witches could ever have. Generally, these loners don't get involved in anything, mush less royal intrigue. but then there are those times they can't help it. As Granny Weatherwzx is about to discover, though, it's a lot harder to stir up trouble in the castle than some theatrical types would have you think. Even when you've got a few unexpected spells up your sleave.</synopsis>
			<characters>
				<charref charid="character5"/>
				<character chid="character10">
					<name>Nanny Ogg</name>
					<description>The character of Nanny Ogg is based on the Mother stereotype of the Triple Goddess myth. Ogg has been married three times, with fifteen children who survived their early childhood, and has many grandchildren and great-grandchildren. What makes her the Mother, however, is her mentality. People go to Granny Weatherwax for help when they have no choice, but they go to Nanny for advice all the time. Granny is respected, but Nanny is actually liked.

Nanny Ogg has a talent for getting along with people and fitting in. As described in Maskerade, people, after knowing her for fifteen minutes, feel like they have known her all of their lives. Granny Weatherwax knows about this ability, and recognizes its use, and wonders sometimes if it would have been worth acquiring it.</description>
				</character>
				<character chid="character11">
					<name>Magrat Garlick</name>
					<description>Magrat Garlick is the daughter of Simplicity Garlick, granddaughter of Araminta Garlick and niece of Yvonnel Garlick. She was the original Maiden in the Lancre coven, which consisted of herself, Granny Weatherwax and Nanny Ogg. She is often described as "a wet hen", generally by Granny Weatherwax. Magrat believes in crystals, folk wisdom, and cycles of nature, and is overall a gentle parody of New Age pagans.</description>
				</character>
			</characters>
		</book>
		<book ISBN="978-0061020650" bid="book8" author="author1" back="paper">
			<title>Pyramids</title>
			<pages>352</pages>
			<yearPublication>2001</yearPublication>
			<publisher>HarperTorch</publisher>
			<synopsis>It's bad enough being new on the job, but Teppic hasn't a clue as to what a pharaoh is supposed to do. After all, he's been trained at Ankh-Morpork's famed assassins' school, across the sea from the Kingdom of the Sun.First, there's the monumental task of building a suitable resting place for Dad -- a pyramid to end all pyramids. Then there are the myriad administrative duties, such as dealing with mad priests, sacred crocodiles, and marching mummies. And to top it all off, the adolescent pharaoh discovers deceit, betrayal -- not to mention a headstrong handmaiden -- at the heart of his realm.</synopsis>
			<characters>
				<character chid="character12">
					<name>Teppic</name>
					<description>The main character of Pyramids is Teppic, prince of the tiny kingdom of Djelibeybi.</description>
				</character>
			</characters>
		</book>
		<book ISBN="978-0061020643" bid="book9" author="author1" back="paper">
			<title>Guards, Guards!</title>
			<pages>384</pages>
			<yearPublication>2001</yearPublication>
			<publisher>HarperTorch</publisher>
			<synopsis>Here there be dragons...and the denizens of Ankh-Morpork wish one huge firebreather would return from whence it came. Long believed extinct, a superb specimen of draco nobilis ("noble dragon" for those who don't understand italics) has appeared in Discworld's greatest city. Not only does this unwelcome visitor have a nasty habit of charbroiling everything in its path, in rather short order it is crowned King (it is a noble dragon, after all...). </synopsis>
			<characters>
				<character chid="character13">
					<name>Havelock Vetinari</name>
					<description>Lord Havelock Vetinari is the Patrician of Ankh-Morpork, the Patrician of the fictional city state of Ankh-Morpork.</description>
				</character>		
				<character chid="character14">
					<name>Samuel "Sam" Vimes</name>
					<description>Samuel "Sam" Vimes is a fictional policeman. As of his latest promotion, his full name and title is His Grace, The Duke of Ankh, Commander Sir Samuel Vimes.</description>
				</character>	
			</characters>
		</book>
		<book ISBN="978-0380821211" bid="book10" author="author1" back="paper">
			<title>Eric</title>
			<pages>197</pages>
			<yearPublication>2002</yearPublication>
			<publisher>HarperTorch</publisher>
			<synopsis>Discworld's only demonology hacker, Eric, is about to make life very difficult for the rest of Ankh-Morpork's denizens. This would-be Faust is very bad...at his work, that is. All he wants is to fulfill three little wishes:to live forever, to be master of the universe, and to have a stylin' hot babe.

But Eric isn't even good at getting his own way. Instead of a powerful demon, he conjures, well, Rincewind, a wizard whose incompetence is matched only by Eric's. And as if that wasn't bad enough, that lovable travel accessory the Luggage has arrived, too. Accompanied by his best friends, there's only one thing Eric wishes now -- that he'd never been born!</synopsis>
			<characters>
				<charref charid="character1" />
				<character chid="character15">
					<name>Eric Thursley</name>
					<description>A 13 year old demonologist, who wants the mastery of all kingdoms, to meet the most beautiful woman who ever existed, and to live forever.</description>
				</character>
			</characters>
		</book>
		<book ISBN="978-0061020636" bid="book11" author="author1" back="paper">
			<title>Moving Pictures</title>
			<pages>368</pages>
			<yearPublication>2002</yearPublication>
			<publisher>HarperTorch</publisher>
			<synopsis>Discworld's pesky alchemists are up to their old tricks again. This time, they've discovered how to get gold from silver -- the silver screen that is. Hearing the siren call of Holy Wood is one Victor Tugelbend, a would-be wizard turned extra. He can't sing, he can't dance, but he can handle a sword (sort of), and now he wants to be a star. So does Theda Withel, an ambitious ingénue from a little town (where else?) you've probably never heard of.

But the click click of moving pictures isn't just stirring up dreams inside Discworld. Holy Wood's magic is drifting out into the boundaries of the universes, where raw realities, the could-have-beens, the might-bes, the never-weres, the wild ideas are beginning to ferment into a really stinky brew. It's up to Victor and Gaspode the Wonder Dog (a star if ever one was born!) to rein in the chaos and bring order back to a starstruck Discworld. And they're definitely not ready for their close-up!</synopsis>
			<characters>
				<character chid="character16">
					<name>Victor Tugelbend</name>
					<description></description>
				</character>
				<character chid="character17">
					<name>Theda Withel</name>
					<description></description>
				</character>
			</characters>
		</book>
	</books>
	<note><![CDATA[This here is a unparsed CDATA note & +-3454630-];.][ <><><><><><><><><><><><]]></note>
	</library>
