<?xml version="1.0" encoding="UTF-8"?>

<!-- stastny server, ktery bude tohle zpracovavat... -->
<knihovna>
  <nazev>Kralovehradecka vedecka</nazev>
  <adresa>
    <ulice>Hradecka 1250</ulice>
    <mesto>Hradec Kralove</mesto>
    <psc>50003</psc>
  </adresa>
  <katalog>
    <knizka id="eco-ruze" nazev="Jmeno ruze" autor="Umberto Eco">
      <cenzurovana />

      <poznamky><![CDATA[vyradit & spalit]]></poznamky>
    
      <vsechnyExemplare>
        <exemplare rokVydani="2005">
          <exemplar patro="1" stav="pujceno" />  
        </exemplare>
        <exemplare rokVydani="2009" isbn="978-80-86922-26-3">
          <exemplar patro="1" stav="studovna" />
          <exemplar patro="2" stav="volne" />
          <exemplar patro="1" stav="pujceno" />
        </exemplare>
      </vsechnyExemplare>
      
      <podobnaKnizka id="sardou-odpust" />
      
      <citat>&#x201E;Nekdejsi ruze je tu uz jen co jmeno, jen pouha jmena drzime v sve moci&#x201C;</citat>
    </knizka>
    
    
    <knizka id="murakami-drevo" nazev="Norske drevo" autor="Haruki Murakami">
      <vsechnyExemplare />
    </knizka>
    
    <knizka id="sardou-odpust" nazev="A odpust nam nase viny" autor="Romain Sardou">
      <vsechnyExemplare />
    </knizka>
    
    <knizka id="mieville-perdido" nazev="Nadrazi Perdido" autor="China Miéville">
      <vsechnyExemplare />
    </knizka>
    
    <knizka id="pratchett-prachy" nazev="Nadelat prachy" autor="Terry Pratchett">
      <vsechnyExemplare />
    </knizka>
    
    <knizka id="komarek-eseje" nazev="Eseje o prirode, biologii a jinych nepravostech" autor="Stanislav Komarek">
      <vsechnyExemplare />
    </knizka>
    
    <knizka id="diestel-graph" nazev="Graph Theory" autor="Reinhard Diestel">
      <vsechnyExemplare />
    </knizka>
    
    <knizka id="bollobas-graph" nazev="Modern Graph Theory" autor="Bela Bollobas">
      <vsechnyExemplare />
    </knizka>
    
    <knizka id="moore-strazci" nazev="Strazci" autor="Alan Moore">
      <vsechnyExemplare />
    </knizka>
    
    <knizka id="nesetril-kapitoly" nazev="Kapitoly z diskretni matematiky" autor="Jaroslav Nešetřil">
      <vsechnyExemplare />
    </knizka>
  </katalog>
</knihovna>