<?xml version="1.1" encoding="UTF-8"?>

<!DOCTYPE pujcovny-zbrani SYSTEM "data.dtd">

<pujcovny-zbrani> <!-- zacatek korenoveho elementu -->
  <lokalita jmeno="Stredni cechy"> <!-- sdruzuje pujcovny podle lokality -->
      <pujcovna id="_0001"><!-- element obsahu-->
        <jmeno-pujcovny>1945</jmeno-pujcovny>
        <dcerina-pujcovna id="_0002"/><!-- pujcovna muze mit dcerinou pujcovnu s kterou sdili zakazniky, zbrane-->
        <heslo><?php getRandom() ?></heslo> <!-- pozadame PHP o vytvoreni nahodneho hesla -->
        
        <otevreno> <!-- popisuje otviraci dobu pujcovny -->
	        <otviraci-den den="pondeli">
				<otviraci-doba od="11:00" do="16:00"/> <!-- prazdny element -->
	       	</otviraci-den>
	       	<otviraci-den den="pondeli">
				<otviraci-doba od="17:00" do="22:00"/> <!-- atributy -->
	       	</otviraci-den>
	       	<otviraci-den den="utery"> <!-- vyctovy datovy typ -->
				<otviraci-doba od="11:00" do="16:00"/>
	       	</otviraci-den>
        </otevreno>
        
        <majitel vaha="88"> <!-- zakladni informace o majiteli -->
          <krestni>Karel</krestni> <!-- textovy element -->
          <prijmeni>Novak</prijmeni>
        </majitel>
        
        <adresa> <!-- adresa, kde lze pujcovnu navstivit -->
          <ulice>Na Paloucku</ulice>
          <cislo-popisne>140</cislo-popisne>
          <mesto>Potok</mesto>
          <psc>12332</psc>
        </adresa>
        
        <seznam-zbrani>
          <zbran id="_4612" serie="A" typ="kulomet"> <!-- klic zbrane -->
          	<jmeno>P90</jmeno>
			<potrebna-munice id="_9985" />
          </zbran>
        </seznam-zbrani>
        
        <seznam-munice> <!-- seznam zbrani, ktere ma pujcovna k dispozici -->
        	<munice id="_9985" jmeno="7,62 x 51 mm NATO" typ="puskovy"> <!-- textovy datovy typ jmeno -->
				<kusu>94859</kusu>
        	</munice>
        	<munice id="_9956" jmeno="9mm Luger FMJ 7,5g" typ="pistolovy">
				<kusu>63363</kusu>
        	</munice>
        </seznam-munice>
        
        <zakaznici> <!-- registrovani zakaznici -->
        	<zakaznik id="_5566">
        		<krestni>Tomas</krestni>
        		<prijmeni>Jednoslav</prijmeni>
        		<vypujcka id="_1123"> <!-- nektera ze zakaznikovych vypujcek -->

	        		<vypujcene-zbrane> <!-- vypujcene zbrane zakaznika  pro danou vypujcku-->
	        			<vypujcena-zbran id="_4612"/> <!-- reference na klic zbrane -->
	        		</vypujcene-zbrane>
	        		<datum-vypujcky od="11.11.2012" do="22.12.2012" />
	        		<komentar>
	        			Zbran <odkaz-zbrane id="_4612"/> byla pri prevzeti spinava. Nejspise ji zaspinil <odkaz-zakaznika id="_55661" />
	        			<![CDATA[ document.printComent("_01123"); ]]> <!-- sekce CDATA pro vypsani komentare pomoci metody void printComment(String id_vypujcky) -->
	        		</komentar>
				</vypujcka>
    		</zakaznik>
        </zakaznici>
        
        <!-- Fan-out (počet podelementů) alespoň jednoho z elementů bude min. 10.-->
        <objednane-zbrane> <!-- pujcovna si muze objednat dalsi zbrane -->
        	<objednana-zbran id="_4563">
        		<datum-planovaneho-prichodu>11.3.2019</datum-planovaneho-prichodu>
        		<cena>15000</cena>
			</objednana-zbran>
			<objednana-zbran id="_4564">
        		<datum-planovaneho-prichodu>11.4.2012</datum-planovaneho-prichodu>
        		<cena>20000</cena>
			</objednana-zbran>
			<objednana-zbran id="_400565">
        		<datum-planovaneho-prichodu>12.4.2022</datum-planovaneho-prichodu>
        		<cena>10000</cena>
			</objednana-zbran>
			<objednana-zbran id="_4565">
        		<datum-planovaneho-prichodu>12.4.2011</datum-planovaneho-prichodu>
        		<cena>40000</cena>
			</objednana-zbran>
        </objednane-zbrane>
        
        <vstup-zakazan> <!-- pujcovna muze odmitonut poskytovat sluzby temto lidem -->
        	<osoba>
        		<krestni>Lukas</krestni>
        		<prijmeni>Novak</prijmeni>
        	</osoba>
        </vstup-zakazan>
      </pujcovna>
      
      
      <pujcovna id="_0002">
        <jmeno-pujcovny>1945</jmeno-pujcovny>
        <heslo><?php getRandom() ?></heslo> <!-- pozadame PHP o vytvoreni nahodneho hesla -->
        
        <otevreno> <!-- popisuje otviraci dobu pujcovny -->
	        <otviraci-den den="pondeli">
				<otviraci-doba od="11:00" do="16:00"/>
	       	</otviraci-den>
	       	<otviraci-den den="pondeli">
				<otviraci-doba od="17:00" do="22:00"/>
	       	</otviraci-den>
	       	<otviraci-den den="utery">
				<otviraci-doba od="11:00" do="16:00"/>
	       	</otviraci-den>
        </otevreno>
        
        <majitel vaha="66"> <!-- zakladni informace o majiteli -->
          <krestni>Karel</krestni>
          <prijmeni>Novak</prijmeni>
        </majitel>
        
        <adresa> <!-- adresa, kde lze pujcovnu navstivit -->
          <ulice>Na Paloucku</ulice>
          <cislo-popisne>140</cislo-popisne>
          <mesto>Potok</mesto>
          <psc>12332</psc>
        </adresa>
        
        <seznam-zbrani>
          <zbran id="_46121" serie="A" typ="kulomet">
          	<jmeno>P90</jmeno>
			<potrebna-munice id="_9985" />
          </zbran>
        </seznam-zbrani>
        
        <seznam-munice> <!-- seznam zbrani, ktere ma pujcovna k dispozici -->
        	<munice id="_99851" jmeno="7,62 x 51 mm NATO" typ="puskovy">
				<kusu>94859</kusu>
        	</munice>
        	<munice id="_99561" jmeno="9mm Luger FMJ 7,5g" typ="pistolovy">
				<kusu>63363</kusu>
        	</munice>
        </seznam-munice>
        
        <zakaznici> <!-- registrovani zakaznici -->
        	<zakaznik id="_55661">
        		<krestni>Tomas</krestni>
        		<prijmeni>Jednoslav</prijmeni>
        		<vypujcka id="_11231"> <!-- nektera ze zakaznikovych vypujcek -->

	        		<vypujcene-zbrane> <!-- vypujcene zbrane zakaznika  pro danou vypujcku-->
	        			<vypujcena-zbran id="_46121"/>
	        		</vypujcene-zbrane>
	        		<datum-vypujcky od="11.11.2012" do="22.12.2012" />
	        		<komentar>
	        			Zbran <odkaz-zbrane id="_4612"/> byla pri prevzeti spinava. Nejspise ji zaspinil <odkaz-zakaznika id="_5566" />
	        		</komentar>
				</vypujcka>
    		</zakaznik>
        </zakaznici>
        
        <objednane-zbrane> <!-- pujcovna si muze objednat dalsi zbrane -->
        	<objednana-zbran id="_45631">
        		<datum-planovaneho-prichodu>11.3.2014</datum-planovaneho-prichodu>
        		<cena>30000</cena>
			</objednana-zbran>
			<objednana-zbran id="_45641">
        		<datum-planovaneho-prichodu>11.4.2010</datum-planovaneho-prichodu>
        		<cena>50000</cena>
			</objednana-zbran>
			<objednana-zbran id="_45651">
        		<datum-planovaneho-prichodu>12.4.2018</datum-planovaneho-prichodu>
        		<cena>60000</cena>
			</objednana-zbran>
        </objednane-zbrane>
        
        <vstup-zakazan> <!-- pujcovna muze odmitonut poskytovat sluzby temto lidem -->
        	<osoba>
        		<krestni>Lukas</krestni>
        		<prijmeni>Novak</prijmeni>
        	</osoba>
        </vstup-zakazan>
      </pujcovna>
      
      
          
  </lokalita>
  
</pujcovny-zbrani> <!-- konec korenoveho elementu -->

