<?xml version="1.0" encoding="UTF-8"?>
<?sourcedb href="http://musicbrainz.org/"?>
<musicdb>
	<artists>
		<artist beginyear="2008" country="Finland" genre="Rock" name="The Laziest Group Ever" id="a4" type="Group">
			<personref idref="p113" from="2008" />
			<releases>
			</releases>
		</artist>
		<artist beginyear="1983" country="United States" genre="Rock" name="Bon Jovi" id="a3" type="Group">
			<personref idref="p113" from="1983"/>
			<releases>
				<release id="r31" title="Bon Jovi" type="Album" length="1800">
					<track id="t311" title="Runaway" order="1" length="300" />
					<track id="t312" title="Roulette" order="2" length="500"/>
					<track id="t313" title="She Don't Know Me" order="3" length="300"/>
					<track id="t314" title="Shot through the heart" order="4" length="1450"/> 
				</release>
			</releases>
		</artist>
		<artist id="a2" name="Ensiferum" genre="Metal" country="Finland" beginyear="1991" type="Group">
			<personref idref="p111" from="1991" to="2001"/>
			<personref idref="p112" from="1991" />
			<personref idref="p113" from="1991" />
			<releases>
				<release id="r223" title="Dragonheads" year="2005" type="EP" length="400">
					<track id="t8" title="Dragonheads" order="1" length="200"/>
					<track id="t9" title="Into Hiding" order="2" length="200"/>
				</release>
				<release id="r222" title="Ensiferum" year="1999" type="Album" length="6800">
					<track id="t1" title="Intro" order="1" length="500"/>
					<track id="t2" title="Hero in a dream" order="2" length="400"/>
					<track id="t3" title="Token Of Time" order="3" length="500">
						<artistref idref="a3" />
					</track>
					<track id="t4" title="Guardians Of Fate" order="4" length="400"/>
					<track id="t5" title="Old Man" order="5" length="500"/>
					<track id="t6" title="Little Dreamer" order="6" length="600"/>
					<track id="t7" title="Battle Song" order="7" length="700"/>
					<track id="t20" title="The Battle Song" order="8" length="500"/>
					<track id="t21" title="Epic Battle Song" order="9" length="500"/>
					<track id="t22" title="Very Epic Battle Song" order="10" length="450"/>
				</release>
			</releases>
			<description>
				They have never performed anything with <artistref idref="a1">Lady Gaga</artistref>
			</description>
		</artist>
		<artist id="a1" name="Lady Gaga" genre="Pop" country="United States" beginyear="2002" type="Person">
			<personref idref="p113" from="2002"/>
			<releases>
				<release id="r221" title="The Cherrytree Seasons" type="EP" length="3100">
					<track id="t10" title="Poker Face" order="1" length="400"/>
					<track id="t11" title="Just Dance" order="2" length="400"/>
					<track id="t12" title="Eh, eh" order="3" length="400"/>
				</release>
			</releases>
			<description>
				<![CDATA[ Critics say: "This release was excellent! This & last releases are way better than others." ]]>
			</description>
		</artist>
	</artists>
	<persons>
		<person id="p111" name="Jari Maenpaa" birthday="1964-11-11"/>
		<person id="p112" name="Sammi Hinkka" birthday="1974-12-12"/>
		<person id="p113" name="Guy that played everywhere" birthday="1984-10-10"/>
	</persons>
	<genres>
		<genre name="Metal" description="http://en.wikipedia.org/wiki/Metal"/>
		<genre name="Pop" description="http://en.wikipedia.org/wiki/Pop_music"/>
		<genre name="Rock" description="http://en.wikipedia.org/wiki/Rock_music"/>
	</genres>
	<!--<copyright>&c;&mbr;</copyright>-->
</musicdb>
