<?xml version="1.0" encoding="UTF-8"?>
<musicdb>
	<track>
		<artist>Suidakra</artist>
		<release>Crogacht</release>
		<title>Conlaoch</title>
	</track>
	<track>
		<artist>Suidakra</artist>
		<release>Crogacht</release>
		<title>Scatnach</title>
	</track>
	<track>
		<artist>Suidakra</artist>
		<release>Book of Dowth</release>
		<title>Dowth 2059</title>
	</track>
		<artist>Ensiferum</artist>
		<release>From Afar</release>
		<title>By The Dividing Stream</title>
	<track>
		<artist>Ensiferum</artist>
		<release>From Afar</release>
		<title>Twilight Tavern</title>
	</track>
	<track>
		<artist>Ensiferum</artist>
		<release>From Afar</release>
		<title>Elusive Reaches</title>
	</track>
	<track>
		<artist>Ensiferum</artist>
		<release>From Afar</release>
		<title>Stone Cold Metal</title>
	</track>
	<track>
		<artist>Ensiferum</artist>
		<release>From Afar</release>
		<title>Stone Cold Metal</title>
	</track>
	<track>
		<artist>Ensiferum</artist>
		<release>Dragonheads</release>
		<title>Dragonheads</title>
	</track>
	<track>
		<artist>Ensiferum</artist>
		<release>Dragonheads</release>
		<title>Dragonheads v2</title>
	</track>
	<track>
		<artist>Bon Jovi</artist>
		<release>BJ Best</release>
		<title>Living on a Prayer</title>
	</track>
</musicdb>