<?xml version="1.0" encoding="utf-8" standalone="no"?><DatabazeFilmu>
  <Uzivatele>
  	
  	
  	
  	
  	
  	
  	
  	
  	
  	
  <Uzivatel datumVytvoreni="2014-03-31 12:00:00" id="uzivatel000004">
  		<Prezdivka>Bison</Prezdivka>
	  	<PopisUzivatele>
	  		Jsem znal? v?ech film?.
	  	</PopisUzivatele>
	  	<DatumPosledniAktivity><?php echo GetDateLastActivity("uzivatel000004") ?></DatumPosledniAktivity>
	  	<Shlednuto>
	  		<ShlednutoRef ref="film000001"/>
	  		<ShlednutoRef ref="film000002"/>
	  		<ShlednutoRef ref="film000003"/>
	  		<ShlednutoRef ref="film000004"/>
	  	</Shlednuto>
	  	<VlastniKopii>
	  		<KopieFilmu ref="film000001" typ="BLU-RAY"/>
	  		<KopieFilmu ref="film000002" typ="BLU-RAY"/>
	  		<KopieFilmu ref="film000003" typ="BLU-RAY"/>
	  		<KopieFilmu ref="film000004" typ="BLU-RAY"/>
	  	</VlastniKopii>
  	</Uzivatel><Uzivatel datumVytvoreni="2014-03-31 12:00:00" id="uzivatel000007">
  		<Prezdivka>David</Prezdivka>
	  	<PopisUzivatele>
	  		T?? nev?m, co bych dodal, jako Ondra.
	  	</PopisUzivatele>
	  	<DatumPosledniAktivity><?php echo GetDateLastActivity("uzivatel000007") ?></DatumPosledniAktivity>
	  	<Shlednuto>
	  		<ShlednutoRef ref="film000002"/>
	  		<ShlednutoRef ref="film000003"/>
	  		<ShlednutoRef ref="film000004"/>
	  	</Shlednuto>
	  	<VlastniKopii>
	  		<KopieFilmu ref="film000002" typ="vPC"/>
	  		<KopieFilmu ref="film000004" typ="vPC"/>
	  	</VlastniKopii>
  	</Uzivatel><Uzivatel datumVytvoreni="2014-03-31 12:00:00" id="uzivatel000009">
  		<Prezdivka>Karel IV.</Prezdivka>
	  	<PopisUzivatele>
	  		Nev?m jak, ale dostal jsem se do budoucnosti. V?bec ji nerozum?m.
	  	</PopisUzivatele>
	  	<DatumPosledniAktivity><?php echo GetDateLastActivity("uzivatel000009") ?></DatumPosledniAktivity>
  	</Uzivatel><Uzivatel datumVytvoreni="2014-03-31 12:00:00" id="uzivatel000003">
  		<Prezdivka>Nov? u?ivatel</Prezdivka>
	  	<PopisUzivatele>
	  	</PopisUzivatele>
	  	<DatumPosledniAktivity><?php echo GetDateLastActivity("uzivatel000003") ?></DatumPosledniAktivity>
  	</Uzivatel><Uzivatel datumVytvoreni="2014-03-31 12:00:00" id="uzivatel000006">
  		<Prezdivka>Ondra</Prezdivka>
	  	<PopisUzivatele>
	  		Nev?m, co bych dodal.
	  	</PopisUzivatele>
	  	<DatumPosledniAktivity><?php echo GetDateLastActivity("uzivatel000006") ?></DatumPosledniAktivity>
	  	<Shlednuto>
	  		<ShlednutoRef ref="film000002"/>
	  		<ShlednutoRef ref="film000003"/>
	  	</Shlednuto>
	  	<VlastniKopii>
	  		<KopieFilmu ref="film000002" typ="vPC"/>
	  	</VlastniKopii>
  	</Uzivatel><Uzivatel datumVytvoreni="2014-03-31 12:00:00" id="uzivatel000010">
  		<Prezdivka>Pepa</Prezdivka>
	  	<PopisUzivatele>
	  		Na to DVD se chci pod?vat u? dlouho, ale nem?m na to ?as.
	  	</PopisUzivatele>
	  	<DatumPosledniAktivity><?php echo GetDateLastActivity("uzivatel000010") ?></DatumPosledniAktivity>
	  	<Shlednuto>
	  		<ShlednutoRef ref="film000001"/>
	  		<ShlednutoRef ref="film000002"/>
	  		<ShlednutoRef ref="film000004"/>
	  	</Shlednuto>
	  	<VlastniKopii>
	  		<KopieFilmu ref="film000003" typ="DVD"/>
	  	</VlastniKopii>
  	</Uzivatel><Uzivatel datumVytvoreni="2014-03-10 10:00:00" id="uzivatel000001">
  		<Prezdivka>Plaki</Prezdivka>
	  	<PopisUzivatele>
	  		Jsem tu nov? u?ivatel.
	  	</PopisUzivatele>
	  	<DatumPosledniAktivity><?php echo GetDateLastActivity("uzivatel000001") ?></DatumPosledniAktivity>
	  	<Shlednuto>
	  		<ShlednutoRef ref="film000001"/>
	  		<ShlednutoRef ref="film000002"/>
	  		<ShlednutoRef ref="film000003"/>
	  	</Shlednuto>
	  	<VlastniKopii>
	  		<KopieFilmu ref="film000001" typ="DVD"/>
	  		<KopieFilmu ref="film000001" typ="BLU-RAY"/>
	  		<KopieFilmu ref="film000002" typ="kazeta"/>
	  		<KopieFilmu ref="film000002" typ="vPC"/>
	  	</VlastniKopii>
  	</Uzivatel><Uzivatel datumVytvoreni="2014-03-10 10:00:00" id="uzivatel000002">
  		<Prezdivka>Prrrr?zdn?</Prezdivka>
	  	<PopisUzivatele>
	  		Ke m? nen? co dodat.
	  	</PopisUzivatele>
	  	<DatumPosledniAktivity><?php echo GetDateLastActivity("uzivatel000002") ?></DatumPosledniAktivity>
	  	<Shlednuto>
	  		<ShlednutoRef ref="film000001"/>
	  		<ShlednutoRef ref="film000003"/>
	  	</Shlednuto>
  	</Uzivatel><Uzivatel datumVytvoreni="2014-03-31 12:00:00" id="uzivatel000005">
  		<Prezdivka>Snake03</Prezdivka>
	  	<PopisUzivatele>
	  		Pl??iv? jak had. M?m r?d filmy.
	  	</PopisUzivatele>
	  	<DatumPosledniAktivity><?php echo GetDateLastActivity("uzivatel000005") ?></DatumPosledniAktivity>
	  	<Shlednuto>
	  		<ShlednutoRef ref="film000001"/>
	  		<ShlednutoRef ref="film000003"/>
	  		<ShlednutoRef ref="film000004"/>
	  	</Shlednuto>
	  	<VlastniKopii>
	  		<KopieFilmu ref="film000001" typ="DVD"/>
	  		<KopieFilmu ref="film000001" typ="vPC"/>
	  		<KopieFilmu ref="film000004" typ="vPC"/>
	  	</VlastniKopii>
  	</Uzivatel><Uzivatel datumVytvoreni="2014-03-31 12:00:00" id="uzivatel000008">
  		<Prezdivka>XXX</Prezdivka>
	  	<PopisUzivatele>
	  		U? asi v?te, jak? je m?j nejobl?ben?j?? film.
	  	</PopisUzivatele>
	  	<DatumPosledniAktivity><?php echo GetDateLastActivity("uzivatel000008") ?></DatumPosledniAktivity>
	  	<Shlednuto>
	  		<ShlednutoRef ref="film000001"/>
	  		<ShlednutoRef ref="film000002"/>
	  		<ShlednutoRef ref="film000003"/>
	  		<ShlednutoRef ref="film000004"/>
	  	</Shlednuto>
	  	<VlastniKopii>
	  		<KopieFilmu ref="film000001" typ="vPC"/>
	  		<KopieFilmu ref="film000002" typ="DVD"/>
	  		<KopieFilmu ref="film000003" typ="DVD"/>
	  		<KopieFilmu ref="film000004" typ="vPC"/>
	  		<KopieFilmu ref="film000004" typ="DVD"/>
	  	</VlastniKopii>
  	</Uzivatel></Uzivatele>
  <LideOdFilmu>
    <ClovekOdFilmu datumVytvoreni="2014-03-10 10:00:00" id="clovek000001">
      <Jmeno>James</Jmeno>
      <Prijmeni>Cameron</Prijmeni>
      <Narozen mesto="Kapuskasing, Ontario" stat="CAN">
        16.8.1954
      </Narozen>
      <Zapojeni>
      	<ZapojeniFilm rezie="true" rokUvedeni="2017" scenar="true">Avatar 3</ZapojeniFilm>
      	<ZapojeniFilm rezie="true" rokUvedeni="2017" scenar="true">Battle Angel</ZapojeniFilm>
      	<ZapojeniFilm rezie="true" rokUvedeni="2016" scenar="true">Avatar 2</ZapojeniFilm>
        <ZapojeniFilm ref="film000001" rezie="true" rokUvedeni="2009" scenar="true">Avatar</ZapojeniFilm>
      	<ZapojeniFilm rezie="true" rokUvedeni="1997" scenar="true">Titanic</ZapojeniFilm>
      	<ZapojeniFilm rezie="true" rokUvedeni="1984" scenar="true">Termin?tor</ZapojeniFilm>
      </Zapojeni>
      <Popis>
      	Zn?m? re?is?r filmov?ch legend jako Termin?tor, Vet?elci, Propast, ?i Titanic.
      </Popis>
      <Zajimavosti>
      	<Zajimavost datumVytvoreni="2014-03-10 10:00:00" refUzivatel="uzivatel000001">
      		Byl re?is?rem nejv?d?le?n?j??ho filmu <FilmRef ref="film000001">Avatar</FilmRef>.
      	</Zajimavost>
      </Zajimavosti>
    </ClovekOdFilmu>
    <ClovekOdFilmu datumVytvoreni="2014-03-10 10:00:00" id="clovek000002">
      <Jmeno>Sam</Jmeno>
      <Prijmeni>Worthington</Prijmeni>
      <Narozen mesto="Godalming, Surrey, Anglie" stat="GB">
        2.8.1976
      </Narozen>
      <Zapojeni>
      	<ZapojeniFilm herec="true" rokUvedeni="2010">Souboj Tit?n?</ZapojeniFilm>
      	<ZapojeniFilm herec="true" ref="film000001" rokUvedeni="2009">Avatar</ZapojeniFilm>
      	<ZapojeniFilm herec="true" rokUvedeni="2009">Terminator Salvation</ZapojeniFilm>
      </Zapojeni>
      <Zajimavosti>
      </Zajimavosti>
    </ClovekOdFilmu>
    <ClovekOdFilmu datumVytvoreni="2014-03-10 10:00:00" id="clovek000003">
      <Jmeno>Sigourney</Jmeno>
      <Prijmeni>Weaver</Prijmeni>
      <Narozen mesto="New York, New York" stat="USA">
        8.10.1949
      </Narozen>
      <Zapojeni>
        <ZapojeniFilm herec="true" ref="film000001" rokUvedeni="2009">Avatar</ZapojeniFilm>
      	<ZapojeniFilm herec="true" rokUvedeni="1997">Vet?elec: Vzk???en?</ZapojeniFilm>
      	<ZapojeniFilm herec="true" rokUvedeni="1992">Vet?elec 3</ZapojeniFilm>
      	<ZapojeniFilm herec="true" rokUvedeni="1986">Vet?elci</ZapojeniFilm>
      	<ZapojeniFilm herec="true" rokUvedeni="1979">Vet?elec</ZapojeniFilm>
      </Zapojeni>
      <Popis>
      	Proslavila se ve filmu Vet?elec.
      </Popis>
      <Zajimavosti>
      </Zajimavosti>
    </ClovekOdFilmu>
  </LideOdFilmu>
  <Filmy>
    <Film datumVytvoreni="2014-03-10 10:00:00" id="film000001">
      <Nazev>Avatar</Nazev>
      <RokUvedeni>2009</RokUvedeni>
      <MistaNataceni>
        <StatNataceni stat="USA"/>
        <StatNataceni stat="GB"/>
      </MistaNataceni>
      <Zanr>Ak?n? | Dobrodru?n? | Fantasy | Sci-Fi</Zanr>
      <Delka>
      	<DelkaVerze minut="171">Standartn? verze</DelkaVerze>
      	<DelkaVerze minut="178">Re?is?rsk? verze</DelkaVerze>
      </Delka>
      <ZapojeniLide>
      	<RezieFilmu>
	      	<ClovekRef ref="clovek000001">James Cameron</ClovekRef>
      	</RezieFilmu>
      	<ScenarFilmu>
	      	<ClovekRef ref="clovek000001">James Cameron</ClovekRef>
      	</ScenarFilmu>
      	<KameraFilmu>
	      	<Clovek>Mauro Fiore</Clovek>
      	</KameraFilmu>
      	<HudbaFilmu>
	      	<Clovek>James Horner</Clovek>
      	</HudbaFilmu>
      	<HrajiVeFilmu>
	      	<ClovekRef ref="clovek000002">Sam Worthington</ClovekRef>
	      	<Clovek>Zoe Saldana</Clovek>
	      	<ClovekRef ref="clovek000003">Sigourney Weaver</ClovekRef>
	      	<Clovek>Michelle Rodriguez</Clovek>
	      	<Clovek>Giovanni Ribisi</Clovek>
	      	<Clovek>Joel David Moore</Clovek>
	      	<Clovek>Wes Studi</Clovek>
	      	<Clovek>Laz Alonso</Clovek>
	      	<Clovek>CCH Pounder</Clovek>
	      	<Clovek>Stephen Lang</Clovek>
	      	<Clovek>Dileep Rao</Clovek>
	      	<Clovek>James Pitt</Clovek>
	      	<Clovek>Peter Mensah</Clovek>
	      	<Clovek>Matt Gerald</Clovek>
	      	<Clovek>Scott Lawrence</Clovek>
	      	<Clovek>Kevin Dorman</Clovek>
      	</HrajiVeFilmu>
      </ZapojeniLide>
      <Popis>
      	Avatar p?ed n?mi otev?r? neuv??iteln? sv?t za hranicemi na?? fantazie, sv?t st?etu dvou naprosto odli?n?ch civilizac?. Nov? objeven? vzd?len? planeta Pandora je m?rumilovn? m?sto s obyvatelstvem - Na?vi, ?ij?c?m v souladu s divukr?snou vegetac? planety. Pos?dka vyslan? ze Zem? na sv? pr?zkumn? misi objev? na Pando?e velmi cenn? miner?l, kter? by m?l na Zemi nevy??slitelnou hodnotu. Pobyt na Pando?e je ov?em pro ?lov?ka mo?n? teprve po vytvo?en? jeho genetick?ho dvojn?ka, hybrida Avataru, kter? m??e b?t ovl?d?n psychikou odd?lenou od lidsk?ho t?la a fyzicky odpov?d? p?vodn?mu obyvatelstvu Pandory, kter? m? fluorescentn? modrou k??i a dosahuje 3m v??ky. Na tuto n?ro?nou misi je vybr?n mezi jin?mi tak? Jake Sully (Sam Wothington), b?val? n?mo?n?k, kter? byl p?i jedn? ze sv?ch p?ede?l?ch mis? paralyzov?n od pasu dol?. A pr?v? ?ance op?t chodit p?im?la Jakea, aby se do programu Avatar p?ihl?sil.

		r?zkumn? mise je vysl?na a po p?ist?n? na Pando?e je zcela ohromena ??asnou rozmanitost? m?stn? vegetace. Stromy dosahuj? v??ky mrakodrap? a sv?t?lkuj?c? prales je pln? n?dhern?ch tvor?, kter? jste nikdy nevid?li, ale tak? hrozn?ch prehistorick?ch pred?tor?. To je jen zrnko p?ekvapen?, kter? pos?dku ?ek?. I kdy? se zd?, ?e po po??te?n? ned?v??e lid? Na?vi se pos?dce poda?ilo adaptovat a tak? z?skat prostor pro diplomatickou misi, pando?an? se rozhodn? nehodlaj? nechat kolonizovat a dojde ke tvrd?mu st?etu. Jake, kter? se postupn? sbl??il s m?stn?m obyvatelstvem, a p?edev??m s m?stn? princeznou Neytiri, stoj? p?ed rozhodnut?m, za koho bojovat ve fin?ln? bitv?, kter? m? rozhodnout o osudu a v?voji cel?ho sv?ta. (text od distributora)
      </Popis>
      <Zajimavosti>
      	<Zajimavost datumVytvoreni="2014-03-10 10:00:00">
      		Tento film je nejv?d?le?n?j??m filmem sv?ta.
      	</Zajimavost>
      </Zajimavosti>
      <Weby>
        <Web webPageName="CSFD">
        	<![CDATA[
        		http://www.csfd.cz/film/228329-avatar/
        	]]>
        </Web>
        <Web webPageName="IMDb">
        	<![CDATA[
        		http://www.imdb.com/title/tt0499549/
        	]]>
        </Web>
      </Weby>
      <HodnoceniUzivateli>
      	<HodnoceniUzivatelem datum="2014-03-10 10:00:00" refUzivatel="uzivatel000001">98</HodnoceniUzivatelem>
      	<HodnoceniUzivatelem datum="2014-03-10 10:00:00" refUzivatel="uzivatel000002">90</HodnoceniUzivatelem>
      	<HodnoceniUzivatelem datum="2014-03-31 12:00:00" refUzivatel="uzivatel000004">87</HodnoceniUzivatelem>
      	<HodnoceniUzivatelem datum="2014-03-31 12:00:00" refUzivatel="uzivatel000005">95</HodnoceniUzivatelem>
      	<HodnoceniUzivatelem datum="2014-03-31 12:00:00" refUzivatel="uzivatel000008">97</HodnoceniUzivatelem>
      	<HodnoceniUzivatelem datum="2014-03-31 12:00:00" refUzivatel="uzivatel000010">98</HodnoceniUzivatelem>
      </HodnoceniUzivateli>
    </Film>
    <Film datumVytvoreni="2014-03-10 10:00:00" id="film000002">
      <Nazev>Jak vycvi?it draka</Nazev>
      <Nazev jazyk="en">How to Train Your Dragon</Nazev>
      <Nazev jazyk="sk">Ako vycvi?i? draka</Nazev>
      <RokUvedeni>2010</RokUvedeni>
      <MistaNataceni>
        <StatNataceni stat="USA"/>
      </MistaNataceni>
      <Zanr>Animovan? | Dobrodru?n? | Fantasy | Komedie | Rodinn?</Zanr>
      <Delka>
      	<DelkaVerze minut="94"/>
      </Delka>
      <ZapojeniLide>
      	<RezieFilmu>
	      	<Clovek>Dean DeBlois</Clovek>
	      	<Clovek>Chris Sanders</Clovek>
      	</RezieFilmu>
      	<PredlohaFilmu>
	      	<Clovek>Cressida Cowell (kniha)</Clovek>
      	</PredlohaFilmu>
      	<ScenarFilmu>
	      	<Clovek>Dean DeBlois</Clovek>
	      	<Clovek>Chris Sanders</Clovek>
	      	<Clovek>William Davies</Clovek>
      	</ScenarFilmu>
      	<HudbaFilmu>
	      	<Clovek>John Powell</Clovek>
      	</HudbaFilmu>
      	<HrajiVeFilmu>
	      	<Clovek>Jay Baruchel</Clovek>
	      	<Clovek>Gerard Butler</Clovek>
	      	<Clovek>Craig Ferguson</Clovek>
	      	<Clovek>America Ferrera</Clovek>
	      	<Clovek>Jonah Hill</Clovek>
	      	<Clovek>Christopher Mintz-Plasse</Clovek>
	      	<Clovek>T.J. Miller</Clovek>
	      	<Clovek>Kristen Wiig</Clovek>
	      	<Clovek>Robin Atkin Downes</Clovek>
	      	<Clovek>Ashley Jensen</Clovek>
	      	<Clovek>David Tennant</Clovek>
	      	<Clovek>Kieron Elliott</Clovek>
      	</HrajiVeFilmu>
      </ZapojeniLide>
      <Popis>
      	Vid?li jste u? trojrozm?rn?ho draka? A Vikinga? Pokud ne, budete m?t p??le?itost v animovan? komedii Jak vycvi?it draka od studia DreamWorks. Rodi?ov? chlupat? Kung Fu Pandy a zelen?ho zlobr?ka Shreka se tentokr?t rozhodli pro pod?vanou, kter? je ve v?ech ohledech pon?kud drsn?j??. Jejich nejnov?j?? dobrodru?stv? se odehr?v? na drsn?m Severu, kter? ob?vaj? je?t? drsn?j?? Vikingov? a spolu s nimi i draci. Ti jsou jednozna?n? nejdrsn?j??.

		Jedin?, kdo nen? drsn? ani trochu, je hlavn? hrdina ?ky??k. Vikinsk? teenager n?jak nem??e zapadnout mezi ostatn? obyvatele rodn?ho ostrova Blpu, proto?e na rozd?l od nich sp?? ne? svaly (kter?ch m? pom?lu), pou??v? hlavu. Asi by se to dalo p?ej?t, kdyby ?ky??k nebyl synem n??eln?ka vesnice, Kli?ase Velik?na. Ta?ka m? syna r?d, ale bohu?el si uv?domuje jeho ?nedostate?nost?. Zvl??? kdy? se bl??? ?ky??kovo inicia?n? uveden? mezi dosp?l? Vikingy, kter? lze ?sp??n? absolvovat jedin?m zp?sobem ? zabit?m draka v souboji. Draci jsou toti? na Blpu jedin?m, zato permanentn?m probl?mem. Des?tky druh? l?taj?c?ch je?t?r? prakticky neust?le ?to?? na vesnici, kradou dom?c? zv??ata, spaluj? ?rodu i hospod??sk? staven?, a tak je mor?ln? povinnost? ka?d?ho Vikinga bojovat proti drak?m, jak se d?. I ?ky??k by samoz?ejm? r?d n?jak?ho toho Nodra smr??ka, Ohavn?ho zip?ka nebo Hr?z?ka hroziv?ho skolil, jen?e mati?ka p??roda ho na to opravdu vybavila nevaln?. Nepom?haj? ani u?ite?n? lekce v Drako?kole m?stn?ho samorosta, kov??e Tlamouna. ?ky??k je na?t?st? hlava otev?en? a tam, kde sch?z? hrub? s?la, pom??e hlava, d?ky n?? zkonstruuje samost??l, kter?m za?to?? na nejob?van?j??ho z drak?, prakticky nepolapitelnou No?n? f?rii. Jedin? v?st?el (velmi ?sp??n?) zm?n? budoucnost sou?it? lidsk?ho a dra??ho plemene na ostrov? Blpu. Kdy? se toti? ?ky??k vyd? zran?n?ho draka dorazit a st?t se tak definitivn? mu?em, cosi se v n?m p?i pohledu do jasn?ch dra??ch o?? zlom?. A ten zlom bude za??tkem jednoho kr?sn?ho p??telstv?. Te? u? jen zb?v? p?esv?d?it ostatn? Vikingy, ?e skute?n? nep??tel ??h? jinde. (text od distributora)
      </Popis>
      <Zajimavosti>
      </Zajimavosti>
      <Weby>
      	<Web webPageName="Ofici?ln? str?nky">
        	<![CDATA[
        		http://www.howtotrainyourdragon.com/
        	]]>
        </Web>
        <Web webPageName="CSFD">
        	<![CDATA[
        		http://www.csfd.cz/film/234768-jak-vycvicit-draka/
        	]]>
        </Web>
        <Web webPageName="IMDb">
        	<![CDATA[
        		http://www.imdb.com/title/tt0892769/
        	]]>
        </Web>
      </Weby>
      <HodnoceniUzivateli>
      	<HodnoceniUzivatelem datum="2014-03-10 10:00:00" refUzivatel="uzivatel000001">99</HodnoceniUzivatelem>
      	<HodnoceniUzivatelem datum="2014-03-31 12:00:00" refUzivatel="uzivatel000005">96</HodnoceniUzivatelem>
      	<HodnoceniUzivatelem datum="2014-03-31 12:00:00" refUzivatel="uzivatel000006">100</HodnoceniUzivatelem>
      </HodnoceniUzivateli>
    </Film>
    <Film datumVytvoreni="2014-03-10 10:00:00" id="film000003">
      <Nazev>Legenda o sov?ch str??c?ch</Nazev>
      <Nazev jazyk="en">Legend of the Guardians: The Owls of Ga'Hoole</Nazev>
      <Nazev jazyk="sk">Ga'Hoole: Legenda o str??coch</Nazev>
      <RokUvedeni>2010</RokUvedeni>
      <MistaNataceni>
        <StatNataceni stat="USA"/>
        <StatNataceni stat="AUS"/>
      </MistaNataceni>
      <Zanr>Animovan? | Dobrodru?n? | Fantasy</Zanr>
      <Delka>
      	<DelkaVerze minut="97"/>
      </Delka>
      <ZapojeniLide>
      	<RezieFilmu>
	      	<Clovek>Zack Snyder</Clovek>
      	</RezieFilmu>
      	<PredlohaFilmu>
	      	<Clovek>Kathryn Lasky (kniha)</Clovek>
      	</PredlohaFilmu>
      	<ScenarFilmu>
	      	<Clovek>John Orloff</Clovek>
	      	<Clovek>Emil Stern</Clovek>
      	</ScenarFilmu>
      	<HudbaFilmu>
	      	<Clovek>David Hirschfelder</Clovek>
      	</HudbaFilmu>
      	<HrajiVeFilmu>
	      	<Clovek>Jim Sturgess</Clovek>
	      	<Clovek>Geoffrey Rush</Clovek>
	      	<Clovek>David Wenham</Clovek>
	      	<Clovek>Hugo Weaving</Clovek>
	      	<Clovek>Ryan Kwanten</Clovek>
	      	<Clovek>Helen Mirren</Clovek>
	      	<Clovek>Miriam Margolyes</Clovek>
	      	<Clovek>Bill Hunter</Clovek>
	      	<Clovek>Sam Neill</Clovek>
	      	<Clovek>Anthony LaPaglia</Clovek>
	      	<Clovek>Essie Davis</Clovek>
	      	<Clovek>Deborra-Lee Furness</Clovek>
	      	<Clovek>Leigh Whannell</Clovek>
	      	<Clovek>Emily Barclay</Clovek>
	      	<Clovek>Sacha Horler</Clovek>
	      	<Clovek>Abbie Cornish</Clovek>
	      	<Clovek>Richard Roxburgh</Clovek>
	      	<Clovek>Angus Sampson</Clovek>
	      	<Clovek>Joel Edgerton</Clovek>
      	</HrajiVeFilmu>
      </ZapojeniLide>
      <Popis>
      	Hlavn? postavou je mlad? sov? kluk Soren, kter? je okouzlen historkami sv?ho otce o str??c?ch Ga?Hoolu - m?tick? skupin? ok??dlen?ch bojovn?k?. Ti bojovali proti zl?m ?ist?m, jak si sami ??kaj?, ve velk? bitv? za z?chranu v?ech druh? sov. Zat?mco Soren sn? o tom, ?e jednoho dne se p?id? ke sv?m hrdin?m, jeho star?? bratr Kludd se t? p?edstav? jen vysm?v? a tou?? jen po lovu, l?t?n? a b?t otcov?m obl?bencem m?sto Sorena. Kluddova ??rlivost m? ale hr?zn? n?sledky - oba sov? sourozenci vypadnou z hn?zda na vrcholu stromu p??mo do sp?r? ?ist?ch. Te? je na Sorenovi, aby se pokusil o odv??n? ?nik s pomoc? dal??ch mlad?ch sovi?ek. Spole?n? let? p?es mo?e i skrze mlhy, aby na?li Velk? strom - domov legend?rn?ch sov?ch Str??c? Ga?Hoolu, jen? jsou jedinou nad?j? na v?t?zstv? v bitv? proti ?ist?m a na z?chranu sov?ch kr?lovstv?.(text od distributora)
      </Popis>
      <Zajimavosti>
      </Zajimavosti>
      <Weby>
        <Web webPageName="CSFD">
        	<![CDATA[
        		http://www.csfd.cz/film/241752-legenda-o-sovich-strazcich/
        	]]>
        </Web>
        <Web webPageName="IMDb">
        	<![CDATA[
        		http://www.imdb.com/title/tt1219342/
        	]]>
        </Web>
      </Weby>
      <HodnoceniUzivateli>
      	<HodnoceniUzivatelem datum="2014-03-10 10:00:00" refUzivatel="uzivatel000002">97</HodnoceniUzivatelem>
      	<HodnoceniUzivatelem datum="2014-03-10 10:00:00" refUzivatel="uzivatel000001">93</HodnoceniUzivatelem>
      	<HodnoceniUzivatelem datum="2014-03-31 12:00:00" refUzivatel="uzivatel000007">90</HodnoceniUzivatelem>
      	<HodnoceniUzivatelem datum="2014-03-31 12:00:00" refUzivatel="uzivatel000005">77</HodnoceniUzivatelem>
      	<HodnoceniUzivatelem datum="2014-03-31 12:00:00" refUzivatel="uzivatel000008">89</HodnoceniUzivatelem>
      </HodnoceniUzivateli>
    </Film>
    <Film datumVytvoreni="2014-03-10 10:00:00" id="film000004">
      <Nazev>Vet?elci</Nazev>
      <RokUvedeni>1986</RokUvedeni>
      <MistaNataceni>
        <StatNataceni stat="USA"/>
        <StatNataceni stat="GB"/>
      </MistaNataceni>
      <Zanr>Ak?n? | Horor | Sci-Fi | Thriller</Zanr>
      <Delka>
      	<DelkaVerze minut="137">Standartn? verze</DelkaVerze>
      	<DelkaVerze minut="154">Re?is?rsk? verze</DelkaVerze>
      </Delka>
      <ZapojeniLide>
      	<RezieFilmu>
	      	<ClovekRef ref="clovek000001">James Cameron</ClovekRef>
      	</RezieFilmu>
      	<ScenarFilmu>
	      	<ClovekRef ref="clovek000001">James Cameron</ClovekRef>
      	</ScenarFilmu>
      	<KameraFilmu>
	      	<Clovek>Adrian Biddle</Clovek>
      	</KameraFilmu>
      	<HudbaFilmu>
	      	<Clovek>James Horner</Clovek>
      	</HudbaFilmu>
      	<HrajiVeFilmu>
	      	<ClovekRef ref="clovek000003">Sigourney Weaver</ClovekRef>
	      	<Clovek>Michael Biehn</Clovek>
	      	<Clovek>Paul Reiser</Clovek>
	      	<Clovek>Lance Henriksen</Clovek>
	      	<Clovek>Carrie Henn</Clovek>
	      	<Clovek>Bill Paxton</Clovek>
	      	<Clovek>Jenette Goldstein</Clovek>
	      	<Clovek>Mark Rolston</Clovek>
	      	<Clovek>Daniel Kash</Clovek>
	      	<Clovek>William Hope</Clovek>
	      	<Clovek>Mac McDonald</Clovek>
      	</HrajiVeFilmu>
      </ZapojeniLide>
      <Popis>
      	D?stojnice Ripleyov?, kter? jako jedin? p?e?ila boj na ?ivot a na smrt v n?kladn? lodi Nostromo s vesm?rn?m vet?elcem, je po n?kolika letech nalezena z?chrannou lod? a vrac? se zp?t na Zemi. Kdy? u? se zd?, ?e je po v?em, za??n? horror znova, tentokr?t na vzd?len? ned?vno kolonizovan? planet?. Tentokr?t nev?ichni proti jednomu, ale Ripleyov? se skupinou speci?ln? vycvi?en?ch voj?k? proti tis?cihlav? smrt?c? s?le vet?elc?. (text od distributora)
      </Popis>
      <Zajimavosti>
      </Zajimavosti>
      <Weby>
        <Web webPageName="CSFD">
        	<![CDATA[
        		http://www.csfd.cz/film/1245-vetrelci/
        	]]>
        </Web>
        <Web webPageName="IMDb">
        	<![CDATA[
        		http://www.imdb.com/title/tt0090605/
        	]]>
        </Web>
      </Weby>
      <HodnoceniUzivateli>
      	<HodnoceniUzivatelem datum="2014-03-31 12:00:00" refUzivatel="uzivatel000004">91</HodnoceniUzivatelem>
      </HodnoceniUzivateli>
    </Film>
  <Film datumVytvoreni="2014-03-31 12:00:00" id="film000005"><Nazev>Titanic</Nazev><RokUvedeni>1997</RokUvedeni><MistaNataceni><StatNataceni stat="USA"/></MistaNataceni><Zanr>Drama | Historicky | Katastroficky | Romanticky</Zanr><Delka><DelkaVerze minut="194"/></Delka><ZapojeniLide><RezieFilmu><ClovekRef ref="clovek000001">James Cameron</ClovekRef></RezieFilmu><RezieFilmu><ClovekRef ref="clovek000001">James Cameron</ClovekRef></RezieFilmu><RezieFilmu><Clovek>Russell Carpenter</Clovek></RezieFilmu><RezieFilmu><Clovek>James Horner</Clovek></RezieFilmu><RezieFilmu><Clovek>Leonardo DiCaprio</Clovek><Clovek>Kate Winslet</Clovek><Clovek>Billy Zane</Clovek><Clovek>Kathy Bates</Clovek><Clovek>Bill Paxton</Clovek><Clovek>Gloria Stuart</Clovek><Clovek>Frances Fisher</Clovek><Clovek>Bernard Hill</Clovek><Clovek>Jonathan Hyde</Clovek><Clovek>David Warner</Clovek><Clovek>Victor Garber</Clovek><Clovek>Danny Nucci</Clovek><Clovek>Suzy Amis</Clovek><Clovek>Ewan Stewart</Clovek><Clovek>Ioan Gruffudd</Clovek><Clovek>Richard Graham</Clovek><Clovek>Ron Donachie</Clovek><Clovek>Bernard Fox</Clovek><Clovek>Eric Braeden</Clovek><ClovekRef ref="clovek000001">James Cameron</ClovekRef><Clovek>Seth Adkins</Clovek><Clovek>Tricia O'Neil</Clovek><Clovek>Anne Fletcher</Clovek><Clovek>Jenette Goldstein</Clovek><Clovek>Mark Lindsay Chapman</Clovek><Clovek>Lewis Abernathy</Clovek><Clovek>Simon Crane</Clovek><Clovek>Mike Butters</Clovek><Clovek>Camilla Overbye Roos</Clovek><Clovek>John Walcutt</Clovek><Clovek>Charlotte Chatton</Clovek><Clovek>Martin Jarvis</Clovek><Clovek>Jason Barry</Clovek><Clovek>Greg Ellis</Clovek></RezieFilmu></ZapojeniLide><Popis>Byl obrovsky a luxusni. Lide o nem ve sve pyse rikali, ze je nepotopitelny. Kdyz vyplouval Titanic na svou prvni plavbu, byli na jeho palube take chudy Jack a bohata Rose. On vyhral listek v pokeru, ona mela pronajato jedno z nejluxusnejsich apartma. Prozili spolu nejkrasnejsi chvile zivota a slibili si, ze uz se nikdy nerozejdou - az do one osudne noci, kdy pycha lidstva narazila v Severnim mori do ledovce, ktery Titanic neuprosne poslal ke dnu. Krasna romance se zmenila ve zbesily a tragicky boj o zachranu. Kolik jim zbyva? Hodina, mozna dve...(oficialni text distributora)</Popis><Zajimavosti/><Weby><Web webPageName="CSFD"><![CDATA[http://www.csfd.cz/film/1250-titanic/]]></Web><Web webPageName="IMDb"><![CDATA[http://www.imdb.com/title/tt0120338/]]></Web></Weby><HodnoceniUzivateli/></Film></Filmy>
</DatabazeFilmu>