<?xml version="1.0" encoding="UTF-8"?>
	
<zajmy>
	<zamestnanec id="zam_1">
		<zajem>
			<typ>
				rybareni
			</typ>
			<cena>
				1000
			</cena>
		</zajem>
		<zajem>
			<typ>
				posilovna
			</typ>
			<cena>
				500
			</cena>
		</zajem>
		<zajem>
			<typ>
				psani XML
			</typ>
			<cena>
				0
			</cena>
		</zajem>
	</zamestnanec>
	<zamestnanec id="zam_2">
		<zajem>
			<typ>
				cestovani
			</typ>
			<cena>
				10000
			</cena>
		</zajem>
		<zajem>
			<typ>
				kupovani zlata
			</typ>
			<cena>
				200000
			</cena>
		</zajem>
		<zajem>
			<typ>
				horolezeni
			</typ>
			<cena>
				2000
			</cena>
		</zajem>
	</zamestnanec>
	<zamestnanec id="zam_3">
		<zajem>
			<typ>
				plavani
			</typ>
			<cena>
				300
			</cena>
		</zajem>
		<zajem>
			<typ>
				hudba
			</typ>
			<cena>
				400
			</cena>
		</zajem>
		<zajem>
			<typ>
				horolezeni
			</typ>
			<cena>
				2000
			</cena>
		</zajem>
	</zamestnanec>
	<zamestnanec id="zam_4">
		<zajem>
			<typ>
				hudba
			</typ>
			<cena>
				400
			</cena>
		</zajem>
		<zajem>
			<typ>
				prochazeni
			</typ>
			<cena>
				10
			</cena>
		</zajem>
		<zajem>
			<typ>
				saunovani
			</typ>
			<cena>
				500
			</cena>
		</zajem>
	</zamestnanec>
</zajmy>