<?xml version="1.0" encoding="UTF-8"?>

<databaze>
	<zamestnanci>
		<zamestnanec id="zam_1">
			<jmeno>
				Jenda
			</jmeno>
			<prijmeni>
				Benda
			</prijmeni>
			<adresa>
				<ulice>
					Pekarska
				</ulice>
				<cislo_popisne>
					10
				</cislo_popisne>
				<mesto>
					Praha
				</mesto>
				<stat>
					Ceska Republika
				</stat>
			</adresa>
			<cislo_kancelare ref="kan_207">
				207
			</cislo_kancelare>
			<kontakt>
				<emaily>
					<email>
						benda@firma.cz
					</email>
				</emaily>
				<telefony>
					<telefon value="123456789" typ="pevny"/>
				</telefony>
			</kontakt>
			<dovolena> <!-- pocet dnu dovolene -->
				25
			</dovolena>
			<plat>
				90000
			</plat>
			<uvazek>
				<plny/>
			</uvazek>
			<pozice>
				reditel
			</pozice>
			<podrizeni>
				<pod id="zam_2"/>
				<pod id="zam_3"/>
			</podrizeni>
			<broadcast_email>
				<![CDATA[
					foreach (z in zamestnanci)
					{ 
						z.email.send(warning);
					}
				]]>
			</broadcast_email>
		</zamestnanec>
		
		<zamestnanec id="zam_2">
			<jmeno>
				Venda
			</jmeno>
			<prijmeni>
				Jenda
			</prijmeni>
			<adresa>
				<ulice>
					Vltavska
				</ulice>
				<cislo_popisne>
					20
				</cislo_popisne>
				<mesto>
					Praha
				</mesto>
			</adresa>
			<cislo_kancelare ref="kan_208">
				208
			</cislo_kancelare>
			<kontakt>
				<emaily>
					<email>
						jenda@firma.cz
					</email>
					<email>
						jenda@seznam.cz
					</email>
				</emaily>
				<telefony>
					<telefon value="123425789" typ="pevny"/>
				</telefony>
			</kontakt>
			<dovolena> <!-- pocet dnu dovolene -->
				20
			</dovolena>
			<plat>
				60000
			</plat>
			<uvazek>
				<plny/>
			</uvazek>
			<pozice>
				zastupce reditele
			</pozice>
			<vedouci ref="zam_1"/>
			<podrizeni>
				<pod id="zam_4"/>
			</podrizeni>
		</zamestnanec>
		
		<zamestnanec id="zam_3">
			<jmeno>
				Cenda
			</jmeno>
			<prijmeni>
				Venda
			</prijmeni>
			<adresa>
				<ulice>
					Belohorska
				</ulice>
				<cislo_popisne>
					2789
				</cislo_popisne>
				<mesto>
					Melnik
				</mesto>
			</adresa>
			<cislo_kancelare ref="kan_208">
				208
			</cislo_kancelare>
			<kontakt>
				<emaily>
					<email>
						benda@seznam.cz
					</email>
					<email>
						benda@gmail.cz
					</email>
				</emaily>
				<telefony>
					<telefon value="726987789" typ="mobilni"/>
				</telefony>
			</kontakt>
			<dovolena> <!-- pocet dnu dovolene -->
				16
			</dovolena>
			<plat>
				60000
			</plat>
			<uvazek>
				<polovicni/>
			</uvazek>
			<pozice>
				zastupce reditele
			</pozice>
			<vedouci ref="zam_1"/>
		</zamestnanec>
		
		<zamestnanec id="zam_4">
			<jmeno>
				Kenda
			</jmeno>
			<prijmeni>
				Renda
			</prijmeni>
			<adresa>
				<ulice>
					Malatna
				</ulice>
				<cislo_popisne>
					2799
				</cislo_popisne>
				<mesto>
					Praha
				</mesto>
			</adresa>
			<cislo_kancelare ref="kan_208">
				208
			</cislo_kancelare>
			<kontakt>
				<emaily>
					<email>
						kenda@seznam.cz
					</email>
					<email>
						kenda@firma.cz
					</email>
				</emaily>
				<telefony>
					<telefon value="726912389" typ="mobilni"/>
				</telefony>
			</kontakt>
			<dovolena> <!-- pocet dnu dovolene -->
				16
			</dovolena>
			<plat>
				40000
			</plat>
			<uvazek>
				<polovicni/>
			</uvazek>
			<pozice>
				podrztaska
			</pozice>
			<vedouci ref="zam_2"/>
		</zamestnanec>
	</zamestnanci>
	
	<kancelare>
		<kancelar id="kan_207">
			<cislo>
				207
			</cislo>
			<obyvatele>
				<obyvatel id="zam_1"/>
			</obyvatele>
		</kancelar>
		
		<kancelar id="kan_208">
			<cislo>
				208
			</cislo>
			<obyvatele>
				<obyvatel id="zam_2"/>
				<obyvatel id="zam_3"/>
				<obyvatel id="zam_4"/>
			</obyvatele>
		</kancelar>
	</kancelare>
</databaze>