<?xml version="1.0" encoding="UTF-8"?>
<!DOCTYPE Ticketstream SYSTEM "data.dtd">

<!--Dokument: ticketportal.xml
	Vytvořeno: 23.2. 2012
	Autor: Petr Kampů
 -->

<Ticketstream>
<!--kořen-->
<rezervace>

<listky>

	<listek id_listku="khk" id_udalosti="kjbkjb" id_zajemce="jbk">
	<cena_listku>1500</cena_listku>
	<misto_udalosti>Praha O2 Arena</misto_udalosti>
	<doruceni_listku>
			<misto>Pobocka Praha-Krč</misto>
			<platba>kartou</platba>
			<bonus_k_listku src="kupon.docx"/>
	</doruceni_listku>
	<hlediste>
			<sektor>A18</sektor>
			<rada>5</rada>
			<sedadlo>28</sedadlo>
	</hlediste>
		<datum>
			<den>15.3.2012</den>
			<cas>20:00</cas>
		</datum>
		<sleva>
			<druh>důchodce</druh>
			<mnozstvi>300kč</mnozstvi>
		</sleva>	
</listek>

	<listek id_listku="sdf" id_udalosti="dvgs" id_zajemce="hjgh">
	<cena_listku>1020</cena_listku>
	<misto_udalosti>Divadlo Fidlovačka</misto_udalosti>
		<doruceni_listku>
			<misto>Pobocka Praha-Dejvice</misto>
			<platba>hotově</platba>
			<bonus_k_listku src="stravenka.pdf"/>
		</doruceni_listku>
	
		<hlediste>
			<sektor>C15</sektor>
			<rada>1</rada>
			<sedadlo>5</sedadlo>
		</hlediste>
	
		<datum>
			<den>18.6.2012</den>
			<cas>19:00</cas>
		</datum>
	
		<sleva>
			<druh>student</druh>
			<mnozstvi>150kč</mnozstvi>
		</sleva>
</listek>

	
</listky>
<udalosti>
	<udalost id_udalosti="kjbkjb">
		<poradatel>T-mobile</poradatel>
		<sponzori>ING,ETA,T-mobile</sponzori>
		<koncert>
			<ucinkujici>kapela</ucinkujici>
			<nazev>Lordi</nazev>
			<nastroj>zpěv</nastroj>
			<nastroj>elektricka kytara</nastroj>
			<nastroj>basova kytara</nastroj>
			<nastroj>bicí</nastroj>
			<nastroj>kytara</nastroj>
			<zanr>Metal</zanr>
			<narodnost>Finsko</narodnost>
			<popis>Lordi je hard rocková a heavy metalová skupina z finského &prom;</popis>
			<clenove>
				<jmeno>Jussi Sydänmaa</jmeno>
				<vek>39</vek>
				<nastroj>elektricka kytara</nastroj>
			</clenove>
		</koncert>
	</udalost>

	<udalost id_udalosti="dvgs">
		<poradatel>Sazka</poradatel>
		<sponzori>Hyundai,Sony,Generali</sponzori>
		<koncert>
			<ucinkujici>zpěvačka</ucinkujici>
			<nazev>Kat Midlář</nazev>
			<nastroj>zpěv</nastroj>
			<nastroj>klávesy</nastroj>
			<nastroj>piáno</nastroj>
			<nastroj>harfa</nastroj>
			<nastroj>kytara</nastroj>
			<zanr>Pop</zanr>
			<narodnost>SWE</narodnost>
			<popis>syntetický dramatický žánr, jenž spojuje literaturu, hudbu a &prom2;
			<![CDATA[
							for (i=0; i < 10; i++) {
                              document.writeln("Popis výrobku");
                            }
						]]>
			</popis>
			<clenove>
				<jmeno>Ivana Stašová</jmeno>
				<vek>45</vek>
				<nastroj>zpev</nastroj>
			</clenove>
		</koncert>
	</udalost>
</udalosti>

<zajemci>
<zajemce id_zajemce="jbk" vip="ne">
<jmeno_zajemce>Petr Doležal</jmeno_zajemce>
<RC>750416/6512</RC>
<e-mail>petr.kaplan@atlas.cz</e-mail>
<telefon>728942605</telefon>
<adresa>
	<ulice>Pařížská 52</ulice>
	<psc>167 95</psc>
	<mesto>Brno</mesto>
</adresa>
<druh_listku>
	<cena>klasická</cena>
	<sleva_listku>ano</sleva_listku>
</druh_listku>
</zajemce>

<zajemce id_zajemce="hjgh" vip="ne">
<jmeno_zajemce>Radim Matoušek</jmeno_zajemce>
<RC>880826/9475</RC>
<e-mail>matousek.radim@seznam.cz</e-mail>
<telefon>608948615</telefon>
<adresa>
	<ulice>Pražská 7</ulice>
	<psc>168 01</psc>
	<mesto>Praha 6</mesto>
</adresa>
<druh_listku>
	<cena>vyšší</cena>
	<sleva_listku>ano</sleva_listku>
</druh_listku>
</zajemce>
</zajemci>

</rezervace>
<rezervace>

<listky>

	<listek id_listku="abc" id_udalosti="dsgd" id_zajemce="sgdsg">
	<cena_listku>700</cena_listku>
	<misto_udalosti>Brno Kajot Arena</misto_udalosti>
	<doruceni_listku>
			<misto>Pobocka Brno-Sever</misto>
			<platba>hotově</platba>
			<bonus_k_listku src="listek.pdf"/>
	</doruceni_listku>
	<hlediste>
			<sektor>B54</sektor>
			<rada>55</rada>
			<sedadlo>32</sedadlo>
	</hlediste>
		<datum>
			<den>5.8.2012</den>
			<cas>20:30</cas>
		</datum>
		<sleva>
			<druh>senior</druh>
			<mnozstvi>200kč</mnozstvi>
		</sleva>	
</listek>

	<listek id_listku="dfhf" id_udalosti="hkjh" id_zajemce="erkj">
	<cena_listku>1400</cena_listku>
	<misto_udalosti>Divadlo Spejbla a Hurvinka</misto_udalosti>
		<doruceni_listku>
			<misto>Pobocka Praha-Holesovice</misto>
			<platba>hotově</platba>
			<bonus_k_listku src="kupon.abc"/>
		</doruceni_listku>
	
		<hlediste>
			<sektor>G8</sektor>
			<rada>49</rada>
			<sedadlo>54</sedadlo>
		</hlediste>
	
		<datum>
			<den>20.7.2008</den>
			<cas>19:30</cas>
		</datum>
	
		<sleva>
			<druh>student</druh>
			<mnozstvi>150kč</mnozstvi>
		</sleva>
</listek>

</listky>
<udalosti>
	<udalost id_udalosti="dsgd">
		<poradatel>Vodafone</poradatel>
		<sponzori>ING,Rebel,KIA</sponzori>
		<koncert>
			<ucinkujici>kapela</ucinkujici>
			<nazev>Harlej</nazev>
			<nastroj>zpěv</nastroj>
			<nastroj>elektricka kytara</nastroj>
			<nastroj>basova kytara</nastroj>
			<nastroj>bicí</nastroj>
			<nastroj>kytara</nastroj>
			<zanr>Hard Rock</zanr>
			<narodnost>Česká</narodnost>
			<popis>Harlej česká rocková hudební skupina, která vznikla v roce 1995 v Praze</popis>
			<clenove>
				<jmeno>Ota Hereš</jmeno>
				<vek>35</vek>
				<nastroj>elektricka kytara</nastroj>
			</clenove>
		</koncert>
	</udalost>

	<udalost id_udalosti="hkjh">
		<poradatel>Ježek</poradatel>
		<sponzori>Mercedes,Panasonic,Generali</sponzori>
		<koncert>
			<ucinkujici>zpěvačky</ucinkujici>
			<nazev>Kleopatra</nazev>
			<nastroj>zpěv</nastroj>
			<nastroj>klávesy</nastroj>
			<nastroj>piáno</nastroj>
			<nastroj>harfa</nastroj>
			<nastroj>kytara</nastroj>
			<zanr>Pop</zanr>
			<narodnost>CZE</narodnost>
			<popis>syntetický dramatický žánr, jenž spojuje literaturu, hudbu a &prom2;
			<![CDATA[
							for (i=0; i < 10; i++) {
                              document.writeln("Popis výrobku");
                            }
						]]>
			</popis>
			<clenove>
				<jmeno>Monika Absolonová</jmeno>
				<vek>42</vek>
				<nastroj>zpev</nastroj>
			</clenove>
		</koncert>
	</udalost>
</udalosti>

<zajemci>
<zajemce id_zajemce="sgdsg" vip="ne">
<jmeno_zajemce>Marek Wágner</jmeno_zajemce>
<RC>651224/4578</RC>
<e-mail>marek.wagner@atlas.cz</e-mail>
<telefon>608514945</telefon>
<adresa>
	<ulice>Kaplanova 52</ulice>
	<psc>564 95</psc>
	<mesto>Plzeň</mesto>
</adresa>
<druh_listku>
	<cena>klasická</cena>
	<sleva_listku>ne</sleva_listku>
</druh_listku>
</zajemce>

<zajemce id_zajemce="erkj" vip="ne">
<jmeno_zajemce>Alois Matoušek</jmeno_zajemce>
<RC>650130/9475</RC>
<e-mail>matousek.alois@seznam.cz</e-mail>
<telefon>607516948</telefon>
<adresa>
	<ulice>Královská 17</ulice>
	<psc>156 65</psc>
	<mesto>Praha 5</mesto>
</adresa>
<druh_listku>
	<cena>klasická</cena>
	<sleva_listku>ano</sleva_listku>
</druh_listku>
</zajemce>
</zajemci>

</rezervace>
<rezervace>

<listky>

	<listek id_listku="dskjn" id_udalosti="lakds" id_zajemce="spodj">
	<cena_listku>2150</cena_listku>
	<misto_udalosti>Praha O2 Arena</misto_udalosti>
	<doruceni_listku>
			<misto>Pobocka Praha-libeň</misto>
			<platba>kartou</platba>
			<bonus_k_listku src="kupon.dx"/>
			<poznamka><?php echo "Vstupenka již byla vyzvednuta dne:".Date("d.m.Y")?></poznamka>
	</doruceni_listku>
	<hlediste>
			<sektor>H1</sektor>
			<rada>9</rada>
			<sedadlo>84</sedadlo>
	</hlediste>
		<datum>
			<den>29.6.1998</den>
			<cas>18:00</cas>
		</datum>
		<sleva>
			<druh>student</druh>
			<mnozstvi>500kč</mnozstvi>
		</sleva>	
</listek>

	<listek id_listku="kcdkl" id_udalosti="awih" id_zajemce="wpeif">
	<cena_listku>680</cena_listku>
	<misto_udalosti>Divadlo Ponec</misto_udalosti>
		<doruceni_listku>
			<misto>Pobocka Praha-Nusle</misto>
			<platba>hotově</platba>
			<bonus_k_listku src="listek.ktf"/>
		</doruceni_listku>
	
		<hlediste>
			<sektor>F45</sektor>
			<rada>8</rada>
			<sedadlo>50</sedadlo>
		</hlediste>
	
		<datum>
			<den>14.5.2000</den>
			<cas>19:00</cas>
		</datum>
	
		<sleva>
			<druh>student</druh>
			<mnozstvi>150kč</mnozstvi>
		</sleva>
</listek>

</listky>
<udalosti>
	<udalost id_udalosti="lakds">
		<poradatel>T-mobile</poradatel>
		<sponzori>Persea,Konica,T-mobile</sponzori>
		<koncert>
			<ucinkujici>kapela</ucinkujici>
			<nazev>Kabat</nazev>
			<nastroj>zpěv</nastroj>
			<nastroj>elektricka kytara</nastroj>
			<nastroj>basova kytara</nastroj>
			<nastroj>bicí</nastroj>
			<nastroj>kytara</nastroj>
			<zanr>Hard Rock</zanr>
			<narodnost>Česká</narodnost>
			<popis>je česká rocková skupina z Teplic existující od roku 1983 z &prom;</popis>
			<clenove>
				<jmeno>Josef Vojtek</jmeno>
				<vek>45</vek>
				<nastroj>zpev</nastroj>
			</clenove>
		</koncert>
	</udalost>

	<udalost id_udalosti="awih">
		<poradatel>Sazka</poradatel>
		<sponzori>Hyundai,AXA,VZP</sponzori>
		<koncert>
			<ucinkujici>zpěváci</ucinkujici>
			<nazev>Golem</nazev>
			<nastroj>zpěv</nastroj>
			<nastroj>klávesy</nastroj>
			<nastroj>piáno</nastroj>
			<nastroj>harfa</nastroj>
			<nastroj>kytara</nastroj>
			<zanr>Drama</zanr>
			<narodnost>CZE</narodnost>
			<popis>syntetický dramatický žánr, jenž spojuje literaturu a hudbu</popis>
			<clenove>
				<jmeno>Ivana Stašová</jmeno>
				<vek>45</vek>
				<nastroj>zpev</nastroj>
			</clenove>
		</koncert>
	</udalost>
</udalosti>

<zajemci>
<zajemce id_zajemce="spodj" vip="ano">
<jmeno_zajemce>Petr Jobek</jmeno_zajemce>
<RC>651816/6512</RC>
<e-mail>petr.jobek@seznam.cz</e-mail>
<telefon>607154612</telefon>
<adresa>
	<ulice>Vaňkova 45</ulice>
	<psc>65495</psc>
	<mesto>Praha</mesto>
</adresa>
<druh_listku>
	<cena>klasická</cena>
	<sleva_listku>ano</sleva_listku>
</druh_listku>
</zajemce>

<zajemce id_zajemce="wpeif" vip="ano">
<jmeno_zajemce>Radim Uzel</jmeno_zajemce>
<RC>901107/9475</RC>
<e-mail>uzel.radim@seznam.cz</e-mail>
<telefon>604516321</telefon>
<adresa>
	<ulice>Ječná 17</ulice>
	<psc>160 01</psc>
	<mesto>Praha 2</mesto>
</adresa>
<druh_listku>
	<cena>klasická</cena>
	<sleva_listku>ne</sleva_listku>
</druh_listku>
</zajemce>
</zajemci>

</rezervace>
<rezervace>

<listky>

	<listek id_listku="mcvn" id_udalosti="skhf" id_zajemce="pwed">
	<cena_listku>1500</cena_listku>
	<misto_udalosti>Praha Synot Tip Arena</misto_udalosti>
	<doruceni_listku>
			<misto>Pobocka Praha-Vršovice</misto>
			<platba>hotově</platba>
			<bonus_k_listku src="kupon.doc"/>
	</doruceni_listku>
	<hlediste>
			<sektor>D4</sektor>
			<rada>7</rada>
			<sedadlo>18</sedadlo>
	</hlediste>
		<datum>
			<den>16.4.2007</den>
			<cas>19:00</cas>
		</datum>
		<sleva>
			<druh>senior</druh>
			<mnozstvi>100kč</mnozstvi>
		</sleva>	
</listek>

	<listek id_listku="comx" id_udalosti="yxn" id_zajemce="cncd">
	<cena_listku>850</cena_listku>
	<misto_udalosti>Divadlo Karlín</misto_udalosti>
		<doruceni_listku>
			<misto>Pobocka Praha-Karlín</misto>
			<platba>hotově</platba>
			<bonus_k_listku src="listek.pf"/>
		</doruceni_listku>
	
		<hlediste>
			<sektor>K5</sektor>
			<rada>9</rada>
			<sedadlo>15</sedadlo>
		</hlediste>
	
		<datum>
			<den>18.9.2002</den>
			<cas>19:50</cas>
		</datum>
	
		<sleva>
			<druh>ZTP</druh>
			<mnozstvi>400kč</mnozstvi>
		</sleva>
</listek>

</listky>
<udalosti>
	<udalost id_udalosti="skhf">
		<poradatel>LG</poradatel>
		<sponzori>ING,EATON,O2</sponzori>
		<koncert>
			<ucinkujici>kapela</ucinkujici>
			<nazev>Alkehol</nazev>
			<nastroj>zpěv</nastroj>
			<nastroj>elektricka kytara</nastroj>
			<nastroj>basova kytara</nastroj>
			<nastroj>bicí</nastroj>
			<nastroj>kytara</nastroj>
			<zanr>Rock</zanr>
			<narodnost>CZE</narodnost>
			<popis>Alkehol je česká rocková hudební skupina, která vznikla v roce 1991.</popis>
			<clenove>
				<jmeno>Ota Hereš</jmeno>
				<vek>45</vek>
				<nastroj>elektricka kytara</nastroj>
			</clenove>
		</koncert>
	</udalost>

	<udalost id_udalosti="yxn">
		<poradatel>Prima</poradatel>
		<sponzori>Renault,HP,Generali</sponzori>
		<koncert>
			<ucinkujici>zpěváci</ucinkujici>
			<nazev>Noc na Karlštejně</nazev>
			<nastroj>zpěv</nastroj>
			<nastroj>klávesy</nastroj>
			<nastroj>piáno</nastroj>
			<nastroj>harfa</nastroj>
			<nastroj>kytara</nastroj>
			<zanr>Drama</zanr>
			<narodnost>CZE</narodnost>
			<popis>syntetický dramatický žánr, jenž spojuje literaturu, hudbu a &prom2;</popis>
			<clenove>
				<jmeno>Ivana Chýlková</jmeno>
				<vek>40</vek>
				<nastroj>zpev</nastroj>
			</clenove>
		</koncert>
	</udalost>
</udalosti>

<zajemci>
<zajemce id_zajemce="pwed" vip="ne">
<jmeno_zajemce>Jan Marek</jmeno_zajemce>
<RC>690215/6512</RC>
<e-mail>marek.jan@google.com</e-mail>
<telefon>602654945</telefon>
<adresa>
	<ulice>Zelená 2</ulice>
	<psc>150 15</psc>
	<mesto>Praha</mesto>
</adresa>
<druh_listku>
	<cena>klasická</cena>
	<sleva_listku>ne</sleva_listku>
</druh_listku>
</zajemce>

<zajemce id_zajemce="cncd" vip="ano">
<jmeno_zajemce>Karel Roušar</jmeno_zajemce>
<RC>850315/9245</RC>
<e-mail>rousar.karel@seznam.cz</e-mail>
<telefon>605174952</telefon>
<adresa>
	<ulice>Malá 53</ulice>
	<psc>142 01</psc>
	<mesto>Kladno 6</mesto>
</adresa>
<druh_listku>
	<cena>nízká</cena>
	<sleva_listku>ano</sleva_listku>
</druh_listku>
</zajemce>
</zajemci>

</rezervace>
<rezervace>

<listky>

	<listek id_listku="akld" id_udalosti="awodk" id_zajemce="xpoam">
	<cena_listku>1000</cena_listku>
	<misto_udalosti>Pardubice Arena</misto_udalosti>
	<doruceni_listku>
			<misto>Pobocka Pardubice-Dubina</misto>
			<platba>kartou</platba>
			<bonus_k_listku src="kupon.docx"/>
	</doruceni_listku>
	<hlediste>
			<sektor>C2</sektor>
			<rada>10</rada>
			<sedadlo>8</sedadlo>
	</hlediste>
		<datum>
			<den>15.3.2010</den>
			<cas>20:30</cas>
		</datum>
		<sleva>
			<druh>senior</druh>
			<mnozstvi>150kč</mnozstvi>
		</sleva>	
</listek>

	<listek id_listku="cnkd" id_udalosti="aow" id_zajemce="cncw">
	<cena_listku>500</cena_listku>
	<misto_udalosti>Městské divadlo Pardubice</misto_udalosti>
		<doruceni_listku>
			<misto>Pobocka Pardubice-Dukla</misto>
			<platba>hotově</platba>
			<bonus_k_listku src="listek.kot"/>
		</doruceni_listku>
	
		<hlediste>
			<sektor>A5</sektor>
			<rada>12</rada>
			<sedadlo>2</sedadlo>
		</hlediste>
	
		<datum>
			<den>18.5.2004</den>
			<cas>19:40</cas>
		</datum>
	
		<sleva>
			<druh>student</druh>
			<mnozstvi>100kč</mnozstvi>
		</sleva>
</listek>

</listky>
<udalosti>
	<udalost id_udalosti="awodk">
		<poradatel>CSOB</poradatel>
		<sponzori>TESCO,ETA,KAVALE</sponzori>
		<koncert>
			<ucinkujici>kapela</ucinkujici>
			<nazev>R.E.M</nazev>
			<nastroj>zpěv</nastroj>
			<nastroj>elektricka kytara</nastroj>
			<nastroj>basova kytara</nastroj>
			<nastroj>bicí</nastroj>
			<nastroj>kytara</nastroj>
			<zanr>PoP</zanr>
			<narodnost>USA</narodnost>
			<popis>R.E.M byla americká rocková skupina založená v roce 1980.</popis>
			<clenove>
				<jmeno>Peter Buck</jmeno>
				<vek>49</vek>
				<nastroj>elektricka kytara</nastroj>
			</clenove>
		</koncert>
	</udalost>

	<udalost id_udalosti="aow">
		<poradatel>Sazka</poradatel>
		<sponzori>Hyundai,AVAST,ASUS</sponzori>
		<koncert>
			<ucinkujici>herci</ucinkujici>
			<nazev>Divoká Káča</nazev>
			<nastroj>zpěv</nastroj>
			<nastroj>klávesy</nastroj>
			<nastroj>piáno</nastroj>
			<nastroj>harfa</nastroj>
			<nastroj>kytara</nastroj>
			<zanr>drama</zanr>
			<narodnost>CZE</narodnost>
			<popis>syntetický dramatický žánr, jenž spojuje literaturu, hudbu a &prom2;</popis>
			<clenove>
				<jmeno>Ivana Janů</jmeno>
				<vek>44</vek>
				<nastroj>harfa</nastroj>
			</clenove>
		</koncert>
	</udalost>
</udalosti>

<zajemci>
<zajemce id_zajemce="xpoam" vip="ano">
<jmeno_zajemce>Jana Adamová</jmeno_zajemce>
<RC>750627/6521</RC>
<e-mail>adamova.jana@atlas.cz</e-mail>
<telefon>723615947</telefon>
<adresa>
	<ulice>17. listopadu 2</ulice>
	<psc>142 95</psc>
	<mesto>Pardubice</mesto>
</adresa>
<druh_listku>
	<cena>vyšší</cena>
	<sleva_listku>ano</sleva_listku>
</druh_listku>
</zajemce>

<zajemce id_zajemce="cncw" vip="ne">
<jmeno_zajemce>Oskar Majer</jmeno_zajemce>
<RC>610206/4695</RC>
<e-mail>majer.oskar@seznam.cz</e-mail>
<telefon>605495133</telefon>
<adresa>
	<ulice>Soukenická 17</ulice>
	<psc>165 11</psc>
	<mesto>Parudbice</mesto>
</adresa>
<druh_listku>
	<cena>klasická</cena>
	<sleva_listku>ano</sleva_listku>
</druh_listku>
</zajemce>
</zajemci>

</rezervace>

</Ticketstream>