
<authors>
	<author>
		<fname>Terry</fname>
		<sname>Prachett</sname>
		<birth>1948</birth>
		<books>
			<book>Uzasna zemeplocha Kolekce</book>
			<book>Dobra znameni</book>
		</books>
	</author>
	<author>
		<fname>F.M.</fname>
		<sname>Dostojevsky</sname>
		<birth>1821</birth>
		<death>1881</death>
		<books>
			<book>Idiot</book>
			<book>Zlocin a trest</book>
		</books>
	</author>
	<author>
		<sname>Tolstoj</sname>
		<birth>1910</birth>
		<death>1928</death>
		<books>
			<book>Anna Karenina</book>
			<book>Vojna a mir</book>
		</books>
	</author>
	<author>
		<fname>Claudio</fname>
		<sname>Casini</sname>
		<birth>1977</birth>
	</author>
	<author>
		<fname>Jachym</fname>
		<sname>Topol</sname>
		<birth>1962</birth>
	</author>
	
</authors>