
<family>
	<man>Bob</man>
	<woman>Anna</woman>
	<man_parents>
		<family>
			<man>Karel</man>
			<woman>Cecilie</woman>
			<man_parents>
				<family>
					<man>David</man>
					<woman>Klara</woman>
				</family>
			</man_parents>
			<woman_parents>
				<family>
					<man>Milos</man>
					<woman>Jana</woman>
				</family>
			</woman_parents>
		</family>
	</man_parents>
	<woman_parents>
		<family>
			<man>Ondra</man>
			<woman>Bara</woman>
			
			<man_parents>
				<family>
					<man>Robert</man>
					<woman>Alzbeta</woman>
				</family>
			</man_parents>
			<woman_parents>
				<family>
					<man>Tomas</man>
					<woman>Petr</woman>
					
					<man_parents>
						<family>
							<man>Gertruda</man>
							<woman>Kudu</woman>
						</family>
					</man_parents>
					
				</family>
				
			</woman_parents>

			
			
		</family>
	</woman_parents>
	
	
</family>