<?xml version="1.0" encoding="UTF-8"?>
<autokosla>
	<skolitel>
		<uzivatel>vytasilj</uzivatel>
		<salary>20000</salary>	
		<podrizeni>
			<zam>
				<uzivatel>kajinek</uzivatel>
			</zam>
		</podrizeni>
	</skolitel>
	<skolitel>
		<uzivatel>pepa</uzivatel>
		<salary>15000</salary>		
		<podrizeni>
			<zam>
				<uzivatel>pavel</uzivatel>
			</zam>
		</podrizeni>
	</skolitel>
	<skolitel>
		<uzivatel>pavel</uzivatel>
		<salary>5000</salary>		
	</skolitel>
	<skolitel>
		<uzivatel>kajinek</uzivatel>
		<salary>5000</salary>
	</skolitel>
	<skolitel>
		<uzivatel>pavel</uzivatel>
		<kom>smazat</kom>
	</skolitel>
</autokosla>