<?xml version="1.0" encoding="UTF-8" standalone="no"?>
<?xml-stylesheet type="text/css" href="style.css"?>
<!-- processing instruction -->
<!-- DOCTYPE definition -->
<!DOCTYPE bookstore SYSTEM "data.dtd">
<!-- data definition -->
<bookstore>
	<!-- catalog of books -->
	<catalog>
		<book isbn="i9788055123622">
			<title>Nákaza</title>
			<title_original>The Fall</title_original>
			<author>Guillermo del Toro</author>
			<author>Chuck Hogan</author>
			<category>Adventure</category>
			<category>Thriller</category>
			<price>
				<amount>11.12</amount>
				<currency>EUR</currency>
			</price>
			<pages>264</pages>
			<publish_date>2011</publish_date>
			<publisher>Ikar</publisher>
			<language>SVK</language>
			<description>Druhý diel upírskej trilógie, pokračovanie úspešných Žihadiel. Na planétu padá súmrak, nočné príšery obsadzujú Zem. New York a postupne aj zvyšok sveta podliehajú nákaze, ktorá mení ľudí na upírov. Žiaľ, len málokto vie, aká je skutočná príčina epidémie, a tak sa zdá, že Majster – zlovestný prastarý upír – čoskoro ovládne svet. Na čele vzdoru stojí čudná hŕstka odhodlaných. Ak chcú odvážlivci zastaviť pád ľudstva, musia stoj čo stoj získať vzácnu ručne písanú knihu. V jej strieborných doskách je ukrytý kľúč na vykynoženie nemŕtvych...</description>
		</book>
		<book isbn="i9780340896969">
			<title>One day</title>
			<title_original>One day</title_original>
			<author>David Nicholls</author>
			<category>Drama</category>
			<price>
				<amount>7.40</amount>
				<currency>EUR</currency>
			</price>
			<pages>448</pages>
			<publish_date>2009</publish_date>
			<publisher><![CDATA[Hodder & Stoughton]]></publisher>
			<language>ENG</language>
			<description>'A wonderful, wonderful book: wise, funny, perceptive, compassionate and often unbearably sad. The best British social novel since Jonathan Coe's What a Carve Up!'</description>
		</book>
		<book isbn="i9788073461249">
			<title>Místa české historie</title>
			<title_original>Místa české historie</title_original>
			<category>History</category>
			<price>
				<amount>11.29</amount>
				<currency>EUR</currency>
			</price>
			<pages>160</pages>
			<publish_date>2011</publish_date>
			<publisher>Rubico</publisher>
			<language>CZE</language>
			<description>Kniha přibližuje místa, na kterých se odehrály události důležité pro českou historii. Například bitva na Bílé Hoře, u Slavkova, zavraždění Ludmily, čarodějnické procesy, poprava českých pánů a mnoho dalších. V knize je popsána samotná událost, historické dokumenty i současná podoba místa.</description>
		</book>
		<book isbn="i9788024736754">
			<title>Lektorské finty</title>
			<title_original>Lektorské finty</title_original>
			<category>Coursebook</category>
			<price>
				<amount>5.68</amount>
				<currency>EUR</currency>
			</price>
			<pages>111</pages>
			<publish_date>2011</publish_date>
			<publisher>Grada</publisher>
			<language>CZE</language>
			<description>Praktická a názorná knížka přináší zejména začínajícím lektorům, trenérům a učitelům tipy a příklady, jak zkvalitnit svá školení. V aktualizovaném a rozšířeném vydání příručky naleznete například lektorský manuál včetně jeho ukázek a řadu nových kreativních technik a jejich příkladů. Dále se dozvíte se, čím se liší dobrý a špatný lektor, jak posluchače vtáhnout do výuky, jak získat a udržet jejich pozornost, jak uvádět příklady a dávat zpětnou vazbu. Hlavní pozornost je věnována interaktivitě při výuce, které se řada lektorů stále brání.</description>
		</book>
		<book isbn="i9788080856816">
			<title>Prekliate miesto </title>
			<category>Fantasy</category>
			<price>
				<amount>5.97</amount>
				<currency>EUR</currency>
			</price>
			<pages>304</pages>
			<publish_date>2009</publish_date>
			<publisher>Slovart</publisher>
			<language>SVK</language>
			<description>Komisár Jean-Baptiste Adamsberg cestuje do Londýna na trojdňovú konferenciu. Anglický kolega ho zasvätí do tajomstva starého londýnskeho cintorína, pred ktorým sa nájde hromada starých topánok, pekne zoradených, špičkami smerom k hlavnému vchodu. Lenže topánky nie sú prázdne, sú v nich aj odrezané nohy. Po návrate do Paríža však hlavný komisár pustí celú vec z hlavy, pretože ho čaká nový prípad. Brutálny, strašný. Obeťou vraždy je osamelý bohatý, starý novinár, ktorého telo nájdu doslova roztrúsené po celom byte. Adamsberga kontaktuje kolega z Viedne a oznámi mu, že podobný prípad sa pred časom stal aj tam. Začína sa zložité pátranie. Stopy vedú až do srbskej dedinky, v ktorej žil a zomrel vampír Peter Blagojevic. Adamsberg vyšetruje na mieste činu, ocitne sa v hrobke so starými mŕtvolami, ale našťastie ho zachráni bývalý kolega, ktorý ho sleduje. Kto si myslí, že Vlad Dracula bol jediný svojho druhu, hlboko sa mýli.
				<anchor href="http://www.martinus.sk/?uItem=67411"/>
			</description>
		</book>

	</catalog>
	<!-- list of orders -->
	<orders>
		<order>
			<customer>
				<name titul="None">Janko Mrkvička</name>
				<address>
					<street>Záhradnícka</street>
					<street_number>123</street_number>
					<city>Konopná</city>
					<zip_code>987 65</zip_code>
					<state/>
					<country>Slovenská Republika</country>
				</address>
			</customer>
			<date>13-03-2011</date>
			<shopping_cart>
				<item bisbn="i9788055123622"/>
				<item bisbn="i9788024736754" />
			</shopping_cart>
		</order>
		<order>
			<customer>
				<name titul="Doc.">Sonička Učená</name>
				<address>
					<city>Východná</city>
					<zip_code>123 45</zip_code>
					<country>Slovenská Republika</country>
				</address>
			</customer>
			<date>11-01-2011</date>
			<shopping_cart>
				<item bisbn="i9780340896969" />
				<item bisbn="i9788024736754" />
				<item bisbn="i9788024736754" />
			</shopping_cart>
		</order>
	</orders>
	<info>Súbor vytvorený 14-03-2011 &#169; Tomáš Dzurenko</info>
</bookstore>