<?xml version="1.0" encoding="utf-8"?>
<!DOCTYPE hraci SYSTEM "data.dtd">
<!--Inšpirované databázou hráčov hry counter-strike 1.6 z serverov vcielkacs.sk-->
<hraci>
  <head>
    <title>Databáza hráčov CS 1.6</title>
  </head>
  <hrac nick="prvy" cislo="00001">
    <info ban="no">
      <pripojenie>
        <!--zoznam ipciek-->
        <ip>1.1.1.1</ip>
        <ip>1.1.1.2</ip>
        <ip>1.1.1.3</ip>
        <!--average latency in ms-->
        <latency>5</latency>
      </pripojenie>
      <real_name>&quote;Alexander Velky&quote;</real_name>
      <email></email>
      <umiestnenie rank="2"/>
      <steam steam_id="STEAM_0:0:1234567"/>
    </info>
    <statistiky>
      <hlavne>
        <kills-all>254</kills-all>
        <deaths>220</deaths>
      </hlavne>
      <zbrane>
        <!--Bundeswehr Advanced Combat Knife-->
        <knife>
          <kills>1</kills>
          <headshots>0</headshots>
          <accuracy>100</accuracy>
        </knife>

        <!--H&K USP .45 Tactical-->
        <usp>
          <kills>4</kills>
          <headshots>1</headshots>
          <accuracy>11,5</accuracy>
        </usp>
        <!--Glock 18 Select Fire-->
        <glock>
          <kills>2</kills>
          <headshots>2</headshots>
          <accuracy>10,8</accuracy>
        </glock>
        <!--Desert Eagle .50AE-->
        <deagle>
          <kills>30</kills>
          <headshots>7</headshots>
          <accuracy>22,5</accuracy>
        </deagle>
        <!--Sig Sauer P-228-->
        <p-228></p-228>
        <!--Dual Beretta 96G Elite-->
        <dual></dual>
        <!--FN Five-Seven-->
        <five-seven></five-seven>

        <!--Benelli M3 Super 90 Combat-->
        <m3></m3>
        <!--Benelli/H&K M4 Super 90 XM1014-->
        <xm1014></xm1014>

        <!--Ingram MAC-10-->
        <ingram></ingram>
        <!--Steyr Tactical Machine Pistol-->
        <stmp></stmp>
        <!--H&K MP5-Navy-->
        <mp5>
          <kills>15</kills>
          <headshots>6</headshots>
          <accuracy>21,3</accuracy>
        </mp5>
        <!--H&K UMP45-->
        <ump45></ump45>
        <!--FN P90-->
        <p90></p90>

        <!--Fusil Automatique-->
        <famas></famas>
        <!--Colt M4A1 Carbine-->
        <m4>
          <kills>103</kills>
          <headshots>12</headshots>
          <accuracy>27,4</accuracy>
        </m4>
        <!--Steyr Aug-->
        <steyr></steyr>
        <!--Galil-->
        <galil></galil>
        <!--Kalashnikov AK-47-->
        <ak-47>
          <kills>97</kills>
          <headshots>50</headshots>
          <accuracy>25,6</accuracy>
        </ak-47>
        <!--Sig Sauer SG-552 Commando-->
        <kreig></kreig>
        <!--Steyr Scout-->
        <scout></scout>
        <!--Arctic Warfare Magnum-->
        <awm></awm>
        <!--H&K G3/SG1 Sniper Rifle-->
        <HaK_G3></HaK_G3>
        <!--Sig SG-550 Sniper-->
        <SG-550></SG-550>

        <!--M249 PARA Light Machine Gun-->
        <m249></m249>

        <!--High Explosive Grenade-->
        <he>
          <kills>2</kills>
          <headshots>0</headshots>
          <accuracy>37,4</accuracy>
        </he>
      </zbrane>
      <akcie>
        <!--Plant the Bomb-->
        <plant>42</plant>
        <!--Defuse the Bomb-->
        <defuse>6</defuse>
        <!--Rescue a Hostage-->
        <hostage>0</hostage>

        <!--info o viackrat zabitiach za kolo-->
        <!--2 zabity za kolo-->
        <double-kill>16</double-kill>
        <!--3 zabity za kolo-->
        <triple-kill>5</triple-kill>
        <!--4 zabity za kolo-->
        <domination>1</domination>
        <!--5 zabity za kolo-->
        <rampage>0</rampage>
        <!--6 zabity za kolo-->
        <mega-kill>0</mega-kill>
        <!--7 zabity za kolo-->
        <ownage>0</ownage>
        <!--8 zabity za kolo-->
        <ultra-kill>0</ultra-kill>
        <!--9 zabity za kolo-->
        <killing-spree>0</killing-spree>
        <!--10 zabity za kolo-->
        <monster-kill>0</monster-kill>
        <!--11 zabity za kolo-->
        <unstoppable>0</unstoppable>
        <!--12+ zabity za kolo (viac ani nema zmysel)-->
        <god-like>0</god-like>
      </akcie>
    </statistiky>
  </hrac>
  <hrac nick="druhy" cislo="00002">
    <info ban="no">
      <pripojenie>
        <!--zoznam ipciek-->
        <ip>8.3.4.7</ip>
        <ip>27.41.19.2</ip>
        <ip>8.3.4.9</ip>
        <!--average latency in ms-->
        <latency>15</latency>
      </pripojenie>
      <real_name>&quote;Napoleon Maly&quote;</real_name>
      <email>napoleon@maly.fr</email>
      <umiestnenie rank="30"/>
      <steam steam_id="STEAM_0:0:7654321"/>
    </info>
    <statistiky>
      <hlavne>
        <kills-all>110</kills-all>
        <deaths>40</deaths>
      </hlavne>
      <zbrane>
        <!--Bundeswehr Advanced Combat Knife-->
        <knife></knife>

        <!--H&K USP .45 Tactical-->
        <usp>
          <kills>2</kills>
          <headshots>0</headshots>
          <accuracy>17,5</accuracy>
        </usp>
        <!--Glock 18 Select Fire-->
        <glock></glock>
        <!--Desert Eagle .50AE-->
        <deagle>
          <kills>7</kills>
          <headshots>6</headshots>
          <accuracy>22,5</accuracy>
        </deagle>
        <!--Sig Sauer P-228-->
        <p-228></p-228>
        <!--Dual Beretta 96G Elite-->
        <dual></dual>
        <!--FN Five-Seven-->
        <five-seven></five-seven>

        <!--Benelli M3 Super 90 Combat-->
        <m3>
          <kills>7</kills>
          <headshots>4</headshots>
          <accuracy>52,5</accuracy>
        </m3>
        <!--Benelli/H&K M4 Super 90 XM1014-->
        <xm1014></xm1014>

        <!--Ingram MAC-10-->
        <ingram></ingram>
        <!--Steyr Tactical Machine Pistol-->
        <stmp></stmp>
        <!--H&K MP5-Navy-->
        <mp5></mp5>
        <!--H&K UMP45-->
        <ump45></ump45>
        <!--FN P90-->
        <p90></p90>

        <!--Fusil Automatique-->
        <famas></famas>
        <!--Colt M4A1 Carbine-->
        <m4>
          <kills>42</kills>
          <headshots>10</headshots>
          <accuracy>22,4</accuracy>
        </m4>
        <!--Steyr Aug-->
        <steyr></steyr>
        <!--Galil-->
        <galil>
          <kills>1</kills>
          <headshots>0</headshots>
          <accuracy>45,6</accuracy>
        </galil>
        <!--Kalashnikov AK-47-->
        <ak-47>
          <kills>4</kills>
          <headshots>0</headshots>
          <accuracy>25,6</accuracy>
        </ak-47>
        <!--Sig Sauer SG-552 Commando-->
        <kreig></kreig>
        <!--Steyr Scout-->
        <scout></scout>
        <!--Arctic Warfare Magnum-->
        <awm>
          <kills>40</kills>
          <headshots>3</headshots>
          <accuracy>33,3</accuracy>
        </awm>
        <!--H&K G3/SG1 Sniper Rifle-->
        <HaK_G3></HaK_G3>
        <!--Sig SG-550 Sniper-->
        <SG-550></SG-550>

        <!--M249 PARA Light Machine Gun-->
        <m249></m249>

        <!--High Explosive Grenade-->
        <he>
          <kills>7</kills>
          <headshots>0</headshots>
          <accuracy>41,4</accuracy>
        </he>
      </zbrane>
      <akcie>
        <!--Plant the Bomb-->
        <plant>4</plant>
        <!--Defuse the Bomb-->
        <defuse>12</defuse>
        <!--Rescue a Hostage-->
        <hostage>0</hostage>

        <!--info o viackrat zabitiach za kolo-->
        <!--2 zabity za kolo-->
        <double-kill>8</double-kill>
        <!--3 zabity za kolo-->
        <triple-kill>7</triple-kill>
        <!--4 zabity za kolo-->
        <domination>3</domination>
        <!--5 zabity za kolo-->
        <rampage>0</rampage>
        <!--6 zabity za kolo-->
        <mega-kill>1</mega-kill>
        <!--7 zabity za kolo-->
        <ownage>0</ownage>
        <!--8 zabity za kolo-->
        <ultra-kill>0</ultra-kill>
        <!--9 zabity za kolo-->
        <killing-spree>0</killing-spree>
        <!--10 zabity za kolo-->
        <monster-kill>0</monster-kill>
        <!--11 zabity za kolo-->
        <unstoppable>0</unstoppable>
        <!--12+ zabity za kolo (viac ani nema zmysel)-->
        <god-like>0</god-like>
      </akcie>
    </statistiky>
  </hrac>
  <hrac nick="cheater" cislo="00123">
    <info ban="yes">
      <pripojenie>
        <!--zoznam ipciek-->
        <ip>131.131.131.131</ip>
        <!--average latency in ms-->
        <latency>98</latency>
      </pripojenie>
      <real_name></real_name>
      <email></email>
      <umiestnenie rank="0"/>
      <!--neumiestneny-->
      <steam steam_id="STEAM_0:0:0049005"/>
    </info>
    <statistiky>
      <hlavne>
        <kills-all>66</kills-all>
        <deaths>1</deaths>
      </hlavne>
      <zbrane>
        <!--Bundeswehr Advanced Combat Knife-->
        <knife>
          <kills>11</kills>
          <headshots>2</headshots>
          <accuracy>100</accuracy>
        </knife>

        <!--H&K USP .45 Tactical-->
        <usp></usp>
        <!--Glock 18 Select Fire-->
        <glock></glock>
        <!--Desert Eagle .50AE-->
        <deagle></deagle>
        <!--Sig Sauer P-228-->
        <p-228></p-228>
        <!--Dual Beretta 96G Elite-->
        <dual></dual>
        <!--FN Five-Seven-->
        <five-seven></five-seven>

        <!--Benelli M3 Super 90 Combat-->
        <m3></m3>
        <!--Benelli/H&K M4 Super 90 XM1014-->
        <xm1014></xm1014>

        <!--Ingram MAC-10-->
        <ingram></ingram>
        <!--Steyr Tactical Machine Pistol-->
        <stmp></stmp>
        <!--H&K MP5-Navy-->
        <mp5></mp5>
        <!--H&K UMP45-->
        <ump45></ump45>
        <!--FN P90-->
        <p90></p90>

        <!--Fusil Automatique-->
        <famas></famas>
        <!--Colt M4A1 Carbine-->
        <m4></m4>
        <!--Steyr Aug-->
        <steyr></steyr>
        <!--Galil-->
        <galil></galil>
        <!--Kalashnikov AK-47-->
        <ak-47></ak-47>
        <!--Sig Sauer SG-552 Commando-->
        <kreig></kreig>
        <!--Steyr Scout-->
        <scout></scout>
        <!--Arctic Warfare Magnum-->
        <awm></awm>
        <!--H&K G3/SG1 Sniper Rifle-->
        <HaK_G3></HaK_G3>
        <!--Sig SG-550 Sniper-->
        <SG-550></SG-550>

        <!--M249 PARA Light Machine Gun-->
        <m249>
          <kills>55</kills>
          <headshots>25</headshots>
          <accuracy>88,2</accuracy>
        </m249>

        <!--High Explosive Grenade-->
        <he></he>
      </zbrane>
      <akcie>
        <!--Plant the Bomb-->
        <plant>0</plant>
        <!--Defuse the Bomb-->
        <defuse>0</defuse>
        <!--Rescue a Hostage-->
        <hostage>0</hostage>

        <!--info o viackrat zabitiach za kolo-->
        <!--2 zabity za kolo-->
        <double-kill>0</double-kill>
        <!--3 zabity za kolo-->
        <triple-kill>0</triple-kill>
        <!--4 zabity za kolo-->
        <domination>1</domination>
        <!--5 zabity za kolo-->
        <rampage>1</rampage>
        <!--6 zabity za kolo-->
        <mega-kill>6</mega-kill>
        <!--7 zabity za kolo-->
        <ownage>3</ownage>
        <!--8 zabity za kolo-->
        <ultra-kill>0</ultra-kill>
        <!--9 zabity za kolo-->
        <killing-spree>0</killing-spree>
        <!--10 zabity za kolo-->
        <monster-kill>0</monster-kill>
        <!--11 zabity za kolo-->
        <unstoppable>0</unstoppable>
        <!--12+ zabity za kolo (viac ani nema zmysel)-->
        <god-like>0</god-like>
      </akcie>
    </statistiky>
  </hrac>
  <hrac nick="random" cislo="00237">
    <info ban="no">
      <pripojenie>
        <!--zoznam ipciek-->
        <ip>89.47.23.145</ip>
        <!--average latency in ms-->
        <latency>25</latency>
      </pripojenie>
      <real_name>&quote;Nepoviem Vam&quote;</real_name>
      <email>haha@uz.cz</email>
      <umiestnenie rank="35"/>
      <steam steam_id="STEAM_0:0:1025379"/>
    </info>
    <statistiky>
      <hlavne>
        <kills-all>195</kills-all>
        <deaths>70</deaths>
      </hlavne>
      <zbrane>
        <!--Bundeswehr Advanced Combat Knife-->
        <knife>
          <kills>6</kills>
          <headshots>0</headshots>
          <accuracy>100</accuracy>
        </knife>

        <!--H&K USP .45 Tactical-->
        <usp>
          <kills>20</kills>
          <headshots>5</headshots>
          <accuracy>27,5</accuracy>
        </usp>
        <!--Glock 18 Select Fire-->
        <glock>
          <kills>8</kills>
          <headshots>2</headshots>
          <accuracy>20,8</accuracy>
        </glock>
        <!--Desert Eagle .50AE-->
        <deagle>
          <kills>30</kills>
          <headshots>7</headshots>
          <accuracy>24,5</accuracy>
        </deagle>
        <!--Sig Sauer P-228-->
        <p-228></p-228>
        <!--Dual Beretta 96G Elite-->
        <dual></dual>
        <!--FN Five-Seven-->
        <five-seven></five-seven>

        <!--Benelli M3 Super 90 Combat-->
        <m3></m3>
        <!--Benelli/H&K M4 Super 90 XM1014-->
        <xm1014></xm1014>

        <!--Ingram MAC-10-->
        <ingram></ingram>
        <!--Steyr Tactical Machine Pistol-->
        <stmp></stmp>
        <!--H&K MP5-Navy-->
        <mp5>
          <kills>27</kills>
          <headshots>3</headshots>
          <accuracy>23,3</accuracy>
        </mp5>
        <!--H&K UMP45-->
        <ump45></ump45>
        <!--FN P90-->
        <p90></p90>

        <!--Fusil Automatique-->
        <famas></famas>
        <!--Colt M4A1 Carbine-->
        <m4>
          <kills>1</kills>
          <headshots>1</headshots>
          <accuracy>20,4</accuracy>
        </m4>
        <!--Steyr Aug-->
        <steyr></steyr>
        <!--Galil-->
        <galil></galil>
        <!--Kalashnikov AK-47-->
        <ak-47>
          <kills>40</kills>
          <headshots>30</headshots>
          <accuracy>24,6</accuracy>
        </ak-47>
        <!--Sig Sauer SG-552 Commando-->
        <kreig></kreig>
        <!--Steyr Scout-->
        <scout>
          <kills>3</kills>
          <headshots>1</headshots>
          <accuracy>70</accuracy>
        </scout>
        <!--Arctic Warfare Magnum-->
        <awm>
          <kills>60</kills>
          <headshots>11</headshots>
          <accuracy>46,4</accuracy>
        </awm>
        <!--H&K G3/SG1 Sniper Rifle-->
        <HaK_G3></HaK_G3>
        <!--Sig SG-550 Sniper-->
        <SG-550></SG-550>

        <!--M249 PARA Light Machine Gun-->
        <m249></m249>

        <!--High Explosive Grenade-->
        <he></he>
      </zbrane>
      <akcie>
        <!--Plant the Bomb-->
        <plant>1</plant>
        <!--Defuse the Bomb-->
        <defuse>5</defuse>
        <!--Rescue a Hostage-->
        <hostage>0</hostage>

        <!--info o viackrat zabitiach za kolo-->
        <!--2 zabity za kolo-->
        <double-kill>5</double-kill>
        <!--3 zabity za kolo-->
        <triple-kill>15</triple-kill>
        <!--4 zabity za kolo-->
        <domination>4</domination>
        <!--5 zabity za kolo-->
        <rampage>1</rampage>
        <!--6 zabity za kolo-->
        <mega-kill>0</mega-kill>
        <!--7 zabity za kolo-->
        <ownage>0</ownage>
        <!--8 zabity za kolo-->
        <ultra-kill>0</ultra-kill>
        <!--9 zabity za kolo-->
        <killing-spree>0</killing-spree>
        <!--10 zabity za kolo-->
        <monster-kill>0</monster-kill>
        <!--11 zabity za kolo-->
        <unstoppable>0</unstoppable>
        <!--12+ zabity za kolo (viac ani nema zmysel)-->
        <god-like>0</god-like>
      </akcie>
    </statistiky>
  </hrac>
  <hrac nick="prazdny_hrac" cislo="00000">
    <info>
      <pripojenie>
        <!--average latency in ms-->
        <latency>0</latency>
      </pripojenie>
      <real_name></real_name>
      <email></email>
      <umiestnenie rank="0"/>
      <steam steam_id="STEAM_0:0:0000000"/>
    </info>
    <statistiky>
      <hlavne>
        <kills-all>0</kills-all>
        <deaths>0</deaths>
      </hlavne>
    </statistiky>
  </hrac>
  <!--datum vypise medzi < a >-->
  <suhrn>
    Hrac <ref id_ref="cheater">0</ref> dostal dňa <![CDATA[
    document.write("<");
  ]]><?php echo Date("d.m.Y") ?><![CDATA[
    document.write(">");
  ]]> ban.
  </suhrn>
</hraci>