<?xml version="1.0" encoding="UTF-8" standalone="no"?>
<?os os-type="unix"?>
<!DOCTYPE banka SYSTEM "data.dtd">
<!-- model reprezentujici banku a jeji pobocky -->
<banka>
	<autor>&autor;</autor>
	<pobocky>
		<pobocka id="P1">
			<vedouci ref_id="Z1"/>
			<adresa>
				<mesto_ulice>
					<mesto>Praha 1</mesto>
					<ulice>Vaclavske nam.</ulice>
				</mesto_ulice>
			</adresa>
		</pobocka>
		<pobocka id="P2">
			<vedouci ref_id="Z3"/>
			<adresa>
					Praha 4 14000, Nuselska
			</adresa>
		</pobocka>
	</pobocky>
	<zamestnanci>
		<zamestnanec id="Z1" pozice="vedouci">
			<uvitaci><![CDATA[<h1>Vítejte na stránkách naší banky</h1><a href="next">pokračujte tudy</a>]]></uvitaci>
			<jmeno>Franta</jmeno>
			<prijmeni>Onasek</prijmeni>
		</zamestnanec>
		<zamestnanec id="Z2" pozice="ucetni">
			<jmeno>Franta</jmeno>
			<prijmeni>Onasek</prijmeni>
		</zamestnanec>
		<zamestnanec id="Z3" pozice="vedouci">
			<jmeno>Franta</jmeno>
			<prijmeni>Onasek</prijmeni>
		</zamestnanec>
		<zamestnanec id="Z4">
			<jmeno>Pavel</jmeno>
			<prijmeni>Buchel</prijmeni>
		</zamestnanec>
		<zamestnanec id="Z5">
			<jmeno>Karel</jmeno>
			<prijmeni>Gott</prijmeni>
		</zamestnanec>
		<zamestnanec id="Z6">
			<jmeno>Martin</jmeno>
			<prijmeni>Vrabl</prijmeni>
		</zamestnanec>
		<zamestnanec id="Z8">
			<jmeno>Ondra</jmeno>
			<prijmeni>Selno</prijmeni>
		</zamestnanec>
		<zamestnanec id="Z9">
			<jmeno>Jirka</jmeno>
			<prijmeni>Pokladek</prijmeni>
		</zamestnanec>
		<zamestnanec id="Z10" bydliste="Nusle">
			<jmeno>Pepa</jmeno>
			<prijmeni>Frantl</prijmeni>
		</zamestnanec>
		<zamestnanec id="Z11">
			<jmeno>Pepa</jmeno>
			<prijmeni>Frantl</prijmeni>
		</zamestnanec>
	</zamestnanci>
</banka>
