<?xml version="1.0"?>
<!DOCTYPE utkani SYSTEM "utkani.dtd">
<utkani datum="11.02.2011" misto="Praha" vitez="domaci">	
	<informace>
		<rozhodci jmeno="Barack Obama" />
		<rozhodci jmeno="Angela Merkelova" />
		<tym-domaci jmeno="Bk Dinosauri" />
		<tym-hoste jmeno="Bk Kvazisauri" />
		<vysledek domaci="102" hoste="101" />
		<report>
		<![CDATA[
			<h1>Bk Dinosauri x Bk Kvazisauri - 102 : 101</h1>
			<h3>11.02.2011 - Praha, Folimanka</h3>
			<p>Lorem ipsum dolor sit amet, consectetur adipiscing elit. Mauris elementum augue eget elit adipiscing nec rhoncus diam suscipit. Donec sit amet neque eros, a malesuada arcu. Donec blandit mollis tellus, ut hendrerit sem mollis in. Class aptent taciti sociosqu ad litora torquent per conubia nostra, per inceptos himenaeos. Quisque viverra accumsan tempor. Pellentesque eu massa orci, eget commodo urna. Sed mattis mauris vel massa consequat fermentum. Nam elit nulla, faucibus vel blandit ut, scelerisque pharetra urna. Cum sociis natoque penatibus et magnis dis parturient montes, nascetur ridiculus mus. Donec dapibus accumsan neque interdum rutrum. Morbi adipiscing tincidunt commodo. Duis velit purus, dictum quis pellentesque ac, congue sit amet sapien. Aenean semper, mauris id interdum scelerisque, arcu tortor sollicitudin diam, sit amet pretium quam purus quis nisl. Nunc sollicitudin bibendum orci, et consequat odio congue non. </p>
			<p>Nulla mauris metus, rutrum at tincidunt et, tristique sed nunc. Fusce gravida aliquet ullamcorper. Sed sed ipsum sem, a accumsan augue. Sed accumsan, libero eget pulvinar sollicitudin, est elit gravida risus, et pretium neque turpis hendrerit sem. Donec velit mauris, tincidunt et placerat id, pellentesque id arcu. Aenean sed arcu arcu, nec pulvinar erat. In tellus erat, blandit ac venenatis a, semper in enim. Integer facilisis pellentesque leo, vitae ultricies dolor lacinia eget. Phasellus quis libero semper turpis feugiat molestie in eu elit. </p>
			]]>
		</report>
	</informace>
	<domaci>
		<soupiska>
			<trener jmeno="Vaclav Klaus" />
			<hrac-info cislo="d-1" jmeno="Milos Zeman" />
			<hrac-info cislo="d-2" jmeno="Stanislav Gros" />
			<hrac-info cislo="d-3" jmeno="Vladimir Spidla" />
			<hrac-info cislo="d-4" jmeno="Miroslav Kalousek" />
			<hrac-info cislo="d-5" jmeno="Martin Bursik" />
			<hrac-info cislo="d-6" jmeno="Vit Barta" />
			<hrac-info cislo="d-7" jmeno="Jana Bobosikova" />
			<hrac-info cislo="d-8" jmeno="Jan Svejnar" />
			<hrac-info cislo="d-9" jmeno="Josef Dobes" />
			<hrac-info cislo="d-10" jmeno="Radek John" />
			<hrac-info cislo="d-11" jmeno="Stanislava Nemcova" />
		</soupiska>
		<statistika>
			<hrac cislo="d-1" nastoupil="ano">
				<minuty>5</minuty>
				<strelba>
					<trestne-hody pokusy="3" uspesne="2" />
					<dvoubodova pokusy="1" uspesne="1" />
					<tribodova pokusy="1" uspesne="0" />
				</strelba>
				<doskoky>
					<obranne>0</obranne>
					<utocne>0</utocne>
				</doskoky>
			</hrac>
			<hrac cislo="d-2" nastoupil="ano">
				<minuty>25</minuty>
				<strelba>
					<trestne-hody pokusy="5" uspesne="4" />
					<dvoubodova pokusy="7" uspesne="4" />
					<tribodova pokusy="2" uspesne="1" />
				</strelba>
				<doskoky>
					<obranne>3</obranne>
					<utocne>1</utocne>
				</doskoky>
			</hrac>
			<hrac cislo="d-3" nastoupil="ano">
				<minuty>40</minuty>
				<strelba>
					<trestne-hody pokusy="10" uspesne="8" />
					<dvoubodova pokusy="5" uspesne="3" />
					<tribodova pokusy="4" uspesne="3" />
				</strelba>
				<doskoky>
					<obranne>3</obranne>
					<utocne>1</utocne>
				</doskoky>
			</hrac>
			<hrac cislo="d-4" nastoupil="ano">
				<minuty>25</minuty>
				<strelba>
					<trestne-hody pokusy="0" uspesne="0" />
					<dvoubodova pokusy="6" uspesne="5" />
					<tribodova pokusy="3" uspesne="2" />
				</strelba>
				<doskoky>
					<obranne>2</obranne>
					<utocne>0</utocne>
				</doskoky>
			</hrac>
			<hrac cislo="d-5" nastoupil="ne"/>
			<hrac cislo="d-6" nastoupil="ano">
				<minuty>15</minuty>
				<strelba>
					<trestne-hody pokusy="0" uspesne="0" />
					<dvoubodova pokusy="5" uspesne="3" />
					<tribodova pokusy="2" uspesne="0" />
				</strelba>
				<doskoky>
					<obranne></obranne>
					<utocne></utocne>
				</doskoky>
			</hrac>
			<hrac cislo="d-7" nastoupil="ano">
				<minuty>10</minuty>
				<strelba>
					<trestne-hody pokusy="2" uspesne="1" />
					<dvoubodova pokusy="3" uspesne="1" />
					<tribodova pokusy="0" uspesne="0" />
				</strelba>
				<doskoky>
					<obranne>1</obranne>
					<utocne>0</utocne>
				</doskoky>
			</hrac>
			<hrac cislo="d-8" nastoupil="ano">
				<minuty>35</minuty>
				<strelba>
					<trestne-hody pokusy="6" uspesne="5" />
					<dvoubodova pokusy="12" uspesne="10" />
					<tribodova pokusy="0" uspesne="0" />
				</strelba>
				<doskoky>
					<obranne>5</obranne>
					<utocne>2</utocne>
				</doskoky>
			</hrac>
			<hrac cislo="d-9" nastoupil="ano">
				<minuty>25</minuty>
				<strelba>
					<trestne-hody pokusy="2" uspesne="1" />
					<dvoubodova pokusy="5" uspesne="0" />
					<tribodova pokusy="2" uspesne="1" />
				</strelba>
				<doskoky>
					<obranne>1</obranne>
					<utocne>0</utocne>
				</doskoky>
			</hrac>
			<hrac cislo="d-10" nastoupil="ano">
				<minuty>20</minuty>
				<strelba>
					<trestne-hody pokusy="0" uspesne="0" />
					<dvoubodova pokusy="1" uspesne="0" />
					<tribodova pokusy="5" uspesne="3" />
				</strelba>
				<doskoky>
					<obranne>0</obranne>
					<utocne>0</utocne>
				</doskoky>
			</hrac>
			<hrac cislo="d-11" nastoupil="ne"/>
		</statistika>
	</domaci>
	<hoste>
		<soupiska>
			<trener jmeno="Jiri Paroubek" />
			<hrac-info cislo="h-1" jmeno="Ivan Langer" />
			<hrac-info cislo="h-2" jmeno="Mirek Topolanek" />
			<hrac-info cislo="h-3" jmeno="Karel Randak" />
			<hrac-info cislo="h-4" jmeno="David Rath" />
			<hrac-info cislo="h-5" jmeno="Bohuslav Sobotka" />
			<hrac-info cislo="h-6" jmeno="Petr Necas" />
			<hrac-info cislo="h-7" jmeno="Jaroslav Kubera" />
			<hrac-info cislo="h-8" jmeno="Jiri Dienstbier" />
			<hrac-info cislo="h-9" jmeno="Katerina Peak" />
		</soupiska>
		<statistika>
			<hrac cislo="h-1" nastoupil="ano">
				<minuty>40</minuty>
				<strelba>
					<trestne-hody pokusy="10" uspesne="6" />
					<dvoubodova pokusy="12" uspesne="9" />
					<tribodova pokusy="0" uspesne="0" />
				</strelba>
				<doskoky>
					<obranne>10</obranne>
					<utocne>5</utocne>
				</doskoky>
			</hrac>
			<hrac cislo="h-2" nastoupil="ano">
				<minuty>25</minuty>
				<strelba>
					<trestne-hody pokusy="2" uspesne="1" />
					<dvoubodova pokusy="3" uspesne="2" />
					<tribodova pokusy="2" uspesne="1" />
				</strelba>
				<doskoky>
					<obranne>1</obranne>
					<utocne>2</utocne>
				</doskoky>
			</hrac>
			<hrac cislo="h-3" nastoupil="ne"/>
			<hrac cislo="h-4" nastoupil="ano">
				<minuty>35</minuty>
				<strelba>
					<trestne-hody pokusy="6" uspesne="3" />
					<dvoubodova pokusy="6" uspesne="4" />
					<tribodova pokusy="3" uspesne="2" />
				</strelba>
				<doskoky>
					<obranne>1</obranne>
					<utocne>1</utocne>
				</doskoky>
			</hrac>
			<hrac cislo="h-5" nastoupil="ano">
				<minuty>15</minuty>
				<strelba>
					<trestne-hody pokusy="2" uspesne="1" />
					<dvoubodova pokusy="2" uspesne="1" />
					<tribodova pokusy="1" uspesne="1" />
				</strelba>
				<doskoky>
					<obranne>0</obranne>
					<utocne>0</utocne>
				</doskoky>
			</hrac>
			<hrac cislo="h-6" nastoupil="ano">
				<minuty>30</minuty>
				<strelba>
					<trestne-hody pokusy="0" uspesne="0" />
					<dvoubodova pokusy="4" uspesne="3" />
					<tribodova pokusy="6" uspesne="4" />
				</strelba>
				<doskoky>
					<obranne>2</obranne>
					<utocne>0</utocne>
				</doskoky>
			</hrac>
			<hrac cislo="h-7" nastoupil="ne"/>
			<hrac cislo="h-8" nastoupil="ano">
				<minuty>35</minuty>
				<strelba>
					<trestne-hody pokusy="6" uspesne="3" />
					<dvoubodova pokusy="6" uspesne="1" />
					<tribodova pokusy="4" uspesne="3" />
				</strelba>
				<doskoky>
					<obranne>3</obranne>
					<utocne>0</utocne>
				</doskoky>
			</hrac>
			<hrac cislo="h-9" nastoupil="ano">
				<minuty>20</minuty>
				<strelba>
					<trestne-hody pokusy="8" uspesne="2" />
					<dvoubodova pokusy="7" uspesne="3" />
					<tribodova pokusy="2" uspesne="0" />
				</strelba>
				<doskoky>
					<obranne>0</obranne>
					<utocne>2</utocne>
				</doskoky>
			</hrac>
		</statistika>
	</hoste>
</utkani>