<html>
	<head>
		<title>Výpis souborů</title>
	</head>
	<body>
		<h1>Výpis souborů</h1>
		<ul>
			<li>C:<ul>
					<li>Dokumenty<ul>
							<li>Knihy<ul>
									<li>
										<i>bak.pdf</i>
									</li>
									<li>
										<i>LaTeX.pdf</i>
									</li>
								</ul>
							</li>
							<li>Skripta<ul>
									<li>Anglina<ul>
											<li>
												<i>kapitoly.pdf</i>
											</li>
										</ul>
									</li>
									<li>
										<i>bak.pdf</i>
									</li>
									<li>
										<i>LaTeX.pdf</i>
									</li>
								</ul>
							</li>
						</ul>
					</li>
				</ul>
			</li>
			<li>D:<ul>
					<li>Test<ul/>
					</li>
				</ul>
			</li>
		</ul>
	</body>
</html>
