<?xml version="1.0" encoding="UTF-8"?>
<!DOCTYPE program SYSTEM "data.dtd">

<program>

	<!-- Program for one channel -->
	<channel id="ch1">
		<channel_name img="ct1_logo">CT1</channel_name>

		<date day="12" month="3" year="2010">
			<day_name>&pat;</day_name>

			<transmission id="tch11" next="tch12" type="program" rating="teen" format="wide">

				<!-- Common information. -->
				<hidden_subtitles/>
				<for_deaf/>

				<!-- Transmission. -->
				<start>
					<hour>05</hour>:<minute>00</minute>
				</start>
				<end>
					<hour>05</hour>:<minute>59</minute>
				</end>

				<!-- More specific information. -->
				<name>Sama doma</name>
				<comment>Být doma neznamená hloupnout.</comment>

			</transmission>

			<transmission id="tch12" prev="tch11" next="tch13" type="series" rating="teen" format="tv">

				<!-- Common information. -->
				<hidden_subtitles/>

				<!-- Transmission. -->
				<start>
					<hour>14</hour>:<minute>15</minute>
				</start>
				<end>
					<hour>15</hour>:<minute>00</minute>
				</end>

				<!-- More specific information. -->
				<name>Soudkyně Amy II</name>
				<episode_name>Zrádné kompromisy</episode_name>
				<episode>
					<number>15</number>/<of>22</of>
				</episode>
				<genres>
					<genre>Drama</genre>
				</genres>
				<country>USA</country>
				<year>1999</year>
				<time>60</time>
				<comment>Svobodná matka, vzpurná dcera, chápající soudkyně.</comment>
				<directors>
					<director>Ken Olin</director>
					<director>Andrew Robinson</director>
					<director>Helen Shaver</director>
					<more/>
				</directors>
				<actors>
					<actor>Amy Brenneman</actor>
					<actor>Richard T. Jones</actor>
					<actor>Tyne Daly</actor>
					<more/>
				</actors>

			</transmission>

			<transmission id="tch13" prev="tch12" type="movie" rating="teen" format="wide">

				<!-- Common information. -->
				<hidden_subtitles/>

				<!-- Transmission. -->
				<start>
					<hour>22</hour>:<minute>50</minute>
				</start>
				<end>
					<hour>00</hour>:<minute>20</minute>
				</end>

				<!-- More specific information. -->
				<name>Nečistý boj</name>
				<genres>
					<genre>Thriller</genre>
					<genre>Drama</genre>
				</genres>
				<country>Velká Británie / USA</country>
				<year>2004</year>
				<time>90</time>
				<comment>Teroristi se nezastaví před ničím. A udeřit mohou už zítra.</comment>
				<directors>
					<director>Daniel Percival</director>
				</directors>
				<actors>
					<actor>Shamshad Akhtar</actor>
					<actor>Josh Cole</actor>
					<more/>
				</actors>

			</transmission>

			<transmission_end>
				<hour>05</hour>:<minute>00</minute>
			</transmission_end>

		</date>
	</channel>

	<!-- Program for one channel -->
	<channel id="ch2">
		<channel_name img="ct2_logo">CT2</channel_name>

		<date day="12" month="3" year="2010">
			<day_name>&pat;</day_name>

			<transmission id="tch21" type="program" rating="all" format="tv">
				<start>
					<hour>01</hour>:<minute>35</minute>
				</start>
				<end>
					<hour>02</hour>:<minute>22</minute>
				</end>

				<name>Sešli se...</name>
				<comment><b>Peter Lipa</b> a jeho <b>Young band</b>, ostravští jazzmani <b>The Gizd</b> a brněnská formace <b>Radium FNO</b> v žánru, který možná chytá druhý dech.</comment>
			</transmission>

		</date>
	</channel>
		
	<!-- Program for one channel -->
	<channel id="ch3">
		<channel_name img="ct24_logo">CT24</channel_name>

		<date day="12" month="3" year="2010">
			<day_name>&pat;</day_name>

			<transmission id="tch31" type="program" rating="all" format="tv">

				<!-- Common information. -->
				<hidden_subtitles/>
				<for_deaf/>
				<premier/>

				<!-- Transmission. -->
				<start>
					<hour>20</hour>:<minute>00</minute>
				</start>
				<end>
					<hour>20</hour>:<minute>10</minute>
				</end>

				<!-- More specific information. -->
				<name>Zpr�vy</name>

			</transmission>

		</date>
	</channel>
			
	<!-- Program for one channel -->
	<channel id="ch4">
		<channel_name img="ct4_logo">CT4</channel_name>

		<date day="12" month="3" year="2010">
			<day_name>&pat;</day_name>

			<transmission id="tch41" type="sport" rating="all" format="wide">

				<!-- Common information. -->
				<hidden_subtitles/>
				<for_deaf/>
				<live/>
				<hd/>

				<internet server="server1">
					<html_code>
						<![CDATA[
							<object classid="CLSID:6BF52A52-394A-11d3-B153-00C04F79FAA6" 
							id="player" width="384" height="358"> 
							<param name="url" value="http://192.168.1.12"/> 
							<param name="src" value="http://192.168.1.12"/> 
							<param name="showcontrols" value="true"/> 
							<param name="autostart" value="true"/> 
							</object>
						]]>
					</html_code>
					<stream>
						<?gen_stream_id?>
					</stream>
				</internet>

				<!-- Transmission. -->
				<start>
					<hour>21</hour>:<minute>00</minute>
				</start>
				<end>
					<hour>22</hour>:<minute>00</minute>
				</end>

				<!-- More specific information. -->
				<name>BK Chimki - Olympiakos Pireus</name>
				<comment>Záznam utkái Evropské ligy v basketbalu mužú.</comment>

			</transmission>
			
		</date>
	</channel>
</program>