<?xml version="1.0" encoding="UTF-8"?>
<!--
*****************************************************************************************
*** Jaroslav Kubát, jk.kubat@seznam.cz, 2012										  ***
*** Pro účely cvičení z předmětu 'Technologie XML' na MFF UK.						  ***
*****************************************************************************************
*****************************************************************************************
*** Toto je databáze skladu oblečení. Na skladě jsou kusy oblečení o různé velikosti, ***
*** z různých látek a o různých střizích. 											  ***
*****************************************************************************************
-->
<!DOCTYPE databaze_obleceni SYSTEM "data.dtd">
<databaze_obleceni>
	<!-- Dostupné polotovary pro výrobu oblečení. -->
	<barvy>
		<barva id_nazev="white" rgb="#ffffff"/>
		<barva id_nazev="red" rgb="#ff0000"/>
		<barva id_nazev="lime" rgb="#00ff00"/>
		<barva id_nazev="blue" rgb="#0000ff"/>
		<barva id_nazev="black" rgb="#000000"/>
		<barva id_nazev="maroon" rgb="#800000"/>
		<barva id_nazev="orange" rgb="#ffa500"/>
		<barva id_nazev="yellow" rgb="#ffff00"/>
		<barva id_nazev="olive" rgb="#808000"/>
		<barva id_nazev="purple" rgb="#800080"/>
		<barva id_nazev="fuchsia" rgb="#ff00ff"/>
		<barva id_nazev="green" rgb="#008000"/>
		<barva id_nazev="navy" rgb="#000080"/>
		<barva id_nazev="aqua" rgb="#00ffff"/>
		<barva id_nazev="teal" rgb="#008080"/>
		<barva id_nazev="silver" rgb="#c0c0c0"/>
		<barva id_nazev="gray" rgb="#808080"/>
	</barvy>
	<vzory>
		<vzor id_kod_vzoru="X0526">
			<pouzita_barva barva_ref="white"/>
			<pouzita_barva barva_ref="green"/>
		</vzor>
		<vzor id_kod_vzoru="Y3467">
			<pouzita_barva barva_ref="white"/>
			<pouzita_barva barva_ref="black"/>
		</vzor>
		<vzor id_kod_vzoru="X8425">
			<pouzita_barva barva_ref="white"/>
			<pouzita_barva barva_ref="blue"/>
			<pouzita_barva barva_ref="black"/>
		</vzor>
		<vzor id_kod_vzoru="X1134">
			<pouzita_barva barva_ref="green"/>
		</vzor>
		<vzor id_kod_vzoru="Z7476">
			<pouzita_barva barva_ref="black"/>
		</vzor>
		<vzor id_kod_vzoru="X7534">
			<pouzita_barva barva_ref="olive"/>
			<pouzita_barva barva_ref="yellow"/>
			<pouzita_barva barva_ref="teal"/>
			<pouzita_barva barva_ref="purple"/>
			<pouzita_barva barva_ref="maroon"/>
			<pouzita_barva barva_ref="orange"/>
			<pouzita_barva barva_ref="lime"/>
		</vzor>
		<vzor id_kod_vzoru="Z1532">
			<pouzita_barva barva_ref="gray"/>
			<pouzita_barva barva_ref="blue"/>
			<pouzita_barva barva_ref="navy"/>
			<pouzita_barva barva_ref="aqua"/>
		</vzor>
		<vzor id_kod_vzoru="Z6433">
			<pouzita_barva barva_ref="fuchsia"/>
			<pouzita_barva barva_ref="blue"/>
			<pouzita_barva barva_ref="gray"/>
		</vzor>
		<vzor id_kod_vzoru="Y0873">
			<pouzita_barva barva_ref="yellow"/>
			<pouzita_barva barva_ref="orange"/>
			<pouzita_barva barva_ref="lime"/>
		</vzor>
		<vzor id_kod_vzoru="Y9625">
			<pouzita_barva barva_ref="silver"/>
		</vzor>
		<vzor id_kod_vzoru="Y1029">
			<pouzita_barva barva_ref="fuchsia"/>
			<pouzita_barva barva_ref="lime"/>
		</vzor>
	</vzory>
	<latky>
		<latka id_kod_latky="pol90bav10_9087923">
			<popis_latky>Polyester, bavlna - tmave barvy</popis_latky>
			<material>90% polyester, 10% bavlna</material>
			<dostupne_vzory>
				<ref_vzor ref_kod_vzoru="X1134"/>
				<ref_vzor ref_kod_vzoru="Y3467"/>
				<ref_vzor ref_kod_vzoru="X8425"/>
			</dostupne_vzory>
		</latka>
		<latka id_kod_latky="bav100_2875321">
			<popis_latky>Bavlna - ostre barvy</popis_latky>
			<material>100% bavlna</material>
			<dostupne_vzory>
				<ref_vzor ref_kod_vzoru="X7534"/>
				<ref_vzor ref_kod_vzoru="Z1532"/>
				<ref_vzor ref_kod_vzoru="Z6433"/>
			</dostupne_vzory>
		</latka>
		<latka id_kod_latky="bav100_63824">
			<popis_latky>Bavlna - jemne barvy</popis_latky>
			<material>100% bavlna</material>
			<dostupne_vzory>
				<ref_vzor ref_kod_vzoru="X0526"/>
				<ref_vzor ref_kod_vzoru="Y3467"/>
				<ref_vzor ref_kod_vzoru="X8425"/>
				<ref_vzor ref_kod_vzoru="X1134"/>
				<ref_vzor ref_kod_vzoru="Z7476"/>
			</dostupne_vzory>
		</latka>
	</latky>
	
	<!-- Hotové kusy oblečení. -->
	<obleceni>
		<!-- Damské oblečení. -->
		<damske>
			<bundy_kabaty>
				<kus kod_strihu="D_B_08732">
					<kusyNaSklade velikost="XL" pocet_kusu="25"/>
					<kusyNaSklade velikost="L" pocet_kusu="12"/>
					<kusyNaSklade velikost="M" pocet_kusu="18"/>
					<kusyNaSklade velikost="S" pocet_kusu="31"/>
					<nadpis>
						<![CDATA[
							<h2>Dámský kabátek s kapsami a opaskem</h2>
						]]>
					</nadpis>
					<popis_kusu>
						<![CDATA[
							<p>Dámský kabátek s kapsami a opaskem a velkým límcem. Kabátek je ideální na jaro nebo na podzim, je teplý a pohodlný, na bocích má velké praktické kapsy s knoflíky. Zapíná se na dvouřadé zapínání, má velký fazonkový límec. Kabát má v pase poutka na pásek a opasek je jeho součástí. Rukávy a poutka jsou zdobené knoflíky. Kabátek dobře vypadá, hezky sedí a zahřeje.
							<br><b>Materiál: </b>
						]]>
							<ref_latka ref_kodLatky="bav100_63824"/>
						<![CDATA[
							<br>
							Na skladě je
						]]>
						<?php echo ' '.spocitejKusy("D_B_08732").' ';?>
						<![CDATA[
							kusů.</p>
						]]>
					</popis_kusu>
				</kus>
				<kus kod_strihu="D_B_29740">
					<kusyNaSklade velikost="XXXL" pocet_kusu="25"/>
					<kusyNaSklade velikost="XXL" pocet_kusu="12"/>
					<kusyNaSklade velikost="XL" pocet_kusu="18"/>
					<nadpis>
						<![CDATA[
							<h2>Dámský prošívaný zimní kabát</h2>
						]]>
					</nadpis>
					<popis_kusu>
						<![CDATA[
							<p>Moderní dámský prošívaný zimní kabát s límcem lemovaným kožešinkou. Kabát je v trendy tmavých barvách a límec má lemovaný hnědo-šedou kožešinkou, kterou je případně možno odepnout. Kabát je efektně prošívaný, v pase se dá stáhnout gumičkovým páskem s ozdobnou sponou, který je jeho součástí. Kabát je vypasovaný, hezky sedí a hřeje.
							<br><b>Materiál: </b>
						]]>
							<ref_latka ref_kodLatky="pol90bav10_9087923"/>
						<![CDATA[
							<br>
							Na skladě je
						]]>
						<?php echo ' '.spocitejKusy("D_B_29740").' ';?>
						<![CDATA[
							kusů.</p>
						]]>
					</popis_kusu>
				</kus>
			</bundy_kabaty>
			<svetry_mikiny>
			</svetry_mikiny>
			<trika>
			</trika>
			<halenky>
			</halenky>
			<sportovniSoupravy>
			</sportovniSoupravy>
			<topy>
			</topy>
			<tuniky>
			</tuniky>
			<kalhoty_kratasy>
			</kalhoty_kratasy>
			<saty>
			</saty>
			<sukne>
			</sukne>
			<plavky>
			</plavky>
			<spodniPradloD>
				<podprsenky>
				</podprsenky>
				<kalhotky>
				</kalhotky>
				<nocniKosile>
				</nocniKosile>
				<pyzama>
				</pyzama>
				<body>
				</body>
				<puncochy>
				</puncochy>
				<ponozky>
				</ponozky>
				<termopradlo>
				</termopradlo>
			</spodniPradloD>
			<boty>
			</boty>
			<doplnky>
				<tasky_batohy>
				</tasky_batohy>
				<klicenky>
				</klicenky>
				<pasky>
				</pasky>
				<penezenky>
				</penezenky>
				<potitka>
				</potitka>
				<protiDesti>
				</protiDesti>
				<sperky>
				</sperky>
				<rukavice>
				</rukavice>
				<saly>
				</saly>
				<cepice>
				</cepice>
			</doplnky>
		</damske>
		<!-- Panské oblečení. -->
		<panske>
			<bundy_kabaty>
			</bundy_kabaty>
			<saka>
			</saka>
			<svetry_mikiny>
			</svetry_mikiny>
			<trika>
			</trika>
			<sportovniSoupravy>
			</sportovniSoupravy>
			<kosile>
			</kosile>
			<kalhoty_kratasy>
			</kalhoty_kratasy>
			<plavky>
			</plavky>
			<spodniPradloP>
				<trenky>
				</trenky>
				<boxerky>
				</boxerky>
				<slipy>
				</slipy>
				<spodky>
				</spodky>
				<pyzama>
				</pyzama>
				<ponozky>
				</ponozky>
				<termopradlo>
				</termopradlo>
			</spodniPradloP>
			<boty>
			</boty>
			<doplnky>
				<tasky_batohy>
				</tasky_batohy>
				<klicenky>
				</klicenky>
				<pasky>
				</pasky>
				<penezenky>
				</penezenky>
				<potitka>
				</potitka>
				<protiDesti>
				</protiDesti>
				<sperky>
				</sperky>
				<rukavice>
				</rukavice>
				<saly>
				</saly>
				<cepice>
				</cepice>
			</doplnky>
		</panske>
		<!-- Dětské oblečení. -->
		<detske>
			<divci>
				<bundy_kabaty>
				</bundy_kabaty>
				<svetry_mikiny>
				</svetry_mikiny>
				<trika>
				</trika>
				<halenky>
				</halenky>
				<sportovniSoupravy>
				</sportovniSoupravy>
				<topy>
				</topy>
				<tuniky>
				</tuniky>
				<kalhoty_kratasy>
				</kalhoty_kratasy>
				<saty>
				</saty>
				<sukne>
				</sukne>
				<plavky>
				</plavky>
				<spodniPradloD>
					<kalhotky>
					</kalhotky>
					<nocniKosile>
					</nocniKosile>
					<pyzama>
					</pyzama>
					<body>
					</body>
					<puncochy>
					</puncochy>
					<ponozky>
					</ponozky>
					<termopradlo>
					</termopradlo>
				</spodniPradloD>
				<boty>
				</boty>
				<doplnky>
					<tasky_batohy>
					</tasky_batohy>
					<klicenky>
					</klicenky>
					<pasky>
					</pasky>
					<penezenky>
					</penezenky>
					<potitka>
					</potitka>
					<protiDesti>
					</protiDesti>
					<sperky>
					</sperky>
					<rukavice>
					</rukavice>
					<saly>
					</saly>
					<cepice>
					</cepice>
				</doplnky>
			</divci>
			<chlapecke>
				<bundy_kabaty>
				</bundy_kabaty>
				<saka>
				</saka>
				<svetry_mikiny>
				</svetry_mikiny>
				<trika>
				</trika>
				<sportovniSoupravy>
				</sportovniSoupravy>
				<kosile>
				</kosile>
				<kalhoty_kratasy>
				</kalhoty_kratasy>
				<plavky>
				</plavky>
				<spodniPradloP>
					<trenky>
					</trenky>
					<boxerky>
					</boxerky>
					<slipy>
					</slipy>
					<spodky>
					</spodky>
					<pyzama>
					</pyzama>
					<ponozky>
					</ponozky>
					<termopradlo>
					</termopradlo>
				</spodniPradloP>
				<boty>
				</boty>
				<doplnky>
					<tasky_batohy>
					</tasky_batohy>
					<klicenky>
					</klicenky>
					<pasky>
					</pasky>
					<penezenky>
					</penezenky>
					<potitka>
					</potitka>
					<protiDesti>
					</protiDesti>
					<sperky>
					</sperky>
					<rukavice>
					</rukavice>
					<saly>
					</saly>
					<cepice>
					</cepice>
				</doplnky>
			</chlapecke>
		</detske>
	</obleceni>
</databaze_obleceni>
