<?xml version="1.0" encoding="UTF-8"?>
<!-- <!DOCTYPE wall PUBLIC "Social network user wall" "data.dtd"> -->
<!-- Tento dokument ma za ulohu reprezentovat data, ktore sa mozu vyskytovat na stene uzivatelskeho rozhrania socialnej siete -->
<wall xsi:noNamespaceSchemaLocation="data.xsd" xmlns:xsi="http://www.w3.org/2001/XMLSchema-instance">
	<!-- Zoznam autorov, ktory postovali na tuto stenu -->
	<authors>
		<author id="a1">jozef.mastny@gmail.com</author>
		<author id="a2">jozefina.vlastna@yahoo.com</author>
		<author id="a3">cyril.tvrdohlavy@gmail.com</author>
		<author id="a4">ursula.protichodna@facebook.com</author>
		<author id="a5">vlastimil.malotratny@facebook.com</author>
		<author id="a6">nicmanenapada@vsetko.nic</author>
		<author id="a7">dezo.hnedy@romania.eu</author>
		<author id="a8">sergej.ututkin@kapura.ru</author>
		<author id="a9">zbojnik.simon@rofl.edu</author>
		<author id="a10">hravy.chlapec@abcd.org</author>
	</authors>
	<!-- Aktivity strukturovane do feedu.
  Feed moze byt napriklad specificky iba aktivitami,
  ktore splnuje iste kriteria  -->
	<feed filter="all">

		<activity author="a1" id="act032">
			<timestamp>2011-10-22T15:43:22</timestamp>
			<content type="mix">Dnes <?php echo date("l"); ?> som natafil na coool stranku <url title="example.com">http://www.example.com</url>. Skuste si ju tiez..
      </content>
			<like author="a3"/>
			<like author="a4"/>
			<comment author="a3">:):)</comment>
		</activity>
		
		<activity author="a2" id="act078">
			<timestamp>2011-10-22T15:23:00</timestamp>
			<content type="html"><![CDATA[
<!DOCTYPE HTML PUBLIC "-//W3C//DTD HTML 4.01//EN"
            "http://www.w3.org/TR/html4/strict.dtd">
<html>
<head>
<title>Example page</title>
</head>
<body>
	This is Body
</body>
</html>
      ]]></content>
		</activity>
		
		<activity author="a1" id="act624">
			<timestamp>2011-10-22T13:42:22</timestamp>
			<content type="multimedia">LOOK AT THIS. BRAND NEW. BEST OF ALL. JUST BUY IT.
				<picture width="150" height="100">
					<url>http://example.com/doNotBuyIt_ItsACrap.jpg</url>
				</picture>
			</content>
		</activity>
		
		<activity author="a5" id="act236">
			<timestamp>2011-10-22T13:42:22</timestamp>
			<content type="plaintext">Sed ut perspiciatis unde omnis iste natus error sit voluptatem accusantium doloremque laudantium,
      totam rem aperiam, eaque ipsa quae ab illo inventore veritatis et quasi architecto beatae vitae dicta sunt explicabo.
      Nemo enim ipsam voluptatem quia voluptas sit aspernatur aut odit aut fugit,
      sed quia consequuntur magni dolores eos qui ratione voluptatem sequi nesciunt.
      Neque porro quisquam est, qui dolorem ipsum quia dolor sit amet, consectetur, adipisci velit, sed quia non numquam eius modi tempora incidunt ut labore et dolore magnam aliquam quaerat voluptatem.
      Ut enim ad minima veniam, quis nostrum exercitationem ullam corporis suscipit laboriosam, nisi ut aliquid ex ea commodi consequatur?
      Quis autem vel eum iure reprehenderit qui in ea voluptate velit esse quam nihil molestiae consequatur, vel illum qui dolorem eum fugiat quo voluptas nulla pariatur?
      </content>
			<like author="a1"/>
			<comment author="a1">Urcite s tebou suhlasim, este by som len dodal, ze ten tuniak sa by sa dal este pokropit citronovou stavou</comment>
		</activity>
		
		<activity author="a4" id="act121">
			<timestamp>2011-10-22T12:21:12</timestamp>
			<content type="plaintext">Nikto mi neveri...
      </content>
			<like author="a6" value="0"/>
			<like author="a3" value="0"/>
			<comment author="a3">Hakuna matata
        <like author="a7"/>
			</comment>
		</activity>
		
		<activity author="a4" id="act187">
			<timestamp>2011-10-21T13:43:22</timestamp>
			<content type="multimedia">Aha, co som dnes objavil ...
        <picture title="nieco" width="100" height="200">
					<url>http://example.com/pics/pig.jpg</url>
				</picture>
			</content>
			<like author="a4"/>
			<like author="a3"/>
			<like author="a6"/>
			<comment author="a6">Coool!!!</comment>
			<comment author="a3">Jeeej to je mile :)</comment>
			<comment author="a6">To nie je mile, to je coool, chapes?!?!</comment>
			<comment author="a4">Ale no, nehadajte sa tu</comment>
			<comment author="a4">Clovek by si myslel, ze tu budem pisat nieco zmysluplne</comment>
			<comment author="a4">Ale vobec nic ma nenapada</comment>
			<comment author="a4">...asi by nebolo od veci inspirovat sa uz nejakou tou existujucou socialnou sietou</comment>
			<comment author="a5">Minule som pocul nieco o nejakom fakebook, alebo facebooku .. uz si nepamatam</comment>
			<comment author="a3">HOAX</comment>
			<comment author="a2">Podme radsej spat</comment>
			<comment author="a1">Dobru noc...</comment>
			<comment author="a3">... a sladke sny.</comment>
		</activity>
		
		<activity author="a5" id="act021">
			<timestamp>2011-10-21T10:43:22</timestamp>
			<content type="multimedia">Takto sa to robi na vychode ...
        <video title="Vtedy na zapade" codec="mpeg2">
					<resolution width="720" height="572"/>
					<url>http://example.com/videos/west.avi</url>
				</video>
			</content>
			<like author="a1"/>
			<like author="a2"/>
			<like author="a3"/>
			<like author="a4"/>
		</activity>
	</feed>
</wall>
