<?xml version="1.0" encoding="UTF-8"?>
<!DOCTYPE root SYSTEM "data.dtd">
<root xmlns="http://something.cz/ns/rezervace" xmlns:zak="http://something.cz/ns/rezervace/zakaznik">
	<rezervace cislo="as_123">
		<zak:zákazník IČ="0123456789" DIČ="CZ0123456789" osoba="právnická">
			<zak:název>Moje firma a.s.</zak:název>
			<zak:adresa>
				<zak:ulice>Malostranské náměstí 25</zak:ulice>
				<zak:PSČ>118 00 &pokus; &pokus2; &pokus3;</zak:PSČ>
				<zak:město>Praha 1</zak:město>
			</zak:adresa>
			<zak:telefon>123</zak:telefon>
			<zak:neplatic/>
			<zak:token_data>
				<!-- Otisk magneticke pristupove karty zakaznika -->
				<![CDATA[
				12345678990ASDFGHJ
				]]>
			</zak:token_data>
		</zak:zákazník>
		<letenky>
			<letenka id="A48">
				<start>SYD</start>
				<cíl>LAX</cíl>
				<let>OA 815</let>
				<společnost>Oceanic Airlines</společnost>
				<odlet>
					<datum>22.9.2004</datum>
					<čas>14:15</čas>
				</odlet>
				<přílet>
					<datum>22.9.2004</datum>
					<čas>10:42</čas>
				</přílet>
				<jméno>Jack Shephard</jméno>
				<doklad číslo="4815162342" typ="Pas"/>
			</letenka>
			<letenka id="A15">
				<start>SYD</start>
				<cíl>LAX</cíl>
				<let>OA 815</let>
				<společnost>Oceanic Airlines</společnost>
				<odlet>
					<datum>22.9.2004</datum>
					<čas>14:15</čas>
				</odlet>
				<přílet>
					<datum>22.9.2004</datum>
					<čas>10:42</čas>
				</přílet>
				<jméno>Hugo Reyes</jméno>
				<doklad číslo="815162342" typ="Pas"/>
				<priority/>
				<secret/>
			</letenka>
			<letenka id="A16">
				<start>LAX</start>
				<cíl>GUM</cíl>
				<let>AJ 316</let>
				<společnost>Ajira Airways</společnost>
				<odlet>
					<datum>14.9.2007</datum>
					<čas>12:00</čas>
				</odlet>
				<přílet>
					<datum>15.9.2007</datum>
					<čas>06:00</čas>
				</přílet>
				<jméno>Sun Kwon</jméno>
				<doklad číslo="9998887776" typ="Pas"/>
			</letenka>
			<letenka id="A23">
				<start>LAX</start>
				<cíl>GUM</cíl>
				<let>AJ 316</let>
				<společnost>Ajira Airways</společnost>
				<odlet>
					<datum>14.9.2007</datum>
					<čas>12:00</čas>
				</odlet>
				<přílet>
					<datum>15.9.2007</datum>
					<čas>06:00</čas>
				</přílet>
				<jméno>Kate Austen</jméno>
				<doklad číslo="9998887777" typ="Pas"/>
				<priority/>
			</letenka>
		</letenky>
		<zpráva>
		  <?zpráva čtečka referencovaných zpráv?>
		  O jaký typ letadla jde v případě letenek <ref id="A15">1</ref> a <ref id="A16">2</ref>? Je to Boeing 777?
		</zpráva>
	</rezervace>
</root>
