<?xml version="1.0" encoding="UTF-8"?>
<!DOCTYPE moon-gallery SYSTEM "data.dtd">
<!-- <?xml-stylesheet type="text/xsl" href="data.xsl"?> -->
<moon-gallery>
    <!--
    xmlns:xsi="http://www.w3.org/2001/XMLSchema-instance"
    xsi:noNamespaceSchemaLocation="data.xsd"
    -->
    <photos>
        <photo id="i1" size="2234">
            <name>Image 1</name>
            <file>abcd.jpeg</file>
            <description>Lorem ipsum dolor sit amet</description>
        </photo>
        <photo id="i6" size="1800" author="p1">
            <name>Image X</name>
            <file>abcdX.jpeg</file>
            <description>
                The photo is &lt; original image which I have not found.
                <![CDATA[
                    Be aware that each sequence of &lt; represents character "<".
                ]]>
            </description>
        </photo>
        <photo id="i7" size="1800" author="p1">
            <name>Image 7</name>
            <file>07.jpeg</file>
            <description>Lorem ipsum dolor sit amet 07</description>
        </photo>
        <photo id="i8" size="1800" author="p1">
            <name>Image 8</name>
            <file>08.jpeg</file>
            <description>Lorem ipsum dolor sit amet 08</description>
        </photo>
        <photo id="i11" size="1800" author="p1">
            <name>Image 11</name>
            <file>11.jpeg</file>
            <description>Lorem ipsum dolor sit amet 11</description>
        </photo>
        <photo id="i12" size="1800" author="p1">
            <name>Image 12</name>
            <file>12.jpeg</file>
            <description>
                This is description with an <em>emphasized</em> statement.
                <separator />
                Another part of the description.
            </description>
            <tags>
                <tag person="p1" x1="20" x2="80" y1="10" y2="100">
                    Look at his face.
                    <separator/>
                    Seriously, it is him!
                </tag>
            </tags>
        </photo>
        <photo id="i13" size="1774" author="p3">
            <name>Pic 12</name>
            <file>p12.jpeg</file>
            <description>Lorem ipsum dolor sit amet 11</description>
        </photo>

        <photo id="i14" size="3221" author="p3">
            <name>Pic 13</name>
            <file>p13.jpeg</file>
            <description>Lorem ipsum dolor sit amet 11</description>
        </photo>

        <photo id="i15" size="1245" author="p3">
            <name>Pic 14</name>
            <file>p14.jpeg</file>
            <description>Lorem ipsum dolor sit amet 11</description>
        </photo>
    </photos>
    <galleries>
        <gallery id="g1">
            <name>First gallery</name>
            <contains type="gallery" id="g2"/>
            <contains type="photo" id="i1" />
        </gallery>
        <gallery id="g2">
            <name>Another gallery</name>
            <contains type="photo" id="i1" />
        </gallery>
    </galleries>
    <person id="p1">
        <name>Martin Indra</name>
        <description>The only photographer!</description>
    </person>
    <person id="p2">
        <name>Adam Smith</name>
        <description>Economist!</description>
    </person>
    <person id="p3">
        <name>Adam Smith junior</name>
        <description>Economist's son!</description>
    </person>
    <user id="u1" person="p1">
        <login nick="Indy" password="password" />
    </user>
    <user id="u2" person="p2">
        <login nick="Adam" password="password" />
    </user>
</moon-gallery>
