<?xml version="1.0" encoding="UTF-8"?>
<!DOCTYPE system SYSTEM "data.dtd">
<?xml-stylesheet href="mystyle.css" type="text/css"?>
<system>
	<projects>
		<project>
			<project-description>
				&default_project_description;
			</project-description>
			<documents>
				<document
					date-created="03.13.2014"
					name="project vision">
					<body>
						<![CDATA[
							Our project will be the most successful one.
						]]>
					</body>
				</document>
			</documents>
			<project-contacts>
				<project-contact contact-entry-id-ref="id_459"></project-contact>
			</project-contacts>
		</project>
	</projects>
	<contacts>
		<contact-entry
			contact-entry-id="id_458">
			<name>John Doe</name>
			<contact
				type="phone">
				123456789
			</contact>
			<contact
				type="email">
				john@doe.com
			</contact>
		</contact-entry>
		<contact-entry
			contact-entry-id="id_459">
			<name>John Doee</name>
			<contact
				type="phone">
				123456789
			</contact>
		</contact-entry>
		<contact-entry
			contact-entry-id="id_460">
			<name>Jim Doe</name>
			<contact
				type="phone">
				123456789
			</contact>
		</contact-entry>
		<contact-entry
			contact-entry-id="id_461">
			<name>Jim Doee</name>
			<contact
				type="phone">
				123456789
			</contact>
		</contact-entry>
		<contact-entry
			contact-entry-id="id_462">
			<name>Jim Doee</name>
			<contact
				type="phone">
				123456789
			</contact>
		</contact-entry>
		<contact-entry
			contact-entry-id="id_463">
			<name>Jim Doeee</name>
			<contact
				type="phone">
				123456789
			</contact>
		</contact-entry>
		<contact-entry
			contact-entry-id="id_464">
			<name>Jack Doe</name>
			<contact
				type="phone">
				123456789
			</contact>
		</contact-entry>
		<contact-entry
			contact-entry-id="id_465">
			<name>Jack Doe</name>
			<contact
				type="phone">
				123456789
			</contact>
		</contact-entry>
		<contact-entry
			contact-entry-id="id_466">
			<name>Jack Doee</name>
			<contact
				type="phone">
				123456789
			</contact>
		</contact-entry>
		<contact-entry
			contact-entry-id="id_467">
			<name>Peter Doee</name>
			<contact
				type="phone">
				123456789
			</contact>
		</contact-entry>
	</contacts>
</system>