<songs>
  <song id="song_PDA">
    <artist>Jean Paul Egide Martini</artist>
    <title>Plaisir D'Amour</title>
    <category>Random</category>
    <year>1780</year>
  </song>
  
  <song id="song_CHFiL">
    <artist>Elvis Presley</artist>
    <title>Can't Help Falling in Love</title>
    <category>Love songs</category>
    <year>1961</year>
    <sampled from="song_PDA"/>
  </song>
  
  <song id="song_FiLWY">
    <artist>UB40</artist>
    <title>(I Can't Help) Falling in Love With You</title>
    <category>Love songs</category>
    <year>1993</year>
    <sampled from="song_CHFiL"/>
  </song>
  
  <song id="song_ZV">
    <artist>Karel Gott</artist>
    <title>Žádám víc</title>
    <category>Love songs</category>
    <year>1976</year>
    <sampled from="song_CHFiL"/>
  </song>
  
  <song id="song_DoB">
    <artist>Otis Redding</artist>
    <title>(Sittin' On) the Dock of the Bay</title>
    <category>Random</category>
    <year>1968</year>
  </song>
  
  <song id="song_IJCtSILY">
    <artist>Stevie Wonder</artist>
    <title>I Just Called to Say I Love You</title>
    <category>Random</category>
    <year>1984</year>
    <sampled from="song_DoB"/>
  </song>
  
  <song id="song_TVBD">
    <artist>Karel Gott</artist>
    <title>To Byl Vám Den</title>
    <category>Random</category>
    <year>1985</year>
    <sampled from="song_IJCtSILY"/>
  </song>
  
</songs>