<?xml version="1.0" encoding="UTF-8"?>
<!DOCTYPE data SYSTEM "data.dtd">
<data>
<?php 
	echo "<message>Vygenerováno:";
	echo date();
	echo "</message>";
?>
	<!-- Seznam DVD, BluRayů a her -->
	<items>
		<item id="i00000" category="videodvd">
			<title>Black Swan</title>
			<info>
				<description><![CDATA[Nina Sayersová (Natalie Portmanová) je baletka, která dostane šanci tančit hlavní roli v Labutím jezeře. Což obnáší jak roli naivní nevinné bílé labutě, tak roli vášnivé démonické černé labutě. Poněkud naivní a nedospělá Nina nemá problém s bílou labutí, ale podle baletního mistra Thomase Leroye (Vincent Cassel) v sobě nemá dostatek vášně na černou labuť. Takže se z ní pokusí tu vášeň vymáčknout. S Ninou to poměrně cloumá a situaci nepomůže ani její majetnická matka (Barbara Hersheyová), ani nová členka souboru Lily (Mila Kunisová), která by ji mohla o roli připravit, protože jí vášeň (ani taneční mistr) není cizí.]]></description>
				<homepage>http://www.foxsearchlight.com/blackswan/</homepage>
				<critics-link>http://www.rottentomatoes.com/m/black_swan_2010/</critics-link>
			</info>
			<reviews>
				<review url="http://fffilm.fuxoft.cz/2011/02/recenze-cerna-labut-black-swan-80.html">
					<score value="80" outof="100"/>
					<reviewer>FFFilm</reviewer>
				</review>
				<user-review user="u0001" verdict="loved"/>
				<user-review user="u0005" verdict="didntmind"/>
			</reviews>
			<owned-by user="u0001"/>
			<located-at user="u0001"/>
			<history>
				<record date="1.1.2011">
					<userref id="u0001"/> &added;
				</record>
				<record date="1.2.2011">
					<userref id="u0001"/> &lentto; <userref id="u0005"/>;
				</record>
				<record date="30.2.2011">
					<userref id="u0005"/> &returnedto; <userref id="u0001"/>;
				</record>
			</history>
		</item>
		<item-mirror id="i00000">
			<owned-by user="u0010"/>
			<located-at user="u0010"/>
			<history>
				<record date="1.3.2011">
					<userref id="u0010"/> &added;
				</record>
			</history>
		</item-mirror>
		<item category="xbox360game" id="i00001">
			<title>Grand Theft Auto 4</title>
			<info>
				<description><![CDATA[Hlavní postava, východoevropan Niko Bellic přijíždí za svým bratrancem Romanem do Liberty City. Vidí před sebou "americký sen", Roman mu totiž píše dopisy typu "mám několik sportovních aut" a Niko se rozhodne odcestovat a hledat nový domov. Skutečnost je ale jiná, Roman lhal a topí se v dluzích. Navíc je zapleten s mafií a jeho jediná obživa je taxislužba v Brokeru, chudinské čtvrti.Niko ale nepřijel jen za novým domovem a novou příležitostí k životu, ale také utíká před svou vlastní minulostí v jeho domovině.]]></description>
			</info>
			<reviews></reviews>
			<owned-by user="u0001" />
			<located-at user="u0008"/>
			<history>
				<record date="5.5.2008"><userref id="u0001">Allistair</userref> &added;</record>
			</history>
		</item>
		<item category="ps3game" id="i00002">
			<title>Grand Theft Auto 4</title>
			<info>
				<description><![CDATA[Hlavní postava, východoevropan Niko Bellic přijíždí za svým bratrancem Romanem do Liberty City. Vidí před sebou "americký sen", Roman mu totiž píše dopisy typu "mám několik sportovních aut" a Niko se rozhodne odcestovat a hledat nový domov. Skutečnost je ale jiná, Roman lhal a topí se v dluzích. Navíc je zapleten s mafií a jeho jediná obživa je taxislužba v Brokeru, chudinské čtvrti.Niko ale nepřijel jen za novým domovem a novou příležitostí k životu, ale také utíká před svou vlastní minulostí v jeho domovině.]]></description>
			</info>
			<reviews></reviews>
			<owned-by user="u0013" />
			<located-at user="u0011"/>
			<history>
				<record date="11.6.2008"><userref id="u0013" /> &added;</record>
			</history>
		</item>
		<item category="xbox360game" id="i00003">
			<title>Just Cause 2</title>
			<info>
				<description>Developed by Avalanche Studios, Just Cause 2 finds Rico Rodriguez returning in an epic open-world adventure set in the diverse tropical playground of Panau in South East Asia, where the aim is to cause chaos and destruction in a way that only Rico knows how! His mission is to destabilize the island and free it from the tyranny of the evil dictator, Baby Panay. Players tackle missions and objectives in any way they want while exploring the highly-detailed and beautiful island by land, sea or air, performing an insane range of new daredevil stunts and mastering the use of the all new grappling hook and Rico's trademark parachute</description>
				<critics-link>http://www.metacritic.com/game/xbox-360/just-cause-2</critics-link>
			</info>
			<reviews>
			<review url="http://www.eurogamer.cz/articles/just-cause-2-recenze">
				<score value="9" outof="10"></score>
				<reviewer>Eurogamer.cz</reviewer>
			</review>
			</reviews>
			<owned-by user="u0003" />
			<located-at user="u0003" />
			<history>
				<record date="3.4.2010">
					<userref id="u0003"/> &added;
				</record>
			</history>
		</item>
		<item category="ps3game" id="i00004">
			<title>Red Dead Redemption</title>
			<info>
				<description>Developed by Rockstar San Diego, as a follow up to the 2004 hit game Red Dead Revolver, Red Dead Redemption is a Western epic, set at the turn of the 20th century when the lawless and chaotic badlands began to give way to the expanding reach of government and the spread of the Industrial Age. The story of former outlaw, John Marston, Red Dead Redemption takes players on a great adventure across the American frontier. Utilizing Rockstar's proprietary Rockstar Advanced Game Engine (RAGE), Red Dead Redemption features an open-world environment for players to explore, including frontier towns, rolling prairies teeming with wildlife, and perilous mountain passes - each packed with an endless flow of varied distractions. Along the way, players experience the heat of gunfights and battles, meet a host of unique characters, struggle against the harshness of one of the world’s last remaining wildernesses, and ultimately pick their own precarious path through an epic story about the death of the Wild West and the gunslingers that inhabited it</description>
				<homepage>http://rockstargames.com/reddeadredemption</homepage>
				<critics-link>http://www.metacritic.com/game/playstation-3/red-dead-redemption</critics-link>
			</info>
			<reviews>
				<review url="http://games.tiscali.cz/recenze/red-dead-redemption-50719">
					<score value="10" outof="10"/>
					<reviewer>Games.cz</reviewer>
				</review>
				<user-review verdict="loved" user="u0001"/>
				<user-review verdict="loved" user="u0002"/>
				<user-review verdict="loved" user="u0003"/>
				<user-review verdict="loved" user="u0011"/>
				<user-review verdict="loved" user="u0013"/>
			</reviews>
			<owned-by user="u0011"/>
			<located-at user="u0013"/>
			<history>
				<record date="7.6.2010">
					<userref id="u0011"/> &added;
				</record>
				<record date="12.12.2010"><userref id="u0011"/> &lentto; <userref id="u0013"/></record>
			</history>
		</item>
		<item category="xbox360game" id="i00005">
			<title>Alan Wake</title>
			<info>
				<description>Alan Wake is a story-driven action game in the psychological thriller genre, developed by Finnish studio Remedy Entertainment and published by Microsoft Game Studios.</description>
			</info>
			<reviews></reviews>
			<owned-by user="u0007"></owned-by>
			<located-at user="u0007"></located-at>
			<history>
				<record date="7.8.2010">&added;</record>
			</history>
		</item>
		<item category="xbox360game" id="i00006">
			<title>Dark Void</title>
			<info>
				<description>Hra pro Xbox</description>
			</info>
			<reviews>
			<user-review verdict="didntmind" user="u0001"/>
			</reviews>
				<owned-by user="u0001"/>
				<located-at user="u0001"/>
			<history>
				<record date="10.11.2009">&added;</record>
			</history>
		</item>
		<item category="xbox360game" id="i00007">
			<title>Mafia 2</title>
			<info>
				<description>Pokračování Mafie. Verze pro Xbox.</description>
			</info>
			<reviews>
				<user-review verdict="liked" user="u0001"/>
			</reviews>
			<owned-by user="u0001"/>
			<located-at user="u0001"/>
			<history>
				<record date="5.2.2011">&added;</record>
			</history>
		</item>
		<item category="xbox360game" id="i00008">
			<title>The Saboteur</title>
			<info>
				<description>Akční adventura ve stylu Assassin's Creed zasazená do Paříže v období 2. světové války.</description>
			</info>
			<reviews>
				<user-review verdict="liked" user="u0002"/>
				<user-review verdict="loved" user="u0015"/>
				<user-review verdict="liked" user="u0010"/>
				<user-review verdict="didntmind" user="u0009"/>
			</reviews>
			<owned-by user="u0002"/>
			<located-at user="u0002"/>
			<history>
				<record date="5.2.2010">&added;</record>
			</history>
		</item>
		<item category="xbox360game" id="i00009">
			<title>Dance Central</title>
			<info>
				<description>Taneční hra pro Kinect</description>
			</info>
			<reviews>
				<user-review verdict="loved" user="u0001"/>
			</reviews>
			<owned-by user="u0001"/>
			<located-at user="u0001"/>
			<history>
				<record date="10.11.2010">&added;</record>
			</history>
		</item>
		<item category="xbox360game" id="i00010">
			<title>Guitar Hero 3</title>
			<info>
				<description>Hudební hra pro Xbox.</description>
			</info>
			<reviews></reviews>
			<owned-by user="u0001"/>
			<located-at user="u0001"/>
			<history>
				<record date="19.7.2008">&added;</record>
			</history>
		</item>
	</items>
	<!-- Seznam uživatelů -->
	<users>
	  <user id="u0001">
		<name>
		  <first>Stuart</first>
		  <last>Mayo</last>
		</name>
		<address>
		  <street>Baltimore</street>
		  <town>Baltimore</town>
		  <zipcode>17311</zipcode>
		</address>
		<contact>
		  <email>sit.amet.risus@Proinsedturpis.org</email>
		  <jabber>Mayo@jabber.org</jabber>
		  <msn>Stuart@yahoo.com</msn>
		  <phone>950702030</phone>
		</contact>
		<wishlist>
		  <wish since="23.07.2010" itemid="i00004" />
		  <wish since="14.05.2010">Darkspore</wish>
		</wishlist>
	  </user>
	  <user id="u0002">
		<name>
		  <first>Allistair</first>
		  <last>Horton</last>
		</name>
		<address>
		  <street>Sheridan</street>
		  <town>Baltimore</town>
		  <zipcode>17311</zipcode>
		</address>
		<contact>
		  <email>lorem.lorem@augue.ca</email>
		  <msn>Horton.Allistair@hotmail.com</msn>
		</contact>
		<wishlist>
		  <wish since="04.04.2010" itemid="i00004" />
		  <wish since="07.03.2010" itemid="i00008" />
		</wishlist>
	  </user>
	  <user id="u0003">
		<name>
		  <first>Tanek</first>
		  <last>William</last>
		</name>
		<address>
		  <town>Baltimore</town>
		</address>
		<contact>
		  <email>nunc.risus.varius@molestie.com</email>
		  <msn>Tanek.William@gmail.com</msn>
		  <skype>nunc.risus.varius</skype>
		</contact>
		<wishlist>
		  <wish since="17.06.2010" itemid="i00005" />
		  <wish since="09.02.2011" itemid="i00007" />
		  <wish since="27.04.2010">Rango</wish>
		</wishlist>
	  </user>
	  <user id="u0004">
		<name>
		  <first>Gavin</first>
		  <last>Nunez</last>
		</name>
		<address>
		  <street>Frankfort</street>
		  <town>Baltimore</town>
		  <zipcode>17311</zipcode>
		</address>
		<contact>
		  <email>Vivamus.nibh@nisi.edu</email>
		  <msn>Vivamus.nibh@gmail.com</msn>
		  <phone>875790109</phone>
		</contact>
		<wishlist>
		  <wish since="21.03.2010">Assassin's Creed: Brotherhood</wish>
		  <wish since="20.07.2010" itemid="i00004" />
		  <wish since="23.08.2010" itemid="i00000" />
		</wishlist>
	  </user>
	  <user id="u0005">
		<name>
		  <first>Nigel</first>
		  <last>Fry</last>
		</name>
		<address>
		  <street>Rolla</street>
		  <town>Rolla</town>
		</address>
		<contact>
		  <email>Duis.risus.odio@justo.edu</email>
		  <jabber>Nigel.Fry@jabber.org</jabber>
		  <msn>Duis.risus.odio@yahoo.com</msn>
		</contact>
		<wishlist>
		  <wish since="13.03.2011" itemid="i00008" />
		  <wish since="09.05.2010">Rango</wish>
		  <wish since="13.07.2010" itemid="i00009" />
		</wishlist>
	  </user>
	  <user id="u0006">
		<name>
		  <first>Elmo</first>
		  <last>Jacobs</last>
		</name>
		<address>
		  <town>Virginia Beach</town>
		  <zipcode>84169</zipcode>
		</address>
		<contact>
		  <email>justo@cursusaenim.com</email>
		  <phone>771157195</phone>
		</contact>
		<wishlist>
		  <wish since="01.08.2010">Duke Nuke Forever</wish>
		  <wish since="06.11.2010">L.A. Noire</wish>
		</wishlist>
	  </user>
	  <user id="u0007">
		<name>
		  <first>Ira</first>
		  <last>Mendez</last>
		</name>
		<address>
		  <town>Rolla</town>
		  <zipcode>46318</zipcode>
		</address>
		<contact>
		  <email>nec.malesuada.ut@semut.org</email>
		  <jabber>Ira@jabber.org</jabber>
		  <msn>Ira@gmail.com</msn>
		  <phone>988356309</phone>
		</contact>
		<wishlist>
		  <wish since="23.05.2010" itemid="i00004" />
		  <wish since="22.05.2010">Dead Island</wish>
		</wishlist>
	  </user>
	  <user id="u0008">
		<name>
		  <first>Melvin</first>
		  <last>Dunn</last>
		</name>
		<address>
		  <street>Kemmerer</street>
		  <town>Virginia Beach</town>
		  <zipcode>84169</zipcode>
		</address>
		<contact>
		  <email>ornare@ipsumSuspendisse.org</email>
		  <jabber>Dunn.Melvin@jabber.cz</jabber>
		  <msn>Melvin.Dunn@hotmail.com</msn>
		  <phone>838251095</phone>
		  <skype>Dunn</skype>
		</contact>
		<wishlist>
		  <wish since="19.09.2010">Bullerstorm</wish>
		  <wish since="27.06.2010">Max Payne 3</wish>
		</wishlist>
	  </user>
	  <user id="u0009">
		<name>
		  <first>Neil</first>
		  <last>Monroe</last>
		</name>
		<address>
		  <town>Baltimore</town>
		</address>
		<contact>
		  <email>egestas.Aliquam.fringilla@tellusjustosit.org</email>
		</contact>
		<wishlist>
		  <wish since="28.09.2010">God of War 3</wish>
		  <wish since="28.02.2011">Star Wars</wish>
		</wishlist>
	  </user>
	  <user id="u0010">
		<name>
		  <first>Andrew</first>
		  <last>Gordon</last>
		</name>
		<address>
		  <town>Baltimore</town>
		</address>
		<contact>
		  <email>Mauris.vel.turpis@Proinsedturpis.edu</email>
		  <jabber>Andrew@gmail.com</jabber>
		</contact>
		<wishlist>
		  <wish since="24.07.2010">Star Trek</wish>
		  <wish since="14.12.2009" itemid="i00006" />
		  <wish since="26.10.2010">Duke Nuke Forever</wish>
		</wishlist>
	  </user>
	  <user id="u0011">
		<name>
		  <first>Patrick</first>
		  <last>Black</last>
		</name>
		<address>
		  <street>San Juan</street>
		  <town>Virginia Beach</town>
		</address>
		<contact>
		  <email>ullamcorper.velit.in@gravidanuncsed.com</email>
		  <jabber>Patrick@jabber.cz</jabber>
		</contact>
		<wishlist>
		  <wish since="18.12.2009" itemid="i00003" />
		  <wish since="27.02.2011">God of War 3</wish>
		  <wish since="23.02.2011">Killzone 3</wish>
		</wishlist>
	  </user>
	  <user id="u0012">
		<name>
		  <first>Travis</first>
		  <last>Ward</last>
		</name>
		<address>
		  <town>Baltimore</town>
		</address>
		<contact>
		  <email>sociis.natoque@utdolor.org</email>
		  <phone>853816902</phone>
		</contact>
		<wishlist>
		</wishlist>
	  </user>
	  <user id="u0013">
		<name>
		  <first>William</first>
		  <last>Wood</last>
		</name>
		<address>
		  <town>Baltimore</town>
		  <zipcode>17311</zipcode>
		</address>
		<contact>
		  <email>id@non.edu</email>
		  <skype>id</skype>
		</contact>
		<wishlist>
		  <wish since="08.12.2009">L.A. Noire</wish>
		</wishlist>
	  </user>
	  <user id="u0014">
		<name>
		  <first>Lev</first>
		  <last>Lowery</last>
		</name>
		<address>
		  <town>Rolla</town>
		</address>
		<contact>
		  <email>quis.pede.Suspendisse@rutrumeuultrices.edu</email>
		  <msn>Lowery@gmail.com</msn>
		  <phone>672754363</phone>
		</contact>
		<wishlist>
		</wishlist>
	  </user>
	  <user id="u0015">
		<name>
		  <first>Davis</first>
		  <last>Mendez</last>
		</name>
		<address>
		  <town>Virginia Beach</town>
		</address>
		<contact>
		  <email>dictum.Phasellus@Nullamfeugiat.com</email>
		  <jabber>Mendez@jabber.org</jabber>
		  <msn>Davis@yahoo.com</msn>
		</contact>
		<wishlist>
		  <wish since="30.11.2010">Assassin's Creed: Brotherhood</wish>
		  <wish since="07.03.2011">Dead Island</wish>
		  <wish since="14.07.2010">Bullerstorm</wish>
		</wishlist>
	  </user>
	  <user id="u0016">
		<name>
		  <first>Lars</first>
		  <last>Rodgers</last>
		</name>
		<address>
		  <street>Prescott</street>
		  <town>Virginia Beach</town>
		</address>
		<contact>
		  <email>libero@aodiosemper.org</email>
		  <jabber>Lars@jabber.org</jabber>
		  <phone>734827404</phone>
		</contact>
		<wishlist>
		  <wish since="06.05.2010">Kinect Sports</wish>
		  <wish since="12.10.2010">Killzone 3</wish>
		  <wish since="18.05.2010" itemid="i00002" />
		</wishlist>
	  </user>
	  <user id="u0017">
		<name>
		  <first>Octavius</first>
		  <last>David</last>
		</name>
		<address>
		  <street>Loudon</street>
		  <town>Baltimore</town>
		</address>
		<contact>
		  <email>amet@molestiein.edu</email>
		  <phone>773311195</phone>
		</contact>
		<wishlist>
		</wishlist>
	  </user>
	  <user id="u0018">
		<name>
		  <first>Oscar</first>
		  <last>Miller</last>
		</name>
		<address>
		  <town>Baltimore</town>
		  <zipcode>17311</zipcode>
		</address>
		<contact>
		  <email>vitae.odio@nonmassanon.org</email>
		</contact>
		<wishlist>
		  <wish since="09.10.2010">True Grit</wish>
		  <wish since="23.01.2010" itemid="i00007" />
		  <wish since="18.12.2010">Killzone 3</wish>
		</wishlist>
	  </user>
	  <user id="u0019">
		<name>
		  <first>Vaughan</first>
		  <last>Clarke</last>
		</name>
		<address>
		  <town>Boise</town>
		  <zipcode>86460</zipcode>
		</address>
		<contact>
		  <email>imperdiet.ullamcorper.Duis@interdumligulaeu.edu</email>
		  <jabber>imperdiet.ullamcorper.Duis@gmail.com</jabber>
		  <phone>772550127</phone>
		  <skype>Clarke.Vaughan</skype>
		</contact>
		<wishlist>
		  <wish since="12.08.2010">Duke Nuke Forever</wish>
		  <wish since="17.02.2010">Max Payne 3</wish>
		  <wish since="20.02.2011">Gears of War 3</wish>
		</wishlist>
	  </user>
	  <user id="u0020">
		<name>
		  <first>Andrew</first>
		  <last>Acevedo</last>
		</name>
		<address>
		  <town>Virginia Beach</town>
		  <zipcode>84169</zipcode>
		</address>
		<contact>
		  <email>Class.aptent.taciti@consequat.com</email>
		  <jabber>Class.aptent.taciti@jabber.org</jabber>
		</contact>
		<wishlist>
		  <wish since="13.12.2010">Rango</wish>
		  <wish since="04.06.2010">King's Speach</wish>
		</wishlist>
	  </user>
	</users>
</data>

