<?xml version="1.0" encoding="UTF-8"?>
<!--<!DOCTYPE rezervace SYSTEM "data.dtd">-->
<!--///////////////////////////////////////////////////////////////////////////////////////////-->
<!--/////////////////////////// REZERVAČNÍ SYSTÉM ///////////////////////////-->
<!--///////////////////////////////////////////////////////////////////////////////////////////-->
<!--<ENTER_NAME_OF_ROOT_ELEMENT_HERE xmlns:xsi="http://www.w3.org/2001/XMLSchema-instance" xsi:noNamespaceSchemaLocation="file:///E:/School/CVUT/STM/4%20SEMESTR/A7B36XML%20-%20Technologie%20XML/projekty/semestralka/data.xsd"/>-->
<kino>
<rezervace>
     <!--/////////////////////////////////////////////////////////////////////////////-->
     <!--///////////////////////////  VSTUPENKY ///////////////////////////-->
     <!--/////////////////////////////////////////////////////////////////////////////-->
    <vstupenky>
		<vstupenka id_vstupenky="v01" id_filmu="f01">
        <!--vstupenka na určitý film v určité datum-->
		   <zákazník>
			    <jméno>Jan</jméno>
			    <příjmení>Janko</příjmení>
		   </zákazník>
		   <kino>
			    <adresa>
					<název>CINEMA CITY Nový smíchov</název>
					<město>Praha</město>
			    </adresa>
				<sál>4</sál>
				<řada>10</řada>
				<sedadlo>12</sedadlo>
			</kino>
			<cena>
			   <částka>199</částka>
			   <měna>kč</měna> 
			</cena>
			<sleva></sleva>
			<datum>8.03.2012</datum>
			<čas>18:00</čas>
			<leták src="./newsletter.pdf">Ano</leták>
		</vstupenka>
		<vstupenka id_vstupenky="v02" id_filmu="f03">
        <!--vstupenka na určitý film v určité datum-->
		   <zákazník>
			    <jméno>Karel</jméno>
			    <příjmení>Drahoš</příjmení>
		   </zákazník>
		   <kino>
			    <adresa>
					<název>CINEMA CITY Nový smíchov</název>
					<město>Praha</město>
			    </adresa>
				<sál>3</sál>
				<řada>2</řada>
				<sedadlo>4</sedadlo>
			</kino>
			<cena>
			   <částka>150</částka>
			   <měna>kč</měna> 
			</cena>
			<sleva></sleva>
			<datum>12.03.2012</datum>
			<čas>19:00</čas>
			<leták src="./newsletter.pdf">Ano</leták>
		</vstupenka>
    </vstupenky>
     <!--///////////////////////////////////////////////////////////////////-->
     <!--///////////////////////////  FILMY ///////////////////////////-->
     <!--///////////////////////////////////////////////////////////////////-->
    <filmy>
       <film id_filmu="f01" tretiRozmer="ne">
        <!--informace o filmech na programu-->
			<název>Moneyball</název>
			<rok>2011</rok>
			<země>USA</země>
			<režisér>
					<jméno>Bennett</jméno>
					<příjmení>Miller</příjmení>
			</režisér>
			<hudba>
					<jméno>Mychael</jméno>
					<příjmení>Danna</příjmení>
			</hudba>
			<herci>
				<herec>
					<jméno>Brad</jméno>
					<příjmení>Pitt</příjmení>
				</herec>
				<herec>
					<jméno>Jonah</jméno>
					<příjmení>Hill</příjmení>
				</herec>
				<herečka>
					<jméno>Robin</jméno>
					<příjmení>Wright</příjmení>
				</herečka>
			</herci>
			<žánry>
				<žánr>dra</žánr>
				<žánr>spo</žánr>
				<žánr>živ</žánr>
			</žánry>
			<délka>
				<hodiny>2</hodiny>
				<minuty>13</minuty>
			</délka>
			<titulky>Ano</titulky>
			<dvd>Ne, k datumu <![CDATA[ <?php echo Date("d.m.Y")?> ]]></dvd>
			<popis>Snímek Moneyball společnosti Columbia Pictures je natočen podle skutečného příběhu Billyho Beaneho (Brad Pitt) – bývalého nadějného hráče baseballu s vyhlídkami na oslnivou kariéru, který se poté, co nedokázal splnit nadějná očekávání, se svou soutěživou povahou raději zaměřil na administrativní stránku tohoto sportu. Na počátku sezóny v roce 2002 se Billy ocitá v zapeklité situaci: jeho špatně financovaný tým Oakland Athletics, zvaný též lidově A's, přišel o své nejlepší hráče (znovu), kteří se nechali zlákat velkými týmy (a s tím souvisejícími nemalými platy) a on je nucen dát svůj tým znovu do pořádku a zahájit sezónu s třetinou původního rozpočtu. V touze po vítězství se Billy rozhodne jít proti klasickým zvyklostem, které v baseballu platí. Zaměří se zcela mimo baseballová hřiště na zneuznané teorie Billyho Jamese a najme Petera Branda (Jonah Hill), inteligentního ekonoma, který vystudoval univerzitu v Yale. Společně se postaví selskému rozumu vyzbrojeni odhodláním vše přehodnotit a vybaveni počítačovou statistickou analýzou, kterou baseballová administrativa dlouhodobě ignoruje. Dospějí k neuvěřitelným závěrům a začnou najímat hráče, které zbytek baseballového světa považuje za příliš nevhodné, příliš staré, příliš nemocné nebo příliš problematické, kteří jsou ale současně všichni velmi nedocenění. Jak se Billy a Peter neúnavně tlačí kupředu, vzbudí jejich nové metody a pozoruhodná sestava outsiderů pozornost ostatních týmů, médií, fanoušků i hlavního manažera jejich vlastního týmu (Philip Seymour Hoffman), který odmítá spolupracovat. Tento experiment ale nakonec vede nejenom ke změnám v tom, jak se baseball hraje, ale také k výsledku, který Billymu definitivně otevře oči a posune ho na zcela novou úroveň.
			</popis>
			<ohodnocení>79%</ohodnocení>
		</film>

       <film id_filmu="f02" tretiRozmer="ano">
        <!--informace o filmech na programu-->
			<název>Ocelová pěst</název>
			<rok>2011</rok>
			<země>USA</země>
			<režisér>
					<jméno>Shawn</jméno>
					<příjmení>Levy</příjmení>
			</režisér>
			<hudba>
					<jméno>Danny</jméno>
					<příjmení>Elfman</příjmení>
			</hudba>
			<herci>
				<herec>
					<jméno>Hugh</jméno>
					<příjmení>Jackman</příjmení>
				</herec>
				<herec>
					<jméno>Dakota</jméno>
					<příjmení>Goyo</příjmení>
				</herec>
				<herečka>
					<jméno>Evangeline</jméno>
					<příjmení>Lilly</příjmení>
				</herečka>
			</herci>
			<žánry>
				<žánr>akč</žánr>
				<žánr>dra</žánr>
				<žánr>sci</žánr>
				<žánr>spo</žánr>
			</žánry>
			<délka>
				<hodiny>2</hodiny>
				<minuty>7</minuty>
			</délka>
			<titulky>Ne</titulky>
			<dvd>Ne, k datumu <![CDATA[ <?php echo Date("d.m.Y")?> ]]></dvd>
			<popis>V akčním snímku z blízké budoucnosti Ocelová pěst představuje Hugh Jackman Charlieho Kentona, bývalého boxera, jehož milovaný sport ovládli dva a půl metru vysocí oceloví roboti a lidé jako Charlie už do něj nadále nijak nezapadají. Protože nemá s kým zápasit a nemá žádné vyhlídky na lepší budoucnost, je nucen přivydělávat si jako promotér robotických zápasů. Daří se mu jakž takž protloukat tím, že dává dohromady mizerné a vysloužilé roboty a cestuje od jednoho turnaje k druhému, kamkoliv, kde je schopen si nějak přivydělat. Když už se zdá, že situace nemůže být zoufalejší a komplikovanější, vpadne mu znenadání a proti jeho vůli do života jeho syn Max (Dakota Goyo), se kterým už delší dobu není v kontaktu. Oba společně spojí síly, aby postavili a vytrénovali nového robota a proměnili ho v boxerského šampiona. Zatímco si buduje jméno v brutálním a nemilosrdném světě robotických zápasů, zjišťuje Charlie, že se mu navzdory všem očekáváním nabízí poslední šance na boxerský comeback.
			</popis>
			<ohodnocení>75%</ohodnocení>
		</film>
		
        <film id_filmu="f03" tretiRozmer="ne">
        <!--informace o filmech na programu-->
			<název>Temný rytíř</název>
			<rok>2008</rok>
			<země>USA</země>
			<režisér>
					<jméno>Christopher</jméno>
					<příjmení>Nolan</příjmení>
			</režisér>
			<hudba>
					<jméno>Hans</jméno>
					<příjmení>Zimmer</příjmení>
			</hudba>
			<herci>
				<herec>
					<jméno>Christian</jméno>
					<příjmení>Bale</příjmení>
				</herec>
				<herec>
					<jméno>Heath</jméno>
					<příjmení>Ledger</příjmení>
				</herec>
				<herec>
					<jméno>Aaron</jméno>
					<příjmení>Eckhart</příjmení>
				</herec>
			</herci>
			<žánry>
				<žánr>akč</žánr>
				<žánr>thr</žánr>
				<žánr>kri</žánr>
				<žánr>dra</žánr>
			</žánry>
			<délka>
				<hodiny>2</hodiny>
				<minuty>38</minuty>
			</délka>
			<titulky>Ne</titulky>
			<dvd>Ne, k datumu <![CDATA[ <?php echo Date("d.m.Y")?> ]]></dvd>
			<popis>Akční dobrodružná fantasy v režii Christophera Nolana navazuje na film Batman začíná a Christian Bale si v ní zopakoval roli Batmana/Bruce Waynea v nekončícím boji se zločinem. Wayne v kostýmu netopýřího muže jde spolu s poručíkem Jamesem Gordonem (Gary Oldman) z Gothamské policie po králi zločinců Jokerovi známého podle symbolu - hrací karty s žolíkem - kterou zanechává na místech činu. Vtipálek s prořízlou tváří (Heath Ledger) má tentokrát v plánu Batmanovi dokázat, že slova Gotham a mír nikdy nebudou stát v jedné větě vedle sebe. Na uvolněné místo po bývalém králi místní mafie usedá Sal Maroni (Eric Roberts) a přebírá vládu nad většinou gangů v Gothamu. Na scéně se rovněž objevuje nový státní návladní Harvey Dent (Aaron Eckhart), který by rozdanými kartami (i s žolíkem v balíčku) mohl pořádně zamíchat.
			</popis>
			<ohodnocení>90%</ohodnocení>
		</film>
		
    </filmy>
</rezervace>
</kino>