<?xml version="1.0" encoding="UTF-8"?>
<!-- A7B36XML Homework  5-->
<!-- Author: Veronika Maurerova - maurever@fel.cvut.cz-->

<root-element xmlns:xsd="http://www.w3.org/2001/XMLSchema"> 
<!-- START OF SCHEMA -->
<xs:schema xmlns:xs="http://www.w3.org/2001/XMLSchema">
	<xs:simpleType name="ST_note_ref">
		<xs:restriction base="xs:string"/>
	</xs:simpleType>
	<xs:simpleType name="attribute_active">
		<xs:restriction base="xs:string">
			<xs:pattern value="true|false"/>
		</xs:restriction>
	</xs:simpleType>
	<xs:simpleType name="attribute_priority">
		<xs:restriction base="xs:byte">
			<xs:enumeration value="1"/>
			<xs:enumeration value="2"/>
			<xs:enumeration value="3"/>
			<xs:enumeration value="4"/>
			<xs:enumeration value="5"/>
		</xs:restriction>
	</xs:simpleType>
	<xs:complexType name="ordinary_item">
		<xs:sequence>
			<xs:element ref="from"/>
			<xs:element ref="to"/>
			<xs:element ref="subject"/>
			<xs:element ref="note"/>
			<xs:element ref="state"/>
		</xs:sequence>
		<xs:attribute name="priority" type="attribute_priority"/>
		<xs:attribute name="id" type="xs:string"/>
	</xs:complexType>
	<xs:complexType name="ud">
		<xs:sequence>
			<xs:element ref="password_hash"/>
			<xs:element ref="salt"/>
			<xs:element ref="name"/>
		</xs:sequence>
	</xs:complexType>
	<xs:complexType name="ud_with_login">
		<xs:complexContent>
			<xs:extension base="ud">
				<xs:sequence>
					<xs:element ref="login"/>
					<xs:element ref="email"/>
				</xs:sequence>
			</xs:extension>
		</xs:complexContent>
	</xs:complexType>
	<xs:element name="root-element">
		<xs:complexType>
			<xs:sequence>
				<xs:element ref="users"/>
			</xs:sequence>
		</xs:complexType>
	</xs:element>
	<xs:element name="users">
		<xs:complexType>
			<xs:sequence>
				<xs:element ref="user" minOccurs="2" maxOccurs="1000"/>
			</xs:sequence>
		</xs:complexType>
	</xs:element>
	<xs:element name="user">
		<xs:complexType>
			<xs:sequence>
				<xs:element name="user_details" type="ud_with_login"/>
				<xs:element ref="todo_list"/>
			</xs:sequence>
			<xs:attribute name="id" type="xs:string" use="required"/>
		</xs:complexType>
	</xs:element>
	<xs:element name="name">
		<xs:complexType>
			<xs:sequence>
				<xs:element ref="first_name"/>
				<xs:element ref="last_name"/>
			</xs:sequence>
		</xs:complexType>
	</xs:element>
	<xs:element name="first_name" type="xs:string"/>
	<xs:element name="last_name" type="xs:string"/>
	<xs:element name="password_hash" type="xs:string"/>
	<xs:element name="salt" type="xs:string"/>
	<xs:element name="login" type="xs:string"/>
	<xs:element name="email">
		<xs:complexType>
			<xs:simpleContent>
				<xs:extension base="xs:string">
					<xs:attribute name="active" type="attribute_active"/>
				</xs:extension>
			</xs:simpleContent>
		</xs:complexType>
	</xs:element>
	<xs:element name="todo_list">
		<xs:complexType>
			<xs:sequence>
				<xs:element ref="category" maxOccurs="unbounded"/>
			</xs:sequence>
		</xs:complexType>
	</xs:element>
	<xs:element name="to">
		<xs:complexType>
			<xs:sequence>
				<xs:element ref="date"/>
			</xs:sequence>
		</xs:complexType>
	</xs:element>
	<xs:element name="subject" type="xs:string"/>
	<xs:element name="state">
		<xs:complexType>
			<xs:attribute name="status">
				<xs:simpleType>
					<xs:restriction base="xs:string">
						<xs:enumeration value="done"/>
						<xs:enumeration value="fleshed"/>
						<xs:enumeration value="undone"/>
					</xs:restriction>
				</xs:simpleType>
			</xs:attribute>
		</xs:complexType>
	</xs:element>
	<xs:element name="note_ref">
		<xs:complexType>
			<xs:simpleContent>
				<xs:extension base="ST_note_ref">
					<xs:attribute name="refsid" type="xs:string"/>
					<xs:attribute name="refid" type="xs:string"/>
					<xs:attribute name="id" type="xs:string" use="required"/>
				</xs:extension>
			</xs:simpleContent>
		</xs:complexType>
	</xs:element>
	<xs:element name="note">
		<xs:complexType mixed="true">
			<xs:sequence>
				<xs:element ref="note_ref" minOccurs="0"/>
			</xs:sequence>
		</xs:complexType>
		<xs:key name="NoteKey">
			<xs:selector xpath="note"/>
			<xs:field xpath="note_ref"/>
		</xs:key>
	</xs:element>
	<xs:element name="items">
		<xs:complexType>
			<xs:sequence>
				<xs:element ref="item" maxOccurs="unbounded"/>
			</xs:sequence>
		</xs:complexType>
	</xs:element>
	<xs:element name="item" type="ordinary_item"/>
	<xs:element name="from">
		<xs:complexType>
			<xs:sequence>
				<xs:element ref="date"/>
			</xs:sequence>
		</xs:complexType>
	</xs:element>
	<xs:element name="date">
		<xs:complexType>
			<xs:attribute name="year" type="xs:string"/>
			<xs:attribute name="month" use="required">
				<xs:simpleType>
					<xs:restriction base="xs:byte">
						<xs:minInclusive value="1"/>
						<xs:maxInclusive value="12"/>
					</xs:restriction>
				</xs:simpleType>
			</xs:attribute>
			<xs:attribute name="day">
				<xs:simpleType>
					<xs:restriction base="xs:byte">
						<xs:minInclusive value="1"/>
						<xs:maxInclusive value="31"/>
					</xs:restriction>
				</xs:simpleType>
			</xs:attribute>
		</xs:complexType>
	</xs:element>
	<xs:element name="category">
		<xs:complexType mixed="true">
			<xs:sequence>
				<xs:element ref="items" minOccurs="0"/>
			</xs:sequence>
			<xs:attribute name="name" type="xs:string" use="optional"/>
		</xs:complexType>
	</xs:element>
</xs:schema>
<!-- END OF SCHEMA -->
	<users>
		<user id="user_1">
			<user_details>
				<password_hash>
					hash192JSKK82
				</password_hash>
				<salt>SGJKD#JK76MN780</salt>
				<name>
					<first_name>Anna</first_name>
					<last_name>Nováková</last_name>
				</name>
				<login>Angela</login>
				<email active="true">angela@xyz.com</email>
			</user_details>
			<todo_list>
				<category name="Škola">
					<items>
						<item id="item_1" priority="1">
							<from>
								<date day="01" month="03" year="2014"/>
							</from>
							<to>
								<date day="14" month="04" year="2014"/>
							</to>
							<subject>XML úkol č. 1</subject>
							<note>
								Zadání na stránkách předmětu XML. Souvisí s <note_ref id="ref_1" refid="item_2">Úkolem č. 2</note_ref>.
							</note>
							<state status="undone"/>
						</item>
						<item id="item_2" priority="1">
							<from>
								<date day="01" month="03" year="2014"/>
							</from>
							<to>
								<date day="10" month="03" year="2014"/>
							</to>
							<subject>
								<?php echo $category;?> Nastudovat přednášky 1-3 z XML.
							</subject>
							<note>Stáhnout a projít přednášky k vypracování úkolu.</note>
							<state status="done"/>
						</item>
						<item id="item_42" priority="1">
							<from>
								<date day="01" month="03" year="2014"/>
							</from>
							<to>
								<date day="30" month="03" year="2014"/>
							</to>
							<subject>Zajít do knihovny</subject>
							<!-- Here is used ID and IDREFS.-->
							<note>Půjčit si knihu na XML.Souvisí s <note_ref id="ref_42" refsid="item_2 item_1">Úkolem č. 1 a 2.</note_ref>.</note>
							<state status="fleshed"/>
						</item>
						<item id="item_3" priority="1">
							<from>
								<date day="06" month="03" year="2014"/>
							</from>
							<to>
								<date day="12" month="03" year="2014"/>
							</to>
							<subject>
								<?php echo $category;?> PJC úkol č. 1</subject>
							<note>Zadání na webu předmětu PJC. Hotov nákres, doprogramovat.</note>
							<state status="undone"/>
						</item>
						<item id="item_13" priority="4">
							<from>
								<date day="13" month="03" year="2014"/>
							</from>
							<to>
								<date day="16" month="03" year="2014"/>
							</to>
							<subject>Vrátit knihy do knihovny</subject>
							<note>O C++ a javě EE</note>
							<state status="undone"/>
						</item>
						<item id="item_14" priority="2">
							<from>
								<date day="06" month="04" year="2014"/>
							</from>
							<to>
								<date day="12" month="05" year="2014"/>
							</to>
							<subject>
								 PJC úkol č. 2</subject>
							<note>Zadání na webu předmětu PJC.</note>
							<state status="undone"/>
						</item>
						<item id="item_15" priority="5">
							<from>
								<date day="06" month="03" year="2014"/>
							</from>
							<to>
								<date day="30" month="04" year="2014"/>
							</to>
							<subject>
								 XML úkol č. 5</subject>
							<note>Zadání na webu předmětu. Dodržet všechny podmínky </note>
							<state status="undone"/>
						</item>
					</items>
				</category>
				<category name="Práce">
					<items>
						<item id="item_4" priority="1">
							<from>
								<date day="08" month="03" year="2014"/>
							</from>
							<to>
								<date day="10" month="04" year="2014"/>
							</to>
							<subject>
								<?php echo $category;?> Studie IZO</subject>
							<note>Nalézt zdroje, načíst, vytvořit osnovu, zkonzultovat s vedením.</note>
							<state/>
						</item>
					</items>
				</category>
			</todo_list>
		</user>
		<user id="user_2">
			<user_details>
				<password_hash>JKSL3K9A#IKSKS8</password_hash>
				<salt>JKSKSMLARTEPQ65</salt>
				<name>
					<first_name>Karel</first_name>
					<last_name>Slabý</last_name>
				</name>
				<login>Kankas</login>
				<email active="false">kankas@xyz.com</email>
			</user_details>
			<todo_list>
				<category name="Práce">
					<items>
						<item id="item_5" priority="4">
							<from>
								<date day="20" month="12" year="2013"/>
							</from>
							<to>
								<date day="02" month="02" year="2014"/>
							</to>
							<subject>
								<?php echo $category;?> Web KRUF</subject>
							<note>Naprogramovat kalendář akcí.</note>
							<state status="done"/>
						</item>
						<item id="item_6" priority="1">
							<from>
								<date day="03" month="03" year="2014"/>
							</from>
							<to>
								<date day="03" month="06" year="2014"/>
							</to>
							<subject>
								<?php echo $category;?> Web Nový &amp; Starý s. r. o</subject>
							<note>Vizitka firmy Nový s. r. o., redakční systém, informační formulář. Více v 	e-mailu. Design viz <note_ref id="ref_3" refid="item_7">úkol o grafice</note_ref>.</note>
							<state status="fleshed"/>
						</item>
						<item id="item_7" priority="1">
							<from>
								<date day="10" month="03" year="2014"/>
							</from>
							<to>
								<date day="12" month="03" year="2014"/>
							</to>
							<subject>Nový s. r. o - zavolat grafikovi</subject>
							<note>Zjistit cenu a zda už má něco hotovo. Upravit barvu pozadí na &#777;</note>
							<state status="undone"/>
						</item>
						<item id="item_12" priority="3">
							<from>
								<date day="13" month="03" year="2014"/>
							</from>
							<to>
								<date day="20" month="03" year="2014"/>
							</to>
							<subject>Nový s. r. o - sehnat testery</subject>
							<note>Bobeš mi dá kontakt, stačí jenom za volat a domluvit.</note>
							<state status="undone"/>
						</item>
						<item id="item_13" priority="2">
							<from>
								<date day="13" month="03" year="2014"/>
							</from>
							<to>
								<date day="20" month="03" year="2014"/>
							</to>
							<subject>Nový s. r. o - připravit kody pro testery</subject>
							<note>Předat na starosti někomu ze softwaru.</note>
							<state status="undone"/>
						</item>
					</items>
				</category>
			</todo_list>
		</user>
		<user id="user_3">
			<user_details>
				<password_hash>GSJ8KS8L9SK8SSJ</password_hash>
				<salt>HSJ62JSK82KS82JSO</salt>
				<name>
					<first_name>Jan</first_name>
					<last_name>Novák</last_name>
				</name>
				<login>Silos</login>
				<email active="true">sila@xyz.com</email>
			</user_details>
			<todo_list>
				<category name="Práce">
					<items>
						<item id="item_8" priority="2">
							<from>
								<date day="02" month="04" year="2014"/>
							</from>
							<to>
								<date day="20" month="06" year="2014"/>
							</to>
							<subject>
								<?php echo $category;?> Kniha XML</subject>
							<note>Dát dohromady a poslat na korektury</note>
							<state status="fleshed"/>
						</item>
						<item id="item_9" priority="5">
							<from>
								<date day="01" month="03" year="2014"/>
							</from>
							<to>
								<date day="01" month="04" year="2014"/>
							</to>
							<subject>
								<?php echo $category;?> Kniha XML - obsah</subject>
							<note>
								Součástí úkolu <note_ref id="ref_4" refid="item_9"/>. Vytvořit obsah a prodiskutovat s kolegou. 
							</note>
							<state status="fleshed"/>
						</item>
						<item id="item_10" priority="1">
							<from>
								<date day="01" month="05" year="2014"/>
							</from>
							<to>
								<date day="01" month="06" year="2014"/>
							</to>
							<subject>
								Kniha XML - závěr</subject>
							<note>
								Ještě počká.
							</note>
							<state status="undone"/>
						</item>
						<item id="item_11" priority="5">
							<from>
								<date day="01" month="03" year="2014"/>
							</from>
							<to>
								<date day="20" month="06" year="2014"/>
							</to>
							<subject>
								Kniha XML - korektury
							</subject>
							<note>
								Sehnat někoho na korektury.
							</note>
							<state status="undone"/>
						</item>
					</items>
				</category>
			</todo_list>
		</user>
		<user id="user_4">
			<user_details>
				<password_hash>423246S8L9SK8SSJ</password_hash>
				<salt>BKAKS2KS82JSO</salt>
				<name>
					<first_name>Karolína</first_name>
					<last_name>Sličná</last_name>
				</name>
				<login>Karlos</login>
				<email active="false">carlos@tm.com</email>
			</user_details>
			<todo_list>
				<category name="Škola">
				</category>
			</todo_list>
		</user>
	</users>
</root-element>
