<?xml version="1.0" encoding="UTF-8"?>

<!-- 
    hypotetická evidence vlastníků ve virtuálním katastru
    - model reálné situace
-->

<!DOCTYPE evidence SYSTEM "data.dtd">

<evidence>
    
    <parcela id="p1.1">
        <cislo>1</cislo>
        <vymera>1.2584</vymera>
        <kultura typ="orná" />
        
        <sousedni id="p1.2" />

        <vlastnik id="v8808275007">
            <jmeno>Adam</jmeno>
            <prijmeni>Nováček</prijmeni>
            <adresa>
                <ulice>Nová</ulice>
                <cp>15</cp>
                <mesto>Přímětín</mesto>
                <psc>22532</psc>
            </adresa>
            <zmeneno>12.12.2011</zmeneno>
            <aktualni />
        </vlastnik>

        <vlastnik id="v0012455">
            <firma>Obec Přímětín</firma>
            <ico>0012455</ico>
            <adresa>
                <ulice>Náměstí</ulice>
                <cp>1</cp>
                <mesto>Přímětín</mesto>
                <psc>22532</psc>
            </adresa>
            <zmeneno>12.2.1911</zmeneno>
        </vlastnik>
        
        <lv cislo="1">
            <ku>Přímětín</ku>
            <verze>&verze;</verze>
        </lv>           
        <digitalizace probehla="ano">
            <souradnice x="15.003458" y="15.43544343" />
            <prubeh>
                <faze druh="gps">    
                    <kompletni />
                    <zprava>
                        <![CDATA[<ul><li>provedeno focení GPS, data jsou uložena v archivu</li></ul>]]>
                    </zprava>
                </faze>
                <faze druh="letecká">
                    <zprava>
                        <![CDATA[<ul><li>čeká na zpracování technika</li></ul>]]>
                        <technik>Ivan Mladý</technik>
                    </zprava>                    
                </faze>
            </prubeh>
        </digitalizace>        
        <zmeneno>12.12.2011</zmeneno>
        <poznamka><![CDATA[přímý vstup operátora databáze, prostor pro poznámku]]></poznamka>
    </parcela>    

    <parcela id="p1.2">
        <cislo>2</cislo>
        <vymera>2.3655</vymera>
        <kultura typ="les" />
        
        <vlastnik id="v55162355">
            <firma>Chromotix s.r.o.</firma>
            <ico>55162355</ico>
            <adresa>
                <ulice>Náměstí</ulice>
                <cp>2</cp>
                <mesto>Přímětín</mesto>
                <psc>22532</psc>
            </adresa>
            <zmeneno>12.4.2011</zmeneno>
            <aktualni />
        </vlastnik>
        
        <lv cislo="1">
            <ku>Přímětín</ku>
            <verze>&verze;</verze>
        </lv>        
        <digitalizace probehla="ne" />
        <zmeneno>12.12.2011</zmeneno>
        <poznamka><![CDATA[přímý vstup operátora databáze, prostor pro poznámku]]></poznamka>
    </parcela>  
    
</evidence>
