<?xml version="1.0" encoding="UTF-8" standalone="no"?><tovarna>
	<vyrobky>
		<cokolada id="CH101">
			<jmeno>Extra cokoladova cokolada</jmeno>
			<typ value="horka"/>
			<velikost hmotnost="100g"/>
			<slozeni podilkakaa="101%">
				<slozka hmotnost="101g">cokolada</slozka>
				<slozka hmotnost="-1g">antigravitacni prisada</slozka>
			</slozeni>
			<cenavyrobku>
				<vyroba value="712"/>
				<maloobchodni value="999"/>
				<velkoobchodni value="845"/>
			</cenavyrobku>
		</cokolada>
		<cokolada id="CB25">
			<jmeno>Byla cokolada</jmeno>
			<typ value="bila"/>
			<velikost hmotnost="100g"/>
			<slozeni podilkakaa="25%">
				<slozka>cukr</slozka>
				<slozka>kakaove maslo</slozka>
				<slozka>susene odstredene mleko</slozka>
				<slozka>susena syrovatka</slozka>
				<slozka>mlecny tuk</slozka>
				<slozka>emulgator (sojovy lecitin)</slozka>
				<slozka>aroma</slozka>
			</slozeni>
			<cenavyrobku>
				<vyroba value="10"/>
				<maloobchodni value="25"/>
				<velkoobchodni value="20"/>
			</cenavyrobku>
		</cokolada>
		<cokolada id="CM00">
			<jmeno>Hnusna cokolada</jmeno>
			<typ value="mlecna"/>
			<velikost hmotnost="500g"/>
			<slozeni podilkakaa="0%">
				<slozka hmotnost="100g">cukr</slozka>
				<slozka>univerzalni hnede barvivo E12345</slozka>
				<slozka hmotnost="50g">brouci</slozka>
				<slozka hmotnost="200g">rostlinny tuk</slozka>
			</slozeni>
			<cenavyrobku>
				<vyroba value="1"/>
				<maloobchodni value="79"/>
				<velkoobchodni value="65"/>
			</cenavyrobku>
		</cokolada>
		<rum id="RA40">
			<jmeno>Nejlepsi rum</jmeno>
			<velikost objem="0,5l"/>
			<objemalkoholu value="40%"/>
			<cenavyrobku>
				<vyroba value="45"/>
				<maloobchodni value="1999"/>
				<velkoobchodni value="1600"/>
			</cenavyrobku>
		</rum>
		<rum id="RZ35">
			<jmeno>Rhum</jmeno>
			<velikost objem="0,45l"/>
			<objemalkoholu value="35%"/>
			<cenavyrobku>
				<vyroba value="50"/>
				<maloobchodni value="30"/>
				<velkoobchodni value="40"/>
			</cenavyrobku>
		</rum>
		<cokolada id="CH55">
			<jmeno>Proste horka cokolada</jmeno>
			<typ value="horka"/>
			<velikost hmotnost="100g"/>
			<slozeni podilkakaa="55%">
				<slozka>cukr</slozka>
				<slozka>kakaova hmota</slozka>
				<slozka>kakaove maslo</slozka>
				<slozka>mlecny tuk</slozka>
				<slozka>emulgator (sojovy lecitin)</slozka>
			</slozeni>
			<cenavyrobku>
				<vyroba value="12"/>
				<maloobchodni value="34"/>
				<velkoobchodni value="25"/>
			</cenavyrobku>
		</cokolada>
		<cokolada id="CH35">
			<jmeno>Tmava cokolada</jmeno>
			<typ value="horka"/>
			<velikost hmotnost="100g"/>
			<slozeni podilkakaa="35%">
				<slozka>cukr</slozka>
				<slozka hmotnost="14g">kakaovy prasek se snizenym obsahem tuku</slozka>
				<slozka>susena syrovatka</slozka>
				<slozka>ztuzeny rostlinny tuk</slozka>
				<slozka>emulgator (sojovy lecitin)</slozka>
				<slozka>aroma</slozka>
			</slozeni>
			<cenavyrobku>
				<vyroba value="7"/>
				<maloobchodni value="21"/>
				<velkoobchodni value="15"/>
			</cenavyrobku>
		</cokolada>
	<rum id="RE38"><jmeno>Tuzemak</jmeno><velikost objem="0,5l"/><objemalkoholu value="38%"/><cenavyrobku><vyroba value="20"/><maloobchodni value="120"/><velkoobchodni value="85"/></cenavyrobku></rum></vyrobky>
	<odberatele>
		<odberatel>
			<nazev>cokolada pro vsechny a.s.</nazev>
			<kontakt>
				<mesto>cokoland</mesto>
				<ulice>cokoladova</ulice>
				<cislopopisne>1</cislopopisne>
				<PSC>123 45</PSC>
				<stat>cokoladov</stat>
				<telefon>26565898</telefon>
				<email>cokolada@cokolada.coko</email>
				<email>mnam@cokolada.coko</email>
			</kontakt>
			<odber>
				<polozka id="CB25">
					<mnozstvi value="1000"/>
					<cena value="20000"/>
				</polozka>
				<polozka id="CH101">
					<mnozstvi value="100"/>
					<cena value="84500"/>
				</polozka>
				<polozka id="CM00">
					<mnozstvi value="5"/>
					<cena value="325"/>
				</polozka>
				<celkovacena value="104825"/>
			</odber>
		</odberatel>
		
	</odberatele>
	<datumposledniupravy><?php echo Date("d.m.Y"); ?></datumposledniupravy>
</tovarna>