<databazeHer>
	<!-- seznam vydavatelu-->
	<vydavatele>
		<vydavatel>
			<nazev>Czech Game Edition</nazev>
			<web url="http://www.czechgames.com"/>
			<zeme>Czech Republic</zeme>
		</vydavatel>
		<vydavatel>
			<nazev>Rio Grande Games</nazev>
			<web url="http://riograndegames.com"/>
			<zeme>Germany</zeme>
		</vydavatel>
		<vydavatel>
			<nazev>Albi</nazev>
			<web url="http://www.albi.cz/"/>
			<zeme>Germany</zeme>
		</vydavatel>
	</vydavatele>
	<!-- seznam tvurcu -->
	<tvurci>
		<tvurce>
			<jmeno>Donald X. Vaccarino</jmeno>
			<rokNarozeni>1969</rokNarozeni>
			<zemePuvodu>Germany</zemePuvodu>
		</tvurce>
		<tvurce>
			<jmeno>Vlaada (Vladimír) Chvátil</jmeno>
			<zemePuvodu>Czech republic</zemePuvodu>
		</tvurce>
		<tvurce>
			<jmeno>Klaus-Jürgen Wrede</jmeno>
			<zemePuvodu>Germany</zemePuvodu>
		</tvurce>
	</tvurci>
	<!-- klasicky seznam her -->
	<hry>
		<hra>
			<nazev>Dominion</nazev>
			<jmenoTvurce>Donald X. Vaccarino</jmenoTvurce>
			<pocetHracu>
				<minPocet>2</minPocet>
				<maxPocet>8</maxPocet>
			</pocetHracu>
			<doporucenyVek>
				<minVek>8</minVek>
				<maxVek>99</maxVek>
			</doporucenyVek>
			<rokVydani>2008</rokVydani>
			<jazyky>
				<jazyk>english</jazyk>
				<jazyk>german</jazyk>
			</jazyky>
			<hraciDoba cas="minutes">30</hraciDoba>
			<seznamVydavatelu>
				<vydavatelNazev>Albi</vydavatelNazev>
			</seznamVydavatelu>
		</hra>
		<hra>
			<nazev>Space Alert</nazev>
			<jmenoTvurce>Vlaada (Vladimír) Chvátil</jmenoTvurce>
			<pocetHracu>
				<minPocet>1</minPocet>
				<maxPocet>5</maxPocet>
			</pocetHracu>
			<doporucenyVek>
				<minVek>12</minVek>
				<maxVek>99</maxVek>
			</doporucenyVek>
			<rokVydani>2008</rokVydani>
			<jazyky>
				<jazyk>czech</jazyk>
				<jazyk>german</jazyk>
				<jazyk>english</jazyk>
			</jazyky>
			<hraciDoba cas="minutes">35</hraciDoba>
			<seznamVydavatelu>
				<vydavatelNazev>Czech Game Edition</vydavatelNazev>
			</seznamVydavatelu>
		</hra>

		<hra>
			<nazev>Carcassone</nazev>
			<jmenoTvurce>Klaus-Jürgen Wrede</jmenoTvurce>
			<pocetHracu>
				<minPocet>2</minPocet>
				<maxPocet>5</maxPocet>
			</pocetHracu>
			<doporucenyVek>
				<minVek>8</minVek>
				<maxVek>99</maxVek>
			</doporucenyVek>
			<rokVydani>2000</rokVydani>
			<jazyky>
				<jazyk>german</jazyk>
				<jazyk>czech</jazyk>
			</jazyky>
			<hraciDoba cas="hours">1</hraciDoba>
			<seznamVydavatelu>
			<vydavatelNazev>Albi</vydavatelNazev>
			</seznamVydavatelu>
		</hra>
		
		<hra>
			<nazev>Vládci podzemí</nazev>
			<jmenoTvurce>Vlaada (Vladimír) Chvátil</jmenoTvurce>
			<pocetHracu>
				<minPocet>2</minPocet>
				<maxPocet>4</maxPocet>
			</pocetHracu>
			<doporucenyVek>
				<minVek>12</minVek>
				<maxVek>99</maxVek>
			</doporucenyVek>
			<rokVydani>2009</rokVydani>
			<jazyky>
				<jazyk>czech</jazyk>
				<jazyk>german</jazyk>
				<jazyk>english</jazyk>
			</jazyky>
			<hraciDoba cas="minutes">120</hraciDoba>
			<seznamVydavatelu>
				<vydavatelNazev>Czech Game Edition</vydavatelNazev>
				<vydavatelNazev>Mindk Ok</vydavatelNazev>
			</seznamVydavatelu>
		</hra>
	</hry>
</databazeHer>
