<?xml version="1.0" encoding="UTF-8"?>
<!-- edited with XMLSpy v2011 rel. 2 (http://www.altova.com) by klonk (klonk) -->
<!DOCTYPE znacka SYSTEM "data.dtd">
<znacka znacka_id="Z01" logo_znacka="brand.png">
	<historia>
Italská značka, která při svých začátcích krátce po druhé světové válce začala nejprve vyrábět skútry. Aprilia je ale mnohem více známá svými sportovními stroji. Přestože je Aprilia malá značka v mezinárodním žebříčku motocyklových výrobců, má poměrně veliké úspěchy v silničních závodech motocyklů ve všech třech klasických objemových kategoriích.</historia>
	<modelova_rada meno="Aprilia Atlantic">
		<modelova_rada_info> WIP</modelova_rada_info>
		<model model_id="AA01_500" obr_model="aa.jpg" v_predaji="nie">
			<zakladne_info>
				<nazov>APRILIA ATLANTIC 500</nazov>
				<kategoria>Skútry</kategoria>
				<kategoria>Do 500 ccm</kategoria>
				<hmotnost>199kg</hmotnost>
				<info>Výkonný skútr od Aprilie je vybaven čtyřdobým, kapalinou chlazeným motorem o objemu 460 ccm. Tento motor dosahuje výkonu 37 koní a díky tomuto výkonu se stroj může po silnicích řítit rychlostí až 160 km za hodinu. Dále je vybaven předními dvojitými kotoučovými brzdami a zadními jednokotoučovými brzdami.</info>
			</zakladne_info>
			<pohon>
				<motor motor_id="E_AA500_01">
					<druh>řadový</druh>
					<takt>čtyřdobý</takt>
					<pocet_ventilov>4</pocet_ventilov>
					<chladenie>kapalinou</chladenie>
					<sekundarny_prevod>přímý</sekundarny_prevod>
					<rozvod>OHC (ventily i vačkový hřídel v hlavě válce)</rozvod>
					<valec>
						<vrtanie>92.0 mm</vrtanie>
						<zdvyh> 69.0 mm</zdvyh>
						<objem>460.0 ccm</objem>
					</valec>
					<otacky>5500</otacky>
					<vykon jednotka="kWh">28</vykon>
					<krutiaci_moment>40.0 Nm</krutiaci_moment>
				</motor>
				<prevodovka>Variator</prevodovka>
				<prenos_vykonu>
					<remen>Karbonovy</remen>
				</prenos_vykonu>
			</pohon>
			<podvozok>
				<odpruzenie>
					<predne_odpruzenie>Tlmicom</predne_odpruzenie>
					<zadne_odpruzenie>Tlmicom</zadne_odpruzenie>
				</odpruzenie>
			</podvozok>
			<rozmery vyska="770 mm" dlzka="1550 mm" sirka="?"/>
			<spotreba mimo_mesta="7" kombinovana="5,4" v_meste="4,2"/>
			<vybava>
				<vybava_prvok zakladna="ano">schránka na prilbu</vybava_prvok>
				<vybava_prvok zakladna="ano">nosič batožiny</vybava_prvok>
				<vybava_prvok zakladna="ano">ukazovateľ stavu paliva</vybava_prvok>
				<vybava_prvok zakladna="nie">ABS</vybava_prvok>
			</vybava>
			<prislusenstvo>
				<prislusenstvo_prvok>Kufor</prislusenstvo_prvok>
				<prislusenstvo_prvok>Cestovne plexi</prislusenstvo_prvok>
				<prislusenstvo_prvok>Vyhrievane rukovete</prislusenstvo_prvok>
				<prislusenstvo_prvok>Brasna do tunelu</prislusenstvo_prvok>
			</prislusenstvo>
			<cena dph="20" odpocet_dph="ano">4500e</cena>
		</model>
		<model model_id="AA02_500" obr_model="sprint.jpg" v_predaji="ano">
			<predchodca>
				<motorka_ref model_id="AA01_500"/>
			</predchodca>
			<zakladne_info>
				<nazov>Aprilia Atlantic 500 Sprint</nazov>
				<kategoria>Skútry</kategoria>
				<kategoria>Do 500 ccm</kategoria>
				<hmotnost>199 kg</hmotnost>
				<info>Rovnako rýchly a výkonný ako maxi skúter, pričom rovnako kompaktný a ovládateľný ako veľa skútrov s menšími motormi. Atlantic 500 Sprint je najnovšou odpoveďou Aprilie na Vaše potreby a túžby. Jeho 500 ccm 		motor so vstrekovaním paliva predstavuje najmodernejšiu technológiu poskytujúcu stupňovaný výkon, nízku spotrebu paliva a uspokojenie z jazdy. Nová kostra Sprintu se vyznačuje silnejším rámom než kedykoľvek predtým, novou vidlicou a novými tlmičmi. Proto môžete maximálne využívať výkon motoru v spojení s vynikajúcou stabilitou a inštinktívnym riadením. Atlantic 500 Sprint je vybavený 14&quot; kolesami a nízkoprofilovými bezdušovými pneumatikami, ďalej se chváli integrálnym brzdovým systémom zajišťujúcim maximálnu bezpečnosť, stabilitou na ceste a ľahkou ovládateľnosťou za všetkých podmienok.</info>
			</zakladne_info>
			<pohon>
				<motor motor_id="E_AA500_02">
					<druh>radový</druh>
					<takt>štvordobý</takt>
					<pocet_ventilov>4</pocet_ventilov>
					<chladenie>kvapalinou</chladenie>
					<sekundarny_prevod>remeň</sekundarny_prevod>
					<rozvod>OHC (ventily aj vačkový hriadeľ v hlave valca)</rozvod>
					<valec>
						<vrtanie>92.0 mm</vrtanie>
						<zdvyh>69.0 mm</zdvyh>
						<objem>460.0 ccm</objem>
					</valec>
					<otacky>7500</otacky>		
					<vykon jednotka="hp">38</vykon>
					<krutiaci_moment>40.0 Nm</krutiaci_moment>
				</motor>
				<prevodovka>Variator</prevodovka>
				<prenos_vykonu>
					<remen>karbonovy</remen>
				</prenos_vykonu>
			</pohon>
			<podvozok>
				<odpruzenie>
					<predne_odpruzenie odpruzenie_typ="klasicke">Tlmice</predne_odpruzenie>
					<zadne_odpruzenie odpruzenie_typ="klasicke">Tlmice</zadne_odpruzenie>
				</odpruzenie>
			</podvozok>
			<rozmery vyska="770 mm" dlzka="1550 mm" sirka=""/>
			<spotreba mimo_mesta="6" kombinovana="4,8" v_meste="4"/>
			<vybava>
				<vybava_prvok zakladna="ano">schránka na prilbu</vybava_prvok>
				<vybava_prvok zakladna="ano">nosič batožiny</vybava_prvok>
				<vybava_prvok zakladna="ano">ukazovateľ stavu paliva</vybava_prvok>
				<vybava_prvok zakladna="ano">ABS</vybava_prvok>
			</vybava>
			<prislusenstvo>
				<prislusenstvo_prvok>Kufor</prislusenstvo_prvok>
				<prislusenstvo_prvok>Bocne kufre</prislusenstvo_prvok>
				<prislusenstvo_prvok>Turisticke plexi</prislusenstvo_prvok>
				<prislusenstvo_prvok>Opierka spolujazdca</prislusenstvo_prvok>
			</prislusenstvo>
			<cena dph="20" odpocet_dph="ano">
					5000e
			</cena>
		</model>
	</modelova_rada>
	<dokument>
		<aktualnost>
			<?php echo Date("d.m.Y")?>
		</aktualnost>
		<upozornenie><![CDATA[
			document.writeln("Jazdite opatrne!");]]></upozornenie>
		<prava>&motto;&aprilia;</prava>
	</dokument>
</znacka>
