<?xml version="1.0" encoding="UTF-8"?>
<videopujcovna>
	<oPujcovne>
		<nazev>Nova pujcovna</nazev>
		<kontakt>
			<adresa>
				<ulice>Slana 89</ulice>
				<mesto>Praha</mesto>
				<psc>18550</psc>				
			</adresa>
			<spojeni>				
				<telefony>
					<telefon id = "t1">606965758</telefon>
					<telefon id = "t2">6161981981</telefon>			
				</telefony>
				<email>novaPujcovna@google.com</email>
				<www>www.novaPujcovna.cz</www>
			</spojeni>
		</kontakt>
		<popis>			
			Mame vse na videokazetach, CD , DVD a Blue-ray discich, at uy chcete film, serial ci hru.
			Recenze her muzete cist na nasem spratelenem webu <odkaz>www.recenzeHer.cz</odkaz> nebo na <odkaz>www.recenze.cz</odkaz>.
			Nebo si muzete zavolat napriklad na <cislo id = "t2" />.
			
		</popis>		
	</oPujcovne>
	<zakaznik id = "z1" zlataKarta = "ano" zamestnanec = "ne" castyZakaznik = "ano">
		<jmeno>David</jmeno>
		<prijmeni>Rozenberg</prijmeni>
		<telefonZak>604165895</telefonZak>
		<email>x@x.cz</email>
		<username>Darg</username>
		<heslo>******</heslo>
		<platnostClenstviDo>2015-01-01</platnostClenstviDo>
		<vypujcky>
			<vypujcka>
				<cisloDisku typ = "DVD">498498496</cisloDisku>
				<titul originalni = "Pulp Fiction">Pulp Fiction</titul>
				<od>2012-02-25</od>
				<do>2012-03-05</do>
			</vypujcka>
			<vypujcka>
				<cisloDisku typ = "BlueRay">6161616</cisloDisku>
				<titul>Doom</titul>
				<od>2012-02-25</od>
				<do>2012-03-05</do>
			</vypujcka>
		</vypujcky>
		<stareVypujcky>
			<vypujcka>
				<cisloDisku typ = "CD">198984</cisloDisku>
				<titul>Tmavomodry svet</titul>
				<vraceno>2011-08-01</vraceno>
			</vypujcka>
		</stareVypujcky>
		<dluh>500</dluh>
	</zakaznik>
	<zakaznik id = "z2" zlataKarta = "ano" zamestnanec = "ano" castyZakaznik = "ano">
		<jmeno>Jirka</jmeno>
		<prijmeni>Sebek</prijmeni>
		<telefonZak>798456215</telefonZak>
		<email>x@x.cz</email>
		<username>Takei</username>
		<heslo>******</heslo>
		<platnostClenstviDo>2015-01-01</platnostClenstviDo>
		<vypujcky>
			<vypujcka>
				<cisloDisku typ = "CD">498498496</cisloDisku>
				<titul originalni = "Pulp Fiction">Pulp Fiction</titul>
				<od>2012-02-25</od>
				<do>2012-03-05</do>
			</vypujcka>
			<vypujcka>
				<cisloDisku typ = "BlueRay">6161616</cisloDisku>
				<titul>Doom</titul>
				<od>2012-02-25</od>
				<do>2012-03-05</do>
			</vypujcka>
		</vypujcky>
		<stareVypujcky>
		</stareVypujcky>
	</zakaznik>
	<zakaznik id = "z3" zlataKarta = "ne" zamestnanec = "ne" castyZakaznik = "ano">
		<jmeno>Jakub</jmeno>
		<prijmeni>Prochazka</prijmeni>
		<telefonZak>189614986</telefonZak>
		<email>x@x.cz</email>
		<username>Prochy</username>
		<heslo>******</heslo>
		<platnostClenstviDo>2015-01-01</platnostClenstviDo>
		<vypujcky>
		</vypujcky>
		<stareVypujcky>
			<vypujcka>
				<cisloDisku typ = "DVD">6516198</cisloDisku>
				<titul>Tmavomodry svet</titul>
				<vraceno>2011-08-01</vraceno>
			</vypujcka>
		</stareVypujcky>
		<dluh>1300</dluh>
	</zakaznik> 
</videopujcovna>