<?xml version="1.0" encoding="UTF-8" ?>
<ceny>
	<ingredience>
		<nazev>maslo</nazev>
		<cena>0.14</cena>
	</ingredience>
	<ingredience>
		<nazev>chleba</nazev>
		<cena>4</cena>
	</ingredience>
	<ingredience>
		<nazev>polohruba mouka</nazev>
		<cena>0.11</cena>
	</ingredience>
	<ingredience>
		<nazev>vanilkovy cukr</nazev>
		<cena>2</cena>
	</ingredience>
	<ingredience>
		<nazev>citronova kura</nazev>
		<cena>1.5</cena>
	</ingredience>
	<ingredience>
		<nazev>sul</nazev>
		<cena>0.17</cena>
	</ingredience>
	<ingredience>
		<nazev>drozdi</nazev>
		<cena>5</cena>
	</ingredience>
	<ingredience>
		<nazev>mleko</nazev>
		<cena>0.18</cena>
	</ingredience>
	<ingredience>
		<nazev>hera</nazev>
		<cena>0.44</cena>
	</ingredience>
	<ingredience>
		<nazev>rum</nazev>
		<cena>0.35</cena>
	</ingredience>
	<ingredience>
		<nazev>vejce</nazev>
		<cena>3.32</cena>
	</ingredience>
	<ingredience>
		<nazev>mouckovy cukr</nazev>
		<cena>0.03</cena>
	</ingredience>
	<ingredience>
		<nazev>svestky</nazev>
		<cena>0.02</cena>
	</ingredience>
	<ingredience>
		<nazev>skorice</nazev>
		<cena>0.3</cena>
	</ingredience>
	<ingredience>
		<nazev>cukr krupice</nazev>
		<cena>0.05</cena>
	</ingredience>
	<ingredience>
		<nazev>makova napln</nazev>
		<cena>0.16</cena>
	</ingredience>
	<ingredience>
		<nazev>tvarohova napln</nazev>
		<cena>0.1</cena>
	</ingredience>
	<ingredience>
		<nazev>brambory</nazev>
		<cena>0.02</cena>
	</ingredience>
	<ingredience>
		<nazev>makarony</nazev>
		<cena>0.06</cena>
	</ingredience>
	<ingredience>
		<nazev>olej</nazev>
		<cena>0.04</cena>
	</ingredience>
	<ingredience>
		<nazev>ryze</nazev>
		<cena>0.032</cena>
	</ingredience>
	<ingredience>
		<nazev>koreni</nazev>
		<cena>0.3</cena>
	</ingredience>
	<ingredience>
	<nazev>hladka mouka</nazev>
		<cena>0.03</cena>
	</ingredience>
	<ingredience>
		<nazev>fazole</nazev>
		<cena>0.1</cena>
	</ingredience>
	<ingredience>
		<nazev>cibule</nazev>
		<cena>2.7</cena>
	</ingredience>
	<ingredience>
		<nazev>cesnek</nazev>
		<cena>5</cena>
	</ingredience>
	<ingredience>
		<nazev>knedlik</nazev>
		<cena>7</cena>
	</ingredience>
	<ingredience>
		<nazev>cervena repa</nazev>
		<cena>0.02</cena>
	</ingredience>
	<ingredience>
		<nazev>majoranka</nazev>
		<cena>0.32</cena>
	</ingredience>
	<ingredience>
		<nazev>pepr</nazev>
		<cena>0.30</cena>
	</ingredience>
</ceny>