﻿<?xml version="1.0" encoding="UTF-8"?>
<!DOCTYPE diagram SYSTEM 'data.dtd'>

<diagram>

<actors>
<actor title="Nepřihlášený uživatel" usecases="uc1" />

<actor title="Přihlášený uživatel" usecases="uc2 uc3">
<description>Přihlášený uživatel má možnost pracovat se systémem bez omezení</description>
</actor>
</actors>

<usecases>
<usecase id="uc1" title="Přihlásit">
<description>Umožňuje přihlášení do systému</description>

<pre>
<condition>Uživatel spustil aplikaci a není přihlášen</condition>
</pre>

<post>
<condition>Uživatel byl úspěšně přihlášen</condition>
</post>

<scenario>
<step>Případ užití začíná hned po spuštění aplikace.</step>
<step by="system">Systém zobrazí formulář pro zadání přihlašovacích údajů</step>
<step by="actor">Uživatel vyplní formulář</step>
<step by="actor">Uživatel potvrdí údaje ve formuláře</step>
<step by="system">Pokud uživatel zadal špatné údaje, pak
<step by="system">Systém zobrazí upozornění na špatně vyplněné údaje</step>
<step by="actor">Uživatel pokračuje bodem 2</step>
</step>
<step by="system">Systém uživatel přihlásí</step>
<step by="system">Systém zobrazí hlavní obrazovku</step>
</scenario>
</usecase>



<usecase id="uc2" title="Zobrazit katalog">
<description>Umožňuje zobrazit katalog knih v databázi</description>

<pre>
<condition>Uživatel je přihlášen</condition>
<condition>Uživatel má zobrazenou hlavní obrazovku</condition>
</pre>

<scenario>
<step>Případ užití začíná, když uživatel chce zobrazit katalog knih</step>
<step by="actor">Uživatel klikne v hlavním menu na volbu pro zobrazení katalogu</step>
<step by="system">Systém zobrazí nové dialogové okno</step>
<step by="system">Systém vypíše seznam dostupných knih z databáze</step>
</scenario>
</usecase>



<usecase id="uc3" title="Smazat knihu">
<description>Umožňuje smazat knihu z katalogu</description>

<post>
<condition>Vybraná kniha byla smazána z databáze</condition>
<condition>Uživatel má zobrazený katalog se seznamem bez právě smazáné knihy</condition>
</post>

<scenario>
<step>Případ užití začíná, když uživatel chce přidat novou knihu do katalogu</step>
<include id="uc2" />
<step by="actor">Uživatel vybere ze seznamu knihu, kterou chce smazat</step>
<step by="actor">Uživatel klikne na tlačítko pro smazání knihy</step>
<step by="system">Systém vynutí potvrzení smazání uživatelem</step>
<step by="actor">Pokud uživatel výzvu nepotvrdí,
<step by="system">Systém žádné změny neprovede a případ užití končí</step>
</step>
<step by="system">Jinak systém smaže knihu z databáze</step>
<step by="system">Systém zaloguje událost o smazání do logu</step>
<step by="system">Po provedení systém zobrazí výsledek operace uživateli</step>
<step>Případ užití zde končí</step>
</scenario>
</usecase>
</usecases>

</diagram>