<?xml version="1.0" encoding="UTF-8"?>
<!-- LEKARSKY DOTAZNIK DIABETES -->
<!-- vypracovala Kristina Bartova -->
<!-- dotaznik popisuje pacientovu diagnostiku a narizenou lecbu -->
<dotaznik xmlns:xsi="http://www.w3.org/2001/XMLSchema-instance" xsi:noNamespaceSchemaLocation="./data.xsd">
	<pacient person_id="p001">
		<jmeno>Jean</jmeno>
		<prijmeni>Smith</prijmeni>
		<foto/>
		<pohlavi typ="zena"/>
		<dat_narozeni>
			<den>1</den>
			<mesic>2</mesic>
			<rok>1985</rok>
		</dat_narozeni>
		<adresa zeme="CR">
			<ulice>Sepotalova 18</ulice>
			<mesto>Havlickuv Brod</mesto>
			<psc>58001</psc>
		</adresa>
		<anamneza>
			<matka person_id="p002" zijici="ne">
				<jmeno>Livia</jmeno>
				<prijmeni>Smith</prijmeni>
				<dat_narozeni>
					<den>2</den>
					<mesic>3</mesic>
					<rok>1937</rok>
				</dat_narozeni>
				<choroby>cukrovka</choroby>
			</matka>
			<otec person_id="p003">
				<jmeno>Parker</jmeno>
				<prijmeni>Smith</prijmeni>
				<dat_narozeni>
					<den>4</den>
					<mesic>5</mesic>
					<rok>19835</rok>
				</dat_narozeni>
				<choroby>roztrousena skleroza</choroby>
			</otec>
		</anamneza>
		<pojistovna>VZP</pojistovna>
		<typcukrovky>A</typcukrovky>
	</pacient>
</dotaznik>
