<?xml version="1.0" encoding="UTF-8"?>
<?xml-stylesheet type="text/xsl" href="data.xsl"?>

<!-- vrs= Video Rental Shop -->
<vrs>
	<movies>
		<movie id="m001" count="5" rating="PG-13">
			<title>Gravity</title>
			<name>Alfonso Cuaron</name>
			<length>91</length>
			<inTheaters />
		</movie>
		<movie id="m002" count="1" rating="R">
			<title>12 Years a Slave</title>
			<name>Steve McQueen</name>
			<length>134</length>
			<inTheaters />
		</movie>
		<movie id="m003" count="0" rating="PG-13">
			<title>Captain Philips</title>
			<name>Paul Greengrass</name>
			<length>134</length>
		</movie>
		<movie id="m004" count="3" rating="R">
			<title>Dallas Buyers Club</title>
			<name>Jean Marc Vallee</name>
			<length>116</length>
		</movie>
		<movie id="m005" count="5" rating="R">
			<title>The Wolf of Wall Street</title>
			<name>Martin Scorsese</name>
			<length>179</length>
		</movie>
		<movie id="m006" count="5" rating="R">
			<title>Her</title>
			<name>Spike Jonze</name>
			<length>126</length>
			<inTheaters />
		</movie>
	</movies>
	
	<employees>
		<employee id="e001">
			<name>Burger King</name>
			<emloyees>
				<employee id="e002">
					<name>Mc Donald</name>
					<employees>
						<employee id="e005">
							<name>Taco Bell</name>
						</employee>
					</employees>
				</employee>
				<employee id="e003">
					<name>KFC</name>
				</employee>
				<employee id="e004">
					<name>Long John Silver</name>
				</employee>
			</emloyees>
		</employee>
		<employee id="e006">
			<name>Big Cahuna Burger</name>
			<employees>
				<employee id="e007">
					<name>El Pollo loco</name>
				</employee>
			</employees>
		</employee>
	</employees>	
	
	<customers>
		<customer id="c001">
			<name>Marissa Cooper</name>
			<phone>555 123 456</phone>
		</customer>
		<customer id="c002">
			<name>Seth Cohen</name>
			<phone>555 987 654</phone>		
		</customer>
		
		<customer id="c003">
			<name>Summer Roberts</name>
			<phone>555 654 321</phone>
		</customer>
		
		<customer id="c004">
			<name>Ryan Atwood</name>
			<phone>555 111 222</phone>
		</customer>
		
		<customer id="c005">
			<name>Ryan Atwood</name>
			<phone>555 111 222</phone>
		</customer>
	</customers>
	
	<rentals>
		<rental movieRef="m001" customerRef="c001">
			<dateFrom>2014-02-21</dateFrom>
			<dateTo>2014-03-03</dateTo>
		</rental>
		
		<rental movieRef="m010" customerRef="c001">
			<dateFrom>2014-02-28</dateFrom>
			<dateTo>2014-03-01</dateTo>
		</rental>
		
		<rental movieRef="m003" customerRef="c002">
			<dateFrom>2014-03-07</dateFrom>
			<dateTo>2014-07-10</dateTo>
		</rental>
		
		<rental movieRef="m007" customerRef="c002">
			<dateFrom>2014-07-14</dateFrom>
			<dateTo>2014-07-17</dateTo>
		</rental>
		
		<rental movieRef="m008" customerRef="c002">
			<dateFrom>2014-07-14</dateFrom>
			<dateTo>2014-07-17</dateTo>
		</rental>
		
	</rentals>
</vrs>
