<?xml version="1.0" encoding="UTF-8"?>
<!DOCTYPE news SYSTEM ".\data.dtd">

<news xmlns:art="http://www.w3.org/1999/xhtml" xmlns:aut="http://www.w3.org/1999/xhtml" xmlns:add="http://www.w3.org/1999/xhtml" xmlns:dat="http://www.w3.org/1999/xhtml">
	<people>
		<authors>
			<aut:author id="A14">
				<aut:name>
				Marek
				</aut:name>
				<aut:surname>
				Janecek
				</aut:surname>
				<aut:rank>
				administrator
				</aut:rank>
				<aut:address>
					<add:street>Petrova</add:street>
					<add:number>15</add:number>
					<add:city>Bratislava</add:city>
					<add:state>SR</add:state>
				</aut:address>
				<aut:clearance><![CDATA[ jlk325bkjhhlu23 ]]></aut:clearance>
				<aut:note aut:type="zakladni pravomoci &amp; napln prace">
				sprava slovenske pobocky - 
					<aut:address>
						<add:street>Petrova</add:street>
						<add:number>15</add:number>
						<add:city>Bratislava</add:city>
						<add:state>SR</add:state>
					</aut:address>
				a spravce clanku
				</aut:note>
				<!-- main admin and editor -->
			</aut:author>
			<aut:author id="A16">
				<aut:name>
				Michal
				</aut:name>
				<aut:surname>
				Novak
				</aut:surname>
				<aut:rank>
				administrator
				</aut:rank>
				<aut:address>
					<add:street>Markovova</add:street>
					<add:number>334</add:number>
					<add:city>Praha</add:city>
				</aut:address>
				<aut:clearance><![CDATA[ jlk3254ffbkjhds8723 ]]></aut:clearance>
				<!-- second admin -->
			</aut:author>
		</authors>
	</people>
	<documents>
		<articles>
			<art:article>
				<art:authorRef ref="A14"/>
				<art:author>
				Marek Janecek
				</art:author>
				<art:themeRef ref="T91"/>
				<art:theme>
				sport
				</art:theme>
				<art:date>
					<dat:day>
					23
					</dat:day>
					<dat:month>
					3
					</dat:month>
					<dat:year>
					2011
					</dat:year>
				</art:date>
				<art:firstValidDate>
					<dat:day>
					23
					</dat:day>
					<dat:month>
					3
					</dat:month>
					<dat:year>
					2011
					</dat:year>
				</art:firstValidDate>
				<art:lastValidDate>
					<dat:day>
					23
					</dat:day>
					<dat:month>
					5
					</dat:month>
					<dat:year>
					2011
					</dat:year>
				</art:lastValidDate>
				<art:identifier>
				plo34
				</art:identifier>
				<art:title>
				Novy bazen!
				</art:title>
				<art:text language="czech">
				Novy bazen byl otevren v Trebici.
				</art:text>
				<?renderer standard?>
			</art:article>
			<art:article>
				<art:authorRef ref="A14"/>
				<art:author>
				Marek Janecek
				</art:author>
				<art:themeRef ref="T91"/>
				<art:theme>
				sport
				</art:theme>
				<art:date>
					<dat:day>
					30
					</dat:day>
					<dat:month>
					3
					</dat:month>
					<dat:year>
					2011
					</dat:year>
				</art:date>
				<art:firstValidDate>
					<dat:day>
					30
					</dat:day>
					<dat:month>
					5
					</dat:month>
					<dat:year>
					2011
					</dat:year>
				</art:firstValidDate>
				<art:lastValidDate>
					<dat:day>
					30
					</dat:day>
					<dat:month>
					6
					</dat:month>
					<dat:year>
					2011
					</dat:year>
				</art:lastValidDate>
				<art:identifier>
				plo52
				</art:identifier>
				<art:title>
				Tradicni vylet.
				</art:title>
				<art:text language="slovakian">
				Mnoho obyvetl Kosic vyslo na tradicni vylet do hor.
				</art:text>
				<?renderer standard?>
			</art:article>
		</articles>
	</documents>
	<themes>
		<theme id="T91">
			<name>
			sport
			</name>
			<accessibility>
					&evr;
			</accessibility>
		</theme>
	</themes>
</news>
