<?xml version="1.0" encoding="UTF-8"?>
<SpecialUnits>
	<Unit  id="b1">
		<Name>BossNo1</Name>
		<Stats>
			<Dex>2000</Dex>
			<Hp>10000</Hp>
			<Int>500</Int>
			<Mana>123445</Mana>
			<Stam>666</Stam>
			<Str>9999999</Str>
		</Stats>
		<Damage>88888</Damage>
		<Slaves>
			<Unit id="b11">
				<Name>BossNo1Slave</Name>
					<Stats>
					<Dex>2000</Dex>
					<Hp>10000</Hp>
					<Int>500</Int>
					<Mana>123445</Mana>
					<Stam>666</Stam>
					<Str>9999999</Str>
				</Stats>
				<Damage>88888</Damage>
			</Unit>
			<Unit id="b12">
				<Name>OrcSlave</Name>
					<Stats>
					<Dex>20</Dex>
					<Hp>10</Hp>
					<Int>50</Int>
					<Mana>12</Mana>
					<Stam>6</Stam>
					<Str>99</Str>
				</Stats>
				<Damage>8</Damage>
			</Unit>
		</Slaves>
	</Unit>
	<Unit id="b2">
		<Name>BossNo2</Name>
		<Stats>
			<Dex>2000000</Dex>
			<Hp>100</Hp>
			<Int>5000000</Int>
			<Mana>123445</Mana>
			<Stam>666</Stam>
			<Str>99</Str>
		</Stats>
		<Damage>8</Damage>
		<Slaves>
			<Unit id="b21">
				<Name>MiniBoss</Name>
				<Stats>
					<Dex>2000000</Dex>
					<Hp>100</Hp>
					<Int>5000000</Int>
					<Mana>123445</Mana>
					<Stam>666</Stam>
					<Str>99</Str>
				</Stats>
				<Damage>8</Damage>
				<Slaves>
					<Unit id="b211">
						<Name>Snower</Name>
						<Stats>
							<Dex>20</Dex>
							<Hp>10</Hp>
							<Int>50</Int>
							<Mana>12</Mana>
							<Stam>6</Stam>
							<Str>99</Str>
						</Stats>
						<Damage>80</Damage>
					</Unit>
				</Slaves>
			</Unit>
		</Slaves>
	</Unit>
</SpecialUnits>
