<?xml version="1.0" encoding="UTF-8"?>
<Game>
	<Units>
		<Unit id="123" type="t_unit_melee">
			<Name>Paladin</Name>
			<Stats>
				<Dex>10</Dex>
				<Hp>20</Hp>
				<Int>20</Int>
				<Mana>5</Mana>
				<Stam>30</Stam>
				<Str>50</Str>
			</Stats>
      <MeleeDamage>500</MeleeDamage>
	</Unit>
    <Unit id="124" type="t_unit_ranged">
      <Name>Mage</Name>
      <Stats>
        <Dex>5</Dex>
        <Hp>15</Hp>
        <Int>50</Int>
        <Mana>50</Mana>
        <Stam>40</Stam>
        <Str>5</Str>
        <Specials>
          <special name="IntBonus" value="10"/>
          <special name="StrBonus" value="-2"/>
        </Specials>
      </Stats>
      <RangedDamage>200</RangedDamage>
    </Unit>
	</Units>
	<Levels>
    <Level id="1">
      <Map>
        <Hightmap src="map.jpg"/>
        <Respawns>
          <Respawn unit_id="124" x="0" y="0"/>
          <Respawn unit_id="123" x="10" y="10"/>
        </Respawns>
        <Statics>
          <Static walkable="false" x="5" y="5"/>
          <Static texture="neco.jpg" x="10" y="10" walkable="true"/>
        </Statics>
      </Map>
      <Comment>
        Popis nejake mapy s <ref unit_id="123">referncema</ref> na jednotky...
      </Comment>
    </Level>
    <Level id="2">
      <Map>
        <Hightmap src="map1.jpg"/>
        <Statics>
          <Static walkable="true" x="5" y="5"/>
          <Static texture="neco.jpg" x="10" y="10" walkable="true"/>
        </Statics>
      </Map>
      <Comment>
        Nejaky popisek..
      </Comment>
    </Level>
	</Levels>
</Game>