<Pujcovna  xmlns:xsi="http://www.w3.org/2001/XMLSchema-instance" xsi:noNamespaceSchemaLocation="./xmlschema.xsd">
<auto xsi:type="osobní" SPZ="AKE 99 32" leasing="SKOFIN" technicka="2012" pujceno="ne" >
<znacka>Skoda</znacka>
<typ facelift="2.verze">Octavia</typ>
<rok>2006</rok>
<specifikace>
<palivo>Benzín</palivo>
<motorizace>2.0 TSI</motorizace>
</specifikace>
<sedadel>5</sedadel>
<potahy>černé</potahy>
</auto>
<auto xsi:type="nákladní" SPZ="JHC 55 16" technicka="2012" pujceno="ano">
<znacka>Ford</znacka>
<typ>Tranzit</typ>
<rok>1997</rok>
<specifikace>
<palivo>Nafta</palivo>
<motorizace>1.8 TDCI</motorizace>
</specifikace>
<nosnost>1685</nosnost>
<jednotka nazev="kg"></jednotka>
</auto>
<auto xsi:type="nákladní" SPZ="HCA 27 86" technicka="2011" pujceno="ne">
<znacka>Ford</znacka>
<typ>Tranzit</typ>
<rok>2008</rok>
<specifikace>
<palivo>Nafta</palivo>
<motorizace>2.0 TDCI</motorizace>
</specifikace>
<nosnost>2019</nosnost>
<jednotka nazev="kg"></jednotka>
</auto>
</Pujcovna>