<?xml version="1.0" encoding="utf-8"?>
<article xmlns:xsi="http://www.w3.org/2001/XMLSchema-instance" xsi:noNamespaceSchemaLocation="data.xsd" title="C Sharp (programming language)">
  <hatnotes>
    <correct-title title="C# (programming language)" reason="#" />
  </hatnotes>
  <infoboxes>
    <infobox-programming-language>
      <name>C#</name>
      <logo>
        <image file="C 47964181354789 sharp.svg" size="150px" />
      </logo>
      <year>2001</year>
      <designer>
        <link>Microsoft</link>
      </designer>
      <developer>
        <link>Microsoft</link>
      </developer>
      <latest-release-version>4.0</latest-release-version>
      <latest-relase-date>
        <start-date year="2010" month="4" day="12" />
      </latest-relase-date>
      <turing-complete>Yes</turing-complete>
      <implementations>
        <list type="comma-separated">
          <item>
            <link>.NET Framework</link>
          </item>
          <item>
            <link target="Mono (software)">Mono</link>
          </item>
          <item>
            <link>DotGNU</link>
          </item>
        </list>
      </implementations>
      <platform>
        <link>Common Language Infrastructure</link>
      </platform>
      <file-extension>.cs</file-extension>
    </infobox-programming-language>
  </infoboxes>
  <body>
    <lead-section>
      <p>
        <b>C#</b> (pronounced <i>see sharp</i>, see <section-link>Name</section-link>) is a <link>multi-paradigm programming language</link> encompassing <link>strong typing</link>, <link target="Imperative programming">imperative</link>, <link target="Declarative programming">declarative</link>, <link target="Functional programming">functional</link>, <link target="Generic programming">generic</link>, <link target="Object-oriented programming">object-oriented</link> (<link target="Class (computer science)">class-based</link>), and <link target="Component-based software engineering">component-oriented</link> programming disciplines. It was developed by Microsoft within its .NET initiative and later approved as a standard by Ecma (ECMA-334) and ISO (ISO/IEC 23270:2006). C# is one of the programming languages designed for the Common Language Infrastructure.
      </p>
      <p>
        C# is intended to be a simple, modern, general-purpose, object-oriented programming language. Its development team is led by Anders Hejlsberg. The most recent version is C# 4.0, which was released on April 12, 2010.
      </p>
    </lead-section>
    <section title="Design goals">
      <p>The ECMA standard lists these design goals for C#:</p>
      <list type="bulleted">
        <item>
          C# language is intended to be a simple, modern, general-purpose, object-oriented programming language.
        </item>
        <item>
          The language, and implementations thereof, should provide support for software engineering principles such as strong type checking, array bounds checking, detection of attempts to use uninitialized variables, and automatic garbage collection. Software robustness, durability, and programmer productivity are important.
        </item>
        <item>
          The language is intended for use in developing software components suitable for deployment in distributed environments.
        </item>
        <item>
          Source code portability is very important, as is programmer portability, especially for those programmers already familiar with C and C++.
        </item>
        <item>
          Support for internationalization is very important.
        </item>
        <item>
          C# is intended to be suitable for writing applications for both hosted and embedded systems, ranging from the very large that use sophisticated operating systems, down to the very small having dedicated functions.
        </item>
        <item>
          Although C# applications are intended to be economical with regard to memory and processing power requirements, the language was not intended to compete directly on performance and size with C or assembly language.
        </item>
      </list>
    </section>
    <section title="Name">
      <image file="C sharp music.svg" size="100px">
        <link target="C♯ (musical note)">C-sharp musical note</link> (left)
      </image>
      <p>
        The name "C sharp" was inspired by musical notation where a sharp indicates that the written note should be made a semitone higher in pitch. This is similar to the language name of C++, where "++" indicates that a variable should be incremented by 1.
      </p>
    </section>
  </body>
</article>