<?xml version="1.0" encoding="UTF-8"?>
<!DOCTYPE tovarna SYSTEM "data.dtd">
<tovarna>
	<vyrobky>
		<cokolada id="CH101">
			<jmeno>Extra čokoládová čokoláda</jmeno>
			<typ value="hořká" />
			<velikost hmotnost="100g"/>
			<slozeni podilkakaa="101%">
				<slozka hmotnost="101g">&č;</slozka>
				<slozka hmotnost="-1g">antigravitační přísada</slozka>
			</slozeni>
			<cenavyrobku>
				<vyroba value="712.15 Kč" />
				<maloobchodni value="999Kč" />
				<velkoobchodni value="845Kč" />
			</cenavyrobku>
		</cokolada>
		<cokolada id="CB25">
			<jmeno>Býlá &č;</jmeno>
			<typ value="bílá"/>
			<velikost hmotnost="100g"/>
			<slozeni podilkakaa="25%">
				<slozka>cukr</slozka>
				<slozka>kakaové máslo</slozka>
				<slozka>sušené odstředěné mléko</slozka>
				<slozka>sušená syrovátka</slozka>
				<slozka>mléčný tuk</slozka>
				<slozka>emulgátor (sójový lecitin)</slozka>
				<slozka>aroma</slozka>
			</slozeni>
			<cenavyrobku>
				<vyroba value="10Kč"></vyroba>
				<maloobchodni value="25Kč"></maloobchodni>
				<velkoobchodni value="20Kč"></velkoobchodni>
			</cenavyrobku>
		</cokolada>
		<cokolada id="CM00">
			<jmeno>Hnusná &č;</jmeno>
			<typ value="mléčná"/>
			<velikost hmotnost="500g"/>
			<slozeni podilkakaa="0%">
				<slozka hmotnost="100g">cukr</slozka>
				<slozka>univerzální hnědé barvivo E12345</slozka>
				<slozka hmotnost="50g">brouci</slozka>
				<slozka hmotnost="200g">rostlinný tuk</slozka>
			</slozeni>
			<cenavyrobku>
				<vyroba value="1Kč"/>
				<maloobchodni value="79Kč"/>
				<velkoobchodni value="65Kč"/>
			</cenavyrobku>
		</cokolada>
		<rum id="RA40">
			<jmeno>Nejlepší rum</jmeno>
			<velikost objem="0,5l"/>
			<objemalkoholu value="40%"/>
			<cenavyrobku>
				<vyroba value="45Kč"/>
				<maloobchodni value="1 999Kč"/>
				<velkoobchodni value="1 600Kč"/>
			</cenavyrobku>
		</rum>
		<rum id="RZ35">
			<jmeno>Rhum</jmeno>
			<velikost objem="0,45l"/>
			<objemalkoholu value="35%"/>
			<cenavyrobku>
				<vyroba value="50Kč"/>
				<maloobchodni value="30Kč"/>
				<velkoobchodni value="40Kč"/>
			</cenavyrobku>
		</rum>
	</vyrobky>
	<odberatele>
		<odberatel>
			<nazev>Čokoláda pro všechny a.s.</nazev>
			<kontakt>
				<mesto>Čokoland</mesto>
				<ulice>Čokoládová</ulice>
				<cislopopisne>1</cislopopisne>
				<PSC>123 45</PSC>
				<stat>Čokoládov</stat>
				<telefon>26565898</telefon>
				<email>cokolada@cokolada.coko</email>
				<email>mnam@cokolada.coko</email>
			</kontakt>
			<odber>
				<polozka id="CB25">
					<mnozstvi value="1000ks"/>
					<cena value="20 000Kč"></cena>
				</polozka>
				<polozka id="CH101">
					<mnozstvi value="100ks"/>
					<cena value="84 500Kč"></cena>
				</polozka>
				<polozka id="CM00">
					<mnozstvi value="5ks"/>
					<cena value="325Kč"></cena>
				</polozka>
				<celkovacena value="104 825Kč"/>
			</odber>
		</odberatel>
		<odberatel>
			<nazev>Nábytek s.r.o.</nazev>
			<kontakt>
				<mesto>Neznámé</mesto>
				<ulice>Taková ta dlouhá</ulice>
				<cislopopisne>12345</cislopopisne>
				<cisloorientacni>devjet</cisloorientacni>
				<PSC>999 00</PSC>
				<stat>KLDR</stat>
				<telefon>růžovej</telefon>
				<email>tento.email@je.neplatny.kp</email>
				<fax>Co to je?</fax>
				<facebook>nabytekkldr</facebook>
			</kontakt>
			<odber>
				<polozka id="CH101">
					<mnozstvi value="1ks"></mnozstvi>
					<cena value="999Kč"></cena>
				</polozka>
				<polozka id="RA40">
					<mnozstvi value="3ks"></mnozstvi>
					<cena value="5997Kč"></cena>
				</polozka>
				<celkovacena value="6996"/>
			</odber>
			<poznamka>
				<![CDATA[
					Tento odběratel je velmi <b>nedůvěryhodný</b> !!!
				]]>
			</poznamka>
		</odberatel>
	</odberatele>
	<datumposledniupravy><?php echo Date("d.m.Y"); ?></datumposledniupravy>
</tovarna>