<?xml version="1.0" encoding="UTF-8"?>
<!DOCTYPE contacts SYSTEM "contact.dtd">
<contacts>
	<contact>
		<name>Jan Novak</name>
		<mail>jan.novak@somebiz.com</mail>
	</contact>
	<contact>
		<name>Marek Novotny</name>
		<mail>marek.novotny@somebiz.com</mail>
	</contact>
	<contact>
		<name>Karel Svoboda</name>
		<mail>karel.svoboda@somebiz.com</mail>
	</contact>
	<contact>
		<name>Jiri Cerny</name>
		<mail>jiri.cerny@somebiz.com</mail>
	</contact>
	<contact>
		<name>Frantisek Vomacka</name>
		<mail>frantisek.vomacka@somebiz.com</mail>
	</contact>
	<contact>
		<name>Frantisek Pospisil</name>
		<mail>frantisek.pospisil@somebiz.com</mail>
	</contact>
	<contact>
		<name>Jana Dvorakova</name>
		<mail>jana.dvorakova@somebiz.com</mail>
	</contact>
	<contact>
		<name>Jaroslav Kucera</name>
		<mail>jaroslav.kucera@somebiz.com</mail>
	</contact>
	<contact>
		<name>Radek Prochazka</name>
		<mail>radek.prochazka@somebiz.com</mail>
	</contact>
	<contact>
		<name>Stanislav Hajek</name>
		<mail>stanislav.hajek@somebiz.com</mail>
	</contact>
	<contact>
		<name>Vaclav Fiala</name>
		<mail>vaclav.fiala@somebiz.com</mail>
	</contact>
	<contact>
		<name>Radim Dolezal</name>
		<mail>radim.dolezal@somebiz.com</mail>
	</contact>
	<contact>
		<name>Jakub Sedlacek</name>
		<mail>jakub.sedlacek@somebiz.com</mail>
	</contact>
	<contact>
		<name>Anna Nemcova</name>
		<mail>anna.nemcova@somebiz.com</mail>
	</contact>
</contacts>
