<?xml version="1.0" encoding="UTF-8"?>
<!DOCTYPE StavebniFirma SYSTEM "data.dtd">


<StavebniFirma>
	<InformaceOVypisu>
		<DatumVygenerovani><?php echo Date("d.m.Y")?></DatumVygenerovani>
		<OdpovednyPracovnik>Dokument vygeneroval: &odpovedny_pracovnik;</OdpovednyPracovnik>
	</InformaceOVypisu>
	
	<!-- Seznam klientù firmy - soukromé osoby, nebo organizace -->
	<Klienti>
		<Klient kid="k_1">
			<Osoba>
				<JmenoOsoby>
					<Jmeno>Petr</Jmeno>
					<Prijmeni>Jackson</Prijmeni>
				</JmenoOsoby>
				<RodneCislo>611031/6188</RodneCislo>
				<Telefon>123456789</Telefon>
				<E-mail>fanda.slama@gmail.cz</E-mail>
				<Adresa>
					<Ulice>Nábřeží Ludvíka Svobody</Ulice>
					<CisloPopisne>1222/12</CisloPopisne>
					<Obec>Praha 1</Obec>
					<PSC>110 00</PSC>
				</Adresa>
			</Osoba>
		</Klient>
		
		<Klient kid="k_2">
			<Organizace>
				<JmenoOrganizace>Magistrát hlavního města prahy</JmenoOrganizace>	
				<ICO>000 64 581</ICO>			
				<Telefon>12 444</Telefon>
				<E-mail>info@praha.eu</E-mail>
				<Adresa>
					<Ulice>Mariánské náměstí</Ulice>
					<CisloPopisne>2</CisloPopisne>
					<Obec>Praha 1</Obec>
					<PSC>110 01</PSC>
				</Adresa>
			</Organizace>
		</Klient>
		
		<Klient kid="k_3">
			<Organizace>
				<JmenoOrganizace>Tycoon transport s.r.o.</JmenoOrganizace>	
				<ICO>484 45 252</ICO>			
				<Telefon>456852951</Telefon>
				<E-mail>transport@tycoon.eu</E-mail>
				<E-mail>transport1@tycoon.eu</E-mail>
				<E-mail>transport2@tycoon.eu</E-mail>
				<Adresa>
					<Ulice>Nábřeží Edvarda Beneše</Ulice>
					<CisloPopisne>4</CisloPopisne>
					<Obec>Praha 1</Obec>
					<PSC>118 01</PSC>
				</Adresa>
			</Organizace>
		</Klient>
		
		<Klient kid="k_4">
			<Osoba>
				<JmenoOsoby>
					<Titul>ing</Titul>
					<Jmeno>Tim</Jmeno>
					<Prijmeni>Burton</Prijmeni>
				</JmenoOsoby>
				<RodneCislo>691230/8888</RodneCislo>
				<Telefon>987654321</Telefon>
				<Telefon>257 041 111</Telefon>
				<E-mail>tim.burton@gmail.cz</E-mail>
				<E-mail>stavba@burton.cz</E-mail>
				<Adresa>
					<Ulice>Letenská</Ulice>
					<CisloPopisne>525/15</CisloPopisne>
					<Obec>Praha 1</Obec>
					<PSC>118 00</PSC>
				</Adresa>
			</Osoba>
		</Klient>
		
		<Klient kid="k_5">
			<Osoba>
				<JmenoOsoby>
					<Jmeno>Edward</Jmeno>
					<Jmeno>Davis</Jmeno>
					<Prijmeni>Wood</Prijmeni>
				</JmenoOsoby>
				<RodneCislo>241010/6666</RodneCislo>
				<Telefon>159357159</Telefon>
				<E-mail>ed@wood.cz</E-mail>
				<Adresa>
					<Ulice>Náměstí Hrdinù</Ulice>
					<CisloPopisne>3</CisloPopisne>
					<Obec>Praha 4</Obec>
					<PSC>140 21</PSC>
				</Adresa>
			</Osoba>
		</Klient>
		
		<Klient kid="k_6">
			<Organizace>
				<JmenoOrganizace>ČEZ a.s.</JmenoOrganizace>	
				<ICO>452 74 649</ICO>			
				<Telefon>211 041 111</Telefon>
				<E-mail>cez@cez.cz</E-mail>
				<Adresa>
					<Ulice>Duhová</Ulice>
					<CisloPopisne>2</CisloPopisne>
					<Obec>Praha 4</Obec>
					<PSC>140 53</PSC>
				</Adresa>
			</Organizace>
		</Klient>
		
	</Klienti>
	
	<!-- Seznam firem dodávajících materiál, nebo provádějících práci -->
	<Dodavatele>
		<Dodavatel did="d_1">
			<Organizace>
				<JmenoOrganizace>Metrostav</JmenoOrganizace>	
				<ICO>000 14 915</ICO>			
				<Telefon>266 709 110</Telefon>
				<E-mail>info@metrostav.cz</E-mail>
				<E-mail>tunelovani@metrostav.cz</E-mail>
				<E-mail>hlin@metrostav.cz</E-mail>
				<Adresa>
					<Ulice>Koželužská</Ulice>
					<CisloPopisne>2246</CisloPopisne>
					<Obec>Praha 8</Obec>
					<PSC>180 00</PSC>
				</Adresa>
			</Organizace>
		</Dodavatel>
		
		<Dodavatel did="d_2">
			<Organizace>
				<JmenoOrganizace>Cementárny a vápenky Prachovice</JmenoOrganizace>	
				<ICO>000 14 974</ICO>			
				<Telefon>123 123 123</Telefon>
				<E-mail>info@cvp.cz</E-mail>
				<E-mail>other@cvp.cz</E-mail>
				<Adresa>
					<Ulice>Prachovice</Ulice>
					<CisloPopisne>190</CisloPopisne>
					<Obec>Prachovice</Obec>
					<PSC>538 04</PSC>
				</Adresa>
			</Organizace>
		</Dodavatel>
		
		<Dodavatel did="d_3">
			<Organizace>
				<JmenoOrganizace>Stavební izolace Praha</JmenoOrganizace>	
				<ICO>000 14 869</ICO>			
				<Telefon>444 444 444</Telefon>
				<E-mail>info@sip.cz</E-mail>
				<Adresa>
					<Ulice>Národní</Ulice>
					<CisloPopisne>27</CisloPopisne>
					<Obec>Praha 1</Obec>
					<PSC>110 00</PSC>
				</Adresa>
			</Organizace>
		</Dodavatel>
	</Dodavatele>
	
	<!-- Seznam zakázek -->
	<Zakazky>
		<!-- Naše první zakázka :-D -->
		<Zakazka zid="z_1" Odberatel="k_1" CisloSmlouvy="123456" DatumZacatkuStavby="1.1.2004" DatumPlanovanehoUkonceni="1.1.2006" DatumUkonceni="1.12.2006" StavStavby="Ukoncena" Zaplaceno="Ano" ZaplacenaCastka="1000000">
			
			<PopisStavby>Rodinný dùm</PopisStavby>
			
			<Stavbyvedouci>
				<JmenoOsoby>
					<Jmeno>Sam</Jmeno>
					<Prijmeni>Raimi</Prijmeni>
				</JmenoOsoby>
			</Stavbyvedouci>
			
			<MistoPrace>
				<Adresa>
					<Ulice>Nábřeží Ludvíka Svobody</Ulice>
					<CisloPopisne>1222/12</CisloPopisne>
					<Obec>Praha</Obec>
					<PSC>110 00</PSC>
				</Adresa>
			</MistoPrace>
			
			<PraceNaProjektu>
				<Prace CenaPrace="400000" DatumPrace="5.8.2004">
					<PopisPrace>Vystavění obvodové zdi</PopisPrace>
				</Prace>
				<Prace CenaPrace="200000" DatumPrace="7.5.2005">
					<PopisPrace>Střecha</PopisPrace>
				</Prace>
				<Prace CenaPrace="30000" DatumPrace="1.7.2006">
					<PopisPrace>Betonování podlah</PopisPrace>
				</Prace>
				<Prace CenaPrace="200000" DatumPrace="1.12.2006">
					<PopisPrace>Dokončující práce</PopisPrace>
					<Komentar>A máme hotovo!!!</Komentar>
				</Prace>
			</PraceNaProjektu>
			
			<Komentar>
				<![CDATA[<b>Tohle byl náš první firemní projekt. Moc jsme si to užili, příště zkusíme něco <u>většího</u>.</b>]]> 
			</Komentar>
			
		</Zakazka>
		
		<Zakazka zid="z_2" Odberatel="k_2" CisloSmlouvy="789456" DatumZacatkuStavby="1.1.2007" DatumPlanovanehoUkonceni="1.4.2014" StavStavby="Probiha" Zaplaceno="Ne">
			<PopisStavby>Tunel Blanka</PopisStavby>
			
			<Stavbyvedouci>
				<JmenoOsoby>
					<Jmeno>Mario</Jmeno>
					<Prijmeni>Puzo</Prijmeni>
				</JmenoOsoby>
			</Stavbyvedouci>
			
			<MistoPrace>
				<Adresa>
					<Ulice>Pátkova</Ulice>
					<CisloPopisne/>
					<Obec>Praha</Obec>
					<PSC>182 00</PSC>
				</Adresa>
			</MistoPrace>
			
			<PraceNaProjektu>
				<Prace CenaPrace="20000000" DatumPrace="18.7.2011">
					<PopisPrace>Ražba tunelu</PopisPrace>
					<DodavatelePrace>
						<DodavatelPrace did="d_1" />
					</DodavatelePrace>
				</Prace>
				<Prace CenaPrace="100000" DatumPrace="20.5.2008 ">
					<PopisPrace>Oprava propadu ve stromovce</PopisPrace>
					
					<Prilohy>
						<Priloha>
							<Popisek>Foto propadu ve stromovce</Popisek>
							<Fotka src="krater_ve_stromovce"/>
						</Priloha>
					</Prilohy>
					
					<Komentar>Metrostav ujiš»uje, že se nebude opakovat</Komentar>
				</Prace>
				<Prace CenaPrace="250000" DatumPrace="12.10.2008 ">
					<PopisPrace>Oprava propadu ve stromovce 2</PopisPrace>
					
					<Prilohy>
						<Priloha>
							<Popisek>Foto druhého propadu ve stromovce</Popisek>
							<Fotka src="krater_ve_stromovce2"/>
						</Priloha>
					</Prilohy>
					
					<Komentar>Opakovalo se i přez ujištění. &lt;b&gt;Další propad je prý vyloučen&lt;/b&gt;</Komentar>
				</Prace>
				<Prace CenaPrace="100000" DatumPrace="5.7.2010">
					<PopisPrace>Oprava propadu v ulici Milady horákové</PopisPrace>
					
					<Prilohy>
						<Priloha>
							<Popisek>Článek o třetím propadu</Popisek>
							<Clanek>
<![CDATA[
	<h1>V Praze se propadl tunel Blanka, zavaleného bagristu vyprostili živého</h1>
	<h2>6. července 2010  2:02</h2>
	<p>V Praze 6 se asi hodinu po pùlnoci propadl rozestavěný tunel Blanka. V závalu zùstal bagrista, časně ráno se ho ale podařilo vyprostit. Muž jako zázrakem vyvázl bez zranění. Událost bude vyšetřovat policie. Společnost Metrostav, která tunel razí, musí do dvou dnù předložit zprávu, co přesně se v tunelu stalo.</p>
    <h3>Zdroj: http://zpravy.idnes.cz/v-praze-se-propadl-tunel-blanka-zavaleneho-bagristu-vyprostili-ziveho-1m6-/domaci.aspx?c=A100706_020202_domaci_btw</h3>
	]]> 
							</Clanek>
						</Priloha>
					</Prilohy>
				</Prace>
			</PraceNaProjektu>
			
			<Prilohy>
				<Priloha>
					<Popisek>Video z dokončení ražby</Popisek>
					<Video src="dokonceni_razby" />
				</Priloha>
			</Prilohy>
			
			<Komentar>
				Stavba se trochu komplikuje, asi nedodržíme <b>rozpočet</b> a <u>termín</u>.
			</Komentar>
		</Zakazka>
		
		<Zakazka zid="z_3" Odberatel="k_3" CisloSmlouvy="456123" DatumZacatkuStavby="1.1.2008" DatumPlanovanehoUkonceni="1.1.2010" DatumUkonceni="1.1.2012" StavStavby="Ukoncena" Zaplaceno="Ano" ZaplacenaCastka="40000000">
			
			<PopisStavby>Nádraží</PopisStavby>
			
			<Stavbyvedouci>
				<JmenoOsoby>
					<Jmeno>Jan</Jmeno>
					<Prijmeni>Hřebejk</Prijmeni>
				</JmenoOsoby>
			</Stavbyvedouci>
			
			<MistoPrace>
				<Adresa>
					<CisloPopisne>84</CisloPopisne>
					<Obec>Bristol</Obec>
					<PSC>784 58</PSC>
				</Adresa>
			</MistoPrace>
			
			<PraceNaProjektu>
				<Prace CenaPrace="20000000" DatumPrace="18.10.2009">
					<PopisPrace>Stavba nádražní budovy</PopisPrace>
					<DodavatelePrace>
						<DodavatelPrace did="d_1" />
						<DodavatelPrace did="d_2" />
						<DodavatelPrace did="d_3" />
					</DodavatelePrace>
				</Prace>
				<Prace CenaPrace="20000000" DatumPrace="24.12.2009">
					<PopisPrace>pokládání kolejí</PopisPrace>
				</Prace>
			</PraceNaProjektu>

		</Zakazka>
		
		<Zakazka zid="z_4" Odberatel="k_3" CisloSmlouvy="987654" DatumZacatkuStavby="1.1.2009" DatumPlanovanehoUkonceni="1.1.2013" DatumUkonceni="1.1.2013" StavStavby="Ukoncena" Zaplaceno="Ano" ZaplacenaCastka="50000000">
			
			<PopisStavby>Nádraží</PopisStavby>
			
			<Stavbyvedouci>
				<JmenoOsoby>
					<Jmeno>Ridley</Jmeno>
					<Prijmeni>Scott</Prijmeni>
				</JmenoOsoby>
			</Stavbyvedouci>
			
			<MistoPrace>
				<Adresa>
					<CisloPopisne>4755</CisloPopisne>
					<Obec>Cardif</Obec>
					<PSC>884 68</PSC>
				</Adresa>
			</MistoPrace>
			
			<PraceNaProjektu>
				<Prace CenaPrace="35000000" DatumPrace="6.7.2012">
					<PopisPrace>Stavba nádražní budovy</PopisPrace>
					<DodavatelePrace>
						<DodavatelPrace did="d_1" />
						<DodavatelPrace did="d_2" />
						<DodavatelPrace did="d_3" />
					</DodavatelePrace>
				</Prace>
				<Prace CenaPrace="2100000" DatumPrace="4.10.2012">
					<PopisPrace>pokládání kolejí</PopisPrace>
				</Prace>
			</PraceNaProjektu>

		</Zakazka>		
		
		<Zakazka zid="z_5" Odberatel="k_2" CisloSmlouvy="46463" DatumZacatkuStavby="1.7.2009" DatumPlanovanehoUkonceni="1.10.2009" DatumUkonceni="8.11.2009" StavStavby="Ukoncena" Zaplaceno="Ano" ZaplacenaCastka="200000">
			
			<PopisStavby>Zateplení chrámu svatého Víta</PopisStavby>
			
			<Stavbyvedouci>
				<JmenoOsoby>
					<Jmeno>James</Jmeno>
					<Prijmeni>Cameron</Prijmeni>
				</JmenoOsoby>
			</Stavbyvedouci>
			
			<MistoPrace>
				<Adresa>
					<Ulice>Pražský hrad</Ulice>
					<Obec>Praha</Obec>
					<PSC>119 08</PSC>
				</Adresa>
			</MistoPrace>
			
			<PraceNaProjektu>
				<Prace CenaPrace="150000" DatumPrace="8.11.2009">
					<PopisPrace>Lepení polystyrenových desek</PopisPrace>
				</Prace>
				<Prace CenaPrace="50000" DatumPrace="8.11.2009">
					<PopisPrace>zateplení střechy a sádrokartonové podhledy</PopisPrace>
				</Prace>
			</PraceNaProjektu>

		</Zakazka>
		
		<Zakazka zid="z_6" Odberatel="k_5" CisloSmlouvy="346519" DatumZacatkuStavby="8.10.2009" DatumPlanovanehoUkonceni="1.2.2010" DatumUkonceni="20.1.2010" StavStavby="Ukoncena" Zaplaceno="Ano" ZaplacenaCastka="45000">
			
			<PopisStavby>Rekostrukce podkrovního bytu</PopisStavby>
			
			<Stavbyvedouci>
				<JmenoOsoby>
					<Jmeno>Sam</Jmeno>
					<Prijmeni>Raimi</Prijmeni>
				</JmenoOsoby>
			</Stavbyvedouci>
			
			<MistoPrace>
				<Adresa>
					<Ulice>Náměstí Hrdinù</Ulice>
					<CisloPopisne>3</CisloPopisne>
					<Obec>Praha</Obec>
					<PSC>140 21</PSC>
				</Adresa>
			</MistoPrace>
			
			<PraceNaProjektu>
				<Prace CenaPrace="20000" DatumPrace="8.11.2009">
					<PopisPrace>Zateplení střechy</PopisPrace>
				</Prace>
				<Prace CenaPrace="10000" DatumPrace="8.11.2009">
					<PopisPrace>Instalace sádrokartonových podlhledù</PopisPrace>
				</Prace>
				<Prace CenaPrace="15000" DatumPrace="8.11.2009">
					<PopisPrace>Plovoucí podlahy</PopisPrace>
				</Prace>
			</PraceNaProjektu>

		</Zakazka>
		
		<Zakazka zid="z_7" Odberatel="k_3" CisloSmlouvy="2158" DatumZacatkuStavby="8.10.2010" DatumPlanovanehoUkonceni="1.2.2014" StavStavby="Probiha" Zaplaceno="Ne">
			
			<PopisStavby>Stavba letiště</PopisStavby>
			
			<Stavbyvedouci>
				<JmenoOsoby>
					<Jmeno>Sam</Jmeno>
					<Prijmeni>Cameron</Prijmeni>
				</JmenoOsoby>
			</Stavbyvedouci>
			
			<MistoPrace>
				<Adresa>
					<Ulice>Packmanova</Ulice>
					<CisloPopisne>30</CisloPopisne>
					<Obec>Bath</Obec>
					<PSC>356 36</PSC>
				</Adresa>
			</MistoPrace>
			
			<PraceNaProjektu>
				<Prace CenaPrace="50000000" DatumPrace="16.4.2011">
					<PopisPrace>Betonování runway1</PopisPrace>
					<DodavatelePrace>
						<DodavatelPrace did="d_2" />
					</DodavatelePrace>
				</Prace>
				<Prace CenaPrace="6000000" DatumPrace="16.9.2012">
					<PopisPrace>Kontrolní věž</PopisPrace>
				</Prace>
			</PraceNaProjektu>

		</Zakazka>		
		
		<Zakazka zid="z_8" Odberatel="k_4" CisloSmlouvy="54852" DatumZacatkuStavby="4.11.2010" DatumPlanovanehoUkonceni="13.12.2012" DatumUkonceni="13.12.2012" StavStavby="Ukoncena" Zaplaceno="Ne">
			
			<PopisStavby>Hobití nora</PopisStavby>
			
			<Stavbyvedouci>
				<JmenoOsoby>
					<Jmeno>Clint</Jmeno>
					<Prijmeni>Eastwood</Prijmeni>
				</JmenoOsoby>
			</Stavbyvedouci>
			
			<MistoPrace>
				<Adresa>
					<Ulice>Dno pytle</Ulice>
					<Obec>Hobitín</Obec>
					<PSC>198 12</PSC>
				</Adresa>
			</MistoPrace>
			
			<PraceNaProjektu>
				<Prace CenaPrace="1000000" DatumPrace="12.8.2011">
					<PopisPrace>Hloubení nory</PopisPrace>
					<DodavatelePrace>
						<DodavatelPrace did="d_1" />
					</DodavatelePrace>
				</Prace>
				<Prace CenaPrace="2000000" DatumPrace="13.12.2012">
					<PopisPrace>Zařízení spyžírny</PopisPrace>
				</Prace>
			</PraceNaProjektu>

		</Zakazka>
		
		<Zakazka zid="z_9" Odberatel="k_4" CisloSmlouvy="987654" DatumZacatkuStavby="1.1.2014" StavStavby="Studie" Zaplaceno="Ne">
			
			<PopisStavby>Strážní věž</PopisStavby>
			
			<Stavbyvedouci>
				<JmenoOsoby>
					<Jmeno>Andy</Jmeno>
					<Prijmeni>Serkins</Prijmeni>
				</JmenoOsoby>
			</Stavbyvedouci>
			
			<MistoPrace>
				<Adresa>
					<Ulice>Legolasova</Ulice>
					<CisloPopisne>5452</CisloPopisne>
					<Obec>Minas Tirith</Obec>
					<PSC>621 44</PSC>
				</Adresa>
			</MistoPrace>
			
		</Zakazka>
		
		<Zakazka zid="z_10" Odberatel="k_6" CisloSmlouvy="987654" DatumZacatkuStavby="1.1.2015" StavStavby="Studie" Zaplaceno="Ne">
			
			<PopisStavby>Dostavba jaderné elektrárny</PopisStavby>
			
			<Stavbyvedouci>
				<JmenoOsoby>
					<Jmeno>Terry</Jmeno>
					<Prijmeni>Jones</Prijmeni>
				</JmenoOsoby>
			</Stavbyvedouci>
			
			<MistoPrace>
				<Adresa>
					<Ulice>Jaderná elektrárna Temelín</Ulice>
					<Obec>Temelín</Obec>
					<PSC>373 05</PSC>
				</Adresa>
			</MistoPrace>
			
		</Zakazka>
	</Zakazky>
	
</StavebniFirma>