<?xml version="1.0" encoding="UTF-8"?>
<univerzita xmlns:xsi="http://www.w3.org/2001/XMLSchema-instance" xsi:noNamespaceSchemaLocation="data.xsd">
	<nazov>Pekárska Univerzita</nazov>
	<adresa>
		<ulica>Bochníkova</ulica>
		<cislo>11</cislo>
		<psc>97555</psc>
		<mesto>Chlieb pod Kriváňom</mesto>
	</adresa>
	<fakulta>
		<nazov>Cukrovinárska</nazov>
		<zamestnanci>
			<pedagog id="Z01">
				<meno>Jozef</meno>
				<priezvisko>Tiramissu</priezvisko>
				<predmet>P01</predmet>
			</pedagog>
			<upratovac id="Z02">
				<meno>Anna</meno>
				<priezvisko>Kvasimódová</priezvisko>
			</upratovac>
		</zamestnanci>
		<predmet id="P01">Múčniky</predmet>
	</fakulta>
</univerzita>
