<?xml version="1.0" encoding="UTF-8"?>
<!--<!DOCTYPE videopujcovna SYSTEM "videopujcovna.dtd">-->

<videopujcovna xmlns:xsi="http://www.w3.org/2001/XMLSchema-instance" xsi:noNamespaceSchemaLocation="data.xsd">
	<zakaznik idZ="Z001">
		<jmeno>Petr</jmeno>
		<prijmeni>Novák</prijmeni>
		<datumNar>1990-05-28</datumNar>
		<vek>22</vek>
		<kontakt>
			<adresa>
				<ulice>U Uranie 22</ulice>
				<mesto>Praha</mesto>
				<psc>170 00</psc>
			</adresa>
			<telefon>222333444</telefon>
			<mail>novak@mmm.cz</mail>
		</kontakt>
	</zakaznik>
	<video idV="V023" kategorie="film" forma="DVD">
		<nazevPuvod>Eagle Eye</nazevPuvod>
		<nazevPreklad>Oko dravce</nazevPreklad>
		<typ>Akční Mysteriózní Thriller</typ>
		<zemePuvodu>USA / Německo</zemePuvodu>
		<rokVydani>2008</rokVydani>
		<delka>118</delka>
		<obsazeni>
			<rezie>D.J. Caruso</rezie>
			<hudba>Brian Tyler</hudba>
			<herec>
				<jmeno>Michelle Monaghan</jmeno>
				<datumNar>1976-03-23</datumNar>
				<puvod>USA</puvod>
			</herec>
			<herec>
				<jmeno>Shia LaBeouf</jmeno>
				<datumNar>1986-06-11</datumNar>
				<puvod>USA</puvod>
			</herec>
		</obsazeni>
	</video>
	<video idV="V066" kategorie="film" forma="Blu-ray">
		<nazevPuvod>Ice Age</nazevPuvod>
		<nazevPreklad>Doba ledová</nazevPreklad>
		<typ>Animovaný Dobrodružný Komedie Rodinný</typ>
		<zemePuvodu>USA</zemePuvodu>
		<rokVydani>2002</rokVydani>
		<delka>78</delka>
		<obsazeni>
			<rezie>Carlos Saldanha</rezie>
			<rezie>Chris Wedge</rezie>
			<hudba>David Newman</hudba>
			<herec>
				<jmeno>Ray Romano </jmeno>
				<datumNar>1957-12-21</datumNar>
				<puvod>USA</puvod>
			</herec>
			<herec>
				<jmeno>John Leguizamo </jmeno>
				<datumNar>1964-07-22</datumNar>
				<puvod>Kolumbie</puvod>
			</herec>
		</obsazeni>
	</video>
	<pujcka idP="P002" vraceno="ANO">
		<kdo>Z001</kdo>
		<co>V023</co>
		<vypujcil>
			<datum>2012-03-12</datum>
			<cas>14:25:00</cas>
		</vypujcil>
		<vratit>
			<datum>2012-03-13</datum>
			<cas>18:00:00</cas>
		</vratit>
	</pujcka>
	<rezervace idR="R001">
		<kdo>Z001</kdo>
		<co>V066</co>
	</rezervace>
</videopujcovna>