<?xml version="1.0" encoding="UTF-8"?>
<accounts><account><cislo>a_9102111183_1</cislo><client>c_9102111183</client><currency>EUR</currency><balance>0</balance></account><account><cislo>a_9102111183_2</cislo><client>c_9102111183</client><currency>USD</currency><balance>100</balance></account><account><cislo>a_9102111183_3</cislo><client>c_9102111183</client><currency>GBP</currency><balance>100</balance></account><account><cislo>a_9102111183_4</cislo><client>c_9102111183</client><currency>AUD</currency><balance>100</balance></account><account><cislo>a_9102111183_5</cislo><client>c_9102111183</client><currency>CZK</currency><balance>100</balance></account></accounts>