<?xml version="1.0" encoding="UTF-8"?>

<database>
    <!--beginning of database-->
    <bands>
      <band id="b01">
          <name>Imelda May</name>
          <leader>Imelda May</leader>
          <members>
              <member>
                  <full_name>Imelda May</full_name>
                  <instrument>vocal</instrument>
                  <contact>imelda@gmail.com</contact>
              </member>
              <member>
                  <full_name>Darrel Higham</full_name>
                  <instrument>guitar</instrument>
              </member>
              <member>
                  <full_name>Steve Rushton</full_name>
                  <instrument>drums</instrument>
                  <contact>s.rushton@yahoo.com</contact>
              </member>
          </members>
          <nationality>Irish</nationality>
          <genre spec="rock"/>
          <albums>Mayhem (2010), Love Tattoo (2008)</albums>
          <rating>8.4</rating>
          <contact>hugh@soundadvice.uk.com</contact>
          <events>
              <event>
                  <date>2012-04-24</date>
                  <time>19:30:00</time>
                  <place>
                  	<name_of_place country="UK">UK De La Warr Pavillion</name_of_place>
                  </place>
              </event>
              <event code="K30FE">
                  <date>2012-05-04</date>
                  <time>20:30:00</time>
                  <place>
                      <address>
                          <street>Annenstraße 8</street>
                          <city>Berlin</city> 
                          <country>Deutschland</country>
                      </address>
                  </place>
              </event>
          </events>
          <bio>
              Imelda May was born on 10 July 1974.
          </bio>
          <links>http://www.imeldamay.co.uk/</links>
      </band>
      
      <band id="b02">
          <name>Us3</name>
          <leader>Geoff Wilkinson</leader>
          <members>
              <member>
                  <full_name>Geoff Wilkinson</full_name>
                  <instrument>beats</instrument>
                  <contact>g.wilk@gmail.com</contact>
              </member>
              <member>
                  <full_name>Bryan Corbett</full_name>
                  <instrument>trumpet</instrument>
              </member>
              <member>
                  <full_name>Ed Jones</full_name>
                  <instrument>sax</instrument>
              </member>
          </members>
          <nationality>British</nationality>
          <genre spec="jazz-rap"/>
          <albums>Lie, Cheat and Steal</albums>
          <rating>8.7</rating>
          <contact>booking@Us3.com</contact>
          <events>
          </events>
          <bio>
              Us3 is the brainchild of London-based producer Geoff Wilkinson. 
              Formed in 1992, alongside production partner Mel Simpson, Us3 rose 
              from the ashes of 2 previous incarnations. The first was a limited 
              edition white label 12” release in 1990 called “Where Will We Be 
              In The 21st Century” featuring rapper MC Honey B and jazz pianist 
              Jessica Lauren.
          </bio>
          <links>http://www.us3.com/</links>
          
      </band>
      
      <band id="b03">
          <name>Lana Del Rey</name>
          <leader>Lana Del Rey</leader>
          <members>
              <member>
                  <full_name>Elizabeth Grant</full_name>
                  <instrument>vocals</instrument>
                  <contact>ldr@yahoo.com</contact>
              </member>
          </members>
          <nationality>USA</nationality>
          <genre spec="unspecified"/>
          <albums>Born to Die(2012)</albums>
          
          <bio>Elizabeth Woolridge Grant(born June 21, 1986), better known by her stage name 
              Lana Del Rey, is an American singer-songwriter. She has been described as a "
              self-styled gangsta Nancy Sinatra", and cites Britney Spears, Elvis Presley and 
              Kurt Cobain amongst her musical influences. Del Rey possesses a contralto vocal range.
              Del Rey's major-label debut album, Born to Die, debuted at number one in seven 
              countries, including the United Kingdom and Australia, and at number two in six countries, 
              including the United States. The album has spawned two worldwide top 10 hits: "Video Games" 
              and "Born to Die".
          </bio>
          <links>http://www.lanadelrey.com/</links>
      </band>
    </bands>
    
    <concerts>
        <concert>
            <name>jazz night</name>
            <band>b01</band>
            <date>13 August</date>
            <address>
                <street>3 Brewer St.</street>
                <city>London</city>
            </address>
            <price type="full_price">550</price>
            <price type="student_price">500</price>
        </concert>
        <concert>
            <name>swing it</name>
            <band>b01</band>
            <date>2 August</date>
            <address>
                <street>24 Bootle St.</street>
                <city>Manchester</city>
            </address>
            <price type="full_price">600</price>
        </concert>
        <concert>
            <name>us3</name>
            <band>b02</band>
            <date>24 July</date>
            <address>
                <street>Jüdenstraße 8</street>
                <city>Berlin</city>
            </address>
            <price type="full_price">350</price>
            <price type="student_price">300</price>
        </concert>
        <concert>
            <name>Lana in Prague</name>
            <band>b03</band>
            <date>24 September</date>
            <address>
                <street>Narodni 29</street>
                <city>Prague</city>
            </address>
            <price type="full_price">550</price>
        </concert>
        <concert>
            <name>LDL</name>
            <band>b03</band>
            <date>4 October</date>
            <address>
                <street>Vodickova 19</street>
                <city>Prague</city>
            </address>
            <price type="full_price">800</price>
            <price type="full_price">550</price>
        </concert>
    </concerts>
    <!--the end of database-->
</database>
