﻿<?xml version="1.0" encoding="UTF-8"?>
<!DOCTYPE databaze SYSTEM "data.dtd">
<!--
    Databaze ulozenych hudebnich souboru s durazem na to,
    kde jsou fyzicky ulozene (medium)
-->
<databaze>
<!--
    Seznam ulozist a odkazy co je na danych mistech ulozeno
  -->
  <uloziste typ="hd" jmeno="hlavni">
    <ulozeno id_alba="albumGlobus_Epicon"/>
    <ulozeno id_alba="albumGnR_BestOf"/>
    <ulozeno id_alba="albumParamore_BrandNewEyes" />
    <ulozeno id_alba="albumTheCinematicOrchestra_MaFleur"/>
  </uloziste>
  
  <uloziste typ="dvd" jmeno="audioDVD1">
    <ulozeno id_alba="albumParamore_BrandNewEyes" />
    <ulozeno id_alba="albumGnR_BestOf"/>
  </uloziste>
  <uloziste typ="dvd" jmeno="audioDVD2"><!-- Doposud nevyplnena polozka --></uloziste>
  <uloziste typ="cd" jmeno="audioCD1">
    <ulozeno id_alba="albumGlobus_Epicon"/>
  </uloziste>
  
  <!-- 
    Seznam interpretu a jejich alb, pripadne i se jmeny souboru
  -->
  <seznam>
    <interpret id="interpretGlobus">
      <jmeno>Globus</jmeno>
      <zeme_puvodu>&uk;</zeme_puvodu>
      <album id="albumGlobus_Epicon" pocet_souboru="14">
        <jmeno>Epicon</jmeno>
        <zanr>Epic rock</zanr>
        <popis>
          <![CDATA[Filmová hudba]]>
        </popis>
        <soubory>
          <soubor typ="flac">
            <jmeno>01 - Preliator.flac</jmeno>
          </soubor>
          <soubor typ="flac">
            <jmeno>02 - Mighty Rivers Run.flac</jmeno>
          </soubor>
          <soubor typ="flac">
            <jmeno>03 - Prelude On Earth As In Heaven_.flac</jmeno>
          </soubor>
          <soubor typ="flac">
            <jmeno>04 - Spiritus Khayyam.flac</jmeno>
          </soubor>
          <soubor typ="flac">
            <jmeno>05 - La Coronacion.flac</jmeno>
          </soubor>
          <soubor typ="flac">
            <jmeno>06 - Europa.flac</jmeno>
          </soubor>
          <soubor typ="flac">
            <jmeno>07 - Diem Ex Dei.flac</jmeno>
          </soubor>
          <soubor typ="flac">
            <jmeno>08 - Orchard Of Mines.flac</jmeno>
          </soubor>
          <soubor typ="flac">
            <jmeno>09 - Crusaders Of The Light.flac</jmeno>
          </soubor>
          <soubor typ="flac">
            <jmeno>10 - Madre Terra.flac</jmeno>
          </soubor>
          <soubor typ="flac">
            <jmeno>11 - Illumination.flac</jmeno>
          </soubor>
          <soubor typ="flac">
            <jmeno>12 - Take Me Away.flac</jmeno>
          </soubor>
          <soubor typ="flac">
            <jmeno>13 - Sarabande Suite Aeternae.flac</jmeno>
          </soubor>
          <soubor typ="flac">
            <jmeno>14 - Porque Te Vas.flac</jmeno>
          </soubor>
        </soubory>
      </album>
      
      <album id="albumGlobus_EpicLive">
        <jmeno>Epic Live</jmeno>
        <popis><![CDATA[Živá verze alba]]><ulozeno id_alba="albumGlobus_Epicon"/></popis>
      </album>
    </interpret>
    
    <interpret id="interpretGnR">
      <jmeno>Guns N' Roses</jmeno>
      <zeme_puvodu>&usa;</zeme_puvodu>
      <album id="albumGnR_BestOf" pocet_souboru="14">
        <jmeno>Best Of</jmeno>
        <popis>Výběr</popis>
        <soubory>
          <soubor typ="flac">
            <jmeno>01 - Welcome To The Jungle.flac</jmeno>
          </soubor>
          <soubor typ="flac">
            <jmeno>02 - Sweet Child O' Mine.flac</jmeno>
          </soubor>
          <soubor typ="flac">
            <jmeno>03 - Patience.flac</jmeno>
          </soubor>
          <soubor typ="flac">
            <jmeno>04 - Paradise City.flac</jmeno>
          </soubor>
          <soubor typ="flac">
            <jmeno>05 - Knockin' On Heaven's Door.flac</jmeno>
          </soubor>
          <soubor typ="flac">
            <jmeno>06 - Civil War.flac</jmeno>
          </soubor>
          <soubor typ="flac">
            <jmeno>07 - You Could Be Mine.flac</jmeno>
          </soubor>
          <soubor typ="flac">
            <jmeno>08 - Don't Cry (Original).flac</jmeno>
          </soubor>
          <soubor typ="flac">
            <jmeno>09 - November Rain.flac</jmeno>
          </soubor>
          <soubor typ="flac">
            <jmeno>10 - Live And Let Die.flac</jmeno>
          </soubor>
          <soubor typ="flac">
            <jmeno>11 - Yesterdays.flac</jmeno>
          </soubor>
          <soubor typ="flac">
            <jmeno>12 - Ain't It Fun.flac</jmeno>
          </soubor>
          <soubor typ="flac">
            <jmeno>13 - Since I Don't Have You.flac</jmeno>
          </soubor>
          <soubor typ="flac">
            <jmeno>14 - Sympathy For The Devil.flac</jmeno>
          </soubor>
        </soubory>
      </album>
    </interpret>
    
    <interpret id="interpretParamore">
    <jmeno>Paramore</jmeno>
      <album id="albumParamore_BrandNewEyes">
        <jmeno>Brand New Eyes</jmeno>
      </album>
    </interpret>
    
    <interpret id="interpretTwistedSister">
      <jmeno>Twisted sister</jmeno>
      <album id="albumTwistedSister_YouCantStopRockNRoll">
        <jmeno>You Can't Stop Rock 'n' Roll</jmeno>
      </album>
    </interpret>
    <interpret id="interpretTheCinematicOrchestra">
      <jmeno>The Cinematic Orchestra</jmeno>
      <zeme_puvodu>&uk;</zeme_puvodu>
      <album id="albumTheCinematicOrchestra_MaFleur">
        <jmeno>Ma Fleur</jmeno>
      </album>
    </interpret>
  </seznam>
</databaze>