<?xml version="1.0" encoding="UTF-8"?>
<export exportdate="2013-04-09T09:00:00" xmlns:xsi="http://www.w3.org/2001/XMLSchema-instance" xsi:noNamespaceSchemaLocation="data.xsd">
	<touragency id="1" name="last.cz">
		<currency>CZK</currency>
		<contact>
			<address>
				<street>Krovakova</street>
				<number>45</number>
				<city>Prague</city>
				<postal>17000</postal>
			</address>
			<phone>00420604604604</phone>
			<phone>00420587548778</phone>
			<email>last@last.cz</email>
			<email>support@last.cz</email>
		</contact>
		<hotels>
			<hotel id="1" name="Silver star">
				<description>
					Slunny hotel s vyhledem na pisecnou plaz.
					<collapsedDescription pos="1">Dostupny bazen s masaznim koutkem.</collapsedDescription>
					<collapsedDescription pos="1">Dostupne basketbalove a foosbalove hriste.</collapsedDescription>
					<collapsedDescription pos="1">Detsky koutek (09.00-13.00) s hlidanim.</collapsedDescription>
				</description>
				<termins>
					<termin id="1">
						<from>2013-05-21</from>
						<to>2013-05-28</to>
						<food>
							<name>All inclusive</name>
							<fullDescription>Breakfast, lunch, dinner, bar. (Drinks in night bar not included)</fullDescription>
						</food>
						<transport>
							<name>own</name>
						</transport>
						<price>
							<catalog>12544.00</catalog>
							<discount>12</discount>
							<child>7544.00</child>
						</price>
						<fm>true</fm>
					</termin>
					<termin id="2">
						<from>2013-06-21</from>
						<to>2013-06-28</to>
						<food>
							<name>Half board</name>
							<fullDescription>Breakfast, lunch</fullDescription>
						</food>
						<transport>
							<name>plane</name>
							<boarding>Prague</boarding>
						</transport>
						<price>
							<catalog>19877.00</catalog>
							<discount>0</discount>
							<child>12544.00</child>
						</price>
						<lm>true</lm>
						<sellerNote>
							<note>Pro vice informaci kontaktujte pani Horackovou na cisle +420604431548</note>
						</sellerNote>
					</termin>
				</termins>
				<images>
					<image>http://last.cz/images/img01.jpg</image>
					<image>http://last.cz/images/img02.jpg</image>
					<image>http://last.cz/images/img03.jpg</image>
				</images>
				<sellerNote>
					<note>Zajezdy prosim zobrazovat v poradi 1. LM, 2. FM</note>
					<author>Ing. Borivoj Chudacek</author>
				</sellerNote>
			</hotel>
		</hotels>
	</touragency>
</export>