<?xml version="1.0" encoding="UTF-8"?>
<!DOCTYPE schema SYSTEM "data.dtd">

<schema>
	<definition>
		<!-- identification due to current rules of ČD and ZSSK -->
		<identification type="CD">
			<classID id="CD_classID">043</classID>
			<classVersion id="CD_classVersion">0</classVersion>
		</identification>
		
		<process_variables>
			<variable id="classID" type="BCD4">
				<location>
					<!-- array of 3 BCD characters -->
					<port id="0" offset="0" size="3" />
				</location>
				<description>Obsahuje konstantni hodnotu <ref id="CD_classID">043</ref> kodovanou v BCD kódu.</description>
			</variable>
			
			<variable id="classVersion" type="BCD4">
				<location>
					<!-- 1 BCD character -->
					<port id="0" offset="3" size="1" />
				</location>
				<description>Obsahuje konstantni hodnotu <ref id="CD_classVersion">0</ref> kodovanou v BCD kódu.</description>
			</variable>
			
			<variable id="nextStation" type="CHAR8">
				<location>
					<!-- array of 30 characters = string -->
					<port id="14" offset="0" size="30" />
				</location>
				<description>Obsahuje název příští zástávky.</description>
			</variable>
			
			<variable id="finalStation" type="CHAR8">
				<location>
					<!-- array of 30 characters = string -->
					<port id="17" offset="0" size="30" />
				</location>
				<description>Obsahuje název cílové stanice.</description>
			</variable>
			
			<variable id="statusWC" type="BOOLEAN1">
				<location>
					<!-- bitarray - 2 bytes lenght -->
					<port id="26" offset="0" size="16" />
				</location>
				<composite_variable>
					<composite position="0" name="ZK1" />
					<composite position="1" name="PR1" />
					<composite position="2" name="ZK2" />
					<composite position="3" name="PR2" />
					<composite position="4" name="ZK3" />
					<composite position="5" name="PR3" />
					<composite position="6" name="ZK4" />
					<composite position="7" name="PR4" />
					<composite position="8" name="MYTI" description="indikátor tekoucí vody na ruce" />
					<composite position="9" name="OVLWC" description="indikátor spustění splachování" />
					<composite position="10" name="TPVYP" />
					<composite position="11" name="SENZO" />
					<composite position="12" name="TERMO" />
					<composite position="13" name="VODA0" />
					<composite position="14" name="UBAT" />
					<composite position="15" name="T5C" />
				</composite_variable>
				<description>Pole obsahujicí status zásoby vody na WC.</description>
			</variable>
		</process_variables>
	</definition>
	
	<document_info>
		<version>0.0.1</version>
		<last_modified><?php echo Date("YYYY-mm-dd");?></last_modified>
		<copyright>&c;Petr Lasák, Charles University in Prague<![CDATA[(c)]]></copyright>
		<copyright>&c;Ivo Myslivec, AZD Praha<![CDATA[(c)]]></copyright>
	</document_info>
</schema>