<?xml version="1.0" encoding="UTF-8" standalone="no"?><pharmacy>
	<title>
		<![CDATA[
			document.writeln("<p>Pharmacy</p>");
		]]>
	</title>
	<!-- List of medications -->
	<medications>
		<medication count="10" id="_1" name="med1" price="100"/>
		<medication count="12" id="_2" name="med2" price="25"/>
		<medication count="7" id="_3" name="med3" price="300"/>
		<medication count="14" id="_4" name="med4" price="24"/>
		<medication count="5" id="_5" name="med5" price="89"/>
		<medication count="13" id="_6" name="med6" price="23"/>
		<medication count="18" id="_7" name="med7" price="231"/>
		<medication count="19" id="_8" name="med8" price="123"/>
		<medication count="20" id="_9" name="med9" price="154"/>
		<medication count="31" id="_10" name="med10" price="423"/>
	</medications>
	
	<!-- List of customers -->
	<customers>
		<customer_info id="_11">
			<name>Some Name</name>
			<address>
				<street>
					<street_name>First Street</street_name>
					<street_no>15</street_no>
				</street>
				<post_code>123</post_code>
				<city>Praha</city>
				<country>Ceska republika</country>
				<note/>
			</address>
		</customer_info>
		<customer_info id="_12">
			<name>Another Name</name>
			<address>
				<street>
					<street_name>Second Street</street_name>
					<street_no>12</street_no>
				</street>
				<post_code>189</post_code>
				<city>Brartislava</city>
				<country>Slovenska republika</country>
			</address>
		</customer_info>
	</customers>
	
	<!-- List of orders-->
	<orders>
		<order>
			<customer_id id="_11"/>
			<medications_ids ids="_1 _3 _5"/>
			<status delivered="no" invoiced="yes" payed="yes"/>
			<description/>
		</order>
	</orders>
	
	<employes>
		
		
		<employe>
			<first_name>Name3</first_name>
			<surname>SName1</surname>
			<age>45</age>
			<on_vacation>yes</on_vacation>
			<salary>2500</salary>
		</employe>
		<employe>
			<first_name>Name4</first_name>
			<surname>SName1</surname>
			<age>70</age>
			<on_vacation>no</on_vacation>
			<salary>3000</salary>
		</employe>
		
		<employe>
			<first_name>Name5</first_name>
			<surname>SName2</surname>
			<age>26</age>
			<on_vacation>yes</on_vacation>
			<salary>4000</salary>
		</employe>			
		<employe>
			<first_name>Name6</first_name>
			<surname>SName3</surname>
			<age>35</age>
			<on_vacation>yes</on_vacation>
			<salary>3000</salary>
		</employe>		
	<employe><firstName>Name5</firstName><surname>SurName5</surname><age>45</age><on_vacation>no</on_vacation><salary>6000</salary></employe></employes>
	

	<date><?php echo Date("d.m.Y")?></date>
</pharmacy>