<?xml version="1.0" encoding="UTF-8"?>
<!DOCTYPE project SYSTEM "data.dtd">
<project name="bizis" main="org.bizis.Main.main">
	<description>
		<![CDATA[
			Informacni system se sklada z modulu main, report, tax, dph, vies, dan_fyzicke, dan_pravnicke, dan_fyzicke, dan_pravnicke, hlaseni_duchpoj, vyuctovani_duchpoj, dan_zavisla, zadost_35d9, zadost_35d5, vyuctovani_srazka, dan_silnicni, dan_nemovita, acc, employees, contract a warehouse a XML parseru do toho nic neni.
		]]><!--Jiny duvod nez dostani formalnim pozadavkum za sekci CDATA hledat netreba-->
	</description>

	<modules>
		<module name="main" id="m_main0" status="stable">
			<dependencies>
				<dependency module="m_report0" />
				<dependency module="m_acc0" />
				<dependency module="m_employees0" />
				<dependency module="m_contract0" />
				<dependency module="m_warehouse0" />
			</dependencies>
			<resources>
				<source>src/modules/main/</source>
				<build><?java -jar &b;bizis.jar -info?></build>	
				<doc>doc/org/bizis/</doc>
			</resources>
			<metainfo>
				<description>Hlavni centrum aplikace odpovedne za spousteni dalsich modulu</description>
				<developers>
					<administrator>Jan Novak</administrator>
					<developer>Marek Novotny</developer>
					<tester>Jan Novak</tester>
				</developers>
				<tags>
					<tag>main</tag>
				</tags>
			</metainfo>
		</module>
		<module name="report" id="m_report0" status="unstable">
			<dependencies>
				<dependency module="m_tax0" />
			</dependencies>
			<resources>
				<source>&s;modules/report/</source>
			</resources>
			<metainfo>
				<description>Vystupy z aplikace at jiz v podobe pdf ci xml</description>
				<ticket uri="https://zilla:8080/module/report" />
				<conference uri="xmpp://report@jabber" />
				<wiki uri="http://wiki/report" />
				<developers>
					<administrator>Jan Novak</administrator>
					<developer>Karel Svoboda</developer>
					<tester>Jiri Cerny</tester>
				</developers>
				<tags>
					<tag>vystup</tag>
				</tags>
			</metainfo>
		</module>
		<module name="tax" id="m_tax0" status="new">
			<dependencies>
				<dependency module="m_acc0" />
				<!--ty nazvy maji vztah k realite, opravdu-->
				<dependency module="m_dphdp3" />
				<dependency module="m_dphshv" />
				<dependency module="m_dpfdp5" />
				<dependency module="m_dppdp7" />
				<dependency module="m_pdshl1" />
				<dependency module="m_pdsvd1" />
				<dependency module="m_dpzvd6" />
				<dependency module="m_dpzdb1" />
				<dependency module="m_dpzmb1" />
				<dependency module="m_dpsvd2" />
				<dependency module="m_dsldp1" />
				<dependency module="m_dnedp4" />
			</dependencies>
			<resources>
				<source>&s;modules/report/tax/</source>
			</resources>
			<metainfo>
				<description>Tvorba jednotlivych priznani a jejich automaticke odesilani. Soucast<link id="m_report0">modulu</link> report. <link uri="https://adisdpr.mfcr.cz/adistc/adis/idpr_pub/epo2_info/popis_struktury_seznam.faces">Popis</link> jednotlivych podmodulu k dispozici na portale.</description>
				<ticket uri="https://zilla:8080/module/tax" />
				<developers>
					<administrator>Jan Novak</administrator>
					<developer>Karel Svoboda</developer>
					<tester>Jiri Cerny</tester>
				</developers>
				<tags><tag>MFCR</tag><tag module="m_report0">vystup</tag></tags>
			</metainfo>
		</module>
		<module name="dph" id="m_dphdp3" >
			<resources>
				<source>src/modules/report/tax/dphdp3/</source>
			</resources>
			<metainfo>
				<description>Dan z pridane hodnoty</description>
				<ticket uri="https://zilla:8080/module/tax" />
				<wiki uri="http://wiki/report/dph" />
				<developers>
					<administrator>Karel Svoboda</administrator>
					<developer>Frantisek Pospisil</developer>
					<tester>Jiri Cerny</tester>
					<tester>Jana Dvorakova</tester>
				</developers>
				<tags>
					<tag module="m_tax0">dane</tag><tag module="m_report0">vystup</tag>
				</tags>
			</metainfo>
		</module>
		<module name="vies" id="m_dphshv" version="0.00.001">
			<resources>
				<source>&s;modules/report/tax/dphshv/</source>
			</resources>
			<metainfo>
				<description>Hlaseni VIES</description>
				<ticket uri="https://zilla:8080/module/tax" />
				<wiki uri="http://wiki/report/vies" />
				<developers>
					<administrator>Karel Svoboda</administrator>
					<developer>Frantisek Pospisil</developer>
					<tester>Jiri Cerny</tester>
					<tester>Jana Dvorakova</tester>
				</developers>
				<tags>
					<tag module="m_tax0">dane</tag><tag module="m_report0">vystup</tag>
				</tags>
			</metainfo>
		</module>
		<module name="dan_fyzicke" id="m_dpfdp5" />
		<module name="dan_pravnicke" id="m_dppdp7" />
		<module name="hlaseni_duchpoj" id="m_pdshl1" />
		<module name="vyuctovani_duchpoj" id="m_pdsvd1" />
		<module name="dan_zavisla" id="m_dpzvd6" />
		<module name="zadost_35d9" id="m_dpzdb1" />
		<module name="zadost_35d5" id="m_dpzmb1" />
		<module name="vyuctovani_srazka" id="m_dpsvd2" />
		<module name="dan_silnicni" id="m_dsldp1" />
		<module name="dan_nemovita" id="m_dnedp4" />
		<module name="acc" id="m_acc0" status="new">
			<suggestions>
				<suggestion module="m_contract0" />
				<suggestion module="m_warehouse0" />
			</suggestions>
			<resources>
				<source>&s;modules/acc/</source>
				<doc>&d;org/bizis/acc/</doc>
			</resources>
			<metainfo>
				<description>Ucetnictvi</description>
				<ticket uri="https://zilla:8080/module/acc" />
				<conference uri="xmpp://acc@jabber" />
				<wiki uri="http://wiki/acc" />
				<developers>
					<administrator>Jan Novak</administrator>
					<developer>Marek Novotny</developer>
					<developer>Jaroslav Kucera</developer>
					<tester>Jiri Cerny</tester>
					<tester>Radek Prochazka</tester>
					<tester>Stanislav Hajek</tester>
				</developers>
				<tags>
					<tag>data</tag><tag module="m_tax0">dane</tag><tag module="m_report0">vystup</tag>
				</tags>
			</metainfo>
		</module>
		<module name="employees" id="m_employees0" status="unstable">
			<resources>
				<source>&s;modules/employees/</source>
				<doc>&d;org/bizis/employees/</doc>
			</resources>
			<metainfo>
				<description>Zamestnanci</description>
				<ticket uri="https://zilla:8080/module/employ" />
				<conference uri="xmpp://emloy@jabber" />
				<wiki uri="http://wiki/employ"/>
				<developers>
					<administrator>Jan Novak</administrator>
					<developer>Vaclav Fiala</developer>
					<tester>Radim Dolezal</tester>
				</developers>
				<tags><tag>zamestnanci</tag></tags>
			</metainfo>
		</module>
		<module name="contract" id="m_contract0" version="0.01.023" status="testing">
			<resources>
				<source>&s;modules/contract/</source>
				<build>&b;modules/contract.jar</build>
			</resources>
			<metainfo>
				<description>Smlouvy</description>
				<ticket uri="https://zilla:8080/module/contract" />
				<conference uri="xmpp://contract@jabber" />
				<wiki uri="http://wiki/contract" />
				<developers>
					<administrator>Jan Novak</administrator>
					<developer>Jakub Sedlacek</developer>	
				</developers>
				<tags>
					<tag>smlouvy</tag><tag module="m_acc0">ucetnictvi</tag>
				</tags>
			</metainfo>
		</module>
		<module name="warehouse" id="m_warehouse0">
			<metainfo>
				<description>Sklad</description>
				<ticket uri="https://zilla:8080/module/warehouse" />
				<conference uri="xmpp://warehouse@jabber" />
				<wiki uri="http://wiki/warehouse" />
				<developers>
					<administrator>Jan Novak</administrator>
					<developer>Anna Nemcova</developer>
				</developers>
				<tags><tag>sklad</tag><tag module="m_acc0">ucetnictvi</tag></tags>
			</metainfo>
		</module>
	</modules>
</project>
