<?xml version="1.0" encoding="UTF-8"?>

<lide>
	<clovek>
		<jmeno>Franta</jmeno>
		<prijmeni>Vomáčka</prijmeni>
		<email>franta@gmail.com</email>
	</clovek>
	<clovek>
		<jmeno>Tereza</jmeno>
		<prijmeni>Nováková</prijmeni>
		<email>tereza.novakova@seznam.cz</email>
	</clovek>
	<clovek>
		<jmeno>Jan</jmeno>
		<prijmeni>Novák</prijmeni>
		<email>jan.novak@seznam.cz</email>
	</clovek>
	<clovek>
		<jmeno>Tomáš</jmeno>
		<prijmeni>Bláha</prijmeni>
		<email>tomas@post.cz</email>
	</clovek>
</lide>