<?xml version="1.0" encoding="UTF-8"?>
<!DOCTYPE treninkovy_denik SYSTEM "data.dtd">
<?xml-stylesheet href="muj_styl.css" type="text/css"?>  <!-- Instrukce pro prohlizec o CSS stylu-->

<treninkovy_denik>
	<uzivatel id="x15" pohlavi="muz">
		<jmeno>Ondrej</jmeno>
		<prijmeni>Fejfar</prijmeni>
		<datum_narozeni>9.7.1989</datum_narozeni>
		<vyska>181</vyska>
		<vaha>66</vaha>
		<max_tep>190</max_tep> <!-- maximalni tepova frekvence - dulezita hodnota pro trenink -->
		<sport>atletika</sport>
		<oddil>AK Asics Kromeriz</oddil>
		<motto>Kdyz nemuzu tak pridam!!!</motto> <!-- osobni ci sportovni motto kazdeho sportovce -->
		<treninky>
			<treninkovy_den>
				<trenink misto="&kolej;">
					<cas>10:30</cas>
					<pocet_km>25</pocet_km>
					<popis id="p1"> <!-- popis naplne treninku -->
						<![CDATA[
							nejprve lehke rozcviceni, pak vybeh smer Ladronka > Hvezda az k patniku #15 pote 3 rychlejsi >> useky a stejnou cestou zpatky
						]]>
						<sporttester typ="&mujgarmin;" gps="ano"/> <!-- nepovinny element, tyka se zarizeni na mereni srdecniho tepu a mereni vzdalenosti vetsinou pomoci GPS -->
					</popis>
				</trenink>
				<trenink misto="&doma;" podobny_trenink="p1"> <!-- pokud se nektere treninky opakuji tak proc je stale vypisovat? staci odkazat na jiz probehly trenink -->
					<cas>1$:00</cas>
					<pocet_km>15</pocet_km>
					<popis id="p2"></popis>
				</trenink>
			</treninkovy_den>
		</treninky>
	</uzivatel>
	
	<uzivatel id="x16" pohlavi="zena">
		<jmeno>Lenka</jmeno>
		<prijmeni>Rychla</prijmeni>
		<datum_narozeni>1.6.1992</datum_narozeni>
		<vyska>160</vyska>
		<vaha>62</vaha>
		<max_tep>195</max_tep> <!-- maximalni tepova frekvence - dulezita hodnota pro trenink -->
		<sport>atletika</sport>
		<oddil>AC Vrchlabi</oddil>
		<motto>Cloveku nechybi sila ale vule!</motto> <!-- osobni ci sportovni motto kazdeho sportovce -->
		<treninky>
			<treninkovy_den>
				<trenink misto="&kolej;"> 
					<cas>9:30</cas>
					<pocet_km>10</pocet_km>
					<popis id="q1"> <!-- popis naplne treninku -->
						<![CDATA[
							rychly beh v tempu 4 min/km rozklus > vlastni trenink > protazeni
						]]>
						<sporttester typ="&mujpolar;" gps="ne"/> <!-- nepovinny element, tyka se zarizeni na mereni srdecniho tepu a mereni vzdalenosti vetsinou pomoci GPS -->
					</popis>
				</trenink>
				
			</treninkovy_den>
		</treninky>
	</uzivatel>
</treninkovy_denik>
