<?xml version="1.0" encoding="UTF-8"?>
<!DOCTYPE squash SYSTEM "data.dtd">
<squash>
	<hraci>
		<hrac hrac_id="H1">
			<jmeno>Pepa Maly</jmeno>
			<mail>pepa@maly.cz</mail>
			<telefon>+420 732 123 456</telefon>
			<adresa>
				<ulice>Malostranské náměstí <dum>25</dum></ulice>
				<PSC>118 00</PSC>
				<mesto>Praha 1</mesto>
			</adresa>
		</hrac>
	</hraci>
	<kurty>
		<rezervace rezervace_id="R1" kurt="3" datum= "13.2.2012" zacatek="17:30" konec="18:00" />
		<rezervace rezervace_id="R2" kurt="1" datum= "12.2.2012" zacatek="13:30" konec="15:00" />
		<rezervace rezervace_id="R3" kurt="5" datum= "11.2.2012" zacatek="12:30" konec="15:00" />
		<rezervace rezervace_id="R4" kurt="4" datum= "10.2.2012" zacatek="8:30" konec="19:00" />
		<rezervace rezervace_id="R5" kurt="2" datum= "17.2.2012" zacatek="11:30" konec="13:00" />
		<rezervace rezervace_id="R6" kurt="3" datum= "13.2.2012" zacatek="19:00" konec="21:00" />
		<rezervace rezervace_id="R7" kurt="1" datum= "18.2.2012" zacatek="13:30" konec="14:00" />
		<rezervace rezervace_id="R8" kurt="4" datum= "14.2.2012" zacatek="16:30" konec="17:00" />
		<rezervace rezervace_id="R9" kurt="5" datum= "16.2.2012" zacatek="9:00" konec="11:30" />
		<rezervace rezervace_id="R10" kurt="1" datum= "11.2.2012" zacatek="13:30" konec="14:00" />
		<rezervace rezervace_id="R11" kurt="2" datum= "10.2.2012" zacatek="14:00" konec="16:00" />
	</kurty>
	<zpravy>
		<zprava zprava_id="Z1">
			<od>Pepa</od>
			<komu>Josef</komu>
			<predmet>Vyhra</predmet>
			<text><![CDATA[Gratulace >:-)]]></text>
		</zprava>
		<zprava zprava_id="Z2" odpoved="Z1">
			<od>Josef</od>
			<komu>Pepa</komu>
			<predmet>Re: Vyhra</predmet>
			<text><![CDATA[Diky @}->--]]></text>
		</zprava>
	</zpravy>
	<!-- informace o systemu -->
	<system>
		<verze>&system;</verze>
		<datum><?php echo Date("d.m.Y")?></datum>
	</system>
</squash>