<?xml version="1.0" encoding="utf-8"?><patterns-documentation xmlns:xsi="http://www.w3.org/2001/XMLSchema-instance" xsi:noNamespaceSchemaLocation="file:///D:/Dokumenty/Steve/Dokumenty/Programovani/Matfyz/xml/xmlTesterBin/prg036_sindelar_stepan/data.xsd">
	<metadata>
		<author>Steve</author>
		<meta-description>
			This document contains documentation for patterns that are
			included in standard Patterns4Net (version ) distribution.
		</meta-description>
	</metadata>
	<pattern id="AbstractFactory" name="Abstract Factory">
		<class assembly="Patterns4Net.Core.dll" full-name="Patterns4Net.Core.Patterns.AbstractFactory"/>
		<description>
			<summary> 
				The Abstract Factory design pattern provides a way to encapsulate 
				a group of individual factories that have a common theme. 
				In normal usage, the client software <!-- poznamka --> creates a concrete implementation 
				of the abstract factory and then uses the generic interfaces to create 
				the concrete objects that are part of the theme. The client does 
				not know (or care) which concrete objects it gets from each of these 
				internal factories since it uses only the generic interfaces of their products. 
				This pattern separates the details of implementation of a 
				set of objects from their general usage.
			</summary> 
			<par>
				The intent in employing the pattern is to insulate the creation of 
				objects from their usage. This allows for new derived types to be 
				introduced with no change to the code that uses the base class.
			</par>
			<references>
				<reference content="http://en.wikipedia.org/wiki/Abstract_Factory" type="online"/>
				<reference content="Gamma, Helm, Johnson, Vlissides (1994). Design Patterns (the Gang of Four book). Addison-Wesley. ISBN 0-201-63361-2." type="book"/>
			</references>
		</description>
		<roles>
			<role cardinality="N" id="ConcreteFactoriesRole" name="Concrete Factories">
				<property-name>ConcreteFactories.FactoryType</property-name>
				<description>
					<summary>
						Concrete implementations of abstract factory 
						override factory methods that return <ref property="ConcreteProducts">concrete products</ref>
						<!-- this is reference to property of ConcreteFactories not reference to Concrete Products role -->.
					</summary>
				</description>
			</role>
			
			
		</roles>
	</pattern>
	
	<pattern id="Adapter" name="Adapter">
		<class assembly="Patterns4Net.Core.dll" full-name="Patterns4Net.Core.Patterns.Adapter"/>
		<description>
			<summary>
				The Adapter pattern (often referred to as the wrapper pattern or 
				simply a wrapper) is a design pattern that translates one 
				interface for a class into a compatible interface. 
			</summary>
			<par>
				An adapter allows classes to work together that normally could not 
				because of incompatible interfaces, by providing its interface 
				to clients while using the original interface. The adapter translates 
				calls to its interface into calls to the original interface, 
				and the amount of code necessary to do this is typically small. 
			</par>
			<par>
				The adapter is also responsible for transforming data into appropriate forms. 
				For instance, if multiple boolean values are stored as a single integer 
				(i.e. flags) but your consumer requires a 'true'/'false', 
				the adapter would be responsible for extracting the appropriate 
				values from the integer value.			
			</par>
			<par>
				This pattern is often confused with <ref id="Bridge">Bridge pattern</ref>
			</par>
			<references>
				<reference content="http://en.wikipedia.org/wiki/Adapter_pattern" type="online"/>
			</references>
		</description>
		<roles>
			
			
		</roles>
	</pattern>
	<pattern id="Bridge" name="Bridge">
		<class assembly="Patterns4Net.Core.dll" full-name="Patterns4Net.Core.Patterns.Bridge"/>
		<description>
			<summary>
				The bridge pattern is meant to "decouple an abstraction from its implementation so that the two can vary independently". 
				The bridge uses encapsulation, aggregation, and can use inheritance to separate responsibilities into different classes.
			</summary>
			<par>
				When a class varies often, the features of object-oriented programming become very useful because changes to a program's code 
				can be made easily with minimal prior knowledge about the program. The bridge pattern is useful when both the class as well as 
				what it does vary often. The class itself can be thought of as the implementation and what the class can do as the abstraction. 
				The bridge pattern can also be thought of as two layers of abstraction.
			</par>
			<references>
				<reference content="http://en.wikipedia.org/wiki/Bridge_pattern" type="online"/>
			</references>
		</description>
		<roles>
			
		</roles>
	</pattern>
	<pattern id="Proxy" name="Proxy">
		<class assembly="Patterns4Net.Core.dll" full-name="Patterns4Net.Core.Patterns.Proxy"/>
		<description>
			<summary>
				A proxy, in its most general form, is a class functioning as an interface to something else. 
				The proxy could interface to anything: a network connection, a large object in memory, a file, 
				or some other resource that is expensive or impossible to duplicate.
			</summary>
			<references>
				<reference content="http://en.wikipedia.org/wiki/Proxy_pattern" type="online"/>
			</references>
		</description>
		<roles>
			
		</roles>
	</pattern>
	<pattern id="Immutable" name="Immutable">
		<class assembly="Patterns4Net.Core.dll" full-name="Patterns4Net.Core.Patterns.Immutable"/>
		<description>
			<summary>
				In object-oriented and functional programming, an immutable object is an object whose state cannot be modified after it is created.
			</summary>
			<references>
				<reference content="http://en.wikipedia.org/wiki/Immutable_object" type="online"/>
			</references>
		</description>
	</pattern>
	<pattern id="NullObject" name="Null Object">
		<class assembly="Patterns4Net.Core.dll" full-name="Patterns4Net.Core.Patterns.NullObject"/>
		<description>
			<summary>
				 Null Object is an object with defined neutral ("null") behavior. In most object-oriented languages, such as Java or C#, 
				 references may be null. These references need to be checked to ensure they are not null before invoking any methods, 
				 because one can't invoke anything on a null reference.
			</summary>
			<references>
				<reference content="http://en.wikipedia.org/wiki/Null_object" type="online"/>
			</references>
		</description>
	</pattern>
	<pattern id="Command" name="Command">
		<class assembly="Patterns4Net.Core.dll" full-name="Patterns4Net.Core.Patterns.Command"/>
		<description>
			<summary>
				The command pattern is used to represent and encapsulate all the information needed to call a method at a later time. 
				This information includes the method name, the object that owns the method and values for the method parameters.
			</summary>
			<references>
				<reference content="http://en.wikipedia.org/wiki/Command_pattern" type="online"/>
			</references>
		</description>
	</pattern>
	<pattern id="Strategy" name="Strategy">
		<class assembly="Patterns4Net.Core.dll" full-name="Patterns4Net.Core.Patterns.Strategy"/>
		<description>
			<summary>
				The strategy pattern is intended to provide a means to define a family of algorithms, encapsulate each one as an object, 
				and make them interchangeable. The strategy pattern lets the algorithms vary independently from clients that use them.					
			</summary>
			<par>
				Examples:
				<?php for ($i=0; i<5; i++) {
						echo "Class{$i}\n";
					}
				?>
			</par>
			<references>
				<reference content="http://en.wikipedia.org/wiki/Strategy_pattern" type="online"/>
			</references>
		</description>
	</pattern>
</patterns-documentation>