<?xml version="1.0" encoding="utf-8"?>
<!DOCTYPE orienteering [
	<!ENTITY noon "12:00:00.00">
	<!ENTITY premid "23:59:59.00">
]>
<orienteering>
	<global>
		<clubs>
			<club abbr="ASU">
				<name>Magnus Orienteering</name>
				<web>http://www.aljosa.org/</web>
				<members>50</members>
				<address>
					<person>David Aleš</person>
					<street>U Lesa 264</street>
					<city>Dubicko</city>
					<psc>789 72</psc>
				</address>
				<contacts>
					<contact type="chairman">
						<person>David Aleš</person>
						<phone>777564377</phone>
						<email>david.ales@email.cz</email>
					</contact>
					<contact type="accountant">
						<person>Jan Fátor</person>
						<email>stareye@email.cz</email>
					</contact>
				</contacts>
			</club>
			<club abbr="TTR">
				<name>Oddíl orientačního běhu Třebíč</name>
				<web>http://www.oobtrebic.cz/</web>
				<members>81</members>
				<address>
					<person>Petr Hobza</person>
					<street>Budíkovice 76</street>
					<city>Třebíč</city>
					<psc>674 01</psc>
				</address>
				<contacts>
					<contact type="chairman">
						<person>Petr Hobza</person>
						<phone>777564377</phone>
						<email>petrhobza@atlas.cz</email>
					</contact>
				</contacts>
			</club>
		</clubs>
		<events>
			<race id="R_120317_JP" organizer="ASU">
				<name>Jarní pohár</name>
				<date>2012-03-17</date>
				<place>Hradec Králové, Autokemp Stříbrný rybník</place>
				<presentation>09:30:00</presentation>
				<start>&noon;</start>
				<web>http://www.ok99.cz/dt</web>
				<map>Malinův můstek, 1:15000</map>
				<officials>
					<director>Jiří Strnad</director>
					<referee>Michal Tihon</referee>
				</officials>
				<applications-info>
					<deadline>2012-03-07T&premid;</deadline>
					<account>155477057/0300</account>
				</applications-info>
				<categories>
					<category name="H10" price="70"/>
					<category name="H12" price="70"/>
					<category name="H14" price="70"/>
					<category name="H16" price="70"/>
					<category name="H21" price="170"/>
					<category name="H35" price="170"/>
					<category name="H45" price="170"/>
					<category name="D10" price="70"/>
					<category name="D12" price="70"/>
					<category name="D14" price="70"/>
					<category name="D16" price="70"/>
					<category name="D21" price="170"/>
					<category name="D35" price="170"/>
					<category name="D45" price="170"/>
				</categories>
				<note>Přihlášky po termínu +50%, na mail jist@tmapy.cz, na místě +100%.<![CDATA[a tady něco je]]></note>
			</race>
			<event>
				<name>Mistrovství oblasti na krátké trati</name>
				<race id="R_120401_AB" organizer="TTR">
					<name>MOKT semifinále</name>
					<date>2012-04-01</date>
					<place>Rekreační středisko Březová</place>
					<presentation>10:30:00.00</presentation>
					<start>11:00:00</start>
					<web>http://mkt12.oobtrebic.cz/</web>
					<map>Březová, 1:15000</map>
					<officials>
						<director>Miroslav Orálek</director>
						<referee>Lukáš Kříž</referee>
					</officials>
					<applications-info>
						<deadline>2012-03-20T&premid;</deadline>
						<account>155477057/0300</account>
					</applications-info>
					<categories>
						<category name="H10" price="70"/>
						<category name="D10" price="70"/>
						<category name="H21" price="170"/>
						<category name="D21" price="170"/>
					</categories>
				</race>
				<race id="R_120401_AC" organizer="TTR">
					<name>MOKT finále</name>
					<date>2012-04-01</date>
					<place>Rekreační středisko Březová</place>
					<presentation>10:30:00</presentation>
					<start>16:00:00</start>
					<web>http://mkt12.oobtrebic.cz/</web>
					<map>Mařenka, 1:10000</map>
					<officials>
						<director>Miroslav Orálek</director>
						<referee>Lukáš Kříž</referee>
					</officials>
					<applications-info>
						<deadline>2012-03-20T&premid;</deadline>
						<account>155477057/0300</account>
					</applications-info>
					<categories>
						<category name="H10" price="70"/>
						<category name="D10" price="70"/>
						<category name="H21" price="170"/>
						<category name="D21" price="170"/>
					</categories>
					<note><![CDATA[Oficiální pořadí pouze z kvalifikovaných v semifinále. V přihláškách můžet použít některé HTML značky.
						HTML vypadá třeba <em>takhle</em>.]]></note>
				</race>
			</event>
		</events>
	</global>
	<applications>
		<application race="R_120317_JP" timestamp="2012-03-03T14:05:19.00">
			<registration club="TTR">9007</registration>
			<category name="H21"/>
			<sportident>224907</sportident>
			<name>Michal Koutný</name>
			<note>Prosím start <em>na začátku</em>.</note>
		</application>
		<application race="R_120317_JP" timestamp="2012-03-03T14:06:19.00">
			<registration club="TTR">9302</registration>
			<category name="H21"/>
			<sportident>224906</sportident>
			<name>Tomáš Koutný</name>
			<note>Prosím start <strong>na konci</strong>.</note>
		</application>
		<application race="R_120401_AB" timestamp="2012-03-04T11:01:52.00">
			<alt-registration club="ASU">8651</alt-registration>
			<category name="D21"/>
			<sportident>123456</sportident>
			<name>Blanka Užitková</name>
		</application>
		<application race="R_120317_JP" timestamp="2012-04-04T11:01:52.00">
			<alt-registration club="TTR">7651</alt-registration>
			<category name="D35"/>
			<sportident>123456</sportident>
			<name>Šárka Trnková</name>
		</application>
	</applications>
</orienteering>
