<?xml version="1.0" encoding="utf-8"?>
<!-- stručná varianta jenom s přihláškami na závod(y) -->
<orienteering>
	<applications>	
		<application race="R_120401_AB" timestamp="2012-03-03T14:05:19.00">
			<registration club="TTR">9007</registration>
			<category name="H21"/>
			<sportident>224907</sportident>
			<name>Michal Koutný</name>
		</application>
		<application race="R_120401_AB" timestamp="2012-03-03T14:06:19.00">
			<registration club="TTR">9302</registration>
			<category name="H21"/>
			<sportident>224906</sportident>
			<name>Tomáš Koutný</name>
			<note>Prosím start <strong>na konci</strong>.</note>
		</application>
		<application race="R_120401_AB" timestamp="2012-03-04T11:01:52.00">
			<alt-registration club="ASU">8651</alt-registration>
			<category name="D21"/>
			<sportident>123456</sportident>
			<name>Klára Vítková</name>
		</application>
		<application race="R_120401_AB" timestamp="2012-04-04T11:01:52.00">
			<alt-registration club="TTR">7651</alt-registration>
			<category name="D21"/>
			<sportident>123456</sportident>
			<name>Šárka Trnková</name>
		</application>
		<application race="R_120401_AB" timestamp="2012-05-04T15:01:52.00">
			<alt-registration club="TTR">8403</alt-registration>
			<category name="H21"/>
			<sportident>987546</sportident>
			<name>Ján Pullman</name>
		</application>
	</applications>
</orienteering>
