<?xml version="1.0"?>

<PaintballAreal
xmlns="PainballNS"
xmlns:xsi="http://www.w3.org/2001/XMLSchema-instance"
xsi:schemaLocation="PainballNS data.xsd">

	<Marshallove>
		<Marshall idZam="idZam1">
			<Jmeno>Tomas</Jmeno>
			<Prijmeni>Marny</Prijmeni>
			<Kvalifikace>Zamestnanec</Kvalifikace>
		</Marshall>
		<Marshall idZam="idZam2">
			<Jmeno>Jan</Jmeno>
			<Prijmeni>Zeleny</Prijmeni>
			<Telefon>5555555555</Telefon>
			<Telefon>6666666666</Telefon>
			<Kvalifikace>Supervizor</Kvalifikace>
			<Certifikat datum="2001-01-01">1st Marshall Certificate</Certifikat>
		</Marshall>
	</Marshallove>
	
	<SeznamHrist>
		<Hriste idHriste="idHriste1">
			<Nazev>Small Woodland</Nazev>
			<Popis>Male hriste v lese</Popis>
		</Hriste>
	</SeznamHrist>
	
	<Rozpis datum="2001-01-01">
		<PusobeniMarshalla idZam="idZam1" idHriste="idHriste1" />
	</Rozpis>

</PaintballAreal>