<?xml version="1.0" encoding="UTF-8"?>
<!DOCTYPE shogun SYSTEM "data.dtd">
<shogun>
	<daymio name="Torunaga">
		<rank>A</rank>
		<armada velikost="3000">
			<pechota>
				<samurai>400</samurai>
				<ashigaru>900</ashigaru>
				<yarisamurai>1000</yarisamurai>
				<samuraiarcher>100</samuraiarcher>
				<naginata>100</naginata>
				<kanabo>50</kanabo>
				<yariashigaru>100</yariashigaru>
				<samuraimusketeer>50</samuraimusketeer>
				<yarimusketeer>100</yarimusketeer>
				<yariarcher>150</yariarcher>		
			</pechota>
			<jizda>
				<katana>100</katana>
				<yari>300</yari>
			</jizda>			
		</armada>
		<puvod>
			<mesto>Edo</mesto>
			<klan barva="blue" vek="500"> Oda </klan>
		</puvod>
	</daymio>
	
  <daymio name="Eyasu">
		<rank>B</rank>
		<armada velikost="2900">
			<pechota>
				<samurai>300</samurai>
				<ashigaru>700</ashigaru>
				<yarisamurai>300</yarisamurai>
				<samuraiarcher>200</samuraiarcher>
				<naginata>150</naginata>
				<kanabo>200</kanabo>
				<yariashigaru>500</yariashigaru>
				<samuraimusketeer>100</samuraimusketeer>
				<yarimusketeer>100</yarimusketeer>
				<yariarcher>120</yariarcher>
				<ninja>30</ninja>				
			</pechota>
			<jizda>
				<katana>100</katana>
				<yari>100</yari>
				<archer>200</archer>
			</jizda>			
		</armada>
		<puvod>
			<mesto>Okinawa</mesto>
			<klan barva="brown" vek="300"> Torunaga </klan>
		</puvod>
	</daymio>
		
	<shinoby/>
	
	<ranks>
		<high tar="A">Sama</high>
		<low tar="B">San</low>
	</ranks>
</shogun>
