<?xml version="1.0" encoding="UTF-8" standalone="no"?><?xml-stylesheet type="text/css"?>
<!-- FANTASY-LIKE league, homework #2 --><fantasyGame>
    <league name="I.">
            
        
        
        
        
            
    <team team_id="t_5"> 
            <name>Khaine's Wrath</name>
            <heroes>
                <hero name="Malekith" race="Darkelf">
                    <uses item_id="i_1"/>
                    <uses item_id="i_1"/>
                    <uses item_id="i_8"/>
                </hero>
                <hero name="Malus" race="Darkelf">
                    <uses item_id="i_1"/>
                    <uses item_id="i_4"/>
                    <uses item_id="i_16"/>
                </hero>
                <hero name="Tornai" race="Darkelf">
                    <uses item_id="i_1"/>
                    <uses item_id="i_4"/>
                    <uses item_id="i_7"/>
                </hero>
            </heroes>
        </team><team team_id="t_3">
            <name>The Crows<![CDATA[SOME SCRIPT HERE&<]]></name>
            <heroes>
                <hero name="Reiner" race="Human">
                    <uses item_id="i_16"/>
                    <uses item_id="i_4"/>
                </hero>
                <hero name="Rick" race="Human">
                    <uses item_id="i_16"/>
                    <uses item_id="i_4"/>
                </hero>
                <hero name="Lavarus" race="Halfelf">
                    <uses item_id="i_3"/>
                    <uses item_id="i_6"/>
                    <uses item_id="i_2"/>
                </hero>
            </heroes>
        </team><team team_id="t_2">
            <name>The Seventh Army</name>
            <heroes>
                <hero name="Malcolm" race="Human">
                    <uses item_id="i_1"/>
                    <uses item_id="i_7"/>
                </hero>
                <hero name="Guido" race="Hobbit">
                    <uses item_id="i_11"/>
                    <uses item_id="i_6"/>
                </hero>
                <hero name="Gird" race="Dwarf">
                    <uses item_id="i_9"/>
                    <uses item_id="i_8"/>
                </hero>
            </heroes>
        </team><team team_id="t_1">
            <name>The Skullsmahers</name>
            <heroes>
                <hero name="Gur" race="Giant">
                        <uses item_id="i_9"/>
                        <uses item_id="i_6"/>
                </hero>
                <hero name="Bur" race="Giant">
                        <uses item_id="i_10"/>
                        <uses item_id="i_6"/>
                </hero>
                <hero name="Hur" race="Giant">
                        <uses item_id="i_13"/>
                        <uses item_id="i_6"/>
                </hero>
            <hero name="Einarion" race="High Elf"><uses item_id="i_1"/></hero></heroes>
        </team><team team_id="t_4">
            <name>Trollslayers</name>
            <heroes>
                <hero name="Gotrek" race="Dwarf">
                    <uses item_id="i_14"/>
                </hero>
                <hero name="Snorri" race="Dwarf">
                    <uses item_id="i_13"/>
                </hero>
                <hero name="Malakai" race="Dwarf">
                    <uses item_id="i_13"/>
                </hero>
            </heroes>
        </team></league>
    <items>
            <offense>
                <item damage="4" item_id="i_1" name="longsword"/>
                <item damage="3" item_id="i_2" name="longbow"/>
                <item damage="1" item_id="i_3" name="dagger"/>
                <item damage="3" item_id="i_9" name="mace"/>
                <item damage="3" item_id="i_10" name="flail"/>
                <item damage="2" item_id="i_11" name="shortbow"/>
                <item damage="5" item_id="i_12" name="heavy crossbow"/>
                <item damage="4" item_id="i_13" name="warhammer"/>
                <item damage="4" item_id="i_14" name="great axe"/>
                <item damage="5" item_id="i_15" name="two-handed sword"/>
                <item damage="4" item_id="i_16" name="spear"/>
            </offense>
            <defense>
                Items used for active defense.
                <item bonus="1" item_id="i_4" name="small_shield"/>
                <item bonus="2" item_id="i_5" name="large_shield"/>
            </defense>
            <armour>
                Items used for passive defense.
                <item bonus="1" item_id="i_6" name="leather_armour"/>
                <item bonus="4" item_id="i_7" name="chainmail"/>
                <item bonus="6" item_id="i_8" name="steel_plate_armour"/>
            </armour>
        </items>
</fantasyGame>