<?xml version="1.0" encoding="UTF-8"?>
<adresar xmlns:xsi="http://www.w3.org/2001/XMLSchema-instance" xsi:noNamespaceSchemaLocation="file:///C:/Users/Jakub/Desktop/%c5%a1kola/Technologie%20XML/domace/data.xsd">
	<!--skupiny kontaktov-->
	<skupiny>
		<!--najblizsia rodina-->
		<skupina nazov="rodina">
			<kontakt kid="o1"/>
			<kontakt kid="o2"/>
			<kontakt kid="o3"/>
		</skupina>
		<!--spolubyvajuci v Prahe-->
		<skupina nazov="spolubyvajuci">
			<kontakt kid="o7"/>
			<kontakt kid="o8"/>
			<kontakt kid="o9"/>
		</skupina>
		<!--kamarati z Kosic-->
		<skupina nazov="kosice">
			<kontakt kid="o4"/>
			<kontakt kid="o5"/>
			<kontakt kid="o6"/>
		</skupina>
		<!--spoluziaci na MFF UK-->
		<skupina nazov="spoluziaci">
			<kontakt kid="o10"/>
			<kontakt kid="o7"/>
			<kontakt kid="o8"/>
		</skupina>
	</skupiny>
	<osoby>
		<!--jednotlive kontakty-->
		<osoba oid="o1" pohlavie="m">
			<meno>Ondrej</meno>
			<priezvisko>Záhumenský</priezvisko>
			<narodeniny>1967-12-01</narodeniny>
		
			<adresa>
				<ulica>Europska trieda 11</ulica>
				<poschodie>11</poschodie>
				<psc>04013</psc>
				<mesto>Košice</mesto>
				<stat>Slovensko</stat>
			</adresa>
			<kontakty>
				<telefon>555-329-471</telefon>
				<mail>abc@extel.sk</mail>
				<mail>ondrej@tris.sk</mail>
				<icq cislo="299-352-632">
					hoover
				</icq>
			</kontakty>
			<poznamky>
				<poznamka>
				Zavolať kvôli poisteniu. Nezabudnúť!
					
				</poznamka>
				<poznamka>
					Pomôcť vybaviť dovolenku.
				</poznamka>
			</poznamky>
		</osoba>
		<osoba oid="o2" pohlavie="z">
			<meno>Katarína</meno>
			<priezvisko>Záhumenská</priezvisko>
			<prezyvka>katka</prezyvka>
			<adresa>
				<ulica>Europska trieda 11</ulica>
				<poschodie>11</poschodie>
				<psc>04013</psc>
				<mesto>Košice</mesto>
				<stat>Slovensko</stat>
			</adresa>
			<kontakty>
				<telefon>555-243-189</telefon>
				<fax>379-241-225</fax>
				<mail>katka@extel.sk</mail>
				<icq cislo="392-182-738">
					maminka
				</icq>
			</kontakty>
		</osoba>
		<osoba oid="o3" pohlavie="z">
			<meno>Barbara</meno>
			<priezvisko>Záhumenská</priezvisko>
			<prezyvka>babula</prezyvka>
			<adresa>
				<ulica>Europska trieda 11</ulica>
				<poschodie>11</poschodie>
				<psc>04013</psc>
				<mesto>Košice</mesto>
				<stat>Slovensko</stat>
			</adresa>
			<kontakty>
				<telefon>555-243-190</telefon>
				<mail>kengurka@azet.sk</mail>
				<icq cislo="392-182-738">
					maminka
				</icq>
				<skype mail="kengurka2@azet.sk" nick="babula"/>
				<msn mail="kengurka2@azet.sk" nick="hadaj"/>
			</kontakty>
		</osoba>
		<osoba oid="o4" pohlavie="m">
			<meno>Tomáš</meno>
			<priezvisko>Matta</priezvisko>
			<prezyvka>tomiq</prezyvka>
			<adresa>
				<ulica>Havanská 11</ulica>
				<poschodie>3</poschodie>
				<psc>04013</psc>
				<mesto>Košice</mesto>
				<stat>Slovensko</stat>
			</adresa>
			<kontakty>
				<telefon>555-309-117</telefon>
				<mobil>107-323-689</mobil>
				<mail>fesak@azet.sk</mail>
				<icq cislo="392-174-552">
					krasavec
				</icq>
			</kontakty>
		</osoba>
		<osoba oid="o5" pohlavie="m">
			<meno>Pavol</meno>
			<priezvisko>Regula</priezvisko>
			<prezyvka>pali</prezyvka>
			<adresa>
				<ulica>Jesenského 8</ulica>
				<poschodie>2</poschodie>
				<psc>04001</psc>
				<mesto>Košice</mesto>
				<stat>Slovensko</stat>
			</adresa>
			<kontakty>
				<telefon>555-244-621</telefon>
				<mail>kpali@aol.com</mail>
				<skype mail="mail@aol.com" nick="reg4reg"/>
			</kontakty>
		</osoba>
		<osoba oid="o6" pohlavie="z">
			<meno>Martina</meno>
			<priezvisko>Janitorová</priezvisko>
			<prezyvka>matulka</prezyvka>
			<adresa>
				<ulica>Na záhumní 395</ulica>
				<psc>04457</psc>
				<mesto>Haniska</mesto>
				<stat>Slovensko</stat>
			</adresa>
			<kontakty>
				<telefon>555-666-777</telefon>
				<mail>matulka@gmail.com</mail>
				<icq cislo="220-536-862">
					sestrička
				</icq>
			</kontakty>
		</osoba>
		<osoba oid="o7" pohlavie="m">
			<meno>Michal</meno>
			<priezvisko>Mižišin</priezvisko>
			<prezyvka>mišo</prezyvka>
			<adresa>
				<ulica>Europska trieda 11</ulica>
				<poschodie>0</poschodie>
				<psc>16200</psc>
				<mesto>Praha</mesto>
				<stat>CR</stat>
			</adresa>
			<kontakty>
				<telefon>555-232-098</telefon>
				<telefon>555-232-099</telefon>
				<telefon>555-232-100</telefon>
				<mail>mizisin@gmail.com</mail>
				<icq cislo="392-182-265">
					mišom
				</icq>
				<skype mail="mail@gmail.com" nick="volajmi"/>
			</kontakty>
		</osoba>
		<osoba oid="o8" pohlavie="m">
			<meno>Matej</meno>
			<priezvisko>Ferenc</priezvisko>
			<prezyvka>maľučky</prezyvka>
			<adresa>
				<ulica>Raisova 806/3</ulica>
				<poschodie>0</poschodie>
				<psc>16200</psc>
				<mesto>Praha</mesto>
				<stat>CR</stat>
			</adresa>
			<kontakty>
				<telefon>555-229-242</telefon>
				<mail>ferenc@gmail.com</mail>
				<icq cislo="187-245-098">
					matej.ferenc
				</icq>
			</kontakty>
		</osoba>
		<osoba oid="o9" pohlavie="z">
			<meno>Lenka</meno>
			<priezvisko>Lukšíková</priezvisko>
			<adresa>
				<ulica>Raisova 806/3</ulica>
				<poschodie>0</poschodie>
				<psc>16200</psc>
				<mesto>Praha</mesto>
				<stat>CR</stat>
			</adresa>
			<kontakty>
				<telefon>555-222-111</telefon>
				<mail>luksikova@centrum.sk</mail>
			</kontakty>
		</osoba>
		<osoba oid="o10" pohlavie="m">
			<meno>Lukáš</meno>
			<priezvisko>Tomasy</priezvisko>
			<adresa>
				<ulica>Hlavá 86</ulica>
				<psc>19876</psc>
				<mesto>Rymaně</mesto>
				<stat>CR</stat>
			</adresa>
			<kontakty>
				<fax>555-666-666</fax>
				<mobil>222-369-143</mobil>
				<mail>wholoooloo@gmail.com</mail>
				<icq cislo="187-245-100">
						wholooolooo
					</icq>
			</kontakty>
		</osoba>
	</osoby>
</adresar>
