<?xml version="1.0" encoding="UTF-8"?>
<!DOCTYPE kniznica SYSTEM "data.dtd">
<!-- Assignement by Michal Klein, XML file-->
<!-- Modelujem kniznicu, kde su kategorie rozdelene najprv podla jazyku a potom podla zanru.
	 Zaner moze obsahovat novinky a taktiez zoznam knih v danej kniznici.
		Kniha ma svoje ID pomocou ktoreho sa na nu mozeme odkazovat.
			uz_hodnotenie su uzivatelske hodnotenia.
-->
<kniznica>
	<jazyk jaz="slovensky">
		<zaner typ="Fantasy">
			<news_bestsellers>
				Konecne sme sa dockali a Raymond E. Feist dopisal pokracovanie <ref k_id="SK_Magician">Maga</ref>
				<ref k_id="SK_BlackSorc">_name_</ref> a hned sa to stalo svetovym bestsellerom.
			</news_bestsellers>
			<zoznam_knih>
				<kniha k_id="SK_Magician">
					<nazov>Mag</nazov>
					<autor>Raymond E.Feist</autor>
					<front_page img="front.jpg"/>
					<obsah>
						Pribeh popisuje nevyspitatelne situacie do ktorych sa dostava Pug, hlavny protagonista pribehu, a jeho
						najlepsi priateln Thomas.
					</obsah>
					<info>
						<ocenenia>Hugo Awards 1980</ocenenia>
						<vydavatelstvo>Fantasy Press &sro;</vydavatelstvo>
						<rok_vyd>1979</rok_vyd>
						<druh typ="Fantasy"/>
						<min_vek vek="9"/>
						<uz_hodnotenie>
							<hodnotenie>
								<user_name>Fantasy_sux</user_name>
								<rating>0/5</rating>
								<text>Pfff....nechapem ako niekto moze citat fantasy...lol</text>
							</hodnotenie>
							<hodnotenie>
								<user_name>Feist_fanboy01</user_name>
								<rating>5/5</rating>
								<text>Vynikajuce! Ak sa vam to pacilo tak ako mne, odporucam zvysne knizky z tejto sagy!</text>
							</hodnotenie>
						</uz_hodnotenie>
					</info>
					<cena>320</cena>
					<ciar_kod ck_id="_0001"/>
				</kniha>
				<kniha k_id="SK_BaW">
					<nazov>Black &amp; White</nazov>
					<autor>Jack Daniels</autor>
					<front_page img="front.jpg"/>
					<obsah>
						Fascinujuci pribeh suboja medzi dobrom a zlom.
					</obsah>
					<info>
						<vydavatelstvo>Colour Print &sro;</vydavatelstvo>
						<rok_vyd>2010</rok_vyd>
						<druh typ="Fantasy"/>
						<min_vek vek="15"/>
					</info>
					<cena>279</cena>
					<ciar_kod ck_id="_0003"/>
				</kniha>
				<kniha k_id="SK_BlackSorc">
					<nazov>Black Sorceror</nazov>
					<autor>Raymond Feist</autor>
					<info>
						<vydavatelstvo>Mercury &sro;</vydavatelstvo>
						<rok_vyd>1993</rok_vyd>
						<druh typ="Fantasy"></druh>
						<min_vek></min_vek>
					</info>
					<cena></cena>
					<ciar_kod ck_id="_0005"/>
				</kniha>
				<kniha k_id="SK_DveVeze">
					<nazov>Pan Prstenou: Dve veze</nazov>
					<autor>Tolkien</autor>
					<info>
						<vydavatelstvo>Mercury &sro;</vydavatelstvo>
						<rok_vyd>1970</rok_vyd>
						<druh typ="Fantasy"></druh>
						<min_vek vek="12"></min_vek>
					</info>
					<cena mena="Euro">9.99</cena>
					<ciar_kod ck_id="_0007"></ciar_kod>
				</kniha>
				<kniha k_id="SK_Hobbit">
					<nazov>Hobbit</nazov>
					<autor>Tolkien</autor>
					<info>
						<vydavatelstvo>Mercury &sro;</vydavatelstvo>
						<rok_vyd>1960</rok_vyd>
						<druh typ="Fantasy"></druh>
						<min_vek vek="8"></min_vek>
					</info>
					<cena mena="Euro">7</cena>
					<ciar_kod ck_id="_0008"></ciar_kod>
				</kniha>
				<kniha k_id="SK_NavratKrala">
					<nazov>Pan Prstenou: Navrat Krala</nazov>
					<autor>Tolkien</autor>
					<info>
						<vydavatelstvo>Mercury &sro;</vydavatelstvo>
						<rok_vyd>1978</rok_vyd>
						<druh typ="Fantasy"></druh>
						<min_vek vek="15"></min_vek>
						<uz_hodnotenie>
							<hodnotenie>
								<user_name>Aragorn</user_name>
								<rating>4/5</rating>
								<text>Brilantne zakoncenie este lepsej trilogie. Tolkien je priekopnik fantasy a len jemu mozme dakovat
								za sucastny stav tohto zanru.</text>
							</hodnotenie>
							<hodnotenie>
								<user_name>Iris</user_name>
								<rating>5/5</rating>
								<text>Nie ste fanusikom fantasy ak ste necitali celu trilogiu. Kiezby nove knizky sa vyrovnali tejto 
								klasike :(</text>
							</hodnotenie>							
						</uz_hodnotenie>
					</info>
					<cena></cena>
					<ciar_kod ck_id="_0009"></ciar_kod>
				</kniha>
				<kniha k_id="SK_Nikdykde">
					<nazov>Nikdykde</nazov>
					<autor>Neil Geinman</autor>
					<info>
						<vydavatelstvo>NewCorp</vydavatelstvo>
						<rok_vyd>2000</rok_vyd>
						<druh typ="Fantasy"></druh>
						<min_vek></min_vek>
						<uz_hodnotenie>
							<hodnotenie>
								<user_name>Aragorn</user_name>
								<rating>4/5</rating>
								<text>Tato knizka vam naozaj popletie hlavu. Take nieco dneska dokaze malokto, vcetne 
								Geinmana</text>
							</hodnotenie>
						</uz_hodnotenie>
					</info>
					<cena mena="Euro">8.99</cena>
					<ciar_kod ck_id="_0010"></ciar_kod>
				</kniha>
			</zoznam_knih>
		</zaner>
	</jazyk>
	<jazyk jaz="english">
		<zaner typ="Bibliography">
			<zoznam_knih>
				<kniha k_id="EN_YesWeCan">
					<nazov>Yes We Can!</nazov>
					<autor>Barrack Obama</autor>
					<front_page img="front2.jpg"/>
					<obsah>
						In this book we learn how Barrack's hard life taught him that things can change.
						Heartbreaking story of a man who influance the world's world view. Yes we can, indeed.
					</obsah>
					<info>
						<ocenenia>Best American President's Bibliography 2011</ocenenia>
						<vydavatelstvo>White House Press</vydavatelstvo>
						<rok_vyd>2011</rok_vyd>
						<druh typ="Bibliography"/>
						<min_vek/>
						<uz_hodnotenie>
							<hodnotenie>
								<user_name>Georgio</user_name>
								<rating>3/5</rating>
								<text>Well written book but I found it missleading. I really believed I could but I found out I couldn't.</text>
							</hodnotenie>
							<hodnotenie>
								<user_name>McCain</user_name>
								<rating>6/5</rating>
								<text>I want to rate it 0 but it won't let me. McCain ftw!</text>
							</hodnotenie>
							<hodnotenie>
								<user_name>MrsObama</user_name>
								<rating>4/5</rating>
								<text>Great book from a great man. Hope he gets reelected.</text>
							</hodnotenie>
							<hodnotenie>
								<user_name>Alpha_male</user_name>
								<rating>2/5</rating>
								<text>What? No twist at the end? Booring...</text>
							</hodnotenie>
							<hodnotenie>
								<user_name>Flash</user_name>
								<rating>1/5</rating>
								<text>Bush's book was better.</text>
							</hodnotenie>
							<hodnotenie>
								<user_name>Mikhail</user_name>
								<rating>1/5</rating>
								<text>Americans is fat. eat more hamburgers</text>
							</hodnotenie>
							<hodnotenie>
								<user_name>MrPretentious</user_name>
								<rating>5/5</rating>
								<text>You need to read it carefully to understand it's hidden meaning. It shows our society in
								a true light. It's a deep, revealing book and I'm afraid only few people will understand it.</text>
							</hodnotenie>
							<hodnotenie>
								<user_name>Saboter</user_name>
								<rating>3/5</rating>
								<text>&lt;text&gt;I want to find a bug here and ruin your assignement.&lt;/text&gt;</text>
							</hodnotenie>
							<hodnotenie>
								<user_name>John</user_name>
								<rating>2/5</rating>
								<text>This &quot;book&quot; is a waste of trees. Greenpeace should sue Obama.</text>
							</hodnotenie>
							<hodnotenie>
								<user_name>HarisPilton</user_name>
								<rating>4/5</rating>
								<text>Obama is the man a'ight. I think I'm gonna write my own book, you know. It will be the best book,
								you know.</text>
							</hodnotenie>
						</uz_hodnotenie>
					</info>
					<cena>911</cena>
					<ciar_kod ck_id="_0004"/>
				</kniha>
			</zoznam_knih>
		</zaner>
		<zaner typ="SciFi">
			<news_bestsellers>
				Surprisingly, <ref k_id="EN_Foundation">Foundation</ref>, a very old book is a bestseller now in 2011. Who would've thought
				it possible. Someone didn't do much research or readers are falling for THE classic sci-fi again.
			</news_bestsellers>
			<zoznam_knih>
				<kniha k_id="EN_Foundation">
					<nazov>Foundation</nazov>
					<autor>Isaac Asimov</autor>				
					<obsah>
						For twelve thousand years the Galactic Empire has ruled supreme. Now it is dying. Can Hari Sheldon
						save if using mathematics?
					</obsah>	
					<info>
						<ocenenia>Hugo Awards 1975</ocenenia>
						<vydavatelstvo>Mercury &sro;</vydavatelstvo>
						<rok_vyd>1930</rok_vyd>
						<druh typ="SciFi"></druh>
						<min_vek vek="12"></min_vek>
						<uz_hodnotenie>
							<hodnotenie>
								<user_name>Haris Pilton</user_name>
								<rating>5/5</rating>
								<text>There's yet someone to overthrow Asimov as The king of SciFi.</text>
							</hodnotenie>
						</uz_hodnotenie>
					</info>
					<cena mena="Euro">15</cena>
					<ciar_kod ck_id="_0006"></ciar_kod>
				</kniha>
			</zoznam_knih>
		</zaner>
	</jazyk>
	<author><![CDATA[
				document.writeln("Michal Klein");
			]]></author>
	<date>
		<?php echo "17.3.2011"?>
	</date>
</kniznica>