<?xml version="1.0" encoding="utf-8"?>
<!DOCTYPE registr SYSTEM "cv1.dtd">
<registr>
    <dluznici>
	<dluznik id="1">
	    <nazev typ="as">UNI TECHNO</nazev>
	    <ic>63887227</ic>
	    <kontakty>
		<adresa>
		    <ulice>Vrbenská 6</ulice>
		    <psc>37001</psc>
		    <mesto>České Budějovice</mesto>
		    <stat>Česká republika</stat>
		</adresa>
		<email overeno="ano">info@uni.cz</email>
		<telefon typ="mobil">+420676734424</telefon>
		<telefon typ="pevna">+420676734424</telefon>
	    </kontakty>
	    <akce id="1">
		<faze faze="start" />
		<datum>15.02.1999</datum>
		<soud>Krajský soud v Českých Budějovicích</soud>
		<spis>12 K 196 / 98</spis>
		<spravce rc="1" />
	    </akce>
	</dluznik>
	<dluznik id="2">
	    <nazev typ="sro">MEDICA - Dr. Fichtl</nazev>
	    <ic>46887881</ic>
	    <kontakty>
		<adresa>
		    <ulice>Tylova 39</ulice>
		    <psc>30124</psc>
		    <mesto>Plzeň</mesto>
		    <stat>Česká republika</stat>
		</adresa>
		<email overeno="ne">mail@medica.cz</email>
		<telefon typ="mobil">+420673748424</telefon>
		<telefon typ="pevna">+420676344424</telefon>
	    </kontakty>
	    <akce id="1">
		<faze faze="start" />
		<datum>25.06.2001</datum>
		<soud>Krajský soud v Plzni</soud>
		<spis>26 K 44 / 98</spis>
		<spravce rc="2" />
	    </akce>
	    <likvidace />
	</dluznik>
	<dluznik id="3">
	    <nazev typ="">Dušan Němec - J+D</nazev>
	    <ic>16583175</ic>
	    <kontakty>
		<adresa>
		    <ulice>Vracovice 59</ulice>
		    <psc>25801</psc>
		    <mesto>Vlašim</mesto>
		    <stat>Česká republika</stat>
		</adresa>
		<email overeno="ano">dusan@nemec.name</email>
		<telefon typ="mobil">+420673748232</telefon>
		<telefon typ="pevna">+420676344324</telefon>
	    </kontakty>
	    <akce id="1">
		<faze faze="start" />
		<datum>01.06.2007</datum>
		<soud>Krajský soud v Praz</soud>
		<spis>40 K 16 / 2007</spis>
		<spravce rc="3" />
	    </akce>
	</dluznik>
    </dluznici>
    <spravci>
	<spravce rc="1">
	    <jmeno>
		<krestni>Luboš</krestni>    
		<prijmeni>Zelenda</prijmeni>
	    </jmeno>
	</spravce>
	<spravce rc="2">
	    <jmeno>
		<krestni>Hana</krestni>    
		<prijmeni>Jiroušková</prijmeni>
	    </jmeno>
	</spravce>
	<spravce rc="3">
	    <jmeno>
		<krestni>Martin</krestni>    
		<prijmeni>Vychopeň</prijmeni>
	    </jmeno>
	</spravce>
    </spravci>
</registr>