<?xml version="1.0" encoding="UTF-8"?>
<!DOCTYPE document SYSTEM "./data.dtd">

<!--Martin Kolesar, domaca uloha #1, XML-->

<document>
	<company name="TransKE">
		<office>
			<contact>
				<office_adress>Pekna 5, 04011 Kosice, Slovakia</office_adress>
				<office_phone>00421556441111</office_phone>
				<office_email>info@transke.sk</office_email>
				<office_pobox></office_pobox>
			</contact>
			<employees>
				<!--a dalsi komentar-->
				<employee id="e1">
					<employee_name>Jan Cerveny</employee_name>
					<employee_position>CEO</employee_position>
				</employee>
				<!--a dalsi komentar-->
				<employee id="e2">
					<employee_name>Jan Zeleny</employee_name>
					<employee_position>Business Director</employee_position>
				</employee>
				<!--a dalsi komentar-->
				<employee id="e3">
					<employee_name>Jan Modry</employee_name>
				</employee>
				<!--a dalsi komentar-->
				<employee id="e4">
					<employee_name>Jan Oranzovy</employee_name>
					<employee_position>Driver</employee_position>
				</employee>
				<!--a dalsi komentar-->
				<employee id="e5">
					<employee_name>Jan Ruzovy</employee_name>
					<employee_position>Driver</employee_position>
				</employee>
				<!--a dalsi komentar-->
				<employee id="e6">
					<employee_name>Jan Cierny</employee_name>
					<employee_position>Driver</employee_position>
				</employee>
				<!--a dalsi komentar-->
				<employee id="e7">
					<employee_name>Jan Biely</employee_name>
					<employee_position>Mechanic</employee_position>
				</employee>
				<!--a dalsi komentar-->
				<employee  id="e8">
					<employee_name>Jan Transparentny</employee_name>
					<employee_position>IT Specialist</employee_position>
				</employee>
				<!--a dalsi komentar-->
				<employee id="e9">
					<employee_name>Jan Zlty</employee_name>
					<employee_position>Security</employee_position>
				</employee>
				<!--a dalsi komentar-->
				<employee id="e10">
					<employee_name>Jan Fialovy</employee_name>
					<employee_position>Driver</employee_position>
				</employee>
			</employees>
			<trucks>
				<!--aj tu je komentar-->
				<truck spz="KE-123AB" man="DAF" type="FX105" stk="yes" employee_id="e4"/>
				<truck spz="KE-123CD" man="DAF" type="FX95" stk="no" employee_id="e5"/>
				<truck spz="KE-123EF" man="Volvo" type="FH16" stk="yes" employee_id="e6"/>
				<truck spz="KE-123GH" man="Mercedes-Benz" type="Sprinter" stk="yes" employee_id="e10"/>
			</trucks>
			<!--tato sekcia je tu z dovodu splnenia podmienkok ulohy-->
			<data>
				<income><?php echo sum_inc(date("%Y")); ?></income>
				<income_currency>EURO<sign>&currency;</sign></income_currency>
				<note><![CDATA[tu bude nieco obsahujuce <, >, /]]></note>
			</data>
		</office>
		<office>
			<contact>
				<office_adress>Pekna 10, 16800, Praha, Czech Republic</office_adress>
				<office_phone>00420777001122</office_phone>
			</contact>
			<employees>
				<employee id="e11">
					<employee_name>Jan Antracitovy</employee_name>
				</employee>
			</employees>
			<trucks></trucks>
			<data>
				<income><?php echo sum_inc(date("%Y")); ?></income>
				<income_currency>CZK</income_currency>
				<note></note>
			</data>
		</office>		
	</company>
	<company name="TransEuropean">
		<office>
			<contact>
				<office_adress>Street 1, 12345 London, United Kingdom</office_adress>
				<office_phone></office_phone>
			</contact>
			<employees>
				<employee id="x1">
					<employee_name>John Black</employee_name>
				</employee>
				<employee id="x2">
					<employee_name>John White</employee_name>
				</employee>
			</employees>
			<trucks>
				<truck employee_id="x2" spz="UK-007" man="Mercedes-Benz" stk="yes" type="Sprinter" />
			</trucks>
			<data>
				<income></income>
				<income_currency></income_currency>
				<note></note>
			</data>
		</office>
	</company>
</document>