<?xml version="1.0" encoding="UTF-8"?>
<!DOCTYPE library SYSTEM "data.dtd">
<!-- jedna se o databazi ke knihovne se zamerenim predevsim na knihy (vetsi skalovani) ovsem i s moznosti pujcovani filmu a hudby -->

<!-- description je vyplnena pouze u jednoho dila jako priklad -->

<library>
	<literature>
		<czech>
			<fiction>
				<author>
					<name>Viewegh Michal</name>
					<book bid="b001" available="Yes">
						<name>Bajecna leta pod psa</name>
						<release-date>1992</release-date>
					</book>
					<book bid="b002" available="No">
						<name>Ucastnici Zajezdu</name>
						<release-date>1996</release-date>
					</book>
				</author>
				<author>
					<name>Hrabal Bohumil</name>
					<book bid="b003" available="No">
						<name>Slavnosti snezenek</name>
						<release-date>1978</release-date>
					</book>
					<book bid="b004" available="Yes">
						<name>Obsluhoval jsem anglickeho krale</name>
						<release-date>1971</release-date>
					</book>
				</author>
				<author>
					<name>Nezval Vitezslav</name>
					<book bid="b005" available="Yes">
						<name>Praha s prsty deste</name>
						<release-date>1936</release-date>
					</book>
				</author>
				<author>
					<name>Jirasek Alois</name>
					<book bid="b006" available="Yes">
						<name>Proti vsem</name>
						<release-date>1893</release-date>
					</book>
					<book bid="b007" available="No">
						<name>Temno</name>
						<release-date>1915</release-date>
					</book>
					<book bid="b008" available="Yes">
						<name>Psohlavci</name>
						<release-date>1886</release-date>
					</book>
				</author>
				<author>
					<name>Olbracht Ivan</name>
					<book bid="b009" available="Yes">
						<name>Zalar nejtemnejsi</name>
						<release-date>1916</release-date>
					</book>
				</author>
				<author>
					<name>Otcenasek Jan</name>
					<book bid="b010" available="Yes">
						<name>Romeo, Julie a tma</name>
						<release-date>1958</release-date>
					</book>
				</author>
				<author>
					<name>Hasek Jaroslav</name>
					<book bid="b011" available="Yes">
						<name>Trampoty pana Tenkrata</name>
						<release-date>1912</release-date>
					</book>
				</author>
				<author>
					<name>Polacek Karel</name>
					<book bid="b012" available="No">
						<name>Bylo nas pet</name>
						<release-date>1946</release-date>
					</book>
				</author>
				<author>
					<name>Nemcova Bozena</name>
					<book bid="b013" available="Yes">
						<name>Babicka</name>
						<release-date>1855</release-date>
					</book>
				</author>
				<author>
					<name>Kohout Pavel</name>
					<book bid="b014" available="No">
						<name>Katyne</name>
						<release-date>1970</release-date>
						<description>román o dospívající dívce, která se nedostane na střední školu a začne navštěvovat speciální humanitní obor s maturitou – školu pro katy. Náplní studia jsou popisy mučení, historie popravování aj.; humoristický pohled na lidské krutosti a praktiky totalitní moci a také nebezpečnou schopnost lidí smířit se s absurdní situací</description>
					</book>
				</author>
			</fiction>
			<fantasy>
			</fantasy>
			<sci-fi>
				<author>
					<name>Kulhanek Jiri</name>
					<book bid="b015" available="Yes">
						<name>Vladci strachu</name>
						<release-date>1995</release-date>
						<description>Žijí mezi námi upíři? Výborný akční příběh o boji mezi upíry a lovci z roku 2023, který se odehrává převážně v Čechách. Poklidný život upíra Richarda Adolfa končí při obnoveném lovu – brání se hlavně v Praze a snaží se vypátrat a zničit vůdce Lovců – alchymistu Azzoparda.. První díl volné série o upírech, některé postavy se prolínají do dalších Kulhánkových knih. Tvrdě akční krvavý nářez, výborně čtivý.</description>
					</book>
				</author>
			</sci-fi>
			<non-fiction>
			</non-fiction>
		</czech>
		<foreign>
			<fiction>
				<author>
					<name>Remarque Erich Maria</name>
					<country>Nemecko</country>
					<book bid="b016" available="Yes">
						<name>Na zapadni fronte klid</name>
						<release-date>1929</release-date>
						<description>Popisuje krutou realitu války a hluboké odtržení od civilního života německých vojáků vracejících se z fronty. Román podrobně výstižně představuje válečnou realitu takřka s novinářskou precizitou. Neukazuje heroický boj vojáků na frontě, ale soustřeďuje se na jejich utrpení a nesmyslnost celého konfliktu, zvýrazňuje tragédii generace, „jejíž prvním povoláním bylo vyrábění mrtvol“.</description>
					</book>
				</author>
			</fiction>
			<fantasy>
				<author>
					<name>Tolkien J. R. R.</name>
					<country>England</country>
					<book bid="b017" available="Yes">
						<name>Hobbit aneb Cesta tam a zase zpatky</name>
						<release-date>1937</release-date>
					</book>
				</author>
			</fantasy>
			<sci-fi>
				<author>
					<name>Bradbury Ray</name>
					<country>USA</country>
					<book bid="b018" available="Yes">
						<name>451 stupnu Fahrenheita</name>
						<release-date>1953</release-date>
						<description>Guy Montag, hrdina románu žije ve své ohnivzdorné vile obklopen civilizací tryskových aut, raketových letadel, mechanické hudby a také ovšem policejních helikoptér a mechanických „ohařů“, kteří svým chemickým čichem neomylně sledují stopu zločince. Kdo je však tímto „zločincem“? Ten, kdo překročí základní zákon této utopistické civilizace, tj. ještě vlastní a čte knihy, kdo nemyslí tak, jak je předepsáno myslet, kdo se pokouší uvažovat samostatně. Tohoto „zločinu“ se právě dopustí Montag. A o příšerné, hrůzné štvanici, kterou na něho uspořádá policie ve svých helikoptérách, o zmechanizovaném děsu, který je mu v patách v podobě mechanického ohaře s prokainovou jehlou v čelisti, o úděsné televizní reportáži z této honičky a o konečném zániku onoho odlidštěného světa vypráví tento příběh. Je to jedno z nejlepších Bradburyho děl, v němž nastavil křivé zrcadlo fantastiky civilizaci moderního světa, jež člověku nepřinese skutečné štěstí, dusí-li v něm to nejcennější – lidskou myšlenku. </description>
					</book>
				</author>
			</sci-fi>
			<non-fiction>
			</non-fiction>
		</foreign>
	</literature>
	<film>
		<movie fid="f001" available="Yes">
			<title>Rozmarne leto</title>
			<director>Menzel Jiri</director>
			<release-date>1967</release-date>
			<country>Czechoslovakia</country>
		</movie>
		<movie fid="f002" available="Yes">
			<title>Insomnie</title>
			<director>Nolan Christopher</director>
			<release-date>2002</release-date>
			<country>USA</country>
		</movie>
		<movie fid="f003" available="Yes">
			<title>Roman pro zeny</title>
			<director>Renc Filip</director>
			<release-date>2004</release-date>
			<country>Ceska republika</country>
		</movie>
		<movie fid="f004" available="No">
			<title>Samotari</title>
			<director>Ondricek David</director>
			<release-date>2000</release-date>
			<country>Ceska republika</country>
		</movie>
		<movie fid="f005" available="Yes">
			<title>Schindleruv seznam</title>
			<director>Spielberg Steven</director>
			<release-date>1993</release-date>
			<country>USA</country>
		</movie>
	</film>
	<music>
		<artist>
			<name>Led Zeppelin</name>
			<album mid="m001" available="Yes">
				<title>Houses of the Holy</title>
				<release-date>1973</release-date>
			</album>
			<album mid="m002" available="No">
				<title>Led Zeppelin I</title>
				<release-date>1968</release-date>
			</album>
		</artist>
		<artist>
			<name>Rush</name>
			<album mid="m003" available="No">
				<title>Moving Pictures</title>
				<release-date>1981</release-date>
			</album>
			<album mid="m004" available="No">
				<title>Counterparts</title>
				<release-date>1993</release-date>
			</album>
		</artist>
	</music>
	<!-- u vypujcek by bylo dobre jeste pridat moznost evidence kdo vypujcku provedl a do kdy musi byt predmety vraceny -->
	<rent rid="id001">
		<item id_ref="b002"/>
		<item id_ref="b007"/>
		<item id_ref="b012"/>
		<item id_ref="m002"/>
		<item id_ref="m003"/>
	</rent>
	<rent rid="id002">
		<item id_ref="b003"/>
		<item id_ref="b014"/>
		<item id_ref="f004"/>
		<item id_ref="m004"/>
	</rent>
</library>
