<?xml version="1.0" encoding="UTF-8" standalone="no"?><Knihovna>
	<Autori>
		<Autor DatumNarozeni="1564" DatumUmrti="23-04-1616" Id="A1">
			<JmenoAutora>
				William Shakespeare
			</JmenoAutora>
		</Autor>
		<Autor DatumNarozeni="03-01-1892" DatumUmrti="02-09-1973" Id="A2">
			<JmenoAutora>
				John Ronald Reuel Tolkien
			</JmenoAutora>
		</Autor>
		<Autor DatumNarozeni="03-01-1892" DatumUmrti="02-09-1973" Id="A3">
			<JmenoAutora>
				J. K. Rowling
			</JmenoAutora>
		</Autor>
		<Autor DatumNarozeni="19-08-1988" Id="A4">
			<JmenoAutora>
				Veronica Roth
			</JmenoAutora>
		</Autor>
	<Autor DatumNarozeni="24-08-1977" Id="A5"><JmenoAutora>John Green</JmenoAutora></Autor></Autori>
	<?dbapp end_authors?>
	<Knihy><!-- Knihy reprezentuji jednotlive tituly. -->
		<Kniha Autor="A1" Id="k11" Jazyk="CZ" VKnihovne="ne">
			<NazevKnihy>
				Hamlet
			</NazevKnihy>
			<Kapitoly>
				<Kapitola>
					<NazevKapitoly>
						Prvni kapitola
					</NazevKapitoly>
				</Kapitola>
				<Kapitola>
					<NazevKapitoly>
						Druha kapitola
					</NazevKapitoly>
				</Kapitola>
			</Kapitoly>
			<RokVydani>
				1603
			</RokVydani>
			<KnihaDalsiInfo>
				<![CDATA[<cosi>dalsi data knihy</cosi>]]>					
			</KnihaDalsiInfo>
		</Kniha>
		<Kniha Autor="A3" Id="k234" Jazyk="CZ" VKnihovne="ne">
			<NazevKnihy>
				Harry Potter a K?men mudrc?
			</NazevKnihy>
			<RokVydani>
				2000
			</RokVydani>
		</Kniha>
		<Kniha Autor="A3" Id="k21" Jazyk="CZ" VKnihovne="ne">
			<NazevKnihy>
				Harry Potter a Tajemn? komnata
			</NazevKnihy>
			<RokVydani>
				2000
			</RokVydani>
		</Kniha>
		<Kniha Autor="A3" Id="k34" Jazyk="CZ" VKnihovne="ne">
			<NazevKnihy>
				Harry Potter a v?ze? z Azkabanu
			</NazevKnihy>
			<RokVydani>
				2001
			</RokVydani>
		</Kniha>
		<Kniha Autor="A3" Id="k44" Jazyk="CZ" VKnihovne="ne">
			<NazevKnihy>
				Harry Potter a Ohniv? poh?r
			</NazevKnihy>
			<RokVydani>
				2001
			</RokVydani>
		</Kniha>
		<Kniha Autor="A3" Id="k43" Jazyk="CZ" VKnihovne="ne">
			<NazevKnihy>
				Harry Potter a F?nix?v ??d
			</NazevKnihy>
			<RokVydani>
				2004
			</RokVydani>
		</Kniha>
		<Kniha Autor="A3" Id="k35" Jazyk="CZ" VKnihovne="ne">
			<NazevKnihy>
				Harry Potter a princ dvoj? krve
			</NazevKnihy>
			<RokVydani>
				2005
			</RokVydani>
		</Kniha>
		<Kniha Autor="A3" Id="k36" Jazyk="CZ" VKnihovne="ne">
			<NazevKnihy>
				Harry Potter a Relikvie smrti
			</NazevKnihy>
			<RokVydani>
				2008
			</RokVydani>
		</Kniha>
		<Kniha Autor="A2" Id="k38" Jazyk="EN" VKnihovne="ne">
			<NazevKnihy>
				The Lord of the Rigns - The Fellowship of the Ring
			</NazevKnihy>
			<RokVydani>
				1954
			</RokVydani>
		</Kniha>
		<Kniha Autor="A2" Id="k92" Jazyk="EN" VKnihovne="ne">
			<NazevKnihy>
				The Lord of the Rigns - The Two Towers
			</NazevKnihy>
			<RokVydani>
				1954
			</RokVydani>
		</Kniha>
		<Kniha Autor="A2" Id="k99" Jazyk="EN" VKnihovne="ne">
			<NazevKnihy>
				The Lord of the Rigns - The Return of the King
			</NazevKnihy>
			<RokVydani>
				1955
			</RokVydani>
		</Kniha>
	</Knihy>
	<Svazky><!-- Svazky jsou konkretni vytisky knih. -->
		
		<InstanceKnihy Kniha="k92">
			<KoupenoDatum>
				2000-09-13
			</KoupenoDatum>
			<KolikratVypujceno>
				169
			</KolikratVypujceno>
			<Vypujceno/>
			<NaPobocce>
				Poloha knihy neni znama.
			</NaPobocce>
		</InstanceKnihy>
		
	</Svazky>
</Knihovna>