<?xml version="1.0" encoding="UTF-8" standalone="no"?><moon-gallery>
    <photos>
        <photo id="1" size="2234">
            <name>Image 1</name>
            <file>abcd.jpeg</file>
            <description>Lorem ipsum dolor sit amet</description>
        </photo>
        <photo author="1" id="6" size="1800">
            <name>Image X</name>
            <file>abcdX.jpeg</file>
            <description>Lorem ipsum dolor sit amet XX</description>
        </photo>
    <photo author="2" id="2" size="2048"><name>Photo 2</name><file>photo_2.jpeg</file><description>Lorem ipsum, photo 2</description></photo></photos>
    <galleries>
        <gallery id="1">
            <name>First gallery</name>
            <contains id="2" type="gallery"/>
            <contains id="1" type="photo"/>
        </gallery>
        <gallery id="2">
            <name>Another gallery</name>
            <contains id="1" type="photo"/>
        </gallery>
    </galleries>
    <person id="1">
        <name>Martin Indra</name>
        <description>The only photographer!</description>
    </person>
    <user id="1" person="1">
        <login nick="Indy" password="password"/>
    </user>
</moon-gallery>