<?xml version="1.0" encoding="UTF-8"?>
<!DOCTYPE football SYSTEM "coaches.dtd">

<football>

		<coach>
			<name>Pavel</name>
			<surname>Vrba</surname>
			<color>blue</color>
			<friends>
				<friend>Lavicka</friend>
			</friends>
		</coach>
		
		<coach>
			<name>Vitezslav</name>
			<surname>Lavicka</surname>
			<color>green</color>
			<friends>
				<friend>Rada</friend>
			</friends>
		</coach>
		
		<coach>
			<name>Petr</name>
			<surname>Rada</surname>
			<color>red</color>
			<friends>
				<friend>Pulpit</friend>
			</friends>
		</coach>
		
		<coach>
			<name>Martin</name>
			<surname>Pulpit</surname>
			<color>blue</color>
			<friends>
				<friend></friend>
			</friends>
		</coach>
	
</football>