<?xml version="1.0" encoding="UTF-8"?>
<!DOCTYPE movieDatabase SYSTEM "data.dtd">
<movieDatabase>

	<!-- Date of last modification -->
	<lastModification><?php echo Date("d.m.Y")?></lastModification>

	<!-- Actors and directors -->
	<person id="person1" firstname="Elijah" surname="Wood" sex="male" dateOfBirth="28/01/1981"/>
	<person id="person2" firstname="Sean" surname="Astin" sex="male" dateOfBirth="25/02/1971"/>
	<person id="person3" firstname="Ian" surname="McKellen" sex="male" dateOfBirth="25/05/1939"/>
	<person id="person4" firstname="Christopher" surname="Lee" sex="male" dateOfBirth="27/05/1922"/>
	<person id="person5" firstname="Patrick" surname="Stewart" sex="male" dateOfBirth="13/07/1940"/>
	<person id="person6" firstname="Hugh" surname="Jackman" sex="male" dateOfBirth="12/10/1968"/>
	<person id="person7" firstname="Bryan" surname="Singer" sex="male" dateOfBirth="17/091965"/>
	<person id="person8" firstname="Peter" surname="Jackson" sex="male" dateOfBirth="31/10/1961"/>
	<person id="person9" firstname="George" surname="Lucas" sex="male" dateOfBirth="14/051944" />
	<person id="person10" firstname="Ewan" surname="McGregor" sex="male" dateOfBirth="31/03/1971" />
	<person id="person11" firstname="Natalie" surname="Portman" sex="female" dateOfBirth="09/06/1981" />
	
	<movies>
		<!-- HD movies (720p, 1080p) -->
		<quality value="HD">
			<movie>
				<name value="Pán prstenů: Společenstvo prstenu"/>
				<officialName value="The Lord of the Rings: The Fellowship of the Ring"/>
				<genres>
					<genre value="fantasy"/>
					<genre value="adventure"/>
					<genre value="action"/>
				</genres>
				<year value="2001"/>
				<countries>
					<country value="USA"/>
					<country value="New Zeland"/>
				</countries>
				<rating imdb="8.8" csfd="9.0"/>
				<movieLength value="218"/>
				<directors>
					<director idref="person8"/>
				</directors>
				<actors>
					<actor idref="person1"/>
					<actor idref="person2"/>
					<actor idref="person3"/>
					<actor idref="person4"/>
				</actors>
				<overview>
					<![CDATA[
					In a small village in the Shire a young Hobbit named Frodo has been entrusted with an ancient Ring. Now he must embark on an Epic quest to the Cracks of Doom in order to destroy it. 
					]]>
					&more;
				</overview>
			</movie>
			
			<movie>
				<name value="Star Wars: Pomsta Sithů"/>
				<officialName value="Star Wars: Episode III - Revenge of the Sith"/>
				<genres>
					<genre value="fantasy"/>
					<genre value="adventure"/>
					<genre value="action"/>
				</genres>
				<year value="2005"/>
				<countries>
					<country value="USA"/>
				</countries>
				<rating imdb="7.7" csfd="8.7"/>
				<movieLength value="140"/>
				<directors>
					<director idref="person9"/>
				</directors>
				<actors>
					<actor idref="person10"/>
					<actor idref="person11"/>
					<actor idref="person4"/>
				</actors>
			</movie>
		</quality>
		
		<!-- DVD movies  -->
		<quality value="DVD">
			<movie>
				<name value="X-Men"/>
				<officialName value="The Lord of the Rings: The Fellowship of the Ring"/>
				<genres>
					<genre value="sci-fi"/>
					<genre value="adventure"/>
					<genre value="action"/>
				</genres>
				<year value="2000"/>
				<countries>
					<country value="USA"/>
				</countries>
				<rating imdb="7.4" csfd="8.1"/>
				<movieLength value="104"/>
				<directors>
					<director idref="person7" />
				</directors>
				<actors>
					<actor idref="person3"/>
					<actor idref="person5"/>
					<actor idref="person6"/>
				</actors>
				<overview>
					<![CDATA[
					In a world where both Mutants and Humans fear each other, Marie D'Ancanto, better known as Rogue, runs away from home and hitches a ride with another mutant, known as Logan, a.k.a. Wolverine. Charles Xavier, who owns a school for young mutants, sends Storm and Cyclops to bring them back before it is too late. Magneto, who believes a war is approaching, has an evil plan in mind, and needs young Rogue to help him.
					]]>
					&more;
				</overview>
			</movie>
		</quality>
	</movies>
</movieDatabase>
