<?xml version="1.0" encoding="UTF-8" standalone="no"?>
<root id="root">
	<element attribute="attribute value 0">element value 0</element>
	<element attribute="attribute value 1">element value 1</element>
	<element attribute="attribute value 2">element value 2</element>
	<element attribute="attribute value 3">element value 3</element>
	<element attribute="attribute value 4">element value 4</element>

	<group>
		<item attribute="style" elemName="code">color:red</item>
		<item attribute="align" elemName="p">justify</item>
		<item attribute="href" elemName="a">http://www.watzke.cz/</item>
		<value/>
		<value/>
	</group>

	<list>
		<value>A list item</value>
		<value>Second one</value>
		<value>And another one</value>
		<value>Yet another one</value>
		<value>The last one</value>
	</list>
</root>
