<?xml version="1.0" encoding="UTF-8"?>
<!DOCTYPE kmen SYSTEM "data.dtd">
<!-- VŠRK Skrypta -->
<kmen id="skrypta">
	<název_kmene>&sy;</název_kmene>
	<popis_kmene>&sy; si dává za cíl sdružovat pražské studující skauty, nabízet jim smysluplnou náplň volného času a možnost pokračovat na cestě skautským životem.</popis_kmene>
	<?php vypis_aktuality ?>
	<členové_kmene>
		<člen_kmene id="terka" celé_jméno="Tereza Zábojníková" oblíbené_jídlo="Rajská." pohlaví="holka"/>
		<člen_kmene id="bohdan" celé_jméno="Bohdan Maslowski" pohlaví="kluk"/>
		<člen_kmene id="neznalek" přezdívka="Neználek" celé_jméno="Ondřej Filip" oblíbené_jídlo="Špenát, vepřové, bramborový knedlík." pohlaví="kluk"/>
		<člen_kmene id="seby" přezdívka="Šeby" celé_jméno="Jan Šebetovský" oblíbené_jídlo="Hovězí guláš." pohlaví="kluk"/>
		<člen_kmene id="dovile" celé_jméno="Dovilė Barcytė" oblíbené_jídlo="Pizza." pohlaví="holka"/>
		<člen_kmene id="kecal" přezdívka="Kecal" celé_jméno="Radek Halaška" pohlaví="kluk"/>
		<člen_kmene id="ana" přezdívka="Áňa" celé_jméno="Anna Samcová" oblíbené_jídlo="Zeleninový salát" pohlaví="holka"/>
		<člen_kmene id="veverka" přezdívka="Veverka" celé_jméno="Hana Kuhnová" oblíbené_jídlo="Svíčková na smetaně" pohlaví="holka"/>
		<člen_kmene id="jola" přezdívka="Jola" celé_jméno="Zdeňka Lišková" oblíbené_jídlo="Halušky" pohlaví="holka"/>
		<člen_kmene id="martin" celé_jméno="Martin Tumpach" oblíbené_jídlo="Vepřové a grilovaná zelenina" pohlaví="kluk"/>
		<člen_kmene id="kobliha" přezdívka="Kobliha" celé_jméno="Tomáš Knobloch" oblíbené_jídlo="Játra na víně." pohlaví="kluk"/>
		<člen_kmene id="betka" přezdívka="Bětka" celé_jméno="Alžběta Reitmaierová" pohlaví="holka"/>
		<člen_kmene id="fida" přezdívka="Fíďa" celé_jméno="Filip Děchtěrenko" oblíbené_jídlo="Brambory s tvarohem" pohlaví="kluk"/>
		<člen_kmene id="bzii" přezdívka="Bzíí" celé_jméno="Ivana Čurdová" oblíbené_jídlo="Těstovinový salát" pohlaví="holka"/>
		<člen_kmene id="vektor" přezdívka="Vektor" celé_jméno="Jakub Vaník" pohlaví="kluk"/>
		<člen_kmene id="suku" přezdívka="Suku" celé_jméno="Markéta Petrů" pohlaví="holka"/>
	</členové_kmene>
	
	<!-- Kapytola -->
	<skupina id="kapytola">
		<název_skupiny>&ky;</název_skupiny>
		<popis_skupiny>Skupina &sy; která vznikla v říjnu 2011.</popis_skupiny>
		<členové_skupiny>
			<člen_skupiny idref="terka"/>
			<člen_skupiny idref="bohdan"/>
			<člen_skupiny idref="neznalek"/>
			<člen_skupiny idref="seby"/>
			<člen_skupiny idref="dovile"/>
			<člen_skupiny idref="kecal"/>
			<člen_skupiny idref="ana"/>
			<člen_skupiny idref="veverka"/>
			<člen_skupiny idref="jola"/>
			<člen_skupiny idref="martin"/>
		</členové_skupiny>
		<schůzky>
			<!-- Improvizační schůzka -->
			<schůzka datum="22.3.2012" čas="18:30" místo="Klubovna v Zelené">
				<téma_schůzky>Improvizace</téma_schůzky>
				<garant_schůzky idref="jola"/>
				<pozvánka>
				<![CDATA[
					Čeká nás schůzka plná <b>improvizačních her</b>.
					]]>
					<klíčové_slovo>improvizace</klíčové_slovo>
					<klíčové_slovo>hry</klíčové_slovo>
				</pozvánka>
				<docházka>
					<přítomní>
						<přítomný idref="ana"/>
						<přítomný idref="martin"/>
						<přítomný idref="terka"/>
						<přítomný idref="dovile"/>
						<přítomný idref="jola"/>
					</přítomní>
					<omluvení>
						<omluvený idref="veverka"/>
					</omluvení>
				</docházka>
				<kronikář_schůzky idref="terka"/>
			</schůzka>
			
			<!-- Batikovací schůzka -->
			<schůzka datum="29.2.2012" čas="18:30" místo="Domeček v bažině">
				<téma_schůzky>Batikovací schůzka</téma_schůzky>
				<garant_schůzky idref="seby"/>
				<pozvánka>
				<![CDATA[
					Tentokrát na bažině budeme vyrábět skryptí trika.
					]]>
					<klíčové_slovo>skryptí triko</klíčové_slovo>
					<klíčové_slovo>batikování</klíčové_slovo>
				</pozvánka>
				<docházka>
					<přítomní>
						<přítomný idref="dovile"/>
						<přítomný idref="seby"/>
						<přítomný idref="martin"/>
						<přítomný idref="veverka"/>
						<přítomný idref="neznalek"/>
						<přítomný idref="kecal"/>
						<přítomný idref="ana"/>
						<přítomný idref="jola"/>
					</přítomní>
				</docházka>
				<kronikář_schůzky idref="ana"/>
			</schůzka>
			
			<!-- Esperanto (academic level) -->
			<schůzka datum="7.3.2012" čas=""  místo="Klubovna v Zelené">
				<téma_schůzky>Esperanto</téma_schůzky>
				<garant_schůzky idref="seby"/>
				<pozvánka>
					<![CDATA[
						<i><b>Esperanto</b></i> je umělý jazyk, který si klade za cíl zrovnoprávnit mezinárodní komunikaci. Navíc je velice snadné se ho naučit. Přijďte se o tom přesvědčit.
						]]>
					<klíčové_slovo>esperanto</klíčové_slovo>
					<klíčové_slovo>academic level</klíčové_slovo>
				</pozvánka>
			</schůzka>
		</schůzky>
	</skupina>
	
	<!-- Stará skupina -->
	<skupina id="skrypta2008">
		<popis_skupiny>Skupina Skrypty sdružující lidi, kteří přišli mezi lety 2008 a 2011.</popis_skupiny>
		<členové_skupiny>
			<člen_skupiny idref="neznalek"/>
			<člen_skupiny idref="seby"/>
			<člen_skupiny idref="veverka"/>
			<člen_skupiny idref="martin"/>
			<člen_skupiny idref="kobliha"/>
			<člen_skupiny idref="betka"/>
			<člen_skupiny idref="fida"/>
			<člen_skupiny idref="bzii"/>
			<člen_skupiny idref="vektor"/>
			<člen_skupiny idref="suku"/>
		</členové_skupiny>
		<schůzky>
			<!-- Plánovací schůzka -->
			<schůzka datum="7.3.2012" čas=""  místo="Klubovna v Zelené">
				<téma_schůzky>Plánovací</téma_schůzky>
				<garant_schůzky idref="kobliha"/>
				<pozvánka>
					<![CDATA[
						Je třeba si naplánovat schůzky na letní semestr. Přijďte v co nejhojnějším počtu!
						]]>
					<klíčové_slovo>plánování</klíčové_slovo>
				</pozvánka>
			</schůzka>
			
			<!-- Problémy dneška (academic level) -->
			<schůzka datum="14.3.2012" čas=""  místo="Klubovna v Zelené">
				<téma_schůzky>Problémy dneška: Krize EU</téma_schůzky>
				<garant_schůzky idref="betka"/>
				<pozvánka>
					<![CDATA[
						S hostem, odborníkem na Evropskou unii, si budeme povídat o problematice politické krize v Evropě.
						]]>
					<klíčové_slovo>academic level</klíčové_slovo>
					<klíčové_slovo>problémy dneška</klíčové_slovo>
				</pozvánka>
			</schůzka>
		</schůzky>
	</skupina>
</kmen>