<?xml version="1.0" encoding="UTF-8"?>
<system>
	<projects>
		<project
			name="New server OS">
			<project-description>
				Default project description
			</project-description>
			<documents>
				<document
					date-created="03.13.2014"
					name="project vision">
					<body>
						<![CDATA[
							Our project will be the most successful one.
						]]>
					</body>
				</document>
			</documents>
			<project-contacts>
				<project-contact contact-entry-id-ref="id_459"></project-contact>
			</project-contacts>
		</project>
		<project
			name="New smartphone OS">
			<project-description>
				Default project description
			</project-description>
			<documents>
				<document
					date-created="04.02.2014"
					name="project vision">
					<body>
						<![CDATA[
							Our project will be the second most successful one.
						]]>
					</body>
				</document>
			</documents>
			<project-contacts>
				<project-contact contact-entry-id-ref="id_460"></project-contact>
			</project-contacts>
		</project>
		<project
			name="Mail client">
			<project-description>
				Default project description
			</project-description>
			<documents>
				<document
					date-created="04.02.2014"
					name="project vision">
					<body>
						<![CDATA[
							Our project will be the second most successful one.
						]]>
					</body>
				</document>
			</documents>
			<project-contacts>
				<project-contact contact-entry-id-ref="id_461"></project-contact>
				<project-contact contact-entry-id-ref="id_464"></project-contact>
			</project-contacts>
		</project>
		<project
			name="Faster desktop OS">
			<project-description>
				Default project description
			</project-description>
			<documents>
				<document
					date-created="04.02.2014"
					name="project vision">
					<body>
						<![CDATA[
							Our project will be the second most successful one.
						]]>
					</body>
				</document>
				<document
					date-created="04.02.2014"
					name="technical specification">
					<body>
						<![CDATA[
							We are gonna use blah and blah to make it super fast. Blah
							is gonna do this and BlahBlah is gonna do that.
						]]>
					</body>
				</document>
			</documents>
			<project-contacts>
				<project-contact contact-entry-id-ref="id_462"></project-contact>
				<project-contact contact-entry-id-ref="id_463"></project-contact>
			</project-contacts>
		</project>
	</projects>
	<contacts>
		<contact-entry
			contact-entry-id="id_458">
			<name>John Doe</name>
			<contact
				type="phone">
				123456789
			</contact>
			<contact
				type="email">
				john@doe.com
			</contact>
			<contact
				type="fax">
				987654321
			</contact>
		</contact-entry>
		<contact-entry
			contact-entry-id="id_459">
			<name>John Doee</name>
			<contact
				type="phone">
				123456789
			</contact>
			<contact
				type="email">
				john@doee.ru
			</contact>
		</contact-entry>
		<contact-entry
			contact-entry-id="id_460">
			<name>Jim Doe</name>
			<contact
				type="phone">
				123456789
			</contact>
		</contact-entry>
		<contact-entry
			contact-entry-id="id_461">
			<name>Jim Doee</name>
			<contact
				type="email">
				jim@doee.th
			</contact>
		</contact-entry>
		<contact-entry
			contact-entry-id="id_462">
			<name>Jim Doee</name>
			<contact
				type="phone">
				123456789
			</contact>
		</contact-entry>
		<contact-entry
			contact-entry-id="id_463">
			<name>Jim Doeee</name>
			<contact
				type="phone">
				123456789
			</contact>
			<contact
				type="email">
				jim@doeee.com
			</contact>
		</contact-entry>
		<contact-entry
			contact-entry-id="id_464">
			<name>Jack Doe</name>
			<contact
				type="phone">
				123456789
			</contact>
		</contact-entry>
		<contact-entry
			contact-entry-id="id_465">
			<name>Jack Doe</name>
			<contact
				type="email">
				jack@doe.de
			</contact>
		</contact-entry>
		<contact-entry
			contact-entry-id="id_466">
			<name>Jack Doee</name>
			<contact
				type="phone">
				123456789
			</contact>
			<contact
				type="email">
				jack@doee.ua
			</contact>
		</contact-entry>
		<contact-entry
			contact-entry-id="id_467">
			<name>Peter Doee</name>
			<contact
				type="fax">
				987624321
			</contact>
			<contact
				type="email">
				peter@doee.ua
			</contact>
		</contact-entry>
	</contacts>
</system>