<?xml version="1.0"?>
<?php echo "I used to wonder what friendship could be until ".Date("d.m.Y")  ?>
<equestria xmlns:xsi="http://www.w3.org/2001/XMLSchema-instance" xsi:noNamespaceSchemaLocation="data.xsd">
	<group>
		<title>Ponyville</title>
		<pony id="id_001" kind="unicorn" group="mare" cute="true">
			<name>Twilight Sparkle</name>
			<cutiemark>six-pointed star with five smaller stars</cutiemark>
			<elementofharmony>Magic</elementofharmony>
			<occupations>
				<occupation>Student</occupation>
				<occupation>Librarian</occupation>
			</occupations>
			<colours>
				<coat>light purple</coat>
				<mane>dark violet with purple stripe</mane>
				<eyes>purple</eyes>
			</colours>
			<home>Library</home>
			<description>
				<feature>Intelligent</feature>
				<feature>Friendly</feature>
				<feature>Artistic</feature>
			</description>
			<merit>Magic</merit>
			<quote series="1">"Everypony in this town is crazy!"</quote>
			<friends>
				<friend id_ref="id_002"/>
				<friend id_ref="id_003"/>
				<friend id_ref="id_004"/>
				<friend id_ref="id_005"/>
				<friend id_ref="id_006"/>
			</friends>
		</pony>
		<pony id="id_002" kind="earth" group="mare" cute="true">
			<name>Applejack</name>
			<!-- Applejack je nejvic nejlepsi ponik na svete  -->
			<cutiemark>three red apples</cutiemark>
			<elementofharmony>Honesty</elementofharmony>
			<occupations>
				<occupation>Farmer</occupation>
			</occupations>
			<colours>
				<coat>orange</coat>
				<mane>blonde</mane>
				<eyes>green</eyes>
			</colours>
			<home>Apple farm</home>
			<description>
				<feature>Playful</feature>
				<feature>Practical</feature>
				<feature>Honest</feature>
			</description>
			<merit>Lasso master</merit>
			<quote series="1">"I haven't met an apple orchard yet that I can't handle."</quote>
			<friends>
				<friend id_ref="id_001"/>
				<friend id_ref="id_003"/>
				<friend id_ref="id_004"/>
				<friend id_ref="id_005"/>
				<friend id_ref="id_006"/>
			</friends>
		</pony>
		<pony id="id_003" kind="pegasus" group="mare" cute="true">
			<name>Fluttershy</name>
			<cutiemark>three butterflies</cutiemark>
			<elementofharmony>Kindness</elementofharmony>
			<occupations>
				<occupation>Animal care</occupation>
			</occupations>
			<colours>
				<coat>light yellow</coat>
				<mane>light pink</mane>
				<eyes>teal</eyes>
			</colours>
			<home>cottage</home>
			<description>
				<feature>Graceful</feature>
				<feature>Musical</feature>
				<feature>Gentle</feature>
			</description>
			<merit>The Stare</merit>
			<quote series="1">"You're... going to LOVE ME!"</quote>
			<friends>
				<friend id_ref="id_001"/>
				<friend id_ref="id_002"/>
				<friend id_ref="id_004"/>
				<friend id_ref="id_005"/>
				<friend id_ref="id_006"/>
			</friends>
			<pet id_ref="id_010"/>
		</pony>
		<pony id="id_004" kind="unicorn" group="mare">
			<name>Rarity</name>
			<cutiemark>three lozenge diamonds</cutiemark>
			<elementofharmony>Generosity</elementofharmony>
			<occupations>
				<occupation>Fashion designer</occupation>
				<occupation>shopkeeper</occupation>
			</occupations>
			<colours>
				<coat>bluish white</coat>
				<mane>gradient from violet to purple</mane>
				<eyes>blue</eyes>
			</colours>
			<home>Clothes shop</home>
			<description>
				<feature>Creative</feature>
				<feature>Fashionable</feature>
				<feature>Stylish</feature>
			</description>
			<merit>being admirable</merit>
			<quote series="2">"Out of all the things that could happen, this is the! Worst! Possible! Thing!"</quote>
			<friends>
				<friend id_ref="id_001"/>
				<friend id_ref="id_002"/>
				<friend id_ref="id_003"/>
				<friend id_ref="id_005"/>
				<friend id_ref="id_006"/>
       		</friends>
		</pony>
		<pony id="id_005" kind="earth" group="mare" cute="true">
			<name>Pinkie Pie</name>
			<cutiemark>three balloons</cutiemark>
			<elementofharmony>Laughter</elementofharmony>
			<occupations>
				<occupation>Babysitter</occupation>
				<occupation>Confectioner</occupation>
				<occupation>baker</occupation>
			</occupations>
			<colours>
				<coat>pink</coat>
				<mane>magenta</mane>
				<eyes>blue</eyes>
			</colours>
			<home>Sugarcube Corner</home>
			<description>
				<feature>Giggly</feature>
				<feature>Fun</feature>
				<feature>Chatterbox</feature>
			</description>
			<merit>Songs and cupcakes</merit>
			<quote series="1">"Losing a friend's trust is the fastest way to losing a friend 
			<![CDATA[
			<b>FOREVER!</b>
			]]>
			"</quote>
			<friends>
				<friend id_ref="id_001"/>
				<friend id_ref="id_002"/>
				<friend id_ref="id_003"/>
				<friend id_ref="id_004"/>
				<friend id_ref="id_006"/>
				Pinkie Pie is a friend of everypony.
			</friends>
			<pet id_ref="id_010"/>
		</pony>
		<pony id="id_006" kind="pegasus" group="mare">
			<name>Rainbow Dash</name>
			<cutiemark>rainbow lightning bolt</cutiemark>
			<elementofharmony>Loyalty</elementofharmony>
			<occupations>
				<occupation>Weather patrol</occupation>
			</occupations>
			<colours>
				<coat>blue</coat>
				<mane>rainbow</mane>
				<eyes>magenta</eyes>
			</colours>
			<home>Cloud house</home>
			<description>
				<feature>Sporty</feature>
				<feature>Athletic</feature>
				<feature>Adventurous</feature>
			</description>
			<merit>Awesomeness</merit>
			<quote series="1">"It needs to be about 20% cooler."</quote>
			<friends>
				<friend id_ref="id_001"/>
				<friend id_ref="id_002"/>
				<friend id_ref="id_003"/>
				<friend id_ref="id_004"/>
				<friend id_ref="id_005"/>
			</friends>
		</pony>
		<group>
			<title>Cutie Mark Crusaders</title>
			<pony id="id_007" kind="earth" group="filly">
				<name>Apple Bloom</name>
				<occupations>
					<occupation>Student</occupation>
				</occupations>
				<colours>
					<coat>light yellow</coat>
					<mane>crimson</mane>
					<eyes>orange</eyes>
				</colours>
				<home>Apple farm</home>
				<description>
					<feature>Brave</feature>
					<feature>Independent</feature>
				</description>
				<merit>Draws nice</merit>
				<quote series="2">"You're pretty sure, but you're not absolutely positively completely super-duper sure, are you?"</quote>
				<friends>
					<friend id_ref="id_002"/>
					<friend id_ref="id_012"/>
					<friend id_ref="id_013"/>
				</friends>
			</pony>
			<pony id="id_012" kind="pegasus" group="filly">
				<name>Scootaloo</name>
				<occupations>
					<occupation>Student</occupation>
				</occupations>
				<colours>
					<coat>orange</coat>
					<mane>pinkish purple</mane>
					<eyes>purple</eyes>
				</colours>
				<description>
					<feature>Adventurous</feature>
					<feature>Friendly</feature>
				</description>
				<quote series="2">"That's so funny I forgot to laugh."</quote>
				<friends>
					<friend id_ref="id_007"/>
					<friend id_ref="id_013"/>
				</friends>
			</pony>
			<pony id="id_013" kind="pegasus" group="filly">
				<name>Sweetie Belle</name>
				<occupations>
					<occupation>Student</occupation>
				</occupations>
				<colours>
					<coat>grayish pinkish white</coat>
					<mane>light purple and light pink</mane>
					<eyes>light green</eyes>
				</colours>
				<description>
					<feature>Even-tempered</feature>
					<feature>Kind</feature>
				</description>
				<friends>
					<friend id_ref="id_007"/>
					<friend id_ref="id_012"/>
					<friend id_ref="id_004"/>
				</friends>
			</pony>
		</group>
		<pony id="id_014" kind="earth" group="colt">
			<name>Pipsqueak</name>
			<colours>
				<coat>white and brown</coat>
				<mane>dark tangelo</mane>
				<eyes>dark scarlet</eyes>
			</colours>
			<description>
				<feature>Brave</feature>
				<feature>Pirate</feature>
			</description>
		</pony>
	</group>
	<group>
		<title>Canterlot</title>
		<pony id="id_008" kind="unicorn" group="stallion">
			<name>Fancypants</name>
			<cutiemark>three crowns</cutiemark>
			<occupations>
				<occupation>High society pony</occupation>
			</occupations>
			<colours>
				<coat>white</coat>
				<mane>turquoise</mane>
				<eyes>blue gray</eyes>
			</colours>
			<description>
				<feature>Pompous</feature>
				<feature>Rich</feature>
			</description>
			<friends>
				Fancypants is too cool to be friends with anypony.
			</friends>
		</pony>
	</group>
	<group>
		<title>Pets</title>
		<animal id="id_009">
			<name>Angel</name>
			<species>bunny rabbit</species>
			<owner id_ref="id_001"/>
		</animal>
		<animal id="id_010">
			<name>Gummy</name>
			<species>Alligator</species>
			<owner id_ref="id_005"/>
		</animal>
		<animal id="id_011" cute="true">
			<name>Parasprit</name>
			<species>some bug-like animal</species>
		</animal>
	</group>
</equestria>
