<?xml version="1.0" encoding="UTF-8"?>
<!DOCTYPE  oddily [
<!ELEMENT oddily (oddil+)>
<!ELEMENT oddil (nazev,adresa,predseda,hrac+)>

<!ELEMENT nazev (#PCDATA) >
<!ELEMENT predseda (kdo)>
<!ELEMENT kdo (#PCDATA) >
<!ATTLIST kdo idp IDREF #REQUIRED>
<!ATTLIST kdo titul CDATA #REQUIRED>

<!ELEMENT adresa (ulice,cp,psc,mesto)>
<!ELEMENT ulice (#PCDATA)>
<!ELEMENT cp (#PCDATA)  >
<!ELEMENT mesto (#PCDATA) >
<!ELEMENT psc (#PCDATA) >

<!ELEMENT hrac (pohlavi,datumn?,jmeno,prijmeni,adresa,elo)>
<!ATTLIST hrac id ID #REQUIRED>
<!ELEMENT pohlavi (muz|zena) >
<!ELEMENT muz (#PCDATA) >
<!ELEMENT zena (#PCDATA) >
<!ELEMENT datumn (#PCDATA)  >
<!ELEMENT jmeno (#PCDATA) >
<!ELEMENT prijmeni (#PCDATA) >

<!ELEMENT elo (elof?,elon?)>
<!ELEMENT elof   (#PCDATA)>
<!ELEMENT elon  (#PCDATA) >

<!ENTITY c "Predseda" >
]>
<oddily>
	<oddil>
	<nazev>Joly L</nazev>
	<adresa>
		<ulice>Sokol</ulice>
		<cp>256</cp>
		<psc>18000</psc><mesto>Praha</mesto>
	</adresa>
	<predseda>
		<kdo idp="idh1" titul="&c;"></kdo>
	</predseda>
	<hrac id="idh1">
		<pohlavi><muz>muz</muz></pohlavi>
		
		<jmeno>Jan</jmeno>
		<prijmeni>Amos</prijmeni>
		<adresa>
			<ulice>1.trida</ulice>
			<cp>2656</cp>
			
			<psc>25689</psc>
			<mesto>Adamov</mesto>
		</adresa>
		<elo>
			<elof>1200</elof>
			<elon>1300</elon>
		</elo>
	</hrac>
	
	
	<hrac id="idh2">
		<pohlavi><zena></zena></pohlavi>
		<datumn>1.8.1956</datumn>
		<jmeno>Jana</jmeno>
		<prijmeni>Kosmova</prijmeni>
				<adresa>
			<ulice>1.trida</ulice>
			<cp>2656</cp>
			
			<psc>25689</psc>
			<mesto>Adamov</mesto>
		</adresa>
		<elo>
			
		</elo>
	</hrac>
	
		<hrac id="idh3">
		<pohlavi><zena></zena></pohlavi>
		
		<jmeno>Hana</jmeno>
		<prijmeni>Kosmova</prijmeni>
				<adresa>
			<ulice>2.trida</ulice>
			<cp>266</cp>
			
			<psc>25689</psc>
			<mesto>Hodonin </mesto>
		</adresa>
		<elo>
				<elof>1500</elof>
			<elon>1800</elon>
		</elo>
	</hrac>
	
		<hrac id="idh4">
		<pohlavi><zena></zena></pohlavi>
		
		<jmeno>Lukas</jmeno>
		<prijmeni>Hrouza</prijmeni>
				<adresa>
			<ulice>SAK</ulice>
			<cp>266</cp>
			
			<psc>25689</psc>
			<mesto>Sokolov</mesto>
		</adresa>
		<elo>
				<elof>1900</elof>
			<elon>2000</elon>
		</elo>
	</hrac>
	
	
		<hrac id="idh5">
		<pohlavi><zena></zena></pohlavi>
		
		<jmeno>Nana</jmeno>
		<prijmeni>Nema</prijmeni>
				<adresa>
			<ulice>Lodnikova</ulice>
			<cp>266</cp>
			
			<psc>25689</psc>
			<mesto>Most </mesto>
		</adresa>
		<elo>
				<elof>1600</elof>
			<elon>1300</elon>
		</elo>
	</hrac>
	
		<hrac id="idh6">
		<pohlavi><muz></muz></pohlavi>
		
		<jmeno>Jan</jmeno>
		<prijmeni>Masak</prijmeni>
				<adresa>
			<ulice>Hlavni</ulice>
			<cp>7</cp>
			
			<psc>27889</psc>
			<mesto>Pardubice </mesto>
		</adresa>
		<elo>
				<elof>1400</elof>
			<elon>1600</elon>
		</elo>
	</hrac>
	
	
		<hrac id="idh7">
		<pohlavi><muz></muz></pohlavi>
		
		<jmeno>Martin</jmeno>
		<prijmeni>Petr</prijmeni>
				<adresa>
			<ulice>Dlouha</ulice>
			<cp>1</cp>
			
			<psc>55986</psc>
			<mesto>Hradec </mesto>
		</adresa>
		<elo>
				<elof>2400</elof>
			<elon>2500</elon>
		</elo>
	</hrac>
	
		<hrac id="idh8">
		<pohlavi><zena></zena></pohlavi>
		
		<jmeno>Ana</jmeno>
		<prijmeni>Janovcova</prijmeni>
				<adresa>
			<ulice>8.kvetna</ulice>
			<cp>96</cp>
		
			<psc>25689</psc>
				<mesto>Praha</mesto>
		</adresa>
		<elo>
				<elof>1700</elof>
			<elon>1900</elon>
		</elo>
	</hrac>
	
	
		<hrac id="idh9">
		<pohlavi><muz></muz></pohlavi>
		
		<jmeno>Karel</jmeno>
		<prijmeni>Vandas</prijmeni>
				<adresa>
			<ulice>Vandasova</ulice>
			<cp>4</cp>
			
			<psc>25989</psc>
			<mesto>Sumperk</mesto>
		</adresa>
		<elo>
				<elof>1500</elof>
			<elon>1800</elon>
		</elo>
	</hrac>
	
	<hrac id="idh10">

		<pohlavi><muz></muz></pohlavi>
		
		<jmeno>Jan</jmeno>
		<prijmeni>Myslitel</prijmeni>
				<adresa>
			<ulice>4.trida</ulice>
			<cp>266</cp>
		
			<psc>48892</psc>
				<mesto>Chomutov </mesto>
		</adresa>
		<elo>
				<elof>1200</elof>
			<elon>1400</elon>
		</elo>
	</hrac>
	</oddil>
</oddily>