<?xml version="1.0" encoding="UTF-8"?>
<sportdenik xmlns:xsi="http://www.w3.org/2001/XMLSchema-instance"
xsi:noNamespaceSchemaLocation="data.xsd">
    <uzivatele>
        <uzivatel id="u001" avatar="avatar1.jpg">
            <jmeno>Jarda</jmeno>
            <vyska>180</vyska>
            <hmotnost>79</hmotnost>
            <o-sobe></o-sobe>
        </uzivatel>
        <uzivatel id="u002" avatar="avatar3.jpg">
            <jmeno>Carda</jmeno>
            <vyska>175</vyska>
            <hmotnost>66</hmotnost>
            <tep-klid>75</tep-klid>
            <tep-max>192</tep-max>
            <o-sobe></o-sobe>
        </uzivatel>
        <uzivatel id="u003" avatar="avatar3.jpg">
            <jmeno>Pepa</jmeno>
            <vyska>205</vyska>
            <hmotnost>99</hmotnost>
            <tep-klid>65</tep-klid>
            <tep-max>196</tep-max>
            <o-sobe></o-sobe>
        </uzivatel>
        <uzivatel id="u004" avatar="avatar2.jpg">
            <jmeno>Karel</jmeno>
            <vyska>189</vyska>
            <hmotnost>85</hmotnost>
            <tep-klid>74</tep-klid>
            <tep-max>190</tep-max>
            <o-sobe></o-sobe>
        </uzivatel>
        <uzivatel id="u005">
            <jmeno>Zbyšek</jmeno>
            <vyska>150</vyska>
            <hmotnost>120</hmotnost>
            <tep-klid>105</tep-klid>
            <tep-max>186</tep-max>
            <o-sobe></o-sobe>
        </uzivatel>
    </uzivatele>
    <treninky>
        <trenink id="t001" pocit="vynikajici" pocasi="akorat">
            <uziv id="u001" />
            <datum>2001-10-26T21:32:52</datum>
            <delka>00:21:00</delka>
            <vzdalenost>10</vzdalenost>
            <tepmax>174</tepmax>
            <tepavg>145</tepavg>
            <komentare>
                <komentar uzivatel="u005" datum="2011-06-22T15:33:55">
                    <zprava><![CDATA[<b>Fakt dobrej čas, chlape</b>]]>
                    <?php echo 'Před '. substr(floor((date("Ymd") - date("Ymd", $dat_vloz)) / 100), 4); . ' dny.' ?></zprava>
                </komentar>
            </komentare>
            <sport_treninku id="s001" />
        </trenink>
        <trenink id="t002" pocit="katastrofa" pocasi="akorat">
            <uziv id="u005" />
            <datum>2011-06-22T00:00:00</datum>
            <delka>01:05:00</delka>
            <vzdalenost>5</vzdalenost>
            <tepmax>185</tepmax>
            <tepavg>115</tepavg>
            <komentare>
                <komentar uzivatel="u002" datum="2011-06-22T15:00:00">
                    <zprava><![CDATA[Hele, zkus kouknout jak lip trenovat </i>sem:<i>]]>
                        <link>www.trenink.cz</link>
                        <?php echo 'Před '. substr(floor((date("Ymd") - date("Ymd", $dat_vloz)) / 100), 4); . ' dny.' ?></zprava>
                </komentar>
            </komentare>
            <sport_treninku id="s001" />
        </trenink>
	   <trenink id="t012" pocit="katastrofa" pocasi="akorat">
            <uziv id="u001" />
            <datum>2011-06-25T00:00:00</datum>
            <delka>02:05:00</delka>
            <vzdalenost>12</vzdalenost>
            <tepmax>155</tepmax>
            <tepavg>125</tepavg>
            <komentare>
                <komentar uzivatel="u002" datum="2011-06-22T15:00:00">
                    <zprava><![CDATA[Hele, zkus kouknout jak lip trenovat </i>sem:<i>]]>
                        <link>www.trenink.cz</link>
                        <?php echo 'Před '. substr(floor((date("Ymd") - date("Ymd", $dat_vloz)) / 100), 4); . ' dny.' ?></zprava>
                </komentar>
            </komentare>
            <sport_treninku id="s001" />
        </trenink>
        <trenink id="t003" pocit="uslo_to" pocasi="vedro">
            <uziv id="u002" />
            <datum>2011-06-25T00:00:00</datum>
            <delka>01:55:00</delka>
            <vzdalenost>51</vzdalenost>
            <vmax>63</vmax>
            <vavg>26</vavg>
            <tepmax>185</tepmax>
            <tepavg>115</tepavg>          
            <prevyseni>350</prevyseni>
            <trasa>
                <start>Horni ves</start>
                <cil>Dolni ves</cil>
            </trasa>
            <komentare>
            </komentare>
            <sport_treninku id="s002" />
        </trenink>
        <trenink id="t004" pocit="vynikajici" pocasi="akorat">
            <uziv id="u001" />
            <datum>2011-06-30T00:00:00</datum>
            <delka>03:01:00</delka>
            <vzdalenost>76</vzdalenost>
            <vmax>71</vmax>
            <vavg>25</vavg>
            <tepmax>165</tepmax>
            <tepavg>144</tepavg>          
            <prevyseni>1400</prevyseni>
            <trasa>
                <start>Aš</start>
                <pres>kopeček</pres>
                <pres>další kopeček</pres>
                <pres>a ještě jeden kopeček</pres>
                <cil>Aš</cil>
            </trasa>
            <komentare>
                <komentar uzivatel="u002" datum="2011-07-01T14:00:05">
                    <zprava>Žasnu!
                    <?php echo 'Před '. substr(floor((date("Ymd") - date("Ymd", $dat_vloz)) / 100), 4); . ' dny.' ?></zprava>
                </komentar>
            </komentare>
            <sport_treninku id="s003" />
        </trenink>
        <trenink id="t005" pocit="vynikajici" pocasi="sahara">
            <uziv id="u004" />
            <datum>2011-07-05T00:00:00</datum>
            <delka>05:01:00</delka>
            <vzdalenost>5</vzdalenost>
            <vmax>150</vmax>
            <vavg>30</vavg>
            <tepmax>190</tepmax>
            <tepavg>175</tepavg>          
            <trasa>
                <start>Gauč</start>
                <pres>U jezevce</pres>
                <pres>Budvarka</pres>
                <pres>U Vlastence</pres>
                <pres>U Švejka</pres>
                <cil>Postel</cil>
            </trasa>
            <komentare>
            </komentare>
            <sport_treninku id="s012" />
        </trenink>
    </treninky>
    <sporty>
        <sport id="s001" nazev="běh" />
        <sport id="s002" nazev="cykloturistika" />
        <sport id="s003" nazev="silniční cyklistika" />
        <sport id="s004" nazev="mtb" />
        <sport id="s005" nazev="spinning" />
        <sport id="s006" nazev="fitness" />
        <sport id="s007" nazev="veslování" />
        <sport id="s008" nazev="plavání" />
        <sport id="s009" nazev="posilování" />
        <sport id="s010" nazev="běžky" />
        <sport id="s011" nazev="gaučink" />
        <sport id="s012" nazev="beer marathon" />
    </sporty>
</sportdenik>
