<?xml version="1.0" encoding="UTF-8"?>
<!DOCTYPE hry SYSTEM "data.dtd">
<!--
    Document   : Hry.xml24

    Created on : 1. březen 2011, 21:    Author     : Viktor
    Description:
        Purpose of the document follows.
-->
<hry>
    <kategorie id_kat="strategie">
            <hra id_hra="Warcraft3" multiplayer="ano">
 				<obrazok />
                <detaily>
					<?php echo "Hra je zasadena do fantasy sveta Azeroth. Bola niekolkokrat zvolena najlepsou strategiou."?>
                </detaily>        
                <tvorca>Blizzard</tvorca>
                <rpgprvky>
					<?php echo "Hra obsahuje RPG prvky, konkretne vylepsovanie hrdinov."?>
                </rpgprvky>
                <hodnotenie>9.8</hodnotenie>
            </hra>
    </kategorie>
    
    <kategorie id_kat="rpg">
			<hra id_hra="Gothic3" multiplayer="ne">
				<obrazok />
				 <detaily>
					<?php echo "Hra je zasadena do fantasy sveta zvaneho Myrtana. Hodnotenia su kontroverzne, hlavne kvoli mnozstvu bugov."?>
                </detaily>        
                <tvorca>Piranha Bytes</tvorca>
                <rpgprvky>
					<?php echo "Hra patri do zanru RPG, teda obsahuje RPG prvky."?>
                </rpgprvky>
                <hodnotenie>8.4</hodnotenie>
            </hra>
    </kategorie>
    
    <kategorie id_kat="akcne">
             <hra id_hra="Borderlands" multiplayer="ano">
				<obrazok />
                <detaily>
					<?php echo "Hra je zasadena do futuristickeho prostredia. Predovsetkym vdaka replayabilite a multiplayeru zozala vysoke hodnotenia."?>
                </detaily>        
                <tvorca>2k games</tvorca>
                <rpgprvky>
					<?php echo "Hra obsahuje RPG prvky, tymi su hlavne nove schopnosti a vylepsovanie postavy."?>
                </rpgprvky>
                <hodnotenie>7.8</hodnotenie>
             </hra>
    </kategorie>
</hry>
