<?xml version="1.0" encoding="UTF-8"?>
<employees>
    <employee>
        <firstName>John</firstName>
        <lastName>Smith</lastName>
        <email>smith@co.org</email>
        <salary>2000</salary>
        <worksIn>D1</worksIn>
    </employee>
    <employee>
        <firstName>Peter</firstName>
        <lastName>Brown</lastName>
        <email>brown@co.org</email>
        <salary>3000</salary>
        <worksIn>D2</worksIn>
    </employee>
	<employee>
        <firstName>Peter</firstName>
        <lastName>Blue</lastName>
        <email>brown@co.org</email>
        <salary>2000</salary>
        <worksIn>D2</worksIn>
    </employee>
    <employee>
        <firstName>Arthur</firstName>
        <lastName>Taylor</lastName>
        <email>taylor@co.org</email>
        <salary>2500</salary>
        <worksIn>D1.2</worksIn>
    </employee>
    <employee>
        <firstName>Martin</firstName>
        <lastName>Smith</lastName>
        <email>smith.m@co.org</email>
        <salary>2400</salary>
        <worksIn>D1.1</worksIn>
    </employee>
</employees>
