<?xml version="1.0" encoding="UTF-8"?>

<!DOCTYPE school SYSTEM "data.dtd">

<!-- Language School -->



<school>
	<classrooms>
		<classroom number="classroom1" capacity="16"/>
		<classroom number="classroom2" capacity="16"/>
		<classroom number="classroom3" capacity="10"/>
	</classrooms>
	<teachers>
		<teacher id="t001" language="english">Dagmar Písková</teacher>
		<teacher id="t012" language="english">Elena Plíšková</teacher>
		<teacher id="t023" language="english">Eva Dvořáková</teacher>
		<teacher id="t034" language="german">Petr Rychlý</teacher>
	</teachers>
	<students>
		<student id="s0001" name="Igor" surname="Král" email="krali@seznam.cz"/>
		<student id="s0012" name="Petr" surname="Černý" email="petrcerny@centrum.cz"/>
		<student id="s0023" name="Jana" surname="Malá" email="jama@gmail.com"/>
		<student id="s0034" name="Marie" surname="Velká" email="marie.velka@gmail.com"/>
		<student id="s0045" name="Jan" surname="Hubička" email="hubicka@gmail.com"/>
		<student id="s0056" name="Martin" surname="Novotný" email="martinnovo@seznam.cz"/>
		<student id="s0067" name="Michal" surname="Kováč" email="kovac34@seznam.cz"/>
		<student id="s0078" name="Jan" surname="Rychvalský" email="rychvajan@seznam.cz"/>
		<student id="s0089" name="Karel" surname="Smrčka" email="smrckakarel@seznam.cz"/>
		<student id="s0100" name="Kateřina" surname="Chládková" email="katerinachladkova@seznam.cz"/>
	</students>
	<courses>
		<course language="english" level="A2" classroom="classroom1" teacher="t001">
			<info>&courseen;
				<b>A2</b><![CDATA[<<20% discount>>]]>
			</info>
			<enrolled id="s0001">
				<detail  payed="yes">
					<note>will start 2 weeks later</note>
				</detail>
			</enrolled>
			<enrolled id="s0012">
				<detail  payed="yes"/>
			</enrolled>
			<enrolled id="s0023">
				<detail  payed="yes">
					<note>Asked for a dictionary - should receive on the first lesson</note>
				</detail>
			</enrolled>
			<enrolled id="s0034">
				<detail  payed="no"/>
			</enrolled>
			<enrolled id="s0045">
				<detail  payed="yes"/>
			</enrolled>
			<enrolled id="s0056">
				<detail  payed="no"/>
			</enrolled>
		</course>
		<course language="english" level="B2" classroom="classroom1" teacher="t001">
			<enrolled id="s0100">
				<detail payed="no"></detail>
			</enrolled>
		</course>
		<course language="german" level="B1" classroom="classroom3" teacher="t034">
			<info>&coursede;
				<b>B1</b>
			</info>
			<enrolled id="s0067">
				<detail  payed="yes"/>
			</enrolled>
			<enrolled id="s0078">
				<detail  payed="yes"/>
			</enrolled>
			<enrolled id="s0089">
				<detail  payed="yes"/>
			</enrolled>
			<enrolled id="s0100">
				<detail  payed="yes"/>
			</enrolled>
		</course>
		<course language="german" level="B2" classroom="classroom2" teacher="t034">
		</course>
	</courses>
	<note>
		<?php $created=mktime(0,0,0,3,11,2012);

		$now=time();

		$days=floor(($now-$created)/(60*60*24));

		echo "This document is $days old";

	?>
	</note>
</school>
