<?xml version="1.0" encoding="UTF-8" standalone="no"?><!-- Tran Tuan Hiep --><!-- xml modelujici filmovou databazi--><movie_db>

    <!-- list osob ktere jsou evidovany v databazi a mohou byt
                  herci, rezisery atd.... -->
        <person_list>
            <person age="55" name="Vaclav Novak" p_id="p0" sex="male"/>

            <person age="29" name="Franta Omacka" p_id="p1" sex="male"/> 

            <person age="66" name="Antonin Pavel" p_id="p2" sex="male"/>

            <person age="32" name="Alena Kucerova" p_id="p3" sex="female"/> 

            <person age="41" name="Hans Zimmer" p_id="p4" sex="male"/>

            <person age="27" name="Lenka Nova" p_id="p5" sex="female"/>

            <person age="95" name="Jozef Novotny" p_id="p6" sex="male"/>

            <person age="22" name="Alois Marek" p_id="p7" sex="male"/>

            <person age="54" name="Jana Novakova" p_id="p8" sex="female"/>
        <person age="95" name="Franta Novotny" p_id="p9" sex="male"/></person_list>
        <!-- filmove studium -->
        <movie_studio ms_id="ms0">
            <studio_name> filmove studio</studio_name>
            <chairman p_ref="p0"/> 

            <revenue> US$ 15000000 </revenue>
            <movie_list>
                <movie_ref m_ref="m0"/>
                <movie_ref m_ref="m1"/>
            </movie_list>		
        </movie_studio>

        <!-- film Novy film I. -->
        

        <!-- dalsi film popis stejne jako predtim -->
        
 
        <movie genre="action" movie_id="m2" ms_ref="ms0">
            <title> Terminator 5 </title>
            <crew> 
                <director p_ref="p2"/>
                <director p_ref="p8"/>
                <writer p_ref="p4"/>
                <producer p_ref="p6"/>
                <artist p_ref="p1"/>
            </crew>
            <cast>			
                <actor p_ref="p7"/> 
                <actor p_ref="p0"/>
                <actor p_ref="p5"/> 
                <actor p_ref="p6"/>
                <actor p_ref="p8"/>
                <actor p_ref="p1"/>
            </cast>
            <information>
                <story>  
                    <![CDATA[ 
                    document.writeln( "pekny film, navic cernobily");
                    ]]>
                </story>

                <length>146</length>
                <sound_mix> DOLBY_DIGITAL </sound_mix>
                <color> BLACK AND WHITE </color>
                <aspect_ratio> 4:3 </aspect_ratio>		
                <premiere>
                    <cinema>
                        <adress>
                            <country> SK </country> 
                            <city> Bratistava </city>
                        </adress>
                    </cinema>
                    <date><?php echo(14.07.2000)?></date>
                </premiere>
                <budget> US$ 12250000 </budget>
                <motion_picture_rating> NC-17 </motion_picture_rating>
                <country> China </country>
                <language> Chinese </language>
            </information>		

            <!-- navic film dostal oceneni -->
            <award>
                <type> Zlata jahoda </type>
                <category> Nejhorsi sequel </category>
                <receiver ref="m1"/>			
            </award>	

            <award>
                <type> Zlata jahoda </type>
                <category> Nejhorsi herecky vykon </category>
                <receiver ref="p0"/>			
            </award>	

        </movie>
    </movie_db>