<?xml version="1.0" encoding="UTF-8"?>
<skalniOblasti>
	<datumOtevreni><?php echo Date("d.m.Y")?></datumOtevreni>
	<skalniOblast typ="sportovni" nazev="SantaLinya" stat="Spanelsko">
		Oblast s vysokou koncentraci tech nejtezsich cest.Oblast vhodna pro profiky,obsahujici jednu z nejtezsich
		cest sveta - Neandrtal.
		<GPSouradnice>21.354.2,12.342.124</GPSouradnice>
		<poznamka>Nejlepsi oblast,tezky cesty.</poznamka>
		<www><![CDATA[http://www.lezec.cz/cesty.php?cobl=53616e7461204c696e7961h]]>>
		</www>
		<sektory>
			<sektor nazev="Cova">
				<pristup>Primo u silnice z Lleidy do Zapadakova,v leve casti.</pristup>
				<cesty>
					<cesta nazev="Digital System" obtiznost="8c" styl="previs" obtize="vytrvalost"/>
					<cesta nazev="Fuck The System" obtiznost="9a" styl="previs" obtize="bouldr"/>
				</cesty>
			</sektor>
			<sektor nazev="Cova grande">
				<pristup>Primo u silnice z Lleidy do Zapadakova,nejvetsi previs.</pristup>
				<cesty>
					<cesta nazev="Neandrtal" obtiznost="9b" styl="previs" obtize="vytrvalost"/>
					<cesta nazev="Rollito Sharma" obtiznost="8b+" styl="previs" obtize="vytrvalost"/>
					<cesta nazev="Open Your Mind Direct" obtiznost="9a+" styl="previs" obtize="bouldr"/>
				</cesty>
			</sektor>
		</sektory>
	</skalniOblast>
	<skalniOblast typ="sportovni" nazev="GorgesDuTarn" stat="Francie" sousedniOblast="Verdon">
		Oblibena oblas pro sportovni lezeni nedaleko Millau.Vhodna spise pro pokrocile lezce.
		<GPSouradnice>23.364.2,12.356.124</GPSouradnice>
		<poznamka>Super oblast,spis tezsi lezeni.</poznamka>
		<www><![CDATA[http://www.lezec.cz/cesty.php?cobl=476f72676573204475205461726eh]]>>
		</www>
		<sektory>
			<sektor nazev="L'Oasif">
				<pristup>Za parkovisten,po toku reky,do kopce.</pristup>
				<cesty>
					<cesta nazev="Le Viagra Ć Est Pas Pour" obtiznost="8b" styl="previs" obtize="bouldr"/>
					<cesta nazev="Rasta Vaut Rien" obtiznost="8a+/b" styl="previs" obtize="vytrvalost"/>
					<cesta nazev="La Banda Del Rulos" obtiznost="8a" styl="previs" obtize="vytrvalost"/>
					<cesta nazev="Demolition Anale" obtiznost="7c" styl="previs" obtize="vytrvalost"/>
					<cesta nazev="Gros But" obtiznost="7c" styl="previs" obtize="vytrvalost"/>
					<cesta nazev="L´ Heure D´ Été " obtiznost="7c" styl="previs" obtize="sila"/>
					<cesta nazev="La Page Blanche" obtiznost="7c" styl="previs" obtize="bouldr"/>
					<cesta nazev="Monstre Trou" obtiznost="7c" styl="strop" obtize="vytrvalost"/>
					<cesta nazev="Murati" obtiznost="7c" styl="strop" obtize="vytrvalost"/>
					<cesta nazev="Starting Block" obtiznost="7c" styl="previs" obtize="vytrvalost"/>
					<cesta nazev="Noel Chez But" obtiznost="7b+" styl="previs" obtize="vytrvalost"/>
					<cesta nazev="Putain De Papiers" obtiznost="7b+" styl="strop" obtize="vytrvalost"/>
					<cesta nazev="Alambic" obtiznost="7b" styl="previs" obtize="vytrvalost"/>
					<cesta nazev="Ils Ont Marché Sur La Tune" obtiznost="7b" styl="previs" obtize="vytrvalost"/>
				</cesty>
			</sektor>
			<sektor nazev="Güllich">
				<pristup>Za L'Oasif vpravo.</pristup>
				<cesty>
					<cesta nazev="Adieu Wolfgang" obtiznost="8c" styl="previs" obtize="vytrvalost"/>
					<cesta nazev="La Spectre De Lottokar" obtiznost="8b+" styl="previs" obtize="bouldr"/>
					<cesta nazev="Tendinite" obtiznost="8b+" styl="previs" obtize="sila"/>
					<cesta nazev="Bar-bitturique" obtiznost="8a" styl="previs" obtize="sila"/>
					<cesta nazev="Octopus" obtiznost="7c+" styl="previs" obtize="bouldr"/>
					<cesta nazev="Accion Discrete" obtiznost="7c" styl="previs" obtize="sila"/>
				</cesty>
			</sektor>
		</sektory>
	</skalniOblast>
	<skalniOblast typ="boulder" nazev="Rocklands" stat="JAR">
		Svetova oblast pro bouldering.Uzasne tvary sutru,oranzovy pisek &amp; silove,previsle boudry plne skoku.
		<GPSouradnice>-40.354.2,11.442.124</GPSouradnice>
		<poznamka>Uzasny bouldry.</poznamka>
		<idealniRocniDoba>srpen</idealniRocniDoba>
		<www><![CDATA[http://www.lezec.cz/cesty.php?cobl=526f636b6c616e6473h]]>>
		</www>
		<sektory>
			<sektor nazev="8 Days Rain">				
				<cesty>
					<cesta nazev="Derailed" obtiznost="8B/B+" styl="previs" obtize="sila"/>
					<cesta nazev="Crazy Legs" obtiznost="7B"/>
					<cesta nazev="Tennis Biscuit" obtiznost="7B"/>
				</cesty>
			</sektor>
			<sektor nazev="Dihedral Boulders">				
				<cesty>
					<cesta nazev="Ray Of Light" obtiznost="8B" styl="previs" obtize="sila"/>
					<cesta nazev="Jaws" obtiznost="7C"/>
					<cesta nazev="Salty Egg" obtiznost="7A+"/>
				</cesty>
			</sektor>
		</sektory>
	</skalniOblast>
	<skalniOblast typ="bigwall" nazev="Verdon" stat="Francie" sousedniOblast="GorgesDuTarn">
		Bigwallove lezeni v Provance.Zajimavosti je,ze u vetsiny cest musite nejdriv slanit k nastupu.
		Cesty maji okolo 250 metru.
		<GPSouradnice>20.354.2,11.442.124</GPSouradnice>
		<poznamka/>
		<www><![CDATA[http://www.lezec.cz/cesty.php?cobl=566572646f6eh]]>>
		</www>
		<sektory>
			<sektor nazev="Escales">				
				<cesty>
					<cesta nazev="Karin's Line" obtiznost="7b+"/>
					<cesta nazev="Luna Bong" obtiznost="6c+" styl="kolma" obtize="vytrvalost"/>
					<cesta nazev="Dingomaniaque" obtiznost="6c+" styl="kolma" obtize="bouldr"/>
					<cesta nazev="Ticket Danger" obtiznost="6c" styl="kolma"/>
					<cesta nazev="Trous Secs" obtiznost="6c" styl="kolma" obtize="bouldr"/>
				</cesty>
			</sektor>
		</sektory>
	</skalniOblast>
</skalniOblasti>
