<?xml version="1.0" encoding="UTF-8"?>
<!DOCTYPE songBook SYSTEM "data.dtd">

<songBook version="1.0" isValid="yes">
	
	<songs lastUpdated="6.3.2012" lastUpdatedBy="Jiri Hudec">
		<category name="Random" id="cat_Rnd">
			
			<song id="song_WEB">
				<title>Webova</title>
				<lyrics chorus="no" verses="3" writtenBy="auth_JH">
					<verse number="1"><![CDATA[
						<?xml version="1.0" encoding="UTF-8"?>
						<!DOCTYPE html PUBLIC "-//W3C//DTD XHTML 1.1//EN" "http://www.w3.org/TR/xhtml11/DTD/xhtml11.dtd">
						<html xmlns="http://www.w3.org/1999/xhtml" xml:lang="en">
						<head>
						<link rel="stylesheet" type="text/css" href="Styles/light.css" />
						<script src="Includes/scripts.js" type="text/javascript"></script>
						<meta name="description" content="Online interface for Energy Logger, daemon used for collecting data." />
						<meta name="keywords" content="energy, logger, interface, database, table, mff" />
						<meta name="author" content="Jiri Hudec" />
						<meta name="robots" content="noindex,nofollow" />
						<meta name="Content-language" content="en" />
						<meta http-equiv="Content-Type" content="text/html; charset=utf-8" />
						<title>Energy Logger - main</title>
						</head>
						]]>
					</verse>
					<verse number="2"><![CDATA[
						<body>
						<div id='navigation'>
							<h1><a href="index.php" id="index"><img src="Images/logo.png" alt="Energy Logger logo"/></a></h1>
							<a href="#menu" id="gotomenu" >go to menu</a>
						</div>
						<div id='page'>
				
						<noscript>
						<div class='warning' id='m_647'>
							<h2 class='warning'>
							JavaScript is disabled in your browser. Some functions may be disabled.	</h2>
							<a href='#' onclick="hide('m_647')">Hide this message</a>
						</div>
						</noscript>
						]]>
					</verse>
					<verse number="3"><![CDATA[
						<div id="main">
						<h1>Welcome to Energy Logger</h1>
							<p class="welcome">This webpage provides interface for viewing data collected by measurement devices in somebody's house.</p>
						<p class="welcome">Actually, there's nothing interesting for you.</p>
						<p class="welcome">Go away.</p>
						</div>
						</div>
						<div id='menu'>
							<h1>MAIN MENU</h1>
										<h3><a href='index.php?section=login'>Login</a></h3>
							</div>
						</body>
						</html>
						]]>
					</verse>
					<!-- jacpplxmlp3 stands for "Jirka's awesome Cpp like XML preprocessor version 3" which unfortunately hasn't been made yet. -->
					<wholeLyrics><?jacpplxmlp3 for(int i=1, i<=verses, i++){cout << verse[i] << ((chorus)&&(i%chorus.interval==0))?chorus:"" << endl;} ?></wholeLyrics>
				</lyrics>
				<score composedBy="auth_JH" file="../sheets/WEB_score.pdf">
					<singlePart clef="treble" keySignature="D" instrument="vocal" file="../sheets/WEB_vocal.pdf"></singlePart>
					<singlePart clef="bass" keySignature="F" instrument="bass guitar" file="../sheets/WEB_bassguitar.pdf"></singlePart>
					<singlePart clef="treble" keySignature="C" instrument="clarinet" file="../sheets/WEB_clarinet.pdf"></singlePart>
				</score>
				<keyword type="word">internet</keyword>
				<keyword type="word">html</keyword>
				<keyword type="phrase">webove stranky</keyword>
			</song>
			
			<song id="song_NGGYU">
				<title>Never Gonna Give You Up</title>
				<lyrics chorus="yes" verses="4" writtenBy="auth_RA">
					<chorus>
						Never gonna give you up
						Never gonna let you down
						Never gonna run around and desert you
						Never gonna make you cry
						Never gonna say goodbye
						Never gonna tell a lie and hurt you
					</chorus>
					<verse number="1">
						We're no strangers to love
						You know the rules and so do I
						A full commitment's what I'm thinking of
						You wouldn't get this from any other guy
						I just wanna tell you how I'm feeling
						Gotta make you understand
					</verse>
					<verse number="2">
						We've know each other for so long
						Your heart's been aching
						But you're too shy to say it
						Inside we both know what's been going on
						We know the game and we're gonna play it
						And if you ask me how I'm feeling
						Don't tell me you're too blind to see
					</verse>
					<verse number="3">
						We've know each other for so long
						Your heart's been aching
						But you're too shy to say it
						Inside we both know what's been going on
						We know the game and we're gonna play it
						I just wanna tell you how I'm feeling
						Gotta make you understand
					</verse>
					<verse number="4">
						Never gonna give you up
						Never gonna let you down
						Never gonna run around and desert you
						Never gonna make you cry
						Never gonna say goodbye
						Never gonna tell a lie and hurt you
					</verse>
				</lyrics>
				<score file="../sheets/NGGYU_score.pdf">
					<singlePart clef="treble" instrument="piano" keySignature="G" file="../sheets/NGGYU_paino.pdf"></singlePart>
					<singlePart clef="bass" keySignature="G" instrument="bass guitar" file="../sheets/NGGYU_bassguitar.pdf"></singlePart>
				</score>
				<keyword type="word">rickroll</keyword>
			</song>
			
			<song id="song_M">
				<title>Medvidek</title>
				<lyrics chorus="yes" verses="3" writtenBy="auth_OP">
					<chorus>
						Medvídek z Bogoty usnul a sní
						na kříži z Golgoty spí
						Za třicet stříbrných
						z medvídka padá sníh
						No a ti římští psi ho sjíždějí na saních
						o Vánocích
					</chorus>
					<verse number="1">
						Dlouhá noc a mně se stýská moc
						pro tebe malý dárek mám
						Přes hory přes ploty
						medvídek z Bogoty už letí
						Medvídek plyšový na cestě křížový
						Bůh ho ochrání
						Před smečkou římskejch psů a jejich úřadů
						ti posílá - lásku co v bříšku má
					</verse>
					<verse number="2">
						Nesvatá hodina medvídka proklíná
						že odhodil korunu bez trnů
						Medvídek ospalý pod křížem pokleká
						chce pít
						Kalichem sladkosti - medvídka napustí
						do bříška jak to má rád
						Koruna plyšová, vánoční cukroví
						nikdo se nedoví o svatozáři trnový
					</verse>
					<verse number="3">
						Medvídku probuď se, prober se vstaň
						psi se už sbíhají připrav si dlaň
						Slunce zas vychází cítíš tu zář
						Tlapku dáš v pěst, nebo nastavíš tvář
						Římskejm psům a jejich úřadům
						Maxipes Herodes vánoční slib dal dnes
					</verse>
				</lyrics>
				<score file="../sheets/M_score.pdf" composedBy="auth_RK">
					<singlePart clef="treble" keySignature="Bflat" instrument="vocal" file="../sheets/Medvidek_vocal.pdf"></singlePart>
					<singlePart clef="bass" instrument="bass guitar" keySignature="Bflat" file="../sheets/Medvidek_bassguitar.pdf"></singlePart>
				</score>
				<keyword type="word">drogy</keyword>
			</song>
			
		</category>
		
		<category id="cat_Love" name="Love songs">
			
			<song id="song_WiL">
				<title>What is Love?</title>
				<lyrics chorus="yes" verses="3" writtenBy="auth_AN">
					<chorus interval="1">
						What is love 
						Oh baby, don't hurt me 
						Don't hurt me no more 
						Oh, baby don't hurt me 
						Don't hurt me no more
					</chorus>
					<verse number="1">
						Oh, I don't know why you're not there 
						I give you my love, but you don't care 
						So what is right and what is wrong 
						Gimme a sign
					</verse>
					<verse number="2">
						Oh, I don't know, what can I do 
						What else can I say, it's up to you 
						I know we're one, just me and you 
						I can't go on
					</verse>
					<verse number="3">
						I want no other, no other lover 
						This is your life, our time 
						When we are together, I need you forever 
						Is it love
					</verse>
				</lyrics>
				<score file="../sheets/WiL_score.pdf">
					<singlePart clef="treble" keySignature="C" instrument="vocal" file="../sheets/WiL_vocal.pdf"></singlePart>
					<singlePart clef="treble" keySignature="C" instrument="piano" file="../sheets/WiL_paino.pdf"></singlePart>
				</score>
				<keyword type="word">love</keyword>
				<keyword type="phrase">what is love</keyword>
			</song>
			
			<song id="song_MHWGO">
				<title>My Heart Will Go On</title>
				<lyrics chorus="yes" verses="5" writtenBy="auth_WJ">
					<chorus interval="2">
						 Near, far, wherever you are
						 I believe that the heart does go on
						 Once more you open the door
						 And you're here in my heart
						 And my heart will go on and on
					</chorus>
					<verse number="1">
						Every night in my dreams
						 I see you, I feel you
						 That is how I know you, go on
					</verse>
					<verse number="2">
						Far across the distance
						 And spaces between us
						 You have come to show you, go on
					</verse>
					<verse number="3">
						Love can touch us one time
						 And last for a lifetime
						 And never let go till we're gone
					</verse>
					<verse number="4">
						 Love was when I loved you
						 One true time I hold you
						 In my life we'll always go on
					</verse>
					<verse number="5">
						 You're here, there's nothing I fear
						 And I know that my heart will go on
						 We'll stay forever this way
						 You are safe in my heart
						 And my heart will go on and on
					</verse>
				</lyrics>
				<score file="../sheets/MHWGO_score.pdf" composedBy="auth_JRH">
					<singlePart clef="treble" keySignature="B" instrument="vocal" file="../sheets/MHWGO_vocal.pdf"></singlePart>
					<singlePart clef="bass" keySignature="B" instrument="bass guitar" file="../sheets/MHWGO_bassguitar.pdf"></singlePart>
				</score>
				<keyword type="word">love</keyword>
			</song>
			
			<song id="song_MTaF">
				<title>More Than a Feeling</title>
				<lyrics chorus="yes" verses="3">
					<chorus>
						It's more than a feeling
						More than a feeling
						When I hear that old song they used to play
						More than a feeling
						And I begin dreaming
						More than a feeling
						'Til I see Mary Ann walk away
						I see my Mary Ann walkin' away
					</chorus>
					<verse number="1">
						I woke up this morning and the sun was gone
						Turned on some music to start my day
						I lost myself in a familiar song
						I closed my eyes and I slipped away
					</verse>
					<verse number="2">
						So many people have come and gone
						Their faces fade as the years go by
						Yet I still recall as I wander on
						As clear as the sun in the summer sky
					</verse>
					<verse number="3">
						When I?m tired and thinking cold
						I hide in my music, forget the day
						And dream of a girl I used to know
						I closed my eyes and she slipped away
						She slipped away
					</verse>
				</lyrics>
				<score composedBy="auth_TS" file="../sheets/MTaF_score.pdf">
					<singlePart clef="treble" keySignature="D" instrument="vocal" file="../sheets/MTaF_vocal.pdf"></singlePart>
					<singlePart clef="treble" keySignature="D" instrument="guitar" file="../sheets/MTaF_quitar.pdf"></singlePart>
				</score>
				<keyword type="word">love</keyword>
			</song>			
			
		</category>
		
		<category id="cat_Anth" name="Anthems">
			
			<song id="song_KDM">
				<title>Kde domov muj</title>
				<lyrics chorus="no" verses="2" writtenBy="auth_JKT">
					<verse number="1">
						 Kde domov můj,
						 kde domov můj.
						 Voda hučí po lučinách,
						 bory šumí po skalinách,
						 v sadě skví se jara květ,
						 zemský ráj to na pohled!
						 A to je ta krásná země,
						 země česká, domov můj,
						 země česká, domov můj!	
					</verse>
					<verse number="2">
						 Kde domov můj,
						 kde domov můj.
						 V kraji znáš-li Bohu milém,
						 duše útlé v těle čilém,
						 mysl jasnou, vznik a zdar,
						 a tu sílu vzdoru zmar?
						 To je Čechů slavné plémě,
						 mezi Čechy domov můj,
						 mezi Čechy domov můj!
					</verse>
				</lyrics>
				<score composedBy="auth_FS" file="../sheets/KDM_score.pdf">
					<singlePart clef="treble" keySignature="Eflat" instrument="vocal" file="../sheets/KDM_vocal.pdf"></singlePart>
					<singlePart clef="treble" keySignature="Bflat" instrument="trumpet" file="../sheets/KDM_trumpet.pdf"></singlePart>
					<singlePart clef="bass" keySignature="Eflat" instrument="tuba" file="../sheets/KDM_tuba.pdf"></singlePart>
				</score>
				<keyword type="phrase">czech anthem</keyword>
			</song>
			
		</category>
		
	</songs>
	<authors lastUpdated="6.3.2012">
		
		<author id="auth_JH">
			<name>Jiri Hudec</name>
			<nationality>CZE</nationality>
			<cv>Malo znamy student MFF UK, jehoz zatim nejvetsim uspechem bylo zhudebneni zdrojoveho kodu intenetovych stranek do pisne <reference to="song_WEB">Webova</reference>. Sve usili nevzdal a v soucasne dobe se snazi zhudebnit DTD dokument.</cv>
		</author>
		
		<author id="auth_AN">
			<name>Alexander Nestor</name>
			<nationality>TTO</nationality>
		</author>
		
		<author id="auth_RA">
			<nationality>GBR</nationality>
			<name>Rick Astley</name>
			<cv>Americky zpevak, ktery ac nahral spoustu pisni je znam prdevsim diky <reference to="song_NGGYU">pisni Never gonna give you up, ktera se stala na internetu nechvalne znamou</reference>.</cv>
		</author>
		
		<author id="auth_TS">
			<nationality>USA</nationality>
			<name>Tom Scholtz</name>
		</author>
		
		<author id="auth_CD">
			<name>Celine Dion</name>
			<nationality>FRA</nationality>
			<cv>Celine neni vyslovene autor, me zde tedz poslouzi jako autor, co nic nevytvoril (a proto nema ve svem CV zadnou referenci).</cv>
		</author>
		
		<author id="auth_JRH">
			<name>James Roy Horner</name>
			<nationality>USA</nationality>
			<cv>Napsal hudbu k hitu <reference to="song_MHWGO">My heart will go on</reference>, ktery nazpivala <reference to="auth_CD">zpevacka Celine Dion</reference>.</cv>
		</author>
		
		<author id="auth_WJ">
			<name>Will Jennings</name>
			<nationality>USA</nationality>
			<!-- long live Ctrl-C & Ctrl-V :-) -->
			<cv>Napsal slova k hitu <reference to="song_MHWGO">My heart will go on</reference>, ktery nazpivala <reference to="auth_CD">zpevacka Celine Dion</reference>.</cv>
		</author>
		
		<author id="auth_OP">
			<nationality>CZE</nationality>
			<name>Oskar Petr</name>
			<cv>Textar, napsal text napriklad k nekterym pisnim kapely Lucie, napr. <reference to="song_M">pisnicku Medvidek</reference>.</cv>
		</author>
		
		<author id="auth_RK">
			<name>Robert Kodym</name>
			<nationality>CZE</nationality>
			<cv>Zakladajici clen skubil Lucie a Wanastovi vjecy.</cv>
		</author>
		
		<author id="auth_JKT">
			<nationality>CZE</nationality>
			<name>Josef Kajetan Tyl</name>
			<cv>Cesky dramatik a spisovatel.</cv>
		</author>
		
		<author id="auth_FS">
			<name>Frantisek Skroup</name>
			<nationality>CZE</nationality>
			<cv>Hudebnik, dirigent a skladatel.</cv>
		</author>
		
	</authors>
</songBook>