<?xml version="1.0" encoding="UTF-8"?>
<!DOCTYPE newEden SYSTEM "data.dtd">
<newEden>
    <races>
        <race name="Gallente" id="race1" />
        <!-- One race is enough for purpose of the homework. -->
    </races>
    <ships>
        <frigates>
            <tech1>
                <frigate race="race1">
                    <name>Tristan</name>
                    <description>
                        <h1>The Tristan</h1>
                        The Tristan is a Combat Frigate designed for frontline fighting. It kinda looks like this:
                        <![CDATA[
                                \\_//
                                 / \
                              >=| + |=<
                                /\_/\
                                |/ \|
                        ]]>
                    </description>
                    <development>
                        Often nicknamed The Fat Man this nimble little frigate is mainly used by the Federation in escort duties or on short-range patrols. The Tristan has been very popular throughout Gallente space for years because of its versatility. It is rather expensive, but buyers will definitely get their money's worth, as the Tristan is one of the more powerful frigates available on the market.
                    </development>
                    <traits>
                        <skill_ref skill="gallente_frigate">Gallente Frigate</skill_ref> skill bonus per level:
                            7.5% bonus to Small Hybrid Turret tracking speed
                            10% bonus to Drone tracking and hitpoints
                    </traits>
                    <structure>
                        <hitpoints>650</hitpoints>
                        <maxVelocity>325</maxVelocity>
                        <inertiaModifier>3.44</inertiaModifier>
                        <mass>956000</mass>
                        <volume>26500</volume>
                        <capacity>140</capacity>
                    </structure>
                    <fitting>
                        <powergrid>35</powergrid>
                        <slots>
                            <low>3</low>
                            <med>3</med>
                            <high>3</high>
                        </slots>
                        <cpu>130</cpu>
                        <hardpoints>
                            <launcher>0</launcher>
                            <turret>2</turret>
                            <upgrade>3</upgrade>
                        </hardpoints>
                        <calibration>400</calibration>
                    </fitting>
                    <capacitor>
                        <rechargeTime>175</rechargeTime>
                        <capacity>350</capacity>
                    </capacitor>
                    <targeting>
                        <range>40</range>
                        <maxLockedTargets>5</maxLockedTargets>
                        <magnetometricSensorStrength>9</magnetometricSensorStrength>
                        <signatureRadius>41</signatureRadius>
                        <scanResolution>600</scanResolution>
                    </targeting>
                    <shield>
                        <capacity>350</capacity>
                        <resistance>
                            <em>0</em>
                            <explosive>50</explosive>
                            <kinetic>40</kinetic>
                            <thermal>20</thermal>
                        </resistance>
                        <rechargeTime>625</rechargeTime>
                    </shield>
                    <armor>
                        <hitpoints>450</hitpoints>
                        <resistance>
                            <em>50</em>
                            <explosive>10</explosive>
                            <kinetic>35</kinetic>
                            <thermal>35</thermal>
                        </resistance>
                    </armor>
                    <drones>
                        <capacity>40</capacity>
                        <bandwidth>25</bandwidth>
                    </drones>
                    <misc>
                        <techLevel>1</techLevel>
                        <rigSize>small</rigSize>
                    </misc>
                    <blueprint>Tristan Blueprint</blueprint>
                    <requiredSkills>
                        <primarySkills>
                            <skill id="gallente_frigate" myLevel="III">Gallente Frigate I</skill>
                            <skill>Spaceship Command I</skill>
                        </primarySkills>
                    </requiredSkills>
                </frigate>
                <!-- One frigate type will suffice to meet requirements of the homework. -->
            </tech1>
        </frigates>
        <!-- Frigates will suffice to meet requirements of the homework. -->
    </ships>
    <generatedOn><?php echo date("Y-m-d"); ?></generatedOn>
    <generatedBy>&createdBy;</generatedBy>
</newEden>