<?xml version="1.0" encoding="UTF-8"?>
<!DOCTYPE reservations SYSTEM "dtd1.dtd">
<reservations>
	<company>
		<name>Losers GmbH.</name>
		<ic>123456789</ic>
		<dic>234756789</dic>
		<address>
			<street>Karla Jaromíra Erbena 314</street>
			<zip>123456</zip>
			<town>Babiččino údolí</town>
		</address>
	</company>
	<res id="R1">
	<give>
		<code>PRG</code>
		<date>2012-4-3</date>
		<time>12:12</time>
	</give>
	<return>
		<code>EHM</code>
		<date>2012-6-5</date>
		<time>13:13</time>
	</return>
	<carinfo class="C" engine="diesel">
	<spz>ABC-12-34</spz>
	</carinfo>
	<driver>
		<name>Karel Povolný</name>
		<cardid>12345678</cardid>
	</driver>
	</res>
	<res id="R2">
		<give>
			<code>FRX</code>
			<date>2012-3-16</date>
			<time>16:16</time>
		</give>
		<return>
			<code>XPR</code>
			<date>2012-6-14</date>
			<time>10:10</time>
		</return>
		<carinfo>
			<spz>L ALENA 1</spz>
		</carinfo>
		<driver>
			<name>Alena Pátková</name>
			<cardid>916745</cardid>
		</driver>
	</res>
	<agent>
	Není <ref id="R2">tohle auto</ref> náhodou autobus?!
	</agent>
</reservations>
