<?xml version="1.0" encoding="UTF-8"?>

<!-- Databáze lékařů -->

<lekari>
	<lekar id="_1">
		<jmeno titul="MUDr." jmeno="Jan" prijmeni="Novák" />
		<narozen><datum rok="1944" mesic="12" den="14" /></narozen>
		<specializace>ORL</specializace>
		<mesicni_plat>28000</mesicni_plat>
	</lekar>
	<lekar id="_2">
		<jmeno titul="MUDr." jmeno="Aleš" prijmeni="Novák" />
		<specializace>ORL</specializace>
		<narozen><datum rok="1944" mesic="13" den="4" /></narozen>
		<mesicni_plat>28000</mesicni_plat>
	</lekar>
	<lekar id="_4">
		<jmeno titul="MUDr." jmeno="Petr" prijmeni="Souček" />
		<narozen><datum rok="1977" mesic="1" den="1" /></narozen>
		<mesicni_plat>23000</mesicni_plat>
	</lekar>
	<lekar id="_5">
		<jmeno titul="MUDr." jmeno="Josef" prijmeni="Kovář" />
		<narozen><datum rok="1988" mesic="1" den="1" /></narozen>
		<mesicni_plat>23000</mesicni_plat>
	</lekar>
</lekari>