<?xml version="1.0" encoding="UTF-8"?>

<!-- Hierarchie lékařů -->

<lekari>
	<lekar id="_1">
		<jmeno titul="MUDr." jmeno="Jan" prijmeni="Novák" />
		<podrizeni>
			<lekar id="_2">
				<jmeno titul="MUDr." jmeno="Aleš" prijmeni="Novák" />
			</lekar>
			<lekar id="_4">
				<jmeno titul="MUDr." jmeno="Petr" prijmeni="Souček" />
				<podrizeni>
					<lekar id="_5">
						<jmeno titul="MUDr." jmeno="Josef" prijmeni="Kovář" />
					</lekar>
				</podrizeni>
			</lekar>
		</podrizeni>
	</lekar>
</lekari>