<?xml version="1.0" encoding="UTF-8"?>


<data>
	<movies>
		<movie>
			<name>Scary Movie 4</name>
			<director>David Zucker</director>
			<inspired-by>The Grudge</inspired-by>
			<inspired-by>The Village</inspired-by>
			<inspired-by>War of the Worlds</inspired-by>
			<earnings-US>1500</earnings-US>
			<earnings-world>5000</earnings-world>
		</movie>
		<movie>
			<name>The Grudge</name>
			<director>Takashi Shimizu</director>
			<inspired-by>Ju-On</inspired-by>
			<earnings-US>1600</earnings-US>
			<earnings-world>8200</earnings-world>
		</movie>
		<movie>
			<name>Ju-On</name>
			<director>Takashi Shimizu</director>
			<earnings-US>20</earnings-US>
			<earnings-world>550</earnings-world>
		</movie>
		<movie>
			<name>War of the Worlds</name>
			<director>Steven Spielberg</director>
			<earnings-US>5300</earnings-US>
			<earnings-world>20000</earnings-world>
		</movie>
	</movies>

</data>