<?xml version="1.0" encoding="UTF-8"?>
<!--Sample XML file generated by XMLSpy v2013 sp1 (http://www.altova.com)-->
<cinema>
	<movies>
		<movie id="m1">
			<name>Hitchcock</name>
			<category>Animovaný</category>
			<length>30</length>
			<price>60</price>
			<suitableFrom>3</suitableFrom>
			<country>Canada</country>
			<year>1995</year>
			<director id="d1">Gennady Tartakovsky</director>
			<language>cs</language>
			<subtitles>cs</subtitles>
			<company>001</company>
		</movie>
		<movie id="m2">
			<name>Hobit: Neočekávaná cesta</name>
			<category>Dobrodružný</category>
			<length>60</length>
			<price>120</price>
			<suitableFrom>6</suitableFrom>
			<country>USA</country>
			<year>1996</year>
			<director id="d2">Michal Žabka</director>
			<language>en</language>
			<subtitles>en</subtitles>
			<company>001</company>
		</movie>
		<movie id="m3">
			<name>Hotel Transylvánie</name>
			<category>Drama</category>
			<length>90</length>
			<price>150</price>
			<suitableFrom>12</suitableFrom>
			<country>New Zealand</country>
			<year>1997</year>
			<director id="d3">Peter Jackson </director>
			<language>cs</language>
			<subtitles>cs</subtitles>
			<company>001</company>
		</movie>
		<movie id="m4">
			<name>Let</name>
			<category>Komedie</category>
			<length>120</length>
			<price>200</price>
			<suitableFrom>15</suitableFrom>
			<country>Czech Republic</country>
			<year>1998</year>
			<director id="d4">Robert Zemeckis</director>
			<language>en</language>
			<subtitles>en</subtitles>
			<company>002</company>
		</movie>
		<movie id="m5">
			<name>Lincoln</name>
			<category>Rodinný</category>
			<length>150</length>
			<price>60</price>
			<suitableFrom>18</suitableFrom>
			<country>Canada</country>
			<year>1999</year>
			<director id="d5">Sacha Gervasi</director>
			<language>cs</language>
			<subtitles>cs</subtitles>
			<company>002</company>
		</movie>
		<movie id="m6">
			<name>Nespoutaný Django</name>
			<category>Western</category>
			<length>180</length>
			<price>120</price>
			<suitableFrom>3</suitableFrom>
			<country>USA</country>
			<year>2000</year>
			<director>Steven Spielberg</director>
			<language>en</language>
			<subtitles>en</subtitles>
			<company>002</company>
		</movie>
		<movie id="m7">
			<name>Čtyřlístek ve službách krále</name>
			<category>Životopisný</category>
			<length>30</length>
			<price>150</price>
			<suitableFrom>6</suitableFrom>
			<country>New Zealand</country>
			<year>2001</year>
			<director>Gennady Tartakovsky</director>
			<language>cs</language>
			<subtitles>cs</subtitles>
			<company>003</company>
		</movie>
		<movie id="m8">
			<name>Great Gatsby</name>
			<category>Animovaný</category>
			<length>60</length>
			<price>200</price>
			<suitableFrom>12</suitableFrom>
			<country>Czech Republic</country>
			<year>2002</year>
			<director>Michal Žabka</director>
			<language>en</language>
			<subtitles>en</subtitles>
			<company>003</company>
		</movie>
		<movie id="m9">
			<name>Dark Knight Rises</name>
			<category>Dobrodružný</category>
			<length>90</length>
			<price>60</price>
			<suitableFrom>15</suitableFrom>
			<country>Canada</country>
			<year>2012</year>
			<director>Peter Jackson </director>
			<language>cs</language>
			<subtitles>cs</subtitles>
			<company>003</company>
		</movie>
		<movie id="m10">
			<name>Life of Pi</name>
			<category>Drama</category>
			<length>120</length>
			<price>120</price>
			<suitableFrom>18</suitableFrom>
			<country>USA</country>
			<year>2013</year>
			<director>Robert Zemeckis</director>
			<language>en</language>
			<subtitles>en</subtitles>
		</movie>
		<movie id="m11">
			<name>Hitchcock</name>
			<category>Komedie</category>
			<length>150</length>
			<price>150</price>
			<suitableFrom>3</suitableFrom>
			<country>New Zealand</country>
			<year>1995</year>
			<director>Sacha Gervasi</director>
			<language>cs</language>
			<subtitles>cs</subtitles>
		</movie>
		<movie id="m12">
			<name>Hobit: Neočekávaná cesta</name>
			<category>Rodinný</category>
			<length>180</length>
			<price>200</price>
			<suitableFrom>6</suitableFrom>
			<country>Czech Republic</country>
			<year>1996</year>
			<director>Steven Spielberg</director>
			<language>en</language>
			<subtitles>en</subtitles>
		</movie>
		<movie id="m13">
			<name>Hotel Transylvánie</name>
			<category>Western</category>
			<length>30</length>
			<price>60</price>
			<suitableFrom>12</suitableFrom>
			<country>Canada</country>
			<year>1997</year>
			<director>Gennady Tartakovsky</director>
			<language>cs</language>
			<subtitles>cs</subtitles>
		</movie>
		<movie id="m14">
			<name>Let</name>
			<category>Životopisný</category>
			<length>60</length>
			<price>120</price>
			<suitableFrom>15</suitableFrom>
			<country>USA</country>
			<year>1998</year>
			<director>Michal Žabka</director>
			<language>en</language>
			<subtitles>en</subtitles>
		</movie>
		<movie id="m15">
			<name>Lincoln</name>
			<category>Animovaný</category>
			<length>90</length>
			<price>150</price>
			<suitableFrom>18</suitableFrom>
			<country>New Zealand</country>
			<year>1999</year>
			<director>Peter Jackson </director>
			<language>cs</language>
			<subtitles>cs</subtitles>
		</movie>
	</movies>
	<projectionRooms>
		<projectionRoom id="f1r1">
			<capacity>200</capacity>
			<is3d>true</is3d>
			<countOfEmergencyExits>1</countOfEmergencyExits>
		</projectionRoom>
		<projectionRoom id="f1r2">
			<capacity>300</capacity>
			<is3d>true</is3d>
			<countOfEmergencyExits>2</countOfEmergencyExits>
		</projectionRoom>
		<projectionRoom id="f2r1">
			<capacity>400</capacity>
			<is3d>true</is3d>
			<countOfEmergencyExits>3</countOfEmergencyExits>
		</projectionRoom>
		<projectionRoom id="f2r2">
			<capacity>500</capacity>
			<is3d>true</is3d>
			<countOfEmergencyExits>4</countOfEmergencyExits>
		</projectionRoom>
		<projectionRoom id="f3r1">
			<capacity>200</capacity>
			<is3d>true</is3d>
			<countOfEmergencyExits>1</countOfEmergencyExits>
		</projectionRoom>
		<projectionRoom id="f3r2">
			<capacity>300</capacity>
			<is3d>true</is3d>
			<countOfEmergencyExits>2</countOfEmergencyExits>
		</projectionRoom>
		<projectionRoom id="f1r1">
			<capacity>400</capacity>
			<is3d>true</is3d>
			<countOfEmergencyExits>3</countOfEmergencyExits>
		</projectionRoom>
		<projectionRoom id="f1r2">
			<capacity>500</capacity>
			<is3d>true</is3d>
			<countOfEmergencyExits>4</countOfEmergencyExits>
		</projectionRoom>
		<projectionRoom id="f2r1">
			<capacity>200</capacity>
			<is3d>true</is3d>
			<countOfEmergencyExits>1</countOfEmergencyExits>
		</projectionRoom>
		<projectionRoom id="f2r2">
			<capacity>300</capacity>
			<is3d>true</is3d>
			<countOfEmergencyExits>2</countOfEmergencyExits>
		</projectionRoom>
		<projectionRoom id="f3r1">
			<capacity>400</capacity>
			<is3d>true</is3d>
			<countOfEmergencyExits>3</countOfEmergencyExits>
		</projectionRoom>
		<projectionRoom id="f3r2">
			<capacity>500</capacity>
			<is3d>true</is3d>
			<countOfEmergencyExits>4</countOfEmergencyExits>
		</projectionRoom>
		<projectionRoom id="f1r1">
			<capacity>200</capacity>
			<is3d>true</is3d>
			<countOfEmergencyExits>1</countOfEmergencyExits>
		</projectionRoom>
		<projectionRoom id="f1r2">
			<capacity>300</capacity>
			<is3d>true</is3d>
			<countOfEmergencyExits>2</countOfEmergencyExits>
		</projectionRoom>
		<projectionRoom id="f2r1">
			<capacity>400</capacity>
			<is3d>true</is3d>
			<countOfEmergencyExits>3</countOfEmergencyExits>
		</projectionRoom>
	</projectionRooms>
	<program>
		<projectionDay>
			<info>String</info>
			<date>2013-05-21</date>
			<projection>
				<time>12:50</time>
				<movieRef>m1</movieRef>
				<projectionRoomRef>f1r1</projectionRoomRef>
				<projectionist>id001</projectionist>
			</projection>
			<projection>
				<time>13:00</time>
				<movieRef>m2</movieRef>
				<projectionRoomRef>f1r2</projectionRoomRef>
				<projectionist>id002</projectionist>
			</projection>
			<projection>
				<time>15:00</time>
				<movieRef>m3</movieRef>
				<projectionRoomRef>f2r1</projectionRoomRef>
				<projectionist>id003</projectionist>
			</projection>
			<projection>
				<time>15:50</time>
				<movieRef>m4</movieRef>
				<projectionRoomRef>f2r2</projectionRoomRef>
				<projectionist>id004</projectionist>
			</projection>
			<projection>
				<time>16:00</time>
				<movieRef>m5</movieRef>
				<projectionRoomRef>f3r1</projectionRoomRef>
				<projectionist>id005</projectionist>
			</projection>
			<projection>
				<time>19:00</time>
				<movieRef>m6</movieRef>
				<projectionRoomRef>f3r2</projectionRoomRef>
				<projectionist>id006</projectionist>
			</projection>
			<projection>
				<time>22:00</time>
				<movieRef>m7</movieRef>
				<projectionRoomRef>f1r1</projectionRoomRef>
				<projectionist>id007</projectionist>
			</projection>
			<projection>
				<time>00:00</time>
				<movieRef>m8</movieRef>
				<projectionRoomRef>f1r2</projectionRoomRef>
				<projectionist>id001</projectionist>
			</projection>
			<projection>
				<time>12:50</time>
				<movieRef>m9</movieRef>
				<projectionRoomRef>f2r1</projectionRoomRef>
				<projectionist>id002</projectionist>
			</projection>
			<projection>
				<time>13:00</time>
				<movieRef>m1</movieRef>
				<projectionRoomRef>f2r2</projectionRoomRef>
				<projectionist>id003</projectionist>
			</projection>
			<projection>
				<time>15:00</time>
				<movieRef>m2</movieRef>
				<projectionRoomRef>f3r1</projectionRoomRef>
				<projectionist>id004</projectionist>
			</projection>
			<projection>
				<time>15:50</time>
				<movieRef>m3</movieRef>
				<projectionRoomRef>f3r2</projectionRoomRef>
				<projectionist>id005</projectionist>
			</projection>
			<projection>
				<time>16:00</time>
				<movieRef>m4</movieRef>
				<projectionRoomRef>f1r1</projectionRoomRef>
				<projectionist>id006</projectionist>
			</projection>
			<projection>
				<time>19:00</time>
				<movieRef>m5</movieRef>
				<projectionRoomRef>f1r2</projectionRoomRef>
				<projectionist>id007</projectionist>
			</projection>
			<projection>
				<time>22:00</time>
				<movieRef>m6</movieRef>
				<projectionRoomRef>f2r1</projectionRoomRef>
				<projectionist>id001</projectionist>
			</projection>
		</projectionDay>
		<projectionDay>
			<info>String</info>
			<date>2013-05-22</date>
			<projection>
				<time>00:00</time>
				<movieRef>m7</movieRef>
				<projectionRoomRef>f2r2</projectionRoomRef>
				<projectionist>id002</projectionist>
			</projection>
			<projection>
				<time>12:50</time>
				<movieRef>m8</movieRef>
				<projectionRoomRef>f3r1</projectionRoomRef>
				<projectionist>id003</projectionist>
			</projection>
			<projection>
				<time>13:00</time>
				<movieRef>m9</movieRef>
				<projectionRoomRef>f3r2</projectionRoomRef>
				<projectionist>id004</projectionist>
			</projection>
			<projection>
				<time>15:00</time>
				<movieRef>m1</movieRef>
				<projectionRoomRef>f1r1</projectionRoomRef>
				<projectionist>id005</projectionist>
			</projection>
			<projection>
				<time>15:50</time>
				<movieRef>m2</movieRef>
				<projectionRoomRef>f1r2</projectionRoomRef>
				<projectionist>id006</projectionist>
			</projection>
			<projection>
				<time>16:00</time>
				<movieRef>m3</movieRef>
				<projectionRoomRef>f2r1</projectionRoomRef>
				<projectionist>id007</projectionist>
			</projection>
			<projection>
				<time>19:00</time>
				<movieRef>m4</movieRef>
				<projectionRoomRef>f2r2</projectionRoomRef>
				<projectionist>id001</projectionist>
			</projection>
			<projection>
				<time>22:00</time>
				<movieRef>m5</movieRef>
				<projectionRoomRef>f3r1</projectionRoomRef>
				<projectionist>id002</projectionist>
			</projection>
			<projection>
				<time>00:00</time>
				<movieRef>m6</movieRef>
				<projectionRoomRef>f3r2</projectionRoomRef>
				<projectionist>id003</projectionist>
			</projection>
			<projection>
				<time>12:50</time>
				<movieRef>m7</movieRef>
				<projectionRoomRef>f1r1</projectionRoomRef>
				<projectionist>id004</projectionist>
			</projection>
			<projection>
				<time>13:00</time>
				<movieRef>m8</movieRef>
				<projectionRoomRef>f1r2</projectionRoomRef>
				<projectionist>id005</projectionist>
			</projection>
			<projection>
				<time>15:00</time>
				<movieRef>m9</movieRef>
				<projectionRoomRef>f2r1</projectionRoomRef>
				<projectionist>id006</projectionist>
			</projection>
			<projection>
				<time>15:50</time>
				<movieRef>m1</movieRef>
				<projectionRoomRef>f2r2</projectionRoomRef>
				<projectionist>id007</projectionist>
			</projection>
			<projection>
				<time>16:00</time>
				<movieRef>m2</movieRef>
				<projectionRoomRef>f3r1</projectionRoomRef>
				<projectionist>id001</projectionist>
			</projection>
			<projection>
				<time>19:00</time>
				<movieRef>m3</movieRef>
				<projectionRoomRef>f3r2</projectionRoomRef>
				<projectionist>id002</projectionist>
			</projection>
		</projectionDay>
		<projectionDay>
			<info>String</info>
			<date>2013-05-23</date>
			<projection>
				<time>22:00</time>
				<movieRef>m4</movieRef>
				<projectionRoomRef>f1r1</projectionRoomRef>
				<projectionist>id003</projectionist>
			</projection>
			<projection>
				<time>00:00</time>
				<movieRef>m5</movieRef>
				<projectionRoomRef>f1r2</projectionRoomRef>
				<projectionist>id004</projectionist>
			</projection>
			<projection>
				<time>12:50</time>
				<movieRef>m6</movieRef>
				<projectionRoomRef>f2r1</projectionRoomRef>
				<projectionist>id005</projectionist>
			</projection>
			<projection>
				<time>13:00</time>
				<movieRef>m7</movieRef>
				<projectionRoomRef>f2r2</projectionRoomRef>
				<projectionist>id006</projectionist>
			</projection>
			<projection>
				<time>15:00</time>
				<movieRef>m8</movieRef>
				<projectionRoomRef>f3r1</projectionRoomRef>
				<projectionist>id007</projectionist>
			</projection>
			<projection>
				<time>15:50</time>
				<movieRef>m9</movieRef>
				<projectionRoomRef>f3r2</projectionRoomRef>
				<projectionist>id001</projectionist>
			</projection>
			<projection>
				<time>16:00</time>
				<movieRef>m1</movieRef>
				<projectionRoomRef>f1r1</projectionRoomRef>
				<projectionist>id002</projectionist>
			</projection>
			<projection>
				<time>19:00</time>
				<movieRef>m2</movieRef>
				<projectionRoomRef>f1r2</projectionRoomRef>
				<projectionist>id003</projectionist>
			</projection>
			<projection>
				<time>22:00</time>
				<movieRef>m3</movieRef>
				<projectionRoomRef>f2r1</projectionRoomRef>
				<projectionist>id004</projectionist>
			</projection>
			<projection>
				<time>00:00</time>
				<movieRef>m4</movieRef>
				<projectionRoomRef>f2r2</projectionRoomRef>
				<projectionist>id005</projectionist>
			</projection>
			<projection>
				<time>12:50</time>
				<movieRef>m5</movieRef>
				<projectionRoomRef>f3r1</projectionRoomRef>
				<projectionist>id006</projectionist>
			</projection>
			<projection>
				<time>13:00</time>
				<movieRef>m6</movieRef>
				<projectionRoomRef>f3r2</projectionRoomRef>
				<projectionist>id007</projectionist>
			</projection>
			<projection>
				<time>15:00</time>
				<movieRef>m7</movieRef>
				<projectionRoomRef>f1r1</projectionRoomRef>
				<projectionist>id001</projectionist>
			</projection>
			<projection>
				<time>15:50</time>
				<movieRef>m8</movieRef>
				<projectionRoomRef>f1r2</projectionRoomRef>
				<projectionist>id002</projectionist>
			</projection>
			<projection>
				<time>16:00</time>
				<movieRef>m9</movieRef>
				<projectionRoomRef>f2r1</projectionRoomRef>
				<projectionist>id003</projectionist>
			</projection>
		</projectionDay>
		<projectionDay>
			<info>String</info>
			<date>2013-05-24</date>
			<projection>
				<time>19:00</time>
				<movieRef>m1</movieRef>
				<projectionRoomRef>f2r2</projectionRoomRef>
				<projectionist>id004</projectionist>
			</projection>
			<projection>
				<time>22:00</time>
				<movieRef>m2</movieRef>
				<projectionRoomRef>f3r1</projectionRoomRef>
				<projectionist>id005</projectionist>
			</projection>
			<projection>
				<time>00:00</time>
				<movieRef>m3</movieRef>
				<projectionRoomRef>f3r2</projectionRoomRef>
				<projectionist>id006</projectionist>
			</projection>
			<projection>
				<time>12:50</time>
				<movieRef>m4</movieRef>
				<projectionRoomRef>f1r1</projectionRoomRef>
				<projectionist>id007</projectionist>
			</projection>
			<projection>
				<time>13:00</time>
				<movieRef>m5</movieRef>
				<projectionRoomRef>f1r2</projectionRoomRef>
				<projectionist>id001</projectionist>
			</projection>
			<projection>
				<time>15:00</time>
				<movieRef>m6</movieRef>
				<projectionRoomRef>f2r1</projectionRoomRef>
				<projectionist>id002</projectionist>
			</projection>
			<projection>
				<time>15:50</time>
				<movieRef>m7</movieRef>
				<projectionRoomRef>f2r2</projectionRoomRef>
				<projectionist>id003</projectionist>
			</projection>
			<projection>
				<time>16:00</time>
				<movieRef>m8</movieRef>
				<projectionRoomRef>f3r1</projectionRoomRef>
				<projectionist>id004</projectionist>
			</projection>
			<projection>
				<time>19:00</time>
				<movieRef>m9</movieRef>
				<projectionRoomRef>f3r2</projectionRoomRef>
				<projectionist>id005</projectionist>
			</projection>
			<projection>
				<time>22:00</time>
				<movieRef>m1</movieRef>
				<projectionRoomRef>f1r1</projectionRoomRef>
				<projectionist>id006</projectionist>
			</projection>
			<projection>
				<time>00:00</time>
				<movieRef>m2</movieRef>
				<projectionRoomRef>f1r2</projectionRoomRef>
				<projectionist>id007</projectionist>
			</projection>
			<projection>
				<time>12:50</time>
				<movieRef>m3</movieRef>
				<projectionRoomRef>f2r1</projectionRoomRef>
				<projectionist>id001</projectionist>
			</projection>
			<projection>
				<time>13:00</time>
				<movieRef>m4</movieRef>
				<projectionRoomRef>f2r2</projectionRoomRef>
				<projectionist>id002</projectionist>
			</projection>
			<projection>
				<time>15:00</time>
				<movieRef>m5</movieRef>
				<projectionRoomRef>f3r1</projectionRoomRef>
				<projectionist>id003</projectionist>
			</projection>
			<projection>
				<time>15:50</time>
				<movieRef>m6</movieRef>
				<projectionRoomRef>f3r2</projectionRoomRef>
				<projectionist>id004</projectionist>
			</projection>
		</projectionDay>
		<projectionDay>
			<info>String</info>
			<date>2013-05-25</date>
			<projection>
				<time>16:00</time>
				<movieRef>m7</movieRef>
				<projectionRoomRef>f1r1</projectionRoomRef>
				<projectionist>id005</projectionist>
			</projection>
			<projection>
				<time>19:00</time>
				<movieRef>m8</movieRef>
				<projectionRoomRef>f1r2</projectionRoomRef>
				<projectionist>id006</projectionist>
			</projection>
			<projection>
				<time>22:00</time>
				<movieRef>m9</movieRef>
				<projectionRoomRef>f2r1</projectionRoomRef>
				<projectionist>id007</projectionist>
			</projection>
			<projection>
				<time>00:00</time>
				<movieRef>m1</movieRef>
				<projectionRoomRef>f2r2</projectionRoomRef>
				<projectionist>id001</projectionist>
			</projection>
			<projection>
				<time>12:50</time>
				<movieRef>m2</movieRef>
				<projectionRoomRef>f3r1</projectionRoomRef>
				<projectionist>id002</projectionist>
			</projection>
			<projection>
				<time>13:00</time>
				<movieRef>m3</movieRef>
				<projectionRoomRef>f3r2</projectionRoomRef>
				<projectionist>id003</projectionist>
			</projection>
			<projection>
				<time>15:00</time>
				<movieRef>m4</movieRef>
				<projectionRoomRef>f1r1</projectionRoomRef>
				<projectionist>id004</projectionist>
			</projection>
			<projection>
				<time>15:50</time>
				<movieRef>m5</movieRef>
				<projectionRoomRef>f1r2</projectionRoomRef>
				<projectionist>id005</projectionist>
			</projection>
			<projection>
				<time>16:00</time>
				<movieRef>m6</movieRef>
				<projectionRoomRef>f2r1</projectionRoomRef>
				<projectionist>id006</projectionist>
			</projection>
			<projection>
				<time>19:00</time>
				<movieRef>m7</movieRef>
				<projectionRoomRef>f2r2</projectionRoomRef>
				<projectionist>id007</projectionist>
			</projection>
			<projection>
				<time>22:00</time>
				<movieRef>m8</movieRef>
				<projectionRoomRef>f3r1</projectionRoomRef>
				<projectionist>id001</projectionist>
			</projection>
			<projection>
				<time>00:00</time>
				<movieRef>m9</movieRef>
				<projectionRoomRef>f3r2</projectionRoomRef>
				<projectionist>id002</projectionist>
			</projection>
			<projection>
				<time>12:50</time>
				<movieRef>m1</movieRef>
				<projectionRoomRef>f1r1</projectionRoomRef>
				<projectionist>id003</projectionist>
			</projection>
			<projection>
				<time>13:00</time>
				<movieRef>m2</movieRef>
				<projectionRoomRef>f1r2</projectionRoomRef>
				<projectionist>id004</projectionist>
			</projection>
			<projection>
				<time>15:00</time>
				<movieRef>m3</movieRef>
				<projectionRoomRef>f2r1</projectionRoomRef>
				<projectionist>id005</projectionist>
			</projection>
		</projectionDay>
		<projectionDay>
			<info>String</info>
			<date>2013-05-26</date>
			<projection>
				<time>15:50</time>
				<movieRef>m4</movieRef>
				<projectionRoomRef>f2r2</projectionRoomRef>
				<projectionist>id006</projectionist>
			</projection>
			<projection>
				<time>16:00</time>
				<movieRef>m5</movieRef>
				<projectionRoomRef>f3r1</projectionRoomRef>
				<projectionist>id007</projectionist>
			</projection>
			<projection>
				<time>19:00</time>
				<movieRef>m6</movieRef>
				<projectionRoomRef>f3r2</projectionRoomRef>
				<projectionist>id001</projectionist>
			</projection>
			<projection>
				<time>22:00</time>
				<movieRef>m7</movieRef>
				<projectionRoomRef>f1r1</projectionRoomRef>
				<projectionist>id002</projectionist>
			</projection>
			<projection>
				<time>00:00</time>
				<movieRef>m8</movieRef>
				<projectionRoomRef>f1r2</projectionRoomRef>
				<projectionist>id003</projectionist>
			</projection>
			<projection>
				<time>12:50</time>
				<movieRef>m9</movieRef>
				<projectionRoomRef>f2r1</projectionRoomRef>
				<projectionist>id004</projectionist>
			</projection>
			<projection>
				<time>13:00</time>
				<movieRef>m1</movieRef>
				<projectionRoomRef>f2r2</projectionRoomRef>
				<projectionist>id005</projectionist>
			</projection>
			<projection>
				<time>15:00</time>
				<movieRef>m2</movieRef>
				<projectionRoomRef>f3r1</projectionRoomRef>
				<projectionist>id006</projectionist>
			</projection>
			<projection>
				<time>15:50</time>
				<movieRef>m3</movieRef>
				<projectionRoomRef>f3r2</projectionRoomRef>
				<projectionist>id007</projectionist>
			</projection>
			<projection>
				<time>16:00</time>
				<movieRef>m4</movieRef>
				<projectionRoomRef>f1r1</projectionRoomRef>
				<projectionist>id001</projectionist>
			</projection>
			<projection>
				<time>19:00</time>
				<movieRef>m5</movieRef>
				<projectionRoomRef>f1r2</projectionRoomRef>
				<projectionist>id002</projectionist>
			</projection>
			<projection>
				<time>22:00</time>
				<movieRef>m6</movieRef>
				<projectionRoomRef>f2r1</projectionRoomRef>
				<projectionist>id003</projectionist>
			</projection>
			<projection>
				<time>00:00</time>
				<movieRef>m7</movieRef>
				<projectionRoomRef>f2r2</projectionRoomRef>
				<projectionist>id004</projectionist>
			</projection>
			<projection>
				<time>12:50</time>
				<movieRef>m8</movieRef>
				<projectionRoomRef>f3r1</projectionRoomRef>
				<projectionist>id005</projectionist>
			</projection>
			<projection>
				<time>13:00</time>
				<movieRef>m9</movieRef>
				<projectionRoomRef>f3r2</projectionRoomRef>
				<projectionist>id006</projectionist>
			</projection>
		</projectionDay>
		<projectionDay>
			<info>String</info>
			<date>2013-05-27</date>
			<projection>
				<time>15:00</time>
				<movieRef>m1</movieRef>
				<projectionRoomRef>f1r1</projectionRoomRef>
				<projectionist>id007</projectionist>
			</projection>
			<projection>
				<time>15:50</time>
				<movieRef>m2</movieRef>
				<projectionRoomRef>f1r2</projectionRoomRef>
				<projectionist>id001</projectionist>
			</projection>
			<projection>
				<time>16:00</time>
				<movieRef>m3</movieRef>
				<projectionRoomRef>f2r1</projectionRoomRef>
				<projectionist>id002</projectionist>
			</projection>
			<projection>
				<time>19:00</time>
				<movieRef>m4</movieRef>
				<projectionRoomRef>f2r2</projectionRoomRef>
				<projectionist>id003</projectionist>
			</projection>
			<projection>
				<time>22:00</time>
				<movieRef>m5</movieRef>
				<projectionRoomRef>f3r1</projectionRoomRef>
				<projectionist>id004</projectionist>
			</projection>
			<projection>
				<time>00:00</time>
				<movieRef>m6</movieRef>
				<projectionRoomRef>f3r2</projectionRoomRef>
				<projectionist>id005</projectionist>
			</projection>
			<projection>
				<time>12:50</time>
				<movieRef>m7</movieRef>
				<projectionRoomRef>f1r1</projectionRoomRef>
				<projectionist>id006</projectionist>
			</projection>
			<projection>
				<time>13:00</time>
				<movieRef>m8</movieRef>
				<projectionRoomRef>f1r2</projectionRoomRef>
				<projectionist>id007</projectionist>
			</projection>
			<projection>
				<time>15:00</time>
				<movieRef>m9</movieRef>
				<projectionRoomRef>f2r1</projectionRoomRef>
				<projectionist>id001</projectionist>
			</projection>
			<projection>
				<time>15:50</time>
				<movieRef>m1</movieRef>
				<projectionRoomRef>f2r2</projectionRoomRef>
				<projectionist>id002</projectionist>
			</projection>
			<projection>
				<time>16:00</time>
				<movieRef>m2</movieRef>
				<projectionRoomRef>f3r1</projectionRoomRef>
				<projectionist>id003</projectionist>
			</projection>
			<projection>
				<time>19:00</time>
				<movieRef>m3</movieRef>
				<projectionRoomRef>f3r2</projectionRoomRef>
				<projectionist>id004</projectionist>
			</projection>
			<projection>
				<time>22:00</time>
				<movieRef>m4</movieRef>
				<projectionRoomRef>f1r1</projectionRoomRef>
				<projectionist>id005</projectionist>
			</projection>
			<projection>
				<time>00:00</time>
				<movieRef>m5</movieRef>
				<projectionRoomRef>f1r2</projectionRoomRef>
				<projectionist>id006</projectionist>
			</projection>
			<projection>
				<time>12:50</time>
				<movieRef>m6</movieRef>
				<projectionRoomRef>f2r1</projectionRoomRef>
				<projectionist>id007</projectionist>
			</projection>
		</projectionDay>
		<projectionDay>
			<info>String</info>
			<date>2013-05-28</date>
			<projection>
				<time>13:00</time>
				<movieRef>m7</movieRef>
				<projectionRoomRef>f2r2</projectionRoomRef>
				<projectionist>id001</projectionist>
			</projection>
			<projection>
				<time>15:00</time>
				<movieRef>m8</movieRef>
				<projectionRoomRef>f3r1</projectionRoomRef>
				<projectionist>id002</projectionist>
			</projection>
			<projection>
				<time>15:50</time>
				<movieRef>m9</movieRef>
				<projectionRoomRef>f3r2</projectionRoomRef>
				<projectionist>id003</projectionist>
			</projection>
			<projection>
				<time>16:00</time>
				<movieRef>m1</movieRef>
				<projectionRoomRef>f1r1</projectionRoomRef>
				<projectionist>id004</projectionist>
			</projection>
			<projection>
				<time>19:00</time>
				<movieRef>m2</movieRef>
				<projectionRoomRef>f1r2</projectionRoomRef>
				<projectionist>id005</projectionist>
			</projection>
			<projection>
				<time>22:00</time>
				<movieRef>m3</movieRef>
				<projectionRoomRef>f2r1</projectionRoomRef>
				<projectionist>id006</projectionist>
			</projection>
			<projection>
				<time>00:00</time>
				<movieRef>m4</movieRef>
				<projectionRoomRef>f2r2</projectionRoomRef>
				<projectionist>id007</projectionist>
			</projection>
			<projection>
				<time>12:50</time>
				<movieRef>m5</movieRef>
				<projectionRoomRef>f3r1</projectionRoomRef>
				<projectionist>id001</projectionist>
			</projection>
			<projection>
				<time>13:00</time>
				<movieRef>m6</movieRef>
				<projectionRoomRef>f3r2</projectionRoomRef>
				<projectionist>id002</projectionist>
			</projection>
			<projection>
				<time>15:00</time>
				<movieRef>m7</movieRef>
				<projectionRoomRef>f1r1</projectionRoomRef>
				<projectionist>id003</projectionist>
			</projection>
			<projection>
				<time>15:50</time>
				<movieRef>m8</movieRef>
				<projectionRoomRef>f1r2</projectionRoomRef>
				<projectionist>id004</projectionist>
			</projection>
			<projection>
				<time>16:00</time>
				<movieRef>m9</movieRef>
				<projectionRoomRef>f2r1</projectionRoomRef>
				<projectionist>id005</projectionist>
			</projection>
			<projection>
				<time>19:00</time>
				<movieRef>m1</movieRef>
				<projectionRoomRef>f2r2</projectionRoomRef>
				<projectionist>id006</projectionist>
			</projection>
			<projection>
				<time>22:00</time>
				<movieRef>m2</movieRef>
				<projectionRoomRef>f3r1</projectionRoomRef>
				<projectionist>id007</projectionist>
			</projection>
			<projection>
				<time>00:00</time>
				<movieRef>m3</movieRef>
				<projectionRoomRef>f3r2</projectionRoomRef>
				<projectionist>id001</projectionist>
			</projection>
		</projectionDay>
		<projectionDay>
			<info>String</info>
			<date>2013-05-29</date>
			<projection>
				<time>12:50</time>
				<movieRef>m4</movieRef>
				<projectionRoomRef>f1r1</projectionRoomRef>
				<projectionist>id002</projectionist>
			</projection>
			<projection>
				<time>13:00</time>
				<movieRef>m5</movieRef>
				<projectionRoomRef>f1r2</projectionRoomRef>
				<projectionist>id003</projectionist>
			</projection>
			<projection>
				<time>15:00</time>
				<movieRef>m6</movieRef>
				<projectionRoomRef>f2r1</projectionRoomRef>
				<projectionist>id004</projectionist>
			</projection>
			<projection>
				<time>15:50</time>
				<movieRef>m7</movieRef>
				<projectionRoomRef>f2r2</projectionRoomRef>
				<projectionist>id005</projectionist>
			</projection>
			<projection>
				<time>16:00</time>
				<movieRef>m8</movieRef>
				<projectionRoomRef>f3r1</projectionRoomRef>
				<projectionist>id006</projectionist>
			</projection>
			<projection>
				<time>19:00</time>
				<movieRef>m9</movieRef>
				<projectionRoomRef>f3r2</projectionRoomRef>
				<projectionist>id007</projectionist>
			</projection>
			<projection>
				<time>22:00</time>
				<movieRef>m1</movieRef>
				<projectionRoomRef>f1r1</projectionRoomRef>
				<projectionist>id001</projectionist>
			</projection>
			<projection>
				<time>00:00</time>
				<movieRef>m2</movieRef>
				<projectionRoomRef>f1r2</projectionRoomRef>
				<projectionist>id002</projectionist>
			</projection>
			<projection>
				<time>12:50</time>
				<movieRef>m3</movieRef>
				<projectionRoomRef>f2r1</projectionRoomRef>
				<projectionist>id003</projectionist>
			</projection>
			<projection>
				<time>13:00</time>
				<movieRef>m4</movieRef>
				<projectionRoomRef>f2r2</projectionRoomRef>
				<projectionist>id004</projectionist>
			</projection>
			<projection>
				<time>15:00</time>
				<movieRef>m5</movieRef>
				<projectionRoomRef>f3r1</projectionRoomRef>
				<projectionist>id005</projectionist>
			</projection>
			<projection>
				<time>15:50</time>
				<movieRef>m6</movieRef>
				<projectionRoomRef>f3r2</projectionRoomRef>
				<projectionist>id006</projectionist>
			</projection>
			<projection>
				<time>16:00</time>
				<movieRef>m7</movieRef>
				<projectionRoomRef>f1r1</projectionRoomRef>
				<projectionist>id007</projectionist>
			</projection>
			<projection>
				<time>19:00</time>
				<movieRef>m8</movieRef>
				<projectionRoomRef>f1r2</projectionRoomRef>
				<projectionist>id001</projectionist>
			</projection>
			<projection>
				<time>22:00</time>
				<movieRef>m9</movieRef>
				<projectionRoomRef>f2r1</projectionRoomRef>
				<projectionist>id002</projectionist>
			</projection>
		</projectionDay>
		<projectionDay>
			<info>String</info>
			<date>2013-05-30</date>
			<projection>
				<time>00:00</time>
				<movieRef>m1</movieRef>
				<projectionRoomRef>f2r2</projectionRoomRef>
				<projectionist>id003</projectionist>
			</projection>
			<projection>
				<time>12:50</time>
				<movieRef>m2</movieRef>
				<projectionRoomRef>f3r1</projectionRoomRef>
				<projectionist>id004</projectionist>
			</projection>
			<projection>
				<time>13:00</time>
				<movieRef>m3</movieRef>
				<projectionRoomRef>f3r2</projectionRoomRef>
				<projectionist>id005</projectionist>
			</projection>
			<projection>
				<time>15:00</time>
				<movieRef>m4</movieRef>
				<projectionRoomRef>f1r1</projectionRoomRef>
				<projectionist>id006</projectionist>
			</projection>
			<projection>
				<time>15:50</time>
				<movieRef>m5</movieRef>
				<projectionRoomRef>f1r2</projectionRoomRef>
				<projectionist>id007</projectionist>
			</projection>
			<projection>
				<time>16:00</time>
				<movieRef>m6</movieRef>
				<projectionRoomRef>f2r1</projectionRoomRef>
				<projectionist>id001</projectionist>
			</projection>
			<projection>
				<time>19:00</time>
				<movieRef>m7</movieRef>
				<projectionRoomRef>f2r2</projectionRoomRef>
				<projectionist>id002</projectionist>
			</projection>
			<projection>
				<time>22:00</time>
				<movieRef>m8</movieRef>
				<projectionRoomRef>f3r1</projectionRoomRef>
				<projectionist>id003</projectionist>
			</projection>
			<projection>
				<time>00:00</time>
				<movieRef>m9</movieRef>
				<projectionRoomRef>f3r2</projectionRoomRef>
				<projectionist>id004</projectionist>
			</projection>
			<projection>
				<time>12:50</time>
				<movieRef>m1</movieRef>
				<projectionRoomRef>f1r1</projectionRoomRef>
				<projectionist>id005</projectionist>
			</projection>
			<projection>
				<time>13:00</time>
				<movieRef>m2</movieRef>
				<projectionRoomRef>f1r2</projectionRoomRef>
				<projectionist>id006</projectionist>
			</projection>
			<projection>
				<time>15:00</time>
				<movieRef>m3</movieRef>
				<projectionRoomRef>f2r1</projectionRoomRef>
				<projectionist>id007</projectionist>
			</projection>
			<projection>
				<time>15:50</time>
				<movieRef>m4</movieRef>
				<projectionRoomRef>f2r2</projectionRoomRef>
				<projectionist>id001</projectionist>
			</projection>
			<projection>
				<time>16:00</time>
				<movieRef>m5</movieRef>
				<projectionRoomRef>f3r1</projectionRoomRef>
				<projectionist>id002</projectionist>
			</projection>
			<projection>
				<time>19:00</time>
				<movieRef>m6</movieRef>
				<projectionRoomRef>f3r2</projectionRoomRef>
				<projectionist>id003</projectionist>
			</projection>
		</projectionDay>
		<projectionDay>
			<info>String</info>
			<date>2013-05-31</date>
			<projection>
				<time>22:00</time>
				<movieRef>m7</movieRef>
				<projectionRoomRef>f1r1</projectionRoomRef>
				<projectionist>id004</projectionist>
			</projection>
			<projection>
				<time>00:00</time>
				<movieRef>m8</movieRef>
				<projectionRoomRef>f1r2</projectionRoomRef>
				<projectionist>id005</projectionist>
			</projection>
			<projection>
				<time>12:50</time>
				<movieRef>m9</movieRef>
				<projectionRoomRef>f2r1</projectionRoomRef>
				<projectionist>id006</projectionist>
			</projection>
			<projection>
				<time>13:00</time>
				<movieRef>m1</movieRef>
				<projectionRoomRef>f2r2</projectionRoomRef>
				<projectionist>id007</projectionist>
			</projection>
			<projection>
				<time>15:00</time>
				<movieRef>m2</movieRef>
				<projectionRoomRef>f3r1</projectionRoomRef>
				<projectionist>id001</projectionist>
			</projection>
			<projection>
				<time>15:50</time>
				<movieRef>m3</movieRef>
				<projectionRoomRef>f3r2</projectionRoomRef>
				<projectionist>id002</projectionist>
			</projection>
			<projection>
				<time>16:00</time>
				<movieRef>m4</movieRef>
				<projectionRoomRef>f1r1</projectionRoomRef>
				<projectionist>id003</projectionist>
			</projection>
			<projection>
				<time>19:00</time>
				<movieRef>m5</movieRef>
				<projectionRoomRef>f1r2</projectionRoomRef>
				<projectionist>id004</projectionist>
			</projection>
			<projection>
				<time>22:00</time>
				<movieRef>m6</movieRef>
				<projectionRoomRef>f2r1</projectionRoomRef>
				<projectionist>id005</projectionist>
			</projection>
			<projection>
				<time>00:00</time>
				<movieRef>m7</movieRef>
				<projectionRoomRef>f2r2</projectionRoomRef>
				<projectionist>id006</projectionist>
			</projection>
			<projection>
				<time>12:50</time>
				<movieRef>m8</movieRef>
				<projectionRoomRef>f3r1</projectionRoomRef>
				<projectionist>id007</projectionist>
			</projection>
			<projection>
				<time>13:00</time>
				<movieRef>m9</movieRef>
				<projectionRoomRef>f3r2</projectionRoomRef>
				<projectionist>id001</projectionist>
			</projection>
			<projection>
				<time>15:00</time>
				<movieRef>m1</movieRef>
				<projectionRoomRef>f1r1</projectionRoomRef>
				<projectionist>id002</projectionist>
			</projection>
			<projection>
				<time>15:50</time>
				<movieRef>m2</movieRef>
				<projectionRoomRef>f1r2</projectionRoomRef>
				<projectionist>id003</projectionist>
			</projection>
			<projection>
				<time>16:00</time>
				<movieRef>m3</movieRef>
				<projectionRoomRef>f2r1</projectionRoomRef>
				<projectionist>id004</projectionist>
			</projection>
		</projectionDay>
		<projectionDay>
			<info>String</info>
			<date>2013-05-21</date>
			<projection>
				<time>19:00</time>
				<movieRef>m4</movieRef>
				<projectionRoomRef>f2r2</projectionRoomRef>
				<projectionist>id005</projectionist>
			</projection>
			<projection>
				<time>22:00</time>
				<movieRef>m5</movieRef>
				<projectionRoomRef>f3r1</projectionRoomRef>
				<projectionist>id006</projectionist>
			</projection>
			<projection>
				<time>00:00</time>
				<movieRef>m6</movieRef>
				<projectionRoomRef>f3r2</projectionRoomRef>
				<projectionist>id007</projectionist>
			</projection>
			<projection>
				<time>12:50</time>
				<movieRef>m7</movieRef>
				<projectionRoomRef>f1r1</projectionRoomRef>
				<projectionist>id001</projectionist>
			</projection>
			<projection>
				<time>13:00</time>
				<movieRef>m8</movieRef>
				<projectionRoomRef>f1r2</projectionRoomRef>
				<projectionist>id002</projectionist>
			</projection>
			<projection>
				<time>15:00</time>
				<movieRef>m9</movieRef>
				<projectionRoomRef>f2r1</projectionRoomRef>
				<projectionist>id003</projectionist>
			</projection>
			<projection>
				<time>15:50</time>
				<movieRef>m1</movieRef>
				<projectionRoomRef>f2r2</projectionRoomRef>
				<projectionist>id004</projectionist>
			</projection>
			<projection>
				<time>16:00</time>
				<movieRef>m2</movieRef>
				<projectionRoomRef>f3r1</projectionRoomRef>
				<projectionist>id005</projectionist>
			</projection>
			<projection>
				<time>19:00</time>
				<movieRef>m3</movieRef>
				<projectionRoomRef>f3r2</projectionRoomRef>
				<projectionist>id006</projectionist>
			</projection>
			<projection>
				<time>22:00</time>
				<movieRef>m4</movieRef>
				<projectionRoomRef>f1r1</projectionRoomRef>
				<projectionist>id007</projectionist>
			</projection>
			<projection>
				<time>00:00</time>
				<movieRef>m5</movieRef>
				<projectionRoomRef>f1r2</projectionRoomRef>
				<projectionist>id001</projectionist>
			</projection>
			<projection>
				<time>12:50</time>
				<movieRef>m6</movieRef>
				<projectionRoomRef>f2r1</projectionRoomRef>
				<projectionist>id002</projectionist>
			</projection>
			<projection>
				<time>13:00</time>
				<movieRef>m7</movieRef>
				<projectionRoomRef>f2r2</projectionRoomRef>
				<projectionist>id003</projectionist>
			</projection>
			<projection>
				<time>15:00</time>
				<movieRef>m8</movieRef>
				<projectionRoomRef>f3r1</projectionRoomRef>
				<projectionist>id004</projectionist>
			</projection>
			<projection>
				<time>15:50</time>
				<movieRef>m9</movieRef>
				<projectionRoomRef>f3r2</projectionRoomRef>
				<projectionist>id005</projectionist>
			</projection>
		</projectionDay>
		<projectionDay>
			<info>String</info>
			<date>2013-05-22</date>
			<projection>
				<time>16:00</time>
				<movieRef>m1</movieRef>
				<projectionRoomRef>f1r1</projectionRoomRef>
				<projectionist>id006</projectionist>
			</projection>
			<projection>
				<time>19:00</time>
				<movieRef>m2</movieRef>
				<projectionRoomRef>f1r2</projectionRoomRef>
				<projectionist>id007</projectionist>
			</projection>
			<projection>
				<time>22:00</time>
				<movieRef>m3</movieRef>
				<projectionRoomRef>f2r1</projectionRoomRef>
				<projectionist>id001</projectionist>
			</projection>
			<projection>
				<time>00:00</time>
				<movieRef>m4</movieRef>
				<projectionRoomRef>f2r2</projectionRoomRef>
				<projectionist>id002</projectionist>
			</projection>
			<projection>
				<time>12:50</time>
				<movieRef>m5</movieRef>
				<projectionRoomRef>f3r1</projectionRoomRef>
				<projectionist>id003</projectionist>
			</projection>
			<projection>
				<time>13:00</time>
				<movieRef>m6</movieRef>
				<projectionRoomRef>f3r2</projectionRoomRef>
				<projectionist>id004</projectionist>
			</projection>
			<projection>
				<time>15:00</time>
				<movieRef>m7</movieRef>
				<projectionRoomRef>f1r1</projectionRoomRef>
				<projectionist>id005</projectionist>
			</projection>
			<projection>
				<time>15:50</time>
				<movieRef>m8</movieRef>
				<projectionRoomRef>f1r2</projectionRoomRef>
				<projectionist>id006</projectionist>
			</projection>
			<projection>
				<time>16:00</time>
				<movieRef>m9</movieRef>
				<projectionRoomRef>f2r1</projectionRoomRef>
				<projectionist>id007</projectionist>
			</projection>
			<projection>
				<time>19:00</time>
				<movieRef>m1</movieRef>
				<projectionRoomRef>f2r2</projectionRoomRef>
				<projectionist>id001</projectionist>
			</projection>
			<projection>
				<time>22:00</time>
				<movieRef>m2</movieRef>
				<projectionRoomRef>f3r1</projectionRoomRef>
				<projectionist>id002</projectionist>
			</projection>
			<projection>
				<time>00:00</time>
				<movieRef>m3</movieRef>
				<projectionRoomRef>f3r2</projectionRoomRef>
				<projectionist>id003</projectionist>
			</projection>
			<projection>
				<time>12:50</time>
				<movieRef>m4</movieRef>
				<projectionRoomRef>f1r1</projectionRoomRef>
				<projectionist>id004</projectionist>
			</projection>
			<projection>
				<time>13:00</time>
				<movieRef>m5</movieRef>
				<projectionRoomRef>f1r2</projectionRoomRef>
				<projectionist>id005</projectionist>
			</projection>
			<projection>
				<time>15:00</time>
				<movieRef>m6</movieRef>
				<projectionRoomRef>f2r1</projectionRoomRef>
				<projectionist>id006</projectionist>
			</projection>
		</projectionDay>
		<projectionDay>
			<info>String</info>
			<date>2013-05-23</date>
			<projection>
				<time>15:50</time>
				<movieRef>m7</movieRef>
				<projectionRoomRef>f2r2</projectionRoomRef>
				<projectionist>id007</projectionist>
			</projection>
			<projection>
				<time>16:00</time>
				<movieRef>m8</movieRef>
				<projectionRoomRef>f3r1</projectionRoomRef>
				<projectionist>id001</projectionist>
			</projection>
			<projection>
				<time>19:00</time>
				<movieRef>m9</movieRef>
				<projectionRoomRef>f3r2</projectionRoomRef>
				<projectionist>id002</projectionist>
			</projection>
			<projection>
				<time>22:00</time>
				<movieRef>m1</movieRef>
				<projectionRoomRef>f1r1</projectionRoomRef>
				<projectionist>id003</projectionist>
			</projection>
			<projection>
				<time>00:00</time>
				<movieRef>m2</movieRef>
				<projectionRoomRef>f1r2</projectionRoomRef>
				<projectionist>id004</projectionist>
			</projection>
			<projection>
				<time>12:50</time>
				<movieRef>m3</movieRef>
				<projectionRoomRef>f2r1</projectionRoomRef>
				<projectionist>id005</projectionist>
			</projection>
			<projection>
				<time>13:00</time>
				<movieRef>m4</movieRef>
				<projectionRoomRef>f2r2</projectionRoomRef>
				<projectionist>id006</projectionist>
			</projection>
			<projection>
				<time>15:00</time>
				<movieRef>m5</movieRef>
				<projectionRoomRef>f3r1</projectionRoomRef>
				<projectionist>id007</projectionist>
			</projection>
			<projection>
				<time>15:50</time>
				<movieRef>m6</movieRef>
				<projectionRoomRef>f3r2</projectionRoomRef>
				<projectionist>id001</projectionist>
			</projection>
			<projection>
				<time>16:00</time>
				<movieRef>m7</movieRef>
				<projectionRoomRef>f1r1</projectionRoomRef>
				<projectionist>id002</projectionist>
			</projection>
			<projection>
				<time>19:00</time>
				<movieRef>m8</movieRef>
				<projectionRoomRef>f1r2</projectionRoomRef>
				<projectionist>id003</projectionist>
			</projection>
			<projection>
				<time>22:00</time>
				<movieRef>m9</movieRef>
				<projectionRoomRef>f2r1</projectionRoomRef>
				<projectionist>id004</projectionist>
			</projection>
			<projection>
				<time>00:00</time>
				<movieRef>m1</movieRef>
				<projectionRoomRef>f2r2</projectionRoomRef>
				<projectionist>id005</projectionist>
			</projection>
			<projection>
				<time>12:50</time>
				<movieRef>m2</movieRef>
				<projectionRoomRef>f3r1</projectionRoomRef>
				<projectionist>id006</projectionist>
			</projection>
			<projection>
				<time>13:00</time>
				<movieRef>m3</movieRef>
				<projectionRoomRef>f3r2</projectionRoomRef>
				<projectionist>id007</projectionist>
			</projection>
		</projectionDay>
		<projectionDay>
			<info>String</info>
			<date>2013-05-24</date>
			<projection>
				<time>15:00</time>
				<movieRef>m4</movieRef>
				<projectionRoomRef>f1r1</projectionRoomRef>
				<projectionist>id001</projectionist>
			</projection>
			<projection>
				<time>15:50</time>
				<movieRef>m5</movieRef>
				<projectionRoomRef>f1r2</projectionRoomRef>
				<projectionist>id002</projectionist>
			</projection>
			<projection>
				<time>16:00</time>
				<movieRef>m6</movieRef>
				<projectionRoomRef>f2r1</projectionRoomRef>
				<projectionist>id003</projectionist>
			</projection>
			<projection>
				<time>19:00</time>
				<movieRef>m7</movieRef>
				<projectionRoomRef>f2r2</projectionRoomRef>
				<projectionist>id004</projectionist>
			</projection>
			<projection>
				<time>22:00</time>
				<movieRef>m8</movieRef>
				<projectionRoomRef>f3r1</projectionRoomRef>
				<projectionist>id005</projectionist>
			</projection>
			<projection>
				<time>00:00</time>
				<movieRef>m9</movieRef>
				<projectionRoomRef>f3r2</projectionRoomRef>
				<projectionist>id006</projectionist>
			</projection>
			<projection>
				<time>12:50</time>
				<movieRef>m1</movieRef>
				<projectionRoomRef>f1r1</projectionRoomRef>
				<projectionist>id007</projectionist>
			</projection>
			<projection>
				<time>13:00</time>
				<movieRef>m2</movieRef>
				<projectionRoomRef>f1r2</projectionRoomRef>
				<projectionist>id001</projectionist>
			</projection>
			<projection>
				<time>15:00</time>
				<movieRef>m3</movieRef>
				<projectionRoomRef>f2r1</projectionRoomRef>
				<projectionist>id002</projectionist>
			</projection>
			<projection>
				<time>15:50</time>
				<movieRef>m4</movieRef>
				<projectionRoomRef>f2r2</projectionRoomRef>
				<projectionist>id003</projectionist>
			</projection>
			<projection>
				<time>16:00</time>
				<movieRef>m5</movieRef>
				<projectionRoomRef>f3r1</projectionRoomRef>
				<projectionist>id004</projectionist>
			</projection>
			<projection>
				<time>19:00</time>
				<movieRef>m6</movieRef>
				<projectionRoomRef>f3r2</projectionRoomRef>
				<projectionist>id005</projectionist>
			</projection>
			<projection>
				<time>22:00</time>
				<movieRef>m7</movieRef>
				<projectionRoomRef>f1r1</projectionRoomRef>
				<projectionist>id006</projectionist>
			</projection>
			<projection>
				<time>00:00</time>
				<movieRef>m8</movieRef>
				<projectionRoomRef>f1r2</projectionRoomRef>
				<projectionist>id007</projectionist>
			</projection>
			<projection>
				<time>12:50</time>
				<movieRef>m9</movieRef>
				<projectionRoomRef>f2r1</projectionRoomRef>
				<projectionist>id001</projectionist>
			</projection>
		</projectionDay>
	</program>
</cinema>
