<?xml version="1.0" encoding="UTF-8"?>
<directors>
	<director id="d1">
		<name>Gennady Tartakovsky</name>
		<birthday>1960</birthday>
	</director>
	<director id="d2">
		<name>Michal Žabka</name>
		<birthday>1971</birthday>
	</director>
	<director id="d3">
		<name>Peter Jackson</name>
		<birthday>1950</birthday>
	</director>
	<director id="d4">
		<name>Robert Zemeckis</name>
		<birthday>1955</birthday>
	</director>
	<director id="d5">
		<name>Sacha Gervasi</name>
		<birthday>1980</birthday>
	</director>
</directors>