<?xml version="1.0" encoding="UTF-8"?>
<companies>
	<company id="001">
			<companyName>Universal</companyName>
			<movie>
				<name>The Matrix</name>
				<lastShown>1999</lastShown>
			</movie>
			<movie>
				<name>The Matrix 2</name>
				<lastShown>2002</lastShown>
			</movie>
			<movie>
				<name>The Matrix 3</name>
				<lastShown>2003</lastShown>
			</movie>
		</company>
		
	<company id="002">
			<companyName>Warner Bros.</companyName>
		</company>
	
	<company id="003">
			<companyName>Disney</companyName>
		</company>
		
</companies>