<?xml version="1.0" encoding="UTF-8"?>
<projectionists>
	<projectionist id="id001">
		<name>Tom Jones</name>
		<salary>1000</salary>
	</projectionist>
	<projectionist id="id002">
		<name>Justin Bieber</name>
		<salary>100</salary>
	</projectionist>
	<projectionist id="id003">
		<name>Psy</name>
		<salary>2000</salary>
	</projectionist>
	<projectionist id="id004">
		<name>50 Cent</name>
		<salary>1500</salary>
	</projectionist>
	<projectionist id="id005">
		<name>John Lennon</name>
		<salary>5000</salary>
	</projectionist>
	<projectionist id="id006">
		<name>Will Smith</name>
		<salary>4000</salary>
	</projectionist>
	<projectionist id="id007">
		<name>Busta Rhymes</name>
		<salary>3000</salary>
	</projectionist>

</projectionists>