<?xml version="1.0" encoding="UTF-8"?>
<!-- XML deklarace -->

<!-- pripojeni DTD -->
<!DOCTYPE tam_da SYSTEM "data.dtd">	
	
<!-- korenovy element Tam Da -->
<tam_da>
	<!-- info o restauraci -->
	<info>
		Vítejte, jste <?php include ("pocitadlo.php")?>. návštěvníkem.
		Vaše objednávky vyřídíme na telefonním čísle 777 123 456 
		a nebo na e-mailu: objednavka@sushitamda.cz. Do předmětu 
		e-mailu prosím napiště <![CDATA[Objednávka - <Vaše jméno>]]>.
	</info>
	
	<!-- jidelni listek -->
	<jidelni_listek>
		<!-- nabidka sushi -->
		<sushi>
			<!-- normalni sushi menu -->
			<normal_sushi>
			
				<polozka_menu kod="B1">
					<nazev>Sushi menu 1</nazev>
					<cena>58,- Kč</cena>
					<hmotnost>100g</hmotnost>
					<obsah>
						<polozka_sushi kusu="6" pokrm="Maki Sushi s lososem" />
					</obsah>
				</polozka_menu>
				
				<polozka_menu kod="B2">
					<nazev>Sushi menu 2</nazev>
					<cena>64,- Kč</cena>
					<hmotnost>100g</hmotnost>
					<obsah>
						<polozka_sushi kusu="6" pokrm="Maki Sushi s tuňákem" />
					</obsah>
				</polozka_menu>
				
				<polozka_menu kod="B3">
					<nazev>Sushi menu 3</nazev>
					<cena>118,- Kč</cena>
					<hmotnost>290g</hmotnost>
					<obsah>
						<polozka_sushi kusu="8" pokrm="Kalifornia Sushi s lososem" />
						<polozka_sushi kusu="2" pokrm="Nigiri Sushi s tuňákem" />
					</obsah>
				</polozka_menu>
				
				<polozka_menu kod="B4">
					<nazev>Sushi menu 4</nazev>
					<cena>498,- Kč</cena>
					<hmotnost>750g</hmotnost>
					<obsah>
						<polozka_sushi kusu="6" pokrm="Maki Sushi s lososem" />
						<polozka_sushi kusu="6" pokrm="Maki Sushi s krevetami" />
						<polozka_sushi kusu="2" pokrm="Nigiri Sushi s tuňákem" />
						<polozka_sushi kusu="2" pokrm="Nigiri Sushi s omeletou" />
						<polozka_sushi kusu="5" pokrm="Plátky losose" />
						<polozka_sushi kusu="4" pokrm="Kalifornia Sushi s lososem" />
						<polozka_sushi kusu="4" pokrm="Kalifornia Sushi posypané kaviárem" />
						<polozka_sushi kusu="2" pokrm="Nigiri Sushi s avokádem" />
						<polozka_sushi kusu="2" pokrm="Nigiri Sushi s omeletou" />
						<dodatek>
							<obecna_poznamka>
								Rodinné menu.
							</obecna_poznamka>
							<poznamka_k_jidlu>
								Poznámka k <ref kod="B4">Sushi menu 4</ref>.
								<zprava>
									Lze objednat porci <ref kod="C3"> smažených krevet</ref> za výhodnou cenu.
								</zprava>
							</poznamka_k_jidlu>
						</dodatek>
					</obsah>
					
				</polozka_menu>
				
			</normal_sushi>
			
			<!-- extra sushi menu -->
			<extra_sushi>
			
				<polozka_menu kod="E1">
					<nazev>Extra sushi menu 1</nazev>
					<cena>88,- Kč</cena>
					<hmotnost>120g</hmotnost>
					<obsah>
						<polozka_sushi kusu="4" pokrm="Kalifornia sushi s úhořem" />
					</obsah>
				</polozka_menu>
					
				<polozka_menu kod="E2">
					<nazev>Extra sushi menu 2</nazev>
					<cena>148,- Kč</cena>
					<hmotnost>250g</hmotnost>
					<obsah>
						<polozka_sushi kusu="6" pokrm="Maki Sushi s lososem" />
						<polozka_sushi kusu="6" pokrm="Maki Sushi s tuňákem" />
						<polozka_sushi kusu="1" pokrm="Nigiri Sushi s lososem" />
						<polozka_sushi kusu="1" pokrm="Nigiri Sushi s tuňákem" />
					</obsah>
				</polozka_menu>				
				
			</extra_sushi>
		</sushi>
	
		<!-- nabidka teplych jidel -->
		<tepla_jidla>
			<!-- speciality asijske kuchyne -->
			<asijske_speciality>
				<polozka_menu kod="C1">
					<nazev>Restované nudle s kuřecím masem</nazev>
					<cena>68,- Kč</cena>
					<hmotnost>450g</hmotnost>
					<obsah>
						<popis_jidla>
							nudle, kuřecí maso, vejce, čerstvá zelenina
						</popis_jidla>
					</obsah>
				</polozka_menu>
				
				<polozka_menu kod="C2">
					<nazev>Restované kučecí Kung Pao</nazev>
					<cena>68,- Kč</cena>
					<hmotnost>300g</hmotnost>
					<obsah>
						<popis_jidla priloha="ano">
							kuřecí maso, cibule, bambusové výhonky, žampiony
						</popis_jidla>
					</obsah>
				</polozka_menu>
				
				<polozka_menu kod="C3">
					<nazev>Smažené krevety po japonsku</nazev>
					<cena>178,- Kč</cena>
					<hmotnost>200g</hmotnost>
					<obsah>
						<popis_jidla>
							8 smažených krevet po japonsku
						</popis_jidla>
					</obsah>
				</polozka_menu>
				
			</asijske_speciality>
		
			<!-- speciality na horkem podnose -->
			<speciality_na_horkem_podnose>
				<polozka_menu kod="D1">
					<nazev>Pečené kuře na horkém podnose</nazev>
					<cena>128,- Kč</cena>
					<hmotnost>250g</hmotnost>
					<obsah>
						<popis_jidla>
							kuřecí maso, zelenina, sladkokyselá nebo sójová omáčka
						</popis_jidla>
					</obsah>
				</polozka_menu>
				
				<polozka_menu kod="D2">
					<nazev>Rybí filé na grilu</nazev>
					<cena>148,- Kč</cena>
					<hmotnost>250g</hmotnost>
					<obsah>
						<popis_jidla>
							rybí filé, sladkokyselá omáčka
						</popis_jidla>
					</obsah>
				</polozka_menu>

			</speciality_na_horkem_podnose>
		</tepla_jidla>	
		
	</jidelni_listek>
	
	<!-- copyright -->
	&c;&ct;
</tam_da>