<?xml version="1.0" encoding="UTF-8"?>
<seznamFestivalu>
    <festival nazev="legends">
        <poradatel>Jan Sova</poradatel>
        <mesto>Ceske Budejovice</mesto>
        <koncert stage="A">
            <skupina>Guns n Roses</skupina>
        </koncert>
        <koncert stage = "A">
                <skupina>Derek And The Dominoes</skupina>
        </koncert>
        <koncert stage = "C">
                <skupina>U2</skupina>
        </koncert>
        <koncert stage="B">
            <skupina>Arctic Monkeys</skupina>
        </koncert>
        <koncert stage = "B">
                <skupina>The Rolling Stones</skupina>
        </koncert>
        <koncert stage = "C">
                <skupina>The Stone Roses</skupina>
        </koncert>
    </festival>
    <festival id="summer-fest">
        <poradatel>Hans Tordsten</poradatel>
        <mesto>Brno</mesto>
        <koncert stage = "A">
                <skupina>Metallica</skupina>
        </koncert>
        <koncert stage = "B">
                <skupina>Megadeth</skupina>
        </koncert>
        <koncert stage = "A">
                <skupina>Queen</skupina>
        </koncert>
        <koncert stage = "B">
                <skupina>The Rolling Stones</skupina>
        </koncert>
    </festival>
</seznamFestivalu>