<?xml version="1.0" encoding="UTF-8"?>
<!--MUSIC DB - Jan Klatil-->
<?musicDatabase db="partial" pl="yes"?>
<!DOCTYPE root SYSTEM "data.dtd">
<root>
	<db>
		<band id="b00" name="Adele"  style="rock">
			<album id="a00" name="19" year="2008">
				<info>
					<www>
						&Awww;
					</www>
				</info>	
				<song id="s000" name="Daydreamer"></song>
				<song id="s001" name="Best for last"></song>
				<song id="s002" name="Chasing pavement"></song>
				<song id="s003" name="Cold shoulder"></song>
				<song id="s004" name="Crazy for you"></song>
				<song id="s005" name="Melt my heart to stone"></song>
				<song id="s006" name="First love"></song>
				<song id="s007" name="Right as rain"></song>
				<song id="s008" name="Make your fell my love"></song>
				<song id="s009" name="My same"></song>
				<song id="s010" name="Tired"></song>
				<song id="s011" name="Hometown glory"></song>
			</album>
			<album id="a01" name="21">
				<info>
					<www>
						&Awww;
					</www>
				</info>	
				<song id="s012" name="Rolling in the deep"></song>
				<song id="s013" name="Rumor has it"></song>
				<song id="s014" name="Turning tables"></song>
				<song id="s015" name="Dont you remember"></song>
				<song id="s016" name="Set fire to the rain"></song>
				<song id="s017" name="He wont go"></song>
				<song id="s018" name="Take it all"></song>
				<song id="s019" name="Ill be waiting"></song>
				<song id="s020" name="One and only"></song>
				<song id="s021" name="Lovesong"></song>
				<song id="s022" name="Someone like you"></song>
				<song id="s023" name="If it hadnt been for love"></song>
				<song id="s024" name="Hiding my heart"></song>
			</album>
		</band>
		<band id="b01" name="Jazzova porucha" style="jazz">
			<releaseInfo>
				<info>
					<www>
						http://bandzone.cz/jazzovaporucha
					</www>
					Po dlouhých rozvahách jsme si zvolili jméno Jazzová porucha, Jendův návrh pojmenovat nás prvními slabikami jmen Honza-Vašek-Dominik se neujal.
				</info>
				Album v nedohlednu
			</releaseInfo>
		</band>
	</db>
	<playlists>
		<playlist id="p00" name="default">
		<![CDATA["<SumTime>00:00</SumtTime>"]]>
		</playlist>
		<!--empty playlist as default-->
		<playlist id="p01" name="Adele - mix">
			<songRef ids="s002"></songRef>
			<songRef ids="s003"></songRef>
			<songRef ids="s012"></songRef>
			<songRef ids="s016"></songRef>
		</playlist>
	</playlists>
</root>
