<?xml version="1.0" encoding="utf-8"?>
<clmbr xmlns="http://www.lezec.cz/routes">
	<climbers>
		<climber fname="Jiri" lname="K" club="HO-Klada">
			<climbed>
				<mark rid="r15" time="2008-07-21T12:00:00"/>
				<mark rid="r131a" time="2009-03-14T12:00:00"/>
				<mark rid="r132a" time="2009-03-14T12:00:00"/>
				<mark rid="r16" time="2009-07-21T12:00:00"/>
			</climbed>
		</climber>

		<climber fname="Ales" lname="N" club="HO-Klada">
			<climbed>
				<mark rid="r27" time="2009-09-12T12:00:00"/>
				<mark rid="r15" time="2011-06-25T12:00:00"/>
				<mark rid="r13" time="2011-08-08T12:00:00"/>
				<mark rid="r131a" time="2012-04-24T12:00:00"/>
			</climbed>
		</climber>
		<climber fname="Jakub" lname="K" club="HO-Klada">
			<climbed>
				<mark rid="r127" time="2008-01-12T12:00:00"/>
				<mark rid="r115" time="2010-03-15T12:00:00"/>
				<mark rid="r131a" time="2012-03-30T12:00:00"/>
			</climbed>
		</climber>

		<climber fname="Martina" lname="P" club="HO-Bobr">
			<climbed>
				<mark rid="r14" time="2007-07-07T12:00:00"/>
				<mark rid="r13" time="2007-07-08T12:00:00"/>
				<mark rid="r15" time="2011-06-25T12:00:00"/>
			</climbed>
		</climber>
		<climber fname="Marketa" lname="P" club="HO-Bobr">
			<climbed>
				<mark rid="r114" time="2007-09-07T12:00:00"/>
				<mark rid="r113" time="2008-03-18T12:00:00"/>
				<mark rid="r115" time="2010-04-05T12:00:00"/>
			</climbed>
		</climber>


	</climbers>
</clmbr>
