<?xml version="1.0" encoding="UTF-8"?>
<!DOCTYPE hudba SYSTEM "data.dtd">
<!-- "THE BEER-WARE LICENSE" (Revision 42):
 <petr.kalivoda@gmail.com> wrote this file. As long as you retain this notice you
 can do whatever you want with this stuff. If we meet some day, and you think
 this stuff is worth it, you can buy me a beer in return. -->
<hudba>
    <interpreti>
        <interpret id="in-1">
            <nazev>The Beatles</nazev>
            <zanr nazev="RockAndRoll" textovy-popis="Rock &amp; roll" />
            <popis>
                <![CDATA[
                    The Beatles byla anglicka rock'n'rollova kapela z Liverpoolu. 
                    Jejimi cleny byli John Lennon (zpev, doprovodna kytara), Paul McCartney 
                    (zpev, basova kytara), George Harrison (solova kytara, zpev) 
                    a Ringo Starr (bici, prilezitostne zpev). Patri mezi komercne 
                    nejuspesnejsi a kritiky nejuznavanejsi kapely v historii popularni 
                    hudby. Hudba Beatles je dodnes hrana a oblibena po celem svete. 
                ]]>
            </popis>
        </interpret>
        <interpret id="in-2">
            <nazev>Bob Dylan</nazev>
            <zanr nazev="Folk" />
            <zanr nazev="Country" />
            <zanr nazev="Blues" />
            <zanr nazev="RockAndRoll" textovy-popis="Rock &amp; roll" />
            <popis-v-odkazech>
                Wikipedie CS: <odkaz>http://cs.wikipedia.org/wiki/Bob_Dylan</odkaz>
                Wikipedie EN: <odkaz>http://en.wikipedia.org/wiki/Bob_Dylan</odkaz>
                Oficialni stranky: <odkaz>http://www.bobdylan.com</odkaz>
            </popis-v-odkazech>
        </interpret>
    </interpreti>
    <alba>
        <album interpret-id="in-1" komentar="Fakt dobry album tyjo.">
            <titul>A hard day's night</titul>
            <producent>George Martin</producent>
            <studio>Abbey Road Studios</studio>
            <label>Parlophone</label>
            <datum-nahrani>10. cervence 1964</datum-nahrani>
            <datum-vydani>26. cervence 1964</datum-vydani>
            <delka-celkem>30 minut 45 sekund</delka-celkem>
            <pocet-skladeb><?php echo "13";?> <!-- hodne dulezity --></pocet-skladeb>
            <jazyk>Anglicky</jazyk>
            <druh>Studiove</druh>
            <skladby>
                <skladba>
                    <jmeno>A Hard Day's Night</jmeno>
                    <delka>2:34</delka>
                </skladba>
                <skladba>
                    <jmeno>I Should Have Known Better</jmeno>
                    <delka>2:46</delka>
                </skladba>
                <skladba>
                    <jmeno>If I Fell</jmeno>
                    <delka>2:24</delka>
                </skladba>
                <skladba>
                    <jmeno>I'm Happy Just to Dance with You</jmeno>
                    <delka>1:59</delka>
                </skladba>
                <skladba>
                    <jmeno>And I Love Her</jmeno>
                    <delka>2:33</delka>
                </skladba>
                <skladba>
                    <jmeno>Tell Me Why</jmeno>
                    <delka>2:12</delka>
                </skladba>
                <skladba>
                    <jmeno>Can't Buy Me Love</jmeno>
                    <delka>2:14</delka>
                </skladba>
                <skladba>
                    <jmeno>Any Time at All</jmeno>
                    <delka>2:15</delka>
                </skladba>
                <skladba>
                    <jmeno>I'll Cry Instead</jmeno>
                    <delka>1:49</delka>
                </skladba>
                <skladba>
                    <jmeno>Things We Said Today</jmeno>
                    <delka>2:40</delka>
                </skladba>
                <skladba>
                    <jmeno>When I Get Home</jmeno>
                    <delka>2:20</delka>
                </skladba>
                <skladba>
                    <jmeno>You Can't Do That</jmeno>
                    <delka>2:39</delka>
                </skladba>
                <skladba>
                    <jmeno>I'll Be Back</jmeno>
                    <delka>2:20</delka>
                </skladba>
            </skladby>
        </album>
    </alba>
</hudba>
