﻿<?xml version="1.0" encoding="utf-8"?>
<!DOCTYPE movieDatabase SYSTEM "data.dtd">
<movieDatabase>

  <actors>
    <actor id="aid_1">
      <name>
        <first>John</first>
        <last>Travolta</last>
      </name>
      <birth>
        <date>18. 2. 1954</date>
        <place>USA</place>
      </birth>
    </actor>
    <actor id="aid_2">
      <name>
        <last>Jackson</last>
        <first>Samuel L.</first>
      </name>
      <birth>
        <date>21. 12. 1948</date>
        <place>USA</place>
      </birth>
    </actor>
    <actor id="aid_3">
      <name>
        <first>Anne</first>
        <last>Backford</last>
      </name>
      <birth>
        <date>17. 9. 1931</date>
        <place>USA</place>
      </birth>
      <death>
        <date>6. 6. 2005</date>
        <place>USA</place>
      </death>
    </actor>
    <actor id="aid_4">
      <name>
        <first>Dustin</first>
        <last>Hoffman</last>
      </name>
      <birth>
        <date>8. 8. 1937</date>
        <place>USA</place>
      </birth>
    </actor>
    <actor id="aid_5">
      <name>
        <first>Katharine</first>
        <last>Ross</last>
      </name>
      <birth>
        <date>29. 1. 1940</date>
        <place>USA</place>
      </birth>
    </actor>
    <actor id="aid_6">
      <name>
        <first>Ewan</first>
        <last>McGregor</last>
      </name>
      <birth>
        <date>31. 3. 1971</date>
        <place>Great Britain</place>
      </birth>
    </actor>
    <actor id="aid_7">
      <name>
        <first>Robert</first>
        <last>Carlyle</last>
      </name>
      <birth>
        <date>14. 4. 1961</date>
        <place>Great Britain</place>
      </birth>
    </actor>
    <actor id="aid_8">
      <name>
        <first>Kelly</first>
        <last>MacDonald</last>
      </name>
      <birth>
        <date>23. 2. 1976</date>
        <place>Great Britain</place>
      </birth>
    </actor>
    <actor id="aid_9">
      <name>
        <first>Leonardo</first>
        <last>DiCaprio</last>
      </name>
    </actor>
  </actors>

  <directors>
    <director id="did_1">
      <name>
        <last>Tarantino</last>
        <first>Quentin</first>
      </name>
      <birth>
        <date>27. 3. 1963</date>
        <place>USA</place>
      </birth>
    </director>
    <director id="did_2">
      <name>
        <first>Mike</first>
        <last>Nichols</last>
      </name>
    </director>
    <director id="did_3">
      <name>
        <first>Danny</first>
        <last>Boyle</last>
      </name>
    </director>
    <director id="did_4">
      <name>
        <first>Christopher</first>
        <last>Nolan</last>
      </name>
    </director>
  </directors>

  <movies>
    <movie id="mid_1">
      <movieName>Pulp Fiction</movieName>
      <year>1994</year>
      <genre>Crime/Thriller</genre>
      <country>USA</country>
      <length>154</length>
      <actorsList actors="aid_1 aid_2"/>
      <directorsList director="did_1"/>

      <description>
        The <u>best</u> movie from 90. - stories about <i>Vincent Vega</i>, <i>Jules Winnfield</i> and others.
        <![CDATA[
        for (i = 0; i < 10; ++i)
          document.writeln("<b>Pulp Fiction is the best!</b>);
        ]]>
        <?php getDescription("mid_1") ?>
      </description>
      <ranking value="5" />
      
      <reviews>
        <review ranking="5">
          <comment>
            I <b>really</b> enjoyed this movie!
          </comment>
        </review>
        <review ranking="1">
          <comment>
            Total crap.
          </comment>
        </review>
        <review ranking="3">
          <comment>
            Wasn't bad.
          </comment>
        </review>
        <review ranking="5">
          <comment>What?</comment>
        </review>
      </reviews>

    </movie>

    <movie id="mid_2">
      <movieName>The Graduate</movieName>
      <year>1967</year>
      <genre>Comedy/Drama/Romance</genre>
      <country>USA</country>
      <length>106</length>
      <actorsList actors="aid_3 aid_4 aid_5"/>
      <directorsList director="did_2"/>

      <description>
        Young movie about youth.
      </description>
      <ranking value="4"/>

      <reviews>
        <review ranking="3">
          <comment>Nice movie</comment>
        </review>
        <review ranking="5">
          <comment>Liked it</comment>
        </review>
      </reviews>
    </movie>

    <movie id="mid_3">
      <movieName>Trainspotting</movieName>
      <year>1996</year>
      <genre>Drama/Crime/Comedy</genre>
      <country>Great Britain</country>
      <length>94</length>
      <actorsList actors="aid_6 aid_7 aid_8"/>
      <directorsList director="did_3"/>

      <description>
        One of the best movies about drugs.
      </description>
      <ranking value="5"/>

      <reviews>
        <review ranking="5">
          <comment>Most bestly</comment>
        </review>
        <review ranking="2">
          <comment>Bestly most</comment>
        </review>
        <review ranking="4">
          <comment>Mostly best</comment>
        </review>
        <review ranking="4">
          <comment>Best mostly</comment>
        </review>
      </reviews>
    </movie>
  </movies>

</movieDatabase>