<?xml version="1.0" encoding="UTF-8"?>
<studenti>	
	<student id="ID_3">		
		<titul/>
		<jmeno>Karel</jmeno>
		<prijmeni>Gumil</prijmeni>
		<email>gumil@seznam.cz</email>
		<uroven>pokrocily</uroven>
		<adresa>
			<stat>CR</stat>
			<mesto>Praha</mesto>
			<ulice>Gumova
				<cp>7</cp>
			</ulice>
			<psc>113</psc>
		</adresa>
		<telefon typ="mobil">
			<cislo>7537313457</cislo>
		</telefon>
		<predchozi_studium>	
		<dosazeno>
			<jazyky>aj
				<uroven>pokrocily</uroven>
			</jazyky>
		</dosazeno>
		</predchozi_studium>
		<kurzy>
		<kurz>ID_21</kurz>
		<kurz>ID_22</kurz>
		</kurzy>
	</student>
	<student id="ID_4">		
		<titul/>
		<jmeno>Marel</jmeno>
		<prijmeni>Kumil</prijmeni>
		<email>gumil@seznam.cz</email>
		<uroven>pokrocily</uroven>
		<adresa>
			<stat>CR</stat>
			<mesto>Praha</mesto>
			<ulice>Gumova
				<cp>7</cp>
			</ulice>
			<psc>113</psc>
		</adresa>
		<telefon typ="mobil">
			<cislo>7537313457</cislo>
		</telefon>
		<predchozi_studium>	
		<dosazeno>
			<jazyky>aj
				<uroven>pokrocily</uroven>
			</jazyky>
		</dosazeno>
		</predchozi_studium>
		<kurzy>
		<kurz>ID_21</kurz>
		<kurz>ID_22</kurz>
		</kurzy>
	</student>
	<student id="ID_5">		
		<titul/>
		<jmeno>Karel</jmeno>
		<prijmeni>Lumil</prijmeni>
		<uroven>pokrocily</uroven>
		<email>gumil@seznam.cz</email>
		<adresa>
			<stat>CR</stat>
			<mesto>Praha</mesto>
			<ulice>Gumova
				<cp>7</cp>
			</ulice>
			<psc>113</psc>
		</adresa>
		<telefon typ="mobil">
			<cislo>7537313457</cislo>
		</telefon>
		<predchozi_studium>	
		<dosazeno>
			<jazyky>aj
				<uroven>pokrocily</uroven>
			</jazyky>
		</dosazeno>
		</predchozi_studium>
		<kurzy>
		<kurz>ID_21</kurz>
		<kurz>ID_22</kurz>
		</kurzy>
	</student>
	<student id="ID_13">
		<titul/>
		<jmeno>Franta</jmeno>
		<prijmeni>Dumil</prijmeni>
		<uroven>zacatecnik</uroven>
		<email>gumil@seznam.cz</email>
		<adresa>
			<stat>CR</stat>
			<mesto>Praha</mesto>
			<ulice>Gumova
				<cp>7</cp>
			</ulice>
			<psc>113</psc>
		</adresa>
		<telefon typ="mobil">
			<cislo>7537313457</cislo>
		</telefon>	
		<kurzy>
		<kurz>ID_21</kurz>
		</kurzy>	
	</student>	
</studenti>
