<?xml version="1.0" encoding="UTF-8"?>
<!DOCTYPE game-library SYSTEM "data.dtd">
<game-library>
	<today-date>
		<?php echo Date("d.m.Y")?>
	</today-date>
	<!-- Games I currently play -->
	<currently-playing g_ref="g6"/>
	<currently-playing g_ref="g4"/>
	<database>
		<!-- List of my own games -->
		<game-list>
			<game name="Diablo II" g_id="g1">
				<expansion-pack>Lord of Destruction</expansion-pack>
				<published-by pub_refs="p1 p2 p3"/>
				<developed-by dev_refs="d1"/>
				<release-date day="29" month="June" year="2000"/>
				<genres>
					<genre name="Action RPG"/>
					<genre name="Hack &amp; slash"/>
				</genres>
				<modes>
					<single-player/>
					<multi-player details="Battle.net"/>
				</modes>
				<platforms>
					<platform name="Microsoft_Windows"/>
					<platform name="Mac_Os"/>
					<platform name="Mac_Os_X"/>
				</platforms>
				<system-requirements><![CDATA[
            233 MHz Pentium or better,
            32 MB RAM, 650 MB drive space,
            4X CD-ROM drive,
            DirectX compatible video card]]></system-requirements>
			</game>
			<game name="Diablo" g_id="g2">
				<published-by pub_refs="p1 p4 p5 p6"/>
				<developed-by dev_refs="d1 d2"/>
				<release-date day="31" month="December" year="1996"/>
				<genres>
					<genre name="Action RPG"/>
					<genre name="Hack &amp; slash"/>
					<genre name="Dungeon crawler"/>
					<genre name="Horror"/>
				</genres>
				<modes>
					<single-player/>
					<multi-player details="Battle.net"/>
				</modes>
				<platforms>
					<platform name="Microsoft_Windows"/>
					<platform name="Mac_Os"/>
					<platform name="PlayStation"/>
				</platforms>
				<system-requirements><![CDATA[
            60 MHz Pentium or better,
            8 MB RAM (16 MB for multiplayer),
            SVGA compatible graphics card (640 x 480 maximum),
            2X CD-ROM drive]]></system-requirements>
			</game>
			<game name="Guild Wars" g_id="g3">
				<expansion-pack>Nightfall</expansion-pack>
				<published-by pub_refs="p7"/>
				<developed-by dev_refs="d3"/>
				<release-date day="28" month="April" year="2005"/>
				<genres>
					<genre name="Action RPG"/>
					<genre name="MMORPG"/>
				</genres>
				<modes>
					<multi-player/>
				</modes>
				<platforms>
					<platform name="Microsoft_Windows"/>
				</platforms>
				<system-requirements><![CDATA[
            Intel Pentium III 800 MHz CPU,
            256MB RAM, 2GB Hard disk space,
            32MB Radeon 8500 or GeForce 3 Series GPU,
            internet connection, Windows 98/ME/2000/XP]]></system-requirements>
			</game>
			<game name="Terraria" g_id="g4">
				<developed-by dev_refs="d4"/>
				<release-date day="16" month="May" year="2011"/>
				<genres>
					<genre name="Indie"/>
					<genre name="Adventure RPG"/>
					<genre name="Action RPG"/>
				</genres>
				<modes>
					<single-player/>
					<multi-player/>
				</modes>
				<platforms>
					<platform name="Microsoft_Windows"/>
				</platforms>
				<system-requirements><![CDATA[
            1.0 GHz processor
            512 MB RAM
            200 MB HDD space
            128 MB video card capable of Shader Model 1.1 and Microsoft XNA compatible
            DirectX 9.0c]]></system-requirements>
			</game>
			<game name="Portal 2" g_id="g5">
				<published-by pub_refs="p8"/>
				<developed-by dev_refs="d5"/>
				<release-date day="19" month="April" year="2011"/>
				<genres>
					<genre name="Puzzle-platform"/>
				</genres>
				<modes>
					<single-player/>
					<multi-player details="2-player coop"/>
				</modes>
				<platforms>
					<platform name="Microsoft_Windows"/>
					<platform name="Mac_Os_X"/>
					<platform name="PlayStation_3"/>
					<platform name="Xbox_360"/>
				</platforms>
				<system-requirements><![CDATA[
            Windows
            Microsoft Windows XP, Vista or 7
            Intel Pentium 4 3.0 GHz or 2 GHz dual-core
            1 GB RAM (2 GB for Vista and 7)
            7.6 GB of free hard disk space
            DirectX 9.0 graphics card with 128 MB RAM
            DirectX 9.0c compatible sound card
            Mac OS X
            Mac OS X 10.6.7
            Intel Core Duo 2.0 GHz
            2 GB RAM
            7.6 GB of free hard disk space
            NVIDIA GeForce 8600M, ATI Radeon HD 2400, or Intel HD Graphics 3000
            ]]></system-requirements>
			</game>
			<game name="The Binding of Isaac" g_id="g6">
				<published-by pub_refs="p8"/>
				<developed-by dev_refs="d6"/>
				<release-date day="28" month="September" year="2011"/>
				<genres>
					<genre name="Indie"/>
					<genre name="Action adventure"/>
					<genre name="Dungeon crawler"/>
				</genres>
				<modes>
					<single-player/>
				</modes>
				<platforms>
					<platform name="Microsoft_Windows"/>
					<platform name="Mac_Os_X"/>
					<platform name="Linux"/>
				</platforms>
			</game>
			<game name="Rage" g_id="g7">
				<published-by pub_refs="p9"/>
				<developed-by dev_refs="d7"/>
				<release-date day="4" month="October" year="2011"/>
				<genres>
					<genre name="FPS"/>
					<genre name="Racing"/>
					<genre name="Semi-open world"/>
				</genres>
				<modes>
					<single-player/>
					<multi-player/>
				</modes>
				<platforms>
					<platform name="Microsoft_Windows"/>
					<platform name="Mac_Os_X"/>
					<platform name="PlayStation_3"/>
					<platform name="Xbox_360"/>
				</platforms>
				<system-requirements><![CDATA[
            Minimum: 
            Intel Core 2 Duo or Equivalent AMD CPU
            2 GB RAM
            NVIDIA GeForce 8800 256 MB or ATi Radeon HD 4200 256 MB
            Windows XP (Service Pack 3), Windows Vista, or Windows 7
            25 GB Hard Drive space
            Steam account
            Recommended: 
            Intel Core 2 Quad or Equivalent AMD CPU
            4 GB RAM
            NVIDIA GeForce 9800 GTX 512 MB or ATi Radeon HD 5550 512 MB
            Windows XP (Service Pack 3), Windows Vista, or Windows 7
            25 GB Hard Drive space
            Steam account
            Modding Tools (id Studio) require 64-bit OS.
            ]]></system-requirements>
			</game>
			<game name="Trine" g_id="g8">
				<published-by pub_refs="p10 p11"/>
				<developed-by dev_refs="d8"/>
				<release-date day="3" month="July" year="2009"/>
				<genres>
					<genre name="Platform-puzzle"/>
				</genres>
				<modes>
					<single-player/>
					<multi-player details="coop"/>
				</modes>
				<platforms>
					<platform name="Microsoft_Windows"/>
					<platform name="Mac_Os_X"/>
					<platform name="PlayStation_Network"/>
					<platform name="Linux"/>
				</platforms>
				<system-requirements><![CDATA[
            Windows XP/Vista/7:
             2.0 GHz processor (dual-core recommended)
             512 MB system RAM (1 GB Vista/7)
             Radeon X800 / GeForce 6800 or better
             DirectX 9.0c
             600MB HDD space

            Mac OS X Leopard 10.5.8 or later.
             Intel processor.
             1GB system RAM. (All versions of OS X)
             600MB HDD space.
             OpenGL 2.0 video card with 256 MB shared or dedicated RAM. (NOT Intel Graphics)
             Keyboard & mouse with secondary click must be enabled.

            Linux:
             2.0 GHz processor (dual-core recommended)
             1GB system RAM
             Radeon HD 2800 or GeForce 6800 or better with Shader Model 3.0 support
             Requires official Catalyst drivers or NVIDIA drivers - will not run on Radeon 500 series (up to X1800 cards).
             600-1100 MB HDD space
             Multiplayer requires gamepads for co-op play
            ]]></system-requirements>
			</game>
			<game name="Plants vs. Zombies" g_id="g9">
				<published-by pub_refs="p5 p12"/>
				<developed-by dev_refs="d9"/>
				<release-date day="5" month="May" year="2009"/>
				<genres>
					<genre name="Tower defense"/>
				</genres>
				<modes>
					<single-player/>
					<multi-player/>
				</modes>
				<platforms>
					<platform name="Microsoft_Windows"/>
					<platform name="Mac_Os_X"/>
					<platform name="PlayStation_Network"/>
					<platform name="Xbox_360"/>
					<platform name="Android"/>
					<platform name="Bada"/>
					<platform name="Nintendo_DS"/>
				</platforms>
				<system-requirements><![CDATA[
            CPU	1.2 GHz
            Memory	500 mb
            Hard drive space	65+MB of free hard drive space
            Graphics hardware	128 MB of video memory, 16-bit or 32-bit color quality
            Sound hardware	DirectX-compatible sound
            ]]></system-requirements>
			</game>
			<game name="Borderlands" g_id="g10">
				<published-by pub_refs="p13 p14"/>
				<developed-by dev_refs="d10 d11"/>
				<release-date day="26" month="October" year="2009"/>
				<genres>
					<genre name="FPS"/>
					<genre name="Action RPG"/>
				</genres>
				<modes>
					<single-player/>
					<multi-player/>
				</modes>
				<platforms>
					<platform name="Microsoft_Windows"/>
					<platform name="Mac_Os_X"/>
					<platform name="PlayStation_3"/>
					<platform name="Xbox_360"/>
				</platforms>
				<system-requirements><![CDATA[
            1 GB of system RAM
            2.4-GHz Pentium 4 processor
            Nvidia GeForce 8600 GS
            ATI Radeon HD 3000 Series
            DVD-ROM drive
            8 GB of HDD space
            ]]></system-requirements>
			</game>
		</game-list>
		<!-- List of game publishers -->
		<publishers>
			<publisher name="Blizzard Entertainment" pub_id="p1"/>
			<publisher name="Sierra Entertainment" pub_id="p2"/>
			<publisher name="HanbitSoft" pub_id="p3"/>
			<publisher name="Ubisoft" pub_id="p4"/>
			<publisher name="Electronic Arts" pub_id="p5"/>
			<publisher name="Electronic Arts Victor" pub_id="p6"/>
			<publisher name="NCsoft" pub_id="p7"/>
			<publisher name="Valve Corporation" pub_id="p8"/>
			<publisher name="Bethesda Softworks" pub_id="p9"/>
			<publisher name="Nobilis" pub_id="p10"/>
			<publisher name="SouthPeak Interactive" pub_id="p11"/>
			<publisher name="PopCap Games" pub_id="p12"/>
			<publisher name="2K Games" pub_id="p13"/>
			<publisher name="Feral Interactive" pub_id="p14"/>
		</publishers>
		<!-- List of game developers -->
		<developers>
			<developer name="Blizzard North" dev_id="d1"/>
			<developer name="Climax Group" dev_id="d2"/>
			<developer name="ArenaNet" dev_id="d3"/>
			<developer name="Re-Logic" dev_id="d4"/>
			<developer name="Valve Corporation" dev_id="d5"/>
			<developer name="Edmund McMillen" dev_id="d6"/>
			<developer name="id Software" dev_id="d7"/>
			<developer name="Frozenbyte" dev_id="d8"/>
			<developer name="PopCap Games" dev_id="d9"/>
			<developer name="Gearbox Software" dev_id="d10"/>
			<developer name="Feral Interactive" dev_id="d11"/>
		</developers>
	</database>
</game-library>
