<?xml version="1.0" encoding="utf-8" ?>
<!DOCTYPE Fakturace SYSTEM "data.dtd">
<Fakturace>
	<Faktura ID="i1" Stav="Zaplacena" Zadal="Nováková" PouzitDph="ano">
		<Hlavicka>
			<Dodavatel ID="d14" />			
			<Zakaznik ID="z12" Poznamka="overit kontaktni telefon">
				<Firma IC="1243" DIC="CZ2312">UAM CZ</Firma>				
				<KontaktniOsoba>Jan Novak</KontaktniOsoba>
				<Adresa>
					<Ulice>Ulice</Ulice>
					<Mesto>Praha</Mesto>
					<PSC>10000</PSC>
					<Zeme>Česká republika</Zeme>
				</Adresa>
				<Telefon />
				<Mail />
			</Zakaznik>
			<VariabilniSymbol>123</VariabilniSymbol>
			<SpecifickySymbol>32</SpecifickySymbol>
			<KonstantniSymbol />
			<DatumSplatnosti>1.2.2012</DatumSplatnosti>
			<DatumVytvoreni>1.1.2012</DatumVytvoreni>
			<DatumUZP>14.1.2012</DatumUZP>
			<OznaceniZakaznika />
			<Mena>CZK</Mena>
		</Hlavicka>
		<Polozky>
			<Polozka ID="p1" Mnozstvi="15">
				<Jmeno>
					<![CDATA[
						Kabely velikosti < 5m
					]]>
				</Jmeno>
				<Popis>UTP cat5e</Popis>
				<Mnozstvi Jednotka="kus">10</Mnozstvi>
				<Cena>15</Cena>
				<Dph>&dph-zakladni;</Dph>
			</Polozka>
			<Polozka ID="p2">
				<Jmeno>LCD Monitor</Jmeno>
				<Popis>22"</Popis>
				<Mnozstvi Jednotka="kus">1</Mnozstvi>
				<Cena>1500</Cena>
				<Dph>&dph-zakladni;</Dph>
			</Polozka>
			<Polozka ID="p3">
				<Jmeno>Napájecí zdroj</Jmeno>
				<Mnozstvi Jednotka="kus">1</Mnozstvi>
				<Cena>500</Cena>
				<Dph>&dph-zakladni;</Dph>
			</Polozka>
			<Polozka ID="p4">
				<Jmeno>Skříň</Jmeno>
				<Mnozstvi Jednotka="kus">1</Mnozstvi>
				<Cena>1500</Cena>
				<Dph>&dph-zakladni;</Dph>
			</Polozka>
			<Polozka ID="p5">
				<Jmeno>Audio kabel</Jmeno>
				<Popis>3metry</Popis>
				<Mnozstvi Jednotka="kus">10</Mnozstvi>
				<Cena>50</Cena>
				<Dph>&dph-zakladni;</Dph>
			</Polozka>
			<Polozka ID="p6">
				<Jmeno>CPU</Jmeno>
				<Popis>Intel Core i7</Popis>
				<Mnozstvi Jednotka="kus">1</Mnozstvi>
				<Cena>4500</Cena>
				<Dph>&dph-zakladni;</Dph>
			</Polozka>
			<Polozka ID="p7">
				<Jmeno>Paměť RAM</Jmeno>
				<Popis>DDR3 2GB</Popis>
				<Mnozstvi Jednotka="kus">1</Mnozstvi>
				<Cena>430</Cena>
				<Dph>&dph-zakladni;</Dph>
			</Polozka>
			<Polozka ID="p8">
				<Jmeno>Grafická karta</Jmeno>
				<Mnozstvi Jednotka="kus">1</Mnozstvi>
				<Cena>2500</Cena>
				<Dph>&dph-zakladni;</Dph>
			</Polozka>
			<Polozka ID="p9">
				<Jmeno>Zvuková karta</Jmeno>
				<Mnozstvi Jednotka="kus">1</Mnozstvi>
				<Cena>1500</Cena>
				<Dph>&dph-zakladni;</Dph>
			</Polozka>
			<Polozka ID="p10">
				<Jmeno>Montáž</Jmeno>
				<Mnozstvi Jednotka="hodina">3</Mnozstvi>
				<Cena>500</Cena>
				<Dph>&dph-zakladni;</Dph>
			</Polozka>
		</Polozky>		
		<Poznamka />
	</Faktura>
	<Faktura ID="i2">
	<Hlavicka>
		<Dodavatel ID="d1"></Dodavatel>
		<Zakaznik ID="d2"></Zakaznik>
		<DatumVytvoreni>7.3.2012</DatumVytvoreni>
		<DatumUZP>17.3.2012</DatumUZP>
		<Mena>CZK</Mena>
	</Hlavicka>
	<Polozky>
		<Polozka ID="p23">
			<Jmeno>Pronájem automobilu</Jmeno>
			<Popis>RZ 1S1 2233</Popis>
			<Mnozstvi Jednotka="hodina">50</Mnozstvi>
			<Cena>1000</Cena>
			<Dph>&dph-zakladni;</Dph>
		</Polozka>
	</Polozky>
		<Poznamka>Vznikla rozdelenim faktury <Fav RefID="i1" /></Poznamka>
		<Poznamka>Preje si dorucit fakturu postou.</Poznamka>
	</Faktura>
	<DatumZobrazeni><?php echo Date("d.m.Y")?></DatumZobrazeni>
</Fakturace>
