<?xml version="1.0" encoding="UTF-8"?>
<!DOCTYPE stadionaddress [
	<!ELEMENT stadionaddress (address+) >
	<!ELEMENT address (country, city, district, street, zipcode) >
			<!ATTLIST address id ID #REQUIRED >
			<!ELEMENT country (#PCDATA)>
			<!ELEMENT city (#PCDATA)>
			<!ELEMENT district (#PCDATA)>
			<!ELEMENT street (name, number)>
				<!ELEMENT name (#PCDATA)>
				<!ELEMENT number (#PCDATA)>
			<!ELEMENT zipcode (#PCDATA)>]>
<stadionaddress>
	<address id="a1">
		<country>Czech Republic</country>
		<city>Prague</city>
		<district>Prague 4 - Branik</district>
		<street>
			<name>Mikuleckeho</name>
			<number>1584</number>
			</street>
		<zipcode>148 06</zipcode>
	</address>
	<address id="a2">
		<country>Czech Republic</country>
		<city>Prague</city>
		<district>Prague 13 - Letnani</district>
		<street>
			<name>Tupolevova</name>
			<number>35</number>
		</street>
		<zipcode>148 12</zipcode>
	</address>
	<address id="a3">
		<country>Czech Republic</country>
		<city>Prague</city>
		<district>Prague 5 - Strahov</district>
		<street>
			<name>U stadionu</name>
			<number>11</number>
		</street>
		<zipcode>148 96</zipcode>
	</address>
	<address id="a4">
		<country>Czech Republic</country>
		<city>Prague</city>
		<district>Prague 8 - Liben</district>
		<street>
			<name>U arene</name>
			<number>3</number>
		</street>
		<zipcode>142 05</zipcode>
	</address>
</stadionaddress>
