<?xml version="1.0" encoding="utf-8" ?>
<cestovni-prikazy>
  <cestovni-prikaz id="cp0001" klient="o0001">
    <prikaz>
      <datum-vytvoreni-prikazu>
        <datetime>
          <date>2012-02-23</date>
          <time>21:32:00</time>
        </datetime>
      </datum-vytvoreni-prikazu>
      <datum-souhlasu-zamestnance-s-cestou>
        <date>2012-02-24</date>
      </datum-souhlasu-zamestnance-s-cestou>
      <urceny-dopravni-prostredek>
        <typ_AUV vozidlo="v0001"/>
      </urceny-dopravni-prostredek>
      <datum-povoleni-cesty>
        <date>2012-02-25</date>
      </datum-povoleni-cesty>
      <povolil>
        <odkaz-do-adresare osoba="o0001"/>
      </povolil>
      <predepsane-cesty>
        <predepsana-cesta>
          <pocatek-cesty>
            <misto>Chotebuz</misto>
            <date>2012-02-26</date>
          </pocatek-cesty>
          <misto-jednani>Praha</misto-jednani>
          <ucel-cesty>Montaz gastro vybaveni v Menze UK &amp; Oprava konvektomatu v menze CVUT.</ucel-cesty>
        </predepsana-cesta>
      </predepsane-cesty>
    </prikaz>

    <vyuctovani>
      <uctovane-cesty>
        <uctovana-cesta>
          <datum-cesty>
            <date>2012-02-26</date>
          </datum-cesty>
          <odjezd-z>
            <misto>Chotebuz</misto>
          </odjezd-z>
          <prijezd-do>
            <misto>Praha</misto>
          </prijezd-do>
          <odjezd-z-hod>
            <time>05:32:00</time>
          </odjezd-z-hod>
          <prijezd-do-hod>
            <time>08:00:00</time>
          </prijezd-do-hod>
          <urceny-dopravni-prostredek>
            <typ_R/>
          </urceny-dopravni-prostredek>
          <vzdalenost>
            156
          </vzdalenost>
          <jizdne>
            106
          </jizdne>
          <stravne>
            80
          </stravne>
          <noclezne>
            0
          </noclezne>
          <vedlejsi-vydaje>
            0
          </vedlejsi-vydaje>
        </uctovana-cesta>
      </uctovane-cesty>
    </vyuctovani>
  </cestovni-prikaz>
  <cestovni-prikaz id="cp0002" klient="o0003">
    <prikaz>
      <datum-vytvoreni-prikazu>
        <datetime>
          <date>2012-03-09</date>
          <time>20:32:00</time>
        </datetime>
      </datum-vytvoreni-prikazu>
      <urceny-dopravni-prostredek>
        <typ_A/>
      </urceny-dopravni-prostredek>
      <predepsane-cesty>
        <predepsana-cesta>
          <pocatek-cesty>
            <misto>Krucemburk</misto>
            <date>2012-03-13</date>
          </pocatek-cesty>
          <misto-jednani>Praha</misto-jednani>
          <ucel-cesty>Pruvodce FS CCE Krucemburk po Praze</ucel-cesty>
        </predepsana-cesta>
        <predepsana-cesta>
          <pocatek-cesty>
            <misto>Praha</misto>
            <date>2012-03-13</date>
          </pocatek-cesty>
          <misto-jednani>Bryndoninov</misto-jednani>
          <ucel-cesty>Predani korunovacnich klenotu zakaznikovi D.</ucel-cesty>
        </predepsana-cesta>
      </predepsane-cesty>
    </prikaz>
    <poznamka>
      <![CDATA[
      =========================================================
      =====>>>>|||||||||||||||||||||||||||||||||||||||<<<<=====
      =====>>>> Bezpecnostni status: Prisne tajne     <<<<=====
      =====>>>>|||||||||||||||||||||||||||||||||||||||<<<<=====
      ========================================================z        
      ]]>
    </poznamka>
  </cestovni-prikaz>
  <cestovni-prikaz id="cp0003" klient="o0001">
    <prikaz>
      <datum-vytvoreni-prikazu >
        <datetime>
          <date>2012-03-12</date>
          <time>10:23:00</time>
        </datetime>
      </datum-vytvoreni-prikazu>
      <datum-souhlasu-zamestnance-s-cestou>
        <date>2012-03-12</date>
      </datum-souhlasu-zamestnance-s-cestou>
      <urceny-dopravni-prostredek>
        <typ_R/>
      </urceny-dopravni-prostredek>
      <predpokladana-castka-vydaju>500</predpokladana-castka-vydaju>
      <zaloha>
        <datum-vydani-zalohy>
          <date>2012-03-12</date>
        </datum-vydani-zalohy>
        <obnos>200</obnos>
        <cislo-pokladniho-dokladu>201003123</cislo-pokladniho-dokladu>
      </zaloha>
      <datum-povoleni-cesty>
        <date>2012-03-12</date>
      </datum-povoleni-cesty>
      <povolil>
        <odkaz-do-adresare osoba="o0001"/>
      </povolil>
      <predepsane-cesty>
        <predepsana-cesta>
          <pocatek-cesty>
            <misto>Chotěboř</misto>
            <date>2012-03-13</date>
            <time>08:30:00</time>
          </pocatek-cesty>
          <misto-jednani>Pražský hrad, Praha</misto-jednani>
          <ucel-cesty>Návštěva výstavy "Umění české reformace"</ucel-cesty>
          <konec-cesty>
            <misto>Chotěboř</misto>
            <date>2012-03-13</date>
          </konec-cesty>            
        </predepsana-cesta>
      </predepsane-cesty>
    </prikaz>
    <vyuctovani>
      <uctovane-cesty>
        <uctovana-cesta>
          <datum-cesty>
            <date>2012-03-13</date>
          </datum-cesty>
          <odjezd-z>
            <misto>Chotěboř</misto>
          </odjezd-z>
          <prijezd-do>
            <misto>Praha</misto>
          </prijezd-do>
          <odjezd-z-hod>
            <time>08:30:00</time>
          </odjezd-z-hod>
          <prijezd-do-hod>
            <time>11:00:00</time>
          </prijezd-do-hod>
          <urceny-dopravni-prostredek>
            <typ_R/>
          </urceny-dopravni-prostredek>
          <vzdalenost>153</vzdalenost>
          <jizdne>194</jizdne>
          <stravne>0</stravne>
          <noclezne>0</noclezne>
          <vedlejsi-vydaje>0</vedlejsi-vydaje>
        </uctovana-cesta>
        <uctovana-cesta>
          <datum-cesty>
            <date>2012-03-13</date>
          </datum-cesty>
          <odjezd-z>
            <misto>Praha</misto>
          </odjezd-z>
          <prijezd-do>
            <misto>Chotěboř</misto>
          </prijezd-do>
          <odjezd-z-hod>
            <time>16:00:00</time>
          </odjezd-z-hod>
          <prijezd-do-hod>
            <time>18:30:00</time>
          </prijezd-do-hod>
          <urceny-dopravni-prostredek>
            <typ_R/>
          </urceny-dopravni-prostredek>
          <vzdalenost>153</vzdalenost>
          <jizdne>194</jizdne>
          <stravne>100</stravne>
          <noclezne>0</noclezne>
          <vedlejsi-vydaje>0</vedlejsi-vydaje>
        </uctovana-cesta>
        <uctovana-cesta>
          <datum-cesty>
            <date>2012-03-13</date>
          </datum-cesty>
          <odjezd-z>
            <misto>Praha</misto>
          </odjezd-z>
          <prijezd-do>
            <misto>Chotěboř</misto>
          </prijezd-do>
          <odjezd-z-hod>
            <time>16:00:00</time>
          </odjezd-z-hod>
          <prijezd-do-hod>
            <time>18:30:00</time>
          </prijezd-do-hod>
          <urceny-dopravni-prostredek>
            <typ_R/>
          </urceny-dopravni-prostredek>
          <vzdalenost>153</vzdalenost>
          <jizdne>194</jizdne>
          <stravne>100</stravne>
          <noclezne>0</noclezne>
          <vedlejsi-vydaje>0</vedlejsi-vydaje>
        </uctovana-cesta>
        <uctovana-cesta>
          <datum-cesty>
            <date>2012-03-13</date>
          </datum-cesty>
          <odjezd-z>
            <misto>Praha</misto>
          </odjezd-z>
          <prijezd-do>
            <misto>Chotěboř</misto>
          </prijezd-do>
          <odjezd-z-hod>
            <time>16:00:00</time>
          </odjezd-z-hod>
          <prijezd-do-hod>
            <time>18:30:00</time>
          </prijezd-do-hod>
          <urceny-dopravni-prostredek>
            <typ_R/>
          </urceny-dopravni-prostredek>
          <vzdalenost>153</vzdalenost>
          <jizdne>194</jizdne>
          <stravne>100</stravne>
          <noclezne>0</noclezne>
          <vedlejsi-vydaje>0</vedlejsi-vydaje>
        </uctovana-cesta>
        <uctovana-cesta>
          <datum-cesty>
            <date>2012-03-13</date>
          </datum-cesty>
          <odjezd-z>
            <misto>Praha</misto>
          </odjezd-z>
          <prijezd-do>
            <misto>Chotěboř</misto>
          </prijezd-do>
          <odjezd-z-hod>
            <time>16:00:00</time>
          </odjezd-z-hod>
          <prijezd-do-hod>
            <time>18:30:00</time>
          </prijezd-do-hod>
          <urceny-dopravni-prostredek>
            <typ_R/>
          </urceny-dopravni-prostredek>
          <vzdalenost>153</vzdalenost>
          <jizdne>194</jizdne>
          <stravne>100</stravne>
          <noclezne>0</noclezne>
          <vedlejsi-vydaje>0</vedlejsi-vydaje>
        </uctovana-cesta>
        <uctovana-cesta>
          <datum-cesty>
            <date>2012-03-13</date>
          </datum-cesty>
          <odjezd-z>
            <misto>Praha</misto>
          </odjezd-z>
          <prijezd-do>
            <misto>Chotěboř</misto>
          </prijezd-do>
          <odjezd-z-hod>
            <time>16:00:00</time>
          </odjezd-z-hod>
          <prijezd-do-hod>
            <time>18:30:00</time>
          </prijezd-do-hod>
          <urceny-dopravni-prostredek>
            <typ_R/>
          </urceny-dopravni-prostredek>
          <vzdalenost>153</vzdalenost>
          <jizdne>194</jizdne>
          <stravne>100</stravne>
          <noclezne>0</noclezne>
          <vedlejsi-vydaje>0</vedlejsi-vydaje>
        </uctovana-cesta>
        <uctovana-cesta>
          <datum-cesty>
            <date>2012-03-13</date>
          </datum-cesty>
          <odjezd-z>
            <misto>Praha</misto>
          </odjezd-z>
          <prijezd-do>
            <misto>Chotěboř</misto>
          </prijezd-do>
          <odjezd-z-hod>
            <time>16:00:00</time>
          </odjezd-z-hod>
          <prijezd-do-hod>
            <time>18:30:00</time>
          </prijezd-do-hod>
          <urceny-dopravni-prostredek>
            <typ_R/>
          </urceny-dopravni-prostredek>
          <vzdalenost>153</vzdalenost>
          <jizdne>194</jizdne>
          <stravne>100</stravne>
          <noclezne>0</noclezne>
          <vedlejsi-vydaje>0</vedlejsi-vydaje>
        </uctovana-cesta>
        <uctovana-cesta>
          <datum-cesty>
            <date>2012-03-13</date>
          </datum-cesty>
          <odjezd-z>
            <misto>Praha</misto>
          </odjezd-z>
          <prijezd-do>
            <misto>Chotěboř</misto>
          </prijezd-do>
          <odjezd-z-hod>
            <time>16:00:00</time>
          </odjezd-z-hod>
          <prijezd-do-hod>
            <time>18:30:00</time>
          </prijezd-do-hod>
          <urceny-dopravni-prostredek>
            <typ_R/>
          </urceny-dopravni-prostredek>
          <vzdalenost>153</vzdalenost>
          <jizdne>194</jizdne>
          <stravne>100</stravne>
          <noclezne>0</noclezne>
          <vedlejsi-vydaje>0</vedlejsi-vydaje>
        </uctovana-cesta>
        <uctovana-cesta>
          <datum-cesty>
            <date>2012-03-13</date>
          </datum-cesty>
          <odjezd-z>
            <misto>Praha</misto>
          </odjezd-z>
          <prijezd-do>
            <misto>Chotěboř</misto>
          </prijezd-do>
          <odjezd-z-hod>
            <time>16:00:00</time>
          </odjezd-z-hod>
          <prijezd-do-hod>
            <time>18:30:00</time>
          </prijezd-do-hod>
          <urceny-dopravni-prostredek>
            <typ_R/>
          </urceny-dopravni-prostredek>
          <vzdalenost>153</vzdalenost>
          <jizdne>194</jizdne>
          <stravne>100</stravne>
          <noclezne>0</noclezne>
          <vedlejsi-vydaje>0</vedlejsi-vydaje>
        </uctovana-cesta>
        <uctovana-cesta>
          <datum-cesty>
            <date>2012-03-13</date>
          </datum-cesty>
          <odjezd-z>
            <misto>Praha</misto>
          </odjezd-z>
          <prijezd-do>
            <misto>Chotěboř</misto>
          </prijezd-do>
          <odjezd-z-hod>
            <time>16:00:00</time>
          </odjezd-z-hod>
          <prijezd-do-hod>
            <time>18:30:00</time>
          </prijezd-do-hod>
          <urceny-dopravni-prostredek>
            <typ_R/>
          </urceny-dopravni-prostredek>
          <vzdalenost>153</vzdalenost>
          <jizdne>194</jizdne>
          <stravne>100</stravne>
          <noclezne>0</noclezne>
          <vedlejsi-vydaje>0</vedlejsi-vydaje>
        </uctovana-cesta>
        <uctovana-cesta>
          <datum-cesty>
            <date>2012-03-13</date>
          </datum-cesty>
          <odjezd-z>
            <misto>Praha</misto>
          </odjezd-z>
          <prijezd-do>
            <misto>Chotěboř</misto>
          </prijezd-do>
          <odjezd-z-hod>
            <time>16:00:00</time>
          </odjezd-z-hod>
          <prijezd-do-hod>
            <time>18:30:00</time>
          </prijezd-do-hod>
          <urceny-dopravni-prostredek>
            <typ_R/>
          </urceny-dopravni-prostredek>
          <vzdalenost>153</vzdalenost>
          <jizdne>194</jizdne>
          <stravne>100</stravne>
          <noclezne>0</noclezne>
          <vedlejsi-vydaje>0</vedlejsi-vydaje>
        </uctovana-cesta>
        <uctovana-cesta>
          <datum-cesty>
            <date>2012-03-13</date>
          </datum-cesty>
          <odjezd-z>
            <misto>Praha</misto>
          </odjezd-z>
          <prijezd-do>
            <misto>Chotěboř</misto>
          </prijezd-do>
          <odjezd-z-hod>
            <time>16:00:00</time>
          </odjezd-z-hod>
          <prijezd-do-hod>
            <time>18:30:00</time>
          </prijezd-do-hod>
          <urceny-dopravni-prostredek>
            <typ_R/>
          </urceny-dopravni-prostredek>
          <vzdalenost>153</vzdalenost>
          <jizdne>194</jizdne>
          <stravne>100</stravne>
          <noclezne>0</noclezne>
          <vedlejsi-vydaje>0</vedlejsi-vydaje>
        </uctovana-cesta>
        <uctovana-cesta>
          <datum-cesty>
            <date>2012-03-13</date>
          </datum-cesty>
          <odjezd-z>
            <misto>Praha</misto>
          </odjezd-z>
          <prijezd-do>
            <misto>Chotěboř</misto>
          </prijezd-do>
          <odjezd-z-hod>
            <time>16:00:00</time>
          </odjezd-z-hod>
          <prijezd-do-hod>
            <time>18:30:00</time>
          </prijezd-do-hod>
          <urceny-dopravni-prostredek>
            <typ_R/>
          </urceny-dopravni-prostredek>
          <vzdalenost>153</vzdalenost>
          <jizdne>194</jizdne>
          <stravne>100</stravne>
          <noclezne>0</noclezne>
          <vedlejsi-vydaje>0</vedlejsi-vydaje>
        </uctovana-cesta>
        <uctovana-cesta>
          <datum-cesty>
            <date>2012-03-13</date>
          </datum-cesty>
          <odjezd-z>
            <misto>Praha</misto>
          </odjezd-z>
          <prijezd-do>
            <misto>Chotěboř</misto>
          </prijezd-do>
          <odjezd-z-hod>
            <time>16:00:00</time>
          </odjezd-z-hod>
          <prijezd-do-hod>
            <time>18:30:00</time>
          </prijezd-do-hod>
          <urceny-dopravni-prostredek>
            <typ_R/>
          </urceny-dopravni-prostredek>
          <vzdalenost>153</vzdalenost>
          <jizdne>194</jizdne>
          <stravne>100</stravne>
          <noclezne>0</noclezne>
          <vedlejsi-vydaje>0</vedlejsi-vydaje>
        </uctovana-cesta>
        <uctovana-cesta>
          <datum-cesty>
            <date>2012-03-13</date>
          </datum-cesty>
          <odjezd-z>
            <misto>Praha</misto>
          </odjezd-z>
          <prijezd-do>
            <misto>Chotěboř</misto>
          </prijezd-do>
          <odjezd-z-hod>
            <time>16:00:00</time>
          </odjezd-z-hod>
          <prijezd-do-hod>
            <time>18:30:00</time>
          </prijezd-do-hod>
          <urceny-dopravni-prostredek>
            <typ_R/>
          </urceny-dopravni-prostredek>
          <vzdalenost>153</vzdalenost>
          <jizdne>194</jizdne>
          <stravne>100</stravne>
          <noclezne>0</noclezne>
          <vedlejsi-vydaje>0</vedlejsi-vydaje>
        </uctovana-cesta>
        <uctovana-cesta>
          <datum-cesty>
            <date>2012-03-13</date>
          </datum-cesty>
          <odjezd-z>
            <misto>Praha</misto>
          </odjezd-z>
          <prijezd-do>
            <misto>Chotěboř</misto>
          </prijezd-do>
          <odjezd-z-hod>
            <time>16:00:00</time>
          </odjezd-z-hod>
          <prijezd-do-hod>
            <time>18:30:00</time>
          </prijezd-do-hod>
          <urceny-dopravni-prostredek>
            <typ_R/>
          </urceny-dopravni-prostredek>
          <vzdalenost>153</vzdalenost>
          <jizdne>194</jizdne>
          <stravne>100</stravne>
          <noclezne>0</noclezne>
          <vedlejsi-vydaje>0</vedlejsi-vydaje>
        </uctovana-cesta>
        <uctovana-cesta>
          <datum-cesty>
            <date>2012-03-13</date>
          </datum-cesty>
          <odjezd-z>
            <misto>Praha</misto>
          </odjezd-z>
          <prijezd-do>
            <misto>Chotěboř</misto>
          </prijezd-do>
          <odjezd-z-hod>
            <time>16:00:00</time>
          </odjezd-z-hod>
          <prijezd-do-hod>
            <time>18:30:00</time>
          </prijezd-do-hod>
          <urceny-dopravni-prostredek>
            <typ_R/>
          </urceny-dopravni-prostredek>
          <vzdalenost>153</vzdalenost>
          <jizdne>194</jizdne>
          <stravne>100</stravne>
          <noclezne>0</noclezne>
          <vedlejsi-vydaje>0</vedlejsi-vydaje>
        </uctovana-cesta>
        <uctovana-cesta>
          <datum-cesty>
            <date>2012-03-13</date>
          </datum-cesty>
          <odjezd-z>
            <misto>Praha</misto>
          </odjezd-z>
          <prijezd-do>
            <misto>Chotěboř</misto>
          </prijezd-do>
          <odjezd-z-hod>
            <time>16:00:00</time>
          </odjezd-z-hod>
          <prijezd-do-hod>
            <time>18:30:00</time>
          </prijezd-do-hod>
          <urceny-dopravni-prostredek>
            <typ_R/>
          </urceny-dopravni-prostredek>
          <vzdalenost>153</vzdalenost>
          <jizdne>194</jizdne>
          <stravne>100</stravne>
          <noclezne>0</noclezne>
          <vedlejsi-vydaje>0</vedlejsi-vydaje>
        </uctovana-cesta>
        <uctovana-cesta>
          <datum-cesty>
            <date>2012-03-13</date>
          </datum-cesty>
          <odjezd-z>
            <misto>Praha</misto>
          </odjezd-z>
          <prijezd-do>
            <misto>Chotěboř</misto>
          </prijezd-do>
          <odjezd-z-hod>
            <time>16:00:00</time>
          </odjezd-z-hod>
          <prijezd-do-hod>
            <time>18:30:00</time>
          </prijezd-do-hod>
          <urceny-dopravni-prostredek>
            <typ_R/>
          </urceny-dopravni-prostredek>
          <vzdalenost>153</vzdalenost>
          <jizdne>194</jizdne>
          <stravne>100</stravne>
          <noclezne>0</noclezne>
          <vedlejsi-vydaje>0</vedlejsi-vydaje>
        </uctovana-cesta>
        <uctovana-cesta>
          <datum-cesty>
            <date>2012-03-13</date>
          </datum-cesty>
          <odjezd-z>
            <misto>Praha</misto>
          </odjezd-z>
          <prijezd-do>
            <misto>Chotěboř</misto>
          </prijezd-do>
          <odjezd-z-hod>
            <time>16:00:00</time>
          </odjezd-z-hod>
          <prijezd-do-hod>
            <time>18:30:00</time>
          </prijezd-do-hod>
          <urceny-dopravni-prostredek>
            <typ_R/>
          </urceny-dopravni-prostredek>
          <vzdalenost>153</vzdalenost>
          <jizdne>194</jizdne>
          <stravne>100</stravne>
          <noclezne>0</noclezne>
          <vedlejsi-vydaje>0</vedlejsi-vydaje>
        </uctovana-cesta>
        <uctovana-cesta>
          <datum-cesty>
            <date>2012-03-13</date>
          </datum-cesty>
          <odjezd-z>
            <misto>Praha</misto>
          </odjezd-z>
          <prijezd-do>
            <misto>Chotěboř</misto>
          </prijezd-do>
          <odjezd-z-hod>
            <time>16:00:00</time>
          </odjezd-z-hod>
          <prijezd-do-hod>
            <time>18:30:00</time>
          </prijezd-do-hod>
          <urceny-dopravni-prostredek>
            <typ_R/>
          </urceny-dopravni-prostredek>
          <vzdalenost>153</vzdalenost>
          <jizdne>194</jizdne>
          <stravne>100</stravne>
          <noclezne>0</noclezne>
          <vedlejsi-vydaje>0</vedlejsi-vydaje>
        </uctovana-cesta>
        <uctovana-cesta>
          <datum-cesty>
            <date>2012-03-13</date>
          </datum-cesty>
          <odjezd-z>
            <misto>Praha</misto>
          </odjezd-z>
          <prijezd-do>
            <misto>Chotěboř</misto>
          </prijezd-do>
          <odjezd-z-hod>
            <time>16:00:00</time>
          </odjezd-z-hod>
          <prijezd-do-hod>
            <time>18:30:00</time>
          </prijezd-do-hod>
          <urceny-dopravni-prostredek>
            <typ_R/>
          </urceny-dopravni-prostredek>
          <vzdalenost>153</vzdalenost>
          <jizdne>194</jizdne>
          <stravne>100</stravne>
          <noclezne>0</noclezne>
          <vedlejsi-vydaje>0</vedlejsi-vydaje>
        </uctovana-cesta>
        <uctovana-cesta>
          <datum-cesty>
            <date>2012-03-13</date>
          </datum-cesty>
          <odjezd-z>
            <misto>Praha</misto>
          </odjezd-z>
          <prijezd-do>
            <misto>Chotěboř</misto>
          </prijezd-do>
          <odjezd-z-hod>
            <time>16:00:00</time>
          </odjezd-z-hod>
          <prijezd-do-hod>
            <time>18:30:00</time>
          </prijezd-do-hod>
          <urceny-dopravni-prostredek>
            <typ_R/>
          </urceny-dopravni-prostredek>
          <vzdalenost>153</vzdalenost>
          <jizdne>194</jizdne>
          <stravne>100</stravne>
          <noclezne>0</noclezne>
          <vedlejsi-vydaje>0</vedlejsi-vydaje>
        </uctovana-cesta>
        <uctovana-cesta>
          <datum-cesty>
            <date>2012-03-13</date>
          </datum-cesty>
          <odjezd-z>
            <misto>Praha</misto>
          </odjezd-z>
          <prijezd-do>
            <misto>Chotěboř</misto>
          </prijezd-do>
          <odjezd-z-hod>
            <time>16:00:00</time>
          </odjezd-z-hod>
          <prijezd-do-hod>
            <time>18:30:00</time>
          </prijezd-do-hod>
          <urceny-dopravni-prostredek>
            <typ_R/>
          </urceny-dopravni-prostredek>
          <vzdalenost>153</vzdalenost>
          <jizdne>194</jizdne>
          <stravne>100</stravne>
          <noclezne>0</noclezne>
          <vedlejsi-vydaje>0</vedlejsi-vydaje>
        </uctovana-cesta>
        <uctovana-cesta>
          <datum-cesty>
            <date>2012-03-13</date>
          </datum-cesty>
          <odjezd-z>
            <misto>Praha</misto>
          </odjezd-z>
          <prijezd-do>
            <misto>Chotěboř</misto>
          </prijezd-do>
          <odjezd-z-hod>
            <time>16:00:00</time>
          </odjezd-z-hod>
          <prijezd-do-hod>
            <time>18:30:00</time>
          </prijezd-do-hod>
          <urceny-dopravni-prostredek>
            <typ_R/>
          </urceny-dopravni-prostredek>
          <vzdalenost>153</vzdalenost>
          <jizdne>194</jizdne>
          <stravne>100</stravne>
          <noclezne>0</noclezne>
          <vedlejsi-vydaje>0</vedlejsi-vydaje>
        </uctovana-cesta>
        <uctovana-cesta>
          <datum-cesty>
            <date>2012-03-13</date>
          </datum-cesty>
          <odjezd-z>
            <misto>Praha</misto>
          </odjezd-z>
          <prijezd-do>
            <misto>Chotěboř</misto>
          </prijezd-do>
          <odjezd-z-hod>
            <time>16:00:00</time>
          </odjezd-z-hod>
          <prijezd-do-hod>
            <time>18:30:00</time>
          </prijezd-do-hod>
          <urceny-dopravni-prostredek>
            <typ_R/>
          </urceny-dopravni-prostredek>
          <vzdalenost>153</vzdalenost>
          <jizdne>194</jizdne>
          <stravne>100</stravne>
          <noclezne>0</noclezne>
          <vedlejsi-vydaje>0</vedlejsi-vydaje>
        </uctovana-cesta>
        <uctovana-cesta>
          <datum-cesty>
            <date>2012-03-13</date>
          </datum-cesty>
          <odjezd-z>
            <misto>Praha</misto>
          </odjezd-z>
          <prijezd-do>
            <misto>Chotěboř</misto>
          </prijezd-do>
          <odjezd-z-hod>
            <time>16:00:00</time>
          </odjezd-z-hod>
          <prijezd-do-hod>
            <time>18:30:00</time>
          </prijezd-do-hod>
          <urceny-dopravni-prostredek>
            <typ_R/>
          </urceny-dopravni-prostredek>
          <vzdalenost>153</vzdalenost>
          <jizdne>194</jizdne>
          <stravne>100</stravne>
          <noclezne>0</noclezne>
          <vedlejsi-vydaje>0</vedlejsi-vydaje>
        </uctovana-cesta>
        <uctovana-cesta>
          <datum-cesty>
            <date>2012-03-13</date>
          </datum-cesty>
          <odjezd-z>
            <misto>Praha</misto>
          </odjezd-z>
          <prijezd-do>
            <misto>Chotěboř</misto>
          </prijezd-do>
          <odjezd-z-hod>
            <time>16:00:00</time>
          </odjezd-z-hod>
          <prijezd-do-hod>
            <time>18:30:00</time>
          </prijezd-do-hod>
          <urceny-dopravni-prostredek>
            <typ_R/>
          </urceny-dopravni-prostredek>
          <vzdalenost>153</vzdalenost>
          <jizdne>194</jizdne>
          <stravne>100</stravne>
          <noclezne>0</noclezne>
          <vedlejsi-vydaje>0</vedlejsi-vydaje>
        </uctovana-cesta>
        <uctovana-cesta>
          <datum-cesty>
            <date>2012-03-13</date>
          </datum-cesty>
          <odjezd-z>
            <misto>Praha</misto>
          </odjezd-z>
          <prijezd-do>
            <misto>Chotěboř</misto>
          </prijezd-do>
          <odjezd-z-hod>
            <time>16:00:00</time>
          </odjezd-z-hod>
          <prijezd-do-hod>
            <time>18:30:00</time>
          </prijezd-do-hod>
          <urceny-dopravni-prostredek>
            <typ_R/>
          </urceny-dopravni-prostredek>
          <vzdalenost>153</vzdalenost>
          <jizdne>194</jizdne>
          <stravne>100</stravne>
          <noclezne>0</noclezne>
          <vedlejsi-vydaje>0</vedlejsi-vydaje>
        </uctovana-cesta>
        <uctovana-cesta>
          <datum-cesty>
            <date>2012-03-13</date>
          </datum-cesty>
          <odjezd-z>
            <misto>Praha</misto>
          </odjezd-z>
          <prijezd-do>
            <misto>Chotěboř</misto>
          </prijezd-do>
          <odjezd-z-hod>
            <time>16:00:00</time>
          </odjezd-z-hod>
          <prijezd-do-hod>
            <time>18:30:00</time>
          </prijezd-do-hod>
          <urceny-dopravni-prostredek>
            <typ_R/>
          </urceny-dopravni-prostredek>
          <vzdalenost>153</vzdalenost>
          <jizdne>194</jizdne>
          <stravne>100</stravne>
          <noclezne>0</noclezne>
          <vedlejsi-vydaje>0</vedlejsi-vydaje>
        </uctovana-cesta>
        <uctovana-cesta>
          <datum-cesty>
            <date>2012-03-13</date>
          </datum-cesty>
          <odjezd-z>
            <misto>Praha</misto>
          </odjezd-z>
          <prijezd-do>
            <misto>Chotěboř</misto>
          </prijezd-do>
          <odjezd-z-hod>
            <time>16:00:00</time>
          </odjezd-z-hod>
          <prijezd-do-hod>
            <time>18:30:00</time>
          </prijezd-do-hod>
          <urceny-dopravni-prostredek>
            <typ_R/>
          </urceny-dopravni-prostredek>
          <vzdalenost>153</vzdalenost>
          <jizdne>194</jizdne>
          <stravne>100</stravne>
          <noclezne>0</noclezne>
          <vedlejsi-vydaje>0</vedlejsi-vydaje>
        </uctovana-cesta>
        <uctovana-cesta>
          <datum-cesty>
            <date>2012-03-13</date>
          </datum-cesty>
          <odjezd-z>
            <misto>Praha</misto>
          </odjezd-z>
          <prijezd-do>
            <misto>Chotěboř</misto>
          </prijezd-do>
          <odjezd-z-hod>
            <time>16:00:00</time>
          </odjezd-z-hod>
          <prijezd-do-hod>
            <time>18:30:00</time>
          </prijezd-do-hod>
          <urceny-dopravni-prostredek>
            <typ_R/>
          </urceny-dopravni-prostredek>
          <vzdalenost>153</vzdalenost>
          <jizdne>194</jizdne>
          <stravne>100</stravne>
          <noclezne>0</noclezne>
          <vedlejsi-vydaje>0</vedlejsi-vydaje>
        </uctovana-cesta>
        <uctovana-cesta>
          <datum-cesty>
            <date>2012-03-13</date>
          </datum-cesty>
          <odjezd-z>
            <misto>Praha</misto>
          </odjezd-z>
          <prijezd-do>
            <misto>Chotěboř</misto>
          </prijezd-do>
          <odjezd-z-hod>
            <time>16:00:00</time>
          </odjezd-z-hod>
          <prijezd-do-hod>
            <time>18:30:00</time>
          </prijezd-do-hod>
          <urceny-dopravni-prostredek>
            <typ_R/>
          </urceny-dopravni-prostredek>
          <vzdalenost>153</vzdalenost>
          <jizdne>194</jizdne>
          <stravne>100</stravne>
          <noclezne>0</noclezne>
          <vedlejsi-vydaje>0</vedlejsi-vydaje>
        </uctovana-cesta>
        <uctovana-cesta>
          <datum-cesty>
            <date>2012-03-13</date>
          </datum-cesty>
          <odjezd-z>
            <misto>Praha</misto>
          </odjezd-z>
          <prijezd-do>
            <misto>Chotěboř</misto>
          </prijezd-do>
          <odjezd-z-hod>
            <time>16:00:00</time>
          </odjezd-z-hod>
          <prijezd-do-hod>
            <time>18:30:00</time>
          </prijezd-do-hod>
          <urceny-dopravni-prostredek>
            <typ_R/>
          </urceny-dopravni-prostredek>
          <vzdalenost>153</vzdalenost>
          <jizdne>194</jizdne>
          <stravne>100</stravne>
          <noclezne>0</noclezne>
          <vedlejsi-vydaje>0</vedlejsi-vydaje>
        </uctovana-cesta>
        <uctovana-cesta>
          <datum-cesty>
            <date>2012-03-13</date>
          </datum-cesty>
          <odjezd-z>
            <misto>Praha</misto>
          </odjezd-z>
          <prijezd-do>
            <misto>Chotěboř</misto>
          </prijezd-do>
          <odjezd-z-hod>
            <time>16:00:00</time>
          </odjezd-z-hod>
          <prijezd-do-hod>
            <time>18:30:00</time>
          </prijezd-do-hod>
          <urceny-dopravni-prostredek>
            <typ_R/>
          </urceny-dopravni-prostredek>
          <vzdalenost>153</vzdalenost>
          <jizdne>194</jizdne>
          <stravne>100</stravne>
          <noclezne>0</noclezne>
          <vedlejsi-vydaje>0</vedlejsi-vydaje>
        </uctovana-cesta>
        <uctovana-cesta>
          <datum-cesty>
            <date>2012-03-13</date>
          </datum-cesty>
          <odjezd-z>
            <misto>Praha</misto>
          </odjezd-z>
          <prijezd-do>
            <misto>Chotěboř</misto>
          </prijezd-do>
          <odjezd-z-hod>
            <time>16:00:00</time>
          </odjezd-z-hod>
          <prijezd-do-hod>
            <time>18:30:00</time>
          </prijezd-do-hod>
          <urceny-dopravni-prostredek>
            <typ_R/>
          </urceny-dopravni-prostredek>
          <vzdalenost>153</vzdalenost>
          <jizdne>194</jizdne>
          <stravne>100</stravne>
          <noclezne>0</noclezne>
          <vedlejsi-vydaje>0</vedlejsi-vydaje>
        </uctovana-cesta>
        <uctovana-cesta>
          <datum-cesty>
            <date>2012-03-13</date>
          </datum-cesty>
          <odjezd-z>
            <misto>Praha</misto>
          </odjezd-z>
          <prijezd-do>
            <misto>Chotěboř</misto>
          </prijezd-do>
          <odjezd-z-hod>
            <time>16:00:00</time>
          </odjezd-z-hod>
          <prijezd-do-hod>
            <time>18:30:00</time>
          </prijezd-do-hod>
          <urceny-dopravni-prostredek>
            <typ_R/>
          </urceny-dopravni-prostredek>
          <vzdalenost>153</vzdalenost>
          <jizdne>194</jizdne>
          <stravne>100</stravne>
          <noclezne>0</noclezne>
          <vedlejsi-vydaje>0</vedlejsi-vydaje>
        </uctovana-cesta>
        <uctovana-cesta>
          <datum-cesty>
            <date>2012-03-13</date>
          </datum-cesty>
          <odjezd-z>
            <misto>Praha</misto>
          </odjezd-z>
          <prijezd-do>
            <misto>Chotěboř</misto>
          </prijezd-do>
          <odjezd-z-hod>
            <time>16:00:00</time>
          </odjezd-z-hod>
          <prijezd-do-hod>
            <time>18:30:00</time>
          </prijezd-do-hod>
          <urceny-dopravni-prostredek>
            <typ_R/>
          </urceny-dopravni-prostredek>
          <vzdalenost>153</vzdalenost>
          <jizdne>194</jizdne>
          <stravne>100</stravne>
          <noclezne>0</noclezne>
          <vedlejsi-vydaje>0</vedlejsi-vydaje>
        </uctovana-cesta>
        <uctovana-cesta>
          <datum-cesty>
            <date>2012-03-13</date>
          </datum-cesty>
          <odjezd-z>
            <misto>Praha</misto>
          </odjezd-z>
          <prijezd-do>
            <misto>Chotěboř</misto>
          </prijezd-do>
          <odjezd-z-hod>
            <time>16:00:00</time>
          </odjezd-z-hod>
          <prijezd-do-hod>
            <time>18:30:00</time>
          </prijezd-do-hod>
          <urceny-dopravni-prostredek>
            <typ_R/>
          </urceny-dopravni-prostredek>
          <vzdalenost>153</vzdalenost>
          <jizdne>194</jizdne>
          <stravne>100</stravne>
          <noclezne>0</noclezne>
          <vedlejsi-vydaje>0</vedlejsi-vydaje>
        </uctovana-cesta>
        <uctovana-cesta>
          <datum-cesty>
            <date>2012-03-13</date>
          </datum-cesty>
          <odjezd-z>
            <misto>Praha</misto>
          </odjezd-z>
          <prijezd-do>
            <misto>Chotěboř</misto>
          </prijezd-do>
          <odjezd-z-hod>
            <time>16:00:00</time>
          </odjezd-z-hod>
          <prijezd-do-hod>
            <time>18:30:00</time>
          </prijezd-do-hod>
          <urceny-dopravni-prostredek>
            <typ_R/>
          </urceny-dopravni-prostredek>
          <vzdalenost>153</vzdalenost>
          <jizdne>194</jizdne>
          <stravne>100</stravne>
          <noclezne>0</noclezne>
          <vedlejsi-vydaje>0</vedlejsi-vydaje>
        </uctovana-cesta>
        <uctovana-cesta>
          <datum-cesty>
            <date>2012-03-13</date>
          </datum-cesty>
          <odjezd-z>
            <misto>Praha</misto>
          </odjezd-z>
          <prijezd-do>
            <misto>Chotěboř</misto>
          </prijezd-do>
          <odjezd-z-hod>
            <time>16:00:00</time>
          </odjezd-z-hod>
          <prijezd-do-hod>
            <time>18:30:00</time>
          </prijezd-do-hod>
          <urceny-dopravni-prostredek>
            <typ_R/>
          </urceny-dopravni-prostredek>
          <vzdalenost>153</vzdalenost>
          <jizdne>194</jizdne>
          <stravne>100</stravne>
          <noclezne>0</noclezne>
          <vedlejsi-vydaje>0</vedlejsi-vydaje>
        </uctovana-cesta>
        <uctovana-cesta>
          <datum-cesty>
            <date>2012-03-13</date>
          </datum-cesty>
          <odjezd-z>
            <misto>Praha</misto>
          </odjezd-z>
          <prijezd-do>
            <misto>Chotěboř</misto>
          </prijezd-do>
          <odjezd-z-hod>
            <time>16:00:00</time>
          </odjezd-z-hod>
          <prijezd-do-hod>
            <time>18:30:00</time>
          </prijezd-do-hod>
          <urceny-dopravni-prostredek>
            <typ_R/>
          </urceny-dopravni-prostredek>
          <vzdalenost>153</vzdalenost>
          <jizdne>194</jizdne>
          <stravne>100</stravne>
          <noclezne>0</noclezne>
          <vedlejsi-vydaje>0</vedlejsi-vydaje>
        </uctovana-cesta>
        <uctovana-cesta>
          <datum-cesty>
            <date>2012-03-13</date>
          </datum-cesty>
          <odjezd-z>
            <misto>Praha</misto>
          </odjezd-z>
          <prijezd-do>
            <misto>Chotěboř</misto>
          </prijezd-do>
          <odjezd-z-hod>
            <time>16:00:00</time>
          </odjezd-z-hod>
          <prijezd-do-hod>
            <time>18:30:00</time>
          </prijezd-do-hod>
          <urceny-dopravni-prostredek>
            <typ_R/>
          </urceny-dopravni-prostredek>
          <vzdalenost>153</vzdalenost>
          <jizdne>194</jizdne>
          <stravne>100</stravne>
          <noclezne>0</noclezne>
          <vedlejsi-vydaje>0</vedlejsi-vydaje>
        </uctovana-cesta>
        <uctovana-cesta>
          <datum-cesty>
            <date>2012-03-13</date>
          </datum-cesty>
          <odjezd-z>
            <misto>Praha</misto>
          </odjezd-z>
          <prijezd-do>
            <misto>Chotěboř</misto>
          </prijezd-do>
          <odjezd-z-hod>
            <time>16:00:00</time>
          </odjezd-z-hod>
          <prijezd-do-hod>
            <time>18:30:00</time>
          </prijezd-do-hod>
          <urceny-dopravni-prostredek>
            <typ_R/>
          </urceny-dopravni-prostredek>
          <vzdalenost>153</vzdalenost>
          <jizdne>194</jizdne>
          <stravne>100</stravne>
          <noclezne>0</noclezne>
          <vedlejsi-vydaje>0</vedlejsi-vydaje>
        </uctovana-cesta>
        <uctovana-cesta>
          <datum-cesty>
            <date>2012-03-13</date>
          </datum-cesty>
          <odjezd-z>
            <misto>Praha</misto>
          </odjezd-z>
          <prijezd-do>
            <misto>Chotěboř</misto>
          </prijezd-do>
          <odjezd-z-hod>
            <time>16:00:00</time>
          </odjezd-z-hod>
          <prijezd-do-hod>
            <time>18:30:00</time>
          </prijezd-do-hod>
          <urceny-dopravni-prostredek>
            <typ_R/>
          </urceny-dopravni-prostredek>
          <vzdalenost>153</vzdalenost>
          <jizdne>194</jizdne>
          <stravne>100</stravne>
          <noclezne>0</noclezne>
          <vedlejsi-vydaje>0</vedlejsi-vydaje>
        </uctovana-cesta>
        <uctovana-cesta>
          <datum-cesty>
            <date>2012-03-13</date>
          </datum-cesty>
          <odjezd-z>
            <misto>Praha</misto>
          </odjezd-z>
          <prijezd-do>
            <misto>Chotěboř</misto>
          </prijezd-do>
          <odjezd-z-hod>
            <time>16:00:00</time>
          </odjezd-z-hod>
          <prijezd-do-hod>
            <time>18:30:00</time>
          </prijezd-do-hod>
          <urceny-dopravni-prostredek>
            <typ_R/>
          </urceny-dopravni-prostredek>
          <vzdalenost>153</vzdalenost>
          <jizdne>194</jizdne>
          <stravne>100</stravne>
          <noclezne>0</noclezne>
          <vedlejsi-vydaje>0</vedlejsi-vydaje>
        </uctovana-cesta>
        <uctovana-cesta>
          <datum-cesty>
            <date>2012-03-13</date>
          </datum-cesty>
          <odjezd-z>
            <misto>Praha</misto>
          </odjezd-z>
          <prijezd-do>
            <misto>Chotěboř</misto>
          </prijezd-do>
          <odjezd-z-hod>
            <time>16:00:00</time>
          </odjezd-z-hod>
          <prijezd-do-hod>
            <time>18:30:00</time>
          </prijezd-do-hod>
          <urceny-dopravni-prostredek>
            <typ_R/>
          </urceny-dopravni-prostredek>
          <vzdalenost>153</vzdalenost>
          <jizdne>194</jizdne>
          <stravne>100</stravne>
          <noclezne>0</noclezne>
          <vedlejsi-vydaje>0</vedlejsi-vydaje>
        </uctovana-cesta>
        <uctovana-cesta>
          <datum-cesty>
            <date>2012-03-13</date>
          </datum-cesty>
          <odjezd-z>
            <misto>Praha</misto>
          </odjezd-z>
          <prijezd-do>
            <misto>Chotěboř</misto>
          </prijezd-do>
          <odjezd-z-hod>
            <time>16:00:00</time>
          </odjezd-z-hod>
          <prijezd-do-hod>
            <time>18:30:00</time>
          </prijezd-do-hod>
          <urceny-dopravni-prostredek>
            <typ_R/>
          </urceny-dopravni-prostredek>
          <vzdalenost>153</vzdalenost>
          <jizdne>194</jizdne>
          <stravne>100</stravne>
          <noclezne>0</noclezne>
          <vedlejsi-vydaje>0</vedlejsi-vydaje>
        </uctovana-cesta>
        <uctovana-cesta>
          <datum-cesty>
            <date>2012-03-13</date>
          </datum-cesty>
          <odjezd-z>
            <misto>Praha</misto>
          </odjezd-z>
          <prijezd-do>
            <misto>Chotěboř</misto>
          </prijezd-do>
          <odjezd-z-hod>
            <time>16:00:00</time>
          </odjezd-z-hod>
          <prijezd-do-hod>
            <time>18:30:00</time>
          </prijezd-do-hod>
          <urceny-dopravni-prostredek>
            <typ_R/>
          </urceny-dopravni-prostredek>
          <vzdalenost>153</vzdalenost>
          <jizdne>194</jizdne>
          <stravne>100</stravne>
          <noclezne>0</noclezne>
          <vedlejsi-vydaje>0</vedlejsi-vydaje>
        </uctovana-cesta>
        <uctovana-cesta>
          <datum-cesty>
            <date>2012-03-13</date>
          </datum-cesty>
          <odjezd-z>
            <misto>Praha</misto>
          </odjezd-z>
          <prijezd-do>
            <misto>Chotěboř</misto>
          </prijezd-do>
          <odjezd-z-hod>
            <time>16:00:00</time>
          </odjezd-z-hod>
          <prijezd-do-hod>
            <time>18:30:00</time>
          </prijezd-do-hod>
          <urceny-dopravni-prostredek>
            <typ_R/>
          </urceny-dopravni-prostredek>
          <vzdalenost>153</vzdalenost>
          <jizdne>194</jizdne>
          <stravne>100</stravne>
          <noclezne>0</noclezne>
          <vedlejsi-vydaje>0</vedlejsi-vydaje>
        </uctovana-cesta>
        <uctovana-cesta>
          <datum-cesty>
            <date>2012-03-13</date>
          </datum-cesty>
          <odjezd-z>
            <misto>Praha</misto>
          </odjezd-z>
          <prijezd-do>
            <misto>Chotěboř</misto>
          </prijezd-do>
          <odjezd-z-hod>
            <time>16:00:00</time>
          </odjezd-z-hod>
          <prijezd-do-hod>
            <time>18:30:00</time>
          </prijezd-do-hod>
          <urceny-dopravni-prostredek>
            <typ_R/>
          </urceny-dopravni-prostredek>
          <vzdalenost>153</vzdalenost>
          <jizdne>194</jizdne>
          <stravne>100</stravne>
          <noclezne>0</noclezne>
          <vedlejsi-vydaje>0</vedlejsi-vydaje>
        </uctovana-cesta>
        <uctovana-cesta>
          <datum-cesty>
            <date>2012-03-13</date>
          </datum-cesty>
          <odjezd-z>
            <misto>Praha</misto>
          </odjezd-z>
          <prijezd-do>
            <misto>Chotěboř</misto>
          </prijezd-do>
          <odjezd-z-hod>
            <time>16:00:00</time>
          </odjezd-z-hod>
          <prijezd-do-hod>
            <time>18:30:00</time>
          </prijezd-do-hod>
          <urceny-dopravni-prostredek>
            <typ_R/>
          </urceny-dopravni-prostredek>
          <vzdalenost>153</vzdalenost>
          <jizdne>194</jizdne>
          <stravne>100</stravne>
          <noclezne>0</noclezne>
          <vedlejsi-vydaje>0</vedlejsi-vydaje>
        </uctovana-cesta>
        <uctovana-cesta>
          <datum-cesty>
            <date>2012-03-13</date>
          </datum-cesty>
          <odjezd-z>
            <misto>Praha</misto>
          </odjezd-z>
          <prijezd-do>
            <misto>Chotěboř</misto>
          </prijezd-do>
          <odjezd-z-hod>
            <time>16:00:00</time>
          </odjezd-z-hod>
          <prijezd-do-hod>
            <time>18:30:00</time>
          </prijezd-do-hod>
          <urceny-dopravni-prostredek>
            <typ_R/>
          </urceny-dopravni-prostredek>
          <vzdalenost>153</vzdalenost>
          <jizdne>194</jizdne>
          <stravne>100</stravne>
          <noclezne>0</noclezne>
          <vedlejsi-vydaje>0</vedlejsi-vydaje>
        </uctovana-cesta>
        <uctovana-cesta>
          <datum-cesty>
            <date>2012-03-13</date>
          </datum-cesty>
          <odjezd-z>
            <misto>Praha</misto>
          </odjezd-z>
          <prijezd-do>
            <misto>Chotěboř</misto>
          </prijezd-do>
          <odjezd-z-hod>
            <time>16:00:00</time>
          </odjezd-z-hod>
          <prijezd-do-hod>
            <time>18:30:00</time>
          </prijezd-do-hod>
          <urceny-dopravni-prostredek>
            <typ_R/>
          </urceny-dopravni-prostredek>
          <vzdalenost>153</vzdalenost>
          <jizdne>194</jizdne>
          <stravne>100</stravne>
          <noclezne>0</noclezne>
          <vedlejsi-vydaje>0</vedlejsi-vydaje>
        </uctovana-cesta>
        <uctovana-cesta>
          <datum-cesty>
            <date>2012-03-13</date>
          </datum-cesty>
          <odjezd-z>
            <misto>Praha</misto>
          </odjezd-z>
          <prijezd-do>
            <misto>Chotěboř</misto>
          </prijezd-do>
          <odjezd-z-hod>
            <time>16:00:00</time>
          </odjezd-z-hod>
          <prijezd-do-hod>
            <time>18:30:00</time>
          </prijezd-do-hod>
          <urceny-dopravni-prostredek>
            <typ_R/>
          </urceny-dopravni-prostredek>
          <vzdalenost>153</vzdalenost>
          <jizdne>194</jizdne>
          <stravne>100</stravne>
          <noclezne>0</noclezne>
          <vedlejsi-vydaje>0</vedlejsi-vydaje>
        </uctovana-cesta>
        <uctovana-cesta>
          <datum-cesty>
            <date>2012-03-13</date>
          </datum-cesty>
          <odjezd-z>
            <misto>Praha</misto>
          </odjezd-z>
          <prijezd-do>
            <misto>Chotěboř</misto>
          </prijezd-do>
          <odjezd-z-hod>
            <time>16:00:00</time>
          </odjezd-z-hod>
          <prijezd-do-hod>
            <time>18:30:00</time>
          </prijezd-do-hod>
          <urceny-dopravni-prostredek>
            <typ_R/>
          </urceny-dopravni-prostredek>
          <vzdalenost>153</vzdalenost>
          <jizdne>194</jizdne>
          <stravne>100</stravne>
          <noclezne>0</noclezne>
          <vedlejsi-vydaje>0</vedlejsi-vydaje>
        </uctovana-cesta>
        <uctovana-cesta>
          <datum-cesty>
            <date>2012-03-13</date>
          </datum-cesty>
          <odjezd-z>
            <misto>Praha</misto>
          </odjezd-z>
          <prijezd-do>
            <misto>Chotěboř</misto>
          </prijezd-do>
          <odjezd-z-hod>
            <time>16:00:00</time>
          </odjezd-z-hod>
          <prijezd-do-hod>
            <time>18:30:00</time>
          </prijezd-do-hod>
          <urceny-dopravni-prostredek>
            <typ_R/>
          </urceny-dopravni-prostredek>
          <vzdalenost>153</vzdalenost>
          <jizdne>194</jizdne>
          <stravne>100</stravne>
          <noclezne>0</noclezne>
          <vedlejsi-vydaje>0</vedlejsi-vydaje>
        </uctovana-cesta>
        <uctovana-cesta>
          <datum-cesty>
            <date>2012-03-13</date>
          </datum-cesty>
          <odjezd-z>
            <misto>Praha</misto>
          </odjezd-z>
          <prijezd-do>
            <misto>Chotěboř</misto>
          </prijezd-do>
          <odjezd-z-hod>
            <time>16:00:00</time>
          </odjezd-z-hod>
          <prijezd-do-hod>
            <time>18:30:00</time>
          </prijezd-do-hod>
          <urceny-dopravni-prostredek>
            <typ_R/>
          </urceny-dopravni-prostredek>
          <vzdalenost>153</vzdalenost>
          <jizdne>194</jizdne>
          <stravne>100</stravne>
          <noclezne>0</noclezne>
          <vedlejsi-vydaje>0</vedlejsi-vydaje>
        </uctovana-cesta>
        <uctovana-cesta>
          <datum-cesty>
            <date>2012-03-13</date>
          </datum-cesty>
          <odjezd-z>
            <misto>Praha</misto>
          </odjezd-z>
          <prijezd-do>
            <misto>Chotěboř</misto>
          </prijezd-do>
          <odjezd-z-hod>
            <time>16:00:00</time>
          </odjezd-z-hod>
          <prijezd-do-hod>
            <time>18:30:00</time>
          </prijezd-do-hod>
          <urceny-dopravni-prostredek>
            <typ_R/>
          </urceny-dopravni-prostredek>
          <vzdalenost>153</vzdalenost>
          <jizdne>194</jizdne>
          <stravne>100</stravne>
          <noclezne>0</noclezne>
          <vedlejsi-vydaje>0</vedlejsi-vydaje>
        </uctovana-cesta>
        <uctovana-cesta>
          <datum-cesty>
            <date>2012-03-13</date>
          </datum-cesty>
          <odjezd-z>
            <misto>Praha</misto>
          </odjezd-z>
          <prijezd-do>
            <misto>Chotěboř</misto>
          </prijezd-do>
          <odjezd-z-hod>
            <time>16:00:00</time>
          </odjezd-z-hod>
          <prijezd-do-hod>
            <time>18:30:00</time>
          </prijezd-do-hod>
          <urceny-dopravni-prostredek>
            <typ_R/>
          </urceny-dopravni-prostredek>
          <vzdalenost>153</vzdalenost>
          <jizdne>194</jizdne>
          <stravne>100</stravne>
          <noclezne>0</noclezne>
          <vedlejsi-vydaje>0</vedlejsi-vydaje>
        </uctovana-cesta>
        <uctovana-cesta>
          <datum-cesty>
            <date>2012-03-13</date>
          </datum-cesty>
          <odjezd-z>
            <misto>Praha</misto>
          </odjezd-z>
          <prijezd-do>
            <misto>Chotěboř</misto>
          </prijezd-do>
          <odjezd-z-hod>
            <time>16:00:00</time>
          </odjezd-z-hod>
          <prijezd-do-hod>
            <time>18:30:00</time>
          </prijezd-do-hod>
          <urceny-dopravni-prostredek>
            <typ_R/>
          </urceny-dopravni-prostredek>
          <vzdalenost>153</vzdalenost>
          <jizdne>194</jizdne>
          <stravne>100</stravne>
          <noclezne>0</noclezne>
          <vedlejsi-vydaje>0</vedlejsi-vydaje>
        </uctovana-cesta>
        <uctovana-cesta>
          <datum-cesty>
            <date>2012-03-13</date>
          </datum-cesty>
          <odjezd-z>
            <misto>Praha</misto>
          </odjezd-z>
          <prijezd-do>
            <misto>Chotěboř</misto>
          </prijezd-do>
          <odjezd-z-hod>
            <time>16:00:00</time>
          </odjezd-z-hod>
          <prijezd-do-hod>
            <time>18:30:00</time>
          </prijezd-do-hod>
          <urceny-dopravni-prostredek>
            <typ_R/>
          </urceny-dopravni-prostredek>
          <vzdalenost>153</vzdalenost>
          <jizdne>194</jizdne>
          <stravne>100</stravne>
          <noclezne>0</noclezne>
          <vedlejsi-vydaje>0</vedlejsi-vydaje>
        </uctovana-cesta>
        <uctovana-cesta>
          <datum-cesty>
            <date>2012-03-13</date>
          </datum-cesty>
          <odjezd-z>
            <misto>Praha</misto>
          </odjezd-z>
          <prijezd-do>
            <misto>Chotěboř</misto>
          </prijezd-do>
          <odjezd-z-hod>
            <time>16:00:00</time>
          </odjezd-z-hod>
          <prijezd-do-hod>
            <time>18:30:00</time>
          </prijezd-do-hod>
          <urceny-dopravni-prostredek>
            <typ_R/>
          </urceny-dopravni-prostredek>
          <vzdalenost>153</vzdalenost>
          <jizdne>194</jizdne>
          <stravne>100</stravne>
          <noclezne>0</noclezne>
          <vedlejsi-vydaje>0</vedlejsi-vydaje>
        </uctovana-cesta>
        <uctovana-cesta>
          <datum-cesty>
            <date>2012-03-13</date>
          </datum-cesty>
          <odjezd-z>
            <misto>Praha</misto>
          </odjezd-z>
          <prijezd-do>
            <misto>Chotěboř</misto>
          </prijezd-do>
          <odjezd-z-hod>
            <time>16:00:00</time>
          </odjezd-z-hod>
          <prijezd-do-hod>
            <time>18:30:00</time>
          </prijezd-do-hod>
          <urceny-dopravni-prostredek>
            <typ_R/>
          </urceny-dopravni-prostredek>
          <vzdalenost>153</vzdalenost>
          <jizdne>194</jizdne>
          <stravne>100</stravne>
          <noclezne>0</noclezne>
          <vedlejsi-vydaje>0</vedlejsi-vydaje>
        </uctovana-cesta>
        <uctovana-cesta>
          <datum-cesty>
            <date>2012-03-13</date>
          </datum-cesty>
          <odjezd-z>
            <misto>Praha</misto>
          </odjezd-z>
          <prijezd-do>
            <misto>Chotěboř</misto>
          </prijezd-do>
          <odjezd-z-hod>
            <time>16:00:00</time>
          </odjezd-z-hod>
          <prijezd-do-hod>
            <time>18:30:00</time>
          </prijezd-do-hod>
          <urceny-dopravni-prostredek>
            <typ_R/>
          </urceny-dopravni-prostredek>
          <vzdalenost>153</vzdalenost>
          <jizdne>194</jizdne>
          <stravne>100</stravne>
          <noclezne>0</noclezne>
          <vedlejsi-vydaje>0</vedlejsi-vydaje>
        </uctovana-cesta>
        <uctovana-cesta>
          <datum-cesty>
            <date>2012-03-13</date>
          </datum-cesty>
          <odjezd-z>
            <misto>Praha</misto>
          </odjezd-z>
          <prijezd-do>
            <misto>Chotěboř</misto>
          </prijezd-do>
          <odjezd-z-hod>
            <time>16:00:00</time>
          </odjezd-z-hod>
          <prijezd-do-hod>
            <time>18:30:00</time>
          </prijezd-do-hod>
          <urceny-dopravni-prostredek>
            <typ_R/>
          </urceny-dopravni-prostredek>
          <vzdalenost>153</vzdalenost>
          <jizdne>194</jizdne>
          <stravne>100</stravne>
          <noclezne>0</noclezne>
          <vedlejsi-vydaje>0</vedlejsi-vydaje>
        </uctovana-cesta>
        <uctovana-cesta>
          <datum-cesty>
            <date>2012-03-13</date>
          </datum-cesty>
          <odjezd-z>
            <misto>Praha</misto>
          </odjezd-z>
          <prijezd-do>
            <misto>Chotěboř</misto>
          </prijezd-do>
          <odjezd-z-hod>
            <time>16:00:00</time>
          </odjezd-z-hod>
          <prijezd-do-hod>
            <time>18:30:00</time>
          </prijezd-do-hod>
          <urceny-dopravni-prostredek>
            <typ_R/>
          </urceny-dopravni-prostredek>
          <vzdalenost>153</vzdalenost>
          <jizdne>194</jizdne>
          <stravne>100</stravne>
          <noclezne>0</noclezne>
          <vedlejsi-vydaje>0</vedlejsi-vydaje>
        </uctovana-cesta>
        <uctovana-cesta>
          <datum-cesty>
            <date>2012-03-13</date>
          </datum-cesty>
          <odjezd-z>
            <misto>Praha</misto>
          </odjezd-z>
          <prijezd-do>
            <misto>Chotěboř</misto>
          </prijezd-do>
          <odjezd-z-hod>
            <time>16:00:00</time>
          </odjezd-z-hod>
          <prijezd-do-hod>
            <time>18:30:00</time>
          </prijezd-do-hod>
          <urceny-dopravni-prostredek>
            <typ_R/>
          </urceny-dopravni-prostredek>
          <vzdalenost>153</vzdalenost>
          <jizdne>194</jizdne>
          <stravne>100</stravne>
          <noclezne>0</noclezne>
          <vedlejsi-vydaje>0</vedlejsi-vydaje>
        </uctovana-cesta>
        <uctovana-cesta>
          <datum-cesty>
            <date>2012-03-13</date>
          </datum-cesty>
          <odjezd-z>
            <misto>Praha</misto>
          </odjezd-z>
          <prijezd-do>
            <misto>Chotěboř</misto>
          </prijezd-do>
          <odjezd-z-hod>
            <time>16:00:00</time>
          </odjezd-z-hod>
          <prijezd-do-hod>
            <time>18:30:00</time>
          </prijezd-do-hod>
          <urceny-dopravni-prostredek>
            <typ_R/>
          </urceny-dopravni-prostredek>
          <vzdalenost>153</vzdalenost>
          <jizdne>194</jizdne>
          <stravne>100</stravne>
          <noclezne>0</noclezne>
          <vedlejsi-vydaje>0</vedlejsi-vydaje>
        </uctovana-cesta>
        <uctovana-cesta>
          <datum-cesty>
            <date>2012-03-13</date>
          </datum-cesty>
          <odjezd-z>
            <misto>Praha</misto>
          </odjezd-z>
          <prijezd-do>
            <misto>Chotěboř</misto>
          </prijezd-do>
          <odjezd-z-hod>
            <time>16:00:00</time>
          </odjezd-z-hod>
          <prijezd-do-hod>
            <time>18:30:00</time>
          </prijezd-do-hod>
          <urceny-dopravni-prostredek>
            <typ_R/>
          </urceny-dopravni-prostredek>
          <vzdalenost>153</vzdalenost>
          <jizdne>194</jizdne>
          <stravne>100</stravne>
          <noclezne>0</noclezne>
          <vedlejsi-vydaje>0</vedlejsi-vydaje>
        </uctovana-cesta>
        <uctovana-cesta>
          <datum-cesty>
            <date>2012-03-13</date>
          </datum-cesty>
          <odjezd-z>
            <misto>Praha</misto>
          </odjezd-z>
          <prijezd-do>
            <misto>Chotěboř</misto>
          </prijezd-do>
          <odjezd-z-hod>
            <time>16:00:00</time>
          </odjezd-z-hod>
          <prijezd-do-hod>
            <time>18:30:00</time>
          </prijezd-do-hod>
          <urceny-dopravni-prostredek>
            <typ_R/>
          </urceny-dopravni-prostredek>
          <vzdalenost>153</vzdalenost>
          <jizdne>194</jizdne>
          <stravne>100</stravne>
          <noclezne>0</noclezne>
          <vedlejsi-vydaje>0</vedlejsi-vydaje>
        </uctovana-cesta>
      </uctovane-cesty>
    </vyuctovani>
  </cestovni-prikaz>
</cestovni-prikazy>
