<?xml version="1.0" encoding="utf-8" ?>
<klienti>
  <klient id="o0001">
    <osobni-informace>
      <jmeno krestni="Martin" prijmeni="Lacina"/>
    </osobni-informace>
    <kontaktni-informace>
      <adresy>
        <adresa ulice="Hromadova" cp="334" mesto="Chotebuz" psc="34762"/>
      </adresy>
      <telefony>
        <telefon mezinarodni-predvolba="+420" telefonni-cislo="444555666" linka="33" />
      </telefony>
    </kontaktni-informace>
    <ostatni-informace>
      <poznamka>
        <important>Autor aplikace</important>.
      </poznamka>
    </ostatni-informace>
  </klient>
  <klient id="o0002">
    <osobni-informace>
      <jmeno krestni="Karel" krestni2="Adam" prijmeni="Burke" titul-pred-jmenem="ing." titul-za-jmenem="CSc." titul-uprostred="kardinál"/>
    </osobni-informace>
    <kontaktni-informace>
      <adresy>
        <adresa ulice="Kolbenova" cp="112/3" mesto="Brno" psc="11000"/>
        <adresa ulice="Pinkasova" cp="43" mesto="Kotěhůlky" psc="46722"/>
      </adresy>
    </kontaktni-informace>
    <ostatni-informace />
  </klient>
  <klient id="o0003">
    <osobni-informace>
      <jmeno krestni="Michal" prijmeni="Moucka" titul-pred-jmenem="Bc."/>
    </osobni-informace>
    <kontaktni-informace>
      <adresy>
        <adresa ulice="U Branky" cp="342" mesto="Brambůrkov" psc="66833"/>
      </adresy>
      <telefony>
        <telefon telefonni-cislo="885520347" linka="33"/>
      </telefony>
    </kontaktni-informace>
    <ostatni-informace>
      <cisla-uctu>
        <cislo-uctu kod-banky="3342" prefix="22394" ucet="9391201273456"/>
      </cisla-uctu>
      <pracovni-doba>
        <od>
          <time>08:30:00</time>
        </od>
        <do>
          <time>15:30:00</time>
        </do>
      </pracovni-doba>
      <poznamka>
        Neschovava si uctenky! Pokud nedolozi uctenku, nic neproplacet! <important>MUSI</important> je <important>VZDY</important> dolozit <important> OKAMZITE</important>!!!
      </poznamka>
    </ostatni-informace>
  </klient>
  <klient id="o0004">
    <osobni-informace>
      <jmeno krestni="Machal" prijmeni="Moucka" titul-pred-jmenem="Bc."/>
    </osobni-informace>
    <kontaktni-informace>
      <adresy>
        <adresa ulice="U Branky" cp="342" mesto="Brambůrkov" psc="66833"/>
      </adresy>
      <telefony>
        <telefon telefonni-cislo="885520347" linka="33"/>
      </telefony>
    </kontaktni-informace>
    <ostatni-informace>
      <cisla-uctu>
        <cislo-uctu kod-banky="3342" prefix="22394" ucet="9391201273456"/>
      </cisla-uctu>
      <pracovni-doba>
        <od>
          <time>08:30:00</time>
        </od>
        <do>
          <time>15:30:00</time>
        </do>
      </pracovni-doba>
      <poznamka>
        Neschovava si uctenky! Pokud nedolozi uctenku, nic neproplacet! <important>MUSI</important> je <important>VZDY</important> dolozit <important> OKAMZITE</important>!!!
      </poznamka>
    </ostatni-informace>
  </klient></klienti>