<?xml version="1.0" encoding="utf-8" ?>
<osoby>  
  <osoba>    
    <jmeno>Petr     
    </jmeno>    
    <prijmeni>NOVÁK     
    </prijmeni>    
    <telefony>
      <telefon>1234567890     
      </telefon>
    </telefony>  
  </osoba>  
  <osoba>    
    <jmeno>Adam     
    </jmeno>    
    <prijmeni>SVOBODA     
    </prijmeni>    
    <telefony>
      <telefon>1234567891     
      </telefon>
    </telefony>  
  </osoba>  
  <osoba>    
    <jmeno>Matěj     
    </jmeno>    
    <prijmeni>NOVOTNÝ     
    </prijmeni>    
    <telefony>
      <telefon>1234567892     
      </telefon>
    </telefony>  
  </osoba>  
  <osoba>    
    <jmeno>František     
    </jmeno>    
    <prijmeni>DVOŘÁK     
    </prijmeni>    
    <telefony>
      <telefon>1234567893     
      </telefon>
    </telefony>  
  </osoba>  
  <osoba>    
    <jmeno>Tomáš     
    </jmeno>    
    <prijmeni>VESELÝ     
    </prijmeni>    
    <telefony>
      <telefon>1234567897     
      </telefon>
    </telefony>  
  </osoba>  
  <osoba>    
    <jmeno>Václav     
    </jmeno>    
    <prijmeni>HORÁK     
    </prijmeni>    
    <telefony>
      <telefon>1234567898     
      </telefon>
    </telefony>  
  </osoba>  
  <osoba>    
    <jmeno>Zdeněk     
    </jmeno>    
    <prijmeni>NĚMEC     
    </prijmeni>    
    <telefony>
      <telefon>1234567899     
      </telefon>
    </telefony>  
  </osoba>  
  <osoba>    
    <jmeno>Petr     
    </jmeno>    
    <prijmeni>MAREK     
    </prijmeni>    
    <telefony>
      <telefon>1234567900     
      </telefon>
    </telefony>  
  </osoba>  
</osoby>