<?xml version="1.0" encoding="utf-8" ?>
<pohonne-hmoty>
  <pohonna-hmota id="p0001">
    <nazev-phm>Natural 95</nazev-phm>
    <rocni-vyhlaska>
      <platnost-od>
        <date>2011-01-01</date>
      </platnost-od>
      <platnost-do>
        <date>2011-12-31</date>
      </platnost-do>
      <jednotkova-cena>25.7</jednotkova-cena>
    </rocni-vyhlaska>
    <rocni-vyhlaska>
      <platnost-od>
        <date>2012-01-01</date>
      </platnost-od>
      <platnost-do>
        <date>2012-12-31</date>
      </platnost-do>
      <jednotkova-cena>26.3</jednotkova-cena>
    </rocni-vyhlaska>
  </pohonna-hmota>
  <pohonna-hmota id="p0002">
    <nazev-phm>Natural 98</nazev-phm>
    <rocni-vyhlaska>
      <platnost-od>
        <date>2011-01-01</date>
      </platnost-od>
      <platnost-do>
        <date>2011-12-31</date>
      </platnost-do>
      <jednotkova-cena>27.3</jednotkova-cena>
    </rocni-vyhlaska>
    <rocni-vyhlaska>
      <platnost-od>
        <date>2012-01-01</date>
      </platnost-od>
      <platnost-do>
        <date>2012-12-31</date>
      </platnost-do>
      <jednotkova-cena>26.3</jednotkova-cena>
    </rocni-vyhlaska>
  </pohonna-hmota>
  <pohonna-hmota id="p0003">
    <nazev-phm>LPG</nazev-phm>
    <rocni-vyhlaska>
      <platnost-od>
        <date>2011-01-01</date>
      </platnost-od>
      <platnost-do>
        <date>2011-12-31</date>
      </platnost-do>
      <jednotkova-cena>17.9</jednotkova-cena>
    </rocni-vyhlaska>
    <rocni-vyhlaska>
      <platnost-od>
        <date>2012-01-01</date>
      </platnost-od>
      <platnost-do>
        <date>2012-12-31</date>
      </platnost-do>
      <jednotkova-cena>18.3</jednotkova-cena>
    </rocni-vyhlaska>
  </pohonna-hmota>
  <pohonna-hmota 	id="p0004">
  	<nazev-phm>Super 95</nazev-phm>
  	<rocni-vyhlaska>
      <platnost-od>
        <date>2012-01-01</date>
      </platnost-od>
      <platnost-do>
        <date>2012-12-31</date>
      </platnost-do>
      <jednotkova-cena>28.3</jednotkova-cena>
  </rocni-vyhlaska>
  </pohonna-hmota>
</pohonne-hmoty>