<?xml version="1.0" encoding="utf-8" ?>
<vozidla>
  <vozidlo id="v0001" typ-phm="p0001">
    <spz>4D5 66-77</spz>
    <typ>Škoda 130 L</typ>
    <cislo-tp>12345567890</cislo-tp>
    <majitel>
      <odkaz-do-adresare osoba="o0001"/>
    </majitel>
    <prumerna-spotreba>5.3</prumerna-spotreba>
  </vozidlo>
  <vozidlo id="v0002" typ-phm="p0001">
    <spz>HB 12-73</spz>
    <typ>Škoda Octavia</typ>
    <cislo-tp>44223408832002</cislo-tp>
    <majitel>
      <odkaz-do-adresare osoba="o0002"/>
    </majitel>
    <prumerna-spotreba>8.3</prumerna-spotreba>
  </vozidlo>
  <vozidlo id="v0003" typ-phm="p0003">
    <spz>EFK 55-29</spz>
    <typ>Peugeot 305 Combi</typ>
    <cislo-tp>213e4232323232d2cf</cislo-tp>
    <majitel>
      <text>Petra Novakova, Kamenice u Humpolce 332, kraj Vysočina</text>
    </majitel>
    <prumerna-spotreba>5.3</prumerna-spotreba>
  </vozidlo>
</vozidla>
