<?xml version="1.0" encoding="windows-1250"?>
<data>
<kina>
    <kino>
    <id>1</id>
        <nazev>Slovansky dum</nazev>

        <adresa>
            <mesto>Praha</mesto>
            <obec>Praha 1</obec>
            <ulice>Na Prikope 22</ulice>
            <psc>110 00</psc>
        </adresa>
        <telefon>840 200 240</telefon>
        <email>palace.info@palacecinemas.cz</email>
    </kino>
    <kino>
    <id>2</id>
        <nazev>Novy smichov</nazev>

        <adresa>
            <mesto>Praha</mesto>
            <obec>Praha 5</obec>
            <ulice>Plzenska 8</ulice>
            <psc>156 00</psc>
        </adresa>
        <telefon>840 200 240</telefon>
        <email>palace.info@palacecinemas.cz</email>
    </kino>
    <kino>
    <id>3</id>
        <nazev>Usti nad Labem</nazev>

        <adresa>
             <mesto>Usti nad Labem</mesto>
            <obec>Usti nad Labem</obec>
            <ulice>Blinska 6</ulice>
            <psc>234 50</psc>
        </adresa>
        <telefon>840 200 240</telefon>
        <email>palace.info@palacecinemas.cz</email>
    </kino>
    <kino>
    <id>4</id>
        <nazev>Letnany</nazev>

        <adresa>
           <mesto>Praha</mesto>
            <obec>Praha 9</obec>
            <ulice>Veselska 663</ulice>
            <psc>190 00</psc>
        </adresa>
        <telefon>840 200 240</telefon>
        <email>palace.info@palacecinemas.cz</email>
    </kino>
</kina>

<rezervace>
    <vstupenky>

     <vstupenka id_vstupenky="01" filmid="f02">
     <kino>Slovansky dum</kino>
       <zakaznik>
         <jmeno>Jan</jmeno>
         <prijmeni>Novotny</prijmeni>
       </zakaznik>
       <mista>
            <sal>5</sal>
            <rada>10</rada>
            <sedadlo>12</sedadlo>
        </mista>
        <cena>100</cena>
        <datum>15.11.2012</datum>
        <cas>15:00</cas>
     </vstupenka>
     <vstupenka filmid="f02">
     <kino>Slovansky dum</kino>
       <zakaznik>
          <jmeno>Ondrej</jmeno>
          <prijmeni>Kubat</prijmeni>
          <telefon>774325897</telefon>
       </zakaznik>
       <mista>
        <sal>2</sal>
        <rada>5</rada>
        <sedadlo>10</sedadlo>
       </mista>
        <cena>120</cena>
        <sleva>5%</sleva>
        <datum>03.03.2011</datum>
        <cas>17:00</cas>
     </vstupenka>
     <vstupenka filmid="f02">
     <kino>Novy smichov</kino>
       <zakaznik>
          <jmeno>Ales</jmeno>
          <prijmeni>Kulaty</prijmeni>
          <telefon>775325897</telefon>
       </zakaznik>
       <mista>
        <sal>5</sal>
        <rada>8</rada>
        <sedadlo>13</sedadlo>
       </mista>
        <cena>120</cena>
        <sleva>5%</sleva>
        <datum>23.03.2011</datum>
        <cas>19:00</cas>
     </vstupenka>
     <vstupenka filmid="f03">
     <kino>Novy smichov</kino>
       <zakaznik>
          <jmeno>Martin</jmeno>
          <prijmeni>Dvorak</prijmeni>
          <telefon>775425897</telefon>
       </zakaznik>
       <mista>
        <sal>3</sal>
        <rada>4</rada>
        <sedadlo>7</sedadlo>
       </mista>
        <cena>120</cena>
        <datum>23.03.2011</datum>
        <cas>21:00</cas>
     </vstupenka>
     <vstupenka filmid="f04">
     <kino>Novy smichov</kino>
       <zakaznik>
          <jmeno>Martin</jmeno>
          <prijmeni>Vesely</prijmeni>
          <telefon>775425897</telefon>
       </zakaznik>
       <mista>
        <sal>4</sal>
        <rada>10</rada>
        <sedadlo>5</sedadlo>
       </mista>
        <cena>150</cena>
        <datum>23.03.2011</datum>
        <cas>18:00</cas>
     </vstupenka>
     <vstupenka filmid="f02">
     <kino>Letnany</kino>
       <zakaznik>
          <jmeno>Pavel</jmeno>
          <prijmeni>Dvorsky</prijmeni>
          <telefon>775325897</telefon>
       </zakaznik>
       <mista>
        <sal>1</sal>
        <rada>5</rada>
        <sedadlo>19</sedadlo>
       </mista>
        <cena>120</cena>
        <sleva>5%</sleva>
        <datum>25.03.2011</datum>
        <cas>10:00</cas>
     </vstupenka>
     </vstupenky>
     
    <filmy>
     <film id_filmu="f01" triD="ne">
        <nazev>Hezke vstavani</nazev>
        <rok>2010</rok>
        <zeme>USA</zeme>
        <reziser>Roger Michell </reziser>
        <scenarista>Aline Brosh McKenna</scenarista>
        <producenti>J.J. Abrams, Bryan Burk</producenti>

        <delka>108 min</delka>
        <verze>Titulky</verze>
     </film>
     <film id_filmu="f02" triD="ne">
        <nazev>Fighter</nazev>
        <rok>2010</rok>
        <zeme>USA</zeme>
        <reziser>David O. Russell </reziser>
        <scenarista>Scott Silver, Paul Tamasy</scenarista>
        <producenti>David Hoberman, Todd Lieberman, Ryan Kavanaugh</producenti>

        <delka>115 min</delka>
        <verze>Titulky</verze>
        <popis>Drama Fighter vypravi skutecny pribeh boxera Mickyho Wara (<herec>Mark Wahlberg</herec>) a jeho neuveritelny vzestup ke slave.
               Micky touzi po uznani v tvrdem prostredi rodneho mesta, kde je boxersky ring chapan jako jedina moznost vykoupeni z tezkosti delnickeho zivota. Mickyho starsi bratr Dickie (Christian Bale) byval sampionem a chloubou rodiny. Neustal vsak porazku v dulezitem zapase a nasledna zavislost na drogach ho definitivne odepsala. Ted je to Micky, kdo se stava nadeji cele rodiny. Jeho matka (Melissa Leo) zene svou neustupnosti karieru sveho syna kupredu, bezohledny Dickie vsak selhava v roli trenera a Mickyho sny se zacinaji hroutit. Nelehkou situaci Micky vyresi rozhodnutim odtrhnout se od rodiny a sam pokracovat v ceste za uspechem s pomoci odhodlane pritelkyne Charlene (Amy Adams). Mickymu se tim otevira cesta k vytouzene slave, ceka ho vsak jeste tezsi boj nez jaky zna z ringu � urovnani vztahu s matkou a bratrem, jejichz vyznam a sila jsou pro nej zasadni.
               Drama o usili, lasce a hrdosti protkane vytribenym humorem bylo oceneno dvema Zlatymi globy a je pravem povazovano za jeden z nejvydarenejsich snimku roku. </popis>
     </film>
     <film id_filmu="f03" triD="ano">
        <nazev>Na vlasku </nazev>
        <rok>2010</rok>
        <zeme>USA</zeme>
        <reziser>Byron Howard</reziser>
        <scenarista>Dan Fogelman</scenarista>
        <producenti>Roy Conli</producenti>

        <delka>92 min</delka>
        <verze>Dubbing</verze>
        <popis>Na vlasku je animovana hudebni komedie plna efektu a dobrodruzstvi o divce, ktera ma kouzelne vlasy zlate barvy dlouhe vic nez 70 stop. Princezna Locika je unesena z hradu svych rodicu jiz jako dite a zamcena v tajne vezi a touzi po dobrodruzstvi. Nyni je ve veku teenagera s bujnou fantazii a odhodla se s pomoci temperamentniho bandity provest velky husarsky kousek. Locika a jeji komplici nachazeji dobrodruzstvi, srdce, humor a vlasy� spoustu vlasu. Prozrazeni jejiho kralovskeho puvodu visi na nitce a jeji unosce je jim v patach. </popis>
     </film>
     <film id_filmu="f04" triD="ano">
        <nazev>Gnomeo a Julie</nazev>
        <rok>2011</rok>
        <zeme>USA, Velka Britanie</zeme>
        <reziser>Kelly Asbury</reziser>
        <scenarista>Kelly Asbury, Rob Sprackling</scenarista>
        <producenti>Baker Bloodworth, David Furnish</producenti>

        <delka>85 min</delka>
        <verze>Dubbing</verze>
        <popis>Novy animovany komedialne-dobrodruzny snimek o trpaslicich Gnomeo a Julie dava nejslavnejsimu pribehu lasky na svete Williama Shakespeara dalsi rozmer. Uzit si jej muzete ve formatu 3D v kinech prave v obdobi svateho Valentyna. Filmu se jako vykonny producent ujal zpevak a skladatel Elton John, jehoz pisne jsou pouzite jako hudebni doprovod.</popis>
     </film>
    </filmy>
</rezervace>

    <zamestnanci>
<zamestnanec>
<pozice>Hlavni vedouci</pozice>
<jmeno></jmeno>
     <zamestnanec>
     <pozice>Vedouci prodeje</pozice>
     <jmeno></jmeno>
         <zamestnanec>
         <pozice>Starsi Pokladni</pozice>
         <jmeno></jmeno>
         	<zamestnanec>
        	 <pozice>Pokladni</pozice>
         		<jmeno></jmeno>
         	</zamestnanec>
         </zamestnanec>
         <zamestnanec>
         <pozice>Pokladni</pozice>
         <jmeno></jmeno>
         </zamestnanec>
         <zamestnanec>
         <pozice>Pokladni</pozice>
         <jmeno></jmeno>
         </zamestnanec>
     </zamestnanec>
     <zamestnanec>
     <pozice>Vedouci salu</pozice>
     <jmeno></jmeno>
         <zamestnanec>
         <pozice>Uklizec</pozice>
         <jmeno></jmeno>
         </zamestnanec>
          <zamestnanec>
         <pozice>Strazny</pozice>
         <jmeno></jmeno>
         </zamestnanec>
     </zamestnanec>
</zamestnanec>
</zamestnanci>


</data>




