<?xml version="1.0" encoding="UTF-8"?>
<departments>
	<department>
		<name>Manufacturing</name>
		<manager>
			<name>Peter Berg</name>
		</manager>
		<employee>
			<name>Martin Owen</name>
		</employee>
		<subdepartments>
			<department>
				<name>Development</name>
			</department>
			<department>
				<name>Engineering</name>
				<employee>
					<name>Kate Stone</name>
				</employee>
			</department>
		</subdepartments>
	</department>
	<department>
		<name>PR</name>
		<manager>Lucy Sheen</manager>
		<employee>
			<name>Carl Banks</name>
		</employee>
		<employee>
			<name>Philip Stein</name>
		</employee>
	</department>
</departments>
