<?xml version="1.0" encoding="UTF-8" ?>
<kino xsi:noNamespaceSchemaLocation="data.xsd" xmlns:xsi="http://www.w3.org/2001/XMLSchema-instance">
    <film xsi:type="film" id="matrix">
       <nazev>Matrix</nazev>
        <autor>Andy Wachowski</autor>
        <vyrobeno>1999</vyrobeno>
        <hodnoceni>90%</hodnoceni>
		<herci>
			<herec pohlavi="muz">Keanu Reeves</herec>
			<herec pohlavi="zena">Laurence Fishburne</herec>
			<herec>Hugo Weaving</herec>
		</herci>
		<zajimavosti>
            <zajimavost >5. nejoblíbenější film.</zajimavost>
        </zajimavosti>
        <trvani>131min</trvani>
    </film>
    
    <film xsi:type="serial" id="starGate">
        <nazev >Star Gate</nazev>
        <autor>Amanda Tapping</autor>
        <vyrobeno>1997</vyrobeno>
        <hodnoceni>91%</hodnoceni>
		<herci>
            <herec pohlavi="muz">Richard Dean Anderson</herec>
            <herec pohlavi="zena">Amanda Tapping</herec>
            <herec>Michael Shanks</herec>
        </herci>
		<zajimavosti>
            <zajimavost>Nejlepší seriál všech dob.</zajimavost>
            <zajimavost>Velitelem SGC je Jack O'Neil.</zajimavost>
        </zajimavosti>
        <dilu>50</dilu>
    </film>
</kino>