<?xml version="1.0" encoding="utf-8"?>
<evidence
    xmlns:xsi="http://www.w3.org/2001/XMLSchema-instance"
    xsi:noNamespaceSchemaLocation="data.xsd">
    <automobily>
        <automobil majitel="Adam Nový" vin="TMBEFF414S1000" spz="1AX 2310">
            <druh>osobní</druh>
            <typ>
                <znacka>Škoda</znacka>
                <model>Octavia</model>
                <verze>Tour</verze>
            </typ>
            <barva>bílá</barva>
        </automobil>

        <automobil majitel="Jan Matěj" vin="WVWZZZ1KZ5W783" spz="2B3 1256">
            <druh>nákladní</druh>
            <typ sluzebni="ano">
                <znacka>Volkswagen</znacka>
                <model>Transported</model>
            </typ>
            <barva>modrá metalíza</barva>
        </automobil>
    </automobily>
</evidence>
