<?xml version="1.0" encoding="windows-1250"?>

<ratingy>
    <rating id="G">
      G (General Audiences): Rating G, prezyvany "detsky", zarucuje, ze film neobsahuje ziadne prejavy zmieneneho: explicitne prejavy sexuality, nevhodne motivy, nahotu, prejavy nasilia, hruby, vulgarny alebo urazlivy jazyk, konzumaciu drog a prejavy deviacii. Na ziskanie tohoto hodnotenia musi byt film celkom neskodny a nevinny.   
    </rating>
    <rating id="PG">
      PG (Parental Guidance Suggested): PG-rating upozornuje rodicov, aby zvazili, ci svoje deti nechaju film zhliadnut. Rodicom sa navrhuje, aby svoje mladsie deti na film hodnoteny PG sprevadzali, podla komisie mozu byt niektore sceny v tychto filmoch nevhodne pre deti. Tieto filmy zaroven nesmu ziadnym sposobom zobrazovat konzumaciu drog. Filmy v tejto kategorii mozu obsahovat: mierne prejavy nasilia, ruhanie, nevyrazne zobrazenie nahoty.
    </rating>
    <rating id="PG-13">
      PG-13 (Parents Strongly Cautioned): Kategoria filmov PG-13 je najobsiahlejsia, pretoze ide zaroven o najvyssie mozne hodnotenie, ktore mozu producenti za film dostat bez toho, aby sa to vyrazne podpisalo na zisku.
Klasifikaciou PG-13 MPAA rodicom dorazne odporuca, aby svoje deti mladsie ako 13 rokov na film sprevadzali. Takto ohodnoteny film smie obsahovat viac prejavov nevhodnych motivov, nasilia, nahoty, hrubeho jazyka. Zaroven akekolvek zobrazenie pouzivania drog vedie k udeleniu najmenej tohoto ratingu, viacmenej bezne je taky film zaradeny este o kategoriu vyssie. Nahota v tychto snimkoch nesmie byt sexualneho charakteru. Zaujimavostou moze byt poziadavka na zaradenie filmu do tejto kategorie, pokial obsahuje hoci len jedine slovo tykajuce sa sexuality.
    </rating>
    <rating id="R">
      R (Restricted): Na film s ratingom R smie mladez do 16 rokov iba v sprievode dospelej osoby. Filmy s hodnotenim R mozu obsahovat hruby jazyk, vyrazne nasilne sceny, nahotu spojenu so sexualitou alebo pouzivanie drog. Tak, ako pouzitie jedneho sexualne zafarbeneho vyrazu predurcuje film najmenej do ratingu PG-13, viac takych slov vo filme automaticky posuva film do kategorie R.
    </rating>
    <rating id="NC-17">
      NC-17 (No one 17 and under admitted): Udelenie ratingu NC-17 oznamuje, ze film obsahuje velmi vyrazne prejavy sexuality, nasilia, hrubej reci, nahoty a pod. Rating NC-17 zaroven znamena, ze film nesmie navstevovat mladez do 17 rokov.
    </rating>
</ratingy>