<?xml version="1.0" encoding="UTF-8"?>

<!DOCTYPE reservations SYSTEM "data.dtd">

<reservations>
    
    <info_guest> 
        <pass passId="A2013298403"/>
        <name> Ondrej Kanka </name>
        <mail>ondrej.kanka@seznam.cz</mail>
          <country_list>
            <country>Afghanistan</country>    
            <country>Akrotiri</country>    
            <country>Albania</country>    
            <country>Algeria</country>    
            <country>American Samoa</country>    
            <country>Andorra</country>    
            <country>Angola</country>    
            <country>Anguilla</country>    
            <country>Antarctica</country>    
            <country>Antigua and Barbuda</country>    
            <country>Argentina</country>    
            <country>Armenia</country>    
            <country>Aruba</country>
            <country>other</country>
        </country_list>
    </info_guest>
    
    <reservation passIdref="A2013298403" resId="A0123">
        
        <rooms> 
            <room> 
                <beds> double </beds>
                <chairs> 3 </chairs>
                <lockers> 
                    <bedside> 2</bedside>
                    <hanger>1</hanger>
                </lockers>
            </room>
        </rooms>
        <category>standard</category>
        <check-in day="5" month=" march" year=" 2012"/>
        <check-out day="10" month=" march" year="2012"/>
        <services>breakfast tv internet</services>
        <price>3000</price> 
        <signature> 
        <![CDATA[
        <?php echo "hotel reservation 2012"?>
       ]]>
        &signature_copy; 
        </signature>
    </reservation>
 

    <payment>
        <name> Bozena Minova </name>
        <card_info> visa </card_info>
    </payment>

    <confirmation>
        <tel>123 456 789</tel>
    </confirmation>
    
    <p_info>
        <mail>bozena.minova@seznam.cz</mail>
        <p_tel>775178107</p_tel>
    </p_info>
    
    

</reservations>
