<?xml version="1.0" encoding="UTF-8"?>

<pujcovna name="CykloTeam"
	xmlns:xsi="http://www.w3.org/2001/XMLSchema-instance" 
	xsi:noNamespaceSchemaLocation="data.xsd">
	
	<!-- seznam vsech zakazniku -->
	<seznamZakazniku>
		<zakaznik id="z_1">
			<jmeno>Pepa</jmeno>
			<prijmeni>Prochazka</prijmeni>
			<rodneCislo>8705161854</rodneCislo>
			<adresa>
				<stat>Ceska republika</stat>
				<mesto>Plzen</mesto>
				<psc>39002</psc>
				<ulice>Kosinska</ulice>
				<cp>3</cp>
			</adresa>
			<kontaktEmail>
				<telefon>420721568245</telefon>
				<email>prochazka@centrum.cz</email>
			</kontaktEmail>
		</zakaznik>
		<zakaznik id="z_2">
			<jmeno>Martin</jmeno>
			<prijmeni>Novak</prijmeni>
			<rodneCislo>9005162854</rodneCislo>
			<adresa>
				<stat>Ceska republika</stat>
				<mesto>Praha</mesto>
				<psc>39002</psc>
				<ulice>Hnusna</ulice>
				<cp>30</cp>
			</adresa>
			<kontaktIcq>
				<telefon>420721568245</telefon>
				<icq>341708160</icq>
			</kontaktIcq>
		</zakaznik>
	</seznamZakazniku>
	
	<!-- seznam dostupneho zbozi -->
	<seznamZbozi>
		<zbozi id="zb_1">
			<kategorie kat="Doplnky"/>
			<nazev>Helma grx20</nazev>
			<znacka>Giro</znacka>
			<stav st="Velmi_dobry"/>
			<barva>cerna</barva>
			<datumZakoupeni><?php $driv =  mktime(0, 0, 0, "2", "11", "2011"); echo Date("j.n.Y", $driv); ?></datumZakoupeni>
			<stari><?php 
			    $dnes = mktime(0, 0, 0, date("n"), date("j"), date("Y"));
			    $rozdil = $dnes-$driv;
			    echo round($rozdil / 86400 / 365,2); ?>
			</stari>
			<nakupniCena>1500</nakupniCena>
			<cenaPujceni>100</cenaPujceni>
			<podrobnyPopis>Panska kvalitni helma.</podrobnyPopis>
			<servisniProhlidky/>
		</zbozi>
		
		<zbozi id="zb_2">
			<kategorie kat="Kola"/>
			<nazev>a-gang</nazev>
			<znacka>Author</znacka>
			<stav st="Dobry"/>
			<barva>modra</barva>
			<datumZakoupeni><?php $driv =  mktime(0, 0, 0, "3", "10", "2011"); echo Date("j.n.Y", $driv); ?></datumZakoupeni>
			<!-- stari zbozi v rokach -->
			<stari><?php 
			    $dnes = mktime(0, 0, 0, date("n"), date("j"), date("Y"));
			    $rozdil = $dnes-$driv;
			    echo round($rozdil / 86400 / 365,2); ?>
			</stari>
			<nakupniCena>15000</nakupniCena>
			<cenaPujceni>400</cenaPujceni>
			<podrobnyPopis><![CDATA[Damske horske kolo. Vhodne pro zeny < 170cm]]></podrobnyPopis>
			<servisniProhlidky>
				<datum>1.8.2011</datum>
				<datum>3.2.2012</datum>
			</servisniProhlidky>
		</zbozi>
		
		<zbozi id="zb_3">
			<kategorie kat="Kola"/>
			<nazev>Stinky</nazev>
			<znacka>Kona</znacka>
			<stav st="Velmi_dobry"/>
			<barva>cervena</barva>
			<datumZakoupeni><?php $driv =  mktime(0, 0, 0, "1", "1", "2012"); echo Date("j.n.Y", $driv); ?></datumZakoupeni>
			<stari><?php 
			    $dnes = mktime(0, 0, 0, date("n"), date("j"), date("Y"));
			    $rozdil = $dnes-$driv;
			    echo round($rozdil / 86400 / 365,2); ?>
			</stari>
			<nakupniCena>45000</nakupniCena>
			<cenaPujceni>900</cenaPujceni>
			<podrobnyPopis><![CDATA[Freeridove kolo vhodne pro muze i zeny < 200cm]]></podrobnyPopis>
			<servisniProhlidky>
				<datum>10.2.2012</datum>
			</servisniProhlidky>
		</zbozi>
	</seznamZbozi>
	
	<!-- seznam uskutecnenych rezervaci -->
	<seznamRezervaci>
		<rezervace id="r_1" idZakaznika="z_1">
			<data>
				<vyzvednuti>
					<datum>18.2.2012</datum>
					<cas>12:00</cas>
				</vyzvednuti>
				<vraceni>
					<datum>19.2.2012</datum>
					<cas>15:00</cas>
				</vraceni>
			</data>
			<pujceneZbozi>
				<polozka>zb_2</polozka>
			</pujceneZbozi>
			<cena>400</cena>
		</rezervace>
		
		<rezervace id="r_2" idZakaznika="z_1">
			<data>
				<vyzvednuti>
					<datum>20.2.2012</datum>
					<cas>10:00</cas>
				</vyzvednuti>
				<vraceni>
					<datum>22.2.2012</datum>
					<cas>16:00</cas>
				</vraceni>
			</data>
			<pujceneZbozi>
				<polozka>zb_3</polozka>
				<polozka>zb_1</polozka>
			</pujceneZbozi>
			<cena>2000</cena>
		</rezervace>
		
		<rezervace id="r_3" idZakaznika="z_2">
			<data>
				<vyzvednuti>
					<datum>22.2.2012</datum>
					<cas>15:00</cas>
				</vyzvednuti>
				<vraceni>
					<datum>23.2.2012</datum>
					<cas>10:00</cas>
				</vraceni>
			</data>
			<pujceneZbozi>
				<polozka>zb_2</polozka>
				<polozka>zb_1</polozka>
			</pujceneZbozi>
			<cena>500</cena>
			<zpravaProAgenta id="zpr_1">Jedna se o stejne kolo jako v rezervaci <reference ref="r_1" />r_1</zpravaProAgenta>
		</rezervace>
	</seznamRezervaci>	
</pujcovna>