<?xml version="1.0" encoding="UTF-8"?>
<autoservys xmlns:xsi="http://www.w3.org/2001/XMLSchema-instance" xsi:noNamespaceSchemaLocation="data.xsd">
	<nazev>Síť opraven aut Autodoctor</nazev>
	<Info>
		<rokZalozeni>2010</rokZalozeni>
		<info></info>
	</Info>
	<opravna id="Z_01">
		<nazev>U Průhonu</nazev>
	<adresa>
		<ulice>U Průhonu</ulice>
		<cislo>45</cislo>
		<psc>18200</psc>
		<mesto>Praha</mesto>
	</adresa>
	<odbornost_prace id="ID_1">
		<nazev>Výměna brzd</nazev>
		<odbornost_prace>Mechanická</odbornost_prace>
		<pomucky>sroubovak</pomucky>
		<pomucky>klic</pomucky>
		<pomucky>kladivo</pomucky>
		<pomucky>brzdovy kotouc</pomucky>		
		<pomucky>zvedák</pomucky>
	</odbornost_prace>
	<odbornost_prace id="ID_2">
		<nazev>Výměna startéru</nazev>
		<odbornost_prace>elektromechanika</odbornost_prace>
		<pomucky>sada klicu</pomucky>
		<pomucky>kladivo</pomucky>
		<pomucky>starter</pomucky>
		<pomucky>hever</pomucky>
	</odbornost_prace>
	<zamestnanci>
		<mechanik id="ID_Z1" uvazek="Plny">
			<jmeno>Radek</jmeno>
			<prijmeni>Nesika</prijmeni>
			<odbornost_prace>ID_1</odbornost_prace>
			<odbornost_prace>ID_2</odbornost_prace>
		</mechanik>
		<elektrotechnik id="ID_Z2" uvazek="Polovicny">
			<jmeno>Rastislav</jmeno>
			<prijmeni>Novotný</prijmeni>
		</elektrotechnik>
	</zamestnanci>
	</provozovna>
	<provozovna id="P_02">
		<nazev>Nová dílna</nazev>
		<adresa>
			<ulice>Nová</ulice>
			<cislo>10</cislo>
			<psc>15000</psc>
			<mesto>Praha</mesto>
		</adresa>
		<odbornost_prace id="ID_03">
			<nazev>diagnostika motoru</nazev>
			<odbornost_prace>diagnostika</odbornost_prace>
			<pomucky>diagnostika</pomucky>
		</odbornost_prace>
		<odbornost_prace id="ID_04">
			<nazev>celkova prohlidka</nazev>
			<odbornost_prace>mechanicka</odbornost_prace>
		</odbornost_prace>
		<zamestnanci>
			<mechanik id="ID_Z3" uvazek="Plny">
				<jmeno>Jan</jmeno>
				<prijmeni>Klika</prijmeni>
				<odbornost_prace>ID_03</odbornost_prace>
			</mechanik>			
		</zamestnanci>
	</provozovna>
	<provozovna id="Z_03">
		<nazov>Stará dílna</nazov>
		<adresa>
			<ulice>Mechanická</ulice>
			<cislo>5</cislo>
			<psc>89345</psc>
			<mesto>Hlinsko</mesto>
		</adresa>
		<odbornost_prace id="ID_05">
			<nazev>výměna katalizátoru</nazev>
			<odbornost_prace>mechanická</odbornost_prace>
			<pomucky>katalizator</pomucky>
			<pomucky>zvedák</pomucky>
		</odbornost_prace>
		<zamestnanci>
			<mechanik id="ID_Z4" uvazek="Plny">
				<jmeno>Lukáš</jmeno>
				<prijmeni>Neschopny</prijmeni>
			</mechanik>
		</zamestnanci>
	</provozovna>
</autoservys>
